sys_datetime,unix_timestamp,gps_week,gps_seconds,ins_status,pose_quality,ins_lat,ins_lon,ins_height_m,ins_undulation_m,roll_deg,pitch_deg,azimuth_deg,roll_sig_deg,pitch_sig_deg,azimuth_sig_deg,vel_n_ms,vel_e_ms,vel_u_ms,speed_2d_ms,vel_n_sig_ms,vel_e_sig_ms,vel_u_sig_ms,veh_lat_acc_ms2,veh_long_acc_ms2,veh_vert_acc_ms2,veh_pitch_rate_degs,veh_roll_rate_degs,veh_yaw_rate_degs,veh_pitch_rate_rads,veh_roll_rate_rads,veh_yaw_rate_rads,raw_accel_x_lsb,raw_accel_y_lsb,raw_accel_z_lsb,raw_gyro_x_lsb,raw_gyro_y_lsb,raw_gyro_z_lsb,imu_type,imu_status_hex,gnss_lat,gnss_lon,gnss_height_m,gnss_undulation_m,gnss_sol_status,gnss_pos_type,gnss_sol_quality,gnss_lat_sig_m,gnss_lon_sig_m,gnss_height_sig_m,gnss_num_svs,gnss_num_used,gnss_diff_age_s,gnss_sol_age_s,ext_pos_update,ext_vel_update,ext_att_update,ext_phase_update,ext_zero_vel,ext_wheel_sensor,ext_heading_update,ext_ins_enabled,ext_heading_align,spec_analysis_type,spec_band_id,spec_center_freq_hz,spec_bandwidth_hz,spec_power_dbm,spec_noise_dbm
2026-05-25 08:45:59.370880,1779713159.370880,2420,132256.0,,,,,,,,,,,,,,,,0.0000,,,,0.0,0.0,0.0,0.0,0.0,0.0,0.0,0.0,0.0,1996698,-1128768,164134420,15605,-212187,63332,61,054dfe00,43.51539552375,-79.68396410802,172.5789,-37.1,SOL_COMPUTED,SINGLE,good,1.454,1.6641,3.045,16,13,0.0,0.0,0,0,0,0,0,0,0,0,0,—,—,0.0,0.0,0.0,0.0
2026-05-25 08:45:59.799472,1779713159.799472,2420,132257.0,,,,,,,,,,,,,,,,0.0000,,,,0.0,0.0,0.0,0.0,0.0,0.0,0.0,0.0,0.0,2201724,-1912933,164283282,-63507,134665,188805,61,0547fe00,43.51539572427,-79.68396440425,172.6565,-37.1,SOL_COMPUTED,SINGLE,good,1.4522,1.6622,3.0433,16,13,0.0,0.0,0,0,0,0,0,0,0,0,0,—,—,0.0,0.0,0.0,0.0
2026-05-25 08:46:00.965719,1779713160.965719,2420,132378.0,,,,,,,,,,,,,,,,0.0000,,,,0.0,0.0,0.0,0.0,0.0,0.0,0.0,0.0,0.0,4983875,-1723486,164311413,49765,-162836,16129,61,030afe00,43.51548445427,-79.68395755257,167.9098,-37.1,SOL_COMPUTED,SINGLE,good,1.5495,1.4918,2.7881,15,13,0.0,0.0,0,0,0,0,0,0,0,0,0,—,—,0.0,0.0,0.0,0.0
2026-05-25 08:46:01.755182,1779713161.755182,2420,132379.0,,,,,,,,,,,,,,,,0.0000,,,,0.0,0.0,0.0,0.0,0.0,0.0,0.0,0.0,0.0,5122435,-1689149,164340444,8597,66870,40153,61,0306fe00,43.51545391495,-79.6839753573,166.3894,-37.1,SOL_COMPUTED,SINGLE,good,1.6955,1.5535,2.8243,15,12,0.0,0.0,0,0,0,0,0,0,0,0,0,—,—,0.0,0.0,0.0,0.0
2026-05-25 08:46:02.448068,1779713162.448068,2420,132380.0,,,,,,,,,,,,,,,,0.0000,,,,0.0,0.0,0.0,0.0,0.0,0.0,0.0,0.0,0.0,5169517,-1687507,164322323,35891,-44019,39708,61,0301fe00,43.51545085783,-79.68397605523,168.2529,-37.1,SOL_COMPUTED,SINGLE,good,1.6912,1.537,2.8361,15,12,0.0,0.0,0,0,0,0,0,0,0,0,0,—,—,0.0,0.0,0.0,0.0
2026-05-25 08:46:03.238609,1779713163.238609,2420,132381.0,,,,,,,,,,,,,,,,0.0000,,,,0.0,0.0,0.0,0.0,0.0,0.0,0.0,0.0,0.0,-76254626,-59721,125748711,-549042,-41339670,-136249,61,02fdfe00,43.51544898864,-79.68398000319,167.7218,-37.1,SOL_COMPUTED,SINGLE,good,1.6884,1.5268,2.8199,15,12,0.0,0.0,0,0,0,0,0,0,0,0,0,—,—,0.0,0.0,0.0,0.0
2026-05-25 08:46:03.925736,1779713163.925736,2420,132382.0,,,,,,,,,,,,,,,,0.0000,,,,0.0,0.0,0.0,0.0,0.0,0.0,0.0,0.0,0.0,3996683,-1673489,163450917,-15066,131424,321505,61,02f8fe00,43.51544595518,-79.68398005815,169.6909,-37.1,SOL_COMPUTED,SINGLE,good,1.6972,1.5323,2.8393,15,12,0.0,0.0,0,0,0,0,0,0,0,0,0,—,—,0.0,0.0,0.0,0.0
2026-05-25 08:46:04.617471,1779713164.617471,2420,132383.0,,,,,,,,,,,,,,,,0.0000,,,,0.0,0.0,0.0,0.0,0.0,0.0,0.0,0.0,0.0,4766975,-1311929,164193439,54258,-491211,-79860,61,02f4fe00,43.51544661132,-79.68397647396,170.8461,-37.1,SOL_COMPUTED,SINGLE,good,1.6855,1.5226,2.8127,15,12,0.0,0.0,0,0,0,0,0,0,0,0,0,—,—,0.0,0.0,0.0,0.0
2026-05-25 08:46:05.643679,1779713165.643679,2420,132384.0,,,,,,,,,,,,,,,,0.0000,,,,0.0,0.0,0.0,0.0,0.0,0.0,0.0,0.0,0.0,5142949,-1494882,164380553,3781,-72608,61073,61,02f0fe00,43.5154409341,-79.68396857977,171.6499,-37.1,SOL_COMPUTED,SINGLE,good,1.6716,1.5057,2.8185,16,13,0.0,0.0,0,0,0,0,0,0,0,0,0,—,—,0.0,0.0,0.0,0.0
2026-05-25 08:46:06.635668,1779713166.635668,2420,132385.0,,,,,,,,,,,,,,,,0.0000,,,,0.0,0.0,0.0,0.0,0.0,0.0,0.0,0.0,0.0,5007961,-1442341,164338289,-1965,-6757,97180,61,02ebfe00,43.51543888524,-79.6839684976,171.5796,-37.1,SOL_COMPUTED,SINGLE,good,1.6655,1.5032,2.8089,16,13,0.0,0.0,0,0,0,0,0,0,0,0,0,—,—,0.0,0.0,0.0,0.0
2026-05-25 08:46:07.638878,1779713167.638878,2420,132386.0,,,,,,,,,,,,,,,,0.0000,,,,0.0,0.0,0.0,0.0,0.0,0.0,0.0,0.0,0.0,5036702,-1533319,164365599,60013,-21895,86905,61,02e7fe00,43.51544066041,-79.683970129,170.2014,-37.1,SOL_COMPUTED,SINGLE,good,1.6883,1.5153,2.8677,16,13,0.0,0.0,0,0,0,0,0,0,0,0,0,—,—,0.0,0.0,0.0,0.0
2026-05-25 08:46:08.621459,1779713168.621459,2420,132387.0,,,,,,,,,,,,,,,,0.0000,,,,0.0,0.0,0.0,0.0,0.0,0.0,0.0,0.0,0.0,4903291,-1534664,164270412,7042,-79983,97280,61,02e2fe00,43.51544267787,-79.68397172297,170.0513,-37.1,SOL_COMPUTED,SINGLE,good,1.6635,1.4961,2.8076,16,13,0.0,0.0,0,0,0,0,0,0,0,0,0,—,—,0.0,0.0,0.0,0.0
2026-05-25 08:46:09.621465,1779713169.621465,2420,132388.0,,,,,,,,,,,,,,,,0.0000,,,,0.0,0.0,0.0,0.0,0.0,0.0,0.0,0.0,0.0,4948287,-1681936,164229377,24307,-44438,84040,61,02defe00,43.51544335424,-79.68396800228,169.7558,-37.1,SOL_COMPUTED,SINGLE,good,1.7025,1.5655,2.9014,16,13,0.0,0.0,0,0,0,0,0,0,0,0,0,SPECTRUMANALYSIS,L5,1187.759,1.172,-60.465,-113.578
2026-05-25 08:46:10.620246,1779713170.620246,2420,132389.0,,,,,,,,,,,,,,,,0.0000,,,,0.0,0.0,0.0,0.0,0.0,0.0,0.0,0.0,0.0,4815703,-1329727,164514619,-11262,-50207,105648,61,02d9fe00,43.51544753644,-79.68398325963,168.7471,-37.1,SOL_COMPUTED,SINGLE,good,1.6855,1.5422,2.8587,16,13,0.0,0.0,0,0,0,0,0,0,0,0,0,SPECTRUMANALYSIS,L5,1187.759,1.172,-60.465,-113.578
2026-05-25 08:46:11.646447,1779713171.646447,2420,132390.0,,,,,,,,,,,,,,,,0.0000,,,,0.0,0.0,0.0,0.0,0.0,0.0,0.0,0.0,0.0,4681433,-1534538,164207291,-42570,-85043,79261,61,02d5fe00,43.51544391602,-79.68397534461,169.7735,-37.1,SOL_COMPUTED,SINGLE,good,1.6857,1.5347,2.8448,16,13,0.0,0.0,0,0,0,0,0,0,0,0,0,SPECTRUMANALYSIS,L5,1187.759,1.172,-60.465,-113.578
2026-05-25 08:46:12.629815,1779713172.629815,2420,132391.0,,,,,,,,,,,,,,,,0.0000,,,,0.0,0.0,0.0,0.0,0.0,0.0,0.0,0.0,0.0,5064209,-1575692,164387853,63182,-36977,48300,61,02d0fe00,43.51544471341,-79.68397570087,170.3035,-37.1,SOL_COMPUTED,SINGLE,good,1.6832,1.5379,2.8467,16,13,0.0,0.0,0,0,0,0,0,0,0,0,0,—,—,0.0,0.0,0.0,0.0
2026-05-25 08:46:13.632925,1779713173.632925,2420,132392.0,,,,,,,,,,,,,,,,0.0000,,,,0.0,0.0,0.0,0.0,0.0,0.0,0.0,0.0,0.0,5020144,-1714213,164290696,-3426,-16707,100835,61,02ccfe00,43.51544376796,-79.68397345024,170.5309,-37.1,SOL_COMPUTED,SINGLE,good,1.6772,1.5309,2.8332,16,13,0.0,0.0,0,0,0,0,0,0,0,0,0,—,—,0.0,0.0,0.0,0.0
2026-05-25 08:46:14.637688,1779713174.637688,2420,132393.0,,,,,,,,,,,,,,,,0.0000,,,,0.0,0.0,0.0,0.0,0.0,0.0,0.0,0.0,0.0,4834932,-1569824,164148526,26466,-27112,80058,61,02c8fe00,43.51544126786,-79.68396669963,171.0462,-37.1,SOL_COMPUTED,SINGLE,good,1.6801,1.53,2.8565,16,13,0.0,0.0,0,0,0,0,0,0,0,0,0,—,—,0.0,0.0,0.0,0.0
2026-05-25 08:46:15.630001,1779713175.630001,2420,132394.0,,,,,,,,,,,,,,,,0.0000,,,,0.0,0.0,0.0,0.0,0.0,0.0,0.0,0.0,0.0,5002549,-1606623,164313817,22206,31913,65554,61,02c3fe00,43.51543915419,-79.68396213639,171.6573,-37.1,SOL_COMPUTED,SINGLE,good,1.6793,1.5254,2.8615,16,13,0.0,0.0,0,0,0,0,0,0,0,0,0,—,—,0.0,0.0,0.0,0.0
2026-05-25 08:46:16.625011,1779713176.625011,2420,132395.0,,,,,,,,,,,,,,,,0.0000,,,,0.0,0.0,0.0,0.0,0.0,0.0,0.0,0.0,0.0,5190147,-1911056,164530282,203536,383259,83038,61,02bffe00,43.51543203813,-79.68396643262,173.8459,-37.1,SOL_COMPUTED,SINGLE,good,1.6795,1.5258,2.8661,16,13,0.0,0.0,0,0,0,0,0,0,0,0,0,—,—,0.0,0.0,0.0,0.0
2026-05-25 08:46:17.620369,1779713177.620369,2420,132396.0,,,,,,,,,,,,,,,,0.0000,,,,0.0,0.0,0.0,0.0,0.0,0.0,0.0,0.0,0.0,5242915,-1578878,164475574,3284,-108727,55811,61,02bbfe00,43.51542451928,-79.68396296166,176.054,-37.1,SOL_COMPUTED,SINGLE,good,1.6807,1.5177,2.8858,16,13,0.0,0.0,0,0,0,0,0,0,0,0,0,—,—,0.0,0.0,0.0,0.0
2026-05-25 08:46:18.632672,1779713178.632672,2420,132397.0,,,,,,,,,,,,,,,,0.0000,,,,0.0,0.0,0.0,0.0,0.0,0.0,0.0,0.0,0.0,4974968,-1578921,164281726,38389,5388,87499,61,02b6fe00,43.51542579614,-79.68396665401,177.967,-37.1,SOL_COMPUTED,SINGLE,good,1.7096,1.5227,3.1572,16,12,0.0,0.0,0,0,0,0,0,0,0,0,0,—,—,0.0,0.0,0.0,0.0
2026-05-25 08:46:19.641220,1779713179.641220,2420,132398.0,,,,,,,,,,,,,,,,0.0000,,,,0.0,0.0,0.0,0.0,0.0,0.0,0.0,0.0,0.0,4852631,-1740541,164248535,-42980,-19961,70914,61,02b1fe00,43.5154230471,-79.68396149414,179.0064,-37.1,SOL_COMPUTED,SINGLE,good,1.7181,1.5293,3.1926,16,12,0.0,0.0,0,0,0,0,0,0,0,0,0,—,—,0.0,0.0,0.0,0.0
2026-05-25 08:46:20.644009,1779713180.644009,2420,132399.0,,,,,,,,,,,,,,,,0.0000,,,,0.0,0.0,0.0,0.0,0.0,0.0,0.0,0.0,0.0,4774775,-1517700,164093923,14986,-13844,90813,61,02adfe00,43.51544148741,-79.68395206218,181.0113,-37.1,SOL_COMPUTED,SINGLE,good,1.5585,1.4801,3.1342,16,13,0.0,0.0,0,0,0,0,0,0,0,0,0,—,—,0.0,0.0,0.0,0.0
2026-05-25 08:46:21.626916,1779713181.626916,2420,132400.0,,,,,,,,,,,,,,,,0.0000,,,,0.0,0.0,0.0,0.0,0.0,0.0,0.0,0.0,0.0,4691640,-1552130,164082671,36522,57499,79443,61,02a9fe00,43.51544496191,-79.68396364029,180.4028,-37.1,SOL_COMPUTED,SINGLE,good,1.5335,1.4564,3.0951,15,13,0.0,0.0,0,0,0,0,0,0,0,0,0,—,—,0.0,0.0,0.0,0.0
2026-05-25 08:46:22.627677,1779713182.627677,2420,132401.0,,,,,,,,,,,,,,,,0.0000,,,,0.0,0.0,0.0,0.0,0.0,0.0,0.0,0.0,0.0,4709432,-1420811,164287004,3246,140327,82569,61,02a4fe00,43.51544784838,-79.68396695344,181.6664,-37.1,SOL_COMPUTED,SINGLE,good,1.6377,1.5171,3.2227,14,12,0.0,0.0,0,0,0,0,0,0,0,0,0,—,—,0.0,0.0,0.0,0.0
2026-05-25 08:46:23.624572,1779713183.624572,2420,132402.0,,,,,,,,,,,,,,,,0.0000,,,,0.0,0.0,0.0,0.0,0.0,0.0,0.0,0.0,0.0,4810198,-1482037,164088197,-79624,214709,203847,61,02a0fe00,43.51545084733,-79.68397608193,180.8637,-37.1,SOL_COMPUTED,SINGLE,good,1.586,1.529,3.15,15,12,0.0,0.0,0,0,0,0,0,0,0,0,0,—,—,0.0,0.0,0.0,0.0
2026-05-25 08:46:24.634612,1779713184.634612,2420,132403.0,,,,,,,,,,,,,,,,0.0000,,,,0.0,0.0,0.0,0.0,0.0,0.0,0.0,0.0,0.0,4657606,-1477053,164095721,-21694,62694,86832,61,029cfe00,43.51545263438,-79.68397707752,181.0334,-37.1,SOL_COMPUTED,SINGLE,good,1.584,1.5061,3.1479,16,12,0.0,0.0,0,0,0,0,0,0,0,0,0,SPECTRUMANALYSIS,L5,1187.869,0.952,-57.84,-109.32
2026-05-25 08:46:25.631674,1779713185.631674,2420,132404.0,,,,,,,,,,,,,,,,0.0000,,,,0.0,0.0,0.0,0.0,0.0,0.0,0.0,0.0,0.0,5144611,-2039831,164371796,13710,15494,98543,61,0298fe00,43.51545884099,-79.68398534537,180.2001,-37.1,SOL_COMPUTED,SINGLE,good,1.6041,1.5241,3.1803,16,12,0.0,0.0,0,0,0,0,0,0,0,0,0,SPECTRUMANALYSIS,L5,1187.869,0.952,-57.84,-109.32
2026-05-25 08:46:26.639171,1779713186.639171,2420,132405.0,,,,,,,,,,,,,,,,0.0000,,,,0.0,0.0,0.0,0.0,0.0,0.0,0.0,0.0,0.0,5258725,-1879150,164488447,-18133,27939,114190,61,0293fe00,43.51546050614,-79.68398726055,179.9093,-37.1,SOL_COMPUTED,SINGLE,good,1.59,1.5056,3.1747,16,12,0.0,0.0,0,0,0,0,0,0,0,0,0,SPECTRUMANALYSIS,L5,1187.869,0.952,-57.84,-109.32
2026-05-25 08:46:27.620515,1779713187.620515,2420,132406.0,,,,,,,,,,,,,,,,0.0000,,,,0.0,0.0,0.0,0.0,0.0,0.0,0.0,0.0,0.0,5139174,-1634133,164382370,-32829,-48276,46568,61,028ffe00,43.51545234458,-79.68397418629,181.1112,-37.1,SOL_COMPUTED,SINGLE,good,1.586,1.4998,3.1606,16,12,0.0,0.0,0,0,0,0,0,0,0,0,0,—,—,0.0,0.0,0.0,0.0
2026-05-25 08:46:28.622732,1779713188.622732,2420,132407.0,,,,,,,,,,,,,,,,0.0000,,,,0.0,0.0,0.0,0.0,0.0,0.0,0.0,0.0,0.0,4907034,-1540042,164255429,39282,24945,40768,61,028bfe00,43.51545508786,-79.68397876529,181.0624,-37.1,SOL_COMPUTED,SINGLE,good,1.5816,1.505,3.1572,16,12,0.0,0.0,0,0,0,0,0,0,0,0,0,—,—,0.0,0.0,0.0,0.0
2026-05-25 08:46:29.640696,1779713189.640696,2420,132408.0,,,,,,,,,,,,,,,,0.0000,,,,0.0,0.0,0.0,0.0,0.0,0.0,0.0,0.0,0.0,5023613,-1567023,164392313,-8877,-1716,79493,61,0286fe00,43.51545746197,-79.68398244845,181.0184,-37.1,SOL_COMPUTED,SINGLE,good,1.5843,1.5184,3.1647,16,12,0.0,0.0,0,0,0,0,0,0,0,0,0,—,—,0.0,0.0,0.0,0.0
2026-05-25 08:46:30.627017,1779713190.627017,2420,132409.0,,,,,,,,,,,,,,,,0.0000,,,,0.0,0.0,0.0,0.0,0.0,0.0,0.0,0.0,0.0,4801719,-1449899,164261849,-9968,-51658,69113,61,0281fe00,43.5154537407,-79.68398369737,176.7198,-37.1,SOL_COMPUTED,SINGLE,good,1.5493,1.483,2.9226,17,14,0.0,0.0,0,0,0,0,0,0,0,0,0,—,—,0.0,0.0,0.0,0.0
2026-05-25 08:46:31.633906,1779713191.633906,2420,132410.0,,,,,,,,,,,,,,,,0.0000,,,,0.0,0.0,0.0,0.0,0.0,0.0,0.0,0.0,0.0,4909485,-1570068,164298516,8124,-50112,76290,61,027dfe00,43.5154246471,-79.68394414629,180.1585,-37.1,SOL_COMPUTED,SINGLE,good,1.4269,1.3644,2.8625,17,15,0.0,0.0,0,0,0,0,0,0,0,0,0,—,—,0.0,0.0,0.0,0.0
2026-05-25 08:46:32.621202,1779713192.621202,2420,132411.0,,,,,,,,,,,,,,,,0.0000,,,,0.0,0.0,0.0,0.0,0.0,0.0,0.0,0.0,0.0,4989191,-1650964,164309244,-28298,-29887,76898,61,0279fe00,43.51542537241,-79.6839447548,180.5079,-37.1,SOL_COMPUTED,SINGLE,good,1.4247,1.3688,2.8556,17,15,0.0,0.0,0,0,0,0,0,0,0,0,0,—,—,0.0,0.0,0.0,0.0
2026-05-25 08:46:33.619442,1779713193.619442,2420,132412.0,,,,,,,,,,,,,,,,0.0000,,,,0.0,0.0,0.0,0.0,0.0,0.0,0.0,0.0,0.0,4969864,-1483469,164285249,21849,74324,132768,61,0275fe00,43.51542618365,-79.68394735699,180.6108,-37.1,SOL_COMPUTED,SINGLE,good,1.4236,1.3572,2.8573,17,15,0.0,0.0,0,0,0,0,0,0,0,0,0,SPECTRUMANALYSIS,L5,1187.905,1.025,-59.94,-113.333
2026-05-25 08:46:34.617215,1779713194.617215,2420,132413.0,,,,,,,,,,,,,,,,0.0000,,,,0.0,0.0,0.0,0.0,0.0,0.0,0.0,0.0,0.0,4601462,-1399938,164151426,3339,282551,115126,61,0271fe00,43.5154262166,-79.68394765037,180.6146,-37.1,SOL_COMPUTED,SINGLE,good,1.4334,1.3887,2.8749,17,15,0.0,0.0,0,0,0,0,0,0,0,0,0,SPECTRUMANALYSIS,L5,1187.905,1.025,-59.94,-113.333
2026-05-25 08:46:35.623979,1779713195.623979,2420,132414.0,,,,,,,,,,,,,,,,0.0000,,,,0.0,0.0,0.0,0.0,0.0,0.0,0.0,0.0,0.0,5890023,-1608512,164820509,-117682,14388,96513,61,026cfe00,43.51545077535,-79.68398034075,176.3055,-37.1,SOL_COMPUTED,SINGLE,good,1.5957,1.7656,3.0214,17,13,0.0,0.0,0,0,0,0,0,0,0,0,0,SPECTRUMANALYSIS,L5,1187.905,1.025,-59.94,-113.333
2026-05-25 08:46:36.618181,1779713196.618181,2420,132415.0,,,,,,,,,,,,,,,,0.0000,,,,0.0,0.0,0.0,0.0,0.0,0.0,0.0,0.0,0.0,5093815,-1353451,164384375,-62342,-93730,73299,61,0267fe00,43.51545396158,-79.68398752694,178.5562,-37.1,SOL_COMPUTED,SINGLE,good,1.5617,1.5313,2.9458,17,14,0.0,0.0,0,0,0,0,0,0,0,0,0,—,—,0.0,0.0,0.0,0.0
2026-05-25 08:46:37.620214,1779713197.620214,2420,132416.0,,,,,,,,,,,,,,,,0.0000,,,,0.0,0.0,0.0,0.0,0.0,0.0,0.0,0.0,0.0,4737352,-1923518,164168735,3776,-67715,64388,61,0263fe00,43.51545130192,-79.68398305356,179.1327,-37.1,SOL_COMPUTED,SINGLE,good,1.5804,1.7271,2.9257,16,13,0.0,0.0,0,0,0,0,0,0,0,0,0,—,—,0.0,0.0,0.0,0.0
2026-05-25 08:46:38.639723,1779713198.639723,2420,132417.0,,,,,,,,,,,,,,,,0.0000,,,,0.0,0.0,0.0,0.0,0.0,0.0,0.0,0.0,0.0,-8932676,8096131,171593799,-39564537,7694050,-98414231,61,025ffe00,43.51545076797,-79.68398816759,179.1536,-37.1,SOL_COMPUTED,SINGLE,good,1.5821,1.7177,2.9158,16,13,0.0,0.0,0,0,0,0,0,0,0,0,0,—,—,0.0,0.0,0.0,0.0
2026-05-25 08:46:39.620670,1779713199.620670,2420,132418.0,,,,,,,,,,,,,,,,0.0000,,,,0.0,0.0,0.0,0.0,0.0,0.0,0.0,0.0,0.0,35970121,-110893610,79450776,-106622100,111256534,13032881,61,025bfe00,43.5154537812,-79.6839939094,179.633,-37.1,SOL_COMPUTED,SINGLE,good,1.9865,1.7485,3.42,16,13,0.0,0.0,0,0,0,0,0,0,0,0,0,—,—,0.0,0.0,0.0,0.0
2026-05-25 08:46:40.618094,1779713200.618094,2420,132419.0,,,,,,,,,,,,,,,,0.0000,,,,0.0,0.0,0.0,0.0,0.0,0.0,0.0,0.0,0.0,44687279,-153378961,49185620,65146074,83666845,-12028386,61,0256fe00,43.51549338234,-79.68401221546,186.295,-37.1,SOL_COMPUTED,SINGLE,good,1.5811,1.5242,2.9258,17,14,0.0,0.0,0,0,0,0,0,0,0,0,0,—,—,0.0,0.0,0.0,0.0
2026-05-25 08:46:41.619172,1779713201.619172,2420,132420.0,,,,,,,,,,,,,,,,0.0000,,,,0.0,0.0,0.0,0.0,0.0,0.0,0.0,0.0,0.0,67875203,-129554370,81747521,75418579,45143275,-21217047,61,0252fe00,43.51545490819,-79.68400075358,180.1648,-37.1,SOL_COMPUTED,SINGLE,good,1.9025,1.5272,3.341,16,13,0.0,0.0,0,0,0,0,0,0,0,0,0,—,—,0.0,0.0,0.0,0.0
2026-05-25 08:46:42.618348,1779713202.618348,2420,132421.0,,,,,,,,,,,,,,,,0.0000,,,,0.0,0.0,0.0,0.0,0.0,0.0,0.0,0.0,0.0,44136974,-100437587,122368145,61248648,131951313,12355374,61,024efe00,43.51544837615,-79.68398781616,179.4433,-37.1,SOL_COMPUTED,SINGLE,good,1.8992,1.5186,3.3363,16,13,0.0,0.0,0,0,0,0,0,0,0,0,0,—,—,0.0,0.0,0.0,0.0
2026-05-25 08:46:43.618220,1779713203.618220,2420,132422.0,,,,,,,,,,,,,,,,0.0000,,,,0.0,0.0,0.0,0.0,0.0,0.0,0.0,0.0,0.0,33599296,-93038204,131526898,-8927304,8804161,13833293,61,0249fe00,43.51544412103,-79.68398111309,178.9085,-37.1,SOL_COMPUTED,SINGLE,good,1.8988,1.5145,3.3357,16,13,0.0,0.0,0,0,0,0,0,0,0,0,0,—,—,0.0,0.0,0.0,0.0
2026-05-25 08:46:44.630863,1779713204.630863,2420,132423.0,,,,,,,,,,,,,,,,0.0000,,,,0.0,0.0,0.0,0.0,0.0,0.0,0.0,0.0,0.0,66615099,-108987366,105040960,-16637746,-17714947,28800897,61,0245fe00,43.51544775255,-79.68398397887,179.9459,-37.1,SOL_COMPUTED,SINGLE,good,1.8092,1.498,2.929,16,14,0.0,0.0,0,0,0,0,0,0,0,0,0,—,—,0.0,0.0,0.0,0.0
2026-05-25 08:46:45.622336,1779713205.622336,2420,132424.0,,,,,,,,,,,,,,,,0.0000,,,,0.0,0.0,0.0,0.0,0.0,0.0,0.0,0.0,0.0,49325159,-85502404,131835519,315043536,154782385,-106937663,61,0241fe00,43.51544859883,-79.68398611127,179.8453,-37.1,SOL_COMPUTED,SINGLE,good,1.8085,1.4933,2.9279,16,14,0.0,0.0,0,0,0,0,0,0,0,0,0,—,—,0.0,0.0,0.0,0.0
2026-05-25 08:46:46.625520,1779713206.625520,2420,132425.0,,,,,,,,,,,,,,,,0.0000,,,,0.0,0.0,0.0,0.0,0.0,0.0,0.0,0.0,0.0,93011613,-90699818,59176356,-156168090,-165886632,26236246,61,023dfe00,43.51544914784,-79.68398822179,179.6007,-37.1,SOL_COMPUTED,SINGLE,good,1.8079,1.4905,2.9277,16,14,0.0,0.0,0,0,0,0,0,0,0,0,0,—,—,0.0,0.0,0.0,0.0
2026-05-25 08:46:47.636799,1779713207.636799,2420,132426.0,,,,,,,,,,,,,,,,0.0000,,,,0.0,0.0,0.0,0.0,0.0,0.0,0.0,0.0,0.0,120843426,-93066230,-48244575,-1152624,-46361878,-20234751,61,0239fe00,43.51545144332,-79.68398875464,179.6861,-37.1,SOL_COMPUTED,SINGLE,good,1.804,1.4831,2.9233,17,14,0.0,0.0,0,0,0,0,0,0,0,0,0,—,—,0.0,0.0,0.0,0.0
2026-05-25 08:46:48.628970,1779713208.628970,2420,132427.0,,,,,,,,,,,,,,,,0.0000,,,,0.0,0.0,0.0,0.0,0.0,0.0,0.0,0.0,0.0,125035834,-95405906,-45994947,-33055,-2547694,-18260020,61,0234fe00,43.51544981644,-79.68398816543,179.286,-37.1,SOL_COMPUTED,SINGLE,good,1.8057,1.4814,2.9268,17,14,0.0,0.0,0,0,0,0,0,0,0,0,0,—,—,0.0,0.0,0.0,0.0
2026-05-25 08:46:49.622790,1779713209.622790,2420,132428.0,,,,,,,,,,,,,,,,0.0000,,,,0.0,0.0,0.0,0.0,0.0,0.0,0.0,0.0,0.0,151069428,-76348406,-58511395,52351841,41724571,-84878773,61,0230fe00,43.51545058761,-79.68398984929,179.209,-37.1,SOL_COMPUTED,SINGLE,good,1.8048,1.4789,2.926,17,14,0.0,0.0,0,0,0,0,0,0,0,0,0,—,—,0.0,0.0,0.0,0.0
2026-05-25 08:46:50.618515,1779713210.618515,2420,132429.0,,,,,,,,,,,,,,,,0.0000,,,,0.0,0.0,0.0,0.0,0.0,0.0,0.0,0.0,0.0,163982018,-68953406,387223,114024624,165753082,-8389847,61,022bfe00,43.51545149404,-79.68399039044,179.0841,-37.1,SOL_COMPUTED,SINGLE,good,1.8108,1.4764,2.936,17,14,0.0,0.0,0,0,0,0,0,0,0,0,0,—,—,0.0,0.0,0.0,0.0
2026-05-25 08:46:51.618617,1779713211.618617,2420,132430.0,,,,,,,,,,,,,,,,0.0000,,,,0.0,0.0,0.0,0.0,0.0,0.0,0.0,0.0,0.0,78878181,-87679441,95380355,342744755,215512283,-62795921,61,0227fe00,43.51545197061,-79.68399002957,178.7004,-37.1,SOL_COMPUTED,SINGLE,good,1.8127,1.4817,2.9428,17,14,0.0,0.0,0,0,0,0,0,0,0,0,0,—,—,0.0,0.0,0.0,0.0
2026-05-25 08:46:52.619162,1779713212.619162,2420,132431.0,,,,,,,,,,,,,,,,0.0000,,,,0.0,0.0,0.0,0.0,0.0,0.0,0.0,0.0,0.0,4079060,11659675,172760537,-5685331,2156594,18326982,61,0223fe00,43.51545250974,-79.68399122717,178.4982,-37.1,SOL_COMPUTED,SINGLE,good,1.8192,1.4797,2.9527,16,14,0.0,0.0,0,0,0,0,0,0,0,0,0,—,—,0.0,0.0,0.0,0.0
2026-05-25 08:46:53.614874,1779713213.614874,2420,132432.0,,,,,,,,,,,,,,,,0.0000,,,,0.0,0.0,0.0,0.0,0.0,0.0,0.0,0.0,0.0,2483171,-2352569,164531127,-108879,-77806,85729,61,021ffe00,43.51545113226,-79.68398811619,177.8701,-37.1,SOL_COMPUTED,SINGLE,good,1.8148,1.4769,2.953,17,14,0.0,0.0,0,0,0,0,0,0,0,0,0,—,—,0.0,0.0,0.0,0.0
2026-05-25 08:46:54.621000,1779713214.621000,2420,132433.0,,,,,,,,,,,,,,,,0.0000,,,,0.0,0.0,0.0,0.0,0.0,0.0,0.0,0.0,0.0,2422633,-1524760,164399264,76816,81294,26243,61,021bfe00,43.51545719072,-79.68399737201,178.1126,-37.1,SOL_COMPUTED,SINGLE,good,1.8225,1.5139,2.9779,17,14,0.0,0.0,0,0,0,0,0,0,0,0,0,—,—,0.0,0.0,0.0,0.0
2026-05-25 08:46:55.628001,1779713215.628001,2420,132434.0,,,,,,,,,,,,,,,,0.0000,,,,0.0,0.0,0.0,0.0,0.0,0.0,0.0,0.0,0.0,3089951,-1860242,164804606,2889,-106959,104545,61,0216fe00,43.51542220977,-79.68395913677,180.3693,-37.1,SOL_COMPUTED,SINGLE,good,1.6636,1.3645,2.928,17,15,0.0,0.0,0,0,0,0,0,0,0,0,0,—,—,0.0,0.0,0.0,0.0
2026-05-25 08:46:56.618446,1779713216.618446,2420,132435.0,,,,,,,,,,,,,,,,0.0000,,,,0.0,0.0,0.0,0.0,0.0,0.0,0.0,0.0,0.0,2519530,3265375,168810651,-8359097,-5869761,-3189902,61,0212fe00,43.51542080313,-79.6839494279,179.6301,-37.1,SOL_COMPUTED,SINGLE,good,1.6,1.3689,2.813,17,16,0.0,0.0,0,0,0,0,0,0,0,0,0,—,—,0.0,0.0,0.0,0.0
2026-05-25 08:46:57.621136,1779713217.621136,2420,132436.0,,,,,,,,,,,,,,,,0.0000,,,,0.0,0.0,0.0,0.0,0.0,0.0,0.0,0.0,0.0,5003261,930239,172764150,30429275,5481213,2102597,61,020efe00,43.51542125942,-79.68394988748,179.9328,-37.1,SOL_COMPUTED,SINGLE,good,1.6117,1.3822,2.839,17,16,0.0,0.0,0,0,0,0,0,0,0,0,0,—,—,0.0,0.0,0.0,0.0
2026-05-25 08:46:58.622639,1779713218.622639,2420,132437.0,,,,,,,,,,,,,,,,0.0000,,,,0.0,0.0,0.0,0.0,0.0,0.0,0.0,0.0,0.0,766548,-1502736,163557046,-83169,-459922,-35188,61,020afe00,43.51542202643,-79.68395309727,180.1728,-37.1,SOL_COMPUTED,SINGLE,good,1.6041,1.3809,2.8141,17,16,0.0,0.0,0,0,0,0,0,0,0,0,0,—,—,0.0,0.0,0.0,0.0
2026-05-25 08:46:59.621182,1779713219.621182,2420,132438.0,,,,,,,,,,,,,,,,0.0000,,,,0.0,0.0,0.0,0.0,0.0,0.0,0.0,0.0,0.0,2599457,-1070719,164586203,-74935,334249,205827,61,0205fe00,43.51542195242,-79.68395449429,180.1899,-37.1,SOL_COMPUTED,SINGLE,good,1.5966,1.3583,2.7931,17,16,0.0,0.0,0,0,0,0,0,0,0,0,0,—,—,0.0,0.0,0.0,0.0
2026-05-25 08:47:00.617171,1779713220.617171,2420,132439.0,,,,,,,,,,,,,,,,0.0000,,,,0.0,0.0,0.0,0.0,0.0,0.0,0.0,0.0,0.0,38307721,-13103422,158847197,-154887074,-96575729,-16474354,61,0202fe00,43.51542315263,-79.68395919896,180.8197,-37.1,SOL_COMPUTED,SINGLE,good,1.6057,1.3706,2.8356,17,16,0.0,0.0,0,0,0,0,0,0,0,0,0,—,—,0.0,0.0,0.0,0.0
2026-05-25 08:47:01.618673,1779713221.618673,2420,132440.0,,,,,,,,,,,,,,,,0.0000,,,,0.0,0.0,0.0,0.0,0.0,0.0,0.0,0.0,0.0,38496883,-52081926,150137020,-5022391,13625491,-3198629,61,01fdfe00,43.51541788089,-79.68395122495,180.0071,-37.1,SOL_COMPUTED,SINGLE,good,1.5952,1.3644,2.7894,17,16,0.0,0.0,0,0,0,0,0,0,0,0,0,—,—,0.0,0.0,0.0,0.0
2026-05-25 08:47:02.626295,1779713222.626295,2420,132441.0,,,,,,,,,,,,,,,,0.0000,,,,0.0,0.0,0.0,0.0,0.0,0.0,0.0,0.0,0.0,40226088,-51682549,151044709,1871057,3571474,3010429,61,01f9fe00,43.51541620276,-79.68394790558,179.8587,-37.1,SOL_COMPUTED,SINGLE,good,1.5991,1.3714,2.8085,17,16,0.0,0.0,0,0,0,0,0,0,0,0,0,—,—,0.0,0.0,0.0,0.0
2026-05-25 08:47:03.623697,1779713223.623697,2420,132442.0,,,,,,,,,,,,,,,,0.0000,,,,0.0,0.0,0.0,0.0,0.0,0.0,0.0,0.0,0.0,43576668,-52110211,149485687,-167468,-16178198,797272,61,01f5fe00,43.51541516943,-79.68394885225,180.0558,-37.1,SOL_COMPUTED,SINGLE,good,1.6,1.3718,2.8109,17,16,0.0,0.0,0,0,0,0,0,0,0,0,0,—,—,0.0,0.0,0.0,0.0
2026-05-25 08:47:04.619471,1779713224.619471,2420,132443.0,,,,,,,,,,,,,,,,0.0000,,,,0.0,0.0,0.0,0.0,0.0,0.0,0.0,0.0,0.0,37984109,-53756030,149876319,2167113,-6641505,2419176,61,01f1fe00,43.51541374217,-79.68394635091,179.9023,-37.1,SOL_COMPUTED,SINGLE,good,1.605,1.3874,2.8402,17,16,0.0,0.0,0,0,0,0,0,0,0,0,0,—,—,0.0,0.0,0.0,0.0
2026-05-25 08:47:05.618780,1779713225.618780,2420,132444.0,,,,,,,,,,,,,,,,0.0000,,,,0.0,0.0,0.0,0.0,0.0,0.0,0.0,0.0,0.0,5751464,-12194037,165948154,108231835,-4830611,-6083780,61,01ecfe00,43.51541109688,-79.68390118063,186.8633,-37.1,SOL_COMPUTED,SINGLE,good,1.8335,1.5958,3.4071,15,14,0.0,0.0,0,0,0,0,0,0,0,0,0,—,—,0.0,0.0,0.0,0.0
2026-05-25 08:47:06.618901,1779713226.618901,2420,132445.0,,,,,,,,,,,,,,,,0.0000,,,,0.0,0.0,0.0,0.0,0.0,0.0,0.0,0.0,0.0,1119321,8805169,187822064,-91718421,-510256,-9241694,61,01e9fe00,43.51540887492,-79.68391844464,187.2675,-37.1,SOL_COMPUTED,SINGLE,good,1.6887,1.5655,3.0223,16,15,0.0,0.0,0,0,0,0,0,0,0,0,0,—,—,0.0,0.0,0.0,0.0
2026-05-25 08:47:07.623806,1779713227.623806,2420,132446.0,,,,,,,,,,,,,,,,0.0000,,,,0.0,0.0,0.0,0.0,0.0,0.0,0.0,0.0,0.0,6140992,-45977487,158298349,5721353,-2307549,3662613,61,01e4fe00,43.51540143425,-79.68391560198,185.7042,-37.1,SOL_COMPUTED,SINGLE,good,1.6937,1.5609,3.0488,17,16,0.0,0.0,0,0,0,0,0,0,0,0,0,—,—,0.0,0.0,0.0,0.0
2026-05-25 08:47:08.620137,1779713228.620137,2420,132447.0,,,,,,,,,,,,,,,,0.0000,,,,0.0,0.0,0.0,0.0,0.0,0.0,0.0,0.0,0.0,20436893,-45643320,157550377,-47356082,-68820305,-7097618,61,01e0fe00,43.51542257986,-79.68396388961,182.5579,-37.1,SOL_COMPUTED,SINGLE,good,1.6266,1.4118,2.882,17,16,0.0,0.0,0,0,0,0,0,0,0,0,0,—,—,0.0,0.0,0.0,0.0
2026-05-25 08:47:09.623057,1779713229.623057,2420,132448.0,,,,,,,,,,,,,,,,0.0000,,,,0.0,0.0,0.0,0.0,0.0,0.0,0.0,0.0,0.0,53457937,-50573372,147368933,-1302529,-9245982,6309104,61,01dcfe00,43.51542281808,-79.68397089655,183.1198,-37.1,SOL_COMPUTED,SINGLE,good,1.6244,1.4269,2.8566,17,16,0.0,0.0,0,0,0,0,0,0,0,0,0,—,—,0.0,0.0,0.0,0.0
2026-05-25 08:47:10.615658,1779713230.615658,2420,132449.0,,,,,,,,,,,,,,,,0.0000,,,,0.0,0.0,0.0,0.0,0.0,0.0,0.0,0.0,0.0,51768219,-50818013,147116886,7790479,29489069,-2502726,61,01d8fe00,43.51542210327,-79.68397288039,182.4974,-37.1,SOL_COMPUTED,SINGLE,good,1.6135,1.4057,2.8301,17,16,0.0,0.0,0,0,0,0,0,0,0,0,0,—,—,0.0,0.0,0.0,0.0
2026-05-25 08:47:11.627284,1779713231.627284,2420,132450.0,,,,,,,,,,,,,,,,0.0000,,,,0.0,0.0,0.0,0.0,0.0,0.0,0.0,0.0,0.0,35122160,-48210108,152429431,32550308,113071608,-1276194,61,01d4fe00,43.51541322063,-79.68396913667,180.8369,-37.1,SOL_COMPUTED,SINGLE,good,1.625,1.4571,2.8782,17,16,0.0,0.0,0,0,0,0,0,0,0,0,0,—,—,0.0,0.0,0.0,0.0
2026-05-25 08:47:12.620348,1779713232.620348,2420,132451.0,,,,,,,,,,,,,,,,0.0000,,,,0.0,0.0,0.0,0.0,0.0,0.0,0.0,0.0,0.0,-1037859,-447718,165023744,3571490,5738585,264570,61,01d0fe00,43.51541084148,-79.68397117941,180.3898,-37.1,SOL_COMPUTED,SINGLE,good,1.6188,1.4297,2.8599,17,16,0.0,0.0,0,0,0,0,0,0,0,0,0,SPECTRUMANALYSIS,L5,1188.015,0.659,-58.396,-108.822
2026-05-25 08:47:13.622760,1779713233.622760,2420,132452.0,,,,,,,,,,,,,,,,0.0000,,,,0.0,0.0,0.0,0.0,0.0,0.0,0.0,0.0,0.0,-4470840,13606455,159162470,-89498338,-25240321,3148244,61,01cbfe00,43.51537881486,-79.68392587749,185.3845,-37.1,SOL_COMPUTED,SINGLE,good,1.5261,1.6395,2.6557,16,16,0.0,0.0,0,0,0,0,0,0,0,0,0,SPECTRUMANALYSIS,L5,1188.015,0.659,-58.396,-108.822
2026-05-25 08:47:14.619992,1779713234.619992,2420,132453.0,,,,,,,,,,,,,,,,0.0000,,,,0.0,0.0,0.0,0.0,0.0,0.0,0.0,0.0,0.0,3137197,-1357847,164939546,20310,-55858,-35364,61,01c8fe00,43.51536956426,-79.68390600941,185.037,-37.1,SOL_COMPUTED,SINGLE,good,1.5873,1.8582,2.6576,15,15,0.0,0.0,0,0,0,0,0,0,0,0,0,SPECTRUMANALYSIS,L5,1188.015,0.659,-58.396,-108.822
2026-05-25 08:47:15.622163,1779713235.622163,2420,132454.0,,,,,,,,,,,,,,,,0.0000,,,,0.0,0.0,0.0,0.0,0.0,0.0,0.0,0.0,0.0,2295225,-1327688,164375787,12713,-67159,43430,61,01c3fe00,43.51542653041,-79.68396256442,175.3178,-37.1,SOL_COMPUTED,SINGLE,good,1.4293,1.4104,2.8608,16,16,0.0,0.0,0,0,0,0,0,0,0,0,0,SPECTRUMANALYSIS,L5,1187.942,0.659,-60.136,-110.285
2026-05-25 08:47:16.624343,1779713236.624343,2420,132455.0,,,,,,,,,,,,,,,,0.0000,,,,0.0,0.0,0.0,0.0,0.0,0.0,0.0,0.0,0.0,2282151,-1300555,164261226,-34216,50151,158672,61,01bffe00,43.51545377114,-79.68399186541,173.8264,-37.1,SOL_COMPUTED,SINGLE,good,1.4318,1.4155,2.8701,16,16,0.0,0.0,0,0,0,0,0,0,0,0,0,SPECTRUMANALYSIS,L5,1187.942,0.659,-60.136,-110.285
2026-05-25 08:47:17.620003,1779713237.620003,2420,132456.0,,,,,,,,,,,,,,,,0.0000,,,,0.0,0.0,0.0,0.0,0.0,0.0,0.0,0.0,0.0,2225901,-1287894,164342464,-24843,-40970,65290,61,01bbfe00,43.51548925814,-79.68405222824,171.1845,-37.1,SOL_COMPUTED,SINGLE,good,1.5513,1.5047,2.9987,17,16,0.0,0.0,0,0,0,0,0,0,0,0,0,SPECTRUMANALYSIS,L5,1187.942,0.659,-60.136,-110.285
2026-05-25 08:47:18.621975,1779713238.621975,2420,132457.0,,,,,,,,,,,,,,,,0.0000,,,,0.0,0.0,0.0,0.0,0.0,0.0,0.0,0.0,0.0,-17780997,6571085,167435204,4553870,216356704,6314578,61,01b7fe00,43.5154413571,-79.68398036996,173.6966,-37.1,SOL_COMPUTED,SINGLE,good,1.4733,1.4508,2.6773,17,16,0.0,0.0,0,0,0,0,0,0,0,0,0,SPECTRUMANALYSIS,L5,1187.905,0.586,-60.989,-114.695
2026-05-25 08:47:19.620921,1779713239.620921,2420,132458.0,,,,,,,,,,,,,,,,0.0000,,,,0.0,0.0,0.0,0.0,0.0,0.0,0.0,0.0,0.0,-117458050,12410885,109995564,55261725,15870491,55150885,61,01b3fe00,43.51544745884,-79.68398696436,173.6729,-37.1,SOL_COMPUTED,SINGLE,good,1.53,1.65,2.7838,16,15,0.0,0.0,0,0,0,0,0,0,0,0,0,SPECTRUMANALYSIS,L5,1187.905,0.586,-60.989,-114.695
2026-05-25 08:47:20.620215,1779713240.620215,2420,132459.0,,,,,,,,,,,,,,,,0.0000,,,,0.0,0.0,0.0,0.0,0.0,0.0,0.0,0.0,0.0,-53626688,-3466817,135176266,6731584,82236941,-16356211,61,01aefe00,43.51544632379,-79.68395754915,171.3805,-37.1,SOL_COMPUTED,SINGLE,good,1.5528,1.6542,3.0244,15,14,0.0,0.0,0,0,0,0,0,0,0,0,0,SPECTRUMANALYSIS,L5,1187.905,0.586,-60.989,-114.695
2026-05-25 08:47:21.618788,1779713241.618788,2420,132460.0,,,,,,,,,,,,,,,,0.0000,,,,0.0,0.0,0.0,0.0,0.0,0.0,0.0,0.0,0.0,-130014992,24736219,82753510,-16451745,975554,11176679,61,01aafe00,43.5154525328,-79.68397606353,170.9866,-37.1,SOL_COMPUTED,SINGLE,good,1.5625,1.6629,3.0344,15,14,0.0,0.0,0,0,0,0,0,0,0,0,0,SPECTRUMANALYSIS,L5,1187.905,0.586,-60.989,-114.695
2026-05-25 08:47:22.626639,1779713242.626639,2420,132461.0,,,,,,,,,,,,,,,,0.0000,,,,0.0,0.0,0.0,0.0,0.0,0.0,0.0,0.0,0.0,-134947267,20090548,87847528,-176019741,66931163,16970612,61,01a6fe00,43.51544963024,-79.68396716623,170.9926,-37.1,SOL_COMPUTED,SINGLE,good,1.561,1.6604,3.0345,16,14,0.0,0.0,0,0,0,0,0,0,0,0,0,SPECTRUMANALYSIS,L5,1187.942,0.952,-60.967,-112.25
2026-05-25 08:47:23.659234,1779713243.659234,2420,132462.0,,,,,,,,,,,,,,,,0.0000,,,,0.0,0.0,0.0,0.0,0.0,0.0,0.0,0.0,0.0,-139170502,33566949,80142813,-74752486,14942656,-60510590,61,01a3fe00,43.51544755688,-79.68396659751,171.368,-37.1,SOL_COMPUTED,SINGLE,good,1.582,1.6812,3.0513,15,14,0.0,0.0,0,0,0,0,0,0,0,0,0,SPECTRUMANALYSIS,L5,1187.942,0.952,-60.967,-112.25
2026-05-25 08:47:24.622600,1779713244.622600,2420,132463.0,,,,,,,,,,,,,,,,0.0000,,,,0.0,0.0,0.0,0.0,0.0,0.0,0.0,0.0,0.0,-123283987,26032480,86347514,-5567752,54918947,28081132,61,019ffe00,43.51542860993,-79.68391866432,170.2739,-37.1,SOL_COMPUTED,SINGLE,good,1.5497,1.5129,2.9881,17,16,0.0,0.0,0,0,0,0,0,0,0,0,0,SPECTRUMANALYSIS,L5,1187.942,0.952,-60.967,-112.25
2026-05-25 08:47:25.624631,1779713245.624631,2420,132464.0,,,,,,,,,,,,,,,,0.0000,,,,0.0,0.0,0.0,0.0,0.0,0.0,0.0,0.0,0.0,-88825481,8880931,129273046,-75957288,-164352708,44288017,61,019afe00,43.51541951896,-79.68394734493,174.9933,-37.1,SOL_COMPUTED,SINGLE,good,1.4959,1.4645,2.8896,16,15,0.0,0.0,0,0,0,0,0,0,0,0,0,SPECTRUMANALYSIS,L5,1187.869,1.099,-59.764,-112.374
2026-05-25 08:47:26.626764,1779713246.626764,2420,132465.0,,,,,,,,,,,,,,,,0.0000,,,,0.0,0.0,0.0,0.0,0.0,0.0,0.0,0.0,0.0,-60846,2875225,164261715,-33986479,-80365105,28645187,61,0196fe00,43.51543998889,-79.68398109981,175.5958,-37.1,SOL_COMPUTED,SINGLE,good,1.4951,1.4622,2.7618,17,16,0.0,0.0,0,0,0,0,0,0,0,0,0,SPECTRUMANALYSIS,L5,1187.869,1.099,-59.764,-112.374
2026-05-25 08:47:27.623339,1779713247.623339,2420,132466.0,,,,,,,,,,,,,,,,0.0000,,,,0.0,0.0,0.0,0.0,0.0,0.0,0.0,0.0,0.0,7927002,-913112,165299874,390758,-47351066,546604,61,0193fe00,43.51543850654,-79.68397392283,174.0292,-37.1,SOL_COMPUTED,SINGLE,good,1.4771,1.446,2.7074,17,16,0.0,0.0,0,0,0,0,0,0,0,0,0,SPECTRUMANALYSIS,L5,1187.869,1.099,-59.764,-112.374
2026-05-25 08:47:28.619910,1779713248.619910,2420,132467.0,,,,,,,,,,,,,,,,0.0000,,,,0.0,0.0,0.0,0.0,0.0,0.0,0.0,0.0,0.0,25273015,-1645695,162326170,-80492,-3380674,43679,61,018efe00,43.51543591751,-79.68399609181,176.2764,-37.1,SOL_COMPUTED,SINGLE,good,1.4685,1.4409,2.659,17,16,0.0,0.0,0,0,0,0,0,0,0,0,0,—,—,0.0,0.0,0.0,0.0
2026-05-25 08:47:29.637116,1779713249.637116,2420,132468.0,,,,,,,,,,,,,,,,0.0000,,,,0.0,0.0,0.0,0.0,0.0,0.0,0.0,0.0,0.0,9512896,-1518579,163330960,-1162845,57286781,-475789,61,018bfe00,43.51545012349,-79.68399358433,172.8823,-37.1,SOL_COMPUTED,SINGLE,good,1.4587,1.4332,2.6229,17,16,0.0,0.0,0,0,0,0,0,0,0,0,0,—,—,0.0,0.0,0.0,0.0
2026-05-25 08:47:30.624923,1779713250.624923,2420,132469.0,,,,,,,,,,,,,,,,0.0000,,,,0.0,0.0,0.0,0.0,0.0,0.0,0.0,0.0,0.0,-30735444,-1065009,152400364,-271229,-15523365,82386,61,0186fe00,43.51545442175,-79.68399120958,171.6171,-37.1,SOL_COMPUTED,SINGLE,good,1.4606,1.4356,2.6182,17,16,0.0,0.0,0,0,0,0,0,0,0,0,0,—,—,0.0,0.0,0.0,0.0
2026-05-25 08:47:31.620196,1779713251.620196,2420,132470.0,,,,,,,,,,,,,,,,0.0000,,,,0.0,0.0,0.0,0.0,0.0,0.0,0.0,0.0,0.0,2050301,-912243,164405529,-51381,-36662,225324,61,0183fe00,43.51545702899,-79.68398520789,171.1248,-37.1,SOL_COMPUTED,SINGLE,good,1.458,1.4324,2.6026,17,16,0.0,0.0,0,0,0,0,0,0,0,0,0,—,—,0.0,0.0,0.0,0.0
2026-05-25 08:47:32.618003,1779713252.618003,2420,132471.0,,,,,,,,,,,,,,,,0.0000,,,,0.0,0.0,0.0,0.0,0.0,0.0,0.0,0.0,0.0,28953731,-1319670,163110411,-3540193,-167729391,-1733896,61,017efe00,43.51546237262,-79.68398379572,171.2305,-37.1,SOL_COMPUTED,SINGLE,good,1.4517,1.4258,2.593,17,16,0.0,0.0,0,0,0,0,0,0,0,0,0,—,—,0.0,0.0,0.0,0.0
2026-05-25 08:47:33.632426,1779713253.632426,2420,132472.0,,,,,,,,,,,,,,,,0.0000,,,,0.0,0.0,0.0,0.0,0.0,0.0,0.0,0.0,0.0,6964827,-1099818,164320576,631259,40646090,-552758,61,017afe00,43.51546765772,-79.68398406399,171.7812,-37.1,SOL_COMPUTED,SINGLE,good,1.4519,1.4259,2.596,17,16,0.0,0.0,0,0,0,0,0,0,0,0,0,—,—,0.0,0.0,0.0,0.0
2026-05-25 08:47:34.616852,1779713254.616852,2420,132473.0,,,,,,,,,,,,,,,,0.0000,,,,0.0,0.0,0.0,0.0,0.0,0.0,0.0,0.0,0.0,1906003,-1009019,164384351,108,2867,85082,61,0177fe00,43.51547044763,-79.68398464205,172.1504,-37.1,SOL_COMPUTED,SINGLE,good,1.4575,1.4282,2.6325,17,16,0.0,0.0,0,0,0,0,0,0,0,0,0,—,—,0.0,0.0,0.0,0.0
2026-05-25 08:47:35.619973,1779713255.619973,2420,132474.0,,,,,,,,,,,,,,,,0.0000,,,,0.0,0.0,0.0,0.0,0.0,0.0,0.0,0.0,0.0,913673,-1853485,163937315,24277,-223240,42531,61,0172fe00,43.51546656798,-79.68398941826,173.2273,-37.1,SOL_COMPUTED,SINGLE,good,1.4502,1.423,2.6049,17,16,0.0,0.0,0,0,0,0,0,0,0,0,0,—,—,0.0,0.0,0.0,0.0
2026-05-25 08:47:36.617462,1779713256.617462,2420,132475.0,,,,,,,,,,,,,,,,0.0000,,,,0.0,0.0,0.0,0.0,0.0,0.0,0.0,0.0,0.0,1119924,-421768,163856876,-73529,-151490,104272,61,016efe00,43.51547016298,-79.6840011275,171.3885,-37.1,SOL_COMPUTED,SINGLE,good,1.5307,1.4677,3.1496,15,14,0.0,0.0,0,0,0,0,0,0,0,0,0,—,—,0.0,0.0,0.0,0.0
2026-05-25 08:47:37.622989,1779713257.622989,2420,132476.0,,,,,,,,,,,,,,,,0.0000,,,,0.0,0.0,0.0,0.0,0.0,0.0,0.0,0.0,0.0,-2412388,-2585287,165209905,25127668,2282899,242048,61,016afe00,43.51544091267,-79.68398502612,177.544,-37.1,SOL_COMPUTED,SINGLE,good,1.4206,1.3968,3.0052,15,15,0.0,0.0,0,0,0,0,0,0,0,0,0,—,—,0.0,0.0,0.0,0.0
2026-05-25 08:47:38.621080,1779713258.621080,2420,132477.0,,,,,,,,,,,,,,,,0.0000,,,,0.0,0.0,0.0,0.0,0.0,0.0,0.0,0.0,0.0,1491766,-1406967,163886218,-132153,-474,151964,61,0166fe00,43.51543639062,-79.68397978758,175.9739,-37.1,SOL_COMPUTED,SINGLE,good,1.4169,1.3922,2.9993,15,15,0.0,0.0,0,0,0,0,0,0,0,0,0,—,—,0.0,0.0,0.0,0.0
2026-05-25 08:47:39.621669,1779713259.621669,2420,132478.0,,,,,,,,,,,,,,,,0.0000,,,,0.0,0.0,0.0,0.0,0.0,0.0,0.0,0.0,0.0,2258972,-1007477,164477240,-2442,9508,62479,61,0163fe00,43.51542941737,-79.68397130582,175.1968,-37.1,SOL_COMPUTED,SINGLE,good,1.4191,1.396,3.0029,15,15,0.0,0.0,0,0,0,0,0,0,0,0,0,—,—,0.0,0.0,0.0,0.0
2026-05-25 08:47:40.618865,1779713260.618865,2420,132479.0,,,,,,,,,,,,,,,,0.0000,,,,0.0,0.0,0.0,0.0,0.0,0.0,0.0,0.0,0.0,2118523,-1526125,164465324,-10492,-21156,94731,61,015ffe00,43.51542657181,-79.68396652063,174.2189,-37.1,SOL_COMPUTED,SINGLE,good,1.4209,1.3984,3.0021,16,16,0.0,0.0,0,0,0,0,0,0,0,0,0,—,—,0.0,0.0,0.0,0.0
2026-05-25 08:47:41.619093,1779713261.619093,2420,132480.0,,,,,,,,,,,,,,,,0.0000,,,,0.0,0.0,0.0,0.0,0.0,0.0,0.0,0.0,0.0,2122474,-1343298,164337167,-26104,-113932,46723,61,015afe00,43.5154021874,-79.68398015732,180.2061,-37.1,SOL_COMPUTED,SINGLE,good,1.3711,1.3492,2.7351,16,16,0.0,0.0,0,0,0,0,0,0,0,0,0,—,—,0.0,0.0,0.0,0.0
2026-05-25 08:47:42.622516,1779713262.622516,2420,132481.0,,,,,,,,,,,,,,,,0.0000,,,,0.0,0.0,0.0,0.0,0.0,0.0,0.0,0.0,0.0,1947246,-1537513,164336623,-358533,-466079,73805,61,0157fe00,43.51541589878,-79.68391626558,168.3019,-37.1,SOL_COMPUTED,SINGLE,good,1.4198,1.3964,3.0033,15,15,0.0,0.0,0,0,0,0,0,0,0,0,0,—,—,0.0,0.0,0.0,0.0
2026-05-25 08:47:43.620338,1779713263.620338,2420,132482.0,,,,,,,,,,,,,,,,0.0000,,,,0.0,0.0,0.0,0.0,0.0,0.0,0.0,0.0,0.0,1294295,-2011106,163737303,142289,501838,187221,61,0153fe00,43.51542665998,-79.6839639292,170.1606,-37.1,SOL_COMPUTED,SINGLE,good,1.4287,1.5525,2.9879,16,15,0.0,0.0,0,0,0,0,0,0,0,0,0,SPECTRUMANALYSIS,L5,1187.979,1.025,-59.668,-112.857
2026-05-25 08:47:44.606793,1779713264.606793,2420,132483.0,,,,,,,,,,,,,,,,0.0000,,,,0.0,0.0,0.0,0.0,0.0,0.0,0.0,0.0,0.0,2260498,-781677,164636673,22204,48470,97536,61,014ffe00,43.51542619427,-79.683964425,170.3031,-37.1,SOL_COMPUTED,SINGLE,good,1.4271,1.5496,2.9907,16,15,0.0,0.0,0,0,0,0,0,0,0,0,0,SPECTRUMANALYSIS,L5,1187.979,1.025,-59.668,-112.857
2026-05-25 08:47:45.608279,1779713265.608279,2420,132484.0,,,,,,,,,,,,,,,,0.0000,,,,0.0,0.0,0.0,0.0,0.0,0.0,0.0,0.0,0.0,2361721,-1453525,164432439,36754,-84811,48436,61,014bfe00,43.51542611136,-79.68396418966,170.1237,-37.1,SOL_COMPUTED,SINGLE,good,1.4243,1.5462,2.969,16,15,0.0,0.0,0,0,0,0,0,0,0,0,0,SPECTRUMANALYSIS,L5,1187.979,1.025,-59.668,-112.857
2026-05-25 08:47:46.608587,1779713266.608587,2420,132485.0,,,,,,,,,,,,,,,,0.0000,,,,0.0,0.0,0.0,0.0,0.0,0.0,0.0,0.0,0.0,1995608,-1129487,164335065,-49721,-15518,82327,61,0147fe00,43.51542550205,-79.68396503132,170.7256,-37.1,SOL_COMPUTED,SINGLE,good,1.4251,1.5467,2.9604,16,15,0.0,0.0,0,0,0,0,0,0,0,0,0,—,—,0.0,0.0,0.0,0.0
2026-05-25 08:47:47.609863,1779713267.609863,2420,132486.0,,,,,,,,,,,,,,,,0.0000,,,,0.0,0.0,0.0,0.0,0.0,0.0,0.0,0.0,0.0,2175322,-1212285,164329203,31160,-48700,75463,61,0143fe00,43.51542455841,-79.68396540173,171.4165,-37.1,SOL_COMPUTED,SINGLE,good,1.4275,1.5492,2.9586,16,15,0.0,0.0,0,0,0,0,0,0,0,0,0,—,—,0.0,0.0,0.0,0.0
2026-05-25 08:47:48.607700,1779713268.607700,2420,132487.0,,,,,,,,,,,,,,,,0.0000,,,,0.0,0.0,0.0,0.0,0.0,0.0,0.0,0.0,0.0,2128363,-1226806,164368096,11451,288,96544,61,013ffe00,43.51542362194,-79.68396708323,172.6084,-37.1,SOL_COMPUTED,SINGLE,good,1.4244,1.5454,2.9525,16,15,0.0,0.0,0,0,0,0,0,0,0,0,0,—,—,0.0,0.0,0.0,0.0
2026-05-25 08:47:49.609376,1779713269.609376,2420,132488.0,,,,,,,,,,,,,,,,0.0000,,,,0.0,0.0,0.0,0.0,0.0,0.0,0.0,0.0,0.0,2077237,-1257422,164395668,9029,20479,78603,61,013bfe00,43.51542263872,-79.68396697746,173.0686,-37.1,SOL_COMPUTED,SINGLE,good,1.4263,1.5473,2.9506,16,15,0.0,0.0,0,0,0,0,0,0,0,0,0,—,—,0.0,0.0,0.0,0.0
2026-05-25 08:47:50.609032,1779713270.609032,2420,132489.0,,,,,,,,,,,,,,,,0.0000,,,,0.0,0.0,0.0,0.0,0.0,0.0,0.0,0.0,0.0,2051966,-1232139,164361627,-4855,-22561,78802,61,0137fe00,43.51542175568,-79.6839664141,173.3154,-37.1,SOL_COMPUTED,SINGLE,good,1.4265,1.5474,2.948,16,15,0.0,0.0,0,0,0,0,0,0,0,0,0,—,—,0.0,0.0,0.0,0.0
2026-05-25 08:47:51.620834,1779713271.620834,2420,132490.0,,,,,,,,,,,,,,,,0.0000,,,,0.0,0.0,0.0,0.0,0.0,0.0,0.0,0.0,0.0,2035242,-1218062,164303636,-15115,-40245,80351,61,0133fe00,43.51542069294,-79.68396560818,173.5445,-37.1,SOL_COMPUTED,SINGLE,good,1.4276,1.5483,2.9471,16,15,0.0,0.0,0,0,0,0,0,0,0,0,0,—,—,0.0,0.0,0.0,0.0
2026-05-25 08:47:52.611152,1779713272.611152,2420,132491.0,,,,,,,,,,,,,,,,0.0000,,,,0.0,0.0,0.0,0.0,0.0,0.0,0.0,0.0,0.0,2064474,-1237239,164398452,-23403,-9417,100945,61,012ffe00,43.51541976646,-79.68396504749,173.7314,-37.1,SOL_COMPUTED,SINGLE,good,1.4252,1.5454,2.9406,16,15,0.0,0.0,0,0,0,0,0,0,0,0,0,—,—,0.0,0.0,0.0,0.0
2026-05-25 08:47:53.611163,1779713273.611163,2420,132492.0,,,,,,,,,,,,,,,,0.0000,,,,0.0,0.0,0.0,0.0,0.0,0.0,0.0,0.0,0.0,2133781,-1182071,164349921,-15020,-1267,104656,61,012bfe00,43.51541844081,-79.68396386424,173.9684,-37.1,SOL_COMPUTED,SINGLE,good,1.428,1.5483,2.9413,16,15,0.0,0.0,0,0,0,0,0,0,0,0,0,—,—,0.0,0.0,0.0,0.0
2026-05-25 08:47:54.607973,1779713274.607973,2420,132493.0,,,,,,,,,,,,,,,,0.0000,,,,0.0,0.0,0.0,0.0,0.0,0.0,0.0,0.0,0.0,2068652,-1210289,164347393,-20268,-12286,82718,61,0127fe00,43.51541704718,-79.68396240632,174.1721,-37.1,SOL_COMPUTED,SINGLE,good,1.4278,1.5478,2.9391,16,15,0.0,0.0,0,0,0,0,0,0,0,0,0,—,—,0.0,0.0,0.0,0.0
2026-05-25 08:47:55.608106,1779713275.608106,2420,132494.0,,,,,,,,,,,,,,,,0.0000,,,,0.0,0.0,0.0,0.0,0.0,0.0,0.0,0.0,0.0,2048123,-1206948,164319822,-20174,6413,78806,61,0123fe00,43.51541558575,-79.683960952,174.4542,-37.1,SOL_COMPUTED,SINGLE,good,1.4279,1.5478,2.9397,16,15,0.0,0.0,0,0,0,0,0,0,0,0,0,—,—,0.0,0.0,0.0,0.0
2026-05-25 08:47:56.607382,1779713276.607382,2420,132495.0,,,,,,,,,,,,,,,,0.0000,,,,0.0,0.0,0.0,0.0,0.0,0.0,0.0,0.0,0.0,2073015,-1223919,164326680,5501,15348,84580,61,0120fe00,43.51541416608,-79.68395932257,174.6464,-37.1,SOL_COMPUTED,SINGLE,good,1.4285,1.5483,2.9424,16,15,0.0,0.0,0,0,0,0,0,0,0,0,0,—,—,0.0,0.0,0.0,0.0
2026-05-25 08:47:57.606616,1779713277.606616,2420,132496.0,,,,,,,,,,,,,,,,0.0000,,,,0.0,0.0,0.0,0.0,0.0,0.0,0.0,0.0,0.0,2047721,-1219510,164374803,-33154,857,40140,61,011cfe00,43.51541266644,-79.68395762441,174.884,-37.1,SOL_COMPUTED,SINGLE,good,1.4304,1.5503,2.9514,16,15,0.0,0.0,0,0,0,0,0,0,0,0,0,—,—,0.0,0.0,0.0,0.0
2026-05-25 08:47:58.606001,1779713278.606001,2420,132497.0,,,,,,,,,,,,,,,,0.0000,,,,0.0,0.0,0.0,0.0,0.0,0.0,0.0,0.0,0.0,2096828,-1274105,164347526,26195,-15374,87046,61,0118fe00,43.51541096938,-79.68395563369,175.1373,-37.1,SOL_COMPUTED,SINGLE,good,1.4307,1.5505,2.9517,16,15,0.0,0.0,0,0,0,0,0,0,0,0,0,—,—,0.0,0.0,0.0,0.0
2026-05-25 08:47:59.607230,1779713279.607230,2420,132498.0,,,,,,,,,,,,,,,,0.0000,,,,0.0,0.0,0.0,0.0,0.0,0.0,0.0,0.0,0.0,2003120,-1206548,164358655,-17406,-40975,60997,61,0114fe00,43.51540930643,-79.68395355754,175.3139,-37.1,SOL_COMPUTED,SINGLE,good,1.4334,1.5534,2.9733,16,15,0.0,0.0,0,0,0,0,0,0,0,0,0,—,—,0.0,0.0,0.0,0.0
2026-05-25 08:48:00.606732,1779713280.606732,2420,132499.0,,,,,,,,,,,,,,,,0.0000,,,,0.0,0.0,0.0,0.0,0.0,0.0,0.0,0.0,0.0,2056519,-1284082,164415527,25292,9894,63891,61,0110fe00,43.51540723311,-79.68395078617,175.2598,-37.1,SOL_COMPUTED,SINGLE,good,1.4447,1.566,3.0612,16,15,0.0,0.0,0,0,0,0,0,0,0,0,0,—,—,0.0,0.0,0.0,0.0
2026-05-25 08:48:01.606677,1779713281.606677,2420,132500.0,,,,,,,,,,,,,,,,0.0000,,,,0.0,0.0,0.0,0.0,0.0,0.0,0.0,0.0,0.0,1994219,-1202521,164456443,26541,-26293,121481,61,010cfe00,43.51540416594,-79.68394654054,174.7099,-37.1,SOL_COMPUTED,SINGLE,good,1.4717,1.5957,3.3245,15,14,0.0,0.0,0,0,0,0,0,0,0,0,0,—,—,0.0,0.0,0.0,0.0
2026-05-25 08:48:02.607129,1779713282.607129,2420,132501.0,,,,,,,,,,,,,,,,0.0000,,,,0.0,0.0,0.0,0.0,0.0,0.0,0.0,0.0,0.0,2070436,-1219656,164375307,-6772,-24944,100035,61,0108fe00,43.51540260988,-79.68394464433,174.9314,-37.1,SOL_COMPUTED,SINGLE,good,1.4712,1.5952,3.3245,15,14,0.0,0.0,0,0,0,0,0,0,0,0,0,—,—,0.0,0.0,0.0,0.0
2026-05-25 08:48:03.617406,1779713283.617406,2420,132502.0,,,,,,,,,,,,,,,,0.0000,,,,0.0,0.0,0.0,0.0,0.0,0.0,0.0,0.0,0.0,2016593,-1257823,164355363,-79,-7436,89485,61,0104fe00,43.51537899548,-79.6838654996,165.3464,-37.1,SOL_COMPUTED,SINGLE,good,1.4421,1.3982,3.0961,15,15,0.0,0.0,0,0,0,0,0,0,0,0,0,—,—,0.0,0.0,0.0,0.0
2026-05-25 08:48:04.607185,1779713284.607185,2420,132503.0,,,,,,,,,,,,,,,,0.0000,,,,0.0,0.0,0.0,0.0,0.0,0.0,0.0,0.0,0.0,2086794,-1186129,164371469,-27157,-21343,61146,61,0101fe00,43.51537744964,-79.68386434763,165.7656,-37.1,SOL_COMPUTED,SINGLE,good,1.4442,1.3998,3.0983,15,15,0.0,0.0,0,0,0,0,0,0,0,0,0,—,—,0.0,0.0,0.0,0.0
2026-05-25 08:48:05.606258,1779713285.606258,2420,132504.0,,,,,,,,,,,,,,,,0.0000,,,,0.0,0.0,0.0,0.0,0.0,0.0,0.0,0.0,0.0,2044794,-1248502,164371780,-10849,-21461,71860,61,00fdfe00,43.51537676038,-79.68386424279,166.0043,-37.1,SOL_COMPUTED,SINGLE,good,1.4406,1.3968,3.0942,15,15,0.0,0.0,0,0,0,0,0,0,0,0,0,—,—,0.0,0.0,0.0,0.0
2026-05-25 08:48:06.606311,1779713286.606311,2420,132505.0,,,,,,,,,,,,,,,,0.0000,,,,0.0,0.0,0.0,0.0,0.0,0.0,0.0,0.0,0.0,2106881,-1229648,164362934,-12492,-17710,44557,61,00f9fe00,43.51537474515,-79.68386251217,166.4398,-37.1,SOL_COMPUTED,SINGLE,good,1.4463,1.4013,3.1001,15,15,0.0,0.0,0,0,0,0,0,0,0,0,0,—,—,0.0,0.0,0.0,0.0
2026-05-25 08:48:07.606663,1779713287.606663,2420,132506.0,,,,,,,,,,,,,,,,0.0000,,,,0.0,0.0,0.0,0.0,0.0,0.0,0.0,0.0,0.0,2091683,-1293247,164359340,14724,-36349,53882,61,00f5fe00,43.51536557927,-79.68385666682,162.4668,-37.1,SOL_COMPUTED,SINGLE,good,1.433,1.3978,2.9669,16,16,0.0,0.0,0,0,0,0,0,0,0,0,0,—,—,0.0,0.0,0.0,0.0
2026-05-25 08:48:08.606435,1779713288.606435,2420,132507.0,,,,,,,,,,,,,,,,0.0000,,,,0.0,0.0,0.0,0.0,0.0,0.0,0.0,0.0,0.0,2080125,-1204709,164367583,-37479,-40033,87333,61,00f0fe00,43.51537272329,-79.68386144772,166.9691,-37.1,SOL_COMPUTED,SINGLE,good,1.4457,1.4007,3.0995,16,15,0.0,0.0,0,0,0,0,0,0,0,0,0,—,—,0.0,0.0,0.0,0.0
2026-05-25 08:48:09.606653,1779713289.606653,2420,132508.0,,,,,,,,,,,,,,,,0.0000,,,,0.0,0.0,0.0,0.0,0.0,0.0,0.0,0.0,0.0,2104769,-1285070,164325549,1989,10694,78562,61,00edfe00,43.51537200422,-79.6838612889,167.1923,-37.1,SOL_COMPUTED,SINGLE,good,1.4448,1.4,3.0985,16,15,0.0,0.0,0,0,0,0,0,0,0,0,0,—,—,0.0,0.0,0.0,0.0
2026-05-25 08:48:10.605528,1779713290.605528,2420,132509.0,,,,,,,,,,,,,,,,0.0000,,,,0.0,0.0,0.0,0.0,0.0,0.0,0.0,0.0,0.0,2043141,-1218889,164295794,-13096,-6480,75871,61,00e9fe00,43.51537149091,-79.6838613868,167.3952,-37.1,SOL_COMPUTED,SINGLE,good,1.4426,1.3982,3.096,16,15,0.0,0.0,0,0,0,0,0,0,0,0,0,—,—,0.0,0.0,0.0,0.0
2026-05-25 08:48:11.607165,1779713291.607165,2420,132510.0,,,,,,,,,,,,,,,,0.0000,,,,0.0,0.0,0.0,0.0,0.0,0.0,0.0,0.0,0.0,2052766,-1195197,164301045,20878,-18908,53529,61,00e5fe00,43.5153708295,-79.68386130211,167.608,-37.1,SOL_COMPUTED,SINGLE,good,1.4421,1.3977,3.0956,16,15,0.0,0.0,0,0,0,0,0,0,0,0,0,—,—,0.0,0.0,0.0,0.0
2026-05-25 08:48:12.607375,1779713292.607375,2420,132511.0,,,,,,,,,,,,,,,,0.0000,,,,0.0,0.0,0.0,0.0,0.0,0.0,0.0,0.0,0.0,2063307,-1175922,164322623,-28736,-21745,123080,61,00e2fe00,43.51537027452,-79.68386132279,167.7927,-37.1,SOL_COMPUTED,SINGLE,good,1.441,1.3968,3.0944,16,15,0.0,0.0,0,0,0,0,0,0,0,0,0,—,—,0.0,0.0,0.0,0.0
2026-05-25 08:48:13.606425,1779713293.606425,2420,132512.0,,,,,,,,,,,,,,,,0.0000,,,,0.0,0.0,0.0,0.0,0.0,0.0,0.0,0.0,0.0,2055747,-1200406,164329123,-16327,-271,100049,61,00defe00,43.51536917434,-79.6838607328,168.0522,-37.1,SOL_COMPUTED,SINGLE,good,1.4441,1.3992,3.0977,16,15,0.0,0.0,0,0,0,0,0,0,0,0,0,—,—,0.0,0.0,0.0,0.0
2026-05-25 08:48:14.606243,1779713294.606243,2420,132513.0,,,,,,,,,,,,,,,,0.0000,,,,0.0,0.0,0.0,0.0,0.0,0.0,0.0,0.0,0.0,2074744,-1194515,164323732,-15845,-40658,79769,61,00dafe00,43.5153684645,-79.68386052714,168.2293,-37.1,SOL_COMPUTED,SINGLE,good,1.4437,1.3989,3.0971,16,15,0.0,0.0,0,0,0,0,0,0,0,0,0,—,—,0.0,0.0,0.0,0.0
2026-05-25 08:48:15.606536,1779713295.606536,2420,132514.0,,,,,,,,,,,,,,,,0.0000,,,,0.0,0.0,0.0,0.0,0.0,0.0,0.0,0.0,0.0,2029251,-1170408,164348114,-16745,-9479,79282,61,00d6fe00,43.51536795935,-79.68386072955,168.3596,-37.1,SOL_COMPUTED,SINGLE,good,1.4422,1.3976,3.0958,16,15,0.0,0.0,0,0,0,0,0,0,0,0,0,—,—,0.0,0.0,0.0,0.0
2026-05-25 08:48:16.606049,1779713296.606049,2420,132515.0,,,,,,,,,,,,,,,,0.0000,,,,0.0,0.0,0.0,0.0,0.0,0.0,0.0,0.0,0.0,2022847,-1210239,164349550,-12422,3477,80538,61,00d3fe00,43.51536728517,-79.68386067421,168.5028,-37.1,SOL_COMPUTED,SINGLE,good,1.442,1.3975,3.0954,16,15,0.0,0.0,0,0,0,0,0,0,0,0,0,—,—,0.0,0.0,0.0,0.0
2026-05-25 08:48:17.607072,1779713297.607072,2420,132516.0,,,,,,,,,,,,,,,,0.0000,,,,0.0,0.0,0.0,0.0,0.0,0.0,0.0,0.0,0.0,2128141,-1143026,164300868,-21810,16726,69246,61,00cffe00,43.51536673931,-79.68386075795,168.5988,-37.1,SOL_COMPUTED,SINGLE,good,1.4412,1.3969,3.0945,16,15,0.0,0.0,0,0,0,0,0,0,0,0,0,—,—,0.0,0.0,0.0,0.0
2026-05-25 08:48:18.605870,1779713298.605870,2420,132517.0,,,,,,,,,,,,,,,,0.0000,,,,0.0,0.0,0.0,0.0,0.0,0.0,0.0,0.0,0.0,2074007,-1152328,164399879,-20604,-11960,58423,61,00cafe00,43.51536601633,-79.68386063723,168.7313,-37.1,SOL_COMPUTED,SINGLE,good,1.4402,1.396,3.0935,16,15,0.0,0.0,0,0,0,0,0,0,0,0,0,—,—,0.0,0.0,0.0,0.0
2026-05-25 08:48:19.607525,1779713299.607525,2420,132518.0,,,,,,,,,,,,,,,,0.0000,,,,0.0,0.0,0.0,0.0,0.0,0.0,0.0,0.0,0.0,2019811,-1199414,164402545,1361,13027,60936,61,00c7fe00,43.515365184,-79.6838604521,168.857,-37.1,SOL_COMPUTED,SINGLE,good,1.4397,1.3955,3.093,16,15,0.0,0.0,0,0,0,0,0,0,0,0,0,—,—,0.0,0.0,0.0,0.0
2026-05-25 08:48:20.605945,1779713300.605945,2420,132519.0,,,,,,,,,,,,,,,,0.0000,,,,0.0,0.0,0.0,0.0,0.0,0.0,0.0,0.0,0.0,2085008,-1244772,164353591,6520,-17101,74675,61,00c3fe00,43.51536479607,-79.68386078587,168.8864,-37.1,SOL_COMPUTED,SINGLE,good,1.4378,1.394,3.0911,16,15,0.0,0.0,0,0,0,0,0,0,0,0,0,—,—,0.0,0.0,0.0,0.0
2026-05-25 08:48:21.606625,1779713301.606625,2420,132520.0,,,,,,,,,,,,,,,,0.0000,,,,0.0,0.0,0.0,0.0,0.0,0.0,0.0,0.0,0.0,2020192,-1188826,164312018,-24883,23320,84358,61,00bffe00,43.51536415827,-79.68386077825,168.9191,-37.1,SOL_COMPUTED,SINGLE,good,1.4384,1.3944,3.092,16,15,0.0,0.0,0,0,0,0,0,0,0,0,0,—,—,0.0,0.0,0.0,0.0
2026-05-25 08:48:22.605936,1779713302.605936,2420,132521.0,,,,,,,,,,,,,,,,0.0000,,,,0.0,0.0,0.0,0.0,0.0,0.0,0.0,0.0,0.0,2061973,-1191943,164314039,-3498,-5404,71908,61,00bbfe00,43.51536370732,-79.683860996,168.91,-37.1,SOL_COMPUTED,SINGLE,good,1.4368,1.393,3.0902,16,15,0.0,0.0,0,0,0,0,0,0,0,0,0,—,—,0.0,0.0,0.0,0.0
2026-05-25 08:48:23.606421,1779713303.606421,2420,132522.0,,,,,,,,,,,,,,,,0.0000,,,,0.0,0.0,0.0,0.0,0.0,0.0,0.0,0.0,0.0,2074028,-1137667,164370619,-30939,-1235,77328,61,00b8fe00,43.51536302349,-79.6838608261,168.9316,-37.1,SOL_COMPUTED,SINGLE,good,1.4372,1.3933,3.0905,16,15,0.0,0.0,0,0,0,0,0,0,0,0,0,—,—,0.0,0.0,0.0,0.0
2026-05-25 08:48:24.605221,1779713304.605221,2420,132523.0,,,,,,,,,,,,,,,,0.0000,,,,0.0,0.0,0.0,0.0,0.0,0.0,0.0,0.0,0.0,2085607,-1189922,164394564,-11987,-32263,49309,61,00b4fe00,43.5153624023,-79.68386082386,168.9239,-37.1,SOL_COMPUTED,SINGLE,good,1.4359,1.3923,3.0893,16,15,0.0,0.0,0,0,0,0,0,0,0,0,0,—,—,0.0,0.0,0.0,0.0
2026-05-25 08:48:25.605748,1779713305.605748,2420,132524.0,,,,,,,,,,,,,,,,0.0000,,,,0.0,0.0,0.0,0.0,0.0,0.0,0.0,0.0,0.0,2047703,-1175185,164298984,-15412,-26910,77576,61,00b0fe00,43.51536141827,-79.68386033252,168.9397,-37.1,SOL_COMPUTED,SINGLE,good,1.4374,1.3939,3.0919,16,15,0.0,0.0,0,0,0,0,0,0,0,0,0,—,—,0.0,0.0,0.0,0.0
2026-05-25 08:48:26.605877,1779713306.605877,2420,132525.0,,,,,,,,,,,,,,,,0.0000,,,,0.0,0.0,0.0,0.0,0.0,0.0,0.0,0.0,0.0,2042331,-1214245,164371553,-4685,-1681,56174,61,00adfe00,43.51536068978,-79.68386025854,168.9382,-37.1,SOL_COMPUTED,SINGLE,good,1.4362,1.3927,3.0898,16,15,0.0,0.0,0,0,0,0,0,0,0,0,0,—,—,0.0,0.0,0.0,0.0
2026-05-25 08:48:27.606120,1779713307.606120,2420,132526.0,,,,,,,,,,,,,,,,0.0000,,,,0.0,0.0,0.0,0.0,0.0,0.0,0.0,0.0,0.0,2066536,-1261506,164394438,-10470,-3572,56104,61,00a8fe00,43.51535988518,-79.68386004894,168.9297,-37.1,SOL_COMPUTED,SINGLE,good,1.4356,1.392,3.0893,16,15,0.0,0.0,0,0,0,0,0,0,0,0,0,—,—,0.0,0.0,0.0,0.0
2026-05-25 08:48:28.607097,1779713308.607097,2420,132527.0,,,,,,,,,,,,,,,,0.0000,,,,0.0,0.0,0.0,0.0,0.0,0.0,0.0,0.0,0.0,2058468,-1183971,164315927,-35192,-11489,70179,61,00a5fe00,43.5153614311,-79.68386111064,170.2489,-37.1,SOL_COMPUTED,SINGLE,good,1.4122,1.3876,2.8305,16,16,0.0,0.0,0,0,0,0,0,0,0,0,0,—,—,0.0,0.0,0.0,0.0
2026-05-25 08:48:29.606642,1779713309.606642,2420,132528.0,,,,,,,,,,,,,,,,0.0000,,,,0.0,0.0,0.0,0.0,0.0,0.0,0.0,0.0,0.0,2017890,-1206042,164329634,-9978,-12223,67542,61,00a1fe00,43.51536080303,-79.68386089515,170.3903,-37.1,SOL_COMPUTED,SINGLE,good,1.4122,1.3879,2.8303,16,16,0.0,0.0,0,0,0,0,0,0,0,0,0,—,—,0.0,0.0,0.0,0.0
2026-05-25 08:48:30.606256,1779713310.606256,2420,132529.0,,,,,,,,,,,,,,,,0.0000,,,,0.0,0.0,0.0,0.0,0.0,0.0,0.0,0.0,0.0,2073040,-1207780,164383124,8065,-46602,67444,61,009efe00,43.51536023672,-79.68386086911,170.5363,-37.1,SOL_COMPUTED,SINGLE,good,1.4118,1.3871,2.8295,16,16,0.0,0.0,0,0,0,0,0,0,0,0,0,—,—,0.0,0.0,0.0,0.0
2026-05-25 08:48:31.605523,1779713311.605523,2420,132530.0,,,,,,,,,,,,,,,,0.0000,,,,0.0,0.0,0.0,0.0,0.0,0.0,0.0,0.0,0.0,2082461,-1180593,164390645,6854,-24237,57912,61,009afe00,43.51535943032,-79.68386060387,170.6425,-37.1,SOL_COMPUTED,SINGLE,good,1.4126,1.3877,2.8309,16,16,0.0,0.0,0,0,0,0,0,0,0,0,0,—,—,0.0,0.0,0.0,0.0
2026-05-25 08:48:32.605798,1779713312.605798,2420,132531.0,,,,,,,,,,,,,,,,0.0000,,,,0.0,0.0,0.0,0.0,0.0,0.0,0.0,0.0,0.0,2041783,-1171478,164337549,-38585,-38536,67046,61,0096fe00,43.51535869842,-79.68386037238,170.6891,-37.1,SOL_COMPUTED,SINGLE,good,1.4124,1.3872,2.8308,16,16,0.0,0.0,0,0,0,0,0,0,0,0,0,—,—,0.0,0.0,0.0,0.0
2026-05-25 08:48:33.605924,1779713313.605924,2420,132532.0,,,,,,,,,,,,,,,,0.0000,,,,0.0,0.0,0.0,0.0,0.0,0.0,0.0,0.0,0.0,2080383,-1252582,164335415,14387,-29417,64751,61,0093fe00,43.51535797401,-79.68386061862,170.7424,-37.1,SOL_COMPUTED,SINGLE,good,1.4129,1.3875,2.8316,16,16,0.0,0.0,0,0,0,0,0,0,0,0,0,—,—,0.0,0.0,0.0,0.0
2026-05-25 08:48:34.616100,1779713314.616100,2420,132533.0,,,,,,,,,,,,,,,,0.0000,,,,0.0,0.0,0.0,0.0,0.0,0.0,0.0,0.0,0.0,2064548,-1206174,164305392,-32145,-18919,119436,61,008efe00,43.51535734734,-79.68386105091,170.7888,-37.1,SOL_COMPUTED,SINGLE,good,1.4128,1.3872,2.8316,16,16,0.0,0.0,0,0,0,0,0,0,0,0,0,—,—,0.0,0.0,0.0,0.0
2026-05-25 08:48:35.605842,1779713315.605842,2420,132534.0,,,,,,,,,,,,,,,,0.0000,,,,0.0,0.0,0.0,0.0,0.0,0.0,0.0,0.0,0.0,2078174,-1205221,164314601,-21245,13221,75848,61,008bfe00,43.51535678736,-79.68386150469,170.8239,-37.1,SOL_COMPUTED,SINGLE,good,1.4124,1.3867,2.8309,16,16,0.0,0.0,0,0,0,0,0,0,0,0,0,SPECTRUMANALYSIS,L1,1575.378,1.831,-71.408,-131.528
2026-05-25 08:48:36.606120,1779713316.606120,2420,132535.0,,,,,,,,,,,,,,,,0.0000,,,,0.0,0.0,0.0,0.0,0.0,0.0,0.0,0.0,0.0,2070645,-1218363,164318608,10071,-35585,63467,61,0087fe00,43.5153561896,-79.68386185289,170.8459,-37.1,SOL_COMPUTED,SINGLE,good,1.4128,1.3868,2.8314,16,16,0.0,0.0,0,0,0,0,0,0,0,0,0,SPECTRUMANALYSIS,L1,1575.378,1.831,-71.408,-131.528
2026-05-25 08:48:37.612516,1779713317.612516,2420,132536.0,,,,,,,,,,,,,,,,0.0000,,,,0.0,0.0,0.0,0.0,0.0,0.0,0.0,0.0,0.0,2013820,-1213757,164378696,-41828,-27602,54479,61,0083fe00,43.51535568639,-79.68386237287,170.8625,-37.1,SOL_COMPUTED,SINGLE,good,1.4126,1.3865,2.8309,16,16,0.0,0.0,0,0,0,0,0,0,0,0,0,SPECTRUMANALYSIS,L1,1575.378,1.831,-71.408,-131.528
2026-05-25 08:48:38.607140,1779713318.607140,2420,132537.0,,,,,,,,,,,,,,,,0.0000,,,,0.0,0.0,0.0,0.0,0.0,0.0,0.0,0.0,0.0,2022005,-1248697,164353932,-25248,4051,94843,61,0080fe00,43.51535527498,-79.6838630468,170.8708,-37.1,SOL_COMPUTED,SINGLE,good,1.4122,1.3863,2.8305,16,16,0.0,0.0,0,0,0,0,0,0,0,0,0,—,—,0.0,0.0,0.0,0.0
2026-05-25 08:48:39.610070,1779713319.610070,2420,132538.0,,,,,,,,,,,,,,,,0.0000,,,,0.0,0.0,0.0,0.0,0.0,0.0,0.0,0.0,0.0,2104422,-1221557,164390245,2808,14241,106673,61,007cfe00,43.51535487278,-79.68386383674,170.9039,-37.1,SOL_COMPUTED,SINGLE,good,1.4122,1.3862,2.8302,16,16,0.0,0.0,0,0,0,0,0,0,0,0,0,—,—,0.0,0.0,0.0,0.0
2026-05-25 08:48:40.605718,1779713320.605718,2420,132539.0,,,,,,,,,,,,,,,,0.0000,,,,0.0,0.0,0.0,0.0,0.0,0.0,0.0,0.0,0.0,2060818,-1231009,164331097,-3946,-37245,43217,61,0078fe00,43.51535455432,-79.68386479016,170.9315,-37.1,SOL_COMPUTED,SINGLE,good,1.4122,1.3861,2.8302,16,16,0.0,0.0,0,0,0,0,0,0,0,0,0,—,—,0.0,0.0,0.0,0.0
2026-05-25 08:48:41.607538,1779713321.607538,2420,132540.0,,,,,,,,,,,,,,,,0.0000,,,,0.0,0.0,0.0,0.0,0.0,0.0,0.0,0.0,0.0,2105928,-1165507,164331733,-32129,-50780,61208,61,0075fe00,43.51535432729,-79.68386578584,170.9536,-37.1,SOL_COMPUTED,SINGLE,good,1.4127,1.3863,2.8314,16,16,0.0,0.0,0,0,0,0,0,0,0,0,0,—,—,0.0,0.0,0.0,0.0
2026-05-25 08:48:42.605949,1779713322.605949,2420,132541.0,,,,,,,,,,,,,,,,0.0000,,,,0.0,0.0,0.0,0.0,0.0,0.0,0.0,0.0,0.0,2038145,-1187218,164404390,766,-17484,89976,61,0071fe00,43.51535404757,-79.68386679082,170.9803,-37.1,SOL_COMPUTED,SINGLE,good,1.4132,1.3867,2.8323,16,16,0.0,0.0,0,0,0,0,0,0,0,0,0,—,—,0.0,0.0,0.0,0.0
2026-05-25 08:48:43.606956,1779713323.606956,2420,132542.0,,,,,,,,,,,,,,,,0.0000,,,,0.0,0.0,0.0,0.0,0.0,0.0,0.0,0.0,0.0,2038990,-1128555,164315999,8388,16462,85109,61,006dfe00,43.51535381367,-79.68386786646,170.9934,-37.1,SOL_COMPUTED,SINGLE,good,1.4126,1.3863,2.8313,16,16,0.0,0.0,0,0,0,0,0,0,0,0,0,—,—,0.0,0.0,0.0,0.0
2026-05-25 08:48:44.607145,1779713324.607145,2420,132543.0,,,,,,,,,,,,,,,,0.0000,,,,0.0,0.0,0.0,0.0,0.0,0.0,0.0,0.0,0.0,2076642,-1144740,164377336,8765,-6538,82466,61,0069fe00,43.51535360672,-79.68386884441,170.998,-37.1,SOL_COMPUTED,SINGLE,good,1.4137,1.3869,2.8335,16,16,0.0,0.0,0,0,0,0,0,0,0,0,0,—,—,0.0,0.0,0.0,0.0
2026-05-25 08:48:45.606607,1779713325.606607,2420,132544.0,,,,,,,,,,,,,,,,0.0000,,,,0.0,0.0,0.0,0.0,0.0,0.0,0.0,0.0,0.0,2073769,-1259690,164305212,-22865,-15219,116142,61,0066fe00,43.5153533931,-79.68386988021,170.975,-37.1,SOL_COMPUTED,SINGLE,good,1.4138,1.3869,2.8341,16,16,0.0,0.0,0,0,0,0,0,0,0,0,0,—,—,0.0,0.0,0.0,0.0
2026-05-25 08:48:46.606953,1779713326.606953,2420,132545.0,,,,,,,,,,,,,,,,0.0000,,,,0.0,0.0,0.0,0.0,0.0,0.0,0.0,0.0,0.0,2044461,-1180498,164354252,-9407,16540,87688,61,0062fe00,43.51535318278,-79.68387089819,170.9427,-37.1,SOL_COMPUTED,SINGLE,good,1.4132,1.3862,2.8328,16,16,0.0,0.0,0,0,0,0,0,0,0,0,0,—,—,0.0,0.0,0.0,0.0
2026-05-25 08:48:47.606772,1779713327.606772,2420,132546.0,,,,,,,,,,,,,,,,0.0000,,,,0.0,0.0,0.0,0.0,0.0,0.0,0.0,0.0,0.0,2095374,-1190640,164395929,10192,-8554,66848,61,005efe00,43.51535306943,-79.68387201765,170.9016,-37.1,SOL_COMPUTED,SINGLE,good,1.4142,1.387,2.835,16,16,0.0,0.0,0,0,0,0,0,0,0,0,0,—,—,0.0,0.0,0.0,0.0
2026-05-25 08:48:48.606433,1779713328.606433,2420,132547.0,,,,,,,,,,,,,,,,0.0000,,,,0.0,0.0,0.0,0.0,0.0,0.0,0.0,0.0,0.0,2083590,-1246316,164329497,363,-25749,92780,61,005bfe00,43.51535291715,-79.68387302806,170.8472,-37.1,SOL_COMPUTED,SINGLE,good,1.4142,1.387,2.8354,16,16,0.0,0.0,0,0,0,0,0,0,0,0,0,—,—,0.0,0.0,0.0,0.0
2026-05-25 08:48:49.607029,1779713329.607029,2420,132548.0,,,,,,,,,,,,,,,,0.0000,,,,0.0,0.0,0.0,0.0,0.0,0.0,0.0,0.0,0.0,2105673,-1138732,164372804,5011,-19101,65037,61,0057fe00,43.51535272051,-79.68387405868,170.7796,-37.1,SOL_COMPUTED,SINGLE,good,1.4153,1.3878,2.8371,16,16,0.0,0.0,0,0,0,0,0,0,0,0,0,—,—,0.0,0.0,0.0,0.0
2026-05-25 08:48:50.605862,1779713330.605862,2420,132549.0,,,,,,,,,,,,,,,,0.0000,,,,0.0,0.0,0.0,0.0,0.0,0.0,0.0,0.0,0.0,2062171,-1228690,164377850,-39310,8392,82480,61,0054fe00,43.51535238116,-79.68387498393,170.6883,-37.1,SOL_COMPUTED,SINGLE,good,1.415,1.3876,2.8367,16,16,0.0,0.0,0,0,0,0,0,0,0,0,0,—,—,0.0,0.0,0.0,0.0
2026-05-25 08:48:51.607014,1779713331.607014,2420,132550.0,,,,,,,,,,,,,,,,0.0000,,,,0.0,0.0,0.0,0.0,0.0,0.0,0.0,0.0,0.0,2084706,-1240652,164330930,-4397,-36610,61231,61,0050fe00,43.51535207857,-79.68387589478,170.5894,-37.1,SOL_COMPUTED,SINGLE,good,1.4145,1.3871,2.8351,16,16,0.0,0.0,0,0,0,0,0,0,0,0,0,—,—,0.0,0.0,0.0,0.0
2026-05-25 08:48:52.606695,1779713332.606695,2420,132551.0,,,,,,,,,,,,,,,,0.0000,,,,0.0,0.0,0.0,0.0,0.0,0.0,0.0,0.0,0.0,2160703,-1220463,164297637,7804,-41494,60001,61,004bfe00,43.51535188249,-79.68387699195,170.4913,-37.1,SOL_COMPUTED,SINGLE,good,1.4147,1.3874,2.8359,16,16,0.0,0.0,0,0,0,0,0,0,0,0,0,—,—,0.0,0.0,0.0,0.0
2026-05-25 08:48:53.606401,1779713333.606401,2420,132552.0,,,,,,,,,,,,,,,,0.0000,,,,0.0,0.0,0.0,0.0,0.0,0.0,0.0,0.0,0.0,2086852,-1218666,164319604,18009,-8292,82992,61,0049fe00,43.51535168363,-79.6838781277,170.3833,-37.1,SOL_COMPUTED,SINGLE,good,1.4161,1.3883,2.8379,16,16,0.0,0.0,0,0,0,0,0,0,0,0,0,—,—,0.0,0.0,0.0,0.0
2026-05-25 08:48:54.606131,1779713334.606131,2420,132553.0,,,,,,,,,,,,,,,,0.0000,,,,0.0,0.0,0.0,0.0,0.0,0.0,0.0,0.0,0.0,2095254,-1189036,164440748,-21331,-32564,76440,61,0045fe00,43.51535143475,-79.68387920871,170.2855,-37.1,SOL_COMPUTED,SINGLE,good,1.4159,1.3882,2.8378,16,16,0.0,0.0,0,0,0,0,0,0,0,0,0,—,—,0.0,0.0,0.0,0.0
2026-05-25 08:48:55.606651,1779713335.606651,2420,132554.0,,,,,,,,,,,,,,,,0.0000,,,,0.0,0.0,0.0,0.0,0.0,0.0,0.0,0.0,0.0,2043432,-1246976,164341583,21197,-5846,79980,61,0041fe00,43.5153512097,-79.68388036004,170.1755,-37.1,SOL_COMPUTED,SINGLE,good,1.4166,1.389,2.8385,16,16,0.0,0.0,0,0,0,0,0,0,0,0,0,—,—,0.0,0.0,0.0,0.0
2026-05-25 08:48:56.614343,1779713336.614343,2420,132555.0,,,,,,,,,,,,,,,,0.0000,,,,0.0,0.0,0.0,0.0,0.0,0.0,0.0,0.0,0.0,2068265,-1243863,164297203,-15047,-21308,72809,61,003efe00,43.51535113546,-79.68388170421,170.0919,-37.1,SOL_COMPUTED,SINGLE,good,1.4177,1.3898,2.8415,16,16,0.0,0.0,0,0,0,0,0,0,0,0,0,—,—,0.0,0.0,0.0,0.0
2026-05-25 08:48:57.608357,1779713337.608357,2420,132556.0,,,,,,,,,,,,,,,,0.0000,,,,0.0,0.0,0.0,0.0,0.0,0.0,0.0,0.0,0.0,2079097,-1235438,164333334,12269,-12335,110694,61,003afe00,43.51535333464,-79.68389402149,170.8705,-37.1,SOL_COMPUTED,SINGLE,good,1.4347,1.5508,2.9362,16,15,0.0,0.0,0,0,0,0,0,0,0,0,0,—,—,0.0,0.0,0.0,0.0
2026-05-25 08:48:58.607155,1779713338.607155,2420,132557.0,,,,,,,,,,,,,,,,0.0000,,,,0.0,0.0,0.0,0.0,0.0,0.0,0.0,0.0,0.0,2040567,-1230315,164329992,-4280,2929,81696,61,0036fe00,43.51535332449,-79.68389489988,170.6897,-37.1,SOL_COMPUTED,SINGLE,good,1.4396,1.5564,2.9424,16,15,0.0,0.0,0,0,0,0,0,0,0,0,0,—,—,0.0,0.0,0.0,0.0
2026-05-25 08:48:59.606488,1779713339.606488,2420,132558.0,,,,,,,,,,,,,,,,0.0000,,,,0.0,0.0,0.0,0.0,0.0,0.0,0.0,0.0,0.0,2035017,-1153943,164346232,-17728,-25107,47141,61,0033fe00,43.51535240403,-79.68389446848,170.4723,-37.1,SOL_COMPUTED,SINGLE,good,1.4368,1.5535,2.9391,16,15,0.0,0.0,0,0,0,0,0,0,0,0,0,—,—,0.0,0.0,0.0,0.0
2026-05-25 08:49:00.607109,1779713340.607109,2420,132559.0,,,,,,,,,,,,,,,,0.0000,,,,0.0,0.0,0.0,0.0,0.0,0.0,0.0,0.0,0.0,2118189,-1217498,164390907,-20217,-4608,91329,61,002ffe00,43.51534221144,-79.68386168162,170.278,-37.1,SOL_COMPUTED,SINGLE,good,1.4567,1.6375,2.9449,16,14,0.0,0.0,0,0,0,0,0,0,0,0,0,—,—,0.0,0.0,0.0,0.0
2026-05-25 08:49:01.607401,1779713341.607401,2420,132560.0,,,,,,,,,,,,,,,,0.0000,,,,0.0,0.0,0.0,0.0,0.0,0.0,0.0,0.0,0.0,2075182,-1167571,164356510,-6040,9611,93469,61,002bfe00,43.5153439232,-79.68386534183,169.6551,-37.1,SOL_COMPUTED,SINGLE,good,1.5037,1.6999,2.9754,16,14,0.0,0.0,0,0,0,0,0,0,0,0,0,—,—,0.0,0.0,0.0,0.0
2026-05-25 08:49:02.606984,1779713342.606984,2420,132561.0,,,,,,,,,,,,,,,,0.0000,,,,0.0,0.0,0.0,0.0,0.0,0.0,0.0,0.0,0.0,2085635,-1294322,164375791,-46746,-32183,98175,61,0028fe00,43.51534194567,-79.6838627797,169.5553,-37.1,SOL_COMPUTED,SINGLE,good,1.479,1.6679,2.9575,16,14,0.0,0.0,0,0,0,0,0,0,0,0,0,—,—,0.0,0.0,0.0,0.0
2026-05-25 08:49:03.606113,1779713343.606113,2420,132562.0,,,,,,,,,,,,,,,,0.0000,,,,0.0,0.0,0.0,0.0,0.0,0.0,0.0,0.0,0.0,2107968,-1176082,164421878,2215,10992,71162,61,0024fe00,43.51534174413,-79.68386309978,169.5744,-37.1,SOL_COMPUTED,SINGLE,good,1.4756,1.6629,2.9594,16,14,0.0,0.0,0,0,0,0,0,0,0,0,0,—,—,0.0,0.0,0.0,0.0
2026-05-25 08:49:04.605475,1779713344.605475,2420,132563.0,,,,,,,,,,,,,,,,0.0000,,,,0.0,0.0,0.0,0.0,0.0,0.0,0.0,0.0,0.0,2068021,-1181790,164331057,7738,-8044,78660,61,0021fe00,43.51534061341,-79.68386197844,169.3058,-37.1,SOL_COMPUTED,SINGLE,good,1.4682,1.6532,2.9532,16,14,0.0,0.0,0,0,0,0,0,0,0,0,0,—,—,0.0,0.0,0.0,0.0
2026-05-25 08:49:05.605767,1779713345.605767,2420,132564.0,,,,,,,,,,,,,,,,0.0000,,,,0.0,0.0,0.0,0.0,0.0,0.0,0.0,0.0,0.0,2121253,-1186389,164328750,24489,17435,108476,61,001dfe00,43.5153401372,-79.68386185438,169.1761,-37.1,SOL_COMPUTED,SINGLE,good,1.4645,1.6484,2.9533,16,14,0.0,0.0,0,0,0,0,0,0,0,0,0,—,—,0.0,0.0,0.0,0.0
2026-05-25 08:49:06.606901,1779713346.606901,2420,132565.0,,,,,,,,,,,,,,,,0.0000,,,,0.0,0.0,0.0,0.0,0.0,0.0,0.0,0.0,0.0,2066849,-1205280,164364896,-11708,37356,83945,61,0019fe00,43.51533949265,-79.68386177461,168.8422,-37.1,SOL_COMPUTED,SINGLE,good,1.4596,1.6413,2.9482,16,14,0.0,0.0,0,0,0,0,0,0,0,0,0,—,—,0.0,0.0,0.0,0.0
2026-05-25 08:49:07.607348,1779713347.607348,2420,132566.0,,,,,,,,,,,,,,,,0.0000,,,,0.0,0.0,0.0,0.0,0.0,0.0,0.0,0.0,0.0,2026576,-1185346,164409852,-13952,19022,95054,61,0016fe00,43.51535439383,-79.6838837586,174.5519,-37.1,SOL_COMPUTED,SINGLE,good,1.4698,1.6489,3.0553,16,13,0.0,0.0,0,0,0,0,0,0,0,0,0,—,—,0.0,0.0,0.0,0.0
2026-05-25 08:49:08.605960,1779713348.605960,2420,132567.0,,,,,,,,,,,,,,,,0.0000,,,,0.0,0.0,0.0,0.0,0.0,0.0,0.0,0.0,0.0,2044925,-1246052,164351559,-29731,-21636,97954,61,0013fe00,43.51535525335,-79.68388590159,174.4233,-37.1,SOL_COMPUTED,SINGLE,good,1.4716,1.6508,3.0572,16,13,0.0,0.0,0,0,0,0,0,0,0,0,0,—,—,0.0,0.0,0.0,0.0
2026-05-25 08:49:09.607189,1779713349.607189,2420,132568.0,,,,,,,,,,,,,,,,0.0000,,,,0.0,0.0,0.0,0.0,0.0,0.0,0.0,0.0,0.0,2063033,-1179324,164367158,12515,-18428,87428,61,000ffe00,43.51535621575,-79.68388810764,174.278,-37.1,SOL_COMPUTED,SINGLE,good,1.4716,1.6519,3.0557,16,13,0.0,0.0,0,0,0,0,0,0,0,0,0,—,—,0.0,0.0,0.0,0.0
2026-05-25 08:49:10.606476,1779713350.606476,2420,132569.0,,,,,,,,,,,,,,,,0.0000,,,,0.0,0.0,0.0,0.0,0.0,0.0,0.0,0.0,0.0,2035710,-1244471,164335220,-9661,-19943,105880,61,000bfe00,43.51535701781,-79.68388996231,174.1652,-37.1,SOL_COMPUTED,SINGLE,good,1.4695,1.6487,3.0551,16,13,0.0,0.0,0,0,0,0,0,0,0,0,0,—,—,0.0,0.0,0.0,0.0
2026-05-25 08:49:11.607546,1779713351.607546,2420,132570.0,,,,,,,,,,,,,,,,0.0000,,,,0.0,0.0,0.0,0.0,0.0,0.0,0.0,0.0,0.0,2093680,-1240975,164387444,-847,-27245,51863,61,0008fe00,43.51535775981,-79.68389173568,174.07,-37.1,SOL_COMPUTED,SINGLE,good,1.4665,1.6447,3.0527,16,13,0.0,0.0,0,0,0,0,0,0,0,0,0,—,—,0.0,0.0,0.0,0.0
2026-05-25 08:49:12.608024,1779713352.608024,2420,132571.0,,,,,,,,,,,,,,,,0.0000,,,,0.0,0.0,0.0,0.0,0.0,0.0,0.0,0.0,0.0,2031741,-1232441,164398549,-16481,-6746,107223,61,0004fe00,43.51535853939,-79.68389357947,173.9653,-37.1,SOL_COMPUTED,SINGLE,good,1.466,1.6441,3.0529,16,13,0.0,0.0,0,0,0,0,0,0,0,0,0,—,—,0.0,0.0,0.0,0.0
2026-05-25 08:49:13.605950,1779713353.605950,2420,132572.0,,,,,,,,,,,,,,,,0.0000,,,,0.0,0.0,0.0,0.0,0.0,0.0,0.0,0.0,0.0,2005398,-1162475,164343752,-31203,33154,86760,61,0000fe00,43.51535939167,-79.68389551016,173.8635,-37.1,SOL_COMPUTED,SINGLE,good,1.4664,1.6456,3.0533,16,13,0.0,0.0,0,0,0,0,0,0,0,0,0,—,—,0.0,0.0,0.0,0.0
2026-05-25 08:49:14.607257,1779713354.607257,2420,132573.0,,,,,,,,,,,,,,,,0.0000,,,,0.0,0.0,0.0,0.0,0.0,0.0,0.0,0.0,0.0,2033570,-1194835,164298032,-34248,-38176,65072,61,fffdfe00,43.5153600578,-79.68389702224,173.7742,-37.1,SOL_COMPUTED,SINGLE,good,1.463,1.6427,3.0507,16,13,0.0,0.0,0,0,0,0,0,0,0,0,0,—,—,0.0,0.0,0.0,0.0
2026-05-25 08:49:15.606093,1779713355.606093,2420,132574.0,,,,,,,,,,,,,,,,0.0000,,,,0.0,0.0,0.0,0.0,0.0,0.0,0.0,0.0,0.0,2139102,-1240397,164301162,-68180,-3004,94045,61,fffafe00,43.51536085347,-79.68389894804,173.7034,-37.1,SOL_COMPUTED,SINGLE,good,1.4638,1.6431,3.0501,16,13,0.0,0.0,0,0,0,0,0,0,0,0,0,—,—,0.0,0.0,0.0,0.0
2026-05-25 08:49:16.606293,1779713356.606293,2420,132575.0,,,,,,,,,,,,,,,,0.0000,,,,0.0,0.0,0.0,0.0,0.0,0.0,0.0,0.0,0.0,2048925,-1213893,164426553,-24813,11467,103322,61,fff6fe00,43.51536140388,-79.68390039395,173.6367,-37.1,SOL_COMPUTED,SINGLE,good,1.4624,1.6421,3.0502,16,13,0.0,0.0,0,0,0,0,0,0,0,0,0,—,—,0.0,0.0,0.0,0.0
2026-05-25 08:49:17.606367,1779713357.606367,2420,132576.0,,,,,,,,,,,,,,,,0.0000,,,,0.0,0.0,0.0,0.0,0.0,0.0,0.0,0.0,0.0,2066274,-1183550,164312395,1023,-25369,89767,61,fff2fe00,43.51536204242,-79.68390172643,173.5832,-37.1,SOL_COMPUTED,SINGLE,good,1.4623,1.6427,3.0504,16,13,0.0,0.0,0,0,0,0,0,0,0,0,0,—,—,0.0,0.0,0.0,0.0
2026-05-25 08:49:18.605957,1779713358.605957,2420,132577.0,,,,,,,,,,,,,,,,0.0000,,,,0.0,0.0,0.0,0.0,0.0,0.0,0.0,0.0,0.0,2091140,-1147596,164404306,1203,-4113,65842,61,ffeffe00,43.51536263669,-79.68390303274,173.5566,-37.1,SOL_COMPUTED,SINGLE,good,1.462,1.6428,3.0498,16,13,0.0,0.0,0,0,0,0,0,0,0,0,0,—,—,0.0,0.0,0.0,0.0
2026-05-25 08:49:19.605864,1779713359.605864,2420,132578.0,,,,,,,,,,,,,,,,0.0000,,,,0.0,0.0,0.0,0.0,0.0,0.0,0.0,0.0,0.0,2053595,-1209490,164320400,-30618,-17581,65975,61,ffebfe00,43.51536318281,-79.68390411082,173.5228,-37.1,SOL_COMPUTED,SINGLE,good,1.4628,1.6445,3.0512,16,13,0.0,0.0,0,0,0,0,0,0,0,0,0,—,—,0.0,0.0,0.0,0.0
2026-05-25 08:49:20.606904,1779713360.606904,2420,132579.0,,,,,,,,,,,,,,,,0.0000,,,,0.0,0.0,0.0,0.0,0.0,0.0,0.0,0.0,0.0,2021304,-1160712,164360847,32262,4140,74063,61,ffe8fe00,43.51537354099,-79.68394268943,173.0272,-37.1,SOL_COMPUTED,SINGLE,good,1.4534,1.5789,3.0509,16,14,0.0,0.0,0,0,0,0,0,0,0,0,0,—,—,0.0,0.0,0.0,0.0
2026-05-25 08:49:21.607340,1779713361.607340,2420,132580.0,,,,,,,,,,,,,,,,0.0000,,,,0.0,0.0,0.0,0.0,0.0,0.0,0.0,0.0,0.0,2097191,-1153681,164358946,-9358,-9993,81743,61,ffe4fe00,43.51537380788,-79.68394288691,173.0182,-37.1,SOL_COMPUTED,SINGLE,good,1.4543,1.5805,3.0526,16,14,0.0,0.0,0,0,0,0,0,0,0,0,0,—,—,0.0,0.0,0.0,0.0
2026-05-25 08:49:22.610639,1779713362.610639,2420,132581.0,,,,,,,,,,,,,,,,0.0000,,,,0.0,0.0,0.0,0.0,0.0,0.0,0.0,0.0,0.0,2024159,-1213140,164372494,-18554,-4528,67664,61,ffe1fe00,43.5153739764,-79.68394284831,173.0509,-37.1,SOL_COMPUTED,SINGLE,good,1.4535,1.5795,3.0515,16,14,0.0,0.0,0,0,0,0,0,0,0,0,0,—,—,0.0,0.0,0.0,0.0
2026-05-25 08:49:23.607133,1779713363.607133,2420,132582.0,,,,,,,,,,,,,,,,0.0000,,,,0.0,0.0,0.0,0.0,0.0,0.0,0.0,0.0,0.0,2055517,-1198724,164375609,-6732,21206,96260,61,ffddfe00,43.51537405558,-79.68394266494,173.0977,-37.1,SOL_COMPUTED,SINGLE,good,1.4539,1.581,3.0537,16,14,0.0,0.0,0,0,0,0,0,0,0,0,0,—,—,0.0,0.0,0.0,0.0
2026-05-25 08:49:24.607670,1779713364.607670,2420,132583.0,,,,,,,,,,,,,,,,0.0000,,,,0.0,0.0,0.0,0.0,0.0,0.0,0.0,0.0,0.0,1989570,-1254495,164303170,318,-1184,77319,61,ffdafe00,43.5153740474,-79.68394214624,173.1465,-37.1,SOL_COMPUTED,SINGLE,good,1.4541,1.5815,3.0542,16,14,0.0,0.0,0,0,0,0,0,0,0,0,0,—,—,0.0,0.0,0.0,0.0
2026-05-25 08:49:25.606883,1779713365.606883,2420,132584.0,,,,,,,,,,,,,,,,0.0000,,,,0.0,0.0,0.0,0.0,0.0,0.0,0.0,0.0,0.0,2009414,-1232001,164378238,-32661,-23121,57026,61,ffd6fe00,43.51537401361,-79.68394157317,173.1888,-37.1,SOL_COMPUTED,SINGLE,good,1.4554,1.5845,3.0575,16,14,0.0,0.0,0,0,0,0,0,0,0,0,0,—,—,0.0,0.0,0.0,0.0
2026-05-25 08:49:26.614824,1779713366.614824,2420,132585.0,,,,,,,,,,,,,,,,0.0000,,,,0.0,0.0,0.0,0.0,0.0,0.0,0.0,0.0,0.0,2148814,-1248402,164395329,-25048,8982,67276,61,ffd2fe00,43.51537376208,-79.68394101054,173.2803,-37.1,SOL_COMPUTED,SINGLE,good,1.4544,1.5798,3.0532,16,14,0.0,0.0,0,0,0,0,0,0,0,0,0,—,—,0.0,0.0,0.0,0.0
2026-05-25 08:49:27.608366,1779713367.608366,2420,132586.0,,,,,,,,,,,,,,,,0.0000,,,,0.0,0.0,0.0,0.0,0.0,0.0,0.0,0.0,0.0,2070151,-1232638,164287155,-23837,33408,69658,61,ffcffe00,43.51535306341,-79.68388999448,169.1847,-37.1,SOL_COMPUTED,SINGLE,good,1.4447,1.6259,2.9343,16,14,0.0,0.0,0,0,0,0,0,0,0,0,0,—,—,0.0,0.0,0.0,0.0
2026-05-25 08:49:28.606166,1779713368.606166,2420,132587.0,,,,,,,,,,,,,,,,0.0000,,,,0.0,0.0,0.0,0.0,0.0,0.0,0.0,0.0,0.0,2106526,-1200986,164303097,-21706,8776,110002,61,ffccfe00,43.51535314642,-79.68388956712,169.3732,-37.1,SOL_COMPUTED,SINGLE,good,1.445,1.628,2.9363,16,14,0.0,0.0,0,0,0,0,0,0,0,0,0,—,—,0.0,0.0,0.0,0.0
2026-05-25 08:49:29.607614,1779713369.607614,2420,132588.0,,,,,,,,,,,,,,,,0.0000,,,,0.0,0.0,0.0,0.0,0.0,0.0,0.0,0.0,0.0,2112387,-1236888,164388924,-16800,-19137,73149,61,ffc8fe00,43.51535330011,-79.68388973199,169.6308,-37.1,SOL_COMPUTED,SINGLE,good,1.444,1.6247,2.9338,16,14,0.0,0.0,0,0,0,0,0,0,0,0,0,—,—,0.0,0.0,0.0,0.0
2026-05-25 08:49:30.606443,1779713370.606443,2420,132589.0,,,,,,,,,,,,,,,,0.0000,,,,0.0,0.0,0.0,0.0,0.0,0.0,0.0,0.0,0.0,2055233,-1206014,164307063,12419,-15132,85035,61,ffc4fe00,43.51535338915,-79.68388957144,169.8658,-37.1,SOL_COMPUTED,SINGLE,good,1.4443,1.6243,2.9331,16,14,0.0,0.0,0,0,0,0,0,0,0,0,0,—,—,0.0,0.0,0.0,0.0
2026-05-25 08:49:31.607979,1779713371.607979,2420,132590.0,,,,,,,,,,,,,,,,0.0000,,,,0.0,0.0,0.0,0.0,0.0,0.0,0.0,0.0,0.0,2090130,-1211889,164360384,-55187,-30487,54050,61,ffc1fe00,43.51535332887,-79.68388926199,170.1354,-37.1,SOL_COMPUTED,SINGLE,good,1.4441,1.6214,2.932,16,14,0.0,0.0,0,0,0,0,0,0,0,0,0,—,—,0.0,0.0,0.0,0.0
2026-05-25 08:49:32.605680,1779713372.605680,2420,132591.0,,,,,,,,,,,,,,,,0.0000,,,,0.0,0.0,0.0,0.0,0.0,0.0,0.0,0.0,0.0,2112885,-1195565,164322833,-5830,-18704,85669,61,ffbdfe00,43.51535316979,-79.68388858383,170.3763,-37.1,SOL_COMPUTED,SINGLE,good,1.4433,1.6199,2.931,16,14,0.0,0.0,0,0,0,0,0,0,0,0,0,—,—,0.0,0.0,0.0,0.0
2026-05-25 08:49:33.606973,1779713373.606973,2420,132592.0,,,,,,,,,,,,,,,,0.0000,,,,0.0,0.0,0.0,0.0,0.0,0.0,0.0,0.0,0.0,2130855,-1208006,164350842,-34240,7866,76163,61,ffbafe00,43.5153530736,-79.68388780268,170.6152,-37.1,SOL_COMPUTED,SINGLE,good,1.444,1.6207,2.9316,16,14,0.0,0.0,0,0,0,0,0,0,0,0,0,—,—,0.0,0.0,0.0,0.0
2026-05-25 08:49:34.605971,1779713374.605971,2420,132593.0,,,,,,,,,,,,,,,,0.0000,,,,0.0,0.0,0.0,0.0,0.0,0.0,0.0,0.0,0.0,2041820,-1132945,164326528,-30073,-28746,90973,61,ffb6fe00,43.51535304097,-79.68388719668,170.888,-37.1,SOL_COMPUTED,SINGLE,good,1.4445,1.6204,2.9314,16,14,0.0,0.0,0,0,0,0,0,0,0,0,0,—,—,0.0,0.0,0.0,0.0
2026-05-25 08:49:35.605942,1779713375.605942,2420,132594.0,,,,,,,,,,,,,,,,0.0000,,,,0.0,0.0,0.0,0.0,0.0,0.0,0.0,0.0,0.0,2091756,-1216631,164320563,6737,19805,97669,61,ffb3fe00,43.51535295928,-79.68388637971,171.1311,-37.1,SOL_COMPUTED,SINGLE,good,1.4449,1.6202,2.9314,16,14,0.0,0.0,0,0,0,0,0,0,0,0,0,—,—,0.0,0.0,0.0,0.0
2026-05-25 08:49:36.606955,1779713376.606955,2420,132595.0,,,,,,,,,,,,,,,,0.0000,,,,0.0,0.0,0.0,0.0,0.0,0.0,0.0,0.0,0.0,2106955,-1189537,164378321,-32629,1996,68945,61,ffaffe00,43.51535288211,-79.68388551748,171.3724,-37.1,SOL_COMPUTED,SINGLE,good,1.4459,1.6209,2.9322,16,14,0.0,0.0,0,0,0,0,0,0,0,0,0,—,—,0.0,0.0,0.0,0.0
2026-05-25 08:49:37.607668,1779713377.607668,2420,132596.0,,,,,,,,,,,,,,,,0.0000,,,,0.0,0.0,0.0,0.0,0.0,0.0,0.0,0.0,0.0,2120223,-1238530,164319073,-6614,-1154,79827,61,ffacfe00,43.51535278896,-79.68388459115,171.6201,-37.1,SOL_COMPUTED,SINGLE,good,1.4459,1.6201,2.9327,16,14,0.0,0.0,0,0,0,0,0,0,0,0,0,—,—,0.0,0.0,0.0,0.0
2026-05-25 08:49:38.606498,1779713378.606498,2420,132597.0,,,,,,,,,,,,,,,,0.0000,,,,0.0,0.0,0.0,0.0,0.0,0.0,0.0,0.0,0.0,2053580,-1207403,164380010,91,-5489,63780,61,ffa8fe00,43.51535277683,-79.68388374847,171.86,-37.1,SOL_COMPUTED,SINGLE,good,1.4462,1.6205,2.9327,16,14,0.0,0.0,0,0,0,0,0,0,0,0,0,—,—,0.0,0.0,0.0,0.0
2026-05-25 08:49:39.607406,1779713379.607406,2420,132598.0,,,,,,,,,,,,,,,,0.0000,,,,0.0,0.0,0.0,0.0,0.0,0.0,0.0,0.0,0.0,2084962,-1262019,164377711,-15057,15108,58133,61,ffa5fe00,43.51535273561,-79.68388273729,172.0981,-37.1,SOL_COMPUTED,SINGLE,good,1.447,1.6207,2.9341,16,14,0.0,0.0,0,0,0,0,0,0,0,0,0,—,—,0.0,0.0,0.0,0.0
2026-05-25 08:49:40.607078,1779713380.607078,2420,132599.0,,,,,,,,,,,,,,,,0.0000,,,,0.0,0.0,0.0,0.0,0.0,0.0,0.0,0.0,0.0,2091553,-1189821,164326028,-15007,-17482,68215,61,ffa2fe00,43.51535271516,-79.68388183178,172.3275,-37.1,SOL_COMPUTED,SINGLE,good,1.4478,1.6209,2.9354,16,14,0.0,0.0,0,0,0,0,0,0,0,0,0,—,—,0.0,0.0,0.0,0.0
2026-05-25 08:49:41.607361,1779713381.607361,2420,132600.0,,,,,,,,,,,,,,,,0.0000,,,,0.0,0.0,0.0,0.0,0.0,0.0,0.0,0.0,0.0,2053003,-1182032,164351844,-29273,-20534,96747,61,ff9efe00,43.51535269992,-79.68388090576,172.5616,-37.1,SOL_COMPUTED,SINGLE,good,1.4468,1.6202,2.9335,16,14,0.0,0.0,0,0,0,0,0,0,0,0,0,—,—,0.0,0.0,0.0,0.0
2026-05-25 08:49:42.615015,1779713382.615015,2420,132601.0,,,,,,,,,,,,,,,,0.0000,,,,0.0,0.0,0.0,0.0,0.0,0.0,0.0,0.0,0.0,2081322,-1220144,164360149,2861,18028,76868,61,ff9bfe00,43.51535268286,-79.68387995933,172.7735,-37.1,SOL_COMPUTED,SINGLE,good,1.4483,1.6217,2.9353,16,14,0.0,0.0,0,0,0,0,0,0,0,0,0,—,—,0.0,0.0,0.0,0.0
2026-05-25 08:49:43.605881,1779713383.605881,2420,132602.0,,,,,,,,,,,,,,,,0.0000,,,,0.0,0.0,0.0,0.0,0.0,0.0,0.0,0.0,0.0,2115764,-1228299,164359182,-48673,-8468,59082,61,ff97fe00,43.51535260108,-79.68387896603,173.0,-37.1,SOL_COMPUTED,SINGLE,good,1.448,1.621,2.9354,16,14,0.0,0.0,0,0,0,0,0,0,0,0,0,—,—,0.0,0.0,0.0,0.0
2026-05-25 08:49:44.606029,1779713384.606029,2420,132603.0,,,,,,,,,,,,,,,,0.0000,,,,0.0,0.0,0.0,0.0,0.0,0.0,0.0,0.0,0.0,2032854,-1243510,164347479,-22,-16298,56710,61,ff93fe00,43.51535257367,-79.68387793808,173.1877,-37.1,SOL_COMPUTED,SINGLE,good,1.451,1.624,2.9398,16,14,0.0,0.0,0,0,0,0,0,0,0,0,0,—,—,0.0,0.0,0.0,0.0
2026-05-25 08:49:45.607326,1779713385.607326,2420,132604.0,,,,,,,,,,,,,,,,0.0000,,,,0.0,0.0,0.0,0.0,0.0,0.0,0.0,0.0,0.0,2035858,-1261366,164387116,-4321,-46792,125512,61,ff91fe00,43.51535251315,-79.68387690927,173.3897,-37.1,SOL_COMPUTED,SINGLE,good,1.4518,1.625,2.9402,16,14,0.0,0.0,0,0,0,0,0,0,0,0,0,—,—,0.0,0.0,0.0,0.0
2026-05-25 08:49:46.607499,1779713386.607499,2420,132605.0,,,,,,,,,,,,,,,,0.0000,,,,0.0,0.0,0.0,0.0,0.0,0.0,0.0,0.0,0.0,2059291,-1271504,164404294,-20374,13219,74623,61,ff8dfe00,43.51535240874,-79.68387593446,173.5569,-37.1,SOL_COMPUTED,SINGLE,good,1.4524,1.6259,2.9406,16,14,0.0,0.0,0,0,0,0,0,0,0,0,0,—,—,0.0,0.0,0.0,0.0
2026-05-25 08:49:47.608028,1779713387.608028,2420,132606.0,,,,,,,,,,,,,,,,0.0000,,,,0.0,0.0,0.0,0.0,0.0,0.0,0.0,0.0,0.0,2131464,-1190884,164374161,-11694,2636,61377,61,ff89fe00,43.51535854579,-79.68389562877,173.8858,-37.1,SOL_COMPUTED,SINGLE,good,1.4384,1.5477,2.9418,16,15,0.0,0.0,0,0,0,0,0,0,0,0,0,—,—,0.0,0.0,0.0,0.0
2026-05-25 08:49:48.606314,1779713388.606314,2420,132607.0,,,,,,,,,,,,,,,,0.0000,,,,0.0,0.0,0.0,0.0,0.0,0.0,0.0,0.0,0.0,1988904,-1240129,164352386,31045,14045,67023,61,ff86fe00,43.51535845344,-79.68389419916,174.0291,-37.1,SOL_COMPUTED,SINGLE,good,1.4411,1.5507,2.9432,16,15,0.0,0.0,0,0,0,0,0,0,0,0,0,—,—,0.0,0.0,0.0,0.0
2026-05-25 08:49:49.607425,1779713389.607425,2420,132608.0,,,,,,,,,,,,,,,,0.0000,,,,0.0,0.0,0.0,0.0,0.0,0.0,0.0,0.0,0.0,2122041,-1160810,164298071,-26390,-32301,55196,61,ff82fe00,43.51535788233,-79.68389198696,174.1949,-37.1,SOL_COMPUTED,SINGLE,good,1.4405,1.5481,2.9445,16,15,0.0,0.0,0,0,0,0,0,0,0,0,0,—,—,0.0,0.0,0.0,0.0
2026-05-25 08:49:50.606552,1779713390.606552,2420,132609.0,,,,,,,,,,,,,,,,0.0000,,,,0.0,0.0,0.0,0.0,0.0,0.0,0.0,0.0,0.0,2050945,-1202652,164394071,-6440,-2384,63683,61,ff7ffe00,43.51535740158,-79.68389001997,174.283,-37.1,SOL_COMPUTED,SINGLE,good,1.4407,1.5493,2.945,16,15,0.0,0.0,0,0,0,0,0,0,0,0,0,—,—,0.0,0.0,0.0,0.0
2026-05-25 08:49:51.607340,1779713391.607340,2420,132610.0,,,,,,,,,,,,,,,,0.0000,,,,0.0,0.0,0.0,0.0,0.0,0.0,0.0,0.0,0.0,2036056,-1244548,164402836,-17614,10280,75723,61,ff7cfe00,43.51535667697,-79.68388771855,174.3891,-37.1,SOL_COMPUTED,SINGLE,good,1.4397,1.5485,2.9447,16,15,0.0,0.0,0,0,0,0,0,0,0,0,0,—,—,0.0,0.0,0.0,0.0
2026-05-25 08:49:52.606306,1779713392.606306,2420,132611.0,,,,,,,,,,,,,,,,0.0000,,,,0.0,0.0,0.0,0.0,0.0,0.0,0.0,0.0,0.0,2033414,-1233287,164354346,-34384,-26983,61091,61,ff78fe00,43.51535636639,-79.68388607424,174.3672,-37.1,SOL_COMPUTED,SINGLE,good,1.4474,1.5561,2.9572,16,15,0.0,0.0,0,0,0,0,0,0,0,0,0,—,—,0.0,0.0,0.0,0.0
2026-05-25 08:49:53.605948,1779713393.605948,2420,132612.0,,,,,,,,,,,,,,,,0.0000,,,,0.0,0.0,0.0,0.0,0.0,0.0,0.0,0.0,0.0,2136866,-1152633,164374070,-665,11111,84652,61,ff75fe00,43.51535546641,-79.68388327258,174.4741,-37.1,SOL_COMPUTED,SINGLE,good,1.4416,1.5505,2.9488,16,15,0.0,0.0,0,0,0,0,0,0,0,0,0,—,—,0.0,0.0,0.0,0.0
2026-05-25 08:49:54.606115,1779713394.606115,2420,132613.0,,,,,,,,,,,,,,,,0.0000,,,,0.0,0.0,0.0,0.0,0.0,0.0,0.0,0.0,0.0,2072122,-1193784,164344132,-12209,9323,82026,61,ff72fe00,43.51535490234,-79.68388090974,174.4962,-37.1,SOL_COMPUTED,SINGLE,good,1.4398,1.5492,2.9434,16,15,0.0,0.0,0,0,0,0,0,0,0,0,0,—,—,0.0,0.0,0.0,0.0
2026-05-25 08:49:55.606355,1779713395.606355,2420,132614.0,,,,,,,,,,,,,,,,0.0000,,,,0.0,0.0,0.0,0.0,0.0,0.0,0.0,0.0,0.0,2088650,-1231930,164405017,-1302,-11738,55527,61,ff6efe00,43.51535433364,-79.6838785463,174.4341,-37.1,SOL_COMPUTED,SINGLE,good,1.4393,1.5482,2.9453,16,15,0.0,0.0,0,0,0,0,0,0,0,0,0,—,—,0.0,0.0,0.0,0.0
2026-05-25 08:49:56.606424,1779713396.606424,2420,132615.0,,,,,,,,,,,,,,,,0.0000,,,,0.0,0.0,0.0,0.0,0.0,0.0,0.0,0.0,0.0,2036383,-1204349,164358316,-20885,-12475,81652,61,ff6bfe00,43.51535399431,-79.68387637291,174.3686,-37.1,SOL_COMPUTED,SINGLE,good,1.4409,1.5492,2.9465,16,15,0.0,0.0,0,0,0,0,0,0,0,0,0,—,—,0.0,0.0,0.0,0.0
2026-05-25 08:49:57.606987,1779713397.606987,2420,132616.0,,,,,,,,,,,,,,,,0.0000,,,,0.0,0.0,0.0,0.0,0.0,0.0,0.0,0.0,0.0,2097642,-1167161,164301512,-47467,7130,84366,61,ff67fe00,43.51535357088,-79.68387401032,174.3084,-37.1,SOL_COMPUTED,SINGLE,good,1.4388,1.5469,2.9434,16,15,0.0,0.0,0,0,0,0,0,0,0,0,0,—,—,0.0,0.0,0.0,0.0
2026-05-25 08:49:58.605887,1779713398.605887,2420,132617.0,,,,,,,,,,,,,,,,0.0000,,,,0.0,0.0,0.0,0.0,0.0,0.0,0.0,0.0,0.0,2010731,-1208723,164343558,-4627,675,77408,61,ff63fe00,43.51535328384,-79.68387174027,174.2235,-37.1,SOL_COMPUTED,SINGLE,good,1.4374,1.545,2.9422,16,15,0.0,0.0,0,0,0,0,0,0,0,0,0,—,—,0.0,0.0,0.0,0.0
2026-05-25 08:49:59.606488,1779713399.606488,2420,132618.0,,,,,,,,,,,,,,,,0.0000,,,,0.0,0.0,0.0,0.0,0.0,0.0,0.0,0.0,0.0,2020385,-1244094,164321806,12244,-3115,67191,61,ff60fe00,43.51535304968,-79.68386955188,174.1247,-37.1,SOL_COMPUTED,SINGLE,good,1.4363,1.5444,2.9407,16,15,0.0,0.0,0,0,0,0,0,0,0,0,0,—,—,0.0,0.0,0.0,0.0
2026-05-25 08:50:00.605370,1779713400.605370,2420,132619.0,,,,,,,,,,,,,,,,0.0000,,,,0.0,0.0,0.0,0.0,0.0,0.0,0.0,0.0,0.0,2073225,-1184296,164406580,-590,-12761,68847,61,ff5dfe00,43.51535287423,-79.68386750517,174.0561,-37.1,SOL_COMPUTED,SINGLE,good,1.4362,1.5439,2.9404,16,15,0.0,0.0,0,0,0,0,0,0,0,0,0,—,—,0.0,0.0,0.0,0.0
2026-05-25 08:50:01.607746,1779713401.607746,2420,132620.0,,,,,,,,,,,,,,,,0.0000,,,,0.0,0.0,0.0,0.0,0.0,0.0,0.0,0.0,0.0,2117459,-1174883,164314125,-31556,10173,78655,61,ff5afe00,43.5153526255,-79.68386527001,174.0076,-37.1,SOL_COMPUTED,SINGLE,good,1.4352,1.5424,2.9409,16,15,0.0,0.0,0,0,0,0,0,0,0,0,0,—,—,0.0,0.0,0.0,0.0
2026-05-25 08:50:02.606171,1779713402.606171,2420,132621.0,,,,,,,,,,,,,,,,0.0000,,,,0.0,0.0,0.0,0.0,0.0,0.0,0.0,0.0,0.0,2098604,-1267473,164288880,-16278,22861,75945,61,ff56fe00,43.51535245283,-79.68386309561,173.9616,-37.1,SOL_COMPUTED,SINGLE,good,1.434,1.5411,2.9369,16,15,0.0,0.0,0,0,0,0,0,0,0,0,0,—,—,0.0,0.0,0.0,0.0
2026-05-25 08:50:03.605854,1779713403.605854,2420,132622.0,,,,,,,,,,,,,,,,0.0000,,,,0.0,0.0,0.0,0.0,0.0,0.0,0.0,0.0,0.0,2094799,-1232712,164329155,21642,7670,67482,61,ff53fe00,43.51535233306,-79.68386096493,173.8894,-37.1,SOL_COMPUTED,SINGLE,good,1.4347,1.5416,2.9393,16,15,0.0,0.0,0,0,0,0,0,0,0,0,0,—,—,0.0,0.0,0.0,0.0
2026-05-25 08:50:04.606638,1779713404.606638,2420,132623.0,,,,,,,,,,,,,,,,0.0000,,,,0.0,0.0,0.0,0.0,0.0,0.0,0.0,0.0,0.0,2045713,-1217933,164345491,-19362,-16647,78955,61,ff50fe00,43.5153520885,-79.68385894957,173.8482,-37.1,SOL_COMPUTED,SINGLE,good,1.4337,1.5402,2.937,16,15,0.0,0.0,0,0,0,0,0,0,0,0,0,—,—,0.0,0.0,0.0,0.0
2026-05-25 08:50:05.606471,1779713405.606471,2420,132624.0,,,,,,,,,,,,,,,,0.0000,,,,0.0,0.0,0.0,0.0,0.0,0.0,0.0,0.0,0.0,2082822,-1175156,164355415,9544,-18146,59292,61,ff4cfe00,43.51535178687,-79.68385696315,173.8156,-37.1,SOL_COMPUTED,SINGLE,good,1.4344,1.5402,2.9383,16,15,0.0,0.0,0,0,0,0,0,0,0,0,0,—,—,0.0,0.0,0.0,0.0
2026-05-25 08:50:06.607081,1779713406.607081,2420,132625.0,,,,,,,,,,,,,,,,0.0000,,,,0.0,0.0,0.0,0.0,0.0,0.0,0.0,0.0,0.0,2090999,-1195176,164389993,16572,2123,87021,61,ff49fe00,43.51535145943,-79.68385499995,173.7686,-37.1,SOL_COMPUTED,SINGLE,good,1.4343,1.5398,2.9383,16,15,0.0,0.0,0,0,0,0,0,0,0,0,0,—,—,0.0,0.0,0.0,0.0
2026-05-25 08:50:07.606749,1779713407.606749,2420,132626.0,,,,,,,,,,,,,,,,0.0000,,,,0.0,0.0,0.0,0.0,0.0,0.0,0.0,0.0,0.0,2043026,-1199723,164274854,-26039,-17893,59177,61,ff45fe00,43.51535116638,-79.68385312623,173.7268,-37.1,SOL_COMPUTED,SINGLE,good,1.4344,1.5392,2.9382,16,15,0.0,0.0,0,0,0,0,0,0,0,0,0,—,—,0.0,0.0,0.0,0.0
2026-05-25 08:50:08.606516,1779713408.606516,2420,132627.0,,,,,,,,,,,,,,,,0.0000,,,,0.0,0.0,0.0,0.0,0.0,0.0,0.0,0.0,0.0,2071156,-1185848,164333014,-48393,-10588,61948,61,ff41fe00,43.51535097147,-79.68385129129,173.7097,-37.1,SOL_COMPUTED,SINGLE,good,1.4337,1.5392,2.9364,16,15,0.0,0.0,0,0,0,0,0,0,0,0,0,—,—,0.0,0.0,0.0,0.0
2026-05-25 08:50:09.606512,1779713409.606512,2420,132628.0,,,,,,,,,,,,,,,,0.0000,,,,0.0,0.0,0.0,0.0,0.0,0.0,0.0,0.0,0.0,2116171,-1278439,164407475,-810,13576,65348,61,ff3efe00,43.5153508267,-79.68384940946,173.7356,-37.1,SOL_COMPUTED,SINGLE,good,1.432,1.5383,2.9333,16,15,0.0,0.0,0,0,0,0,0,0,0,0,0,—,—,0.0,0.0,0.0,0.0
2026-05-25 08:50:10.605768,1779713410.605768,2420,132629.0,,,,,,,,,,,,,,,,0.0000,,,,0.0,0.0,0.0,0.0,0.0,0.0,0.0,0.0,0.0,2092757,-1157390,164337441,-22920,-6031,80777,61,ff3bfe00,43.5153506048,-79.68384755242,173.7582,-37.1,SOL_COMPUTED,SINGLE,good,1.4338,1.5382,2.9366,16,15,0.0,0.0,0,0,0,0,0,0,0,0,0,—,—,0.0,0.0,0.0,0.0
2026-05-25 08:50:11.606112,1779713411.606112,2420,132630.0,,,,,,,,,,,,,,,,0.0000,,,,0.0,0.0,0.0,0.0,0.0,0.0,0.0,0.0,0.0,2121031,-1172255,164342780,-14392,24955,104881,61,ff38fe00,43.51535047347,-79.68384569897,173.8006,-37.1,SOL_COMPUTED,SINGLE,good,1.4335,1.5381,2.9358,16,15,0.0,0.0,0,0,0,0,0,0,0,0,0,—,—,0.0,0.0,0.0,0.0
2026-05-25 08:50:12.606110,1779713412.606110,2420,132631.0,,,,,,,,,,,,,,,,0.0000,,,,0.0,0.0,0.0,0.0,0.0,0.0,0.0,0.0,0.0,2038889,-1202657,164448900,-6208,-37608,85041,61,ff34fe00,43.51535045856,-79.68384387338,173.8829,-37.1,SOL_COMPUTED,SINGLE,good,1.4327,1.5374,2.9345,16,15,0.0,0.0,0,0,0,0,0,0,0,0,0,—,—,0.0,0.0,0.0,0.0
2026-05-25 08:50:13.605917,1779713413.605917,2420,132632.0,,,,,,,,,,,,,,,,0.0000,,,,0.0,0.0,0.0,0.0,0.0,0.0,0.0,0.0,0.0,2067722,-1175051,164338971,-2223,-9661,109036,61,ff31fe00,43.51534693357,-79.68384401901,173.9876,-37.1,SOL_COMPUTED,SINGLE,good,1.4325,1.5372,2.9337,16,15,0.0,0.0,0,0,0,0,0,0,0,0,0,—,—,0.0,0.0,0.0,0.0
2026-05-25 08:50:14.606208,1779713414.606208,2420,132633.0,,,,,,,,,,,,,,,,0.0000,,,,0.0,0.0,0.0,0.0,0.0,0.0,0.0,0.0,0.0,2037653,-1200438,164337038,-30193,-13028,84536,61,ff2dfe00,43.51534694614,-79.68384221577,174.11,-37.1,SOL_COMPUTED,SINGLE,good,1.432,1.5371,2.9327,16,15,0.0,0.0,0,0,0,0,0,0,0,0,0,—,—,0.0,0.0,0.0,0.0
2026-05-25 08:50:15.606612,1779713415.606612,2420,132634.0,,,,,,,,,,,,,,,,0.0000,,,,0.0,0.0,0.0,0.0,0.0,0.0,0.0,0.0,0.0,2111913,-1261138,164384775,-18524,16777,77154,61,ff2afe00,43.51534695573,-79.68384042827,174.2361,-37.1,SOL_COMPUTED,SINGLE,good,1.4325,1.537,2.9335,16,15,0.0,0.0,0,0,0,0,0,0,0,0,0,—,—,0.0,0.0,0.0,0.0
2026-05-25 08:50:16.605576,1779713416.605576,2420,132635.0,,,,,,,,,,,,,,,,0.0000,,,,0.0,0.0,0.0,0.0,0.0,0.0,0.0,0.0,0.0,2124463,-1198565,164368476,-29370,5178,72902,61,ff27fe00,43.51534696377,-79.68383856809,174.3833,-37.1,SOL_COMPUTED,SINGLE,good,1.4321,1.5372,2.9328,16,15,0.0,0.0,0,0,0,0,0,0,0,0,0,—,—,0.0,0.0,0.0,0.0
2026-05-25 08:50:17.606758,1779713417.606758,2420,132636.0,,,,,,,,,,,,,,,,0.0000,,,,0.0,0.0,0.0,0.0,0.0,0.0,0.0,0.0,0.0,2013615,-1159667,164353253,4246,-11410,52438,61,ff24fe00,43.51534698217,-79.68383675828,174.5518,-37.1,SOL_COMPUTED,SINGLE,good,1.4318,1.5368,2.9322,16,15,0.0,0.0,0,0,0,0,0,0,0,0,0,—,—,0.0,0.0,0.0,0.0
2026-05-25 08:50:18.607469,1779713418.607469,2420,132637.0,,,,,,,,,,,,,,,,0.0000,,,,0.0,0.0,0.0,0.0,0.0,0.0,0.0,0.0,0.0,2084102,-1215130,164375385,-43393,5815,96561,61,ff20fe00,43.51534702344,-79.68383508253,174.7101,-37.1,SOL_COMPUTED,SINGLE,good,1.4331,1.5373,2.9339,16,15,0.0,0.0,0,0,0,0,0,0,0,0,0,—,—,0.0,0.0,0.0,0.0
2026-05-25 08:50:19.605938,1779713419.605938,2420,132638.0,,,,,,,,,,,,,,,,0.0000,,,,0.0,0.0,0.0,0.0,0.0,0.0,0.0,0.0,0.0,2029259,-1216469,164346736,-644,32290,61436,61,ff1dfe00,43.51534707752,-79.68383339633,174.8704,-37.1,SOL_COMPUTED,SINGLE,good,1.4329,1.5373,2.9335,16,15,0.0,0.0,0,0,0,0,0,0,0,0,0,—,—,0.0,0.0,0.0,0.0
2026-05-25 08:50:20.605559,1779713420.605559,2420,132639.0,,,,,,,,,,,,,,,,0.0000,,,,0.0,0.0,0.0,0.0,0.0,0.0,0.0,0.0,0.0,2114696,-1195461,164314411,-27029,-25929,33823,61,ff19fe00,43.51534725525,-79.68383166244,175.0435,-37.1,SOL_COMPUTED,SINGLE,good,1.4314,1.5369,2.9311,16,15,0.0,0.0,0,0,0,0,0,0,0,0,0,—,—,0.0,0.0,0.0,0.0
2026-05-25 08:50:21.606926,1779713421.606926,2420,132640.0,,,,,,,,,,,,,,,,0.0000,,,,0.0,0.0,0.0,0.0,0.0,0.0,0.0,0.0,0.0,2101872,-1177896,164352682,5237,-27437,96778,61,ff16fe00,43.5153473256,-79.68382991935,175.1951,-37.1,SOL_COMPUTED,SINGLE,good,1.4327,1.5371,2.9332,16,15,0.0,0.0,0,0,0,0,0,0,0,0,0,—,—,0.0,0.0,0.0,0.0
2026-05-25 08:50:22.605930,1779713422.605930,2420,132641.0,,,,,,,,,,,,,,,,0.0000,,,,0.0,0.0,0.0,0.0,0.0,0.0,0.0,0.0,0.0,2110371,-1144580,164349165,-10471,-29564,62148,61,ff13fe00,43.51534742753,-79.68382819278,175.3515,-37.1,SOL_COMPUTED,SINGLE,good,1.4319,1.5373,2.9317,16,15,0.0,0.0,0,0,0,0,0,0,0,0,0,—,—,0.0,0.0,0.0,0.0
2026-05-25 08:50:23.607346,1779713423.607346,2420,132642.0,,,,,,,,,,,,,,,,0.0000,,,,0.0,0.0,0.0,0.0,0.0,0.0,0.0,0.0,0.0,2054740,-1177379,164343075,-22083,12232,86818,61,ff10fe00,43.51534754267,-79.68382643839,175.4997,-37.1,SOL_COMPUTED,SINGLE,good,1.432,1.5375,2.9319,16,15,0.0,0.0,0,0,0,0,0,0,0,0,0,—,—,0.0,0.0,0.0,0.0
2026-05-25 08:50:24.605952,1779713424.605952,2420,132643.0,,,,,,,,,,,,,,,,0.0000,,,,0.0,0.0,0.0,0.0,0.0,0.0,0.0,0.0,0.0,2070601,-1245820,164307405,-1880,-18169,79075,61,ff0cfe00,43.51534775221,-79.68382462699,175.6507,-37.1,SOL_COMPUTED,SINGLE,good,1.4319,1.5374,2.9316,16,15,0.0,0.0,0,0,0,0,0,0,0,0,0,—,—,0.0,0.0,0.0,0.0
2026-05-25 08:50:25.606993,1779713425.606993,2420,132644.0,,,,,,,,,,,,,,,,0.0000,,,,0.0,0.0,0.0,0.0,0.0,0.0,0.0,0.0,0.0,2092654,-1175371,164361187,-26739,-55917,73372,61,ff09fe00,43.5153480443,-79.68382288795,175.7924,-37.1,SOL_COMPUTED,SINGLE,good,1.4329,1.5382,2.9327,16,15,0.0,0.0,0,0,0,0,0,0,0,0,0,—,—,0.0,0.0,0.0,0.0
2026-05-25 08:50:26.605458,1779713426.605458,2420,132645.0,,,,,,,,,,,,,,,,0.0000,,,,0.0,0.0,0.0,0.0,0.0,0.0,0.0,0.0,0.0,2018335,-1218723,164339337,-43032,-19264,91420,61,ff05fe00,43.51534840481,-79.68382109824,175.9522,-37.1,SOL_COMPUTED,SINGLE,good,1.4311,1.5371,2.9304,16,15,0.0,0.0,0,0,0,0,0,0,0,0,0,—,—,0.0,0.0,0.0,0.0
2026-05-25 08:50:27.606519,1779713427.606519,2420,132646.0,,,,,,,,,,,,,,,,0.0000,,,,0.0,0.0,0.0,0.0,0.0,0.0,0.0,0.0,0.0,2023933,-1269626,164349744,-27479,4796,83874,61,ff03fe00,43.51534860924,-79.68381937763,176.0774,-37.1,SOL_COMPUTED,SINGLE,good,1.4325,1.5377,2.9324,16,15,0.0,0.0,0,0,0,0,0,0,0,0,0,—,—,0.0,0.0,0.0,0.0
2026-05-25 08:50:28.606497,1779713428.606497,2420,132647.0,,,,,,,,,,,,,,,,0.0000,,,,0.0,0.0,0.0,0.0,0.0,0.0,0.0,0.0,0.0,2125873,-1174662,164338588,-6532,8385,64014,61,fefffe00,43.51534892383,-79.68381762053,176.2053,-37.1,SOL_COMPUTED,SINGLE,good,1.4313,1.5375,2.9308,16,15,0.0,0.0,0,0,0,0,0,0,0,0,0,—,—,0.0,0.0,0.0,0.0
2026-05-25 08:50:29.606206,1779713429.606206,2420,132648.0,,,,,,,,,,,,,,,,0.0000,,,,0.0,0.0,0.0,0.0,0.0,0.0,0.0,0.0,0.0,2040405,-1134001,164330029,3834,-66559,61248,61,fefcfe00,43.51534927042,-79.68381589844,176.3081,-37.1,SOL_COMPUTED,SINGLE,good,1.4317,1.5383,2.931,16,15,0.0,0.0,0,0,0,0,0,0,0,0,0,—,—,0.0,0.0,0.0,0.0
2026-05-25 08:50:30.606565,1779713430.606565,2420,132649.0,,,,,,,,,,,,,,,,0.0000,,,,0.0,0.0,0.0,0.0,0.0,0.0,0.0,0.0,0.0,2093622,-1205207,164286128,-24159,-39238,57386,61,fef8fe00,43.51534958541,-79.68381427414,176.3953,-37.1,SOL_COMPUTED,SINGLE,good,1.4326,1.5389,2.9323,16,15,0.0,0.0,0,0,0,0,0,0,0,0,0,—,—,0.0,0.0,0.0,0.0
2026-05-25 08:50:31.606343,1779713431.606343,2420,132650.0,,,,,,,,,,,,,,,,0.0000,,,,0.0,0.0,0.0,0.0,0.0,0.0,0.0,0.0,0.0,2154255,-1191483,164346640,11741,987,87063,61,fef5fe00,43.51534991336,-79.68381257914,176.4763,-37.1,SOL_COMPUTED,SINGLE,good,1.4336,1.54,2.9335,16,15,0.0,0.0,0,0,0,0,0,0,0,0,0,—,—,0.0,0.0,0.0,0.0
2026-05-25 08:50:32.607435,1779713432.607435,2420,132651.0,,,,,,,,,,,,,,,,0.0000,,,,0.0,0.0,0.0,0.0,0.0,0.0,0.0,0.0,0.0,2079087,-1218700,164358751,-40302,-13990,93724,61,fef2fe00,43.51535038566,-79.68381100496,176.5464,-37.1,SOL_COMPUTED,SINGLE,good,1.4345,1.5407,2.9343,16,15,0.0,0.0,0,0,0,0,0,0,0,0,0,—,—,0.0,0.0,0.0,0.0
2026-05-25 08:50:33.606309,1779713433.606309,2420,132652.0,,,,,,,,,,,,,,,,0.0000,,,,0.0,0.0,0.0,0.0,0.0,0.0,0.0,0.0,0.0,2051697,-1230511,164388495,308,-48207,83957,61,feeffe00,43.51535086877,-79.68380913542,176.6133,-37.1,SOL_COMPUTED,SINGLE,good,1.4361,1.5425,2.9363,16,15,0.0,0.0,0,0,0,0,0,0,0,0,0,—,—,0.0,0.0,0.0,0.0
2026-05-25 08:50:34.606404,1779713434.606404,2420,132653.0,,,,,,,,,,,,,,,,0.0000,,,,0.0,0.0,0.0,0.0,0.0,0.0,0.0,0.0,0.0,2025830,-1273676,164350826,-2434,-17290,62252,61,feecfe00,43.51535132889,-79.68380733778,176.6807,-37.1,SOL_COMPUTED,SINGLE,good,1.4364,1.5435,2.9358,16,15,0.0,0.0,0,0,0,0,0,0,0,0,0,—,—,0.0,0.0,0.0,0.0
2026-05-25 08:50:35.609200,1779713435.609200,2420,132654.0,,,,,,,,,,,,,,,,0.0000,,,,0.0,0.0,0.0,0.0,0.0,0.0,0.0,0.0,0.0,2086779,-1141272,164335677,-6774,-14809,73860,61,fee8fe00,43.51535174742,-79.68380553446,176.7334,-37.1,SOL_COMPUTED,SINGLE,good,1.4391,1.5463,2.9393,16,15,0.0,0.0,0,0,0,0,0,0,0,0,0,—,—,0.0,0.0,0.0,0.0
2026-05-25 08:50:36.607124,1779713436.607124,2420,132655.0,,,,,,,,,,,,,,,,0.0000,,,,0.0,0.0,0.0,0.0,0.0,0.0,0.0,0.0,0.0,2067446,-1222770,164320516,28994,-2633,70500,61,fee5fe00,43.51535219633,-79.68380375598,176.7868,-37.1,SOL_COMPUTED,SINGLE,good,1.4394,1.547,2.9383,16,15,0.0,0.0,0,0,0,0,0,0,0,0,0,—,—,0.0,0.0,0.0,0.0
2026-05-25 08:50:37.607984,1779713437.607984,2420,132656.0,,,,,,,,,,,,,,,,0.0000,,,,0.0,0.0,0.0,0.0,0.0,0.0,0.0,0.0,0.0,2113099,-1228697,164355182,-7921,-18249,62052,61,fee2fe00,43.51535263182,-79.68380192858,176.8309,-37.1,SOL_COMPUTED,SINGLE,good,1.4401,1.5474,2.9383,16,15,0.0,0.0,0,0,0,0,0,0,0,0,0,—,—,0.0,0.0,0.0,0.0
2026-05-25 08:50:38.606417,1779713438.606417,2420,132657.0,,,,,,,,,,,,,,,,0.0000,,,,0.0,0.0,0.0,0.0,0.0,0.0,0.0,0.0,0.0,2102719,-1193276,164360559,-28878,30065,90073,61,fedefe00,43.51535318122,-79.68379993362,176.8607,-37.1,SOL_COMPUTED,SINGLE,good,1.4403,1.5485,2.9384,16,15,0.0,0.0,0,0,0,0,0,0,0,0,0,—,—,0.0,0.0,0.0,0.0
2026-05-25 08:50:39.607273,1779713439.607273,2420,132658.0,,,,,,,,,,,,,,,,0.0000,,,,0.0,0.0,0.0,0.0,0.0,0.0,0.0,0.0,0.0,2077766,-1171308,164338085,-658,-6434,112212,61,fedbfe00,43.51535364354,-79.68379793054,176.9013,-37.1,SOL_COMPUTED,SINGLE,good,1.4398,1.5486,2.9374,16,15,0.0,0.0,0,0,0,0,0,0,0,0,0,—,—,0.0,0.0,0.0,0.0
2026-05-25 08:50:40.606988,1779713440.606988,2420,132659.0,,,,,,,,,,,,,,,,0.0000,,,,0.0,0.0,0.0,0.0,0.0,0.0,0.0,0.0,0.0,2119347,-1222715,164301069,1934,-12247,74423,61,fed8fe00,43.51535383002,-79.68379601549,176.919,-37.1,SOL_COMPUTED,SINGLE,good,1.4424,1.5508,2.9394,16,15,0.0,0.0,0,0,0,0,0,0,0,0,0,—,—,0.0,0.0,0.0,0.0
2026-05-25 08:50:41.607712,1779713441.607712,2420,132660.0,,,,,,,,,,,,,,,,0.0000,,,,0.0,0.0,0.0,0.0,0.0,0.0,0.0,0.0,0.0,2091534,-1243819,164358183,-8339,-22265,73988,61,fed4fe00,43.51535438337,-79.68379405603,176.9281,-37.1,SOL_COMPUTED,SINGLE,good,1.4429,1.5518,2.9402,16,15,0.0,0.0,0,0,0,0,0,0,0,0,0,—,—,0.0,0.0,0.0,0.0
2026-05-25 08:50:42.607185,1779713442.607185,2420,132661.0,,,,,,,,,,,,,,,,0.0000,,,,0.0,0.0,0.0,0.0,0.0,0.0,0.0,0.0,0.0,2105627,-1156371,164384646,-5101,-10479,108641,61,fed1fe00,43.51535497893,-79.68379210253,176.9287,-37.1,SOL_COMPUTED,SINGLE,good,1.4449,1.555,2.9418,16,15,0.0,0.0,0,0,0,0,0,0,0,0,0,—,—,0.0,0.0,0.0,0.0
2026-05-25 08:50:43.607770,1779713443.607770,2420,132662.0,,,,,,,,,,,,,,,,0.0000,,,,0.0,0.0,0.0,0.0,0.0,0.0,0.0,0.0,0.0,2058651,-1169665,164298145,-8424,11430,83929,61,fecefe00,43.51535542982,-79.68379060536,176.9087,-37.1,SOL_COMPUTED,SINGLE,good,1.4446,1.5522,2.9411,16,15,0.0,0.0,0,0,0,0,0,0,0,0,0,—,—,0.0,0.0,0.0,0.0
2026-05-25 08:50:44.606881,1779713444.606881,2420,132663.0,,,,,,,,,,,,,,,,0.0000,,,,0.0,0.0,0.0,0.0,0.0,0.0,0.0,0.0,0.0,2039645,-1175820,164306497,-12802,-7550,85789,61,fecbfe00,43.51535617435,-79.68378863042,176.8588,-37.1,SOL_COMPUTED,SINGLE,good,1.4398,1.5478,2.9366,16,15,0.0,0.0,0,0,0,0,0,0,0,0,0,—,—,0.0,0.0,0.0,0.0
2026-05-25 08:50:45.606069,1779713445.606069,2420,132664.0,,,,,,,,,,,,,,,,0.0000,,,,0.0,0.0,0.0,0.0,0.0,0.0,0.0,0.0,0.0,2110097,-1212767,164339468,-26896,10740,56448,61,fec7fe00,43.5153570287,-79.68378725057,176.8084,-37.1,SOL_COMPUTED,SINGLE,good,1.4389,1.5467,2.9342,16,15,0.0,0.0,0,0,0,0,0,0,0,0,0,—,—,0.0,0.0,0.0,0.0
2026-05-25 08:50:46.605996,1779713446.605996,2420,132665.0,,,,,,,,,,,,,,,,0.0000,,,,0.0,0.0,0.0,0.0,0.0,0.0,0.0,0.0,0.0,2067888,-1236246,164293379,-4523,8284,75307,61,fec4fe00,43.51535792677,-79.68378595665,176.7471,-37.1,SOL_COMPUTED,SINGLE,good,1.44,1.5475,2.936,16,15,0.0,0.0,0,0,0,0,0,0,0,0,0,—,—,0.0,0.0,0.0,0.0
2026-05-25 08:50:47.607334,1779713447.607334,2420,132666.0,,,,,,,,,,,,,,,,0.0000,,,,0.0,0.0,0.0,0.0,0.0,0.0,0.0,0.0,0.0,2104221,-1187321,164323422,-18290,-4678,61981,61,fec1fe00,43.51535884709,-79.68378486668,176.6897,-37.1,SOL_COMPUTED,SINGLE,good,1.4399,1.5476,2.936,16,15,0.0,0.0,0,0,0,0,0,0,0,0,0,—,—,0.0,0.0,0.0,0.0
2026-05-25 08:50:48.606836,1779713448.606836,2420,132667.0,,,,,,,,,,,,,,,,0.0000,,,,0.0,0.0,0.0,0.0,0.0,0.0,0.0,0.0,0.0,2069725,-1254292,164371433,-19490,10766,58609,61,febdfe00,43.51535972311,-79.68378406706,176.6346,-37.1,SOL_COMPUTED,SINGLE,good,1.4392,1.5476,2.9353,16,15,0.0,0.0,0,0,0,0,0,0,0,0,0,—,—,0.0,0.0,0.0,0.0
2026-05-25 08:50:49.606752,1779713449.606752,2420,132668.0,,,,,,,,,,,,,,,,0.0000,,,,0.0,0.0,0.0,0.0,0.0,0.0,0.0,0.0,0.0,2124214,-1191072,164403428,-7348,-472,64002,61,febbfe00,43.51536044059,-79.68378364676,176.5725,-37.1,SOL_COMPUTED,SINGLE,good,1.4374,1.5447,2.9334,16,15,0.0,0.0,0,0,0,0,0,0,0,0,0,—,—,0.0,0.0,0.0,0.0
2026-05-25 08:50:50.607624,1779713450.607624,2420,132669.0,,,,,,,,,,,,,,,,0.0000,,,,0.0,0.0,0.0,0.0,0.0,0.0,0.0,0.0,0.0,2104533,-1196810,164350475,-2348,-10606,61224,61,feb7fe00,43.51536105868,-79.68378324988,176.5387,-37.1,SOL_COMPUTED,SINGLE,good,1.4372,1.5442,2.9324,16,15,0.0,0.0,0,0,0,0,0,0,0,0,0,—,—,0.0,0.0,0.0,0.0
2026-05-25 08:50:51.607834,1779713451.607834,2420,132670.0,,,,,,,,,,,,,,,,0.0000,,,,0.0,0.0,0.0,0.0,0.0,0.0,0.0,0.0,0.0,2024830,-1248757,164360296,15119,-82,99509,61,feb4fe00,43.51536183335,-79.68378262075,176.5064,-37.1,SOL_COMPUTED,SINGLE,good,1.4367,1.5438,2.9321,16,15,0.0,0.0,0,0,0,0,0,0,0,0,0,—,—,0.0,0.0,0.0,0.0
2026-05-25 08:50:52.607023,1779713452.607023,2420,132671.0,,,,,,,,,,,,,,,,0.0000,,,,0.0,0.0,0.0,0.0,0.0,0.0,0.0,0.0,0.0,2156133,-1194638,164312986,-8783,11459,68413,61,feb1fe00,43.51536257233,-79.68378230905,176.4645,-37.1,SOL_COMPUTED,SINGLE,good,1.4359,1.5416,2.9313,16,15,0.0,0.0,0,0,0,0,0,0,0,0,0,—,—,0.0,0.0,0.0,0.0
2026-05-25 08:50:53.607620,1779713453.607620,2420,132672.0,,,,,,,,,,,,,,,,0.0000,,,,0.0,0.0,0.0,0.0,0.0,0.0,0.0,0.0,0.0,2059038,-1194793,164374760,-14060,-15839,85809,61,feadfe00,43.51536350543,-79.68378154386,176.4322,-37.1,SOL_COMPUTED,SINGLE,good,1.4342,1.5411,2.9296,16,15,0.0,0.0,0,0,0,0,0,0,0,0,0,—,—,0.0,0.0,0.0,0.0
2026-05-25 08:50:54.606858,1779713454.606858,2420,132673.0,,,,,,,,,,,,,,,,0.0000,,,,0.0,0.0,0.0,0.0,0.0,0.0,0.0,0.0,0.0,2054470,-1202025,164279015,-35523,14335,75875,61,feaafe00,43.51536432973,-79.68378119406,176.4024,-37.1,SOL_COMPUTED,SINGLE,good,1.4331,1.5396,2.9285,16,15,0.0,0.0,0,0,0,0,0,0,0,0,0,—,—,0.0,0.0,0.0,0.0
2026-05-25 08:50:55.606953,1779713455.606953,2420,132674.0,,,,,,,,,,,,,,,,0.0000,,,,0.0,0.0,0.0,0.0,0.0,0.0,0.0,0.0,0.0,2101548,-1176291,164310717,-1059,15919,53596,61,fea7fe00,43.51536530919,-79.68378052311,176.3876,-37.1,SOL_COMPUTED,SINGLE,good,1.4319,1.5387,2.9277,16,15,0.0,0.0,0,0,0,0,0,0,0,0,0,—,—,0.0,0.0,0.0,0.0
2026-05-25 08:50:56.607411,1779713456.607411,2420,132675.0,,,,,,,,,,,,,,,,0.0000,,,,0.0,0.0,0.0,0.0,0.0,0.0,0.0,0.0,0.0,2127767,-1223648,164320521,-22987,17599,86483,61,fea4fe00,43.51536606572,-79.68377999918,176.391,-37.1,SOL_COMPUTED,SINGLE,good,1.432,1.5384,2.9274,16,15,0.0,0.0,0,0,0,0,0,0,0,0,0,—,—,0.0,0.0,0.0,0.0
2026-05-25 08:50:57.610930,1779713457.610930,2420,132676.0,,,,,,,,,,,,,,,,0.0000,,,,0.0,0.0,0.0,0.0,0.0,0.0,0.0,0.0,0.0,2109696,-1196467,164314111,5138,27181,59006,61,fea1fe00,43.51536669677,-79.6837794201,176.4222,-37.1,SOL_COMPUTED,SINGLE,good,1.432,1.5381,2.9279,16,15,0.0,0.0,0,0,0,0,0,0,0,0,0,—,—,0.0,0.0,0.0,0.0
2026-05-25 08:50:58.606056,1779713458.606056,2420,132677.0,,,,,,,,,,,,,,,,0.0000,,,,0.0,0.0,0.0,0.0,0.0,0.0,0.0,0.0,0.0,2025952,-1233892,164360168,-37089,-6229,69422,61,fe9efe00,43.51536722275,-79.68377889948,176.4673,-37.1,SOL_COMPUTED,SINGLE,good,1.4323,1.5386,2.9272,16,15,0.0,0.0,0,0,0,0,0,0,0,0,0,—,—,0.0,0.0,0.0,0.0
2026-05-25 08:50:59.607091,1779713459.607091,2420,132678.0,,,,,,,,,,,,,,,,0.0000,,,,0.0,0.0,0.0,0.0,0.0,0.0,0.0,0.0,0.0,2095055,-1199737,164393033,4264,-32616,69038,61,fe9afe00,43.51536778037,-79.68377834566,176.5279,-37.1,SOL_COMPUTED,SINGLE,good,1.4321,1.5384,2.927,16,15,0.0,0.0,0,0,0,0,0,0,0,0,0,—,—,0.0,0.0,0.0,0.0
2026-05-25 08:51:00.607809,1779713460.607809,2420,132679.0,,,,,,,,,,,,,,,,0.0000,,,,0.0,0.0,0.0,0.0,0.0,0.0,0.0,0.0,0.0,2134043,-1147434,164298443,-10250,5897,75216,61,fe97fe00,43.515368285,-79.68377785794,176.6057,-37.1,SOL_COMPUTED,SINGLE,good,1.4322,1.5381,2.9273,16,15,0.0,0.0,0,0,0,0,0,0,0,0,0,—,—,0.0,0.0,0.0,0.0
2026-05-25 08:51:01.606021,1779713461.606021,2420,132680.0,,,,,,,,,,,,,,,,0.0000,,,,0.0,0.0,0.0,0.0,0.0,0.0,0.0,0.0,0.0,2079758,-1244557,164333676,-31490,-42375,56775,61,fe93fe00,43.51536887356,-79.68377736869,176.6901,-37.1,SOL_COMPUTED,SINGLE,good,1.4312,1.5374,2.9267,16,15,0.0,0.0,0,0,0,0,0,0,0,0,0,—,—,0.0,0.0,0.0,0.0
2026-05-25 08:51:02.605167,1779713462.605167,2420,132681.0,,,,,,,,,,,,,,,,0.0000,,,,0.0,0.0,0.0,0.0,0.0,0.0,0.0,0.0,0.0,2084572,-1286227,164368979,-28023,18847,51792,61,fe91fe00,43.51536924442,-79.68377716997,176.7847,-37.1,SOL_COMPUTED,SINGLE,good,1.4312,1.5373,2.926,16,15,0.0,0.0,0,0,0,0,0,0,0,0,0,—,—,0.0,0.0,0.0,0.0
2026-05-25 08:51:03.606636,1779713463.606636,2420,132682.0,,,,,,,,,,,,,,,,0.0000,,,,0.0,0.0,0.0,0.0,0.0,0.0,0.0,0.0,0.0,2037432,-1172463,164356352,-13384,-13906,71280,61,fe8efe00,43.51536965339,-79.68377669239,176.896,-37.1,SOL_COMPUTED,SINGLE,good,1.4311,1.5373,2.9259,16,15,0.0,0.0,0,0,0,0,0,0,0,0,0,—,—,0.0,0.0,0.0,0.0
2026-05-25 08:51:04.605988,1779713464.605988,2420,132683.0,,,,,,,,,,,,,,,,0.0000,,,,0.0,0.0,0.0,0.0,0.0,0.0,0.0,0.0,0.0,2057905,-1173835,164371800,8077,-14732,100939,61,fe8afe00,43.51536992638,-79.68377627687,177.0136,-37.1,SOL_COMPUTED,SINGLE,good,1.4313,1.5371,2.9263,16,15,0.0,0.0,0,0,0,0,0,0,0,0,0,—,—,0.0,0.0,0.0,0.0
2026-05-25 08:51:05.606927,1779713465.606927,2420,132684.0,,,,,,,,,,,,,,,,0.0000,,,,0.0,0.0,0.0,0.0,0.0,0.0,0.0,0.0,0.0,2038503,-1201085,164313026,-30224,-12887,80846,61,fe87fe00,43.51537015396,-79.68377576814,177.1498,-37.1,SOL_COMPUTED,SINGLE,good,1.4314,1.5377,2.9257,16,15,0.0,0.0,0,0,0,0,0,0,0,0,0,—,—,0.0,0.0,0.0,0.0
2026-05-25 08:51:06.606453,1779713466.606453,2420,132685.0,,,,,,,,,,,,,,,,0.0000,,,,0.0,0.0,0.0,0.0,0.0,0.0,0.0,0.0,0.0,2079959,-1212031,164319813,-18637,-6402,95574,61,fe84fe00,43.51537018687,-79.68377555515,177.3137,-37.1,SOL_COMPUTED,SINGLE,good,1.4325,1.5382,2.9259,16,15,0.0,0.0,0,0,0,0,0,0,0,0,0,—,—,0.0,0.0,0.0,0.0
2026-05-25 08:51:07.607416,1779713467.607416,2420,132686.0,,,,,,,,,,,,,,,,0.0000,,,,0.0,0.0,0.0,0.0,0.0,0.0,0.0,0.0,0.0,2066005,-1178634,164315406,-35927,-30291,76585,61,fe81fe00,43.51537020421,-79.68377524852,177.4783,-37.1,SOL_COMPUTED,SINGLE,good,1.4337,1.5388,2.9263,16,15,0.0,0.0,0,0,0,0,0,0,0,0,0,—,—,0.0,0.0,0.0,0.0
2026-05-25 08:51:08.611624,1779713468.611624,2420,132687.0,,,,,,,,,,,,,,,,0.0000,,,,0.0,0.0,0.0,0.0,0.0,0.0,0.0,0.0,0.0,2067843,-1227689,164339399,-5159,5288,67658,61,fe7efe00,43.51537060332,-79.68377456849,177.6446,-37.1,SOL_COMPUTED,SINGLE,good,1.4332,1.5385,2.9262,16,15,0.0,0.0,0,0,0,0,0,0,0,0,0,—,—,0.0,0.0,0.0,0.0
2026-05-25 08:51:09.606286,1779713469.606286,2420,132688.0,,,,,,,,,,,,,,,,0.0000,,,,0.0,0.0,0.0,0.0,0.0,0.0,0.0,0.0,0.0,2097619,-1178907,164332038,20519,9692,92807,61,fe7bfe00,43.51535146093,-79.68379695478,178.4546,-37.1,SOL_COMPUTED,SINGLE,good,1.5486,1.6203,2.9307,15,14,0.0,0.0,0,0,0,0,0,0,0,0,0,—,—,0.0,0.0,0.0,0.0
2026-05-25 08:51:10.606821,1779713470.606821,2420,132689.0,,,,,,,,,,,,,,,,0.0000,,,,0.0,0.0,0.0,0.0,0.0,0.0,0.0,0.0,0.0,2051375,-1159359,164357411,-6460,29072,64570,61,fe77fe00,43.51538517701,-79.68375668731,177.5404,-37.1,SOL_COMPUTED,SINGLE,good,1.4317,1.5377,2.9257,16,15,0.0,0.0,0,0,0,0,0,0,0,0,0,—,—,0.0,0.0,0.0,0.0
2026-05-25 08:51:11.607141,1779713471.607141,2420,132690.0,,,,,,,,,,,,,,,,0.0000,,,,0.0,0.0,0.0,0.0,0.0,0.0,0.0,0.0,0.0,2060648,-1134109,164363925,24943,-7123,74443,61,fe74fe00,43.51538295942,-79.68375918872,177.8193,-37.1,SOL_COMPUTED,SINGLE,good,1.4339,1.5391,2.9266,16,15,0.0,0.0,0,0,0,0,0,0,0,0,0,—,—,0.0,0.0,0.0,0.0
2026-05-25 08:51:12.606078,1779713472.606078,2420,132691.0,,,,,,,,,,,,,,,,0.0000,,,,0.0,0.0,0.0,0.0,0.0,0.0,0.0,0.0,0.0,1997276,-1162067,164322209,-1246,9958,66041,61,fe71fe00,43.51538155234,-79.68376059244,178.0553,-37.1,SOL_COMPUTED,SINGLE,good,1.4329,1.5385,2.926,16,15,0.0,0.0,0,0,0,0,0,0,0,0,0,—,—,0.0,0.0,0.0,0.0
2026-05-25 08:51:13.605649,1779713473.605649,2420,132692.0,,,,,,,,,,,,,,,,0.0000,,,,0.0,0.0,0.0,0.0,0.0,0.0,0.0,0.0,0.0,2086653,-1251749,164396437,-27547,9041,35939,61,fe6efe00,43.51538063343,-79.68376144232,178.2757,-37.1,SOL_COMPUTED,SINGLE,good,1.4318,1.5373,2.9259,16,15,0.0,0.0,0,0,0,0,0,0,0,0,0,—,—,0.0,0.0,0.0,0.0
2026-05-25 08:51:14.606132,1779713474.606132,2420,132693.0,,,,,,,,,,,,,,,,0.0000,,,,0.0,0.0,0.0,0.0,0.0,0.0,0.0,0.0,0.0,2160791,-1139605,164418124,19924,-17390,54634,61,fe6bfe00,43.51537774975,-79.68376463307,178.5606,-37.1,SOL_COMPUTED,SINGLE,good,1.4316,1.5368,2.9255,16,15,0.0,0.0,0,0,0,0,0,0,0,0,0,—,—,0.0,0.0,0.0,0.0
2026-05-25 08:51:15.605668,1779713475.605668,2420,132694.0,,,,,,,,,,,,,,,,0.0000,,,,0.0,0.0,0.0,0.0,0.0,0.0,0.0,0.0,0.0,2127581,-1225687,164376895,-14826,47756,101429,61,fe68fe00,43.51537781578,-79.68376416468,178.7357,-37.1,SOL_COMPUTED,SINGLE,good,1.4303,1.5364,2.9246,16,15,0.0,0.0,0,0,0,0,0,0,0,0,0,—,—,0.0,0.0,0.0,0.0
2026-05-25 08:51:16.606924,1779713476.606924,2420,132695.0,,,,,,,,,,,,,,,,0.0000,,,,0.0,0.0,0.0,0.0,0.0,0.0,0.0,0.0,0.0,2164135,-1155363,164382606,5247,-1656,49287,61,fe65fe00,43.51537902131,-79.683762466,178.8737,-37.1,SOL_COMPUTED,SINGLE,good,1.4302,1.5365,2.9248,16,15,0.0,0.0,0,0,0,0,0,0,0,0,0,—,—,0.0,0.0,0.0,0.0
2026-05-25 08:51:17.607505,1779713477.607505,2420,132696.0,,,,,,,,,,,,,,,,0.0000,,,,0.0,0.0,0.0,0.0,0.0,0.0,0.0,0.0,0.0,2135801,-1223248,164304955,753,-26425,89242,61,fe62fe00,43.51537776514,-79.68376379217,179.0977,-37.1,SOL_COMPUTED,SINGLE,good,1.4301,1.5361,2.9249,16,15,0.0,0.0,0,0,0,0,0,0,0,0,0,—,—,0.0,0.0,0.0,0.0
2026-05-25 08:51:18.606068,1779713478.606068,2420,132697.0,,,,,,,,,,,,,,,,0.0000,,,,0.0,0.0,0.0,0.0,0.0,0.0,0.0,0.0,0.0,1995046,-1134627,164333451,-4146,6143,52523,61,fe5efe00,43.51537656315,-79.68376495631,179.3248,-37.1,SOL_COMPUTED,SINGLE,good,1.4307,1.5367,2.9249,16,15,0.0,0.0,0,0,0,0,0,0,0,0,0,—,—,0.0,0.0,0.0,0.0
2026-05-25 08:51:19.605898,1779713479.605898,2420,132698.0,,,,,,,,,,,,,,,,0.0000,,,,0.0,0.0,0.0,0.0,0.0,0.0,0.0,0.0,0.0,2113749,-1225788,164406274,-15681,-18821,98671,61,fe5bfe00,43.51537621671,-79.68376523849,179.5146,-37.1,SOL_COMPUTED,SINGLE,good,1.4303,1.5364,2.9252,16,15,0.0,0.0,0,0,0,0,0,0,0,0,0,—,—,0.0,0.0,0.0,0.0
2026-05-25 08:51:20.607862,1779713480.607862,2420,132699.0,,,,,,,,,,,,,,,,0.0000,,,,0.0,0.0,0.0,0.0,0.0,0.0,0.0,0.0,0.0,2092358,-1219206,164414412,-23676,-21713,56935,61,fe58fe00,43.51537568386,-79.68376578762,179.7104,-37.1,SOL_COMPUTED,SINGLE,good,1.43,1.5364,2.9247,16,15,0.0,0.0,0,0,0,0,0,0,0,0,0,—,—,0.0,0.0,0.0,0.0
2026-05-25 08:51:21.607690,1779713481.607690,2420,132700.0,,,,,,,,,,,,,,,,0.0000,,,,0.0,0.0,0.0,0.0,0.0,0.0,0.0,0.0,0.0,2061480,-1192972,164358316,-32664,-47443,94170,61,fe55fe00,43.51537487379,-79.68376666554,179.9165,-37.1,SOL_COMPUTED,SINGLE,good,1.4309,1.5371,2.9254,16,15,0.0,0.0,0,0,0,0,0,0,0,0,0,—,—,0.0,0.0,0.0,0.0
2026-05-25 08:51:22.609126,1779713482.609126,2420,132701.0,,,,,,,,,,,,,,,,0.0000,,,,0.0,0.0,0.0,0.0,0.0,0.0,0.0,0.0,0.0,2107780,-1196393,164354535,-20593,-24722,55962,61,fe51fe00,43.51537438837,-79.68376725851,180.1059,-37.1,SOL_COMPUTED,SINGLE,good,1.4309,1.5372,2.9255,16,15,0.0,0.0,0,0,0,0,0,0,0,0,0,—,—,0.0,0.0,0.0,0.0
2026-05-25 08:51:23.607743,1779713483.607743,2420,132702.0,,,,,,,,,,,,,,,,0.0000,,,,0.0,0.0,0.0,0.0,0.0,0.0,0.0,0.0,0.0,2078429,-1214322,164324478,4123,8230,89660,61,fe4ffe00,43.51537366397,-79.6837683044,180.3094,-37.1,SOL_COMPUTED,SINGLE,good,1.4307,1.537,2.9254,16,15,0.0,0.0,0,0,0,0,0,0,0,0,0,—,—,0.0,0.0,0.0,0.0
2026-05-25 08:51:24.606105,1779713484.606105,2420,132703.0,,,,,,,,,,,,,,,,0.0000,,,,0.0,0.0,0.0,0.0,0.0,0.0,0.0,0.0,0.0,2103159,-1162608,164412875,-27197,-11407,103007,61,fe4bfe00,43.51537187345,-79.68377062707,180.5357,-37.1,SOL_COMPUTED,SINGLE,good,1.4318,1.5383,2.9263,16,15,0.0,0.0,0,0,0,0,0,0,0,0,0,—,—,0.0,0.0,0.0,0.0
2026-05-25 08:51:25.607925,1779713485.607925,2420,132704.0,,,,,,,,,,,,,,,,0.0000,,,,0.0,0.0,0.0,0.0,0.0,0.0,0.0,0.0,0.0,2106503,-1229850,164379289,-40692,1415,83879,61,fe48fe00,43.51537113643,-79.6837718643,180.7319,-37.1,SOL_COMPUTED,SINGLE,good,1.4318,1.5382,2.9266,16,15,0.0,0.0,0,0,0,0,0,0,0,0,0,—,—,0.0,0.0,0.0,0.0
2026-05-25 08:51:26.605838,1779713486.605838,2420,132705.0,,,,,,,,,,,,,,,,0.0000,,,,0.0,0.0,0.0,0.0,0.0,0.0,0.0,0.0,0.0,2072708,-1166319,164380563,-2051,-39619,104012,61,fe45fe00,43.51537103281,-79.68377246344,180.9031,-37.1,SOL_COMPUTED,SINGLE,good,1.4311,1.5381,2.9261,16,15,0.0,0.0,0,0,0,0,0,0,0,0,0,—,—,0.0,0.0,0.0,0.0
2026-05-25 08:51:27.615287,1779713487.615287,2420,132706.0,,,,,,,,,,,,,,,,0.0000,,,,0.0,0.0,0.0,0.0,0.0,0.0,0.0,0.0,0.0,2093129,-1208746,164303729,-7006,-27398,50616,61,fe42fe00,43.51536879632,-79.68377566333,181.1435,-37.1,SOL_COMPUTED,SINGLE,good,1.4323,1.5391,2.9265,16,15,0.0,0.0,0,0,0,0,0,0,0,0,0,—,—,0.0,0.0,0.0,0.0
2026-05-25 08:51:28.605902,1779713488.605902,2420,132707.0,,,,,,,,,,,,,,,,0.0000,,,,0.0,0.0,0.0,0.0,0.0,0.0,0.0,0.0,0.0,2120129,-1222041,164313848,-52069,-27409,53016,61,fe3ffe00,43.51536837578,-79.68377690436,181.3247,-37.1,SOL_COMPUTED,SINGLE,good,1.4316,1.5387,2.9268,16,15,0.0,0.0,0,0,0,0,0,0,0,0,0,—,—,0.0,0.0,0.0,0.0
2026-05-25 08:51:29.606142,1779713489.606142,2420,132708.0,,,,,,,,,,,,,,,,0.0000,,,,0.0,0.0,0.0,0.0,0.0,0.0,0.0,0.0,0.0,2069242,-1210676,164354808,21327,25996,63965,61,fe3cfe00,43.51536755624,-79.6837786447,181.4949,-37.1,SOL_COMPUTED,SINGLE,good,1.4334,1.5398,2.9288,16,15,0.0,0.0,0,0,0,0,0,0,0,0,0,—,—,0.0,0.0,0.0,0.0
2026-05-25 08:51:30.607377,1779713490.607377,2420,132709.0,,,,,,,,,,,,,,,,0.0000,,,,0.0,0.0,0.0,0.0,0.0,0.0,0.0,0.0,0.0,2111660,-1198111,164283243,-1119,8643,96797,61,fe39fe00,43.51536725959,-79.68377994972,181.6523,-37.1,SOL_COMPUTED,SINGLE,good,1.4336,1.5404,2.9294,16,15,0.0,0.0,0,0,0,0,0,0,0,0,0,—,—,0.0,0.0,0.0,0.0
2026-05-25 08:51:31.607875,1779713491.607875,2420,132710.0,,,,,,,,,,,,,,,,0.0000,,,,0.0,0.0,0.0,0.0,0.0,0.0,0.0,0.0,0.0,2045204,-1225968,164435004,-15579,-9006,84359,61,fe36fe00,43.51536674242,-79.68378159238,181.8152,-37.1,SOL_COMPUTED,SINGLE,good,1.4329,1.5403,2.9286,16,15,0.0,0.0,0,0,0,0,0,0,0,0,0,SPECTRUMANALYSIS,L1,1575.378,1.831,-71.66,-132.338
2026-05-25 08:51:32.608001,1779713492.608001,2420,132711.0,,,,,,,,,,,,,,,,0.0000,,,,0.0,0.0,0.0,0.0,0.0,0.0,0.0,0.0,0.0,2039854,-1166091,164361006,-18833,7330,70284,61,fe33fe00,43.51536603133,-79.68378361955,181.9632,-37.1,SOL_COMPUTED,SINGLE,good,1.4325,1.5397,2.928,16,15,0.0,0.0,0,0,0,0,0,0,0,0,0,SPECTRUMANALYSIS,L1,1575.378,1.831,-71.66,-132.338
2026-05-25 08:51:33.610335,1779713493.610335,2420,132712.0,,,,,,,,,,,,,,,,0.0000,,,,0.0,0.0,0.0,0.0,0.0,0.0,0.0,0.0,0.0,2111614,-1234026,164313512,-42441,-24695,67374,61,fe30fe00,43.51536525328,-79.68378580657,182.112,-37.1,SOL_COMPUTED,SINGLE,good,1.4336,1.5412,2.9299,16,15,0.0,0.0,0,0,0,0,0,0,0,0,0,SPECTRUMANALYSIS,L1,1575.378,1.831,-71.66,-132.338
2026-05-25 08:51:34.606756,1779713494.606756,2420,132713.0,,,,,,,,,,,,,,,,0.0000,,,,0.0,0.0,0.0,0.0,0.0,0.0,0.0,0.0,0.0,2084868,-1162481,164367278,-49582,-26153,62980,61,fe2dfe00,43.51536445771,-79.68378828122,182.2517,-37.1,SOL_COMPUTED,SINGLE,good,1.4337,1.5415,2.9299,16,15,0.0,0.0,0,0,0,0,0,0,0,0,0,SPECTRUMANALYSIS,L5,1187.942,0.659,-61.025,-112.612
2026-05-25 08:51:35.606070,1779713495.606070,2420,132714.0,,,,,,,,,,,,,,,,0.0000,,,,0.0,0.0,0.0,0.0,0.0,0.0,0.0,0.0,0.0,2075345,-1252091,164350298,11047,-8499,93044,61,fe2afe00,43.51536366731,-79.68379077193,182.379,-37.1,SOL_COMPUTED,SINGLE,good,1.433,1.5404,2.9287,16,15,0.0,0.0,0,0,0,0,0,0,0,0,0,SPECTRUMANALYSIS,L5,1187.942,0.659,-61.025,-112.612
2026-05-25 08:51:36.607200,1779713496.607200,2420,132715.0,,,,,,,,,,,,,,,,0.0000,,,,0.0,0.0,0.0,0.0,0.0,0.0,0.0,0.0,0.0,2074631,-1230761,164341026,-12113,32126,60708,61,fe27fe00,43.5153630504,-79.68379296886,182.4821,-37.1,SOL_COMPUTED,SINGLE,good,1.4323,1.5393,2.928,16,15,0.0,0.0,0,0,0,0,0,0,0,0,0,—,—,0.0,0.0,0.0,0.0
2026-05-25 08:51:37.606407,1779713497.606407,2420,132716.0,,,,,,,,,,,,,,,,0.0000,,,,0.0,0.0,0.0,0.0,0.0,0.0,0.0,0.0,0.0,2099416,-1223480,164383604,-24784,-22612,89098,61,fe23fe00,43.51536274339,-79.68379485893,182.5501,-37.1,SOL_COMPUTED,SINGLE,good,1.4322,1.5389,2.9282,16,15,0.0,0.0,0,0,0,0,0,0,0,0,0,—,—,0.0,0.0,0.0,0.0
2026-05-25 08:51:38.607971,1779713498.607971,2420,132717.0,,,,,,,,,,,,,,,,0.0000,,,,0.0,0.0,0.0,0.0,0.0,0.0,0.0,0.0,0.0,2072174,-1133737,164382891,-32223,-39663,58579,61,fe20fe00,43.51536268386,-79.68379649357,182.6044,-37.1,SOL_COMPUTED,SINGLE,good,1.4322,1.5384,2.9288,16,15,0.0,0.0,0,0,0,0,0,0,0,0,0,—,—,0.0,0.0,0.0,0.0
2026-05-25 08:51:39.608341,1779713499.608341,2420,132718.0,,,,,,,,,,,,,,,,0.0000,,,,0.0,0.0,0.0,0.0,0.0,0.0,0.0,0.0,0.0,2073321,-1180195,164378501,-7090,-3746,79778,61,fe1dfe00,43.51536280706,-79.68379795586,182.6338,-37.1,SOL_COMPUTED,SINGLE,good,1.4321,1.5385,2.929,16,15,0.0,0.0,0,0,0,0,0,0,0,0,0,—,—,0.0,0.0,0.0,0.0
2026-05-25 08:51:40.608018,1779713500.608018,2420,132719.0,,,,,,,,,,,,,,,,0.0000,,,,0.0,0.0,0.0,0.0,0.0,0.0,0.0,0.0,0.0,2087594,-1165844,164314121,-8610,-38369,62576,61,fe1afe00,43.51536294429,-79.68379947925,182.6383,-37.1,SOL_COMPUTED,SINGLE,good,1.4316,1.5377,2.9286,16,15,0.0,0.0,0,0,0,0,0,0,0,0,0,—,—,0.0,0.0,0.0,0.0
2026-05-25 08:51:41.609288,1779713501.609288,2420,132720.0,,,,,,,,,,,,,,,,0.0000,,,,0.0,0.0,0.0,0.0,0.0,0.0,0.0,0.0,0.0,2078862,-1273787,164390810,-29494,-13258,46828,61,fe17fe00,43.51536297566,-79.68380108194,182.6392,-37.1,SOL_COMPUTED,SINGLE,good,1.4322,1.5383,2.9295,16,15,0.0,0.0,0,0,0,0,0,0,0,0,0,—,—,0.0,0.0,0.0,0.0
2026-05-25 08:51:42.607792,1779713502.607792,2420,132721.0,,,,,,,,,,,,,,,,0.0000,,,,0.0,0.0,0.0,0.0,0.0,0.0,0.0,0.0,0.0,2129171,-1218270,164350699,-15224,7979,96932,61,fe14fe00,43.51536295656,-79.68380264162,182.6151,-37.1,SOL_COMPUTED,SINGLE,good,1.4327,1.5383,2.9309,16,15,0.0,0.0,0,0,0,0,0,0,0,0,0,—,—,0.0,0.0,0.0,0.0
2026-05-25 08:51:43.610233,1779713503.610233,2420,132722.0,,,,,,,,,,,,,,,,0.0000,,,,0.0,0.0,0.0,0.0,0.0,0.0,0.0,0.0,0.0,2115802,-1134691,164344882,-14221,-13490,99582,61,fe11fe00,43.51536307851,-79.68380419799,182.5979,-37.1,SOL_COMPUTED,SINGLE,good,1.4317,1.5383,2.9297,16,15,0.0,0.0,0,0,0,0,0,0,0,0,0,—,—,0.0,0.0,0.0,0.0
2026-05-25 08:51:44.607789,1779713504.607789,2420,132723.0,,,,,,,,,,,,,,,,0.0000,,,,0.0,0.0,0.0,0.0,0.0,0.0,0.0,0.0,0.0,2043237,-1182134,164365226,576,-9915,86378,61,fe0dfe00,43.51536310449,-79.68380564083,182.534,-37.1,SOL_COMPUTED,SINGLE,good,1.4317,1.5381,2.93,16,15,0.0,0.0,0,0,0,0,0,0,0,0,0,—,—,0.0,0.0,0.0,0.0
2026-05-25 08:51:45.612259,1779713505.612259,2420,132724.0,,,,,,,,,,,,,,,,0.0000,,,,0.0,0.0,0.0,0.0,0.0,0.0,0.0,0.0,0.0,1995352,-1227212,164380432,-42863,20192,62278,61,fe0bfe00,43.51536306098,-79.68380712187,182.4437,-37.1,SOL_COMPUTED,SINGLE,good,1.4322,1.5387,2.9323,16,15,0.0,0.0,0,0,0,0,0,0,0,0,0,—,—,0.0,0.0,0.0,0.0
2026-05-25 08:51:46.607407,1779713506.607407,2420,132725.0,,,,,,,,,,,,,,,,0.0000,,,,0.0,0.0,0.0,0.0,0.0,0.0,0.0,0.0,0.0,2060680,-1205841,164318322,-5318,-35067,58971,61,fe08fe00,43.51536313513,-79.683808635,182.359,-37.1,SOL_COMPUTED,SINGLE,good,1.4311,1.5377,2.9309,16,15,0.0,0.0,0,0,0,0,0,0,0,0,0,—,—,0.0,0.0,0.0,0.0
2026-05-25 08:51:47.607208,1779713507.607208,2420,132726.0,,,,,,,,,,,,,,,,0.0000,,,,0.0,0.0,0.0,0.0,0.0,0.0,0.0,0.0,0.0,2097697,-1210723,164341470,-30932,-2219,63370,61,fe04fe00,43.51536312658,-79.68381010356,182.2617,-37.1,SOL_COMPUTED,SINGLE,good,1.4308,1.5369,2.9305,16,15,0.0,0.0,0,0,0,0,0,0,0,0,0,—,—,0.0,0.0,0.0,0.0
2026-05-25 08:51:48.605946,1779713508.605946,2420,132727.0,,,,,,,,,,,,,,,,0.0000,,,,0.0,0.0,0.0,0.0,0.0,0.0,0.0,0.0,0.0,2111127,-1212484,164387605,-6978,6226,65452,61,fe01fe00,43.51560615263,-79.68374253049,180.9437,-37.1,SOL_COMPUTED,SINGLE,good,2.1283,2.0474,3.5323,16,8,0.0,0.0,0,0,0,0,0,0,0,0,0,—,—,0.0,0.0,0.0,0.0
2026-05-25 08:51:49.605994,1779713509.605994,2420,132728.0,,,,,,,,,,,,,,,,0.0000,,,,0.0,0.0,0.0,0.0,0.0,0.0,0.0,0.0,0.0,2101855,-1245478,164317475,-23196,-22121,75205,61,fdfffe00,43.51558581507,-79.68372316025,183.2524,-37.1,SOL_COMPUTED,SINGLE,good,2.1202,2.0434,3.5267,16,8,0.0,0.0,0,0,0,0,0,0,0,0,0,—,—,0.0,0.0,0.0,0.0
2026-05-25 08:51:50.606074,1779713510.606074,2420,132729.0,,,,,,,,,,,,,,,,0.0000,,,,0.0,0.0,0.0,0.0,0.0,0.0,0.0,0.0,0.0,2064274,-1218719,164409646,6567,-43555,44951,61,fdfbfe00,43.5155853914,-79.68372320776,182.9292,-37.1,SOL_COMPUTED,SINGLE,good,2.1195,2.0436,3.5277,16,8,0.0,0.0,0,0,0,0,0,0,0,0,0,—,—,0.0,0.0,0.0,0.0
2026-05-25 08:51:51.608854,1779713511.608854,2420,132730.0,,,,,,,,,,,,,,,,0.0000,,,,0.0,0.0,0.0,0.0,0.0,0.0,0.0,0.0,0.0,2057124,-1189863,164346908,-28221,-5278,104988,61,fdf8fe00,43.51558480804,-79.68372276411,182.6113,-37.1,SOL_COMPUTED,SINGLE,good,2.1193,2.0435,3.5286,16,8,0.0,0.0,0,0,0,0,0,0,0,0,0,—,—,0.0,0.0,0.0,0.0
2026-05-25 08:51:52.606569,1779713512.606569,2420,132731.0,,,,,,,,,,,,,,,,0.0000,,,,0.0,0.0,0.0,0.0,0.0,0.0,0.0,0.0,0.0,2071496,-1207420,164352813,28273,-2144,74207,61,fdf6fe00,43.51558416497,-79.68372237008,182.3059,-37.1,SOL_COMPUTED,SINGLE,good,2.1189,2.0419,3.5277,16,8,0.0,0.0,0,0,0,0,0,0,0,0,0,—,—,0.0,0.0,0.0,0.0
2026-05-25 08:51:53.608995,1779713513.608995,2420,132732.0,,,,,,,,,,,,,,,,0.0000,,,,0.0,0.0,0.0,0.0,0.0,0.0,0.0,0.0,0.0,2096251,-1275871,164347006,-589,-1825,59109,61,fdf2fe00,43.5155838346,-79.68372183626,181.9515,-37.1,SOL_COMPUTED,SINGLE,good,2.1195,2.0436,3.528,16,8,0.0,0.0,0,0,0,0,0,0,0,0,0,—,—,0.0,0.0,0.0,0.0
2026-05-25 08:51:54.605846,1779713514.605846,2420,132733.0,,,,,,,,,,,,,,,,0.0000,,,,0.0,0.0,0.0,0.0,0.0,0.0,0.0,0.0,0.0,2138124,-1240020,164343077,-16261,-15521,60620,61,fdeffe00,43.515583409,-79.683721033,181.6122,-37.1,SOL_COMPUTED,SINGLE,good,2.1195,2.042,3.5266,16,8,0.0,0.0,0,0,0,0,0,0,0,0,0,—,—,0.0,0.0,0.0,0.0
2026-05-25 08:51:55.605628,1779713515.605628,2420,132734.0,,,,,,,,,,,,,,,,0.0000,,,,0.0,0.0,0.0,0.0,0.0,0.0,0.0,0.0,0.0,2165827,-1207207,164372376,31467,-24760,98896,61,fdecfe00,43.51558279322,-79.68372083874,181.3611,-37.1,SOL_COMPUTED,SINGLE,good,2.1189,2.04,3.5255,16,8,0.0,0.0,0,0,0,0,0,0,0,0,0,—,—,0.0,0.0,0.0,0.0
2026-05-25 08:51:56.606467,1779713516.606467,2420,132735.0,,,,,,,,,,,,,,,,0.0000,,,,0.0,0.0,0.0,0.0,0.0,0.0,0.0,0.0,0.0,2066018,-1184089,164325669,-10359,3357,83723,61,fde9fe00,43.51558239213,-79.68372040863,181.1014,-37.1,SOL_COMPUTED,SINGLE,good,2.1185,2.0394,3.5241,16,8,0.0,0.0,0,0,0,0,0,0,0,0,0,—,—,0.0,0.0,0.0,0.0
2026-05-25 08:51:57.608385,1779713517.608385,2420,132736.0,,,,,,,,,,,,,,,,0.0000,,,,0.0,0.0,0.0,0.0,0.0,0.0,0.0,0.0,0.0,2080912,-1103421,164320708,-13357,628,49402,61,fde6fe00,43.51535081098,-79.68383555252,181.3097,-37.1,SOL_COMPUTED,SINGLE,good,1.5493,1.6237,2.937,16,14,0.0,0.0,0,0,0,0,0,0,0,0,0,—,—,0.0,0.0,0.0,0.0
2026-05-25 08:51:58.606011,1779713518.606011,2420,132737.0,,,,,,,,,,,,,,,,0.0000,,,,0.0,0.0,0.0,0.0,0.0,0.0,0.0,0.0,0.0,2118221,-1247583,164335291,-17221,-40714,70903,61,fde3fe00,43.51535089255,-79.6838364789,181.2063,-37.1,SOL_COMPUTED,SINGLE,good,1.5497,1.6243,2.9374,16,14,0.0,0.0,0,0,0,0,0,0,0,0,0,—,—,0.0,0.0,0.0,0.0
2026-05-25 08:51:59.607351,1779713519.607351,2420,132738.0,,,,,,,,,,,,,,,,0.0000,,,,0.0,0.0,0.0,0.0,0.0,0.0,0.0,0.0,0.0,2119640,-1199380,164317771,-21617,-3097,65157,61,fde0fe00,43.51535109738,-79.6838372218,181.1261,-37.1,SOL_COMPUTED,SINGLE,good,1.5489,1.6247,2.9361,16,14,0.0,0.0,0,0,0,0,0,0,0,0,0,—,—,0.0,0.0,0.0,0.0
2026-05-25 08:52:00.607506,1779713520.607506,2420,132739.0,,,,,,,,,,,,,,,,0.0000,,,,0.0,0.0,0.0,0.0,0.0,0.0,0.0,0.0,0.0,2061368,-1223588,164410450,-17058,8475,37435,61,fdddfe00,43.5153513225,-79.68383850149,181.0649,-37.1,SOL_COMPUTED,SINGLE,good,1.5485,1.6246,2.9353,16,14,0.0,0.0,0,0,0,0,0,0,0,0,0,—,—,0.0,0.0,0.0,0.0
2026-05-25 08:52:01.608258,1779713521.608258,2420,132740.0,,,,,,,,,,,,,,,,0.0000,,,,0.0,0.0,0.0,0.0,0.0,0.0,0.0,0.0,0.0,2125997,-1203479,164360652,2448,-18709,76057,61,fddafe00,43.51535157323,-79.68383967902,181.0149,-37.1,SOL_COMPUTED,SINGLE,good,1.5481,1.6248,2.9353,16,14,0.0,0.0,0,0,0,0,0,0,0,0,0,—,—,0.0,0.0,0.0,0.0
2026-05-25 08:52:02.609699,1779713522.609699,2420,132741.0,,,,,,,,,,,,,,,,0.0000,,,,0.0,0.0,0.0,0.0,0.0,0.0,0.0,0.0,0.0,2058911,-1199386,164378058,-46698,5090,88626,61,fdd7fe00,43.51535167674,-79.68384082781,180.9545,-37.1,SOL_COMPUTED,SINGLE,good,1.5484,1.6246,2.9354,16,14,0.0,0.0,0,0,0,0,0,0,0,0,0,—,—,0.0,0.0,0.0,0.0
2026-05-25 08:52:03.606473,1779713523.606473,2420,132742.0,,,,,,,,,,,,,,,,0.0000,,,,0.0,0.0,0.0,0.0,0.0,0.0,0.0,0.0,0.0,2077225,-1226192,164321366,9905,8819,46241,61,fdd4fe00,43.51535176052,-79.68384173796,180.8931,-37.1,SOL_COMPUTED,SINGLE,good,1.5488,1.6251,2.9356,16,14,0.0,0.0,0,0,0,0,0,0,0,0,0,—,—,0.0,0.0,0.0,0.0
2026-05-25 08:52:04.609133,1779713524.609133,2420,132743.0,,,,,,,,,,,,,,,,0.0000,,,,0.0,0.0,0.0,0.0,0.0,0.0,0.0,0.0,0.0,2098234,-1153509,164299025,-19041,-23540,73984,61,fdd1fe00,43.51535189441,-79.6838424814,180.857,-37.1,SOL_COMPUTED,SINGLE,good,1.5486,1.6256,2.935,16,14,0.0,0.0,0,0,0,0,0,0,0,0,0,—,—,0.0,0.0,0.0,0.0
2026-05-25 08:52:05.615223,1779713525.615223,2420,132744.0,,,,,,,,,,,,,,,,0.0000,,,,0.0,0.0,0.0,0.0,0.0,0.0,0.0,0.0,0.0,2130974,-1225555,164401201,-6566,20788,96587,61,fdcefe00,43.51557558349,-79.68372042662,179.9977,-37.1,SOL_COMPUTED,SINGLE,good,2.1229,1.9717,3.4764,16,8,0.0,0.0,0,0,0,0,0,0,0,0,0,—,—,0.0,0.0,0.0,0.0
2026-05-25 08:52:06.607988,1779713526.607988,2420,132745.0,,,,,,,,,,,,,,,,0.0000,,,,0.0,0.0,0.0,0.0,0.0,0.0,0.0,0.0,0.0,2125448,-1225925,164383619,-10855,-12245,92117,61,fdcbfe00,43.51534192759,-79.68380368897,180.1361,-37.1,SOL_COMPUTED,SINGLE,good,1.5597,1.7062,2.938,16,13,0.0,0.0,0,0,0,0,0,0,0,0,0,—,—,0.0,0.0,0.0,0.0
2026-05-25 08:52:07.605993,1779713527.605993,2420,132746.0,,,,,,,,,,,,,,,,0.0000,,,,0.0,0.0,0.0,0.0,0.0,0.0,0.0,0.0,0.0,2076180,-1170439,164303815,-13560,-30606,92944,61,fdc8fe00,43.51534198002,-79.68380342909,180.1239,-37.1,SOL_COMPUTED,SINGLE,good,1.5585,1.7053,2.9362,16,13,0.0,0.0,0,0,0,0,0,0,0,0,0,—,—,0.0,0.0,0.0,0.0
2026-05-25 08:52:08.607356,1779713528.607356,2420,132747.0,,,,,,,,,,,,,,,,0.0000,,,,0.0,0.0,0.0,0.0,0.0,0.0,0.0,0.0,0.0,2111334,-1203577,164372388,-19370,1007,101469,61,fdc5fe00,43.51534178376,-79.68380316476,180.0861,-37.1,SOL_COMPUTED,SINGLE,good,1.5592,1.7064,2.9366,16,13,0.0,0.0,0,0,0,0,0,0,0,0,0,—,—,0.0,0.0,0.0,0.0
2026-05-25 08:52:09.608374,1779713529.608374,2420,132748.0,,,,,,,,,,,,,,,,0.0000,,,,0.0,0.0,0.0,0.0,0.0,0.0,0.0,0.0,0.0,2123954,-1222518,164413219,-30910,12235,82297,61,fdc2fe00,43.51534173389,-79.68380303835,180.0699,-37.1,SOL_COMPUTED,SINGLE,good,1.5588,1.7059,2.9356,16,13,0.0,0.0,0,0,0,0,0,0,0,0,0,—,—,0.0,0.0,0.0,0.0
2026-05-25 08:52:10.607317,1779713530.607317,2420,132749.0,,,,,,,,,,,,,,,,0.0000,,,,0.0,0.0,0.0,0.0,0.0,0.0,0.0,0.0,0.0,2143305,-1234793,164390464,1180,4914,105119,61,fdbffe00,43.51534148638,-79.68380303965,180.0263,-37.1,SOL_COMPUTED,SINGLE,good,1.56,1.7062,2.9371,16,13,0.0,0.0,0,0,0,0,0,0,0,0,0,—,—,0.0,0.0,0.0,0.0
2026-05-25 08:52:11.607185,1779713531.607185,2420,132750.0,,,,,,,,,,,,,,,,0.0000,,,,0.0,0.0,0.0,0.0,0.0,0.0,0.0,0.0,0.0,2044891,-1229393,164385677,-9526,-16899,75496,61,fdbdfe00,43.515341544,-79.68380303753,180.0321,-37.1,SOL_COMPUTED,SINGLE,good,1.5593,1.706,2.936,16,13,0.0,0.0,0,0,0,0,0,0,0,0,0,—,—,0.0,0.0,0.0,0.0
2026-05-25 08:52:12.606972,1779713532.606972,2420,132751.0,,,,,,,,,,,,,,,,0.0000,,,,0.0,0.0,0.0,0.0,0.0,0.0,0.0,0.0,0.0,2115498,-1195220,164371051,10563,-25047,48606,61,fdbafe00,43.51557437936,-79.68372166725,179.865,-37.1,SOL_COMPUTED,SINGLE,good,2.1289,2.0336,3.5254,16,8,0.0,0.0,0,0,0,0,0,0,0,0,0,—,—,0.0,0.0,0.0,0.0
2026-05-25 08:52:13.608892,1779713533.608892,2420,132752.0,,,,,,,,,,,,,,,,0.0000,,,,0.0,0.0,0.0,0.0,0.0,0.0,0.0,0.0,0.0,2035437,-1222246,164336207,-4602,-3301,86309,61,fdb7fe00,43.51534143902,-79.68380315754,180.0119,-37.1,SOL_COMPUTED,SINGLE,good,1.5598,1.7068,2.9366,16,13,0.0,0.0,0,0,0,0,0,0,0,0,0,—,—,0.0,0.0,0.0,0.0
2026-05-25 08:52:14.607332,1779713534.607332,2420,132753.0,,,,,,,,,,,,,,,,0.0000,,,,0.0,0.0,0.0,0.0,0.0,0.0,0.0,0.0,0.0,2077208,-1199707,164391793,9350,-39388,77859,61,fdb4fe00,43.5153413803,-79.68380339389,179.9941,-37.1,SOL_COMPUTED,SINGLE,good,1.5603,1.7075,2.9374,16,13,0.0,0.0,0,0,0,0,0,0,0,0,0,—,—,0.0,0.0,0.0,0.0
2026-05-25 08:52:15.607253,1779713535.607253,2420,132754.0,,,,,,,,,,,,,,,,0.0000,,,,0.0,0.0,0.0,0.0,0.0,0.0,0.0,0.0,0.0,2124209,-1212110,164346793,-54209,-25209,49644,61,fdb0fe00,43.51534139994,-79.68380370421,179.9781,-37.1,SOL_COMPUTED,SINGLE,good,1.5598,1.7063,2.937,16,13,0.0,0.0,0,0,0,0,0,0,0,0,0,—,—,0.0,0.0,0.0,0.0
2026-05-25 08:52:16.607129,1779713536.607129,2420,132755.0,,,,,,,,,,,,,,,,0.0000,,,,0.0,0.0,0.0,0.0,0.0,0.0,0.0,0.0,0.0,2070619,-1216543,164372911,5558,-24108,81360,61,fdaefe00,43.51534141173,-79.68380419773,179.9311,-37.1,SOL_COMPUTED,SINGLE,good,1.5602,1.7061,2.9373,16,13,0.0,0.0,0,0,0,0,0,0,0,0,0,—,—,0.0,0.0,0.0,0.0
2026-05-25 08:52:17.605264,1779713537.605264,2420,132756.0,,,,,,,,,,,,,,,,0.0000,,,,0.0,0.0,0.0,0.0,0.0,0.0,0.0,0.0,0.0,2102518,-1220112,164385536,-12824,32775,76386,61,fdabfe00,43.51558741542,-79.68363945082,171.0845,-37.1,SOL_COMPUTED,SINGLE,good,2.1194,1.8436,3.3456,16,9,0.0,0.0,0,0,0,0,0,0,0,0,0,—,—,0.0,0.0,0.0,0.0
2026-05-25 08:52:18.607034,1779713538.607034,2420,132757.0,,,,,,,,,,,,,,,,0.0000,,,,0.0,0.0,0.0,0.0,0.0,0.0,0.0,0.0,0.0,2080790,-1175877,164314617,-24355,-4958,78749,61,fda8fe00,43.51534162976,-79.68380521912,179.8532,-37.1,SOL_COMPUTED,SINGLE,good,1.5598,1.706,2.9372,16,13,0.0,0.0,0,0,0,0,0,0,0,0,0,—,—,0.0,0.0,0.0,0.0
2026-05-25 08:52:19.608335,1779713539.608335,2420,132758.0,,,,,,,,,,,,,,,,0.0000,,,,0.0,0.0,0.0,0.0,0.0,0.0,0.0,0.0,0.0,2063913,-1212679,164332442,-42727,13920,118288,61,fda4fe00,43.51534176742,-79.68380591681,179.7689,-37.1,SOL_COMPUTED,SINGLE,good,1.5598,1.7054,2.9379,16,13,0.0,0.0,0,0,0,0,0,0,0,0,0,—,—,0.0,0.0,0.0,0.0
2026-05-25 08:52:20.607736,1779713540.607736,2420,132759.0,,,,,,,,,,,,,,,,0.0000,,,,0.0,0.0,0.0,0.0,0.0,0.0,0.0,0.0,0.0,2005788,-1210564,164351311,-26179,-1556,55954,61,fda2fe00,43.51534195856,-79.6838067921,179.6926,-37.1,SOL_COMPUTED,SINGLE,good,1.5598,1.7052,2.939,16,13,0.0,0.0,0,0,0,0,0,0,0,0,0,—,—,0.0,0.0,0.0,0.0
2026-05-25 08:52:21.607666,1779713541.607666,2420,132760.0,,,,,,,,,,,,,,,,0.0000,,,,0.0,0.0,0.0,0.0,0.0,0.0,0.0,0.0,0.0,2026862,-1183719,164315312,-17930,-8116,73912,61,fd9ffe00,43.51534215368,-79.68380761052,179.5854,-37.1,SOL_COMPUTED,SINGLE,good,1.5599,1.705,2.9387,16,13,0.0,0.0,0,0,0,0,0,0,0,0,0,—,—,0.0,0.0,0.0,0.0
2026-05-25 08:52:22.606223,1779713542.606223,2420,132761.0,,,,,,,,,,,,,,,,0.0000,,,,0.0,0.0,0.0,0.0,0.0,0.0,0.0,0.0,0.0,2078915,-1205527,164397639,-8130,2367,84950,61,fd9cfe00,43.51534249737,-79.68380850379,179.4561,-37.1,SOL_COMPUTED,SINGLE,good,1.5598,1.7047,2.9407,16,13,0.0,0.0,0,0,0,0,0,0,0,0,0,—,—,0.0,0.0,0.0,0.0
2026-05-25 08:52:23.608989,1779713543.608989,2420,132762.0,,,,,,,,,,,,,,,,0.0000,,,,0.0,0.0,0.0,0.0,0.0,0.0,0.0,0.0,0.0,2051804,-1185048,164363884,-1103,-2923,77000,61,fd99fe00,43.51534284783,-79.683809454,179.29,-37.1,SOL_COMPUTED,SINGLE,good,1.5596,1.7041,2.939,16,13,0.0,0.0,0,0,0,0,0,0,0,0,0,—,—,0.0,0.0,0.0,0.0
2026-05-25 08:52:24.607447,1779713544.607447,2420,132763.0,,,,,,,,,,,,,,,,0.0000,,,,0.0,0.0,0.0,0.0,0.0,0.0,0.0,0.0,0.0,2010287,-1230386,164330067,-53435,-20744,59460,61,fd96fe00,43.51534328921,-79.683810382,179.1075,-37.1,SOL_COMPUTED,SINGLE,good,1.5594,1.7034,2.9405,16,13,0.0,0.0,0,0,0,0,0,0,0,0,0,—,—,0.0,0.0,0.0,0.0
2026-05-25 08:52:25.608407,1779713545.608407,2420,132764.0,,,,,,,,,,,,,,,,0.0000,,,,0.0,0.0,0.0,0.0,0.0,0.0,0.0,0.0,0.0,2084274,-1273860,164388628,19836,8444,89020,61,fd93fe00,43.51534378209,-79.68381118379,178.8766,-37.1,SOL_COMPUTED,SINGLE,good,1.5595,1.7034,2.9402,16,13,0.0,0.0,0,0,0,0,0,0,0,0,0,—,—,0.0,0.0,0.0,0.0
2026-05-25 08:52:26.605956,1779713546.605956,2420,132765.0,,,,,,,,,,,,,,,,0.0000,,,,0.0,0.0,0.0,0.0,0.0,0.0,0.0,0.0,0.0,2072763,-1189178,164365972,14629,-26045,85525,61,fd90fe00,43.51534423333,-79.68381199831,178.6302,-37.1,SOL_COMPUTED,SINGLE,good,1.5598,1.7028,2.9399,16,13,0.0,0.0,0,0,0,0,0,0,0,0,0,—,—,0.0,0.0,0.0,0.0
2026-05-25 08:52:27.607503,1779713547.607503,2420,132766.0,,,,,,,,,,,,,,,,0.0000,,,,0.0,0.0,0.0,0.0,0.0,0.0,0.0,0.0,0.0,2133099,-1248232,164351211,-18577,-6059,57915,61,fd8dfe00,43.51534475428,-79.68381282674,178.3697,-37.1,SOL_COMPUTED,SINGLE,good,1.5603,1.7028,2.942,16,13,0.0,0.0,0,0,0,0,0,0,0,0,0,—,—,0.0,0.0,0.0,0.0
2026-05-25 08:52:28.605566,1779713548.605566,2420,132767.0,,,,,,,,,,,,,,,,0.0000,,,,0.0,0.0,0.0,0.0,0.0,0.0,0.0,0.0,0.0,2037156,-1273821,164347101,-2369,18888,92470,61,fd8afe00,43.51534526639,-79.68381357588,178.0727,-37.1,SOL_COMPUTED,SINGLE,good,1.5608,1.703,2.9435,16,13,0.0,0.0,0,0,0,0,0,0,0,0,0,—,—,0.0,0.0,0.0,0.0
2026-05-25 08:52:29.609291,1779713549.609291,2420,132768.0,,,,,,,,,,,,,,,,0.0000,,,,0.0,0.0,0.0,0.0,0.0,0.0,0.0,0.0,0.0,2080847,-1226943,164338162,-42834,-7099,53634,61,fd87fe00,43.51534592049,-79.68381430158,177.7845,-37.1,SOL_COMPUTED,SINGLE,good,1.5603,1.7031,2.9433,16,13,0.0,0.0,0,0,0,0,0,0,0,0,0,—,—,0.0,0.0,0.0,0.0
2026-05-25 08:52:30.606495,1779713550.606495,2420,132769.0,,,,,,,,,,,,,,,,0.0000,,,,0.0,0.0,0.0,0.0,0.0,0.0,0.0,0.0,0.0,2176614,-1180675,164330467,-33438,-19411,51024,61,fd85fe00,43.51534659048,-79.68381507095,177.4506,-37.1,SOL_COMPUTED,SINGLE,good,1.5596,1.7023,2.9432,16,13,0.0,0.0,0,0,0,0,0,0,0,0,0,—,—,0.0,0.0,0.0,0.0
2026-05-25 08:52:31.607837,1779713551.607837,2420,132770.0,,,,,,,,,,,,,,,,0.0000,,,,0.0,0.0,0.0,0.0,0.0,0.0,0.0,0.0,0.0,2065028,-1265074,164317778,-25006,-6004,56524,61,fd81fe00,43.51534722253,-79.68381583833,177.0836,-37.1,SOL_COMPUTED,SINGLE,good,1.5598,1.7022,2.9414,16,13,0.0,0.0,0,0,0,0,0,0,0,0,0,—,—,0.0,0.0,0.0,0.0
2026-05-25 08:52:32.606004,1779713552.606004,2420,132771.0,,,,,,,,,,,,,,,,0.0000,,,,0.0,0.0,0.0,0.0,0.0,0.0,0.0,0.0,0.0,2083258,-1198435,164362263,1594,-14176,67691,61,fd7ffe00,43.51534780551,-79.68381651679,176.7286,-37.1,SOL_COMPUTED,SINGLE,good,1.56,1.7022,2.942,16,13,0.0,0.0,0,0,0,0,0,0,0,0,0,—,—,0.0,0.0,0.0,0.0
2026-05-25 08:52:33.607135,1779713553.607135,2420,132772.0,,,,,,,,,,,,,,,,0.0000,,,,0.0,0.0,0.0,0.0,0.0,0.0,0.0,0.0,0.0,2043667,-1228415,164361881,634,-6538,98456,61,fd7cfe00,43.51534842603,-79.68381724541,176.3798,-37.1,SOL_COMPUTED,SINGLE,good,1.5602,1.7014,2.9423,16,13,0.0,0.0,0,0,0,0,0,0,0,0,0,—,—,0.0,0.0,0.0,0.0
2026-05-25 08:52:34.608149,1779713554.608149,2420,132773.0,,,,,,,,,,,,,,,,0.0000,,,,0.0,0.0,0.0,0.0,0.0,0.0,0.0,0.0,0.0,2139953,-1133817,164378899,-38975,-16050,51431,61,fd79fe00,43.51534898457,-79.6838179572,176.033,-37.1,SOL_COMPUTED,SINGLE,good,1.5605,1.7013,2.9408,16,13,0.0,0.0,0,0,0,0,0,0,0,0,0,—,—,0.0,0.0,0.0,0.0
2026-05-25 08:52:35.607051,1779713555.607051,2420,132774.0,,,,,,,,,,,,,,,,0.0000,,,,0.0,0.0,0.0,0.0,0.0,0.0,0.0,0.0,0.0,2073700,-1248642,164372704,-7565,-1499,84605,61,fd76fe00,43.51534957954,-79.68381866436,175.7152,-37.1,SOL_COMPUTED,SINGLE,good,1.5605,1.7014,2.9411,16,13,0.0,0.0,0,0,0,0,0,0,0,0,0,—,—,0.0,0.0,0.0,0.0
2026-05-25 08:52:36.606855,1779713556.606855,2420,132775.0,,,,,,,,,,,,,,,,0.0000,,,,0.0,0.0,0.0,0.0,0.0,0.0,0.0,0.0,0.0,2113710,-1215406,164387120,18022,21874,72266,61,fd73fe00,43.51535005524,-79.68381939263,175.4134,-37.1,SOL_COMPUTED,SINGLE,good,1.56,1.7013,2.9402,16,13,0.0,0.0,0,0,0,0,0,0,0,0,0,—,—,0.0,0.0,0.0,0.0
2026-05-25 08:52:37.606995,1779713557.606995,2420,132776.0,,,,,,,,,,,,,,,,0.0000,,,,0.0,0.0,0.0,0.0,0.0,0.0,0.0,0.0,0.0,2135343,-1249974,164366828,16240,5042,90236,61,fd70fe00,43.51535054457,-79.68382010209,175.1341,-37.1,SOL_COMPUTED,SINGLE,good,1.5589,1.7009,2.9374,16,13,0.0,0.0,0,0,0,0,0,0,0,0,0,—,—,0.0,0.0,0.0,0.0
2026-05-25 08:52:38.607722,1779713558.607722,2420,132777.0,,,,,,,,,,,,,,,,0.0000,,,,0.0,0.0,0.0,0.0,0.0,0.0,0.0,0.0,0.0,2071767,-1214430,164352375,-10052,-21105,59188,61,fd6dfe00,43.51535092651,-79.68382076515,174.9072,-37.1,SOL_COMPUTED,SINGLE,good,1.5594,1.701,2.9389,16,13,0.0,0.0,0,0,0,0,0,0,0,0,0,—,—,0.0,0.0,0.0,0.0
2026-05-25 08:52:39.608680,1779713559.608680,2420,132778.0,,,,,,,,,,,,,,,,0.0000,,,,0.0,0.0,0.0,0.0,0.0,0.0,0.0,0.0,0.0,2052143,-1155761,164313883,19558,-52579,83387,61,fd6bfe00,43.515351194,-79.68382153325,174.6873,-37.1,SOL_COMPUTED,SINGLE,good,1.5596,1.7009,2.9389,16,13,0.0,0.0,0,0,0,0,0,0,0,0,0,—,—,0.0,0.0,0.0,0.0
2026-05-25 08:52:40.607913,1779713560.607913,2420,132779.0,,,,,,,,,,,,,,,,0.0000,,,,0.0,0.0,0.0,0.0,0.0,0.0,0.0,0.0,0.0,2034314,-1153463,164333549,-21974,3820,59386,61,fd67fe00,43.51535145482,-79.683822239,174.4864,-37.1,SOL_COMPUTED,SINGLE,good,1.5589,1.7009,2.9377,16,13,0.0,0.0,0,0,0,0,0,0,0,0,0,—,—,0.0,0.0,0.0,0.0
2026-05-25 08:52:41.609037,1779713561.609037,2420,132780.0,,,,,,,,,,,,,,,,0.0000,,,,0.0,0.0,0.0,0.0,0.0,0.0,0.0,0.0,0.0,2130239,-1158906,164387048,49145,-32163,79916,61,fd65fe00,43.51535159938,-79.68382284775,174.3118,-37.1,SOL_COMPUTED,SINGLE,good,1.559,1.701,2.9377,16,13,0.0,0.0,0,0,0,0,0,0,0,0,0,—,—,0.0,0.0,0.0,0.0
2026-05-25 08:52:42.607699,1779713562.607699,2420,132781.0,,,,,,,,,,,,,,,,0.0000,,,,0.0,0.0,0.0,0.0,0.0,0.0,0.0,0.0,0.0,2069427,-1262125,164355980,-32661,-3174,67250,61,fd61fe00,43.51535170219,-79.68382341745,174.1459,-37.1,SOL_COMPUTED,SINGLE,good,1.5586,1.701,2.937,16,13,0.0,0.0,0,0,0,0,0,0,0,0,0,—,—,0.0,0.0,0.0,0.0
2026-05-25 08:52:43.605843,1779713563.605843,2420,132782.0,,,,,,,,,,,,,,,,0.0000,,,,0.0,0.0,0.0,0.0,0.0,0.0,0.0,0.0,0.0,2040258,-1169203,164356542,-30902,1632,53052,61,fd5ffe00,43.51535177583,-79.68382399516,174.0196,-37.1,SOL_COMPUTED,SINGLE,good,1.5586,1.7012,2.9368,16,13,0.0,0.0,0,0,0,0,0,0,0,0,0,—,—,0.0,0.0,0.0,0.0
2026-05-25 08:52:44.606634,1779713564.606634,2420,132783.0,,,,,,,,,,,,,,,,0.0000,,,,0.0,0.0,0.0,0.0,0.0,0.0,0.0,0.0,0.0,2138905,-1226478,164386059,-11069,17751,77446,61,fd5cfe00,43.51535173604,-79.68382445533,173.9129,-37.1,SOL_COMPUTED,SINGLE,good,1.5582,1.7009,2.936,16,13,0.0,0.0,0,0,0,0,0,0,0,0,0,—,—,0.0,0.0,0.0,0.0
2026-05-25 08:52:45.606438,1779713565.606438,2420,132784.0,,,,,,,,,,,,,,,,0.0000,,,,0.0,0.0,0.0,0.0,0.0,0.0,0.0,0.0,0.0,2073306,-1239457,164369765,-36919,1823,71047,61,fd59fe00,43.5153517495,-79.68382490706,173.8304,-37.1,SOL_COMPUTED,SINGLE,good,1.5579,1.7009,2.9354,16,13,0.0,0.0,0,0,0,0,0,0,0,0,0,—,—,0.0,0.0,0.0,0.0
2026-05-25 08:52:46.607098,1779713566.607098,2420,132785.0,,,,,,,,,,,,,,,,0.0000,,,,0.0,0.0,0.0,0.0,0.0,0.0,0.0,0.0,0.0,2123720,-1254573,164391319,-26516,-4663,78222,61,fd57fe00,43.51535165531,-79.68382541437,173.7596,-37.1,SOL_COMPUTED,SINGLE,good,1.5579,1.7009,2.9353,16,13,0.0,0.0,0,0,0,0,0,0,0,0,0,—,—,0.0,0.0,0.0,0.0
2026-05-25 08:52:47.607232,1779713567.607232,2420,132786.0,,,,,,,,,,,,,,,,0.0000,,,,0.0,0.0,0.0,0.0,0.0,0.0,0.0,0.0,0.0,2090989,-1245020,164372138,14378,-25417,118739,61,fd53fe00,43.51535157068,-79.68382579716,173.703,-37.1,SOL_COMPUTED,SINGLE,good,1.5582,1.7014,2.9359,16,13,0.0,0.0,0,0,0,0,0,0,0,0,0,—,—,0.0,0.0,0.0,0.0
2026-05-25 08:52:48.607305,1779713568.607305,2420,132787.0,,,,,,,,,,,,,,,,0.0000,,,,0.0,0.0,0.0,0.0,0.0,0.0,0.0,0.0,0.0,2031381,-1241259,164364389,-47723,-2992,64362,61,fd51fe00,43.515351393,-79.68382615236,173.6545,-37.1,SOL_COMPUTED,SINGLE,good,1.5581,1.7015,2.9355,16,13,0.0,0.0,0,0,0,0,0,0,0,0,0,—,—,0.0,0.0,0.0,0.0
2026-05-25 08:52:49.605286,1779713569.605286,2420,132788.0,,,,,,,,,,,,,,,,0.0000,,,,0.0,0.0,0.0,0.0,0.0,0.0,0.0,0.0,0.0,2137741,-1250829,164367836,5734,-24039,59888,61,fd4efe00,43.51535124194,-79.68382652689,173.6471,-37.1,SOL_COMPUTED,SINGLE,good,1.5578,1.7013,2.9353,16,13,0.0,0.0,0,0,0,0,0,0,0,0,0,—,—,0.0,0.0,0.0,0.0
2026-05-25 08:52:50.607697,1779713570.607697,2420,132789.0,,,,,,,,,,,,,,,,0.0000,,,,0.0,0.0,0.0,0.0,0.0,0.0,0.0,0.0,0.0,2005063,-1242588,164395878,-6955,-3494,84215,61,fd4bfe00,43.51535111357,-79.68382690953,173.657,-37.1,SOL_COMPUTED,SINGLE,good,1.5577,1.7013,2.935,16,13,0.0,0.0,0,0,0,0,0,0,0,0,0,—,—,0.0,0.0,0.0,0.0
2026-05-25 08:52:51.609964,1779713571.609964,2420,132790.0,,,,,,,,,,,,,,,,0.0000,,,,0.0,0.0,0.0,0.0,0.0,0.0,0.0,0.0,0.0,2093033,-1222573,164387668,-17448,20290,46441,61,fd48fe00,43.51535098514,-79.68382730017,173.6807,-37.1,SOL_COMPUTED,SINGLE,good,1.5581,1.7018,2.9357,16,13,0.0,0.0,0,0,0,0,0,0,0,0,0,—,—,0.0,0.0,0.0,0.0
2026-05-25 08:52:52.606928,1779713572.606928,2420,132791.0,,,,,,,,,,,,,,,,0.0000,,,,0.0,0.0,0.0,0.0,0.0,0.0,0.0,0.0,0.0,2032542,-1219248,164364096,2808,-15485,77437,61,fd45fe00,43.51535087884,-79.68382771508,173.7076,-37.1,SOL_COMPUTED,SINGLE,good,1.5577,1.7017,2.9348,16,13,0.0,0.0,0,0,0,0,0,0,0,0,0,—,—,0.0,0.0,0.0,0.0
2026-05-25 08:52:53.608924,1779713573.608924,2420,132792.0,,,,,,,,,,,,,,,,0.0000,,,,0.0,0.0,0.0,0.0,0.0,0.0,0.0,0.0,0.0,2163646,-1220559,164372957,-16711,4126,76975,61,fd42fe00,43.51535080823,-79.68382810597,173.7448,-37.1,SOL_COMPUTED,SINGLE,good,1.558,1.7024,2.9352,16,13,0.0,0.0,0,0,0,0,0,0,0,0,0,—,—,0.0,0.0,0.0,0.0
2026-05-25 08:52:54.611891,1779713574.611891,2420,132793.0,,,,,,,,,,,,,,,,0.0000,,,,0.0,0.0,0.0,0.0,0.0,0.0,0.0,0.0,0.0,2048566,-1224507,164343871,13080,-1477,91861,61,fd3ffe00,43.51535066033,-79.68382845489,173.7925,-37.1,SOL_COMPUTED,SINGLE,good,1.5579,1.7024,2.935,16,13,0.0,0.0,0,0,0,0,0,0,0,0,0,—,—,0.0,0.0,0.0,0.0
2026-05-25 08:52:55.607186,1779713575.607186,2420,132794.0,,,,,,,,,,,,,,,,0.0000,,,,0.0,0.0,0.0,0.0,0.0,0.0,0.0,0.0,0.0,2111591,-1178831,164351914,-7838,-19150,79083,61,fd3dfe00,43.51535053079,-79.6838287876,173.8623,-37.1,SOL_COMPUTED,SINGLE,good,1.5582,1.7028,2.9356,16,13,0.0,0.0,0,0,0,0,0,0,0,0,0,—,—,0.0,0.0,0.0,0.0
2026-05-25 08:52:56.606802,1779713576.606802,2420,132795.0,,,,,,,,,,,,,,,,0.0000,,,,0.0,0.0,0.0,0.0,0.0,0.0,0.0,0.0,0.0,2119605,-1195614,164332979,-38148,-23349,44781,61,fd39fe00,43.51535035555,-79.68382913853,173.9258,-37.1,SOL_COMPUTED,SINGLE,good,1.5585,1.703,2.9359,16,13,0.0,0.0,0,0,0,0,0,0,0,0,0,—,—,0.0,0.0,0.0,0.0
2026-05-25 08:52:57.606705,1779713577.606705,2420,132796.0,,,,,,,,,,,,,,,,0.0000,,,,0.0,0.0,0.0,0.0,0.0,0.0,0.0,0.0,0.0,2068440,-1270303,164334078,6213,-30605,93722,61,fd37fe00,43.51535012555,-79.68382949197,173.986,-37.1,SOL_COMPUTED,SINGLE,good,1.5587,1.7037,2.936,16,13,0.0,0.0,0,0,0,0,0,0,0,0,0,—,—,0.0,0.0,0.0,0.0
2026-05-25 08:52:58.607492,1779713578.607492,2420,132797.0,,,,,,,,,,,,,,,,0.0000,,,,0.0,0.0,0.0,0.0,0.0,0.0,0.0,0.0,0.0,2015561,-1219631,164350248,43140,5934,73173,61,fd34fe00,43.51560449403,-79.68367191407,170.6483,-37.1,SOL_COMPUTED,SINGLE,good,2.1163,1.8446,3.3422,16,9,0.0,0.0,0,0,0,0,0,0,0,0,0,—,—,0.0,0.0,0.0,0.0
2026-05-25 08:52:59.607397,1779713579.607397,2420,132798.0,,,,,,,,,,,,,,,,0.0000,,,,0.0,0.0,0.0,0.0,0.0,0.0,0.0,0.0,0.0,2031116,-1194642,164355974,-35388,-201,69793,61,fd31fe00,43.51534973804,-79.68383018436,174.1327,-37.1,SOL_COMPUTED,SINGLE,good,1.5586,1.7039,2.9351,16,13,0.0,0.0,0,0,0,0,0,0,0,0,0,—,—,0.0,0.0,0.0,0.0
2026-05-25 08:53:00.606971,1779713580.606971,2420,132799.0,,,,,,,,,,,,,,,,0.0000,,,,0.0,0.0,0.0,0.0,0.0,0.0,0.0,0.0,0.0,2063663,-1200374,164313832,-7412,14345,75518,61,fd2efe00,43.51534956903,-79.68383057728,174.2138,-37.1,SOL_COMPUTED,SINGLE,good,1.5586,1.7036,2.9353,16,13,0.0,0.0,0,0,0,0,0,0,0,0,0,—,—,0.0,0.0,0.0,0.0
2026-05-25 08:53:01.608333,1779713581.608333,2420,132800.0,,,,,,,,,,,,,,,,0.0000,,,,0.0,0.0,0.0,0.0,0.0,0.0,0.0,0.0,0.0,2081744,-1177157,164385607,-15103,-53120,106914,61,fd2bfe00,43.51534946694,-79.68383092003,174.3136,-37.1,SOL_COMPUTED,SINGLE,good,1.5588,1.7045,2.9351,16,13,0.0,0.0,0,0,0,0,0,0,0,0,0,—,—,0.0,0.0,0.0,0.0
2026-05-25 08:53:02.607610,1779713582.607610,2420,132801.0,,,,,,,,,,,,,,,,0.0000,,,,0.0,0.0,0.0,0.0,0.0,0.0,0.0,0.0,0.0,2066646,-1198438,164393916,635,-17754,79394,61,fd29fe00,43.51534941751,-79.68383136526,174.412,-37.1,SOL_COMPUTED,SINGLE,good,1.5593,1.7051,2.9354,16,13,0.0,0.0,0,0,0,0,0,0,0,0,0,—,—,0.0,0.0,0.0,0.0
2026-05-25 08:53:03.607160,1779713583.607160,2420,132802.0,,,,,,,,,,,,,,,,0.0000,,,,0.0,0.0,0.0,0.0,0.0,0.0,0.0,0.0,0.0,2073866,-1232040,164401582,-40662,-13285,77602,61,fd26fe00,43.51534936473,-79.68383173373,174.507,-37.1,SOL_COMPUTED,SINGLE,good,1.559,1.7048,2.9347,16,13,0.0,0.0,0,0,0,0,0,0,0,0,0,—,—,0.0,0.0,0.0,0.0
2026-05-25 08:53:04.607135,1779713584.607135,2420,132803.0,,,,,,,,,,,,,,,,0.0000,,,,0.0,0.0,0.0,0.0,0.0,0.0,0.0,0.0,0.0,2080517,-1197424,164323726,392,7633,91253,61,fd23fe00,43.51534936335,-79.68383219455,174.6137,-37.1,SOL_COMPUTED,SINGLE,good,1.5597,1.7062,2.9354,16,13,0.0,0.0,0,0,0,0,0,0,0,0,0,—,—,0.0,0.0,0.0,0.0
2026-05-25 08:53:05.607595,1779713585.607595,2420,132804.0,,,,,,,,,,,,,,,,0.0000,,,,0.0,0.0,0.0,0.0,0.0,0.0,0.0,0.0,0.0,2034669,-1204502,164308602,-1279,19519,57097,61,fd20fe00,43.51534935243,-79.6838327335,174.7232,-37.1,SOL_COMPUTED,SINGLE,good,1.5597,1.7062,2.9356,16,13,0.0,0.0,0,0,0,0,0,0,0,0,0,—,—,0.0,0.0,0.0,0.0
2026-05-25 08:53:06.607233,1779713586.607233,2420,132805.0,,,,,,,,,,,,,,,,0.0000,,,,0.0,0.0,0.0,0.0,0.0,0.0,0.0,0.0,0.0,2124043,-1151193,164387613,-12010,10776,60448,61,fd1dfe00,43.51534933451,-79.68383330031,174.8339,-37.1,SOL_COMPUTED,SINGLE,good,1.5601,1.7065,2.9354,16,13,0.0,0.0,0,0,0,0,0,0,0,0,0,—,—,0.0,0.0,0.0,0.0
2026-05-25 08:53:07.617240,1779713587.617240,2420,132806.0,,,,,,,,,,,,,,,,0.0000,,,,0.0,0.0,0.0,0.0,0.0,0.0,0.0,0.0,0.0,2118947,-1174206,164326287,-13865,-2797,82310,61,fd1bfe00,43.51534923242,-79.6838338288,174.9495,-37.1,SOL_COMPUTED,SINGLE,good,1.5591,1.7054,2.9348,16,13,0.0,0.0,0,0,0,0,0,0,0,0,0,—,—,0.0,0.0,0.0,0.0
2026-05-25 08:53:08.607931,1779713588.607931,2420,132807.0,,,,,,,,,,,,,,,,0.0000,,,,0.0,0.0,0.0,0.0,0.0,0.0,0.0,0.0,0.0,2086784,-1206597,164320082,2772,14824,69985,61,fd17fe00,43.51534915215,-79.68383449084,175.069,-37.1,SOL_COMPUTED,SINGLE,good,1.5588,1.705,2.9342,16,13,0.0,0.0,0,0,0,0,0,0,0,0,0,—,—,0.0,0.0,0.0,0.0
2026-05-25 08:53:09.608504,1779713589.608504,2420,132808.0,,,,,,,,,,,,,,,,0.0000,,,,0.0,0.0,0.0,0.0,0.0,0.0,0.0,0.0,0.0,2103986,-1241097,164342267,-4579,-2991,76133,61,fd15fe00,43.5153491902,-79.68383534535,175.1922,-37.1,SOL_COMPUTED,SINGLE,good,1.5591,1.7056,2.9344,16,13,0.0,0.0,0,0,0,0,0,0,0,0,0,—,—,0.0,0.0,0.0,0.0
2026-05-25 08:53:10.607109,1779713590.607109,2420,132809.0,,,,,,,,,,,,,,,,0.0000,,,,0.0,0.0,0.0,0.0,0.0,0.0,0.0,0.0,0.0,2155532,-1250730,164376636,-22741,22193,62573,61,fd12fe00,43.51534922675,-79.6838361302,175.3059,-37.1,SOL_COMPUTED,SINGLE,good,1.5598,1.7069,2.9349,16,13,0.0,0.0,0,0,0,0,0,0,0,0,0,—,—,0.0,0.0,0.0,0.0
2026-05-25 08:53:11.606830,1779713591.606830,2420,132810.0,,,,,,,,,,,,,,,,0.0000,,,,0.0,0.0,0.0,0.0,0.0,0.0,0.0,0.0,0.0,2036415,-1249277,164420675,-2638,-23279,63979,61,fd0ffe00,43.51534938119,-79.68383687998,175.4317,-37.1,SOL_COMPUTED,SINGLE,good,1.5601,1.707,2.9349,16,13,0.0,0.0,0,0,0,0,0,0,0,0,0,SPECTRUMANALYSIS,L1,1575.195,1.611,-71.986,-131.136
2026-05-25 08:53:12.608480,1779713592.608480,2420,132811.0,,,,,,,,,,,,,,,,0.0000,,,,0.0,0.0,0.0,0.0,0.0,0.0,0.0,0.0,0.0,2051034,-1199010,164383753,5368,-5581,79588,61,fd0cfe00,43.51534957314,-79.68383770502,175.5389,-37.1,SOL_COMPUTED,SINGLE,good,1.56,1.7066,2.9353,16,13,0.0,0.0,0,0,0,0,0,0,0,0,0,SPECTRUMANALYSIS,L1,1575.195,1.611,-71.986,-131.136
2026-05-25 08:53:13.605505,1779713593.605505,2420,132812.0,,,,,,,,,,,,,,,,0.0000,,,,0.0,0.0,0.0,0.0,0.0,0.0,0.0,0.0,0.0,2042862,-1143957,164362278,-12267,-6188,58936,61,fd09fe00,43.51534986206,-79.68383869215,175.6389,-37.1,SOL_COMPUTED,SINGLE,good,1.561,1.7083,2.936,16,13,0.0,0.0,0,0,0,0,0,0,0,0,0,SPECTRUMANALYSIS,L1,1575.195,1.611,-71.986,-131.136
2026-05-25 08:53:14.608293,1779713594.608293,2420,132813.0,,,,,,,,,,,,,,,,0.0000,,,,0.0,0.0,0.0,0.0,0.0,0.0,0.0,0.0,0.0,2040996,-1181959,164336074,-18003,-28367,76386,61,fd07fe00,43.51535025872,-79.68383960772,175.7273,-37.1,SOL_COMPUTED,SINGLE,good,1.5606,1.7078,2.9364,16,13,0.0,0.0,0,0,0,0,0,0,0,0,0,—,—,0.0,0.0,0.0,0.0
2026-05-25 08:53:15.606197,1779713595.606197,2420,132814.0,,,,,,,,,,,,,,,,0.0000,,,,0.0,0.0,0.0,0.0,0.0,0.0,0.0,0.0,0.0,2073570,-1168467,164360783,6943,-1165,65203,61,fd04fe00,43.51535068088,-79.68384055121,175.8083,-37.1,SOL_COMPUTED,SINGLE,good,1.5599,1.7063,2.9356,16,13,0.0,0.0,0,0,0,0,0,0,0,0,0,—,—,0.0,0.0,0.0,0.0
2026-05-25 08:53:16.607547,1779713596.607547,2420,132815.0,,,,,,,,,,,,,,,,0.0000,,,,0.0,0.0,0.0,0.0,0.0,0.0,0.0,0.0,0.0,2063437,-1187825,164391424,-22311,-8538,57194,61,fd01fe00,43.51535126573,-79.68384135101,175.8737,-37.1,SOL_COMPUTED,SINGLE,good,1.5607,1.707,2.9363,16,13,0.0,0.0,0,0,0,0,0,0,0,0,0,—,—,0.0,0.0,0.0,0.0
2026-05-25 08:53:17.606100,1779713597.606100,2420,132816.0,,,,,,,,,,,,,,,,0.0000,,,,0.0,0.0,0.0,0.0,0.0,0.0,0.0,0.0,0.0,2016677,-1177754,164384877,-8985,-29563,65819,61,fcfefe00,43.51535200185,-79.68384189735,175.9152,-37.1,SOL_COMPUTED,SINGLE,good,1.5611,1.7082,2.9367,16,13,0.0,0.0,0,0,0,0,0,0,0,0,0,—,—,0.0,0.0,0.0,0.0
2026-05-25 08:53:18.606864,1779713598.606864,2420,132817.0,,,,,,,,,,,,,,,,0.0000,,,,0.0,0.0,0.0,0.0,0.0,0.0,0.0,0.0,0.0,2078461,-1195469,164343571,-28061,-6720,59074,61,fcfcfe00,43.51535283607,-79.6838421923,175.9538,-37.1,SOL_COMPUTED,SINGLE,good,1.561,1.708,2.9368,16,13,0.0,0.0,0,0,0,0,0,0,0,0,0,—,—,0.0,0.0,0.0,0.0
2026-05-25 08:53:19.607568,1779713599.607568,2420,132818.0,,,,,,,,,,,,,,,,0.0000,,,,0.0,0.0,0.0,0.0,0.0,0.0,0.0,0.0,0.0,1999794,-1233550,164361455,-12123,-8544,71508,61,fcf9fe00,43.51535375784,-79.68384229564,175.9774,-37.1,SOL_COMPUTED,SINGLE,good,1.5613,1.7084,2.9377,16,13,0.0,0.0,0,0,0,0,0,0,0,0,0,—,—,0.0,0.0,0.0,0.0
2026-05-25 08:53:20.607456,1779713600.607456,2420,132819.0,,,,,,,,,,,,,,,,0.0000,,,,0.0,0.0,0.0,0.0,0.0,0.0,0.0,0.0,0.0,2124700,-1236741,164372859,7164,-6951,99769,61,fcf6fe00,43.51535474355,-79.68384222543,175.9893,-37.1,SOL_COMPUTED,SINGLE,good,1.5609,1.7078,2.9371,16,13,0.0,0.0,0,0,0,0,0,0,0,0,0,—,—,0.0,0.0,0.0,0.0
2026-05-25 08:53:21.606036,1779713601.606036,2420,132820.0,,,,,,,,,,,,,,,,0.0000,,,,0.0,0.0,0.0,0.0,0.0,0.0,0.0,0.0,0.0,2098422,-1176650,164347722,-11000,20839,60781,61,fcf3fe00,43.51535590659,-79.68384175777,175.974,-37.1,SOL_COMPUTED,SINGLE,good,1.5627,1.7116,2.9383,16,13,0.0,0.0,0,0,0,0,0,0,0,0,0,—,—,0.0,0.0,0.0,0.0
2026-05-25 08:53:22.608847,1779713602.608847,2420,132821.0,,,,,,,,,,,,,,,,0.0000,,,,0.0,0.0,0.0,0.0,0.0,0.0,0.0,0.0,0.0,2122062,-1229932,164380635,1331,-26256,60808,61,fcf0fe00,43.51535705189,-79.68384114505,175.9601,-37.1,SOL_COMPUTED,SINGLE,good,1.5624,1.7111,2.9386,16,13,0.0,0.0,0,0,0,0,0,0,0,0,0,—,—,0.0,0.0,0.0,0.0
2026-05-25 08:53:23.607800,1779713603.607800,2420,132822.0,,,,,,,,,,,,,,,,0.0000,,,,0.0,0.0,0.0,0.0,0.0,0.0,0.0,0.0,0.0,2113219,-1182332,164346590,-21373,8945,59824,61,fcedfe00,43.51535816179,-79.68384035723,175.9241,-37.1,SOL_COMPUTED,SINGLE,good,1.5611,1.7091,2.9381,16,13,0.0,0.0,0,0,0,0,0,0,0,0,0,—,—,0.0,0.0,0.0,0.0
2026-05-25 08:53:24.605626,1779713604.605626,2420,132823.0,,,,,,,,,,,,,,,,0.0000,,,,0.0,0.0,0.0,0.0,0.0,0.0,0.0,0.0,0.0,2130667,-1169340,164364846,7929,-12800,73617,61,fcebfe00,43.51535927173,-79.6838393431,175.8714,-37.1,SOL_COMPUTED,SINGLE,good,1.5619,1.7105,2.9389,16,13,0.0,0.0,0,0,0,0,0,0,0,0,0,—,—,0.0,0.0,0.0,0.0
2026-05-25 08:53:25.609889,1779713605.609889,2420,132824.0,,,,,,,,,,,,,,,,0.0000,,,,0.0,0.0,0.0,0.0,0.0,0.0,0.0,0.0,0.0,2057923,-1189044,164344057,-35543,-29343,50245,61,fce8fe00,43.51536022699,-79.68383843125,175.8121,-37.1,SOL_COMPUTED,SINGLE,good,1.5635,1.7133,2.9403,16,13,0.0,0.0,0,0,0,0,0,0,0,0,0,—,—,0.0,0.0,0.0,0.0
2026-05-25 08:53:26.607231,1779713606.607231,2420,132825.0,,,,,,,,,,,,,,,,0.0000,,,,0.0,0.0,0.0,0.0,0.0,0.0,0.0,0.0,0.0,2077736,-1214137,164340624,-23114,-8422,49562,61,fce5fe00,43.51536113033,-79.68383737138,175.7488,-37.1,SOL_COMPUTED,SINGLE,good,1.5632,1.7131,2.9415,16,13,0.0,0.0,0,0,0,0,0,0,0,0,0,—,—,0.0,0.0,0.0,0.0
2026-05-25 08:53:27.607703,1779713607.607703,2420,132826.0,,,,,,,,,,,,,,,,0.0000,,,,0.0,0.0,0.0,0.0,0.0,0.0,0.0,0.0,0.0,2082845,-1213404,164313955,-27313,1736,44584,61,fce2fe00,43.51536164131,-79.68381842296,176.6347,-37.1,SOL_COMPUTED,SINGLE,good,1.6803,1.7248,3.0637,15,12,0.0,0.0,0,0,0,0,0,0,0,0,0,—,—,0.0,0.0,0.0,0.0
2026-05-25 08:53:28.606013,1779713608.606013,2420,132827.0,,,,,,,,,,,,,,,,0.0000,,,,0.0,0.0,0.0,0.0,0.0,0.0,0.0,0.0,0.0,2057061,-1193701,164355801,-1079,10807,49294,61,fce0fe00,43.51536152081,-79.68381877338,176.5132,-37.1,SOL_COMPUTED,SINGLE,good,1.6798,1.7253,3.0632,16,12,0.0,0.0,0,0,0,0,0,0,0,0,0,—,—,0.0,0.0,0.0,0.0
2026-05-25 08:53:29.608717,1779713609.608717,2420,132828.0,,,,,,,,,,,,,,,,0.0000,,,,0.0,0.0,0.0,0.0,0.0,0.0,0.0,0.0,0.0,2070492,-1136280,164368891,-32948,-29646,72253,61,fcddfe00,43.5153613437,-79.68381898871,176.3655,-37.1,SOL_COMPUTED,SINGLE,good,1.68,1.7256,3.0641,15,12,0.0,0.0,0,0,0,0,0,0,0,0,0,—,—,0.0,0.0,0.0,0.0
2026-05-25 08:53:30.606315,1779713610.606315,2420,132829.0,,,,,,,,,,,,,,,,0.0000,,,,0.0,0.0,0.0,0.0,0.0,0.0,0.0,0.0,0.0,1998471,-1228541,164382363,4921,-20567,77549,61,fcdafe00,43.51536117332,-79.68381921141,176.2078,-37.1,SOL_COMPUTED,SINGLE,good,1.68,1.7261,3.066,16,12,0.0,0.0,0,0,0,0,0,0,0,0,0,—,—,0.0,0.0,0.0,0.0
2026-05-25 08:53:31.606846,1779713611.606846,2420,132830.0,,,,,,,,,,,,,,,,0.0000,,,,0.0,0.0,0.0,0.0,0.0,0.0,0.0,0.0,0.0,2081466,-1253704,164343199,-31245,-19280,51457,61,fcd8fe00,43.51536096986,-79.68381943475,176.0436,-37.1,SOL_COMPUTED,SINGLE,good,1.6798,1.7256,3.0667,16,12,0.0,0.0,0,0,0,0,0,0,0,0,0,—,—,0.0,0.0,0.0,0.0
2026-05-25 08:53:32.606519,1779713612.606519,2420,132831.0,,,,,,,,,,,,,,,,0.0000,,,,0.0,0.0,0.0,0.0,0.0,0.0,0.0,0.0,0.0,2058480,-1180388,164408244,3841,-31306,70735,61,fcd5fe00,43.51536074659,-79.68381926932,175.82,-37.1,SOL_COMPUTED,SINGLE,good,1.68,1.7264,3.0702,16,12,0.0,0.0,0,0,0,0,0,0,0,0,0,—,—,0.0,0.0,0.0,0.0
2026-05-25 08:53:33.606821,1779713613.606821,2420,132832.0,,,,,,,,,,,,,,,,0.0000,,,,0.0,0.0,0.0,0.0,0.0,0.0,0.0,0.0,0.0,2083336,-1178912,164354601,-22895,-6027,97331,61,fcd2fe00,43.51536039364,-79.68381897143,175.5645,-37.1,SOL_COMPUTED,SINGLE,good,1.6803,1.7269,3.0723,16,12,0.0,0.0,0,0,0,0,0,0,0,0,0,—,—,0.0,0.0,0.0,0.0
2026-05-25 08:53:34.606980,1779713614.606980,2420,132833.0,,,,,,,,,,,,,,,,0.0000,,,,0.0,0.0,0.0,0.0,0.0,0.0,0.0,0.0,0.0,1986627,-1171259,164384723,10636,-10942,78938,61,fccffe00,43.51536008044,-79.68381864333,175.2912,-37.1,SOL_COMPUTED,SINGLE,good,1.6802,1.727,3.0723,16,12,0.0,0.0,0,0,0,0,0,0,0,0,0,—,—,0.0,0.0,0.0,0.0
2026-05-25 08:53:35.607354,1779713615.607354,2420,132834.0,,,,,,,,,,,,,,,,0.0000,,,,0.0,0.0,0.0,0.0,0.0,0.0,0.0,0.0,0.0,2117559,-1125350,164418044,-20996,-6099,60091,61,fcccfe00,43.51535955623,-79.68381808989,174.9474,-37.1,SOL_COMPUTED,SINGLE,good,1.6797,1.7266,3.0701,16,12,0.0,0.0,0,0,0,0,0,0,0,0,0,—,—,0.0,0.0,0.0,0.0
2026-05-25 08:53:36.606612,1779713616.606612,2420,132835.0,,,,,,,,,,,,,,,,0.0000,,,,0.0,0.0,0.0,0.0,0.0,0.0,0.0,0.0,0.0,2112889,-1225529,164373899,-33742,-8065,59539,61,fccafe00,43.51535911047,-79.68381739832,174.6185,-37.1,SOL_COMPUTED,SINGLE,good,1.6799,1.727,3.0713,16,12,0.0,0.0,0,0,0,0,0,0,0,0,0,—,—,0.0,0.0,0.0,0.0
2026-05-25 08:53:37.607313,1779713617.607313,2420,132836.0,,,,,,,,,,,,,,,,0.0000,,,,0.0,0.0,0.0,0.0,0.0,0.0,0.0,0.0,0.0,2069854,-1253608,164357211,494,-44745,88482,61,fcc7fe00,43.51560580253,-79.68371884504,175.5343,-37.1,SOL_COMPUTED,SINGLE,good,1.8902,1.9025,3.3227,16,10,0.0,0.0,0,0,0,0,0,0,0,0,0,—,—,0.0,0.0,0.0,0.0
2026-05-25 08:53:38.607179,1779713618.607179,2420,132837.0,,,,,,,,,,,,,,,,0.0000,,,,0.0,0.0,0.0,0.0,0.0,0.0,0.0,0.0,0.0,2054157,-1209384,164412365,12956,9545,60253,61,fcc4fe00,43.51535813493,-79.68381595564,173.9502,-37.1,SOL_COMPUTED,SINGLE,good,1.68,1.727,3.0718,16,12,0.0,0.0,0,0,0,0,0,0,0,0,0,—,—,0.0,0.0,0.0,0.0
2026-05-25 08:53:39.607910,1779713619.607910,2420,132838.0,,,,,,,,,,,,,,,,0.0000,,,,0.0,0.0,0.0,0.0,0.0,0.0,0.0,0.0,0.0,2055592,-1192850,164319186,-21677,43849,62802,61,fcc1fe00,43.5153577004,-79.68381505943,173.6231,-37.1,SOL_COMPUTED,SINGLE,good,1.6803,1.7277,3.0731,16,12,0.0,0.0,0,0,0,0,0,0,0,0,0,—,—,0.0,0.0,0.0,0.0
2026-05-25 08:53:40.607734,1779713620.607734,2420,132839.0,,,,,,,,,,,,,,,,0.0000,,,,0.0,0.0,0.0,0.0,0.0,0.0,0.0,0.0,0.0,2116148,-1180509,164350287,-9578,11396,75171,61,fcbffe00,43.5153572813,-79.68381424673,173.2999,-37.1,SOL_COMPUTED,SINGLE,good,1.6801,1.7282,3.0725,16,12,0.0,0.0,0,0,0,0,0,0,0,0,0,—,—,0.0,0.0,0.0,0.0
2026-05-25 08:53:41.607955,1779713621.607955,2420,132840.0,,,,,,,,,,,,,,,,0.0000,,,,0.0,0.0,0.0,0.0,0.0,0.0,0.0,0.0,0.0,2108795,-1159702,164306136,-6993,-14800,86219,61,fcbcfe00,43.51535679138,-79.68381348224,172.9795,-37.1,SOL_COMPUTED,SINGLE,good,1.6801,1.7282,3.0699,16,12,0.0,0.0,0,0,0,0,0,0,0,0,0,—,—,0.0,0.0,0.0,0.0
2026-05-25 08:53:42.606991,1779713622.606991,2420,132841.0,,,,,,,,,,,,,,,,0.0000,,,,0.0,0.0,0.0,0.0,0.0,0.0,0.0,0.0,0.0,2130907,-1228798,164368415,-1101,-21308,69847,61,fcb9fe00,43.51535640086,-79.68381269923,172.7114,-37.1,SOL_COMPUTED,SINGLE,good,1.68,1.7281,3.0702,16,12,0.0,0.0,0,0,0,0,0,0,0,0,0,—,—,0.0,0.0,0.0,0.0
2026-05-25 08:53:43.607000,1779713623.607000,2420,132842.0,,,,,,,,,,,,,,,,0.0000,,,,0.0,0.0,0.0,0.0,0.0,0.0,0.0,0.0,0.0,2123562,-1125705,164378431,-10404,-11453,103328,61,fcb7fe00,43.51535598266,-79.68381199834,172.4411,-37.1,SOL_COMPUTED,SINGLE,good,1.68,1.7277,3.0682,16,12,0.0,0.0,0,0,0,0,0,0,0,0,0,—,—,0.0,0.0,0.0,0.0
2026-05-25 08:53:44.606694,1779713624.606694,2420,132843.0,,,,,,,,,,,,,,,,0.0000,,,,0.0,0.0,0.0,0.0,0.0,0.0,0.0,0.0,0.0,2057754,-1212068,164336878,-6162,8961,78036,61,fcb3fe00,43.51535559162,-79.68381123799,172.1924,-37.1,SOL_COMPUTED,SINGLE,good,1.6801,1.7289,3.068,16,12,0.0,0.0,0,0,0,0,0,0,0,0,0,—,—,0.0,0.0,0.0,0.0
2026-05-25 08:53:45.606465,1779713625.606465,2420,132844.0,,,,,,,,,,,,,,,,0.0000,,,,0.0,0.0,0.0,0.0,0.0,0.0,0.0,0.0,0.0,2072273,-1163800,164360998,-3702,-20537,71854,61,fcb1fe00,43.51535521405,-79.68381059319,171.9747,-37.1,SOL_COMPUTED,SINGLE,good,1.6799,1.7278,3.0656,16,12,0.0,0.0,0,0,0,0,0,0,0,0,0,—,—,0.0,0.0,0.0,0.0
2026-05-25 08:53:46.611270,1779713626.611270,2420,132845.0,,,,,,,,,,,,,,,,0.0000,,,,0.0,0.0,0.0,0.0,0.0,0.0,0.0,0.0,0.0,2032306,-1187048,164370428,-9977,-1536,98878,61,fcaffe00,43.51535481971,-79.68380994866,171.7621,-37.1,SOL_COMPUTED,SINGLE,good,1.6795,1.7281,3.0646,16,12,0.0,0.0,0,0,0,0,0,0,0,0,0,—,—,0.0,0.0,0.0,0.0
2026-05-25 08:53:47.608237,1779713627.608237,2420,132846.0,,,,,,,,,,,,,,,,0.0000,,,,0.0,0.0,0.0,0.0,0.0,0.0,0.0,0.0,0.0,2077539,-1147360,164341623,-12868,21058,39345,61,fcacfe00,43.51535454693,-79.68380942218,171.6082,-37.1,SOL_COMPUTED,SINGLE,good,1.6805,1.7286,3.0656,16,12,0.0,0.0,0,0,0,0,0,0,0,0,0,—,—,0.0,0.0,0.0,0.0
2026-05-25 08:53:48.607013,1779713628.607013,2420,132847.0,,,,,,,,,,,,,,,,0.0000,,,,0.0,0.0,0.0,0.0,0.0,0.0,0.0,0.0,0.0,2071181,-1199089,164365148,-4917,-8830,70291,61,fca9fe00,43.5153542988,-79.68380891026,171.4724,-37.1,SOL_COMPUTED,SINGLE,good,1.6807,1.7302,3.0667,16,12,0.0,0.0,0,0,0,0,0,0,0,0,0,—,—,0.0,0.0,0.0,0.0
2026-05-25 08:53:49.605527,1779713629.605527,2420,132848.0,,,,,,,,,,,,,,,,0.0000,,,,0.0,0.0,0.0,0.0,0.0,0.0,0.0,0.0,0.0,2074538,-1173312,164413388,771,-35978,35412,61,fca7fe00,43.5153540814,-79.68380863183,171.3495,-37.1,SOL_COMPUTED,SINGLE,good,1.6809,1.729,3.0656,16,12,0.0,0.0,0,0,0,0,0,0,0,0,0,—,—,0.0,0.0,0.0,0.0
2026-05-25 08:53:50.606854,1779713630.606854,2420,132849.0,,,,,,,,,,,,,,,,0.0000,,,,0.0,0.0,0.0,0.0,0.0,0.0,0.0,0.0,0.0,2148151,-1177979,164357232,-17502,-23150,89702,61,fca4fe00,43.51536295277,-79.683797381,170.9396,-37.1,SOL_COMPUTED,SINGLE,good,1.5718,1.6486,3.0604,16,13,0.0,0.0,0,0,0,0,0,0,0,0,0,—,—,0.0,0.0,0.0,0.0
2026-05-25 08:53:51.607305,1779713631.607305,2420,132850.0,,,,,,,,,,,,,,,,0.0000,,,,0.0,0.0,0.0,0.0,0.0,0.0,0.0,0.0,0.0,2075310,-1136008,164378256,-30126,9775,43665,61,fca1fe00,43.51536361311,-79.68379627121,170.8113,-37.1,SOL_COMPUTED,SINGLE,good,1.5718,1.6493,3.0611,16,13,0.0,0.0,0,0,0,0,0,0,0,0,0,—,—,0.0,0.0,0.0,0.0
2026-05-25 08:53:52.608606,1779713632.608606,2420,132851.0,,,,,,,,,,,,,,,,0.0000,,,,0.0,0.0,0.0,0.0,0.0,0.0,0.0,0.0,0.0,2128692,-1196931,164367301,-60897,-4008,72062,61,fc9efe00,43.51536401149,-79.68379570206,170.7219,-37.1,SOL_COMPUTED,SINGLE,good,1.5724,1.6493,3.0609,16,13,0.0,0.0,0,0,0,0,0,0,0,0,0,—,—,0.0,0.0,0.0,0.0
2026-05-25 08:53:53.606985,1779713633.606985,2420,132852.0,,,,,,,,,,,,,,,,0.0000,,,,0.0,0.0,0.0,0.0,0.0,0.0,0.0,0.0,0.0,2047843,-1164118,164326314,-36071,18680,66466,61,fc9cfe00,43.5153642536,-79.68379552787,170.6457,-37.1,SOL_COMPUTED,SINGLE,good,1.5722,1.65,3.0614,16,13,0.0,0.0,0,0,0,0,0,0,0,0,0,—,—,0.0,0.0,0.0,0.0
2026-05-25 08:53:54.607389,1779713634.607389,2420,132853.0,,,,,,,,,,,,,,,,0.0000,,,,0.0,0.0,0.0,0.0,0.0,0.0,0.0,0.0,0.0,2091880,-1186679,164352654,-864,12111,71741,61,fc99fe00,43.51536457085,-79.68379545534,170.5681,-37.1,SOL_COMPUTED,SINGLE,good,1.5728,1.6522,3.0639,16,13,0.0,0.0,0,0,0,0,0,0,0,0,0,—,—,0.0,0.0,0.0,0.0
2026-05-25 08:53:55.607642,1779713635.607642,2420,132854.0,,,,,,,,,,,,,,,,0.0000,,,,0.0,0.0,0.0,0.0,0.0,0.0,0.0,0.0,0.0,2014220,-1246159,164388071,-4285,4682,42538,61,fc96fe00,43.51536471726,-79.68379568698,170.5008,-37.1,SOL_COMPUTED,SINGLE,good,1.5732,1.6522,3.064,16,13,0.0,0.0,0,0,0,0,0,0,0,0,0,—,—,0.0,0.0,0.0,0.0
2026-05-25 08:53:56.606325,1779713636.606325,2420,132855.0,,,,,,,,,,,,,,,,0.0000,,,,0.0,0.0,0.0,0.0,0.0,0.0,0.0,0.0,0.0,2034331,-1175494,164340622,10673,-5724,53474,61,fc94fe00,43.51536499844,-79.68379577,170.4662,-37.1,SOL_COMPUTED,SINGLE,good,1.5732,1.6523,3.0636,16,13,0.0,0.0,0,0,0,0,0,0,0,0,0,—,—,0.0,0.0,0.0,0.0
2026-05-25 08:53:57.612631,1779713637.612631,2420,132856.0,,,,,,,,,,,,,,,,0.0000,,,,0.0,0.0,0.0,0.0,0.0,0.0,0.0,0.0,0.0,2145389,-1182765,164332243,3890,-2716,76610,61,fc91fe00,43.51536527732,-79.68379573939,170.4401,-37.1,SOL_COMPUTED,SINGLE,good,1.5737,1.653,3.0646,16,13,0.0,0.0,0,0,0,0,0,0,0,0,0,—,—,0.0,0.0,0.0,0.0
2026-05-25 08:53:58.606674,1779713638.606674,2420,132857.0,,,,,,,,,,,,,,,,0.0000,,,,0.0,0.0,0.0,0.0,0.0,0.0,0.0,0.0,0.0,2031577,-1253503,164399972,6651,-16013,77568,61,fc8efe00,43.51536892127,-79.68379165131,170.31,-37.1,SOL_COMPUTED,SINGLE,good,1.5744,1.6562,3.0662,16,13,0.0,0.0,0,0,0,0,0,0,0,0,0,—,—,0.0,0.0,0.0,0.0
2026-05-25 08:53:59.608251,1779713639.608251,2420,132858.0,,,,,,,,,,,,,,,,0.0000,,,,0.0,0.0,0.0,0.0,0.0,0.0,0.0,0.0,0.0,2118627,-1171639,164409472,5294,16089,63607,61,fc8cfe00,43.51537119569,-79.68378923962,170.2221,-37.1,SOL_COMPUTED,SINGLE,good,1.5771,1.664,3.071,16,13,0.0,0.0,0,0,0,0,0,0,0,0,0,—,—,0.0,0.0,0.0,0.0
2026-05-25 08:54:00.605487,1779713640.605487,2420,132859.0,,,,,,,,,,,,,,,,0.0000,,,,0.0,0.0,0.0,0.0,0.0,0.0,0.0,0.0,0.0,2081258,-1154048,164358690,-18812,-46179,75389,61,fc89fe00,43.51537054989,-79.68379111814,170.2659,-37.1,SOL_COMPUTED,SINGLE,good,1.5749,1.6578,3.0676,16,13,0.0,0.0,0,0,0,0,0,0,0,0,0,—,—,0.0,0.0,0.0,0.0
2026-05-25 08:54:01.610781,1779713641.610781,2420,132860.0,,,,,,,,,,,,,,,,0.0000,,,,0.0,0.0,0.0,0.0,0.0,0.0,0.0,0.0,0.0,2085140,-1192759,164332707,1589,-9901,64338,61,fc86fe00,43.51537571909,-79.68378590997,170.1176,-37.1,SOL_COMPUTED,SINGLE,good,1.5749,1.6588,3.0669,16,13,0.0,0.0,0,0,0,0,0,0,0,0,0,—,—,0.0,0.0,0.0,0.0
2026-05-25 08:54:02.607561,1779713642.607561,2420,132861.0,,,,,,,,,,,,,,,,0.0000,,,,0.0,0.0,0.0,0.0,0.0,0.0,0.0,0.0,0.0,2153072,-1181482,164296449,-32749,-48899,59350,61,fc83fe00,43.51537907735,-79.6837830558,169.9856,-37.1,SOL_COMPUTED,SINGLE,good,1.5738,1.6548,3.0662,16,13,0.0,0.0,0,0,0,0,0,0,0,0,0,—,—,0.0,0.0,0.0,0.0
2026-05-25 08:54:03.607404,1779713643.607404,2420,132862.0,,,,,,,,,,,,,,,,0.0000,,,,0.0,0.0,0.0,0.0,0.0,0.0,0.0,0.0,0.0,2056642,-1265650,164368584,8803,-21819,90142,61,fc80fe00,43.51538305489,-79.68377948718,169.8129,-37.1,SOL_COMPUTED,SINGLE,good,1.5755,1.6564,3.0666,16,13,0.0,0.0,0,0,0,0,0,0,0,0,0,—,—,0.0,0.0,0.0,0.0
2026-05-25 08:54:04.607261,1779713644.607261,2420,132863.0,,,,,,,,,,,,,,,,0.0000,,,,0.0,0.0,0.0,0.0,0.0,0.0,0.0,0.0,0.0,2090972,-1206553,164373031,-32897,2988,85770,61,fc7efe00,43.51535540629,-79.68381450264,170.7258,-37.1,SOL_COMPUTED,SINGLE,good,1.6812,1.7339,3.0706,16,12,0.0,0.0,0,0,0,0,0,0,0,0,0,—,—,0.0,0.0,0.0,0.0
2026-05-25 08:54:05.607216,1779713645.607216,2420,132864.0,,,,,,,,,,,,,,,,0.0000,,,,0.0,0.0,0.0,0.0,0.0,0.0,0.0,0.0,0.0,2119068,-1269108,164354918,17645,503,80470,61,fc7bfe00,43.51535578304,-79.68381532707,170.6772,-37.1,SOL_COMPUTED,SINGLE,good,1.6811,1.7342,3.0711,16,12,0.0,0.0,0,0,0,0,0,0,0,0,0,—,—,0.0,0.0,0.0,0.0
2026-05-25 08:54:06.606220,1779713646.606220,2420,132865.0,,,,,,,,,,,,,,,,0.0000,,,,0.0,0.0,0.0,0.0,0.0,0.0,0.0,0.0,0.0,2108829,-1207666,164408570,-20317,-5058,83690,61,fc79fe00,43.51535621026,-79.68381625167,170.6232,-37.1,SOL_COMPUTED,SINGLE,good,1.6809,1.7318,3.0703,16,12,0.0,0.0,0,0,0,0,0,0,0,0,0,—,—,0.0,0.0,0.0,0.0
2026-05-25 08:54:07.619806,1779713647.619806,2420,132866.0,,,,,,,,,,,,,,,,0.0000,,,,0.0,0.0,0.0,0.0,0.0,0.0,0.0,0.0,0.0,2099547,-1172659,164347134,-6481,8984,44652,61,fc76fe00,43.51535673357,-79.68381690175,170.5112,-37.1,SOL_COMPUTED,SINGLE,good,1.6822,1.7338,3.0741,16,12,0.0,0.0,0,0,0,0,0,0,0,0,0,—,—,0.0,0.0,0.0,0.0
2026-05-25 08:54:08.606876,1779713648.606876,2420,132867.0,,,,,,,,,,,,,,,,0.0000,,,,0.0,0.0,0.0,0.0,0.0,0.0,0.0,0.0,0.0,2096372,-1161130,164373528,-15400,13815,81746,61,fc74fe00,43.51535718521,-79.68381760271,170.3935,-37.1,SOL_COMPUTED,SINGLE,good,1.682,1.7336,3.0743,16,12,0.0,0.0,0,0,0,0,0,0,0,0,0,—,—,0.0,0.0,0.0,0.0
2026-05-25 08:54:09.607414,1779713649.607414,2420,132868.0,,,,,,,,,,,,,,,,0.0000,,,,0.0,0.0,0.0,0.0,0.0,0.0,0.0,0.0,0.0,2087555,-1143883,164399957,-13835,1510,99635,61,fc71fe00,43.51535753815,-79.68381798518,170.2805,-37.1,SOL_COMPUTED,SINGLE,good,1.6821,1.733,3.0729,16,12,0.0,0.0,0,0,0,0,0,0,0,0,0,—,—,0.0,0.0,0.0,0.0
2026-05-25 08:54:10.607404,1779713650.607404,2420,132869.0,,,,,,,,,,,,,,,,0.0000,,,,0.0,0.0,0.0,0.0,0.0,0.0,0.0,0.0,0.0,2087372,-1192169,164436517,-17284,31225,47137,61,fc6efe00,43.51535784065,-79.68381839021,170.1664,-37.1,SOL_COMPUTED,SINGLE,good,1.6814,1.7306,3.072,16,12,0.0,0.0,0,0,0,0,0,0,0,0,0,—,—,0.0,0.0,0.0,0.0
2026-05-25 08:54:11.608934,1779713651.608934,2420,132870.0,,,,,,,,,,,,,,,,0.0000,,,,0.0,0.0,0.0,0.0,0.0,0.0,0.0,0.0,0.0,2085503,-1196491,164360146,-17659,826,122466,61,fc6cfe00,43.51536053803,-79.68381573084,169.9776,-37.1,SOL_COMPUTED,SINGLE,good,1.6788,1.7296,3.0743,16,13,0.0,0.0,0,0,0,0,0,0,0,0,0,—,—,0.0,0.0,0.0,0.0
2026-05-25 08:54:12.607214,1779713652.607214,2420,132871.0,,,,,,,,,,,,,,,,0.0000,,,,0.0,0.0,0.0,0.0,0.0,0.0,0.0,0.0,0.0,2039159,-1164496,164384534,-25075,29452,46233,61,fc69fe00,43.51535819407,-79.68381917226,169.9738,-37.1,SOL_COMPUTED,SINGLE,good,1.6818,1.731,3.0729,16,12,0.0,0.0,0,0,0,0,0,0,0,0,0,—,—,0.0,0.0,0.0,0.0
2026-05-25 08:54:13.606726,1779713653.606726,2420,132872.0,,,,,,,,,,,,,,,,0.0000,,,,0.0,0.0,0.0,0.0,0.0,0.0,0.0,0.0,0.0,2115610,-1179507,164348688,-50990,13810,63161,61,fc66fe00,43.51535834172,-79.68381952502,169.9033,-37.1,SOL_COMPUTED,SINGLE,good,1.6812,1.7312,3.0719,16,12,0.0,0.0,0,0,0,0,0,0,0,0,0,—,—,0.0,0.0,0.0,0.0
2026-05-25 08:54:14.607256,1779713654.607256,2420,132873.0,,,,,,,,,,,,,,,,0.0000,,,,0.0,0.0,0.0,0.0,0.0,0.0,0.0,0.0,0.0,2068999,-1243510,164374901,14651,10981,75384,61,fc63fe00,43.51535839885,-79.68381961977,169.8357,-37.1,SOL_COMPUTED,SINGLE,good,1.6812,1.7305,3.0729,16,12,0.0,0.0,0,0,0,0,0,0,0,0,0,—,—,0.0,0.0,0.0,0.0
2026-05-25 08:54:15.606811,1779713655.606811,2420,132874.0,,,,,,,,,,,,,,,,0.0000,,,,0.0,0.0,0.0,0.0,0.0,0.0,0.0,0.0,0.0,2150689,-1182768,164263079,-17701,-23718,65356,61,fc61fe00,43.51535843778,-79.68381961506,169.7625,-37.1,SOL_COMPUTED,SINGLE,good,1.6815,1.73,3.0738,16,12,0.0,0.0,0,0,0,0,0,0,0,0,0,—,—,0.0,0.0,0.0,0.0
2026-05-25 08:54:16.606917,1779713656.606917,2420,132875.0,,,,,,,,,,,,,,,,0.0000,,,,0.0,0.0,0.0,0.0,0.0,0.0,0.0,0.0,0.0,2123462,-1238627,164376611,-7201,20249,96896,61,fc5efe00,43.51535531857,-79.68382338098,169.8136,-37.1,SOL_COMPUTED,SINGLE,good,1.6782,1.7244,3.0705,16,13,0.0,0.0,0,0,0,0,0,0,0,0,0,—,—,0.0,0.0,0.0,0.0
2026-05-25 08:54:17.607828,1779713657.607828,2420,132876.0,,,,,,,,,,,,,,,,0.0000,,,,0.0,0.0,0.0,0.0,0.0,0.0,0.0,0.0,0.0,2111497,-1207747,164371187,-159,1877,75425,61,fc5bfe00,43.5153553437,-79.68382332106,169.7676,-37.1,SOL_COMPUTED,SINGLE,good,1.6785,1.7235,3.0698,16,13,0.0,0.0,0,0,0,0,0,0,0,0,0,—,—,0.0,0.0,0.0,0.0
2026-05-25 08:54:18.606921,1779713658.606921,2420,132877.0,,,,,,,,,,,,,,,,0.0000,,,,0.0,0.0,0.0,0.0,0.0,0.0,0.0,0.0,0.0,2091483,-1238852,164345593,-5067,14197,100889,61,fc59fe00,43.51535532882,-79.68382315526,169.7721,-37.1,SOL_COMPUTED,SINGLE,good,1.6792,1.7239,3.0705,16,13,0.0,0.0,0,0,0,0,0,0,0,0,0,—,—,0.0,0.0,0.0,0.0
2026-05-25 08:54:19.609318,1779713659.609318,2420,132878.0,,,,,,,,,,,,,,,,0.0000,,,,0.0,0.0,0.0,0.0,0.0,0.0,0.0,0.0,0.0,2064383,-1166209,164342336,-2965,4051,76760,61,fc56fe00,43.51535499696,-79.68382311154,169.8384,-37.1,SOL_COMPUTED,SINGLE,good,1.6781,1.7228,3.0679,16,13,0.0,0.0,0,0,0,0,0,0,0,0,0,—,—,0.0,0.0,0.0,0.0
2026-05-25 08:54:20.607264,1779713660.607264,2420,132879.0,,,,,,,,,,,,,,,,0.0000,,,,0.0,0.0,0.0,0.0,0.0,0.0,0.0,0.0,0.0,2088265,-1188921,164389625,2348,-1757,60598,61,fc54fe00,43.51535493663,-79.68382298948,169.8625,-37.1,SOL_COMPUTED,SINGLE,good,1.6786,1.7235,3.069,16,13,0.0,0.0,0,0,0,0,0,0,0,0,0,—,—,0.0,0.0,0.0,0.0
2026-05-25 08:54:21.615135,1779713661.615135,2420,132880.0,,,,,,,,,,,,,,,,0.0000,,,,0.0,0.0,0.0,0.0,0.0,0.0,0.0,0.0,0.0,2135035,-1238671,164368679,5494,-1832,90175,61,fc51fe00,43.51535497884,-79.68382282854,169.8811,-37.1,SOL_COMPUTED,SINGLE,good,1.6801,1.7236,3.0715,16,13,0.0,0.0,0,0,0,0,0,0,0,0,0,—,—,0.0,0.0,0.0,0.0
2026-05-25 08:54:22.607817,1779713662.607817,2420,132881.0,,,,,,,,,,,,,,,,0.0000,,,,0.0,0.0,0.0,0.0,0.0,0.0,0.0,0.0,0.0,2071788,-1206731,164361004,-8637,22324,67006,61,fc4efe00,43.51535487368,-79.68382286634,169.9469,-37.1,SOL_COMPUTED,SINGLE,good,1.6804,1.7226,3.0715,16,13,0.0,0.0,0,0,0,0,0,0,0,0,0,—,—,0.0,0.0,0.0,0.0
2026-05-25 08:54:23.613461,1779713663.613461,2420,132882.0,,,,,,,,,,,,,,,,0.0000,,,,0.0,0.0,0.0,0.0,0.0,0.0,0.0,0.0,0.0,2136212,-1211250,164363916,-5074,-4478,59440,61,fc4cfe00,43.51535488214,-79.68382286625,169.9995,-37.1,SOL_COMPUTED,SINGLE,good,1.681,1.722,3.0725,16,13,0.0,0.0,0,0,0,0,0,0,0,0,0,—,—,0.0,0.0,0.0,0.0
2026-05-25 08:54:24.607525,1779713664.607525,2420,132883.0,,,,,,,,,,,,,,,,0.0000,,,,0.0,0.0,0.0,0.0,0.0,0.0,0.0,0.0,0.0,2097698,-1257231,164369281,-34813,33907,59803,61,fc49fe00,43.51535516658,-79.68382283782,169.9893,-37.1,SOL_COMPUTED,SINGLE,good,1.6827,1.7218,3.0754,16,13,0.0,0.0,0,0,0,0,0,0,0,0,0,—,—,0.0,0.0,0.0,0.0
2026-05-25 08:54:25.606529,1779713665.606529,2420,132884.0,,,,,,,,,,,,,,,,0.0000,,,,0.0,0.0,0.0,0.0,0.0,0.0,0.0,0.0,0.0,2099368,-1212788,164308314,-31766,-9169,74928,61,fc47fe00,43.51535642606,-79.68382245754,169.7634,-37.1,SOL_COMPUTED,SINGLE,good,1.6945,1.7243,3.0984,16,13,0.0,0.0,0,0,0,0,0,0,0,0,0,—,—,0.0,0.0,0.0,0.0
2026-05-25 08:54:26.606578,1779713666.606578,2420,132885.0,,,,,,,,,,,,,,,,0.0000,,,,0.0,0.0,0.0,0.0,0.0,0.0,0.0,0.0,0.0,2085233,-1314248,164330770,-12923,908,49913,61,fc44fe00,43.51536722222,-79.68382060447,167.5368,-37.1,SOL_COMPUTED,SINGLE,good,1.7951,1.7244,3.2975,15,12,0.0,0.0,0,0,0,0,0,0,0,0,0,—,—,0.0,0.0,0.0,0.0
2026-05-25 08:54:27.608049,1779713667.608049,2420,132886.0,,,,,,,,,,,,,,,,0.0000,,,,0.0,0.0,0.0,0.0,0.0,0.0,0.0,0.0,0.0,2032159,-1170622,164365707,31169,9995,68156,61,fc41fe00,43.51537200164,-79.68382399462,168.9745,-37.1,SOL_COMPUTED,SINGLE,good,1.7577,1.7148,3.1955,15,13,0.0,0.0,0,0,0,0,0,0,0,0,0,—,—,0.0,0.0,0.0,0.0
2026-05-25 08:54:28.608514,1779713668.608514,2420,132887.0,,,,,,,,,,,,,,,,0.0000,,,,0.0,0.0,0.0,0.0,0.0,0.0,0.0,0.0,0.0,2059428,-1195216,164344157,-16070,6202,71346,61,fc3ffe00,43.51560180896,-79.68370160016,170.7764,-37.1,SOL_COMPUTED,SINGLE,good,2.3126,1.9637,3.9223,16,8,0.0,0.0,0,0,0,0,0,0,0,0,0,—,—,0.0,0.0,0.0,0.0
2026-05-25 08:54:29.607433,1779713669.607433,2420,132888.0,,,,,,,,,,,,,,,,0.0000,,,,0.0,0.0,0.0,0.0,0.0,0.0,0.0,0.0,0.0,2133517,-1180208,164399551,-35466,-27771,66090,61,fc3cfe00,43.51537087365,-79.68382408764,169.322,-37.1,SOL_COMPUTED,SINGLE,good,1.7574,1.7142,3.1945,16,13,0.0,0.0,0,0,0,0,0,0,0,0,0,—,—,0.0,0.0,0.0,0.0
2026-05-25 08:54:30.606757,1779713670.606757,2420,132889.0,,,,,,,,,,,,,,,,0.0000,,,,0.0,0.0,0.0,0.0,0.0,0.0,0.0,0.0,0.0,2078850,-1179814,164412869,-13421,-18505,74904,61,fc3afe00,43.51537014038,-79.68382418843,169.5258,-37.1,SOL_COMPUTED,SINGLE,good,1.7578,1.7144,3.1946,16,13,0.0,0.0,0,0,0,0,0,0,0,0,0,—,—,0.0,0.0,0.0,0.0
2026-05-25 08:54:31.607299,1779713671.607299,2420,132890.0,,,,,,,,,,,,,,,,0.0000,,,,0.0,0.0,0.0,0.0,0.0,0.0,0.0,0.0,0.0,2110410,-1225033,164350820,-40450,633,36661,61,fc37fe00,43.51536943598,-79.68382436547,169.7332,-37.1,SOL_COMPUTED,SINGLE,good,1.7575,1.7131,3.194,16,13,0.0,0.0,0,0,0,0,0,0,0,0,0,—,—,0.0,0.0,0.0,0.0
2026-05-25 08:54:32.606442,1779713672.606442,2420,132891.0,,,,,,,,,,,,,,,,0.0000,,,,0.0,0.0,0.0,0.0,0.0,0.0,0.0,0.0,0.0,2082532,-1183557,164389451,-24360,8749,77863,61,fc34fe00,43.51537087533,-79.68382171231,169.752,-37.1,SOL_COMPUTED,SINGLE,good,1.7615,1.717,3.1956,16,12,0.0,0.0,0,0,0,0,0,0,0,0,0,—,—,0.0,0.0,0.0,0.0
2026-05-25 08:54:33.606810,1779713673.606810,2420,132892.0,,,,,,,,,,,,,,,,0.0000,,,,0.0,0.0,0.0,0.0,0.0,0.0,0.0,0.0,0.0,2135236,-1256996,164364664,17306,-19327,80987,61,fc32fe00,43.51537008007,-79.68382201299,169.9724,-37.1,SOL_COMPUTED,SINGLE,good,1.7615,1.7163,3.1952,16,12,0.0,0.0,0,0,0,0,0,0,0,0,0,—,—,0.0,0.0,0.0,0.0
2026-05-25 08:54:34.606756,1779713674.606756,2420,132893.0,,,,,,,,,,,,,,,,0.0000,,,,0.0,0.0,0.0,0.0,0.0,0.0,0.0,0.0,0.0,2113958,-1252316,164376567,-37349,-15978,71820,61,fc2ffe00,43.51536923821,-79.68382228099,170.2136,-37.1,SOL_COMPUTED,SINGLE,good,1.7615,1.7161,3.195,16,12,0.0,0.0,0,0,0,0,0,0,0,0,0,—,—,0.0,0.0,0.0,0.0
2026-05-25 08:54:35.606090,1779713675.606090,2420,132894.0,,,,,,,,,,,,,,,,0.0000,,,,0.0,0.0,0.0,0.0,0.0,0.0,0.0,0.0,0.0,2057824,-1206112,164358589,2121,22217,75600,61,fc2dfe00,43.51536837216,-79.68382253666,170.4503,-37.1,SOL_COMPUTED,SINGLE,good,1.7612,1.7157,3.1944,16,12,0.0,0.0,0,0,0,0,0,0,0,0,0,—,—,0.0,0.0,0.0,0.0
2026-05-25 08:54:36.607294,1779713676.607294,2420,132895.0,,,,,,,,,,,,,,,,0.0000,,,,0.0,0.0,0.0,0.0,0.0,0.0,0.0,0.0,0.0,2053191,-1223565,164351530,2849,16935,51503,61,fc2afe00,43.5153674871,-79.68382273781,170.6899,-37.1,SOL_COMPUTED,SINGLE,good,1.7613,1.7159,3.1944,16,12,0.0,0.0,0,0,0,0,0,0,0,0,0,—,—,0.0,0.0,0.0,0.0
2026-05-25 08:54:37.610747,1779713677.610747,2420,132896.0,,,,,,,,,,,,,,,,0.0000,,,,0.0,0.0,0.0,0.0,0.0,0.0,0.0,0.0,0.0,2038539,-1215186,164417649,-41525,-5780,66893,61,fc27fe00,43.51536658218,-79.68382296856,170.9359,-37.1,SOL_COMPUTED,SINGLE,good,1.7613,1.7158,3.1942,16,12,0.0,0.0,0,0,0,0,0,0,0,0,0,—,—,0.0,0.0,0.0,0.0
2026-05-25 08:54:38.606097,1779713678.606097,2420,132897.0,,,,,,,,,,,,,,,,0.0000,,,,0.0,0.0,0.0,0.0,0.0,0.0,0.0,0.0,0.0,2024095,-1256844,164360617,-24589,7095,80419,61,fc25fe00,43.51536564654,-79.68382323248,171.1692,-37.1,SOL_COMPUTED,SINGLE,good,1.7623,1.7174,3.1952,16,12,0.0,0.0,0,0,0,0,0,0,0,0,0,—,—,0.0,0.0,0.0,0.0
2026-05-25 08:54:39.607710,1779713679.607710,2420,132898.0,,,,,,,,,,,,,,,,0.0000,,,,0.0,0.0,0.0,0.0,0.0,0.0,0.0,0.0,0.0,2130934,-1211292,164441019,-22211,-28816,32274,61,fc22fe00,43.51536468908,-79.68382357125,171.4029,-37.1,SOL_COMPUTED,SINGLE,good,1.7632,1.7196,3.1963,16,12,0.0,0.0,0,0,0,0,0,0,0,0,0,—,—,0.0,0.0,0.0,0.0
2026-05-25 08:54:40.606795,1779713680.606795,2420,132899.0,,,,,,,,,,,,,,,,0.0000,,,,0.0,0.0,0.0,0.0,0.0,0.0,0.0,0.0,0.0,2113454,-1199175,164358486,2320,13782,117872,61,fc20fe00,43.51536374721,-79.68382404794,171.6305,-37.1,SOL_COMPUTED,SINGLE,good,1.7619,1.717,3.1949,16,12,0.0,0.0,0,0,0,0,0,0,0,0,0,—,—,0.0,0.0,0.0,0.0
2026-05-25 08:54:41.608452,1779713681.608452,2420,132900.0,,,,,,,,,,,,,,,,0.0000,,,,0.0,0.0,0.0,0.0,0.0,0.0,0.0,0.0,0.0,2077021,-1210574,164311920,-23483,-40478,59934,61,fc1dfe00,43.51536282212,-79.68382463035,171.8494,-37.1,SOL_COMPUTED,SINGLE,good,1.762,1.7176,3.1951,16,12,0.0,0.0,0,0,0,0,0,0,0,0,0,—,—,0.0,0.0,0.0,0.0
2026-05-25 08:54:42.607819,1779713682.607819,2420,132901.0,,,,,,,,,,,,,,,,0.0000,,,,0.0,0.0,0.0,0.0,0.0,0.0,0.0,0.0,0.0,2079047,-1184385,164255436,-27559,5426,69704,61,fc1bfe00,43.51536191496,-79.68382534731,172.0774,-37.1,SOL_COMPUTED,SINGLE,good,1.7628,1.718,3.1957,16,12,0.0,0.0,0,0,0,0,0,0,0,0,0,—,—,0.0,0.0,0.0,0.0
2026-05-25 08:54:43.608250,1779713683.608250,2420,132902.0,,,,,,,,,,,,,,,,0.0000,,,,0.0,0.0,0.0,0.0,0.0,0.0,0.0,0.0,0.0,2085831,-1191461,164408568,-15958,15756,59771,61,fc18fe00,43.51536105574,-79.68382616656,172.274,-37.1,SOL_COMPUTED,SINGLE,good,1.7626,1.7172,3.1957,16,12,0.0,0.0,0,0,0,0,0,0,0,0,0,—,—,0.0,0.0,0.0,0.0
2026-05-25 08:54:44.608403,1779713684.608403,2420,132903.0,,,,,,,,,,,,,,,,0.0000,,,,0.0,0.0,0.0,0.0,0.0,0.0,0.0,0.0,0.0,2151885,-1134746,164342779,-43871,-20109,36970,61,fc15fe00,43.51536032034,-79.68382715463,172.4602,-37.1,SOL_COMPUTED,SINGLE,good,1.7625,1.7173,3.1953,16,12,0.0,0.0,0,0,0,0,0,0,0,0,0,—,—,0.0,0.0,0.0,0.0
2026-05-25 08:54:45.614980,1779713685.614980,2420,132904.0,,,,,,,,,,,,,,,,0.0000,,,,0.0,0.0,0.0,0.0,0.0,0.0,0.0,0.0,0.0,2068306,-1176317,164340340,-35949,-9802,64930,61,fc13fe00,43.51535952215,-79.68382831358,172.633,-37.1,SOL_COMPUTED,SINGLE,good,1.762,1.7165,3.1945,16,12,0.0,0.0,0,0,0,0,0,0,0,0,0,—,—,0.0,0.0,0.0,0.0
2026-05-25 08:54:46.608004,1779713686.608004,2420,132905.0,,,,,,,,,,,,,,,,0.0000,,,,0.0,0.0,0.0,0.0,0.0,0.0,0.0,0.0,0.0,2098082,-1181543,164362013,-19286,18906,56389,61,fc10fe00,43.51535878299,-79.6838297243,172.7849,-37.1,SOL_COMPUTED,SINGLE,good,1.7626,1.7166,3.1948,16,12,0.0,0.0,0,0,0,0,0,0,0,0,0,—,—,0.0,0.0,0.0,0.0
2026-05-25 08:54:47.606699,1779713687.606699,2420,132906.0,,,,,,,,,,,,,,,,0.0000,,,,0.0,0.0,0.0,0.0,0.0,0.0,0.0,0.0,0.0,2112275,-1190837,164369691,593,-37396,39194,61,fc0efe00,43.51535805792,-79.68383120618,172.9214,-37.1,SOL_COMPUTED,SINGLE,good,1.7629,1.7167,3.1952,16,12,0.0,0.0,0,0,0,0,0,0,0,0,0,—,—,0.0,0.0,0.0,0.0
2026-05-25 08:54:48.607313,1779713688.607313,2420,132907.0,,,,,,,,,,,,,,,,0.0000,,,,0.0,0.0,0.0,0.0,0.0,0.0,0.0,0.0,0.0,2114350,-1186871,164331498,-14429,14030,94204,61,fc0bfe00,43.51535734754,-79.68383286818,173.0446,-37.1,SOL_COMPUTED,SINGLE,good,1.7628,1.7165,3.195,16,12,0.0,0.0,0,0,0,0,0,0,0,0,0,—,—,0.0,0.0,0.0,0.0
2026-05-25 08:54:49.606545,1779713689.606545,2420,132908.0,,,,,,,,,,,,,,,,0.0000,,,,0.0,0.0,0.0,0.0,0.0,0.0,0.0,0.0,0.0,2050418,-1239500,164360582,-17494,21274,88129,61,fc09fe00,43.51535762201,-79.68383011108,172.7833,-37.1,SOL_COMPUTED,SINGLE,good,1.6397,1.8598,2.968,16,12,0.0,0.0,0,0,0,0,0,0,0,0,0,—,—,0.0,0.0,0.0,0.0
2026-05-25 08:54:50.607601,1779713690.607601,2420,132909.0,,,,,,,,,,,,,,,,0.0000,,,,0.0,0.0,0.0,0.0,0.0,0.0,0.0,0.0,0.0,2116327,-1206823,164368831,-12662,19558,63122,61,fc06fe00,43.51535615877,-79.68383150326,172.9937,-37.1,SOL_COMPUTED,SINGLE,good,1.6398,1.8595,2.9683,16,12,0.0,0.0,0,0,0,0,0,0,0,0,0,—,—,0.0,0.0,0.0,0.0
2026-05-25 08:54:51.606125,1779713691.606125,2420,132910.0,,,,,,,,,,,,,,,,0.0000,,,,0.0,0.0,0.0,0.0,0.0,0.0,0.0,0.0,0.0,2178054,-1191036,164355978,-17344,-4652,59788,61,fc03fe00,43.51535487382,-79.68383297602,173.1722,-37.1,SOL_COMPUTED,SINGLE,good,1.6391,1.859,2.9673,16,12,0.0,0.0,0,0,0,0,0,0,0,0,0,—,—,0.0,0.0,0.0,0.0
2026-05-25 08:54:52.607216,1779713692.607216,2420,132911.0,,,,,,,,,,,,,,,,0.0000,,,,0.0,0.0,0.0,0.0,0.0,0.0,0.0,0.0,0.0,2043558,-1255412,164350487,-23008,-3124,60051,61,fc01fe00,43.51535372089,-79.68383445003,173.3164,-37.1,SOL_COMPUTED,SINGLE,good,1.6392,1.8586,2.9676,16,12,0.0,0.0,0,0,0,0,0,0,0,0,0,—,—,0.0,0.0,0.0,0.0
2026-05-25 08:54:53.607115,1779713693.607115,2420,132912.0,,,,,,,,,,,,,,,,0.0000,,,,0.0,0.0,0.0,0.0,0.0,0.0,0.0,0.0,0.0,2085876,-1268685,164374339,-1975,-2902,61685,61,fbfefe00,43.51535247654,-79.6838359388,173.4326,-37.1,SOL_COMPUTED,SINGLE,good,1.6398,1.859,2.9686,16,12,0.0,0.0,0,0,0,0,0,0,0,0,0,SPECTRUMANALYSIS,L5,1187.979,1.025,-57.628,-109.355
2026-05-25 08:54:54.607196,1779713694.607196,2420,132913.0,,,,,,,,,,,,,,,,0.0000,,,,0.0,0.0,0.0,0.0,0.0,0.0,0.0,0.0,0.0,2124201,-1184524,164387101,13033,-7485,87857,61,fbfcfe00,43.51535161818,-79.68383741919,173.4628,-37.1,SOL_COMPUTED,SINGLE,good,1.6391,1.8576,2.9678,16,12,0.0,0.0,0,0,0,0,0,0,0,0,0,SPECTRUMANALYSIS,L5,1187.979,1.025,-57.628,-109.355
2026-05-25 08:54:55.606598,1779713695.606598,2420,132914.0,,,,,,,,,,,,,,,,0.0000,,,,0.0,0.0,0.0,0.0,0.0,0.0,0.0,0.0,0.0,2073607,-1215526,164333032,-46387,-203,47795,61,fbf9fe00,43.51535071719,-79.68383879334,173.4922,-37.1,SOL_COMPUTED,SINGLE,good,1.6393,1.8578,2.9682,16,12,0.0,0.0,0,0,0,0,0,0,0,0,0,SPECTRUMANALYSIS,L5,1187.979,1.025,-57.628,-109.355
2026-05-25 08:54:56.606818,1779713696.606818,2420,132915.0,,,,,,,,,,,,,,,,0.0000,,,,0.0,0.0,0.0,0.0,0.0,0.0,0.0,0.0,0.0,2037611,-1142455,164413701,7452,15561,75699,61,fbf6fe00,43.51535001546,-79.68384009164,173.5065,-37.1,SOL_COMPUTED,SINGLE,good,1.6388,1.8571,2.9676,16,12,0.0,0.0,0,0,0,0,0,0,0,0,0,SPECTRUMANALYSIS,L5,1188.015,1.099,-59.518,-111.784
2026-05-25 08:54:57.608840,1779713697.608840,2420,132916.0,,,,,,,,,,,,,,,,0.0000,,,,0.0,0.0,0.0,0.0,0.0,0.0,0.0,0.0,0.0,2093412,-1164506,164379460,-21942,-2106,88432,61,fbf4fe00,43.51534943361,-79.68384124284,173.5103,-37.1,SOL_COMPUTED,SINGLE,good,1.6383,1.8567,2.9667,16,12,0.0,0.0,0,0,0,0,0,0,0,0,0,SPECTRUMANALYSIS,L5,1188.015,1.099,-59.518,-111.784
2026-05-25 08:54:58.606941,1779713698.606941,2420,132917.0,,,,,,,,,,,,,,,,0.0000,,,,0.0,0.0,0.0,0.0,0.0,0.0,0.0,0.0,0.0,2095873,-1251220,164372981,-3270,-9102,66108,61,fbf1fe00,43.51534895908,-79.68384240964,173.5184,-37.1,SOL_COMPUTED,SINGLE,good,1.6386,1.8565,2.9671,16,12,0.0,0.0,0,0,0,0,0,0,0,0,0,SPECTRUMANALYSIS,L5,1188.015,1.099,-59.518,-111.784
2026-05-25 08:54:59.608530,1779713699.608530,2420,132918.0,,,,,,,,,,,,,,,,0.0000,,,,0.0,0.0,0.0,0.0,0.0,0.0,0.0,0.0,0.0,2124436,-1192645,164379716,-13458,-18854,69620,61,fbeffe00,43.51534850281,-79.68384351107,173.5307,-37.1,SOL_COMPUTED,SINGLE,good,1.6382,1.8562,2.9667,16,12,0.0,0.0,0,0,0,0,0,0,0,0,0,SPECTRUMANALYSIS,L5,1187.942,0.952,-58.025,-109.093
2026-05-25 08:55:00.607248,1779713700.607248,2420,132919.0,,,,,,,,,,,,,,,,0.0000,,,,0.0,0.0,0.0,0.0,0.0,0.0,0.0,0.0,0.0,2072930,-1165575,164334302,-37606,-8348,72401,61,fbecfe00,43.51534809767,-79.68384450384,173.5602,-37.1,SOL_COMPUTED,SINGLE,good,1.6379,1.8557,2.9665,16,12,0.0,0.0,0,0,0,0,0,0,0,0,0,SPECTRUMANALYSIS,L5,1187.942,0.952,-58.025,-109.093
2026-05-25 08:55:01.607902,1779713701.607902,2420,132920.0,,,,,,,,,,,,,,,,0.0000,,,,0.0,0.0,0.0,0.0,0.0,0.0,0.0,0.0,0.0,2115345,-1228474,164363585,24441,12031,53047,61,fbeafe00,43.51534753738,-79.68384535366,173.5915,-37.1,SOL_COMPUTED,SINGLE,good,1.637,1.8547,2.9651,16,12,0.0,0.0,0,0,0,0,0,0,0,0,0,SPECTRUMANALYSIS,L5,1187.942,0.952,-58.025,-109.093
2026-05-25 08:55:02.606627,1779713702.606627,2420,132921.0,,,,,,,,,,,,,,,,0.0000,,,,0.0,0.0,0.0,0.0,0.0,0.0,0.0,0.0,0.0,2027031,-1192602,164340978,-11452,25231,40593,61,fbe7fe00,43.51534703734,-79.68384596089,173.6376,-37.1,SOL_COMPUTED,SINGLE,good,1.6374,1.855,2.9659,16,12,0.0,0.0,0,0,0,0,0,0,0,0,0,SPECTRUMANALYSIS,L5,1188.052,1.172,-58.891,-113.248
2026-05-25 08:55:03.607578,1779713703.607578,2420,132922.0,,,,,,,,,,,,,,,,0.0000,,,,0.0,0.0,0.0,0.0,0.0,0.0,0.0,0.0,0.0,2053686,-1235075,164438437,682,-17280,81291,61,fbe5fe00,43.515346605,-79.6838464597,173.682,-37.1,SOL_COMPUTED,SINGLE,good,1.6378,1.8551,2.9664,16,12,0.0,0.0,0,0,0,0,0,0,0,0,0,SPECTRUMANALYSIS,L5,1188.052,1.172,-58.891,-113.248
2026-05-25 08:55:04.607428,1779713704.607428,2420,132923.0,,,,,,,,,,,,,,,,0.0000,,,,0.0,0.0,0.0,0.0,0.0,0.0,0.0,0.0,0.0,2082333,-1221670,164407160,-35841,-14234,52285,61,fbe2fe00,43.51534611317,-79.6838468226,173.7425,-37.1,SOL_COMPUTED,SINGLE,good,1.6368,1.8548,2.9652,16,12,0.0,0.0,0,0,0,0,0,0,0,0,0,SPECTRUMANALYSIS,L5,1188.052,1.172,-58.891,-113.248
2026-05-25 08:55:05.608061,1779713705.608061,2420,132924.0,,,,,,,,,,,,,,,,0.0000,,,,0.0,0.0,0.0,0.0,0.0,0.0,0.0,0.0,0.0,2073795,-1188174,164345223,-44285,25650,68029,61,fbe0fe00,43.51534566101,-79.68384698417,173.8243,-37.1,SOL_COMPUTED,SINGLE,good,1.6366,1.8548,2.965,16,12,0.0,0.0,0,0,0,0,0,0,0,0,0,SPECTRUMANALYSIS,L5,1187.832,1.172,-58.074,-110.041
2026-05-25 08:55:06.606417,1779713706.606417,2420,132925.0,,,,,,,,,,,,,,,,0.0000,,,,0.0,0.0,0.0,0.0,0.0,0.0,0.0,0.0,0.0,2048995,-1208806,164344788,-13279,17804,91711,61,fbddfe00,43.51534517259,-79.68384692244,173.9053,-37.1,SOL_COMPUTED,SINGLE,good,1.6366,1.8546,2.9651,16,12,0.0,0.0,0,0,0,0,0,0,0,0,0,SPECTRUMANALYSIS,L5,1187.832,1.172,-58.074,-110.041
2026-05-25 08:55:07.606918,1779713707.606918,2420,132926.0,,,,,,,,,,,,,,,,0.0000,,,,0.0,0.0,0.0,0.0,0.0,0.0,0.0,0.0,0.0,2087345,-1300409,164312254,12834,21674,79878,61,fbdbfe00,43.51534467935,-79.68384667728,173.9771,-37.1,SOL_COMPUTED,SINGLE,good,1.6366,1.8545,2.9657,16,12,0.0,0.0,0,0,0,0,0,0,0,0,0,SPECTRUMANALYSIS,L5,1187.832,1.172,-58.074,-110.041
2026-05-25 08:55:08.607719,1779713708.607719,2420,132927.0,,,,,,,,,,,,,,,,0.0000,,,,0.0,0.0,0.0,0.0,0.0,0.0,0.0,0.0,0.0,2091720,-1169835,164363451,7417,8875,45621,61,fbd8fe00,43.51534410375,-79.68384631704,174.0476,-37.1,SOL_COMPUTED,SINGLE,good,1.6367,1.8548,2.9661,16,12,0.0,0.0,0,0,0,0,0,0,0,0,0,SPECTRUMANALYSIS,L5,1187.832,1.318,-58.333,-111.197
2026-05-25 08:55:09.607090,1779713709.607090,2420,132928.0,,,,,,,,,,,,,,,,0.0000,,,,0.0,0.0,0.0,0.0,0.0,0.0,0.0,0.0,0.0,2108305,-1189797,164379127,-13856,22777,43447,61,fbd5fe00,43.51534349092,-79.68384589294,174.1165,-37.1,SOL_COMPUTED,SINGLE,good,1.6366,1.8544,2.9658,16,12,0.0,0.0,0,0,0,0,0,0,0,0,0,SPECTRUMANALYSIS,L5,1187.832,1.318,-58.333,-111.197
2026-05-25 08:55:10.607699,1779713710.607699,2420,132929.0,,,,,,,,,,,,,,,,0.0000,,,,0.0,0.0,0.0,0.0,0.0,0.0,0.0,0.0,0.0,2164396,-1150017,164400503,-15185,2310,57699,61,fbd3fe00,43.51534295216,-79.6838453345,174.1918,-37.1,SOL_COMPUTED,SINGLE,good,1.6366,1.8546,2.9665,16,12,0.0,0.0,0,0,0,0,0,0,0,0,0,SPECTRUMANALYSIS,L5,1187.832,1.318,-58.333,-111.197
2026-05-25 08:55:11.607212,1779713711.607212,2420,132930.0,,,,,,,,,,,,,,,,0.0000,,,,0.0,0.0,0.0,0.0,0.0,0.0,0.0,0.0,0.0,2119613,-1176733,164362241,-19660,-2835,68593,61,fbd1fe00,43.51534236857,-79.6838446919,174.2639,-37.1,SOL_COMPUTED,SINGLE,good,1.6363,1.8545,2.9667,16,12,0.0,0.0,0,0,0,0,0,0,0,0,0,SPECTRUMANALYSIS,L5,1187.905,0.879,-58.963,-110.782
2026-05-25 08:55:12.607690,1779713712.607690,2420,132931.0,,,,,,,,,,,,,,,,0.0000,,,,0.0,0.0,0.0,0.0,0.0,0.0,0.0,0.0,0.0,2066847,-1214546,164393805,31536,39611,100180,61,fbcefe00,43.51531077907,-79.68390696733,177.1214,-37.1,SOL_COMPUTED,SINGLE,good,1.5587,1.7016,2.9396,16,13,0.0,0.0,0,0,0,0,0,0,0,0,0,SPECTRUMANALYSIS,L5,1187.905,0.879,-58.963,-110.782
2026-05-25 08:55:13.615385,1779713713.615385,2420,132932.0,,,,,,,,,,,,,,,,0.0000,,,,0.0,0.0,0.0,0.0,0.0,0.0,0.0,0.0,0.0,2107760,-1232434,164366174,-38349,1745,68516,61,fbcbfe00,43.51530985875,-79.683906607,177.1699,-37.1,SOL_COMPUTED,SINGLE,good,1.5589,1.7019,2.9403,16,13,0.0,0.0,0,0,0,0,0,0,0,0,0,SPECTRUMANALYSIS,L5,1187.905,0.879,-58.963,-110.782
2026-05-25 08:55:14.609406,1779713714.609406,2420,132933.0,,,,,,,,,,,,,,,,0.0000,,,,0.0,0.0,0.0,0.0,0.0,0.0,0.0,0.0,0.0,2156989,-1282427,164348739,-42545,4481,51051,61,fbc9fe00,43.51530894195,-79.68390607649,177.2208,-37.1,SOL_COMPUTED,SINGLE,good,1.5593,1.7026,2.942,16,13,0.0,0.0,0,0,0,0,0,0,0,0,0,SPECTRUMANALYSIS,L5,1187.795,1.099,-60.287,-112.458
2026-05-25 08:55:15.608963,1779713715.608963,2420,132934.0,,,,,,,,,,,,,,,,0.0000,,,,0.0,0.0,0.0,0.0,0.0,0.0,0.0,0.0,0.0,2063952,-1230267,164426888,9608,5648,57532,61,fbc6fe00,43.5153077887,-79.68390582651,177.2522,-37.1,SOL_COMPUTED,SINGLE,good,1.5592,1.702,2.9412,16,13,0.0,0.0,0,0,0,0,0,0,0,0,0,SPECTRUMANALYSIS,L5,1187.795,1.099,-60.287,-112.458
2026-05-25 08:55:16.607187,1779713716.607187,2420,132935.0,,,,,,,,,,,,,,,,0.0000,,,,0.0,0.0,0.0,0.0,0.0,0.0,0.0,0.0,0.0,2088974,-1233338,164421968,-7689,-40141,42308,61,fbc4fe00,43.51530667066,-79.68390562486,177.2831,-37.1,SOL_COMPUTED,SINGLE,good,1.5593,1.702,2.9432,16,13,0.0,0.0,0,0,0,0,0,0,0,0,0,SPECTRUMANALYSIS,L5,1187.795,1.099,-60.287,-112.458
2026-05-25 08:55:17.609560,1779713717.609560,2420,132936.0,,,,,,,,,,,,,,,,0.0000,,,,0.0,0.0,0.0,0.0,0.0,0.0,0.0,0.0,0.0,2112610,-1198826,164371172,-5650,-9602,54878,61,fbc1fe00,43.51530571933,-79.68390512769,177.2986,-37.1,SOL_COMPUTED,SINGLE,good,1.5592,1.7023,2.9425,16,13,0.0,0.0,0,0,0,0,0,0,0,0,0,SPECTRUMANALYSIS,L5,1187.795,1.099,-60.287,-112.458
2026-05-25 08:55:18.607949,1779713718.607949,2420,132937.0,,,,,,,,,,,,,,,,0.0000,,,,0.0,0.0,0.0,0.0,0.0,0.0,0.0,0.0,0.0,2112973,-1189564,164403315,-20986,-8181,59973,61,fbbffe00,43.51533777074,-79.6838371312,174.265,-37.1,SOL_COMPUTED,SINGLE,good,1.6368,1.8556,2.9707,16,12,0.0,0.0,0,0,0,0,0,0,0,0,0,SPECTRUMANALYSIS,L5,1188.015,1.099,-60.639,-113.5
2026-05-25 08:55:19.607873,1779713719.607873,2420,132938.0,,,,,,,,,,,,,,,,0.0000,,,,0.0,0.0,0.0,0.0,0.0,0.0,0.0,0.0,0.0,2084160,-1225487,164376506,3071,-25756,68071,61,fbbdfe00,43.51561440525,-79.68365074379,165.2023,-37.1,SOL_COMPUTED,SINGLE,good,2.1129,1.8388,3.3457,16,9,0.0,0.0,0,0,0,0,0,0,0,0,0,SPECTRUMANALYSIS,L5,1188.015,1.099,-60.639,-113.5
2026-05-25 08:55:20.606791,1779713720.606791,2420,132939.0,,,,,,,,,,,,,,,,0.0000,,,,0.0,0.0,0.0,0.0,0.0,0.0,0.0,0.0,0.0,2088987,-1225155,164372950,-21061,5746,45870,61,fbbafe00,43.51558867093,-79.68375145995,176.2445,-37.1,SOL_COMPUTED,SINGLE,good,2.0292,2.0192,3.5569,16,9,0.0,0.0,0,0,0,0,0,0,0,0,0,SPECTRUMANALYSIS,L5,1188.015,1.099,-60.639,-113.5
2026-05-25 08:55:21.607177,1779713721.607177,2420,132940.0,,,,,,,,,,,,,,,,0.0000,,,,0.0,0.0,0.0,0.0,0.0,0.0,0.0,0.0,0.0,2120504,-1281206,164373919,1263,-20029,48928,61,fbb7fe00,43.5155876525,-79.68375091022,176.0652,-37.1,SOL_COMPUTED,SINGLE,good,2.0296,2.0195,3.5592,16,9,0.0,0.0,0,0,0,0,0,0,0,0,0,SPECTRUMANALYSIS,L5,1187.905,1.025,-59.67,-112.392
2026-05-25 08:55:22.606935,1779713722.606935,2420,132941.0,,,,,,,,,,,,,,,,0.0000,,,,0.0,0.0,0.0,0.0,0.0,0.0,0.0,0.0,0.0,2024160,-1213692,164367487,-3077,19721,74040,61,fbb5fe00,43.51558679607,-79.68375021581,175.9015,-37.1,SOL_COMPUTED,SINGLE,good,2.0292,2.0192,3.5581,16,9,0.0,0.0,0,0,0,0,0,0,0,0,0,SPECTRUMANALYSIS,L5,1187.905,1.025,-59.67,-112.392
2026-05-25 08:55:23.611406,1779713723.611406,2420,132942.0,,,,,,,,,,,,,,,,0.0000,,,,0.0,0.0,0.0,0.0,0.0,0.0,0.0,0.0,0.0,2100208,-1227528,164402720,-7096,16708,57161,61,fbb2fe00,43.51558585207,-79.68374948374,175.6832,-37.1,SOL_COMPUTED,SINGLE,good,2.0292,2.019,3.5588,16,9,0.0,0.0,0,0,0,0,0,0,0,0,0,SPECTRUMANALYSIS,L5,1187.905,1.025,-59.67,-112.392
2026-05-25 08:55:24.607591,1779713724.607591,2420,132943.0,,,,,,,,,,,,,,,,0.0000,,,,0.0,0.0,0.0,0.0,0.0,0.0,0.0,0.0,0.0,2102274,-1122438,164381050,52077,5568,89938,61,fbb0fe00,43.51558482739,-79.68374879112,175.4585,-37.1,SOL_COMPUTED,SINGLE,good,2.0298,2.0192,3.5574,16,9,0.0,0.0,0,0,0,0,0,0,0,0,0,SPECTRUMANALYSIS,L5,1204.714,0.073,-62.692,-111.47
2026-05-25 08:55:25.607748,1779713725.607748,2420,132944.0,,,,,,,,,,,,,,,,0.0000,,,,0.0,0.0,0.0,0.0,0.0,0.0,0.0,0.0,0.0,2102882,-1205866,164291217,-32630,3011,55984,61,fbadfe00,43.51558390958,-79.68374809423,175.2594,-37.1,SOL_COMPUTED,SINGLE,good,2.0302,2.0196,3.5604,16,9,0.0,0.0,0,0,0,0,0,0,0,0,0,SPECTRUMANALYSIS,L5,1204.714,0.073,-62.692,-111.47
2026-05-25 08:55:26.607119,1779713726.607119,2420,132945.0,,,,,,,,,,,,,,,,0.0000,,,,0.0,0.0,0.0,0.0,0.0,0.0,0.0,0.0,0.0,2085623,-1202360,164329466,-8093,4540,33428,61,fbabfe00,43.51558317396,-79.6837475087,175.0872,-37.1,SOL_COMPUTED,SINGLE,good,2.0314,2.0203,3.5599,15,9,0.0,0.0,0,0,0,0,0,0,0,0,0,SPECTRUMANALYSIS,L5,1204.714,0.073,-62.692,-111.47
2026-05-25 08:55:27.606351,1779713727.606351,2420,132946.0,,,,,,,,,,,,,,,,0.0000,,,,0.0,0.0,0.0,0.0,0.0,0.0,0.0,0.0,0.0,2078637,-1207198,164361369,-915,15571,50945,61,fba9fe00,43.5155823263,-79.68374681764,174.929,-37.1,SOL_COMPUTED,SINGLE,good,2.0314,2.0202,3.5607,16,9,0.0,0.0,0,0,0,0,0,0,0,0,0,SPECTRUMANALYSIS,L5,1187.905,1.025,-59.796,-112.826
2026-05-25 08:55:28.607277,1779713728.607277,2420,132947.0,,,,,,,,,,,,,,,,0.0000,,,,0.0,0.0,0.0,0.0,0.0,0.0,0.0,0.0,0.0,2065072,-1185064,164354931,-11357,-19495,91976,61,fba6fe00,43.51558565752,-79.68372748991,172.9526,-37.1,SOL_COMPUTED,SINGLE,good,2.0218,1.881,3.449,16,10,0.0,0.0,0,0,0,0,0,0,0,0,0,SPECTRUMANALYSIS,L5,1187.905,1.025,-59.796,-112.826
2026-05-25 08:55:29.606611,1779713729.606611,2420,132948.0,,,,,,,,,,,,,,,,0.0000,,,,0.0,0.0,0.0,0.0,0.0,0.0,0.0,0.0,0.0,2038866,-1227315,164410967,-24119,-18553,86398,61,fba4fe00,43.51558497525,-79.68372718247,172.7998,-37.1,SOL_COMPUTED,SINGLE,good,2.0221,1.8811,3.4491,16,10,0.0,0.0,0,0,0,0,0,0,0,0,0,SPECTRUMANALYSIS,L5,1187.905,1.025,-59.796,-112.826
2026-05-25 08:55:30.607283,1779713730.607283,2420,132949.0,,,,,,,,,,,,,,,,0.0000,,,,0.0,0.0,0.0,0.0,0.0,0.0,0.0,0.0,0.0,2045115,-1199881,164404694,-54363,-17725,32191,61,fba1fe00,43.5155844305,-79.68372739607,172.6805,-37.1,SOL_COMPUTED,SINGLE,good,2.0226,1.8814,3.449,16,10,0.0,0.0,0,0,0,0,0,0,0,0,0,SPECTRUMANALYSIS,L5,1187.795,1.099,-59.432,-111.661
2026-05-25 08:55:31.606774,1779713731.606774,2420,132950.0,,,,,,,,,,,,,,,,0.0000,,,,0.0,0.0,0.0,0.0,0.0,0.0,0.0,0.0,0.0,2087462,-1218009,164364251,36076,-17401,47164,61,fb9ffe00,43.51558409557,-79.68372743019,172.5176,-37.1,SOL_COMPUTED,SINGLE,good,2.0224,1.8811,3.4494,16,10,0.0,0.0,0,0,0,0,0,0,0,0,0,SPECTRUMANALYSIS,L5,1187.795,1.099,-59.432,-111.661
2026-05-25 08:55:32.607585,1779713732.607585,2420,132951.0,,,,,,,,,,,,,,,,0.0000,,,,0.0,0.0,0.0,0.0,0.0,0.0,0.0,0.0,0.0,2095168,-1188952,164376056,1091,-14031,61337,61,fb9cfe00,43.5155841764,-79.68372581154,172.1823,-37.1,SOL_COMPUTED,SINGLE,good,2.0233,1.8813,3.4501,16,10,0.0,0.0,0,0,0,0,0,0,0,0,0,SPECTRUMANALYSIS,L5,1187.795,1.099,-59.432,-111.661
2026-05-25 08:55:33.607713,1779713733.607713,2420,132952.0,,,,,,,,,,,,,,,,0.0000,,,,0.0,0.0,0.0,0.0,0.0,0.0,0.0,0.0,0.0,2111241,-1186171,164346082,55195,6559,55904,61,fb9afe00,43.51558423503,-79.68372550034,171.949,-37.1,SOL_COMPUTED,SINGLE,good,2.0236,1.8804,3.449,16,10,0.0,0.0,0,0,0,0,0,0,0,0,0,SPECTRUMANALYSIS,L5,1187.905,0.879,-59.574,-111.208
2026-05-25 08:55:34.607733,1779713734.607733,2420,132953.0,,,,,,,,,,,,,,,,0.0000,,,,0.0,0.0,0.0,0.0,0.0,0.0,0.0,0.0,0.0,2076812,-1231056,164376281,-30803,-38216,93370,61,fb97fe00,43.51558509247,-79.68372265894,171.426,-37.1,SOL_COMPUTED,SINGLE,good,2.0224,1.8794,3.4472,16,10,0.0,0.0,0,0,0,0,0,0,0,0,0,SPECTRUMANALYSIS,L5,1187.905,0.879,-59.574,-111.208
2026-05-25 08:55:35.608365,1779713735.608365,2420,132954.0,,,,,,,,,,,,,,,,0.0000,,,,0.0,0.0,0.0,0.0,0.0,0.0,0.0,0.0,0.0,2125713,-1199866,164421282,-19028,13101,85235,61,fb95fe00,43.51558606618,-79.68371977771,170.8993,-37.1,SOL_COMPUTED,SINGLE,good,2.0219,1.8792,3.4471,16,10,0.0,0.0,0,0,0,0,0,0,0,0,0,SPECTRUMANALYSIS,L5,1187.905,0.879,-59.574,-111.208
2026-05-25 08:55:36.607037,1779713736.607037,2420,132955.0,,,,,,,,,,,,,,,,0.0000,,,,0.0,0.0,0.0,0.0,0.0,0.0,0.0,0.0,0.0,2086987,-1215968,164448047,-40485,1286,80825,61,fb92fe00,43.51558684855,-79.68371803014,170.5028,-37.1,SOL_COMPUTED,SINGLE,good,2.0219,1.8795,3.4472,16,10,0.0,0.0,0,0,0,0,0,0,0,0,0,—,—,0.0,0.0,0.0,0.0
2026-05-25 08:55:37.608803,1779713737.608803,2420,132956.0,,,,,,,,,,,,,,,,0.0000,,,,0.0,0.0,0.0,0.0,0.0,0.0,0.0,0.0,0.0,2075247,-1168131,164322875,24114,-26465,73855,61,fb90fe00,43.51557985916,-79.68374989676,173.3014,-37.1,SOL_COMPUTED,SINGLE,good,2.0333,2.0211,3.5627,16,9,0.0,0.0,0,0,0,0,0,0,0,0,0,—,—,0.0,0.0,0.0,0.0
2026-05-25 08:55:38.606561,1779713738.606561,2420,132957.0,,,,,,,,,,,,,,,,0.0000,,,,0.0,0.0,0.0,0.0,0.0,0.0,0.0,0.0,0.0,2089587,-1187466,164386281,6802,407,53292,61,fb8dfe00,43.5155803531,-79.68375062024,173.1278,-37.1,SOL_COMPUTED,SINGLE,good,2.0336,2.0213,3.564,16,9,0.0,0.0,0,0,0,0,0,0,0,0,0,—,—,0.0,0.0,0.0,0.0
2026-05-25 08:55:39.609007,1779713739.609007,2420,132958.0,,,,,,,,,,,,,,,,0.0000,,,,0.0,0.0,0.0,0.0,0.0,0.0,0.0,0.0,0.0,2071321,-1236673,164376717,-23591,-14116,61019,61,fb8bfe00,43.51558071248,-79.68375130007,172.9614,-37.1,SOL_COMPUTED,SINGLE,good,2.0339,2.0216,3.5671,16,9,0.0,0.0,0,0,0,0,0,0,0,0,0,—,—,0.0,0.0,0.0,0.0
2026-05-25 08:55:40.606901,1779713740.606901,2420,132959.0,,,,,,,,,,,,,,,,0.0000,,,,0.0,0.0,0.0,0.0,0.0,0.0,0.0,0.0,0.0,2109083,-1163005,164285000,-50400,7981,70722,61,fb89fe00,43.51558118308,-79.68375195837,172.745,-37.1,SOL_COMPUTED,SINGLE,good,2.0348,2.0223,3.5707,16,9,0.0,0.0,0,0,0,0,0,0,0,0,0,—,—,0.0,0.0,0.0,0.0
2026-05-25 08:55:41.609026,1779713741.609026,2420,132960.0,,,,,,,,,,,,,,,,0.0000,,,,0.0,0.0,0.0,0.0,0.0,0.0,0.0,0.0,0.0,2160594,-1198674,164370283,14691,7912,39839,61,fb86fe00,43.51558172765,-79.68375268408,172.5183,-37.1,SOL_COMPUTED,SINGLE,good,2.0347,2.0218,3.5699,16,9,0.0,0.0,0,0,0,0,0,0,0,0,0,—,—,0.0,0.0,0.0,0.0
2026-05-25 08:55:42.606053,1779713742.606053,2420,132961.0,,,,,,,,,,,,,,,,0.0000,,,,0.0,0.0,0.0,0.0,0.0,0.0,0.0,0.0,0.0,2085157,-1155268,164361944,-17861,-16361,81655,61,fb84fe00,43.51558250017,-79.68375330727,172.294,-37.1,SOL_COMPUTED,SINGLE,good,2.0346,2.0217,3.5726,16,9,0.0,0.0,0,0,0,0,0,0,0,0,0,—,—,0.0,0.0,0.0,0.0
2026-05-25 08:55:43.607951,1779713743.607951,2420,132962.0,,,,,,,,,,,,,,,,0.0000,,,,0.0,0.0,0.0,0.0,0.0,0.0,0.0,0.0,0.0,2113552,-1259972,164359821,-25706,3781,53252,61,fb81fe00,43.51558328431,-79.68375397749,172.0637,-37.1,SOL_COMPUTED,SINGLE,good,2.034,2.0215,3.5718,16,9,0.0,0.0,0,0,0,0,0,0,0,0,0,—,—,0.0,0.0,0.0,0.0
2026-05-25 08:55:44.606195,1779713744.606195,2420,132963.0,,,,,,,,,,,,,,,,0.0000,,,,0.0,0.0,0.0,0.0,0.0,0.0,0.0,0.0,0.0,2050654,-1202831,164367516,-23618,2552,46064,61,fb7ffe00,43.51558410453,-79.68375447847,171.8282,-37.1,SOL_COMPUTED,SINGLE,good,2.0339,2.0216,3.5714,16,9,0.0,0.0,0,0,0,0,0,0,0,0,0,—,—,0.0,0.0,0.0,0.0
2026-05-25 08:55:45.615175,1779713745.615175,2420,132964.0,,,,,,,,,,,,,,,,0.0000,,,,0.0,0.0,0.0,0.0,0.0,0.0,0.0,0.0,0.0,2074975,-1206748,164297311,-30724,-3921,58573,61,fb7cfe00,43.51558501428,-79.68375495805,171.5974,-37.1,SOL_COMPUTED,SINGLE,good,2.034,2.0218,3.5742,16,9,0.0,0.0,0,0,0,0,0,0,0,0,0,SPECTRUMANALYSIS,L5,1187.869,0.952,-60.345,-112.53
2026-05-25 08:55:46.608695,1779713746.608695,2420,132965.0,,,,,,,,,,,,,,,,0.0000,,,,0.0,0.0,0.0,0.0,0.0,0.0,0.0,0.0,0.0,2145112,-1232584,164393067,-239,-4612,79138,61,fb7afe00,43.51558589051,-79.68375549785,171.3837,-37.1,SOL_COMPUTED,SINGLE,good,2.0344,2.022,3.5757,16,9,0.0,0.0,0,0,0,0,0,0,0,0,0,SPECTRUMANALYSIS,L5,1187.869,0.952,-60.345,-112.53
2026-05-25 08:55:47.608834,1779713747.608834,2420,132966.0,,,,,,,,,,,,,,,,0.0000,,,,0.0,0.0,0.0,0.0,0.0,0.0,0.0,0.0,0.0,2086064,-1163038,164429645,-14650,26043,50170,61,fb78fe00,43.51558654678,-79.68375608117,171.208,-37.1,SOL_COMPUTED,SINGLE,good,2.0346,2.022,3.5801,16,9,0.0,0.0,0,0,0,0,0,0,0,0,0,SPECTRUMANALYSIS,L5,1187.869,0.952,-60.345,-112.53
2026-05-25 08:55:48.607230,1779713748.607230,2420,132967.0,,,,,,,,,,,,,,,,0.0000,,,,0.0,0.0,0.0,0.0,0.0,0.0,0.0,0.0,0.0,2121974,-1169062,164402565,-34970,34688,58180,61,fb75fe00,43.51558712991,-79.68375652268,171.033,-37.1,SOL_COMPUTED,SINGLE,good,2.034,2.0217,3.5744,16,9,0.0,0.0,0,0,0,0,0,0,0,0,0,SPECTRUMANALYSIS,L5,1187.979,0.879,-58.769,-110.796
2026-05-25 08:55:49.610100,1779713749.610100,2420,132968.0,,,,,,,,,,,,,,,,0.0000,,,,0.0,0.0,0.0,0.0,0.0,0.0,0.0,0.0,0.0,2093379,-1139830,164358556,-23847,34114,58935,61,fb73fe00,43.51558763802,-79.68375697679,170.8919,-37.1,SOL_COMPUTED,SINGLE,good,2.0336,2.0219,3.5762,16,9,0.0,0.0,0,0,0,0,0,0,0,0,0,SPECTRUMANALYSIS,L5,1187.979,0.879,-58.769,-110.796
2026-05-25 08:55:50.607272,1779713750.607272,2420,132969.0,,,,,,,,,,,,,,,,0.0000,,,,0.0,0.0,0.0,0.0,0.0,0.0,0.0,0.0,0.0,2096904,-1240818,164335975,-20154,-40740,47728,61,fb70fe00,43.51558812417,-79.68375740857,170.7817,-37.1,SOL_COMPUTED,SINGLE,good,2.0341,2.0222,3.5779,16,9,0.0,0.0,0,0,0,0,0,0,0,0,0,SPECTRUMANALYSIS,L5,1187.979,0.879,-58.769,-110.796
2026-05-25 08:55:51.607030,1779713751.607030,2420,132970.0,,,,,,,,,,,,,,,,0.0000,,,,0.0,0.0,0.0,0.0,0.0,0.0,0.0,0.0,0.0,2079182,-1178792,164363542,9127,-2921,43128,61,fb6efe00,43.51558859161,-79.68375785435,170.6946,-37.1,SOL_COMPUTED,SINGLE,good,2.0339,2.0222,3.5745,16,9,0.0,0.0,0,0,0,0,0,0,0,0,0,SPECTRUMANALYSIS,L5,1187.942,0.952,-60.106,-112.967
2026-05-25 08:55:52.606509,1779713752.606509,2420,132971.0,,,,,,,,,,,,,,,,0.0000,,,,0.0,0.0,0.0,0.0,0.0,0.0,0.0,0.0,0.0,2062493,-1215553,164387139,-26321,-5137,69168,61,fb6bfe00,43.51558897548,-79.68375842846,170.6392,-37.1,SOL_COMPUTED,SINGLE,good,2.033,2.0212,3.5683,16,9,0.0,0.0,0,0,0,0,0,0,0,0,0,SPECTRUMANALYSIS,L5,1187.942,0.952,-60.106,-112.967
2026-05-25 08:55:53.606433,1779713753.606433,2420,132972.0,,,,,,,,,,,,,,,,0.0000,,,,0.0,0.0,0.0,0.0,0.0,0.0,0.0,0.0,0.0,2083832,-1213257,164357390,1484,-8948,58760,61,fb69fe00,43.51558973673,-79.68375957742,170.5687,-37.1,SOL_COMPUTED,SINGLE,good,2.0317,2.0212,3.5673,16,9,0.0,0.0,0,0,0,0,0,0,0,0,0,SPECTRUMANALYSIS,L5,1187.942,0.952,-60.106,-112.967
2026-05-25 08:55:54.606461,1779713754.606461,2420,132973.0,,,,,,,,,,,,,,,,0.0000,,,,0.0,0.0,0.0,0.0,0.0,0.0,0.0,0.0,0.0,2035196,-1178154,164399370,-16942,71,74383,61,fb66fe00,43.5155896675,-79.68376001702,170.638,-37.1,SOL_COMPUTED,SINGLE,good,2.0322,2.0217,3.5669,16,9,0.0,0.0,0,0,0,0,0,0,0,0,0,—,—,0.0,0.0,0.0,0.0
2026-05-25 08:55:55.607076,1779713755.607076,2420,132974.0,,,,,,,,,,,,,,,,0.0000,,,,0.0,0.0,0.0,0.0,0.0,0.0,0.0,0.0,0.0,2137505,-1193468,164362150,-16722,4492,71357,61,fb64fe00,43.51558951897,-79.68376055578,170.7091,-37.1,SOL_COMPUTED,SINGLE,good,2.0323,2.0225,3.5673,16,9,0.0,0.0,0,0,0,0,0,0,0,0,0,—,—,0.0,0.0,0.0,0.0
2026-05-25 08:55:56.605873,1779713756.605873,2420,132975.0,,,,,,,,,,,,,,,,0.0000,,,,0.0,0.0,0.0,0.0,0.0,0.0,0.0,0.0,0.0,2144851,-1189609,164357080,10852,-407,68303,61,fb61fe00,43.51558913273,-79.68376099304,170.824,-37.1,SOL_COMPUTED,SINGLE,good,2.032,2.0222,3.5662,16,9,0.0,0.0,0,0,0,0,0,0,0,0,0,—,—,0.0,0.0,0.0,0.0
2026-05-25 08:55:57.606768,1779713757.606768,2420,132976.0,,,,,,,,,,,,,,,,0.0000,,,,0.0,0.0,0.0,0.0,0.0,0.0,0.0,0.0,0.0,2119648,-1197237,164416188,7131,-12616,77252,61,fb5ffe00,43.51559382202,-79.68373800996,168.6502,-37.1,SOL_COMPUTED,SINGLE,good,2.019,1.8777,3.4472,16,10,0.0,0.0,0,0,0,0,0,0,0,0,0,—,—,0.0,0.0,0.0,0.0
2026-05-25 08:55:58.606498,1779713758.606498,2420,132977.0,,,,,,,,,,,,,,,,0.0000,,,,0.0,0.0,0.0,0.0,0.0,0.0,0.0,0.0,0.0,2058641,-1246577,164425424,-34154,-14463,35550,61,fb5dfe00,43.51559358471,-79.68373846504,168.7597,-37.1,SOL_COMPUTED,SINGLE,good,2.0192,1.878,3.4472,16,10,0.0,0.0,0,0,0,0,0,0,0,0,0,—,—,0.0,0.0,0.0,0.0
2026-05-25 08:55:59.605602,1779713759.605602,2420,132978.0,,,,,,,,,,,,,,,,0.0000,,,,0.0,0.0,0.0,0.0,0.0,0.0,0.0,0.0,0.0,2085448,-1180632,164374927,24000,11634,76722,61,fb5afe00,43.51559329266,-79.68373881743,168.9046,-37.1,SOL_COMPUTED,SINGLE,good,2.0204,1.8793,3.4497,16,10,0.0,0.0,0,0,0,0,0,0,0,0,0,—,—,0.0,0.0,0.0,0.0
2026-05-25 08:56:00.606522,1779713760.606522,2420,132979.0,,,,,,,,,,,,,,,,0.0000,,,,0.0,0.0,0.0,0.0,0.0,0.0,0.0,0.0,0.0,2070452,-1224165,164330203,-17283,-7474,75290,61,fb57fe00,43.5155930837,-79.6837389016,169.0198,-37.1,SOL_COMPUTED,SINGLE,good,2.0202,1.8799,3.4486,16,10,0.0,0.0,0,0,0,0,0,0,0,0,0,SPECTRUMANALYSIS,L5,1187.905,1.025,-59.56,-112.898
2026-05-25 08:56:01.607030,1779713761.607030,2420,132980.0,,,,,,,,,,,,,,,,0.0000,,,,0.0,0.0,0.0,0.0,0.0,0.0,0.0,0.0,0.0,2092645,-1297250,164366846,-6633,-3594,76954,61,fb55fe00,43.51559278211,-79.6837392532,169.1841,-37.1,SOL_COMPUTED,SINGLE,good,2.0202,1.8801,3.4475,16,10,0.0,0.0,0,0,0,0,0,0,0,0,0,SPECTRUMANALYSIS,L5,1187.905,1.025,-59.56,-112.898
2026-05-25 08:56:02.607283,1779713762.607283,2420,132981.0,,,,,,,,,,,,,,,,0.0000,,,,0.0,0.0,0.0,0.0,0.0,0.0,0.0,0.0,0.0,2101865,-1174133,164402430,22765,-20408,49110,61,fb53fe00,43.5155922985,-79.68373960861,169.3858,-37.1,SOL_COMPUTED,SINGLE,good,2.021,1.8811,3.4482,16,10,0.0,0.0,0,0,0,0,0,0,0,0,0,SPECTRUMANALYSIS,L5,1187.905,1.025,-59.56,-112.898
2026-05-25 08:56:03.607154,1779713763.607154,2420,132982.0,,,,,,,,,,,,,,,,0.0000,,,,0.0,0.0,0.0,0.0,0.0,0.0,0.0,0.0,0.0,2116457,-1193118,164366145,19329,-7412,47351,61,fb51fe00,43.51559171145,-79.68373996698,169.609,-37.1,SOL_COMPUTED,SINGLE,good,2.021,1.8812,3.4471,16,10,0.0,0.0,0,0,0,0,0,0,0,0,0,—,—,0.0,0.0,0.0,0.0
2026-05-25 08:56:04.606712,1779713764.606712,2420,132983.0,,,,,,,,,,,,,,,,0.0000,,,,0.0,0.0,0.0,0.0,0.0,0.0,0.0,0.0,0.0,2102837,-1235543,164385703,-8193,2924,59738,61,fb4efe00,43.51559094903,-79.68374042431,169.8625,-37.1,SOL_COMPUTED,SINGLE,good,2.0212,1.8817,3.447,16,10,0.0,0.0,0,0,0,0,0,0,0,0,0,—,—,0.0,0.0,0.0,0.0
2026-05-25 08:56:05.606959,1779713765.606959,2420,132984.0,,,,,,,,,,,,,,,,0.0000,,,,0.0,0.0,0.0,0.0,0.0,0.0,0.0,0.0,0.0,2102250,-1137917,164419777,-1718,-9464,18028,61,fb4cfe00,43.51559032765,-79.68374091472,170.1173,-37.1,SOL_COMPUTED,SINGLE,good,2.0223,1.884,3.4487,16,10,0.0,0.0,0,0,0,0,0,0,0,0,0,—,—,0.0,0.0,0.0,0.0
2026-05-25 08:56:06.606577,1779713766.606577,2420,132985.0,,,,,,,,,,,,,,,,0.0000,,,,0.0,0.0,0.0,0.0,0.0,0.0,0.0,0.0,0.0,2164322,-1162793,164364405,-14645,-17748,45825,61,fb49fe00,43.5155896292,-79.68374137607,170.3856,-37.1,SOL_COMPUTED,SINGLE,good,2.0225,1.884,3.449,16,10,0.0,0.0,0,0,0,0,0,0,0,0,0,—,—,0.0,0.0,0.0,0.0
2026-05-25 08:56:07.607253,1779713767.607253,2420,132986.0,,,,,,,,,,,,,,,,0.0000,,,,0.0,0.0,0.0,0.0,0.0,0.0,0.0,0.0,0.0,2182415,-1180320,164378579,-38022,19325,66238,61,fb47fe00,43.5155890105,-79.68374186733,170.6402,-37.1,SOL_COMPUTED,SINGLE,good,2.0226,1.8825,3.4478,16,10,0.0,0.0,0,0,0,0,0,0,0,0,0,—,—,0.0,0.0,0.0,0.0
2026-05-25 08:56:08.608062,1779713768.608062,2420,132987.0,,,,,,,,,,,,,,,,0.0000,,,,0.0,0.0,0.0,0.0,0.0,0.0,0.0,0.0,0.0,2159211,-1216757,164302778,-2037,-24267,36857,61,fb45fe00,43.51558840895,-79.68374222029,170.8923,-37.1,SOL_COMPUTED,SINGLE,good,2.022,1.8815,3.4462,16,10,0.0,0.0,0,0,0,0,0,0,0,0,0,—,—,0.0,0.0,0.0,0.0
2026-05-25 08:56:09.606627,1779713769.606627,2420,132988.0,,,,,,,,,,,,,,,,0.0000,,,,0.0,0.0,0.0,0.0,0.0,0.0,0.0,0.0,0.0,2145262,-1185034,164329007,-3846,12700,41939,61,fb42fe00,43.51558763062,-79.68374293782,171.1639,-37.1,SOL_COMPUTED,SINGLE,good,2.0223,1.8816,3.4466,16,10,0.0,0.0,0,0,0,0,0,0,0,0,0,—,—,0.0,0.0,0.0,0.0
2026-05-25 08:56:10.608307,1779713770.608307,2420,132989.0,,,,,,,,,,,,,,,,0.0000,,,,0.0,0.0,0.0,0.0,0.0,0.0,0.0,0.0,0.0,2133947,-1232703,164316907,-39689,-7706,71227,61,fb40fe00,43.51558687318,-79.68374361541,171.4355,-37.1,SOL_COMPUTED,SINGLE,good,2.0237,1.8832,3.4484,16,10,0.0,0.0,0,0,0,0,0,0,0,0,0,—,—,0.0,0.0,0.0,0.0
2026-05-25 08:56:11.607094,1779713771.607094,2420,132990.0,,,,,,,,,,,,,,,,0.0000,,,,0.0,0.0,0.0,0.0,0.0,0.0,0.0,0.0,0.0,2141528,-1224531,164373363,-51016,-25793,76376,61,fb3dfe00,43.51558627486,-79.68374436228,171.6791,-37.1,SOL_COMPUTED,SINGLE,good,2.0247,1.8849,3.45,16,10,0.0,0.0,0,0,0,0,0,0,0,0,0,—,—,0.0,0.0,0.0,0.0
2026-05-25 08:56:12.606221,1779713772.606221,2420,132991.0,,,,,,,,,,,,,,,,0.0000,,,,0.0,0.0,0.0,0.0,0.0,0.0,0.0,0.0,0.0,2055177,-1277595,164340536,-993,-16218,39867,61,fb3bfe00,43.5155857135,-79.6837450106,171.9258,-37.1,SOL_COMPUTED,SINGLE,good,2.0249,1.8854,3.4507,16,10,0.0,0.0,0,0,0,0,0,0,0,0,0,—,—,0.0,0.0,0.0,0.0
2026-05-25 08:56:13.606752,1779713773.606752,2420,132992.0,,,,,,,,,,,,,,,,0.0000,,,,0.0,0.0,0.0,0.0,0.0,0.0,0.0,0.0,0.0,2072030,-1234745,164352570,-39629,-1117,54878,61,fb39fe00,43.51558514466,-79.68374580569,172.1959,-37.1,SOL_COMPUTED,SINGLE,good,2.0257,1.8854,3.4516,16,10,0.0,0.0,0,0,0,0,0,0,0,0,0,—,—,0.0,0.0,0.0,0.0
2026-05-25 08:56:14.607796,1779713774.607796,2420,132993.0,,,,,,,,,,,,,,,,0.0000,,,,0.0,0.0,0.0,0.0,0.0,0.0,0.0,0.0,0.0,2096587,-1178570,164396233,13468,-11721,45260,61,fb37fe00,43.51558458615,-79.68374660149,172.4416,-37.1,SOL_COMPUTED,SINGLE,good,2.0271,1.8859,3.4526,16,10,0.0,0.0,0,0,0,0,0,0,0,0,0,—,—,0.0,0.0,0.0,0.0
2026-05-25 08:56:15.607614,1779713775.607614,2420,132994.0,,,,,,,,,,,,,,,,0.0000,,,,0.0,0.0,0.0,0.0,0.0,0.0,0.0,0.0,0.0,2145342,-1150415,164400042,-28685,-18009,38792,61,fb34fe00,43.51558192154,-79.68374905039,173.3474,-37.1,SOL_COMPUTED,SINGLE,good,2.0321,1.8859,3.474,16,9,0.0,0.0,0,0,0,0,0,0,0,0,0,—,—,0.0,0.0,0.0,0.0
2026-05-25 08:56:16.606424,1779713776.606424,2420,132995.0,,,,,,,,,,,,,,,,0.0000,,,,0.0,0.0,0.0,0.0,0.0,0.0,0.0,0.0,0.0,2176002,-1190002,164394774,5372,37010,40896,61,fb32fe00,43.51558155499,-79.68374996643,173.579,-37.1,SOL_COMPUTED,SINGLE,good,2.0318,1.885,3.4717,16,9,0.0,0.0,0,0,0,0,0,0,0,0,0,—,—,0.0,0.0,0.0,0.0
2026-05-25 08:56:17.606431,1779713777.606431,2420,132996.0,,,,,,,,,,,,,,,,0.0000,,,,0.0,0.0,0.0,0.0,0.0,0.0,0.0,0.0,0.0,2144822,-1258617,164430184,-1997,5957,53023,61,fb2ffe00,43.51558129225,-79.68375075649,173.7696,-37.1,SOL_COMPUTED,SINGLE,good,2.0326,1.8852,3.4727,16,9,0.0,0.0,0,0,0,0,0,0,0,0,0,—,—,0.0,0.0,0.0,0.0
2026-05-25 08:56:18.606054,1779713778.606054,2420,132997.0,,,,,,,,,,,,,,,,0.0000,,,,0.0,0.0,0.0,0.0,0.0,0.0,0.0,0.0,0.0,2129625,-1185272,164385693,-44274,-10780,60358,61,fb2dfe00,43.51558114664,-79.68375187677,173.9384,-37.1,SOL_COMPUTED,SINGLE,good,2.0336,1.8859,3.474,16,9,0.0,0.0,0,0,0,0,0,0,0,0,0,—,—,0.0,0.0,0.0,0.0
2026-05-25 08:56:19.607453,1779713779.607453,2420,132998.0,,,,,,,,,,,,,,,,0.0000,,,,0.0,0.0,0.0,0.0,0.0,0.0,0.0,0.0,0.0,2013653,-1169608,164420192,43287,-43905,85918,61,fb2bfe00,43.51558114232,-79.6837530881,174.0904,-37.1,SOL_COMPUTED,SINGLE,good,2.034,1.8867,3.4749,16,9,0.0,0.0,0,0,0,0,0,0,0,0,0,—,—,0.0,0.0,0.0,0.0
2026-05-25 08:56:20.607897,1779713780.607897,2420,132999.0,,,,,,,,,,,,,,,,0.0000,,,,0.0,0.0,0.0,0.0,0.0,0.0,0.0,0.0,0.0,2088839,-1187564,164347948,-10589,24200,59022,61,fb28fe00,43.51558127448,-79.68375454214,174.2197,-37.1,SOL_COMPUTED,SINGLE,good,2.0358,1.8862,3.4768,16,9,0.0,0.0,0,0,0,0,0,0,0,0,0,—,—,0.0,0.0,0.0,0.0
2026-05-25 08:56:21.607551,1779713781.607551,2420,133000.0,,,,,,,,,,,,,,,,0.0000,,,,0.0,0.0,0.0,0.0,0.0,0.0,0.0,0.0,0.0,2058467,-1142776,164394122,-10529,-13077,68872,61,fb26fe00,43.51558157184,-79.68375614882,174.3172,-37.1,SOL_COMPUTED,SINGLE,good,2.035,1.8853,3.4762,16,9,0.0,0.0,0,0,0,0,0,0,0,0,0,SPECTRUMANALYSIS,L5,1187.979,1.025,-58.725,-110.416
2026-05-25 08:56:22.606459,1779713782.606459,2420,133001.0,,,,,,,,,,,,,,,,0.0000,,,,0.0,0.0,0.0,0.0,0.0,0.0,0.0,0.0,0.0,2046939,-1271463,164399689,-3815,3118,52095,61,fb23fe00,43.51558187448,-79.68375796693,174.4263,-37.1,SOL_COMPUTED,SINGLE,good,2.0352,1.8841,3.4765,16,9,0.0,0.0,0,0,0,0,0,0,0,0,0,SPECTRUMANALYSIS,L5,1187.979,1.025,-58.725,-110.416
2026-05-25 08:56:23.610390,1779713783.610390,2420,133002.0,,,,,,,,,,,,,,,,0.0000,,,,0.0,0.0,0.0,0.0,0.0,0.0,0.0,0.0,0.0,2119234,-1261256,164388280,-8781,-6195,56112,61,fb21fe00,43.51558234392,-79.68375973876,174.4774,-37.1,SOL_COMPUTED,SINGLE,good,2.0351,1.8843,3.4769,16,9,0.0,0.0,0,0,0,0,0,0,0,0,0,SPECTRUMANALYSIS,L5,1187.979,1.025,-58.725,-110.416
2026-05-25 08:56:24.607767,1779713784.607767,2420,133003.0,,,,,,,,,,,,,,,,0.0000,,,,0.0,0.0,0.0,0.0,0.0,0.0,0.0,0.0,0.0,2052693,-1186081,164393268,-29639,7968,69842,61,fb1ffe00,43.51558308522,-79.68376151988,174.4791,-37.1,SOL_COMPUTED,SINGLE,good,2.0377,1.8853,3.4815,16,9,0.0,0.0,0,0,0,0,0,0,0,0,0,SPECTRUMANALYSIS,L5,1187.869,0.952,-57.036,-107.691
2026-05-25 08:56:25.613929,1779713785.613929,2420,133004.0,,,,,,,,,,,,,,,,0.0000,,,,0.0,0.0,0.0,0.0,0.0,0.0,0.0,0.0,0.0,2093896,-1135348,164415488,-26758,-1414,41378,61,fb1cfe00,43.51558408245,-79.68376326136,174.433,-37.1,SOL_COMPUTED,SINGLE,good,2.0351,1.8826,3.4784,16,9,0.0,0.0,0,0,0,0,0,0,0,0,0,SPECTRUMANALYSIS,L5,1187.869,0.952,-57.036,-107.691
2026-05-25 08:56:26.607766,1779713786.607766,2420,133005.0,,,,,,,,,,,,,,,,0.0000,,,,0.0,0.0,0.0,0.0,0.0,0.0,0.0,0.0,0.0,2109016,-1226250,164405176,-34536,5254,63186,61,fb1afe00,43.51558515392,-79.68376498938,174.3801,-37.1,SOL_COMPUTED,SINGLE,good,2.0361,1.8825,3.4806,16,9,0.0,0.0,0,0,0,0,0,0,0,0,0,SPECTRUMANALYSIS,L5,1187.869,0.952,-57.036,-107.691
2026-05-25 08:56:27.606463,1779713787.606463,2420,133006.0,,,,,,,,,,,,,,,,0.0000,,,,0.0,0.0,0.0,0.0,0.0,0.0,0.0,0.0,0.0,2073237,-1208601,164392569,12744,-9833,48197,61,fb17fe00,43.51558643828,-79.68376679142,174.2964,-37.1,SOL_COMPUTED,SINGLE,good,2.0372,1.8824,3.4818,16,9,0.0,0.0,0,0,0,0,0,0,0,0,0,SPECTRUMANALYSIS,L5,1187.979,0.732,-59.657,-114.046
2026-05-25 08:56:28.608129,1779713788.608129,2420,133007.0,,,,,,,,,,,,,,,,0.0000,,,,0.0,0.0,0.0,0.0,0.0,0.0,0.0,0.0,0.0,2116134,-1146459,164353791,9914,-6707,102534,61,fb15fe00,43.51559123995,-79.68376488812,173.7879,-37.1,SOL_COMPUTED,SINGLE,good,2.0325,1.8787,3.4801,16,10,0.0,0.0,0,0,0,0,0,0,0,0,0,SPECTRUMANALYSIS,L5,1187.979,0.732,-59.657,-114.046
2026-05-25 08:56:29.608745,1779713789.608745,2420,133008.0,,,,,,,,,,,,,,,,0.0000,,,,0.0,0.0,0.0,0.0,0.0,0.0,0.0,0.0,0.0,2106614,-1222376,164351164,-8990,1809,48915,61,fb13fe00,43.51559246976,-79.68376678531,173.7153,-37.1,SOL_COMPUTED,SINGLE,good,2.0331,1.8787,3.4817,16,10,0.0,0.0,0,0,0,0,0,0,0,0,0,SPECTRUMANALYSIS,L5,1187.979,0.732,-59.657,-114.046
2026-05-25 08:56:30.606020,1779713790.606020,2420,133009.0,,,,,,,,,,,,,,,,0.0000,,,,0.0,0.0,0.0,0.0,0.0,0.0,0.0,0.0,0.0,2094695,-1199058,164373351,-16103,-32444,48782,61,fb11fe00,43.51559018265,-79.68377206424,174.0429,-37.1,SOL_COMPUTED,SINGLE,good,2.0401,1.8819,3.4907,15,9,0.0,0.0,0,0,0,0,0,0,0,0,0,SPECTRUMANALYSIS,L5,1187.979,1.025,-58.578,-110.289
2026-05-25 08:56:31.607154,1779713791.607154,2420,133010.0,,,,,,,,,,,,,,,,0.0000,,,,0.0,0.0,0.0,0.0,0.0,0.0,0.0,0.0,0.0,2083117,-1261123,164350927,-16650,10667,74753,61,fb0efe00,43.51559139933,-79.68377352505,173.9325,-37.1,SOL_COMPUTED,SINGLE,good,2.0396,1.8814,3.4893,15,9,0.0,0.0,0,0,0,0,0,0,0,0,0,SPECTRUMANALYSIS,L5,1187.979,1.025,-58.578,-110.289
2026-05-25 08:56:32.606412,1779713792.606412,2420,133011.0,,,,,,,,,,,,,,,,0.0000,,,,0.0,0.0,0.0,0.0,0.0,0.0,0.0,0.0,0.0,2117254,-1211043,164397038,-18024,11541,58817,61,fb0cfe00,43.51559267593,-79.68377503291,173.7806,-37.1,SOL_COMPUTED,SINGLE,good,2.038,1.8808,3.4859,15,9,0.0,0.0,0,0,0,0,0,0,0,0,0,SPECTRUMANALYSIS,L5,1187.979,1.025,-58.578,-110.289
2026-05-25 08:56:33.606774,1779713793.606774,2420,133012.0,,,,,,,,,,,,,,,,0.0000,,,,0.0,0.0,0.0,0.0,0.0,0.0,0.0,0.0,0.0,2074695,-1242061,164401192,-19802,-382,68483,61,fb09fe00,43.51559371899,-79.68377625408,173.6973,-37.1,SOL_COMPUTED,SINGLE,good,2.0381,1.8812,3.4864,15,9,0.0,0.0,0,0,0,0,0,0,0,0,0,SPECTRUMANALYSIS,L5,1187.979,1.172,-59.112,-113.408
2026-05-25 08:56:34.608604,1779713794.608604,2420,133013.0,,,,,,,,,,,,,,,,0.0000,,,,0.0,0.0,0.0,0.0,0.0,0.0,0.0,0.0,0.0,2127776,-1244144,164385591,-4432,-4791,42819,61,fb07fe00,43.51559850131,-79.68377335271,173.1775,-37.1,SOL_COMPUTED,SINGLE,good,2.0316,1.8772,3.4802,16,10,0.0,0.0,0,0,0,0,0,0,0,0,0,SPECTRUMANALYSIS,L5,1187.979,1.172,-59.112,-113.408
2026-05-25 08:56:35.607825,1779713795.607825,2420,133014.0,,,,,,,,,,,,,,,,0.0000,,,,0.0,0.0,0.0,0.0,0.0,0.0,0.0,0.0,0.0,2072482,-1251341,164360979,17536,-17519,40724,61,fb05fe00,43.51559933092,-79.68377426965,173.1217,-37.1,SOL_COMPUTED,SINGLE,good,2.0327,1.8779,3.4823,16,10,0.0,0.0,0,0,0,0,0,0,0,0,0,SPECTRUMANALYSIS,L5,1187.979,1.172,-59.112,-113.408
2026-05-25 08:56:36.607059,1779713796.607059,2420,133015.0,,,,,,,,,,,,,,,,0.0000,,,,0.0,0.0,0.0,0.0,0.0,0.0,0.0,0.0,0.0,2171564,-1197294,164308345,-42674,5870,60167,61,fb03fe00,43.5155997684,-79.68377518247,173.1158,-37.1,SOL_COMPUTED,SINGLE,good,2.03,1.8768,3.4783,16,10,0.0,0.0,0,0,0,0,0,0,0,0,0,SPECTRUMANALYSIS,L5,1187.759,1.172,-59.279,-112.429
2026-05-25 08:56:37.607396,1779713797.607396,2420,133016.0,,,,,,,,,,,,,,,,0.0000,,,,0.0,0.0,0.0,0.0,0.0,0.0,0.0,0.0,0.0,2117695,-1183611,164374161,-34421,-3453,57030,61,fb00fe00,43.51560011894,-79.68377588356,173.143,-37.1,SOL_COMPUTED,SINGLE,good,2.0303,1.8765,3.4776,16,10,0.0,0.0,0,0,0,0,0,0,0,0,0,SPECTRUMANALYSIS,L5,1187.759,1.172,-59.279,-112.429
2026-05-25 08:56:38.609767,1779713798.609767,2420,133017.0,,,,,,,,,,,,,,,,0.0000,,,,0.0,0.0,0.0,0.0,0.0,0.0,0.0,0.0,0.0,2002029,-1232211,164334965,-4711,-3249,50961,61,fafefe00,43.51560022651,-79.68377655889,173.2303,-37.1,SOL_COMPUTED,SINGLE,good,2.0311,1.8758,3.479,16,10,0.0,0.0,0,0,0,0,0,0,0,0,0,SPECTRUMANALYSIS,L5,1187.759,1.172,-59.279,-112.429
2026-05-25 08:56:39.608703,1779713799.608703,2420,133018.0,,,,,,,,,,,,,,,,0.0000,,,,0.0,0.0,0.0,0.0,0.0,0.0,0.0,0.0,0.0,2052773,-1200028,164394764,5610,4311,45358,61,fafbfe00,43.5156006047,-79.68377693425,173.2539,-37.1,SOL_COMPUTED,SINGLE,good,2.0295,1.8752,3.4761,16,10,0.0,0.0,0,0,0,0,0,0,0,0,0,SPECTRUMANALYSIS,L5,1187.832,1.025,-60.063,-113.098
2026-05-25 08:56:40.608846,1779713800.608846,2420,133019.0,,,,,,,,,,,,,,,,0.0000,,,,0.0,0.0,0.0,0.0,0.0,0.0,0.0,0.0,0.0,2065717,-1214561,164365530,-21330,14616,65352,61,faf9fe00,43.51560939643,-79.68372517562,166.9479,-37.1,SOL_COMPUTED,SINGLE,good,2.0219,1.7303,3.2978,16,11,0.0,0.0,0,0,0,0,0,0,0,0,0,SPECTRUMANALYSIS,L5,1187.832,1.025,-60.063,-113.098
2026-05-25 08:56:41.608688,1779713801.608688,2420,133020.0,,,,,,,,,,,,,,,,0.0000,,,,0.0,0.0,0.0,0.0,0.0,0.0,0.0,0.0,0.0,2092721,-1169315,164376264,-10683,26203,79272,61,faf7fe00,43.51560906668,-79.68372550727,167.1105,-37.1,SOL_COMPUTED,SINGLE,good,2.0221,1.7308,3.2972,16,11,0.0,0.0,0,0,0,0,0,0,0,0,0,SPECTRUMANALYSIS,L5,1187.832,1.025,-60.063,-113.098
2026-05-25 08:56:42.607485,1779713802.607485,2420,133021.0,,,,,,,,,,,,,,,,0.0000,,,,0.0,0.0,0.0,0.0,0.0,0.0,0.0,0.0,0.0,2131273,-1229359,164398033,2020,-2564,52513,61,faf5fe00,43.51560853466,-79.6837258045,167.2784,-37.1,SOL_COMPUTED,SINGLE,good,2.0214,1.7309,3.2954,16,11,0.0,0.0,0,0,0,0,0,0,0,0,0,SPECTRUMANALYSIS,L5,1188.015,0.952,-59.256,-114.001
2026-05-25 08:56:43.614171,1779713803.614171,2420,133022.0,,,,,,,,,,,,,,,,0.0000,,,,0.0,0.0,0.0,0.0,0.0,0.0,0.0,0.0,0.0,2053164,-1195748,164356796,-2145,-4800,68540,61,faf2fe00,43.51560786071,-79.68372601424,167.48,-37.1,SOL_COMPUTED,SINGLE,good,2.0215,1.7307,3.2951,16,11,0.0,0.0,0,0,0,0,0,0,0,0,0,SPECTRUMANALYSIS,L5,1188.015,0.952,-59.256,-114.001
2026-05-25 08:56:44.606930,1779713804.606930,2420,133023.0,,,,,,,,,,,,,,,,0.0000,,,,0.0,0.0,0.0,0.0,0.0,0.0,0.0,0.0,0.0,2092386,-1219716,164342976,-18124,-1476,23693,61,faf0fe00,43.51560693184,-79.68372619746,167.7133,-37.1,SOL_COMPUTED,SINGLE,good,2.0216,1.7308,3.295,16,11,0.0,0.0,0,0,0,0,0,0,0,0,0,SPECTRUMANALYSIS,L5,1188.015,0.952,-59.256,-114.001
2026-05-25 08:56:45.608256,1779713805.608256,2420,133024.0,,,,,,,,,,,,,,,,0.0000,,,,0.0,0.0,0.0,0.0,0.0,0.0,0.0,0.0,0.0,2113815,-1224410,164359416,-8262,17234,67731,61,faeefe00,43.51560595523,-79.68372644673,167.9201,-37.1,SOL_COMPUTED,SINGLE,good,2.0213,1.7307,3.2947,16,11,0.0,0.0,0,0,0,0,0,0,0,0,0,SPECTRUMANALYSIS,L5,1187.942,1.099,-58.731,-109.978
2026-05-25 08:56:46.607463,1779713806.607463,2420,133025.0,,,,,,,,,,,,,,,,0.0000,,,,0.0,0.0,0.0,0.0,0.0,0.0,0.0,0.0,0.0,2095853,-1203318,164387905,-22189,-11456,69687,61,faebfe00,43.51560523292,-79.68372639531,168.1421,-37.1,SOL_COMPUTED,SINGLE,good,2.0215,1.7305,3.2945,16,11,0.0,0.0,0,0,0,0,0,0,0,0,0,SPECTRUMANALYSIS,L5,1187.942,1.099,-58.731,-109.978
2026-05-25 08:56:47.607907,1779713807.607907,2420,133026.0,,,,,,,,,,,,,,,,0.0000,,,,0.0,0.0,0.0,0.0,0.0,0.0,0.0,0.0,0.0,2109506,-1224856,164425191,27752,30044,37514,61,fae9fe00,43.5156043283,-79.68372628369,168.3838,-37.1,SOL_COMPUTED,SINGLE,good,2.0216,1.7305,3.2949,16,11,0.0,0.0,0,0,0,0,0,0,0,0,0,SPECTRUMANALYSIS,L5,1187.942,1.099,-58.731,-109.978
2026-05-25 08:56:48.605121,1779713808.605121,2420,133027.0,,,,,,,,,,,,,,,,0.0000,,,,0.0,0.0,0.0,0.0,0.0,0.0,0.0,0.0,0.0,2100329,-1226699,164338595,-28797,-14592,55555,61,fae7fe00,43.51560332067,-79.68372622841,168.6218,-37.1,SOL_COMPUTED,SINGLE,good,2.0224,1.7306,3.2954,16,11,0.0,0.0,0,0,0,0,0,0,0,0,0,SPECTRUMANALYSIS,L5,1187.905,0.879,-59.04,-112.18
2026-05-25 08:56:49.607585,1779713809.607585,2420,133028.0,,,,,,,,,,,,,,,,0.0000,,,,0.0,0.0,0.0,0.0,0.0,0.0,0.0,0.0,0.0,2079929,-1198942,164344511,-35211,3897,74392,61,fae4fe00,43.51560230593,-79.68372603224,168.843,-37.1,SOL_COMPUTED,SINGLE,good,2.0222,1.7306,3.2951,16,11,0.0,0.0,0,0,0,0,0,0,0,0,0,SPECTRUMANALYSIS,L5,1187.905,0.879,-59.04,-112.18
2026-05-25 08:56:50.607297,1779713810.607297,2420,133029.0,,,,,,,,,,,,,,,,0.0000,,,,0.0,0.0,0.0,0.0,0.0,0.0,0.0,0.0,0.0,2063656,-1252841,164361045,-34723,265,59965,61,fae2fe00,43.51560118817,-79.6837258197,169.073,-37.1,SOL_COMPUTED,SINGLE,good,2.0215,1.7299,3.2938,16,11,0.0,0.0,0,0,0,0,0,0,0,0,0,SPECTRUMANALYSIS,L5,1187.905,0.879,-59.04,-112.18
2026-05-25 08:56:51.607152,1779713811.607152,2420,133030.0,,,,,,,,,,,,,,,,0.0000,,,,0.0,0.0,0.0,0.0,0.0,0.0,0.0,0.0,0.0,2027763,-1230639,164324597,-31080,-15025,87335,61,fae0fe00,43.51560020242,-79.68372562131,169.2864,-37.1,SOL_COMPUTED,SINGLE,good,2.0214,1.7301,3.2948,16,11,0.0,0.0,0,0,0,0,0,0,0,0,0,SPECTRUMANALYSIS,L5,1187.905,0.879,-59.04,-112.18
2026-05-25 08:56:52.607915,1779713812.607915,2420,133031.0,,,,,,,,,,,,,,,,0.0000,,,,0.0,0.0,0.0,0.0,0.0,0.0,0.0,0.0,0.0,2099661,-1215309,164356888,-19432,28722,67720,61,faddfe00,43.51559927216,-79.6837254178,169.5193,-37.1,SOL_COMPUTED,SINGLE,good,2.022,1.7303,3.2959,16,11,0.0,0.0,0,0,0,0,0,0,0,0,0,SPECTRUMANALYSIS,L5,1187.759,1.172,-59.476,-112.308
2026-05-25 08:56:53.611220,1779713813.611220,2420,133032.0,,,,,,,,,,,,,,,,0.0000,,,,0.0,0.0,0.0,0.0,0.0,0.0,0.0,0.0,0.0,2079153,-1165068,164397748,-54636,-4821,58040,61,fadbfe00,43.5155984141,-79.68372530152,169.7576,-37.1,SOL_COMPUTED,SINGLE,good,2.0229,1.7306,3.296,16,11,0.0,0.0,0,0,0,0,0,0,0,0,0,SPECTRUMANALYSIS,L5,1187.759,1.172,-59.476,-112.308
2026-05-25 08:56:54.606872,1779713814.606872,2420,133033.0,,,,,,,,,,,,,,,,0.0000,,,,0.0,0.0,0.0,0.0,0.0,0.0,0.0,0.0,0.0,2056231,-1213994,164365615,-43854,-12105,56694,61,fad9fe00,43.51559753457,-79.68372523104,169.9653,-37.1,SOL_COMPUTED,SINGLE,good,2.0225,1.7304,3.2962,16,11,0.0,0.0,0,0,0,0,0,0,0,0,0,SPECTRUMANALYSIS,L5,1187.759,1.172,-59.476,-112.308
2026-05-25 08:56:55.607684,1779713815.607684,2420,133034.0,,,,,,,,,,,,,,,,0.0000,,,,0.0,0.0,0.0,0.0,0.0,0.0,0.0,0.0,0.0,2084501,-1183722,164359992,5274,5276,79314,61,fad6fe00,43.51559660815,-79.68372508131,170.1302,-37.1,SOL_COMPUTED,SINGLE,good,2.0232,1.7307,3.2975,16,11,0.0,0.0,0,0,0,0,0,0,0,0,0,SPECTRUMANALYSIS,L5,1187.942,0.952,-58.73,-111.423
2026-05-25 08:56:56.607418,1779713816.607418,2420,133035.0,,,,,,,,,,,,,,,,0.0000,,,,0.0,0.0,0.0,0.0,0.0,0.0,0.0,0.0,0.0,2053636,-1223906,164318624,-16495,15033,67841,61,fad4fe00,43.51559594151,-79.6837248651,170.2846,-37.1,SOL_COMPUTED,SINGLE,good,2.0242,1.7312,3.2977,16,11,0.0,0.0,0,0,0,0,0,0,0,0,0,SPECTRUMANALYSIS,L5,1187.942,0.952,-58.73,-111.423
2026-05-25 08:56:57.606593,1779713817.606593,2420,133036.0,,,,,,,,,,,,,,,,0.0000,,,,0.0,0.0,0.0,0.0,0.0,0.0,0.0,0.0,0.0,2130059,-1154591,164348241,-6489,21163,54477,61,fad2fe00,43.51559541222,-79.68372464726,170.4057,-37.1,SOL_COMPUTED,SINGLE,good,2.0258,1.7319,3.2993,16,11,0.0,0.0,0,0,0,0,0,0,0,0,0,SPECTRUMANALYSIS,L5,1187.942,0.952,-58.73,-111.423
2026-05-25 08:56:58.607200,1779713818.607200,2420,133037.0,,,,,,,,,,,,,,,,0.0000,,,,0.0,0.0,0.0,0.0,0.0,0.0,0.0,0.0,0.0,2111111,-1167712,164412570,6263,13638,55642,61,fad0fe00,43.51559500986,-79.68372451713,170.5153,-37.1,SOL_COMPUTED,SINGLE,good,2.0243,1.7313,3.2979,16,11,0.0,0.0,0,0,0,0,0,0,0,0,0,SPECTRUMANALYSIS,L5,1187.795,1.392,-57.729,-110.304
2026-05-25 08:56:59.611385,1779713819.611385,2420,133038.0,,,,,,,,,,,,,,,,0.0000,,,,0.0,0.0,0.0,0.0,0.0,0.0,0.0,0.0,0.0,2108936,-1276474,164366158,-18592,6882,71601,61,facdfe00,43.51559470487,-79.68372436192,170.6057,-37.1,SOL_COMPUTED,SINGLE,good,2.0263,1.7317,3.299,16,11,0.0,0.0,0,0,0,0,0,0,0,0,0,SPECTRUMANALYSIS,L5,1187.795,1.392,-57.729,-110.304
2026-05-25 08:57:00.607836,1779713820.607836,2420,133039.0,,,,,,,,,,,,,,,,0.0000,,,,0.0,0.0,0.0,0.0,0.0,0.0,0.0,0.0,0.0,2018099,-1259490,164292565,-42386,31612,68623,61,facbfe00,43.51559446049,-79.68372422465,170.6447,-37.1,SOL_COMPUTED,SINGLE,good,2.0263,1.7317,3.3,16,11,0.0,0.0,0,0,0,0,0,0,0,0,0,SPECTRUMANALYSIS,L5,1187.795,1.392,-57.729,-110.304
2026-05-25 08:57:01.613713,1779713821.613713,2420,133040.0,,,,,,,,,,,,,,,,0.0000,,,,0.0,0.0,0.0,0.0,0.0,0.0,0.0,0.0,0.0,2052029,-1259283,164384775,-19897,-10874,71459,61,fac9fe00,43.51559414297,-79.68372421261,170.6689,-37.1,SOL_COMPUTED,SINGLE,good,2.0277,1.7325,3.3027,16,11,0.0,0.0,0,0,0,0,0,0,0,0,0,SPECTRUMANALYSIS,L5,1187.869,1.099,-59.238,-111.711
2026-05-25 08:57:02.609539,1779713822.609539,2420,133041.0,,,,,,,,,,,,,,,,0.0000,,,,0.0,0.0,0.0,0.0,0.0,0.0,0.0,0.0,0.0,1998602,-1236893,164402649,22431,14568,94763,61,fac6fe00,43.51558324984,-79.68377603959,176.9436,-37.1,INTEGRITY_WARNING,SINGLE,warn,2.0401,1.8813,3.4857,16,9,0.0,0.0,0,0,0,0,0,0,0,0,0,SPECTRUMANALYSIS,L5,1187.869,1.099,-59.238,-111.711
2026-05-25 08:57:03.608957,1779713823.608957,2420,133042.0,,,,,,,,,,,,,,,,0.0000,,,,0.0,0.0,0.0,0.0,0.0,0.0,0.0,0.0,0.0,2105235,-1143980,164347794,-13717,-19622,98953,61,fac4fe00,43.51558331095,-79.68377580646,176.9127,-37.1,INTEGRITY_WARNING,SINGLE,warn,2.039,1.8808,3.4827,16,9,0.0,0.0,0,0,0,0,0,0,0,0,0,SPECTRUMANALYSIS,L5,1187.869,1.099,-59.238,-111.711
2026-05-25 08:57:04.608994,1779713824.608994,2420,133043.0,,,,,,,,,,,,,,,,0.0000,,,,0.0,0.0,0.0,0.0,0.0,0.0,0.0,0.0,0.0,2099820,-1274066,164399523,-11953,-2535,39358,61,fac2fe00,43.51558332945,-79.68377562594,176.7901,-37.1,INTEGRITY_WARNING,SINGLE,warn,2.0397,1.8817,3.4871,16,9,0.0,0.0,0,0,0,0,0,0,0,0,0,SPECTRUMANALYSIS,L5,1187.942,1.245,-59.028,-112.622
2026-05-25 08:57:05.607805,1779713825.607805,2420,133044.0,,,,,,,,,,,,,,,,0.0000,,,,0.0,0.0,0.0,0.0,0.0,0.0,0.0,0.0,0.0,2112368,-1220822,164357370,2998,17723,58975,61,fac0fe00,43.51558363988,-79.68377546479,176.6386,-37.1,INTEGRITY_WARNING,SINGLE,warn,2.0422,1.882,3.4879,16,9,0.0,0.0,0,0,0,0,0,0,0,0,0,SPECTRUMANALYSIS,L5,1187.942,1.245,-59.028,-112.622
2026-05-25 08:57:06.608443,1779713826.608443,2420,133045.0,,,,,,,,,,,,,,,,0.0000,,,,0.0,0.0,0.0,0.0,0.0,0.0,0.0,0.0,0.0,2082875,-1176273,164317168,-22775,4617,39788,61,fabdfe00,43.51558418758,-79.68377540133,176.4494,-37.1,INTEGRITY_WARNING,SINGLE,warn,2.0411,1.8816,3.4866,16,9,0.0,0.0,0,0,0,0,0,0,0,0,0,SPECTRUMANALYSIS,L5,1187.942,1.245,-59.028,-112.622
2026-05-25 08:57:07.609263,1779713827.609263,2420,133046.0,,,,,,,,,,,,,,,,0.0000,,,,0.0,0.0,0.0,0.0,0.0,0.0,0.0,0.0,0.0,2116812,-1238386,164364816,15733,14999,69176,61,fabbfe00,43.51558496739,-79.68377531457,176.1915,-37.1,INTEGRITY_WARNING,SINGLE,warn,2.0426,1.882,3.4876,16,9,0.0,0.0,0,0,0,0,0,0,0,0,0,SPECTRUMANALYSIS,L5,1187.942,1.685,-57.732,-109.354
2026-05-25 08:57:08.605351,1779713828.605351,2420,133047.0,,,,,,,,,,,,,,,,0.0000,,,,0.0,0.0,0.0,0.0,0.0,0.0,0.0,0.0,0.0,2050960,-1213723,164348106,-41056,-1133,82045,61,fab8fe00,43.51539159267,-79.68386191523,177.3947,-37.1,SOL_COMPUTED,SINGLE,good,1.5224,1.5226,2.8335,16,13,0.0,0.0,0,0,0,0,0,0,0,0,0,SPECTRUMANALYSIS,L5,1187.942,1.685,-57.732,-109.354
2026-05-25 08:57:09.614714,1779713829.614714,2420,133048.0,,,,,,,,,,,,,,,,0.0000,,,,0.0,0.0,0.0,0.0,0.0,0.0,0.0,0.0,0.0,2098698,-1172956,164419990,-36691,15600,35312,61,fab7fe00,43.51539149848,-79.68386312616,177.1137,-37.1,SOL_COMPUTED,SINGLE,good,1.5221,1.5221,2.8328,16,13,0.0,0.0,0,0,0,0,0,0,0,0,0,SPECTRUMANALYSIS,L5,1187.942,1.685,-57.732,-109.354
2026-05-25 08:57:10.605792,1779713830.605792,2420,133049.0,,,,,,,,,,,,,,,,0.0000,,,,0.0,0.0,0.0,0.0,0.0,0.0,0.0,0.0,0.0,2088589,-1230848,164293875,-17564,-18584,74588,61,fab4fe00,43.51539137071,-79.68386421731,176.8103,-37.1,SOL_COMPUTED,SINGLE,good,1.5234,1.5236,2.8358,16,13,0.0,0.0,0,0,0,0,0,0,0,0,0,SPECTRUMANALYSIS,L5,1187.942,0.952,-59.892,-113.724
2026-05-25 08:57:11.610617,1779713831.610617,2420,133050.0,,,,,,,,,,,,,,,,0.0000,,,,0.0,0.0,0.0,0.0,0.0,0.0,0.0,0.0,0.0,2127706,-1214995,164360227,-30009,-30389,58000,61,fab2fe00,43.51539122712,-79.68386516004,176.4741,-37.1,SOL_COMPUTED,SINGLE,good,1.524,1.5239,2.8372,16,13,0.0,0.0,0,0,0,0,0,0,0,0,0,SPECTRUMANALYSIS,L5,1187.942,0.952,-59.892,-113.724
2026-05-25 08:57:12.603879,1779713832.603879,2420,133051.0,,,,,,,,,,,,,,,,0.0000,,,,0.0,0.0,0.0,0.0,0.0,0.0,0.0,0.0,0.0,2170185,-1259590,164363674,-21156,-6304,126331,61,faaffe00,43.51539102692,-79.68386610608,176.1269,-37.1,SOL_COMPUTED,SINGLE,good,1.5233,1.5228,2.8363,16,13,0.0,0.0,0,0,0,0,0,0,0,0,0,SPECTRUMANALYSIS,L5,1187.942,0.952,-59.892,-113.724
2026-05-25 08:57:13.607322,1779713833.607322,2420,133052.0,,,,,,,,,,,,,,,,0.0000,,,,0.0,0.0,0.0,0.0,0.0,0.0,0.0,0.0,0.0,2104485,-1220550,164319376,-18459,22032,89322,61,faadfe00,43.51539081384,-79.68386691998,175.7614,-37.1,SOL_COMPUTED,SINGLE,good,1.5229,1.5228,2.8354,16,13,0.0,0.0,0,0,0,0,0,0,0,0,0,SPECTRUMANALYSIS,L5,1187.979,0.879,-59.805,-113.884
2026-05-25 08:57:14.606925,1779713834.606925,2420,133053.0,,,,,,,,,,,,,,,,0.0000,,,,0.0,0.0,0.0,0.0,0.0,0.0,0.0,0.0,0.0,2103280,-1199668,164412307,-2375,-13128,61559,61,faabfe00,43.51539058554,-79.6838678372,175.3815,-37.1,SOL_COMPUTED,SINGLE,good,1.523,1.5226,2.8358,16,13,0.0,0.0,0,0,0,0,0,0,0,0,0,SPECTRUMANALYSIS,L5,1187.979,0.879,-59.805,-113.884
2026-05-25 08:57:15.603032,1779713835.603032,2420,133054.0,,,,,,,,,,,,,,,,0.0000,,,,0.0,0.0,0.0,0.0,0.0,0.0,0.0,0.0,0.0,2111582,-1208764,164441605,9969,6330,51700,61,faa9fe00,43.51538104821,-79.68386561041,175.4911,-37.1,SOL_COMPUTED,SINGLE,good,1.483,1.5186,2.8269,16,14,0.0,0.0,0,0,0,0,0,0,0,0,0,SPECTRUMANALYSIS,L5,1187.979,0.879,-59.805,-113.884
2026-05-25 08:57:16.607628,1779713836.607628,2420,133055.0,,,,,,,,,,,,,,,,0.0000,,,,0.0,0.0,0.0,0.0,0.0,0.0,0.0,0.0,0.0,2077114,-1185938,164355443,14228,4940,68734,61,faa7fe00,43.51538102351,-79.6838664942,175.1107,-37.1,SOL_COMPUTED,SINGLE,good,1.4833,1.5191,2.8283,16,14,0.0,0.0,0,0,0,0,0,0,0,0,0,SPECTRUMANALYSIS,L5,1187.795,0.952,-59.451,-110.199
2026-05-25 08:57:17.607449,1779713837.607449,2420,133056.0,,,,,,,,,,,,,,,,0.0000,,,,0.0,0.0,0.0,0.0,0.0,0.0,0.0,0.0,0.0,2109594,-1191753,164403958,-37043,2903,72245,61,faa4fe00,43.51561255624,-79.68379043261,174.3221,-37.1,SOL_COMPUTED,SINGLE,good,2.0856,1.9053,3.5226,16,8,0.0,0.0,0,0,0,0,0,0,0,0,0,SPECTRUMANALYSIS,L5,1187.795,0.952,-59.451,-110.199
2026-05-25 08:57:18.606706,1779713838.606706,2420,133057.0,,,,,,,,,,,,,,,,0.0000,,,,0.0,0.0,0.0,0.0,0.0,0.0,0.0,0.0,0.0,2061161,-1247371,164369686,-13616,-11278,73444,61,faa2fe00,43.51561370164,-79.6837904195,173.9638,-37.1,SOL_COMPUTED,SINGLE,good,2.0853,1.9046,3.5213,16,8,0.0,0.0,0,0,0,0,0,0,0,0,0,SPECTRUMANALYSIS,L5,1187.795,0.952,-59.451,-110.199
2026-05-25 08:57:19.606669,1779713839.606669,2420,133058.0,,,,,,,,,,,,,,,,0.0000,,,,0.0,0.0,0.0,0.0,0.0,0.0,0.0,0.0,0.0,2040400,-1221930,164398446,5986,10044,91653,61,faa0fe00,43.51561481607,-79.68379039247,173.6232,-37.1,SOL_COMPUTED,SINGLE,good,2.0861,1.9044,3.5248,16,8,0.0,0.0,0,0,0,0,0,0,0,0,0,SPECTRUMANALYSIS,L5,1187.722,1.245,-55.039,-106.043
2026-05-25 08:57:20.607518,1779713840.607518,2420,133059.0,,,,,,,,,,,,,,,,0.0000,,,,0.0,0.0,0.0,0.0,0.0,0.0,0.0,0.0,0.0,2031908,-1220120,164327176,5200,-7807,58477,61,fa9efe00,43.51561581478,-79.68379015285,173.2901,-37.1,SOL_COMPUTED,SINGLE,good,2.0879,1.9042,3.5245,16,8,0.0,0.0,0,0,0,0,0,0,0,0,0,SPECTRUMANALYSIS,L5,1187.722,1.245,-55.039,-106.043
2026-05-25 08:57:21.616156,1779713841.616156,2420,133060.0,,,,,,,,,,,,,,,,0.0000,,,,0.0,0.0,0.0,0.0,0.0,0.0,0.0,0.0,0.0,2152549,-1186475,164340926,-13462,-6249,47928,61,fa9bfe00,43.51561665197,-79.68378992708,172.9609,-37.1,SOL_COMPUTED,SINGLE,good,2.088,1.9041,3.5237,16,8,0.0,0.0,0,0,0,0,0,0,0,0,0,SPECTRUMANALYSIS,L5,1187.722,1.245,-55.039,-106.043
2026-05-25 08:57:22.607053,1779713842.607053,2420,133061.0,,,,,,,,,,,,,,,,0.0000,,,,0.0,0.0,0.0,0.0,0.0,0.0,0.0,0.0,0.0,2133531,-1282854,164355384,-15067,-12433,80875,61,fa99fe00,43.51561738578,-79.68378956311,172.6221,-37.1,SOL_COMPUTED,SINGLE,good,2.0878,1.904,3.5208,16,8,0.0,0.0,0,0,0,0,0,0,0,0,0,SPECTRUMANALYSIS,L5,1187.942,1.245,-58.62,-110.544
2026-05-25 08:57:23.608696,1779713843.608696,2420,133062.0,,,,,,,,,,,,,,,,0.0000,,,,0.0,0.0,0.0,0.0,0.0,0.0,0.0,0.0,0.0,2100618,-1201301,164304977,-30433,10771,49520,61,fa97fe00,43.51561841513,-79.68378898985,172.331,-37.1,SOL_COMPUTED,SINGLE,good,2.0861,1.9038,3.5215,16,8,0.0,0.0,0,0,0,0,0,0,0,0,0,SPECTRUMANALYSIS,L5,1187.942,1.245,-58.62,-110.544
2026-05-25 08:57:24.607157,1779713844.607157,2420,133063.0,,,,,,,,,,,,,,,,0.0000,,,,0.0,0.0,0.0,0.0,0.0,0.0,0.0,0.0,0.0,2125104,-1176986,164327232,20010,28766,52114,61,fa95fe00,43.51561934347,-79.68378840914,172.0384,-37.1,SOL_COMPUTED,SINGLE,good,2.0863,1.9037,3.5223,16,8,0.0,0.0,0,0,0,0,0,0,0,0,0,SPECTRUMANALYSIS,L5,1187.942,1.245,-58.62,-110.544
2026-05-25 08:57:25.608163,1779713845.608163,2420,133064.0,,,,,,,,,,,,,,,,0.0000,,,,0.0,0.0,0.0,0.0,0.0,0.0,0.0,0.0,0.0,2131686,-1165611,164372398,-23323,-5246,56331,61,fa92fe00,43.51562018409,-79.6837875184,171.7287,-37.1,SOL_COMPUTED,SINGLE,good,2.0861,1.9033,3.5217,16,8,0.0,0.0,0,0,0,0,0,0,0,0,0,SPECTRUMANALYSIS,L5,1187.979,1.172,-59.702,-113.455
2026-05-25 08:57:26.611016,1779713846.611016,2420,133065.0,,,,,,,,,,,,,,,,0.0000,,,,0.0,0.0,0.0,0.0,0.0,0.0,0.0,0.0,0.0,2144892,-1191852,164323057,19147,19510,41003,61,fa90fe00,43.51562100446,-79.68378646522,171.419,-37.1,SOL_COMPUTED,SINGLE,good,2.0861,1.9031,3.5242,16,8,0.0,0.0,0,0,0,0,0,0,0,0,0,SPECTRUMANALYSIS,L5,1187.979,1.172,-59.702,-113.455
2026-05-25 08:57:27.608535,1779713847.608535,2420,133066.0,,,,,,,,,,,,,,,,0.0000,,,,0.0,0.0,0.0,0.0,0.0,0.0,0.0,0.0,0.0,2118070,-1237020,164373302,12292,7654,69320,61,fa8efe00,43.51562175843,-79.68378544686,171.107,-37.1,SOL_COMPUTED,SINGLE,good,2.0866,1.9033,3.5254,16,8,0.0,0.0,0,0,0,0,0,0,0,0,0,SPECTRUMANALYSIS,L5,1187.979,1.172,-59.702,-113.455
2026-05-25 08:57:28.606191,1779713848.606191,2420,133067.0,,,,,,,,,,,,,,,,0.0000,,,,0.0,0.0,0.0,0.0,0.0,0.0,0.0,0.0,0.0,2082718,-1125414,164340290,-15579,-6742,50369,61,fa8bfe00,43.51562256263,-79.68378416842,170.7952,-37.1,SOL_COMPUTED,SINGLE,good,2.0864,1.9029,3.5233,16,8,0.0,0.0,0,0,0,0,0,0,0,0,0,SPECTRUMANALYSIS,L5,1187.979,1.025,-59.611,-114.144
2026-05-25 08:57:29.606883,1779713849.606883,2420,133068.0,,,,,,,,,,,,,,,,0.0000,,,,0.0,0.0,0.0,0.0,0.0,0.0,0.0,0.0,0.0,2077324,-1203065,164376557,-2361,28678,94221,61,fa89fe00,43.51562341852,-79.68378281321,170.4226,-37.1,SOL_COMPUTED,SINGLE,good,2.0859,1.9031,3.5264,16,8,0.0,0.0,0,0,0,0,0,0,0,0,0,SPECTRUMANALYSIS,L5,1187.979,1.025,-59.611,-114.144
2026-05-25 08:57:30.607675,1779713850.607675,2420,133069.0,,,,,,,,,,,,,,,,0.0000,,,,0.0,0.0,0.0,0.0,0.0,0.0,0.0,0.0,0.0,2044994,-1180001,164377252,-20951,3853,42798,61,fa87fe00,43.51562433649,-79.68378131413,170.0603,-37.1,SOL_COMPUTED,SINGLE,good,2.0852,1.9028,3.524,16,8,0.0,0.0,0,0,0,0,0,0,0,0,0,SPECTRUMANALYSIS,L5,1187.979,1.025,-59.611,-114.144
2026-05-25 08:57:31.606722,1779713851.606722,2420,133070.0,,,,,,,,,,,,,,,,0.0000,,,,0.0,0.0,0.0,0.0,0.0,0.0,0.0,0.0,0.0,2107932,-1210943,164422553,-23940,-22777,62245,61,fa85fe00,43.51562511271,-79.68377994951,169.7279,-37.1,SOL_COMPUTED,SINGLE,good,2.0854,1.9025,3.524,16,8,0.0,0.0,0,0,0,0,0,0,0,0,0,SPECTRUMANALYSIS,L5,1187.942,0.952,-59.551,-114.314
2026-05-25 08:57:32.606675,1779713852.606675,2420,133071.0,,,,,,,,,,,,,,,,0.0000,,,,0.0,0.0,0.0,0.0,0.0,0.0,0.0,0.0,0.0,2088589,-1193959,164341326,19491,-14207,55295,61,fa83fe00,43.51562590996,-79.68377855152,169.4043,-37.1,SOL_COMPUTED,SINGLE,good,2.0864,1.9029,3.5311,16,8,0.0,0.0,0,0,0,0,0,0,0,0,0,SPECTRUMANALYSIS,L5,1187.942,0.952,-59.551,-114.314
2026-05-25 08:57:33.606047,1779713853.606047,2420,133072.0,,,,,,,,,,,,,,,,0.0000,,,,0.0,0.0,0.0,0.0,0.0,0.0,0.0,0.0,0.0,2041494,-1188369,164341810,-51045,5236,59633,61,fa80fe00,43.51562657402,-79.68377726492,169.1272,-37.1,SOL_COMPUTED,SINGLE,good,2.0869,1.9025,3.5247,16,8,0.0,0.0,0,0,0,0,0,0,0,0,0,SPECTRUMANALYSIS,L5,1187.942,0.952,-59.551,-114.314
2026-05-25 08:57:34.607108,1779713854.607108,2420,133073.0,,,,,,,,,,,,,,,,0.0000,,,,0.0,0.0,0.0,0.0,0.0,0.0,0.0,0.0,0.0,2096263,-1202634,164358063,5247,-40462,56611,61,fa7efe00,43.51562727546,-79.68377586988,168.8713,-37.1,SOL_COMPUTED,SINGLE,good,2.0875,1.9026,3.5264,16,8,0.0,0.0,0,0,0,0,0,0,0,0,0,SPECTRUMANALYSIS,L5,1187.869,1.099,-56.428,-109.558
2026-05-25 08:57:35.608329,1779713855.608329,2420,133074.0,,,,,,,,,,,,,,,,0.0000,,,,0.0,0.0,0.0,0.0,0.0,0.0,0.0,0.0,0.0,2115920,-1259435,164352315,21197,28553,93144,61,fa7cfe00,43.51562781021,-79.68377464452,168.6651,-37.1,SOL_COMPUTED,SINGLE,good,2.0873,1.9023,3.5198,16,8,0.0,0.0,0,0,0,0,0,0,0,0,0,SPECTRUMANALYSIS,L5,1187.869,1.099,-56.428,-109.558
2026-05-25 08:57:36.607369,1779713856.607369,2420,133075.0,,,,,,,,,,,,,,,,0.0000,,,,0.0,0.0,0.0,0.0,0.0,0.0,0.0,0.0,0.0,2092201,-1219751,164365304,4106,7129,75009,61,fa7afe00,43.51562014821,-79.68376545489,167.5056,-37.1,SOL_COMPUTED,SINGLE,good,2.0407,1.877,3.4855,16,9,0.0,0.0,0,0,0,0,0,0,0,0,0,SPECTRUMANALYSIS,L5,1187.869,1.099,-56.428,-109.558
2026-05-25 08:57:37.606224,1779713857.606224,2420,133076.0,,,,,,,,,,,,,,,,0.0000,,,,0.0,0.0,0.0,0.0,0.0,0.0,0.0,0.0,0.0,2135911,-1186146,164399777,-46239,-4670,43273,61,fa78fe00,43.5156209164,-79.68376476778,167.4666,-37.1,SOL_COMPUTED,SINGLE,good,2.041,1.8772,3.4861,16,9,0.0,0.0,0,0,0,0,0,0,0,0,0,SPECTRUMANALYSIS,L5,1187.942,0.806,-60.493,-113.932
2026-05-25 08:57:38.606580,1779713858.606580,2420,133077.0,,,,,,,,,,,,,,,,0.0000,,,,0.0,0.0,0.0,0.0,0.0,0.0,0.0,0.0,0.0,2140385,-1205727,164325388,-14964,5629,71327,61,fa75fe00,43.51562165347,-79.68376415763,167.4552,-37.1,SOL_COMPUTED,SINGLE,good,2.0406,1.8771,3.4834,16,9,0.0,0.0,0,0,0,0,0,0,0,0,0,SPECTRUMANALYSIS,L5,1187.942,0.806,-60.493,-113.932
2026-05-25 08:57:39.613897,1779713859.613897,2420,133078.0,,,,,,,,,,,,,,,,0.0000,,,,0.0,0.0,0.0,0.0,0.0,0.0,0.0,0.0,0.0,2098366,-1153095,164418581,-5847,12951,45080,61,fa73fe00,43.51562239142,-79.68376355979,167.4848,-37.1,SOL_COMPUTED,SINGLE,good,2.0398,1.877,3.4823,16,9,0.0,0.0,0,0,0,0,0,0,0,0,0,SPECTRUMANALYSIS,L5,1187.942,0.806,-60.493,-113.932
2026-05-25 08:57:40.607216,1779713860.607216,2420,133079.0,,,,,,,,,,,,,,,,0.0000,,,,0.0,0.0,0.0,0.0,0.0,0.0,0.0,0.0,0.0,2125906,-1234148,164374082,-16619,-9933,36415,61,fa71fe00,43.51562299357,-79.68376302142,167.5277,-37.1,SOL_COMPUTED,SINGLE,good,2.0393,1.877,3.4811,16,9,0.0,0.0,0,0,0,0,0,0,0,0,0,SPECTRUMANALYSIS,L5,1187.832,1.025,-59.782,-112.576
2026-05-25 08:57:41.607080,1779713861.607080,2420,133080.0,,,,,,,,,,,,,,,,0.0000,,,,0.0,0.0,0.0,0.0,0.0,0.0,0.0,0.0,0.0,2093176,-1206547,164329344,-25516,-2111,84716,61,fa6efe00,43.5156234896,-79.68376248475,167.5999,-37.1,SOL_COMPUTED,SINGLE,good,2.0412,1.8775,3.4825,16,9,0.0,0.0,0,0,0,0,0,0,0,0,0,SPECTRUMANALYSIS,L5,1187.832,1.025,-59.782,-112.576
2026-05-25 08:57:42.607113,1779713862.607113,2420,133081.0,,,,,,,,,,,,,,,,0.0000,,,,0.0,0.0,0.0,0.0,0.0,0.0,0.0,0.0,0.0,2091444,-1203926,164335876,-32373,15028,92576,61,fa6dfe00,43.51562409813,-79.68376199754,167.6737,-37.1,SOL_COMPUTED,SINGLE,good,2.0416,1.8774,3.4803,16,9,0.0,0.0,0,0,0,0,0,0,0,0,0,SPECTRUMANALYSIS,L5,1187.832,1.025,-59.782,-112.576
2026-05-25 08:57:43.607267,1779713863.607267,2420,133082.0,,,,,,,,,,,,,,,,0.0000,,,,0.0,0.0,0.0,0.0,0.0,0.0,0.0,0.0,0.0,2123790,-1211522,164343712,-7267,2308,55996,61,fa6afe00,43.51562472109,-79.68376155105,167.7818,-37.1,SOL_COMPUTED,SINGLE,good,2.0411,1.8776,3.4794,16,9,0.0,0.0,0,0,0,0,0,0,0,0,0,SPECTRUMANALYSIS,L5,1187.942,1.099,-55.705,-107.826
2026-05-25 08:57:44.606657,1779713864.606657,2420,133083.0,,,,,,,,,,,,,,,,0.0000,,,,0.0,0.0,0.0,0.0,0.0,0.0,0.0,0.0,0.0,2120117,-1149061,164355387,-16289,-14959,35865,61,fa68fe00,43.51562540819,-79.68376118679,167.8903,-37.1,SOL_COMPUTED,SINGLE,good,2.04,1.8775,3.4787,16,9,0.0,0.0,0,0,0,0,0,0,0,0,0,SPECTRUMANALYSIS,L5,1187.942,1.099,-55.705,-107.826
2026-05-25 08:57:45.607439,1779713865.607439,2420,133084.0,,,,,,,,,,,,,,,,0.0000,,,,0.0,0.0,0.0,0.0,0.0,0.0,0.0,0.0,0.0,2071399,-1199119,164376110,-8689,-8741,57287,61,fa66fe00,43.51562593327,-79.68376095591,168.0008,-37.1,SOL_COMPUTED,SINGLE,good,2.0416,1.8781,3.4792,16,9,0.0,0.0,0,0,0,0,0,0,0,0,0,SPECTRUMANALYSIS,L5,1187.942,1.099,-55.705,-107.826
2026-05-25 08:57:46.607230,1779713866.607230,2420,133085.0,,,,,,,,,,,,,,,,0.0000,,,,0.0,0.0,0.0,0.0,0.0,0.0,0.0,0.0,0.0,2115680,-1177638,164365115,-45085,-22247,69735,61,fa63fe00,43.51562655952,-79.6837607095,168.1353,-37.1,SOL_COMPUTED,SINGLE,good,2.0418,1.8781,3.4788,16,9,0.0,0.0,0,0,0,0,0,0,0,0,0,SPECTRUMANALYSIS,L5,1187.905,1.172,-59.692,-113.843
2026-05-25 08:57:47.608231,1779713867.608231,2420,133086.0,,,,,,,,,,,,,,,,0.0000,,,,0.0,0.0,0.0,0.0,0.0,0.0,0.0,0.0,0.0,2099317,-1184628,164287095,-35283,-13595,80410,61,fa61fe00,43.51562834904,-79.68375795751,168.0454,-37.1,SOL_COMPUTED,SINGLE,good,2.0392,1.8726,3.4747,16,9,0.0,0.0,0,0,0,0,0,0,0,0,0,SPECTRUMANALYSIS,L5,1187.905,1.172,-59.692,-113.843
2026-05-25 08:57:48.607310,1779713868.607310,2420,133087.0,,,,,,,,,,,,,,,,0.0000,,,,0.0,0.0,0.0,0.0,0.0,0.0,0.0,0.0,0.0,2135317,-1258920,164277216,-10461,-30535,55962,61,fa5ffe00,43.51562906387,-79.68375815458,168.1728,-37.1,SOL_COMPUTED,SINGLE,good,2.0407,1.8732,3.476,16,9,0.0,0.0,0,0,0,0,0,0,0,0,0,SPECTRUMANALYSIS,L5,1187.905,1.172,-59.692,-113.843
2026-05-25 08:57:49.617899,1779713869.617899,2420,133088.0,,,,,,,,,,,,,,,,0.0000,,,,0.0,0.0,0.0,0.0,0.0,0.0,0.0,0.0,0.0,2049747,-1216059,164361571,-25562,4595,62186,61,fa5dfe00,43.51563003009,-79.6837582214,168.2666,-37.1,SOL_COMPUTED,SINGLE,good,2.0425,1.8741,3.4771,16,9,0.0,0.0,0,0,0,0,0,0,0,0,0,SPECTRUMANALYSIS,L5,1187.905,1.025,-59.574,-114.567
2026-05-25 08:57:50.607355,1779713870.607355,2420,133089.0,,,,,,,,,,,,,,,,0.0000,,,,0.0,0.0,0.0,0.0,0.0,0.0,0.0,0.0,0.0,2039352,-1180242,164351384,-8090,20563,57382,61,fa5bfe00,43.51563077693,-79.68375859215,168.4154,-37.1,SOL_COMPUTED,SINGLE,good,2.0432,1.8741,3.4771,16,9,0.0,0.0,0,0,0,0,0,0,0,0,0,SPECTRUMANALYSIS,L5,1187.905,1.025,-59.574,-114.567
2026-05-25 08:57:51.607684,1779713871.607684,2420,133090.0,,,,,,,,,,,,,,,,0.0000,,,,0.0,0.0,0.0,0.0,0.0,0.0,0.0,0.0,0.0,2120284,-1169684,164335667,-1359,16140,100959,61,fa59fe00,43.51563160878,-79.68375906768,168.5567,-37.1,SOL_COMPUTED,SINGLE,good,2.0445,1.8746,3.4778,16,9,0.0,0.0,0,0,0,0,0,0,0,0,0,SPECTRUMANALYSIS,L5,1187.905,1.025,-59.574,-114.567
2026-05-25 08:57:52.606385,1779713872.606385,2420,133091.0,,,,,,,,,,,,,,,,0.0000,,,,0.0,0.0,0.0,0.0,0.0,0.0,0.0,0.0,0.0,2092880,-1180413,164321709,3606,-23832,63548,61,fa56fe00,43.51563248945,-79.68375967104,168.7186,-37.1,SOL_COMPUTED,SINGLE,good,2.0462,1.8748,3.4786,16,9,0.0,0.0,0,0,0,0,0,0,0,0,0,SPECTRUMANALYSIS,L5,1188.088,1.245,-55.746,-108.194
2026-05-25 08:57:53.606837,1779713873.606837,2420,133092.0,,,,,,,,,,,,,,,,0.0000,,,,0.0,0.0,0.0,0.0,0.0,0.0,0.0,0.0,0.0,2063907,-1239327,164382234,-48972,253,67696,61,fa55fe00,43.51563337628,-79.68376053215,168.8858,-37.1,SOL_COMPUTED,SINGLE,good,2.044,1.8743,3.4772,16,9,0.0,0.0,0,0,0,0,0,0,0,0,0,SPECTRUMANALYSIS,L5,1188.088,1.245,-55.746,-108.194
2026-05-25 08:57:54.606742,1779713874.606742,2420,133093.0,,,,,,,,,,,,,,,,0.0000,,,,0.0,0.0,0.0,0.0,0.0,0.0,0.0,0.0,0.0,2078512,-1185857,164333542,-25666,11647,42109,61,fa52fe00,43.51563442919,-79.68376135598,169.0315,-37.1,SOL_COMPUTED,SINGLE,good,2.0422,1.8744,3.4768,16,9,0.0,0.0,0,0,0,0,0,0,0,0,0,SPECTRUMANALYSIS,L5,1188.088,1.245,-55.746,-108.194
2026-05-25 08:57:55.606295,1779713875.606295,2420,133094.0,,,,,,,,,,,,,,,,0.0000,,,,0.0,0.0,0.0,0.0,0.0,0.0,0.0,0.0,0.0,2139765,-1222410,164387879,-24478,-11941,44273,61,fa50fe00,43.5156355373,-79.68376251268,169.1621,-37.1,SOL_COMPUTED,SINGLE,good,2.0466,1.8749,3.4785,16,9,0.0,0.0,0,0,0,0,0,0,0,0,0,SPECTRUMANALYSIS,L5,1187.942,1.099,-58.935,-111.467
2026-05-25 08:57:56.606176,1779713876.606176,2420,133095.0,,,,,,,,,,,,,,,,0.0000,,,,0.0,0.0,0.0,0.0,0.0,0.0,0.0,0.0,0.0,2071195,-1239469,164310852,-33151,-10759,67225,61,fa4efe00,43.51563671055,-79.68376352619,169.3059,-37.1,SOL_COMPUTED,SINGLE,good,2.0446,1.8748,3.4779,16,9,0.0,0.0,0,0,0,0,0,0,0,0,0,SPECTRUMANALYSIS,L5,1187.942,1.099,-58.935,-111.467
2026-05-25 08:57:57.607626,1779713877.607626,2420,133096.0,,,,,,,,,,,,,,,,0.0000,,,,0.0,0.0,0.0,0.0,0.0,0.0,0.0,0.0,0.0,2146540,-1167795,164339720,2262,-31275,60729,61,fa4cfe00,43.51563788718,-79.68376468271,169.435,-37.1,SOL_COMPUTED,SINGLE,good,2.045,1.8747,3.4779,16,9,0.0,0.0,0,0,0,0,0,0,0,0,0,SPECTRUMANALYSIS,L5,1187.942,1.099,-58.935,-111.467
2026-05-25 08:57:58.608650,1779713878.608650,2420,133097.0,,,,,,,,,,,,,,,,0.0000,,,,0.0,0.0,0.0,0.0,0.0,0.0,0.0,0.0,0.0,2099770,-1192980,164307005,-29495,-23932,61296,61,fa49fe00,43.51563919612,-79.6837659708,169.5718,-37.1,SOL_COMPUTED,SINGLE,good,2.0458,1.8751,3.4787,16,9,0.0,0.0,0,0,0,0,0,0,0,0,0,SPECTRUMANALYSIS,L5,1187.869,1.245,-58.24,-112.269
2026-05-25 08:57:59.607800,1779713879.607800,2420,133098.0,,,,,,,,,,,,,,,,0.0000,,,,0.0,0.0,0.0,0.0,0.0,0.0,0.0,0.0,0.0,2184249,-1257418,164361417,-11611,8605,42518,61,fa47fe00,43.51564071599,-79.68376722538,169.6777,-37.1,SOL_COMPUTED,SINGLE,good,2.0414,1.8747,3.4766,16,9,0.0,0.0,0,0,0,0,0,0,0,0,0,SPECTRUMANALYSIS,L5,1187.869,1.245,-58.24,-112.269
2026-05-25 08:58:00.607138,1779713880.607138,2420,133099.0,,,,,,,,,,,,,,,,0.0000,,,,0.0,0.0,0.0,0.0,0.0,0.0,0.0,0.0,0.0,2118928,-1221384,164360047,-10090,7311,68363,61,fa45fe00,43.51564191057,-79.68376867078,169.8037,-37.1,SOL_COMPUTED,SINGLE,good,2.0445,1.8748,3.4775,16,9,0.0,0.0,0,0,0,0,0,0,0,0,0,SPECTRUMANALYSIS,L5,1187.869,1.245,-58.24,-112.269
2026-05-25 08:58:01.607470,1779713881.607470,2420,133100.0,,,,,,,,,,,,,,,,0.0000,,,,0.0,0.0,0.0,0.0,0.0,0.0,0.0,0.0,0.0,2103269,-1204326,164336294,16775,4067,44763,61,fa43fe00,43.51564318011,-79.68377002507,169.9054,-37.1,SOL_COMPUTED,SINGLE,good,2.0454,1.8747,3.4776,16,9,0.0,0.0,0,0,0,0,0,0,0,0,0,SPECTRUMANALYSIS,L5,1187.979,0.879,-57.307,-109.169
2026-05-25 08:58:02.606898,1779713882.606898,2420,133101.0,,,,,,,,,,,,,,,,0.0000,,,,0.0,0.0,0.0,0.0,0.0,0.0,0.0,0.0,0.0,2132288,-1228580,164339097,-26213,5668,37448,61,fa40fe00,43.51564431411,-79.68377154546,170.0413,-37.1,SOL_COMPUTED,SINGLE,good,2.045,1.8747,3.4774,16,9,0.0,0.0,0,0,0,0,0,0,0,0,0,SPECTRUMANALYSIS,L5,1187.979,0.879,-57.307,-109.169
2026-05-25 08:58:03.606218,1779713883.606218,2420,133102.0,,,,,,,,,,,,,,,,0.0000,,,,0.0,0.0,0.0,0.0,0.0,0.0,0.0,0.0,0.0,2115040,-1188877,164342011,-18686,-3399,70680,61,fa3efe00,43.51564540002,-79.68377275256,170.1857,-37.1,SOL_COMPUTED,SINGLE,good,2.0458,1.8753,3.4783,16,9,0.0,0.0,0,0,0,0,0,0,0,0,0,SPECTRUMANALYSIS,L5,1187.979,0.879,-57.307,-109.169
2026-05-25 08:58:04.606693,1779713884.606693,2420,133103.0,,,,,,,,,,,,,,,,0.0000,,,,0.0,0.0,0.0,0.0,0.0,0.0,0.0,0.0,0.0,2058400,-1172977,164334031,-8616,5883,69033,61,fa3cfe00,43.51564654624,-79.68377394406,170.3314,-37.1,SOL_COMPUTED,SINGLE,good,2.0434,1.8752,3.4776,16,9,0.0,0.0,0,0,0,0,0,0,0,0,0,SPECTRUMANALYSIS,L5,1187.979,1.172,-59.406,-112.764
2026-05-25 08:58:05.607014,1779713885.607014,2420,133104.0,,,,,,,,,,,,,,,,0.0000,,,,0.0,0.0,0.0,0.0,0.0,0.0,0.0,0.0,0.0,2143545,-1149279,164366268,17563,-25605,78772,61,fa3afe00,43.51564752378,-79.68377532234,170.4966,-37.1,SOL_COMPUTED,SINGLE,good,2.0451,1.8755,3.4782,16,9,0.0,0.0,0,0,0,0,0,0,0,0,0,SPECTRUMANALYSIS,L5,1187.979,1.172,-59.406,-112.764
2026-05-25 08:58:06.607084,1779713886.607084,2420,133105.0,,,,,,,,,,,,,,,,0.0000,,,,0.0,0.0,0.0,0.0,0.0,0.0,0.0,0.0,0.0,2109986,-1216164,164370563,-16188,-23180,57913,61,fa38fe00,43.5156484098,-79.68377664907,170.6627,-37.1,SOL_COMPUTED,SINGLE,good,2.0456,1.8757,3.4785,16,9,0.0,0.0,0,0,0,0,0,0,0,0,0,SPECTRUMANALYSIS,L5,1187.979,1.172,-59.406,-112.764
2026-05-25 08:58:07.607177,1779713887.607177,2420,133106.0,,,,,,,,,,,,,,,,0.0000,,,,0.0,0.0,0.0,0.0,0.0,0.0,0.0,0.0,0.0,2106761,-1224074,164395405,-7399,-27196,46600,61,fa36fe00,43.51564937508,-79.68377798901,170.8498,-37.1,SOL_COMPUTED,SINGLE,good,2.0438,1.8766,3.4784,16,9,0.0,0.0,0,0,0,0,0,0,0,0,0,SPECTRUMANALYSIS,L5,1188.052,1.025,-60.663,-115.465
2026-05-25 08:58:08.606682,1779713888.606682,2420,133107.0,,,,,,,,,,,,,,,,0.0000,,,,0.0,0.0,0.0,0.0,0.0,0.0,0.0,0.0,0.0,2151188,-1155210,164396552,-10207,-27587,87390,61,fa34fe00,43.51565026867,-79.68377924824,170.9989,-37.1,SOL_COMPUTED,SINGLE,good,2.0442,1.8759,3.4782,16,9,0.0,0.0,0,0,0,0,0,0,0,0,0,SPECTRUMANALYSIS,L5,1188.052,1.025,-60.663,-115.465
2026-05-25 08:58:09.607651,1779713889.607651,2420,133108.0,,,,,,,,,,,,,,,,0.0000,,,,0.0,0.0,0.0,0.0,0.0,0.0,0.0,0.0,0.0,2113168,-1222089,164351663,-14865,-16045,72817,61,fa31fe00,43.51565103372,-79.68378038314,171.1659,-37.1,SOL_COMPUTED,SINGLE,good,2.0444,1.8757,3.4782,16,9,0.0,0.0,0,0,0,0,0,0,0,0,0,SPECTRUMANALYSIS,L5,1188.052,1.025,-60.663,-115.465
2026-05-25 08:58:10.608150,1779713890.608150,2420,133109.0,,,,,,,,,,,,,,,,0.0000,,,,0.0,0.0,0.0,0.0,0.0,0.0,0.0,0.0,0.0,2139657,-1238140,164379851,-49449,-1332,63141,61,fa2ffe00,43.51565159917,-79.68378148726,171.3761,-37.1,SOL_COMPUTED,SINGLE,good,2.0445,1.8766,3.4788,16,9,0.0,0.0,0,0,0,0,0,0,0,0,0,SPECTRUMANALYSIS,L5,1187.905,1.172,-58.748,-111.983
2026-05-25 08:58:11.607825,1779713891.607825,2420,133110.0,,,,,,,,,,,,,,,,0.0000,,,,0.0,0.0,0.0,0.0,0.0,0.0,0.0,0.0,0.0,2086491,-1136300,164383069,-33231,-12341,56837,61,fa2efe00,43.51565216532,-79.68378258521,171.5844,-37.1,SOL_COMPUTED,SINGLE,good,2.0448,1.8765,3.479,16,9,0.0,0.0,0,0,0,0,0,0,0,0,0,SPECTRUMANALYSIS,L5,1187.905,1.172,-58.748,-111.983
2026-05-25 08:58:12.610908,1779713892.610908,2420,133111.0,,,,,,,,,,,,,,,,0.0000,,,,0.0,0.0,0.0,0.0,0.0,0.0,0.0,0.0,0.0,2115359,-1248160,164351055,-38688,25673,48462,61,fa2bfe00,43.51565279543,-79.68378341577,171.7713,-37.1,SOL_COMPUTED,SINGLE,good,2.0459,1.878,3.4804,16,9,0.0,0.0,0,0,0,0,0,0,0,0,0,SPECTRUMANALYSIS,L5,1187.905,1.172,-58.748,-111.983
2026-05-25 08:58:13.606838,1779713893.606838,2420,133112.0,,,,,,,,,,,,,,,,0.0000,,,,0.0,0.0,0.0,0.0,0.0,0.0,0.0,0.0,0.0,2094938,-1179140,164379145,-7402,-28181,53928,61,fa29fe00,43.51565334953,-79.68378431736,171.9718,-37.1,SOL_COMPUTED,SINGLE,good,2.0451,1.8782,3.4807,16,9,0.0,0.0,0,0,0,0,0,0,0,0,0,SPECTRUMANALYSIS,L5,1188.015,0.952,-58.518,-110.931
2026-05-25 08:58:14.607597,1779713894.607597,2420,133113.0,,,,,,,,,,,,,,,,0.0000,,,,0.0,0.0,0.0,0.0,0.0,0.0,0.0,0.0,0.0,2067902,-1174626,164295930,-11552,4438,64108,61,fa26fe00,43.51565372757,-79.68378504951,172.1925,-37.1,SOL_COMPUTED,SINGLE,good,2.0466,1.8804,3.4823,16,9,0.0,0.0,0,0,0,0,0,0,0,0,0,SPECTRUMANALYSIS,L5,1188.015,0.952,-58.518,-110.931
2026-05-25 08:58:15.607959,1779713895.607959,2420,133114.0,,,,,,,,,,,,,,,,0.0000,,,,0.0,0.0,0.0,0.0,0.0,0.0,0.0,0.0,0.0,2105835,-1251385,164406286,-25233,13138,60222,61,fa25fe00,43.51565409245,-79.68378598978,172.4266,-37.1,SOL_COMPUTED,SINGLE,good,2.0464,1.8797,3.482,16,9,0.0,0.0,0,0,0,0,0,0,0,0,0,SPECTRUMANALYSIS,L5,1188.015,0.952,-58.518,-110.931
2026-05-25 08:58:16.608676,1779713896.608676,2420,133115.0,,,,,,,,,,,,,,,,0.0000,,,,0.0,0.0,0.0,0.0,0.0,0.0,0.0,0.0,0.0,2090789,-1163268,164369615,-44307,-24873,78499,61,fa22fe00,43.51565436431,-79.68378677455,172.6505,-37.1,SOL_COMPUTED,SINGLE,good,2.0468,1.8824,3.4836,16,9,0.0,0.0,0,0,0,0,0,0,0,0,0,SPECTRUMANALYSIS,L5,1187.759,1.025,-60.557,-116.41
2026-05-25 08:58:17.608737,1779713897.608737,2420,133116.0,,,,,,,,,,,,,,,,0.0000,,,,0.0,0.0,0.0,0.0,0.0,0.0,0.0,0.0,0.0,2078962,-1209687,164340447,559,-7628,35903,61,fa20fe00,43.51565468904,-79.68378766373,172.8822,-37.1,SOL_COMPUTED,SINGLE,good,2.0445,1.8812,3.4826,16,9,0.0,0.0,0,0,0,0,0,0,0,0,0,SPECTRUMANALYSIS,L5,1187.759,1.025,-60.557,-116.41
2026-05-25 08:58:18.606950,1779713898.606950,2420,133117.0,,,,,,,,,,,,,,,,0.0000,,,,0.0,0.0,0.0,0.0,0.0,0.0,0.0,0.0,0.0,2028812,-1210538,164366544,-36016,7554,69371,61,fa1efe00,43.51565463563,-79.6837878429,172.7846,-37.1,SOL_COMPUTED,SINGLE,good,2.0458,1.8831,3.4821,16,9,0.0,0.0,0,0,0,0,0,0,0,0,0,SPECTRUMANALYSIS,L5,1187.759,1.025,-60.557,-116.41
2026-05-25 08:58:19.607844,1779713899.607844,2420,133118.0,,,,,,,,,,,,,,,,0.0000,,,,0.0,0.0,0.0,0.0,0.0,0.0,0.0,0.0,0.0,2068039,-1168029,164315707,-22698,-16241,66652,61,fa1cfe00,43.51565483852,-79.68378850522,173.0049,-37.1,SOL_COMPUTED,SINGLE,good,2.0472,1.8857,3.4843,16,9,0.0,0.0,0,0,0,0,0,0,0,0,0,SPECTRUMANALYSIS,L5,1188.015,0.952,-59.605,-112.923
2026-05-25 08:58:20.608624,1779713900.608624,2420,133119.0,,,,,,,,,,,,,,,,0.0000,,,,0.0,0.0,0.0,0.0,0.0,0.0,0.0,0.0,0.0,2120867,-1191955,164390690,4310,-8613,45528,61,fa1afe00,43.5156549463,-79.68378923025,173.228,-37.1,SOL_COMPUTED,SINGLE,good,2.0472,1.8867,3.4853,16,9,0.0,0.0,0,0,0,0,0,0,0,0,0,SPECTRUMANALYSIS,L1,1575.415,1.465,-72.414,-132.097
2026-05-25 08:58:21.607220,1779713901.607220,2420,133120.0,,,,,,,,,,,,,,,,0.0000,,,,0.0,0.0,0.0,0.0,0.0,0.0,0.0,0.0,0.0,2015964,-1208570,164379627,-10561,-9217,49881,61,fa18fe00,43.51565503658,-79.68378987913,173.4508,-37.1,SOL_COMPUTED,SINGLE,good,2.0496,1.8869,3.4865,16,9,0.0,0.0,0,0,0,0,0,0,0,0,0,SPECTRUMANALYSIS,L1,1575.415,1.465,-72.414,-132.097
2026-05-25 08:58:22.609338,1779713902.609338,2420,133121.0,,,,,,,,,,,,,,,,0.0000,,,,0.0,0.0,0.0,0.0,0.0,0.0,0.0,0.0,0.0,2078255,-1264901,164422369,-19096,-2328,47220,61,fa16fe00,43.51565509074,-79.68379056746,173.6697,-37.1,SOL_COMPUTED,SINGLE,good,2.0521,1.8876,3.4887,16,9,0.0,0.0,0,0,0,0,0,0,0,0,0,SPECTRUMANALYSIS,L1,1575.415,1.465,-72.414,-132.097
2026-05-25 08:58:23.606686,1779713903.606686,2420,133122.0,,,,,,,,,,,,,,,,0.0000,,,,0.0,0.0,0.0,0.0,0.0,0.0,0.0,0.0,0.0,2087463,-1202958,164381255,11681,13500,34891,61,fa13fe00,43.5156552758,-79.68379116271,173.8536,-37.1,SOL_COMPUTED,SINGLE,good,2.052,1.8889,3.4901,16,9,0.0,0.0,0,0,0,0,0,0,0,0,0,SPECTRUMANALYSIS,L1,1575.415,1.465,-72.414,-132.097
2026-05-25 08:58:24.607637,1779713904.607637,2420,133123.0,,,,,,,,,,,,,,,,0.0000,,,,0.0,0.0,0.0,0.0,0.0,0.0,0.0,0.0,0.0,2120592,-1190497,164366285,-3087,-42559,74698,61,fa11fe00,43.51565553455,-79.68379182792,174.0647,-37.1,SOL_COMPUTED,SINGLE,good,2.0525,1.8864,3.4887,16,9,0.0,0.0,0,0,0,0,0,0,0,0,0,SPECTRUMANALYSIS,L5,1188.015,0.952,-59.306,-111.982
2026-05-25 08:58:25.606764,1779713905.606764,2420,133124.0,,,,,,,,,,,,,,,,0.0000,,,,0.0,0.0,0.0,0.0,0.0,0.0,0.0,0.0,0.0,2043038,-1252753,164382111,-15942,-17361,57343,61,fa0ffe00,43.51565577682,-79.6837922863,174.2686,-37.1,SOL_COMPUTED,SINGLE,good,2.053,1.8891,3.4915,16,9,0.0,0.0,0,0,0,0,0,0,0,0,0,SPECTRUMANALYSIS,L5,1188.015,0.952,-59.306,-111.982
2026-05-25 08:58:26.609078,1779713906.609078,2420,133125.0,,,,,,,,,,,,,,,,0.0000,,,,0.0,0.0,0.0,0.0,0.0,0.0,0.0,0.0,0.0,2097536,-1167724,164330772,-21039,-658,84236,61,fa0dfe00,43.51565582061,-79.68379293999,174.4617,-37.1,SOL_COMPUTED,SINGLE,good,2.0592,1.8953,3.4973,16,9,0.0,0.0,0,0,0,0,0,0,0,0,0,SPECTRUMANALYSIS,L5,1187.832,1.025,-58.094,-109.931
2026-05-25 08:58:27.606822,1779713907.606822,2420,133126.0,,,,,,,,,,,,,,,,0.0000,,,,0.0,0.0,0.0,0.0,0.0,0.0,0.0,0.0,0.0,2053959,-1251429,164363451,10998,14652,81491,61,fa0bfe00,43.51565603159,-79.68379377073,174.6453,-37.1,SOL_COMPUTED,SINGLE,good,2.0562,1.8947,3.4979,16,9,0.0,0.0,0,0,0,0,0,0,0,0,0,SPECTRUMANALYSIS,L5,1187.832,1.025,-58.094,-109.931
2026-05-25 08:58:28.607952,1779713908.607952,2420,133127.0,,,,,,,,,,,,,,,,0.0000,,,,0.0,0.0,0.0,0.0,0.0,0.0,0.0,0.0,0.0,2047615,-1142209,164410126,6413,-26703,40601,61,fa09fe00,43.51565609182,-79.68379464309,174.8224,-37.1,SOL_COMPUTED,SINGLE,good,2.0559,1.8987,3.5013,16,9,0.0,0.0,0,0,0,0,0,0,0,0,0,SPECTRUMANALYSIS,L5,1187.832,1.025,-58.094,-109.931
2026-05-25 08:58:29.607980,1779713909.607980,2420,133128.0,,,,,,,,,,,,,,,,0.0000,,,,0.0,0.0,0.0,0.0,0.0,0.0,0.0,0.0,0.0,2010153,-1197958,164375044,-8263,-15930,72404,61,fa06fe00,43.51565631049,-79.68379530689,174.9299,-37.1,SOL_COMPUTED,SINGLE,good,2.0578,1.8994,3.5047,15,9,0.0,0.0,0,0,0,0,0,0,0,0,0,SPECTRUMANALYSIS,L5,1187.795,1.245,-56.757,-108.138
2026-05-25 08:58:30.608026,1779713910.608026,2420,133129.0,,,,,,,,,,,,,,,,0.0000,,,,0.0,0.0,0.0,0.0,0.0,0.0,0.0,0.0,0.0,2085602,-1207933,164352288,-20869,27036,88393,61,fa04fe00,43.51565641887,-79.68379649344,175.0288,-37.1,SOL_COMPUTED,SINGLE,good,2.0624,1.9004,3.508,15,9,0.0,0.0,0,0,0,0,0,0,0,0,0,SPECTRUMANALYSIS,L5,1187.795,1.245,-56.757,-108.138
2026-05-25 08:58:31.607031,1779713911.607031,2420,133130.0,,,,,,,,,,,,,,,,0.0000,,,,0.0,0.0,0.0,0.0,0.0,0.0,0.0,0.0,0.0,2139179,-1175475,164379680,24281,-1918,65939,61,fa02fe00,43.51565693478,-79.6837973991,175.0509,-37.1,SOL_COMPUTED,SINGLE,good,2.0612,1.8984,3.5094,15,9,0.0,0.0,0,0,0,0,0,0,0,0,0,SPECTRUMANALYSIS,L5,1187.795,1.245,-56.757,-108.138
2026-05-25 08:58:32.606678,1779713912.606678,2420,133131.0,,,,,,,,,,,,,,,,0.0000,,,,0.0,0.0,0.0,0.0,0.0,0.0,0.0,0.0,0.0,2080636,-1200850,164377908,-36358,-36461,88635,61,fa00fe00,43.51565776075,-79.68379831192,175.0226,-37.1,SOL_COMPUTED,SINGLE,good,2.0642,1.9066,3.5165,15,9,0.0,0.0,0,0,0,0,0,0,0,0,0,SPECTRUMANALYSIS,L5,1187.905,1.025,-55.237,-105.86
2026-05-25 08:58:33.606700,1779713913.606700,2420,133132.0,,,,,,,,,,,,,,,,0.0000,,,,0.0,0.0,0.0,0.0,0.0,0.0,0.0,0.0,0.0,2109747,-1194280,164404117,-30896,-12265,40431,61,f9fefe00,43.51565841527,-79.683799397,175.0218,-37.1,SOL_COMPUTED,SINGLE,good,2.0606,1.9008,3.51,16,9,0.0,0.0,0,0,0,0,0,0,0,0,0,SPECTRUMANALYSIS,L5,1187.905,1.025,-55.237,-105.86
2026-05-25 08:58:34.606986,1779713914.606986,2420,133133.0,,,,,,,,,,,,,,,,0.0000,,,,0.0,0.0,0.0,0.0,0.0,0.0,0.0,0.0,0.0,2090810,-1178764,164374355,2979,-28514,81963,61,f9fcfe00,43.51565954133,-79.68380027515,174.8917,-37.1,SOL_COMPUTED,SINGLE,good,2.0631,1.9033,3.5154,16,9,0.0,0.0,0,0,0,0,0,0,0,0,0,SPECTRUMANALYSIS,L5,1187.905,1.025,-55.237,-105.86
2026-05-25 08:58:35.607721,1779713915.607721,2420,133134.0,,,,,,,,,,,,,,,,0.0000,,,,0.0,0.0,0.0,0.0,0.0,0.0,0.0,0.0,0.0,2118093,-1241819,164345714,-25545,-8977,84802,61,f9fafe00,43.51566086734,-79.6838013397,174.7043,-37.1,SOL_COMPUTED,SINGLE,good,2.0635,1.9018,3.5167,16,9,0.0,0.0,0,0,0,0,0,0,0,0,0,SPECTRUMANALYSIS,L5,1187.759,1.172,-57.045,-108.29
2026-05-25 08:58:36.606968,1779713916.606968,2420,133135.0,,,,,,,,,,,,,,,,0.0000,,,,0.0,0.0,0.0,0.0,0.0,0.0,0.0,0.0,0.0,2081716,-1157548,164360356,-22209,647,63214,61,f9f7fe00,43.51566199234,-79.68380262495,174.5647,-37.1,SOL_COMPUTED,SINGLE,good,2.0596,1.8967,3.5123,16,9,0.0,0.0,0,0,0,0,0,0,0,0,0,SPECTRUMANALYSIS,L5,1187.759,1.172,-57.045,-108.29
2026-05-25 08:58:37.607143,1779713917.607143,2420,133136.0,,,,,,,,,,,,,,,,0.0000,,,,0.0,0.0,0.0,0.0,0.0,0.0,0.0,0.0,0.0,2093974,-1220112,164404343,-18334,-25351,33378,61,f9f6fe00,43.51566327602,-79.68380386974,174.3908,-37.1,SOL_COMPUTED,SINGLE,good,2.0599,1.8948,3.5096,16,9,0.0,0.0,0,0,0,0,0,0,0,0,0,SPECTRUMANALYSIS,L5,1187.759,1.172,-57.045,-108.29
2026-05-25 08:58:38.606342,1779713918.606342,2420,133137.0,,,,,,,,,,,,,,,,0.0000,,,,0.0,0.0,0.0,0.0,0.0,0.0,0.0,0.0,0.0,2212429,-1211141,164328683,-10267,1062,38132,61,f9f3fe00,43.51566440671,-79.68380535273,174.2345,-37.1,SOL_COMPUTED,SINGLE,good,2.0583,1.8911,3.5068,16,9,0.0,0.0,0,0,0,0,0,0,0,0,0,SPECTRUMANALYSIS,L5,1187.942,0.952,-58.292,-112.04
2026-05-25 08:58:39.606949,1779713919.606949,2420,133138.0,,,,,,,,,,,,,,,,0.0000,,,,0.0,0.0,0.0,0.0,0.0,0.0,0.0,0.0,0.0,2189279,-1171574,164388358,-35731,-7717,38435,61,f9f1fe00,43.51566538708,-79.68380683695,174.1231,-37.1,SOL_COMPUTED,SINGLE,good,2.0588,1.8916,3.5062,16,9,0.0,0.0,0,0,0,0,0,0,0,0,0,SPECTRUMANALYSIS,L5,1187.942,0.952,-58.292,-112.04
2026-05-25 08:58:40.607816,1779713920.607816,2420,133139.0,,,,,,,,,,,,,,,,0.0000,,,,0.0,0.0,0.0,0.0,0.0,0.0,0.0,0.0,0.0,2104145,-1156280,164323035,17295,25871,43479,61,f9effe00,43.51566152904,-79.68380362144,173.3983,-37.1,SOL_COMPUTED,SINGLE,good,2.1035,1.9182,3.5382,16,8,0.0,0.0,0,0,0,0,0,0,0,0,0,SPECTRUMANALYSIS,L5,1187.942,0.952,-58.292,-112.04
2026-05-25 08:58:41.608128,1779713921.608128,2420,133140.0,,,,,,,,,,,,,,,,0.0000,,,,0.0,0.0,0.0,0.0,0.0,0.0,0.0,0.0,0.0,2134359,-1224644,164341063,-39438,-17113,48102,61,f9edfe00,43.5156621801,-79.68380544103,173.2702,-37.1,SOL_COMPUTED,SINGLE,good,2.1053,1.9162,3.539,16,8,0.0,0.0,0,0,0,0,0,0,0,0,0,SPECTRUMANALYSIS,L5,1188.088,0.952,-58.112,-110.201
2026-05-25 08:58:42.608232,1779713922.608232,2420,133141.0,,,,,,,,,,,,,,,,0.0000,,,,0.0,0.0,0.0,0.0,0.0,0.0,0.0,0.0,0.0,1996658,-1173213,164376739,-43329,16434,30723,61,f9ebfe00,43.51566270486,-79.68380747183,173.156,-37.1,SOL_COMPUTED,SINGLE,good,2.1013,1.9111,3.5336,16,8,0.0,0.0,0,0,0,0,0,0,0,0,0,SPECTRUMANALYSIS,L5,1188.088,0.952,-58.112,-110.201
2026-05-25 08:58:43.606734,1779713923.606734,2420,133142.0,,,,,,,,,,,,,,,,0.0000,,,,0.0,0.0,0.0,0.0,0.0,0.0,0.0,0.0,0.0,2131192,-1213298,164356132,-29895,-6245,68214,61,f9e8fe00,43.5156632732,-79.68380935918,173.0533,-37.1,SOL_COMPUTED,SINGLE,good,2.1026,1.9126,3.5352,16,8,0.0,0.0,0,0,0,0,0,0,0,0,0,SPECTRUMANALYSIS,L5,1188.088,0.952,-58.112,-110.201
2026-05-25 08:58:44.608391,1779713924.608391,2420,133143.0,,,,,,,,,,,,,,,,0.0000,,,,0.0,0.0,0.0,0.0,0.0,0.0,0.0,0.0,0.0,2072421,-1242175,164364897,-12864,6371,35981,61,f9e6fe00,43.51566373576,-79.68381147686,172.9607,-37.1,SOL_COMPUTED,SINGLE,good,2.0957,1.909,3.5291,16,8,0.0,0.0,0,0,0,0,0,0,0,0,0,SPECTRUMANALYSIS,L5,1188.015,1.245,-58.611,-111.244
2026-05-25 08:58:45.606220,1779713925.606220,2420,133144.0,,,,,,,,,,,,,,,,0.0000,,,,0.0,0.0,0.0,0.0,0.0,0.0,0.0,0.0,0.0,2150155,-1194776,164486837,-21613,-7973,76836,61,f9e5fe00,43.5156639152,-79.68381359257,172.8948,-37.1,SOL_COMPUTED,SINGLE,good,2.0961,1.9059,3.528,16,8,0.0,0.0,0,0,0,0,0,0,0,0,0,SPECTRUMANALYSIS,L5,1188.015,1.245,-58.611,-111.244
2026-05-25 08:58:46.605792,1779713926.605792,2420,133145.0,,,,,,,,,,,,,,,,0.0000,,,,0.0,0.0,0.0,0.0,0.0,0.0,0.0,0.0,0.0,2068503,-1182072,164392119,-27243,17284,63441,61,f9e2fe00,43.5156639862,-79.68381571976,172.8242,-37.1,SOL_COMPUTED,SINGLE,good,2.0954,1.9054,3.5283,16,8,0.0,0.0,0,0,0,0,0,0,0,0,0,SPECTRUMANALYSIS,L5,1188.015,1.245,-58.611,-111.244
2026-05-25 08:58:47.606752,1779713927.606752,2420,133146.0,,,,,,,,,,,,,,,,0.0000,,,,0.0,0.0,0.0,0.0,0.0,0.0,0.0,0.0,0.0,2122797,-1101353,164350062,-21044,-14106,51764,61,f9e0fe00,43.51566388139,-79.68381769799,172.7646,-37.1,SOL_COMPUTED,SINGLE,good,2.0938,1.9054,3.5282,16,8,0.0,0.0,0,0,0,0,0,0,0,0,0,SPECTRUMANALYSIS,L5,1187.979,0.879,-58.787,-110.86
2026-05-25 08:58:48.609531,1779713928.609531,2420,133147.0,,,,,,,,,,,,,,,,0.0000,,,,0.0,0.0,0.0,0.0,0.0,0.0,0.0,0.0,0.0,2093412,-1159455,164322475,-23590,16967,67921,61,f9defe00,43.51566370386,-79.6838196603,172.7365,-37.1,SOL_COMPUTED,SINGLE,good,2.0946,1.9038,3.5301,16,8,0.0,0.0,0,0,0,0,0,0,0,0,0,SPECTRUMANALYSIS,L5,1187.979,0.879,-58.787,-110.86
2026-05-25 08:58:49.606698,1779713929.606698,2420,133148.0,,,,,,,,,,,,,,,,0.0000,,,,0.0,0.0,0.0,0.0,0.0,0.0,0.0,0.0,0.0,2025461,-1119635,164410239,-21679,16997,37015,61,f9dcfe00,43.51566349929,-79.68382177831,172.7264,-37.1,SOL_COMPUTED,SINGLE,good,2.0941,1.9022,3.5281,16,8,0.0,0.0,0,0,0,0,0,0,0,0,0,SPECTRUMANALYSIS,L5,1187.979,0.879,-58.787,-110.86
2026-05-25 08:58:50.609465,1779713930.609465,2420,133149.0,,,,,,,,,,,,,,,,0.0000,,,,0.0,0.0,0.0,0.0,0.0,0.0,0.0,0.0,0.0,2138847,-1193125,164371355,-12696,-9947,61847,61,f9dafe00,43.5156631246,-79.68382388644,172.7168,-37.1,SOL_COMPUTED,SINGLE,good,2.092,1.901,3.5279,16,8,0.0,0.0,0,0,0,0,0,0,0,0,0,SPECTRUMANALYSIS,L5,1187.905,1.025,-56.895,-107.983
2026-05-25 08:58:51.606388,1779713931.606388,2420,133150.0,,,,,,,,,,,,,,,,0.0000,,,,0.0,0.0,0.0,0.0,0.0,0.0,0.0,0.0,0.0,2037435,-1221292,164367782,-44799,2945,61475,61,f9d8fe00,43.51566248124,-79.68382586745,172.6986,-37.1,SOL_COMPUTED,SINGLE,good,2.0947,1.9002,3.5284,16,8,0.0,0.0,0,0,0,0,0,0,0,0,0,SPECTRUMANALYSIS,L5,1187.905,1.025,-56.895,-107.983
2026-05-25 08:58:52.606829,1779713932.606829,2420,133151.0,,,,,,,,,,,,,,,,0.0000,,,,0.0,0.0,0.0,0.0,0.0,0.0,0.0,0.0,0.0,2075928,-1154842,164369210,-24651,-26455,49855,61,f9d6fe00,43.51566185334,-79.68382770627,172.6747,-37.1,SOL_COMPUTED,SINGLE,good,2.0924,1.8997,3.5263,16,8,0.0,0.0,0,0,0,0,0,0,0,0,0,SPECTRUMANALYSIS,L5,1187.905,1.025,-56.895,-107.983
2026-05-25 08:58:53.606411,1779713933.606411,2420,133152.0,,,,,,,,,,,,,,,,0.0000,,,,0.0,0.0,0.0,0.0,0.0,0.0,0.0,0.0,0.0,2059354,-1180059,164349401,-31407,-10890,36103,61,f9d4fe00,43.51566079232,-79.68382957475,172.6498,-37.1,SOL_COMPUTED,SINGLE,good,2.0925,1.899,3.5302,16,8,0.0,0.0,0,0,0,0,0,0,0,0,0,SPECTRUMANALYSIS,L5,1187.832,1.318,-59.273,-111.567
2026-05-25 08:58:54.606809,1779713934.606809,2420,133153.0,,,,,,,,,,,,,,,,0.0000,,,,0.0,0.0,0.0,0.0,0.0,0.0,0.0,0.0,0.0,2067476,-1189288,164424131,-1682,11487,51504,61,f9d1fe00,43.51565973382,-79.68383124381,172.5841,-37.1,SOL_COMPUTED,SINGLE,good,2.0916,1.8987,3.5346,16,8,0.0,0.0,0,0,0,0,0,0,0,0,0,SPECTRUMANALYSIS,L5,1187.832,1.318,-59.273,-111.567
2026-05-25 08:58:55.612100,1779713935.612100,2420,133154.0,,,,,,,,,,,,,,,,0.0000,,,,0.0,0.0,0.0,0.0,0.0,0.0,0.0,0.0,0.0,2059335,-1244545,164380372,-3017,-9267,27814,61,f9cffe00,43.51565864817,-79.68383290904,172.529,-37.1,SOL_COMPUTED,SINGLE,good,2.09,1.8977,3.5333,16,8,0.0,0.0,0,0,0,0,0,0,0,0,0,SPECTRUMANALYSIS,L5,1187.832,1.318,-59.273,-111.567
2026-05-25 08:58:56.606326,1779713936.606326,2420,133155.0,,,,,,,,,,,,,,,,0.0000,,,,0.0,0.0,0.0,0.0,0.0,0.0,0.0,0.0,0.0,2153241,-1199159,164343323,-6076,-30306,39487,61,f9cdfe00,43.51565757152,-79.68383441825,172.4826,-37.1,SOL_COMPUTED,SINGLE,good,2.0895,1.8979,3.5371,16,8,0.0,0.0,0,0,0,0,0,0,0,0,0,SPECTRUMANALYSIS,L5,1187.905,1.025,-59.448,-112.841
2026-05-25 08:58:57.607308,1779713937.607308,2420,133156.0,,,,,,,,,,,,,,,,0.0000,,,,0.0,0.0,0.0,0.0,0.0,0.0,0.0,0.0,0.0,2048591,-1180159,164397094,5895,-25435,31949,61,f9cbfe00,43.5156562548,-79.68383579171,172.4202,-37.1,SOL_COMPUTED,SINGLE,good,2.0889,1.8976,3.5406,16,8,0.0,0.0,0,0,0,0,0,0,0,0,0,SPECTRUMANALYSIS,L5,1187.905,1.025,-59.448,-112.841
2026-05-25 08:58:58.607429,1779713938.607429,2420,133157.0,,,,,,,,,,,,,,,,0.0000,,,,0.0,0.0,0.0,0.0,0.0,0.0,0.0,0.0,0.0,2109601,-1188422,164381691,-3340,-21838,57127,61,f9c9fe00,43.51565479206,-79.68383704117,172.3567,-37.1,SOL_COMPUTED,SINGLE,good,2.0907,1.8981,3.5521,16,8,0.0,0.0,0,0,0,0,0,0,0,0,0,SPECTRUMANALYSIS,L5,1187.905,1.025,-59.448,-112.841
2026-05-25 08:58:59.607997,1779713939.607997,2420,133158.0,,,,,,,,,,,,,,,,0.0000,,,,0.0,0.0,0.0,0.0,0.0,0.0,0.0,0.0,0.0,2042342,-1207747,164393029,-25216,-669,74046,61,f9c7fe00,43.51539829256,-79.68392062403,170.3262,-37.1,SOL_COMPUTED,SINGLE,good,1.565,1.702,2.9786,16,13,0.0,0.0,0,0,0,0,0,0,0,0,0,SPECTRUMANALYSIS,L5,1188.015,0.806,-60.387,-114.695
2026-05-25 08:59:00.609870,1779713940.609870,2420,133159.0,,,,,,,,,,,,,,,,0.0000,,,,0.0,0.0,0.0,0.0,0.0,0.0,0.0,0.0,0.0,2053924,-1250452,164432536,-12109,-18185,30570,61,f9c5fe00,43.51539703494,-79.68391889581,170.0382,-37.1,SOL_COMPUTED,SINGLE,good,1.566,1.7024,2.9822,16,13,0.0,0.0,0,0,0,0,0,0,0,0,0,SPECTRUMANALYSIS,L5,1188.015,0.806,-60.387,-114.695
2026-05-25 08:59:01.607988,1779713941.607988,2420,133160.0,,,,,,,,,,,,,,,,0.0000,,,,0.0,0.0,0.0,0.0,0.0,0.0,0.0,0.0,0.0,2128671,-1236947,164411835,-23508,6148,49332,61,f9c3fe00,43.51539571241,-79.68391737322,169.8145,-37.1,SOL_COMPUTED,SINGLE,good,1.5666,1.7027,2.9838,16,13,0.0,0.0,0,0,0,0,0,0,0,0,0,SPECTRUMANALYSIS,L5,1188.015,0.806,-60.387,-114.695
2026-05-25 08:59:02.606871,1779713942.606871,2420,133161.0,,,,,,,,,,,,,,,,0.0000,,,,0.0,0.0,0.0,0.0,0.0,0.0,0.0,0.0,0.0,2176086,-1247589,164364869,-9329,11426,40334,61,f9c0fe00,43.51539428004,-79.6839154879,169.5022,-37.1,SOL_COMPUTED,SINGLE,good,1.5662,1.702,2.9774,16,13,0.0,0.0,0,0,0,0,0,0,0,0,0,SPECTRUMANALYSIS,L5,1187.759,1.172,-58.972,-110.93
2026-05-25 08:59:03.606622,1779713943.606622,2420,133162.0,,,,,,,,,,,,,,,,0.0000,,,,0.0,0.0,0.0,0.0,0.0,0.0,0.0,0.0,0.0,2121449,-1214613,164461341,-7823,31936,69285,61,f9bffe00,43.51539295247,-79.68391357914,169.2003,-37.1,SOL_COMPUTED,SINGLE,good,1.5666,1.7025,2.9812,16,13,0.0,0.0,0,0,0,0,0,0,0,0,0,SPECTRUMANALYSIS,L5,1187.759,1.172,-58.972,-110.93
2026-05-25 08:59:04.606620,1779713944.606620,2420,133163.0,,,,,,,,,,,,,,,,0.0000,,,,0.0,0.0,0.0,0.0,0.0,0.0,0.0,0.0,0.0,2106894,-1186861,164365565,9019,4845,43067,61,f9bdfe00,43.51539155562,-79.68391170088,168.9137,-37.1,SOL_COMPUTED,SINGLE,good,1.5666,1.7023,2.978,16,13,0.0,0.0,0,0,0,0,0,0,0,0,0,SPECTRUMANALYSIS,L5,1187.759,1.172,-58.972,-110.93
2026-05-25 08:59:05.607507,1779713945.607507,2420,133164.0,,,,,,,,,,,,,,,,0.0000,,,,0.0,0.0,0.0,0.0,0.0,0.0,0.0,0.0,0.0,2119513,-1218609,164371953,-31671,11106,50038,61,f9bbfe00,43.5153902985,-79.68391010596,168.7178,-37.1,SOL_COMPUTED,SINGLE,good,1.5671,1.7029,2.9821,16,13,0.0,0.0,0,0,0,0,0,0,0,0,0,SPECTRUMANALYSIS,L5,1187.869,0.952,-58.716,-109.551
2026-05-25 08:59:06.608021,1779713946.608021,2420,133165.0,,,,,,,,,,,,,,,,0.0000,,,,0.0,0.0,0.0,0.0,0.0,0.0,0.0,0.0,0.0,2078011,-1227060,164290800,8205,-1880,78192,61,f9b9fe00,43.51538895823,-79.68390843998,168.5241,-37.1,SOL_COMPUTED,SINGLE,good,1.567,1.7026,2.9777,16,13,0.0,0.0,0,0,0,0,0,0,0,0,0,SPECTRUMANALYSIS,L5,1187.869,0.952,-58.716,-109.551
2026-05-25 08:59:07.606927,1779713947.606927,2420,133166.0,,,,,,,,,,,,,,,,0.0000,,,,0.0,0.0,0.0,0.0,0.0,0.0,0.0,0.0,0.0,2129747,-1168053,164374232,5090,-294,60543,61,f9b7fe00,43.5153877425,-79.68390680786,168.3134,-37.1,SOL_COMPUTED,SINGLE,good,1.5671,1.7033,2.9843,16,13,0.0,0.0,0,0,0,0,0,0,0,0,0,SPECTRUMANALYSIS,L5,1187.869,0.952,-58.716,-109.551
2026-05-25 08:59:08.607309,1779713948.607309,2420,133167.0,,,,,,,,,,,,,,,,0.0000,,,,0.0,0.0,0.0,0.0,0.0,0.0,0.0,0.0,0.0,2119271,-1301911,164357945,-3762,18673,59540,61,f9b4fe00,43.51538638434,-79.68390499951,168.0682,-37.1,SOL_COMPUTED,SINGLE,good,1.5674,1.7032,2.983,16,13,0.0,0.0,0,0,0,0,0,0,0,0,0,SPECTRUMANALYSIS,L5,1187.942,1.099,-59.581,-112.542
2026-05-25 08:59:09.618040,1779713949.618040,2420,133168.0,,,,,,,,,,,,,,,,0.0000,,,,0.0,0.0,0.0,0.0,0.0,0.0,0.0,0.0,0.0,2119555,-1193712,164422400,-15329,-34477,50067,61,f9b2fe00,43.51538500885,-79.6839034821,167.9019,-37.1,SOL_COMPUTED,SINGLE,good,1.568,1.7036,2.9768,16,13,0.0,0.0,0,0,0,0,0,0,0,0,0,SPECTRUMANALYSIS,L5,1187.942,1.099,-59.581,-112.542
2026-05-25 08:59:10.606534,1779713950.606534,2420,133169.0,,,,,,,,,,,,,,,,0.0000,,,,0.0,0.0,0.0,0.0,0.0,0.0,0.0,0.0,0.0,2107163,-1206945,164346867,-40695,1984,73871,61,f9b0fe00,43.51538400674,-79.68390206021,167.7605,-37.1,SOL_COMPUTED,SINGLE,good,1.5683,1.704,2.9873,16,13,0.0,0.0,0,0,0,0,0,0,0,0,0,SPECTRUMANALYSIS,L5,1187.942,1.099,-59.581,-112.542
2026-05-25 08:59:11.607874,1779713951.607874,2420,133170.0,,,,,,,,,,,,,,,,0.0000,,,,0.0,0.0,0.0,0.0,0.0,0.0,0.0,0.0,0.0,2072910,-1228528,164324393,-5652,-7202,90608,61,f9aefe00,43.51538272979,-79.68390078066,167.7317,-37.1,SOL_COMPUTED,SINGLE,good,1.5695,1.7049,2.9841,16,13,0.0,0.0,0,0,0,0,0,0,0,0,0,SPECTRUMANALYSIS,L5,1187.832,1.025,-59.275,-112.6
2026-05-25 08:59:12.607347,1779713952.607347,2420,133171.0,,,,,,,,,,,,,,,,0.0000,,,,0.0,0.0,0.0,0.0,0.0,0.0,0.0,0.0,0.0,2073672,-1157588,164287612,-2108,-12934,61264,61,f9acfe00,43.5153814539,-79.68389952854,167.6902,-37.1,SOL_COMPUTED,SINGLE,good,1.5709,1.7052,2.9804,16,13,0.0,0.0,0,0,0,0,0,0,0,0,0,SPECTRUMANALYSIS,L5,1187.832,1.025,-59.275,-112.6
2026-05-25 08:59:13.610464,1779713953.610464,2420,133172.0,,,,,,,,,,,,,,,,0.0000,,,,0.0,0.0,0.0,0.0,0.0,0.0,0.0,0.0,0.0,2106071,-1190656,164332305,-5907,6549,42083,61,f9aafe00,43.51538045171,-79.68389879603,167.74,-37.1,SOL_COMPUTED,SINGLE,good,1.5729,1.7066,2.9794,16,13,0.0,0.0,0,0,0,0,0,0,0,0,0,SPECTRUMANALYSIS,L5,1187.832,1.025,-59.275,-112.6
2026-05-25 08:59:14.612438,1779713954.612438,2420,133173.0,,,,,,,,,,,,,,,,0.0000,,,,0.0,0.0,0.0,0.0,0.0,0.0,0.0,0.0,0.0,2071797,-1202986,164339719,-38693,-11166,27860,61,f9a8fe00,43.51537619572,-79.68389380368,168.1653,-37.1,SOL_COMPUTED,SINGLE,good,1.5734,1.7072,2.9831,16,13,0.0,0.0,0,0,0,0,0,0,0,0,0,SPECTRUMANALYSIS,L5,1187.905,0.732,-58.921,-110.788
2026-05-25 08:59:15.606354,1779713955.606354,2420,133174.0,,,,,,,,,,,,,,,,0.0000,,,,0.0,0.0,0.0,0.0,0.0,0.0,0.0,0.0,0.0,2039692,-1274991,164374621,-30958,-9972,34149,61,f9a6fe00,43.51537869315,-79.6838969669,167.8691,-37.1,SOL_COMPUTED,SINGLE,good,1.6827,1.7859,3.0555,15,12,0.0,0.0,0,0,0,0,0,0,0,0,0,SPECTRUMANALYSIS,L5,1187.905,0.732,-58.921,-110.788
2026-05-25 08:59:16.606696,1779713956.606696,2420,133175.0,,,,,,,,,,,,,,,,0.0000,,,,0.0,0.0,0.0,0.0,0.0,0.0,0.0,0.0,0.0,2105371,-1199097,164357103,-47946,-12985,53416,61,f9a4fe00,43.51537855444,-79.68389640767,167.7543,-37.1,SOL_COMPUTED,SINGLE,good,1.6832,1.7864,3.0696,15,12,0.0,0.0,0,0,0,0,0,0,0,0,0,SPECTRUMANALYSIS,L5,1187.905,0.732,-58.921,-110.788
2026-05-25 08:59:17.608453,1779713957.608453,2420,133176.0,,,,,,,,,,,,,,,,0.0000,,,,0.0,0.0,0.0,0.0,0.0,0.0,0.0,0.0,0.0,2108667,-1182992,164387479,8134,-256,78943,61,f9a2fe00,43.51536104127,-79.68387565266,169.8617,-37.1,SOL_COMPUTED,SINGLE,good,1.5758,1.7109,3.0142,16,13,0.0,0.0,0,0,0,0,0,0,0,0,0,—,—,0.0,0.0,0.0,0.0
2026-05-25 08:59:18.607480,1779713958.607480,2420,133177.0,,,,,,,,,,,,,,,,0.0000,,,,0.0,0.0,0.0,0.0,0.0,0.0,0.0,0.0,0.0,2144939,-1249337,164346237,-36065,10856,65324,61,f9a0fe00,43.51536064181,-79.68387462729,169.8195,-37.1,SOL_COMPUTED,SINGLE,good,1.5722,1.7105,3.0391,16,13,0.0,0.0,0,0,0,0,0,0,0,0,0,—,—,0.0,0.0,0.0,0.0
2026-05-25 08:59:19.614305,1779713959.614305,2420,133178.0,,,,,,,,,,,,,,,,0.0000,,,,0.0,0.0,0.0,0.0,0.0,0.0,0.0,0.0,0.0,2128771,-1187280,164275389,-37593,-12944,69565,61,f99efe00,43.51537759427,-79.68389664814,168.1751,-37.1,SOL_COMPUTED,SINGLE,good,1.6846,1.7883,3.0838,15,12,0.0,0.0,0,0,0,0,0,0,0,0,0,—,—,0.0,0.0,0.0,0.0
2026-05-25 08:59:20.606447,1779713960.606447,2420,133179.0,,,,,,,,,,,,,,,,0.0000,,,,0.0,0.0,0.0,0.0,0.0,0.0,0.0,0.0,0.0,2152747,-1201860,164423076,-7928,-33091,61673,61,f99cfe00,43.51535284359,-79.68386873902,171.5054,-37.1,SOL_COMPUTED,SINGLE,good,1.5748,1.7101,2.9939,16,13,0.0,0.0,0,0,0,0,0,0,0,0,0,—,—,0.0,0.0,0.0,0.0
2026-05-25 08:59:21.607121,1779713961.607121,2420,133180.0,,,,,,,,,,,,,,,,0.0000,,,,0.0,0.0,0.0,0.0,0.0,0.0,0.0,0.0,0.0,2136388,-1207891,164325487,27241,4878,26417,61,f99afe00,43.51537645383,-79.6838984034,169.0096,-37.1,SOL_COMPUTED,SINGLE,good,1.6826,1.7868,3.0509,15,12,0.0,0.0,0,0,0,0,0,0,0,0,0,—,—,0.0,0.0,0.0,0.0
2026-05-25 08:59:22.606415,1779713962.606415,2420,133181.0,,,,,,,,,,,,,,,,0.0000,,,,0.0,0.0,0.0,0.0,0.0,0.0,0.0,0.0,0.0,2060455,-1168538,164317902,-4344,24220,62172,61,f998fe00,43.5153437931,-79.68385985454,173.0621,-37.1,SOL_COMPUTED,SINGLE,good,1.5869,1.7181,2.9876,16,13,0.0,0.0,0,0,0,0,0,0,0,0,0,—,—,0.0,0.0,0.0,0.0
2026-05-25 08:59:23.606308,1779713963.606308,2420,133182.0,,,,,,,,,,,,,,,,0.0000,,,,0.0,0.0,0.0,0.0,0.0,0.0,0.0,0.0,0.0,2076359,-1206597,164330286,25665,2087,48338,61,f996fe00,43.51534099011,-79.68385703066,173.5493,-37.1,SOL_COMPUTED,SINGLE,good,1.5759,1.7103,2.9719,16,13,0.0,0.0,0,0,0,0,0,0,0,0,0,—,—,0.0,0.0,0.0,0.0
2026-05-25 08:59:24.606515,1779713964.606515,2420,133183.0,,,,,,,,,,,,,,,,0.0000,,,,0.0,0.0,0.0,0.0,0.0,0.0,0.0,0.0,0.0,2134273,-1185540,164306173,-59064,-16496,73176,61,f994fe00,43.51537623474,-79.68390069042,169.6625,-37.1,SOL_COMPUTED,SINGLE,good,1.6815,1.7865,3.0315,15,12,0.0,0.0,0,0,0,0,0,0,0,0,0,—,—,0.0,0.0,0.0,0.0
2026-05-25 08:59:25.618296,1779713965.618296,2420,133184.0,,,,,,,,,,,,,,,,0.0000,,,,0.0,0.0,0.0,0.0,0.0,0.0,0.0,0.0,0.0,2127626,-1260446,164399678,10705,19668,46566,61,f992fe00,43.51537641772,-79.68390159428,169.7905,-37.1,SOL_COMPUTED,SINGLE,good,1.6813,1.7867,3.026,16,12,0.0,0.0,0,0,0,0,0,0,0,0,0,—,—,0.0,0.0,0.0,0.0
2026-05-25 08:59:26.607426,1779713966.607426,2420,133185.0,,,,,,,,,,,,,,,,0.0000,,,,0.0,0.0,0.0,0.0,0.0,0.0,0.0,0.0,0.0,2057265,-1158439,164345497,-43995,-12538,53977,61,f990fe00,43.51537669521,-79.68390248528,169.8678,-37.1,SOL_COMPUTED,SINGLE,good,1.6809,1.7867,3.0212,16,12,0.0,0.0,0,0,0,0,0,0,0,0,0,—,—,0.0,0.0,0.0,0.0
2026-05-25 08:59:27.617375,1779713967.617375,2420,133186.0,,,,,,,,,,,,,,,,0.0000,,,,0.0,0.0,0.0,0.0,0.0,0.0,0.0,0.0,0.0,2083262,-1253463,164399889,-9848,30348,56354,61,f98efe00,43.51537709507,-79.68390334648,169.8685,-37.1,SOL_COMPUTED,SINGLE,good,1.6809,1.7861,3.0209,15,12,0.0,0.0,0,0,0,0,0,0,0,0,0,—,—,0.0,0.0,0.0,0.0
2026-05-25 08:59:28.609684,1779713968.609684,2420,133187.0,,,,,,,,,,,,,,,,0.0000,,,,0.0,0.0,0.0,0.0,0.0,0.0,0.0,0.0,0.0,2143680,-1212008,164358483,-21372,-6822,60345,61,f98bfe00,43.51537754005,-79.68390425556,169.8938,-37.1,SOL_COMPUTED,SINGLE,good,1.682,1.7872,3.0208,16,12,0.0,0.0,0,0,0,0,0,0,0,0,0,—,—,0.0,0.0,0.0,0.0
2026-05-25 08:59:29.607108,1779713969.607108,2420,133188.0,,,,,,,,,,,,,,,,0.0000,,,,0.0,0.0,0.0,0.0,0.0,0.0,0.0,0.0,0.0,2162278,-1162340,164379809,-18941,4947,40169,61,f98afe00,43.5153780513,-79.68390537678,169.9274,-37.1,SOL_COMPUTED,SINGLE,good,1.6814,1.787,3.0196,16,12,0.0,0.0,0,0,0,0,0,0,0,0,0,—,—,0.0,0.0,0.0,0.0
2026-05-25 08:59:30.605804,1779713970.605804,2420,133189.0,,,,,,,,,,,,,,,,0.0000,,,,0.0,0.0,0.0,0.0,0.0,0.0,0.0,0.0,0.0,2070445,-1190512,164392508,292,4977,27765,61,f988fe00,43.51537852268,-79.68390646362,169.9693,-37.1,SOL_COMPUTED,SINGLE,good,1.6815,1.787,3.0191,15,12,0.0,0.0,0,0,0,0,0,0,0,0,0,—,—,0.0,0.0,0.0,0.0
2026-05-25 08:59:31.606841,1779713971.606841,2420,133190.0,,,,,,,,,,,,,,,,0.0000,,,,0.0,0.0,0.0,0.0,0.0,0.0,0.0,0.0,0.0,2119747,-1239806,164369554,-6461,-26968,66483,61,f985fe00,43.51537900421,-79.68390757146,170.0131,-37.1,SOL_COMPUTED,SINGLE,good,1.6814,1.7864,3.0194,15,12,0.0,0.0,0,0,0,0,0,0,0,0,0,—,—,0.0,0.0,0.0,0.0
2026-05-25 08:59:32.606685,1779713972.606685,2420,133191.0,,,,,,,,,,,,,,,,0.0000,,,,0.0,0.0,0.0,0.0,0.0,0.0,0.0,0.0,0.0,2074545,-1188456,164363598,-30971,13442,51526,61,f984fe00,43.51537945559,-79.683908751,170.0737,-37.1,SOL_COMPUTED,SINGLE,good,1.6815,1.7868,3.0181,15,12,0.0,0.0,0,0,0,0,0,0,0,0,0,—,—,0.0,0.0,0.0,0.0
2026-05-25 08:59:33.607013,1779713973.607013,2420,133192.0,,,,,,,,,,,,,,,,0.0000,,,,0.0,0.0,0.0,0.0,0.0,0.0,0.0,0.0,0.0,2070932,-1234269,164408193,-27252,-36605,44981,61,f981fe00,43.51537989054,-79.6839098861,170.1348,-37.1,SOL_COMPUTED,SINGLE,good,1.6808,1.7864,3.0173,15,12,0.0,0.0,0,0,0,0,0,0,0,0,0,—,—,0.0,0.0,0.0,0.0
2026-05-25 08:59:34.607640,1779713974.607640,2420,133193.0,,,,,,,,,,,,,,,,0.0000,,,,0.0,0.0,0.0,0.0,0.0,0.0,0.0,0.0,0.0,2141651,-1129356,164330213,-23765,7463,42706,61,f980fe00,43.51538019169,-79.68391107839,170.179,-37.1,SOL_COMPUTED,SINGLE,good,1.681,1.786,3.0175,15,12,0.0,0.0,0,0,0,0,0,0,0,0,0,—,—,0.0,0.0,0.0,0.0
2026-05-25 08:59:35.607433,1779713975.607433,2420,133194.0,,,,,,,,,,,,,,,,0.0000,,,,0.0,0.0,0.0,0.0,0.0,0.0,0.0,0.0,0.0,2100195,-1160957,164404396,40923,-13382,22191,61,f97dfe00,43.5153805351,-79.68391221733,170.2393,-37.1,SOL_COMPUTED,SINGLE,good,1.6811,1.786,3.0172,15,12,0.0,0.0,0,0,0,0,0,0,0,0,0,—,—,0.0,0.0,0.0,0.0
2026-05-25 08:59:36.607540,1779713976.607540,2420,133195.0,,,,,,,,,,,,,,,,0.0000,,,,0.0,0.0,0.0,0.0,0.0,0.0,0.0,0.0,0.0,2044784,-1140715,164345969,-59748,-11203,38288,61,f97cfe00,43.51540287201,-79.68394021575,167.7758,-37.1,SOL_COMPUTED,SINGLE,good,1.591,1.7201,2.9636,16,13,0.0,0.0,0,0,0,0,0,0,0,0,0,—,—,0.0,0.0,0.0,0.0
2026-05-25 08:59:37.607266,1779713977.607266,2420,133196.0,,,,,,,,,,,,,,,,0.0000,,,,0.0,0.0,0.0,0.0,0.0,0.0,0.0,0.0,0.0,2085366,-1202135,164342114,-3457,-21851,55876,61,f979fe00,43.5154020146,-79.68393997992,167.9653,-37.1,SOL_COMPUTED,SINGLE,good,1.5839,1.7143,2.9595,16,13,0.0,0.0,0,0,0,0,0,0,0,0,0,—,—,0.0,0.0,0.0,0.0
2026-05-25 08:59:38.607318,1779713978.607318,2420,133197.0,,,,,,,,,,,,,,,,0.0000,,,,0.0,0.0,0.0,0.0,0.0,0.0,0.0,0.0,0.0,2079632,-1194115,164302986,-10375,-22956,33464,61,f977fe00,43.51539601564,-79.68393344579,168.7574,-37.1,SOL_COMPUTED,SINGLE,good,1.5798,1.7116,2.9567,16,13,0.0,0.0,0,0,0,0,0,0,0,0,0,—,—,0.0,0.0,0.0,0.0
2026-05-25 08:59:39.607785,1779713979.607785,2420,133198.0,,,,,,,,,,,,,,,,0.0000,,,,0.0,0.0,0.0,0.0,0.0,0.0,0.0,0.0,0.0,2097714,-1220410,164341490,15400,-24337,70885,61,f976fe00,43.51540253807,-79.68395988074,170.4618,-37.1,SOL_COMPUTED,SINGLE,good,1.6126,1.6296,2.9586,16,13,0.0,0.0,0,0,0,0,0,0,0,0,0,—,—,0.0,0.0,0.0,0.0
2026-05-25 08:59:40.607171,1779713980.607171,2420,133199.0,,,,,,,,,,,,,,,,0.0000,,,,0.0,0.0,0.0,0.0,0.0,0.0,0.0,0.0,0.0,2118803,-1179665,164336178,-190,-11957,44495,61,f974fe00,43.51540190172,-79.68395936763,170.5866,-37.1,SOL_COMPUTED,SINGLE,good,1.6065,1.6235,2.9542,16,13,0.0,0.0,0,0,0,0,0,0,0,0,0,—,—,0.0,0.0,0.0,0.0
2026-05-25 08:59:41.608019,1779713981.608019,2420,133200.0,,,,,,,,,,,,,,,,0.0000,,,,0.0,0.0,0.0,0.0,0.0,0.0,0.0,0.0,0.0,2016897,-1118592,164356377,2332,8871,42803,61,f971fe00,43.51540132843,-79.6839589724,170.7094,-37.1,SOL_COMPUTED,SINGLE,good,1.6062,1.6232,2.9542,16,13,0.0,0.0,0,0,0,0,0,0,0,0,0,—,—,0.0,0.0,0.0,0.0
2026-05-25 08:59:42.606778,1779713982.606778,2420,133201.0,,,,,,,,,,,,,,,,0.0000,,,,0.0,0.0,0.0,0.0,0.0,0.0,0.0,0.0,0.0,2066977,-1234112,164337814,-11383,-39299,75999,61,f96ffe00,43.51540374907,-79.68396262013,170.4859,-37.1,SOL_COMPUTED,SINGLE,good,1.604,1.621,2.9525,16,13,0.0,0.0,0,0,0,0,0,0,0,0,0,—,—,0.0,0.0,0.0,0.0
2026-05-25 08:59:43.608715,1779713983.608715,2420,133202.0,,,,,,,,,,,,,,,,0.0000,,,,0.0,0.0,0.0,0.0,0.0,0.0,0.0,0.0,0.0,2129230,-1200238,164376708,22554,34889,20181,61,f96dfe00,43.51540748458,-79.68396803593,170.122,-37.1,SOL_COMPUTED,SINGLE,good,1.6036,1.6204,2.9521,16,13,0.0,0.0,0,0,0,0,0,0,0,0,0,—,—,0.0,0.0,0.0,0.0
2026-05-25 08:59:44.606830,1779713984.606830,2420,133203.0,,,,,,,,,,,,,,,,0.0000,,,,0.0,0.0,0.0,0.0,0.0,0.0,0.0,0.0,0.0,2162153,-1262414,164349802,7811,-3084,47307,61,f96bfe00,43.51540701316,-79.68396763055,170.2586,-37.1,SOL_COMPUTED,SINGLE,good,1.6056,1.6216,2.9539,16,13,0.0,0.0,0,0,0,0,0,0,0,0,0,—,—,0.0,0.0,0.0,0.0
2026-05-25 08:59:45.606388,1779713985.606388,2420,133204.0,,,,,,,,,,,,,,,,0.0000,,,,0.0,0.0,0.0,0.0,0.0,0.0,0.0,0.0,0.0,2059257,-1191022,164364503,10880,28851,35159,61,f969fe00,43.51540727294,-79.68396807714,170.3243,-37.1,SOL_COMPUTED,SINGLE,good,1.6037,1.6198,2.9525,16,13,0.0,0.0,0,0,0,0,0,0,0,0,0,—,—,0.0,0.0,0.0,0.0
2026-05-25 08:59:46.607169,1779713986.607169,2420,133205.0,,,,,,,,,,,,,,,,0.0000,,,,0.0,0.0,0.0,0.0,0.0,0.0,0.0,0.0,0.0,2156607,-1217206,164346627,212,6556,54284,61,f967fe00,43.51540909843,-79.68397065606,170.2045,-37.1,SOL_COMPUTED,SINGLE,good,1.6048,1.6212,2.953,16,13,0.0,0.0,0,0,0,0,0,0,0,0,0,—,—,0.0,0.0,0.0,0.0
2026-05-25 08:59:47.606289,1779713987.606289,2420,133206.0,,,,,,,,,,,,,,,,0.0000,,,,0.0,0.0,0.0,0.0,0.0,0.0,0.0,0.0,0.0,2042511,-1250868,164330058,-14365,-28581,52082,61,f965fe00,43.51541318068,-79.68397632734,169.8324,-37.1,SOL_COMPUTED,SINGLE,good,1.6031,1.6196,2.952,16,13,0.0,0.0,0,0,0,0,0,0,0,0,0,SPECTRUMANALYSIS,L5,1187.905,1.025,-59.802,-110.995
2026-05-25 08:59:48.607096,1779713988.607096,2420,133207.0,,,,,,,,,,,,,,,,0.0000,,,,0.0,0.0,0.0,0.0,0.0,0.0,0.0,0.0,0.0,2111354,-1223474,164344056,724,-6563,23817,61,f963fe00,43.51541151028,-79.68397402653,170.1187,-37.1,SOL_COMPUTED,SINGLE,good,1.6025,1.6189,2.9515,16,13,0.0,0.0,0,0,0,0,0,0,0,0,0,SPECTRUMANALYSIS,L1,1575.195,1.758,-72.066,-131.734
2026-05-25 08:59:49.608253,1779713989.608253,2420,133208.0,,,,,,,,,,,,,,,,0.0000,,,,0.0,0.0,0.0,0.0,0.0,0.0,0.0,0.0,0.0,2042636,-1169563,164366336,-22506,-9201,48040,61,f961fe00,43.51541091992,-79.68397320593,170.2888,-37.1,SOL_COMPUTED,SINGLE,good,1.6031,1.6191,2.9523,16,13,0.0,0.0,0,0,0,0,0,0,0,0,0,SPECTRUMANALYSIS,L1,1575.195,1.758,-72.066,-131.734
2026-05-25 08:59:50.608534,1779713990.608534,2420,133209.0,,,,,,,,,,,,,,,,0.0000,,,,0.0,0.0,0.0,0.0,0.0,0.0,0.0,0.0,0.0,2123745,-1219253,164360544,-20831,-6551,90101,61,f95ffe00,43.51541235565,-79.68397511611,170.2302,-37.1,SOL_COMPUTED,SINGLE,good,1.6031,1.619,2.9524,16,13,0.0,0.0,0,0,0,0,0,0,0,0,0,SPECTRUMANALYSIS,L1,1575.195,1.758,-72.066,-131.734
2026-05-25 08:59:51.606800,1779713991.606800,2420,133210.0,,,,,,,,,,,,,,,,0.0000,,,,0.0,0.0,0.0,0.0,0.0,0.0,0.0,0.0,0.0,2157735,-1206817,164376700,-6109,1757,66768,61,f95dfe00,43.51541315693,-79.68397614578,170.244,-37.1,SOL_COMPUTED,SINGLE,good,1.6015,1.6175,2.9515,16,13,0.0,0.0,0,0,0,0,0,0,0,0,0,SPECTRUMANALYSIS,L5,1187.869,0.952,-60.94,-114.528
2026-05-25 08:59:52.610786,1779713992.610786,2420,133211.0,,,,,,,,,,,,,,,,0.0000,,,,0.0,0.0,0.0,0.0,0.0,0.0,0.0,0.0,0.0,2050891,-1213667,164362657,-24022,4113,24581,61,f95bfe00,43.51541363896,-79.68397678455,170.286,-37.1,SOL_COMPUTED,SINGLE,good,1.6004,1.617,2.9504,16,13,0.0,0.0,0,0,0,0,0,0,0,0,0,SPECTRUMANALYSIS,L5,1187.869,0.952,-60.94,-114.528
2026-05-25 08:59:53.610163,1779713993.610163,2420,133212.0,,,,,,,,,,,,,,,,0.0000,,,,0.0,0.0,0.0,0.0,0.0,0.0,0.0,0.0,0.0,2099154,-1210559,164309694,-26986,-6423,50642,61,f95afe00,43.51541408203,-79.68397741233,170.3328,-37.1,SOL_COMPUTED,SINGLE,good,1.601,1.6175,2.9511,16,13,0.0,0.0,0,0,0,0,0,0,0,0,0,SPECTRUMANALYSIS,L5,1187.905,1.172,-58.526,-111.562
2026-05-25 08:59:54.606597,1779713994.606597,2420,133213.0,,,,,,,,,,,,,,,,0.0000,,,,0.0,0.0,0.0,0.0,0.0,0.0,0.0,0.0,0.0,2120199,-1202998,164391919,-5015,-6407,62053,61,f957fe00,43.51541376699,-79.68397689589,170.4823,-37.1,SOL_COMPUTED,SINGLE,good,1.6013,1.6171,2.9514,16,13,0.0,0.0,0,0,0,0,0,0,0,0,0,SPECTRUMANALYSIS,L5,1187.905,1.172,-58.526,-111.562
2026-05-25 08:59:55.607796,1779713995.607796,2420,133214.0,,,,,,,,,,,,,,,,0.0000,,,,0.0,0.0,0.0,0.0,0.0,0.0,0.0,0.0,0.0,2161020,-1214495,164433344,-6160,12824,49433,61,f956fe00,43.51541383626,-79.68397687628,170.5852,-37.1,SOL_COMPUTED,SINGLE,good,1.6007,1.617,2.9512,16,13,0.0,0.0,0,0,0,0,0,0,0,0,0,SPECTRUMANALYSIS,L5,1187.905,1.172,-58.526,-111.562
2026-05-25 08:59:56.608388,1779713996.608388,2420,133215.0,,,,,,,,,,,,,,,,0.0000,,,,0.0,0.0,0.0,0.0,0.0,0.0,0.0,0.0,0.0,2071091,-1244489,164340856,-26259,-3553,42943,61,f953fe00,43.51541530449,-79.68400066757,171.8048,-37.1,SOL_COMPUTED,SINGLE,good,1.4699,1.6431,3.0441,16,13,0.0,0.0,0,0,0,0,0,0,0,0,0,SPECTRUMANALYSIS,L5,1187.905,1.172,-58.526,-111.562
2026-05-25 08:59:57.607916,1779713997.607916,2420,133216.0,,,,,,,,,,,,,,,,0.0000,,,,0.0,0.0,0.0,0.0,0.0,0.0,0.0,0.0,0.0,2080487,-1185771,164373291,-28266,8840,48835,61,f952fe00,43.51541551742,-79.68399990301,171.8849,-37.1,SOL_COMPUTED,SINGLE,good,1.4703,1.6434,3.0445,16,13,0.0,0.0,0,0,0,0,0,0,0,0,0,—,—,0.0,0.0,0.0,0.0
2026-05-25 08:59:58.606810,1779713998.606810,2420,133217.0,,,,,,,,,,,,,,,,0.0000,,,,0.0,0.0,0.0,0.0,0.0,0.0,0.0,0.0,0.0,2110861,-1169806,164355583,-17285,-44687,58084,61,f94ffe00,43.515414037,-79.68399645845,172.2098,-37.1,SOL_COMPUTED,SINGLE,good,1.4705,1.6434,3.0455,16,13,0.0,0.0,0,0,0,0,0,0,0,0,0,—,—,0.0,0.0,0.0,0.0
2026-05-25 08:59:59.608305,1779713999.608305,2420,133218.0,,,,,,,,,,,,,,,,0.0000,,,,0.0,0.0,0.0,0.0,0.0,0.0,0.0,0.0,0.0,2050696,-1132995,164395103,25576,1377,31387,61,f94dfe00,43.51541272254,-79.68399325249,172.5168,-37.1,SOL_COMPUTED,SINGLE,good,1.4701,1.6432,3.0449,16,13,0.0,0.0,0,0,0,0,0,0,0,0,0,—,—,0.0,0.0,0.0,0.0
2026-05-25 09:00:00.604782,1779714000.604782,2420,133219.0,,,,,,,,,,,,,,,,0.0000,,,,0.0,0.0,0.0,0.0,0.0,0.0,0.0,0.0,0.0,2026052,-1198024,164396348,9462,10903,65003,61,f94cfe00,43.51540915792,-79.68398651223,173.1492,-37.1,SOL_COMPUTED,SINGLE,good,1.4701,1.6429,3.0448,16,13,0.0,0.0,0,0,0,0,0,0,0,0,0,—,—,0.0,0.0,0.0,0.0
2026-05-25 09:00:01.606670,1779714001.606670,2420,133220.0,,,,,,,,,,,,,,,,0.0000,,,,0.0,0.0,0.0,0.0,0.0,0.0,0.0,0.0,0.0,2120693,-1203273,164379528,-24938,-677,87255,61,f94afe00,43.51540333217,-79.68397597117,174.1343,-37.1,SOL_COMPUTED,SINGLE,good,1.4699,1.6429,3.0445,16,13,0.0,0.0,0,0,0,0,0,0,0,0,0,—,—,0.0,0.0,0.0,0.0
2026-05-25 09:00:02.606259,1779714002.606259,2420,133221.0,,,,,,,,,,,,,,,,0.0000,,,,0.0,0.0,0.0,0.0,0.0,0.0,0.0,0.0,0.0,2073611,-1204499,164321768,-12889,-14563,37040,61,f947fe00,43.51539575153,-79.68396249795,175.3817,-37.1,SOL_COMPUTED,SINGLE,good,1.4704,1.643,3.0446,16,13,0.0,0.0,0,0,0,0,0,0,0,0,0,—,—,0.0,0.0,0.0,0.0
2026-05-25 09:00:03.610316,1779714003.610316,2420,133222.0,,,,,,,,,,,,,,,,0.0000,,,,0.0,0.0,0.0,0.0,0.0,0.0,0.0,0.0,0.0,2081897,-1245132,164299546,-9374,-8510,31127,61,f945fe00,43.51538972942,-79.68395138612,176.3986,-37.1,SOL_COMPUTED,SINGLE,good,1.471,1.6429,3.0452,16,13,0.0,0.0,0,0,0,0,0,0,0,0,0,SPECTRUMANALYSIS,L5,1187.869,1.099,-58.186,-109.514
2026-05-25 09:00:04.606470,1779714004.606470,2420,133223.0,,,,,,,,,,,,,,,,0.0000,,,,0.0,0.0,0.0,0.0,0.0,0.0,0.0,0.0,0.0,2096828,-1212623,164412723,-42614,28187,51347,61,f944fe00,43.51538534417,-79.68394298394,177.1604,-37.1,SOL_COMPUTED,SINGLE,good,1.4708,1.6433,3.045,16,13,0.0,0.0,0,0,0,0,0,0,0,0,0,SPECTRUMANALYSIS,L5,1187.869,1.099,-58.186,-109.514
2026-05-25 09:00:05.606516,1779714005.606516,2420,133224.0,,,,,,,,,,,,,,,,0.0000,,,,0.0,0.0,0.0,0.0,0.0,0.0,0.0,0.0,0.0,2118574,-1185545,164375504,-1416,-26207,48384,61,f942fe00,43.51538259883,-79.6839372136,177.674,-37.1,SOL_COMPUTED,SINGLE,good,1.4707,1.6428,3.044,16,13,0.0,0.0,0,0,0,0,0,0,0,0,0,SPECTRUMANALYSIS,L5,1187.869,1.099,-58.186,-109.514
2026-05-25 09:00:06.608894,1779714006.608894,2420,133225.0,,,,,,,,,,,,,,,,0.0000,,,,0.0,0.0,0.0,0.0,0.0,0.0,0.0,0.0,0.0,2096382,-1099780,164357949,19707,14459,23871,61,f93ffe00,43.51538067697,-79.68393279695,178.074,-37.1,SOL_COMPUTED,SINGLE,good,1.4708,1.6431,3.0446,16,13,0.0,0.0,0,0,0,0,0,0,0,0,0,SPECTRUMANALYSIS,L5,1187.942,1.392,-59.07,-112.215
2026-05-25 09:00:07.607442,1779714007.607442,2420,133226.0,,,,,,,,,,,,,,,,0.0000,,,,0.0,0.0,0.0,0.0,0.0,0.0,0.0,0.0,0.0,2064648,-1169617,164399880,-3304,16068,46794,61,f93efe00,43.51537972037,-79.68392974833,178.3241,-37.1,SOL_COMPUTED,SINGLE,good,1.4712,1.6434,3.045,16,13,0.0,0.0,0,0,0,0,0,0,0,0,0,SPECTRUMANALYSIS,L5,1187.942,1.392,-59.07,-112.215
2026-05-25 09:00:08.606549,1779714008.606549,2420,133227.0,,,,,,,,,,,,,,,,0.0000,,,,0.0,0.0,0.0,0.0,0.0,0.0,0.0,0.0,0.0,2124410,-1139287,164380295,1294,10988,51442,61,f93cfe00,43.51537898827,-79.68392640311,178.3353,-37.1,SOL_COMPUTED,SINGLE,good,1.4709,1.6431,3.0449,16,13,0.0,0.0,0,0,0,0,0,0,0,0,0,SPECTRUMANALYSIS,L5,1187.942,1.392,-59.07,-112.215
2026-05-25 09:00:09.607460,1779714009.607460,2420,133228.0,,,,,,,,,,,,,,,,0.0000,,,,0.0,0.0,0.0,0.0,0.0,0.0,0.0,0.0,0.0,2047720,-1237569,164377972,9478,53532,56511,61,f93afe00,43.5153785319,-79.68392345412,178.2968,-37.1,SOL_COMPUTED,SINGLE,good,1.4714,1.6434,3.0457,16,13,0.0,0.0,0,0,0,0,0,0,0,0,0,SPECTRUMANALYSIS,L5,1187.869,0.952,-60.838,-113.603
2026-05-25 09:00:10.607089,1779714010.607089,2420,133229.0,,,,,,,,,,,,,,,,0.0000,,,,0.0,0.0,0.0,0.0,0.0,0.0,0.0,0.0,0.0,2073196,-1211528,164328436,5239,-18561,44223,61,f938fe00,43.51537840808,-79.68392113614,178.1921,-37.1,SOL_COMPUTED,SINGLE,good,1.4714,1.6435,3.0462,16,13,0.0,0.0,0,0,0,0,0,0,0,0,0,SPECTRUMANALYSIS,L5,1187.869,0.952,-60.838,-113.603
2026-05-25 09:00:11.607353,1779714011.607353,2420,133230.0,,,,,,,,,,,,,,,,0.0000,,,,0.0,0.0,0.0,0.0,0.0,0.0,0.0,0.0,0.0,2091739,-1226724,164340848,7404,9216,30703,61,f936fe00,43.51537845489,-79.68391908942,178.0452,-37.1,SOL_COMPUTED,SINGLE,good,1.4712,1.6435,3.0461,16,13,0.0,0.0,0,0,0,0,0,0,0,0,0,SPECTRUMANALYSIS,L5,1187.869,0.952,-60.838,-113.603
2026-05-25 09:00:12.606773,1779714012.606773,2420,133231.0,,,,,,,,,,,,,,,,0.0000,,,,0.0,0.0,0.0,0.0,0.0,0.0,0.0,0.0,0.0,2167665,-1243392,164410699,17789,46407,1279,61,f934fe00,43.51537850069,-79.68391705173,177.895,-37.1,SOL_COMPUTED,SINGLE,good,1.4714,1.6437,3.0466,16,13,0.0,0.0,0,0,0,0,0,0,0,0,0,SPECTRUMANALYSIS,L5,1187.905,1.025,-59.635,-111.578
2026-05-25 09:00:13.606799,1779714013.606799,2420,133232.0,,,,,,,,,,,,,,,,0.0000,,,,0.0,0.0,0.0,0.0,0.0,0.0,0.0,0.0,0.0,2099144,-1191770,164344368,-25857,-2150,46600,61,f932fe00,43.51537859134,-79.68391506449,177.7235,-37.1,SOL_COMPUTED,SINGLE,good,1.4715,1.644,3.0474,16,13,0.0,0.0,0,0,0,0,0,0,0,0,0,SPECTRUMANALYSIS,L5,1187.905,1.025,-59.635,-111.578
2026-05-25 09:00:14.606844,1779714014.606844,2420,133233.0,,,,,,,,,,,,,,,,0.0000,,,,0.0,0.0,0.0,0.0,0.0,0.0,0.0,0.0,0.0,2165771,-1205787,164369841,-11080,-14296,41418,61,f930fe00,43.51537866247,-79.6839130962,177.536,-37.1,SOL_COMPUTED,SINGLE,good,1.4708,1.6435,3.0451,16,13,0.0,0.0,0,0,0,0,0,0,0,0,0,SPECTRUMANALYSIS,L5,1187.905,1.025,-59.635,-111.578
2026-05-25 09:00:15.610037,1779714015.610037,2420,133234.0,,,,,,,,,,,,,,,,0.0000,,,,0.0,0.0,0.0,0.0,0.0,0.0,0.0,0.0,0.0,2095866,-1231040,164375656,22918,-2145,56677,61,f92efe00,43.5153787358,-79.68391104883,177.346,-37.1,SOL_COMPUTED,SINGLE,good,1.4711,1.6443,3.0475,16,13,0.0,0.0,0,0,0,0,0,0,0,0,0,SPECTRUMANALYSIS,L5,1187.905,0.879,-59.025,-111.39
2026-05-25 09:00:16.606473,1779714016.606473,2420,133235.0,,,,,,,,,,,,,,,,0.0000,,,,0.0,0.0,0.0,0.0,0.0,0.0,0.0,0.0,0.0,2104036,-1191058,164274777,-6104,-195,57313,61,f92cfe00,43.51537912476,-79.68391022605,177.3256,-37.1,SOL_COMPUTED,SINGLE,good,1.472,1.6457,3.0512,16,13,0.0,0.0,0,0,0,0,0,0,0,0,0,SPECTRUMANALYSIS,L5,1187.905,0.879,-59.025,-111.39
2026-05-25 09:00:17.606300,1779714017.606300,2420,133236.0,,,,,,,,,,,,,,,,0.0000,,,,0.0,0.0,0.0,0.0,0.0,0.0,0.0,0.0,0.0,2101130,-1249373,164344946,4348,-56718,46058,61,f92afe00,43.51537950636,-79.6839094321,177.2599,-37.1,SOL_COMPUTED,SINGLE,good,1.4723,1.6462,3.0525,16,13,0.0,0.0,0,0,0,0,0,0,0,0,0,SPECTRUMANALYSIS,L5,1187.905,0.879,-59.025,-111.39
2026-05-25 09:00:18.607702,1779714018.607702,2420,133237.0,,,,,,,,,,,,,,,,0.0000,,,,0.0,0.0,0.0,0.0,0.0,0.0,0.0,0.0,0.0,2101682,-1179243,164372174,-21287,28431,-1461,61,f928fe00,43.51537984851,-79.68390855314,177.1764,-37.1,SOL_COMPUTED,SINGLE,good,1.4728,1.6471,3.0555,16,13,0.0,0.0,0,0,0,0,0,0,0,0,0,—,—,0.0,0.0,0.0,0.0
2026-05-25 09:00:19.606591,1779714019.606591,2420,133238.0,,,,,,,,,,,,,,,,0.0000,,,,0.0,0.0,0.0,0.0,0.0,0.0,0.0,0.0,0.0,2083828,-1166824,164349437,27334,-16419,58229,61,f926fe00,43.5153801793,-79.68390752853,177.0768,-37.1,SOL_COMPUTED,SINGLE,good,1.4734,1.6475,3.0584,16,13,0.0,0.0,0,0,0,0,0,0,0,0,0,—,—,0.0,0.0,0.0,0.0
2026-05-25 09:00:20.606028,1779714020.606028,2420,133239.0,,,,,,,,,,,,,,,,0.0000,,,,0.0,0.0,0.0,0.0,0.0,0.0,0.0,0.0,0.0,2098831,-1226628,164322377,-71724,8549,30278,61,f924fe00,43.51538055239,-79.68390648329,176.9406,-37.1,SOL_COMPUTED,SINGLE,good,1.4755,1.6506,3.0654,16,13,0.0,0.0,0,0,0,0,0,0,0,0,0,—,—,0.0,0.0,0.0,0.0
2026-05-25 09:00:21.607713,1779714021.607713,2420,133240.0,,,,,,,,,,,,,,,,0.0000,,,,0.0,0.0,0.0,0.0,0.0,0.0,0.0,0.0,0.0,2168357,-1182935,164350707,-13244,-20850,20496,61,f922fe00,43.51538091562,-79.68390524287,176.7878,-37.1,SOL_COMPUTED,SINGLE,good,1.4756,1.6501,3.0683,16,13,0.0,0.0,0,0,0,0,0,0,0,0,0,—,—,0.0,0.0,0.0,0.0
2026-05-25 09:00:22.606280,1779714022.606280,2420,133241.0,,,,,,,,,,,,,,,,0.0000,,,,0.0,0.0,0.0,0.0,0.0,0.0,0.0,0.0,0.0,2093614,-1187129,164301369,-25790,-2943,41153,61,f920fe00,43.51538129497,-79.68390392035,176.6088,-37.1,SOL_COMPUTED,SINGLE,good,1.4764,1.6498,3.0672,16,13,0.0,0.0,0,0,0,0,0,0,0,0,0,—,—,0.0,0.0,0.0,0.0
2026-05-25 09:00:23.606280,1779714023.606280,2420,133242.0,,,,,,,,,,,,,,,,0.0000,,,,0.0,0.0,0.0,0.0,0.0,0.0,0.0,0.0,0.0,2103090,-1153996,164334253,-5387,-4619,47946,61,f91efe00,43.51538701074,-79.68391421811,179.3534,-37.1,SOL_COMPUTED,SINGLE,good,1.5518,1.8128,3.872,14,11,0.0,0.0,0,0,0,0,0,0,0,0,0,—,—,0.0,0.0,0.0,0.0
2026-05-25 09:00:24.607229,1779714024.607229,2420,133243.0,,,,,,,,,,,,,,,,0.0000,,,,0.0,0.0,0.0,0.0,0.0,0.0,0.0,0.0,0.0,2107343,-1227766,164362941,-33470,3734,42315,61,f91cfe00,43.51538716465,-79.68391252412,179.0896,-37.1,SOL_COMPUTED,SINGLE,good,1.552,1.8104,3.8612,16,13,0.0,0.0,0,0,0,0,0,0,0,0,0,SPECTRUMANALYSIS,L5,1187.979,0.879,-59.59,-113.219
2026-05-25 09:00:25.607702,1779714025.607702,2420,133244.0,,,,,,,,,,,,,,,,0.0000,,,,0.0,0.0,0.0,0.0,0.0,0.0,0.0,0.0,0.0,2093021,-1202019,164329921,-4298,-14639,48392,61,f91afe00,43.515393156,-79.68391639877,182.2345,-37.1,SOL_COMPUTED,SINGLE,good,1.5275,1.809,3.6219,16,12,0.0,0.0,0,0,0,0,0,0,0,0,0,SPECTRUMANALYSIS,L5,1187.979,0.879,-59.59,-113.219
2026-05-25 09:00:26.606868,1779714026.606868,2420,133245.0,,,,,,,,,,,,,,,,0.0000,,,,0.0,0.0,0.0,0.0,0.0,0.0,0.0,0.0,0.0,2083808,-1209137,164369346,-31769,16892,34583,61,f918fe00,43.51539445136,-79.68391581783,183.6317,-37.1,SOL_COMPUTED,SINGLE,good,1.5367,1.816,3.7073,16,12,0.0,0.0,0,0,0,0,0,0,0,0,0,SPECTRUMANALYSIS,L5,1187.979,0.879,-59.59,-113.219
2026-05-25 09:00:27.606677,1779714027.606677,2420,133246.0,,,,,,,,,,,,,,,,0.0000,,,,0.0,0.0,0.0,0.0,0.0,0.0,0.0,0.0,0.0,2068704,-1169802,164381786,-16507,3968,48699,61,f917fe00,43.51538871431,-79.68391192315,179.1871,-37.1,SOL_COMPUTED,SINGLE,good,1.5613,1.8221,4.1416,15,11,0.0,0.0,0,0,0,0,0,0,0,0,0,SPECTRUMANALYSIS,L5,1187.869,1.099,-58.536,-110.21
2026-05-25 09:00:28.607788,1779714028.607788,2420,133247.0,,,,,,,,,,,,,,,,0.0000,,,,0.0,0.0,0.0,0.0,0.0,0.0,0.0,0.0,0.0,2107153,-1236989,164361619,-10018,2010,39338,61,f914fe00,43.51539667975,-79.68392269241,172.2756,-37.1,SOL_COMPUTED,SINGLE,good,1.56,1.8197,4.0879,15,11,0.0,0.0,0,0,0,0,0,0,0,0,0,SPECTRUMANALYSIS,L5,1187.869,1.099,-58.536,-110.21
2026-05-25 09:00:29.614933,1779714029.614933,2420,133248.0,,,,,,,,,,,,,,,,0.0000,,,,0.0,0.0,0.0,0.0,0.0,0.0,0.0,0.0,0.0,2096577,-1252201,164316956,-34352,10935,50836,61,f913fe00,43.51539184791,-79.68391021992,183.5956,-37.1,SOL_COMPUTED,SINGLE,good,1.575,1.8409,4.2114,15,11,0.0,0.0,0,0,0,0,0,0,0,0,0,SPECTRUMANALYSIS,L5,1187.869,1.099,-58.536,-110.21
2026-05-25 09:00:30.606631,1779714030.606631,2420,133249.0,,,,,,,,,,,,,,,,0.0000,,,,0.0,0.0,0.0,0.0,0.0,0.0,0.0,0.0,0.0,2083871,-1249216,164421675,-37163,-13271,47403,61,f910fe00,43.51538979375,-79.68390979894,179.3947,-37.1,SOL_COMPUTED,SINGLE,good,1.5803,1.8405,4.5998,14,10,0.0,0.0,0,0,0,0,0,0,0,0,0,SPECTRUMANALYSIS,L5,1188.088,1.392,-59.027,-113.015
2026-05-25 09:00:31.607488,1779714031.607488,2420,133250.0,,,,,,,,,,,,,,,,0.0000,,,,0.0,0.0,0.0,0.0,0.0,0.0,0.0,0.0,0.0,2136894,-1258207,164309937,16078,-20616,30243,61,f90ffe00,43.51539307218,-79.68390937956,183.5557,-37.1,SOL_COMPUTED,SINGLE,good,1.5711,1.8407,3.8472,15,11,0.0,0.0,0,0,0,0,0,0,0,0,0,SPECTRUMANALYSIS,L5,1188.088,1.392,-59.027,-113.015
2026-05-25 09:00:32.606576,1779714032.606576,2420,133251.0,,,,,,,,,,,,,,,,0.0000,,,,0.0,0.0,0.0,0.0,0.0,0.0,0.0,0.0,0.0,2142702,-1233367,164321241,-24975,-15711,14358,61,f90dfe00,43.51539223146,-79.68390889896,181.3811,-37.1,SOL_COMPUTED,SINGLE,good,1.5707,1.8409,3.8025,15,11,0.0,0.0,0,0,0,0,0,0,0,0,0,SPECTRUMANALYSIS,L5,1188.088,1.392,-59.027,-113.015
2026-05-25 09:00:33.608154,1779714033.608154,2420,133252.0,,,,,,,,,,,,,,,,0.0000,,,,0.0,0.0,0.0,0.0,0.0,0.0,0.0,0.0,0.0,2149510,-1201595,164346854,-5589,-18924,75757,61,f90bfe00,43.51539345135,-79.68390840387,182.3846,-37.1,SOL_COMPUTED,SINGLE,good,1.5698,1.8406,3.7352,15,11,0.0,0.0,0,0,0,0,0,0,0,0,0,—,—,0.0,0.0,0.0,0.0
2026-05-25 09:00:34.607949,1779714034.607949,2420,133253.0,,,,,,,,,,,,,,,,0.0000,,,,0.0,0.0,0.0,0.0,0.0,0.0,0.0,0.0,0.0,2116334,-1242701,164383825,-14202,13318,72854,61,f909fe00,43.51539350067,-79.68390842014,180.7303,-37.1,SOL_COMPUTED,SINGLE,good,1.5676,1.8396,3.6726,16,12,0.0,0.0,0,0,0,0,0,0,0,0,0,—,—,0.0,0.0,0.0,0.0
2026-05-25 09:00:35.618282,1779714035.618282,2420,133254.0,,,,,,,,,,,,,,,,0.0000,,,,0.0,0.0,0.0,0.0,0.0,0.0,0.0,0.0,0.0,2144151,-1231522,164361103,-45631,23940,39271,61,f907fe00,43.51538772249,-79.68390748033,171.639,-37.1,SOL_COMPUTED,SINGLE,good,1.5679,1.8404,3.5857,16,11,0.0,0.0,0,0,0,0,0,0,0,0,0,—,—,0.0,0.0,0.0,0.0
2026-05-25 09:00:36.608145,1779714036.608145,2420,133255.0,,,,,,,,,,,,,,,,0.0000,,,,0.0,0.0,0.0,0.0,0.0,0.0,0.0,0.0,0.0,2135623,-1266252,164369601,2835,-34193,37696,61,f905fe00,43.51538003637,-79.68389318745,168.0004,-37.1,SOL_COMPUTED,SINGLE,good,1.5552,1.5389,3.1592,16,13,0.0,0.0,0,0,0,0,0,0,0,0,0,—,—,0.0,0.0,0.0,0.0
2026-05-25 09:00:37.606545,1779714037.606545,2420,133256.0,,,,,,,,,,,,,,,,0.0000,,,,0.0,0.0,0.0,0.0,0.0,0.0,0.0,0.0,0.0,2134753,-1149196,164278961,27397,-19729,48674,61,f903fe00,43.51538336128,-79.68389601288,170.1131,-37.1,SOL_COMPUTED,SINGLE,good,1.5544,1.5424,3.1431,16,13,0.0,0.0,0,0,0,0,0,0,0,0,0,—,—,0.0,0.0,0.0,0.0
2026-05-25 09:00:38.608385,1779714038.608385,2420,133257.0,,,,,,,,,,,,,,,,0.0000,,,,0.0,0.0,0.0,0.0,0.0,0.0,0.0,0.0,0.0,2133983,-1260450,164341987,-18760,22321,45163,61,f901fe00,43.51538434284,-79.68389683612,170.4498,-37.1,SOL_COMPUTED,SINGLE,good,1.5535,1.5456,3.1329,16,13,0.0,0.0,0,0,0,0,0,0,0,0,0,—,—,0.0,0.0,0.0,0.0
2026-05-25 09:00:39.606555,1779714039.606555,2420,133258.0,,,,,,,,,,,,,,,,0.0000,,,,0.0,0.0,0.0,0.0,0.0,0.0,0.0,0.0,0.0,2124108,-1212903,164374244,-38977,4145,60997,61,f8fffe00,43.51537479144,-79.68389578134,168.1593,-37.1,SOL_COMPUTED,SINGLE,good,1.511,1.5446,3.1131,16,14,0.0,0.0,0,0,0,0,0,0,0,0,0,SPECTRUMANALYSIS,L5,1187.979,1.025,-59.138,-111.41
2026-05-25 09:00:40.606843,1779714040.606843,2420,133259.0,,,,,,,,,,,,,,,,0.0000,,,,0.0,0.0,0.0,0.0,0.0,0.0,0.0,0.0,0.0,2085744,-1160147,164349429,-33427,-27602,64198,61,f8fdfe00,43.51537303659,-79.68389467179,166.4717,-37.1,SOL_COMPUTED,SINGLE,good,1.5104,1.5485,3.1015,16,14,0.0,0.0,0,0,0,0,0,0,0,0,0,SPECTRUMANALYSIS,L5,1187.979,1.025,-59.138,-111.41
2026-05-25 09:00:41.615191,1779714041.615191,2420,133260.0,,,,,,,,,,,,,,,,0.0000,,,,0.0,0.0,0.0,0.0,0.0,0.0,0.0,0.0,0.0,2096734,-1182480,164351580,-2528,35595,38750,61,f8fcfe00,43.51537413142,-79.68389655825,166.8996,-37.1,SOL_COMPUTED,SINGLE,good,1.5099,1.5717,3.1018,16,14,0.0,0.0,0,0,0,0,0,0,0,0,0,SPECTRUMANALYSIS,L5,1187.979,1.025,-59.138,-111.41
2026-05-25 09:00:42.606596,1779714042.606596,2420,133261.0,,,,,,,,,,,,,,,,0.0000,,,,0.0,0.0,0.0,0.0,0.0,0.0,0.0,0.0,0.0,2080850,-1206505,164421625,3393,12253,18141,61,f8fafe00,43.51537636333,-79.68389884661,168.1952,-37.1,SOL_COMPUTED,SINGLE,good,1.5109,1.5793,3.0982,16,14,0.0,0.0,0,0,0,0,0,0,0,0,0,SPECTRUMANALYSIS,L5,1187.979,0.879,-60.962,-112.425
2026-05-25 09:00:43.607492,1779714043.607492,2420,133262.0,,,,,,,,,,,,,,,,0.0000,,,,0.0,0.0,0.0,0.0,0.0,0.0,0.0,0.0,0.0,2071918,-1192666,164409136,-19356,1762,18928,61,f8f8fe00,43.51537951013,-79.68390193033,170.091,-37.1,SOL_COMPUTED,SINGLE,good,1.5116,1.6206,3.1043,16,14,0.0,0.0,0,0,0,0,0,0,0,0,0,SPECTRUMANALYSIS,L5,1187.979,0.879,-60.962,-112.425
2026-05-25 09:00:44.611355,1779714044.611355,2420,133263.0,,,,,,,,,,,,,,,,0.0000,,,,0.0,0.0,0.0,0.0,0.0,0.0,0.0,0.0,0.0,2098145,-1146906,164419618,-50611,16555,52721,61,f8f5fe00,43.5153823368,-79.68390445958,171.8105,-37.1,SOL_COMPUTED,SINGLE,good,1.5122,1.7037,3.1242,16,14,0.0,0.0,0,0,0,0,0,0,0,0,0,SPECTRUMANALYSIS,L5,1187.979,0.879,-60.962,-112.425
2026-05-25 09:00:45.608179,1779714045.608179,2420,133264.0,,,,,,,,,,,,,,,,0.0000,,,,0.0,0.0,0.0,0.0,0.0,0.0,0.0,0.0,0.0,2113227,-1230166,164420373,-21944,-10544,42642,61,f8f4fe00,43.51538425405,-79.68390452995,172.8096,-37.1,SOL_COMPUTED,SINGLE,good,1.5127,1.8353,3.1579,15,13,0.0,0.0,0,0,0,0,0,0,0,0,0,SPECTRUMANALYSIS,L5,1187.759,1.318,-60.572,-114.249
2026-05-25 09:00:46.607977,1779714046.607977,2420,133265.0,,,,,,,,,,,,,,,,0.0000,,,,0.0,0.0,0.0,0.0,0.0,0.0,0.0,0.0,0.0,2161437,-1165204,164347204,8605,29802,50020,61,f8f2fe00,43.51538592966,-79.68390414109,173.6442,-37.1,SOL_COMPUTED,SINGLE,good,1.5129,1.8352,3.1605,15,13,0.0,0.0,0,0,0,0,0,0,0,0,0,SPECTRUMANALYSIS,L5,1187.759,1.318,-60.572,-114.249
2026-05-25 09:00:47.607749,1779714047.607749,2420,133266.0,,,,,,,,,,,,,,,,0.0000,,,,0.0,0.0,0.0,0.0,0.0,0.0,0.0,0.0,0.0,2115498,-1227924,164430635,-24686,14799,52972,61,f8f0fe00,43.51538625155,-79.68390364867,173.4986,-37.1,SOL_COMPUTED,SINGLE,good,1.513,1.8349,3.1644,16,13,0.0,0.0,0,0,0,0,0,0,0,0,0,SPECTRUMANALYSIS,L5,1187.759,1.318,-60.572,-114.249
2026-05-25 09:00:48.608111,1779714048.608111,2420,133267.0,,,,,,,,,,,,,,,,0.0000,,,,0.0,0.0,0.0,0.0,0.0,0.0,0.0,0.0,0.0,2078071,-1232267,164381358,-6273,21067,15775,61,f8eefe00,43.51538703278,-79.68390319179,173.5975,-37.1,SOL_COMPUTED,SINGLE,good,1.514,1.8354,3.1733,16,13,0.0,0.0,0,0,0,0,0,0,0,0,0,SPECTRUMANALYSIS,L5,1187.832,1.025,-59.429,-112.207
2026-05-25 09:00:49.607323,1779714049.607323,2420,133268.0,,,,,,,,,,,,,,,,0.0000,,,,0.0,0.0,0.0,0.0,0.0,0.0,0.0,0.0,0.0,2092502,-1235224,164338849,35475,970,50049,61,f8ecfe00,43.51538792883,-79.68390277152,173.5921,-37.1,SOL_COMPUTED,SINGLE,good,1.515,1.8355,3.1952,16,13,0.0,0.0,0,0,0,0,0,0,0,0,0,SPECTRUMANALYSIS,L5,1187.832,1.025,-59.429,-112.207
2026-05-25 09:00:50.608772,1779714050.608772,2420,133269.0,,,,,,,,,,,,,,,,0.0000,,,,0.0,0.0,0.0,0.0,0.0,0.0,0.0,0.0,0.0,2101241,-1172364,164418224,-7122,-36493,29477,61,f8eafe00,43.51538898673,-79.68390235231,173.983,-37.1,SOL_COMPUTED,SINGLE,good,1.5152,1.8354,3.192,16,13,0.0,0.0,0,0,0,0,0,0,0,0,0,SPECTRUMANALYSIS,L5,1187.832,1.025,-59.429,-112.207
2026-05-25 09:00:51.608111,1779714051.608111,2420,133270.0,,,,,,,,,,,,,,,,0.0000,,,,0.0,0.0,0.0,0.0,0.0,0.0,0.0,0.0,0.0,2045091,-1191093,164400892,2404,43490,69210,61,f8e8fe00,43.51539132756,-79.68390244552,173.0577,-37.1,SOL_COMPUTED,SINGLE,good,1.525,1.8362,3.4145,15,12,0.0,0.0,0,0,0,0,0,0,0,0,0,SPECTRUMANALYSIS,L5,1187.869,0.952,-60.675,-112.979
2026-05-25 09:00:52.607449,1779714052.607449,2420,133271.0,,,,,,,,,,,,,,,,0.0000,,,,0.0,0.0,0.0,0.0,0.0,0.0,0.0,0.0,0.0,2111262,-1237571,164350007,-12544,4385,44652,61,f8e6fe00,43.51539195054,-79.68390193093,173.017,-37.1,SOL_COMPUTED,SINGLE,good,1.525,1.836,3.4133,15,12,0.0,0.0,0,0,0,0,0,0,0,0,0,SPECTRUMANALYSIS,L5,1187.869,0.952,-60.675,-112.979
2026-05-25 09:00:53.609566,1779714053.609566,2420,133272.0,,,,,,,,,,,,,,,,0.0000,,,,0.0,0.0,0.0,0.0,0.0,0.0,0.0,0.0,0.0,2174139,-1206820,164401186,-16433,2190,39002,61,f8e4fe00,43.51539285742,-79.68390140508,173.5094,-37.1,SOL_COMPUTED,SINGLE,good,1.5247,1.8362,3.4109,16,12,0.0,0.0,0,0,0,0,0,0,0,0,0,SPECTRUMANALYSIS,L5,1187.869,0.952,-60.675,-112.979
2026-05-25 09:00:54.606774,1779714054.606774,2420,133273.0,,,,,,,,,,,,,,,,0.0000,,,,0.0,0.0,0.0,0.0,0.0,0.0,0.0,0.0,0.0,2093689,-1219719,164402311,16391,21536,44261,61,f8e2fe00,43.51539376845,-79.68390090054,174.0548,-37.1,SOL_COMPUTED,SINGLE,good,1.5251,1.8365,3.4106,16,12,0.0,0.0,0,0,0,0,0,0,0,0,0,SPECTRUMANALYSIS,L5,1187.979,1.172,-59.076,-112.055
2026-05-25 09:00:55.608112,1779714055.608112,2420,133274.0,,,,,,,,,,,,,,,,0.0000,,,,0.0,0.0,0.0,0.0,0.0,0.0,0.0,0.0,0.0,2124415,-1194001,164387634,-12528,-21491,28761,61,f8e0fe00,43.51539243479,-79.68389805159,174.8089,-37.1,SOL_COMPUTED,SINGLE,good,1.4525,1.7901,3.2276,16,13,0.0,0.0,0,0,0,0,0,0,0,0,0,SPECTRUMANALYSIS,L5,1187.979,1.172,-59.076,-112.055
2026-05-25 09:00:56.607851,1779714056.607851,2420,133275.0,,,,,,,,,,,,,,,,0.0000,,,,0.0,0.0,0.0,0.0,0.0,0.0,0.0,0.0,0.0,2185652,-1184818,164391098,-469,-10025,49975,61,f8dffe00,43.5153930695,-79.68389757102,174.7553,-37.1,SOL_COMPUTED,SINGLE,good,1.4525,1.7901,3.2267,17,13,0.0,0.0,0,0,0,0,0,0,0,0,0,SPECTRUMANALYSIS,L5,1187.979,1.172,-59.076,-112.055
2026-05-25 09:00:57.607126,1779714057.607126,2420,133276.0,,,,,,,,,,,,,,,,0.0000,,,,0.0,0.0,0.0,0.0,0.0,0.0,0.0,0.0,0.0,2147503,-1300086,164336340,-6178,13534,76217,61,f8ddfe00,43.51539356528,-79.68389693129,174.7248,-37.1,SOL_COMPUTED,SINGLE,good,1.4526,1.7901,3.2267,17,13,0.0,0.0,0,0,0,0,0,0,0,0,0,—,—,0.0,0.0,0.0,0.0
2026-05-25 09:00:58.607716,1779714058.607716,2420,133277.0,,,,,,,,,,,,,,,,0.0000,,,,0.0,0.0,0.0,0.0,0.0,0.0,0.0,0.0,0.0,2095033,-1214643,164324711,-12050,-35269,38775,61,f8dbfe00,43.51539419843,-79.6838963389,174.6284,-37.1,SOL_COMPUTED,SINGLE,good,1.4524,1.7901,3.225,17,13,0.0,0.0,0,0,0,0,0,0,0,0,0,—,—,0.0,0.0,0.0,0.0
2026-05-25 09:00:59.607547,1779714059.607547,2420,133278.0,,,,,,,,,,,,,,,,0.0000,,,,0.0,0.0,0.0,0.0,0.0,0.0,0.0,0.0,0.0,2144850,-1264435,164317825,-23703,-12233,30086,61,f8d9fe00,43.51539452168,-79.68389544287,174.4791,-37.1,SOL_COMPUTED,SINGLE,good,1.4535,1.7907,3.2265,17,13,0.0,0.0,0,0,0,0,0,0,0,0,0,—,—,0.0,0.0,0.0,0.0
2026-05-25 09:01:00.607468,1779714060.607468,2420,133279.0,,,,,,,,,,,,,,,,0.0000,,,,0.0,0.0,0.0,0.0,0.0,0.0,0.0,0.0,0.0,1880390,-1174614,165351356,169696,200774,149503,61,f8d7fe00,43.51539510367,-79.68389512289,174.2484,-37.1,SOL_COMPUTED,SINGLE,good,1.4527,1.7895,3.2251,17,13,0.0,0.0,0,0,0,0,0,0,0,0,0,—,—,0.0,0.0,0.0,0.0
2026-05-25 09:01:01.612601,1779714061.612601,2420,133280.0,,,,,,,,,,,,,,,,0.0000,,,,0.0,0.0,0.0,0.0,0.0,0.0,0.0,0.0,0.0,2179316,-1219013,164469057,-75048,34215,60197,61,f8d6fe00,43.51539547249,-79.68389448907,174.0511,-37.1,SOL_COMPUTED,SINGLE,good,1.4541,1.7903,3.2303,17,13,0.0,0.0,0,0,0,0,0,0,0,0,0,—,—,0.0,0.0,0.0,0.0
2026-05-25 09:01:02.607709,1779714062.607709,2420,133281.0,,,,,,,,,,,,,,,,0.0000,,,,0.0,0.0,0.0,0.0,0.0,0.0,0.0,0.0,0.0,2081550,-1219521,164348568,7483,-4530,29370,61,f8d4fe00,43.5153957687,-79.68389373498,173.7907,-37.1,SOL_COMPUTED,SINGLE,good,1.4538,1.7893,3.2282,17,13,0.0,0.0,0,0,0,0,0,0,0,0,0,—,—,0.0,0.0,0.0,0.0
2026-05-25 09:01:03.607267,1779714063.607267,2420,133282.0,,,,,,,,,,,,,,,,0.0000,,,,0.0,0.0,0.0,0.0,0.0,0.0,0.0,0.0,0.0,2112855,-1189601,164384841,-39003,2829,23877,61,f8d1fe00,43.51539677399,-79.68389439709,173.8974,-37.1,SOL_COMPUTED,SINGLE,good,1.4765,1.8326,3.4141,16,12,0.0,0.0,0,0,0,0,0,0,0,0,0,SPECTRUMANALYSIS,L5,1188.052,1.025,-60.528,-112.58
2026-05-25 09:01:04.606939,1779714064.606939,2420,133283.0,,,,,,,,,,,,,,,,0.0000,,,,0.0,0.0,0.0,0.0,0.0,0.0,0.0,0.0,0.0,2124217,-1206120,164422893,-8729,175,58037,61,f8d0fe00,43.51539763017,-79.68389395274,173.7499,-37.1,SOL_COMPUTED,SINGLE,good,1.4727,1.8291,3.4037,16,12,0.0,0.0,0,0,0,0,0,0,0,0,0,SPECTRUMANALYSIS,L5,1188.052,1.025,-60.528,-112.58
2026-05-25 09:01:05.608733,1779714065.608733,2420,133284.0,,,,,,,,,,,,,,,,0.0000,,,,0.0,0.0,0.0,0.0,0.0,0.0,0.0,0.0,0.0,2125597,-1143925,164325618,-17517,-27679,66739,61,f8cefe00,43.51539827282,-79.68389373877,173.6808,-37.1,SOL_COMPUTED,SINGLE,good,1.4734,1.8297,3.4055,16,12,0.0,0.0,0,0,0,0,0,0,0,0,0,SPECTRUMANALYSIS,L5,1188.052,1.025,-60.528,-112.58
2026-05-25 09:01:06.606228,1779714066.606228,2420,133285.0,,,,,,,,,,,,,,,,0.0000,,,,0.0,0.0,0.0,0.0,0.0,0.0,0.0,0.0,0.0,2118170,-1200881,164410611,-10355,7944,28119,61,f8ccfe00,43.51539017684,-79.68387377967,169.1307,-37.1,SOL_COMPUTED,SINGLE,good,1.4547,1.7887,3.2351,17,13,0.0,0.0,0,0,0,0,0,0,0,0,0,SPECTRUMANALYSIS,L5,1187.979,0.879,-56.649,-108.716
2026-05-25 09:01:07.607754,1779714067.607754,2420,133286.0,,,,,,,,,,,,,,,,0.0000,,,,0.0,0.0,0.0,0.0,0.0,0.0,0.0,0.0,0.0,2151704,-1178139,164363039,-32899,13076,53749,61,f8cafe00,43.51539108394,-79.68387748502,169.4195,-37.1,SOL_COMPUTED,SINGLE,good,1.4538,1.5191,3.1246,17,14,0.0,0.0,0,0,0,0,0,0,0,0,0,SPECTRUMANALYSIS,L5,1187.979,0.879,-56.649,-108.716
2026-05-25 09:01:08.608342,1779714068.608342,2420,133287.0,,,,,,,,,,,,,,,,0.0000,,,,0.0,0.0,0.0,0.0,0.0,0.0,0.0,0.0,0.0,2112464,-1196696,164347126,1906,-27920,30343,61,f8c8fe00,43.51540062428,-79.68389107043,173.3678,-37.1,SOL_COMPUTED,SINGLE,good,1.472,1.5408,3.2658,17,13,0.0,0.0,0,0,0,0,0,0,0,0,0,SPECTRUMANALYSIS,L5,1187.979,0.879,-56.649,-108.716
2026-05-25 09:01:09.607680,1779714069.607680,2420,133288.0,,,,,,,,,,,,,,,,0.0000,,,,0.0,0.0,0.0,0.0,0.0,0.0,0.0,0.0,0.0,2088132,-1224169,164337647,-19575,5261,75817,61,f8c6fe00,43.51540129504,-79.68389097344,173.3451,-37.1,SOL_COMPUTED,SINGLE,good,1.4727,1.54,3.2671,17,13,0.0,0.0,0,0,0,0,0,0,0,0,0,SPECTRUMANALYSIS,L5,1188.015,0.952,-59.575,-112.244
2026-05-25 09:01:10.606879,1779714070.606879,2420,133289.0,,,,,,,,,,,,,,,,0.0000,,,,0.0,0.0,0.0,0.0,0.0,0.0,0.0,0.0,0.0,2091782,-1170686,164390173,25770,-2116,8008,61,f8c4fe00,43.51540193458,-79.68389168852,173.4042,-37.1,SOL_COMPUTED,SINGLE,good,1.4725,1.5409,3.2668,17,13,0.0,0.0,0,0,0,0,0,0,0,0,0,SPECTRUMANALYSIS,L5,1188.015,0.952,-59.575,-112.244
2026-05-25 09:01:11.619733,1779714071.619733,2420,133290.0,,,,,,,,,,,,,,,,0.0000,,,,0.0,0.0,0.0,0.0,0.0,0.0,0.0,0.0,0.0,2133634,-1196242,164339957,-9579,30610,25699,61,f8c2fe00,43.51540256165,-79.6838918988,173.4531,-37.1,SOL_COMPUTED,SINGLE,good,1.4733,1.5401,3.2676,17,13,0.0,0.0,0,0,0,0,0,0,0,0,0,SPECTRUMANALYSIS,L5,1188.015,0.952,-59.575,-112.244
2026-05-25 09:01:12.607739,1779714072.607739,2420,133291.0,,,,,,,,,,,,,,,,0.0000,,,,0.0,0.0,0.0,0.0,0.0,0.0,0.0,0.0,0.0,2079934,-1183708,164418294,4531,35889,48255,61,f8c0fe00,43.51540304695,-79.68389186182,173.4413,-37.1,SOL_COMPUTED,SINGLE,good,1.4723,1.5396,3.2651,17,13,0.0,0.0,0,0,0,0,0,0,0,0,0,SPECTRUMANALYSIS,L5,1187.942,0.952,-60.013,-114.044
2026-05-25 09:01:13.611142,1779714073.611142,2420,133292.0,,,,,,,,,,,,,,,,0.0000,,,,0.0,0.0,0.0,0.0,0.0,0.0,0.0,0.0,0.0,2162172,-1279740,164420944,-30722,21964,39654,61,f8bffe00,43.51540351346,-79.68389088469,173.3791,-37.1,SOL_COMPUTED,SINGLE,good,1.4721,1.5395,3.264,17,13,0.0,0.0,0,0,0,0,0,0,0,0,0,SPECTRUMANALYSIS,L5,1187.942,0.952,-60.013,-114.044
2026-05-25 09:01:14.609952,1779714074.609952,2420,133293.0,,,,,,,,,,,,,,,,0.0000,,,,0.0,0.0,0.0,0.0,0.0,0.0,0.0,0.0,0.0,2147588,-1183948,164403118,8060,52893,12928,61,f8bdfe00,43.5154039515,-79.68389043341,173.3727,-37.1,SOL_COMPUTED,SINGLE,good,1.4737,1.5391,3.2681,17,13,0.0,0.0,0,0,0,0,0,0,0,0,0,SPECTRUMANALYSIS,L5,1187.942,0.952,-60.013,-114.044
2026-05-25 09:01:15.611668,1779714075.611668,2420,133294.0,,,,,,,,,,,,,,,,0.0000,,,,0.0,0.0,0.0,0.0,0.0,0.0,0.0,0.0,0.0,2091088,-1155801,164273694,-9759,-9758,50464,61,f8bbfe00,43.51540430761,-79.68388967611,173.3533,-37.1,SOL_COMPUTED,SINGLE,good,1.4755,1.5403,3.2724,17,13,0.0,0.0,0,0,0,0,0,0,0,0,0,SPECTRUMANALYSIS,L5,1187.869,0.952,-58.937,-110.759
2026-05-25 09:01:16.609519,1779714076.609519,2420,133295.0,,,,,,,,,,,,,,,,0.0000,,,,0.0,0.0,0.0,0.0,0.0,0.0,0.0,0.0,0.0,2100013,-1155957,164314298,-2673,-11792,46767,61,f8b9fe00,43.51538535266,-79.68391324156,172.2019,-37.1,SOL_COMPUTED,SINGLE,good,1.5677,1.6272,3.066,17,13,0.0,0.0,0,0,0,0,0,0,0,0,0,SPECTRUMANALYSIS,L5,1187.869,0.952,-58.937,-110.759
2026-05-25 09:01:17.609442,1779714077.609442,2420,133296.0,,,,,,,,,,,,,,,,0.0000,,,,0.0,0.0,0.0,0.0,0.0,0.0,0.0,0.0,0.0,2161590,-1225500,164345460,9270,4578,49050,61,f8b7fe00,43.51538523299,-79.683913076,172.4053,-37.1,SOL_COMPUTED,SINGLE,good,1.5678,1.6273,3.0662,17,13,0.0,0.0,0,0,0,0,0,0,0,0,0,SPECTRUMANALYSIS,L5,1187.869,0.952,-58.937,-110.759
2026-05-25 09:01:18.609022,1779714078.609022,2420,133297.0,,,,,,,,,,,,,,,,0.0000,,,,0.0,0.0,0.0,0.0,0.0,0.0,0.0,0.0,0.0,2104782,-1212979,164390933,2468,-7737,55707,61,f8b5fe00,43.51538506919,-79.68391267259,172.5441,-37.1,SOL_COMPUTED,SINGLE,good,1.57,1.6273,3.07,17,13,0.0,0.0,0,0,0,0,0,0,0,0,0,—,—,0.0,0.0,0.0,0.0
2026-05-25 09:01:19.608229,1779714079.608229,2420,133298.0,,,,,,,,,,,,,,,,0.0000,,,,0.0,0.0,0.0,0.0,0.0,0.0,0.0,0.0,0.0,2132570,-1155808,164314598,866,-4521,31766,61,f8b4fe00,43.51538471074,-79.68391226202,172.724,-37.1,SOL_COMPUTED,SINGLE,good,1.5722,1.6272,3.0734,17,13,0.0,0.0,0,0,0,0,0,0,0,0,0,—,—,0.0,0.0,0.0,0.0
2026-05-25 09:01:20.607470,1779714080.607470,2420,133299.0,,,,,,,,,,,,,,,,0.0000,,,,0.0,0.0,0.0,0.0,0.0,0.0,0.0,0.0,0.0,2138255,-1193760,164372959,-26374,23382,38560,61,f8b2fe00,43.51538427372,-79.68391196046,172.9501,-37.1,SOL_COMPUTED,SINGLE,good,1.5724,1.6267,3.0733,17,13,0.0,0.0,0,0,0,0,0,0,0,0,0,—,—,0.0,0.0,0.0,0.0
2026-05-25 09:01:21.608469,1779714081.608469,2420,133300.0,,,,,,,,,,,,,,,,0.0000,,,,0.0,0.0,0.0,0.0,0.0,0.0,0.0,0.0,0.0,2126676,-1132882,164341501,-16151,-23109,8389,61,f8b0fe00,43.51538395101,-79.6839113929,173.1159,-37.1,SOL_COMPUTED,SINGLE,good,1.5699,1.6269,3.0693,17,13,0.0,0.0,0,0,0,0,0,0,0,0,0,—,—,0.0,0.0,0.0,0.0
2026-05-25 09:01:22.608089,1779714082.608089,2420,133301.0,,,,,,,,,,,,,,,,0.0000,,,,0.0,0.0,0.0,0.0,0.0,0.0,0.0,0.0,0.0,2089180,-1143129,164442299,-9991,39195,39669,61,f8aefe00,43.51538365988,-79.68391067274,173.269,-37.1,SOL_COMPUTED,SINGLE,good,1.5691,1.6264,3.0676,17,13,0.0,0.0,0,0,0,0,0,0,0,0,0,—,—,0.0,0.0,0.0,0.0
2026-05-25 09:01:23.608324,1779714083.608324,2420,133302.0,,,,,,,,,,,,,,,,0.0000,,,,0.0,0.0,0.0,0.0,0.0,0.0,0.0,0.0,0.0,2152030,-1222173,164380328,-11940,16904,58251,61,f8acfe00,43.51538339789,-79.68390970663,173.3737,-37.1,SOL_COMPUTED,SINGLE,good,1.567,1.6266,3.0642,17,13,0.0,0.0,0,0,0,0,0,0,0,0,0,—,—,0.0,0.0,0.0,0.0
2026-05-25 09:01:24.608675,1779714084.608675,2420,133303.0,,,,,,,,,,,,,,,,0.0000,,,,0.0,0.0,0.0,0.0,0.0,0.0,0.0,0.0,0.0,2065736,-1139962,164336992,-14888,-5470,27350,61,f8aafe00,43.51538301957,-79.68390879405,173.4443,-37.1,SOL_COMPUTED,SINGLE,good,1.5676,1.6267,3.0648,17,13,0.0,0.0,0,0,0,0,0,0,0,0,0,—,—,0.0,0.0,0.0,0.0
2026-05-25 09:01:25.607867,1779714085.607867,2420,133304.0,,,,,,,,,,,,,,,,0.0000,,,,0.0,0.0,0.0,0.0,0.0,0.0,0.0,0.0,0.0,2099223,-1270092,164378469,3030,40212,18983,61,f8a8fe00,43.51538270872,-79.68390768588,173.4869,-37.1,SOL_COMPUTED,SINGLE,good,1.5706,1.6261,3.0697,17,13,0.0,0.0,0,0,0,0,0,0,0,0,0,—,—,0.0,0.0,0.0,0.0
2026-05-25 09:01:26.611573,1779714086.611573,2420,133305.0,,,,,,,,,,,,,,,,0.0000,,,,0.0,0.0,0.0,0.0,0.0,0.0,0.0,0.0,0.0,2096012,-1207212,164370567,-42431,9785,59895,61,f8a6fe00,43.51538235186,-79.68390647085,173.5202,-37.1,SOL_COMPUTED,SINGLE,good,1.5702,1.6263,3.0686,17,13,0.0,0.0,0,0,0,0,0,0,0,0,0,—,—,0.0,0.0,0.0,0.0
2026-05-25 09:01:27.608719,1779714087.608719,2420,133306.0,,,,,,,,,,,,,,,,0.0000,,,,0.0,0.0,0.0,0.0,0.0,0.0,0.0,0.0,0.0,2120812,-1208657,164403048,-4856,-5655,36787,61,f8a4fe00,43.51538194348,-79.68390513848,173.5453,-37.1,SOL_COMPUTED,SINGLE,good,1.5808,1.6266,3.0854,17,13,0.0,0.0,0,0,0,0,0,0,0,0,0,—,—,0.0,0.0,0.0,0.0
2026-05-25 09:01:28.608160,1779714088.608160,2420,133307.0,,,,,,,,,,,,,,,,0.0000,,,,0.0,0.0,0.0,0.0,0.0,0.0,0.0,0.0,0.0,2119703,-1180920,164406108,11541,-18284,67111,61,f8a2fe00,43.51537567161,-79.68389542442,171.2262,-37.1,SOL_COMPUTED,SINGLE,good,1.5659,1.6062,2.9658,17,14,0.0,0.0,0,0,0,0,0,0,0,0,0,SPECTRUMANALYSIS,L5,1187.979,1.025,-56.025,-106.413
2026-05-25 09:01:29.608446,1779714089.608446,2420,133308.0,,,,,,,,,,,,,,,,0.0000,,,,0.0,0.0,0.0,0.0,0.0,0.0,0.0,0.0,0.0,2160548,-1234253,164352580,-30173,-631,65675,61,f8a0fe00,43.51537655373,-79.68389478839,171.595,-37.1,SOL_COMPUTED,SINGLE,good,1.5556,1.6057,2.9509,17,14,0.0,0.0,0,0,0,0,0,0,0,0,0,SPECTRUMANALYSIS,L1,1575.012,1.831,-71.582,-132.052
2026-05-25 09:01:30.612787,1779714090.612787,2420,133309.0,,,,,,,,,,,,,,,,0.0000,,,,0.0,0.0,0.0,0.0,0.0,0.0,0.0,0.0,0.0,2134253,-1185851,164383665,-15156,7857,46535,61,f89efe00,43.5153768084,-79.68389399309,171.808,-37.1,SOL_COMPUTED,SINGLE,good,1.5566,1.6059,2.9525,17,14,0.0,0.0,0,0,0,0,0,0,0,0,0,SPECTRUMANALYSIS,L1,1575.012,1.831,-71.582,-132.052
2026-05-25 09:01:31.608438,1779714091.608438,2420,133310.0,,,,,,,,,,,,,,,,0.0000,,,,0.0,0.0,0.0,0.0,0.0,0.0,0.0,0.0,0.0,2153530,-1220220,164337812,-8292,-908,48027,61,f89cfe00,43.51536818457,-79.68390264927,169.9167,-37.1,SOL_COMPUTED,SINGLE,good,1.4773,1.5596,2.7706,17,15,0.0,0.0,0,0,0,0,0,0,0,0,0,SPECTRUMANALYSIS,L1,1575.012,1.831,-71.582,-132.052
2026-05-25 09:01:32.607933,1779714092.607933,2420,133311.0,,,,,,,,,,,,,,,,0.0000,,,,0.0,0.0,0.0,0.0,0.0,0.0,0.0,0.0,0.0,2032394,-1219972,164407436,-4895,-15887,45070,61,f89bfe00,43.51536816185,-79.6839017059,169.9975,-37.1,SOL_COMPUTED,SINGLE,good,1.4777,1.5598,2.7713,17,15,0.0,0.0,0,0,0,0,0,0,0,0,0,SPECTRUMANALYSIS,L5,1187.869,1.245,-58.704,-109.861
2026-05-25 09:01:33.607112,1779714093.607112,2420,133312.0,,,,,,,,,,,,,,,,0.0000,,,,0.0,0.0,0.0,0.0,0.0,0.0,0.0,0.0,0.0,2092180,-1208551,164341387,-6747,-11128,41092,61,f899fe00,43.51536798112,-79.68390077628,170.0322,-37.1,SOL_COMPUTED,SINGLE,good,1.4781,1.5599,2.7717,17,15,0.0,0.0,0,0,0,0,0,0,0,0,0,SPECTRUMANALYSIS,L5,1187.869,1.245,-58.704,-109.861
2026-05-25 09:01:34.608401,1779714094.608401,2420,133313.0,,,,,,,,,,,,,,,,0.0000,,,,0.0,0.0,0.0,0.0,0.0,0.0,0.0,0.0,0.0,2101791,-1223041,164369657,-26982,10950,41380,61,f897fe00,43.51536803042,-79.68389972066,170.0778,-37.1,SOL_COMPUTED,SINGLE,good,1.476,1.5595,2.769,17,15,0.0,0.0,0,0,0,0,0,0,0,0,0,SPECTRUMANALYSIS,L5,1187.722,1.245,-59.365,-111.645
2026-05-25 09:01:35.607571,1779714095.607571,2420,133314.0,,,,,,,,,,,,,,,,0.0000,,,,0.0,0.0,0.0,0.0,0.0,0.0,0.0,0.0,0.0,2117736,-1202023,164456943,-21713,-5722,34743,61,f896fe00,43.51536732564,-79.68389851728,169.988,-37.1,SOL_COMPUTED,SINGLE,good,1.4826,1.5597,2.7766,17,15,0.0,0.0,0,0,0,0,0,0,0,0,0,SPECTRUMANALYSIS,L5,1187.722,1.245,-59.365,-111.645
2026-05-25 09:01:36.607323,1779714096.607323,2420,133315.0,,,,,,,,,,,,,,,,0.0000,,,,0.0,0.0,0.0,0.0,0.0,0.0,0.0,0.0,0.0,2035070,-1196189,164417710,3379,32002,40370,61,f894fe00,43.51565597509,-79.68384211764,171.3908,-37.1,SOL_COMPUTED,SINGLE,good,2.2052,2.0132,3.6309,17,8,0.0,0.0,0,0,0,0,0,0,0,0,0,SPECTRUMANALYSIS,L5,1187.722,1.245,-59.365,-111.645
2026-05-25 09:01:37.609315,1779714097.609315,2420,133316.0,,,,,,,,,,,,,,,,0.0000,,,,0.0,0.0,0.0,0.0,0.0,0.0,0.0,0.0,0.0,2163467,-1182281,164303886,5087,6874,49517,61,f892fe00,43.51536811376,-79.68389670482,170.1338,-37.1,SOL_COMPUTED,SINGLE,good,1.4805,1.5594,2.7743,17,15,0.0,0.0,0,0,0,0,0,0,0,0,0,SPECTRUMANALYSIS,L5,1188.088,1.392,-58.486,-111.079
2026-05-25 09:01:38.608595,1779714098.608595,2420,133317.0,,,,,,,,,,,,,,,,0.0000,,,,0.0,0.0,0.0,0.0,0.0,0.0,0.0,0.0,0.0,2115601,-1192926,164345002,-454,-2990,55744,61,f890fe00,43.51537964321,-79.68389779562,172.0379,-37.1,SOL_COMPUTED,SINGLE,good,1.4818,1.5594,2.7759,17,15,0.0,0.0,0,0,0,0,0,0,0,0,0,SPECTRUMANALYSIS,L5,1188.088,1.392,-58.486,-111.079
2026-05-25 09:01:39.610195,1779714099.610195,2420,133318.0,,,,,,,,,,,,,,,,0.0000,,,,0.0,0.0,0.0,0.0,0.0,0.0,0.0,0.0,0.0,2040581,-1203689,164354638,13944,6493,35363,61,f88efe00,43.51537689668,-79.68389644385,171.5675,-37.1,SOL_COMPUTED,SINGLE,good,1.4788,1.5592,2.7725,17,15,0.0,0.0,0,0,0,0,0,0,0,0,0,SPECTRUMANALYSIS,L5,1188.088,1.392,-58.486,-111.079
2026-05-25 09:01:40.607463,1779714100.607463,2420,133319.0,,,,,,,,,,,,,,,,0.0000,,,,0.0,0.0,0.0,0.0,0.0,0.0,0.0,0.0,0.0,2070809,-1192154,164339690,-9370,-22507,44910,61,f88cfe00,43.51537624758,-79.68389544771,171.4532,-37.1,SOL_COMPUTED,SINGLE,good,1.4785,1.5594,2.7721,17,15,0.0,0.0,0,0,0,0,0,0,0,0,0,SPECTRUMANALYSIS,L5,1187.722,1.245,-59.154,-113.148
2026-05-25 09:01:41.616252,1779714101.616252,2420,133320.0,,,,,,,,,,,,,,,,0.0000,,,,0.0,0.0,0.0,0.0,0.0,0.0,0.0,0.0,0.0,2124167,-1193713,164397877,-37632,3106,12942,61,f88afe00,43.51537403188,-79.68389424886,171.0688,-37.1,SOL_COMPUTED,SINGLE,good,1.4781,1.5593,2.7718,17,15,0.0,0.0,0,0,0,0,0,0,0,0,0,SPECTRUMANALYSIS,L5,1187.722,1.245,-59.154,-113.148
2026-05-25 09:01:42.606820,1779714102.606820,2420,133321.0,,,,,,,,,,,,,,,,0.0000,,,,0.0,0.0,0.0,0.0,0.0,0.0,0.0,0.0,0.0,2122797,-1237281,164307188,11798,-27006,46234,61,f888fe00,43.51537542411,-79.68389334513,171.3223,-37.1,SOL_COMPUTED,SINGLE,good,1.4793,1.5595,2.7732,17,15,0.0,0.0,0,0,0,0,0,0,0,0,0,SPECTRUMANALYSIS,L5,1187.722,1.245,-59.154,-113.148
2026-05-25 09:01:43.607680,1779714103.607680,2420,133322.0,,,,,,,,,,,,,,,,0.0000,,,,0.0,0.0,0.0,0.0,0.0,0.0,0.0,0.0,0.0,2143178,-1236974,164370317,-9683,-2711,48615,61,f886fe00,43.515375781,-79.68389271811,171.3633,-37.1,SOL_COMPUTED,SINGLE,good,1.4779,1.5596,2.7717,17,15,0.0,0.0,0,0,0,0,0,0,0,0,0,SPECTRUMANALYSIS,L5,1187.869,1.099,-57.913,-109.62
2026-05-25 09:01:44.607846,1779714104.607846,2420,133323.0,,,,,,,,,,,,,,,,0.0000,,,,0.0,0.0,0.0,0.0,0.0,0.0,0.0,0.0,0.0,2105531,-1200623,164344718,-12630,41357,59782,61,f885fe00,43.51537535833,-79.68389212332,171.2705,-37.1,SOL_COMPUTED,SINGLE,good,1.4787,1.5595,2.7725,17,15,0.0,0.0,0,0,0,0,0,0,0,0,0,SPECTRUMANALYSIS,L5,1187.869,1.099,-57.913,-109.62
2026-05-25 09:01:45.609552,1779714105.609552,2420,133324.0,,,,,,,,,,,,,,,,0.0000,,,,0.0,0.0,0.0,0.0,0.0,0.0,0.0,0.0,0.0,2081838,-1153751,164328854,4854,-25720,68368,61,f883fe00,43.51537900745,-79.68389228155,171.8553,-37.1,SOL_COMPUTED,SINGLE,good,1.4792,1.5599,2.7729,17,15,0.0,0.0,0,0,0,0,0,0,0,0,0,SPECTRUMANALYSIS,L5,1187.869,1.099,-57.913,-109.62
2026-05-25 09:01:46.608828,1779714106.608828,2420,133325.0,,,,,,,,,,,,,,,,0.0000,,,,0.0,0.0,0.0,0.0,0.0,0.0,0.0,0.0,0.0,2093018,-1229890,164371052,-16027,31032,36176,61,f881fe00,43.51537823635,-79.68389176266,171.6774,-37.1,SOL_COMPUTED,SINGLE,good,1.4826,1.5603,2.7772,17,15,0.0,0.0,0,0,0,0,0,0,0,0,0,SPECTRUMANALYSIS,L5,1187.795,0.952,-57.462,-107.869
2026-05-25 09:01:47.607682,1779714107.607682,2420,133326.0,,,,,,,,,,,,,,,,0.0000,,,,0.0,0.0,0.0,0.0,0.0,0.0,0.0,0.0,0.0,2139715,-1244667,164382823,9079,-6852,63820,61,f87ffe00,43.51538072788,-79.68389196233,172.0352,-37.1,SOL_COMPUTED,SINGLE,good,1.4784,1.5596,2.7721,17,15,0.0,0.0,0,0,0,0,0,0,0,0,0,SPECTRUMANALYSIS,L5,1187.795,0.952,-57.462,-107.869
2026-05-25 09:01:48.608541,1779714108.608541,2420,133327.0,,,,,,,,,,,,,,,,0.0000,,,,0.0,0.0,0.0,0.0,0.0,0.0,0.0,0.0,0.0,2112610,-1164118,164353490,-29611,-6336,65871,61,f87dfe00,43.51538044936,-79.68389167018,171.9458,-37.1,SOL_COMPUTED,SINGLE,good,1.4801,1.5597,2.7746,17,15,0.0,0.0,0,0,0,0,0,0,0,0,0,SPECTRUMANALYSIS,L5,1187.795,0.952,-57.462,-107.869
2026-05-25 09:01:49.607505,1779714109.607505,2420,133328.0,,,,,,,,,,,,,,,,0.0000,,,,0.0,0.0,0.0,0.0,0.0,0.0,0.0,0.0,0.0,2109844,-1191002,164421199,10631,13006,25035,61,f87bfe00,43.5153806316,-79.68389157047,171.9344,-37.1,SOL_COMPUTED,SINGLE,good,1.483,1.5604,2.778,17,15,0.0,0.0,0,0,0,0,0,0,0,0,0,SPECTRUMANALYSIS,L5,1187.832,1.025,-59.622,-112.033
2026-05-25 09:01:50.610066,1779714110.610066,2420,133329.0,,,,,,,,,,,,,,,,0.0000,,,,0.0,0.0,0.0,0.0,0.0,0.0,0.0,0.0,0.0,2122250,-1213475,164422335,-8560,-29472,40295,61,f879fe00,43.51538171743,-79.68389179511,172.0688,-37.1,SOL_COMPUTED,SINGLE,good,1.4823,1.5601,2.7767,17,15,0.0,0.0,0,0,0,0,0,0,0,0,0,SPECTRUMANALYSIS,L5,1187.832,1.025,-59.622,-112.033
2026-05-25 09:01:51.607446,1779714111.607446,2420,133330.0,,,,,,,,,,,,,,,,0.0000,,,,0.0,0.0,0.0,0.0,0.0,0.0,0.0,0.0,0.0,2113370,-1220843,164364634,-9557,-33915,52499,61,f878fe00,43.51538642783,-79.68389273172,172.8012,-37.1,SOL_COMPUTED,SINGLE,good,1.4789,1.5598,2.7732,17,15,0.0,0.0,0,0,0,0,0,0,0,0,0,SPECTRUMANALYSIS,L5,1187.832,1.025,-59.622,-112.033
2026-05-25 09:01:52.609383,1779714112.609383,2420,133331.0,,,,,,,,,,,,,,,,0.0000,,,,0.0,0.0,0.0,0.0,0.0,0.0,0.0,0.0,0.0,2127766,-1206298,164396950,19833,-22573,59100,61,f876fe00,43.51538609883,-79.68389279368,172.6705,-37.1,SOL_COMPUTED,SINGLE,good,1.4777,1.5596,2.7716,17,15,0.0,0.0,0,0,0,0,0,0,0,0,0,—,—,0.0,0.0,0.0,0.0
2026-05-25 09:01:53.607123,1779714113.607123,2420,133332.0,,,,,,,,,,,,,,,,0.0000,,,,0.0,0.0,0.0,0.0,0.0,0.0,0.0,0.0,0.0,2107039,-1224818,164380948,-44037,4822,20313,61,f874fe00,43.51538453332,-79.68389263456,172.3424,-37.1,SOL_COMPUTED,SINGLE,good,1.4771,1.5596,2.7717,17,15,0.0,0.0,0,0,0,0,0,0,0,0,0,—,—,0.0,0.0,0.0,0.0
2026-05-25 09:01:54.607004,1779714114.607004,2420,133333.0,,,,,,,,,,,,,,,,0.0000,,,,0.0,0.0,0.0,0.0,0.0,0.0,0.0,0.0,0.0,2137814,-1238050,164366952,-16159,9652,46615,61,f872fe00,43.51538410083,-79.68389266539,172.1736,-37.1,SOL_COMPUTED,SINGLE,good,1.4793,1.56,2.7738,17,15,0.0,0.0,0,0,0,0,0,0,0,0,0,—,—,0.0,0.0,0.0,0.0
2026-05-25 09:01:55.607050,1779714115.607050,2420,133334.0,,,,,,,,,,,,,,,,0.0000,,,,0.0,0.0,0.0,0.0,0.0,0.0,0.0,0.0,0.0,2158202,-1223154,164355572,-29354,29825,48800,61,f870fe00,43.51538385348,-79.68389294535,172.0685,-37.1,SOL_COMPUTED,SINGLE,good,1.4802,1.5598,2.7759,17,15,0.0,0.0,0,0,0,0,0,0,0,0,0,—,—,0.0,0.0,0.0,0.0
2026-05-25 09:01:56.607654,1779714116.607654,2420,133335.0,,,,,,,,,,,,,,,,0.0000,,,,0.0,0.0,0.0,0.0,0.0,0.0,0.0,0.0,0.0,2116345,-1215619,164397950,-65777,-16599,42758,61,f86ffe00,43.51538390836,-79.68389326008,172.0219,-37.1,SOL_COMPUTED,SINGLE,good,1.4811,1.5599,2.7773,17,15,0.0,0.0,0,0,0,0,0,0,0,0,0,—,—,0.0,0.0,0.0,0.0
2026-05-25 09:01:57.607565,1779714117.607565,2420,133336.0,,,,,,,,,,,,,,,,0.0000,,,,0.0,0.0,0.0,0.0,0.0,0.0,0.0,0.0,0.0,2149040,-1175829,164360454,-24565,2872,37917,61,f86dfe00,43.51538359313,-79.68389352043,171.9218,-37.1,SOL_COMPUTED,SINGLE,good,1.4834,1.5601,2.7804,17,15,0.0,0.0,0,0,0,0,0,0,0,0,0,—,—,0.0,0.0,0.0,0.0
2026-05-25 09:01:58.608266,1779714118.608266,2420,133337.0,,,,,,,,,,,,,,,,0.0000,,,,0.0,0.0,0.0,0.0,0.0,0.0,0.0,0.0,0.0,2081777,-1220777,164334848,15006,-14380,65440,61,f86bfe00,43.51537981459,-79.68389506317,171.3749,-37.1,SOL_COMPUTED,SINGLE,good,1.5395,1.5632,2.8206,16,14,0.0,0.0,0,0,0,0,0,0,0,0,0,—,—,0.0,0.0,0.0,0.0
2026-05-25 09:01:59.610306,1779714119.610306,2420,133338.0,,,,,,,,,,,,,,,,0.0000,,,,0.0,0.0,0.0,0.0,0.0,0.0,0.0,0.0,0.0,2037990,-1195486,164412652,-27948,4545,56712,61,f869fe00,43.51537708446,-79.68389746174,171.0812,-37.1,SOL_COMPUTED,SINGLE,good,1.4817,1.5595,2.7796,17,15,0.0,0.0,0,0,0,0,0,0,0,0,0,—,—,0.0,0.0,0.0,0.0
2026-05-25 09:02:00.607103,1779714120.607103,2420,133339.0,,,,,,,,,,,,,,,,0.0000,,,,0.0,0.0,0.0,0.0,0.0,0.0,0.0,0.0,0.0,2084783,-1167503,164341688,-22698,-8720,75875,61,f867fe00,43.51537719343,-79.68389325901,170.7332,-37.1,SOL_COMPUTED,SINGLE,good,1.4805,1.5593,2.7774,17,15,0.0,0.0,0,0,0,0,0,0,0,0,0,—,—,0.0,0.0,0.0,0.0
2026-05-25 09:02:01.607268,1779714121.607268,2420,133340.0,,,,,,,,,,,,,,,,0.0000,,,,0.0,0.0,0.0,0.0,0.0,0.0,0.0,0.0,0.0,2132858,-1172476,164431015,-17483,13069,78124,61,f865fe00,43.5153778757,-79.68389338266,170.8232,-37.1,SOL_COMPUTED,SINGLE,good,1.4796,1.5595,2.7765,17,15,0.0,0.0,0,0,0,0,0,0,0,0,0,—,—,0.0,0.0,0.0,0.0
2026-05-25 09:02:02.608157,1779714122.608157,2420,133341.0,,,,,,,,,,,,,,,,0.0000,,,,0.0,0.0,0.0,0.0,0.0,0.0,0.0,0.0,0.0,2137082,-1163386,164393857,38313,-12614,20717,61,f863fe00,43.51537869049,-79.68389341329,170.8829,-37.1,SOL_COMPUTED,SINGLE,good,1.4806,1.56,2.7787,17,15,0.0,0.0,0,0,0,0,0,0,0,0,0,—,—,0.0,0.0,0.0,0.0
2026-05-25 09:02:03.607130,1779714123.607130,2420,133342.0,,,,,,,,,,,,,,,,0.0000,,,,0.0,0.0,0.0,0.0,0.0,0.0,0.0,0.0,0.0,2065611,-1191986,164366295,24066,-41151,53381,61,f861fe00,43.51537893119,-79.68389353912,170.8434,-37.1,SOL_COMPUTED,SINGLE,good,1.4794,1.5594,2.7774,17,15,0.0,0.0,0,0,0,0,0,0,0,0,0,—,—,0.0,0.0,0.0,0.0
2026-05-25 09:02:04.607779,1779714124.607779,2420,133343.0,,,,,,,,,,,,,,,,0.0000,,,,0.0,0.0,0.0,0.0,0.0,0.0,0.0,0.0,0.0,2025240,-1211356,164316515,-11126,-10777,63445,61,f860fe00,43.51538051306,-79.68389322548,170.9892,-37.1,SOL_COMPUTED,SINGLE,good,1.4786,1.5598,2.7764,17,15,0.0,0.0,0,0,0,0,0,0,0,0,0,—,—,0.0,0.0,0.0,0.0
2026-05-25 09:02:05.607383,1779714125.607383,2420,133344.0,,,,,,,,,,,,,,,,0.0000,,,,0.0,0.0,0.0,0.0,0.0,0.0,0.0,0.0,0.0,2120729,-1200382,164348915,-13844,-27544,33838,61,f85efe00,43.51538033484,-79.6838934641,170.9066,-37.1,SOL_COMPUTED,SINGLE,good,1.4785,1.5594,2.7763,17,15,0.0,0.0,0,0,0,0,0,0,0,0,0,—,—,0.0,0.0,0.0,0.0
2026-05-25 09:02:06.607901,1779714126.607901,2420,133345.0,,,,,,,,,,,,,,,,0.0000,,,,0.0,0.0,0.0,0.0,0.0,0.0,0.0,0.0,0.0,2092695,-1270872,164328329,-7331,-13307,46113,61,f85cfe00,43.51538204881,-79.68389290671,171.0708,-37.1,SOL_COMPUTED,SINGLE,good,1.4769,1.559,2.7747,17,15,0.0,0.0,0,0,0,0,0,0,0,0,0,—,—,0.0,0.0,0.0,0.0
2026-05-25 09:02:07.607857,1779714127.607857,2420,133346.0,,,,,,,,,,,,,,,,0.0000,,,,0.0,0.0,0.0,0.0,0.0,0.0,0.0,0.0,0.0,2166517,-1169521,164331400,-7617,7239,41747,61,f85afe00,43.5153884764,-79.68389016942,171.9527,-37.1,SOL_COMPUTED,SINGLE,good,1.5363,1.5661,2.8308,16,14,0.0,0.0,0,0,0,0,0,0,0,0,0,—,—,0.0,0.0,0.0,0.0
2026-05-25 09:02:08.606525,1779714128.606525,2420,133347.0,,,,,,,,,,,,,,,,0.0000,,,,0.0,0.0,0.0,0.0,0.0,0.0,0.0,0.0,0.0,2657158,-1039467,164355498,51383,596442,140059,61,f859fe00,43.51538450954,-79.68389183757,171.4602,-37.1,SOL_COMPUTED,SINGLE,good,1.4858,1.561,2.7935,17,15,0.0,0.0,0,0,0,0,0,0,0,0,0,—,—,0.0,0.0,0.0,0.0
2026-05-25 09:02:09.607565,1779714129.607565,2420,133348.0,,,,,,,,,,,,,,,,0.0000,,,,0.0,0.0,0.0,0.0,0.0,0.0,0.0,0.0,0.0,2157133,-1511629,164283587,24817,26226,48552,61,f857fe00,43.51538384421,-79.68389204161,171.2633,-37.1,SOL_COMPUTED,SINGLE,good,1.4867,1.5624,2.8085,17,15,0.0,0.0,0,0,0,0,0,0,0,0,0,—,—,0.0,0.0,0.0,0.0
2026-05-25 09:02:10.607648,1779714130.607648,2420,133349.0,,,,,,,,,,,,,,,,0.0000,,,,0.0,0.0,0.0,0.0,0.0,0.0,0.0,0.0,0.0,1992130,-1194373,164303593,15689,24035,58593,61,f854fe00,43.51538985831,-79.68388804226,170.874,-37.1,SOL_COMPUTED,SINGLE,good,1.5429,1.5665,2.8361,16,14,0.0,0.0,0,0,0,0,0,0,0,0,0,—,—,0.0,0.0,0.0,0.0
2026-05-25 09:02:11.607687,1779714131.607687,2420,133350.0,,,,,,,,,,,,,,,,0.0000,,,,0.0,0.0,0.0,0.0,0.0,0.0,0.0,0.0,0.0,1702357,-1270883,164066501,-35967,-332597,41423,61,f853fe00,43.5153864049,-79.68389931767,173.4176,-37.1,SOL_COMPUTED,SINGLE,good,1.6527,1.6605,2.9295,14,12,0.0,0.0,0,0,0,0,0,0,0,0,0,—,—,0.0,0.0,0.0,0.0
2026-05-25 09:02:12.607499,1779714132.607499,2420,133351.0,,,,,,,,,,,,,,,,0.0000,,,,0.0,0.0,0.0,0.0,0.0,0.0,0.0,0.0,0.0,1994389,-931195,164329166,-52969,-17085,63592,61,f851fe00,43.51537980422,-79.68390244201,174.9255,-37.1,SOL_COMPUTED,SINGLE,good,1.815,1.6561,2.927,13,11,0.0,0.0,0,0,0,0,0,0,0,0,0,—,—,0.0,0.0,0.0,0.0
2026-05-25 09:02:13.608408,1779714133.608408,2420,133352.0,,,,,,,,,,,,,,,,0.0000,,,,0.0,0.0,0.0,0.0,0.0,0.0,0.0,0.0,0.0,2242998,-1313631,164495791,29109,24859,48560,61,f84ffe00,43.51538244974,-79.68390612798,177.047,-37.1,SOL_COMPUTED,SINGLE,good,1.5578,1.6557,2.8842,15,13,0.0,0.0,0,0,0,0,0,0,0,0,0,—,—,0.0,0.0,0.0,0.0
2026-05-25 09:02:14.607092,1779714134.607092,2420,133353.0,,,,,,,,,,,,,,,,0.0000,,,,0.0,0.0,0.0,0.0,0.0,0.0,0.0,0.0,0.0,2056597,-1266736,164470717,-6886,-1452,37396,61,f84dfe00,43.51537590871,-79.68390725626,178.9391,-37.1,SOL_COMPUTED,SINGLE,good,1.5469,1.6511,2.8785,16,14,0.0,0.0,0,0,0,0,0,0,0,0,0,—,—,0.0,0.0,0.0,0.0
2026-05-25 09:02:15.609126,1779714135.609126,2420,133354.0,,,,,,,,,,,,,,,,0.0000,,,,0.0,0.0,0.0,0.0,0.0,0.0,0.0,0.0,0.0,1944889,-1126426,164608064,-165194,-289450,16734,61,f84bfe00,43.5153940431,-79.68391067425,173.6865,-37.1,SOL_COMPUTED,SINGLE,good,1.4982,1.5613,2.8044,17,15,0.0,0.0,0,0,0,0,0,0,0,0,0,—,—,0.0,0.0,0.0,0.0
2026-05-25 09:02:16.784869,1779714136.784869,2420,133355.0,,,,,,,,,,,,,,,,0.0000,,,,0.0,0.0,0.0,0.0,0.0,0.0,0.0,0.0,0.0,2582071,-1446860,164624519,-30575,192590,82606,61,f849fe00,43.51540151001,-79.68390407429,172.3446,-37.1,SOL_COMPUTED,SINGLE,good,1.4966,1.5609,2.8007,17,15,0.0,0.0,0,0,0,0,0,0,0,0,0,—,—,0.0,0.0,0.0,0.0
2026-05-25 09:02:19.350010,1779714139.350010,2420,133356.0,,,,,,,,,,,,,,,,0.0000,,,,0.0,0.0,0.0,0.0,0.0,0.0,0.0,0.0,0.0,2019235,-1754324,164173807,-114732,1041343,132027,61,f848fe00,43.5154082888,-79.68388557395,170.7702,-37.1,SOL_COMPUTED,SINGLE,good,1.4952,1.5616,2.8,17,15,0.0,0.0,0,0,0,0,0,0,0,0,0,—,—,0.0,0.0,0.0,0.0
2026-05-25 09:02:22.030805,1779714142.030805,2420,133357.0,,,,,,,,,,,,,,,,0.0000,,,,0.0,0.0,0.0,0.0,0.0,0.0,0.0,0.0,0.0,2225276,-868710,164318505,-50439,-737761,-74813,61,f846fe00,43.51539240633,-79.68388649375,172.0148,-37.1,SOL_COMPUTED,SINGLE,good,1.5322,1.5646,2.8123,17,14,0.0,0.0,0,0,0,0,0,0,0,0,0,—,—,0.0,0.0,0.0,0.0
2026-05-25 09:02:24.458413,1779714144.458413,2420,133358.0,,,,,,,,,,,,,,,,0.0000,,,,0.0,0.0,0.0,0.0,0.0,0.0,0.0,0.0,0.0,1898272,-1585871,164317014,-45859,221079,98708,61,f844fe00,43.51539122099,-79.68388415794,171.5571,-37.1,SOL_COMPUTED,SINGLE,good,1.5302,1.5643,2.8095,17,14,0.0,0.0,0,0,0,0,0,0,0,0,0,—,—,0.0,0.0,0.0,0.0
2026-05-25 09:02:26.649137,1779714146.649137,2420,133359.0,,,,,,,,,,,,,,,,0.0000,,,,0.0,0.0,0.0,0.0,0.0,0.0,0.0,0.0,0.0,2365845,-593468,164707528,-31659,-76371,40877,61,f843fe00,43.51538950599,-79.68388217752,171.9099,-37.1,SOL_COMPUTED,SINGLE,good,1.5297,1.5644,2.8099,17,14,0.0,0.0,0,0,0,0,0,0,0,0,0,—,—,0.0,0.0,0.0,0.0
2026-05-25 09:02:28.919185,1779714148.919185,2420,133360.0,,,,,,,,,,,,,,,,0.0000,,,,0.0,0.0,0.0,0.0,0.0,0.0,0.0,0.0,0.0,2567931,-1437334,164528186,-92906,-148559,54035,61,f840fe00,43.51539033538,-79.68387863083,171.7154,-37.1,SOL_COMPUTED,SINGLE,good,1.5274,1.5643,2.8076,17,14,0.0,0.0,0,0,0,0,0,0,0,0,0,—,—,0.0,0.0,0.0,0.0
2026-05-25 09:02:31.268955,1779714151.268955,2420,133361.0,,,,,,,,,,,,,,,,0.0000,,,,0.0,0.0,0.0,0.0,0.0,0.0,0.0,0.0,0.0,1394436,-2414095,164248931,-7093,-208853,23917,61,f83ffe00,43.51538851807,-79.68387536602,170.8922,-37.1,SOL_COMPUTED,SINGLE,good,1.5275,1.5645,2.807,17,14,0.0,0.0,0,0,0,0,0,0,0,0,0,—,—,0.0,0.0,0.0,0.0
2026-05-25 09:02:33.915360,1779714153.915360,2420,133362.0,,,,,,,,,,,,,,,,0.0000,,,,0.0,0.0,0.0,0.0,0.0,0.0,0.0,0.0,0.0,2316680,-1018225,164512432,67408,56947,27335,61,f83dfe00,43.51538590753,-79.68387366209,170.5096,-37.1,SOL_COMPUTED,SINGLE,good,1.5244,1.5644,2.8034,16,14,0.0,0.0,0,0,0,0,0,0,0,0,0,—,—,0.0,0.0,0.0,0.0
2026-05-25 09:02:36.520097,1779714156.520097,2420,133363.0,,,,,,,,,,,,,,,,0.0000,,,,0.0,0.0,0.0,0.0,0.0,0.0,0.0,0.0,0.0,1944343,-891287,164502513,-38253,-149364,36911,61,f83bfe00,43.51538411993,-79.68387181176,170.302,-37.1,SOL_COMPUTED,SINGLE,good,1.5249,1.5646,2.8046,16,14,0.0,0.0,0,0,0,0,0,0,0,0,0,—,—,0.0,0.0,0.0,0.0
2026-05-25 09:02:38.902257,1779714158.902257,2420,133364.0,,,,,,,,,,,,,,,,0.0000,,,,0.0,0.0,0.0,0.0,0.0,0.0,0.0,0.0,0.0,2172346,-1771116,164323227,-35914,46274,67632,61,f839fe00,43.5153846472,-79.68386752901,170.2492,-37.1,SOL_COMPUTED,SINGLE,good,1.5225,1.5646,2.8026,16,14,0.0,0.0,0,0,0,0,0,0,0,0,0,—,—,0.0,0.0,0.0,0.0
2026-05-25 09:02:41.308831,1779714161.308831,2420,133365.0,,,,,,,,,,,,,,,,0.0000,,,,0.0,0.0,0.0,0.0,0.0,0.0,0.0,0.0,0.0,2405436,-1160341,164673530,-14413,-240021,48800,61,f837fe00,43.51537020065,-79.6838664313,174.5336,-37.1,SOL_COMPUTED,SINGLE,good,1.5482,1.5654,2.8935,16,13,0.0,0.0,0,0,0,0,0,0,0,0,0,—,—,0.0,0.0,0.0,0.0
2026-05-25 09:02:43.625051,1779714163.625051,2420,133366.0,,,,,,,,,,,,,,,,0.0000,,,,0.0,0.0,0.0,0.0,0.0,0.0,0.0,0.0,0.0,1318470,-1026602,163785930,52444,-60712,-33041,61,f836fe00,43.5153693506,-79.68386284969,174.032,-37.1,SOL_COMPUTED,SINGLE,good,1.545,1.5651,2.8881,16,13,0.0,0.0,0,0,0,0,0,0,0,0,0,—,—,0.0,0.0,0.0,0.0
2026-05-25 09:02:45.916242,1779714165.916242,2420,133367.0,,,,,,,,,,,,,,,,0.0000,,,,0.0,0.0,0.0,0.0,0.0,0.0,0.0,0.0,0.0,1967104,-1814321,164199933,-85233,-76624,94577,61,f834fe00,43.51536687533,-79.68386080938,173.8926,-37.1,SOL_COMPUTED,SINGLE,good,1.5442,1.565,2.8878,16,13,0.0,0.0,0,0,0,0,0,0,0,0,0,SPECTRUMANALYSIS,L5,1188.125,1.758,-56.39,-107.381
2026-05-25 09:02:48.566240,1779714168.566240,2420,133368.0,,,,,,,,,,,,,,,,0.0000,,,,0.0,0.0,0.0,0.0,0.0,0.0,0.0,0.0,0.0,2262811,-1042415,164468926,52033,-144890,45687,61,f832fe00,43.51536573242,-79.68386030132,173.7661,-37.1,SOL_COMPUTED,SINGLE,good,1.5434,1.5646,2.8882,16,13,0.0,0.0,0,0,0,0,0,0,0,0,0,SPECTRUMANALYSIS,L5,1188.125,1.758,-56.39,-107.381
