sys_datetime,unix_timestamp,gps_week,gps_seconds,ins_status,pose_quality,ins_lat,ins_lon,ins_height_m,ins_undulation_m,roll_deg,pitch_deg,azimuth_deg,roll_sig_deg,pitch_sig_deg,azimuth_sig_deg,vel_n_ms,vel_e_ms,vel_u_ms,speed_2d_ms,vel_n_sig_ms,vel_e_sig_ms,vel_u_sig_ms,veh_lat_acc_ms2,veh_long_acc_ms2,veh_vert_acc_ms2,veh_pitch_rate_degs,veh_roll_rate_degs,veh_yaw_rate_degs,veh_pitch_rate_rads,veh_roll_rate_rads,veh_yaw_rate_rads,raw_accel_x_lsb,raw_accel_y_lsb,raw_accel_z_lsb,raw_gyro_x_lsb,raw_gyro_y_lsb,raw_gyro_z_lsb,raw_accel_x_ms2,raw_accel_y_ms2,raw_accel_z_ms2,raw_gyro_x_degs,raw_gyro_y_degs,raw_gyro_z_degs,imu_type,imu_status_hex,gnss_lat,gnss_lon,gnss_height_m,gnss_undulation_m,gnss_sol_status,gnss_pos_type,gnss_sol_quality,gnss_lat_sig_m,gnss_lon_sig_m,gnss_height_sig_m,gnss_num_svs,gnss_num_used,gnss_diff_age_s,gnss_sol_age_s,ext_pos_update,ext_vel_update,ext_att_update,ext_phase_update,ext_zero_vel,ext_wheel_sensor,ext_heading_update,ext_ins_enabled,ext_heading_align,spec_analysis_type,spec_band_id,spec_center_freq_hz,spec_bandwidth_hz,spec_power_dbm,spec_noise_dbm
2026-05-26 15:21:52.350587,1779823312.350587,0,4.0,INS_INACTIVE,bad,0.0,0.0,0.0,0.0,0.0,0.0,0.0,0.0,0.0,0.0,0.0,0.0,0.0,0.0000,0.0,0.0,0.0,0.0,0.0,0.0,0.0,0.0,0.0,0.0,0.0,0.0,,,,,,,,,,,,,,,,,,,,,,,,,,,,,0,0,0,0,0,0,0,0,0,—,—,0.0,0.0,0.0,0.0
2026-05-26 15:21:53.349389,1779823313.349389,0,5.0,INS_INACTIVE,bad,0.0,0.0,0.0,0.0,0.0,0.0,0.0,0.0,0.0,0.0,0.0,0.0,0.0,0.0000,0.0,0.0,0.0,0.0,0.0,0.0,0.0,0.0,0.0,0.0,0.0,0.0,,,,,,,,,,,,,,,0.0,0.0,0.0,0.0,INSUFFICIENT_OBS,NONE,bad,0.0,0.0,0.0,0,0,0.0,0.0,0,0,0,0,0,0,0,0,0,—,—,0.0,0.0,0.0,0.0
2026-05-26 15:21:54.349653,1779823314.349653,0,6.0,INS_INACTIVE,bad,0.0,0.0,0.0,0.0,0.0,0.0,0.0,0.0,0.0,0.0,0.0,0.0,0.0,0.0000,0.0,0.0,0.0,0.0,0.0,0.0,0.0,0.0,0.0,0.0,0.0,0.0,,,,,,,,,,,,,,,0.0,0.0,0.0,0.0,INSUFFICIENT_OBS,NONE,bad,0.0,0.0,0.0,0,0,0.0,0.0,0,0,0,0,0,0,0,0,0,—,—,0.0,0.0,0.0,0.0
2026-05-26 15:21:55.348920,1779823315.348920,0,7.0,INS_INACTIVE,bad,0.0,0.0,0.0,0.0,0.0,0.0,0.0,0.0,0.0,0.0,0.0,0.0,0.0,0.0000,0.0,0.0,0.0,0.0,0.0,0.0,0.0,0.0,0.0,0.0,0.0,0.0,-2316390,-3837064,164412508,-82389,-311270,55261,-0.1386476195892334,-0.22966762497314455,9.84091749010132,-0.01904780477142334,-0.07196361396789551,0.012775986351013183,61,06edfe00,0.0,0.0,0.0,0.0,INSUFFICIENT_OBS,NONE,bad,0.0,0.0,0.0,0,0,0.0,0.0,0,0,0,0,0,0,0,0,0,—,—,0.0,0.0,0.0,0.0
2026-05-26 15:21:56.348616,1779823316.348616,0,8.0,WAITING_INITIALPOS,bad,0.0,0.0,0.0,0.0,0.0,0.0,0.0,0.0,0.0,0.0,0.0,0.0,0.0,0.0000,0.0,0.0,0.0,0.0,0.0,0.0,0.0,0.0,0.0,0.0,0.0,0.0,-2952200,-4017657,165060291,317286,458519,166120,-0.17670405352783206,-0.2404770264834595,9.879690568451844,0.073354474319458,0.10600663190460205,0.03840587127685547,61,06e7fe00,0.0,0.0,0.0,0.0,INSUFFICIENT_OBS,NONE,bad,0.0,0.0,0.0,0,0,0.0,0.0,0,0,0,0,0,0,0,0,0,—,—,0.0,0.0,0.0,0.0
2026-05-26 15:21:57.349644,1779823317.349644,0,9.0,WAITING_INITIALPOS,bad,0.0,0.0,0.0,0.0,0.0,0.0,0.0,0.0,0.0,0.0,0.0,0.0,0.0,0.0000,0.0,0.0,0.0,0.0,0.0,0.0,0.0,0.0,0.0,0.0,0.0,0.0,-2418394,-3774429,163721930,141163,40146,72094,-0.14475307324279788,-0.2259186044485474,9.799582915249635,0.03263597403717041,0.009281495956420898,0.016667667251586915,61,06e1fe00,0.0,0.0,0.0,0.0,INSUFFICIENT_OBS,NONE,bad,0.0,0.0,0.0,0,0,0.0,0.0,0,0,0,0,0,0,0,0,0,—,—,0.0,0.0,0.0,0.0
2026-05-26 15:21:58.357047,1779823318.357047,0,10.0,WAITING_INITIALPOS,bad,0.0,0.0,0.0,0.0,0.0,0.0,0.0,0.0,0.0,0.0,0.0,0.0,0.0,0.0000,0.0,0.0,0.0,0.0,0.0,0.0,0.0,0.0,0.0,0.0,0.0,0.0,-2659652,-3872437,163631771,4728,-298922,120429,-0.15919358084594729,-0.23178487735626224,9.794186444562685,0.0010930830688476562,-0.06910883610534668,0.02784240712738037,61,06dafe00,0.0,0.0,0.0,0.0,INSUFFICIENT_OBS,NONE,bad,0.0,0.0,0.0,0,0,0.0,0.0,0,0,0,0,0,0,0,0,0,—,—,0.0,0.0,0.0,0.0
2026-05-26 15:21:59.346911,1779823319.346911,0,11.0,WAITING_INITIALPOS,bad,0.0,0.0,0.0,0.0,0.0,0.0,0.0,0.0,0.0,0.0,0.0,0.0,0.0,0.0000,0.0,0.0,0.0,0.0,0.0,0.0,0.0,0.0,0.0,0.0,0.0,0.0,-2886282,-3178471,166562277,67798,79593,110888,-0.17275852890197757,-0.19024751362396242,9.96959200282013,0.01567445979309082,0.01840138762664795,0.025636589538574218,61,06d4fe00,0.0,0.0,0.0,0.0,INSUFFICIENT_OBS,NONE,bad,0.0,0.0,0.0,0,0,0.0,0.0,0,0,0,0,0,0,0,0,0,—,—,0.0,0.0,0.0,0.0
2026-05-26 15:22:00.349665,1779823320.349665,0,12.0,WAITING_INITIALPOS,bad,0.0,0.0,0.0,0.0,0.0,0.0,0.0,0.0,0.0,0.0,0.0,0.0,0.0,0.0000,0.0,0.0,0.0,0.0,0.0,0.0,0.0,0.0,0.0,0.0,0.0,0.0,-2022957,-3904609,162279508,26276,-90851,46616,-0.12108417519561769,-0.23371053375152592,9.713246686573488,0.006074841522216797,-0.021004164527893065,0.010777318176269531,61,06cffe00,0.0,0.0,0.0,0.0,INSUFFICIENT_OBS,NONE,bad,0.0,0.0,0.0,0,0,0.0,0.0,0,0,0,0,0,0,0,0,0,—,—,0.0,0.0,0.0,0.0
2026-05-26 15:22:01.350596,1779823321.350596,0,13.0,WAITING_INITIALPOS,bad,0.0,0.0,0.0,0.0,0.0,0.0,0.0,0.0,0.0,0.0,0.0,0.0,0.0,0.0000,0.0,0.0,0.0,0.0,0.0,0.0,0.0,0.0,0.0,0.0,0.0,0.0,-2724478,-3541216,164679117,24875,-229545,32475,-0.1630737437664795,-0.2119596306542969,9.856875382861634,0.00575093936920166,-0.0530693217086792,0.007508010292053223,61,06c9fe00,0.0,0.0,0.0,0.0,INSUFFICIENT_OBS,NONE,bad,0.0,0.0,0.0,0,0,0.0,0.0,0,0,0,0,0,0,0,0,0,—,—,0.0,0.0,0.0,0.0
2026-05-26 15:22:02.347394,1779823322.347394,0,14.0,WAITING_INITIALPOS,bad,0.0,0.0,0.0,0.0,0.0,0.0,0.0,0.0,0.0,0.0,0.0,0.0,0.0,0.0000,0.0,0.0,0.0,0.0,0.0,0.0,0.0,0.0,0.0,0.0,0.0,0.0,-2272842,-3861172,164906254,100334,147427,39127,-0.1360410522418213,-0.23111061031372074,9.870470677423707,0.02319657289123535,0.03408417038726807,0.0090459097366333,61,06c3fe00,0.0,0.0,0.0,0.0,INSUFFICIENT_OBS,NONE,bad,0.0,0.0,0.0,0,0,0.0,0.0,0,0,0,0,0,0,0,0,0,—,—,0.0,0.0,0.0,0.0
2026-05-26 15:22:03.352915,1779823323.352915,0,15.0,WAITING_INITIALPOS,bad,0.0,0.0,0.0,0.0,0.0,0.0,0.0,0.0,0.0,0.0,0.0,0.0,0.0,0.0000,0.0,0.0,0.0,0.0,0.0,0.0,0.0,0.0,0.0,0.0,0.0,0.0,-2852701,-3751659,164438391,-33873,-229130,61347,-0.1707485367532349,-0.22455570515350345,9.842466718140566,-0.007831218864440917,-0.052973376388549806,0.014183030250549317,61,06bdfe00,0.0,0.0,0.0,0.0,INSUFFICIENT_OBS,NONE,bad,0.0,0.0,0.0,0,0,0.0,0.0,0,0,0,0,0,0,0,0,0,—,—,0.0,0.0,0.0,0.0
2026-05-26 15:22:04.354412,1779823324.354412,0,16.0,WAITING_INITIALPOS,bad,0.0,0.0,0.0,0.0,0.0,0.0,0.0,0.0,0.0,0.0,0.0,0.0,0.0,0.0000,0.0,0.0,0.0,0.0,0.0,0.0,0.0,0.0,0.0,0.0,0.0,0.0,-2953685,-3869141,165341365,65870,52746,141039,-0.17679293826446535,-0.23158759513946536,9.896514264387514,0.015228718643188477,0.012194534591674805,0.03260730603790283,61,06b6fe00,0.0,0.0,0.0,0.0,INSUFFICIENT_OBS,NONE,bad,0.0,0.0,0.0,0,0,0.0,0.0,0,0,0,0,0,0,0,0,0,—,—,0.0,0.0,0.0,0.0
2026-05-26 15:22:05.367659,1779823325.367659,0,17.0,WAITING_INITIALPOS,bad,0.0,0.0,0.0,0.0,0.0,0.0,0.0,0.0,0.0,0.0,0.0,0.0,0.0,0.0000,0.0,0.0,0.0,0.0,0.0,0.0,0.0,0.0,0.0,0.0,0.0,0.0,-2863132,-4126485,164955808,-60387,-147301,72558,-0.17137288469116213,-0.24699093094024663,9.873436734150392,-0.013961084449768067,-0.034055040000915526,0.01677494105529785,61,06b1fe00,0.0,0.0,0.0,0.0,INSUFFICIENT_OBS,NONE,bad,0.0,0.0,0.0,0,0,0.0,0.0,0,0,0,0,0,0,0,0,0,—,—,0.0,0.0,0.0,0.0
2026-05-26 15:22:06.350904,1779823326.350904,0,18.0,WAITING_INITIALPOS,bad,0.0,0.0,0.0,0.0,0.0,0.0,0.0,0.0,0.0,0.0,0.0,0.0,0.0,0.0000,0.0,0.0,0.0,0.0,0.0,0.0,0.0,0.0,0.0,0.0,0.0,0.0,-2586801,-3803336,163448543,175853,84359,49017,-0.1548330812173462,-0.2276488341333008,9.783219325018006,0.040656078025817874,0.019503256050109864,0.011332413871765137,61,06abfe00,0.0,0.0,0.0,0.0,INSUFFICIENT_OBS,NONE,bad,0.0,0.0,0.0,0,0,0.0,0.0,0,0,0,0,0,0,0,0,0,—,—,0.0,0.0,0.0,0.0
2026-05-26 15:22:07.353563,1779823327.353563,0,19.0,WAITING_INITIALPOS,bad,0.0,0.0,0.0,0.0,0.0,0.0,0.0,0.0,0.0,0.0,0.0,0.0,0.0,0.0000,0.0,0.0,0.0,0.0,0.0,0.0,0.0,0.0,0.0,0.0,0.0,0.0,-2941353,-3691650,165607037,23157,-210731,48894,-0.1760548058926392,-0.22096386396789555,9.91241607297394,0.005353748863220215,-0.04871964640045166,0.01130397706604004,61,06a4fe00,0.0,0.0,0.0,0.0,INSUFFICIENT_OBS,NONE,bad,0.0,0.0,0.0,0,0,0.0,0.0,0,0,0,0,0,0,0,0,0,—,—,0.0,0.0,0.0,0.0
2026-05-26 15:22:08.348208,1779823328.348208,0,20.0,WAITING_INITIALPOS,bad,0.0,0.0,0.0,0.0,0.0,0.0,0.0,0.0,0.0,0.0,0.0,0.0,0.0,0.0000,0.0,0.0,0.0,0.0,0.0,0.0,0.0,0.0,0.0,0.0,0.0,0.0,-2300218,-3695828,163144771,201787,108067,15929,-0.13767964385803225,-0.22121393833129885,9.765037039350283,0.046651851356506346,0.024984392555236816,0.0036826819381713866,61,069efe00,0.0,0.0,0.0,0.0,INSUFFICIENT_OBS,NONE,bad,0.0,0.0,0.0,0,0,0.0,0.0,0,0,0,0,0,0,0,0,0,—,—,0.0,0.0,0.0,0.0
2026-05-26 15:22:09.347629,1779823329.347629,0,21.0,WAITING_INITIALPOS,bad,0.0,0.0,0.0,0.0,0.0,0.0,0.0,0.0,0.0,0.0,0.0,0.0,0.0,0.0000,0.0,0.0,0.0,0.0,0.0,0.0,0.0,0.0,0.0,0.0,0.0,0.0,-2552517,-3521006,165469219,168671,301091,54579,-0.15278101097442628,-0.21074996026550297,9.904166970863955,0.03899564600372314,0.06961029489898682,0.012618312355041504,61,0698fe00,0.0,0.0,0.0,0.0,INSUFFICIENT_OBS,NONE,bad,0.0,0.0,0.0,0,0,0.0,0.0,0,0,0,0,0,0,0,0,0,—,—,0.0,0.0,0.0,0.0
2026-05-26 15:22:10.348291,1779823330.348291,0,22.0,WAITING_INITIALPOS,bad,0.0,0.0,0.0,0.0,0.0,0.0,0.0,0.0,0.0,0.0,0.0,0.0,0.0,0.0000,0.0,0.0,0.0,0.0,0.0,0.0,0.0,0.0,0.0,0.0,0.0,0.0,-2941233,-3758380,164923484,-31460,-208249,138289,-0.17604762328765872,-0.2249579908874512,9.87150197978882,-0.007273348846435547,-0.048145824028015136,0.03197152379608154,61,0692fe00,0.0,0.0,0.0,0.0,INSUFFICIENT_OBS,NONE,bad,0.0,0.0,0.0,0,0,0.0,0.0,0,0,0,0,0,0,0,0,0,—,—,0.0,0.0,0.0,0.0
2026-05-26 15:22:11.350075,1779823331.350075,0,23.0,WAITING_INITIALPOS,bad,0.0,0.0,0.0,0.0,0.0,0.0,0.0,0.0,0.0,0.0,0.0,0.0,0.0,0.0000,0.0,0.0,0.0,0.0,0.0,0.0,0.0,0.0,0.0,0.0,0.0,0.0,-2587229,-3863111,162955981,-8304,-207225,86060,-0.1548586991751099,-0.2312266692391968,9.75373700606476,-0.0019198311767578125,-0.047909081840515136,0.019896516265869142,61,068bfe00,0.0,0.0,0.0,0.0,INSUFFICIENT_OBS,NONE,bad,0.0,0.0,0.0,0,0,0.0,0.0,0,0,0,0,0,0,0,0,0,—,—,0.0,0.0,0.0,0.0
2026-05-26 15:22:12.352706,1779823332.352706,0,24.0,WAITING_INITIALPOS,bad,0.0,0.0,0.0,0.0,0.0,0.0,0.0,0.0,0.0,0.0,0.0,0.0,0.0,0.0000,0.0,0.0,0.0,0.0,0.0,0.0,0.0,0.0,0.0,0.0,0.0,0.0,-2460158,-3736589,164154503,63758,-9514,109310,-0.147252859196167,-0.22365368967803959,9.825474590118104,0.014740437881469727,-0.00219957536315918,0.02527176612854004,61,0685fe00,0.0,0.0,0.0,0.0,INSUFFICIENT_OBS,NONE,bad,0.0,0.0,0.0,0,0,0.0,0.0,0,0,0,0,0,0,0,0,0,—,—,0.0,0.0,0.0,0.0
2026-05-26 15:22:13.350541,1779823333.350541,0,25.0,WAITING_INITIALPOS,bad,0.0,0.0,0.0,0.0,0.0,0.0,0.0,0.0,0.0,0.0,0.0,0.0,0.0,0.0000,0.0,0.0,0.0,0.0,0.0,0.0,0.0,0.0,0.0,0.0,0.0,0.0,-2399062,-3737279,164074888,234904,27413,59501,-0.14359595558044436,-0.22369498965667728,9.82070923098877,0.05430828790283203,0.00633770858001709,0.01375624697113037,61,067ffe00,0.0,0.0,0.0,0.0,INSUFFICIENT_OBS,NONE,bad,0.0,0.0,0.0,0,0,0.0,0.0,0,0,0,0,0,0,0,0,0,—,—,0.0,0.0,0.0,0.0
2026-05-26 15:22:14.350419,1779823334.350419,0,26.0,WAITING_INITIALPOS,bad,0.0,0.0,0.0,0.0,0.0,0.0,0.0,0.0,0.0,0.0,0.0,0.0,0.0,0.0000,0.0,0.0,0.0,0.0,0.0,0.0,0.0,0.0,0.0,0.0,0.0,0.0,-2415017,-3853885,164110930,176168,97300,100053,-0.1445509427676392,-0.23067444662628178,9.822866526394655,0.04072890399169922,0.02249513168334961,0.02313160750579834,61,0678fe00,0.0,0.0,0.0,0.0,INSUFFICIENT_OBS,NONE,bad,0.0,0.0,0.0,0,0,0.0,0.0,0,0,0,0,0,0,0,0,0,—,—,0.0,0.0,0.0,0.0
2026-05-26 15:22:15.350074,1779823335.350074,0,27.0,WAITING_INITIALPOS,bad,0.0,0.0,0.0,0.0,0.0,0.0,0.0,0.0,0.0,0.0,0.0,0.0,0.0,0.0000,0.0,0.0,0.0,0.0,0.0,0.0,0.0,0.0,0.0,0.0,0.0,0.0,-2146994,-3634631,164451014,20406,15265,112454,-0.12850841497863771,-0.2175509893563843,9.84322226832947,0.004717735427856445,0.0035291694259643553,0.025998638626098632,61,0673fe00,0.0,0.0,0.0,0.0,INSUFFICIENT_OBS,NONE,bad,0.0,0.0,0.0,0,0,0.0,0.0,0,0,0,0,0,0,0,0,0,—,—,0.0,0.0,0.0,0.0
2026-05-26 15:22:16.356733,1779823336.356733,0,28.0,WAITING_INITIALPOS,bad,0.0,0.0,0.0,0.0,0.0,0.0,0.0,0.0,0.0,0.0,0.0,0.0,0.0,0.0000,0.0,0.0,0.0,0.0,0.0,0.0,0.0,0.0,0.0,0.0,0.0,0.0,-3204329,-3699687,164842329,-14834,-87920,88851,-0.19179524528717043,-0.22144491893646243,9.86664444389557,-0.0034295250091552734,-0.020326536254882812,0.02054177744293213,61,066cfe00,0.0,0.0,0.0,0.0,INSUFFICIENT_OBS,NONE,bad,0.0,0.0,0.0,0,0,0.0,0.0,0,0,0,0,0,0,0,0,0,—,—,0.0,0.0,0.0,0.0
2026-05-26 15:22:17.351692,1779823337.351692,0,29.0,WAITING_INITIALPOS,bad,0.0,0.0,0.0,0.0,0.0,0.0,0.0,0.0,0.0,0.0,0.0,0.0,0.0,0.0000,0.0,0.0,0.0,0.0,0.0,0.0,0.0,0.0,0.0,0.0,0.0,0.0,-2757965,-3939123,163780887,53635,-40384,100134,-0.16507810954132082,-0.23577637065399173,9.80311178893158,0.012400065650939941,-0.00933652001953125,0.02315033418273926,61,0665fe00,0.0,0.0,0.0,0.0,INSUFFICIENT_OBS,NONE,bad,0.0,0.0,0.0,0,0,0.0,0.0,0,0,0,0,0,0,0,0,0,—,—,0.0,0.0,0.0,0.0
2026-05-26 15:22:18.365441,1779823338.365441,0,30.0,WAITING_INITIALPOS,bad,0.0,0.0,0.0,0.0,0.0,0.0,0.0,0.0,0.0,0.0,0.0,0.0,0.0,0.0000,0.0,0.0,0.0,0.0,0.0,0.0,0.0,0.0,0.0,0.0,0.0,0.0,-2084559,-3557776,163681917,260428,120651,14519,-0.12477136546234133,-0.2129508301416016,9.79718793547394,0.06020927188110352,0.027893732093811036,0.003356699043273926,61,065ffe00,0.0,0.0,0.0,0.0,INSUFFICIENT_OBS,NONE,bad,0.0,0.0,0.0,0,0,0.0,0.0,0,0,0,0,0,0,0,0,0,—,—,0.0,0.0,0.0,0.0
2026-05-26 15:22:20.012682,1779823340.012682,2420,242558.0,WAITING_INITIALPOS,bad,0.0,0.0,0.0,0.0,0.0,0.0,0.0,0.0,0.0,0.0,0.0,0.0,0.0,0.0000,0.0,0.0,0.0,0.0,0.0,0.0,0.0,0.0,0.0,0.0,0.0,0.0,-2468533,-3609777,164028651,114238,139566,10362,-0.14775414516876223,-0.21606335215484623,9.817941713434754,0.026411087905883788,0.032266757949829104,0.002395627487182617,61,0654fe00,0.0,0.0,0.0,0.0,INSUFFICIENT_OBS,NONE,bad,0.0,0.0,0.0,0,0,0.0,0.0,0,0,0,0,0,0,0,0,0,—,—,0.0,0.0,0.0,0.0
2026-05-26 15:22:21.018103,1779823341.018103,2420,242559.0,WAITING_INITIALPOS,bad,0.0,0.0,0.0,0.0,0.0,0.0,0.0,0.0,0.0,0.0,0.0,0.0,0.0,0.0000,0.0,0.0,0.0,0.0,0.0,0.0,0.0,0.0,0.0,0.0,0.0,0.0,-2682925,-4334194,164165119,16054,-104387,173591,-0.1605865872268677,-0.25942336175598146,9.82611001123871,0.003711581130981445,-0.024133600318908693,0.04013311823272705,61,064efe00,0.0,0.0,0.0,0.0,INSUFFICIENT_OBS,NONE,bad,0.0,0.0,0.0,6,0,0.0,0.0,0,0,0,0,0,0,0,0,0,—,—,0.0,0.0,0.0,0.0
2026-05-26 15:22:22.009318,1779823342.009318,2420,242560.0,WAITING_INITIALPOS,bad,0.0,0.0,0.0,0.0,0.0,0.0,0.0,0.0,0.0,0.0,0.0,0.0,0.0,0.0000,0.0,0.0,0.0,0.0,0.0,0.0,0.0,0.0,0.0,0.0,0.0,0.0,-2929859,-3593618,164259872,102812,-106700,130659,-0.17536683204559328,-0.2150961545391846,9.831781455986329,0.023769470489501954,-0.024668350982666017,0.030207517066955566,61,0648fe00,0.0,0.0,0.0,0.0,INSUFFICIENT_OBS,NONE,bad,0.0,0.0,0.0,13,0,0.0,0.0,0,0,0,0,0,0,0,0,0,—,—,0.0,0.0,0.0,0.0
2026-05-26 15:22:23.011153,1779823343.011153,2420,242561.0,WAITING_INITIALPOS,bad,0.0,0.0,0.0,0.0,0.0,0.0,0.0,0.0,0.0,0.0,0.0,0.0,0.0,0.0000,0.0,0.0,0.0,0.0,0.0,0.0,0.0,0.0,0.0,0.0,0.0,0.0,-2872242,-3633225,165092681,-111147,148843,-65619,-0.17191816411926272,-0.2174668331680298,9.881629273246157,-0.02569646866607666,0.03441154044342041,-0.01517068906402588,61,0641fe00,43.51484543424,-79.68417112153,136.0209,0.0,SOL_COMPUTED,SINGLE,good,120.374,126.4633,99.0347,16,4,0.0,0.0,0,0,0,0,0,0,0,0,0,—,—,0.0,0.0,0.0,0.0
2026-05-26 15:22:24.009776,1779823344.009776,2420,242562.0,WAITING_INITIALPOS,bad,0.0,0.0,0.0,0.0,0.0,0.0,0.0,0.0,0.0,0.0,0.0,0.0,0.0,0.0000,0.0,0.0,0.0,0.0,0.0,0.0,0.0,0.0,0.0,0.0,0.0,0.0,-2453989,-4068767,164520224,92341,41155,20619,-0.1468836134451294,-0.24353621765472416,9.847364835751954,0.021348642906188965,0.009514770240783692,0.004766979652404785,61,063afe00,43.51484596479,-79.6841691966,172.9567,-37.1,SOL_COMPUTED,SINGLE,good,120.3099,126.3973,99.0393,16,4,0.0,0.0,0,0,0,0,0,0,0,0,0,—,—,0.0,0.0,0.0,0.0
2026-05-26 15:22:25.008948,1779823345.008948,2420,242563.0,WAITING_INITIALPOS,bad,0.0,0.0,0.0,0.0,0.0,0.0,0.0,0.0,0.0,0.0,0.0,0.0,0.0,0.0000,0.0,0.0,0.0,0.0,0.0,0.0,0.0,0.0,0.0,0.0,0.0,0.0,-2574583,-3294885,163994106,86060,-79895,6377,-0.1541017723202515,-0.19721547842559817,9.815874021026003,0.019896516265869142,-0.01847120807647705,0.0014743212203979492,61,0634fe00,43.51483981099,-79.68415686313,161.9847,-37.1,SOL_COMPUTED,SINGLE,good,6.9118,7.2667,5.9115,16,5,0.0,0.0,0,0,0,0,0,0,0,0,0,—,—,0.0,0.0,0.0,0.0
2026-05-26 15:22:26.008812,1779823346.008812,2420,242564.0,WAITING_INITIALPOS,bad,0.0,0.0,0.0,0.0,0.0,0.0,0.0,0.0,0.0,0.0,0.0,0.0,0.0,0.0000,0.0,0.0,0.0,0.0,0.0,0.0,0.0,0.0,0.0,0.0,0.0,0.0,-2843124,-3575344,164920883,46093,94567,35912,-0.17017530502075198,-0.21400236351074223,9.871346296825868,0.010656403953552246,0.02186327973175049,0.008302622497558594,61,062dfe00,43.51487969829,-79.68410212839,158.2861,-37.1,SOL_COMPUTED,SINGLE,good,6.9081,7.2629,5.9119,16,5,0.0,0.0,0,0,0,0,0,0,0,0,0,—,—,0.0,0.0,0.0,0.0
2026-05-26 15:22:27.008988,1779823347.008988,2420,242565.0,WAITING_INITIALPOS,bad,0.0,0.0,0.0,0.0,0.0,0.0,0.0,0.0,0.0,0.0,0.0,0.0,0.0,0.0000,0.0,0.0,0.0,0.0,0.0,0.0,0.0,0.0,0.0,0.0,0.0,0.0,-2440948,-4001608,163621785,72708,-27763,51599,-0.14610304384887698,-0.2395164129223633,9.793588732118227,0.016809620086669922,-0.006418626319885254,0.011929355598449707,61,0626fe00,43.51488019664,-79.68410128437,158.118,-37.1,SOL_COMPUTED,SINGLE,good,6.9036,7.2584,5.9106,18,5,0.0,0.0,0,0,0,0,0,0,0,0,0,—,—,0.0,0.0,0.0,0.0
2026-05-26 15:22:28.013884,1779823348.013884,2420,242566.0,WAITING_INITIALPOS,bad,0.0,0.0,0.0,0.0,0.0,0.0,0.0,0.0,0.0,0.0,0.0,0.0,0.0,0.0000,0.0,0.0,0.0,0.0,0.0,0.0,0.0,0.0,0.0,0.0,0.0,0.0,-2653876,-3554974,164543440,-2501,-18440,73407,-0.15884785812622074,-0.21278311631530764,9.848754430395509,-0.0005782150497436523,-0.004263208923339844,0.01697122437286377,61,0620fe00,43.5148778767,-79.68409296358,159.0216,-37.1,SOL_COMPUTED,SINGLE,good,2.298,2.8217,5.615,18,8,0.0,0.0,0,0,0,0,0,0,0,0,0,—,—,0.0,0.0,0.0,0.0
2026-05-26 15:22:29.009218,1779823349.009218,2420,242567.0,WAITING_AZIMUTH,bad,43.51487715052,-79.68409115888,159.2063,-37.1,0.905302671,-1.307415284,-0.0,3.0,3.0,180.0,-0.0006,0.0091,-0.0421,0.0091,0.1014,0.1282,0.272,0.0,0.0,0.0,0.0,0.0,0.0,0.0,0.0,0.0,-2424910,-3843851,164413860,85045,59559,178628,-0.14514308869323733,-0.23007386113983158,9.840998414117433,0.019661854820251463,0.013769656196594239,0.04129764010620117,61,0619fe00,43.51487715063,-79.68409116114,159.2071,-37.1,SOL_COMPUTED,SINGLE,good,2.1889,2.6423,5.1037,18,9,0.0,0.0,0,0,0,0,0,0,0,0,0,—,—,0.0,0.0,0.0,0.0
2026-05-26 15:22:30.012998,1779823350.012998,2420,242568.0,WAITING_AZIMUTH,bad,43.51487705788,-79.68409038251,159.041,-37.1,0.893484745,-1.311827651,-0.0,3.0,3.0,180.0,0.0165,0.0078,-0.0798,0.0183,0.1012,0.1281,0.2717,0.0,0.0,0.0,0.0,0.0,0.0,0.0,0.0,0.0,-2582974,-3846560,163662430,105133,-51155,128765,-0.15460401597351076,-0.23023600844726566,9.796021540280153,0.02430607070159912,-0.01182670566558838,0.02976963649749756,61,0613fe00,43.51487705493,-79.68409038444,159.0426,-37.1,SOL_COMPUTED,SINGLE,good,2.1883,2.6415,5.1028,18,9,0.0,0.0,0,0,0,0,0,0,0,0,0,—,—,0.0,0.0,0.0,0.0
2026-05-26 15:22:31.010518,1779823351.010518,2420,242569.0,WAITING_AZIMUTH,bad,43.51487693155,-79.6840897619,158.9321,-37.1,0.912787796,-1.276605038,-0.0,3.0,3.0,180.0,-0.0181,-0.011,-0.0213,0.0212,0.1012,0.1281,0.2717,0.0,0.0,0.0,0.0,0.0,0.0,0.0,0.0,0.0,-2690823,-3391817,164534499,-56935,31563,145919,-0.16105932234466555,-0.2030173473086548,9.848219266469423,-0.013163004341125488,0.007297161781311035,0.03373553052520752,61,060cfe00,43.5148769348,-79.68408975919,158.9326,-37.1,SOL_COMPUTED,SINGLE,good,2.1885,2.6413,5.1032,18,9,0.0,0.0,0,0,0,0,0,0,0,0,0,—,—,0.0,0.0,0.0,0.0
2026-05-26 15:22:32.009789,1779823352.009789,2420,242570.0,WAITING_AZIMUTH,bad,43.51487697863,-79.68408891491,158.7527,-37.1,0.899626109,-1.32192065,-0.0,3.0,3.0,180.0,-0.0133,-0.0046,0.0167,0.0141,0.1012,0.128,0.2717,0.0,0.0,0.0,0.0,0.0,0.0,0.0,0.0,0.0,-2606835,-4898990,163673956,163369,29324,-18724,-0.15603221711883547,-0.2932292497772217,9.796711429488527,0.0377698578414917,0.006779519439697266,-0.004328867889404297,61,0605fe00,43.51487698103,-79.68408891377,158.7523,-37.1,SOL_COMPUTED,SINGLE,good,2.1888,2.6409,5.1023,18,9,0.0,0.0,0,0,0,0,0,0,0,0,0,—,—,0.0,0.0,0.0,0.0
2026-05-26 15:22:33.013968,1779823353.013968,2420,242571.0,WAITING_AZIMUTH,bad,43.51487686083,-79.68408834885,158.6802,-37.1,0.908453898,-1.319521671,-0.0,3.0,3.0,180.0,-0.0119,-0.0083,0.0389,0.0145,0.1012,0.128,0.2717,0.0,0.0,0.0,0.0,0.0,0.0,0.0,0.0,0.0,-2775242,-3228757,164621711,142240,-85913,123449,-0.1661122250933838,-0.19325738424102787,9.853439344349061,0.03288496948242187,-0.019862530815124513,0.028540611625671387,61,05fefe00,43.5148768629,-79.68408834687,158.6794,-37.1,SOL_COMPUTED,SINGLE,good,2.1877,2.6396,5.1012,18,9,0.0,0.0,0,0,0,0,0,0,0,0,0,—,—,0.0,0.0,0.0,0.0
2026-05-26 15:22:34.011431,1779823354.011431,2420,242572.0,WAITING_AZIMUTH,bad,43.51487678512,-79.68408755284,158.5697,-37.1,0.900595479,-1.278493506,-0.0,3.0,3.0,180.0,0.0023,0.0157,-0.0485,0.0159,0.0972,0.1117,0.254,0.0,0.0,0.0,0.0,0.0,0.0,0.0,0.0,0.0,-2213686,-3455417,163944819,57407,146790,82402,-0.13250026740661622,-0.20682412794830327,9.812923945595399,0.01327212769317627,0.03393690010070801,0.019050810287475586,61,05f7fe00,43.51487669215,-79.68408775923,158.5921,-37.1,SOL_COMPUTED,SINGLE,good,2.189,2.6406,5.1034,18,9,0.0,0.0,0,0,0,0,0,0,0,0,0,—,—,0.0,0.0,0.0,0.0
2026-05-26 15:22:35.028335,1779823355.028335,2420,242573.0,WAITING_AZIMUTH,bad,43.51487199602,-79.68409699642,159.5001,-37.1,0.905728709,-1.294075509,-0.0,3.0,3.0,180.0,-0.0001,0.0333,-0.0576,0.0333,0.0972,0.1117,0.254,0.0,0.0,0.0,0.0,0.0,0.0,0.0,0.0,0.0,-2382452,-4252064,164143570,-115808,-176838,90892,-0.14260176334106447,-0.25450746719726564,9.824820194949343,-0.026774061767578124,-0.04088380366516113,0.021013643463134765,61,05f1fe00,43.51487199603,-79.68409700434,159.5012,-37.1,SOL_COMPUTED,SINGLE,good,2.0136,2.2591,4.7829,18,10,0.0,0.0,0,0,0,0,0,0,0,0,0,—,—,0.0,0.0,0.0,0.0
2026-05-26 15:22:36.014987,1779823356.014987,2420,242574.0,WAITING_AZIMUTH,bad,43.51487194108,-79.68409642441,159.4109,-37.1,0.896641341,-1.316234305,-0.0,3.0,3.0,180.0,0.0096,-0.001,0.022,0.0097,0.0972,0.1117,0.254,0.0,0.0,0.0,0.0,0.0,0.0,0.0,0.0,0.0,-2410083,-3481207,164451936,233850,154353,-26057,-0.1442556179928589,-0.208367789468689,9.843277454677736,0.05406460990905762,0.035685416862487794,-0.006024210136413574,61,05eafe00,43.51487193941,-79.68409642411,159.4104,-37.1,SOL_COMPUTED,SINGLE,good,2.0138,2.2591,4.7836,19,10,0.0,0.0,0,0,0,0,0,0,0,0,0,—,—,0.0,0.0,0.0,0.0
2026-05-26 15:22:37.015109,1779823357.015109,2420,242575.0,WAITING_AZIMUTH,bad,43.51487197893,-79.68409593518,159.3826,-37.1,0.911223727,-1.293675387,-0.0,3.0,3.0,180.0,-0.0148,0.0237,-0.0388,0.0279,0.0908,0.1087,0.2192,0.0,0.0,0.0,0.0,0.0,0.0,0.0,0.0,0.0,-2441166,-3632961,164008360,73246,-109230,107505,-0.14611609224792482,-0.21745103143707278,9.8167271947876,0.016934002212524415,-0.0252532706451416,0.02485446178436279,61,05e3fe00,43.51487175613,-79.68409583686,159.316,-37.1,SOL_COMPUTED,SINGLE,good,2.0138,2.2585,4.7834,19,10,0.0,0.0,0,0,0,0,0,0,0,0,0,—,—,0.0,0.0,0.0,0.0
2026-05-26 15:22:38.013676,1779823358.013676,2420,242576.0,WAITING_AZIMUTH,bad,43.51487500419,-79.68409703004,160.2841,-37.1,0.899156082,-1.301687518,-0.0,3.0,3.0,180.0,-0.0121,0.0145,-0.0206,0.0189,0.0908,0.1087,0.2192,0.0,0.0,0.0,0.0,0.0,0.0,0.0,0.0,0.0,-2328717,-3776556,163932241,202477,151181,41277,-0.13938545268585206,-0.2260459161218262,9.812171088883364,0.046811374900817875,0.034952070945739745,0.009542975852966309,61,05dcfe00,43.51487500628,-79.68409703342,160.2845,-37.1,SOL_COMPUTED,SINGLE,good,1.9034,2.247,4.4459,19,12,0.0,0.0,0,0,0,0,0,0,0,0,0,—,—,0.0,0.0,0.0,0.0
2026-05-26 15:22:39.013519,1779823359.013519,2420,242577.0,WAITING_AZIMUTH,bad,43.51487494814,-79.68409657341,160.2333,-37.1,0.906794218,-1.299063079,-0.0,3.0,3.0,180.0,0.0065,0.0252,0.0232,0.0260,0.0908,0.1087,0.2192,0.0,0.0,0.0,0.0,0.0,0.0,0.0,0.0,0.0,-3001332,-3977503,165072977,-22899,-103741,131291,-0.17964485142700198,-0.23807360714691164,9.880449889508363,-0.005294100929260254,-0.02398424929046631,0.03035363138580322,61,05d5fe00,43.51487494701,-79.68409657931,160.2329,-37.1,SOL_COMPUTED,SINGLE,good,1.9029,2.2463,4.4455,19,12,0.0,0.0,0,0,0,0,0,0,0,0,0,—,—,0.0,0.0,0.0,0.0
2026-05-26 15:22:40.013335,1779823360.013335,2420,242578.0,WAITING_AZIMUTH,bad,43.51487493016,-79.68409644427,160.1939,-37.1,0.89992031,-1.312135951,-0.0,3.0,3.0,180.0,0.0047,-0.0015,0.0155,0.0049,0.0908,0.1087,0.2192,0.0,0.0,0.0,0.0,0.0,0.0,0.0,0.0,0.0,-1929722,-4042127,163011467,150296,-23028,71316,-0.115503590401001,-0.24194167934906008,9.757058122897645,0.03474746466064453,-0.005323924896240235,0.01648779867553711,61,05cefe00,43.51487492935,-79.6840964438,160.1936,-37.1,SOL_COMPUTED,SINGLE,good,1.9031,2.2463,4.4455,19,12,0.0,0.0,0,0,0,0,0,0,0,0,0,—,—,0.0,0.0,0.0,0.0
2026-05-26 15:22:41.012921,1779823361.012921,2420,242579.0,WAITING_AZIMUTH,bad,43.5148749123,-79.68409642529,160.1645,-37.1,0.89740894,-1.2978697,-0.0,3.0,3.0,180.0,-0.0072,-0.0113,-0.0064,0.0134,0.0908,0.1086,0.2193,0.0,0.0,0.0,0.0,0.0,0.0,0.0,0.0,0.0,-2675545,-3220758,164787683,112786,136498,87811,-0.16014485702056888,-0.1927786037640381,9.863373605297548,0.02607539488220215,0.03155745616149902,0.02030133615875244,61,05c7fe00,43.51487491356,-79.68409642245,160.1647,-37.1,SOL_COMPUTED,SINGLE,good,1.9038,2.2474,4.4468,19,12,0.0,0.0,0,0,0,0,0,0,0,0,0,—,—,0.0,0.0,0.0,0.0
2026-05-26 15:22:42.025335,1779823362.025335,2420,242580.0,WAITING_AZIMUTH,bad,43.51487486383,-79.68409611417,160.137,-37.1,0.900301614,-1.308799755,-0.0,3.0,3.0,180.0,-0.0078,0.0118,-0.0557,0.0141,0.0749,0.1037,0.1985,0.0,0.0,0.0,0.0,0.0,0.0,0.0,0.0,0.0,-2849571,-3284078,164866874,173027,-17084,75446,-0.17056119047332766,-0.19656862499206545,9.868113585889283,0.04000272507476807,-0.003949710479736328,0.017442628005981446,61,05c1fe00,43.51487498194,-79.68409607015,160.1109,-37.1,SOL_COMPUTED,SINGLE,good,1.904,2.2474,4.4471,19,12,0.0,0.0,0,0,0,0,0,0,0,0,0,—,—,0.0,0.0,0.0,0.0
2026-05-26 15:22:43.013421,1779823363.013421,2420,242581.0,WAITING_AZIMUTH,bad,43.51487036978,-79.6840993808,160.5752,-37.1,0.902708524,-1.292553337,-0.0,3.0,3.0,180.0,0.0107,0.0003,-0.008,0.0107,0.0749,0.1037,0.1986,0.0,0.0,0.0,0.0,0.0,0.0,0.0,0.0,0.0,-2319994,-3995334,163356076,-8147,-114610,-9873,-0.1388633371588135,-0.23914088239196782,9.777684708895265,-0.001883533790588379,-0.026497091903686522,-0.002282573844909668,61,05b9fe00,43.51487036792,-79.6840993807,160.5753,-37.1,SOL_COMPUTED,SINGLE,good,1.8281,2.2127,4.36,19,16,0.0,0.0,0,0,0,0,0,0,0,0,0,—,—,0.0,0.0,0.0,0.0
2026-05-26 15:22:44.022339,1779823364.022339,2420,242582.0,WAITING_AZIMUTH,bad,43.51487034237,-79.68409921874,160.5607,-37.1,0.900248744,-1.30197776,-0.0,3.0,3.0,180.0,0.0017,-0.0138,0.0263,0.0139,0.0749,0.1036,0.1986,0.0,0.0,0.0,0.0,0.0,0.0,0.0,0.0,0.0,-2523191,-3734157,164679581,100378,145201,93333,-0.15102570202728274,-0.2235081222171021,9.856903155600893,0.023206745407104493,0.03356953356170654,0.02157798690032959,61,05b2fe00,43.51487034208,-79.68409921527,160.5601,-37.1,SOL_COMPUTED,SINGLE,good,1.8284,2.213,4.3612,20,16,0.0,0.0,0,0,0,0,0,0,0,0,0,—,—,0.0,0.0,0.0,0.0
2026-05-26 15:22:45.024338,1779823365.024338,2420,242583.0,WAITING_AZIMUTH,bad,43.51487032559,-79.6840990621,160.5388,-37.1,0.899586158,-1.300700452,-0.0,3.0,3.0,180.0,0.0102,-0.0067,-0.0284,0.0122,0.0749,0.1036,0.1986,0.0,0.0,0.0,0.0,0.0,0.0,0.0,0.0,0.0,-2910916,-3535198,165131737,-85542,68336,152123,-0.1742329979943848,-0.2115994230145264,9.883966971747133,-0.01977675801086426,0.015798841918945313,0.035169855262756344,61,05acfe00,43.51487032381,-79.68409906031,160.5393,-37.1,SOL_COMPUTED,SINGLE,good,1.8286,2.2134,4.362,20,16,0.0,0.0,0,0,0,0,0,0,0,0,0,—,—,0.0,0.0,0.0,0.0
2026-05-26 15:22:46.017343,1779823366.017343,2420,242584.0,WAITING_AZIMUTH,bad,43.5148702239,-79.68409930598,160.5883,-37.1,0.904773316,-1.321914519,-0.0,3.0,3.0,180.0,0.0143,0.0196,-0.0395,0.0243,0.0745,0.1024,0.197,0.0,0.0,0.0,0.0,0.0,0.0,0.0,0.0,0.0,-3019155,-4188428,164399709,299524,-640,98640,-0.1807116478317261,-0.25069853177612306,9.840151405425111,0.06924801461791992,-0.0001479638671875,0.022804931030273437,61,05a4fe00,43.51487038749,-79.68409896971,160.5485,-37.1,SOL_COMPUTED,SINGLE,good,1.8283,2.2129,4.3618,21,16,0.0,0.0,0,0,0,0,0,0,0,0,0,—,—,0.0,0.0,0.0,0.0
2026-05-26 15:22:47.012826,1779823367.012826,2420,242585.0,WAITING_AZIMUTH,bad,43.51486471667,-79.68410975977,161.6047,-37.1,0.906965434,-1.302014581,-0.0,3.0,3.0,180.0,0.0062,0.0156,-0.0369,0.0168,0.0695,0.0896,0.1727,0.0,0.0,0.0,0.0,0.0,0.0,0.0,0.0,0.0,-2897362,-3353278,164325238,235430,-96946,46843,-0.17342172276184084,-0.20071059386413578,9.835693940629273,0.054429895706176755,-0.022413289169311523,0.010829799110412599,61,059dfe00,43.51486449495,-79.68411011539,161.4761,-37.1,SOL_COMPUTED,SINGLE,good,1.6612,1.9559,4.1971,21,17,0.0,0.0,0,0,0,0,0,0,0,0,0,—,—,0.0,0.0,0.0,0.0
2026-05-26 15:22:48.015856,1779823368.015856,2420,242586.0,WAITING_AZIMUTH,bad,43.51487619126,-79.68408957375,165.2909,-37.1,0.902756492,-1.28202227,-0.0,3.0,3.0,180.0,0.0059,0.0177,-0.0033,0.0187,0.0738,0.1033,0.1912,0.0,0.0,0.0,0.0,0.0,0.0,0.0,0.0,0.0,-2220271,-4076985,163720563,54060,70432,112897,-0.13289441285491946,-0.24402810638580325,9.7995010934079,0.012498322906494141,0.016283423583984376,0.02610105736541748,61,0597fe00,43.51487619025,-79.68408957771,165.291,-37.1,SOL_COMPUTED,SINGLE,good,1.6924,2.0451,4.0179,20,17,0.0,0.0,0,0,0,0,0,0,0,0,0,—,—,0.0,0.0,0.0,0.0
2026-05-26 15:22:49.014062,1779823369.014062,2420,242587.0,WAITING_AZIMUTH,bad,43.5148762427,-79.68408937735,165.2453,-37.1,0.902025347,-1.304783516,-0.0,3.0,3.0,180.0,-0.0168,-0.0219,0.0176,0.0276,0.0738,0.1033,0.1913,0.0,0.0,0.0,0.0,0.0,0.0,0.0,0.0,0.0,-2603930,-3600231,164874249,79703,107425,33636,-0.1558583382232666,-0.21549197592864994,9.868555016820375,0.0184268189163208,0.024835966300964355,0.007776425994873047,61,058ffe00,43.51487624563,-79.68408937185,165.2449,-37.1,SOL_COMPUTED,SINGLE,good,1.6922,2.0447,4.018,20,17,0.0,0.0,0,0,0,0,0,0,0,0,0,—,—,0.0,0.0,0.0,0.0
2026-05-26 15:22:50.014644,1779823370.014644,2420,242588.0,WAITING_AZIMUTH,bad,43.51487618699,-79.68408930229,165.2469,-37.1,0.903716473,-1.2961378,-0.0,3.0,3.0,180.0,0.0057,0.0168,-0.0619,0.0177,0.0737,0.1023,0.1895,0.0,0.0,0.0,0.0,0.0,0.0,0.0,0.0,0.0,-2724451,-3174831,164861796,-59315,-1830,-104981,-0.16307212768035892,-0.1900296412728882,9.867809641988528,-0.013713244972229003,-0.0004230841827392578,-0.02427092928314209,61,0588fe00,43.51487623497,-79.68408912633,165.22,-37.1,SOL_COMPUTED,SINGLE,good,1.692,2.0438,4.0174,21,17,0.0,0.0,0,0,0,0,0,0,0,0,0,—,—,0.0,0.0,0.0,0.0
2026-05-26 15:22:51.014557,1779823371.014557,2420,242589.0,WAITING_AZIMUTH,bad,43.5148768081,-79.68408683919,164.8862,-37.1,0.905793595,-1.307130195,-0.0,3.0,3.0,180.0,-0.0205,-0.0087,-0.0092,0.0223,0.0737,0.1014,0.1879,0.0,0.0,0.0,0.0,0.0,0.0,0.0,0.0,0.0,-2890151,-4123361,164548424,-71056,-96619,141907,-0.17299010805755619,-0.24680394379058843,9.849052747922364,-0.01642768835449219,-0.02233768888092041,0.03280798203277588,61,0581fe00,43.51487660733,-79.68408758682,165.0035,-37.1,SOL_COMPUTED,SINGLE,good,1.6895,2.0297,3.9916,21,18,0.0,0.0,0,0,0,0,0,0,0,0,0,—,—,0.0,0.0,0.0,0.0
2026-05-26 15:22:52.013039,1779823372.013039,2420,242590.0,WAITING_AZIMUTH,bad,43.51488552145,-79.6840545327,159.8333,-37.1,0.904208164,-1.30770236,-0.0,3.0,3.0,180.0,-0.0051,0.0004,-0.0153,0.0051,0.0709,0.0809,0.1521,0.0,0.0,0.0,0.0,0.0,0.0,0.0,0.0,0.0,-2498323,-3823427,163956763,22735,-124138,87797,-0.1495372268551636,-0.2288513817721558,9.813638854211122,0.005256185188293457,-0.02869990397644043,0.020298099449157714,61,057afe00,43.51488085059,-79.68407176524,162.5412,-37.1,SOL_COMPUTED,SINGLE,good,1.6542,1.8104,3.5777,22,18,0.0,0.0,0,0,0,0,0,0,0,0,0,—,—,0.0,0.0,0.0,0.0
2026-05-26 15:22:53.016009,1779823373.016009,2420,242591.0,WAITING_AZIMUTH,bad,43.51487861293,-79.68407967765,163.766,-37.1,0.905692967,-1.298920345,-0.0,3.0,3.0,180.0,-0.0069,-0.0115,0.0225,0.0134,0.0709,0.0807,0.1517,0.0,0.0,0.0,0.0,0.0,0.0,0.0,0.0,0.0,-2503233,-3857029,163473580,36231,12937,27032,-0.14983111510894778,-0.23086263087677006,9.78471791569214,0.008376373237609864,0.0029909508590698244,0.0062496238403320315,61,0573fe00,43.51487948092,-79.68407661146,163.3117,-37.1,SOL_COMPUTED,SINGLE,good,1.645,1.7895,3.4268,22,19,0.0,0.0,0,0,0,0,0,0,0,0,0,—,—,0.0,0.0,0.0,0.0
2026-05-26 15:22:54.019529,1779823374.019529,2420,242592.0,WAITING_AZIMUTH,bad,43.51487736504,-79.68408370646,164.3763,-37.1,0.903284151,-1.30426485,-0.0,3.0,3.0,180.0,-0.0164,-0.0167,0.0221,0.0234,0.0709,0.0807,0.1517,0.0,0.0,0.0,0.0,0.0,0.0,0.0,0.0,0.0,-2579442,-3830449,163984732,36436,-60713,66261,-0.15439260796691898,-0.22927168387359623,9.815312939866944,0.00842376791381836,-0.0140364535446167,0.01531911531829834,61,056cfe00,43.51487980956,-79.68407507577,163.0972,-37.1,SOL_COMPUTED,SINGLE,good,1.6351,1.7279,3.3191,22,19,0.0,0.0,0,0,0,0,0,0,0,0,0,—,—,0.0,0.0,0.0,0.0
2026-05-26 15:22:55.013971,1779823375.013971,2420,242593.0,WAITING_AZIMUTH,bad,43.51487624822,-79.68408749307,164.9249,-37.1,0.89852332,-1.29652748,-0.0,3.0,3.0,180.0,0.0156,-0.006,-0.029,0.0167,0.0706,0.0802,0.1511,0.0,0.0,0.0,0.0,0.0,0.0,0.0,0.0,0.0,-2078151,-3988070,162861995,75212,-20183,118792,-0.1243878143563843,-0.23870609537048343,9.748111470133974,0.017388528717041017,-0.004666179267883301,0.027463943298339843,61,0564fe00,43.51488040352,-79.68407265971,162.7236,-37.1,SOL_COMPUTED,SINGLE,good,1.625,1.6805,3.2391,23,20,0.0,0.0,0,0,0,0,0,0,0,0,0,—,—,0.0,0.0,0.0,0.0
2026-05-26 15:22:56.027108,1779823376.027108,2420,242594.0,WAITING_AZIMUTH,bad,43.51487249063,-79.68408752212,164.7212,-37.1,0.903000214,-1.293249704,-0.0,3.0,3.0,180.0,0.0086,-0.0101,-0.0006,0.0133,0.0673,0.0734,0.1437,0.0,0.0,0.0,0.0,0.0,0.0,0.0,0.0,0.0,-2304562,-3283082,163728992,23958,85786,32651,-0.1379396541583252,-0.19650900937072757,9.800005611552736,0.00553893489074707,0.019833169235229493,0.0075487003555297855,61,055dfe00,43.51487248914,-79.68408751948,164.7212,-37.1,SOL_COMPUTED,SINGLE,good,1.5771,1.5962,3.1238,23,20,0.0,0.0,0,0,0,0,0,0,0,0,0,—,—,0.0,0.0,0.0,0.0
2026-05-26 15:22:57.014352,1779823377.014352,2420,242595.0,WAITING_AZIMUTH,bad,43.51487958127,-79.68407603011,163.2938,-37.1,0.903022166,-1.30624269,-0.0,3.0,3.0,180.0,-0.0115,-0.0126,0.017,0.0171,0.0709,0.0808,0.1519,0.0,0.0,0.0,0.0,0.0,0.0,0.0,0.0,0.0,-2517138,-4001243,164099434,47339,65017,15009,-0.15066339946105958,-0.2394945658322144,9.822178432837525,0.01094447110748291,0.015031510551452637,0.0034699838790893554,61,0556fe00,43.51487958326,-79.68407602689,163.2935,-37.1,SOL_COMPUTED,SINGLE,good,1.6189,1.6236,3.1388,22,19,0.0,0.0,0,0,0,0,0,0,0,0,0,—,—,0.0,0.0,0.0,0.0
2026-05-26 15:22:58.015384,1779823378.015384,2420,242596.0,WAITING_AZIMUTH,bad,43.51487887828,-79.68407848807,163.8642,-37.1,0.9127542,-1.301993705,-0.0,3.0,3.0,180.0,0.0101,0.0133,-0.0366,0.0167,0.0709,0.0795,0.1472,0.0,0.0,0.0,0.0,0.0,0.0,0.0,0.0,0.0,-2309565,-4266925,164705961,181443,157240,85390,-0.13823910893096925,-0.2553969729690552,9.858482131595766,0.04194844992828369,0.036352872619628905,0.019741616592407227,61,054ffe00,43.51487886496,-79.68407884653,163.803,-37.1,SOL_COMPUTED,SINGLE,good,1.6227,1.6489,3.1831,22,19,0.0,0.0,0,0,0,0,0,0,0,0,0,—,—,0.0,0.0,0.0,0.0
2026-05-26 15:22:59.014455,1779823379.014455,2420,242597.0,WAITING_AZIMUTH,bad,43.51487800885,-79.68407954942,164.8324,-37.1,0.899399236,-1.310074193,-0.0,3.0,3.0,180.0,0.0076,-0.0205,0.0558,0.0219,0.0709,0.0795,0.1472,0.0,0.0,0.0,0.0,0.0,0.0,0.0,0.0,0.0,-2071536,-3843758,163613627,145180,127442,59955,-0.12399187325683596,-0.23006829462097173,9.793100434689638,0.033564678497314454,0.029463767440795898,0.013861208839416503,61,0548fe00,43.51485182705,-79.68414157177,165.3962,-37.1,SOL_COMPUTED,SINGLE,good,3.887,4.0828,8.3256,22,12,0.0,0.0,0,0,0,0,0,0,0,0,0,—,—,0.0,0.0,0.0,0.0
2026-05-26 15:23:00.012977,1779823380.012977,2420,242598.0,WAITING_AZIMUTH,bad,43.51487683255,-79.6840835896,165.464,-37.1,0.902388662,-1.297873207,-0.0,3.0,3.0,180.0,-0.0121,-0.026,0.0277,0.0287,0.0709,0.0796,0.1474,0.0,0.0,0.0,0.0,0.0,0.0,0.0,0.0,0.0,-1920298,-3629889,163655778,81380,80339,104785,-0.11493951648986818,-0.21726715674957278,9.795623384544069,0.018814530487060548,0.01857385800933838,0.02422561534881592,61,0540fe00,43.51485141013,-79.68414202961,165.5271,-37.1,SOL_COMPUTED,SINGLE,good,2.6686,3.1962,6.4633,23,13,0.0,0.0,0,0,0,0,0,0,0,0,0,—,—,0.0,0.0,0.0,0.0
2026-05-26 15:23:01.015518,1779823381.015518,2420,242599.0,WAITING_AZIMUTH,bad,43.51487574991,-79.68408727061,165.8764,-37.1,0.908216962,-1.299548217,-0.0,3.0,3.0,180.0,-0.003,-0.0029,-0.0273,0.0042,0.0706,0.079,0.1467,0.0,0.0,0.0,0.0,0.0,0.0,0.0,0.0,0.0,-2143414,-4056409,163995142,80980,-21034,78554,-0.12829413393005373,-0.2427965290518189,9.815936030849,0.01872205307006836,-0.004862924972534179,0.018161177536010743,61,0539fe00,43.51485157066,-79.68414170817,165.5488,-37.1,SOL_COMPUTED,SINGLE,good,2.668,3.1954,6.4634,24,13,0.0,0.0,0,0,0,0,0,0,0,0,0,—,—,0.0,0.0,0.0,0.0
2026-05-26 15:23:02.026732,1779823382.026732,2420,242600.0,WAITING_AZIMUTH,bad,43.5148653109,-79.68409923077,167.2094,-37.1,0.902935965,-1.307252281,-0.0,3.0,3.0,180.0,-0.0006,0.0066,0.0022,0.0066,0.0652,0.0677,0.134,0.0,0.0,0.0,0.0,0.0,0.0,0.0,0.0,0.0,-2236360,-3840427,163497567,110892,-63313,28380,-0.1338574206176758,-0.2298689174777222,9.786153658572694,0.02563751431274414,-0.014637556755065917,0.006561272735595703,61,0532fe00,43.51485173886,-79.68414119892,165.5711,-37.1,SOL_COMPUTED,SINGLE,good,2.6675,3.1948,6.4636,24,13,0.0,0.0,0,0,0,0,0,0,0,0,0,—,—,0.0,0.0,0.0,0.0
2026-05-26 15:23:03.015260,1779823383.015260,2420,242601.0,WAITING_AZIMUTH,bad,43.51486707643,-79.68409389724,166.5147,-37.1,0.902900721,-1.300722613,-0.0,3.0,3.0,180.0,0.0143,0.0268,-0.0214,0.0304,0.0664,0.0702,0.1367,0.0,0.0,0.0,0.0,0.0,0.0,0.0,0.0,0.0,-2712242,-3821230,163492358,58953,-150807,21596,-0.1623413574786377,-0.2287198802459717,9.7858418736615,0.013629552909851074,-0.034865604560852054,0.004992855743408203,61,052afe00,43.51485184249,-79.68414095333,165.6209,-37.1,SOL_COMPUTED,SINGLE,good,2.667,3.1938,6.4638,24,13,0.0,0.0,0,0,0,0,0,0,0,0,0,—,—,0.0,0.0,0.0,0.0
2026-05-26 15:23:04.015675,1779823384.015675,2420,242602.0,WAITING_AZIMUTH,bad,43.51486713067,-79.68409400545,166.5374,-37.1,0.898027665,-1.308251641,-0.0,3.0,3.0,180.0,0.0263,0.0294,-0.0451,0.0394,0.0651,0.0673,0.1335,0.0,0.0,0.0,0.0,0.0,0.0,0.0,0.0,0.0,-2912888,-3521302,165041965,50882,-30220,-3669,-0.1743510321362305,-0.21076767735778812,9.878593664961244,0.011763589828491211,-0.006986668853759766,-0.0008482491073608399,61,0523fe00,43.51485574364,-79.68413126887,165.7298,-37.1,SOL_COMPUTED,SINGLE,good,2.2984,3.0037,6.3437,24,15,0.0,0.0,0,0,0,0,0,0,0,0,0,—,—,0.0,0.0,0.0,0.0
2026-05-26 15:23:05.016359,1779823385.016359,2420,242603.0,WAITING_AZIMUTH,bad,43.51486861688,-79.68409268055,166.388,-37.1,0.900009429,-1.282469185,-0.0,3.0,3.0,180.0,0.0212,0.0376,-0.026,0.0432,0.0651,0.0673,0.1336,0.0,0.0,0.0,0.0,0.0,0.0,0.0,0.0,0.0,-2452128,-3820379,164191677,-264672,-40530,-20548,-0.14677222321289066,-0.22866894360565188,9.827699641430971,-0.061190457275390624,-0.009370274276733398,-0.004750564910888672,61,051cfe00,43.51485589815,-79.68413099129,165.7821,-37.1,SOL_COMPUTED,SINGLE,good,2.2984,3.0033,6.3446,24,15,0.0,0.0,0,0,0,0,0,0,0,0,0,—,—,0.0,0.0,0.0,0.0
2026-05-26 15:23:06.014984,1779823386.014984,2420,242604.0,WAITING_AZIMUTH,bad,43.51486728535,-79.68409620335,166.827,-37.1,0.907774524,-1.310313425,-0.0,3.0,3.0,180.0,0.0204,0.0491,-0.1106,0.0532,0.0651,0.0673,0.1335,0.0,0.0,0.0,0.0,0.0,0.0,0.0,0.0,0.0,-2680823,-3420347,165368992,2674,-53208,93141,-0.1604607719296265,-0.20472501164276127,9.898167879619143,0.0006182115325927734,-0.012301346008300781,0.02153359774017334,61,0515fe00,43.51485603845,-79.68413061878,165.8173,-37.1,SOL_COMPUTED,SINGLE,good,2.2983,3.0025,6.3447,25,15,0.0,0.0,0,0,0,0,0,0,0,0,0,—,—,0.0,0.0,0.0,0.0
2026-05-26 15:23:07.014026,1779823387.014026,2420,242605.0,WAITING_AZIMUTH,bad,43.5148640859,-79.68410215567,167.5067,-37.1,0.902021552,-1.300572003,-0.0,3.0,3.0,180.0,-0.016,-0.0132,0.0198,0.0207,0.0649,0.0616,0.1322,0.0,0.0,0.0,0.0,0.0,0.0,0.0,0.0,0.0,-2124081,-3724109,163766475,103566,145707,83945,-0.1271369564126587,-0.22290669876007083,9.802249158073426,0.023943790420532227,0.03368651749420166,0.01940754192352295,61,050dfe00,43.51485612272,-79.6841301369,165.834,-37.1,SOL_COMPUTED,SINGLE,good,2.2978,3.0017,6.345,25,15,0.0,0.0,0,0,0,0,0,0,0,0,0,—,—,0.0,0.0,0.0,0.0
2026-05-26 15:23:08.015483,1779823388.015483,2420,242606.0,WAITING_AZIMUTH,bad,43.51486541405,-79.6840981571,167.0555,-37.1,0.89726215,-1.299400091,-0.0,3.0,3.0,180.0,-0.0074,-0.0105,0.0271,0.0128,0.0648,0.0615,0.1321,0.0,0.0,0.0,0.0,0.0,0.0,0.0,0.0,0.0,-1883345,-3842334,162839917,-2857,137330,51152,-0.11272769314117433,-0.22998306104187016,9.74678999052765,-0.0006605199508666992,0.03174980918884277,0.011826012084960938,61,0506fe00,43.51485757385,-79.68410202018,161.1333,-37.1,SOL_COMPUTED,SINGLE,good,2.2964,2.7784,5.8776,26,15,0.0,0.0,0,0,0,0,0,0,0,0,0,—,—,0.0,0.0,0.0,0.0
2026-05-26 15:23:09.021302,1779823389.021302,2420,242607.0,WAITING_AZIMUTH,bad,43.51486078146,-79.68410511577,167.9912,-37.1,0.904681372,-1.30415312,-0.0,3.0,3.0,180.0,0.0023,0.0014,-0.0113,0.0027,0.0649,0.0616,0.1321,0.0,0.0,0.0,0.0,0.0,0.0,0.0,0.0,0.0,-2870585,-3680910,163750777,7183,-86821,109155,-0.17181898431549075,-0.22032102082214358,9.801309553631897,0.001660663215637207,-0.02007245455169678,0.025235931129455567,61,04fefe00,43.5148745162,-79.68409788414,159.6651,-37.1,SOL_COMPUTED,SINGLE,good,2.0885,2.5647,5.2465,26,15,0.0,0.0,0,0,0,0,0,0,0,0,0,—,—,0.0,0.0,0.0,0.0
2026-05-26 15:23:10.014241,1779823390.014241,2420,242608.0,WAITING_AZIMUTH,bad,43.514854545,-79.6841111541,168.6863,-37.1,0.900207234,-1.300448117,-0.0,3.0,3.0,180.0,-0.0092,0.0055,0.0159,0.0107,0.0648,0.0615,0.132,0.0,0.0,0.0,0.0,0.0,0.0,0.0,0.0,0.0,-3181850,-3632257,164507373,6950,10731,99709,-0.19044976380920414,-0.21740889348785403,9.846595638613588,0.0016067951202392578,0.00248093790435791,0.02305207692718506,61,04f7fe00,43.5148746276,-79.68409767842,159.7253,-37.1,SOL_COMPUTED,SINGLE,good,2.0884,2.5643,5.2468,26,15,0.0,0.0,0,0,0,0,0,0,0,0,0,—,—,0.0,0.0,0.0,0.0
2026-05-26 15:23:11.014435,1779823391.014435,2420,242609.0,WAITING_AZIMUTH,bad,43.51485303834,-79.68411092195,168.6305,-37.1,0.900005302,-1.301968108,-0.0,3.0,3.0,180.0,0.0123,0.0306,-0.07,0.0330,0.0625,0.0598,0.1267,0.0,0.0,0.0,0.0,0.0,0.0,0.0,0.0,0.0,-2582841,-3498328,164504637,81468,152383,83537,-0.15459605525299075,-0.20939256763427738,9.846431875220032,0.018834875518798828,0.035229965583801266,0.019313214958190918,61,04f0fe00,43.51487691573,-79.68409675015,161.5957,-37.1,SOL_COMPUTED,SINGLE,good,2.0744,2.5637,4.8945,26,16,0.0,0.0,0,0,0,0,0,0,0,0,0,—,—,0.0,0.0,0.0,0.0
2026-05-26 15:23:12.015954,1779823392.015954,2420,242610.0,WAITING_AZIMUTH,bad,43.51486428213,-79.68409802693,166.7078,-37.1,0.902485567,-1.317254369,-0.0,3.0,3.0,180.0,0.0015,-0.0065,-0.0107,0.0067,0.0625,0.0598,0.1267,0.0,0.0,0.0,0.0,0.0,0.0,0.0,0.0,0.0,-1864285,-4268956,163139453,209740,29543,90297,-0.11158685605010987,-0.25551853855834966,9.764718730239565,0.048490533599853516,0.006830150825500488,0.020876083305358888,61,04e8fe00,43.51487705223,-79.68409640502,161.6491,-37.1,SOL_COMPUTED,SINGLE,good,2.0745,2.5635,4.8949,26,16,0.0,0.0,0,0,0,0,0,0,0,0,0,—,—,0.0,0.0,0.0,0.0
2026-05-26 15:23:13.015018,1779823393.015018,2420,242611.0,WAITING_AZIMUTH,bad,43.51486301016,-79.68410110254,167.0442,-37.1,0.90708239,-1.291923943,-0.0,3.0,3.0,180.0,-0.0218,-0.0346,0.0339,0.0409,0.0625,0.0598,0.1267,0.0,0.0,0.0,0.0,0.0,0.0,0.0,0.0,0.0,-2944918,-3781667,164518085,93239,-126877,51109,-0.1762681891156006,-0.22635183523895266,9.847236805818177,0.021556254707336426,-0.029333143089294432,0.011816070762634277,61,04e1fe00,43.51487719532,-79.68409594742,161.6969,-37.1,SOL_COMPUTED,SINGLE,good,2.0746,2.5632,4.8953,26,16,0.0,0.0,0,0,0,0,0,0,0,0,0,—,—,0.0,0.0,0.0,0.0
2026-05-26 15:23:14.014103,1779823394.014103,2420,242612.0,WAITING_AZIMUTH,bad,43.51486426303,-79.68409765438,166.4896,-37.1,0.904798884,-1.297521812,-0.0,3.0,3.0,180.0,0.0041,0.0046,-0.0106,0.0062,0.0624,0.0597,0.1266,0.0,0.0,0.0,0.0,0.0,0.0,0.0,0.0,0.0,-2416414,-3410788,164490506,100823,103020,107682,-0.14463456026062013,-0.20415285730102542,9.845586063628541,0.0233096265335083,0.02381755874633789,0.024895383041381836,61,04dafe00,43.51487729626,-79.68409569335,161.7608,-37.1,SOL_COMPUTED,SINGLE,good,2.0745,2.5627,4.8953,26,16,0.0,0.0,0,0,0,0,0,0,0,0,0,—,—,0.0,0.0,0.0,0.0
2026-05-26 15:23:15.014828,1779823395.014828,2420,242613.0,WAITING_AZIMUTH,bad,43.51486629463,-79.68409525849,166.2061,-37.1,0.906035851,-1.301652477,-0.0,3.0,3.0,180.0,-0.0187,-0.0293,-0.0057,0.0348,0.0625,0.0598,0.1267,0.0,0.0,0.0,0.0,0.0,0.0,0.0,0.0,0.0,-1990462,-4254230,162622980,-13894,-175799,180934,-0.11913918562194827,-0.25463711321716315,9.733805217388918,-0.0032122030792236327,-0.04064359357452393,0.04183077241516113,61,04d2fe00,43.51487726679,-79.68409559314,161.8254,-37.1,SOL_COMPUTED,SINGLE,good,2.0745,2.5627,4.8958,26,16,0.0,0.0,0,0,0,0,0,0,0,0,0,—,—,0.0,0.0,0.0,0.0
2026-05-26 15:23:16.015270,1779823396.015270,2420,242614.0,WAITING_AZIMUTH,bad,43.51486144333,-79.6841021174,167.0876,-37.1,0.902727517,-1.302726183,-0.0,3.0,3.0,180.0,0.0023,0.0099,-0.0159,0.0102,0.0625,0.0598,0.1268,0.0,0.0,0.0,0.0,0.0,0.0,0.0,0.0,0.0,-2744699,-3491903,165177662,-25268,-28781,119570,-0.16428407256073,-0.20900799899261477,9.8867158145282,-0.005841798431396484,-0.006653981346130371,0.027643811874389648,61,04cbfe00,43.5148773449,-79.68409531633,161.8859,-37.1,SOL_COMPUTED,SINGLE,good,2.0747,2.5628,4.8964,26,16,0.0,0.0,0,0,0,0,0,0,0,0,0,—,—,0.0,0.0,0.0,0.0
2026-05-26 15:23:17.014785,1779823397.014785,2420,242615.0,WAITING_AZIMUTH,bad,43.51486508663,-79.68409707517,166.5638,-37.1,0.901373946,-1.297756885,-0.0,3.0,3.0,180.0,-0.0066,-0.0126,-0.0041,0.0142,0.0624,0.0597,0.1267,0.0,0.0,0.0,0.0,0.0,0.0,0.0,0.0,0.0,-2088252,-3783944,163847728,-20192,109001,228889,-0.12499241013061525,-0.22648812516845707,9.807112559760743,-0.004668260009765625,0.025200327323913575,0.05291765874481201,61,04c3fe00,43.51487738962,-79.68409516407,161.9588,-37.1,SOL_COMPUTED,SINGLE,good,2.0747,2.5623,4.8966,26,16,0.0,0.0,0,0,0,0,0,0,0,0,0,—,—,0.0,0.0,0.0,0.0
2026-05-26 15:23:18.031080,1779823398.031080,2420,242616.0,WAITING_AZIMUTH,bad,43.51486559358,-79.68409617629,166.4179,-37.1,0.900764311,-1.30699517,-0.0,3.0,3.0,180.0,-0.0117,0.0047,-0.0124,0.0126,0.0624,0.0598,0.1268,0.0,0.0,0.0,0.0,0.0,0.0,0.0,0.0,0.0,-3018227,-3725763,163698422,-1874,-119793,174953,-0.18065610235321047,-0.2230056989987183,9.798175842933961,-0.0004332566986083984,-0.027695368034362792,0.04044800383758545,61,04bcfe00,43.51488071232,-79.68406777488,168.7674,-37.1,SOL_COMPUTED,SINGLE,good,2.0721,2.4735,4.4386,26,17,0.0,0.0,0,0,0,0,0,0,0,0,0,—,—,0.0,0.0,0.0,0.0
2026-05-26 15:23:19.019871,1779823399.019871,2420,242617.0,WAITING_AZIMUTH,bad,43.51486682876,-79.68409330704,166.096,-37.1,0.892782754,-1.303855552,-0.0,3.0,3.0,180.0,-0.0308,-0.0236,0.0273,0.0388,0.0625,0.0598,0.1268,0.0,0.0,0.0,0.0,0.0,0.0,0.0,0.0,0.0,-2266089,-3349895,164376924,115294,274415,126943,-0.13563685114654542,-0.20050810425872806,9.838787608304445,0.026655228286743163,0.06344297595977783,0.029348401863098145,61,04b4fe00,43.51488120615,-79.68406586252,168.6652,-37.1,SOL_COMPUTED,SINGLE,good,2.0237,2.206,4.3445,26,18,0.0,0.0,0,0,0,0,0,0,0,0,0,—,—,0.0,0.0,0.0,0.0
2026-05-26 15:23:20.028220,1779823400.028220,2420,242618.0,WAITING_AZIMUTH,bad,43.51486497713,-79.68409675252,166.5171,-37.1,0.900440443,-1.305915419,-0.0,3.0,3.0,180.0,0.0269,0.0332,-0.0447,0.0427,0.0624,0.0597,0.1267,0.0,0.0,0.0,0.0,0.0,0.0,0.0,0.0,0.0,-2790942,-4033701,163613075,88772,-119199,75228,-0.16705194924499514,-0.24143734076934817,9.793067394706727,0.020523513153076173,-0.027558039070129395,0.0173922278137207,61,04adfe00,43.51488125293,-79.68406577756,168.7005,-37.1,SOL_COMPUTED,SINGLE,good,2.0238,2.2056,4.344,26,18,0.0,0.0,0,0,0,0,0,0,0,0,0,—,—,0.0,0.0,0.0,0.0
2026-05-26 15:23:21.032782,1779823401.032782,2420,242619.0,WAITING_AZIMUTH,bad,43.51486412169,-79.68409819787,166.6728,-37.1,0.901812875,-1.300576518,-0.0,3.0,3.0,180.0,-0.009,-0.0137,0.0315,0.0164,0.0624,0.0597,0.1268,0.0,0.0,0.0,0.0,0.0,0.0,0.0,0.0,0.0,-2842053,-3411233,165348592,92580,132282,39223,-0.1701112002713013,-0.20417949279449465,9.896946836772463,0.021403898162841797,0.03058274418640137,0.009068104316711427,61,04a5fe00,43.51488124504,-79.68406574759,168.7257,-37.1,SOL_COMPUTED,SINGLE,good,2.024,2.2055,4.3436,26,18,0.0,0.0,0,0,0,0,0,0,0,0,0,—,—,0.0,0.0,0.0,0.0
2026-05-26 15:23:22.015442,1779823402.015442,2420,242620.0,WAITING_AZIMUTH,bad,43.51486670264,-79.68409504877,166.3257,-37.1,0.905096797,-1.295671189,-0.0,3.0,3.0,180.0,0.0051,0.0048,-0.0402,0.0070,0.06,0.0587,0.1226,0.0,0.0,0.0,0.0,0.0,0.0,0.0,0.0,0.0,-2626417,-3866744,163173012,31824,-164394,44953,-0.15720429854156495,-0.2314441226049805,9.766727405577393,0.007357503295898437,-0.038006831222534176,0.010392843315124512,61,049efe00,43.5148813735,-79.6840657667,168.686,-37.1,SOL_COMPUTED,SINGLE,good,2.0241,2.2056,4.3472,26,18,0.0,0.0,0,0,0,0,0,0,0,0,0,—,—,0.0,0.0,0.0,0.0
2026-05-26 15:23:23.016423,1779823403.016423,2420,242621.0,WAITING_AZIMUTH,bad,43.51487335559,-79.68409507718,166.5098,-37.1,0.900433297,-1.301335529,-0.0,3.0,3.0,180.0,-0.0099,-0.0111,-0.019,0.0149,0.06,0.0586,0.1226,0.0,0.0,0.0,0.0,0.0,0.0,0.0,0.0,0.0,-2785645,-3572681,165084741,-1136,-62345,2905,-0.16673489709014894,-0.2138429695352173,9.881154024216615,-0.0002626358642578125,-0.014413761405944824,0.0006716172409057617,61,0496fe00,43.51488148867,-79.68406551796,168.7143,-37.1,SOL_COMPUTED,SINGLE,good,2.0241,2.205,4.3455,26,18,0.0,0.0,0,0,0,0,0,0,0,0,0,—,—,0.0,0.0,0.0,0.0
2026-05-26 15:23:24.026903,1779823404.026903,2420,242622.0,WAITING_AZIMUTH,bad,43.51487016745,-79.68409884862,167.061,-37.1,0.901994226,-1.298425983,-0.0,3.0,3.0,180.0,0.0146,0.0168,-0.0498,0.0223,0.06,0.0587,0.1227,0.0,0.0,0.0,0.0,0.0,0.0,0.0,0.0,0.0,-2359982,-4079510,163365900,47033,-93199,30931,-0.1412568205584717,-0.24417924036560062,9.778272724823,0.010873725883483887,-0.021547006965637206,0.007151047462463379,61,048ffe00,43.51488150554,-79.68406568205,168.7025,-37.1,SOL_COMPUTED,SINGLE,good,2.024,2.2049,4.3486,26,18,0.0,0.0,0,0,0,0,0,0,0,0,0,—,—,0.0,0.0,0.0,0.0
2026-05-26 15:23:25.018031,1779823405.018031,2420,242623.0,WAITING_AZIMUTH,bad,43.51486930687,-79.68409964679,167.1838,-37.1,0.898142503,-1.313939642,-0.0,3.0,3.0,180.0,-0.0025,-0.0022,-0.0032,0.0033,0.06,0.0587,0.1227,0.0,0.0,0.0,0.0,0.0,0.0,0.0,0.0,0.0,-2921701,-3687739,165168844,186843,-12890,81432,-0.17487853461700442,-0.22072977090057377,9.886188012772218,0.04319689505767822,-0.002980084762573242,0.01882655255126953,61,0487fe00,43.5148815592,-79.684065739,168.6688,-37.1,SOL_COMPUTED,SINGLE,good,2.0242,2.205,4.3526,26,18,0.0,0.0,0,0,0,0,0,0,0,0,0,—,—,0.0,0.0,0.0,0.0
2026-05-26 15:23:26.021567,1779823406.021567,2420,242624.0,WAITING_AZIMUTH,bad,43.51487294371,-79.68409442617,166.5408,-37.1,0.910891473,-1.302727856,-0.0,3.0,3.0,180.0,0.022,0.0302,-0.0652,0.0374,0.06,0.0587,0.1227,0.0,0.0,0.0,0.0,0.0,0.0,0.0,0.0,0.0,-2324985,-3816940,163097993,195847,-188475,-29922,-0.13916207367095948,-0.22846310211791995,9.762237140218813,0.04527856171417236,-0.04357420291900635,-0.006917773178100586,61,0480fe00,43.51488163094,-79.68406572552,168.7317,-37.1,SOL_COMPUTED,SINGLE,good,2.0244,2.2044,4.3484,26,18,0.0,0.0,0,0,0,0,0,0,0,0,0,—,—,0.0,0.0,0.0,0.0
2026-05-26 15:23:27.013665,1779823407.013665,2420,242625.0,WAITING_AZIMUTH,bad,43.51486825181,-79.68410095852,167.3231,-37.1,0.899785693,-1.299505333,-0.0,3.0,3.0,180.0,0.0057,0.0219,-0.0238,0.0226,0.06,0.0587,0.1227,0.0,0.0,0.0,0.0,0.0,0.0,0.0,0.0,0.0,-2193163,-3614869,164389717,138356,22131,82996,-0.13127186238983157,-0.2163681340261841,9.839553333850404,0.03198701376342773,0.0051165442886352535,0.019188139251708983,61,0478fe00,43.51488583748,-79.68406901569,167.6527,-37.1,SOL_COMPUTED,SINGLE,good,1.9842,2.1948,4.2515,26,19,0.0,0.0,0,0,0,0,0,0,0,0,0,—,—,0.0,0.0,0.0,0.0
2026-05-26 15:23:28.016437,1779823408.016437,2420,242626.0,WAITING_AZIMUTH,bad,43.51486866567,-79.68410043315,167.2187,-37.1,0.90533951,-1.293428997,-0.0,3.0,3.0,180.0,-0.014,-0.0263,0.0419,0.0298,0.06,0.0586,0.1226,0.0,0.0,0.0,0.0,0.0,0.0,0.0,0.0,0.0,-3378119,-3648667,164710656,-46626,-92166,70241,-0.2021974529501343,-0.21839111471893313,9.858763151015626,-0.010779630111694336,-0.021308184036254882,0.016239265617370605,61,0471fe00,43.51488584823,-79.68406914379,167.6386,-37.1,SOL_COMPUTED,SINGLE,good,1.9842,2.1946,4.2521,26,19,0.0,0.0,0,0,0,0,0,0,0,0,0,—,—,0.0,0.0,0.0,0.0
2026-05-26 15:23:29.013632,1779823409.013632,2420,242627.0,WAITING_AZIMUTH,bad,43.51486837783,-79.68410068981,167.241,-37.1,0.898670904,-1.300331196,-0.0,3.0,3.0,180.0,0.0014,-0.0049,-0.0242,0.0051,0.06,0.0586,0.1226,0.0,0.0,0.0,0.0,0.0,0.0,0.0,0.0,0.0,-2262607,-3827490,164105527,99942,162282,-27246,-0.13542843589202883,-0.22909457280578616,9.822543129605409,0.023105945022583008,0.03751855046081543,-0.0062990992584228515,61,0469fe00,43.51488589917,-79.68406915969,167.6675,-37.1,SOL_COMPUTED,SINGLE,good,1.9843,2.1943,4.251,26,19,0.0,0.0,0,0,0,0,0,0,0,0,0,—,—,0.0,0.0,0.0,0.0
2026-05-26 15:23:30.016533,1779823410.016533,2420,242628.0,WAITING_AZIMUTH,bad,43.51487016173,-79.68409799265,166.9206,-37.1,0.899560344,-1.302036337,-0.0,3.0,3.0,180.0,-0.0085,-0.0066,0.0309,0.0108,0.06,0.0586,0.1226,0.0,0.0,0.0,0.0,0.0,0.0,0.0,0.0,0.0,-2345364,-3329657,165127189,30969,48683,42044,-0.1403818595617676,-0.199296757928772,9.883694751018373,0.007159832817077637,0.01125519522857666,0.009720301300048828,61,0461fe00,43.5148858667,-79.68406926974,167.7075,-37.1,SOL_COMPUTED,SINGLE,good,1.9842,2.1939,4.2497,26,19,0.0,0.0,0,0,0,0,0,0,0,0,0,—,—,0.0,0.0,0.0,0.0
2026-05-26 15:23:31.013190,1779823411.013190,2420,242629.0,WAITING_AZIMUTH,bad,43.51486891846,-79.68409954561,167.1229,-37.1,0.904992427,-1.301180988,-0.0,3.0,3.0,180.0,-0.0176,-0.0207,0.0531,0.0272,0.06,0.0586,0.1226,0.0,0.0,0.0,0.0,0.0,0.0,0.0,0.0,0.0,-2731427,-3859232,164264149,66724,-75644,56886,-0.16348967644989015,-0.23099449153320314,9.832037455998842,0.015426157928466798,-0.017488404327392577,0.013151675857543945,61,045afe00,43.51488583173,-79.68406948887,167.6969,-37.1,SOL_COMPUTED,SINGLE,good,1.9845,2.1938,4.2512,26,19,0.0,0.0,0,0,0,0,0,0,0,0,0,—,—,0.0,0.0,0.0,0.0
2026-05-26 15:23:32.024786,1779823412.024786,2420,242630.0,WAITING_AZIMUTH,bad,43.51486929753,-79.6840988911,167.0414,-37.1,0.904550306,-1.302826454,-0.0,3.0,3.0,180.0,0.0257,0.015,-0.0468,0.0298,0.0599,0.0586,0.1226,0.0,0.0,0.0,0.0,0.0,0.0,0.0,0.0,0.0,-2062623,-3886407,163914606,108263,102020,107039,-0.12345838527191164,-0.2326210522860718,9.811115545226443,0.02502970648956299,0.023586365203857422,0.024746725593566894,61,0453fe00,43.51488570222,-79.68406983287,167.6971,-37.1,SOL_COMPUTED,SINGLE,good,1.9847,2.1937,4.2538,26,19,0.0,0.0,0,0,0,0,0,0,0,0,0,—,—,0.0,0.0,0.0,0.0
2026-05-26 15:23:33.021907,1779823413.021907,2420,242631.0,WAITING_AZIMUTH,bad,43.51487123927,-79.68409632103,166.6944,-37.1,0.904035295,-1.305420504,-0.0,3.0,3.0,180.0,0.0134,-0.0022,-0.0048,0.0136,0.0599,0.0586,0.1226,0.0,0.0,0.0,0.0,0.0,0.0,0.0,0.0,0.0,-2644743,-3486263,165323901,-52002,-38072,45299,-0.15830120203216555,-0.20867041655853275,9.89546895594269,-0.012022526596069337,-0.008802000549316406,0.010472836280822753,61,044bfe00,43.51488566907,-79.68407003116,167.7652,-37.1,SOL_COMPUTED,SINGLE,good,1.9849,2.1932,4.2511,26,19,0.0,0.0,0,0,0,0,0,0,0,0,0,—,—,0.0,0.0,0.0,0.0
2026-05-26 15:23:34.030024,1779823414.030024,2420,242632.0,WAITING_AZIMUTH,bad,43.51486868202,-79.68410024167,167.1897,-37.1,0.903053219,-1.303534219,-0.0,3.0,3.0,180.0,0.0128,0.0138,-0.0276,0.0188,0.0601,0.0588,0.1228,0.0,0.0,0.0,0.0,0.0,0.0,0.0,0.0,0.0,-2945149,-3842457,163794438,81237,-59035,63651,-0.17628201563018803,-0.22999042321197513,9.803922884599,0.01878146981048584,-0.013648510780334473,0.014715700172424316,61,0444fe00,43.51488508512,-79.68406957759,167.97,-37.1,SOL_COMPUTED,SINGLE,good,1.9345,2.1764,4.189,26,20,0.0,0.0,0,0,0,0,0,0,0,0,0,—,—,0.0,0.0,0.0,0.0
2026-05-26 15:23:35.015025,1779823415.015025,2420,242633.0,WAITING_AZIMUTH,bad,43.51487035976,-79.6840976578,166.834,-37.1,0.898223666,-1.299082363,-0.0,3.0,3.0,180.0,-0.007,-0.0041,0.0085,0.0081,0.06,0.0587,0.1226,0.0,0.0,0.0,0.0,0.0,0.0,0.0,0.0,0.0,-1784655,-3680262,163899407,108747,85303,75638,-0.10682059909515382,-0.22028223475524905,9.810205808450624,0.025141604164123536,0.019721502754211424,0.017487017166137694,61,043cfe00,43.51488495554,-79.68406996265,168.0043,-37.1,SOL_COMPUTED,SINGLE,good,1.9346,2.1762,4.1891,26,20,0.0,0.0,0,0,0,0,0,0,0,0,0,—,—,0.0,0.0,0.0,0.0
2026-05-26 15:23:36.017475,1779823416.017475,2420,242634.0,WAITING_AZIMUTH,bad,43.51487093594,-79.68409689041,166.7263,-37.1,0.902492458,-1.298346033,-0.0,3.0,3.0,180.0,0.0194,0.0119,-0.007,0.0228,0.06,0.0586,0.1226,0.0,0.0,0.0,0.0,0.0,0.0,0.0,0.0,0.0,-2367571,-3579108,164797446,28684,84380,82804,-0.14171106046844484,-0.2142276578869629,9.86395797006775,0.006631555572509766,0.019508111114501955,0.019143750091552735,61,0434fe00,43.51488480614,-79.68407036085,168.0345,-37.1,SOL_COMPUTED,SINGLE,good,1.9344,2.1754,4.1858,26,20,0.0,0.0,0,0,0,0,0,0,0,0,0,—,—,0.0,0.0,0.0,0.0
2026-05-26 15:23:37.018310,1779823417.018310,2420,242635.0,WAITING_AZIMUTH,bad,43.51488565495,-79.68407638425,164.1249,-37.1,0.902405042,-1.30080043,-0.0,3.0,3.0,180.0,-0.0077,0.0051,-0.0148,0.0092,0.0649,0.0666,0.1325,0.0,0.0,0.0,0.0,0.0,0.0,0.0,0.0,0.0,-2571300,-3660613,164916216,-34887,-11340,55171,-0.15390526821899417,-0.2191061430447388,9.871066953347169,-0.008065649116516114,-0.0026217347717285154,0.012755178932189942,61,042dfe00,43.51488798342,-79.6840678292,167.7313,-37.1,SOL_COMPUTED,SINGLE,good,1.9304,2.174,4.1841,25,20,0.0,0.0,0,0,0,0,0,0,0,0,0,—,—,0.0,0.0,0.0,0.0
2026-05-26 15:23:38.014109,1779823418.014109,2420,242636.0,WAITING_AZIMUTH,bad,43.51486791642,-79.68410160478,167.2729,-37.1,0.902225766,-1.303907199,-0.0,3.0,3.0,180.0,-0.0062,-0.0043,0.026,0.0075,0.06,0.0587,0.1227,0.0,0.0,0.0,0.0,0.0,0.0,0.0,0.0,0.0,-2710850,-3924149,163300151,80350,-156507,96431,-0.16225803926086427,-0.23488010126251224,9.774337315699158,0.018576401138305665,-0.036183407752990726,0.02229422449493408,61,0425fe00,43.51488789218,-79.68406823769,167.7425,-37.1,SOL_COMPUTED,SINGLE,good,1.9302,2.1733,4.1844,26,20,0.0,0.0,0,0,0,0,0,0,0,0,0,—,—,0.0,0.0,0.0,0.0
2026-05-26 15:23:39.021467,1779823419.021467,2420,242637.0,WAITING_AZIMUTH,bad,43.51486958027,-79.68409928641,166.9637,-37.1,0.899222594,-1.303633216,-0.0,3.0,3.0,180.0,0.0264,0.0084,-0.0208,0.0277,0.0599,0.0586,0.1226,0.0,0.0,0.0,0.0,0.0,0.0,0.0,0.0,0.0,-2490945,-3951933,163778154,67017,-80290,45967,-0.14909561635894777,-0.23654311373565678,9.802948205103151,0.015493897636413574,-0.018562529525756835,0.010627273567199707,61,041efe00,43.51488691744,-79.68406508448,167.0887,-37.1,SOL_COMPUTED,SINGLE,good,1.8787,1.9992,3.9684,26,20,0.0,0.0,0,0,0,0,0,0,0,0,0,—,—,0.0,0.0,0.0,0.0
2026-05-26 15:23:40.018889,1779823420.018889,2420,242638.0,WAITING_AZIMUTH,bad,43.51488519287,-79.68407710542,164.1492,-37.1,0.898041352,-1.299478118,-0.0,3.0,3.0,180.0,-0.0078,-0.0068,0.0075,0.0103,0.0649,0.0665,0.1325,0.0,0.0,0.0,0.0,0.0,0.0,0.0,0.0,0.0,-2414937,-3534195,164806107,7948,33364,31606,-0.14454615436431886,-0.211539388407898,9.864476374582216,0.0018375262756347656,0.00771354135131836,0.007307103103637695,61,0416fe00,43.51489766627,-79.68405375462,166.2412,-37.1,SOL_COMPUTED,SINGLE,good,1.7495,1.9314,3.7966,25,20,0.0,0.0,0,0,0,0,0,0,0,0,0,—,—,0.0,0.0,0.0,0.0
2026-05-26 15:23:41.014886,1779823421.014886,2420,242639.0,WAITING_AZIMUTH,bad,43.5148850763,-79.68407732913,164.1315,-37.1,0.906316619,-1.301504236,-0.0,3.0,3.0,180.0,-0.0032,-0.0121,0.0021,0.0125,0.0649,0.0665,0.1325,0.0,0.0,0.0,0.0,0.0,0.0,0.0,0.0,0.0,-2415119,-3644225,164806841,13871,-53818,63363,-0.14455704798187258,-0.21812523862457278,9.86452030818268,0.003206885627746582,-0.012442374069213866,0.014649116432189942,61,040efe00,43.5149038047,-79.68404365201,164.4625,-37.1,SOL_COMPUTED,SINGLE,good,1.7228,1.8946,3.7156,25,20,0.0,0.0,0,0,0,0,0,0,0,0,0,—,—,0.0,0.0,0.0,0.0
2026-05-26 15:23:42.019763,1779823422.019763,2420,242640.0,WAITING_AZIMUTH,bad,43.51488488561,-79.6840777735,164.1436,-37.1,0.899306028,-1.304447736,-0.0,3.0,3.0,180.0,0.0043,-0.0136,0.0185,0.0143,0.0649,0.0665,0.1325,0.0,0.0,0.0,0.0,0.0,0.0,0.0,0.0,0.0,-3251708,-3883280,165344714,45125,24135,136376,-0.194631117298584,-0.2324338855712891,9.89671471892151,0.010432608604431152,0.005579856147766113,0.03152925054931641,61,0406fe00,43.51490352956,-79.68404429339,164.4607,-37.1,SOL_COMPUTED,SINGLE,good,1.7229,1.8944,3.7169,25,20,0.0,0.0,0,0,0,0,0,0,0,0,0,—,—,0.0,0.0,0.0,0.0
2026-05-26 15:23:43.022729,1779823423.022729,2420,242641.0,WAITING_AZIMUTH,bad,43.51488468143,-79.68407827855,164.167,-37.1,0.903915482,-1.305305427,-0.0,3.0,3.0,180.0,0.0159,0.0052,-0.0291,0.0167,0.0649,0.0665,0.1326,0.0,0.0,0.0,0.0,0.0,0.0,0.0,0.0,0.0,-2584965,-3888340,163792891,93918,18109,34160,-0.15472318736114504,-0.23273675208129885,9.803830288849793,0.021713235122680665,0.0041866838607788085,0.007897571411132813,61,03fffe00,43.51490406461,-79.68404260596,164.5278,-37.1,SOL_COMPUTED,SINGLE,good,1.7125,1.85,3.713,25,21,0.0,0.0,0,0,0,0,0,0,0,0,0,—,—,0.0,0.0,0.0,0.0
2026-05-26 15:23:44.015714,1779823424.015714,2420,242642.0,WAITING_AZIMUTH,bad,43.51488448962,-79.68407868192,164.1717,-37.1,0.903541665,-1.296679579,-0.0,3.0,3.0,180.0,-0.0189,-0.0113,0.0267,0.0220,0.0649,0.0665,0.1325,0.0,0.0,0.0,0.0,0.0,0.0,0.0,0.0,0.0,-2277127,-3826478,163603045,106493,-7700,115275,-0.13629753109466555,-0.22903399950378422,9.792467048640443,0.024620493919372557,-0.0017801902770996094,0.026650835609436034,61,03f8fe00,43.51491859197,-79.68404484548,164.2542,-37.1,SOL_COMPUTED,SINGLE,good,1.6671,1.8496,3.7123,25,22,0.0,0.0,0,0,0,0,0,0,0,0,0,—,—,0.0,0.0,0.0,0.0
2026-05-26 15:23:45.014594,1779823425.014594,2420,242643.0,WAITING_AZIMUTH,bad,43.51488420941,-79.68407908395,164.1771,-37.1,0.9009865,-1.30260092,-0.0,3.0,3.0,180.0,-0.005,0.0099,0.0253,0.0111,0.065,0.0666,0.1327,0.0,0.0,0.0,0.0,0.0,0.0,0.0,0.0,0.0,-2191903,-3748864,163419864,90737,56128,-7582,-0.13119644503753664,-0.22438841031250004,9.781502742282717,0.020977808464050292,0.01297643115234375,-0.0017529094390869142,61,03f0fe00,43.51491501336,-79.68404538793,164.7667,-37.1,SOL_COMPUTED,SINGLE,good,1.6364,1.8357,3.6894,25,22,0.0,0.0,0,0,0,0,0,0,0,0,0,—,—,0.0,0.0,0.0,0.0
2026-05-26 15:23:46.018180,1779823426.018180,2420,242644.0,WAITING_AZIMUTH,bad,43.51488395451,-79.68407959899,164.2081,-37.1,0.898073024,-1.302157711,-0.0,3.0,3.0,180.0,-0.0012,-0.0153,0.0518,0.0153,0.065,0.0666,0.1328,0.0,0.0,0.0,0.0,0.0,0.0,0.0,0.0,0.0,-1653207,-3777058,163342647,159730,157828,52687,-0.09895277359954835,-0.22607596335266117,9.77688091554291,0.03692854454040528,0.03648881442260742,0.012180894172668457,61,03e8fe00,43.51491474926,-79.68404600873,164.7492,-37.1,SOL_COMPUTED,SINGLE,good,1.6371,1.8358,3.693,25,22,0.0,0.0,0,0,0,0,0,0,0,0,0,—,—,0.0,0.0,0.0,0.0
2026-05-26 15:23:47.015517,1779823427.015517,2420,242645.0,WAITING_AZIMUTH,bad,43.51488377466,-79.68407991913,164.2015,-37.1,0.901672673,-1.299474621,-0.0,3.0,3.0,180.0,-0.0112,0.0047,-0.0151,0.0121,0.0649,0.0666,0.1327,0.0,0.0,0.0,0.0,0.0,0.0,0.0,0.0,0.0,-2251922,-3634119,164518986,55952,91286,81795,-0.1347888847735596,-0.2175203435751343,9.847290735210573,0.012935741088867187,0.02110473371887207,0.018910475807189943,61,03e1fe00,43.51491456656,-79.68404652781,164.7841,-37.1,SOL_COMPUTED,SINGLE,good,1.6384,1.8359,3.6917,25,22,0.0,0.0,0,0,0,0,0,0,0,0,0,—,—,0.0,0.0,0.0,0.0
2026-05-26 15:23:48.017264,1779823428.017264,2420,242646.0,WAITING_AZIMUTH,bad,43.51488355914,-79.68408031644,164.2081,-37.1,0.899405838,-1.29936354,-0.0,3.0,3.0,180.0,0.0085,-0.0081,0.0359,0.0117,0.0649,0.0666,0.1327,0.0,0.0,0.0,0.0,0.0,0.0,0.0,0.0,0.0,-2300856,-3769966,164184874,137261,142933,29445,-0.13771783137451174,-0.22565147139831546,9.82729244758362,0.03173385683441162,0.03304518660736084,0.006807493858337402,61,03d9fe00,43.51491429354,-79.68404716991,164.8199,-37.1,SOL_COMPUTED,SINGLE,good,1.6392,1.8359,3.6912,25,22,0.0,0.0,0,0,0,0,0,0,0,0,0,—,—,0.0,0.0,0.0,0.0
2026-05-26 15:23:49.019073,1779823429.019073,2420,242647.0,WAITING_AZIMUTH,bad,43.51488334408,-79.68408077744,164.2317,-37.1,0.905136044,-1.301513186,-0.0,3.0,3.0,180.0,0.0077,-0.0157,0.009,0.0175,0.0649,0.0666,0.1327,0.0,0.0,0.0,0.0,0.0,0.0,0.0,0.0,0.0,-2411369,-3359967,164371810,153705,167149,84037,-0.14433259157623293,-0.2011109642367554,9.838481509622193,0.03553560344696045,0.03864376943206787,0.01942881172943115,61,03d1fe00,43.51491393925,-79.68404790439,164.8604,-37.1,SOL_COMPUTED,SINGLE,good,1.6382,1.8353,3.691,25,22,0.0,0.0,0,0,0,0,0,0,0,0,0,—,—,0.0,0.0,0.0,0.0
2026-05-26 15:23:50.011318,1779823430.011318,2420,242648.0,WAITING_AZIMUTH,bad,43.5148830748,-79.68408114986,164.24,-37.1,0.89870188,-1.295995543,-0.0,3.0,3.0,180.0,0.0254,0.0306,-0.0738,0.0398,0.0649,0.0666,0.1328,0.0,0.0,0.0,0.0,0.0,0.0,0.0,0.0,0.0,-2128027,-3532539,164252048,62219,171660,7875,-0.12737314440643313,-0.21144026845916752,9.831313150141604,0.014384631019592285,0.03968668350219726,0.0018206491470336914,61,03c9fe00,43.51491378178,-79.68404836255,164.8613,-37.1,SOL_COMPUTED,SINGLE,good,1.6405,1.8352,3.6918,25,22,0.0,0.0,0,0,0,0,0,0,0,0,0,—,—,0.0,0.0,0.0,0.0
2026-05-26 15:23:51.010838,1779823431.010838,2420,242649.0,WAITING_AZIMUTH,bad,43.514882617,-79.68408197011,164.3005,-37.1,0.898770542,-1.297319237,-0.0,3.0,3.0,180.0,-0.0133,-0.0396,0.0541,0.0418,0.0649,0.0666,0.1328,0.0,0.0,0.0,0.0,0.0,0.0,0.0,0.0,0.0,-2249966,-3488763,164756492,-3272,74658,35567,-0.13467180831237796,-0.20882005416229252,9.861506666698,-0.0007564652709960937,0.017260447494506836,0.008222860725402832,61,03c2fe00,43.51491312011,-79.68404935901,164.9187,-37.1,SOL_COMPUTED,SINGLE,good,1.639,1.8351,3.6908,25,22,0.0,0.0,0,0,0,0,0,0,0,0,0,—,—,0.0,0.0,0.0,0.0
2026-05-26 15:23:52.015626,1779823432.015626,2420,242650.0,WAITING_AZIMUTH,bad,43.51488228605,-79.68408251076,164.3104,-37.1,0.902324477,-1.305015785,-0.0,3.0,3.0,180.0,0.0168,0.0147,-0.0307,0.0223,0.0649,0.0666,0.1327,0.0,0.0,0.0,0.0,0.0,0.0,0.0,0.0,0.0,-2425048,-3614183,164501259,158764,91291,107008,-0.14515134868896487,-0.21632707346771243,9.846229684889833,0.03670521157836914,0.021105889686584473,0.02473955859375,61,03bbfe00,43.51491275733,-79.68405002322,164.8969,-37.1,SOL_COMPUTED,SINGLE,good,1.6406,1.8323,3.6611,25,22,0.0,0.0,0,0,0,0,0,0,0,0,0,—,—,0.0,0.0,0.0,0.0
2026-05-26 15:23:53.020438,1779823433.020438,2420,242651.0,WAITING_AZIMUTH,bad,43.51488188521,-79.68408332007,164.3652,-37.1,0.891907775,-1.287685197,-0.0,3.0,3.0,180.0,0.0037,-0.0032,-0.0016,0.0049,0.0649,0.0666,0.1328,0.0,0.0,0.0,0.0,0.0,0.0,0.0,0.0,0.0,-1940606,-3653342,164589028,-63016,108748,60725,-0.1161550526727295,-0.2186709370379639,9.85148310202759,-0.014568892272949219,0.025141835357666016,0.014039227867126466,61,03b3fe00,43.51491231662,-79.68405100572,164.9178,-37.1,SOL_COMPUTED,SINGLE,good,1.6433,1.8336,3.6629,25,22,0.0,0.0,0,0,0,0,0,0,0,0,0,—,—,0.0,0.0,0.0,0.0
2026-05-26 15:23:54.011260,1779823434.011260,2420,242652.0,WAITING_AZIMUTH,bad,43.51488129022,-79.68408435634,164.4601,-37.1,0.902060146,-1.308826181,-0.0,3.0,3.0,180.0,-0.0079,0.0073,-0.0018,0.0108,0.0649,0.0666,0.1327,0.0,0.0,0.0,0.0,0.0,0.0,0.0,0.0,0.0,-2043724,-3917089,163760703,67661,153207,40166,-0.12232718484252932,-0.23445752466949465,9.801903674773866,0.015642786277770996,0.035420469062805174,0.009286119827270508,61,03abfe00,43.51491196581,-79.68405181489,164.9515,-37.1,SOL_COMPUTED,SINGLE,good,1.6465,1.8337,3.6647,25,22,0.0,0.0,0,0,0,0,0,0,0,0,0,—,—,0.0,0.0,0.0,0.0
2026-05-26 15:23:55.015325,1779823435.015325,2420,242653.0,WAITING_AZIMUTH,bad,43.51488095097,-79.68408487876,164.4758,-37.1,0.897708283,-1.307150867,-0.0,3.0,3.0,180.0,-0.0175,-0.0286,0.0602,0.0335,0.065,0.0667,0.1329,0.0,0.0,0.0,0.0,0.0,0.0,0.0,0.0,0.0,-1858202,-4423392,163481560,298176,219961,-31820,-0.11122275783264161,-0.26476231174804693,9.785195558923341,0.06893636572265625,0.05085356279754639,-0.007356578521728515,61,03a3fe00,43.51491137406,-79.68405278422,165.037,-37.1,SOL_COMPUTED,SINGLE,good,1.6449,1.8332,3.662,25,22,0.0,0.0,0,0,0,0,0,0,0,0,0,—,—,0.0,0.0,0.0,0.0
2026-05-26 15:23:56.012393,1779823436.012393,2420,242654.0,WAITING_AZIMUTH,bad,43.51488064253,-79.68408537718,164.4827,-37.1,0.902134879,-1.295163194,-0.0,3.0,3.0,180.0,0.005,0.0192,-0.0607,0.0198,0.065,0.0666,0.1328,0.0,0.0,0.0,0.0,0.0,0.0,0.0,0.0,0.0,-1912587,-3182254,163489523,38874,84447,28851,-0.11447797426483156,-0.1904739452459717,9.785672184618837,0.008987417770385742,0.019523601081848144,0.006670164894104004,61,039cfe00,43.51491103815,-79.68405349951,165.0529,-37.1,SOL_COMPUTED,SINGLE,good,1.6463,1.8328,3.6619,25,22,0.0,0.0,0,0,0,0,0,0,0,0,0,—,—,0.0,0.0,0.0,0.0
2026-05-26 15:23:57.013169,1779823437.013169,2420,242655.0,WAITING_AZIMUTH,bad,43.514880152,-79.68408661153,164.5986,-37.1,0.903372343,-1.305657706,-0.0,3.0,3.0,180.0,-0.0158,-0.0124,0.0115,0.0201,0.065,0.0666,0.1329,0.0,0.0,0.0,0.0,0.0,0.0,0.0,0.0,0.0,-2343485,-4008942,163586048,89832,-42988,-4121,-0.14026939193878177,-0.23995538979675296,9.7914496925,0.020768578308105468,-0.00993854800415039,-0.0009527485885620117,61,0394fe00,43.51491050031,-79.68405462469,165.1033,-37.1,SOL_COMPUTED,SINGLE,good,1.6454,1.8323,3.6618,25,22,0.0,0.0,0,0,0,0,0,0,0,0,0,—,—,0.0,0.0,0.0,0.0
2026-05-26 15:23:58.014423,1779823438.014423,2420,242656.0,WAITING_AZIMUTH,bad,43.51487983208,-79.68408725653,164.639,-37.1,0.898359487,-1.298728979,-0.0,3.0,3.0,180.0,0.0064,-0.0161,0.0446,0.0173,0.065,0.0666,0.1329,0.0,0.0,0.0,0.0,0.0,0.0,0.0,0.0,0.0,-3184896,-3508294,163602477,-4100,-101799,65109,-0.19063208226562503,-0.2099890829779053,9.79243305097687,-0.0009478935241699219,-0.02353527143096924,0.01505278035736084,61,038dfe00,43.51491009593,-79.68405546528,165.1372,-37.1,SOL_COMPUTED,SINGLE,good,1.6463,1.8324,3.6619,25,22,0.0,0.0,0,0,0,0,0,0,0,0,0,—,—,0.0,0.0,0.0,0.0
2026-05-26 15:23:59.014177,1779823439.014177,2420,242657.0,WAITING_AZIMUTH,bad,43.5148793385,-79.6840883796,164.7407,-37.1,0.899805693,-1.299009554,-0.0,3.0,3.0,180.0,-0.0062,-0.0101,0.0145,0.0119,0.065,0.0666,0.133,0.0,0.0,0.0,0.0,0.0,0.0,0.0,0.0,0.0,-2762661,-3640728,164292994,-19355,-84373,73754,-0.16535918881622316,-0.21791592554443362,9.833763974671022,-0.004474751014709472,-0.01950649275970459,0.017051448532104493,61,0384fe00,43.51490864923,-79.68406006278,163.5627,-37.1,SOL_COMPUTED,SINGLE,good,1.6465,1.8289,3.6053,25,22,0.0,0.0,0,0,0,0,0,0,0,0,0,—,—,0.0,0.0,0.0,0.0
2026-05-26 15:24:00.013018,1779823440.013018,2420,242658.0,WAITING_AZIMUTH,bad,43.51487898248,-79.68408902024,164.7672,-37.1,0.897843415,-1.300824503,-0.0,3.0,3.0,180.0,0.0132,0.0226,-0.0467,0.0262,0.065,0.0668,0.1333,0.0,0.0,0.0,0.0,0.0,0.0,0.0,0.0,0.0,-3020791,-3507680,165251487,-101269,-41020,158389,-0.1808095706796265,-0.2099523319824219,9.891134612967226,-0.02341273885345459,-0.009483559112548829,0.03661851399993896,61,037dfe00,43.51490815988,-79.68406137145,163.6042,-37.1,SOL_COMPUTED,SINGLE,good,1.6416,1.8041,3.5994,25,22,0.0,0.0,0,0,0,0,0,0,0,0,0,—,—,0.0,0.0,0.0,0.0
2026-05-26 15:24:01.011872,1779823441.011872,2420,242659.0,WAITING_AZIMUTH,bad,43.51487885033,-79.68408926764,164.7239,-37.1,0.89538074,-1.303325522,-0.0,3.0,3.0,180.0,0.0243,0.0111,-0.0331,0.0267,0.065,0.0666,0.1328,0.0,0.0,0.0,0.0,0.0,0.0,0.0,0.0,0.0,-2598565,-3424872,165202472,-53041,73314,18755,-0.15553721592559816,-0.20499585570556644,9.888200818107912,-0.012262736686706544,0.016949723373413085,0.004336034889221191,61,0375fe00,43.51490762808,-79.68406230881,163.6351,-37.1,SOL_COMPUTED,SINGLE,good,1.6398,1.8037,3.5988,25,22,0.0,0.0,0,0,0,0,0,0,0,0,0,—,—,0.0,0.0,0.0,0.0
2026-05-26 15:24:02.025009,1779823442.025009,2420,242660.0,WAITING_AZIMUTH,bad,43.51487857813,-79.68409012634,164.7725,-37.1,0.90237085,-1.297931447,-0.0,3.0,3.0,180.0,-0.0111,-0.011,0.0151,0.0156,0.065,0.0666,0.1329,0.0,0.0,0.0,0.0,0.0,0.0,0.0,0.0,0.0,-2233204,-3606547,163762875,33539,115002,70726,-0.13366851810668948,-0.21587002037078862,9.802033679924012,0.007754000221252441,0.026587719772338866,0.016351394485473632,61,036dfe00,43.51490726537,-79.68406316038,163.6541,-37.1,SOL_COMPUTED,SINGLE,good,1.6392,1.803,3.5982,25,22,0.0,0.0,0,0,0,0,0,0,0,0,0,—,—,0.0,0.0,0.0,0.0
2026-05-26 15:24:03.013343,1779823443.013343,2420,242661.0,WAITING_AZIMUTH,bad,43.51487832641,-79.6840906836,164.8154,-37.1,0.895872138,-1.307752425,-0.0,3.0,3.0,180.0,-0.0052,0.0007,0.035,0.0052,0.065,0.0666,0.1329,0.0,0.0,0.0,0.0,0.0,0.0,0.0,0.0,0.0,-1733284,-4111752,163345373,52598,21442,70845,-0.10374578575805665,-0.24610908661376957,9.777044080386048,0.012160317947387695,0.004957251937866211,0.016378906517028807,61,0366fe00,43.51490683181,-79.68406392805,163.7078,-37.1,SOL_COMPUTED,SINGLE,good,1.6389,1.8036,3.5974,25,22,0.0,0.0,0,0,0,0,0,0,0,0,0,—,—,0.0,0.0,0.0,0.0
2026-05-26 15:24:04.024662,1779823444.024662,2420,242662.0,WAITING_AZIMUTH,bad,43.5148779581,-79.68409164515,164.8936,-37.1,0.901401051,-1.300359029,-0.0,3.0,3.0,180.0,0.0496,0.0455,-0.0687,0.0673,0.065,0.0666,0.133,0.0,0.0,0.0,0.0,0.0,0.0,0.0,0.0,0.0,-2676901,-3777766,163273445,68666,-94509,106681,-0.16022602045684817,-0.22611834072204592,9.772738826960756,0.015875135787963866,-0.02184987050628662,0.024663958305358887,61,035efe00,43.51490649786,-79.68406466922,163.7209,-37.1,SOL_COMPUTED,SINGLE,good,1.6387,1.8027,3.5981,25,22,0.0,0.0,0,0,0,0,0,0,0,0,0,—,—,0.0,0.0,0.0,0.0
2026-05-26 15:24:05.012537,1779823445.012537,2420,242663.0,WAITING_AZIMUTH,bad,43.51487813741,-79.68409109691,164.75,-37.1,0.894644992,-1.300306421,-0.0,3.0,3.0,180.0,-0.0089,-0.0277,0.0691,0.0291,0.065,0.0666,0.133,0.0,0.0,0.0,0.0,0.0,0.0,0.0,0.0,0.0,-2810592,-3742479,165367401,-57250,11528,121168,-0.1682281008105469,-0.2240062358724976,9.898072650248109,-0.013235830307006835,0.002665199157714844,0.02801325915527344,61,0356fe00,43.51490622609,-79.68406534734,163.7498,-37.1,SOL_COMPUTED,SINGLE,good,1.6382,1.8027,3.5964,25,22,0.0,0.0,0,0,0,0,0,0,0,0,0,—,—,0.0,0.0,0.0,0.0
2026-05-26 15:24:06.013479,1779823446.013479,2420,242664.0,WAITING_AZIMUTH,bad,43.51487783428,-79.68409214479,164.8357,-37.1,0.896407409,-1.304808968,-0.0,3.0,3.0,180.0,-0.0285,-0.0228,0.0199,0.0365,0.065,0.0666,0.1329,0.0,0.0,0.0,0.0,0.0,0.0,0.0,0.0,0.0,-1848237,-4236684,164719771,316233,166795,-49752,-0.1106263023440552,-0.2535868966589356,9.859308729718935,0.07311102751922607,0.03856192691802979,-0.01150234112548828,61,034ffe00,43.51490610581,-79.68406604444,163.7492,-37.1,SOL_COMPUTED,SINGLE,good,1.6393,1.8024,3.5976,25,22,0.0,0.0,0,0,0,0,0,0,0,0,0,—,—,0.0,0.0,0.0,0.0
2026-05-26 15:24:07.011615,1779823447.011615,2420,242665.0,WAITING_AZIMUTH,bad,43.51487809911,-79.68409193828,164.7202,-37.1,0.899360487,-1.296524046,-0.0,3.0,3.0,180.0,-0.0,-0.0156,0.0074,0.0156,0.0651,0.0667,0.1331,0.0,0.0,0.0,0.0,0.0,0.0,0.0,0.0,0.0,-2934444,-4088769,163821990,36288,-67286,79407,-0.1756412674108887,-0.2447334381948853,9.805572010702516,0.00838955126953125,-0.01555608869934082,0.018358385627746582,61,0347fe00,43.51490602764,-79.68406663646,163.7274,-37.1,SOL_COMPUTED,SINGLE,good,1.6389,1.8024,3.5976,25,22,0.0,0.0,0,0,0,0,0,0,0,0,0,—,—,0.0,0.0,0.0,0.0
2026-05-26 15:24:08.013111,1779823448.013111,2420,242666.0,WAITING_AZIMUTH,bad,43.51487822146,-79.6840924025,164.7142,-37.1,0.897953105,-1.301490622,-0.0,3.0,3.0,180.0,-0.0309,-0.0323,0.0387,0.0447,0.0651,0.0668,0.1333,0.0,0.0,0.0,0.0,0.0,0.0,0.0,0.0,0.0,-2830345,-3576302,165353826,-115579,62755,20019,-0.16941041744537355,-0.21405970464050297,9.897260118059695,-0.026721118446350098,0.014508550758361816,0.004628263526916504,61,0340fe00,43.5149066778,-79.68406752941,163.5818,-37.1,SOL_COMPUTED,SINGLE,good,1.6292,1.8019,3.5851,25,22,0.0,0.0,0,0,0,0,0,0,0,0,0,—,—,0.0,0.0,0.0,0.0
2026-05-26 15:24:09.013350,1779823449.013350,2420,242667.0,WAITING_AZIMUTH,bad,43.51487212431,-79.68410268617,166.0113,-37.1,0.903704025,-1.30109276,-0.0,3.0,3.0,180.0,-0.032,-0.0242,0.0251,0.0401,0.0623,0.0623,0.1275,0.0,0.0,0.0,0.0,0.0,0.0,0.0,0.0,0.0,-2123278,-3779778,163777495,65936,132991,-47127,-0.12708889281433108,-0.2262387690655518,9.8029087606308,0.015243977416992188,0.03074666040802002,-0.01089545807647705,61,0338fe00,43.51490638503,-79.68406830932,163.594,-37.1,SOL_COMPUTED,SINGLE,good,1.6304,1.8022,3.5857,26,22,0.0,0.0,0,0,0,0,0,0,0,0,0,—,—,0.0,0.0,0.0,0.0
2026-05-26 15:24:10.012486,1779823450.012486,2420,242668.0,WAITING_AZIMUTH,bad,43.5148700359,-79.68410458837,166.1556,-37.1,0.903044399,-1.294963691,-0.0,3.0,3.0,180.0,-0.0036,0.02,-0.0003,0.0203,0.0618,0.0615,0.1264,0.0,0.0,0.0,0.0,0.0,0.0,0.0,0.0,0.0,-2609186,-3802447,163198598,78026,-199740,98447,-0.15617293632141116,-0.22759562300140385,9.768258856669313,0.018039107345581055,-0.04617859817504883,0.02276031067657471,61,0330fe00,43.51490617327,-79.68406892646,163.5929,-37.1,SOL_COMPUTED,SINGLE,good,1.6324,1.8022,3.5877,26,22,0.0,0.0,0,0,0,0,0,0,0,0,0,—,—,0.0,0.0,0.0,0.0
2026-05-26 15:24:11.012551,1779823451.012551,2420,242669.0,WAITING_AZIMUTH,bad,43.51487233628,-79.68410175382,165.7288,-37.1,0.901405219,-1.298563967,-0.0,3.0,3.0,180.0,0.0021,0.0029,0.0096,0.0036,0.0615,0.061,0.1259,0.0,0.0,0.0,0.0,0.0,0.0,0.0,0.0,0.0,-2708551,-3722504,164858319,-43049,43572,73172,-0.1621204325204468,-0.22281063141845706,9.867601526009217,-0.009952650810241699,0.010073565032958984,0.016916893890380858,61,0328fe00,43.51490590752,-79.68406956371,163.5861,-37.1,SOL_COMPUTED,SINGLE,good,1.6307,1.8022,3.588,26,22,0.0,0.0,0,0,0,0,0,0,0,0,0,—,—,0.0,0.0,0.0,0.0
2026-05-26 15:24:12.014291,1779823452.014291,2420,242670.0,WAITING_AZIMUTH,bad,43.51487191195,-79.68410323793,165.8865,-37.1,0.897560597,-1.304164434,-0.0,3.0,3.0,180.0,-0.0143,-0.0157,-0.0317,0.0212,0.0612,0.0605,0.1253,0.0,0.0,0.0,0.0,0.0,0.0,0.0,0.0,0.0,-2158672,-4303779,163020501,241835,110450,77879,-0.12920740215332033,-0.2576028706686402,9.757598853342591,0.05591069034576416,0.025535326766967775,0.018005121894836426,61,0321fe00,43.51490561424,-79.68407017442,163.5807,-37.1,SOL_COMPUTED,SINGLE,good,1.6319,1.8026,3.5888,26,22,0.0,0.0,0,0,0,0,0,0,0,0,0,—,—,0.0,0.0,0.0,0.0
2026-05-26 15:24:13.013355,1779823453.013355,2420,242671.0,WAITING_AZIMUTH,bad,43.51487730639,-79.6840951479,164.7716,-37.1,0.905754799,-1.287530057,-0.0,3.0,3.0,180.0,0.0019,-0.0101,0.0405,0.0103,0.065,0.0665,0.1329,0.0,0.0,0.0,0.0,0.0,0.0,0.0,0.0,0.0,-2692744,-3949923,163198839,-56156,-135196,58243,-0.16117430387939455,-0.23642280510223393,9.768273281734315,-0.012982904571533203,-0.031256442169189456,0.013465405494689942,61,0319fe00,43.51490534085,-79.68407081841,163.5729,-37.1,SOL_COMPUTED,SINGLE,good,1.6324,1.8025,3.5896,25,22,0.0,0.0,0,0,0,0,0,0,0,0,0,—,—,0.0,0.0,0.0,0.0
2026-05-26 15:24:14.010870,1779823454.010870,2420,242672.0,WAITING_AZIMUTH,bad,43.51487721679,-79.68409578994,164.787,-37.1,0.896453234,-1.308526195,-0.0,3.0,3.0,180.0,-0.0088,0.0011,0.0105,0.0089,0.065,0.0665,0.133,0.0,0.0,0.0,0.0,0.0,0.0,0.0,0.0,0.0,-2956268,-3808275,165284233,-57214,17399,87454,-0.17694754383666994,-0.2279444581832886,9.893094626156312,-0.01322750733947754,0.004022536445617676,0.020218800064086915,61,0311fe00,43.51490517314,-79.68407126588,163.5512,-37.1,SOL_COMPUTED,SINGLE,good,1.6301,1.8014,3.5869,25,22,0.0,0.0,0,0,0,0,0,0,0,0,0,—,—,0.0,0.0,0.0,0.0
2026-05-26 15:24:15.013179,1779823455.013179,2420,242673.0,WAITING_AZIMUTH,bad,43.51487494844,-79.68410413326,165.9962,-37.1,0.904424212,-1.307192994,-0.0,3.0,3.0,180.0,-0.0271,-0.0259,0.0093,0.0375,0.065,0.0671,0.1339,0.0,0.0,0.0,0.0,0.0,0.0,0.0,0.0,0.0,-2294864,-3504563,164847427,126164,147342,45003,-0.13735917996582034,-0.20976576381805423,9.866949584897156,0.02916830209350586,0.03406451893615723,0.010404402992248535,61,0309fe00,43.51490486243,-79.68407137382,163.5586,-37.1,SOL_COMPUTED,SINGLE,good,1.6289,1.8014,3.5841,25,22,0.0,0.0,0,0,0,0,0,0,0,0,0,—,—,0.0,0.0,0.0,0.0
2026-05-26 15:24:16.021963,1779823456.021963,2420,242674.0,WAITING_AZIMUTH,bad,43.51487621289,-79.68409941088,165.2151,-37.1,0.90708539,-1.289660801,-0.0,3.0,3.0,180.0,0.0332,0.0079,-0.0167,0.0341,0.065,0.0664,0.1328,0.0,0.0,0.0,0.0,0.0,0.0,0.0,0.0,0.0,-2259256,-3673584,163829346,-4598,-85630,30277,-0.13522786164794923,-0.21988252278808598,9.806012304387819,-0.0010630279083251952,-0.01979710304260254,0.006999846885681152,61,0302fe00,43.51490467643,-79.68407188434,163.5525,-37.1,SOL_COMPUTED,SINGLE,good,1.6297,1.8006,3.5851,25,22,0.0,0.0,0,0,0,0,0,0,0,0,0,—,—,0.0,0.0,0.0,0.0
2026-05-26 15:24:17.019288,1779823457.019288,2420,242675.0,WAITING_AZIMUTH,bad,43.51487580054,-79.68410105373,165.4226,-37.1,0.896233523,-1.31105066,-0.0,3.0,3.0,180.0,-0.0131,-0.0124,0.0375,0.0180,0.065,0.0665,0.1329,0.0,0.0,0.0,0.0,0.0,0.0,0.0,0.0,0.0,-2870698,-3743381,164791861,64551,-62324,26826,-0.17182574793518068,-0.22406022511993412,9.863623679660952,0.014923774360656738,-0.014408906341552735,0.006201997970581055,61,02fbfe00,43.51490464315,-79.68407212605,163.5372,-37.1,SOL_COMPUTED,SINGLE,good,1.6286,1.7993,3.5843,25,22,0.0,0.0,0,0,0,0,0,0,0,0,0,—,—,0.0,0.0,0.0,0.0
2026-05-26 15:24:18.013241,1779823458.013241,2420,242676.0,WAITING_AZIMUTH,bad,43.51487666728,-79.68409902393,165.0669,-37.1,0.908136925,-1.291356546,-0.0,3.0,3.0,180.0,-0.0115,-0.0051,0.03,0.0126,0.065,0.0666,0.1331,0.0,0.0,0.0,0.0,0.0,0.0,0.0,0.0,0.0,-2259488,-3690995,164298739,-12483,1540,102026,-0.13524174801757816,-0.22092465891571048,9.834107841884462,-0.0028859889907836916,0.0003560380554199219,0.023587752365112305,61,02f3fe00,43.51490478633,-79.68407210683,163.4867,-37.1,SOL_COMPUTED,SINGLE,good,1.626,1.7986,3.5834,25,22,0.0,0.0,0,0,0,0,0,0,0,0,0,—,—,0.0,0.0,0.0,0.0
2026-05-26 15:24:19.012724,1779823459.012724,2420,242677.0,WAITING_AZIMUTH,bad,43.51487553953,-79.68410331751,165.6748,-37.1,0.893067512,-1.305159265,-0.0,3.0,3.0,180.0,-0.0176,0.0031,-0.0338,0.0179,0.065,0.0666,0.1331,0.0,0.0,0.0,0.0,0.0,0.0,0.0,0.0,0.0,-2983344,-3234024,164370824,-12229,-66263,90915,-0.1785681789404297,-0.19357264074462893,9.83842249255127,-0.002827265830993652,-0.015319577705383301,0.021018960914611817,61,02ebfe00,43.5149047808,-79.68407223864,163.4776,-37.1,SOL_COMPUTED,SINGLE,good,1.625,1.7978,3.5819,25,22,0.0,0.0,0,0,0,0,0,0,0,0,0,—,—,0.0,0.0,0.0,0.0
2026-05-26 15:24:20.022696,1779823460.022696,2420,242678.0,WAITING_AZIMUTH,bad,43.51487913898,-79.68409154115,163.8491,-37.1,0.895583981,-1.292562198,-0.0,3.0,3.0,180.0,-0.0369,-0.014,0.0171,0.0395,0.065,0.067,0.134,0.0,0.0,0.0,0.0,0.0,0.0,0.0,0.0,0.0,-2135919,-3971383,163183908,-62150,-27889,91965,-0.12784552039398195,-0.23770729429290774,9.767379586109621,-0.014368678665161132,-0.006447756706237793,0.02126171413421631,61,02e4fe00,43.51490494341,-79.68407212853,163.4401,-37.1,SOL_COMPUTED,SINGLE,good,1.6231,1.7976,3.5818,25,22,0.0,0.0,0,0,0,0,0,0,0,0,0,—,—,0.0,0.0,0.0,0.0
2026-05-26 15:24:21.011923,1779823461.011923,2420,242679.0,WAITING_AZIMUTH,bad,43.51487653271,-79.68410096711,165.2688,-37.1,0.897089068,-1.303102615,-0.0,3.0,3.0,180.0,0.0027,0.0192,-0.026,0.0194,0.0649,0.0666,0.1331,0.0,0.0,0.0,0.0,0.0,0.0,0.0,0.0,0.0,-2744476,-3957409,164390743,-55862,-14707,120702,-0.16427072488647462,-0.23687087994293216,9.839614745122987,-0.012914933670043946,-0.003400163429260254,0.027905522964477538,61,02dcfe00,43.51490510254,-79.68407208597,163.4131,-37.1,SOL_COMPUTED,SINGLE,good,1.6246,1.7974,3.5826,25,22,0.0,0.0,0,0,0,0,0,0,0,0,0,—,—,0.0,0.0,0.0,0.0
2026-05-26 15:24:22.015230,1779823462.015230,2420,242680.0,WAITING_AZIMUTH,bad,43.51487874261,-79.68409355937,164.118,-37.1,0.901110543,-1.301532682,-0.0,3.0,3.0,180.0,-0.002,0.0018,0.0333,0.0027,0.0649,0.0665,0.133,0.0,0.0,0.0,0.0,0.0,0.0,0.0,0.0,0.0,-1958510,-3859249,163296577,135496,-65540,7193,-0.11722669733581545,-0.23099550906890873,9.774123393780824,0.03132580023193359,-0.015152424774169922,0.0016629751510620118,61,02d4fe00,43.51490520728,-79.68407203876,163.3993,-37.1,SOL_COMPUTED,SINGLE,good,1.6246,1.7971,3.5821,25,22,0.0,0.0,0,0,0,0,0,0,0,0,0,—,—,0.0,0.0,0.0,0.0
2026-05-26 15:24:23.017622,1779823463.017622,2420,242681.0,WAITING_AZIMUTH,bad,43.51487392616,-79.68411032899,166.6262,-37.1,0.895842981,-1.298771511,-0.0,3.0,3.0,180.0,-0.0072,-0.0081,0.023,0.0108,0.0649,0.0664,0.1328,0.0,0.0,0.0,0.0,0.0,0.0,0.0,0.0,0.0,-2241277,-3593801,164476373,-6038,205392,23526,-0.1341517278567505,-0.21510710801177982,9.844740132326967,-0.0013959466094970703,0.04748530407714844,0.005439059280395508,61,02ccfe00,43.51490522232,-79.68407220264,163.363,-37.1,SOL_COMPUTED,SINGLE,good,1.6267,1.7975,3.5849,25,22,0.0,0.0,0,0,0,0,0,0,0,0,0,—,—,0.0,0.0,0.0,0.0
2026-05-26 15:24:24.011604,1779823464.011604,2420,242682.0,WAITING_AZIMUTH,bad,43.51487639641,-79.68410145176,165.2653,-37.1,0.898526075,-1.303320163,-0.0,3.0,3.0,180.0,0.0222,0.0206,-0.0154,0.0303,0.0649,0.0668,0.1334,0.0,0.0,0.0,0.0,0.0,0.0,0.0,0.0,0.0,-3024668,-3536528,164155662,119575,-768,7288,-0.18104162867553714,-0.2116790302197266,9.825543962111208,0.02764496784210205,-0.000177556640625,0.0016849385375976563,61,02c4fe00,43.51490439714,-79.68407523741,163.2357,-37.1,SOL_COMPUTED,SINGLE,good,1.6271,1.7907,3.5881,25,22,0.0,0.0,0,0,0,0,0,0,0,0,0,—,—,0.0,0.0,0.0,0.0
2026-05-26 15:24:25.016980,1779823465.016980,2420,242683.0,WAITING_AZIMUTH,bad,43.51487445513,-79.68410837104,166.3088,-37.1,0.899219222,-1.296934285,-0.0,3.0,3.0,180.0,0.0101,0.0094,-0.0537,0.0138,0.0648,0.0665,0.133,0.0,0.0,0.0,0.0,0.0,0.0,0.0,0.0,0.0,-2167332,-3915501,164265537,51891,137141,47258,-0.12972574681274415,-0.23436247486358647,9.832120534796449,0.011996864112854003,0.03170611360931397,0.010925744430541992,61,02bdfe00,43.51490373714,-79.68407520713,163.2387,-37.1,SOL_COMPUTED,SINGLE,good,1.6203,1.7905,3.5894,25,22,0.0,0.0,0,0,0,0,0,0,0,0,0,—,—,0.0,0.0,0.0,0.0
2026-05-26 15:24:26.014409,1779823466.014409,2420,242684.0,WAITING_AZIMUTH,bad,43.51487597841,-79.68410304026,165.4769,-37.1,0.899467041,-1.298911798,-0.0,3.0,3.0,180.0,-0.0086,-0.0094,-0.0116,0.0127,0.0648,0.0664,0.1328,0.0,0.0,0.0,0.0,0.0,0.0,0.0,0.0,0.0,-3144504,-3655160,165162566,-46162,-18505,132940,-0.18821441742919925,-0.218779753503418,9.885812242821657,-0.010672356307983398,-0.004278236503601074,0.030734869537353517,61,02b5fe00,43.514903843,-79.68407508359,163.2006,-37.1,SOL_COMPUTED,SINGLE,good,1.6208,1.7904,3.5909,25,22,0.0,0.0,0,0,0,0,0,0,0,0,0,—,—,0.0,0.0,0.0,0.0
2026-05-26 15:24:27.013044,1779823467.013044,2420,242685.0,WAITING_AZIMUTH,bad,43.51487595382,-79.68410296284,165.4472,-37.1,0.900076902,-1.306674288,-0.0,3.0,3.0,180.0,-0.0003,0.0164,-0.0099,0.0164,0.0648,0.0665,0.1329,0.0,0.0,0.0,0.0,0.0,0.0,0.0,0.0,0.0,-2279688,-3859315,163490817,140852,-40582,131433,-0.13645081985595706,-0.230999459501648,9.785749637042542,0.03256407284545899,-0.009382296340942382,0.03038646086883545,61,02adfe00,43.51490385646,-79.68407503998,163.1568,-37.1,SOL_COMPUTED,SINGLE,good,1.6216,1.7901,3.5923,25,22,0.0,0.0,0,0,0,0,0,0,0,0,0,—,—,0.0,0.0,0.0,0.0
2026-05-26 15:24:28.014661,1779823468.014661,2420,242686.0,WAITING_AZIMUTH,bad,43.51487560119,-79.68410388259,165.5705,-37.1,0.892356104,-1.30231818,-0.0,3.0,3.0,180.0,-0.0297,-0.025,0.0427,0.0388,0.0648,0.0667,0.1333,0.0,0.0,0.0,0.0,0.0,0.0,0.0,0.0,0.0,-2473401,-3407812,164262118,3242,143484,79091,-0.14804551951080325,-0.2039747286975098,9.831915890409547,0.0007495294647216797,0.033172574249267575,0.018285328468322756,61,02a5fe00,43.51490392942,-79.68407500624,163.1329,-37.1,SOL_COMPUTED,SINGLE,good,1.6232,1.7898,3.5942,25,22,0.0,0.0,0,0,0,0,0,0,0,0,0,—,—,0.0,0.0,0.0,0.0
2026-05-26 15:24:29.020019,1779823469.020019,2420,242687.0,WAITING_AZIMUTH,bad,43.51487665637,-79.68410070098,165.0654,-37.1,0.902066213,-1.294974075,-0.0,3.0,3.0,180.0,0.0248,0.0557,-0.0831,0.0610,0.0648,0.0667,0.1331,0.0,0.0,0.0,0.0,0.0,0.0,0.0,0.0,0.0,-3274463,-3768870,164956613,-24806,-65006,73833,-0.1959931187680054,-0.22558587027282717,9.873484917458804,-0.005734987014770508,-0.015028967422485351,0.01706971282196045,61,029efe00,43.51490398658,-79.68407493934,163.0932,-37.1,SOL_COMPUTED,SINGLE,good,1.6216,1.7893,3.5941,25,22,0.0,0.0,0,0,0,0,0,0,0,0,0,—,—,0.0,0.0,0.0,0.0
2026-05-26 15:24:30.012806,1779823470.012806,2420,242688.0,WAITING_AZIMUTH,bad,43.51487707852,-79.68409925742,164.8206,-37.1,0.897959485,-1.297822829,-0.0,3.0,3.0,180.0,-0.0061,-0.0068,0.0071,0.0091,0.0648,0.0666,0.1331,0.0,0.0,0.0,0.0,0.0,0.0,0.0,0.0,0.0,-2881832,-3826732,163808063,115138,43,121881,-0.17249217396728517,-0.22904920268432621,9.80473840953949,0.02661916209411621,9.941322326660156e-06,0.02817810015106201,61,0296fe00,43.51490397035,-79.68407500638,163.0695,-37.1,SOL_COMPUTED,SINGLE,good,1.6219,1.7893,3.595,25,22,0.0,0.0,0,0,0,0,0,0,0,0,0,—,—,0.0,0.0,0.0,0.0
2026-05-26 15:24:31.013242,1779823471.013242,2420,242689.0,WAITING_AZIMUTH,bad,43.51487683358,-79.68409994558,164.9172,-37.1,0.894843621,-1.307859261,-0.0,3.0,3.0,180.0,0.0258,0.0491,-0.0566,0.0555,0.0648,0.0667,0.1332,0.0,0.0,0.0,0.0,0.0,0.0,0.0,0.0,0.0,-2517434,-3781303,164866225,137083,-2515,37635,-0.15068111655334473,-0.22633004800384524,9.868074739967348,0.0316927043838501,-0.0005814517593383789,0.008700968971252441,61,028ffe00,43.5149040893,-79.68407500177,163.0689,-37.1,SOL_COMPUTED,SINGLE,good,1.6237,1.7893,3.596,25,22,0.0,0.0,0,0,0,0,0,0,0,0,0,—,—,0.0,0.0,0.0,0.0
2026-05-26 15:24:32.014986,1779823472.014986,2420,242690.0,WAITING_AZIMUTH,bad,43.51487781657,-79.68409757305,164.5201,-37.1,0.902524572,-1.293863493,-0.0,3.0,3.0,180.0,0.0224,0.026,-0.0348,0.0343,0.0648,0.0667,0.1332,0.0,0.0,0.0,0.0,0.0,0.0,0.0,0.0,0.0,-3098083,-3548174,164584095,36376,-46530,-8664,-0.18543588654754642,-0.21237610203308108,9.851187837107851,0.008409896301269532,-0.01075743553161621,-0.002003060852050781,61,0287fe00,43.51490419777,-79.68407498763,163.0213,-37.1,SOL_COMPUTED,SINGLE,good,1.6206,1.7884,3.5961,25,22,0.0,0.0,0,0,0,0,0,0,0,0,0,—,—,0.0,0.0,0.0,0.0
2026-05-26 15:24:33.020808,1779823473.020808,2420,242691.0,WAITING_AZIMUTH,bad,43.51487716805,-79.6840988227,164.7055,-37.1,0.899301928,-1.303014855,-0.0,3.0,3.0,180.0,0.002,-0.0116,0.0281,0.0118,0.0648,0.0667,0.1332,0.0,0.0,0.0,0.0,0.0,0.0,0.0,0.0,0.0,-2417872,-3722708,162938530,63310,-148314,270,-0.14472182891113283,-0.22282284184692386,9.752692475735476,0.014636863174438476,-0.034289239059448244,6.242225646972657e-05,61,027ffe00,43.51490420025,-79.68407500925,163.0241,-37.1,SOL_COMPUTED,SINGLE,good,1.6262,1.7888,3.5991,25,22,0.0,0.0,0,0,0,0,0,0,0,0,0,—,—,0.0,0.0,0.0,0.0
2026-05-26 15:24:34.021128,1779823474.021128,2420,242692.0,WAITING_AZIMUTH,bad,43.51487682743,-79.68409939341,164.7786,-37.1,0.890555866,-1.304508491,-0.0,3.0,3.0,180.0,0.008,0.0042,0.0021,0.0090,0.0648,0.0665,0.1329,0.0,0.0,0.0,0.0,0.0,0.0,0.0,0.0,0.0,-2237862,-3807219,164377543,-6708,108383,58313,-0.13394732289001468,-0.2278812512594605,9.838824658575136,-0.0015508462829589844,0.025057449714660646,0.013481589042663574,61,0278fe00,43.51490417568,-79.6840749991,162.9793,-37.1,SOL_COMPUTED,SINGLE,good,1.629,1.7887,3.6041,25,22,0.0,0.0,0,0,0,0,0,0,0,0,0,—,—,0.0,0.0,0.0,0.0
2026-05-26 15:24:35.012027,1779823475.012027,2420,242693.0,WAITING_AZIMUTH,bad,43.51487723775,-79.68409914372,164.7239,-37.1,0.895215035,-1.306789255,-0.0,3.0,3.0,180.0,0.0177,0.0227,-0.0063,0.0288,0.0648,0.0665,0.1329,0.0,0.0,0.0,0.0,0.0,0.0,0.0,0.0,0.0,-2230337,-3459192,164295158,-8430,192361,93167,-0.13349691370269778,-0.2070500807299805,9.833893500980837,-0.0019489615631103517,0.04447262102508545,0.021539608772277834,61,0270fe00,43.51490380856,-79.68407540268,162.895,-37.1,SOL_COMPUTED,SINGLE,good,1.622,1.7868,3.5974,25,22,0.0,0.0,0,0,0,0,0,0,0,0,0,—,—,0.0,0.0,0.0,0.0
2026-05-26 15:24:36.014940,1779823476.014940,2420,242694.0,WAITING_AZIMUTH,bad,43.5148771045,-79.68409918279,164.7306,-37.1,0.904273048,-1.300019795,-0.0,3.0,3.0,180.0,-0.0219,-0.0063,-0.0118,0.0228,0.0648,0.0665,0.1329,0.0,0.0,0.0,0.0,0.0,0.0,0.0,0.0,0.0,-3128790,-3474268,164652074,-46411,-46394,19698,-0.18727385530700685,-0.2079524553356934,9.855256722974245,-0.010729923500061035,-0.010725993209838866,0.004554050399780274,61,0268fe00,43.5149037813,-79.68407542452,162.9016,-37.1,SOL_COMPUTED,SINGLE,good,1.6235,1.7863,3.5972,25,22,0.0,0.0,0,0,0,0,0,0,0,0,0,—,—,0.0,0.0,0.0,0.0
2026-05-26 15:24:37.013579,1779823477.013579,2420,242695.0,WAITING_AZIMUTH,bad,43.51487703666,-79.68409914367,164.7254,-37.1,0.897848633,-1.304163789,-0.0,3.0,3.0,180.0,0.0007,0.0058,-0.0284,0.0058,0.0648,0.0665,0.1329,0.0,0.0,0.0,0.0,0.0,0.0,0.0,0.0,0.0,-2859383,-3542764,163918061,186849,-23718,-9311,-0.171148488140564,-0.21205228625854494,9.811322344394839,0.043198282218933105,-0.0054834484405517575,-0.0021526430740356445,61,0261fe00,43.51490379748,-79.68407529141,162.8926,-37.1,SOL_COMPUTED,SINGLE,good,1.624,1.7859,3.5965,25,22,0.0,0.0,0,0,0,0,0,0,0,0,0,—,—,0.0,0.0,0.0,0.0
2026-05-26 15:24:38.014502,1779823478.014502,2420,242696.0,WAITING_AZIMUTH,bad,43.51487696838,-79.68409911772,164.7257,-37.1,0.904693468,-1.296300228,-0.0,3.0,3.0,180.0,0.008,0.0237,-0.0217,0.0250,0.0648,0.0665,0.1329,0.0,0.0,0.0,0.0,0.0,0.0,0.0,0.0,0.0,-2113442,-3579853,162946893,-6528,-36110,-24702,-0.12650015862609865,-0.21427224989288332,9.753193043447572,-0.0015092314453125,-0.008348398818969727,-0.005710942886352539,61,0259fe00,43.51490337304,-79.68407555546,162.9122,-37.1,SOL_COMPUTED,SINGLE,good,1.6226,1.7856,3.5995,25,22,0.0,0.0,0,0,0,0,0,0,0,0,0,—,—,0.0,0.0,0.0,0.0
2026-05-26 15:24:39.012950,1779823479.012950,2420,242697.0,WAITING_AZIMUTH,bad,43.51487677819,-79.68409924331,164.7431,-37.1,0.898128766,-1.303273949,-0.0,3.0,3.0,180.0,0.0145,0.014,0.0077,0.0202,0.0648,0.0664,0.1329,0.0,0.0,0.0,0.0,0.0,0.0,0.0,0.0,0.0,-2207396,-3547358,164720879,-14747,57220,20472,-0.13212377919555665,-0.2123272603192139,9.859375049104921,-0.0034094111709594725,0.013228894500732422,0.004732994201660156,61,0251fe00,43.51490334672,-79.68407560888,162.9121,-37.1,SOL_COMPUTED,SINGLE,good,1.6241,1.7856,3.6012,25,22,0.0,0.0,0,0,0,0,0,0,0,0,0,—,—,0.0,0.0,0.0,0.0
2026-05-26 15:24:40.023778,1779823480.023778,2420,242698.0,WAITING_AZIMUTH,bad,43.51487668724,-79.68409924904,164.7528,-37.1,0.899175115,-1.302224585,-0.0,3.0,3.0,180.0,0.0194,0.0261,0.0036,0.0325,0.0648,0.0664,0.1329,0.0,0.0,0.0,0.0,0.0,0.0,0.0,0.0,0.0,-2791069,-3611982,164248600,29511,208850,82756,-0.16705955083526614,-0.21619533252136233,9.831106769958497,0.006822752632141113,0.048284771347045896,0.01913265280151367,61,0249fe00,43.51490628713,-79.68407634904,163.0069,-37.1,SOL_COMPUTED,SINGLE,good,1.6127,1.7477,3.553,25,22,0.0,0.0,0,0,0,0,0,0,0,0,0,—,—,0.0,0.0,0.0,0.0
2026-05-26 15:24:41.014007,1779823481.014007,2420,242699.0,WAITING_AZIMUTH,bad,43.51487649281,-79.68409931002,164.7812,-37.1,0.905042033,-1.301885175,-0.0,3.0,3.0,180.0,0.0002,-0.0018,0.0054,0.0018,0.0648,0.0664,0.1329,0.0,0.0,0.0,0.0,0.0,0.0,0.0,0.0,0.0,-2926986,-3738964,164029961,-1935,-76753,79245,-0.17519486851135257,-0.22379584540161135,9.818020123539124,-0.00044735950469970703,-0.01774479796600342,0.018320932273864745,61,0242fe00,43.51489488338,-79.68409282494,164.2614,-37.1,SOL_COMPUTED,SINGLE,good,1.5846,1.7348,3.521,25,22,0.0,0.0,0,0,0,0,0,0,0,0,0,—,—,0.0,0.0,0.0,0.0
2026-05-26 15:24:42.016043,1779823482.016043,2420,242700.0,WAITING_AZIMUTH,bad,43.51487674371,-79.68409907645,164.7463,-37.1,0.900341177,-1.294765257,-0.0,3.0,3.0,180.0,-0.034,-0.0174,0.0149,0.0382,0.0648,0.0664,0.1329,0.0,0.0,0.0,0.0,0.0,0.0,0.0,0.0,0.0,-2654926,-3601224,163708236,22023,-87585,44104,-0.15891070591979983,-0.2155514119848633,9.798763260311281,0.0050915753860473634,-0.020249086418151856,0.010196559997558594,61,023afe00,43.51489213464,-79.68409739481,165.1369,-37.1,SOL_COMPUTED,SINGLE,good,1.5747,1.7234,3.4911,25,22,0.0,0.0,0,0,0,0,0,0,0,0,0,—,—,0.0,0.0,0.0,0.0
2026-05-26 15:24:43.013019,1779823483.013019,2420,242701.0,WAITING_AZIMUTH,bad,43.51487678037,-79.684098874,164.7393,-37.1,0.903513333,-1.300718689,-0.0,3.0,3.0,180.0,0.0071,0.0079,-0.0261,0.0106,0.0648,0.0664,0.1329,0.0,0.0,0.0,0.0,0.0,0.0,0.0,0.0,0.0,-2737343,-3570421,164076525,67388,-84760,10058,-0.16384377887542728,-0.2137076971414185,9.820807213691713,0.015579670440673828,-0.019595964660644533,0.0023253446502685547,61,0232fe00,43.5148921492,-79.68409725063,165.1036,-37.1,SOL_COMPUTED,SINGLE,good,1.5743,1.7235,3.4951,25,22,0.0,0.0,0,0,0,0,0,0,0,0,0,—,—,0.0,0.0,0.0,0.0
2026-05-26 15:24:44.021824,1779823484.021824,2420,242702.0,WAITING_AZIMUTH,bad,43.51487627888,-79.68409955325,164.8542,-37.1,0.89588128,-1.296024744,-0.0,3.0,3.0,180.0,-0.0375,-0.0211,-0.0013,0.0430,0.0646,0.0661,0.1325,0.0,0.0,0.0,0.0,0.0,0.0,0.0,0.0,0.0,-2320637,-3757433,163567626,15644,-35742,6782,-0.13890182395050052,-0.22490130816314702,9.790347042925417,0.003616791778564453,-0.008263319595336913,0.0015679546051025391,61,022bfe00,43.51489215886,-79.68409698439,165.1229,-37.1,SOL_COMPUTED,SINGLE,good,1.5752,1.723,3.4943,26,22,0.0,0.0,0,0,0,0,0,0,0,0,0,—,—,0.0,0.0,0.0,0.0
2026-05-26 15:24:45.013155,1779823485.013155,2420,242703.0,WAITING_AZIMUTH,bad,43.51486854618,-79.68411284285,166.6717,-37.1,0.900965289,-1.308387878,-0.0,3.0,3.0,180.0,-0.0076,-0.0151,0.0292,0.0169,0.0619,0.0618,0.127,0.0,0.0,0.0,0.0,0.0,0.0,0.0,0.0,0.0,-2287481,-3911477,163538194,181406,-87490,4544,-0.13691727019439698,-0.23412161817657473,9.788585389343874,0.04193989576721192,-0.02022712303161621,0.00105054345703125,61,0223fe00,43.51489233433,-79.68409681032,165.0451,-37.1,SOL_COMPUTED,SINGLE,good,1.571,1.7225,3.4994,26,22,0.0,0.0,0,0,0,0,0,0,0,0,0,—,—,0.0,0.0,0.0,0.0
2026-05-26 15:24:46.011191,1779823486.011191,2420,242704.0,WAITING_AZIMUTH,bad,43.51486392677,-79.68412034879,167.7286,-37.1,0.900494249,-1.302239778,-0.0,3.0,3.0,180.0,-0.0106,-0.0327,0.0386,0.0344,0.061,0.0604,0.1252,0.0,0.0,0.0,0.0,0.0,0.0,0.0,0.0,0.0,-2267536,-3811201,163809052,56185,-81832,-2607,-0.13572346139160157,-0.22811959403472903,9.804797606175539,0.012989609184265137,-0.018919029968261718,-0.000602721565246582,61,021cfe00,43.51489801908,-79.68409246098,164.2941,-37.1,SOL_COMPUTED,SINGLE,good,1.5643,1.7191,3.5055,26,22,0.0,0.0,0,0,0,0,0,0,0,0,0,—,—,0.0,0.0,0.0,0.0
2026-05-26 15:24:47.012860,1779823487.012860,2420,242705.0,WAITING_AZIMUTH,bad,43.51486239534,-79.68412290364,168.0867,-37.1,0.897127727,-1.295742673,-0.0,3.0,3.0,180.0,0.0223,0.0267,-0.0229,0.0348,0.0599,0.0585,0.1229,0.0,0.0,0.0,0.0,0.0,0.0,0.0,0.0,0.0,-1889987,-3880461,164322445,17581,78829,88521,-0.11312525032684327,-0.2322651542092896,9.835526765498354,0.004064613670349121,0.018224755760192873,0.020465483573913576,61,0214fe00,43.51489819186,-79.6840921014,164.3272,-37.1,SOL_COMPUTED,SINGLE,good,1.5629,1.7182,3.4982,26,22,0.0,0.0,0,0,0,0,0,0,0,0,0,—,—,0.0,0.0,0.0,0.0
2026-05-26 15:24:48.012310,1779823488.012310,2420,242706.0,WAITING_AZIMUTH,bad,43.51487308827,-79.68410083858,164.9292,-37.1,0.90576496,-1.306242779,-0.0,3.0,3.0,180.0,0.0062,-0.012,0.0164,0.0135,0.0649,0.0664,0.133,0.0,0.0,0.0,0.0,0.0,0.0,0.0,0.0,0.0,-1657403,-3630821,163908113,-108391,-46225,37771,-0.09920392535369875,-0.21732294164825441,9.810726906441957,-0.02505929926300049,-0.010686921501159668,0.008732411293029785,61,020cfe00,43.51489828293,-79.68409188287,164.3671,-37.1,SOL_COMPUTED,SINGLE,good,1.5648,1.7187,3.4938,26,22,0.0,0.0,0,0,0,0,0,0,0,0,0,—,—,0.0,0.0,0.0,0.0
2026-05-26 15:24:49.014224,1779823489.014224,2420,242707.0,WAITING_AZIMUTH,bad,43.51487728082,-79.68409758247,164.7198,-37.1,0.902547553,-1.303285889,-0.0,3.0,3.0,180.0,0.0047,0.0171,-0.0147,0.0177,0.0648,0.0664,0.1329,0.0,0.0,0.0,0.0,0.0,0.0,0.0,0.0,0.0,-2385972,-3805844,163920893,-29471,59191,43912,-0.14281245308715823,-0.2277989505773926,9.811491853872377,-0.0068135048904418944,0.013684576972961425,0.010152170837402344,61,0205fe00,43.51489820723,-79.68409173166,164.4378,-37.1,SOL_COMPUTED,SINGLE,good,1.5661,1.7184,3.4947,26,22,0.0,0.0,0,0,0,0,0,0,0,0,0,—,—,0.0,0.0,0.0,0.0
2026-05-26 15:24:50.018778,1779823490.018778,2420,242708.0,WAITING_AZIMUTH,bad,43.51487300757,-79.68410055334,164.9888,-37.1,0.900088992,-1.298381875,-0.0,3.0,3.0,180.0,-0.024,-0.0076,0.0323,0.0252,0.065,0.0665,0.133,0.0,0.0,0.0,0.0,0.0,0.0,0.0,0.0,0.0,-2575819,-3893118,164695036,-176015,34518,73141,-0.15417575315155033,-0.23302273946960453,9.857828215267336,-0.04069353137969971,0.00798033869934082,0.016909726890563966,61,01fdfe00,43.51489736728,-79.684092729,164.3814,-37.1,SOL_COMPUTED,SINGLE,good,1.5835,1.725,3.5254,26,22,0.0,0.0,0,0,0,0,0,0,0,0,0,—,—,0.0,0.0,0.0,0.0
2026-05-26 15:24:51.014210,1779823491.014210,2420,242709.0,WAITING_AZIMUTH,bad,43.51487313474,-79.68410043498,164.9896,-37.1,0.903291693,-1.302301009,-0.0,3.0,3.0,180.0,-0.0008,-0.0064,-0.0358,0.0064,0.0649,0.0665,0.133,0.0,0.0,0.0,0.0,0.0,0.0,0.0,0.0,0.0,-2418098,-3653929,164576998,-59318,58148,108083,-0.14473535615051272,-0.2187060719473267,9.850763045878297,-0.013713938552856445,0.013443442108154296,0.024988091651916504,61,01f6fe00,43.51489812873,-79.68409233199,164.2087,-37.1,SOL_COMPUTED,SINGLE,good,1.5673,1.7205,3.5344,26,22,0.0,0.0,0,0,0,0,0,0,0,0,0,—,—,0.0,0.0,0.0,0.0
2026-05-26 15:24:52.021935,1779823492.021935,2420,242710.0,WAITING_AZIMUTH,bad,43.51487688915,-79.68409923331,164.3124,-37.1,0.89883838,-1.298488139,-0.0,3.0,3.0,180.0,-0.022,-0.0195,0.0192,0.0294,0.0649,0.0664,0.133,0.0,0.0,0.0,0.0,0.0,0.0,0.0,0.0,0.0,-2984397,-3934076,164974711,-22839,30522,101660,-0.17863120629913332,-0.23547428225952152,9.87456817399994,-0.005280229316711426,0.007056489303588868,0.023503135528564454,61,01eefe00,43.5148977904,-79.68409280142,164.0575,-37.1,SOL_COMPUTED,SINGLE,good,1.5678,1.7216,3.5631,26,22,0.0,0.0,0,0,0,0,0,0,0,0,0,—,—,0.0,0.0,0.0,0.0
2026-05-26 15:24:53.014762,1779823493.014762,2420,242711.0,WAITING_AZIMUTH,bad,43.51487681991,-79.68409749144,164.8515,-37.1,0.896214671,-1.296355098,-0.0,3.0,3.0,180.0,0.043,0.0084,-0.0247,0.0438,0.0649,0.0664,0.133,0.0,0.0,0.0,0.0,0.0,0.0,0.0,0.0,0.0,-3006087,-3826613,164574695,-42094,85774,97025,-0.17992946214935304,-0.22904207993438724,9.850625199717713,-0.009731860977172851,0.019830394912719727,0.02243155345916748,61,01e6fe00,43.51489755221,-79.68409241916,164.3811,-37.1,SOL_COMPUTED,SINGLE,good,1.5694,1.719,3.523,26,22,0.0,0.0,0,0,0,0,0,0,0,0,0,—,—,0.0,0.0,0.0,0.0
2026-05-26 15:24:54.014070,1779823494.014070,2420,242712.0,WAITING_AZIMUTH,bad,43.51487203963,-79.68410260399,164.6393,-37.1,0.899993536,-1.303059981,-0.0,3.0,3.0,180.0,0.0249,0.036,-0.0324,0.0438,0.0649,0.0664,0.133,0.0,0.0,0.0,0.0,0.0,0.0,0.0,0.0,0.0,-2883413,-3715060,163979117,95913,-13835,84641,-0.17258680478790286,-0.222365070489502,9.8149768538089,0.0221744662399292,-0.003198562660217285,0.019568452629089357,61,01defe00,43.51489692385,-79.68409315423,164.2514,-37.1,SOL_COMPUTED,SINGLE,good,1.5758,1.7224,3.5494,26,22,0.0,0.0,0,0,0,0,0,0,0,0,0,—,—,0.0,0.0,0.0,0.0
2026-05-26 15:24:55.013533,1779823495.013533,2420,242713.0,WAITING_AZIMUTH,bad,43.51487134031,-79.68410120461,165.2384,-37.1,0.905324669,-1.289234536,-0.0,3.0,3.0,180.0,0.0215,0.0143,-0.0234,0.0258,0.0649,0.0664,0.133,0.0,0.0,0.0,0.0,0.0,0.0,0.0,0.0,0.0,-3392148,-3713187,164693898,-69408,-152941,153833,-0.2030371593273926,-0.22225296199676517,9.857760100230104,-0.016046681396484377,-0.03535897158050537,0.03556519622039795,61,01d7fe00,43.51488330364,-79.684105528,160.2395,-37.1,SOL_COMPUTED,SINGLE,good,1.5764,1.719,3.4986,26,23,0.0,0.0,0,0,0,0,0,0,0,0,0,—,—,0.0,0.0,0.0,0.0
2026-05-26 15:24:56.019729,1779823496.019729,2420,242714.0,WAITING_AZIMUTH,bad,43.51487577575,-79.68409947632,164.4772,-37.1,0.893441681,-1.301453737,-0.0,3.0,3.0,180.0,0.0171,0.0067,0.0046,0.0184,0.0649,0.0664,0.133,0.0,0.0,0.0,0.0,0.0,0.0,0.0,0.0,0.0,-3120407,-4081661,163795177,16822,-40400,50832,-0.1867720904940796,-0.2443079885598755,9.803967117474672,0.0038891377716064454,-0.009340219116210937,0.011752030151367188,61,01cffe00,43.51488405574,-79.68410559268,159.7236,-37.1,SOL_COMPUTED,SINGLE,good,1.5657,1.7174,3.5216,26,23,0.0,0.0,0,0,0,0,0,0,0,0,0,—,—,0.0,0.0,0.0,0.0
2026-05-26 15:24:57.017711,1779823497.017711,2420,242715.0,WAITING_AZIMUTH,bad,43.51487158852,-79.68410245392,164.7007,-37.1,0.908403095,-1.30741063,-0.0,3.0,3.0,180.0,-0.0154,-0.0074,0.0269,0.0171,0.0649,0.0664,0.133,0.0,0.0,0.0,0.0,0.0,0.0,0.0,0.0,0.0,-3191782,-4494912,164369431,110401,-36267,65365,-0.19104424408142093,-0.2690431443164063,9.838339114478456,0.02552399828338623,-0.00838469620513916,0.01511196590423584,61,01c8fe00,43.51488380487,-79.68410557481,159.7983,-37.1,SOL_COMPUTED,SINGLE,good,1.5721,1.7205,3.524,25,23,0.0,0.0,0,0,0,0,0,0,0,0,0,—,—,0.0,0.0,0.0,0.0
2026-05-26 15:24:58.017566,1779823498.017566,2420,242716.0,WAITING_AZIMUTH,bad,43.51487217806,-79.68410201341,164.6366,-37.1,0.898928088,-1.300730849,-0.0,3.0,3.0,180.0,0.0158,0.0045,0.0283,0.0164,0.0649,0.0664,0.133,0.0,0.0,0.0,0.0,0.0,0.0,0.0,0.0,0.0,-3430568,-3358516,165292015,98198,-101311,107292,-0.2053367900219727,-0.20102411457153324,9.893560418089296,0.022702743484497072,-0.023422448982238768,0.024805217559814453,61,01c0fe00,43.51488447512,-79.68410505166,159.7142,-37.1,SOL_COMPUTED,SINGLE,good,1.5672,1.7194,3.5216,25,23,0.0,0.0,0,0,0,0,0,0,0,0,0,—,—,0.0,0.0,0.0,0.0
2026-05-26 15:24:59.020273,1779823499.020273,2420,242717.0,WAITING_AZIMUTH,bad,43.51487206411,-79.68410035272,165.1708,-37.1,0.892002928,-1.294597065,-0.0,3.0,3.0,180.0,0.0002,-0.0022,-0.0146,0.0022,0.0649,0.0664,0.133,0.0,0.0,0.0,0.0,0.0,0.0,0.0,0.0,0.0,-2730047,-3689532,165058025,-22824,27303,57593,-0.16340707649261477,-0.22083709098999027,9.879554936927796,-0.005276761413574219,0.006312277290344238,0.013315129692077637,61,01b9fe00,43.51488419938,-79.68410445716,160.194,-37.1,SOL_COMPUTED,SINGLE,good,1.5734,1.7189,3.4991,25,23,0.0,0.0,0,0,0,0,0,0,0,0,0,—,—,0.0,0.0,0.0,0.0
2026-05-26 15:25:00.013362,1779823500.013362,2420,242718.0,WAITING_AZIMUTH,bad,43.51487236063,-79.68410014432,165.1537,-37.1,0.896004365,-1.315350883,-0.0,3.0,3.0,180.0,0.0316,0.0151,-0.0392,0.0350,0.065,0.0664,0.1331,0.0,0.0,0.0,0.0,0.0,0.0,0.0,0.0,0.0,-2716320,-3511006,164152884,270933,189864,71745,-0.16258544633789065,-0.2101514098504639,9.82537768480591,0.06263796004486084,0.04389533074951172,0.01658698070526123,61,01b1fe00,43.51488422134,-79.68410560736,159.5697,-37.1,SOL_COMPUTED,SINGLE,good,1.5732,1.7187,3.4965,25,23,0.0,0.0,0,0,0,0,0,0,0,0,0,—,—,0.0,0.0,0.0,0.0
2026-05-26 15:25:01.017927,1779823501.017927,2420,242719.0,WAITING_AZIMUTH,bad,43.51486123531,-79.68410680282,166.5664,-37.1,0.902104963,-1.278484502,-0.0,3.0,3.0,180.0,-0.0263,-0.0131,0.0339,0.0294,0.065,0.0664,0.1331,0.0,0.0,0.0,0.0,0.0,0.0,0.0,0.0,0.0,-2199825,-3315577,164377433,59114,125455,37166,-0.1316706166763306,-0.198453998944397,9.838818074520571,0.013666775070190429,0.029004385871887205,0.008592539199829101,61,01a9fe00,43.51488236958,-79.68410571291,159.9085,-37.1,SOL_COMPUTED,SINGLE,good,1.5929,1.7165,3.4997,25,23,0.0,0.0,0,0,0,0,0,0,0,0,0,—,—,0.0,0.0,0.0,0.0
2026-05-26 15:25:02.014702,1779823502.014702,2420,242720.0,WAITING_AZIMUTH,bad,43.5148649299,-79.68410434762,166.4074,-37.1,0.897669678,-1.291010622,-0.0,3.0,3.0,180.0,-0.0125,-0.026,0.0157,0.0288,0.0648,0.0666,0.1338,0.0,0.0,0.0,0.0,0.0,0.0,0.0,0.0,0.0,-2529789,-3663208,164636041,-89735,5019,9640,-0.1514206255911255,-0.21926146687744144,9.854297067093812,-0.020746152534484863,0.0011603603897094726,0.002228705749511719,61,01a2fe00,43.51488276754,-79.68410535859,159.8231,-37.1,SOL_COMPUTED,SINGLE,good,1.5932,1.7166,3.504,26,23,0.0,0.0,0,0,0,0,0,0,0,0,0,—,—,0.0,0.0,0.0,0.0
2026-05-26 15:25:03.021636,1779823503.021636,2420,242721.0,WAITING_AZIMUTH,bad,43.51486596678,-79.68410093199,165.8954,-37.1,0.891447753,-1.300831267,-0.0,3.0,3.0,180.0,-0.0086,-0.0126,0.0105,0.0153,0.0649,0.0666,0.1335,0.0,0.0,0.0,0.0,0.0,0.0,0.0,0.0,0.0,-2067771,-3761876,164000429,-149475,-8577,119297,-0.12376651902557374,-0.22516724411254885,9.81625248445343,-0.03455765476226807,-0.0019829470138549806,0.02758069603729248,61,019afe00,43.51488131506,-79.68410591962,160.1848,-37.1,SOL_COMPUTED,SINGLE,good,1.6081,1.7177,3.5003,25,23,0.0,0.0,0,0,0,0,0,0,0,0,0,—,—,0.0,0.0,0.0,0.0
2026-05-26 15:25:04.012521,1779823504.012521,2420,242722.0,WAITING_AZIMUTH,bad,43.51486602322,-79.68410078787,165.8749,-37.1,0.897542984,-1.30620981,-0.0,3.0,3.0,180.0,0.0045,-0.008,-0.0274,0.0092,0.0649,0.0665,0.1334,0.0,0.0,0.0,0.0,0.0,0.0,0.0,0.0,0.0,-2610307,-4165308,163807185,70100,-63558,29255,-0.15624003382293702,-0.24931468321655276,9.80468585681305,0.01620666732788086,-0.014694199172973633,0.0067635670852661135,61,0193fe00,43.51488293795,-79.68410472985,160.0636,-37.1,SOL_COMPUTED,SINGLE,good,1.5982,1.7155,3.4864,25,23,0.0,0.0,0,0,0,0,0,0,0,0,0,—,—,0.0,0.0,0.0,0.0
2026-05-26 15:25:05.012984,1779823505.012984,2420,242723.0,WAITING_AZIMUTH,bad,43.51486590987,-79.68410067908,165.9044,-37.1,0.894709369,-1.300340927,-0.0,3.0,3.0,180.0,0.0073,0.0087,-0.0502,0.0114,0.0649,0.0665,0.1333,0.0,0.0,0.0,0.0,0.0,0.0,0.0,0.0,0.0,-2550092,-3770727,164121130,79319,-68065,100753,-0.1526358624987793,-0.22569702108489995,9.823477047817995,0.0183380405960083,-0.015736188468933106,0.02329344298553467,61,018bfe00,43.51488299167,-79.68410460496,160.1356,-37.1,SOL_COMPUTED,SINGLE,good,1.6015,1.7147,3.4857,25,23,0.0,0.0,0,0,0,0,0,0,0,0,0,—,—,0.0,0.0,0.0,0.0
2026-05-26 15:25:06.012549,1779823506.012549,2420,242724.0,WAITING_AZIMUTH,bad,43.5148808997,-79.68408228886,162.5686,-37.1,0.904923979,-1.297148889,-0.0,3.0,3.0,180.0,-0.0036,0.002,0.0097,0.0041,0.0649,0.0664,0.1331,0.0,0.0,0.0,0.0,0.0,0.0,0.0,0.0,0.0,-3328532,-3943444,164672691,6782,-61953,64159,-0.1992294210070801,-0.2360350042883301,9.85649075436493,0.0015679546051025391,-0.01432313353729248,0.014833146492004394,61,0184fe00,43.51488460783,-79.68410342737,160.0202,-37.1,SOL_COMPUTED,SINGLE,good,1.595,1.7111,3.4763,25,23,0.0,0.0,0,0,0,0,0,0,0,0,0,—,—,0.0,0.0,0.0,0.0
2026-05-26 15:25:07.014106,1779823507.014106,2420,242725.0,WAITING_AZIMUTH,bad,43.51488350273,-79.68408269649,162.1445,-37.1,0.892360298,-1.309769562,-0.0,3.0,3.0,180.0,-0.0027,0.0242,-0.0256,0.0244,0.065,0.0664,0.1332,0.0,0.0,0.0,0.0,0.0,0.0,0.0,0.0,0.0,-2334366,-3611864,164342769,231149,121629,89881,-0.13972357381530764,-0.21618826962646487,9.836743259361878,0.053440156150817875,0.028119839378356933,0.020779906791687012,61,017cfe00,43.51488781806,-79.68410356737,159.3858,-37.1,SOL_COMPUTED,SINGLE,good,1.5856,1.711,3.4724,25,23,0.0,0.0,0,0,0,0,0,0,0,0,0,—,—,0.0,0.0,0.0,0.0
2026-05-26 15:25:08.012934,1779823508.012934,2420,242726.0,WAITING_AZIMUTH,bad,43.51486888804,-79.68408964346,164.1812,-37.1,0.897031989,-1.290928827,-0.0,3.0,3.0,180.0,-0.011,-0.0178,0.0491,0.0209,0.065,0.0664,0.1332,0.0,0.0,0.0,0.0,0.0,0.0,0.0,0.0,0.0,-2366853,-3347875,164607127,154897,194969,1576,-0.14166808454864505,-0.20038719707489017,9.852566418423768,0.03581118614959717,0.045075573783874515,0.00036436102294921875,61,0174fe00,43.51489883652,-79.68409152763,164.0508,-37.1,SOL_COMPUTED,SINGLE,good,1.5884,1.7073,3.4429,25,23,0.0,0.0,0,0,0,0,0,0,0,0,0,—,—,0.0,0.0,0.0,0.0
2026-05-26 15:25:09.012614,1779823509.012614,2420,242727.0,WAITING_AZIMUTH,bad,43.51487217007,-79.68409373873,163.9137,-37.1,0.892575201,-1.286421606,-0.0,3.0,3.0,180.0,-0.0077,-0.0031,0.0495,0.0083,0.0649,0.0664,0.1331,0.0,0.0,0.0,0.0,0.0,0.0,0.0,0.0,0.0,-1907600,-3723751,163476989,3069,165,81329,-0.11417947717285158,-0.22288527065521244,9.784921961528626,0.0007095329818725585,3.8146934509277345e-05,0.018802739616394042,61,016dfe00,43.51490079321,-79.68409307725,163.6287,-37.1,SOL_COMPUTED,SINGLE,good,1.6002,1.7107,3.449,25,23,0.0,0.0,0,0,0,0,0,0,0,0,0,—,—,0.0,0.0,0.0,0.0
2026-05-26 15:25:10.011842,1779823510.011842,2420,242728.0,WAITING_AZIMUTH,bad,43.5148804745,-79.68408779294,163.3552,-37.1,0.89944842,-1.305147523,-0.0,3.0,3.0,180.0,-0.012,0.004,-0.0227,0.0126,0.0649,0.0665,0.1333,0.0,0.0,0.0,0.0,0.0,0.0,0.0,0.0,0.0,-2745600,-3659727,164054444,58004,-60185,20010,-0.16433800195312503,-0.21905311147796633,9.819485554520265,0.01341015023803711,-0.013914383354187012,0.0046261827850341795,61,0165fe00,43.5148984576,-79.6840906129,164.1288,-37.1,SOL_COMPUTED,SINGLE,good,1.5761,1.7073,3.4372,25,23,0.0,0.0,0,0,0,0,0,0,0,0,0,—,—,0.0,0.0,0.0,0.0
2026-05-26 15:25:11.016646,1779823511.016646,2420,242729.0,WAITING_AZIMUTH,bad,43.51486693255,-79.68409565243,165.1197,-37.1,0.89829633,-1.294365967,-0.0,3.0,3.0,180.0,0.0469,0.0394,-0.1238,0.0613,0.0649,0.0665,0.1334,0.0,0.0,0.0,0.0,0.0,0.0,0.0,0.0,0.0,-3045152,-3839760,164836144,-131350,-68568,91911,-0.18226769934570314,-0.2298289941650391,9.866274240463868,-0.03036727180480957,-0.01585247882080078,0.021249229682922362,61,015dfe00,43.51490017653,-79.6840921522,163.7668,-37.1,SOL_COMPUTED,SINGLE,good,1.5983,1.7099,3.4558,25,23,0.0,0.0,0,0,0,0,0,0,0,0,0,—,—,0.0,0.0,0.0,0.0
2026-05-26 15:25:12.025147,1779823512.025147,2420,242730.0,WAITING_AZIMUTH,bad,43.51488283676,-79.68408704635,163.1224,-37.1,0.891071968,-1.309893737,-0.0,3.0,3.0,180.0,0.0279,0.003,-0.0142,0.0281,0.0648,0.0664,0.1332,0.0,0.0,0.0,0.0,0.0,0.0,0.0,0.0,0.0,-2500063,-3657325,164390263,-441,126096,43237,-0.1496413746273804,-0.21890933966827394,9.839586014703066,-0.00010195635223388672,0.02915258093261719,0.009996115196228027,61,0156fe00,43.51490104943,-79.68408915532,163.7963,-37.1,SOL_COMPUTED,SINGLE,good,1.5627,1.7038,3.4201,25,23,0.0,0.0,0,0,0,0,0,0,0,0,0,—,—,0.0,0.0,0.0,0.0
2026-05-26 15:25:13.014029,1779823513.014029,2420,242731.0,WAITING_AZIMUTH,bad,43.51488482722,-79.68408106253,162.1635,-37.1,0.893498623,-1.299924274,-0.0,3.0,3.0,180.0,-0.0108,0.0182,-0.0448,0.0212,0.0648,0.0664,0.1332,0.0,0.0,0.0,0.0,0.0,0.0,0.0,0.0,0.0,-2116848,-4051824,163419127,78517,56034,75631,-0.12670402489746097,-0.24252209368652347,9.781458629117127,0.018152623374938965,0.012954698959350586,0.01748539881134033,61,014efe00,43.51490395616,-79.68408939609,163.3243,-37.1,SOL_COMPUTED,SINGLE,good,1.5714,1.7027,3.4231,25,23,0.0,0.0,0,0,0,0,0,0,0,0,0,—,—,0.0,0.0,0.0,0.0
2026-05-26 15:25:14.013608,1779823514.013608,2420,242732.0,WAITING_AZIMUTH,bad,43.51488465039,-79.68408435423,162.6524,-37.1,0.895516308,-1.301340913,-0.0,3.0,3.0,180.0,-0.0279,-0.0365,0.0848,0.0459,0.0648,0.0664,0.1333,0.0,0.0,0.0,0.0,0.0,0.0,0.0,0.0,0.0,-3371804,-3470247,164556265,74195,-43524,129997,-0.20181946836303713,-0.20771177821380618,9.849522071302797,0.017153404884338377,-0.010062467742919922,0.030054466941833495,61,0147fe00,43.51490228879,-79.68408842338,163.6692,-37.1,SOL_COMPUTED,SINGLE,good,1.559,1.7023,3.4076,25,23,0.0,0.0,0,0,0,0,0,0,0,0,0,—,—,0.0,0.0,0.0,0.0
2026-05-26 15:25:15.012814,1779823515.012814,2420,242733.0,WAITING_AZIMUTH,bad,43.51488459687,-79.68408687681,163.0268,-37.1,0.896240913,-1.307975373,-0.0,3.0,3.0,180.0,-0.0002,0.0014,-0.0034,0.0014,0.0648,0.0664,0.1332,0.0,0.0,0.0,0.0,0.0,0.0,0.0,0.0,0.0,-1736513,-3441095,164363105,159368,89515,93494,-0.10393905768707278,-0.2059668840438843,9.837960471485902,0.036844852478027344,0.02069528995513916,0.021615209060668945,61,013ffe00,43.51490309887,-79.68408797181,163.5767,-37.1,SOL_COMPUTED,SINGLE,good,1.5553,1.7004,3.4046,25,23,0.0,0.0,0,0,0,0,0,0,0,0,0,—,—,0.0,0.0,0.0,0.0
2026-05-26 15:25:16.011105,1779823516.011105,2420,242734.0,WAITING_AZIMUTH,bad,43.51488495587,-79.68408564737,162.8611,-37.1,0.898621418,-1.302928873,-0.0,3.0,3.0,180.0,0.0167,0.0326,-0.0301,0.0366,0.0648,0.0664,0.1333,0.0,0.0,0.0,0.0,0.0,0.0,0.0,0.0,0.0,-2461971,-3991909,164070437,54063,-73110,22431,-0.14736137638641358,-0.23893587887481693,9.820442816199037,0.012499016487121583,-0.01690255989074707,0.005185902351379394,61,0138fe00,43.51490318723,-79.68408782853,163.5707,-37.1,SOL_COMPUTED,SINGLE,good,1.5587,1.7031,3.409,25,23,0.0,0.0,0,0,0,0,0,0,0,0,0,—,—,0.0,0.0,0.0,0.0
2026-05-26 15:25:17.019631,1779823517.019631,2420,242735.0,WAITING_AZIMUTH,bad,43.51488821507,-79.68407712324,161.5114,-37.1,0.888851269,-1.293527188,-0.0,3.0,3.0,180.0,0.0294,-0.0045,-0.0028,0.0297,0.0648,0.0664,0.1333,0.0,0.0,0.0,0.0,0.0,0.0,0.0,0.0,0.0,-3139952,-3298139,165147083,-137852,48596,83119,-0.18794195728027346,-0.19741024673065188,9.884885507214051,-0.031870492218017576,0.011235081390380859,0.01921657605743408,61,0130fe00,43.51490423972,-79.68408713581,163.4132,-37.1,SOL_COMPUTED,SINGLE,good,1.5526,1.7017,3.409,25,23,0.0,0.0,0,0,0,0,0,0,0,0,0,—,—,0.0,0.0,0.0,0.0
2026-05-26 15:25:18.019039,1779823518.019039,2420,242736.0,WAITING_AZIMUTH,bad,43.51488482898,-79.684089449,163.421,-37.1,0.890530379,-1.308530496,-0.0,3.0,3.0,180.0,-0.0089,0.0069,-0.0185,0.0113,0.0648,0.0664,0.1332,0.0,0.0,0.0,0.0,0.0,0.0,0.0,0.0,0.0,-2193833,-4114368,164398845,-99558,40595,98489,-0.1313119652676392,-0.2462656674023438,9.840099690669252,-0.023017166702270508,0.009385301856994628,0.022770020805358886,61,0128fe00,43.51490437318,-79.68408704226,163.416,-37.1,SOL_COMPUTED,SINGLE,good,1.552,1.6999,3.3999,25,23,0.0,0.0,0,0,0,0,0,0,0,0,0,—,—,0.0,0.0,0.0,0.0
2026-05-26 15:25:19.013768,1779823519.013768,2420,242737.0,WAITING_AZIMUTH,bad,43.51489004543,-79.68407197923,160.7197,-37.1,0.90222774,-1.301941323,-0.0,3.0,3.0,180.0,0.0078,-0.0017,-0.0264,0.0080,0.0648,0.0664,0.1332,0.0,0.0,0.0,0.0,0.0,0.0,0.0,0.0,0.0,-2692669,-3804094,164250047,14305,-38207,32799,-0.16116981475128175,-0.22769420425476078,9.831193380203553,0.0033072236251831056,-0.008833211677551269,0.0075829169998168945,61,0121fe00,43.51490475112,-79.68408681067,163.3861,-37.1,SOL_COMPUTED,SINGLE,good,1.5498,1.6991,3.4023,25,23,0.0,0.0,0,0,0,0,0,0,0,0,0,—,—,0.0,0.0,0.0,0.0
2026-05-26 15:25:20.014723,1779823520.014723,2420,242738.0,WAITING_AZIMUTH,bad,43.51488863576,-79.68407764905,161.6338,-37.1,0.896736178,-1.306732342,-0.0,3.0,3.0,180.0,-0.0083,-0.0197,0.0421,0.0214,0.0648,0.0663,0.1331,0.0,0.0,0.0,0.0,0.0,0.0,0.0,0.0,0.0,-2716500,-4329395,164365225,68698,141106,115636,-0.16259622024536136,-0.25913611741180426,9.83808736417389,0.015882533981323242,0.032622796005249026,0.026734296478271486,61,0119fe00,43.51490505345,-79.68408650912,163.404,-37.1,SOL_COMPUTED,SINGLE,good,1.5471,1.6968,3.3909,25,23,0.0,0.0,0,0,0,0,0,0,0,0,0,—,—,0.0,0.0,0.0,0.0
2026-05-26 15:25:21.014241,1779823521.014241,2420,242739.0,WAITING_AZIMUTH,bad,43.51488890742,-79.68407875994,161.828,-37.1,0.894633092,-1.296129367,-0.0,3.0,3.0,180.0,-0.0149,-0.0233,0.0299,0.0277,0.0648,0.0664,0.1332,0.0,0.0,0.0,0.0,0.0,0.0,0.0,0.0,0.0,-2322020,-3807391,163979863,35613,70981,38813,-0.1389846034729004,-0.22789154632659916,9.815021505669863,0.008233495628356933,0.01641034883880615,0.008973314964294434,61,0112fe00,43.51490579198,-79.68408602355,163.3714,-37.1,SOL_COMPUTED,SINGLE,good,1.5434,1.6954,3.3836,25,23,0.0,0.0,0,0,0,0,0,0,0,0,0,—,—,0.0,0.0,0.0,0.0
2026-05-26 15:25:22.014501,1779823522.014501,2420,242740.0,WAITING_AZIMUTH,bad,43.51488881968,-79.68407845243,161.8409,-37.1,0.895882017,-1.295898536,-0.0,3.0,3.0,180.0,0.0074,0.0366,-0.0183,0.0373,0.0648,0.0663,0.1331,0.0,0.0,0.0,0.0,0.0,0.0,0.0,0.0,0.0,-2707542,-3468555,164233291,-109208,-167605,84238,-0.16206003878356937,-0.20761050348358157,9.830190449128114,-0.02524818438720703,-0.03874919368743897,0.019475281631469728,61,010bfe00,43.51490564207,-79.68408596763,163.4449,-37.1,SOL_COMPUTED,SINGLE,good,1.546,1.6965,3.3837,25,23,0.0,0.0,0,0,0,0,0,0,0,0,0,—,—,0.0,0.0,0.0,0.0
2026-05-26 15:25:23.021772,1779823523.021772,2420,242741.0,WAITING_AZIMUTH,bad,43.51488935,-79.68407685211,161.6527,-37.1,0.892896776,-1.307592911,-0.0,3.0,3.0,180.0,-0.0163,-0.0129,0.0594,0.0208,0.0648,0.0664,0.1334,0.0,0.0,0.0,0.0,0.0,0.0,0.0,0.0,0.0,-2219466,-4068964,164660256,14770,7801,97424,-0.13284622954650882,-0.24354800909790042,9.85574645692383,0.0034147286224365235,0.0018035408248901366,0.02252379968261719,61,0103fe00,43.51490580252,-79.68408570702,163.4602,-37.1,SOL_COMPUTED,SINGLE,good,1.5455,1.6969,3.3871,25,23,0.0,0.0,0,0,0,0,0,0,0,0,0,—,—,0.0,0.0,0.0,0.0
2026-05-26 15:25:24.012671,1779823524.012671,2420,242742.0,WAITING_AZIMUTH,bad,43.51488957613,-79.6840766866,161.6621,-37.1,0.895814762,-1.301709285,-0.0,3.0,3.0,180.0,-0.0178,0.0018,-0.0163,0.0179,0.0648,0.0664,0.1334,0.0,0.0,0.0,0.0,0.0,0.0,0.0,0.0,0.0,-2963460,-3376674,164598653,23523,-58320,15334,-0.17737802129516603,-0.20211096241516116,9.852059206802064,0.005438365699768066,-0.013483207397460938,0.003545121780395508,61,00fcfe00,43.5149060694,-79.68408551818,163.4756,-37.1,SOL_COMPUTED,SINGLE,good,1.5433,1.6958,3.3835,25,23,0.0,0.0,0,0,0,0,0,0,0,0,0,—,—,0.0,0.0,0.0,0.0
2026-05-26 15:25:25.016796,1779823525.016796,2420,242743.0,WAITING_AZIMUTH,bad,43.51489029535,-79.68407457648,161.3798,-37.1,0.891630417,-1.311399812,-0.0,3.0,3.0,180.0,-0.0093,0.0027,-0.0088,0.0097,0.0648,0.0664,0.1333,0.0,0.0,0.0,0.0,0.0,0.0,0.0,0.0,0.0,-2365377,-3796810,164337880,89513,150873,-9438,-0.14157973850738528,-0.22725822013244631,9.836450628063966,0.0206948275680542,0.03488086333465576,-0.002182004653930664,61,00f4fe00,43.51490601802,-79.68408674922,163.4364,-37.1,SOL_COMPUTED,SINGLE,good,1.5427,1.6944,3.3803,25,23,0.0,0.0,0,0,0,0,0,0,0,0,0,—,—,0.0,0.0,0.0,0.0
2026-05-26 15:25:26.014949,1779823526.014949,2420,242744.0,WAITING_AZIMUTH,bad,43.51489112477,-79.68407272608,161.1226,-37.1,0.900431213,-1.30176853,-0.0,3.0,3.0,180.0,-0.0099,-0.0284,0.0645,0.0301,0.0648,0.0664,0.1334,0.0,0.0,0.0,0.0,0.0,0.0,0.0,0.0,0.0,-2449869,-3851458,163852722,176587,-129662,54644,-0.14663701067413332,-0.2305291784405518,9.807411475838014,0.04082577408599854,-0.02997701710510254,0.012633339935302735,61,00ecfe00,43.51490524959,-79.68408619594,163.4418,-37.1,SOL_COMPUTED,SINGLE,good,1.5392,1.694,3.378,25,23,0.0,0.0,0,0,0,0,0,0,0,0,0,—,—,0.0,0.0,0.0,0.0
2026-05-26 15:25:27.013307,1779823527.013307,2420,242745.0,WAITING_AZIMUTH,bad,43.51489148794,-79.6840710653,160.9043,-37.1,0.884557208,-1.302068326,-0.0,3.0,3.0,180.0,0.0082,-0.0076,0.0148,0.0112,0.0647,0.0664,0.1334,0.0,0.0,0.0,0.0,0.0,0.0,0.0,0.0,0.0,-2625070,-3293916,165548703,47638,116144,49486,-0.1571236738006592,-0.19715747889038088,9.908924488982851,0.01101359797668457,0.026851742797851564,0.011440843643188477,61,00e5fe00,43.51490519784,-79.6840861138,163.4792,-37.1,SOL_COMPUTED,SINGLE,good,1.5398,1.6939,3.3787,25,23,0.0,0.0,0,0,0,0,0,0,0,0,0,—,—,0.0,0.0,0.0,0.0
2026-05-26 15:25:28.012229,1779823528.012229,2420,242746.0,WAITING_AZIMUTH,bad,43.51489200808,-79.6840700641,160.771,-37.1,0.902582729,-1.302672734,-0.0,3.0,3.0,180.0,-0.013,-0.0485,0.0803,0.0502,0.0647,0.0664,0.1334,0.0,0.0,0.0,0.0,0.0,0.0,0.0,0.0,0.0,-2236487,-3984999,163615758,126516,-10951,7875,-0.1338650222079468,-0.23852228053802493,9.793227985783082,0.029249682220458983,-0.0025318004837036135,0.0018206491470336914,61,00ddfe00,43.51490551862,-79.68408584444,163.4645,-37.1,SOL_COMPUTED,SINGLE,good,1.538,1.6943,3.3791,25,23,0.0,0.0,0,0,0,0,0,0,0,0,0,—,—,0.0,0.0,0.0,0.0
2026-05-26 15:25:29.013217,1779823529.013217,2420,242747.0,WAITING_AZIMUTH,bad,43.51489182606,-79.68407067534,160.9157,-37.1,0.902268866,-1.29942404,-0.0,3.0,3.0,180.0,-0.0079,0.0328,-0.0601,0.0337,0.0647,0.0663,0.1333,0.0,0.0,0.0,0.0,0.0,0.0,0.0,0.0,0.0,-2899655,-3078344,164321138,-43302,40815,34389,-0.1735589703720093,-0.1842544078833008,9.835448534959108,-0.010011142776489257,0.009436164436340332,0.00795051473236084,61,00d5fe00,43.51490558744,-79.68408578117,163.5095,-37.1,SOL_COMPUTED,SINGLE,good,1.5374,1.6942,3.3807,25,23,0.0,0.0,0,0,0,0,0,0,0,0,0,—,—,0.0,0.0,0.0,0.0
2026-05-26 15:25:30.013959,1779823530.013959,2420,242748.0,WAITING_AZIMUTH,bad,43.51489149202,-79.6840724543,161.2101,-37.1,0.890384824,-1.287091483,-0.0,3.0,3.0,180.0,0.0033,-0.0141,0.0183,0.0145,0.0647,0.0664,0.1335,0.0,0.0,0.0,0.0,0.0,0.0,0.0,0.0,0.0,-2136016,-3808058,163256299,-200749,122263,49772,-0.12785132633300783,-0.22793146963928226,9.77171255241913,-0.04641187245941162,0.02826641608428955,0.01150696499633789,61,00cffe00,43.51490588803,-79.68408553596,163.4895,-37.1,SOL_COMPUTED,SINGLE,good,1.5356,1.6945,3.383,25,23,0.0,0.0,0,0,0,0,0,0,0,0,0,—,—,0.0,0.0,0.0,0.0
2026-05-26 15:25:31.013810,1779823531.013810,2420,242749.0,WAITING_AZIMUTH,bad,43.51488934663,-79.68408015177,162.4625,-37.1,0.893397011,-1.319908208,-0.0,3.0,3.0,180.0,0.0106,0.0228,-0.0128,0.0251,0.0647,0.0664,0.1334,0.0,0.0,0.0,0.0,0.0,0.0,0.0,0.0,0.0,-2863038,-4650925,164058347,-44141,106184,169969,-0.17136725831726077,-0.2783813089065552,9.819719168747255,-0.01020511415863037,0.024549055114746095,0.03929573522186279,61,00c7fe00,43.51490600331,-79.68408518314,163.5148,-37.1,SOL_COMPUTED,SINGLE,good,1.5337,1.6928,3.377,25,23,0.0,0.0,0,0,0,0,0,0,0,0,0,—,—,0.0,0.0,0.0,0.0
2026-05-26 15:25:32.012723,1779823532.012723,2420,242750.0,WAITING_AZIMUTH,bad,43.51488694633,-79.68408849954,163.8127,-37.1,0.902337997,-1.308411512,-0.0,3.0,3.0,180.0,-0.0148,-0.0315,0.0662,0.0348,0.0647,0.0664,0.1334,0.0,0.0,0.0,0.0,0.0,0.0,0.0,0.0,0.0,-2801376,-3564906,164487718,136105,-104428,39111,-0.1676764767480469,-0.21337759658752445,9.845419187772828,0.0314665970993042,-0.02414307925415039,0.009042210639953613,61,00c0fe00,43.51490601832,-79.68408503576,163.5723,-37.1,SOL_COMPUTED,SINGLE,good,1.5329,1.6925,3.3732,25,23,0.0,0.0,0,0,0,0,0,0,0,0,0,—,—,0.0,0.0,0.0,0.0
2026-05-26 15:25:33.013673,1779823533.013673,2420,242751.0,WAITING_AZIMUTH,bad,43.51488562581,-79.68409215209,164.4353,-37.1,0.896031064,-1.28074931,-0.0,3.0,3.0,180.0,0.0069,0.0115,-0.0192,0.0134,0.0645,0.0661,0.1331,0.0,0.0,0.0,0.0,0.0,0.0,0.0,0.0,0.0,-2868443,-3582992,164828319,-275550,-615,-57182,-0.17169077481658937,-0.2144601348681641,9.865805874764101,-0.06370538063049316,-0.00014218402862548827,-0.013220109146118163,61,00b8fe00,43.51490591394,-79.68408488235,163.6243,-37.1,SOL_COMPUTED,SINGLE,good,1.5319,1.6915,3.371,26,23,0.0,0.0,0,0,0,0,0,0,0,0,0,—,—,0.0,0.0,0.0,0.0
2026-05-26 15:25:34.016475,1779823534.016475,2420,242752.0,WAITING_AZIMUTH,bad,43.51487332322,-79.68410928338,166.7491,-37.1,0.894227528,-1.311510435,-0.0,3.0,3.0,180.0,-0.0085,-0.0135,0.0335,0.0160,0.0598,0.0584,0.123,0.0,0.0,0.0,0.0,0.0,0.0,0.0,0.0,0.0,-3127935,-3820974,164336907,-136826,-92283,33734,-0.18722267924652103,-0.2287045573553467,9.836392389108584,-0.031633287643432616,-0.021335233680725096,0.007799082962036133,61,00b0fe00,43.51490576772,-79.68408476196,163.6815,-37.1,SOL_COMPUTED,SINGLE,good,1.5319,1.6919,3.3732,26,23,0.0,0.0,0,0,0,0,0,0,0,0,0,—,—,0.0,0.0,0.0,0.0
2026-05-26 15:25:35.021120,1779823535.021120,2420,242753.0,WAITING_AZIMUTH,bad,43.51488557517,-79.6840914838,164.469,-37.1,0.898136274,-1.314116575,-0.0,3.0,3.0,180.0,-0.0102,-0.018,0.0588,0.0207,0.0647,0.0664,0.1335,0.0,0.0,0.0,0.0,0.0,0.0,0.0,0.0,0.0,-2309477,-3964937,164474521,104138,66222,73945,-0.13823384168731692,-0.23732146869537357,9.844629280790102,0.024076033126831056,0.015310098770141601,0.01709560649871826,61,00a9fe00,43.51490561623,-79.68408472629,163.7504,-37.1,SOL_COMPUTED,SINGLE,good,1.5315,1.6916,3.3746,26,23,0.0,0.0,0,0,0,0,0,0,0,0,0,—,—,0.0,0.0,0.0,0.0
2026-05-26 15:25:36.022277,1779823536.022277,2420,242754.0,WAITING_AZIMUTH,bad,43.51488536229,-79.68409140292,164.5105,-37.1,0.903103706,-1.296209789,-0.0,3.0,3.0,180.0,0.0067,0.003,-0.0119,0.0073,0.0647,0.0665,0.1336,0.0,0.0,0.0,0.0,0.0,0.0,0.0,0.0,0.0,-3146796,-3944019,163461147,-171901,-80178,220323,-0.1883516051843262,-0.23606942093719485,9.783973737961121,-0.03974240114593506,-0.018536635848999023,0.050937254859924314,61,00a2fe00,43.51490594764,-79.68408381407,164.031,-37.1,SOL_COMPUTED,SINGLE,good,1.525,1.6892,3.3521,26,23,0.0,0.0,0,0,0,0,0,0,0,0,0,—,—,0.0,0.0,0.0,0.0
2026-05-26 15:25:37.018690,1779823537.018690,2420,242755.0,WAITING_AZIMUTH,bad,43.51488992255,-79.68407423172,161.8978,-37.1,0.892066904,-1.311751268,-0.0,3.0,3.0,180.0,0.0054,0.0154,-0.0624,0.0163,0.0647,0.0663,0.1334,0.0,0.0,0.0,0.0,0.0,0.0,0.0,0.0,0.0,-2052933,-4006827,163698598,52410,50586,200766,-0.12287838991973879,-0.2398287963839722,9.798186377421265,0.012116853561401367,0.011695156539916993,0.04641580274963379,61,009afe00,43.51490570486,-79.68408374125,164.1049,-37.1,SOL_COMPUTED,SINGLE,good,1.5252,1.6889,3.35,26,23,0.0,0.0,0,0,0,0,0,0,0,0,0,—,—,0.0,0.0,0.0,0.0
2026-05-26 15:25:38.012746,1779823538.012746,2420,242756.0,WAITING_AZIMUTH,bad,43.51488412372,-79.68409408011,165.039,-37.1,0.893462969,-1.298266431,-0.0,3.0,3.0,180.0,0.0069,-0.0032,0.013,0.0076,0.0647,0.0663,0.1334,0.0,0.0,0.0,0.0,0.0,0.0,0.0,0.0,0.0,-2527261,-3688260,164218100,-20811,135689,142480,-0.15126931204620364,-0.2207609553771973,9.829281191192628,-0.004811368812561035,0.03137042058563232,0.032940455932617185,61,0093fe00,43.51490550102,-79.68408374281,164.1622,-37.1,SOL_COMPUTED,SINGLE,good,1.5255,1.6897,3.353,26,23,0.0,0.0,0,0,0,0,0,0,0,0,0,—,—,0.0,0.0,0.0,0.0
2026-05-26 15:25:39.012684,1779823539.012684,2420,242757.0,WAITING_AZIMUTH,bad,43.51488832148,-79.68407850444,162.6787,-37.1,0.899244354,-1.304879192,-0.0,3.0,3.0,180.0,-0.0016,-0.0021,-0.0216,0.0026,0.0647,0.0664,0.1336,0.0,0.0,0.0,0.0,0.0,0.0,0.0,0.0,0.0,-2924118,-3858525,164625146,-27239,-232318,88298,-0.17502320425231935,-0.2309521740188599,9.853644946416628,-0.006297480903625488,-0.053710421401977536,0.02041392741394043,61,008cfe00,43.51490541569,-79.68408346833,164.2026,-37.1,SOL_COMPUTED,SINGLE,good,1.5257,1.6909,3.3547,26,23,0.0,0.0,0,0,0,0,0,0,0,0,0,—,—,0.0,0.0,0.0,0.0
2026-05-26 15:25:40.015978,1779823540.015978,2420,242758.0,WAITING_AZIMUTH,bad,43.51488778057,-79.68407942863,162.8868,-37.1,0.894152851,-1.307268777,-0.0,3.0,3.0,180.0,-0.0015,-0.0006,-0.0341,0.0016,0.0647,0.0664,0.1336,0.0,0.0,0.0,0.0,0.0,0.0,0.0,0.0,0.0,-1985126,-3731674,162803813,-52332,36946,41916,-0.11881979912048342,-0.22335950214904787,9.744628984109193,-0.01209882046508789,0.008541676620483399,0.009690708526611328,61,0084fe00,43.5149052127,-79.68408318366,164.2369,-37.1,SOL_COMPUTED,SINGLE,good,1.5278,1.6926,3.3585,26,23,0.0,0.0,0,0,0,0,0,0,0,0,0,—,—,0.0,0.0,0.0,0.0
2026-05-26 15:25:41.013105,1779823541.013105,2420,242759.0,WAITING_AZIMUTH,bad,43.51488689159,-79.68408226834,163.3812,-37.1,0.894597613,-1.301672525,-0.0,3.0,3.0,180.0,0.0047,0.0068,-0.0139,0.0083,0.0648,0.0666,0.134,0.0,0.0,0.0,0.0,0.0,0.0,0.0,0.0,0.0,-3145141,-3813925,164472148,-19264,-90101,122636,-0.18825254509063724,-0.22828263916778568,9.844487244776612,-0.00445371240234375,-0.020830769371032714,0.028352651275634765,61,007dfe00,43.51490545034,-79.68407867261,163.6802,-37.1,SOL_COMPUTED,SINGLE,good,1.5213,1.6732,3.3347,26,23,0.0,0.0,0,0,0,0,0,0,0,0,0,—,—,0.0,0.0,0.0,0.0
2026-05-26 15:25:42.018075,1779823542.018075,2420,242760.0,WAITING_AZIMUTH,bad,43.51488733657,-79.68408012203,163.1031,-37.1,0.890467819,-1.30790436,-0.0,3.0,3.0,180.0,-0.0217,-0.0676,0.127,0.0710,0.0647,0.0665,0.1338,0.0,0.0,0.0,0.0,0.0,0.0,0.0,0.0,0.0,-2075409,-3572822,164227691,143484,52317,102143,-0.12422369183258059,-0.21385140909606937,9.829855260895693,0.033172574249267575,0.012095352561950684,0.02361480200958252,61,0075fe00,43.51490284321,-79.68408116964,164.0398,-37.1,SOL_COMPUTED,SINGLE,good,1.5106,1.6709,3.3226,26,23,0.0,0.0,0,0,0,0,0,0,0,0,0,—,—,0.0,0.0,0.0,0.0
2026-05-26 15:25:43.013911,1779823543.013911,2420,242761.0,WAITING_AZIMUTH,bad,43.51488767651,-79.68407821334,162.8592,-37.1,0.893688968,-1.297212023,-0.0,3.0,3.0,180.0,0.0134,0.0503,-0.0989,0.0521,0.0647,0.0663,0.1336,0.0,0.0,0.0,0.0,0.0,0.0,0.0,0.0,0.0,-2010555,-3580742,164289136,-84402,-33464,47228,-0.12034185297088625,-0.2143254610247803,9.8335330539209,-0.019513197372436522,-0.007736660705566406,0.010918808624267579,61,006dfe00,43.51489948489,-79.68408648676,165.0296,-37.1,SOL_COMPUTED,SINGLE,good,1.5102,1.6692,3.3187,26,23,0.0,0.0,0,0,0,0,0,0,0,0,0,—,—,0.0,0.0,0.0,0.0
2026-05-26 15:25:44.014679,1779823544.014679,2420,242762.0,WAITING_AZIMUTH,bad,43.51488464776,-79.68408913008,164.6002,-37.1,0.894823206,-1.301497448,-0.0,3.0,3.0,180.0,-0.0156,0.0096,-0.0018,0.0183,0.0647,0.0662,0.1333,0.0,0.0,0.0,0.0,0.0,0.0,0.0,0.0,0.0,-3249730,-3272190,163660191,63308,49802,13797,-0.19451272402648928,-0.19585706825866703,9.795887524842225,0.014636400787353517,0.011513900802612305,0.0031897773056030272,61,0066fe00,43.51489990349,-79.68408557367,164.9208,-37.1,SOL_COMPUTED,SINGLE,good,1.5116,1.6721,3.3272,26,23,0.0,0.0,0,0,0,0,0,0,0,0,0,—,—,0.0,0.0,0.0,0.0
2026-05-26 15:25:45.012292,1779823545.012292,2420,242763.0,WAITING_AZIMUTH,bad,43.51488463479,-79.68408892337,164.6081,-37.1,0.89666148,-1.304829802,-0.0,3.0,3.0,180.0,0.0126,0.0149,-0.008,0.0195,0.0647,0.0662,0.1333,0.0,0.0,0.0,0.0,0.0,0.0,0.0,0.0,0.0,-2314306,-3770102,164201705,-7781,54303,65710,-0.13852288168273927,-0.22565961168395998,9.828299867787171,-0.0017989169540405274,0.012554502937316895,0.015191727676391601,61,005ffe00,43.51489995561,-79.68408527752,164.904,-37.1,SOL_COMPUTED,SINGLE,good,1.5111,1.6723,3.3293,26,23,0.0,0.0,0,0,0,0,0,0,0,0,0,—,—,0.0,0.0,0.0,0.0
2026-05-26 15:25:46.014736,1779823546.014736,2420,242764.0,WAITING_AZIMUTH,bad,43.5148844214,-79.68408721566,164.7923,-37.1,0.892016216,-1.304929585,-0.0,3.0,3.0,180.0,-0.0019,0.0164,-0.0275,0.0165,0.0647,0.0662,0.1333,0.0,0.0,0.0,0.0,0.0,0.0,0.0,0.0,0.0,-2590547,-3582866,164465564,-76838,135407,109846,-0.15505729820281985,-0.2144525931329346,9.844093159183352,-0.017764449417114258,0.03130522400665283,0.02539568586730957,61,0057fe00,43.51489988191,-79.68408319401,165.0356,-37.1,SOL_COMPUTED,SINGLE,good,1.5125,1.6724,3.3289,26,23,0.0,0.0,0,0,0,0,0,0,0,0,0,—,—,0.0,0.0,0.0,0.0
2026-05-26 15:25:47.015374,1779823547.015374,2420,242765.0,WAITING_AZIMUTH,bad,43.51488459785,-79.68408634619,164.7434,-37.1,0.897133289,-1.301639395,-0.0,3.0,3.0,180.0,-0.0012,0.0133,0.0111,0.0134,0.0647,0.0662,0.1333,0.0,0.0,0.0,0.0,0.0,0.0,0.0,0.0,0.0,-3008005,-3746548,165054934,66003,117822,116828,-0.18004426411895755,-0.224249786036377,9.879369924994508,0.01525946738433838,0.02723968556213379,0.027009879180908202,61,004ffe00,43.51490772504,-79.68407741914,163.8266,-37.1,SOL_COMPUTED,SINGLE,good,1.5107,1.6744,3.3323,26,23,0.0,0.0,0,0,0,0,0,0,0,0,0,—,—,0.0,0.0,0.0,0.0
2026-05-26 15:25:48.013596,1779823548.013596,2420,242766.0,WAITING_AZIMUTH,bad,43.51488467625,-79.68408585691,164.6438,-37.1,0.892138536,-1.305411162,-0.0,3.0,3.0,180.0,0.0098,0.0131,-0.0116,0.0164,0.0647,0.0661,0.1333,0.0,0.0,0.0,0.0,0.0,0.0,0.0,0.0,0.0,-2739814,-3743493,164543307,47178,38214,99702,-0.16399168068298342,-0.22406692888458254,9.848746469674989,0.010907248947143554,0.008834830032348633,0.023050458572387696,61,0048fe00,43.5149078797,-79.68407665231,163.6854,-37.1,SOL_COMPUTED,SINGLE,good,1.5161,1.6793,3.3454,26,23,0.0,0.0,0,0,0,0,0,0,0,0,0,—,—,0.0,0.0,0.0,0.0
2026-05-26 15:25:49.012611,1779823549.012611,2420,242767.0,WAITING_AZIMUTH,bad,43.51488480636,-79.68408500904,164.6469,-37.1,0.898555614,-1.306367948,-0.0,3.0,3.0,180.0,-0.0136,0.0135,-0.01,0.0192,0.0647,0.0661,0.1333,0.0,0.0,0.0,0.0,0.0,0.0,0.0,0.0,0.0,-2744900,-3802301,164245069,-16534,-174728,89805,-0.16429610342407228,-0.22758688416534428,9.830895421806947,-0.0038225540313720704,-0.04039598529052734,0.020762336082458498,61,0041fe00,43.51490811632,-79.6840755659,163.6529,-37.1,SOL_COMPUTED,SINGLE,good,1.5178,1.681,3.3495,26,23,0.0,0.0,0,0,0,0,0,0,0,0,0,—,—,0.0,0.0,0.0,0.0
2026-05-26 15:25:50.020035,1779823550.020035,2420,242768.0,WAITING_AZIMUTH,bad,43.51488437674,-79.6840845283,164.8414,-37.1,0.896301815,-1.306230852,-0.0,3.0,3.0,180.0,-0.0177,-0.0195,0.0436,0.0263,0.0647,0.0661,0.1333,0.0,0.0,0.0,0.0,0.0,0.0,0.0,0.0,0.0,-2370611,-3811479,163158316,-55054,203,73945,-0.14189301979461671,-0.22813623373626712,9.765847775887453,-0.012728129287719726,4.6932289123535155e-05,0.01709560649871826,61,003afe00,43.5149074342,-79.68407530306,163.9109,-37.1,SOL_COMPUTED,SINGLE,good,1.5163,1.6758,3.3386,26,23,0.0,0.0,0,0,0,0,0,0,0,0,0,—,—,0.0,0.0,0.0,0.0
2026-05-26 15:25:51.016053,1779823551.016053,2420,242769.0,WAITING_AZIMUTH,bad,43.51488452091,-79.68408339823,164.8667,-37.1,0.894006339,-1.297703307,-0.0,3.0,3.0,180.0,0.0125,0.0258,-0.0425,0.0287,0.0647,0.0661,0.1332,0.0,0.0,0.0,0.0,0.0,0.0,0.0,0.0,0.0,-2796225,-3338479,165143947,-41646,-15052,69759,-0.16736816342926028,-0.19982479910491946,9.884697801803895,-0.009628286270141602,-0.003479925201416016,0.01612783032989502,61,0032fe00,43.51490769052,-79.68407394908,163.8952,-37.1,SOL_COMPUTED,SINGLE,good,1.5177,1.677,3.3428,26,23,0.0,0.0,0,0,0,0,0,0,0,0,0,—,—,0.0,0.0,0.0,0.0
2026-05-26 15:25:52.015182,1779823552.015182,2420,242770.0,WAITING_AZIMUTH,bad,43.51488423396,-79.68408304009,164.954,-37.1,0.89688763,-1.30034316,-0.0,3.0,3.0,180.0,0.0044,0.0199,-0.0423,0.0204,0.0647,0.0661,0.1332,0.0,0.0,0.0,0.0,0.0,0.0,0.0,0.0,0.0,-2636738,-3691941,164286072,-2764,-82871,117951,-0.15782206242492677,-0.22098128178497317,9.833349658073733,-0.0006390189514160156,-0.019159240058898925,0.02726950952911377,61,002bfe00,43.51490740004,-79.6840734165,163.9772,-37.1,SOL_COMPUTED,SINGLE,good,1.5202,1.6788,3.3482,26,23,0.0,0.0,0,0,0,0,0,0,0,0,0,—,—,0.0,0.0,0.0,0.0
2026-05-26 15:25:53.015937,1779823553.015937,2420,242771.0,WAITING_AZIMUTH,bad,43.51488363792,-79.68408316135,165.0876,-37.1,0.896558916,-1.302134462,-0.0,3.0,3.0,180.0,-0.0063,0.0036,0.0213,0.0073,0.0647,0.0662,0.1334,0.0,0.0,0.0,0.0,0.0,0.0,0.0,0.0,0.0,-2383803,-3589761,163488454,-77405,-88165,119759,-0.14268262750213626,-0.21486529364410403,9.78560819957947,-0.017895536155700685,-0.020383178672790526,0.02768750745391846,61,0023fe00,43.51490664437,-79.68407365433,164.1534,-37.1,SOL_COMPUTED,SINGLE,good,1.5224,1.6785,3.3484,26,23,0.0,0.0,0,0,0,0,0,0,0,0,0,—,—,0.0,0.0,0.0,0.0
2026-05-26 15:25:54.012023,1779823554.012023,2420,242772.0,WAITING_AZIMUTH,bad,43.51488304913,-79.68408317534,165.2558,-37.1,0.893315005,-1.298479413,-0.0,3.0,3.0,180.0,0.0143,0.0224,-0.0286,0.0266,0.0647,0.0662,0.1334,0.0,0.0,0.0,0.0,0.0,0.0,0.0,0.0,0.0,-2074654,-3891759,164387587,-44506,100411,176094,-0.12417850127624513,-0.23294139646820072,9.839425842612,-0.010289499801635743,0.023214374794006346,0.04071179566955566,61,001cfe00,43.51490583596,-79.68407391945,164.3855,-37.1,SOL_COMPUTED,SINGLE,good,1.5222,1.675,3.3407,26,23,0.0,0.0,0,0,0,0,0,0,0,0,0,—,—,0.0,0.0,0.0,0.0
2026-05-26 15:25:55.011419,1779823555.011419,2420,242773.0,WAITING_AZIMUTH,bad,43.51488257964,-79.68408350251,165.3466,-37.1,0.9043793,-1.302389525,-0.0,3.0,3.0,180.0,-0.0152,-0.0135,-0.0088,0.0203,0.0647,0.0662,0.1334,0.0,0.0,0.0,0.0,0.0,0.0,0.0,0.0,0.0,-2519140,-3964244,164802314,-1078,-21428,58739,-0.1507832292541504,-0.23727998915161136,9.864249344409792,-0.00024922663879394533,-0.004954015228271484,0.013580077491760253,61,0014fe00,43.51490533709,-79.68407424508,164.4863,-37.1,SOL_COMPUTED,SINGLE,good,1.5234,1.6753,3.3431,26,23,0.0,0.0,0,0,0,0,0,0,0,0,0,—,—,0.0,0.0,0.0,0.0
2026-05-26 15:25:56.014706,1779823556.014706,2420,242774.0,WAITING_AZIMUTH,bad,43.51488259811,-79.6840833619,165.4116,-37.1,0.890726888,-1.31695519,-0.0,3.0,3.0,180.0,0.0057,0.0053,0.0007,0.0078,0.0647,0.0662,0.1334,0.0,0.0,0.0,0.0,0.0,0.0,0.0,0.0,0.0,-2405882,-3343563,164933109,120238,19468,-24703,-0.144004166963501,-0.20012910213592533,9.872078084563295,0.027798249160766602,0.004500875885009766,-0.00571117407989502,61,000dfe00,43.51490552551,-79.68407407613,164.5332,-37.1,SOL_COMPUTED,SINGLE,good,1.5194,1.673,3.3381,26,23,0.0,0.0,0,0,0,0,0,0,0,0,0,—,—,0.0,0.0,0.0,0.0
2026-05-26 15:25:57.014806,1779823557.014806,2420,242775.0,WAITING_AZIMUTH,bad,43.51488237864,-79.68408240302,165.4965,-37.1,0.90150985,-1.28425799,-0.0,3.0,3.0,180.0,-0.0228,-0.0132,0.033,0.0263,0.0647,0.0662,0.1334,0.0,0.0,0.0,0.0,0.0,0.0,0.0,0.0,0.0,-2830795,-3747631,164257280,-66013,139845,12129,-0.16943735221405032,-0.22431460904632572,9.831626311718752,-0.015261779319763184,0.03233126094818115,0.0028041464767456056,61,0006fe00,43.51490546874,-79.68407265461,164.5588,-37.1,SOL_COMPUTED,SINGLE,good,1.5244,1.6773,3.347,26,23,0.0,0.0,0,0,0,0,0,0,0,0,0,—,—,0.0,0.0,0.0,0.0
2026-05-26 15:25:58.013857,1779823558.013857,2420,242776.0,WAITING_AZIMUTH,bad,43.51488136346,-79.68408251552,165.76,-37.1,0.8951951,-1.315068604,-0.0,3.0,3.0,180.0,0.0,0.0016,0.0047,0.0016,0.0647,0.0662,0.1334,0.0,0.0,0.0,0.0,0.0,0.0,0.0,0.0,0.0,-3065661,-3746989,164167172,40103,10849,57021,-0.18349526639190678,-0.2242761821096802,9.826232893638917,0.009271554634094238,0.0025082187423706055,0.013182886985778809,61,fffffe00,43.5149041464,-79.68407301417,164.8935,-37.1,SOL_COMPUTED,SINGLE,good,1.5258,1.6744,3.3424,26,23,0.0,0.0,0,0,0,0,0,0,0,0,0,—,—,0.0,0.0,0.0,0.0
2026-05-26 15:25:59.013302,1779823559.013302,2420,242777.0,WAITING_AZIMUTH,bad,43.51488123149,-79.68408227744,165.8113,-37.1,0.895093898,-1.296165187,-0.0,3.0,3.0,180.0,0.0103,0.0056,-0.0136,0.0117,0.0647,0.0662,0.1334,0.0,0.0,0.0,0.0,0.0,0.0,0.0,0.0,0.0,-2538991,-3602731,164161761,32017,-56919,90548,-0.15197141168304446,-0.2156416135324097,9.82590901800934,0.007402123649597168,-0.0131593052444458,0.020934112884521485,61,fff7fe00,43.514904222,-79.6840725958,164.9096,-37.1,SOL_COMPUTED,SINGLE,good,1.5238,1.6736,3.341,26,23,0.0,0.0,0,0,0,0,0,0,0,0,0,—,—,0.0,0.0,0.0,0.0
2026-05-26 15:26:00.013886,1779823560.013886,2420,242778.0,WAITING_AZIMUTH,bad,43.51488111443,-79.68408202817,165.9503,-37.1,0.89620914,-1.303225111,-0.0,3.0,3.0,180.0,-0.0058,0.0039,0.0003,0.0070,0.0647,0.0662,0.1334,0.0,0.0,0.0,0.0,0.0,0.0,0.0,0.0,0.0,-2815498,-3779151,165192965,72788,-67038,153000,-0.16852174964416505,-0.22620123995452884,9.887631776228334,0.016828115570068358,-0.015498752700805665,0.03537261199951172,61,fff0fe00,43.51490427182,-79.68407232712,165.0464,-37.1,SOL_COMPUTED,SINGLE,good,1.5179,1.6692,3.3299,25,23,0.0,0.0,0,0,0,0,0,0,0,0,0,—,—,0.0,0.0,0.0,0.0
2026-05-26 15:26:01.021893,1779823561.021893,2420,242779.0,WAITING_AZIMUTH,bad,43.51488078369,-79.68408172862,166.0855,-37.1,0.898554846,-1.28791701,-0.0,3.0,3.0,180.0,0.0112,0.0023,-0.0006,0.0114,0.0647,0.0661,0.1334,0.0,0.0,0.0,0.0,0.0,0.0,0.0,0.0,0.0,-2241106,-4147802,163873091,-56758,101288,90534,-0.13414149264465333,-0.2482668608599854,9.808630663178407,-0.013122083084106445,0.02341713153076172,0.020930876174926758,61,ffe8fe00,43.51490400758,-79.68407131827,165.5014,-37.1,SOL_COMPUTED,SINGLE,good,1.5166,1.6673,3.3225,25,23,0.0,0.0,0,0,0,0,0,0,0,0,0,—,—,0.0,0.0,0.0,0.0
2026-05-26 15:26:02.011780,1779823562.011780,2420,242780.0,WAITING_AZIMUTH,bad,43.51487998918,-79.68408226142,166.2162,-37.1,0.903155589,-1.313842979,-0.0,3.0,3.0,180.0,-0.0059,-0.0012,0.0183,0.0060,0.0647,0.0661,0.1334,0.0,0.0,0.0,0.0,0.0,0.0,0.0,0.0,0.0,-2425546,-4026451,163628157,-4034,-7286,80634,-0.1451811564996338,-0.24100339171844487,9.79397012844269,-0.0009326347503662109,-0.0016844761505126953,0.01864206010437012,61,ffe2fe00,43.51490305676,-79.6840720094,165.6825,-37.1,SOL_COMPUTED,SINGLE,good,1.5158,1.6625,3.3186,25,23,0.0,0.0,0,0,0,0,0,0,0,0,0,—,—,0.0,0.0,0.0,0.0
2026-05-26 15:26:03.011712,1779823563.011712,2420,242781.0,WAITING_AZIMUTH,bad,43.51487958273,-79.68408246856,166.2808,-37.1,0.894023659,-1.309578383,-0.0,3.0,3.0,180.0,-0.0036,-0.0099,0.0182,0.0105,0.0647,0.0661,0.1334,0.0,0.0,0.0,0.0,0.0,0.0,0.0,0.0,0.0,-2189682,-3924347,163829955,41330,51910,119735,-0.13106350699035646,-0.23489195256073,9.806048756108094,0.009555229110717774,0.012001256790161133,0.027681958808898927,61,ffdafe00,43.51490262363,-79.68407218922,165.7816,-37.1,SOL_COMPUTED,SINGLE,good,1.5166,1.6626,3.3175,25,23,0.0,0.0,0,0,0,0,0,0,0,0,0,—,—,0.0,0.0,0.0,0.0
2026-05-26 15:26:04.014376,1779823564.014376,2420,242782.0,WAITING_AZIMUTH,bad,43.51487962756,-79.68408256354,166.335,-37.1,0.887638775,-1.299032365,-0.0,3.0,3.0,180.0,-0.0037,0.0043,-0.027,0.0057,0.0647,0.0661,0.1334,0.0,0.0,0.0,0.0,0.0,0.0,0.0,0.0,0.0,-2413577,-3657012,164367128,-6497,136430,129445,-0.14446475150787355,-0.21889060504028324,9.838201268317873,-0.0015020644454956055,0.03154173500061035,0.02992684810638428,61,ffd2fe00,43.51490293697,-79.68407227374,165.8366,-37.1,SOL_COMPUTED,SINGLE,good,1.5085,1.658,3.3047,25,23,0.0,0.0,0,0,0,0,0,0,0,0,0,—,—,0.0,0.0,0.0,0.0
2026-05-26 15:26:05.016843,1779823565.016843,2420,242783.0,WAITING_AZIMUTH,bad,43.51487928416,-79.68408273865,166.3868,-37.1,0.897414921,-1.304929958,-0.0,3.0,3.0,180.0,-0.0049,-0.0076,-0.0148,0.0090,0.0647,0.0661,0.1334,0.0,0.0,0.0,0.0,0.0,0.0,0.0,0.0,0.0,-2586943,-3799076,164038433,111100,120457,5375,-0.15484158063323977,-0.22739385165649417,9.818527215450747,0.02568560256958008,0.027848880546569824,0.0012426652908325195,61,ffcbfe00,43.51490264982,-79.68407248268,165.8956,-37.1,SOL_COMPUTED,SINGLE,good,1.5082,1.658,3.3053,25,23,0.0,0.0,0,0,0,0,0,0,0,0,0,—,—,0.0,0.0,0.0,0.0
2026-05-26 15:26:06.018858,1779823566.018858,2420,242784.0,WAITING_AZIMUTH,bad,43.51487882555,-79.6840827975,166.4742,-37.1,0.901168254,-1.304519807,-0.0,3.0,3.0,180.0,0.0066,0.0201,-0.0441,0.0212,0.0647,0.0661,0.1334,0.0,0.0,0.0,0.0,0.0,0.0,0.0,0.0,0.0,-2954246,-3930969,164214633,208403,-29018,53784,-0.17682651694274903,-0.23528831264556888,9.829073673763734,0.04818142783355713,-0.006708774215698242,0.012434513488769531,61,ffc4fe00,43.51490215219,-79.68407259924,166.004,-37.1,SOL_COMPUTED,SINGLE,good,1.507,1.6558,3.302,25,23,0.0,0.0,0,0,0,0,0,0,0,0,0,—,—,0.0,0.0,0.0,0.0
2026-05-26 15:26:07.017920,1779823567.017920,2420,242785.0,WAITING_AZIMUTH,bad,43.51488114198,-79.68407466693,165.2387,-37.1,0.890067462,-1.289736178,-0.0,3.0,3.0,180.0,0.0071,-0.0049,-0.0073,0.0086,0.0646,0.0662,0.1337,0.0,0.0,0.0,0.0,0.0,0.0,0.0,0.0,0.0,-3213864,-3946073,164377954,49442,-37308,24322,-0.19236596310791018,-0.23619236319244388,9.838849258997193,0.011430671127319336,-0.008625368682861328,0.005623089340209961,61,ffbcfe00,43.51490261229,-79.68407183116,165.9043,-37.1,SOL_COMPUTED,SINGLE,good,1.5054,1.6571,3.3054,25,23,0.0,0.0,0,0,0,0,0,0,0,0,0,—,—,0.0,0.0,0.0,0.0
2026-05-26 15:26:08.014127,1779823568.014127,2420,242786.0,WAITING_AZIMUTH,bad,43.51487902069,-79.68408020741,166.2018,-37.1,0.898547784,-1.301704467,-0.0,3.0,3.0,180.0,-0.012,-0.0253,0.0497,0.0280,0.0646,0.0662,0.1336,0.0,0.0,0.0,0.0,0.0,0.0,0.0,0.0,0.0,-2736174,-3969670,164370198,2855,-178474,-51424,-0.16377380833190922,-0.23760476260681157,9.83838502329529,0.0006600575637817383,-0.04126203630065918,-0.011888896728515626,61,ffb5fe00,43.51490178746,-79.68407234292,166.1228,-37.1,SOL_COMPUTED,SINGLE,good,1.5049,1.6543,3.2982,25,23,0.0,0.0,0,0,0,0,0,0,0,0,0,—,—,0.0,0.0,0.0,0.0
2026-05-26 15:26:09.013587,1779823569.013587,2420,242787.0,WAITING_AZIMUTH,bad,43.5148807336,-79.68407304589,165.1875,-37.1,0.895013008,-1.308332581,-0.0,3.0,3.0,180.0,-0.018,-0.0373,0.0548,0.0414,0.0647,0.0663,0.1339,0.0,0.0,0.0,0.0,0.0,0.0,0.0,0.0,0.0,-2993065,-3618835,164977802,58498,-8839,77201,-0.1791500297988892,-0.2166055191207886,9.87475318593323,0.013524359848022461,-0.002043519721984863,0.017848372673034667,61,ffaefe00,43.51490175125,-79.6840713205,166.0275,-37.1,SOL_COMPUTED,SINGLE,good,1.5097,1.6593,3.3139,25,23,0.0,0.0,0,0,0,0,0,0,0,0,0,—,—,0.0,0.0,0.0,0.0
2026-05-26 15:26:10.014483,1779823570.014483,2420,242788.0,WAITING_AZIMUTH,bad,43.51488042427,-79.68407298007,165.2909,-37.1,0.886563703,-1.302664344,-0.0,3.0,3.0,180.0,0.0072,0.0199,-0.0383,0.0212,0.0646,0.0662,0.1337,0.0,0.0,0.0,0.0,0.0,0.0,0.0,0.0,0.0,-2773079,-3596439,165030481,43445,93511,99355,-0.16598275863861087,-0.21526500561126713,9.877906289664613,0.010044203453063965,0.021619139350891114,0.022970234413146974,61,ffa7fe00,43.51490138327,-79.68407157841,166.21,-37.1,SOL_COMPUTED,SINGLE,good,1.5057,1.6552,3.3034,25,23,0.0,0.0,0,0,0,0,0,0,0,0,0,—,—,0.0,0.0,0.0,0.0
2026-05-26 15:26:11.011537,1779823571.011537,2420,242789.0,WAITING_AZIMUTH,bad,43.51487855726,-79.68407960813,166.379,-37.1,0.892260175,-1.303683009,-0.0,3.0,3.0,180.0,-0.0097,-0.03,0.0721,0.0315,0.0646,0.0661,0.1336,0.0,0.0,0.0,0.0,0.0,0.0,0.0,0.0,0.0,-2995357,-3552623,164742108,90403,38196,79954,-0.17928721755401614,-0.21264239711273197,9.860645711781007,0.020900589820861817,0.008830668548583984,0.0184848484954834,61,ffa0fe00,43.51490172095,-79.68407087978,166.1643,-37.1,SOL_COMPUTED,SINGLE,good,1.5047,1.656,3.3042,25,23,0.0,0.0,0,0,0,0,0,0,0,0,0,—,—,0.0,0.0,0.0,0.0
2026-05-26 15:26:12.013822,1779823572.013822,2420,242790.0,WAITING_AZIMUTH,bad,43.51487853892,-79.68407868599,166.384,-37.1,0.893442466,-1.29934199,-0.0,3.0,3.0,180.0,0.0059,0.0038,-0.0185,0.0070,0.0646,0.0662,0.1336,0.0,0.0,0.0,0.0,0.0,0.0,0.0,0.0,0.0,-2873676,-3400028,164641722,-8470,-50377,-10017,-0.17200399624877932,-0.20350881705444337,9.854637103584595,-0.00195820930480957,-0.011646837089538575,-0.0023158657150268553,61,ff98fe00,43.51490145177,-79.6840708554,166.3388,-37.1,SOL_COMPUTED,SINGLE,good,1.5013,1.6518,3.2937,25,23,0.0,0.0,0,0,0,0,0,0,0,0,0,—,—,0.0,0.0,0.0,0.0
2026-05-26 15:26:13.013366,1779823573.013366,2420,242791.0,WAITING_AZIMUTH,bad,43.51487967519,-79.68407406242,165.761,-37.1,0.891793595,-1.297671469,-0.0,3.0,3.0,180.0,0.0005,0.0108,-0.0423,0.0108,0.0646,0.0662,0.1337,0.0,0.0,0.0,0.0,0.0,0.0,0.0,0.0,0.0,-2888715,-3589714,164936670,-50310,33360,-5668,-0.17290415621795657,-0.21486248045715334,9.872291228366091,-0.011631347122192383,0.007712616577148438,-0.001310404998779297,61,ff91fe00,43.51490162109,-79.68407009902,166.327,-37.1,SOL_COMPUTED,SINGLE,good,1.5005,1.6516,3.2935,25,23,0.0,0.0,0,0,0,0,0,0,0,0,0,—,—,0.0,0.0,0.0,0.0
2026-05-26 15:26:14.012863,1779823574.012863,2420,242792.0,WAITING_AZIMUTH,bad,43.51488073379,-79.68407001536,165.1788,-37.1,0.893671865,-1.320164873,-0.0,3.0,3.0,180.0,-0.0155,-0.0316,0.0492,0.0352,0.0646,0.0661,0.1336,0.0,0.0,0.0,0.0,0.0,0.0,0.0,0.0,0.0,-2869542,-3479443,165124975,180962,165903,224045,-0.17175655550720217,-0.2082622051754761,9.883562231956484,0.041837245834350584,0.038355702278137206,0.05179775722503662,61,ff8afe00,43.51490169935,-79.68406963069,166.3001,-37.1,SOL_COMPUTED,SINGLE,good,1.5023,1.6538,3.2988,25,23,0.0,0.0,0,0,0,0,0,0,0,0,0,—,—,0.0,0.0,0.0,0.0
2026-05-26 15:26:15.022803,1779823575.022803,2420,242793.0,WAITING_AZIMUTH,bad,43.51487913185,-79.68407538331,166.0876,-37.1,0.901594278,-1.292446617,-0.0,3.0,3.0,180.0,0.0067,0.0206,-0.0508,0.0217,0.0646,0.0662,0.1338,0.0,0.0,0.0,0.0,0.0,0.0,0.0,0.0,0.0,-3114875,-4186296,164877218,86799,-49880,231717,-0.18644097240448002,-0.25057092082763677,9.8687327264386,0.020067368293762208,-0.01153193389892578,0.053571474082946775,61,ff82fe00,43.5149016866,-79.68406943777,166.3471,-37.1,SOL_COMPUTED,SINGLE,good,1.5006,1.6521,3.2952,25,23,0.0,0.0,0,0,0,0,0,0,0,0,0,—,—,0.0,0.0,0.0,0.0
2026-05-26 15:26:16.016962,1779823576.016962,2420,242794.0,WAITING_AZIMUTH,bad,43.51487842719,-79.68407740219,166.43,-37.1,0.900863694,-1.307944369,-0.0,3.0,3.0,180.0,0.0042,-0.0147,0.0215,0.0153,0.0646,0.0662,0.1337,0.0,0.0,0.0,0.0,0.0,0.0,0.0,0.0,0.0,-2967518,-3792226,164444444,240883,-138682,269281,-0.1776209130535889,-0.22698384462219243,9.84282902070679,0.055690594093322755,-0.03206238285827637,0.06225602831268311,61,ff7bfe00,43.51490152909,-79.68406973358,166.4034,-37.1,SOL_COMPUTED,SINGLE,good,1.4975,1.6493,3.2911,25,23,0.0,0.0,0,0,0,0,0,0,0,0,0,—,—,0.0,0.0,0.0,0.0
2026-05-26 15:26:17.014885,1779823577.014885,2420,242795.0,WAITING_AZIMUTH,bad,43.51487739602,-79.68408079865,166.9791,-37.1,0.896060392,-1.29505515,-0.0,3.0,3.0,180.0,-0.0155,0.0078,0.0132,0.0174,0.0646,0.0662,0.1336,0.0,0.0,0.0,0.0,0.0,0.0,0.0,0.0,0.0,-2996410,-3341421,164644967,49582,-82569,115850,-0.17935024491271975,-0.20000089263702395,9.854831333194277,0.011463038223266601,-0.019089419609069826,0.026783771896362305,61,ff74fe00,43.51490173083,-79.68406948888,166.357,-37.1,SOL_COMPUTED,SINGLE,good,1.498,1.6499,3.2915,25,23,0.0,0.0,0,0,0,0,0,0,0,0,0,—,—,0.0,0.0,0.0,0.0
2026-05-26 15:26:18.016285,1779823578.016285,2420,242796.0,WAITING_AZIMUTH,bad,43.51487644773,-79.68408372019,167.4987,-37.1,0.896621417,-1.29484715,-0.0,3.0,3.0,180.0,-0.0004,-0.0012,-0.0397,0.0013,0.0646,0.0662,0.1337,0.0,0.0,0.0,0.0,0.0,0.0,0.0,0.0,0.0,-2958111,-3549079,164699604,-50824,22217,78858,-0.17705785667816165,-0.21243027084564212,9.858101633096926,-0.011750180603027344,0.005136426933288574,0.018231460372924804,61,ff6cfe00,43.51490176445,-79.68406909183,166.3579,-37.1,SOL_COMPUTED,SINGLE,good,1.4976,1.6494,3.2912,25,23,0.0,0.0,0,0,0,0,0,0,0,0,0,—,—,0.0,0.0,0.0,0.0
2026-05-26 15:26:19.020294,1779823579.020294,2420,242797.0,WAITING_AZIMUTH,bad,43.51487842754,-79.68407606683,166.3306,-37.1,0.899967324,-1.307418626,-0.0,3.0,3.0,180.0,0.004,-0.0026,0.0076,0.0048,0.0646,0.0661,0.1335,0.0,0.0,0.0,0.0,0.0,0.0,0.0,0.0,0.0,-2474989,-3722065,164792049,-43489,118973,106259,-0.14814056931671143,-0.22278435505523686,9.863634932408754,-0.010054375968933105,0.02750578932952881,0.02456639463043213,61,ff65fe00,43.51490155745,-79.68406916256,166.3985,-37.1,SOL_COMPUTED,SINGLE,good,1.4977,1.6487,3.2913,25,23,0.0,0.0,0,0,0,0,0,0,0,0,0,—,—,0.0,0.0,0.0,0.0
2026-05-26 15:26:20.013987,1779823580.013987,2420,242798.0,WAITING_AZIMUTH,bad,43.5148780483,-79.68407731962,166.5727,-37.1,0.897564669,-1.302616011,-0.0,3.0,3.0,180.0,-0.011,0.0073,-0.0081,0.0132,0.0646,0.0661,0.1336,0.0,0.0,0.0,0.0,0.0,0.0,0.0,0.0,0.0,-2601936,-3957530,164534333,19905,68531,135508,-0.15573898727050783,-0.23687812240295414,9.848209330532534,0.00460190746307373,0.015843924659729003,0.03132857455444336,61,ff5efe00,43.51490177343,-79.68406861639,166.365,-37.1,SOL_COMPUTED,SINGLE,good,1.4976,1.6491,3.2932,25,23,0.0,0.0,0,0,0,0,0,0,0,0,0,—,—,0.0,0.0,0.0,0.0
2026-05-26 15:26:21.012758,1779823581.012758,2420,242799.0,WAITING_AZIMUTH,bad,43.5148771026,-79.68408002121,167.027,-37.1,0.901480238,-1.306093261,-0.0,3.0,3.0,180.0,-0.0116,-0.0142,-0.0099,0.0183,0.0646,0.0661,0.1336,0.0,0.0,0.0,0.0,0.0,0.0,0.0,0.0,0.0,-2221425,-4132328,163301155,9514,-97,68845,-0.13296348557281495,-0.24734066394775395,9.774397410160828,0.00219957536315918,-2.242577362060547e-05,0.01591651943206787,61,ff57fe00,43.51489775606,-79.68406788841,167.0579,-37.1,SOL_COMPUTED,SINGLE,good,1.541,1.6489,3.3364,25,23,0.0,0.0,0,0,0,0,0,0,0,0,0,—,—,0.0,0.0,0.0,0.0
2026-05-26 15:26:22.016125,1779823582.016125,2420,242800.0,WAITING_AZIMUTH,bad,43.51487606683,-79.68408345191,167.5969,-37.1,0.900169477,-1.330673752,-0.0,3.0,3.0,180.0,-0.0001,-0.0017,-0.0099,0.0017,0.0646,0.0662,0.1337,0.0,0.0,0.0,0.0,0.0,0.0,0.0,0.0,0.0,-1902013,-3886932,163497520,347323,76064,53155,-0.11384506705596925,-0.23265247618286136,9.786150845385743,0.08029883475494384,0.017585505615234375,0.012289092750549317,61,ff50fe00,43.51490078328,-79.68406805079,166.5355,-37.1,SOL_COMPUTED,SINGLE,good,1.5027,1.6492,3.2994,25,23,0.0,0.0,0,0,0,0,0,0,0,0,0,—,—,0.0,0.0,0.0,0.0
2026-05-26 15:26:23.013108,1779823583.013108,2420,242801.0,WAITING_AZIMUTH,bad,43.51487727231,-79.68407877666,166.8945,-37.1,0.893638398,-1.265272068,-0.0,3.0,3.0,180.0,-0.0108,0.0,0.0099,0.0108,0.0646,0.066,0.1335,0.0,0.0,0.0,0.0,0.0,0.0,0.0,0.0,0.0,-2206472,-3174548,163809243,54691,234888,28091,-0.13206847313720704,-0.19001270229614262,9.804809038488466,0.012644206031799317,0.05430458880615235,0.006494457801818848,61,ff48fe00,43.51490131093,-79.68406779095,166.4343,-37.1,SOL_COMPUTED,SINGLE,good,1.5034,1.6495,3.3007,25,23,0.0,0.0,0,0,0,0,0,0,0,0,0,—,—,0.0,0.0,0.0,0.0
2026-05-26 15:26:24.019479,1779823584.019479,2420,242802.0,WAITING_AZIMUTH,bad,43.51487438696,-79.68408846835,168.4778,-37.1,0.898235625,-1.293037903,-0.0,3.0,3.0,180.0,0.0067,0.0194,-0.0384,0.0205,0.0646,0.0661,0.1337,0.0,0.0,0.0,0.0,0.0,0.0,0.0,0.0,0.0,-2716008,-3697481,164819435,-128753,43196,73040,-0.16256677156494143,-0.22131287871490482,9.86527412257538,-0.029766862174987793,0.009986636260986328,0.016886376342773436,61,ff41fe00,43.51490174528,-79.68406785955,166.3752,-37.1,SOL_COMPUTED,SINGLE,good,1.4999,1.6484,3.2961,25,23,0.0,0.0,0,0,0,0,0,0,0,0,0,—,—,0.0,0.0,0.0,0.0
2026-05-26 15:26:25.014471,1779823585.014471,2420,242803.0,WAITING_AZIMUTH,bad,43.51487552602,-79.68408145599,167.329,-37.1,0.901987194,-1.319993077,-0.0,3.0,3.0,180.0,0.0109,0.003,-0.0154,0.0113,0.0644,0.0657,0.1331,0.0,0.0,0.0,0.0,0.0,0.0,0.0,0.0,0.0,-2532547,-3977657,164636737,12758,-78040,59801,-0.15158570579559327,-0.23808282482330326,9.8543387262027,0.0029495672149658205,-0.018042344055175782,0.013825605033874512,61,ff3afe00,43.51490216475,-79.6840672043,166.2137,-37.1,SOL_COMPUTED,SINGLE,good,1.4988,1.6516,3.3039,26,23,0.0,0.0,0,0,0,0,0,0,0,0,0,—,—,0.0,0.0,0.0,0.0
2026-05-26 15:26:26.012802,1779823586.012802,2420,242804.0,WAITING_AZIMUTH,bad,43.51487759939,-79.68407870638,166.8397,-37.1,0.899233835,-1.306705469,-0.0,3.0,3.0,180.0,-0.0282,-0.0206,0.0087,0.0349,0.0646,0.066,0.1335,0.0,0.0,0.0,0.0,0.0,0.0,0.0,0.0,0.0,-2968027,-3727290,163994529,79903,72094,64508,-0.1776513792697144,-0.22309709764709476,9.815899339708558,0.018473057624816894,0.016667667251586915,0.014913833038330078,61,ff33fe00,43.51490333978,-79.68406349322,166.1044,-37.1,SOL_COMPUTED,SINGLE,good,1.5036,1.6566,3.3195,26,23,0.0,0.0,0,0,0,0,0,0,0,0,0,—,—,0.0,0.0,0.0,0.0
2026-05-26 15:26:27.013075,1779823587.013075,2420,242805.0,WAITING_AZIMUTH,bad,43.51487785563,-79.68407861607,166.8148,-37.1,0.8908728,-1.291820045,-0.0,3.0,3.0,180.0,-0.0083,-0.0177,0.0254,0.0195,0.0645,0.066,0.1334,0.0,0.0,0.0,0.0,0.0,0.0,0.0,0.0,0.0,-2429067,-4208478,164185094,-249822,-89679,77535,-0.14539190610076907,-0.2518986253582764,9.827305615692751,-0.057757233169555666,-0.02073320569610596,0.017925591316223146,61,ff2cfe00,43.51490283485,-79.68406333123,166.1318,-37.1,SOL_COMPUTED,SINGLE,good,1.502,1.6561,3.3156,26,23,0.0,0.0,0,0,0,0,0,0,0,0,0,—,—,0.0,0.0,0.0,0.0
2026-05-26 15:26:28.014971,1779823588.014971,2420,242806.0,WAITING_AZIMUTH,bad,43.5148755583,-79.68408783189,168.2908,-37.1,0.891506664,-1.309432359,-0.0,3.0,3.0,180.0,-0.0014,0.016,-0.0179,0.0161,0.0645,0.066,0.1335,0.0,0.0,0.0,0.0,0.0,0.0,0.0,0.0,0.0,-2289438,-4185036,163924807,-174957,110746,52610,-0.13703440651062013,-0.25049550347534183,9.811726126504823,-0.04044892861175537,0.02560376005554199,0.01216309226989746,61,ff24fe00,43.51490358595,-79.68406210675,166.0066,-37.1,SOL_COMPUTED,SINGLE,good,1.5043,1.6599,3.3198,26,23,0.0,0.0,0,0,0,0,0,0,0,0,0,—,—,0.0,0.0,0.0,0.0
2026-05-26 15:26:29.013042,1779823589.013042,2420,242807.0,WAITING_AZIMUTH,bad,43.51487868404,-79.68407789409,166.6839,-37.1,0.901820803,-1.317021216,-0.0,3.0,3.0,180.0,-0.0104,-0.021,0.0616,0.0234,0.0645,0.066,0.1334,0.0,0.0,0.0,0.0,0.0,0.0,0.0,0.0,0.0,-2594626,-4438563,164478887,199928,-44240,46306,-0.15530144691711428,-0.26567037258270265,9.844890607901307,0.04622206256103516,-0.010228002319335938,0.010705648178100586,61,ff1dfe00,43.51490399144,-79.68406224785,165.9907,-37.1,SOL_COMPUTED,SINGLE,good,1.4994,1.6566,3.3116,26,23,0.0,0.0,0,0,0,0,0,0,0,0,0,—,—,0.0,0.0,0.0,0.0
2026-05-26 15:26:30.013790,1779823590.013790,2420,242808.0,WAITING_AZIMUTH,bad,43.514878276,-79.68407913177,166.9323,-37.1,0.897462419,-1.306094034,-0.0,3.0,3.0,180.0,0.0018,-0.033,0.0616,0.0330,0.0645,0.0661,0.1338,0.0,0.0,0.0,0.0,0.0,0.0,0.0,0.0,0.0,-2981484,-4104937,164230390,157369,-68745,38030,-0.17845684856323243,-0.24570117450592044,9.830016809652712,0.036382696586608886,-0.015893400077819825,0.008792290420532227,61,ff17fe00,43.51490376454,-79.68406262975,166.1191,-37.1,SOL_COMPUTED,SINGLE,good,1.4948,1.6505,3.3009,26,23,0.0,0.0,0,0,0,0,0,0,0,0,0,—,—,0.0,0.0,0.0,0.0
2026-05-26 15:26:31.013965,1779823591.013965,2420,242809.0,WAITING_AZIMUTH,bad,43.51487845453,-79.68407711293,166.6974,-37.1,0.887171013,-1.30044945,-0.0,3.0,3.0,180.0,0.0077,-0.0007,0.0266,0.0077,0.0645,0.066,0.1334,0.0,0.0,0.0,0.0,0.0,0.0,0.0,0.0,0.0,-2865930,-4081437,164506231,-14749,106291,-27597,-0.17154035909729007,-0.24429458103057866,9.84652728415619,-0.0034098735580444335,0.024573792823791504,-0.006380248191833496,61,ff0ffe00,43.51490368521,-79.68406165094,166.0466,-37.1,SOL_COMPUTED,SINGLE,good,1.4993,1.6554,3.3122,26,23,0.0,0.0,0,0,0,0,0,0,0,0,0,—,—,0.0,0.0,0.0,0.0
2026-05-26 15:26:32.015284,1779823592.015284,2420,242810.0,WAITING_AZIMUTH,bad,43.5148781235,-79.68407639594,166.738,-37.1,0.89879431,-1.295723107,-0.0,3.0,3.0,180.0,0.0002,0.0059,-0.0243,0.0059,0.0645,0.066,0.1334,0.0,0.0,0.0,0.0,0.0,0.0,0.0,0.0,0.0,-2282776,-4254251,163765646,27221,-69063,121959,-0.1366356522241211,-0.2546383701730347,9.80219953824402,0.00629331941986084,-0.015966919624328613,0.02819613324737549,61,ff08fe00,43.51490347555,-79.68406082207,166.0975,-37.1,SOL_COMPUTED,SINGLE,good,1.4993,1.6567,3.3127,26,23,0.0,0.0,0,0,0,0,0,0,0,0,0,—,—,0.0,0.0,0.0,0.0
2026-05-26 15:26:33.012240,1779823593.012240,2420,242811.0,WAITING_AZIMUTH,bad,43.5148783981,-79.68407530683,166.5928,-37.1,0.901776472,-1.304883186,-0.0,3.0,3.0,180.0,-0.0037,-0.0044,-0.0149,0.0057,0.0645,0.066,0.1336,0.0,0.0,0.0,0.0,0.0,0.0,0.0,0.0,0.0,-2959927,-3615542,164680402,10609,32885,58193,-0.17716655343353274,-0.21640841646911624,9.856952296589967,0.002452732292175293,0.0076027996444702145,0.013453845817565918,61,ff01fe00,43.51490373319,-79.68406014643,165.9987,-37.1,SOL_COMPUTED,SINGLE,good,1.5001,1.6586,3.3193,26,23,0.0,0.0,0,0,0,0,0,0,0,0,0,—,—,0.0,0.0,0.0,0.0
2026-05-26 15:26:34.016130,1779823594.016130,2420,242812.0,WAITING_AZIMUTH,bad,43.51487855003,-79.6840745856,166.5317,-37.1,0.900584557,-1.310675361,-0.0,3.0,3.0,180.0,0.038,0.021,-0.0706,0.0434,0.0645,0.066,0.1336,0.0,0.0,0.0,0.0,0.0,0.0,0.0,0.0,0.0,-2375464,-3762593,164018019,60798,113766,35991,-0.1421834963110352,-0.22521016017730716,9.817305334633485,0.014056104995727538,0.026301964553833008,0.008320886787414552,61,fefafe00,43.51490395029,-79.68405931798,165.9286,-37.1,SOL_COMPUTED,SINGLE,good,1.502,1.6612,3.3239,26,23,0.0,0.0,0,0,0,0,0,0,0,0,0,—,—,0.0,0.0,0.0,0.0
2026-05-26 15:26:35.012425,1779823595.012425,2420,242813.0,WAITING_AZIMUTH,bad,43.51487865998,-79.68407419406,166.4916,-37.1,0.89990612,-1.305542633,-0.0,3.0,3.0,180.0,-0.001,0.0039,-0.021,0.0040,0.0645,0.066,0.1336,0.0,0.0,0.0,0.0,0.0,0.0,0.0,0.0,0.0,-2139659,-3747247,163767554,-8800,-102812,44205,-0.12806937824920656,-0.22429162471038822,9.802313741663209,-0.002034503173828125,-0.023769470489501954,0.01021991054534912,61,fef3fe00,43.51490419457,-79.68405886022,165.8756,-37.1,SOL_COMPUTED,SINGLE,good,1.5023,1.6624,3.3269,26,23,0.0,0.0,0,0,0,0,0,0,0,0,0,—,—,0.0,0.0,0.0,0.0
2026-05-26 15:26:36.017620,1779823596.017620,2420,242814.0,WAITING_AZIMUTH,bad,43.51487850213,-79.68407424025,166.5016,-37.1,0.899207268,-1.300311717,-0.0,3.0,3.0,180.0,-0.0126,0.0001,-0.0126,0.0126,0.0645,0.066,0.1336,0.0,0.0,0.0,0.0,0.0,0.0,0.0,0.0,0.0,-2918916,-3448809,164409242,38682,59988,45361,-0.17471183832641604,-0.20642860583404543,9.840722003535769,0.008943028610229492,0.01386883822631836,0.010487170280456542,61,feebfe00,43.51490396982,-79.68405910142,165.8792,-37.1,SOL_COMPUTED,SINGLE,good,1.5032,1.6627,3.3309,26,23,0.0,0.0,0,0,0,0,0,0,0,0,0,—,—,0.0,0.0,0.0,0.0
2026-05-26 15:26:37.014794,1779823597.014794,2420,242815.0,WAITING_AZIMUTH,bad,43.51487916124,-79.68407375022,166.3473,-37.1,0.896434246,-1.309197063,-0.0,3.0,3.0,180.0,0.0074,0.0045,-0.0355,0.0087,0.0645,0.066,0.1336,0.0,0.0,0.0,0.0,0.0,0.0,0.0,0.0,0.0,-2659204,-3830875,164181749,-36515,102292,18857,-0.15916676578735353,-0.2292971821212769,9.82710540057892,-0.008442032203674316,0.02364924984741211,0.004359616630554199,61,fee4fe00,43.51490539919,-79.68405652424,165.8573,-37.1,SOL_COMPUTED,SINGLE,good,1.5054,1.6681,3.3359,26,23,0.0,0.0,0,0,0,0,0,0,0,0,0,—,—,0.0,0.0,0.0,0.0
2026-05-26 15:26:38.013229,1779823598.013229,2420,242816.0,WAITING_AZIMUTH,bad,43.51487928536,-79.6840737253,166.3598,-37.1,0.89937881,-1.311588182,-0.0,3.0,3.0,180.0,0.0089,0.0158,-0.0094,0.0181,0.0646,0.0661,0.1337,0.0,0.0,0.0,0.0,0.0,0.0,0.0,0.0,0.0,-2086735,-3729334,163655372,114242,55263,139918,-0.12490161003265382,-0.22321944135192875,9.795599083397217,0.02641201268005371,0.012776448738098144,0.032348138076782225,61,feddfe00,43.51490551975,-79.6840565989,165.8897,-37.1,SOL_COMPUTED,SINGLE,good,1.5032,1.665,3.3322,26,23,0.0,0.0,0,0,0,0,0,0,0,0,0,—,—,0.0,0.0,0.0,0.0
2026-05-26 15:26:39.012996,1779823599.012996,2420,242817.0,WAITING_AZIMUTH,bad,43.51487905035,-79.68407311678,166.3959,-37.1,0.904618734,-1.295126568,-0.0,3.0,3.0,180.0,0.0065,0.0186,-0.0132,0.0197,0.0645,0.066,0.1336,0.0,0.0,0.0,0.0,0.0,0.0,0.0,0.0,0.0,-2292876,-3623746,164116659,28236,-15642,87583,-0.13724018814331057,-0.21689946722961428,9.823209435927431,0.006527980865478515,-0.003616329391479492,0.020248624031066895,61,fed6fe00,43.51490539896,-79.6840557534,165.9271,-37.1,SOL_COMPUTED,SINGLE,good,1.5033,1.6655,3.3327,26,23,0.0,0.0,0,0,0,0,0,0,0,0,0,—,—,0.0,0.0,0.0,0.0
2026-05-26 15:26:40.019545,1779823600.019545,2420,242818.0,WAITING_AZIMUTH,bad,43.51487852541,-79.68407366908,166.5107,-37.1,0.895620294,-1.307824219,-0.0,3.0,3.0,180.0,0.0321,0.0474,-0.1001,0.0572,0.0646,0.0662,0.1339,0.0,0.0,0.0,0.0,0.0,0.0,0.0,0.0,0.0,-2593378,-3351945,164956406,-16213,18389,136955,-0.1552267478253174,-0.20063080709381106,9.87347252746521,-0.00374834090423584,0.0042514180526733395,0.031663111610412596,61,fecffe00,43.51490463666,-79.68405678354,166.1223,-37.1,SOL_COMPUTED,SINGLE,good,1.5008,1.6615,3.3254,26,23,0.0,0.0,0,0,0,0,0,0,0,0,0,—,—,0.0,0.0,0.0,0.0
2026-05-26 15:26:41.012031,1779823601.012031,2420,242819.0,WAITING_AZIMUTH,bad,43.51487823732,-79.68407416158,166.6014,-37.1,0.898458279,-1.299257007,-0.0,3.0,3.0,180.0,-0.0019,-0.0039,0.0172,0.0043,0.0645,0.0661,0.1337,0.0,0.0,0.0,0.0,0.0,0.0,0.0,0.0,0.0,-2658522,-3855314,163797818,-47029,160310,44473,-0.15912594464904786,-0.23075997948059085,9.804125194639283,-0.010872801109313966,0.03706263679504394,0.010281870414733886,61,fec8fe00,43.51490426135,-79.68405744493,166.2799,-37.1,SOL_COMPUTED,SINGLE,good,1.499,1.6592,3.3177,26,23,0.0,0.0,0,0,0,0,0,0,0,0,0,—,—,0.0,0.0,0.0,0.0
2026-05-26 15:26:42.015670,1779823602.015670,2420,242820.0,WAITING_AZIMUTH,bad,43.5148780939,-79.68407451083,166.6702,-37.1,0.906731816,-1.301812599,-0.0,3.0,3.0,180.0,-0.0146,-0.0142,0.0058,0.0204,0.0645,0.066,0.1336,0.0,0.0,0.0,0.0,0.0,0.0,0.0,0.0,0.0,-2857673,-3501221,164405037,-132829,-168140,92930,-0.17104613601959232,-0.20956572826934816,9.840470313086245,-0.030709207054138182,-0.038872882232666016,0.02148481590270996,61,fec1fe00,43.51490413701,-79.68405668627,166.225,-37.1,SOL_COMPUTED,SINGLE,good,1.4937,1.6462,3.2989,26,23,0.0,0.0,0,0,0,0,0,0,0,0,0,—,—,0.0,0.0,0.0,0.0
2026-05-26 15:26:43.013972,1779823603.013972,2420,242821.0,WAITING_AZIMUTH,bad,43.51487781088,-79.68407469515,166.7177,-37.1,0.895287286,-1.311711874,-0.0,3.0,3.0,180.0,0.0105,0.0008,-0.0155,0.0105,0.0645,0.066,0.1336,0.0,0.0,0.0,0.0,0.0,0.0,0.0,0.0,0.0,-2416080,-3884305,164697273,17545,77063,65150,-0.14461456867675784,-0.2324952369888306,9.85796211099518,0.004056290702819825,0.017816467964172363,0.01506225929260254,61,febafe00,43.51490425332,-79.68405458188,165.9494,-37.1,SOL_COMPUTED,SINGLE,good,1.4862,1.643,3.2872,26,23,0.0,0.0,0,0,0,0,0,0,0,0,0,—,—,0.0,0.0,0.0,0.0
2026-05-26 15:26:44.013757,1779823604.013757,2420,242822.0,WAITING_AZIMUTH,bad,43.51487722362,-79.68407555957,166.8366,-37.1,0.898171956,-1.303581961,-0.0,3.0,3.0,180.0,-0.0014,-0.0083,-0.007,0.0084,0.0645,0.066,0.1336,0.0,0.0,0.0,0.0,0.0,0.0,0.0,0.0,0.0,-2403753,-3861712,163789866,35637,-83033,84224,-0.1438767355801392,-0.23114293203613284,9.803649227349245,0.008239044273376465,-0.019196693412780762,0.019472044921875,61,feb3fe00,43.5149013718,-79.68405944907,166.7617,-37.1,SOL_COMPUTED,SINGLE,good,1.483,1.6371,3.2753,26,23,0.0,0.0,0,0,0,0,0,0,0,0,0,—,—,0.0,0.0,0.0,0.0
2026-05-26 15:26:45.015778,1779823605.015778,2420,242823.0,WAITING_AZIMUTH,bad,43.51487665571,-79.68407595332,166.9682,-37.1,0.903558623,-1.297694485,-0.0,3.0,3.0,180.0,0.0117,0.0203,-0.0368,0.0234,0.0645,0.066,0.1336,0.0,0.0,0.0,0.0,0.0,0.0,0.0,0.0,0.0,-3270903,-3921785,164449106,-17977,-22623,-64258,-0.1957800348202515,-0.234738603944397,9.843108064910279,-0.004156166313171387,-0.005230291511535644,-0.014856034652709961,61,feacfe00,43.5149006798,-79.68406019852,166.9541,-37.1,SOL_COMPUTED,SINGLE,good,1.4813,1.6349,3.2707,26,23,0.0,0.0,0,0,0,0,0,0,0,0,0,—,—,0.0,0.0,0.0,0.0
2026-05-26 15:26:46.013532,1779823606.013532,2420,242824.0,WAITING_AZIMUTH,bad,43.51487620787,-79.68407637836,167.0745,-37.1,0.896731409,-1.304481825,-0.0,3.0,3.0,180.0,-0.0054,0.004,0.017,0.0067,0.0645,0.0659,0.1336,0.0,0.0,0.0,0.0,0.0,0.0,0.0,0.0,0.0,-2523746,-4218300,164067331,-33446,-17465,63661,-0.15105892157531742,-0.25248652157592777,9.820256906440125,-0.007732499221801758,-0.004037795219421387,0.014718012107849121,61,fea4fe00,43.51490012451,-79.68406089602,167.1157,-37.1,SOL_COMPUTED,SINGLE,good,1.4793,1.6326,3.2654,26,23,0.0,0.0,0,0,0,0,0,0,0,0,0,—,—,0.0,0.0,0.0,0.0
2026-05-26 15:26:47.014279,1779823607.014279,2420,242825.0,WAITING_AZIMUTH,bad,43.51487607992,-79.68407646329,167.1026,-37.1,0.898511513,-1.301073147,-0.0,3.0,3.0,180.0,-0.0086,-0.0166,0.0641,0.0187,0.0645,0.0659,0.1336,0.0,0.0,0.0,0.0,0.0,0.0,0.0,0.0,0.0,-2705084,-3802200,164443651,-40039,-60857,117739,-0.16191291509155276,-0.22758083880615237,9.842781555658876,-0.009256758247375488,-0.014069745414733886,0.02722049649810791,61,fe9efe00,43.51490002394,-79.6840609385,167.1358,-37.1,SOL_COMPUTED,SINGLE,good,1.4796,1.633,3.2671,26,23,0.0,0.0,0,0,0,0,0,0,0,0,0,—,—,0.0,0.0,0.0,0.0
2026-05-26 15:26:48.019060,1779823608.019060,2420,242826.0,WAITING_AZIMUTH,bad,43.51487570902,-79.68407687296,167.1714,-37.1,0.90243612,-1.304899606,-0.0,3.0,3.0,180.0,0.0043,0.0138,-0.0307,0.0145,0.0645,0.0659,0.1336,0.0,0.0,0.0,0.0,0.0,0.0,0.0,0.0,0.0,-3357509,-3968060,163982708,-47671,57120,110139,-0.2009638405447388,-0.23750839598999027,9.81519179326294,-0.011021227363586426,0.013205775146484374,0.025463425575256347,61,fe96fe00,43.51489931806,-79.68406152096,167.2834,-37.1,SOL_COMPUTED,SINGLE,good,1.4755,1.6298,3.2622,26,23,0.0,0.0,0,0,0,0,0,0,0,0,0,—,—,0.0,0.0,0.0,0.0
2026-05-26 15:26:49.014719,1779823609.014719,2420,242827.0,WAITING_AZIMUTH,bad,43.51487519582,-79.68407742602,167.2782,-37.1,0.892319821,-1.309101894,-0.0,3.0,3.0,180.0,-0.0046,-0.0049,0.001,0.0067,0.0645,0.0659,0.1336,0.0,0.0,0.0,0.0,0.0,0.0,0.0,0.0,0.0,-2821327,-3939019,164138085,96611,-52548,88742,-0.16887064468109134,-0.23577014572967533,9.824491890046692,0.022335839332580567,-0.012148758270263672,0.02051657734680176,61,fe90fe00,43.51489858152,-79.6840624473,167.4588,-37.1,SOL_COMPUTED,SINGLE,good,1.4744,1.6274,3.2578,26,23,0.0,0.0,0,0,0,0,0,0,0,0,0,—,—,0.0,0.0,0.0,0.0
2026-05-26 15:26:50.012379,1779823610.012379,2420,242828.0,WAITING_AZIMUTH,bad,43.51487462946,-79.68407788878,167.4333,-37.1,0.892140607,-1.300195589,-0.0,3.0,3.0,180.0,-0.0025,-0.0097,0.0066,0.0100,0.0645,0.0659,0.1336,0.0,0.0,0.0,0.0,0.0,0.0,0.0,0.0,0.0,-2509570,-3572086,164369861,99644,100288,104713,-0.15021041650695802,-0.21380735578552248,9.838364852146302,0.023037049346923827,0.02318593798828125,0.024208969413757324,61,fe88fe00,43.51489776391,-79.68406336296,167.7288,-37.1,SOL_COMPUTED,SINGLE,good,1.4724,1.6238,3.2485,26,23,0.0,0.0,0,0,0,0,0,0,0,0,0,—,—,0.0,0.0,0.0,0.0
2026-05-26 15:26:51.012134,1779823611.012134,2420,242829.0,WAITING_AZIMUTH,bad,43.51487435117,-79.68407800577,167.5063,-37.1,0.903214527,-1.291575472,-0.0,3.0,3.0,180.0,0.0038,-0.0004,-0.0216,0.0038,0.0645,0.0659,0.1336,0.0,0.0,0.0,0.0,0.0,0.0,0.0,0.0,0.0,-2831755,-3070009,164652574,-100810,-54965,114231,-0.16949481305389408,-0.18375551611236574,9.855286650494996,-0.023306621017456054,-0.012707553062438965,0.026409469551086424,61,fe82fe00,43.51489741678,-79.68406365604,167.8404,-37.1,SOL_COMPUTED,SINGLE,good,1.4713,1.6221,3.2451,26,23,0.0,0.0,0,0,0,0,0,0,0,0,0,—,—,0.0,0.0,0.0,0.0
2026-05-26 15:26:52.013497,1779823612.013497,2420,242830.0,WAITING_AZIMUTH,bad,43.51487417491,-79.68407795873,167.5443,-37.1,0.895829395,-1.31454727,-0.0,3.0,3.0,180.0,0.0123,0.0061,-0.0046,0.0137,0.0645,0.0659,0.1336,0.0,0.0,0.0,0.0,0.0,0.0,0.0,0.0,0.0,-2069045,-3799441,164376669,120302,17198,12664,-0.12384277434844973,-0.2274156987466431,9.838772345268861,0.02781304554748535,0.003976066543579101,0.002927835021972656,61,fe7afe00,43.51489722843,-79.68406369599,167.8972,-37.1,SOL_COMPUTED,SINGLE,good,1.4708,1.6214,3.2449,26,23,0.0,0.0,0,0,0,0,0,0,0,0,0,—,—,0.0,0.0,0.0,0.0
2026-05-26 15:26:53.012621,1779823613.012621,2420,242831.0,WAITING_AZIMUTH,bad,43.5148764554,-79.68406890108,166.1485,-37.1,0.893577727,-1.289521972,-0.0,3.0,3.0,180.0,-0.0205,-0.0074,0.0398,0.0218,0.0645,0.0659,0.1337,0.0,0.0,0.0,0.0,0.0,0.0,0.0,0.0,0.0,-2389321,-3409347,164166676,-12150,-52505,156249,-0.14301290762115482,-0.2040666061862183,9.82620320553833,-0.002809001541137695,-0.012138816947937012,0.036123759819030765,61,fe73fe00,43.51489689515,-79.68406393554,167.9803,-37.1,SOL_COMPUTED,SINGLE,good,1.4712,1.6208,3.2435,26,23,0.0,0.0,0,0,0,0,0,0,0,0,0,—,—,0.0,0.0,0.0,0.0
2026-05-26 15:26:54.016000,1779823614.016000,2420,242832.0,WAITING_AZIMUTH,bad,43.51487657181,-79.68406766042,165.9626,-37.1,0.897782397,-1.303140019,-0.0,3.0,3.0,180.0,-0.0163,0.0094,0.0073,0.0188,0.0645,0.066,0.1338,0.0,0.0,0.0,0.0,0.0,0.0,0.0,0.0,0.0,-2888622,-3982678,164992136,-17033,28988,104211,-0.17289858969909672,-0.23838335698669438,9.875611148098146,-0.003937919609069824,0.006701838409423828,0.02409291025543213,61,fe6dfe00,43.51489649251,-79.68406446219,168.065,-37.1,SOL_COMPUTED,SINGLE,good,1.4705,1.6193,3.2421,26,23,0.0,0.0,0,0,0,0,0,0,0,0,0,—,—,0.0,0.0,0.0,0.0
2026-05-26 15:26:55.013832,1779823615.013832,2420,242833.0,WAITING_AZIMUTH,bad,43.5148764395,-79.68406793948,166.0064,-37.1,0.90390296,-1.308124162,-0.0,3.0,3.0,180.0,0.0083,0.0166,-0.0281,0.0186,0.0645,0.066,0.1338,0.0,0.0,0.0,0.0,0.0,0.0,0.0,0.0,0.0,-2400027,-4608631,163504994,154015,47503,89670,-0.14365371569549562,-0.275849799781189,9.786598201965944,0.03560727344512939,0.010982386848449707,0.020731124954223634,61,fe65fe00,43.51489643763,-79.68406458776,168.0924,-37.1,SOL_COMPUTED,SINGLE,good,1.4703,1.6189,3.2409,26,23,0.0,0.0,0,0,0,0,0,0,0,0,0,—,—,0.0,0.0,0.0,0.0
