sys_datetime,unix_timestamp,gps_week,gps_seconds,ins_status,pose_quality,ins_lat,ins_lon,ins_height_m,ins_undulation_m,roll_deg,pitch_deg,azimuth_deg,roll_sig_deg,pitch_sig_deg,azimuth_sig_deg,vel_n_ms,vel_e_ms,vel_u_ms,speed_2d_ms,vel_n_sig_ms,vel_e_sig_ms,vel_u_sig_ms,veh_lat_acc_ms2,veh_long_acc_ms2,veh_vert_acc_ms2,veh_pitch_rate_degs,veh_roll_rate_degs,veh_yaw_rate_degs,veh_pitch_rate_rads,veh_roll_rate_rads,veh_yaw_rate_rads,raw_accel_x_lsb,raw_accel_y_lsb,raw_accel_z_lsb,raw_gyro_x_lsb,raw_gyro_y_lsb,raw_gyro_z_lsb,raw_accel_x_ms2,raw_accel_y_ms2,raw_accel_z_ms2,raw_gyro_x_degs,raw_gyro_y_degs,raw_gyro_z_degs,imu_type,imu_status_hex,gnss_lat,gnss_lon,gnss_height_m,gnss_undulation_m,gnss_sol_status,gnss_pos_type,gnss_sol_quality,gnss_lat_sig_m,gnss_lon_sig_m,gnss_height_sig_m,gnss_num_svs,gnss_num_used,gnss_diff_age_s,gnss_sol_age_s,ext_pos_update,ext_vel_update,ext_att_update,ext_phase_update,ext_zero_vel,ext_wheel_sensor,ext_heading_update,ext_ins_enabled,ext_heading_align,spec_analysis_type,spec_band_id,spec_center_freq_hz,spec_bandwidth_hz,spec_power_dbm,spec_noise_dbm
2026-05-25 16:49:44.598928,1779742184.598928,0,2.0,INS_INACTIVE,bad,0.0,0.0,0.0,0.0,0.0,0.0,0.0,0.0,0.0,0.0,0.0,0.0,0.0,0.0000,0.0,0.0,0.0,0.0,0.0,0.0,0.0,0.0,0.0,0.0,0.0,0.0,,,,,,,,,,,,,,,,,,,,,,,,,,,,,0,0,0,0,0,0,0,0,0,—,—,0.0,0.0,0.0,0.0
2026-05-25 16:49:44.845341,1779742184.845341,0,3.0,INS_INACTIVE,bad,0.0,0.0,0.0,0.0,0.0,0.0,0.0,0.0,0.0,0.0,0.0,0.0,0.0,0.0000,0.0,0.0,0.0,0.0,0.0,0.0,0.0,0.0,0.0,0.0,0.0,0.0,,,,,,,,,,,,,,,0.0,0.0,0.0,0.0,INSUFFICIENT_OBS,NONE,bad,0.0,0.0,0.0,0,0,0.0,0.0,0,0,0,0,0,0,0,0,0,—,—,0.0,0.0,0.0,0.0
2026-05-25 16:49:45.583038,1779742185.583038,0,11.0,WAITING_INITIALPOS,bad,0.0,0.0,0.0,0.0,0.0,0.0,0.0,0.0,0.0,0.0,0.0,0.0,0.0,0.0000,0.0,0.0,0.0,0.0,0.0,0.0,0.0,0.0,0.0,0.0,0.0,0.0,-1939183,-5387291,163869261,32414,207632,-21587,-0.11606987894866945,-0.32245652639862066,9.808401418369447,0.007493907485961914,0.04800317761230469,-0.004990775001525879,61,f48afe00,0.0,0.0,0.0,0.0,INSUFFICIENT_OBS,NONE,bad,0.0,0.0,0.0,0,0,0.0,0.0,0,0,0,0,0,0,0,0,0,—,—,0.0,0.0,0.0,0.0
2026-05-25 16:49:46.083248,1779742186.083248,0,12.0,WAITING_INITIALPOS,bad,0.0,0.0,0.0,0.0,0.0,0.0,0.0,0.0,0.0,0.0,0.0,0.0,0.0,0.0000,0.0,0.0,0.0,0.0,0.0,0.0,0.0,0.0,0.0,0.0,0.0,0.0,-2732459,-5114228,165317003,47448,26701,23761,-0.1635514468527222,-0.3061123292004395,9.895056075866396,0.010969671203613281,0.006173098777770996,0.005493389762878418,61,f487fe00,0.0,0.0,0.0,0.0,INSUFFICIENT_OBS,NONE,bad,0.0,0.0,0.0,0,0,0.0,0.0,0,0,0,0,0,0,0,0,0,—,—,0.0,0.0,0.0,0.0
2026-05-25 16:49:47.085948,1779742187.085948,0,13.0,WAITING_INITIALPOS,bad,0.0,0.0,0.0,0.0,0.0,0.0,0.0,0.0,0.0,0.0,0.0,0.0,0.0,0.0000,0.0,0.0,0.0,0.0,0.0,0.0,0.0,0.0,0.0,0.0,0.0,0.0,-2310979,-5437894,163974861,-72722,-53069,-79132,-0.13832374395965577,-0.32548537106384284,9.81472211075226,-0.01681285679626465,-0.012269210105895996,-0.018294807403564452,61,f485fe00,0.0,0.0,0.0,0.0,INSUFFICIENT_OBS,NONE,bad,0.0,0.0,0.0,0,0,0.0,0.0,0,0,0,0,0,0,0,0,0,—,—,0.0,0.0,0.0,0.0
2026-05-25 16:49:48.085792,1779742188.085792,0,14.0,WAITING_INITIALPOS,bad,0.0,0.0,0.0,0.0,0.0,0.0,0.0,0.0,0.0,0.0,0.0,0.0,0.0,0.0000,0.0,0.0,0.0,0.0,0.0,0.0,0.0,0.0,0.0,0.0,0.0,0.0,-2123188,-5319229,164092474,4426,-77020,15928,-0.12708350586059572,-0.3183826725637818,9.821761841748659,0.0010232626190185548,-0.017806526641845705,0.003682450744628906,61,f483fe00,0.0,0.0,0.0,0.0,INSUFFICIENT_OBS,NONE,bad,0.0,0.0,0.0,0,0,0.0,0.0,0,0,0,0,0,0,0,0,0,—,—,0.0,0.0,0.0,0.0
2026-05-25 16:49:49.085352,1779742189.085352,0,15.0,WAITING_INITIALPOS,bad,0.0,0.0,0.0,0.0,0.0,0.0,0.0,0.0,0.0,0.0,0.0,0.0,0.0,0.0000,0.0,0.0,0.0,0.0,0.0,0.0,0.0,0.0,0.0,0.0,0.0,0.0,-2222421,-5017061,164518096,-11526,-49139,-783,-0.13302310119415284,-0.30029639438262945,9.847237464223634,-0.002664736770629883,-0.011360619483947754,-0.00018102454376220703,61,f480fe00,0.0,0.0,0.0,0.0,INSUFFICIENT_OBS,NONE,bad,0.0,0.0,0.0,0,0,0.0,0.0,0,0,0,0,0,0,0,0,0,—,—,0.0,0.0,0.0,0.0
2026-05-25 16:49:50.022023,1779742190.022023,2420,161408.0,WAITING_INITIALPOS,bad,0.0,0.0,0.0,0.0,0.0,0.0,0.0,0.0,0.0,0.0,0.0,0.0,0.0,0.0000,0.0,0.0,0.0,0.0,0.0,0.0,0.0,0.0,0.0,0.0,0.0,0.0,-2263936,-4901246,164628353,19024,-1348,48182,-0.13550798324218752,-0.2933642827508545,9.85383690153473,0.004398225952148438,-0.0003116488952636719,0.011139367263793946,61,f47efe00,0.0,0.0,0.0,0.0,INSUFFICIENT_OBS,NONE,bad,0.0,0.0,0.0,0,0,0.0,0.0,0,0,0,0,0,0,0,0,0,—,—,0.0,0.0,0.0,0.0
2026-05-25 16:49:51.029603,1779742191.029603,2420,161409.0,WAITING_INITIALPOS,bad,0.0,0.0,0.0,0.0,0.0,0.0,0.0,0.0,0.0,0.0,0.0,0.0,0.0,0.0000,0.0,0.0,0.0,0.0,0.0,0.0,0.0,0.0,0.0,0.0,0.0,0.0,-2488493,-5364530,163977616,-15221,-1162,36522,-0.1489488517971802,-0.3210941657989502,9.814887011391603,-0.003518996910095215,-0.0002686468963623047,0.008443650558471679,61,f47bfe00,43.51501679599,-79.68444017574,138.0906,0.0,SOL_COMPUTED,SINGLE,good,51.5516,33.3024,102.188,6,6,0.0,0.0,0,0,0,0,0,0,0,0,0,—,—,0.0,0.0,0.0,0.0
2026-05-25 16:49:52.025045,1779742192.025045,2420,161410.0,WAITING_INITIALPOS,bad,0.0,0.0,0.0,0.0,0.0,0.0,0.0,0.0,0.0,0.0,0.0,0.0,0.0,0.0000,0.0,0.0,0.0,0.0,0.0,0.0,0.0,0.0,0.0,0.0,0.0,0.0,-2084277,-5181772,163320883,65744,-14157,29169,-0.12475448634063722,-0.31015517812377935,9.775578230419619,0.015199588256835938,-0.003273006980895996,0.006743684440612793,61,f479fe00,43.51497401224,-79.68443129908,149.1323,0.0,SOL_COMPUTED,SINGLE,good,36.3947,23.9683,60.0507,12,12,0.0,0.0,0,0,0,0,0,0,0,0,0,—,—,0.0,0.0,0.0,0.0
2026-05-25 16:49:53.025852,1779742193.025852,2420,161411.0,INITIALIZING_BIASES,bad,43.51498261977,-79.68444032562,168.2963,-37.1,0.835891254,-1.796256995,-0.0,3.0,3.0,180.0,-0.0031,0.0084,-0.012,0.0090,0.1112,0.0701,0.1719,0.0,0.0,0.0,0.0,0.0,0.0,0.0,0.0,0.0,-2463940,-4936743,164854202,21564,63556,40671,-0.14747923096313478,-0.2954889571591187,9.867355102803346,0.004985457550048828,0.014693736785888672,0.009402872566223144,61,f476fe00,43.5149821982,-79.68444025617,168.4064,-37.1,SOL_COMPUTED,SINGLE,good,3.0055,1.6957,5.49,15,12,0.0,0.0,0,0,0,0,0,0,0,0,0,—,—,0.0,0.0,0.0,0.0
2026-05-25 16:49:54.022439,1779742194.022439,2420,161412.0,INITIALIZING_BIASES,bad,43.51496895968,-79.68443044735,168.9698,-37.1,0.836515308,-1.801646474,-0.0,3.0,3.0,180.0,0.012,-0.0006,-0.0336,0.0120,0.1112,0.0701,0.1719,0.0,0.0,0.0,0.0,0.0,0.0,0.0,0.0,0.0,-2551530,-5207173,163756525,-5773,26070,-44609,-0.15272193404846193,-0.31167555603302005,9.801653600410463,-0.0013346803207397462,0.00602721565246582,-0.01031331273651123,61,f473fe00,43.51496895765,-79.68443044722,168.9705,-37.1,SOL_COMPUTED,SINGLE,good,2.6035,1.6166,4.3311,15,15,0.0,0.0,0,0,0,0,0,0,0,0,0,—,—,0.0,0.0,0.0,0.0
2026-05-25 16:49:55.021844,1779742195.021844,2420,161413.0,WAITING_AZIMUTH,bad,43.51497060639,-79.68443336341,169.3706,-37.1,0.837681083,-1.79788035,-0.0,3.0,3.0,180.0,0.0058,-0.0056,-0.027,0.0081,0.1112,0.0701,0.1719,0.0,0.0,0.0,0.0,0.0,0.0,0.0,0.0,0.0,-2076679,-5339826,164145763,43319,10694,81628,-0.12429970773529055,-0.31961550685363777,9.824951457055361,0.010015073066711426,0.0024723837432861326,0.018871866485595704,61,f471fe00,43.51497060541,-79.6844333621,169.3711,-37.1,SOL_COMPUTED,SINGLE,good,2.596,1.6102,4.3081,15,15,0.0,0.0,0,0,0,0,0,0,0,0,0,—,—,0.0,0.0,0.0,0.0
2026-05-25 16:49:56.022522,1779742196.022522,2420,161414.0,WAITING_AZIMUTH,bad,43.51497123657,-79.68443755402,170.0078,-37.1,0.833760451,-1.798524076,-0.0,3.0,3.0,180.0,-0.0206,0.0088,-0.0061,0.0224,0.1115,0.0701,0.1721,0.0,0.0,0.0,0.0,0.0,0.0,0.0,0.0,0.0,-2574860,-5078775,164950242,-7462,-6889,38571,-0.15411835216674807,-0.3039902884140015,9.873103580989381,-0.0017251662139892577,-0.0015926923141479491,0.00891736612701416,61,f46efe00,43.51497124006,-79.68443755607,170.0079,-37.1,SOL_COMPUTED,SINGLE,good,2.5892,1.6023,4.2893,15,15,0.0,0.0,0,0,0,0,0,0,0,0,0,—,—,0.0,0.0,0.0,0.0
2026-05-25 16:49:57.025944,1779742197.025944,2420,161415.0,WAITING_AZIMUTH,bad,43.51497053614,-79.68443640334,170.3153,-37.1,0.840859474,-1.798910716,-0.0,3.0,3.0,180.0,-0.0149,0.0239,-0.0576,0.0282,0.1105,0.0671,0.154,0.0,0.0,0.0,0.0,0.0,0.0,0.0,0.0,0.0,-2415560,-5047274,163420072,55047,-49991,16936,-0.1445834440551758,-0.30210479475158697,9.78151519213135,0.012726510932922363,-0.011557596382141114,0.003915493835449218,61,f46bfe00,43.51497122615,-79.68443737295,170.069,-37.1,SOL_COMPUTED,SINGLE,good,2.5838,1.5959,4.2758,17,15,0.0,0.0,0,0,0,0,0,0,0,0,0,—,—,0.0,0.0,0.0,0.0
2026-05-25 16:49:58.015643,1779742198.015643,2420,161416.0,WAITING_AZIMUTH,bad,43.51495587221,-79.6844153462,176.9872,-37.1,0.83436566,-1.794441009,-0.0,3.0,3.0,180.0,-0.0001,0.0067,0.0075,0.0067,0.1105,0.0671,0.154,0.0,0.0,0.0,0.0,0.0,0.0,0.0,0.0,0.0,-2041327,-5461560,163778693,45730,112535,-4354,-0.12218371230804445,-0.32690190047607426,9.80298046697052,0.010572480697631836,0.026017365303039552,-0.001006616683959961,61,f469fe00,43.51495587223,-79.68441534772,176.987,-37.1,SOL_COMPUTED,SINGLE,good,2.4214,1.3982,3.2175,17,17,0.0,0.0,0,0,0,0,0,0,0,0,0,—,—,0.0,0.0,0.0,0.0
2026-05-25 16:49:59.015728,1779742199.015728,2420,161417.0,WAITING_AZIMUTH,bad,43.51495526014,-79.68441576244,176.8587,-37.1,0.836465029,-1.800572305,-0.0,3.0,3.0,180.0,-0.0147,0.0146,-0.0095,0.0207,0.1105,0.0671,0.154,0.0,0.0,0.0,0.0,0.0,0.0,0.0,0.0,0.0,-2539476,-5200096,164625797,-25974,82154,37950,-0.15200044137817384,-0.31125196190429694,9.853683912048647,-0.006005021072387695,0.01899347428894043,0.008773794937133789,61,f466fe00,43.51495526255,-79.68441576575,176.8589,-37.1,SOL_COMPUTED,SINGLE,good,2.4205,1.3968,3.2146,17,17,0.0,0.0,0,0,0,0,0,0,0,0,0,—,—,0.0,0.0,0.0,0.0
2026-05-25 16:50:00.018731,1779742200.018731,2420,161418.0,WAITING_AZIMUTH,bad,43.51495512551,-79.68441607398,177.0759,-37.1,0.83749017,-1.801227915,-0.0,3.0,3.0,180.0,-0.0132,0.0068,-0.0003,0.0148,0.1105,0.0671,0.154,0.0,0.0,0.0,0.0,0.0,0.0,0.0,0.0,0.0,-2103475,-5509073,163475476,59730,-61135,83642,-0.12590358342742922,-0.32974579306304935,9.784831400850832,0.013809190292358399,-0.014134017219543457,0.019337490280151366,61,f464fe00,43.51495512767,-79.68441607552,177.0759,-37.1,SOL_COMPUTED,SINGLE,good,2.4209,1.3973,3.2139,17,17,0.0,0.0,0,0,0,0,0,0,0,0,0,—,—,0.0,0.0,0.0,0.0
2026-05-25 16:50:01.015627,1779742201.015627,2420,161419.0,WAITING_AZIMUTH,bad,43.51495473056,-79.68441544417,177.0953,-37.1,0.838946314,-1.795899608,-0.0,3.0,3.0,180.0,0.0015,-0.0097,0.0017,0.0098,0.1105,0.0671,0.154,0.0,0.0,0.0,0.0,0.0,0.0,0.0,0.0,0.0,-2282327,-5064986,164808516,-13429,12425,2040,-0.13660877731048585,-0.3031649472467041,9.864620565377198,-0.003104698081970215,0.002872579765319824,0.00047163482666015625,61,f461fe00,43.51495473033,-79.68441544199,177.0953,-37.1,SOL_COMPUTED,SINGLE,good,2.4202,1.3963,3.2114,17,17,0.0,0.0,0,0,0,0,0,0,0,0,0,—,—,0.0,0.0,0.0,0.0
2026-05-25 16:50:02.015334,1779742202.015334,2420,161420.0,WAITING_AZIMUTH,bad,43.51495427025,-79.68441542399,177.3885,-37.1,0.835566505,-1.805960827,-0.0,3.0,3.0,180.0,-0.0116,0.0131,-0.0132,0.0175,0.1105,0.0671,0.154,0.0,0.0,0.0,0.0,0.0,0.0,0.0,0.0,0.0,-2273965,-5003512,163902079,134394,-53420,60445,-0.1361082694534302,-0.299485418425293,9.810365741121522,0.031071024948120116,-0.012350359039306641,0.013974493675231934,61,f45efe00,43.51495427216,-79.68441542691,177.3887,-37.1,SOL_COMPUTED,SINGLE,good,2.4209,1.3978,3.2162,17,17,0.0,0.0,0,0,0,0,0,0,0,0,0,—,—,0.0,0.0,0.0,0.0
2026-05-25 16:50:03.013941,1779742203.013941,2420,161421.0,WAITING_AZIMUTH,bad,43.51495253509,-79.68441414724,177.6605,-37.1,0.836219383,-1.794297124,-0.0,3.0,3.0,180.0,-0.0052,-0.0032,0.0211,0.0061,0.1104,0.0671,0.154,0.0,0.0,0.0,0.0,0.0,0.0,0.0,0.0,0.0,-2270541,-4938634,164526063,69528,75454,10008,-0.13590332579132083,-0.29560214304260257,9.847714329339295,0.016074424621582033,0.01744447755432129,0.0023137849731445313,61,f45cfe00,43.51495253595,-79.6844141465,177.6601,-37.1,SOL_COMPUTED,SINGLE,good,2.4217,1.3982,3.2179,17,17,0.0,0.0,0,0,0,0,0,0,0,0,0,—,—,0.0,0.0,0.0,0.0
2026-05-25 16:50:04.015240,1779742204.015240,2420,161422.0,WAITING_AZIMUTH,bad,43.51495089637,-79.68441246343,177.8112,-37.1,0.537699122,-1.813814245,-0.0,3.0,3.0,180.0,-0.0131,-0.004,0.0012,0.0137,0.1043,0.0633,0.1435,0.0,0.0,0.0,0.0,0.0,0.0,0.0,0.0,0.0,-1978108,-5318286,163971399,-119165,-72499,-24492,-0.11839973643920901,-0.3183262292596436,9.814514892598574,-0.027550178489685058,-0.016761300636291505,-0.00566239224243164,61,f459fe00,43.51495112613,-79.68441266367,177.7914,-37.1,SOL_COMPUTED,SINGLE,good,2.4219,1.3985,3.216,19,17,0.0,0.0,0,0,0,0,0,0,0,0,0,—,—,0.0,0.0,0.0,0.0
2026-05-25 16:50:05.016278,1779742205.016278,2420,161423.0,MOTION_DETECT,bad,43.51496413738,-79.68441827624,175.6092,-37.1,-0.130621756,-1.879246107,-0.0,3.0,3.0,180.0,-0.0014,0.0396,-0.0821,0.0396,0.1043,0.0633,0.1435,0.0,0.0,0.0,0.0,0.0,0.0,0.0,0.0,0.0,2539111,-5768770,163577980,-120132,-225685,36684,0.15197859428802493,-0.3452899677764893,9.790966782025148,-0.027773742645263673,-0.05217691463470459,0.008481103912353516,61,f457fe00,43.51496413761,-79.68441828512,175.6107,-37.1,SOL_COMPUTED,SINGLE,good,2.2051,1.3119,2.8792,19,19,0.0,0.0,0,0,0,0,0,0,0,0,0,—,—,0.0,0.0,0.0,0.0
2026-05-25 16:50:06.015668,1779742206.015668,2420,161424.0,MOTION_DETECT,bad,43.51496342204,-79.68441541972,175.5931,-37.1,-0.825988394,-1.977548566,-0.0,3.0,3.0,180.0,0.0311,0.1627,-0.0963,0.1656,0.1043,0.0633,0.1435,0.0,0.0,0.0,0.0,0.0,0.0,0.0,0.0,0.0,3026053,-5616212,164950665,-710802,-331495,-2429125,0.18112452790802006,-0.3361586023547364,9.873128899671938,-0.16433283238220214,-0.07663950336456299,-0.5615980138778687,61,f454fe00,43.51496341695,-79.68441545627,175.5948,-37.1,SOL_COMPUTED,SINGLE,good,2.2116,1.3198,2.8968,19,19,0.0,0.0,0,0,0,0,0,0,0,0,0,—,—,0.0,0.0,0.0,0.0
2026-05-25 16:50:07.014839,1779742207.014839,2420,161425.0,WAITING_INITIALPOS,bad,43.51496342204,-79.68441541972,175.5931,-37.1,-0.825988394,-1.977548566,-0.0,3.0,3.0,180.0,0.0311,0.1627,-0.0963,0.1656,0.1043,0.0633,0.1435,0.0,0.0,0.0,0.0,0.0,0.0,0.0,0.0,0.0,412130,-7272116,164510028,648848,-610100,-16075522,0.024668058255004885,-0.4352728050012208,9.84675455374878,0.1500094676513672,-0.141051180267334,-3.71655687840271,61,f452fe00,43.51493487981,-79.68442653556,167.1265,-37.1,SOL_COMPUTED,SINGLE,good,5.3593,1.3759,5.3881,18,17,0.0,0.0,0,0,0,0,0,0,0,0,0,—,—,0.0,0.0,0.0,0.0
2026-05-25 16:50:08.013675,1779742208.013675,2420,161426.0,WAITING_INITIALPOS,bad,43.51496342204,-79.68441541972,175.5931,-37.1,-0.825988394,-1.977548566,-0.0,3.0,3.0,180.0,0.0311,0.1627,-0.0963,0.1656,0.1043,0.0633,0.1435,0.0,0.0,0.0,0.0,0.0,0.0,0.0,0.0,0.0,-2050589,-7328541,163722627,1075960,556121,-28130360,-0.12273808970245363,-0.43865012571807865,9.799624634213563,0.24875500396728514,0.12857158403778077,-6.503557579650879,61,f44ffe00,43.51493370709,-79.68442144909,166.256,-37.1,SOL_COMPUTED,SINGLE,good,4.1702,1.3804,4.7773,19,18,0.0,0.0,0,0,0,0,0,0,0,0,0,—,—,0.0,0.0,0.0,0.0
2026-05-25 16:50:09.014101,1779742209.014101,2420,161427.0,MOTION_DETECT,bad,43.51495507287,-79.68441686277,167.0585,-37.1,1.990042838,-1.631839186,-0.0,3.0,3.0,180.0,-0.3487,0.5706,-0.9236,0.6687,0.0906,0.0664,0.1625,0.0,0.0,0.0,0.0,0.0,0.0,0.0,0.0,0.0,-8907394,-1462368,164085988,1368123,-144290,-20306707,-0.5331524375616455,-0.08753009733398438,9.821373621949464,0.3163012029190064,-0.033358916244506834,-4.6947795274429325,61,f44dfe00,43.51495512994,-79.6844169911,167.0753,-37.1,SOL_COMPUTED,SINGLE,good,2.4444,1.641,4.4748,19,18,0.0,0.0,0,0,0,0,0,0,0,0,0,—,—,0.0,0.0,0.0,0.0
2026-05-25 16:50:10.016758,1779742210.016758,2420,161428.0,MOTION_DETECT,bad,43.51496039496,-79.68440769629,167.2005,-37.1,2.809493419,-0.508412768,-0.0,3.0,3.0,180.0,-0.161,0.4665,-0.1065,0.4935,0.0903,0.0664,0.1621,0.0,0.0,0.0,0.0,0.0,0.0,0.0,0.0,0.0,-3849518,-1734114,164772397,-214451,-201313,421006,-0.23041305966003423,-0.1037954654425049,9.862458661133118,-0.049579686378479,-0.046542265617370605,0.09733386854553222,61,f449fe00,43.51496042132,-79.68440780117,167.2025,-37.1,SOL_COMPUTED,SINGLE,good,2.2705,1.6401,4.2974,18,18,0.0,0.0,0,0,0,0,0,0,0,0,0,—,—,0.0,0.0,0.0,0.0
2026-05-25 16:50:11.016566,1779742211.016566,2420,161429.0,MOTION_DETECT,bad,43.51496704477,-79.6844013842,169.5275,-37.1,-0.444638872,-1.509871424,-0.0,3.0,3.0,180.0,-0.0077,-0.0189,0.0082,0.0204,0.0902,0.0664,0.1616,0.0,0.0,0.0,0.0,0.0,0.0,0.0,0.0,0.0,420382,-3760794,164918108,461762,7756,-6704192,0.02516198205749512,-0.22510248095764163,9.871180199085694,0.10675639256286622,0.0017931371154785156,-1.5499658979492188,61,f447fe00,43.51496704603,-79.6844013799,169.5274,-37.1,SOL_COMPUTED,SINGLE,good,2.273,1.6513,4.2766,19,19,0.0,0.0,0,0,0,0,0,0,0,0,0,—,—,0.0,0.0,0.0,0.0
2026-05-25 16:50:12.013331,1779742212.013331,2420,161430.0,MOTION_DETECT,bad,43.51499421927,-79.68440784315,175.2469,-37.1,-1.318493754,-1.79592269,-0.0,3.0,3.0,180.0,-0.0634,0.1493,-0.1022,0.1622,0.0897,0.0653,0.1507,0.0,0.0,0.0,0.0,0.0,0.0,0.0,0.0,0.0,9801106,-7694934,165032935,-661263,-733401,-24049249,0.5866456064141846,-0.4605805939398194,9.878053173936463,-0.1528797354812622,-0.16955757524871826,-5.560031070304871,61,f445fe00,43.51499409851,-79.68440775226,175.2314,-37.1,SOL_COMPUTED,SINGLE,good,2.2379,1.6053,3.6285,20,19,0.0,0.0,0,0,0,0,0,0,0,0,0,—,—,0.0,0.0,0.0,0.0
2026-05-25 16:50:13.017600,1779742213.017600,2420,161431.0,MOTION_DETECT,bad,43.51497649959,-79.68437597896,173.755,-37.1,-3.034614382,-3.170044515,-0.0,3.0,3.0,180.0,-0.1576,0.5185,0.0587,0.5419,0.0791,0.0615,0.1401,0.0,0.0,0.0,0.0,0.0,0.0,0.0,0.0,0.0,8000538,-10435490,163356606,1476780,470172,-60348241,0.47887253404357916,-0.6246166870635987,9.777716432067262,0.34142199966430664,0.10870073025512696,-13.952123619255065,61,f442fe00,43.51497652538,-79.6843760954,173.7539,-37.1,SOL_COMPUTED,SINGLE,good,1.9981,1.4408,3.387,20,20,0.0,0.0,0,0,0,0,0,0,0,0,0,—,—,0.0,0.0,0.0,0.0
2026-05-25 16:50:14.015779,1779742214.015779,2420,161432.0,MOTION_DETECT,bad,43.51498396345,-79.68437417396,174.8411,-37.1,-2.182495125,-4.074969921,-0.0,3.0,3.0,180.0,-0.3518,1.1096,-0.0205,1.1640,0.0796,0.0583,0.1363,0.0,0.0,0.0,0.0,0.0,0.0,0.0,0.0,0.0,5824982,-10745953,165087330,3325771,1835092,-90243894,0.3486545393695069,-0.643199462814026,9.881308988919068,0.768896778968811,0.42426142025756836,-20.86380554109192,61,f43ffe00,43.51497741822,-79.6843624807,173.3775,-37.1,SOL_COMPUTED,SINGLE,good,2.0042,1.4395,3.2578,21,21,0.0,0.0,0,0,0,0,0,0,0,0,0,—,—,0.0,0.0,0.0,0.0
2026-05-25 16:50:15.015307,1779742215.015307,2420,161433.0,MOTION_DETECT,bad,43.51493961249,-79.68434759466,171.661,-37.1,-1.772423251,-4.30823671,-0.0,3.0,3.0,180.0,-0.9517,1.5776,-0.2833,1.8424,0.0833,0.0637,0.1457,0.0,0.0,0.0,0.0,0.0,0.0,0.0,0.0,0.0,3336275,-14821946,161358065,3617859,2445363,-91309229,0.19969287859344484,-0.8871681929986573,9.658093677565004,0.8364256384048462,0.5653521346206665,-21.11010411367035,61,f43dfe00,43.51495788027,-79.68436400681,173.3919,-37.1,SOL_COMPUTED,SINGLE,good,2.3021,1.6191,3.5003,19,19,0.0,0.0,0,0,0,0,0,0,0,0,0,—,—,0.0,0.0,0.0,0.0
2026-05-25 16:50:16.014389,1779742216.014389,2420,161434.0,MOTION_DETECT,bad,43.51491742106,-79.68434617212,164.6662,-37.1,-1.520093143,-3.013108454,-0.0,3.0,3.0,180.0,-1.7754,1.4351,-0.2363,2.2829,0.1012,0.0669,0.1894,0.0,0.0,0.0,0.0,0.0,0.0,0.0,0.0,0.0,3112630,-3839903,164093631,1968455,2898626,-58424387,0.18630659783630374,-0.22983755343597415,9.821831094031678,0.45509408466339113,0.6701436132659913,-13.507340997779846,61,f43bfe00,43.5149180808,-79.6843458402,165.0179,-37.1,SOL_COMPUTED,SINGLE,good,2.3504,1.5985,4.4176,17,17,0.0,0.0,0,0,0,0,0,0,0,0,0,—,—,0.0,0.0,0.0,0.0
2026-05-25 16:50:17.016664,1779742217.016664,2420,161435.0,MOTION_DETECT,bad,43.51490909493,-79.68432090466,164.6884,-37.1,0.380509515,-0.99217021,-0.0,3.0,3.0,180.0,-2.1059,1.5818,0.3326,2.6338,0.0999,0.0616,0.1656,0.0,0.0,0.0,0.0,0.0,0.0,0.0,0.0,0.0,-5374723,2386192,165524973,5980607,1150162,-17131876,-0.32170426823699955,0.14282562119628908,9.907504128847963,1.3826777185134889,0.2659100272064209,-3.960779101776123,61,f438fe00,43.51490771519,-79.68432398708,165.1768,-37.1,SOL_COMPUTED,SINGLE,good,2.4525,1.564,4.2857,18,18,0.0,0.0,0,0,0,0,0,0,0,0,0,—,—,0.0,0.0,0.0,0.0
2026-05-25 16:50:18.014538,1779742218.014538,2420,161436.0,MOTION_DETECT,bad,43.51488298027,-79.68430276481,164.2731,-37.1,1.248744031,2.046114982,-0.0,3.0,3.0,180.0,-2.2038,1.792,-0.0858,2.8404,0.0957,0.0624,0.1679,0.0,0.0,0.0,0.0,0.0,0.0,0.0,0.0,0.0,-4467456,6503365,165364444,-95136,4126602,5636761,-0.26739976429687506,0.38925918199005133,9.897895658890382,-0.021994828857421874,0.9540437347869873,1.3031827437057495,61,f435fe00,43.51488298034,-79.68430338705,164.2158,-37.1,SOL_COMPUTED,SINGLE,good,2.1289,1.4308,4.0302,20,18,0.0,0.0,0,0,0,0,0,0,0,0,0,—,—,0.0,0.0,0.0,0.0
2026-05-25 16:50:19.021845,1779742219.021845,2420,161437.0,MOTION_DETECT,bad,43.5148618796,-79.6842821421,164.5238,-37.1,1.336856646,1.735710536,-0.0,3.0,3.0,180.0,-2.2238,1.9712,-0.0324,2.9717,0.0787,0.0614,0.1494,0.0,0.0,0.0,0.0,0.0,0.0,0.0,0.0,0.0,-4642006,3413316,163483786,-1993299,1753920,4014283,-0.27784746179138187,0.2043041708459473,9.785328796245729,-0.46083785703277585,0.40549497802734374,0.9280763072891235,61,f432fe00,43.51486420867,-79.68428150546,164.1782,-37.1,SOL_COMPUTED,SINGLE,good,1.9905,1.3921,3.6636,22,21,0.0,0.0,0,0,0,0,0,0,0,0,0,—,—,0.0,0.0,0.0,0.0
2026-05-25 16:50:20.016886,1779742220.016886,2420,161438.0,MOTION_DETECT,bad,43.51484151654,-79.68425463938,164.7571,-37.1,1.290649122,1.233043801,-0.0,3.0,3.0,180.0,-2.351,2.2031,0.0602,3.2219,0.0728,0.0608,0.1485,0.0,0.0,0.0,0.0,0.0,0.0,0.0,0.0,0.0,-45238,7138333,163174187,-2547354,-3745546,6013732,-0.0027077223675537115,0.42726521798370365,9.766797735251162,-0.588931795211792,-0.8659460482635498,1.3903360046081543,61,f430fe00,43.51484236411,-79.68425483447,164.6662,-37.1,SOL_COMPUTED,SINGLE,good,1.7032,1.3504,3.6185,22,22,0.0,0.0,0,0,0,0,0,0,0,0,0,—,—,0.0,0.0,0.0,0.0
2026-05-25 16:50:21.020507,1779742221.020507,2420,161439.0,INS_ALIGNMENT_COMPLETE,good,43.51480644116,-79.68418202575,164.4581,-37.1,0.897935556,0.546773469,132.6120959,2.9979,2.9999,4.5067,-2.5584,2.59,0.1301,3.6405,0.53,0.5282,0.1776,-0.0012630149572879,0.0030300707675711,-0.0007794491777567,-0.009985337372963242,-0.003919754280209816,0.018005691356954893,-0.0001742770140809,-6.84126180589e-05,0.0003142585982772,-4483014,6505452,163071868,-4748885,-2244553,7743183,-0.26833098903259284,0.38938409946166996,9.760673427259523,-1.0979115459823607,-0.5189261593551636,1.7901739078445436,61,f42dfe00,43.51482002124,-79.68422653927,164.7397,-37.1,SOL_COMPUTED,SINGLE,good,1.6877,1.3403,3.5801,23,23,0.0,0.0,1,0,0,0,0,0,0,0,0,—,—,0.0,0.0,0.0,0.0
2026-05-25 16:50:22.014978,1779742222.014978,2420,161440.0,INS_ALIGNMENT_COMPLETE,good,43.51478530703,-79.68415329485,164.0589,-37.1,0.900268915,0.295393746,130.654367929,2.8466,2.8465,4.4066,-2.4083,2.6168,0.1619,3.5563,0.997,0.9959,0.2455,-0.0026855003819143,-0.0002292849102383,-0.0009676335033414,-0.0014673140283645695,0.0008243482231125793,0.017204899358080783,-2.56094609557e-05,1.43875906763e-05,0.0003002821412732,-5774773,308107,162343709,-78213,930196,7250016,-0.34564927759063724,0.018441757272644046,9.71708944009308,-0.0180823405380249,0.2150553084411621,1.676156882080078,61,f42bfe00,43.5147996379,-79.68420047535,163.4309,-37.1,SOL_COMPUTED,SINGLE,good,1.6008,1.2623,3.1963,23,23,0.0,0.0,1,0,0,0,0,0,0,0,0,—,—,0.0,0.0,0.0,0.0
2026-05-25 16:50:23.016157,1779742223.016157,2420,161441.0,INS_ALIGNMENT_COMPLETE,good,43.51476326626,-79.68412104153,163.8807,-37.1,1.413596769,0.206673993,129.160536772,2.1577,2.2159,4.3098,-2.3233,2.7557,0.163,3.6044,1.1457,1.1115,0.3276,-0.0020221137962212,-0.0011888831303221,-0.0011401159483863,-0.004983756775770674,0.002561871842865384,0.014890321186713884,-8.69829648559e-05,4.47130986722e-05,0.000259885131388,-8973615,-1040566,163778028,-2158217,1252024,6411501,-0.5371160982650758,-0.06228312111755372,9.802940663367922,-0.4989658336715698,0.28945986383056643,1.482297628807068,61,f428fe00,43.51477565945,-79.68416643391,163.2136,-37.1,SOL_COMPUTED,SINGLE,good,1.5934,1.2552,3.187,23,23,0.0,0.0,1,0,0,0,0,0,0,0,0,—,—,0.0,0.0,0.0,0.0
2026-05-25 16:50:24.029331,1779742224.029331,2420,161442.0,INS_ALIGNMENT_COMPLETE,good,43.51474214152,-79.68408344728,163.768,-37.1,1.377544067,-0.213733747,128.625105287,1.3977,1.4729,4.2202,-2.2142,2.9915,0.1227,3.7218,0.967,0.906,0.4123,-0.0016334037253343,0.0001942432100219,-0.0032918448872458,-0.010369322648144556,-0.0031246718174926242,-0.0008365908441799531,-0.000180978821412,-5.45358112596e-05,-1.4601264723e-05,-6601989,-476169,157101774,-4612708,-1627556,-298904,-0.3951623256033326,-0.02850111525787354,9.403333203107302,-1.066428302947998,-0.3762804372253418,-0.06910467462158203,61,f426fe00,43.5147527395,-79.68413284259,164.2435,-37.1,SOL_COMPUTED,INS_PSRSP,good,1.1322,1.0016,1.735,23,23,0.0,0.0,1,0,0,0,0,0,0,0,0,—,—,0.0,0.0,0.0,0.0
2026-05-25 16:50:25.014842,1779742225.014842,2420,161443.0,INS_ALIGNMENT_COMPLETE,good,43.51471984687,-79.68404632546,163.6809,-37.1,1.206333124,-0.549826109,129.16029506,0.9669,1.0223,4.1388,-2.1141,3.0823,0.1565,3.7376,0.7545,0.6918,0.4902,-0.0028599643249159,-0.0011593267377912,0.0017988844657042,-0.00817886495393241,-0.012268259358251333,-0.02174880763191883,-0.0001427481225223,-0.0002141215192904,-0.0003795883015604,-7865227,-4184135,169285768,-3862155,-5432567,-9616420,-0.4707734885226441,-0.2504415740829468,10.132606669660646,-0.8929052960586548,-1.2559744094924927,-2.2232542057800293,61,f423fe00,43.51473152179,-79.68409508471,164.1318,-37.1,SOL_COMPUTED,INS_PSRSP,good,1.2291,1.092,1.5946,24,24,0.0,0.0,1,0,0,0,0,0,0,0,0,—,—,0.0,0.0,0.0,0.0
2026-05-25 16:50:26.017937,1779742226.017937,2420,161444.0,INS_ALIGNMENT_COMPLETE,good,43.51469819648,-79.68400957191,163.4674,-37.1,1.345774325,-0.626787678,132.712827896,0.7628,0.8017,4.0633,-1.7665,3.1218,0.1381,3.5869,0.6029,0.5405,0.5522,-0.0111816092659588,-0.0055086141784381,-0.001425336739865,0.0006663681142966987,0.015802087810987984,-0.04451917464030495,1.16303176248e-05,0.0002757984609914,-0.0007770061777448,-22450940,-11329840,163686302,155043,6846937,-19767107,-1.3438019455017092,-0.6781480434326173,9.797450399830934,0.035844940406799315,1.5829676201705933,-4.570027491920471,61,f420fe00,43.51470930209,-79.68405807002,164.0491,-37.1,SOL_COMPUTED,INS_PSRSP,good,1.2262,1.0822,1.5569,24,24,0.0,0.0,1,0,0,0,0,0,0,0,0,—,—,0.0,0.0,0.0,0.0
2026-05-25 16:50:27.015940,1779742227.015940,2420,161445.0,INS_ALIGNMENT_COMPLETE,good,43.51468315419,-79.68397240557,163.3653,-37.1,1.592388633,-0.76839814,144.63522216,0.6672,0.6936,3.9929,-0.5492,3.4326,0.0442,3.4763,0.495,0.4365,0.5879,-0.0096491558156856,-0.0054261644405409,-0.0032104804143126,0.001108338095718518,-0.0046688681580951165,-0.17078772627009184,1.93441489956e-05,-8.14871217004e-05,-0.0029808081454122,-21398496,-11444669,158342262,-22937,-1688585,-74242143,-1.2808078662011722,-0.6850211379934693,9.477582663832399,-0.005302886283874512,-0.3903899479293823,-17.164304041511535,61,f41efe00,43.5146881933,-79.68402219563,163.8319,-37.1,SOL_COMPUTED,INS_PSRSP,good,1.2039,1.0457,1.6146,23,23,0.0,0.0,1,0,0,0,0,0,0,0,0,—,—,0.0,0.0,0.0,0.0
2026-05-25 16:50:28.028375,1779742228.028375,2420,161446.0,INS_ALIGNMENT_COMPLETE,good,43.51467178577,-79.68394177839,163.3197,-37.1,1.429630094,-0.773456905,163.628347286,0.6215,0.6395,3.9308,0.1276,3.5071,0.0425,3.5094,0.42,0.3794,0.5965,-0.0038466689572685,-0.0050045818201799,0.0012430929632522,0.008023194147670984,0.0016811364658233076,-0.18178308127623413,0.0001400311544038,2.9341366504e-05,-0.0031727132926953,-10715324,-10977069,165913028,2799235,858986,-78659032,-0.6413661627478028,-0.6570329205862427,9.93073117697876,0.6471650558853149,0.19859201628112794,-18.18546025616455,61,f41cfe00,43.51467525091,-79.68398760694,163.7233,-37.1,SOL_COMPUTED,INS_PSRSP,good,1.1713,1.0044,1.7214,25,24,0.0,0.0,1,0,0,0,0,0,0,0,0,—,—,0.0,0.0,0.0,0.0
2026-05-25 16:50:29.015725,1779742229.015725,2420,161447.0,INS_ALIGNMENT_COMPLETE,good,43.51465748403,-79.68392457837,163.1527,-37.1,1.71512193,-0.957502007,182.016420726,0.5984,0.611,3.8654,0.323,3.158,0.0066,3.1745,0.3714,0.3483,0.5806,-0.00291594448312,-0.0059331045874521,-0.0010614391520553,0.010459687921705148,0.004584436960479305,-0.18855542352094626,0.0001825559929651,8.00135193106e-05,-0.0032909129629376,-10139673,-12142054,162147381,4188394,1722484,-81897570,-0.6069105482510376,-0.726763146112671,9.705338219504702,0.9683296461639405,0.39822717782592776,-18.934189328842162,61,f419fe00,43.51466791788,-79.68395967551,163.6819,-37.1,SOL_COMPUTED,INS_PSRSP,good,1.1438,0.9686,1.8349,25,24,0.0,0.0,1,0,0,0,0,0,0,0,0,—,—,0.0,0.0,0.0,0.0
2026-05-25 16:50:30.016068,1779742230.016068,2420,161448.0,INS_ALIGNMENT_COMPLETE,good,43.51465604877,-79.68389801424,164.2673,-37.1,1.978586852,-0.795996619,201.334695712,0.5941,0.6083,3.8077,0.7972,3.1063,0.222,3.2070,0.4209,0.3927,0.6207,0.0009853084594508,-0.0056515331425896,0.0004299053535114,0.01599028467130772,0.0029254738568257567,-0.1820477439041489,0.0002790831158459,5.10591509827e-05,-0.0031773325269594,-4697160,-11899333,162481473,7159222,1496776,-78345194,-0.2811487067504883,-0.7122350705838014,9.725335310030824,1.6551658955841064,0.3460449457397461,-18.112902937179566,61,f416fe00,43.51465791139,-79.68394326103,163.5073,-37.1,SOL_COMPUTED,INS_PSRSP,good,1.121,0.9368,1.9281,24,23,0.0,0.0,1,0,0,0,0,0,0,0,0,—,—,0.0,0.0,0.0,0.0
2026-05-25 16:50:31.015925,1779742231.015925,2420,161449.0,INS_ALIGNMENT_COMPLETE,good,43.5146329898,-79.68392945236,162.5156,-37.1,2.922438995,-1.064106179,213.859547608,0.5772,0.5813,3.707,0.448,1.7073,-0.1749,1.7651,0.3818,0.3801,0.5405,0.0025470347031774,0.0002776788457967,0.0001267201554239,0.008860696727707182,0.006989147082794728,-0.09938085936838714,0.0001546483319194,0.0001219836285011,-0.0017345232094423,-3593873,-3776221,163056027,3760453,3209424,-42508249,-0.2151114175747681,-0.2260258646829224,9.75972526354706,0.8693924504013062,0.741998103881836,-9.827632670951843,61,f413fe00,43.51466096407,-79.68391546408,164.6151,-37.1,SOL_COMPUTED,INS_PSRSP,good,1.4397,1.1767,2.3864,24,10,0.0,0.0,1,0,0,0,0,0,0,0,0,—,—,0.0,0.0,0.0,0.0
2026-05-25 16:50:32.015272,1779742232.015272,2420,161450.0,INS_ALIGNMENT_COMPLETE,good,43.51461142655,-79.68397092789,162.2068,-37.1,3.707306617,-1.5805739,218.163576946,0.5601,0.5621,3.6203,0.034,0.1104,-0.2546,0.1155,0.4065,0.4121,0.4934,0.0074680520526171,0.0022005521236335,-0.0016181827225322,0.006075405872810763,0.0044867179799632385,-0.04693809459036584,0.0001060358358757,7.83080013589e-05,-0.0008192242952156,-1196899,-5298049,162813874,2059680,1281787,-13357982,-0.07164043932098389,-0.31711494278472907,9.745231185681764,0.47618471557617187,0.2963408772354126,-3.0882791789703368,61,f411fe00,43.51464054989,-79.68394509818,162.8381,-37.1,SOL_COMPUTED,INS_PSRSP,good,1.2697,1.0869,2.2952,24,23,0.0,0.0,1,0,0,0,0,0,0,0,0,—,—,0.0,0.0,0.0,0.0
2026-05-25 16:50:33.013180,1779742233.013180,2420,161451.0,INS_ALIGNMENT_COMPLETE,good,43.51458411993,-79.68402336696,163.4923,-37.1,4.19200615,-1.973259936,216.912240631,0.5317,0.5349,3.5321,-0.6868,-1.6408,-0.0547,1.7787,0.4441,0.4342,0.4379,0.0045128607716431,0.0045619391131102,-0.0002217180709774,-0.0007024059995828348,-0.0012572239428746918,0.003597141318256767,-1.22592973785e-05,-2.19426972381e-05,6.27819596632e-05,-4203610,-2701727,165408914,-239078,-760304,1643348,-0.2516072510162354,-0.16171198171722415,9.90055741258606,-0.055273289749145506,-0.1757773751220703,0.37993144564819337,61,f40ffe00,43.51461982586,-79.68398581071,162.5083,-37.1,SOL_COMPUTED,INS_PSRSP,good,1.2231,1.0745,2.3136,24,23,0.0,0.0,1,0,0,0,0,0,0,0,0,—,—,0.0,0.0,0.0,0.0
2026-05-25 16:50:34.020455,1779742234.020455,2420,161452.0,INS_ALIGNMENT_COMPLETE,good,43.51455583903,-79.6840832153,163.6224,-37.1,4.514801716,-2.419903875,214.726591659,0.4926,0.4988,3.4607,-1.4965,-3.2114,-0.0867,3.5430,0.4758,0.4466,0.4033,0.0051732472301585,0.0061950695374487,0.001212788680302,-0.0024809539096396506,-0.0015622024949622176,0.012981289835054605,-4.33008143135e-05,-2.726557712e-05,0.0002265662487777,-2883510,-1571091,163832871,-1479613,-512246,5611997,-0.17259261072692875,-0.09403771701141359,9.80622329340912,-0.3420769709701538,-0.1184279673614502,1.2974574668197631,61,f40cfe00,43.51459228313,-79.6840385344,163.7809,-37.1,SOL_COMPUTED,INS_PSRSP,good,1.1967,1.0417,2.2372,25,24,0.0,0.0,1,0,0,0,0,0,0,0,0,—,—,0.0,0.0,0.0,0.0
2026-05-25 16:50:35.016966,1779742235.016966,2420,161453.0,INS_ALIGNMENT_COMPLETE,good,43.51452413377,-79.68413599358,163.5704,-37.1,4.55772291,-2.859132349,213.327292379,0.4453,0.4483,3.4066,-2.3383,-4.1993,-0.1244,4.8064,0.4851,0.4374,0.3657,0.0048120921672876,0.0092330144500997,6.93891625728e-05,-0.001673990823724127,-0.0013791636544543298,0.009268843940369203,-2.92166515222e-05,-2.40709466941e-05,0.0001617718446132,-3771859,453286,165865293,-763225,77047,4167064,-0.22576477699188235,0.027131452343139652,9.927873996572572,-0.17645269145965575,0.017812768867492675,0.963398287902832,61,f409fe00,43.5145635727,-79.68409882596,163.9024,-37.1,SOL_COMPUTED,INS_PSRSP,good,1.2191,1.0607,2.2424,24,24,0.0,0.0,1,0,0,0,0,0,0,0,0,—,—,0.0,0.0,0.0,0.0
2026-05-25 16:50:36.017072,1779742236.017072,2420,161454.0,INS_ALIGNMENT_COMPLETE,good,43.51449087328,-79.68417866579,163.8857,-37.1,4.350863896,-3.320460358,212.578894659,0.3982,0.3871,3.3627,-3.0644,-4.6271,-0.0813,5.5498,0.4647,0.4195,0.3238,0.0027532152979241,0.0090020808321295,0.0024526300260986,-0.008301053357728433,0.0006889106182425795,0.004108382112484639,-0.0001448807124763,1.20237585403e-05,7.1704794793e-05,-5668515,-1257840,165694463,-3274226,-4859,1795537,-0.3392892005905152,-0.07528806540527345,9.91764895983246,-0.7569799078216553,-0.0011233694229125977,0.4151165596847534,61,f406fe00,43.5145315781,-79.68415187016,163.8494,-37.1,SOL_COMPUTED,INS_PSRSP,good,1.2509,1.0738,2.1948,24,24,0.0,0.0,1,0,0,0,0,0,0,0,0,—,—,0.0,0.0,0.0,0.0
2026-05-25 16:50:37.014640,1779742237.014640,2420,161455.0,INS_ALIGNMENT_COMPLETE,good,43.51445987881,-79.68421559525,163.6308,-37.1,3.663991685,-3.687701204,211.956893167,0.358,0.3309,3.3109,-3.6276,-4.6201,-0.13,5.8741,0.435,0.4062,0.2985,0.0023211018841555,0.0073542675086334,-0.0002360595622321,-0.0068094974412664785,-0.0012926920109020716,0.005564701604489924,-0.0001188481507564,-2.25617318045e-05,9.71223648895e-05,-4731912,-2279463,163010506,-2934543,-81902,2449765,-0.28322878915283206,-0.13643735247161867,9.75700060220276,-0.6784473917312622,-0.018935213516235352,0.5663698485946655,61,f404fe00,43.51449814361,-79.68419467868,164.1704,-37.1,SOL_COMPUTED,INS_PSRSP,good,1.2341,1.0795,2.0681,25,25,0.0,0.0,1,0,0,0,0,0,0,0,0,—,—,0.0,0.0,0.0,0.0
2026-05-25 16:50:38.015164,1779742238.015164,2420,161456.0,INS_ALIGNMENT_COMPLETE,good,43.51443078449,-79.68424447542,163.3254,-37.1,3.325315014,-3.920253895,211.59217756,0.3253,0.2846,3.2413,-4.012,-4.2623,-0.1532,5.8535,0.4024,0.3967,0.2865,-0.0011422756053182,0.0059897084699521,-0.0006238470059234,-0.0005414984006248195,-0.00494262173917637,-0.005530778694521928,-9.4509299852e-06,-8.62650230294e-05,-9.65302984187e-05,-7886527,-4827216,161088348,-182446,-2346290,-2514621,-0.4720484009066773,-0.28893321402832034,9.641949755335695,-0.042180337051391605,-0.542447096786499,-0.5813641369857788,61,f402fe00,43.51446698196,-79.68423169835,163.9337,-37.1,SOL_COMPUTED,INS_PSRSP,good,1.2434,1.1022,2.0276,25,25,0.0,0.0,1,0,0,0,0,0,0,0,0,—,—,0.0,0.0,0.0,0.0
2026-05-25 16:50:39.018924,1779742239.018924,2420,161457.0,INS_ALIGNMENT_COMPLETE,good,43.51440311758,-79.68426401245,163.2644,-37.1,2.758908328,-4.219037078,214.114554209,0.299,0.2444,3.1497,-4.1966,-3.5958,-0.1476,5.5264,0.3622,0.3851,0.278,-0.0021123203139016,0.0037843352487329,-0.0002712276256397,-0.0072043169175524625,0.0011796284604320211,-0.05714406317688917,-0.0001257390505686,2.05884005848e-05,-0.0009973520504058,-10685936,-10007642,162574679,-2732553,956386,-25075836,-0.6396071427880861,-0.5990078272662355,9.730914159029238,-0.6317486080856324,0.22111026731872557,-5.797371355499267,61,f3fffe00,43.51443778901,-79.68426063381,163.6373,-37.1,SOL_COMPUTED,INS_PSRSP,good,1.3052,1.1346,2.0865,24,24,0.0,0.0,1,0,0,0,0,0,0,0,0,—,—,0.0,0.0,0.0,0.0
2026-05-25 16:50:40.025993,1779742240.025993,2420,161458.0,INS_ALIGNMENT_COMPLETE,good,43.51436599848,-79.68428885465,162.8383,-37.1,1.518729209,-4.585371775,223.478892547,0.2913,0.2349,3.1002,-4.4517,-2.9054,-0.1934,5.3159,0.3931,0.4135,0.2873,-0.0047991338329297,-0.0014408660711329,0.001045990235088,0.0035744430519069215,-0.006014502294779061,-0.14353938517548204,6.23858001809e-05,-0.0001049728679128,-0.0025052348776041,-9922620,-17726469,166066352,1707817,-2609526,-62708747,-0.5939188319274903,-1.0610185377127077,9.939908391362307,0.3948362621383667,-0.6033055601348877,-14.497857363441467,61,f3fdfe00,43.51441059547,-79.6842797192,163.5911,-37.1,SOL_COMPUTED,INS_PSRSP,good,1.3483,1.1746,2.1717,23,23,0.0,0.0,1,0,0,0,0,0,0,0,0,—,—,0.0,0.0,0.0,0.0
2026-05-25 16:50:41.015151,1779742241.015151,2420,161459.0,INS_ALIGNMENT_COMPLETE,good,43.51432857683,-79.68429927453,162.2392,-37.1,0.16146657,-4.145206112,240.950493426,0.2802,0.2219,3.0214,-4.6781,-2.0809,-0.2414,5.1200,0.4214,0.4214,0.2949,-0.0055606531132393,-0.0004695479768649,-0.0008459205447309,0.009797537834878954,0.012290444687475434,-0.20134007975712126,0.0001709992938076,0.000214508726331,-0.0035140473079948,-8286528,-13753510,163860527,3995938,5223417,-87145207,-0.49599047736328133,-0.8232169118743897,9.807878644436952,0.9238350617523193,1.2076202800827027,-20.147409116523743,61,f3fafe00,43.5143751595,-79.68430265455,163.1974,-37.1,SOL_COMPUTED,INS_PSRSP,good,1.7338,1.442,2.4461,23,13,0.0,0.0,1,0,0,0,0,0,0,0,0,—,—,0.0,0.0,0.0,0.0
2026-05-25 16:50:42.016925,1779742242.016925,2420,161460.0,INS_ALIGNMENT_COMPLETE,good,43.51429702685,-79.6843057999,161.3066,-37.1,-0.246275863,-3.117687929,262.428145189,0.266,0.2038,2.8971,-4.9305,-1.4776,-0.3696,5.1471,0.4415,0.4097,0.3011,-0.005759460828862,-0.0016488927043403,0.0009110969125826,0.011988843319511337,0.011396993760576728,-0.21271678488840384,0.0002092447894315,0.0001989150659516,-0.0037126082705645,-7888495,-12305856,164735569,5070555,4849129,-91857176,-0.472166195628357,-0.7365675216210938,9.860254319664612,1.1722795727920532,1.121087311454773,-21.236785921691894,61,f3f7fe00,43.51434026045,-79.68430860397,162.6341,-37.1,SOL_COMPUTED,INS_PSRSP,good,2.1532,1.6712,2.7253,22,13,0.0,0.0,1,0,0,0,0,0,0,0,0,—,—,0.0,0.0,0.0,0.0
2026-05-25 16:50:43.017495,1779742243.017495,2420,161461.0,INS_ALIGNMENT_COMPLETE,good,43.51427268475,-79.68431250982,160.112,-37.1,-0.287207921,-1.828678497,283.285603877,0.2517,0.188,2.8019,-5.0473,-1.0852,-0.5161,5.1626,0.4608,0.4036,0.3069,-0.0052412032343463,-0.0033428391903746,-0.0011266453813815,0.011331847681927146,0.007975416227788764,-0.21243438517215196,0.0001977780523844,0.0001391972723921,-0.0037076794657092,-6341836,-11022588,163203318,5041266,3505898,-92017782,-0.37959085699096684,-0.6597574622204591,9.768541372465211,1.1655081451263427,0.8105409781951904,-21.27391699177551,61,f3f5fe00,43.51431036845,-79.68430851197,161.7125,-37.1,SOL_COMPUTED,INS_PSRSP,good,2.4864,1.8055,3.0024,24,14,0.0,0.0,1,0,0,0,0,0,0,0,0,—,—,0.0,0.0,0.0,0.0
2026-05-25 16:50:44.025886,1779742244.025886,2420,161462.0,INS_ALIGNMENT_COMPLETE,good,43.51425867484,-79.68431980992,158.8015,-37.1,0.13318616,-0.584324145,304.927267942,0.2356,0.1742,2.7058,-5.0481,-0.7423,-0.65,5.1024,0.4729,0.3944,0.3125,-0.0049308026265405,-0.0055664895289722,-0.00118715321359,0.012969375219851653,0.006379083348618611,-0.22200498119922196,0.0002263582995133,0.0001113360076927,-0.0038747178777601,-7571148,-12271612,164630926,5667222,3374188,-95936507,-0.4531713777722169,-0.7345178455798341,9.85399090855652,1.310225130203247,0.7800904767150879,-22.17990090653229,61,f3f2fe00,43.51428583408,-79.68430841056,160.5193,-37.1,SOL_COMPUTED,INS_PSRSP,good,2.7836,1.8989,3.2865,22,13,0.0,0.0,1,0,0,0,0,0,0,0,0,—,—,0.0,0.0,0.0,0.0
2026-05-25 16:50:45.016853,1779742245.016853,2420,161463.0,INS_ALIGNMENT_COMPLETE,good,43.51425556085,-79.68432459682,157.5573,-37.1,1.136708912,0.444876383,327.888924886,0.2178,0.1623,2.6101,-4.9898,-0.3818,-0.7799,5.0044,0.4755,0.3874,0.3172,-0.0034519995095785,-0.0076489938404116,-0.0008859843106569,0.006696942695985468,0.008751909224127117,-0.2395483753462969,0.0001168836998625,0.0001527496317969,-0.0041809078676021,-8244099,-13125703,163960503,2795321,3706447,-103621295,-0.49345088780731206,-0.7856394978329468,9.813862712066346,0.6462601643600464,0.856906611946106,-23.956574267463683,61,f3f0fe00,43.51426977218,-79.68430922303,159.1978,-37.1,SOL_COMPUTED,INS_PSRSP,good,3.0432,1.9474,3.5759,22,14,0.0,0.0,1,0,0,0,0,0,0,0,0,—,—,0.0,0.0,0.0,0.0
2026-05-25 16:50:46.016305,1779742246.016305,2420,161464.0,INS_ALIGNMENT_COMPLETE,good,43.51426088002,-79.68432377917,156.5694,-37.1,2.480556164,0.51298682,352.470242194,0.199,0.152,2.5179,-5.0444,-0.0552,-0.8798,5.0447,0.4678,0.3876,0.3204,-0.002212183988014,-0.0090618381945841,-0.0015878028149286,0.004894982027663558,0.008554966161867239,-0.2582068111799668,8.54335532088e-05,0.0001493123269215,-0.0045065590061722,-11842105,-14388018,162567155,1810059,3779566,-111843341,-0.7088096862686158,-0.8611954145489503,9.730463809696962,0.4184739523086548,0.8738112525787354,-25.857458208641052,61,f3edfe00,43.5142627529,-79.68430878455,157.9273,-37.1,SOL_COMPUTED,INS_PSRSP,good,3.261,1.9527,3.8634,23,14,0.0,0.0,1,0,0,0,0,0,0,0,0,—,—,0.0,0.0,0.0,0.0
2026-05-25 16:50:47.015390,1779742247.015390,2420,161465.0,INS_ALIGNMENT_COMPLETE,good,43.5142722962,-79.68431489821,155.9664,-37.1,3.53224793,0.072182092,17.995834079,0.1798,0.1428,2.4249,-5.227,0.2873,-0.9338,5.2349,0.4486,0.3944,0.322,0.0036892235716074,-0.0129985592285821,-5.14710327365e-05,0.020887097845951913,0.004921811633450791,-0.24722873569418746,0.0003645486285986,8.59018181668e-05,-0.0043149554434126,-5294921,-23184103,162726807,9400380,1398976,-105872413,-0.31692771621490484,-1.3876854472958375,9.740019786783144,2.1733071528625487,0.32343421728515626,-24.477018212425232,61,f3ebfe00,43.51426264378,-79.68430518772,156.9039,-37.1,SOL_COMPUTED,INS_PSRSP,good,3.4345,1.9504,4.1415,26,14,0.0,0.0,1,0,0,0,0,0,0,0,0,—,—,0.0,0.0,0.0,0.0
2026-05-25 16:50:48.016147,1779742248.016147,2420,161466.0,INS_ALIGNMENT_COMPLETE,good,43.51428716566,-79.68429276453,155.8044,-37.1,4.304324647,-0.334357247,35.542357321,0.1607,0.1347,2.3269,-5.1236,0.9422,-0.9232,5.2095,0.4201,0.4038,0.3217,0.0031540090110351,-0.004990658580116,0.0013124094479453,0.008929355433634961,0.006903331337158976,-0.12418336830576009,0.000155846652398,0.0001204858611897,-0.0021674086531554,-8724225,-10724189,166037360,3480437,2636752,-52798512,-0.5221888494644166,-0.6418967776907349,9.938173073999025,0.8046545594100952,0.6096000355224609,-12.206675026977539,61,f3e8fe00,43.51426806597,-79.68429699694,156.273,-37.1,SOL_COMPUTED,INS_PSRSP,good,3.5605,1.9475,4.4008,25,14,0.0,0.0,1,0,0,0,0,0,0,0,0,—,—,0.0,0.0,0.0,0.0
2026-05-25 16:50:49.015702,1779742249.015702,2420,161467.0,INS_ALIGNMENT_COMPLETE,good,43.51430653957,-79.68425820558,155.9885,-37.1,4.291653013,-0.33368851,39.27122251,0.1425,0.1276,2.2193,-4.4215,1.7654,-0.8716,4.7609,0.3952,0.401,0.3192,0.0041147449202786,0.0035247177030837,-0.0007727402708241,-0.0036770719774606915,-0.0017004206118327169,0.023219912228883813,-6.41770128396e-05,-2.96779383453e-05,0.0004052639204187,-8658611,2505437,164207377,-1182289,795,10925366,-0.5182615207711793,0.14996303562042237,9.828639365582582,-0.2733375821456909,0.00018379886627197266,2.525874068435669,61,f3e5fe00,43.51427920145,-79.68427739158,156.0906,-37.1,SOL_COMPUTED,INS_PSRSP,good,3.6387,1.9497,4.6348,23,14,0.0,0.0,1,0,0,0,0,0,0,0,0,—,—,0.0,0.0,0.0,0.0
2026-05-25 16:50:50.017001,1779742250.017001,2420,161468.0,INS_ALIGNMENT_COMPLETE,good,43.51433138342,-79.68421304686,156.3221,-37.1,4.06553909,-0.186423209,28.424339944,0.1258,0.1212,2.1029,-3.2086,2.8096,-0.7903,4.2649,0.3787,0.3762,0.3151,0.0038136759494308,0.0065898145592435,-0.0004826301770592,-0.0003644784729484112,-0.00599561946390214,0.15670135039294902,-6.3613494056e-06,-0.0001046433003419,0.0027349545066822,-10833203,9419024,164813722,-701884,-2614441,68500837,-0.6484218151852418,0.5637760724462891,9.864932170723268,-0.16227104837036133,-0.6044418763961792,15.836951168907165,61,f3e3fe00,43.51429786642,-79.6842435761,156.2751,-37.1,SOL_COMPUTED,INS_PSRSP,good,3.6739,1.9587,4.8405,25,14,0.0,0.0,1,0,0,0,0,0,0,0,0,—,—,0.0,0.0,0.0,0.0
2026-05-25 16:50:51.015624,1779742251.015624,2420,161469.0,INS_ALIGNMENT_COMPLETE,good,43.51436287176,-79.68416671337,156.5229,-37.1,3.935168948,0.088729591,7.224620503,0.1111,0.1151,1.9869,-1.6045,3.6138,-0.7279,3.9540,0.3763,0.3375,0.3095,-0.0007967537966475,0.0143748856959196,-0.0004475029719526,-0.018043529092777198,0.0047156524510625205,0.3641026216686086,-0.0003149189913488,8.23036616509e-05,0.0063547895632696,-17709047,13791155,163997117,-5195387,1337457,105260043,-1.0599757431796266,0.8254701549118043,9.816054244555971,-1.2011399250869752,0.3092114217453003,24.335442222816468,61,f3e0fe00,43.51432486708,-79.68419645314,156.6147,-37.1,SOL_COMPUTED,INS_PSRSP,good,3.6782,1.9651,5.0181,26,14,0.0,0.0,1,0,0,0,0,0,0,0,0,—,—,0.0,0.0,0.0,0.0
2026-05-25 16:50:52.020825,1779742252.020825,2420,161470.0,INS_ALIGNMENT_COMPLETE,good,43.51439923174,-79.68413118974,156.4165,-37.1,3.326690449,0.233720877,343.792244594,0.099,0.1093,1.8825,-0.1806,3.8728,-0.7239,3.8770,0.3797,0.2968,0.3031,0.0045294950830917,0.0076780806389353,0.0014990454864403,-0.013732160201720743,-0.004932115458834698,0.20946903217114735,-0.0002396714089317,-8.60816538453e-05,0.0036559242923577,-8430349,10611721,167518090,-6291970,-2028268,90248798,-0.5045988892874146,0.6351650008828736,10.026802229605105,-1.454662833480835,-0.4689224640197754,20.864939314224245,61,f3defe00,43.51436114716,-79.68414801559,156.8189,-37.1,SOL_COMPUTED,INS_PSRSP,good,3.6653,1.958,5.1702,27,14,0.0,0.0,1,0,0,0,0,0,0,0,0,—,—,0.0,0.0,0.0,0.0
2026-05-25 16:50:53.020340,1779742253.020340,2420,161471.0,INS_ALIGNMENT_COMPLETE,good,43.514447194,-79.68410668543,156.5639,-37.1,2.911384663,0.470768274,327.744299837,0.0886,0.1029,1.798,1.0244,3.9789,-0.6777,4.1087,0.3698,0.266,0.2955,0.0036172002177897,0.0091465516336856,0.000625633186813,0.0006924584218864568,-0.002785488120180094,0.14429519349382702,1.20856793951e-05,-4.86159389724e-05,0.0025184262212732,-7022669,14210054,166300412,-11966,-1301712,62118832,-0.42034214446319584,0.8505433719427491,9.95391806237671,-0.002766461929321289,-0.30094740856933594,14.361472824829102,61,f3dbfe00,43.51440303947,-79.68411312494,156.7287,-37.1,SOL_COMPUTED,INS_PSRSP,good,3.6498,1.9322,5.299,28,14,0.0,0.0,1,0,0,0,0,0,0,0,0,—,—,0.0,0.0,0.0,0.0
2026-05-25 16:50:54.018694,1779742254.018694,2420,161472.0,INS_ALIGNMENT_COMPLETE,good,43.51448904162,-79.68409807531,156.1851,-37.1,2.32740094,0.258584079,314.37422997,0.0817,0.0982,1.7387,2.0384,3.4449,-0.6782,4.0028,0.3644,0.249,0.2878,0.0026548085560159,0.0095900702862855,0.0009715315421232,-0.007146051162524491,-0.009293464139383709,0.159157796751477,-0.0001247221213022,-0.0001622015481485,0.0027778275835372,-6230447,13894892,163571999,-3282200,-3299939,69020876,-0.3729236637728882,0.831679337352295,9.790608789021913,-0.7588234451293945,-0.7629245873794556,15.957180827545166,61,f3d9fe00,43.51445446277,-79.68409078329,156.8871,-37.1,SOL_COMPUTED,INS_PSRSP,good,3.495,1.8911,5.3856,27,15,0.0,0.0,1,0,0,0,0,0,0,0,0,—,—,0.0,0.0,0.0,0.0
2026-05-25 16:50:55.016013,1779742255.016013,2420,161473.0,INS_ALIGNMENT_COMPLETE,good,43.514528139,-79.68410745561,155.5142,-37.1,1.730269316,-0.672977526,298.456580523,0.0776,0.0948,1.699,2.793,2.56,-0.6818,3.7887,0.3505,0.2405,0.2802,0.0059373539991682,-0.0018686271389938,0.001178601911856,-0.0167926672163993,-0.007686266554085297,0.13403875617272581,-0.0002930873331183,-0.0001341506585549,0.0023394176204953,-835148,-7803965,165225792,-6798329,-2936118,57224584,-0.0499878182019043,-0.4671066489700318,9.889596637675783,-1.5717297644577026,-0.6788115215606689,13.229954291931152,61,f3d6fe00,43.51449877299,-79.68408495021,156.5238,-37.1,SOL_COMPUTED,INS_PSRSP,good,3.4057,1.8534,5.4607,28,15,0.0,0.0,1,0,0,0,0,0,0,0,0,—,—,0.0,0.0,0.0,0.0
2026-05-25 16:50:56.017080,1779742256.017080,2420,161474.0,INS_ALIGNMENT_COMPLETE,good,43.51456354144,-79.68412739399,154.6878,-37.1,2.130552633,-0.409893347,294.198190666,0.0756,0.0928,1.6736,3.2539,2.279,-0.7255,3.9726,0.3304,0.2363,0.2727,0.0036651053513554,0.0002341441934908,-0.0004126521069642,0.014891290703409983,0.007125644344648007,-0.010071723320828094,0.0002599020526465,0.0001243659551404,-0.0001757847332986,-5787903,-2687261,164772832,6007773,3399515,-4747867,-0.34643517428558357,-0.16084611868682863,9.862484698076173,1.3889583222885131,0.7859459155654908,-1.0976761909561157,61,f3d4fe00,43.51454011277,-79.68409858426,155.8687,-37.1,SOL_COMPUTED,INS_PSRSP,good,3.3576,1.8266,5.5239,28,15,0.0,0.0,1,0,0,0,0,0,0,0,0,—,—,0.0,0.0,0.0,0.0
2026-05-25 16:50:57.017450,1779742257.017450,2420,161475.0,INS_ALIGNMENT_COMPLETE,good,43.51459708871,-79.68415211523,153.8435,-37.1,2.17769329,0.117333395,296.395416603,0.0753,0.0918,1.6579,3.7493,1.9676,-0.7742,4.2342,0.3226,0.2359,0.2651,0.0056608433620001,-0.0005733115996124,7.3759368553e-06,0.013599698488330278,-0.002162395393454873,-0.017638422632708952,0.0002373595159002,-3.77409193458e-05,-0.0003078485497995,-1222656,-2232372,164785593,5719413,-998928,-7331952,-0.07318212562500001,-0.13361871871215822,9.863248508260805,1.3222913523788453,-0.2309457030029297,-1.695099956176758,61,f3d2fe00,43.51457597586,-79.68411973942,155.0318,-37.1,SOL_COMPUTED,INS_PSRSP,good,3.3374,1.8123,5.5773,29,15,0.0,0.0,1,0,0,0,0,0,0,0,0,—,—,0.0,0.0,0.0,0.0
2026-05-25 16:50:58.016321,1779742258.016321,2420,161476.0,INS_ALIGNMENT_COMPLETE,good,43.51465197274,-79.68417730249,156.7468,-37.1,2.170463354,0.816208302,296.040099677,0.0753,0.0899,1.646,4.334,1.4062,-0.5534,4.5564,0.2911,0.2364,0.2214,0.0026912662313145,0.004102773611158,0.0011436006337417,-0.00807371176908776,0.002745190064830634,0.015577465840622529,-0.0001409128532278,4.79126052244e-05,0.0002718780680362,-4878407,4430831,165583092,-4725053,1125175,6489344,-0.2919972534579468,0.26520757340179446,9.910982844005128,-1.0924017414779663,0.26013319416046143,1.500294427734375,61,f3cffe00,43.51460929115,-79.68414377781,154.1863,-37.1,SOL_COMPUTED,INS_PSRSP,good,3.3338,1.8108,5.6229,30,15,0.0,0.0,1,0,0,0,0,0,0,0,0,—,—,0.0,0.0,0.0,0.0
2026-05-25 16:50:59.019807,1779742259.019807,2420,161477.0,INS_ALIGNMENT_COMPLETE,good,43.51470091853,-79.68421529755,158.9978,-37.1,2.255476785,1.367726939,301.2960209,0.0778,0.0901,1.633,4.404,1.1956,-0.4043,4.5634,0.2707,0.2404,0.1967,0.0015807075438447,-0.0024847822753189,-0.000348093671217,0.009109759600029218,-0.00795117999907627,-0.09590026864612095,0.0001589952990859,-0.0001387742704028,-0.0016737754414243,-6168742,-2896513,162180277,3863718,-3444776,-41397910,-0.3692303084368897,-0.17337090583160403,9.707307210950013,0.8932666515655517,-0.7964099664916993,-9.570929464187621,61,f3ccfe00,43.51466419701,-79.68416902649,157.0896,-37.1,SOL_COMPUTED,INS_PSRSP,good,2.7745,1.8075,4.7556,30,16,0.0,0.0,1,0,0,0,0,0,0,0,0,—,—,0.0,0.0,0.0,0.0
2026-05-25 16:51:00.017922,1779742260.017922,2420,161478.0,INS_ALIGNMENT_COMPLETE,good,43.51473658398,-79.68425336384,159.7547,-37.1,1.591888505,0.634123577,309.964713598,0.0815,0.0919,1.616,4.3866,0.9329,-0.3232,4.4847,0.268,0.2373,0.1832,0.0044707410899616,1.17364677503e-05,-1.18671357081e-05,0.00042164523403709825,-0.0032459627237315485,-0.07295514371604123,7.3590976093e-06,-5.66527369262e-05,-0.0012733074641124,-587033,326842,164338370,27190,-877428,-31555103,-0.0351368845791626,0.01956314147521973,9.836479957034303,0.0062861524200439455,-0.20285568759155273,-7.295336045906067,61,f3cafe00,43.51471252986,-79.68420548336,159.3384,-37.1,SOL_COMPUTED,INS_PSRSP,good,2.4858,1.8217,4.2937,30,17,0.0,0.0,1,0,0,0,0,0,0,0,0,—,—,0.0,0.0,0.0,0.0
2026-05-25 16:51:01.016702,1779742261.016702,2420,161479.0,INS_ALIGNMENT_COMPLETE,good,43.51476901633,-79.68428978611,160.2751,-37.1,2.099783414,0.120024214,314.869588786,0.0858,0.0946,1.5935,4.4646,0.6273,-0.2746,4.5085,0.2667,0.2355,0.174,0.001302346290617,0.0017569351849658,-0.00125867404215,-0.00407214204452747,0.007800539819253927,-0.03684508007163483,-7.1072286286e-05,0.0001361451032791,-0.0006430679604119,-5965467,780640,161734684,-2347732,3034161,-15743764,-0.35706327487518313,0.046725239599609385,9.680636223441164,-0.5427804778747558,0.7014784300460816,-3.6398565711364745,61,f3c7fe00,43.5147469835,-79.68424133081,160.1129,-37.1,SOL_COMPUTED,INS_PSRSP,good,2.3854,1.8483,4.0824,30,17,0.0,0.0,1,0,0,0,0,0,0,0,0,—,—,0.0,0.0,0.0,0.0
2026-05-25 16:51:02.019897,1779742262.019897,2420,161480.0,INS_ALIGNMENT_COMPLETE,good,43.51475457667,-79.68440302578,167.4116,-37.1,2.09373887,0.95219343,176.74201723,0.151,0.1507,1.4089,1.7746,-1.3464,0.0446,2.2276,0.1621,0.1371,0.1527,-0.000106548435778,0.0009708072422915,-0.0007858873350766,0.006136609893775739,-0.005030230468219935,0.002997272024395933,0.000107104047557,-8.77940838047e-05,5.23122654037e-05,-6814255,4549833,164115647,2756639,-1656948,1486918,-0.40786751584320075,0.2723304430508423,9.823148862625429,0.6373171357498169,-0.3830756778259277,0.34376583979797365,61,f3c5fe00,43.51477867014,-79.68427657761,160.6199,-37.1,SOL_COMPUTED,INS_PSRSP,good,2.3598,1.8827,3.966,29,17,0.0,0.0,1,0,0,0,0,0,0,0,1,—,—,0.0,0.0,0.0,0.0
2026-05-25 16:51:03.016287,1779742263.016287,2420,161481.0,INS_ALIGNMENT_COMPLETE,good,43.51476984777,-79.68442111766,167.2934,-37.1,1.959071375,1.430536088,172.013453495,0.1983,0.1977,1.391,1.4498,-1.1296,0.0474,1.8379,0.1794,0.1515,0.1567,-0.0064634757934032,0.0063664370558617,-0.0002972637548339,-0.00034429038126904035,0.0026167204668201345,0.07672740676794242,-6.0090007361e-06,4.56703877504e-05,0.0013391458746195,-16288549,13581383,162475871,-358394,789182,33482435,-0.9749517764334108,0.8129142431454469,9.725000002088318,-0.08285837846374512,0.1824537822418213,7.740922758522034,61,f3c2fe00,43.51475385909,-79.68442171926,167.7565,-37.1,SOL_COMPUTED,INS_PSRSP,good,1.9491,1.5043,3.6265,28,16,0.0,0.0,1,0,0,0,0,0,0,0,0,—,—,0.0,0.0,0.0,0.0
2026-05-25 16:51:04.032430,1779742264.032430,2420,161482.0,INS_ALIGNMENT_COMPLETE,good,43.51478159732,-79.68443274349,167.4501,-37.1,1.858775871,1.382083765,158.480486701,0.2366,0.2358,1.3737,0.8403,-0.4764,0.0579,0.9660,0.1957,0.1725,0.1568,-0.0012826883912016,0.0038037545119194,-0.0005625079778441,-0.002591223145131928,0.00026727014610928283,0.08075105313995815,-4.52253755365e-05,4.6647440419e-06,0.0014093717517472,-9249181,15356624,164280941,-1925349,1050924,70570729,-0.5536101126321412,0.919171366879883,9.833042541855775,-0.445128255821228,0.24296684243774413,16.315496832939147,61,f3c0fe00,43.5147680279,-79.68443965936,167.6418,-37.1,SOL_COMPUTED,INS_PSRSP,good,2.067,1.5657,3.7796,27,15,0.0,0.0,1,0,0,0,0,0,0,0,0,—,—,0.0,0.0,0.0,0.0
2026-05-25 16:51:05.028333,1779742265.028333,2420,161483.0,INS_ALIGNMENT_COMPLETE,good,43.51478941672,-79.68444032235,167.4119,-37.1,1.437431074,1.017551638,137.930600295,0.2705,0.2695,1.376,0.2546,0.3915,0.0622,0.4670,0.2145,0.2002,0.1551,-0.0060856431642571,0.0097395871511864,-0.0009167655039395,-0.014606266999452203,-0.005712268372293382,0.2424901840781254,-0.0002549274505662,-9.96978908542e-05,0.0042322521159365,-13480697,17669020,162944632,-5966498,-2009945,105240803,-0.8068876784365846,1.0575799254333498,9.753057711198732,-1.3794158088226318,-0.4646863047409058,24.330994059059144,61,f3befe00,43.5147766702,-79.68445017723,167.8011,-37.1,SOL_COMPUTED,INS_PSRSP,good,2.1257,1.6345,3.8088,28,16,0.0,0.0,1,0,0,0,0,0,0,0,0,—,—,0.0,0.0,0.0,0.0
2026-05-25 16:51:06.017710,1779742266.017710,2420,161484.0,INS_ALIGNMENT_COMPLETE,good,43.51479432347,-79.68444324057,167.4311,-37.1,0.73335179,0.119835928,113.313649393,0.2718,0.2707,1.3715,0.1633,1.236,0.0598,1.2467,0.2377,0.2305,0.1537,-0.004952288863516,0.0078101396587736,0.0002192170738616,-0.017993894992471546,-0.004821438758161173,0.2439651969773733,-0.0003140527128772,-8.41499810133e-05,0.0042579959475378,-9730194,11226266,164401603,-7759545,-2265234,105431756,-0.5824011657110596,0.6719486173638917,9.84026477087372,-1.793956696586609,-0.5237074730072021,24.375141159576415,61,f3bbfe00,43.51478035636,-79.68445423545,167.7741,-37.1,SOL_COMPUTED,INS_PSRSP,good,2.1798,1.712,3.7703,29,18,0.0,0.0,1,0,0,0,0,0,0,0,0,—,—,0.0,0.0,0.0,0.0
2026-05-25 16:51:07.016624,1779742267.016624,2420,161485.0,INS_ALIGNMENT_COMPLETE,good,43.51479511864,-79.68444328178,167.1102,-37.1,0.431515505,-1.103741682,90.996557307,0.3059,0.3047,1.3759,-0.1172,1.6248,0.0468,1.6290,0.2673,0.2604,0.1546,0.0057196880477523,0.0034770284004938,0.0001012451844385,-0.00975791663810426,-0.0014589474408491804,0.20144585482776697,-0.0001703077734703,-2.54634364564e-05,0.0035158934312441,8637604,1463073,165037210,-3878000,-559046,86511752,0.5170041459143068,0.08757229513824465,9.878309054238892,-0.8965685577392578,-0.12924782514953614,20.000958411071778,61,f3b9fe00,43.51478188667,-79.68445061862,167.8118,-37.1,SOL_COMPUTED,INS_PSRSP,good,2.2244,1.7944,3.7372,28,18,0.0,0.0,1,0,0,0,0,0,0,0,0,—,—,0.0,0.0,0.0,0.0
2026-05-25 16:51:08.016374,1779742268.016374,2420,161486.0,INS_ALIGNMENT_COMPLETE,good,43.5147896756,-79.68444807004,167.3174,-37.1,0.972594828,-1.451585043,77.325634108,0.3375,0.3364,1.3804,-0.7371,1.6685,0.0953,1.8241,0.2979,0.2898,0.1557,0.0043663384725293,0.0043192918061416,0.0017434893676247,-0.0010650598649241962,0.009768513451174824,0.08579960442812275,-1.85888013738e-05,0.0001704927227486,0.0014974855941816,4104569,1207255,164894515,-1249894,4049527,36649900,0.245679147850647,0.07226029813079834,9.869768039091493,-0.288967421585083,0.9362244925003051,8.473220212554931,61,f3b6fe00,43.51478159173,-79.68444351408,167.4988,-37.1,SOL_COMPUTED,INS_PSRSP,good,2.3291,1.9447,3.7759,29,18,0.0,0.0,1,0,0,0,0,0,0,0,0,—,—,0.0,0.0,0.0,0.0
2026-05-25 16:51:09.017039,1779742269.017039,2420,161487.0,INS_ALIGNMENT_COMPLETE,good,43.51477521191,-79.68446290292,166.6392,-37.1,1.391304056,-1.479311643,73.558064594,0.3671,0.365,1.3857,-0.962,1.196,0.0438,1.5349,0.3251,0.3196,0.1558,-0.0005367438154149,-0.0041848880107061,0.0001119833973619,-5.897803737732033e-05,-0.0005879660360106424,0.0026080854164118763,-1.0293609386e-06,-1.02619432183e-05,4.55196776897e-05,-4933273,-12100412,163112508,380544,-682912,1261104,-0.29528126016510015,-0.7242706624743653,9.763105936146241,0.0879793154296875,-0.15788484448242188,0.2915591011962891,61,f3b4fe00,43.51477646426,-79.68444387045,167.6918,-37.1,SOL_COMPUTED,INS_PSRSP,good,2.427,2.1031,3.8395,28,17,0.0,0.0,1,0,0,0,0,0,0,0,0,—,—,0.0,0.0,0.0,0.0
2026-05-25 16:51:10.019850,1779742270.019850,2420,161488.0,INS_ALIGNMENT_COMPLETE,good,43.51475389323,-79.68450089167,166.6381,-37.1,1.474273082,-0.451523228,73.305381981,0.3931,0.3909,1.3662,-1.2116,0.4094,0.0553,1.2789,0.3463,0.3372,0.1543,-0.0034139905804982,0.0045228504073439,0.002662438384891,-0.0023432442306292197,-0.006088155616072408,0.024563978491261594,-4.08973270029e-05,-0.0001062583608744,0.0004287223020622,-10743124,3738119,166930035,-1362375,-3427100,10666848,-0.6430301329016114,0.22374526789154056,9.991604173173524,-0.3149723024368286,-0.7923233894348145,2.466106376220703,61,f3b2fe00,43.51476220613,-79.68445751258,167.0025,-37.1,SOL_COMPUTED,INS_PSRSP,good,2.5226,2.2738,3.8785,28,17,0.0,0.0,1,0,0,0,0,0,0,0,0,—,—,0.0,0.0,0.0,0.0
2026-05-25 16:51:11.018201,1779742271.018201,2420,161489.0,INS_ALIGNMENT_COMPLETE,good,43.51473270404,-79.6845426091,166.7569,-37.1,1.058318166,0.295724069,63.90368463,0.418,0.4155,1.3417,-1.2062,0.0165,0.0535,1.2063,0.3639,0.3519,0.1526,-0.0028384757465117,0.0081340808984716,-0.0001753576119054,-0.0026625720048370684,-0.010486007411410283,0.14918030309033165,-4.64706480559e-05,-0.0001830153547179,0.0026036874680531,-8497979,13560116,165804989,-1206106,-3951792,65160705,-0.5086468857443238,0.8116413059777833,9.924264498149721,-0.27884391874694825,-0.9136287916259765,15.064734219474792,61,f3affe00,43.51474088461,-79.6844954927,166.9993,-37.1,SOL_COMPUTED,INS_PSRSP,good,2.6184,2.3571,3.8696,27,16,0.0,0.0,1,0,0,0,0,0,0,0,0,—,—,0.0,0.0,0.0,0.0
2026-05-25 16:51:12.015267,1779742272.015267,2420,161490.0,INS_ALIGNMENT_COMPLETE,good,43.51471484707,-79.68458174289,166.8278,-37.1,0.619218256,0.275108857,43.933887336,0.4347,0.4317,1.3473,-0.8277,-0.2208,0.0679,0.8566,0.3817,0.3676,0.1512,-0.0014055457508494,0.0063933910794331,-0.0003555046097849,-0.016295817191031382,-0.004468676377552706,0.23904172228152518,-0.000284415664287,-7.79931159945e-05,0.0041720651034565,-3988138,10301834,162997025,-7200148,-2100446,103793728,-0.2387101655133057,0.6166167016363526,9.756193696388246,-1.664627722503662,-0.48560955152893065,23.99643966357422,61,f3adfe00,43.51472051599,-79.68453442633,167.1291,-37.1,SOL_COMPUTED,INS_PSRSP,good,2.7043,2.4116,3.843,28,18,0.0,0.0,1,0,0,0,0,0,0,0,0,—,—,0.0,0.0,0.0,0.0
2026-05-25 16:51:13.020289,1779742273.020289,2420,161491.0,INS_ALIGNMENT_COMPLETE,good,43.5146999931,-79.68460976726,166.8501,-37.1,0.301990908,-0.372935947,19.064995051,0.4489,0.4462,1.355,-0.6516,-0.1211,0.0779,0.6628,0.3973,0.3829,0.1503,0.0023492133385269,0.0054723916463306,0.0002022021546326,-0.005996806325164925,-0.008136047494353078,0.24760179887440695,-0.0001046640149787,-0.0001420008168753,0.0043214666242254,2181503,7618070,165095102,-2511872,-4276201,106693231,0.13057395260589602,0.45597989602966316,9.881774182301637,-0.5807285859375,-0.988630057548523,24.666786033576965,61,f3aafe00,43.51470543973,-79.68456836363,167.2116,-37.1,SOL_COMPUTED,INS_PSRSP,good,2.7926,2.4812,3.824,27,17,0.0,0.0,1,0,0,0,0,0,0,0,0,—,—,0.0,0.0,0.0,0.0
2026-05-25 16:51:14.016386,1779742274.016386,2420,161492.0,INS_ALIGNMENT_COMPLETE,good,43.51468296754,-79.68462339313,166.7407,-37.1,0.222472572,-0.712554979,359.558721899,0.4614,0.4591,1.3645,-0.4929,0.0688,0.0957,0.4977,0.4119,0.3999,0.15,0.0022757819726415,0.00373553842776,7.42384437998e-05,-0.009257004506212951,0.0010746163443053317,0.1414942354049524,-0.0001615652075056,1.87555934039e-05,0.0024695402804119,2537291,3668170,164863560,-3902616,608338,60748711,0.15186965811248782,0.21955846759338382,9.86791522628174,-0.902259617980957,0.1406438172454834,14.04470969721222,61,f3a8fe00,43.51469559711,-79.68459219986,167.2423,-37.1,SOL_COMPUTED,INS_PSRSP,good,2.8869,2.5371,3.8155,28,18,0.0,0.0,1,0,0,0,0,0,0,0,0,—,—,0.0,0.0,0.0,0.0
2026-05-25 16:51:15.014619,1779742275.014619,2420,161493.0,INS_ALIGNMENT_COMPLETE,good,43.51466547168,-79.68461833155,166.7009,-37.1,0.453996842,-1.151410478,349.957768363,0.4724,0.4734,1.375,-0.5457,0.3121,0.0864,0.6286,0.4293,0.4163,0.1486,0.0008280393753661,0.0021702528229325,-2.67767354742e-05,-0.009483317116677761,0.0007746020750143538,0.06614238118099175,-0.000165515107697,1.35193566018e-05,0.0011544023267191,75645,-768524,164917855,-3916193,144726,28200095,0.004527734614562989,-0.046000035916748054,9.871165055760194,-0.9053985327072144,0.03345971662902832,6.519679861335755,61,f3a5fe00,43.51468311448,-79.68460482432,167.1349,-37.1,SOL_COMPUTED,INS_PSRSP,good,2.9903,2.6196,3.8331,27,17,0.0,0.0,1,0,0,0,0,0,0,0,0,—,—,0.0,0.0,0.0,0.0
2026-05-25 16:51:16.018053,1779742276.018053,2420,161494.0,INS_ALIGNMENT_COMPLETE,good,43.51464073008,-79.68459777601,166.6597,-37.1,0.804860637,-1.238601976,345.196113325,0.481,0.4848,1.3852,-0.9321,0.5423,0.0554,1.0784,0.4382,0.425,0.1464,-0.0025953588885153,-0.001408911819878,-0.002590244942132,0.0027034017314966487,0.002978362291769702,0.041400507599674924,4.71832612188e-05,5.19822283087e-05,0.0007225751696123,-8593551,-5713815,164037791,1739383,818251,17728436,-0.5143673517709352,-0.3420006339706421,9.8184887885141,0.4021341175003052,0.18917434732818603,4.098699921478271,61,f3a3fe00,43.5146678991,-79.68460004345,167.089,-37.1,SOL_COMPUTED,INS_PSRSP,good,3.1368,2.7202,3.8731,23,15,0.0,0.0,1,0,0,0,0,0,0,0,0,—,—,0.0,0.0,0.0,0.0
2026-05-25 16:51:17.017045,1779742277.017045,2420,161495.0,INS_ALIGNMENT_COMPLETE,good,43.51460122874,-79.68457165522,166.7256,-37.1,1.088210706,-1.130461543,339.02081269,0.4886,0.4843,1.3284,-1.6665,0.4893,0.0501,1.7368,0.4151,0.4264,0.144,-0.0045000623352843,0.000298640833495,-8.32357834424e-05,-0.008020076231470488,0.0009993476037340608,0.03302847848561955,-0.0001399767365003,1.74419060571e-05,0.000576455696499,-11267057,-5037958,163454586,-3334112,267563,14285456,-0.6743901643618775,-0.30154718518493656,9.783581029033815,-0.7708251643066406,0.061858837806701664,3.3027051785888673,61,f3a0fe00,43.51464426205,-79.68457980062,167.0384,-37.1,SOL_COMPUTED,INS_PSRSP,good,3.2218,2.7779,3.8933,22,16,0.0,0.0,1,0,0,0,0,0,0,0,0,—,—,0.0,0.0,0.0,0.0
2026-05-25 16:51:18.015805,1779742278.015805,2420,161496.0,INS_ALIGNMENT_COMPLETE,good,43.51456469802,-79.68454186317,166.6346,-37.1,1.071080034,-1.133930573,333.152989895,0.4955,0.4907,1.3118,-2.2281,0.3133,0.0289,2.2500,0.4111,0.4298,0.1418,-0.0080199338268538,0.0040197853173948,-0.0004476685644891,-0.010697821970140128,-0.005796215569948135,0.07888221026996199,-0.0001867122161714,-0.0001011630458511,0.0013767542904633,-16620320,1810436,161823365,-4807582,-3328637,34489077,-0.9948099434082033,0.10836372192016604,9.685944228376771,-1.1114819133453369,-0.7695593796615601,7.973651888511657,61,f39efe00,43.51460616135,-79.68455428928,167.097,-37.1,SOL_COMPUTED,INS_PSRSP,good,2.9689,2.8014,3.9288,23,17,0.0,0.0,1,0,0,0,0,0,0,0,0,—,—,0.0,0.0,0.0,0.0
2026-05-25 16:51:19.015600,1779742279.015600,2420,161497.0,INS_ALIGNMENT_COMPLETE,good,43.51453188884,-79.68451453164,166.5522,-37.1,1.045244216,-1.291383253,321.818195293,0.5011,0.4968,1.2976,-2.6339,-0.093,-0.0053,2.6355,0.4133,0.4322,0.139,-0.006409600687789,0.0042821421295092,-0.0013470333584943,-0.005959123004459246,-0.004747453947918484,0.125413866635627,-0.0001040063169593,-8.28587024781e-05,0.0021888849004519,-14480339,3412442,161933515,-2316450,-2282683,54296271,-0.8667212918356324,0.20425185753967287,9.692537261198426,-0.5355482814788818,-0.5277415691299439,12.552947235969544,61,f39cfe00,43.51457088784,-79.684525276,167.0064,-37.1,SOL_COMPUTED,INS_PSRSP,good,2.8595,2.8372,3.9641,22,17,0.0,0.0,1,0,0,0,0,0,0,0,0,—,—,0.0,0.0,0.0,0.0
2026-05-25 16:51:20.018397,1779742280.018397,2420,161498.0,INS_ALIGNMENT_COMPLETE,good,43.51450597749,-79.68448584286,166.4529,-37.1,1.374857631,-1.234927374,306.001257203,0.5032,0.499,1.2873,-2.7396,-0.3129,-0.0454,2.7574,0.4175,0.4332,0.1365,-0.0061594263414013,0.0048109394503241,-0.0002110269937614,-0.009357493780239234,-0.005756128245370293,0.1726759380421512,-0.0001633190762003,-0.0001004633900489,0.0030137636578096,-15889905,3272700,161752193,-3557405,-3276487,74769750,-0.9510909232681276,0.19588759432983402,9.681684225362856,-0.822449063987732,-0.7575026364212036,17.28628337287903,61,f399fe00,43.51454033664,-79.68449994881,166.9246,-37.1,SOL_COMPUTED,INS_PSRSP,good,2.8134,2.8743,3.9862,23,18,0.0,0.0,1,0,0,0,0,0,0,0,0,—,—,0.0,0.0,0.0,0.0
2026-05-25 16:51:21.016057,1779742281.016057,2420,161499.0,INS_ALIGNMENT_COMPLETE,good,43.51448967441,-79.68445421889,166.3355,-37.1,1.678287448,-0.643734832,287.583176861,0.5046,0.4995,1.2813,-2.6446,-0.2564,-0.0508,2.6570,0.4213,0.4343,0.1345,-0.0025326995918223,0.0085175688759258,-0.001154375150793,0.008123301772189452,-0.0032064150552265774,0.17855326069027846,0.000141778362058,-5.59624998993e-05,0.0031163422892216,-11218947,11489573,160010906,3558983,-1279228,77075826,-0.6715105383151246,0.6877088687771608,9.577459419707642,0.8228138873977661,-0.2957492529602051,17.81943325254822,61,f397fe00,43.51451701123,-79.68447495566,166.8166,-37.1,SOL_COMPUTED,INS_PSRSP,good,2.8015,2.8988,4.005,24,18,0.0,0.0,1,0,0,0,0,0,0,0,0,—,—,0.0,0.0,0.0,0.0
2026-05-25 16:51:22.027723,1779742282.027723,2420,161500.0,INS_ALIGNMENT_COMPLETE,good,43.51448441814,-79.68441853575,165.6189,-37.1,1.637117592,-0.189214474,270.107322972,0.4876,0.4832,1.2692,-2.3256,-0.0076,-0.08,2.3256,0.4256,0.4323,0.1334,-0.0028646617318874,0.0057086173390854,0.0002910385109015,0.010592307865566846,-0.0010250947489896549,0.14779731044024663,0.0001848706476393,-1.78912785148e-05,0.0025795496927782,-8795606,8720619,165139449,4192264,-826236,63625919,-0.5264613621820069,0.5219730121847534,9.884428573827211,0.9692243651733399,-0.1910204277648926,14.709901607185364,61,f394fe00,43.51450265231,-79.68444862689,166.6912,-37.1,SOL_COMPUTED,INS_PSRSP,good,2.8095,2.9201,4.0198,24,18,0.0,0.0,1,0,0,0,0,0,0,0,0,—,—,0.0,0.0,0.0,0.0
2026-05-25 16:51:23.016929,1779742283.016929,2420,161501.0,INS_ALIGNMENT_COMPLETE,good,43.51448943844,-79.68437952439,165.2485,-37.1,2.143619411,0.172503753,257.689104635,0.4702,0.4649,1.2566,-1.949,0.4466,-0.1074,1.9995,0.4247,0.4288,0.1326,-0.0014091327715951,0.0005231036070588,-0.00041026435918,-0.011230160788788246,-0.0005040453113551518,0.08782462624339707,-0.000196003281293,-8.7972502624e-06,0.0015328288922829,-8901774,-982207,161156030,-4254871,-358048,37357151,-0.5328160522283937,-0.05879004075042726,9.646000864254763,-0.9836986992874146,-0.08277838549804688,8.636732076667785,61,f392fe00,43.51449801672,-79.68441852051,165.9757,-37.1,SOL_COMPUTED,INS_PSRSP,good,2.831,2.9323,4.0484,23,17,0.0,0.0,1,0,0,0,0,0,0,0,0,—,—,0.0,0.0,0.0,0.0
2026-05-25 16:51:24.012941,1779742284.012941,2420,161502.0,INS_ALIGNMENT_COMPLETE,good,43.51450330194,-79.68433742372,165.0486,-37.1,2.658157097,0.801962872,250.346148375,0.4528,0.4456,1.2482,-1.3993,1.0959,-0.1043,1.7774,0.4192,0.4251,0.1321,-0.0030495689940621,0.0008810064125125,0.0005988888371365,-0.010922334544355958,0.0035220344783639364,0.061526847209660236,-0.0001906306998036,6.14710980163e-05,0.0010738460621816,-13351875,728498,163563760,-4719230,1184226,26774121,-0.7991770322799684,0.0436042780255127,9.790115643334962,-1.0910555014801024,0.2737854040374756,6.1900038807907105,61,f390fe00,43.51450275275,-79.68438350929,165.5919,-37.1,SOL_COMPUTED,INS_PSRSP,good,2.8473,2.9278,4.0677,24,18,0.0,0.0,1,0,0,0,0,0,0,0,0,—,—,0.0,0.0,0.0,0.0
2026-05-25 16:51:25.016678,1779742285.016678,2420,161503.0,INS_ALIGNMENT_COMPLETE,good,43.51452153351,-79.68429512851,164.8951,-37.1,2.721400368,1.168207126,243.980216357,0.4347,0.4273,1.2422,-0.897,1.7415,-0.1118,1.9589,0.4135,0.4201,0.1316,-0.0028534878795807,-0.0013876797129196,-0.0006397209413267,-0.005645950305225193,-0.0018517486033723205,0.06004419072592264,-9.85404222303e-05,-3.23191100481e-05,0.0010479688248643,-13589127,-2395079,161721220,-1676151,-911790,25749195,-0.8133777605868532,-0.1433575529501343,9.679830335162356,-0.38751528742218017,-0.2107999600982666,5.953047608070373,61,f38dfe00,43.51451617349,-79.68434368264,165.3784,-37.1,SOL_COMPUTED,INS_PSRSP,good,2.859,2.9369,4.0862,24,18,0.0,0.0,1,0,0,0,0,0,0,0,0,—,—,0.0,0.0,0.0,0.0
2026-05-25 16:51:26.015774,1779742286.015774,2420,161504.0,INS_ALIGNMENT_COMPLETE,good,43.51454422535,-79.68425587867,164.7825,-37.1,3.237055996,1.286536965,238.565117083,0.418,0.412,1.2381,-0.1317,2.2004,-0.0865,2.2043,0.4085,0.4131,0.1314,-0.0007345078614349,-0.0040035874031318,-9.85374967905e-05,-0.0055306187388289366,0.0003983551006175767,0.03662375241431285,-9.65275066652e-05,6.9526080979e-06,0.0006392050640659,-12233491,-4615440,163283513,-1908467,-334055,15253747,-0.7322361115426637,-0.2762573527587891,9.773341447518616,-0.4412252464370728,-0.07723135883331299,3.526567805030823,61,f38bfe00,43.51453383216,-79.68430328748,165.2232,-37.1,SOL_COMPUTED,INS_PSRSP,good,2.8912,2.9505,4.1066,26,18,0.0,0.0,1,0,0,0,0,0,0,0,0,—,—,0.0,0.0,0.0,0.0
2026-05-25 16:51:27.028986,1779742287.028986,2420,161505.0,INS_ALIGNMENT_COMPLETE,good,43.51457343525,-79.68421953295,164.6782,-37.1,3.01186582,1.206935691,240.499889758,0.4017,0.3968,1.2347,0.9306,2.8578,-0.1555,3.0055,0.4005,0.4039,0.131,0.0003675734904212,-0.0093552128513893,0.0001167012361607,0.0005464526220017358,-0.005712121119292434,-0.08009776046932567,9.5373974601e-06,-9.96953208045e-05,-0.0013979696436655,-9875190,-14074986,163209667,416320,-2245404,-35650618,-0.5910799073089601,-0.8424588711968996,9.768921392123719,0.09625049560546875,-0.5191229050598144,-8.242192667037964,61,f388fe00,43.51455593279,-79.68426561047,165.0968,-37.1,SOL_COMPUTED,INS_PSRSP,good,2.9424,2.9611,4.1308,25,18,0.0,0.0,1,0,0,0,0,0,0,0,0,—,—,0.0,0.0,0.0,0.0
2026-05-25 16:51:28.022832,1779742288.022832,2420,161506.0,INS_ALIGNMENT_COMPLETE,good,43.51460270071,-79.68418036587,164.3862,-37.1,4.043504596,0.879248815,255.678006605,0.387,0.3867,1.2305,1.6547,3.9687,-0.1874,4.2998,0.4,0.3934,0.131,-0.0011176403088085,-0.0122210139881092,0.0012717025076622,0.016924058024934498,-0.003070287903385069,-0.19027971830216125,0.0002953805353341,-5.35866328983e-05,-0.0033210075841448,-14115571,-19505377,164601526,7654329,-1387421,-82844564,-0.8448880880563355,-1.1674951498843384,9.852231170336305,1.7696314368209838,-0.3207627759017944,-19.153128226409912,61,f386fe00,43.51458536405,-79.68422871161,164.9986,-37.1,SOL_COMPUTED,INS_PSRSP,good,2.9682,2.9606,4.1512,26,18,0.0,0.0,1,0,0,0,0,0,0,0,0,—,—,0.0,0.0,0.0,0.0
2026-05-25 16:51:29.015153,1779742289.015153,2420,161507.0,INS_ALIGNMENT_COMPLETE,good,43.51463007928,-79.68413796469,164.2366,-37.1,4.712041045,-0.371889682,276.299710597,0.3725,0.371,1.2357,2.0299,4.8019,-0.2251,5.2133,0.3857,0.3825,0.1306,0.0011183144432988,-0.0105177948014883,-0.0005630641856372,-0.0004041004392684516,0.0077202956023706285,-0.21864237261095967,-7.052883174e-06,0.0001347445774888,-0.003816029286439,-12821868,-20026776,162216813,-87915,3201839,-95007366,-0.7674534412976075,-1.1987035086694338,9.7094940747464,-0.02032538028717041,0.7402445008621216,-21.965089507278442,61,f383fe00,43.51461600571,-79.6841849767,164.6792,-37.1,SOL_COMPUTED,INS_PSRSP,good,3.0694,2.9564,4.1932,27,18,0.0,0.0,1,0,0,0,0,0,0,0,0,—,—,0.0,0.0,0.0,0.0
2026-05-25 16:51:30.016576,1779742290.016576,2420,161508.0,INS_ALIGNMENT_COMPLETE,good,43.51464455977,-79.6840951054,163.9517,-37.1,4.911092836,-1.770442578,300.241143206,0.3571,0.3579,1.2405,1.676,5.4718,-0.222,5.7227,0.38,0.369,0.1297,-0.0010720707544484,-0.011883844160399,-0.0007356862449115,0.009128452647826744,0.010488444881243057,-0.25372966255870816,0.0001593215543172,0.0001830578965919,-0.00442841802163,-16334086,-26054383,161961335,4591712,4422404,-109948024,-0.9776773954583742,-1.5594861758236696,9.694202428453066,1.0615741633300781,1.022431247039795,-25.4192731572876,61,f381fe00,43.51464374933,-79.68413591361,164.512,-37.1,SOL_COMPUTED,INS_PSRSP,good,3.0269,2.947,4.2058,27,18,0.0,0.0,1,0,0,0,0,0,0,0,0,—,—,0.0,0.0,0.0,0.0
2026-05-25 16:51:31.016152,1779742291.016152,2420,161509.0,INS_ALIGNMENT_COMPLETE,good,43.51464440543,-79.68406398005,163.4357,-37.1,4.264931227,-2.71022115,325.249388614,0.3381,0.3402,1.2379,0.7466,5.2953,-0.2207,5.3477,0.3632,0.3459,0.1284,-0.0035754751267811,-0.0089253038816462,-0.0004225537952806,0.014931111452119993,0.004174637261974454,-0.24802227013666325,0.0002605970558221,7.2861165298e-05,-0.0043288052321618,-18924160,-23405186,162715063,7188494,1607161,-107148904,-1.1327063822265626,-1.4009183794366458,9.739316849175722,1.6619333929595947,0.37156524492645265,-24.77213468865967,61,f37ffe00,43.51465648466,-79.68408567218,164.2218,-37.1,SOL_COMPUTED,INS_PSRSP,good,3.0418,2.8754,4.1507,29,19,0.0,0.0,1,0,0,0,0,0,0,0,0,—,—,0.0,0.0,0.0,0.0
2026-05-25 16:51:32.034594,1779742292.034594,2420,161510.0,INS_ALIGNMENT_COMPLETE,good,43.51463178497,-79.68404802764,163.0414,-37.1,3.111480295,-2.778094782,347.628279932,0.3212,0.3245,1.2341,-0.0337,4.4706,-0.2009,4.4707,0.3504,0.3299,0.1271,-0.0019361704564263,-0.0016512560988784,-7.67700886037e-05,0.012376479698702227,0.005551521642896041,-0.1986091238614261,0.0002160103205489,9.68923311644e-05,-0.0034663831358881,-13291874,-12390889,163167976,5345068,2221526,-85704708,-0.7955856699346925,-0.7416571753652955,9.76642597558838,1.2357452057189942,0.5136024656524658,-19.81437504977417,61,f37cfe00,43.514652332,-79.68404857286,163.723,-37.1,SOL_COMPUTED,INS_PSRSP,good,2.9046,2.6587,4.0396,25,19,0.0,0.0,1,0,0,0,0,0,0,0,0,—,—,0.0,0.0,0.0,0.0
2026-05-25 16:51:33.018604,1779742293.018604,2420,161511.0,INS_ALIGNMENT_COMPLETE,good,43.51460978058,-79.68405132257,162.9625,-37.1,2.255703211,-2.168323366,2.69558986,0.306,0.3054,1.2274,-0.361,2.8225,-0.2004,2.8455,0.3311,0.3222,0.1257,-0.0094642079074385,0.0047378669520004,-0.0005639842019228,0.006253674886255662,0.000889600130361428,-0.08442528145528785,0.0001091472171146,1.5526451301e-05,-0.0014734991333198,-22605626,209548,162524398,3109996,185446,-35841307,-1.3530606824517823,0.01254250423706055,9.727904587687378,0.7190109923400879,0.04287391767883301,-8.286278732460023,61,f37bfe00,43.51463484902,-79.68402971285,163.3594,-37.1,SOL_COMPUTED,INS_PSRSP,good,2.8059,2.4915,3.9372,26,20,0.0,0.0,1,0,0,0,0,0,0,0,0,—,—,0.0,0.0,0.0,0.0
2026-05-25 16:51:34.030610,1779742294.030610,2420,161512.0,INS_ALIGNMENT_COMPLETE,good,43.51459636999,-79.68407206881,163.1196,-37.1,1.529577216,-2.027466491,5.385817195,0.2902,0.289,1.2227,-0.2394,1.5577,-0.1964,1.5760,0.3178,0.3144,0.1246,0.0017959048532633,-0.0009043249275864,-0.0003375572031981,-0.00363849499572904,-0.00238535045280244,-0.0014164201879797976,-6.35037174929e-05,-4.16322192154e-05,-2.4721195872e-05,-2537452,-8754353,163336742,-953288,-1018726,-295997,-0.15187929477416995,-0.5239921621548462,9.77652747152283,-0.2203940297241211,-0.23552287275695802,-0.0684325949935913,61,f378fe00,43.51460925349,-79.68403260539,163.3032,-37.1,SOL_COMPUTED,INS_PSRSP,good,2.6518,2.4297,3.8469,27,21,0.0,0.0,1,0,0,0,0,0,0,0,0,—,—,0.0,0.0,0.0,0.0
2026-05-25 16:51:35.025708,1779742295.025708,2420,161513.0,INS_ALIGNMENT_COMPLETE,good,43.51458963552,-79.6840952668,163.2729,-37.1,1.199516215,-1.987800625,5.264594027,0.2732,0.2725,1.2228,-0.1797,0.8477,-0.1897,0.8665,0.3084,0.3054,0.1236,-0.0011196822633801,0.0014168737784558,0.0001490676709439,-0.0016445445369440248,-0.0007041780315971162,0.006662381343861801,-2.87027168654e-05,-1.22902251716e-05,0.000116280490474,-6974230,-5801596,162890082,-432056,-892670,2914412,-0.41744282610778816,-0.34725476936889654,9.749792618684694,-0.09988855718994141,-0.20637953956604005,0.6737932345275879,61,f376fe00,43.51459520671,-79.68405346132,163.4795,-37.1,SOL_COMPUTED,INS_PSRSP,good,2.5749,2.3957,3.7766,29,21,0.0,0.0,1,0,0,0,0,0,0,0,0,—,—,0.0,0.0,0.0,0.0
2026-05-25 16:51:36.022571,1779742296.022571,2420,161514.0,INS_ALIGNMENT_COMPLETE,good,43.51458746991,-79.68411762346,163.413,-37.1,1.166153095,-2.11394643,3.636755784,0.2567,0.2566,1.2237,0.0148,-0.0204,-0.1982,0.0252,0.2998,0.295,0.1205,-0.0041015375153698,0.0006781053072448,0.0001357253525987,-0.006318122512038195,0.001083177436863028,0.020115872937425346,-0.0001102720403796,1.89050126566e-05,0.0003510882146714,-11452630,-6736854,164932571,-2392207,280758,8754552,-0.6854976439788819,-0.4032346757757569,9.872045882550966,-0.5530628106765747,0.06490943659973145,2.0239958897094725,61,f373fe00,43.51458850402,-79.68407668132,163.6414,-37.1,SOL_COMPUTED,INS_PSRSP,good,2.5271,2.3629,3.7086,30,22,0.0,0.0,1,0,0,0,0,0,0,0,0,—,—,0.0,0.0,0.0,0.0
2026-05-25 16:51:37.126620,1779742297.126620,2420,161515.0,INS_ALIGNMENT_COMPLETE,good,43.51458920251,-79.68413932856,163.4921,-37.1,1.284187775,-2.264320041,3.308084354,0.2368,0.2368,1.2183,0.1567,-0.6917,-0.1954,0.7092,0.2905,0.2848,0.1174,-0.0032123784707858,0.0018717178551296,-0.0005805995005784,-0.0018408881535412563,0.0021852000374866297,-0.01782808488872241,-3.21295594403e-05,3.81389354689e-05,-0.0003111587806337,-10225746,-4412962,164838430,-765607,838724,-8042836,-0.6120624512384034,-0.26413802366516115,9.866411069088747,-0.17700339447784424,0.19390757272338868,-1.8594517464294433,61,f371fe00,43.51458673116,-79.6840990031,163.7822,-37.1,SOL_COMPUTED,INS_PSRSP,good,2.4939,2.3284,3.6496,30,22,0.0,0.0,1,0,0,0,0,0,0,0,0,—,—,0.0,0.0,0.0,0.0
2026-05-25 16:51:38.123576,1779742298.123576,2420,161516.0,INS_ALIGNMENT_COMPLETE,good,43.51459413597,-79.68416036124,163.5429,-37.1,1.248169491,-2.281400684,6.971266059,0.2214,0.2216,1.2139,0.38,-1.0003,-0.1978,1.0700,0.2805,0.2736,0.1146,0.0031990045313009,0.00627093088304,-3.82269038998e-05,0.007300423074272229,0.003142774342293519,-0.07847674265643272,0.0001274164194348,5.48517599203e-05,-0.001369677545597,-308404,-101611,164874397,1580844,672960,-22830376,-0.018459534219970705,-0.006081930622253419,9.868563875366517,0.36548092446899416,0.15558400634765626,-5.278235503601074,61,f36ffe00,43.51458854977,-79.68412069254,163.8582,-37.1,SOL_COMPUTED,INS_PSRSP,good,2.4666,2.2981,3.5953,30,21,0.0,0.0,1,0,0,0,0,0,0,0,0,—,—,0.0,0.0,0.0,0.0
2026-05-25 16:51:39.020987,1779742299.020987,2420,161517.0,INS_ALIGNMENT_COMPLETE,good,43.51460281509,-79.68417482235,163.5213,-37.1,1.155773211,-2.432512598,11.26847623,0.21,0.2099,1.2093,0.6578,-0.6862,-0.1949,0.9506,0.2712,0.264,0.114,0.0049075936435163,0.0013986196215673,0.0004237709113867,0.00019672283396223177,0.0006726382501277917,-0.03692630005595459,3.4334611665e-06,1.17397521396e-05,-0.0006444855165567,3712630,-6292663,164425936,414622,185567,-15809496,0.22221962273864748,-0.37664760503509526,9.841721223598634,0.09585792897033692,0.042901892097473145,-3.6550533850708007,61,f36cfe00,43.51459262052,-79.68414182289,163.9099,-37.1,SOL_COMPUTED,INS_PSRSP,good,2.4389,2.258,3.5483,31,22,0.0,0.0,1,0,0,0,0,0,0,0,0,—,—,0.0,0.0,0.0,0.0
2026-05-25 16:51:40.022809,1779742300.022809,2420,161518.0,INS_ALIGNMENT_COMPLETE,good,43.51461325324,-79.68417975245,163.4553,-37.1,1.154502263,-2.424926404,12.928734467,0.2051,0.2045,1.2124,0.8587,-0.1294,-0.1867,0.8684,0.2624,0.2557,0.1135,0.0045331079771857,0.0023137033786944,1.58267830901e-05,-0.0010945498641212609,0.0007809415382860207,-0.00012478614780037773,-1.91034989562e-05,1.36300011087e-05,-2.17792914e-06,2958015,-4427985,164792892,-390279,186571,93449,0.17705211059417728,-0.26503722595367435,9.863685390208742,-0.09022998456573486,0.043134010414123534,0.021604805351257323,61,f36afe00,43.51460030425,-79.68415649646,163.8906,-37.1,SOL_COMPUTED,INS_PSRSP,good,2.4168,2.2278,3.51,31,22,0.0,0.0,1,0,0,0,0,0,0,0,0,—,—,0.0,0.0,0.0,0.0
2026-05-25 16:51:41.025772,1779742301.025772,2420,161519.0,INS_ALIGNMENT_COMPLETE,good,43.51462203867,-79.68417876187,163.4378,-37.1,1.101552058,-2.653071705,12.885804376,0.2074,0.2064,1.2164,1.0169,0.0987,-0.1885,1.0217,0.2546,0.2478,0.113,0.0074855538233609,0.0011434241114378,0.000932573921635,-0.004353497131888882,-0.003180609039233624,0.0016478887078523634,-7.59828589277e-05,-5.55120999534e-05,2.87610836585e-05,8716955,-7820255,165380799,-1655317,-1352429,579881,0.5217537033126832,-0.46808168759613045,9.898874588094179,-0.3826986011581421,-0.31267285146331786,0.1340647426071167,61,f367fe00,43.51461035428,-79.6841615351,163.8247,-37.1,SOL_COMPUTED,INS_PSRSP,good,2.4056,2.2147,3.4838,31,22,0.0,0.0,1,0,0,0,0,0,0,0,0,—,—,0.0,0.0,0.0,0.0
2026-05-25 16:51:42.018167,1779742302.018167,2420,161520.0,INS_ALIGNMENT_COMPLETE,good,43.51462754944,-79.68417340463,163.4258,-37.1,1.143147865,-2.835157729,14.215632518,0.2161,0.215,1.2212,0.845,0.6931,-0.1711,1.0929,0.2471,0.2403,0.1107,0.0075171831622621,-0.0013668181844129,0.000488250112921,-0.0005047773107234877,0.0014632126036037054,-0.04169459212706295,-8.8100260615e-06,2.55378775896e-05,-0.0007277079128944,8460961,-12059090,163489650,-46743,502973,-18473359,0.5064311718179322,-0.721797332449341,9.785679786209108,-0.01080667975616455,0.11628410964202882,-4.27092130872345,61,f365fe00,43.5146191637,-79.68416054142,163.8085,-37.1,SOL_COMPUTED,INS_PSRSP,good,2.3916,2.1993,3.4622,31,22,0.0,0.0,1,0,0,0,0,0,0,0,0,—,—,0.0,0.0,0.0,0.0
2026-05-25 16:51:43.015927,1779742303.015927,2420,161521.0,INS_ALIGNMENT_COMPLETE,good,43.51462554748,-79.68416027689,163.5406,-37.1,0.926887583,-2.368994532,20.818350013,0.2199,0.2187,1.2249,0.3158,1.5674,-0.1359,1.5989,0.2397,0.2323,0.1067,0.0092779186757146,-0.0003957024090428,0.0005380140880473,0.005195720078647047,0.0026222747524593105,-0.06698302207022304,9.06824223845e-05,4.57673283224e-05,-0.0011690742780631,11485238,-9625864,164308341,2519098,808397,-28720175,0.6874493971722413,-0.5761564892309571,9.834682569992982,0.5823991904754638,0.1868961661605835,-6.639918998908996,61,f363fe00,43.51462437665,-79.68415527414,163.7953,-37.1,SOL_COMPUTED,INS_PSRSP,good,2.3764,2.1794,3.4453,31,22,0.0,0.0,1,0,0,0,0,0,0,0,0,—,—,0.0,0.0,0.0,0.0
2026-05-25 16:51:44.018065,1779742304.018065,2420,161522.0,INS_ALIGNMENT_COMPLETE,good,43.51461679901,-79.68414322204,163.6308,-37.1,0.68210263,-1.876072889,22.957267518,0.2351,0.2341,1.2302,-0.062,2.3568,-0.0994,2.3576,0.2388,0.2295,0.1037,0.0088563893727138,0.0023593157042326,0.0015271516877378,0.0021641443349835316,-0.0028775133055118822,0.03309595321101893,3.77714441339e-05,-5.02220814512e-05,0.0005776333526191,11458150,-3066891,167315999,1411420,-1488268,14709752,0.6858280438079835,-0.18356888809295657,10.014706064412538,0.3263111897277832,-0.34407795108032224,3.40079967388916,61,f360fe00,43.51462085953,-79.68414279645,163.916,-37.1,SOL_COMPUTED,INS_PSRSP,good,2.2842,2.1096,3.332,31,23,0.0,0.0,1,0,0,0,0,0,0,0,0,—,—,0.0,0.0,0.0,0.0
2026-05-25 16:51:45.024845,1779742305.024845,2420,161523.0,INS_ALIGNMENT_COMPLETE,good,43.51460414824,-79.68412678466,163.7272,-37.1,1.057498393,-1.422791951,11.518453069,0.2552,0.2545,1.2358,0.5,2.5013,-0.0913,2.5508,0.2431,0.2318,0.1038,-0.0028137676302208,0.0116908244643333,0.0006752950861148,-0.005987070492495783,-0.00023616597736983723,0.16622756652381815,-0.0001044940926432,-4.1218738863e-06,0.0029012183434227,-8706638,14105550,163020686,-2509085,67221,72046160,-0.5211361788494874,0.8442882806854249,9.75760992652527,-0.5800842495346069,0.01554106111907959,16.656606952514647,61,f35efe00,43.5146116199,-79.68412602748,164.0127,-37.1,SOL_COMPUTED,INS_PSRSP,good,2.2347,2.0688,3.2523,29,22,0.0,0.0,1,0,0,0,0,0,0,0,0,—,—,0.0,0.0,0.0,0.0
2026-05-25 16:51:46.018094,1779742306.018094,2420,161524.0,INS_ALIGNMENT_COMPLETE,good,43.51459214023,-79.6841166868,163.7731,-37.1,1.347366826,-1.920845309,353.81949135,0.2772,0.2767,1.2404,1.1455,2.3175,-0.108,2.5851,0.248,0.2374,0.1044,0.0037130477753371,0.0119480171450665,-7.79009802472e-05,-0.01223692034895127,0.0018009271798910386,0.18688092412486598,-0.0002135745503938,3.14321088778e-05,0.0032616874351533,1274031,12053290,166908849,-5347823,539788,80720147,0.07625717838226319,0.7214501732086183,9.990336084264223,-1.2363821439285279,0.12479549990844727,18.661976734474184,61,f35cfe00,43.51460151992,-79.68410849848,164.0994,-37.1,SOL_COMPUTED,INS_PSRSP,good,2.2061,2.046,3.191,29,22,0.0,0.0,1,0,0,0,0,0,0,0,0,—,—,0.0,0.0,0.0,0.0
2026-05-25 16:51:47.019227,1779742307.019227,2420,161525.0,INS_ALIGNMENT_COMPLETE,good,43.51457948826,-79.68410255885,163.7766,-37.1,1.603218882,-2.163473936,339.21126002,0.2988,0.2991,1.2446,1.3724,2.1144,-0.1201,2.5207,0.2534,0.2459,0.1056,0.0012368280267806,0.0063521022339046,-0.0006275140704997,-0.012654785424807642,0.005304855706914364,0.09515539023962394,-0.0002208676717966,9.2587198429e-05,0.0016607748607039,-4586963,2182671,162990479,-5758655,2665405,40376712,-0.27455286074188234,0.13064386329437258,9.755801885286562,-1.3313638493728637,0.6162244240951538,9.334835080993653,61,f359fe00,43.51459370896,-79.684098149,164.1376,-37.1,SOL_COMPUTED,INS_PSRSP,good,2.2125,2.0707,3.1513,26,22,0.0,0.0,1,0,0,0,0,0,0,0,0,—,—,0.0,0.0,0.0,0.0
2026-05-25 16:51:48.021331,1779742308.021331,2420,161526.0,INS_ALIGNMENT_COMPLETE,good,43.51456216518,-79.68408616214,163.5814,-37.1,3.002930959,-2.108338594,336.669449433,0.3203,0.321,1.2494,0.7719,1.944,-0.1702,2.0916,0.2629,0.2605,0.1077,-0.0012439663379782,-0.0032832442504603,-0.0015569454987719,-0.0022591243664763522,0.009751994302076157,-0.01921573349211291,-3.94291584071e-05,0.0001702044092072,-0.0003353778176236,-11646749,-12370238,158088819,-561528,3293693,-9057975,-0.6971166447805787,-0.7404211089031983,9.462412822548524,-0.12982164752197264,0.7614805525131225,-2.094145327949524,61,f357fe00,43.51458442457,-79.68408515126,164.1344,-37.1,SOL_COMPUTED,INS_PSRSP,good,2.2348,2.0858,3.1349,27,21,0.0,0.0,1,0,0,0,0,0,0,0,0,—,—,0.0,0.0,0.0,0.0
2026-05-25 16:51:49.025882,1779742309.025882,2420,161527.0,INS_ALIGNMENT_COMPLETE,good,43.51453665431,-79.68406977377,163.2578,-37.1,2.814558296,-2.374750825,345.329853916,0.3413,0.342,1.2558,-0.4869,1.9087,-0.1806,1.9698,0.2759,0.2763,0.1099,-0.0040061974790251,-0.011147060745801,0.0001340014513411,0.004348287913914912,0.003939809467693756,-0.12930595044832777,7.58919409226e-05,6.87626471126e-05,-0.0022568145777472,-17271265,-24920250,168711778,3104172,500606,-56201902,-1.0337722833999636,-1.4916025980377199,10.098250474387818,0.7176645211486816,0.11573687452697753,-12.993516817520142,61,f355fe00,43.51456767372,-79.68406896989,163.9023,-37.1,SOL_COMPUTED,INS_PSRSP,good,2.3017,2.1547,3.1707,25,20,0.0,0.0,1,0,0,0,0,0,0,0,0,—,—,0.0,0.0,0.0,0.0
2026-05-25 16:51:50.021255,1779742310.021255,2420,161528.0,INS_ALIGNMENT_COMPLETE,good,43.51449716887,-79.68404900517,163.2151,-37.1,2.06047697,-2.599665329,359.750980691,0.3594,0.3609,1.2631,-1.9585,1.7632,-0.1339,2.6353,0.2879,0.2871,0.1115,0.0003288016981166,-0.0081664806837678,0.0025961282992714,-0.01766193911441751,0.001722899249227417,-0.14005952033249539,-0.0003082589898338,3.00702645792e-05,-0.0024444997785695,-7368981,-21231453,170218767,-7528263,945233,-60730716,-0.44107066359649666,-1.270809500503235,10.188451363528749,-1.740485791694641,0.21853176573944091,-14.040549369415283,61,f352fe00,43.51454022877,-79.68405165577,163.5835,-37.1,SOL_COMPUTED,INS_PSRSP,good,2.3867,2.2591,3.2243,26,21,0.0,0.0,1,0,0,0,0,0,0,0,0,—,—,0.0,0.0,0.0,0.0
2026-05-25 16:51:51.021635,1779742311.021635,2420,161529.0,INS_ALIGNMENT_COMPLETE,good,43.5144481561,-79.68403143197,163.4058,-37.1,1.944238701,-2.23997332,13.967943573,0.3761,0.3783,1.272,-3.4353,1.3889,-0.1119,3.7054,0.3005,0.2988,0.1134,-0.0004650646722075,-0.0084499503277405,0.0019488478363236,-0.0019117379431717945,0.01647494167356802,-0.13906483319784516,-3.33661215437e-05,0.0002875419762782,-0.0024271392130426,-7516422,-22093830,167855432,-623817,7428556,-60099354,-0.44989575077087407,-1.3224271116302493,10.046993849016115,-0.14422246208953857,1.717434177154541,-13.89458255204773,61,f350fe00,43.51449736662,-79.68403028937,163.5606,-37.1,SOL_COMPUTED,INS_PSRSP,good,2.4323,2.3019,3.2665,23,18,0.0,0.0,1,0,0,0,0,0,0,0,0,—,—,0.0,0.0,0.0,0.0
2026-05-25 16:51:52.021125,1779742312.021125,2420,161530.0,INS_ALIGNMENT_COMPLETE,good,43.51439594982,-79.68402797155,163.6686,-37.1,2.051876148,-1.650382015,26.112229084,0.3909,0.3925,1.2827,-4.5206,0.7186,-0.1303,4.5774,0.309,0.3112,0.1145,-0.0003811467597889,-0.0041619784273168,0.0004940718596709,0.008597975717573772,-0.000905993785958081,-0.09504062427099606,0.0001500629852784,-1.58125745676e-05,-0.0016587718166821,-7262259,-12941429,164508611,3377885,-660522,-40781641,-0.43468281385711677,-0.7746097699148561,9.84666973915497,0.7809451992416382,-0.15270842106628418,-9.428452050956727,61,f34efe00,43.51444498736,-79.68401323671,163.7544,-37.1,SOL_COMPUTED,INS_PSRSP,good,2.4734,2.3217,3.3115,23,18,0.0,0.0,1,0,0,0,0,0,0,0,0,—,—,0.0,0.0,0.0,0.0
2026-05-25 16:51:53.021010,1779742313.021010,2420,161531.0,INS_ALIGNMENT_COMPLETE,good,43.51434830577,-79.68403496219,163.6962,-37.1,1.425594537,-0.611101343,31.399577204,0.4027,0.4039,1.2941,-4.9988,0.3916,-0.1275,5.0141,0.3188,0.3228,0.1161,0.0026617081610042,0.0021714324757213,0.0012916290729414,-0.000765465222302033,0.0016154317384781385,-0.006675070385923442,-1.33598884387e-05,2.81946026777e-05,-0.0001165019560369,-2164358,1034600,167004628,-392994,469197,-2310015,-0.12954773791931154,0.06192602593994141,9.996068940284426,-0.09085767503356934,0.1084753165512085,-0.53406055103302,61,f34bfe00,43.51439003451,-79.68401111203,164.0145,-37.1,SOL_COMPUTED,INS_PSRSP,good,2.4442,2.3297,3.3031,26,22,0.0,0.0,1,0,0,0,0,0,0,0,0,—,—,0.0,0.0,0.0,0.0
2026-05-25 16:51:54.033441,1779742314.033441,2420,161532.0,INS_ALIGNMENT_COMPLETE,good,43.51430985384,-79.68404482953,163.6421,-37.1,1.209738401,-0.285322512,26.35714093,0.4121,0.413,1.3048,-4.7807,0.4231,-0.1204,4.7994,0.3273,0.3322,0.1169,0.0044862091725289,0.0061048446808494,-0.0007570080032768,-0.007170932672491918,-0.0074083941743236376,0.10078691727283258,-0.000125156385574,-0.0001293008706277,0.0017590635493486,3392916,7451945,163252766,-3162012,-3056214,44085483,0.20308312799926762,0.4460364772598267,9.771501084557496,-0.731036755645752,-0.7065769412384033,10.192278986732482,61,f349fe00,43.51434125676,-79.68401900352,164.0588,-37.1,SOL_COMPUTED,INS_PSRSP,good,2.4447,2.3336,3.3088,25,22,0.0,0.0,1,0,0,0,0,0,0,0,0,—,—,0.0,0.0,0.0,0.0
2026-05-25 16:51:55.040365,1779742315.040365,2420,161533.0,INS_ALIGNMENT_COMPLETE,good,43.51428072987,-79.68405135794,163.5866,-37.1,0.399236528,-0.110670527,12.195843357,0.4196,0.4207,1.3141,-3.9307,0.6814,-0.1,3.9893,0.3323,0.3357,0.1161,0.001126894195735,0.0100227204449637,0.0036562607714732,-0.01379303195848437,-0.006178756528197776,0.1666535071521892,-0.0002407338215087,-0.0001078396450963,0.0029086524098058,148428,15028139,163608083,-6879169,-3072147,72223938,0.008884164100341797,0.8995098835714723,9.79276859833954,-1.5904194504318236,-0.7102605479507447,16.69770807810974,61,f347fe00,43.51430384209,-79.68402810783,164.0105,-37.1,SOL_COMPUTED,INS_PSRSP,good,2.4464,2.3398,3.3028,26,23,0.0,0.0,1,0,0,0,0,0,0,0,0,—,—,0.0,0.0,0.0,0.0
2026-05-25 16:51:56.018548,1779742316.018548,2420,161534.0,INS_ALIGNMENT_COMPLETE,good,43.51426009972,-79.68405070371,163.6112,-37.1,1.144351984,-1.230197751,356.830402185,0.4286,0.429,1.3231,-2.8646,0.2809,-0.1244,2.8783,0.3371,0.3395,0.1146,-0.0056776842196719,0.0040204432729988,-0.0013288594316663,-0.018274353847034356,-0.004912871721527497,0.12804880557706655,-0.0003189476433057,-8.57457872689e-05,0.0022348732605691,-14293900,1721651,160604331,-7699024,-2239531,54736938,-0.8555619777526857,0.1030494920602417,9.612978897712098,-1.7799646322021485,-0.5177651053848267,12.654826600753784,61,f344fe00,43.51427787862,-79.68403319098,163.9763,-37.1,SOL_COMPUTED,INS_PSRSP,good,2.4313,2.3188,3.2662,26,23,0.0,0.0,1,0,0,0,0,0,0,0,0,—,—,0.0,0.0,0.0,0.0
2026-05-25 16:51:57.024250,1779742317.024250,2420,161535.0,INS_ALIGNMENT_COMPLETE,good,43.51424103576,-79.6840446728,163.6517,-37.1,1.63253757,-1.699705312,346.953135895,0.4362,0.4365,1.3094,-2.5356,-0.3291,-0.1714,2.5569,0.3405,0.3403,0.1129,-0.0107118230072813,0.0041812078481863,-0.0013970761743487,-0.009235191784168418,0.013638527982245229,0.09994550045430976,-0.0001611845036871,0.0002380372184159,0.0017443780554837,-18267550,-2224154,162515063,-2309425,3220041,28099403,-1.0934049634246827,-0.1331268299810791,9.727345840874941,-0.5339241468429565,0.7444526857223511,6.496400521156311,61,f342fe00,43.51426092106,-79.68403209177,163.9811,-37.1,SOL_COMPUTED,INS_PSRSP,good,2.4325,2.3444,3.2353,25,23,0.0,0.0,1,0,0,0,0,0,0,0,0,—,—,0.0,0.0,0.0,0.0
2026-05-25 16:51:58.065350,1779742318.065350,2420,161536.0,INS_ALIGNMENT_COMPLETE,good,43.51421993778,-79.68403633712,163.6881,-37.1,2.655577948,-1.538104165,343.157703166,0.4472,0.4467,1.3064,-2.5665,-0.3921,-0.1799,2.5963,0.347,0.3482,0.1115,-0.0023896586977538,-0.0009329288349519,-0.0027230277913348,-0.0014007316192764013,0.004451028728116498,0.0062609489390370926,-2.44473786932e-05,7.76851064066e-05,0.0001092741732856,-11410930,-7348873,158092939,55308,1206155,3001619,-0.683001688748169,-0.4398670984219361,9.46265942531952,0.012786852447509765,0.2788552472305298,0.6939549297866822,61,f340fe00,43.5142442052,-79.68402650256,164.0086,-37.1,SOL_COMPUTED,INS_PSRSP,good,2.422,2.3273,3.2044,26,23,0.0,0.0,1,0,0,0,0,0,0,0,0,—,—,0.0,0.0,0.0,0.0
2026-05-25 16:51:59.019636,1779742319.019636,2420,161537.0,INS_ALIGNMENT_COMPLETE,good,43.51420192954,-79.68401846947,163.5466,-37.1,2.941633679,-0.622716739,342.237710952,0.4567,0.4549,1.3077,-2.4462,0.137,-0.0812,2.4500,0.3515,0.356,0.11,0.0036919739221228,0.0126969092466125,-0.0028508700462672,0.04173851819008074,-0.04531806023163665,0.008260947985690511,0.0007284745673215,-0.0007909493616603,0.0001441807416865,-5466994,22405199,156642823,17548858,-19552176,3656970,-0.32722715277160647,1.341064116048279,9.375862671954042,4.057182647506714,-4.520336832641601,0.8454678490447998,61,f33efe00,43.51422397406,-79.68401841492,164.0179,-37.1,SOL_COMPUTED,INS_PSRSP,good,2.4513,2.3696,3.1924,23,21,0.0,0.0,1,0,0,0,0,0,0,0,0,—,—,0.0,0.0,0.0,0.0
2026-05-25 16:52:00.027699,1779742320.027699,2420,161538.0,INS_ALIGNMENT_COMPLETE,good,43.51418587998,-79.68399076724,163.5162,-37.1,0.242452887,-1.148309155,339.58230035,0.4591,0.4571,1.3052,-2.0583,0.963,0.0844,2.2724,0.3552,0.3612,0.1082,0.0075246989741355,0.0032729779981641,0.0051254160129895,0.021373286729584703,0.03290768317871755,0.02044865751253373,0.0003730342254046,0.0005743474206726,0.0003568964012069,7773673,2863597,172633322,10380771,14056929,8660302,0.46529352005279545,0.17140071728546144,10.332974653267213,2.399967221168518,3.249871211906433,2.0022058983306885,61,f33bfe00,43.51420613152,-79.68400059825,163.8689,-37.1,SOL_COMPUTED,INS_PSRSP,good,2.4634,2.4272,3.1874,24,21,0.0,0.0,1,0,0,0,0,0,0,0,0,—,—,0.0,0.0,0.0,0.0
2026-05-25 16:52:01.035678,1779742321.035678,2420,161539.0,INS_ALIGNMENT_COMPLETE,good,43.51417106538,-79.68395541361,163.577,-37.1,3.187330729,-1.223734293,334.138506465,0.4504,0.4487,1.2637,-1.6107,1.6411,-0.114,2.2995,0.3576,0.3612,0.1063,0.0010949380111022,0.0062911827170684,-0.0043074521217562,0.009773636712026478,0.039851939801296615,0.040748444098305234,0.0001705821405189,0.0006955475628402,0.0007111945145813,-8733351,6114536,156562813,3229417,16376151,17600504,-0.5227350865731812,0.36598580605712894,9.371073670083314,0.7466203563766479,3.786060361885071,4.06912286920166,61,f339fe00,43.51419066406,-79.68397339702,163.9096,-37.1,SOL_COMPUTED,INS_PSRSP,good,2.4641,2.4576,3.1836,26,23,0.0,0.0,1,0,0,0,0,0,0,0,0,—,—,0.0,0.0,0.0,0.0
2026-05-25 16:52:02.030744,1779742322.030744,2420,161540.0,INS_ALIGNMENT_COMPLETE,good,43.51415502536,-79.68391727913,163.5743,-37.1,2.419581375,-1.584945396,330.430760367,0.4339,0.4331,1.2586,-1.5634,1.666,-0.2056,2.2847,0.3575,0.359,0.1049,-0.0009600747899065,-0.0058417411830981,-0.0050522902847779,-0.03845573799176296,-0.026293246287837475,0.02278839547474798,-0.0006711792442415,-0.0004589037187612,0.0003977325322815,-11222590,-17240721,157364832,-14779111,-11280791,8890594,-0.6717285902313234,-1.0319440710122683,9.419078550615236,-3.416835026802063,-2.6080460332717896,2.0554479216156007,61,f337fe00,43.51417709575,-79.68393854061,163.8927,-37.1,SOL_COMPUTED,INS_PSRSP,good,2.4447,2.4178,3.1682,26,23,0.0,0.0,1,0,0,0,0,0,0,0,0,—,—,0.0,0.0,0.0,0.0
2026-05-25 16:52:03.020085,1779742323.020085,2420,161541.0,INS_ALIGNMENT_COMPLETE,good,43.51413517435,-79.68388247335,163.5956,-37.1,2.260775077,-1.168138405,329.169119801,0.419,0.4184,1.2532,-1.9062,1.7316,-0.1935,2.5753,0.3556,0.3559,0.1032,-0.003021734668579,0.0012604008375287,-0.008881199925824,0.009078971745520664,-0.013601404955557932,-0.0041005861752513445,0.0001584579496551,-0.0002373892993719,-7.156873002e-05,-8404791,-118676,150091364,3723059,-5968720,-1812954,-0.5030691141366578,-0.007103356905517579,8.983724821597901,0.8607471990737915,-1.3799295208740234,-0.41914325761413573,61,f335fe00,43.51416183152,-79.68390103508,163.9103,-37.1,SOL_COMPUTED,INS_PSRSP,good,2.4189,2.3707,3.137,26,23,0.0,0.0,1,0,0,0,0,0,0,0,0,—,—,0.0,0.0,0.0,0.0
2026-05-25 16:52:04.028324,1779742324.028324,2420,161542.0,INS_ALIGNMENT_COMPLETE,good,43.51411436219,-79.68384918423,163.597,-37.1,5.278179225,-0.344393656,329.272247005,0.4046,0.404,1.2467,-1.9093,1.9674,-0.2309,2.7415,0.3524,0.3517,0.1014,0.0034136649871704,-0.0009236291085241,-0.0015958741878655,-0.0279215900217252,0.04595607857466618,-0.0015620405956244983,-0.0004873236782718,0.0008020848824343,-2.72627514435e-05,-10559470,-3525487,160744533,-11586822,20163233,-799369,-0.632037515109253,-0.21101817070648196,9.62137069424103,-2.6787984242706298,4.66160926512909,-0.18480895085906981,61,f333fe00,43.5141422166,-79.68386643435,163.936,-37.1,SOL_COMPUTED,INS_PSRSP,good,2.4019,2.3344,3.1066,25,22,0.0,0.0,1,0,0,0,0,0,0,0,0,—,—,0.0,0.0,0.0,0.0
2026-05-25 16:52:05.033125,1779742325.033125,2420,161543.0,INS_ALIGNMENT_COMPLETE,good,43.51409611056,-79.68381779707,163.4967,-37.1,8.345930681,-0.966798909,328.814901814,0.3899,0.3892,1.2453,-1.9028,2.2918,-0.2806,2.9788,0.3479,0.3463,0.0999,0.0019708806364634,0.0036542949652938,0.0054184572814318,-0.0011520168518401957,-0.004700366329123364,0.01149314156600542,-2.01064871031e-05,-8.20368684932e-05,0.0002005931617249,-19636518,3609709,172491576,-738691,-1894952,5110643,-1.1753445998822023,0.21605928201202396,10.3244904405542,-0.17078058908843993,-0.4381006657104492,1.1815476595230103,61,f330fe00,43.51412141394,-79.68383292521,163.8573,-37.1,SOL_COMPUTED,INS_PSRSP,good,2.3802,2.2995,3.0726,24,22,0.0,0.0,1,0,0,0,0,0,0,0,0,—,—,0.0,0.0,0.0,0.0
2026-05-25 16:52:06.021261,1779742326.021261,2420,161544.0,INS_ALIGNMENT_COMPLETE,good,43.51408167992,-79.68378712944,163.2975,-37.1,8.021222142,-2.341269488,323.997766181,0.3738,0.3737,1.2469,-1.2046,2.6792,-0.4608,2.9375,0.3396,0.3357,0.0976,0.0106609601902465,0.0017389651578025,0.0004652113168386,-0.03945473343442523,0.02429863608984355,0.08178464828910612,-0.0006886150039284,0.0004240912035123,0.0014274113902325,-5342575,-3452471,161480207,-16510682,10912333,35886623,-0.319780048362732,-0.20664779499603275,9.665404492044374,-3.817163060348511,2.522860922996521,8.296755499031066,61,f32efe00,43.51410332231,-79.68380150104,163.6747,-37.1,SOL_COMPUTED,INS_PSRSP,good,2.3587,2.2688,3.0371,27,22,0.0,0.0,1,0,0,0,0,0,0,0,0,—,—,0.0,0.0,0.0,0.0
2026-05-25 16:52:07.018039,1779742327.018039,2420,161545.0,INS_ALIGNMENT_COMPLETE,good,43.51407471803,-79.68375520548,162.9035,-37.1,8.932171445,-0.589968764,310.202033777,0.3596,0.3595,1.2479,-0.352,2.3205,-0.5625,2.3470,0.3361,0.3328,0.0969,0.0043288442357969,0.0165888526296573,-0.0044041128362303,-0.03368349635624312,-0.049567980234257125,0.18925698736569307,-0.0005878879150008,-0.0008651244586525,0.0033031575619414,-18563530,24423118,156174804,-15491124,-22522081,82666675,-1.1111208586090089,1.4618467415448,9.347849375284426,-3.581447834564209,-5.2069596904220585,19.112001438331603,61,f32bfe00,43.51408988981,-79.68377176648,163.4841,-37.1,SOL_COMPUTED,INS_PSRSP,good,2.2922,2.1847,2.9542,27,23,0.0,0.0,1,0,0,0,0,0,0,0,0,—,—,0.0,0.0,0.0,0.0
2026-05-25 16:52:08.040572,1779742328.040572,2420,161546.0,INS_ALIGNMENT_COMPLETE,good,43.5140759759,-79.68372926882,162.4858,-37.1,6.884356401,0.473460039,286.415603575,0.344,0.3433,1.2475,0.8015,1.4655,-0.4664,1.6704,0.3255,0.3245,0.0959,0.0026377012876182,0.0101292173070711,-0.0023084578398309,-0.03685469135559791,-0.033274258724029705,0.25075049270921923,-0.0006432357089624,-0.0005807453708956,0.0043764216987802,-15899937,14970385,161844724,-13690600,-14731525,108849134,-0.9516913890444948,0.8960530155044557,9.687222672208254,-3.1651783126831057,-3.4058334508895873,25.165216885391235,61,f329fe00,43.51408534198,-79.68374289728,163.0657,-37.1,SOL_COMPUTED,INS_PSRSP,good,2.2984,2.1955,2.9311,25,22,0.0,0.0,1,0,0,0,0,0,0,0,0,—,—,0.0,0.0,0.0,0.0
2026-05-25 16:52:09.026544,1779742329.026544,2420,161547.0,INS_ALIGNMENT_COMPLETE,good,43.51408271066,-79.6837064986,162.2049,-37.1,3.293748937,0.733441572,259.921798167,0.3331,0.3343,1.2453,1.0976,0.2233,-0.1583,1.1201,0.3247,0.3214,0.0958,0.0044553543358253,0.0231685179775909,0.0070041395611348,-0.01457060811765165,-0.014653737493065491,0.24392946647551605,-0.0002543050856712,-0.0002557559669773,0.004257372332637,-5252134,38046876,173433673,-7559530,-5967097,103878719,-0.3143666985540772,2.277297342073975,10.380879695589906,-1.7477145201873778,-1.3795542937545777,24.016089033943178,61,f327fe00,43.51408924308,-79.68372387659,162.7032,-37.1,SOL_COMPUTED,INS_PSRSP,good,2.257,2.1566,2.891,23,22,0.0,0.0,1,0,0,0,0,0,0,0,0,—,—,0.0,0.0,0.0,0.0
2026-05-25 16:52:10.019956,1779742330.019956,2420,161548.0,INS_ALIGNMENT_COMPLETE,good,43.5140940376,-79.68368164578,162.0975,-37.1,2.812235079,-0.450233227,242.673333133,0.3244,0.3274,1.237,0.8837,-0.0354,-0.1963,0.8844,0.3298,0.3155,0.0962,-0.0006057843858939,0.0081571837087789,-0.0013448349627114,-0.016135481236122108,0.002103671268415006,0.12493811297178965,-0.0002816172739645,3.67159900135e-05,0.0021805814325895,-9190942,11314338,161064397,-7917293,641079,53884990,-0.5501242148699952,0.6772201705792237,9.640516167236635,-1.8304270155258178,0.14821332501983642,12.457861724624633,61,f325fe00,43.51409619107,-79.6837097432,162.5181,-37.1,SOL_COMPUTED,INS_PSRSP,good,2.2811,2.1471,2.86,21,20,0.0,0.0,1,0,0,0,0,0,0,0,0,—,—,0.0,0.0,0.0,0.0
2026-05-25 16:52:11.019665,1779742331.019665,2420,161549.0,INS_ALIGNMENT_COMPLETE,good,43.51411215329,-79.68364292402,161.9942,-37.1,2.889832608,-0.662767093,235.768451105,0.3143,0.3195,1.2228,1.1596,0.6597,-0.1738,1.3341,0.333,0.3066,0.0974,0.0004145041829609,-0.0082025666232437,0.0007190748619607,-0.014807551560424332,0.004191727827749293,-0.00861413165767948,-0.0002584405288886,7.31594519418e-05,-0.000150344959627,-9585988,-17584332,168736514,-5758098,2472992,-4744803,-0.5737697095959473,-1.052510921678467,10.09973104869446,-1.3312350745697021,0.5717397810058594,-1.0969678139419556,61,f323fe00,43.51410616227,-79.68369029456,162.4235,-37.1,SOL_COMPUTED,INS_PSRSP,good,2.326,2.1373,2.8332,25,22,0.0,0.0,1,0,0,0,0,0,0,0,0,—,—,0.0,0.0,0.0,0.0
2026-05-25 16:52:12.029857,1779742332.029857,2420,161550.0,INS_ALIGNMENT_COMPLETE,good,43.51413872417,-79.68359387367,161.8836,-37.1,2.36456204,-0.916604945,243.334650017,0.3006,0.3058,1.2091,1.8817,2.2852,-0.1415,2.9602,0.3306,0.301,0.0991,-0.0022713156987181,-0.0170754835137857,0.0007717167953695,0.0035533846788532706,0.011797438009070458,-0.1362082709725596,6.2018262236e-05,0.0002059041365585,-0.0023772827969232,-12148877,-32661262,166625788,2520777,5614878,-58884135,-0.7271715370608521,-1.9549411925799562,9.973393456361086,0.5827873644332886,1.2981235354156495,-13.613631766548156,61,f321fe00,43.51412343084,-79.6836535273,162.3181,-37.1,SOL_COMPUTED,INS_PSRSP,good,2.3773,2.0945,2.8036,24,21,0.0,0.0,1,0,0,0,0,0,0,0,0,—,—,0.0,0.0,0.0,0.0
2026-05-25 16:52:13.017495,1779742333.017495,2420,161551.0,INS_ALIGNMENT_COMPLETE,good,43.51417160977,-79.68353131659,161.9595,-37.1,2.446552903,0.087933536,253.766826737,0.288,0.2924,1.1954,2.1786,3.6695,-0.1563,4.2675,0.3229,0.2958,0.1003,-0.0028842944989434,-0.0015664798699974,0.0004685684079548,0.011495704035484966,-0.013313848915879003,-0.04008686032281477,0.0002006378852543,-0.0002323704996955,-0.0006996476994212,-13106944,-3199936,161656472,5040520,-6192135,-16432309,-0.7845166771093751,-0.1915323020898438,9.67595484093506,1.1653356747436523,-1.4315816261672973,-3.799043728843689,61,f31ffe00,43.51415088957,-79.68360234378,162.2213,-37.1,SOL_COMPUTED,INS_PSRSP,good,2.4067,2.0608,2.778,25,22,0.0,0.0,1,0,0,0,0,0,0,0,0,—,—,0.0,0.0,0.0,0.0
2026-05-25 16:52:14.044314,1779742334.044314,2420,161552.0,INS_ALIGNMENT_COMPLETE,good,43.51419040485,-79.68346867652,162.2176,-37.1,1.735594938,0.29904678,247.448625619,0.2752,0.2799,1.1823,1.8823,3.7848,-0.0942,4.2270,0.315,0.2878,0.1015,-0.0020269278230357,0.0057423078580063,-0.0002423703790623,-0.002396242009721143,-0.003053302301008851,0.13797697958082258,-4.18223127443e-05,-5.32901782114e-05,0.0024081525856458,-9247599,9864818,164857215,-1098835,-1171793,60412729,-0.553515421956482,0.5904590908184816,9.867535446043398,-0.25404355625152586,-0.2709109747238159,13.967032828422546,61,f31cfe00,43.51418470965,-79.68353654994,162.295,-37.1,SOL_COMPUTED,INS_PSRSP,good,2.4134,2.0291,2.7457,25,22,0.0,0.0,1,0,0,0,0,0,0,0,0,—,—,0.0,0.0,0.0,0.0
2026-05-25 16:52:15.022194,1779742335.022194,2420,161553.0,INS_ALIGNMENT_COMPLETE,good,43.51420184605,-79.68341623514,162.7344,-37.1,1.750172176,0.401635635,228.064995451,0.2647,0.2707,1.168,1.4029,3.4375,-0.0557,3.7128,0.3134,0.2834,0.1029,0.0017410296946109,0.0070282543652949,0.0001720560795239,-0.0028466421963453136,0.0010813544206290655,0.2102148155314851,-4.96832789525e-05,1.8873195021e-05,0.0036689406675022,-2698305,11249617,163824861,-1072314,211002,90997082,-0.16150715776519778,0.6733462924380494,9.805743854526673,-0.24791207231140136,0.04878229985046387,21.0379377429657,61,f31afe00,43.51420297404,-79.68347582631,162.572,-37.1,SOL_COMPUTED,INS_PSRSP,good,2.3786,1.9718,2.7093,25,22,0.0,0.0,1,0,0,0,0,0,0,0,0,—,—,0.0,0.0,0.0,0.0
2026-05-25 16:52:16.033912,1779742336.033912,2420,161554.0,INS_ALIGNMENT_COMPLETE,good,43.514218978,-79.68338882147,162.8781,-37.1,1.284858123,0.612801883,204.690444137,0.2552,0.2645,1.156,0.9182,2.7332,-0.0399,2.8833,0.3179,0.2789,0.1046,-0.0015391615937181,0.0052487103994272,0.0002425770461011,-0.003518817976512737,-0.0011915221520528143,0.11638284227906133,-6.14149594686e-05,-2.07959846638e-05,0.0020312637906018,-10777824,17896890,164870128,-2931879,-1525208,100550096,-0.645107102841797,1.0712190937408448,9.868308354194337,-0.6778314921340942,-0.35261824053955076,23.24653289099121,61,f317fe00,43.51421197839,-79.68342870963,163.0884,-37.1,SOL_COMPUTED,INS_PSRSP,good,2.3954,1.9479,2.6788,25,22,0.0,0.0,1,0,0,0,0,0,0,0,0,—,—,0.0,0.0,0.0,0.0
2026-05-25 16:52:17.018460,1779742337.018460,2420,161555.0,INS_ALIGNMENT_COMPLETE,good,43.51423841274,-79.68337981009,162.8306,-37.1,1.125811187,-0.002174384,182.687347869,0.2461,0.2572,1.1431,0.4859,2.3377,-0.0393,2.3877,0.3151,0.2723,0.1062,0.0004552679291892,0.0014006011585226,-0.0007878250937643,-0.0016386469910120904,0.004243437282722756,0.15340593461101013,-2.85997852711e-05,7.40619521855e-05,0.0026774386510651,-4088987,1621025,163290897,66441,1949521,65075125,-0.24474648659393314,0.09702651865386965,9.773783417145083,0.015360730155944824,0.45071666613006595,15.044948676109314,61,f315fe00,43.5142246785,-79.68340575544,163.2443,-37.1,SOL_COMPUTED,INS_PSRSP,good,2.5062,1.9295,2.6614,24,21,0.0,0.0,1,0,0,0,0,0,0,0,0,—,—,0.0,0.0,0.0,0.0
2026-05-25 16:52:18.034912,1779742338.034912,2420,161556.0,INS_ALIGNMENT_COMPLETE,good,43.51426432402,-79.68338033388,162.837,-37.1,1.012348162,0.365120039,177.403211303,0.2389,0.2505,1.1276,1.2164,2.1309,-0.057,2.4536,0.3112,0.2689,0.1085,-0.0053490838481612,-0.0155587845414766,-0.001476506358073,-0.002951374915997417,-0.015310749951332634,-0.07580737292115801,-5.1511209745e-05,-0.0002672229976007,-0.0013230882547633,-9475606,-18218084,163697117,-362566,-4963773,-22774499,-0.5671627904046632,-1.0904441739416506,9.798097732104798,-0.08382291792297364,-1.1475922639389038,-5.265317102027893,61,f313fe00,43.51423904417,-79.68339843488,163.2009,-37.1,SOL_COMPUTED,INS_PSRSP,good,2.5297,1.8629,2.622,25,22,0.0,0.0,1,0,0,0,0,0,0,0,0,—,—,0.0,0.0,0.0,0.0
2026-05-25 16:52:19.023120,1779742339.023120,2420,161557.0,INS_ALIGNMENT_COMPLETE,good,43.51429991529,-79.6833828648,163.0682,-37.1,1.402714623,1.395687983,192.606011594,0.2329,0.244,1.1127,2.8036,2.2164,-0.0578,3.5739,0.3085,0.2651,0.1108,-0.0031642873335196,-0.0135557570141683,0.0001869238415457,0.002945860854797223,0.00037769111082955396,-0.21235832211641728,5.14149712219e-05,6.5919534395e-06,-0.0037063519149475,-10772055,-20360680,165225922,1692134,191673,-92812335,-0.644761799107361,-1.2186893464477542,9.889604418831178,0.3912104538116455,0.044313559867858884,-21.457612514533995,61,f311fe00,43.51426372751,-79.68339895166,163.2103,-37.1,SOL_COMPUTED,INS_PSRSP,good,2.5381,1.8206,2.5867,24,21,0.0,0.0,1,0,0,0,0,0,0,0,0,—,—,0.0,0.0,0.0,0.0
2026-05-25 16:52:20.046321,1779742340.046321,2420,161558.0,INS_ALIGNMENT_COMPLETE,good,43.51435058976,-79.68338536853,162.9227,-37.1,2.956561443,1.828907888,216.734237709,0.2239,0.2356,1.1029,4.3791,2.7097,-0.1328,5.1497,0.3004,0.254,0.1124,-0.0043650376226854,-0.0174676960237575,-0.0006602346257578,0.012836665951806667,0.005340656777433586,-0.27037196667965724,0.000224042085838,9.32120449853e-05,-0.0047188810236592,-17875910,-24827097,161938488,5849588,2282613,-117169821,-1.069963334970093,-1.4860269213565065,9.692834920319825,1.3523869717712402,0.5277253855819702,-27.08890598879242,61,f30ffe00,43.51430295807,-79.68340105821,163.431,-37.1,SOL_COMPUTED,INS_PSRSP,good,2.5635,1.8328,2.572,26,22,0.0,0.0,1,0,0,0,0,0,0,0,0,—,—,0.0,0.0,0.0,0.0
2026-05-25 16:52:21.018453,1779742341.018453,2420,161559.0,INS_ALIGNMENT_COMPLETE,good,43.51439756858,-79.68336914918,162.8241,-37.1,3.787875611,0.777449281,245.991077893,0.2151,0.2241,1.0969,5.1264,3.6609,-0.169,6.2994,0.2819,0.2458,0.1128,-0.0002188739781242,-0.0130942829037625,-0.0001699815107868,0.0005131683196137843,-0.001945006478603472,-0.3014081231581245,8.9564767942e-06,-3.39467670243e-05,-0.0052605641413734,-12608320,-20842703,163487836,-769011,-1723850,-130740871,-0.7546715168945314,-1.2475408531185914,9.78557120916382,-0.17779037729644775,-0.39854298820495604,-30.226445113471986,61,f30dfe00,43.51435884129,-79.68340034392,163.2444,-37.1,SOL_COMPUTED,INS_PSRSP,good,2.4942,1.7699,2.5347,25,21,0.0,0.0,1,0,0,0,0,0,0,0,0,—,—,0.0,0.0,0.0,0.0
2026-05-25 16:52:22.021143,1779742342.021143,2420,161560.0,INS_ALIGNMENT_COMPLETE,good,43.51442964119,-79.68333433254,162.7107,-37.1,3.247454683,-0.471470173,278.476620635,0.2078,0.2158,1.0911,5.0013,4.8523,-0.1321,6.9683,0.2727,0.2397,0.1131,0.0012472744885948,-0.0131047433777692,0.0003864652679776,0.013192644723662562,0.0034055248353969435,-0.33088303060134955,0.0002302550874741,5.94376211362e-05,-0.005774998322979,-8446014,-24558986,163213376,5957424,1268396,-143389920,-0.5055365185125733,-1.4699791263238529,9.769143394472657,1.377317958618164,0.29324496450805665,-33.15082356079102,61,f30afe00,43.51441010778,-79.68337676602,163.1241,-37.1,SOL_COMPUTED,INS_PSRSP,good,2.2696,1.71,2.4914,28,23,0.0,0.0,1,0,0,0,0,0,0,0,0,—,—,0.0,0.0,0.0,0.0
2026-05-25 16:52:23.051342,1779742343.051342,2420,161561.0,INS_ALIGNMENT_COMPLETE,good,43.51444391453,-79.68329103436,162.7621,-37.1,3.435099508,-1.974013173,312.590557952,0.2012,0.2113,1.0842,3.808,5.5966,-0.1014,6.7693,0.2752,0.2323,0.1138,-0.0034897144981361,-0.0119182377146474,-0.0003881142502179,0.0019477808273771833,0.013787113362976859,-0.34044441769470024,3.3995188545e-05,0.00024063052253,-0.0059418760088159,-16834494,-25345885,164676722,619269,5915740,-147346737,-1.0076293370672609,-1.5170789986282351,9.856732030037232,0.1431709938583374,1.3676808869934083,-34.06561409996796,61,f308fe00,43.51444317886,-79.6833315905,163.0252,-37.1,SOL_COMPUTED,INS_PSRSP,good,2.1219,1.682,2.4637,26,23,0.0,0.0,1,0,0,0,0,0,0,0,0,—,—,0.0,0.0,0.0,0.0
2026-05-25 16:52:24.117798,1779742344.117798,2420,161562.0,INS_ALIGNMENT_COMPLETE,good,43.51442446389,-79.68325649329,162.4821,-37.1,2.525889291,-2.725553659,346.105289907,0.1952,0.2046,1.0785,1.6719,5.1735,-0.0598,5.4369,0.2668,0.2248,0.1141,-0.005789672733233,-0.0113989328295359,-0.0002873499489348,0.00897871256475589,0.006627873841749466,-0.31343497945757304,0.0001567080968454,0.0001156782209455,-0.0054704723824633,-18754401,-27215116,165166111,4405599,2201108,-135652710,-1.1225454502359011,-1.6289618977136233,9.886024428943788,1.0185460395584107,0.5088819559020996,-31.36203057197571,61,f306fe00,43.51445405816,-79.68327839568,163.0715,-37.1,SOL_COMPUTED,INS_PSRSP,good,2.1018,1.6626,2.4586,24,22,0.0,0.0,1,0,0,0,0,0,0,0,0,—,—,0.0,0.0,0.0,0.0
2026-05-25 16:52:25.094351,1779742345.094351,2420,161563.0,INS_ALIGNMENT_COMPLETE,good,43.51438738755,-79.68324483613,162.3857,-37.1,1.331891105,-2.289711553,16.901798568,0.1909,0.1999,1.0787,-0.1748,3.9283,-0.0375,3.9322,0.2569,0.2235,0.1148,-0.0047818588094813,-0.0089328061580004,-0.0016676340876719,0.010243224366534822,-0.0022733428686825164,-0.29507987824670534,0.0001787779912168,-3.96773180853e-05,-0.0051501154317964,-12423418,-22885216,162391680,4455446,-892838,-127685016,-0.7436042000103761,-1.3697955535058595,9.719960746289065,1.0300703440704346,-0.20641838008117677,-29.51995117071533,61,f304fe00,43.51442787528,-79.6832383366,162.8155,-37.1,SOL_COMPUTED,INS_PSRSP,good,1.9956,1.6405,2.4365,25,23,0.0,0.0,1,0,0,0,0,0,0,0,0,—,—,0.0,0.0,0.0,0.0
2026-05-25 16:52:26.021415,1779742346.021415,2420,161564.0,INS_ALIGNMENT_COMPLETE,good,43.51435126725,-79.68326412934,162.3793,-37.1,0.596503245,-1.245875848,47.58264577,0.193,0.2021,1.0794,-1.5619,2.146,-0.0374,2.6542,0.2525,0.2262,0.116,-0.0023695362861387,-0.0129819064299422,0.0003422356394188,0.007740769795523075,0.008288483024850038,-0.3089725428402189,0.000135101919571,0.0001446613187795,-0.0053925881708288,-8035893,-26614944,166239438,4045731,3810194,-133931757,-0.48098870903594976,-1.593038577744141,9.950268461076051,0.9353468818130494,0.8808922483978272,-30.964157351463317,61,f302fe00,43.5143835618,-79.68322692975,162.7506,-37.1,SOL_COMPUTED,INS_PSRSP,good,1.9513,1.6521,2.4396,24,22,0.0,0.0,1,0,0,0,0,0,0,0,0,—,—,0.0,0.0,0.0,0.0
2026-05-25 16:52:27.046635,1779742347.046635,2420,161565.0,INS_ALIGNMENT_COMPLETE,good,43.51431762275,-79.68329159708,162.248,-37.1,1.605243106,-0.046013986,78.903192573,0.2016,0.2092,1.0811,-2.2091,0.1504,-0.077,2.2142,0.2527,0.2356,0.1181,-0.0018715523838285,-0.0176529772038896,-0.0021194047607002,0.0344879170446569,0.023765953388091822,-0.44690229954623684,0.0006019277045848,0.0004147941364983,-0.007799916561827,-7581485,-20536399,160545438,9559868,5808575,-128343765,-0.45379009933624276,-1.229207014485779,9.60945385475281,2.210179748565674,1.3429050310134887,-29.6722496856308,61,f2fffe00,43.51434132167,-79.68325150827,162.7636,-37.1,SOL_COMPUTED,INS_PSRSP,good,1.9817,1.6845,2.4574,22,20,0.0,0.0,1,0,0,0,0,0,0,0,0,—,—,0.0,0.0,0.0,0.0
2026-05-25 16:52:28.022790,1779742348.022790,2420,161566.0,INS_ALIGNMENT_COMPLETE,good,43.51428611993,-79.68334338282,161.9241,-37.1,2.843891246,0.954977641,102.966725808,0.213,0.2183,1.0706,-2.5124,-1.4439,-0.151,2.8978,0.2542,0.2422,0.1195,0.0026488483822237,-0.0040806657063969,0.0003549389031975,0.01651971875660871,0.0035172224746114118,-0.15246339319420987,0.0002883234838067,6.13871127072e-05,-0.0026609882000055,-5164679,-5106906,163162894,7371730,1346314,-65067266,-0.3091320758993531,-0.3056740705865479,9.766121792267457,1.704296372909546,0.3112591029510498,-15.04313172605896,61,f2fdfe00,43.51430427996,-79.68328800094,162.6057,-37.1,SOL_COMPUTED,INS_PSRSP,good,2.0318,1.7837,2.503,22,20,0.0,0.0,1,0,0,0,0,0,0,0,0,—,—,0.0,0.0,0.0,0.0
2026-05-25 16:52:29.033448,1779742349.033448,2420,161567.0,INS_ALIGNMENT_COMPLETE,good,43.51427399258,-79.68341319442,161.6926,-37.1,2.911090297,0.68666615,110.515949886,0.2195,0.2247,1.0667,-2.4258,-2.4273,-0.1558,3.4317,0.2532,0.2353,0.12,0.0029401427962834,-0.0017432780453453,-0.0004210246981697,-0.005015321519613115,-0.009980467815989809,-0.01220456068112047,-8.75338735635e-05,-0.0001741920242786,-0.0002130097676453,-4614143,-1203967,162184793,-1586093,-4338934,-4536462,-0.27617972076995856,-0.0720634947543335,9.707577516317444,-0.3666944593734741,-1.0031335220489501,-1.0488007201080323,61,f2fbfe00,43.51427281709,-79.68334766595,162.2491,-37.1,SOL_COMPUTED,INS_PSRSP,good,2.0403,1.8841,2.5271,24,22,0.0,0.0,1,0,0,0,0,0,0,0,0,—,—,0.0,0.0,0.0,0.0
2026-05-25 16:52:30.016546,1779742350.016546,2420,161568.0,INS_ALIGNMENT_COMPLETE,good,43.51426454406,-79.68347125897,161.8585,-37.1,1.944458296,0.47056312,104.910064813,0.2245,0.2292,1.0623,-2.5234,-2.6571,-0.0964,3.6644,0.2561,0.2356,0.1213,0.0034917731498344,0.0052982166743602,-0.0011418504882004,-0.02381428601856455,-0.0035357921244370356,0.11811531042979022,-0.0004156377000362,-6.17112142376e-05,0.002061501064018,-2044677,7233419,162675771,-9659711,-1054705,51946165,-0.12238422669708254,0.4329565944601441,9.73696502488495,-2.233262805427551,-0.2438409852218628,12.009617904624939,61,f2f9fe00,43.51426120587,-79.68341982225,162.0159,-37.1,SOL_COMPUTED,INS_PSRSP,good,1.9459,1.8077,2.5109,24,22,0.0,0.0,1,0,0,0,0,0,0,0,0,—,—,0.0,0.0,0.0,0.0
2026-05-25 16:52:31.021987,1779742351.021987,2420,161569.0,INS_ALIGNMENT_COMPLETE,good,43.51426113781,-79.68352009349,161.8146,-37.1,1.316097231,0.021807449,87.371734126,0.2276,0.2318,1.0538,-2.1367,-2.3018,-0.0608,3.1407,0.2546,0.2354,0.1216,-0.0009652543026432,0.0081082647387292,0.00214511867898,-0.021508020499502876,-0.0007321798815483989,0.19972349982033744,-0.0003753857733033,-1.27789496499e-05,0.0034858326654762,-8308828,12399264,168220287,-9441306,-803228,86329674,-0.49732524478881845,0.7421584613378908,10.068832260184022,-2.1827689797821046,-0.18570112673950195,19.958863153244017,61,f2f7fe00,43.51425139393,-79.68347610671,162.2074,-37.1,SOL_COMPUTED,INS_PSRSP,good,1.9259,1.7869,2.527,25,23,0.0,0.0,1,0,0,0,0,0,0,0,0,—,—,0.0,0.0,0.0,0.0
2026-05-25 16:52:32.019402,1779742352.019402,2420,161570.0,INS_ALIGNMENT_COMPLETE,good,43.51425955988,-79.68355632131,161.8706,-37.1,1.188208765,-0.881794106,64.24270417,0.2359,0.239,1.0413,-1.4847,-1.8801,-0.0714,2.3956,0.2524,0.2368,0.1216,-0.001204262400775,0.0057457836014556,0.0008997821984613,0.003927507753971009,-0.0012550293496106312,0.24643411615241148,6.85479417045e-05,-2.19043943599e-05,0.0043010867161079,-8476374,6998698,164704158,2189397,-582990,106728777,-0.5073537175726319,0.41890735926330575,9.858374212955933,0.5061744483261108,-0.13478352333068847,24.675004039237976,61,f2f5fe00,43.51424757224,-79.68351923603,162.1801,-37.1,SOL_COMPUTED,INS_PSRSP,good,1.8726,1.7206,2.5056,25,23,0.0,0.0,1,0,0,0,0,0,0,0,0,—,—,0.0,0.0,0.0,0.0
2026-05-25 16:52:33.023312,1779742353.023312,2420,161571.0,INS_ALIGNMENT_COMPLETE,good,43.51425846648,-79.68358256248,161.947,-37.1,1.265517956,-1.913511237,37.358719394,0.2516,0.2538,1.0345,-0.5837,-1.3559,-0.0932,1.4762,0.2532,0.2397,0.1216,-0.0027721735942484,0.0154119741165192,-0.0007238287653035,-0.02030997451292029,-0.008823459432712188,0.4072129962430939,-0.0003544759262471,-0.0001539984185172,0.0071072075413635,-7381204,10863609,164596590,-5851411,-3019896,117497742,-0.4418022717687989,0.6502417675772095,9.851935725851442,-1.3528084375991822,-0.6981804541625977,27.164719206436157,61,f2f3fe00,43.51424736031,-79.68354814708,162.2395,-37.1,SOL_COMPUTED,INS_PSRSP,good,1.828,1.676,2.4769,25,23,0.0,0.0,1,0,0,0,0,0,0,0,0,—,—,0.0,0.0,0.0,0.0
2026-05-25 16:52:34.016937,1779742354.016937,2420,161572.0,INS_ALIGNMENT_COMPLETE,good,43.51425729394,-79.68359954861,161.9775,-37.1,2.682046304,-2.102564109,8.054671742,0.2715,0.2733,1.0415,0.4355,-1.1371,-0.1258,1.2176,0.256,0.2447,0.1214,-0.001344506077171,0.0097676328754446,0.0012988904348885,0.040305571651690554,0.006418294805231569,0.3134924379458985,0.0007034649322215,0.0001120203767151,0.0054714752222678,-11960329,9563500,165493324,18199569,2243715,135768754,-0.7158859886953737,0.5724236894226075,9.905609776639405,4.207622828727722,0.518732419166565,31.38885919541931,61,f2f1fe00,43.51425031898,-79.68356763805,162.3137,-37.1,SOL_COMPUTED,INS_PSRSP,good,1.8069,1.6484,2.4557,24,22,0.0,0.0,1,0,0,0,0,0,0,0,0,—,—,0.0,0.0,0.0,0.0
2026-05-25 16:52:35.035363,1779742355.035363,2420,161573.0,INS_ALIGNMENT_COMPLETE,good,43.51425518927,-79.6836099954,161.876,-37.1,0.419900524,-1.444966465,336.328323719,0.2926,0.2941,1.0508,1.6046,-1.7605,-0.1148,2.3820,0.2593,0.2522,0.1211,-0.0002561688879114,0.0092408467465542,0.003111598392337,0.014578071982544245,-0.04196182887508993,0.3289624152932036,0.0002544353546885,-0.0007323720740298,0.0057414772621876,-2690860,10793014,169362962,7563179,-17674654,142407720,-0.16106153698120118,0.6460163009222413,10.137227119734499,1.7485581454238892,-4.086265870376587,32.9237452633667,61,f2effe00,43.51425548823,-79.68358095002,162.3067,-37.1,SOL_COMPUTED,INS_PSRSP,good,1.7934,1.6296,2.4367,25,23,0.0,0.0,1,0,0,0,0,0,0,0,0,—,—,0.0,0.0,0.0,0.0
2026-05-25 16:52:36.026439,1779742356.026439,2420,161574.0,INS_ALIGNMENT_COMPLETE,good,43.51425588781,-79.6836185014,161.4982,-37.1,0.011875333,-1.977387285,303.892535497,0.3149,0.316,1.0617,2.3047,-2.6226,-0.0427,3.4914,0.2688,0.268,0.1227,-0.0024637145275849,0.0166536185122408,-0.0007612910679138,-0.005141219134649707,-0.0024612120400465186,0.32610536583801064,-8.97312014663e-05,-4.29562536886e-05,0.0056916123423021,-5681872,21978418,164129714,-1537475,-1149653,140879464,-0.3400886843798829,1.3155191215802005,9.823990843494265,-0.3554542917251587,-0.26579234969329835,32.570422344909666,61,f2ecfe00,43.51426070165,-79.68359302001,162.2648,-37.1,SOL_COMPUTED,INS_PSRSP,good,1.7715,1.6127,2.4214,26,23,0.0,0.0,1,0,0,0,0,0,0,0,0,—,—,0.0,0.0,0.0,0.0
2026-05-25 16:52:37.020378,1779742357.020378,2420,161575.0,INS_ALIGNMENT_COMPLETE,good,43.5142593953,-79.68362131375,161.2767,-37.1,0.858463625,-2.829795007,271.873553039,0.3356,0.3376,1.0725,2.2043,-3.5456,-0.0747,4.1750,0.2847,0.2833,0.125,0.0004298302893377,0.0080111751784224,0.0007568283169009,-0.0044928072677339215,0.0005353437981005622,0.16021937375632592,-7.84142794796e-05,9.343511907e-06,0.0027963555975353,-3213919,17243855,165681782,-4179574,350852,138540584,-0.1923692551351929,1.0321316567123415,9.916889938051149,-0.9662905191192627,0.08111471676635743,32.02968839227295,61,f2eafe00,43.51426716466,-79.68360829688,161.8977,-37.1,SOL_COMPUTED,INS_PSRSP,good,1.8029,1.667,2.4383,24,22,0.0,0.0,1,0,0,0,0,0,0,0,0,—,—,0.0,0.0,0.0,0.0
2026-05-25 16:52:38.015864,1779742358.015864,2420,161576.0,INS_ALIGNMENT_COMPLETE,good,43.51426645145,-79.68361945484,161.0006,-37.1,2.706035781,-2.39391191,239.35631896,0.3555,0.3583,1.0818,1.7127,-4.1641,-0.1143,4.5026,0.3044,0.2963,0.1273,0.0007344403488689,0.0177663801031967,0.0006383787159939,-0.006508880450885026,0.0030589754494126102,0.3384026810905879,-0.0001136013944868,5.338919333e-05,0.0059062409826156,-8556618,22130312,165109179,-3237524,917818,146399362,-0.5121567255230713,1.3246107432543948,9.882616761720888,-0.7484946424255371,0.21219359477233887,33.84658711766052,61,f2e8fe00,43.51427294717,-79.68362093495,161.6538,-37.1,SOL_COMPUTED,INS_PSRSP,good,1.8676,1.7255,2.4623,22,21,0.0,0.0,1,0,0,0,0,0,0,0,0,—,—,0.0,0.0,0.0,0.0
2026-05-25 16:52:39.024733,1779742359.024733,2420,161577.0,INS_ALIGNMENT_COMPLETE,good,43.51426938178,-79.68359525,161.7152,-37.1,2.460101591,-1.383292938,204.978935247,0.3728,0.3815,1.0898,0.6014,-4.1441,-0.0314,4.1875,0.3344,0.3023,0.1287,0.0051925199903641,0.0160140210185783,0.0014419975550241,-0.025514289102610364,-0.00703192099039101,0.3442055492155635,-0.0004453083511469,-0.0001227301740226,0.0060075201374556,313105,20854494,166496255,-10670061,-3421930,147945560,0.01874091277008057,1.248246603912964,9.96564025326996,-2.466849201072693,-0.7911281188201904,34.20405811065674,61,f2e6fe00,43.51427813854,-79.68362916235,161.3293,-37.1,SOL_COMPUTED,INS_PSRSP,good,1.959,1.821,2.4893,22,21,0.0,0.0,1,0,0,0,0,0,0,0,0,—,—,0.0,0.0,0.0,0.0
2026-05-25 16:52:40.041274,1779742360.041274,2420,161578.0,INS_ALIGNMENT_COMPLETE,good,43.51427320952,-79.6835749494,162.5557,-37.1,2.344158215,-1.281861139,182.325784274,0.389,0.3997,1.0968,0.0697,-3.4644,0.064,3.4651,0.3518,0.3096,0.1288,-0.0006635687130968,0.0059949590114406,-0.0001544196998637,0.00011549155334982334,0.004661137422983352,0.12704514831482458,2.0157078642e-06,8.13521949191e-05,0.0022173561367814,-8752202,4474673,163105795,-167704,1015938,53733691,-0.5238634139605713,0.2678317381314087,9.762704129252626,-0.038772081848144534,0.23487830516052247,12.422882372840881,61,f2e4fe00,43.5142750812,-79.6836122825,162.0509,-37.1,SOL_COMPUTED,INS_PSRSP,good,2.149,1.8564,2.5048,23,21,0.0,0.0,1,0,0,0,0,0,0,0,0,—,—,0.0,0.0,0.0,0.0
2026-05-25 16:52:41.021720,1779742361.021720,2420,161579.0,INS_ALIGNMENT_COMPLETE,good,43.51428377211,-79.68355141137,163.2093,-37.1,1.030356658,-0.941977086,181.262931485,0.4023,0.4156,1.1052,0.6703,-2.194,0.1924,2.2941,0.3614,0.3162,0.1289,-0.0027057378669268,-0.0092821669009294,0.0019191212534228,0.007987655518241016,-0.0009488735420295362,-0.08976745577192899,0.0001394108883086,-1.65609674935e-05,-0.0015667376643608,-9198490,-19645580,166969235,3866806,-411809,-39949141,-0.5505760007232667,-1.1758870062683107,9.993950490800477,0.8939805772247315,-0.09520758153533936,-9.235983426841736,61,f2e2fe00,43.51427369938,-79.68359367376,162.8945,-37.1,SOL_COMPUTED,INS_PSRSP,good,2.2509,1.8655,2.4856,25,22,0.0,0.0,1,0,0,0,0,0,0,0,0,—,—,0.0,0.0,0.0,0.0
2026-05-25 16:52:42.017309,1779742362.017309,2420,161580.0,INS_ALIGNMENT_COMPLETE,good,43.51431278542,-79.68352548949,163.7202,-37.1,0.352657695,0.134684336,198.801352959,0.4156,0.4307,1.1161,2.2324,-0.4874,0.2411,2.2850,0.3658,0.3228,0.1269,-0.0084597538231784,-0.0198236785564017,-0.0013029738344864,0.0025269280502771244,0.0033403351280624524,-0.23170087036669507,4.41032144384e-05,5.82998461048e-05,-0.0040439430676412,-16880512,-33218408,163062115,2242634,1494694,-100770974,-1.0103837463671876,-1.9882891895336916,9.760089661039736,0.5184824989471436,0.34556360078430176,-23.297598458267213,61,f2e0fe00,43.51428401946,-79.68357004371,163.5827,-37.1,SOL_COMPUTED,INS_PSRSP,good,2.3008,1.8028,2.463,27,22,0.0,0.0,1,0,0,0,0,0,0,0,0,—,—,0.0,0.0,0.0,0.0
2026-05-25 16:52:43.029442,1779742363.029442,2420,161581.0,INS_ALIGNMENT_COMPLETE,good,43.5143549115,-79.68348478078,164.0011,-37.1,1.268726571,1.731555817,226.182911998,0.4286,0.4467,1.1291,3.6726,1.8667,0.1616,4.1198,0.3738,0.3292,0.1242,-0.0083599172111576,-0.0220281173146851,-0.0005476575643351,0.016218958683470973,0.002888795176572871,-0.31201671635410533,0.0002830742302719,5.0418987247e-05,-0.0054457190216482,-19622741,-32421861,163079252,7883309,1410381,-135291934,-1.174519976975403,-1.9406118357888797,9.761115396885987,1.8225701341781617,0.326070979637146,-31.278621490493773,61,f2defe00,43.51431715381,-79.68354307361,164.1112,-37.1,SOL_COMPUTED,INS_PSRSP,good,2.3045,1.7458,2.4349,26,22,0.0,0.0,1,0,0,0,0,0,0,0,0,—,—,0.0,0.0,0.0,0.0
2026-05-25 16:52:44.026061,1779742364.026061,2420,161582.0,INS_ALIGNMENT_COMPLETE,good,43.51439605394,-79.68342374133,164.1024,-37.1,2.390025594,2.188301352,257.89148222,0.441,0.4614,1.144,4.1329,4.2193,0.0656,5.9062,0.3841,0.3355,0.1229,-0.008018029464983,-0.0301915089717569,0.0006041364953128,0.01233980344169985,-0.0020560383015665535,-0.46842040089051434,0.0002153701991069,-3.58846379095e-05,-0.008175478279063,-16969231,-28471411,166580973,4367353,-1461699,-134836738,-1.0156940257943727,-1.704157487079773,9.970711052676087,1.0097038113327026,-0.3379353698501587,-31.173383114730836,61,f2dcfe00,43.5143647784,-79.68349759755,164.3677,-37.1,SOL_COMPUTED,INS_PSRSP,good,2.322,1.7159,2.4125,26,21,0.0,0.0,1,0,0,0,0,0,0,0,0,—,—,0.0,0.0,0.0,0.0
2026-05-25 16:52:45.020739,1779742365.020739,2420,161583.0,INS_ALIGNMENT_COMPLETE,good,43.51442260926,-79.68335533917,163.9737,-37.1,3.116236719,1.911245296,289.791295372,0.4549,0.4807,1.1609,3.6576,6.0584,-0.0017,7.0769,0.415,0.3473,0.1244,0.0033706314783854,-0.0160990717632437,7.00296103487e-05,0.008993425325818377,0.0069372107614523275,-0.32581449995068923,0.000156964882968,0.0001210771686923,-0.0056865357748866,-5010746,-22864668,162712410,4027286,2956750,-141120247,-0.29991840979553225,-1.3685656521130374,9.739158053750613,0.9310825169219971,0.683581506729126,-32.62608981964874,61,f2dafe00,43.51440941461,-79.6834275172,164.4393,-37.1,SOL_COMPUTED,INS_PSRSP,good,2.3065,1.7,2.3924,26,22,0.0,0.0,1,0,0,0,0,0,0,0,0,—,—,0.0,0.0,0.0,0.0
2026-05-25 16:52:46.031655,1779742366.031655,2420,161584.0,INS_ALIGNMENT_COMPLETE,good,43.51442264665,-79.68328876278,163.797,-37.1,4.391095031,-0.194836289,323.939553667,0.4631,0.4905,1.1778,2.0672,7.1995,-0.0565,7.4904,0.4299,0.3494,0.126,0.0005892712769156,-0.0178826643406362,0.000364072029069,-0.007250222619796514,0.005743521567160536,-0.35829704282601066,-0.0001265402562182,0.0001002433620064,-0.006253463097482,-13141520,-32046195,165112977,-2631940,2075844,-155309465,-0.7865862250244142,-1.9181263317672732,9.88284409116852,-0.6084875321960449,0.4799217279968262,-35.906545394096376,61,f2d7fe00,43.51443544597,-79.68334885185,164.2915,-37.1,SOL_COMPUTED,INS_PSRSP,good,2.4394,1.7502,2.4166,23,21,0.0,0.0,1,0,0,0,0,0,0,0,0,—,—,0.0,0.0,0.0,0.0
2026-05-25 16:52:47.023197,1779742367.023197,2420,161585.0,INS_ALIGNMENT_COMPLETE,good,43.51437836539,-79.68324187128,163.166,-37.1,3.793057292,-1.677000558,1.451443646,0.4681,0.486,1.1908,-1.1257,6.852,-0.0639,6.9439,0.4165,0.3556,0.1268,-0.0003384505383719,-0.0222154418646757,-0.0015728798762635,0.014870236778376662,0.011743503288562966,-0.37874189703105254,0.0002595345923342,0.0002049627981045,-0.0066102931184507,-13898348,-42743933,161653286,7313660,5325986,-163668721,-0.8318861963757326,-2.5584398837551885,9.67576414277283,1.690870963897705,1.231333570541382,-37.83915140123749,61,f2d5fe00,43.51443073894,-79.68327350988,164.0812,-37.1,SOL_COMPUTED,INS_PSRSP,good,2.4187,1.7249,2.4061,24,22,0.0,0.0,1,0,0,0,0,0,0,0,0,—,—,0.0,0.0,0.0,0.0
2026-05-25 16:52:48.026356,1779742368.026356,2420,161586.0,INS_ALIGNMENT_COMPLETE,good,43.51432394816,-79.68323351642,163.1425,-37.1,2.894034255,-1.324371411,38.179232139,0.4706,0.4873,1.1992,-3.4813,4.4431,-0.0134,5.6445,0.416,0.3695,0.1265,-0.0037364922636354,-0.015417617387548,0.0010357368536385,0.013000300112944601,0.009038997632687696,-0.342876348771071,0.0002268980407186,0.0001577602697706,-0.0059843212132802,-15025952,-30539037,164687593,6476539,3983077,-148128738,-0.8993789805957032,-1.827915327124329,9.857382714193422,1.4973339944229127,0.920861681602478,-34.24640768138123,61,f2d4fe00,43.51437809295,-79.68322303712,163.4662,-37.1,SOL_COMPUTED,INS_PSRSP,good,2.1593,1.7373,2.3836,24,22,0.0,0.0,1,0,0,0,0,0,0,0,0,—,—,0.0,0.0,0.0,0.0
2026-05-25 16:52:49.023958,1779742369.023958,2420,161587.0,INS_ALIGNMENT_COMPLETE,good,43.51427791013,-79.68326981353,162.5058,-37.1,3.024309484,-0.628885016,71.044000623,0.4745,0.4891,1.2042,-4.3551,1.5169,-0.0862,4.6117,0.4149,0.3857,0.1251,-0.0013529753395009,-0.0128450375577711,-0.0005095105161735,0.015144168539884128,0.009367419099946206,-0.3073817333215488,0.0002643156034983,0.0001634923057085,-0.0053648233069559,-13168018,-24570133,164191553,7269273,4033830,-132853810,-0.7881722639141847,-1.4706463304714967,9.827692219405824,1.6806089761276246,0.9325954474639893,-30.714942965927126,61,f2d1fe00,43.51431555064,-79.6832187023,163.4664,-37.1,SOL_COMPUTED,INS_PSRSP,good,2.1116,1.7943,2.3804,24,21,0.0,0.0,1,0,0,0,0,0,0,0,0,—,—,0.0,0.0,0.0,0.0
2026-05-25 16:52:50.038202,1779742370.038202,2420,161588.0,INS_ALIGNMENT_COMPLETE,good,43.51424231057,-79.68334842828,162.6604,-37.1,4.146579306,0.556649548,98.43872072,0.4686,0.4921,1.209,-4.535,-1.3146,-0.0939,4.7217,0.4251,0.3769,0.1233,0.0022595163381469,-0.0043420258115445,-0.0001399465208483,0.009133918810987126,0.005262586726499582,-0.11383096709295858,0.0001594169568618,9.18494655493e-05,-0.0019867251665043,-5539506,-14057532,164334026,8063085,3277494,-97485785,-0.33156736154113775,-0.8414141613024904,9.83621994673401,1.8641331844711304,0.7577354483184815,-22.538083975639342,61,f2cffe00,43.5142649882,-79.68326367478,162.8262,-37.1,SOL_COMPUTED,INS_PSRSP,good,2.152,1.8987,2.3989,22,20,0.0,0.0,1,0,0,0,0,0,0,0,0,—,—,0.0,0.0,0.0,0.0
2026-05-25 16:52:51.032539,1779742371.032539,2420,161589.0,INS_ALIGNMENT_COMPLETE,good,43.51422645356,-79.68341901828,162.7417,-37.1,4.471094415,0.894250027,112.241706379,0.4654,0.4905,1.2171,-4.2628,-2.7868,-0.1124,5.0929,0.435,0.374,0.1235,0.0056399751585039,-0.0009944231795316,0.0004136759516566,-0.010998796740103445,-0.003392626585628744,-0.051723503634810784,-0.0001919652168727,-5.921250421e-05,-0.000902745439096,-5593256,-61465,164945603,-4581972,-1588217,-21209553,-0.3347845700219727,-0.0036789901260375984,9.872825913451845,-1.0593223382263184,-0.36718551445770264,-4.903511692497253,61,f2cdfe00,43.51422873717,-79.68335123522,162.9508,-37.1,SOL_COMPUTED,INS_PSRSP,good,2.2663,1.872,2.3947,22,20,0.0,0.0,1,0,0,0,0,0,0,0,0,—,—,0.0,0.0,0.0,0.0
2026-05-25 16:52:52.020484,1779742372.020484,2420,161590.0,INS_ALIGNMENT_COMPLETE,good,43.51422690292,-79.68348098232,162.7751,-37.1,3.147185033,1.028058939,109.049816963,0.4571,0.4786,1.2264,-3.8461,-3.3039,-0.0463,5.0703,0.434,0.3727,0.1243,0.0074792027371107,0.0060733004095764,0.0036762991538955,-0.016623027096885314,-0.012669864356029296,0.1510941012151774,-0.0002901265544893,-0.0002211308487941,0.0026370895465502,-2172016,8244298,168507288,-4693138,-4210191,44072330,-0.13000610782714844,0.4934627989605714,10.086010716950685,-1.0850231995697022,-0.9733689718093872,10.189238098068238,61,f2cbfe00,43.51421375116,-79.68342621646,163.0236,-37.1,SOL_COMPUTED,INS_PSRSP,good,2.3553,1.8638,2.3916,21,19,0.0,0.0,1,0,0,0,0,0,0,0,0,—,—,0.0,0.0,0.0,0.0
2026-05-25 16:52:53.027651,1779742373.027651,2420,161591.0,INS_ALIGNMENT_COMPLETE,good,43.51423633951,-79.68353239644,162.6814,-37.1,1.616205142,0.979760179,91.617937369,0.4391,0.4581,1.2348,-3.0633,-2.8396,0.0244,4.1770,0.4218,0.3641,0.1235,-0.0026918547680385,0.0134169430964132,5.39527675193e-05,-0.006268503819948481,0.00266593094829905,0.23707854700659073,-0.0001094060308321,4.65292726787e-05,0.0041378012311151,-10952565,23997540,164259790,-2920354,657104,103291504,-0.6555662326492311,1.4363737526916507,9.831776547872925,-0.6751669865570068,0.15191820153808594,23.88032871789551,61,f2c9fe00,43.51421399141,-79.68348718322,163.0925,-37.1,SOL_COMPUTED,INS_PSRSP,good,2.353,1.8522,2.3811,25,22,0.0,0.0,1,0,0,0,0,0,0,0,0,—,—,0.0,0.0,0.0,0.0
2026-05-25 16:52:54.032212,1779742374.032212,2420,161592.0,INS_ALIGNMENT_COMPLETE,good,43.51424545955,-79.68356592077,162.8359,-37.1,0.934032438,-0.600681111,62.598132509,0.4212,0.4386,1.2415,-1.4626,-1.9452,0.0304,2.4337,0.4128,0.361,0.1214,-0.0074432990339818,0.0074531693934351,-0.0016330318951702,-0.013267541933704989,-0.006702091042923285,0.31383375507499517,-0.0002315622903899,-0.0001169735554676,0.005477432329964,-15308634,10447450,162928984,-5047648,-3574840,135268385,-0.9162989234381105,0.6253325533599854,9.752121099509278,-1.1669836223144532,-0.826479923400879,31.273177113761903,61,f2c7fe00,43.51422274999,-79.68353299942,163.0393,-37.1,SOL_COMPUTED,INS_PSRSP,good,2.2463,1.7601,2.3391,25,22,0.0,0.0,1,0,0,0,0,0,0,0,0,—,—,0.0,0.0,0.0,0.0
2026-05-25 16:52:55.037956,1779742375.037956,2420,161593.0,INS_ALIGNMENT_COMPLETE,good,43.51425415223,-79.68358735662,162.9854,-37.1,1.089784143,-2.19170734,31.086267944,0.4029,0.4182,1.2477,-0.0538,-1.2931,0.0084,1.2942,0.3966,0.354,0.1185,0.0003614360161334,0.0147408353936405,0.0004225455555944,-0.014520723184226977,0.0012925501850146544,0.3344517148481894,-0.0002534344293358,2.25592564758e-05,0.0058372836130505,-2858784,15919818,164963237,-5892130,803535,145020319,-0.17111263497070314,0.9528813671246339,9.873881397253724,-1.3622224074554443,0.18577210315704346,33.52776128125763,61,f2c5fe00,43.51423343938,-79.68355730406,163.2117,-37.1,SOL_COMPUTED,INS_PSRSP,good,2.1965,1.7257,2.3107,26,22,0.0,0.0,1,0,0,0,0,0,0,0,0,—,—,0.0,0.0,0.0,0.0
2026-05-25 16:52:56.033850,1779742376.033850,2420,161594.0,INS_ALIGNMENT_COMPLETE,good,43.51425553625,-79.68359383704,163.0767,-37.1,1.529812863,-0.796682464,355.559428832,0.3932,0.3967,1.2539,1.5717,-1.0405,0.0528,1.8849,0.3734,0.3653,0.118,-0.0051518279236402,0.0227332397702131,4.93375600913e-05,-0.014281571121232298,-0.03490627722723827,0.3645682132249354,-0.0002492604384236,-0.0006092294672301,0.006362915668897,-15273030,34573390,163792561,-6483827,-15631247,157664613,-0.9141678445404054,2.0693916933807377,9.803810536686097,-1.4990189329605104,-3.6138433673172,36.451040403282164,61,f2c3fe00,43.51424725647,-79.68357130087,163.3566,-37.1,SOL_COMPUTED,INS_PSRSP,good,2.1007,1.6779,2.2746,25,22,0.0,0.0,1,0,0,0,0,0,0,0,0,—,—,0.0,0.0,0.0,0.0
2026-05-25 16:52:57.022698,1779742377.022698,2420,161595.0,INS_ALIGNMENT_COMPLETE,good,43.51425639027,-79.68359068956,163.0341,-37.1,-0.086136636,-1.410349539,317.637302464,0.3766,0.3861,1.261,2.8562,-1.7213,0.0958,3.3348,0.3643,0.3573,0.1187,-0.003848862108486,0.0219524228266443,-0.000260804679444,-0.0180110910872231,0.0030256544777945253,0.38191418894375917,-0.0003143528413491,5.28076326653e-05,0.0066656600571619,-8342879,31096051,167058961,-7160145,907452,165194206,-0.49936336880706794,1.8612554232125857,9.999321044254456,-1.655379287223816,0.20979704251098633,38.19183368238831,61,f2c1fe00,43.5142566335,-79.68357521945,163.4365,-37.1,SOL_COMPUTED,INS_PSRSP,good,1.931,1.7627,2.2697,26,22,0.0,0.0,1,0,0,0,0,0,0,0,0,—,—,0.0,0.0,0.0,0.0
2026-05-25 16:52:58.022235,1779742378.022235,2420,161596.0,INS_ALIGNMENT_COMPLETE,good,43.51426129875,-79.68358385208,162.704,-37.1,1.178420653,-2.518687221,277.912012857,0.3676,0.3791,1.2662,3.4331,-3.0474,0.0468,4.5905,0.3619,0.3584,0.1215,0.0090659229775184,0.0263753812570494,0.0007343298264142,-0.012088576355029334,0.009947769094763022,0.4180189992911046,-0.0002109854592743,0.000173621323932,0.0072958078735321,9828175,35246601,164705385,-5900059,3912357,180414167,0.5882658225326539,2.109686765726624,9.85844765509186,-1.364055541053772,0.9045116742782593,41.71059038239288,61,f2bffe00,43.51426554941,-79.68357706861,163.4363,-37.1,SOL_COMPUTED,INS_PSRSP,good,1.8652,1.7042,2.2463,26,23,0.0,0.0,1,0,0,0,0,0,0,0,0,—,—,0.0,0.0,0.0,0.0
2026-05-25 16:52:59.090105,1779742379.090105,2420,161597.0,INS_ALIGNMENT_COMPLETE,good,43.51428431397,-79.68357717766,162.7235,-37.1,2.671948322,-2.141690807,244.580027784,0.3627,0.383,1.2671,3.8436,-4.0986,0.0011,5.6189,0.3863,0.3543,0.1248,0.0101082830221536,0.0138928632788885,-0.0003265730909364,-0.014345173243658768,-0.006102035217518544,0.2625120694113767,-0.0002503705048712,-0.0001065006056185,0.004581699937459,7286782,13733597,163536553,-5148066,-3178718,112868962,0.4361506390399171,0.8220250184329225,9.788487167220765,-1.1901996154632568,-0.7348990749664307,26.094575160873415,61,f2bdfe00,43.51427476219,-79.68358148255,163.073,-37.1,SOL_COMPUTED,INS_PSRSP,good,1.8656,1.7165,2.2521,24,22,0.0,0.0,1,0,0,0,0,0,0,0,0,—,—,0.0,0.0,0.0,0.0
2026-05-25 16:53:00.028255,1779742380.028255,2420,161598.0,INS_ALIGNMENT_COMPLETE,good,43.51430795073,-79.68355726234,162.9914,-37.1,3.11745221,-1.28366528,226.90130761,0.3595,0.3886,1.2634,3.8496,-4.2562,0.0719,5.7389,0.4182,0.3439,0.1275,0.009275144187155,0.007072519858281,-0.0023737036432633,0.003374497298931808,0.012774699094122788,0.12648356097354865,5.88960884661e-05,0.0002229605601443,0.0022075545886386,4446763,6938150,160905811,2180884,5003416,54116205,0.2661611839230347,0.4152832562103272,9.631023995624696,0.5042062976989746,1.156757469543457,12.511317139549256,61,f2bbfe00,43.51429660004,-79.68358536357,163.0532,-37.1,SOL_COMPUTED,INS_PSRSP,good,2.0668,1.7664,2.2728,20,19,0.0,0.0,1,0,0,0,0,0,0,0,0,—,—,0.0,0.0,0.0,0.0
2026-05-25 16:53:01.023746,1779742381.023746,2420,161599.0,INS_ALIGNMENT_COMPLETE,good,43.51433736288,-79.68352319418,163.5093,-37.1,2.510538723,-1.117733311,222.713178467,0.3563,0.3877,1.2544,4.0217,-3.1048,0.2305,5.0807,0.4292,0.328,0.1282,0.0028390336615137,-0.0047249039795988,0.0014150007414828,0.0031150383384509115,-0.021841078970330052,-0.0025079288328961856,5.43676753319e-05,-0.0003811987402209,-4.37716155398e-05,-6523804,-10659067,168465634,2412945,-9372219,-1240187,-0.3904825591833497,-0.6379988976779176,10.08351751505188,0.5578573023605347,-2.1667965115127563,-0.2867232258682251,61,f2b9fe00,43.51431789743,-79.683570159,163.3096,-37.1,SOL_COMPUTED,INS_PSRSP,good,2.3424,1.8016,2.3027,22,20,0.0,0.0,1,0,0,0,0,0,0,0,0,—,—,0.0,0.0,0.0,0.0
2026-05-25 16:53:02.027077,1779742382.027077,2420,161600.0,INS_ALIGNMENT_COMPLETE,good,43.51437685651,-79.68347439126,164.3502,-37.1,-0.507272872,-0.424948871,224.309420651,0.3562,0.3827,1.2441,4.0284,-1.2791,0.4968,4.2266,0.4123,0.3193,0.1267,-0.0031573675968104,-0.0016237752645306,0.0012519775269721,-0.013390017113144878,-0.04142222962026594,-0.003704978081059354,-0.0002336998855231,-0.0007229542903918,-6.46640662288e-05,-5202047,-4250065,165645141,-5532883,-17439994,-1656879,-0.311368739090271,-0.25438781696929935,9.914696789475403,-1.2791668208999634,-4.03201399369812,-0.3830597254714966,61,f2b7fe00,43.51434658042,-79.68353701819,163.8436,-37.1,SOL_COMPUTED,INS_PSRSP,good,2.5126,1.7687,2.321,24,21,0.0,0.0,1,0,0,0,0,0,0,0,0,—,—,0.0,0.0,0.0,0.0
2026-05-25 16:53:03.061547,1779742383.061547,2420,161601.0,INS_ALIGNMENT_COMPLETE,good,43.51441464034,-79.68341444294,165.3452,-37.1,-1.465483377,2.275721997,219.818561646,0.3579,0.3804,1.2375,3.5289,0.2764,0.616,3.5397,0.3896,0.3166,0.1235,-0.0033312904969319,0.0042244356301115,-0.0009744731842131,0.0182392370685412,-0.0029058115738492137,0.05819846855341886,0.0003183347398983,-5.07159794063e-05,0.001015754895877,-7707319,21204396,162217925,16550429,-1671137,51368166,-0.46132189862884526,1.2691900026452638,9.709560633552552,3.826352310081482,-0.3863560830001831,11.87598826826477,61,f2b5fe00,43.51438625018,-79.68348765142,164.7639,-37.1,SOL_COMPUTED,INS_PSRSP,good,2.5272,1.7382,2.3303,26,21,0.0,0.0,1,0,0,0,0,0,0,0,0,—,—,0.0,0.0,0.0,0.0
2026-05-25 16:53:04.034986,1779742384.034986,2420,161602.0,INS_ALIGNMENT_COMPLETE,good,43.51444267422,-79.68335782186,166.1975,-37.1,-1.657579295,5.020227676,204.999798531,0.3581,0.3799,1.2374,2.2208,1.2244,0.642,2.5360,0.3741,0.3158,0.1212,-0.0080816102740383,0.0221170729317578,0.0028408273453078,0.007392600745371213,0.00986496972550094,0.17920672541433277,0.0001290252232923,0.0001721762023198,0.003127747400202,-8505211,49829139,164610723,707377,3882986,77913314,-0.5090797574044801,2.982525182948914,9.852781657153017,0.16354099449920653,0.8977212887420655,18.0130550700531,61,f2b3fe00,43.51442334746,-79.68342844665,165.7833,-37.1,SOL_COMPUTED,INS_PSRSP,good,2.4756,1.7137,2.3322,26,21,0.0,0.0,1,0,0,0,0,0,0,0,0,—,—,0.0,0.0,0.0,0.0
2026-05-25 16:53:05.031962,1779742385.031962,2420,161603.0,INS_ALIGNMENT_COMPLETE,good,43.51446257435,-79.68331387636,166.6092,-37.1,-2.97576404,4.091380655,186.328111721,0.3551,0.3771,1.242,1.0884,2.1601,0.6668,2.4188,0.3533,0.312,0.1176,-0.0112755272924421,0.0071337021412658,-0.0019653898202804,-0.0034569172542814482,-0.0010703745935115889,0.18012341553969421,-6.03345880563e-05,-1.86815608865e-05,0.0031437466611101,-12302408,22522047,163395453,210586,-1932166,77719017,-0.7363611414379884,1.3480580579379275,9.780041620864564,0.048686123336791995,-0.44670430220031737,17.968134858329773,61,f2b1fe00,43.5144486518,-79.68337429313,166.6392,-37.1,SOL_COMPUTED,INS_PSRSP,good,2.3921,1.6706,2.3185,26,22,0.0,0.0,1,0,0,0,0,0,0,0,0,—,—,0.0,0.0,0.0,0.0
2026-05-25 16:53:06.022077,1779742386.022077,2420,161604.0,INS_ALIGNMENT_COMPLETE,good,43.51448368802,-79.6832882045,166.6272,-37.1,-3.99331493,1.540106557,171.277938981,0.354,0.3776,1.2489,0.5363,2.9071,0.6534,2.9562,0.3505,0.3185,0.1166,-0.0090919687516959,0.0060107044038975,0.0009872123756349,-0.02304923696180215,0.012327018546491987,0.11127267902073294,-0.0004022850750564,0.000215147060591,0.0019420746164294,-5515199,12562576,163825286,-9649645,5131131,47045441,-0.3301124650473023,0.7519335078759767,9.805769292919313,-2.2309356112289427,1.18628435282135,10.876602162345886,61,f2affe00,43.51446434528,-79.68333198717,167.0855,-37.1,SOL_COMPUTED,INS_PSRSP,good,2.1483,1.5407,2.2209,28,23,0.0,0.0,1,0,0,0,0,0,0,0,0,—,—,0.0,0.0,0.0,0.0
2026-05-25 16:53:07.022646,1779742387.022646,2420,161605.0,INS_ALIGNMENT_COMPLETE,good,43.51450757613,-79.68328056774,166.537,-37.1,-2.567429519,0.1475826,164.272260226,0.3538,0.3771,1.2542,0.7526,3.2101,0.5133,3.2971,0.3497,0.3231,0.1168,-0.0071915788201457,0.0009672710253812,-0.0005107859928708,-0.010396101514176009,0.005791359126082141,0.06430985790867465,-0.0001814462007942,0.0001010782849157,0.0011224187619977,-6556855,580557,162396713,-4060231,2183079,27648079,-0.39246082816009525,0.034749263330383307,9.720261996712953,-0.9386991881790161,0.5047137675247192,6.392057326789856,61,f2adfe00,43.51448180502,-79.68330618149,167.1305,-37.1,SOL_COMPUTED,INS_PSRSP,good,2.0222,1.489,2.1538,29,25,0.0,0.0,1,0,0,0,0,0,0,0,0,—,—,0.0,0.0,0.0,0.0
2026-05-25 16:53:08.031699,1779742388.031699,2420,161606.0,INS_ALIGNMENT_COMPLETE,good,43.51452910785,-79.6832889767,166.4003,-37.1,0.34195564,-1.132608992,162.24318913,0.357,0.3832,1.2554,0.88,2.4424,0.377,2.5961,0.3631,0.3206,0.1175,0.008812816364404,0.0106861955850813,-0.0001964956410007,-0.03016320046425567,0.05114331544237577,-0.01999343185166144,-0.0005264471610411,0.0008926192448568,-0.0003489512145851,13425946,16724640,159349312,-17140334,22813779,-9151323,0.8036105550592042,1.0010540213378907,9.537859683378908,-3.962734536758423,5.274398384376526,-2.115726782752991,61,f2abfe00,43.51450397675,-79.68329819882,167.0035,-37.1,SOL_COMPUTED,INS_PSRSP,good,1.876,1.4678,2.1104,28,24,0.0,0.0,1,0,0,0,0,0,0,0,0,—,—,0.0,0.0,0.0,0.0
2026-05-25 16:53:09.020170,1779742389.020170,2420,161607.0,INS_ALIGNMENT_COMPLETE,good,43.51455215815,-79.68331786317,166.2352,-37.1,4.708536511,-1.826364194,170.606631079,0.3602,0.38,1.2502,1.9366,1.162,0.2322,2.2585,0.3461,0.3133,0.1152,-0.0100406814016395,-0.025521717057333,-0.0002534644749935,0.02628479723689587,0.030055059791116744,-0.12900827154582523,0.0004587562550036,0.0005245597502395,-0.0022516191007848,-30399408,-53413641,167150977,16239420,9460355,-56279257,-1.81955782753418,-3.197075698929749,10.00482866575348,3.754449037628174,2.187172985572815,-13.011400793998718,61,f2a8fe00,43.51452492109,-79.68330664507,166.791,-37.1,SOL_COMPUTED,INS_PSRSP,good,1.897,1.4814,2.1049,28,25,0.0,0.0,1,0,0,0,0,0,0,0,0,—,—,0.0,0.0,0.0,0.0
2026-05-25 16:53:10.022276,1779742390.022276,2420,161608.0,INS_ALIGNMENT_COMPLETE,good,43.51458419361,-79.68335453174,166.0745,-37.1,2.652329772,-1.446047838,190.138904924,0.3657,0.3819,1.2445,3.201,0.3879,0.1884,3.2244,0.3363,0.303,0.1124,0.0006419812616075,-0.029193150697433,0.0061041735757926,0.0008572488255543839,-0.028666059260886473,-0.23002899148213984,1.49618145148e-05,-0.000500317117675,-0.0040147632764111,-5884601,-55981846,175491124,3923345,-11131140,-99183327,-0.35222303708892827,-3.3507957157952886,10.50402851058716,0.9070520289230347,-2.573447688446045,-22.930544724128723,61,f2a6fe00,43.51454984034,-79.68333648859,166.5102,-37.1,SOL_COMPUTED,INS_PSRSP,good,1.7409,1.472,2.0506,28,25,0.0,0.0,1,0,0,0,0,0,0,0,0,—,—,0.0,0.0,0.0,0.0
2026-05-25 16:53:11.035296,1779742391.035296,2420,161609.0,INS_ALIGNMENT_COMPLETE,good,43.514626226,-79.68338263214,166.0157,-37.1,2.525004226,0.412607397,212.556736883,0.3712,0.3875,1.244,4.6026,-0.1177,0.2468,4.6041,0.3429,0.2996,0.1113,0.0044551147435089,-0.0061640301575022,-0.000406707274273,-0.0015974928500453807,0.005132620468190167,-0.11144932305387298,-2.78815100104e-05,8.95811264253e-05,-0.0019451576364117,6063102,-21531158,159363598,-2028188,4041225,-95148321,0.36290722185241703,-1.2887483557171633,9.538714772501832,-0.46890396853637695,0.9343051237106323,-21.997677393058776,61,f2a4fe00,43.51458652717,-79.68337301747,166.4041,-37.1,SOL_COMPUTED,INS_PSRSP,good,1.6661,1.4664,2.0137,28,25,0.0,0.0,1,0,0,0,0,0,0,0,0,—,—,0.0,0.0,0.0,0.0
2026-05-25 16:53:12.030041,1779742392.030041,2420,161610.0,INS_ALIGNMENT_COMPLETE,good,43.51467300494,-79.68339901347,165.8167,-37.1,3.361685264,-0.392757324,232.663694769,0.3754,0.3907,1.2472,6.436,-0.3676,0.129,6.4465,0.3456,0.3021,0.1106,0.0156018849372067,-0.0126870183902943,-0.0006678319712953,0.010314352191171905,0.006891500963619784,-0.16922803750062584,0.0001800194059465,0.0001202793822197,-0.0029535864410786,14778083,-22621578,163702430,4856245,2990082,-72789981,0.8845427713131715,-1.3540154900738528,9.798415741940309,1.122732484703064,0.6912876498870849,-16.828573564476013,61,f2a3fe00,43.51463358929,-79.68339842024,166.349,-37.1,SOL_COMPUTED,INS_PSRSP,good,1.6996,1.4642,2.0002,27,24,0.0,0.0,1,0,0,0,0,0,0,0,0,—,—,0.0,0.0,0.0,0.0
2026-05-25 16:53:13.036677,1779742393.036677,2420,161611.0,INS_ALIGNMENT_COMPLETE,good,43.51472781879,-79.68339957706,165.5716,-37.1,3.502638807,-0.401523346,242.380650925,0.3783,0.3923,1.2532,7.9138,-0.4615,0.0439,7.9272,0.3445,0.3131,0.1116,0.0163878921123492,-0.0058878696997065,0.0010955486296966,0.005269095741676519,-0.0015991837100459356,-0.05306929894647629,9.19630692952e-05,-2.79110210846e-05,-0.0009262339983425,15475628,-11333345,164475150,2307734,-1261929,-22760240,0.9262943562390138,-0.6783578353530885,9.844666929611208,0.533533198562622,-0.29174983586883546,-5.262020513305664,61,f2a1fe00,43.51468387759,-79.68341044146,166.128,-37.1,SOL_COMPUTED,INS_PSRSP,good,1.7343,1.4566,1.9871,28,24,0.0,0.0,1,0,0,0,0,0,0,0,0,—,—,0.0,0.0,0.0,0.0
2026-05-25 16:53:14.026788,1779742394.026788,2420,161612.0,INS_ALIGNMENT_COMPLETE,good,43.51478408978,-79.68337998223,165.1604,-37.1,3.239779681,-0.118834182,245.62617403,0.3803,0.3928,1.2593,8.8214,-0.2321,-0.0059,8.8245,0.3386,0.3263,0.1137,0.0137165344578982,-0.0010867597503308,0.0004079053036894,0.0010330281920658871,0.002858725125790215,-0.015154427875628094,1.80297432175e-05,4.98941658546e-05,-0.0002644946626861,10707684,-3460239,163926139,309349,827815,-6482224,0.640908870230713,-0.2071127489584351,9.811805853420106,0.07151949117279052,0.19138548236846925,-1.498648329711914,61,f29ffe00,43.51473994475,-79.68340832391,165.8793,-37.1,SOL_COMPUTED,INS_PSRSP,good,1.7616,1.4498,1.9806,28,25,0.0,0.0,1,0,0,0,0,0,0,0,0,—,—,0.0,0.0,0.0,0.0
2026-05-25 16:53:15.029594,1779742395.029594,2420,161613.0,INS_ALIGNMENT_COMPLETE,good,43.51483939652,-79.68333914909,164.5503,-37.1,2.728512925,0.479027486,246.593105718,0.3827,0.3947,1.2611,9.3692,0.2636,-0.0469,9.3729,0.3334,0.3343,0.1156,0.011951948190905,0.0001878267854513,0.0026191587352305,0.010746578596634894,4.382321164473246e-06,0.011156554775548612,0.0001875631798359,7.64859332e-08,0.0001947186140127,10825251,-799973,164215617,5081950,-233962,5527212,0.6479458478952027,-0.0478824171170044,9.829132571124575,1.1749140232086182,-0.05409050358581543,1.2778557223205567,61,f29dfe00,43.51479655092,-79.68338774532,165.4753,-37.1,SOL_COMPUTED,INS_PSRSP,good,1.7483,1.4522,1.9669,28,25,0.0,0.0,1,0,0,0,0,0,0,0,0,—,—,0.0,0.0,0.0,0.0
2026-05-25 16:53:16.023943,1779742396.023943,2420,161614.0,INS_ALIGNMENT_COMPLETE,good,43.51490421683,-79.68328490463,164.3816,-37.1,2.30021345,0.999438076,244.49581601,0.3853,0.3989,1.2574,9.2723,0.7422,-0.0064,9.3020,0.3366,0.3363,0.117,0.0014546666306462,-0.0017703879228986,-0.0019886269013622,-0.007850805968812598,0.0031120575160278373,0.004737194216845099,-0.0001370224130912,5.43156501662e-05,8.26796363905e-05,-7678798,2501241,161165259,-2857412,1011482,1558202,-0.4596147729901124,0.149711883866272,9.646553266432802,-0.6606152026062012,0.2338481067352295,0.36024624028015134,61,f29bfe00,43.51485194026,-79.68334656729,164.8787,-37.1,SOL_COMPUTED,INS_PSRSP,good,1.7211,1.4685,1.9552,28,25,0.0,0.0,1,0,0,0,0,0,0,0,0,—,—,0.0,0.0,0.0,0.0
2026-05-25 16:53:17.022152,1779742397.022152,2420,161615.0,INS_ALIGNMENT_COMPLETE,good,43.51496569564,-79.68321012885,164.1299,-37.1,1.9073975,1.078287921,247.296696185,0.3823,0.3943,1.226,9.3657,2.3674,-0.0448,9.6603,0.3345,0.3243,0.1162,0.0044068849655415,-0.0084446272805483,0.0010588757415404,0.0012450469048770276,-0.0025387143371204033,-0.022239143546933654,2.17301678319e-05,-4.43089239504e-05,-0.0003881462777182,558037,-9046721,163089124,1106328,-1737260,-9169959,0.033401327795715335,-0.5414918609292604,9.761706285855714,0.25577588946533203,-0.40164329360961915,-2.120035305610657,61,f299fe00,43.51491654769,-79.68329289643,164.7214,-37.1,SOL_COMPUTED,INS_PSRSP,good,1.7511,1.4971,1.9586,27,24,0.0,0.0,1,0,0,0,0,0,0,0,0,—,—,0.0,0.0,0.0,0.0
2026-05-25 16:53:18.023307,1779742398.023307,2420,161616.0,INS_ALIGNMENT_COMPLETE,good,43.51503235473,-79.68311967358,164.017,-37.1,1.437821462,1.801855764,248.514866481,0.3738,0.3847,1.1959,9.449,3.7589,-0.0409,10.1692,0.3354,0.3165,0.1156,0.0016433325113103,-0.0009636722779534,-1.9727514447e-05,-0.001684339898289476,0.0017596805851997292,-0.0028612255481632464,-2.93972769479e-05,3.07122199952e-05,-4.99378064577e-05,943370,-1672,161515124,-1897194,334991,-2529269,0.05646545050354005,-0.00010007762939453127,9.667494450528565,-0.4386190016326904,0.0774477559890747,-0.5847506599960327,61,f296fe00,43.51497827695,-79.68321726961,164.4801,-37.1,SOL_COMPUTED,INS_PSRSP,good,1.7275,1.5039,1.9542,28,25,0.0,0.0,1,0,0,0,0,0,0,0,0,—,—,0.0,0.0,0.0,0.0
2026-05-25 16:53:19.028202,1779742399.028202,2420,161617.0,INS_ALIGNMENT_COMPLETE,good,43.51509667984,-79.6830201168,163.8263,-37.1,1.082808876,2.556867741,246.175658311,0.3645,0.3712,1.1251,8.9481,5.075,-0.0416,10.2871,0.3306,0.3085,0.115,-0.0055865998520977,-0.0003265554781914,0.0010158011442219,-0.0015612998654507958,0.001628765369810665,0.010227131277504279,-2.72498232631e-05,2.84273184457e-05,0.0001784971138264,-13748868,3930184,164737481,-654636,310441,4361331,-0.8229390647717286,0.2352413264379883,9.860368762503969,-0.15134761587524415,0.0717719545211792,1.0083115638198852,61,f295fe00,43.5150450347,-79.68312637839,164.3794,-37.1,SOL_COMPUTED,INS_PSRSP,good,1.7445,1.5087,1.9565,28,25,0.0,0.0,1,0,0,0,0,0,0,0,0,—,—,0.0,0.0,0.0,0.0
2026-05-25 16:53:20.018508,1779742400.018508,2420,161618.0,INS_ALIGNMENT_COMPLETE,good,43.51515913594,-79.68291229438,163.5192,-37.1,0.519974027,3.018946959,243.185072857,0.3589,0.3631,1.0704,8.1996,6.3876,-0.0716,10.3940,0.3299,0.3039,0.1145,-0.003939639535506,-0.0017279043138006,-0.000461322200637,-0.0009802354890016479,0.00032369749835661597,0.0029992063726434846,-1.7108336728e-05,5.6495871268e-06,5.23460261495e-05,-17531716,4130638,162104481,249126,1689355,2594541,-1.0493615888146974,0.24723950892761234,9.702770438224183,0.057596322463989255,0.3905679669570923,0.5998411249008179,61,f293fe00,43.5151091446,-79.68302747472,164.1979,-37.1,SOL_COMPUTED,INS_PSRSP,good,1.7231,1.4978,1.9538,28,25,0.0,0.0,1,0,0,0,0,0,0,0,0,—,—,0.0,0.0,0.0,0.0
2026-05-25 16:53:21.032424,1779742401.032424,2420,161619.0,INS_ALIGNMENT_COMPLETE,good,43.51521919317,-79.68279704942,163.286,-37.1,0.21113404,3.249879039,240.989814741,0.3519,0.3535,1.0266,7.5422,7.7723,-0.1481,10.8302,0.3238,0.2983,0.1129,-0.0081166002521333,-0.0048261526672839,0.0002147412112074,0.0006387023173734213,-0.0003263366634796035,0.00024196390645308754,1.11474583783e-05,-5.6956492477e-06,4.2230668386e-06,-15322927,-1061912,162564979,492539,-147317,112472,-0.9171544315463258,-0.0635607868334961,9.73033356512665,0.1138718362197876,-0.034058739097595214,0.02600280010986328,61,f291fe00,43.51517129037,-79.68292047222,163.9054,-37.1,SOL_COMPUTED,INS_PSRSP,good,1.7415,1.5048,1.9678,28,25,0.0,0.0,1,0,0,0,0,0,0,0,0,—,—,0.0,0.0,0.0,0.0
2026-05-25 16:53:22.036312,1779742402.036312,2420,161620.0,INS_ALIGNMENT_COMPLETE,good,43.51527798115,-79.68268268357,162.8806,-37.1,0.18580767,3.452970111,239.101181328,0.3467,0.3473,0.9907,6.6038,9.0944,-0.2496,11.2391,0.3192,0.2947,0.1119,-0.016104977399283,-0.003229722429245,5.31812848646e-05,-0.0021386018731592107,0.003577756401811178,0.0004980819049445321,-3.7325644076e-05,6.2443629046e-05,8.6931691859e-06,-30390989,4547481,163766034,-1331493,1045681,194192,-1.8190539079397585,0.27218966399322514,9.802222762000124,-0.3078325834579468,0.24175469469451905,0.04489593640136719,61,f28ffe00,43.51523110353,-79.68280582557,163.6801,-37.1,SOL_COMPUTED,INS_PSRSP,good,1.7184,1.49,1.9622,28,25,0.0,0.0,1,0,0,0,0,0,0,0,0,—,—,0.0,0.0,0.0,0.0
2026-05-25 16:53:23.074791,1779742403.074791,2420,161621.0,INS_ALIGNMENT_COMPLETE,good,43.51532650518,-79.68256857232,162.4342,-37.1,-0.010084383,3.108939377,239.294006131,0.344,0.3455,0.9985,4.8191,10.4941,-0.3244,11.5477,0.3176,0.2948,0.1116,-0.0241776428341406,-0.0026888006858289,-0.0012841825253055,0.004404659284862505,-0.006981052805967685,-0.003623037566416413,7.68758069495e-05,-0.0001218423567199,-6.32339344575e-05,-42586402,3458770,160839038,1812241,-3078634,-1608353,-2.5490108592120366,0.20702482190246585,9.627027294938356,0.41897841661834717,-0.7117603004608154,-0.3718408276290894,61,f28dfe00,43.51528967923,-79.68269198008,163.2752,-37.1,SOL_COMPUTED,INS_PSRSP,good,1.7043,1.478,1.9571,29,25,0.0,0.0,1,0,0,0,0,0,0,0,0,—,—,0.0,0.0,0.0,0.0
2026-05-25 16:53:24.043062,1779742404.043062,2420,161622.0,INS_ALIGNMENT_COMPLETE,good,43.51536258038,-79.68246027955,162.0361,-37.1,-0.817006374,3.323735731,238.348396206,0.3379,0.3403,0.9678,2.9201,11.622,-0.3728,11.9832,0.3156,0.2994,0.1128,-0.0245108144390083,-0.0027759425875089,-0.0018762300678375,-0.006884524177729059,-0.023270625811910476,-0.0011580550060325595,-0.0001201576143347,-0.000406149039418,-2.02118727745e-05,-41510440,2735339,164260783,-3140293,-9839883,-320509,-2.4846091090454103,0.16372382937225344,9.831835983929139,-0.7260154630966187,-2.274917408363342,-0.07409961110687256,61,f28bfe00,43.51533821221,-79.68257781411,162.8339,-37.1,SOL_COMPUTED,INS_PSRSP,good,1.702,1.4785,1.9642,29,25,0.0,0.0,1,0,0,0,0,0,0,0,0,—,—,0.0,0.0,0.0,0.0
2026-05-25 16:53:25.038702,1779742405.038702,2420,161623.0,INS_ALIGNMENT_COMPLETE,good,43.51538174256,-79.68237099456,161.724,-37.1,-0.65429295,2.313352565,239.075826479,0.3296,0.3349,0.9692,0.671,12.0696,-0.4377,12.0882,0.3151,0.3058,0.1156,-0.0300387633444982,-0.0034161227923031,-0.0040743849335049,-0.00010210919968029215,-0.011198012299272125,-0.0020002588430898115,-1.782141731e-06,-0.0001954421843014,-3.49111027041e-05,-51057361,-2745111,157247909,589923,-5726646,-777977,-3.056040461734925,-0.16430873283782962,9.412080119597475,0.13638638816070556,-1.3239635752716064,-0.17986325859832764,61,f289fe00,43.51537413957,-79.68246972875,162.4567,-37.1,SOL_COMPUTED,INS_PSRSP,good,1.6953,1.4779,1.9694,28,25,0.0,0.0,1,0,0,0,0,0,0,0,0,—,—,0.0,0.0,0.0,0.0
2026-05-25 16:53:26.025692,1779742406.025692,2420,161624.0,INS_ALIGNMENT_COMPLETE,good,43.51538717362,-79.68230442558,161.9051,-37.1,-0.210529871,1.345852038,240.072530063,0.32,0.3283,0.9647,-0.728,11.3999,-0.305,11.4231,0.3137,0.316,0.1191,-0.0135981692887745,-0.000333576071417,-0.0010299284093852,0.0053402588747976185,0.002048597213591238,-0.0016625542255709917,9.32051002742e-05,3.57547664244e-05,-2.90170452292e-05,-24263129,2081847,162101631,2560477,448033,-861583,-1.4522705933096316,0.12460903858978273,9.702599851355897,0.5919657480697632,0.10358233641815186,-0.1991924259109497,61,f287fe00,43.51539336731,-79.68238031856,162.1405,-37.1,SOL_COMPUTED,INS_PSRSP,good,1.6864,1.4774,1.9726,28,25,0.0,0.0,1,0,0,0,0,0,0,0,0,—,—,0.0,0.0,0.0,0.0
2026-05-25 16:53:27.019963,1779742407.019963,2420,161625.0,INS_ALIGNMENT_COMPLETE,good,43.51538726811,-79.68228716985,161.8934,-37.1,0.642761867,0.025753012,241.741583478,0.3075,0.32,0.9525,-1.4409,9.4434,-0.1439,9.5527,0.3054,0.3116,0.1203,-0.0045115141857973,0.0003084040880904,-0.0001766716716309,-0.0017223152923672232,-0.0008657299891073723,-0.0007039093516563752,-3.00600726093e-05,-1.51098387432e-05,-1.2285535822e-05,-11706842,-576713,163906363,-350392,-560341,-245077,-0.700713513789673,-0.03451918055084229,9.810622160119324,-0.08100836773681641,-0.12954722078704833,-0.05666021981048584,61,f285fe00,43.51539890868,-79.68231356493,162.31,-37.1,SOL_COMPUTED,INS_PSRSP,good,1.6954,1.5033,1.987,27,24,0.0,0.0,1,0,0,0,0,0,0,0,0,—,—,0.0,0.0,0.0,0.0
2026-05-25 16:53:28.022652,1779742408.022652,2420,161626.0,INS_ALIGNMENT_COMPLETE,good,43.51538119376,-79.68229706617,162.6743,-37.1,1.480254073,-1.183212454,243.621014564,0.2978,0.3131,0.9378,-1.6288,7.0434,0.0634,7.2293,0.2974,0.3024,0.1195,9.44936340244e-05,0.0011910076127549,-0.0001497949434189,-0.0005700870501492076,-7.103760312740387e-05,9.817667579567417e-05,-9.9498960481e-06,-1.2398400673e-06,1.7135062413e-06,-6027137,-716121,164754917,-176601,-306473,69232,-0.36075453528472906,-0.042863452176818854,9.861412395007632,-0.040829010795593264,-0.0708545785446167,0.016005991333007813,61,f283fe00,43.51539920026,-79.68229596806,162.276,-37.1,SOL_COMPUTED,INS_PSRSP,good,1.6714,1.4906,1.9863,29,25,0.0,0.0,1,0,0,0,0,0,0,0,0,—,—,0.0,0.0,0.0,0.0
2026-05-25 16:53:29.020789,1779742409.020789,2420,161627.0,INS_ALIGNMENT_COMPLETE,good,43.51538591025,-79.68233898754,162.7705,-37.1,2.393354735,-2.26466854,245.424941007,0.2852,0.3016,0.9229,-1.2477,4.3929,0.1799,4.5667,0.2873,0.2857,0.1147,0.002620490034129,0.0041067960318387,-0.0004118007999873,-0.0005004806852406911,0.0006491108220777434,-0.0001325219835428617,-8.7350358001e-06,1.13291210556e-05,-2.3129449441e-06,-4799039,-820999,164092880,138767,116438,-44448,-0.28724667852386476,-0.049140929219665536,9.82178614289551,0.032082034309387206,0.02691971369934082,-0.010276090576171876,61,f281fe00,43.51539334246,-79.6823054363,163.0349,-37.1,SOL_COMPUTED,INS_PSRSP,good,1.6707,1.5016,2.0056,30,25,0.0,0.0,1,0,0,0,0,0,0,0,0,—,—,0.0,0.0,0.0,0.0
2026-05-25 16:53:30.031251,1779742410.031251,2420,161628.0,INS_ALIGNMENT_COMPLETE,good,43.51539053492,-79.68238875354,163.0303,-37.1,3.097540507,-3.13244422,246.779311983,0.2752,0.2911,0.9128,-0.7784,2.0393,0.2294,2.1828,0.2817,0.2704,0.1097,0.0042819810941387,0.005737539460368,0.0002680338410011,-0.0007656374273628582,0.0007695286091798304,-0.0002715188774884859,-1.3362893984e-05,1.34308079185e-05,-4.7388983935e-06,-3568763,-713711,164302563,-29729,-107819,-97699,-0.213608457482605,-0.04271920152679444,9.834336727563173,-0.006873152824401855,-0.02492705655670166,-0.022587377906799315,61,f280fe00,43.51539826931,-79.6823469204,163.1067,-37.1,SOL_COMPUTED,INS_PSRSP,good,1.6316,1.4792,1.9959,30,25,0.0,0.0,1,0,0,0,0,0,0,0,0,—,—,0.0,0.0,0.0,0.0
2026-05-25 16:53:31.039902,1779742411.039902,2420,161629.0,INS_ALIGNMENT_COMPLETE,good,43.5154000883,-79.68244082344,163.2374,-37.1,3.602146549,-3.799272665,247.627382883,0.2675,0.2823,0.9085,-0.0352,-0.008,0.218,0.0361,0.2825,0.2594,0.1055,0.0068704459644028,0.0066603424428467,0.0005474430836876,-0.001155912030582099,0.0008411522161107172,-0.00012173655431885526,-2.01744707971e-05,1.46808756816e-05,-2.1247036929e-06,-658547,-1147845,164817393,-216605,-29858,-44467,-0.03941735801727295,-0.06870431011505128,9.86515189858063,-0.050077677268981935,-0.006902976791381836,-0.010280483253479003,61,f27efe00,43.51540304459,-79.68239635152,163.3477,-37.1,SOL_COMPUTED,INS_PSRSP,good,1.5991,1.4548,1.9833,30,25,0.0,0.0,1,0,0,0,0,0,0,0,0,—,—,0.0,0.0,0.0,0.0
2026-05-25 16:53:32.024955,1779742412.024955,2420,161630.0,INS_ALIGNMENT_COMPLETE,good,43.51541171817,-79.68249101771,163.2289,-37.1,4.004239106,-4.266862787,248.071624534,0.2516,0.2629,0.9055,0.6178,-1.6614,0.1534,1.7725,0.2804,0.2511,0.1014,0.0076545789446544,0.0072621514708727,0.0004363146256013,-0.0015290136600797865,0.0010993066742649637,-0.00050823681051305,-2.66863226764e-05,1.91865209551e-05,-8.8704057233e-06,-790404,-1692710,164165787,-341249,213960,-165898,-0.04730966422485352,-0.10131722730407716,9.826149994406434,-0.07889456517791749,0.0494661703491211,-0.03835454631042481,61,f27cfe00,43.51541269035,-79.68244821467,163.5414,-37.1,SOL_COMPUTED,INS_PSRSP,good,1.6001,1.436,1.975,30,24,0.0,0.0,1,0,0,0,0,0,0,0,0,—,—,0.0,0.0,0.0,0.0
2026-05-25 16:53:33.022104,1779742413.022104,2420,161631.0,INS_ALIGNMENT_COMPLETE,good,43.51542407733,-79.68253398367,163.0822,-37.1,4.269426811,-4.584932715,248.213737636,0.246,0.2535,0.907,1.148,-2.8966,0.0671,3.1158,0.2793,0.2464,0.0982,0.006777275172532,0.0074095736140976,0.0004669604175292,-0.0018673236896369315,0.0014219462328615676,-0.0006917670135412295,-3.25909465847e-05,2.48176435498e-05,-1.2073612043e-05,-3000264,-2140924,163897818,-310095,479468,-254311,-0.1795809262426758,-0.128145094876709,9.810110698789675,-0.07169196155548095,0.1108499054260254,-0.05879506098175049,61,f27afe00,43.51542437211,-79.68249830681,163.5222,-37.1,SOL_COMPUTED,INS_PSRSP,good,1.5704,1.4137,1.9544,32,25,0.0,0.0,1,0,0,0,0,0,0,0,0,—,—,0.0,0.0,0.0,0.0
2026-05-25 16:53:34.022877,1779742414.022877,2420,161632.0,INS_ALIGNMENT_COMPLETE,good,43.51543696179,-79.6825680796,162.7692,-37.1,4.332266053,-4.52293989,248.286131664,0.2849,0.2886,0.92,1.4356,-3.7013,-0.019,3.9700,0.278,0.2445,0.0958,0.002620209790541,0.0076599609324166,-4.27809835938e-05,-0.001255239333445819,0.002727759573881609,-0.0006459512376361885,-2.19080592692e-05,4.76083857671e-05,-1.12739759041e-05,-10403376,-1110530,163579468,-218460,810714,-192134,-0.6226945022607423,-0.06647081924133302,9.791055846326906,-0.0505065412902832,0.18743184159851073,-0.04442014009094238,61,f277fe00,43.5154367515,-79.68254124944,163.3684,-37.1,SOL_COMPUTED,INS_PSRSP,good,1.5526,1.3974,1.9338,31,25,0.0,0.0,1,0,0,0,0,0,0,0,0,—,—,0.0,0.0,0.0,0.0
2026-05-25 16:53:35.022973,1779742415.022973,2420,161633.0,INS_ALIGNMENT_COMPLETE,good,43.51544867816,-79.68259230331,162.4967,-37.1,4.297549167,-4.368591131,248.413009386,0.3361,0.3377,0.9357,1.2566,-4.042,-0.0709,4.2328,0.2791,0.247,0.0941,0.0014895756780825,0.0079452941151191,7.26806087861e-05,-0.0011084334392646195,0.0005258461182782395,-0.0001851450346805885,-1.93458130544e-05,9.1777461228e-06,-3.2313904489e-06,-11769320,-515586,163715474,-127301,-39637,-30836,-0.704453137072754,-0.030860421428833013,9.799196491101686,-0.02943116915130615,-0.00916381844329834,-0.0071290840759277345,61,f276fe00,43.51544964642,-79.68257532024,163.0539,-37.1,SOL_COMPUTED,INS_PSRSP,good,1.5372,1.3809,1.912,31,25,0.0,0.0,1,0,0,0,0,0,0,0,0,—,—,0.0,0.0,0.0,0.0
2026-05-25 16:53:36.027188,1779742416.027188,2420,161634.0,INS_ALIGNMENT_COMPLETE,good,43.51545588434,-79.68260775066,162.19,-37.1,4.170100486,-4.104142142,248.608442137,0.3896,0.3907,0.9517,1.1248,-4.1509,-0.1026,4.3006,0.284,0.2543,0.0926,0.0056768727331537,0.0069563652813137,0.0004572327776669,-0.0006479989588302903,-0.0004963656534541197,-0.00025673871489710875,-1.13097153811e-05,-8.6632149466e-06,-4.4809358923e-06,-4070444,-1087454,165355418,36768,-703288,-37716,-0.2436365945593262,-0.06508960430358887,9.897355407285769,0.008500524169921876,-0.1625956441040039,-0.00871969564819336,61,f274fe00,43.51546137543,-79.68259949571,162.7824,-37.1,SOL_COMPUTED,INS_PSRSP,good,1.5297,1.3695,1.8922,31,25,0.0,0.0,1,0,0,0,0,0,0,0,0,—,—,0.0,0.0,0.0,0.0
2026-05-25 16:53:37.034274,1779742417.034274,2420,161635.0,INS_ALIGNMENT_COMPLETE,good,43.51546124882,-79.68261761795,161.9219,-37.1,3.954211215,-3.707910371,248.867305844,0.4349,0.4365,0.9652,1.2888,-4.1563,-0.1293,4.3515,0.2943,0.269,0.0913,0.0025019789162671,0.0031623243009015,-2.23554159296e-05,-0.00031363493908311116,-8.511557399845219e-06,-3.5946791849285806e-05,-5.4739623363e-06,-1.485547011e-07,-6.273898733e-07,-4830291,-1119509,164620047,129247,-145213,22876,-0.28911726828094486,-0.0670082576589966,9.85333974556,0.029881071784973144,-0.03357230788421631,0.005288783477783203,61,f272fe00,43.51546859767,-79.68261486761,162.4792,-37.1,SOL_COMPUTED,INS_PSRSP,good,1.5249,1.3632,1.874,31,25,0.0,0.0,1,0,0,0,0,0,0,0,0,—,—,0.0,0.0,0.0,0.0
2026-05-25 16:53:38.020391,1779742418.020391,2420,161636.0,INS_ALIGNMENT_COMPLETE,good,43.51546639565,-79.68262058607,161.7653,-37.1,3.632721776,-3.201660533,249.145221139,0.4727,0.4758,0.9788,1.4596,-3.9304,-0.1228,4.1927,0.3109,0.2903,0.0904,0.0060057759386897,0.0052148681280261,0.0008846648412137,-0.0008015617456244498,0.0008514501913778117,0.00021722900791138923,-1.39898916192e-05,1.48606092563e-05,3.7913614189e-06,-2257395,-1768933,164435588,20518,78012,105032,-0.13511647141571048,-0.1058795581326294,9.84229894445923,0.0047436291046142574,0.01803587063598633,0.024282720153808595,61,f270fe00,43.51547398164,-79.68262463103,162.2171,-37.1,SOL_COMPUTED,INS_PSRSP,good,1.5183,1.3607,1.8573,31,25,0.0,0.0,1,0,0,0,0,0,0,0,0,—,—,0.0,0.0,0.0,0.0
2026-05-25 16:53:39.021933,1779742419.021933,2420,161637.0,INS_ALIGNMENT_COMPLETE,good,43.51547037325,-79.68261662389,161.6971,-37.1,3.211038605,-2.592849966,249.568908947,0.5026,0.5085,0.9937,1.6209,-3.4869,-0.0967,3.8452,0.3305,0.3136,0.0895,0.0037585270215636,0.0019900627302148,2.85090377542e-05,-0.00034987363745915523,2.570820688913848e-06,-0.0017533641223160714,-6.1064469396e-06,4.48692855e-08,-3.06019769208e-05,842686,-2022465,164725931,92265,-192700,-1487752,0.05043900550476075,-0.12105472651519777,9.859677436774598,0.02133107219696045,-0.04455099563598633,-0.3439586552124023,61,f26efe00,43.51547914569,-79.68262748226,162.0692,-37.1,SOL_COMPUTED,INS_PSRSP,good,1.5201,1.3664,1.8428,31,25,0.0,0.0,1,0,0,0,0,0,0,0,0,—,—,0.0,0.0,0.0,0.0
2026-05-25 16:53:40.035111,1779742420.035111,2420,161638.0,INS_ALIGNMENT_COMPLETE,good,43.51547350066,-79.68260528766,161.7149,-37.1,2.715502418,-1.880849341,250.586007901,0.5229,0.5325,1.0104,1.6566,-2.8104,-0.055,3.2623,0.3502,0.3353,0.0884,0.0034165893215372,0.0026390910893623,-0.0002686252039963,0.00010701800230890674,0.0011545604757351835,-0.009980626270424514,1.8678164992e-06,2.0150881715e-05,-0.0001741947898302,-3874412,-2197814,164056809,369817,323939,-4257580,-0.23190309106323245,-0.13155024818786623,9.819627111693421,0.08549930229949951,0.07489260495758057,-0.9843250025939941,61,f26cfe00,43.51548314926,-79.68262334889,162.0124,-37.1,SOL_COMPUTED,INS_PSRSP,good,1.5312,1.3815,1.8303,31,25,0.0,0.0,1,0,0,0,0,0,0,0,0,—,—,0.0,0.0,0.0,0.0
2026-05-25 16:53:41.020208,1779742421.020208,2420,161639.0,INS_ALIGNMENT_COMPLETE,good,43.51547507498,-79.68258687309,161.8633,-37.1,2.262644967,-1.159106432,251.699114273,0.5338,0.5483,1.0291,1.3645,-1.9467,-0.0071,2.3773,0.3706,0.353,0.087,0.0003118036548338,0.0017328349259889,-0.0002012154141539,-0.001497157871324519,0.0007527857690557867,-0.00794808713636064,-2.61303342768e-05,1.31385902322e-05,-0.0001387202897651,-7893672,-1759761,163856762,-250279,200978,-3360460,-0.4724760651782227,-0.10533056769195558,9.807653290205689,-0.057862888618469235,0.04646481578063965,-0.776916651763916,61,f26afe00,43.51548634817,-79.68261164802,162.0435,-37.1,SOL_COMPUTED,INS_PSRSP,good,1.5504,1.4058,1.8191,31,25,0.0,0.0,1,0,0,0,0,0,0,0,0,—,—,0.0,0.0,0.0,0.0
2026-05-25 16:53:42.039110,1779742422.039110,2420,161640.0,INS_ALIGNMENT_COMPLETE,good,43.51547107061,-79.68256187951,161.9465,-37.1,1.680453575,-0.5665737,252.511742133,0.5394,0.5562,1.0509,1.0968,-1.0575,0.0276,1.5236,0.3815,0.3633,0.085,0.0040052230248517,0.0002205024783402,-0.0002408360303173,-0.0010549431626917672,0.0010322772830964188,-0.008796215018968708,-1.84122316104e-05,1.80166373836e-05,-0.0001535229137946,-476072,-2371448,165141866,-112765,163316,-3747493,-0.02849530931884766,-0.14194311846435548,9.884573243462526,-0.02607053981781006,0.03775760458374024,-0.8663961820907593,61,f269fe00,43.51548799831,-79.68259283352,162.204,-37.1,SOL_COMPUTED,INS_PSRSP,good,1.5995,1.44,1.8135,31,25,0.0,0.0,1,0,0,0,0,0,0,0,0,—,—,0.0,0.0,0.0,0.0
2026-05-25 16:53:43.022522,1779742423.022522,2420,161641.0,INS_ALIGNMENT_COMPLETE,good,43.51546713767,-79.68253812131,161.9703,-37.1,1.252528399,-0.192299625,253.636953268,0.5435,0.5616,1.0756,0.9486,-0.333,0.0411,1.0054,0.3892,0.3693,0.0832,0.002425640884992,-0.0005041956194475,-0.0007663035461752,-0.0007039007814052419,0.0005557017541935735,-0.011345311543724635,-1.22853862429e-05,9.6988252698e-06,-0.0001980130411028,-1567898,-2319325,163929605,101197,128021,-4864419,-0.09384659986389161,-0.13882329413604738,9.81201331099396,0.023396092918395995,0.02959762850189209,-1.1246222607192993,61,f266fe00,43.51548403271,-79.68256753511,162.3027,-37.1,SOL_COMPUTED,INS_PSRSP,good,1.6118,1.4624,1.8023,31,25,0.0,0.0,1,0,0,0,0,0,0,0,0,—,—,0.0,0.0,0.0,0.0
2026-05-25 16:53:44.017911,1779742424.017911,2420,161642.0,INS_ALIGNMENT_COMPLETE,good,43.51546708077,-79.68251488019,161.9956,-37.1,0.798899799,0.190186941,254.934682251,0.5479,0.5667,1.1019,1.1085,0.2276,0.0403,1.1316,0.3963,0.3728,0.0818,0.0116674220308757,-0.0017144882343173,-2.38499481324e-05,-0.0006701315058874173,-0.008073896914079531,-0.01137043943379456,-1.16960011991e-05,-0.0001409160846175,-0.0001984516055186,15578101,-3437064,164709396,-116780,-4020185,-4868549,0.9324278819070436,-0.20572560837158205,9.85868773366333,-0.026998781890869142,-0.9294408115768432,-1.1255770900497437,61,f264fe00,43.51548016048,-79.6825433898,162.3378,-37.1,SOL_COMPUTED,INS_PSRSP,good,1.6212,1.4795,1.7908,31,25,0.0,0.0,1,0,0,0,0,0,0,0,0,—,—,0.0,0.0,0.0,0.0
2026-05-25 16:53:45.040340,1779742425.040340,2420,161643.0,INS_ALIGNMENT_COMPLETE,good,43.5154778732,-79.68249578961,162.03,-37.1,-0.034901579,0.070664227,256.059000038,0.5561,0.574,1.1298,2.6668,0.4112,0.0995,2.6983,0.4006,0.3748,0.0809,0.0079465449858821,-0.0029927323643745,0.0009364472490173,-0.004837873639463473,-0.002067140167313564,-0.007587292726291851,-8.44368238042e-05,-3.60784020199e-05,-0.0001324232393866,24565923,-11045095,165026799,-3396077,-1640151,-6651805,1.4703943407467654,-0.6611046196395874,9.877685903401796,-0.7851510721664429,-0.3791923198928833,-1.5378543618392944,61,f262fe00,43.51548016737,-79.68251970324,162.3749,-37.1,SOL_COMPUTED,INS_PSRSP,good,1.6422,1.494,1.7801,29,24,0.0,0.0,1,0,0,0,0,0,0,0,0,—,—,0.0,0.0,0.0,0.0
2026-05-25 16:53:46.027282,1779742426.027282,2420,161644.0,INS_ALIGNMENT_COMPLETE,good,43.51550164483,-79.68247475576,162.1237,-37.1,-0.073170553,0.554733634,258.003927426,0.5674,0.5841,1.1585,3.7331,0.8065,0.1547,3.8192,0.4052,0.3788,0.0827,0.0107010055141698,-0.0011425350355642,-0.0026038095881893,0.007488553722741182,-0.0010194919899177994,-0.0023104392597594003,0.0001306999186745,-1.77934919218e-05,-4.03247722502e-05,15852228,-1791968,162187176,3085753,-892974,-764722,0.9488357648693849,-0.10725831901367189,9.707720150881348,0.7134061672897339,-0.2064498224029541,-0.17679878819274902,61,f261fe00,43.51549097496,-79.68250025137,162.4311,-37.1,SOL_COMPUTED,INS_PSRSP,good,1.659,1.5037,1.7716,29,24,0.0,0.0,1,0,0,0,0,0,0,0,0,—,—,0.0,0.0,0.0,0.0
2026-05-25 16:53:47.118703,1779742427.118703,2420,161645.0,INS_ALIGNMENT_COMPLETE,good,43.51553101913,-79.68244360074,162.2078,-37.1,0.449111225,1.268445277,255.780950953,0.5803,0.5945,1.1871,4.517,0.9786,0.082,4.6218,0.4085,0.3848,0.0853,0.0064008223906317,0.0036280166525561,-0.0006082211312005,0.002577370143308726,0.01734680382582327,0.03209692292534355,4.49835950434e-05,0.0003027588414586,0.0005601969848069,18077396,15015039,164846726,1971474,14840414,28281392,1.082023287862549,0.8987257825277711,9.866907626513063,0.45579205796813965,3.431007884536743,6.538475202758789,61,f25ffe00,43.51551485334,-79.6824785624,162.5258,-37.1,SOL_COMPUTED,INS_PSRSP,good,1.6809,1.5113,1.7668,29,25,0.0,0.0,1,0,0,0,0,0,0,0,0,—,—,0.0,0.0,0.0,0.0
2026-05-25 16:53:48.021799,1779742428.021799,2420,161646.0,INS_ALIGNMENT_COMPLETE,good,43.51556652484,-79.68240770991,162.2275,-37.1,0.915802863,1.851000384,247.093506322,0.5932,0.6054,1.2153,5.2493,0.6383,0.0676,5.2880,0.4103,0.3897,0.0877,0.0151749396958764,0.0066771608675299,0.0009811023796203,0.007608757799748414,0.012574357720556768,0.10255211117679952,0.0001327978755926,0.0002194639435476,0.001789871994909,20590479,15845249,166791257,3476736,5560739,44602258,1.2324439751303102,0.9484180365347291,9.983297610223696,0.803798912109375,1.2856069482192993,10.311754029647828,61,f25dfe00,43.51554415203,-79.68244806227,162.5962,-37.1,SOL_COMPUTED,INS_PSRSP,good,1.6883,1.5223,1.7687,30,25,0.0,0.0,1,0,0,0,0,0,0,0,0,—,—,0.0,0.0,0.0,0.0
2026-05-25 16:53:49.021010,1779742429.021010,2420,161647.0,INS_ALIGNMENT_COMPLETE,good,43.51561067155,-79.68237007669,162.2823,-37.1,0.767016688,1.749544555,240.337619081,0.6047,0.6155,1.2427,5.7723,0.5192,0.0781,5.7956,0.412,0.3926,0.0885,0.0125593557855273,0.0018957866361707,-0.0035824115741811,-0.020256019334628138,0.0010480473650442861,0.029821360473218216,-0.0003535342307374,1.82918772369e-05,0.0005204809276825,16637029,6702528,158744191,-8880065,803011,12085717,0.995810061296692,0.4011800916210938,9.501640140809023,-2.0530136848068237,0.1856509577407837,2.7941397266464234,61,f25bfe00,43.51557905495,-79.68241482016,162.6035,-37.1,SOL_COMPUTED,INS_PSRSP,good,1.6918,1.53,1.7707,30,25,0.0,0.0,1,0,0,0,0,0,0,0,0,—,—,0.0,0.0,0.0,0.0
2026-05-25 16:53:50.033165,1779742430.033165,2420,161648.0,INS_ALIGNMENT_COMPLETE,good,43.51567274382,-79.68232181106,162.3158,-37.1,0.257487289,2.50950842,242.910524064,0.6124,0.6264,1.2685,7.2318,1.7114,0.1168,7.4315,0.4271,0.3973,0.0887,0.0105422086882931,-0.0088356207136477,0.0004719399600882,0.008007422047702736,-0.007365820451952923,-0.03944768215045923,0.0001397558793294,-0.0001285578189975,-0.0006884919358067,15776418,-3948835,166409065,2769844,-2452454,-16988961,0.9442981541729738,-0.23635768281707767,9.960421492201235,0.6403700464782714,-0.5669915280303955,-3.9277380766525267,61,f259fe00,43.51562249604,-79.68237916169,162.6623,-37.1,SOL_COMPUTED,INS_PSRSP,good,1.6816,1.5223,1.7627,30,25,0.0,0.0,1,0,0,0,0,0,0,0,0,—,—,0.0,0.0,0.0,0.0
2026-05-25 16:53:51.021878,1779742431.021878,2420,161649.0,INS_ALIGNMENT_COMPLETE,good,43.51575124992,-79.68225062883,162.1282,-37.1,-0.502511185,2.567759331,246.89821045,0.6168,0.6264,1.2935,8.4807,3.4918,0.23,9.1714,0.4296,0.4057,0.0887,0.0028452378095737,-0.0120764007016245,0.0010860374671797,-0.0022344951240163293,-0.0002629970605230146,-0.0323904267335413,-3.89992970339e-05,-4.5901646292e-06,-0.0005653195926271,4926678,-12046497,164959859,-818424,-216459,-13743436,0.2948865161663819,-0.7210435779116823,9.873679206923525,-0.18921434381103516,-0.05004392301177978,-3.1773936546936037,61,f258fe00,43.51568484905,-79.68233007646,162.7088,-37.1,SOL_COMPUTED,INS_PSRSP,good,1.7529,1.5301,1.759,30,25,0.0,0.0,1,0,0,0,0,0,0,0,0,—,—,0.0,0.0,0.0,0.0
2026-05-25 16:53:52.025681,1779742432.025681,2420,161650.0,INS_ALIGNMENT_COMPLETE,good,43.51583689832,-79.68216446872,161.9895,-37.1,-0.459158616,3.74564494,248.512582848,0.6197,0.6284,1.317,9.4603,4.965,0.1616,10.6840,0.4431,0.4182,0.0883,0.0034762487268623,-0.0028454779564235,-0.00064552416841,-8.529006573956726e-05,0.000653719001371592,5.812926227754753e-05,-1.4885924664e-06,1.14095489568e-05,1.0145470185e-06,9898918,2673499,164219333,-135701,-88005,191640,0.5925001477337647,0.16002239360565187,9.829354992458804,-0.03137319490814209,-0.020346187705993654,0.04430593048095703,61,f256fe00,43.51576370474,-79.68225767639,162.541,-37.1,SOL_COMPUTED,INS_PSRSP,good,1.757,1.5574,1.7378,29,25,0.0,0.0,1,0,0,0,0,0,0,0,0,—,—,0.0,0.0,0.0,0.0
2026-05-25 16:53:53.024471,1779742433.024471,2420,161651.0,INS_ALIGNMENT_COMPLETE,good,43.5159222227,-79.68206778604,161.958,-37.1,-0.620798549,4.108626742,249.06323574,0.6169,0.6252,1.3396,10.2071,6.2623,0.1426,11.9750,0.4494,0.4216,0.0877,0.0050875600661901,-0.0088869453149301,-0.0008028571456827,0.002966054335001417,0.001199543707575351,-0.008493814481628172,5.17674139389e-05,2.09359872188e-05,-0.0001482450287582,6430568,-5370738,166745752,901737,-260997,-3570855,0.38490191453369144,-0.3214657458966065,9.98057390656006,0.20847577141571044,-0.0603408210067749,-0.8255586171340943,61,f254fe00,43.51584952287,-79.68217093661,162.4006,-37.1,SOL_COMPUTED,INS_PSRSP,good,1.831,1.6313,1.7361,26,22,0.0,0.0,1,0,0,0,0,0,0,0,0,—,—,0.0,0.0,0.0,0.0
2026-05-25 16:53:54.106442,1779742434.106442,2420,161652.0,INS_ALIGNMENT_COMPLETE,good,43.51600868857,-79.68196257405,161.9419,-37.1,-0.731524786,4.390840636,249.889666853,0.6117,0.6197,1.3614,10.7645,7.4709,0.0845,13.1030,0.4518,0.4211,0.0898,0.0023664374219857,-0.0053350891757288,0.0001114716859794,-0.003354539243269733,-0.0016416128288126532,-0.0037343147408909704,-5.85477546825e-05,-2.86515489058e-05,-6.51760875344e-05,9953057,-9327368,164931328,-1583326,-1347016,-3306832,0.5957406398257448,-0.5582899987622071,9.871971482734377,-0.3660547468414307,-0.3114214008178711,-0.7645182044677734,61,f252fe00,43.515934891,-79.6820740488,162.3733,-37.1,SOL_COMPUTED,INS_PSRSP,good,1.8829,1.6808,1.7344,25,22,0.0,0.0,1,0,0,0,0,0,0,0,0,—,—,0.0,0.0,0.0,0.0
2026-05-25 16:53:55.022040,1779742435.022040,2420,161653.0,INS_ALIGNMENT_COMPLETE,good,43.5160976389,-79.68185117633,161.9137,-37.1,-0.809767364,4.591499328,250.300125598,0.6059,0.6132,1.3823,11.1962,8.4787,0.0438,14.0443,0.451,0.4184,0.092,0.0055721144101198,-0.010008320565051,0.0013448491510009,0.001214044158559625,-0.0025834381830140613,-0.0003195116656997453,2.11890678315e-05,-4.50895023154e-05,-5.576530565e-06,6094566,-1369601,167853978,697010,-1267385,60566,0.36479050087829595,-0.08197752469879152,10.046906819785768,0.16114421104431154,-0.2930112278366089,0.01400246809387207,61,f250fe00,43.5160214212,-79.68196855604,162.36,-37.1,SOL_COMPUTED,INS_PSRSP,good,1.9107,1.7055,1.7316,25,22,0.0,0.0,1,0,0,0,0,0,0,0,0,—,—,0.0,0.0,0.0,0.0
2026-05-25 16:53:56.038501,1779742436.038501,2420,161654.0,INS_ALIGNMENT_COMPLETE,good,43.51618886854,-79.68173683843,161.8958,-37.1,-0.906147139,4.698236913,249.802435465,0.602,0.6106,1.4024,11.3609,9.1145,0.0179,14.5652,0.4539,0.4168,0.0941,0.0006841756697726,-0.0028736636618313,-0.0025408220123895,0.0012828469683576114,0.0014532119011746191,0.002922822541021185,2.23899033971e-05,2.53633324047e-05,5.10128767924e-05,144145,9953650,158123515,859103,-540217,2300522,0.008627804957580568,0.5957761338653565,9.464489553068544,0.19861906592559814,-0.12489468193817138,0.531865830734253,61,f24efe00,43.51611040234,-79.68185701203,162.3337,-37.1,SOL_COMPUTED,INS_PSRSP,good,1.9193,1.7151,1.7287,25,22,0.0,0.0,1,0,0,0,0,0,0,0,0,—,—,0.0,0.0,0.0,0.0
2026-05-25 16:53:57.030719,1779742437.030719,2420,161655.0,INS_ALIGNMENT_COMPLETE,good,43.51628129669,-79.68161922652,161.8064,-37.1,-0.853167314,4.479650462,249.293109968,0.5716,0.5747,1.4079,11.3444,9.7144,-0.0307,14.9354,0.4516,0.4255,0.095,-0.0012430413091375,-0.0085152382512306,-0.0011223625662929,-0.0001398956807551647,0.011936808887448679,0.003511713729399584,-2.4416402385e-06,0.0002083366172676,6.12909669656e-05,-558969,-3079938,159773675,860070,4024391,1459460,-0.033457112694396975,-0.18434981681945803,9.56325994835663,0.19884263008117675,0.9304132116165161,0.33741772750854493,61,f24cfe00,43.51620159156,-79.68174281198,162.3183,-37.1,SOL_COMPUTED,INS_PSRSP,good,1.9484,1.7224,1.7361,24,21,0.0,0.0,1,0,0,0,0,0,0,0,0,—,—,0.0,0.0,0.0,0.0
2026-05-25 16:53:58.028601,1779742438.028601,2420,161656.0,INS_ALIGNMENT_COMPLETE,good,43.51637387052,-79.68150106506,161.6042,-37.1,-0.790084613,4.332868238,248.768279709,0.5214,0.5277,1.3915,11.1824,10.3243,-0.1177,15.2196,0.4404,0.4116,0.0948,-0.0050519499425161,-0.0090737589681791,0.0065270990413579,-0.011098257801477048,-0.007844663440692056,-0.006026640829216481,-0.0001937011398712,-0.0001369152057511,-0.0001051847253051,-8529810,5565442,160357130,-4778702,-4486218,-2801325,-0.5105521315704347,0.3331197618975831,9.598182671597291,-1.104805043838501,-1.0371846317596436,-0.6476482503890991,61,f24afe00,43.51629397847,-79.68162537715,162.2275,-37.1,SOL_COMPUTED,INS_PSRSP,good,1.9624,1.8038,1.7443,23,20,0.0,0.0,1,0,0,0,0,0,0,0,0,—,—,0.0,0.0,0.0,0.0
2026-05-25 16:53:59.057033,1779742439.057033,2420,161657.0,INS_ALIGNMENT_COMPLETE,good,43.51647618265,-79.68138093944,161.4274,-37.1,-0.902225046,4.22619415,244.892648682,0.4693,0.4749,1.2849,11.5702,10.9719,-0.1674,15.9453,0.4247,0.3976,0.0945,-0.0020257118965351,-0.0077605057098106,0.0011562195252632,0.0003515778010469694,0.007587497371260467,-0.0033835383893862,6.1361902052e-06,0.0001324268111151,-5.90538852625e-05,-1636903,-3142158,164352859,99975,1418090,-1491460,-0.09797689700286867,-0.18807399750183107,9.837347196730652,0.023113574409484864,0.3278532506561279,-0.3448159208679199,61,f249fe00,43.51638650912,-79.68150739733,162.0238,-37.1,SOL_COMPUTED,INS_PSRSP,good,1.937,1.7672,1.7428,26,23,0.0,0.0,1,0,0,0,0,0,0,0,0,—,—,0.0,0.0,0.0,0.0
2026-05-25 16:54:00.097884,1779742440.097884,2420,161658.0,INS_ALIGNMENT_COMPLETE,good,43.51658249861,-79.68125695899,161.2303,-37.1,-0.83326755,4.261979956,241.560025717,0.4222,0.4284,1.1995,11.8933,11.3636,-0.2354,16.4494,0.4082,0.3813,0.0955,-0.0004266753110774,-0.0011951988244178,-0.0002056799549662,0.0002705920128077105,-0.0024540902525695832,0.0021491250468979118,4.7227215531e-06,-4.28319550485e-05,3.75093081055e-05,-1606449,7815593,165073173,164698,-909182,2054170,-0.0961540715689087,0.4678026433926392,9.880461621096497,0.03807711405944824,-0.21019700733947755,0.47491083915710447,61,f247fe00,43.51648846321,-79.68138846015,161.8499,-37.1,SOL_COMPUTED,INS_PSRSP,good,1.9114,1.7386,1.7432,26,23,0.0,0.0,1,0,0,0,0,0,0,0,0,—,—,0.0,0.0,0.0,0.0
2026-05-25 16:54:01.105026,1779742441.105026,2420,161659.0,INS_ALIGNMENT_COMPLETE,good,43.51668962923,-79.6811339997,161.0253,-37.1,-0.872494653,3.930009418,238.513437945,0.3794,0.3873,1.1291,12.0601,11.5243,-0.2521,16.6810,0.3853,0.3582,0.0944,-0.0036724152359239,-0.0077663894863818,-0.0007933022112181,0.00030979870252640436,-0.002246121400431959,0.003726072675020853,5.4070073775e-06,-3.92022138371e-05,6.50322363478e-05,-5511583,-1065205,163419266,702158,-2231964,1583579,-0.32989602921722416,-0.06375788948516847,9.781466948967896,0.16233439540100097,-0.516015663848877,0.3661132388076782,61,f245fe00,43.5165944479,-79.6812654418,161.651,-37.1,SOL_COMPUTED,INS_PSRSP,good,1.8887,1.715,1.7452,28,24,0.0,0.0,1,0,0,0,0,0,0,0,0,—,—,0.0,0.0,0.0,0.0
2026-05-25 16:54:02.041630,1779742442.041630,2420,161660.0,INS_ALIGNMENT_COMPLETE,good,43.51679929411,-79.68101281011,160.8594,-37.1,-0.941602649,3.575425819,236.190572618,0.3432,0.3547,1.07,12.2298,11.5884,-0.2175,16.8481,0.3663,0.3355,0.0927,-0.0020165404102751,-0.005477637897281,0.0015128599993224,-0.00470644711361595,-0.0017794885300791534,-0.0009961990080615177,-8.21429982037e-05,-3.10579338514e-05,-1.73869526958e-05,-3063376,109055,167710144,-2128405,-1102948,-363187,-0.18335849762207035,0.006527491551208497,10.038297629746095,-0.4920734917831421,-0.254994455291748,-0.08396648911285401,61,f243fe00,43.51670122244,-79.6811433611,161.4472,-37.1,SOL_COMPUTED,INS_PSRSP,good,1.8284,1.6405,1.7288,29,25,0.0,0.0,1,0,0,0,0,0,0,0,0,—,—,0.0,0.0,0.0,0.0
2026-05-25 16:54:03.159343,1779742443.159343,2420,161661.0,INS_ALIGNMENT_COMPLETE,good,43.5169085753,-79.68089058469,160.7094,-37.1,-0.995675323,3.145886254,234.746978993,0.3158,0.3263,1.0193,12.3922,11.775,-0.196,17.0944,0.3436,0.3186,0.0909,-0.001225345733273,-0.0109512945558093,0.0043481829877791,7.900893281438562e-05,-0.009813739562058884,-0.003704570601536974,1.3789660161e-06,-0.0001712820672914,-6.46569543695e-05,-1671272,-8263780,172030363,1075009,-4101595,-1653436,-0.10003405492431643,-0.49462889487915046,10.296884517297059,0.24853513890838624,-0.9482622778701782,-0.38226372610473636,61,f241fe00,43.51681058572,-79.68102283111,161.2832,-37.1,SOL_COMPUTED,INS_PSRSP,good,1.7969,1.5633,1.7185,28,25,0.0,0.0,1,0,0,0,0,0,0,0,0,—,—,0.0,0.0,0.0,0.0
2026-05-25 16:54:04.160458,1779742444.160458,2420,161662.0,INS_ALIGNMENT_COMPLETE,good,43.51701988155,-79.68076700446,160.5392,-37.1,-0.494822058,2.8755311,233.289989533,0.292,0.3042,0.9758,12.3244,11.8804,-0.3026,17.1183,0.324,0.2985,0.0895,-0.0042759394080116,-0.0028063493767769,-0.0013527892534322,-0.009098322799902728,-0.004020064762652998,-0.0011089558184197027,-0.0001587956892678,-7.01633662518e-05,-1.93549302906e-05,-14663585,-1162972,158727840,-6497641,-2461734,-1073931,-0.8776894887710572,-0.06960973732788087,9.500661451025392,-1.5022126405563354,-0.5691370041046142,-0.2482859122695923,61,f23ffe00,43.51691966417,-79.68090101449,161.1348,-37.1,SOL_COMPUTED,INS_PSRSP,good,1.7408,1.5373,1.7126,29,25,0.0,0.0,1,0,0,0,0,0,0,0,0,—,—,0.0,0.0,0.0,0.0
2026-05-25 16:54:05.032522,1779742445.032522,2420,161663.0,INS_ALIGNMENT_COMPLETE,good,43.51712834045,-79.68064118686,160.3602,-37.1,-0.536970107,2.306043848,233.589676169,0.2752,0.2894,0.9783,12.2127,12.1089,-0.2465,17.1981,0.3068,0.2815,0.0882,-0.0043487050225275,-0.0078294487089318,-0.0008706827623294,-0.0002080981595561192,0.0001886645550593205,-0.0054290521686146415,-3.6319980516e-06,3.2928176676e-06,-9.4754835605e-05,-6024916,-6013726,162665992,587746,-668786,-2237772,-0.3606215972375489,-0.35995181932312015,9.736379702434084,0.13588307981872558,-0.15461900450134278,-0.5173584359436035,61,f23dfe00,43.51703078588,-79.68077787217,160.9516,-37.1,SOL_COMPUTED,INS_PSRSP,good,1.697,1.48,1.6999,29,25,0.0,0.0,1,0,0,0,0,0,0,0,0,—,—,0.0,0.0,0.0,0.0
2026-05-25 16:54:06.044823,1779742446.044823,2420,161664.0,INS_ALIGNMENT_COMPLETE,good,43.51723762741,-79.68051311959,160.1662,-37.1,-0.248916582,2.124487097,233.911270926,0.2628,0.2833,0.9807,12.1883,12.2819,-0.2554,17.3032,0.3102,0.2716,0.0878,-0.0004786182568443,-0.0078326154935504,0.0011029761770542,0.010948494323450799,0.009075332752177296,0.002465913029507741,0.0001910872740804,0.0001583944372398,4.30383014328e-05,-3030597,-6165083,165359844,5914514,4930819,1333809,-0.1813965092166138,-0.3690112988400269,9.897620325699464,1.3673974437103271,1.1399735119400025,0.30836802770233157,61,f23cfe00,43.51713926707,-79.68065200507,160.7739,-37.1,SOL_COMPUTED,INS_PSRSP,good,1.66,1.4379,1.6882,29,25,0.0,0.0,1,0,0,0,0,0,0,0,0,—,—,0.0,0.0,0.0,0.0
2026-05-25 16:54:07.020020,1779742447.020020,2420,161665.0,INS_ALIGNMENT_COMPLETE,good,43.51734914183,-79.680387697,160.1201,-37.1,-0.023960043,2.287338069,233.051955408,0.2517,0.2684,0.9826,11.9908,12.064,-0.26,17.0094,0.2863,0.2612,0.0872,-0.0034905059403395,-0.0019321601840792,-0.0026253833561712,0.006124979923329316,0.009774372833854798,0.004539911953996379,0.0001069010662808,0.0001705949882685,7.9236411348e-05,-7440743,2978895,159135134,2350045,3694490,2014948,-0.44536598108489994,0.17830188386077883,9.525040050299683,0.5433152285385132,0.854142230758667,0.46584296603393555,61,f23afe00,43.51724860467,-79.68052388425,160.5723,-37.1,SOL_COMPUTED,INS_PSRSP,good,1.7862,1.4298,1.6966,27,23,0.0,0.0,1,0,0,0,0,0,0,0,0,—,—,0.0,0.0,0.0,0.0
2026-05-25 16:54:08.036064,1779742448.036064,2420,161666.0,INS_ALIGNMENT_COMPLETE,good,43.51745864477,-79.68026580549,159.9962,-37.1,0.176140497,1.757458774,233.203869868,0.2405,0.2585,0.9841,11.8393,12.0402,-0.26,16.8860,0.275,0.2508,0.0871,-0.0046263790355588,-0.0071628473631073,0.0001097753866731,-0.001964880804854702,-0.0010522665283635136,-0.008246656556212973,-3.4293639454e-05,-1.83655155285e-05,-0.0001439313091873,-10819339,-6202753,162391301,-526474,-1065606,-3639285,-0.6475919848898316,-0.37126603825347904,9.719938061228333,-0.1217173890838623,-0.24636122602844238,-0.8413791912460327,61,f238fe00,43.51736001685,-79.68039868934,160.5203,-37.1,SOL_COMPUTED,INS_PSRSP,good,1.6802,1.4182,1.6812,29,25,0.0,0.0,1,0,0,0,0,0,0,0,0,—,—,0.0,0.0,0.0,0.0
2026-05-25 16:54:09.018972,1779742449.018972,2420,161667.0,INS_ALIGNMENT_COMPLETE,good,43.51756766203,-79.68014336984,159.8253,-37.1,0.70018875,1.758818553,234.117709098,0.2302,0.2494,0.9851,11.9227,12.0445,-0.3166,16.9476,0.266,0.2425,0.0874,-0.0032595300438802,-0.0034964568557757,-0.0023897530678355,-0.009746552080616148,0.03245335784922296,-0.012858168005953222,-0.0001701094245241,0.0005664179477977,-0.0002244173674788,-7420169,-556132,170634323,-4963763,6214227,-3802220,-0.4441345234609986,-0.033287303941650394,10.213324485155946,-1.147589952003479,1.436689153907776,-0.8790487110900879,61,f236fe00,43.51746953023,-79.68027680659,160.3913,-37.1,SOL_COMPUTED,INS_PSRSP,good,1.6518,1.3857,1.6717,28,24,0.0,0.0,1,0,0,0,0,0,0,0,0,—,—,0.0,0.0,0.0,0.0
2026-05-25 16:54:10.028144,1779742450.028144,2420,161668.0,INS_ALIGNMENT_COMPLETE,good,43.51767859656,-79.6800232398,159.6814,-37.1,0.793818761,1.286789125,234.295223439,0.2196,0.2389,0.9853,11.8643,11.8393,-0.2932,16.7610,0.2553,0.2341,0.0876,-0.0043367877415338,0.0021484396897566,0.0019110829659582,-0.00849473477470649,-0.00387596621701626,0.0026694853553273527,-0.0001482610909025,-6.76483721831e-05,4.65913087843e-05,-8826818,9808582,169064652,-4440357,-2682709,984973,-0.5283295577374268,0.5870930827044678,10.119371762303468,-1.0265818647079468,-0.6202249971542358,0.22771939711761474,61,f235fe00,43.51757869761,-79.68015416065,160.2066,-37.1,SOL_COMPUTED,INS_PSRSP,good,1.6263,1.3561,1.6615,29,25,0.0,0.0,1,0,0,0,0,0,0,0,0,—,—,0.0,0.0,0.0,0.0
2026-05-25 16:54:11.031328,1779742451.031328,2420,161669.0,INS_ALIGNMENT_COMPLETE,good,43.51778834339,-79.6799060468,159.5305,-37.1,0.971186875,0.802692911,234.145706008,0.2124,0.2327,0.9857,11.8237,11.5226,-0.2861,16.5097,0.2508,0.2285,0.088,-0.000155683713603,0.001771905182375,0.0013825408665982,-0.0008870071666012536,-0.003983592883947492,0.0012217593361827548,-1.5481195546e-05,-6.9526811884e-05,2.13237230834e-05,-9261858,1708229,163119217,-457346,-1934150,400973,-0.5543688949932862,0.10224611769317628,9.76350750361969,-0.10573544187927246,-0.4471629901885986,0.092702368309021,61,f233fe00,43.51768964432,-79.68003401997,160.0604,-37.1,SOL_COMPUTED,INS_PSRSP,good,1.5704,1.327,1.6456,29,25,0.0,0.0,1,0,0,0,0,0,0,0,0,—,—,0.0,0.0,0.0,0.0
2026-05-25 16:54:12.044026,1779742452.044026,2420,161670.0,INS_ALIGNMENT_COMPLETE,good,43.51789757543,-79.6797912511,159.4314,-37.1,1.245306576,1.055087164,233.995509177,0.2054,0.2252,0.9854,11.6996,11.1822,-0.3087,16.1840,0.2438,0.2231,0.088,-0.0040433158126545,0.0001879392940038,0.0082692927537359,-0.004892827305965233,-0.01539700741759452,0.001070832132717493,-8.53959462207e-05,-0.0002687284743914,1.86895464521e-05,-15921045,6320051,173536125,-3307601,-8755481,276622,-0.9529548092605592,0.3782869149118043,10.387011964302065,-0.764695992301941,-2.024210668510437,0.06395322010803223,61,f231fe00,43.51779936196,-79.67991690764,159.9049,-37.1,SOL_COMPUTED,INS_PSRSP,good,1.5604,1.31,1.6378,29,25,0.0,0.0,1,0,0,0,0,0,0,0,0,—,—,0.0,0.0,0.0,0.0
2026-05-25 16:54:13.016571,1779742453.016571,2420,161671.0,INS_ALIGNMENT_COMPLETE,good,43.51800396484,-79.67967835474,159.2938,-37.1,1.670814929,0.505027711,234.042694077,0.1998,0.2205,0.985,11.4178,10.9841,-0.357,15.8435,0.2427,0.2184,0.0882,-0.0052765492860115,0.0004166749765061,0.0028892595668629,-0.00725281265351928,0.00038052318924933914,0.0016288694349260537,-0.0001265854608344,6.6413825326e-06,2.84291347246e-05,-16750297,-1372104,161365539,-2681487,-2498195,577273,-1.0025897221377564,-0.0821273418676758,9.658541034145204,-0.6199424786453247,-0.5775665518569947,0.13346178984832763,61,f22ffe00,43.5179085942,-79.67980214926,159.7985,-37.1,SOL_COMPUTED,INS_PSRSP,good,1.5189,1.2956,1.6264,28,25,0.0,0.0,1,0,0,0,0,0,0,0,0,—,—,0.0,0.0,0.0,0.0
2026-05-25 16:54:14.034161,1779742454.034161,2420,161672.0,INS_ALIGNMENT_COMPLETE,good,43.51810945517,-79.67956629651,159.1283,-37.1,1.656459212,0.508934837,234.107619903,0.1972,0.2163,0.9843,11.1452,10.7877,-0.3161,15.5110,0.2352,0.2137,0.088,-0.0041601064417894,0.0005286490854951,-0.0027743191389747,-0.0057784898314122085,-0.003058703933932389,-0.0016604316777103164,-0.0001008536733513,-5.33844544909e-05,-2.89799997805e-05,-15567749,420496,163222698,-1490617,-2734274,-918815,-0.9318082625173951,0.025168805532226567,9.769701363169556,-0.3446210247116089,-0.6321464921722412,-0.21242409473419188,61,f22dfe00,43.51801499053,-79.6796892962,159.6497,-37.1,SOL_COMPUTED,INS_PSRSP,good,1.5343,1.2855,1.6221,29,25,0.0,0.0,1,0,0,0,0,0,0,0,0,—,—,0.0,0.0,0.0,0.0
2026-05-25 16:54:15.025023,1779742455.025023,2420,161673.0,INS_ALIGNMENT_COMPLETE,good,43.51821214499,-79.67945455868,158.9474,-37.1,2.055532094,0.260027045,234.744109023,0.1964,0.2139,0.9834,10.6317,10.9171,-0.355,15.2386,0.2298,0.2101,0.0878,-0.009583567762674,-0.0039346135008964,0.0024453884416683,0.01069917662040299,-0.009954372816626282,-0.003795489495549923,0.0001867358592787,-0.0001737365806214,-6.62437884223e-05,-27375409,-1547670,167342650,5667640,-4302908,-1574174,-1.638556241881409,-0.0926358520843506,10.016301261123658,1.3103217691040039,-0.9948045434875489,-0.3639388635406494,61,f22bfe00,43.51812048943,-79.67957721981,159.4847,-37.1,SOL_COMPUTED,INS_PSRSP,good,1.4872,1.2699,1.6109,28,25,0.0,0.0,1,0,0,0,0,0,0,0,0,—,—,0.0,0.0,0.0,0.0
2026-05-25 16:54:16.022383,1779742456.022383,2420,161674.0,INS_ALIGNMENT_COMPLETE,good,43.51830872779,-79.67934068924,158.815,-37.1,2.339637912,0.197522176,235.09036282,0.1943,0.2107,0.9816,9.6425,11.1093,-0.3366,14.7103,0.2251,0.208,0.0877,-0.0148524003565492,0.0038164645025088,-0.001132991223195,-0.001170338207082145,0.005949441279941841,-0.0004946596022167423,-2.04262550755e-05,0.0001038373389892,-8.6334387353e-06,-32774355,5706859,166102475,-755211,2209145,-421666,-1.9617103787887575,0.341584282301941,9.942070535026552,-0.17459990641021728,0.5107400584030152,-0.09748645628356933,61,f229fe00,43.51822327656,-79.67946534641,159.2932,-37.1,SOL_COMPUTED,INS_PSRSP,good,1.4508,1.256,1.6013,29,25,0.0,0.0,1,0,0,0,0,0,0,0,0,—,—,0.0,0.0,0.0,0.0
2026-05-25 16:54:17.029713,1779742457.029713,2420,161675.0,INS_ALIGNMENT_COMPLETE,good,43.51839211553,-79.67922675537,158.6019,-37.1,2.712491961,-0.046167707,235.321111851,0.1947,0.2109,0.9801,8.3399,11.3433,-0.3765,14.0792,0.2251,0.2094,0.0881,-0.0086999225665833,0.003028117119332,0.000525087692636,0.0006426083024259267,0.003666520945826442,0.001735146244071252,1.1215630678e-05,6.39928625981e-05,3.02840149627e-05,-36926854,9450832,165997921,-294773,2078868,1518711,-2.2102583787786867,0.5656799416064454,9.935812451017153,-0.06814961409759522,0.4806208572692871,0.35111617609405515,61,f228fe00,43.51831991714,-79.67935140028,159.1533,-37.1,SOL_COMPUTED,INS_PSRSP,good,1.4295,1.2466,1.5946,29,25,0.0,0.0,1,0,0,0,0,0,0,0,0,—,—,0.0,0.0,0.0,0.0
2026-05-25 16:54:18.016933,1779742458.016933,2420,161676.0,INS_ALIGNMENT_COMPLETE,good,43.51846247183,-79.67911848075,158.4675,-37.1,3.11029164,-0.09634827,235.667416372,0.1974,0.2116,0.9779,6.5771,11.6183,-0.4103,13.3508,0.2214,0.2129,0.0889,-0.0203595794024513,0.0040385532689292,-0.002728425879578,-0.005461904984852265,-0.004231074384361135,-0.0012908675336486498,-9.53282254169e-05,-7.3846178904e-05,-2.25298886693e-05,-44848023,4841075,160040412,-2576644,-2833471,-569828,-2.6843802780331423,0.289762745048523,9.579225502562258,-0.595703454071045,-0.6550801980056763,-0.13174055392456055,61,f226fe00,43.51840334509,-79.67923743394,158.9303,-37.1,SOL_COMPUTED,INS_PSRSP,good,1.4572,1.2463,1.5964,28,25,0.0,0.0,1,0,0,0,0,0,0,0,0,—,—,0.0,0.0,0.0,0.0
2026-05-25 16:54:19.021020,1779742459.021020,2420,161677.0,INS_ALIGNMENT_COMPLETE,good,43.51851824753,-79.67902184884,158.3236,-37.1,3.223017787,-0.656074648,236.313991091,0.2,0.213,0.9743,5.1125,11.4209,-0.3599,12.5130,0.2187,0.2185,0.0904,-0.0144706004075422,0.0044259139858431,-0.0018424401172834,-0.004748923996373276,0.0016383980304394633,-0.0009669234656207196,-8.28843596638e-05,2.85954400894e-05,-1.68759980899e-05,-34885710,1042625,167043134,-2029927,119674,-429464,-2.0880856199432376,0.06240636264801026,9.998373718512575,-0.4693060141067505,0.027667856002807616,-0.09928930352783204,61,f224fe00,43.51847376379,-79.67912908368,158.7854,-37.1,SOL_COMPUTED,INS_PSRSP,good,1.4444,1.2532,1.5969,28,25,0.0,0.0,1,0,0,0,0,0,0,0,0,—,—,0.0,0.0,0.0,0.0
2026-05-25 16:54:20.017484,1779742460.017484,2420,161678.0,INS_ALIGNMENT_COMPLETE,good,43.51856175312,-79.67894480056,158.2166,-37.1,3.562372893,-1.209904004,237.376166176,0.2031,0.2148,0.9687,3.8305,10.7506,-0.3374,11.4126,0.218,0.2227,0.0921,-0.0117085582957512,0.0028760909523763,-0.0006275540980205,0.0011837533005169298,0.003052541947437465,-0.0028866521029002556,2.06603926254e-05,5.32769075381e-05,-5.03815835553e-05,-32015937,963690,164287560,922912,734809,-1243790,-1.916315237921448,0.05768170494689942,9.83343872237549,0.21337129467773439,0.16988309575653077,-0.28755621620178223,61,f223fe00,43.5185296164,-79.67903230972,158.6384,-37.1,SOL_COMPUTED,INS_PSRSP,good,1.433,1.2466,1.5938,28,25,0.0,0.0,1,0,0,0,0,0,0,0,0,—,—,0.0,0.0,0.0,0.0
2026-05-25 16:54:21.018566,1779742461.018566,2420,161679.0,INS_ALIGNMENT_COMPLETE,good,43.51859424116,-79.67888934247,158.1592,-37.1,4.083069958,-1.800805302,238.806214723,0.2058,0.2161,0.9605,2.5692,9.6929,-0.2995,10.0276,0.2184,0.2249,0.0941,-0.0070160615802227,0.0022062477549228,-0.0005783301682778,-0.0032230648070867224,0.00037745082484940426,3.288046853299631e-05,-5.62530928889e-05,6.587759658e-06,5.738724355e-07,-38222194,-319145,159893388,-1707350,63440,121176,-2.2877910082403567,-0.019102437220764164,9.570425374940188,-0.3947282947540283,0.014666918334960937,0.028015108703613283,61,f221fe00,43.51857326204,-79.67895501036,158.5223,-37.1,SOL_COMPUTED,INS_PSRSP,good,1.4231,1.2448,1.5917,28,25,0.0,0.0,1,0,0,0,0,0,0,0,0,—,—,0.0,0.0,0.0,0.0
2026-05-25 16:54:22.028427,1779742462.028427,2420,161680.0,INS_ALIGNMENT_COMPLETE,good,43.51861566674,-79.67885605438,158.1756,-37.1,4.536237288,-2.304567718,240.495834545,0.2092,0.2177,0.9502,1.2024,8.3996,-0.2507,8.4852,0.22,0.2258,0.0964,-0.0120079761172933,0.0074475779709204,-0.0010949175648311,-0.0003706251994343885,0.00013138917437935404,0.0003228768525911472,-6.468630021e-06,2.2931736944e-06,5.6352641562e-06,-35123893,4545654,161147452,47176,-466691,288017,-2.1023420732937623,0.2720803088323975,9.645487427708742,0.010906786560058593,-0.10789594553375244,0.06658767052459717,61,f21ffe00,43.51860594222,-79.67889919633,158.451,-37.1,SOL_COMPUTED,INS_PSRSP,good,1.4164,1.2463,1.5909,28,25,0.0,0.0,1,0,0,0,0,0,0,0,0,—,—,0.0,0.0,0.0,0.0
2026-05-25 16:54:23.031443,1779742463.031443,2420,161681.0,INS_ALIGNMENT_COMPLETE,good,43.51862887008,-79.6788433892,158.3386,-37.1,4.933243449,-2.925349439,242.290046135,0.2147,0.2222,0.9391,0.337,6.7008,-0.1997,6.7093,0.227,0.2272,0.0997,-0.0065749213328291,0.007255157057246,-0.0001477994052995,-2.828433182651399e-05,0.0011743133368876315,-0.0017501789123829659,-4.936547171e-07,2.04956341788e-05,-3.05463845201e-05,-27180498,2419608,163190339,294091,79705,-706508,-1.626889835886841,0.14482573726318362,9.767764513881533,0.06799194010162353,0.018427281303405763,-0.16334008731079103,61,f21dfe00,43.51862758266,-79.67886546583,158.4552,-37.1,SOL_COMPUTED,INS_PSRSP,good,1.4143,1.2494,1.5915,29,25,0.0,0.0,1,0,0,0,0,0,0,0,0,—,—,0.0,0.0,0.0,0.0
2026-05-25 16:54:24.035723,1779742464.035723,2420,161682.0,INS_ALIGNMENT_COMPLETE,good,43.51863398743,-79.67885386233,158.4086,-37.1,5.302660643,-3.575776604,244.066876819,0.2211,0.2262,0.9275,-0.2207,4.7231,-0.1876,4.7283,0.2327,0.2245,0.1024,-0.0029179996328933,0.0117838321619831,4.51380044467e-05,-0.0013434682991689461,0.0007450597978990135,0.00036191861062736874,-2.34479452167e-05,1.30037465976e-05,6.3166713797e-06,-20751580,1809733,163622976,118450,-44410,143490,-1.242086682171631,0.10832164382598879,9.793660019472657,0.027384875106811524,-0.010267305221557617,0.03317396141052246,61,f21cfe00,43.51864100073,-79.6788523183,158.6074,-37.1,SOL_COMPUTED,INS_PSRSP,good,1.4672,1.2563,1.6072,28,24,0.0,0.0,1,0,0,0,0,0,0,0,0,—,—,0.0,0.0,0.0,0.0
2026-05-25 16:54:25.035234,1779742465.035234,2420,161683.0,INS_ALIGNMENT_COMPLETE,good,43.51863370834,-79.67888283046,158.293,-37.1,5.542316379,-4.179124352,245.633689239,0.2287,0.2316,0.9183,-0.2402,2.5619,-0.2394,2.5731,0.2416,0.2204,0.1052,0.0049426591109031,0.008199089577783,3.97774568099e-05,-0.0012868628064477488,0.0021308538910094076,-0.00037106280549016634,-2.2459992994e-05,3.71904162771e-05,-6.4762676875e-06,-10075578,594358,164224546,-129194,427325,-58730,-0.6030741393658449,0.035575322758178714,9.829667016790163,-0.02986881852722168,0.09879478054046631,-0.013577996749877929,61,f21afe00,43.51864631696,-79.67886230897,158.6675,-37.1,SOL_COMPUTED,INS_PSRSP,good,1.5063,1.2622,1.624,28,24,0.0,0.0,1,0,0,0,0,0,0,0,0,—,—,0.0,0.0,0.0,0.0
2026-05-25 16:54:26.029426,1779742466.029426,2420,161684.0,INS_ALIGNMENT_COMPLETE,good,43.51864087651,-79.67892740496,158.2763,-37.1,5.768359356,-4.710853175,246.848751663,0.2357,0.2328,0.9107,0.4914,0.3206,-0.3221,0.5867,0.2387,0.2128,0.1013,0.0173044221732182,0.0137937217337439,0.0010711038053672,-0.0022629175128940984,-0.0002055693774624538,-0.0012737339179335707,-3.94953613011e-05,-3.587862478e-06,-2.22308506623e-05,1036042,236599,164178327,-230734,-417955,-295067,0.06201233690979005,0.014161642964782718,9.826900576626894,-0.05334421083068848,-0.09662849704742432,-0.06821758499908448,61,f218fe00,43.51864620126,-79.67889084279,158.5454,-37.1,SOL_COMPUTED,INS_PSRSP,good,1.57,1.2657,1.6493,29,25,0.0,0.0,1,0,0,0,0,0,0,0,0,—,—,0.0,0.0,0.0,0.0
2026-05-25 16:54:27.029394,1779742467.029394,2420,161685.0,INS_ALIGNMENT_COMPLETE,good,43.51865410448,-79.67898015142,158.021,-37.1,5.847525134,-5.151549163,247.519321821,0.2422,0.2348,0.9061,1.8347,-1.8645,-0.4719,2.6158,0.2401,0.2091,0.0973,0.0160574134212677,0.0090764037885149,0.0012591058228226,-0.0008910719532779699,0.003171817269157895,0.0009193443043163456,-1.55521394569e-05,5.53586546185e-05,1.60455850698e-05,7590680,-923911,165124589,235095,1038048,499915,0.4543404664428712,-0.05530073125091554,9.883539127910463,0.0543524458694458,0.23998999438476562,0.11557711978912354,61,f216fe00,43.51865349109,-79.67893507977,158.5225,-37.1,SOL_COMPUTED,INS_PSRSP,good,1.5128,1.2566,1.6419,29,25,0.0,0.0,1,0,0,0,0,0,0,0,0,—,—,0.0,0.0,0.0,0.0
2026-05-25 16:54:28.019925,1779742468.019925,2420,161686.0,INS_ALIGNMENT_COMPLETE,good,43.51867114561,-79.67903555581,157.452,-37.1,6.262979004,-5.445668337,247.634911122,0.2473,0.2372,0.904,2.2145,-3.4944,-0.6073,4.1370,0.2452,0.2129,0.0939,0.002624427043175,0.0113377164901235,0.0003498371691014,-0.0016634719250412594,0.002006383349172415,-0.0004440156721165207,-2.90330621065e-05,3.50179955003e-05,-7.7495354089e-06,-15845506,2183100,164315209,-254368,545366,-182327,-0.9484334192803956,0.13066954110717774,9.835093654418031,-0.058808239013671874,0.12608509748840332,-0.04215282501983643,61,f214fe00,43.51866677889,-79.67898764871,158.265,-37.1,SOL_COMPUTED,INS_PSRSP,good,1.4662,1.2477,1.6344,29,25,0.0,0.0,1,0,0,0,0,0,0,0,0,—,—,0.0,0.0,0.0,0.0
2026-05-25 16:54:29.025778,1779742469.025778,2420,161687.0,INS_ALIGNMENT_COMPLETE,good,43.51868523351,-79.67908039233,156.9668,-37.1,6.36051201,-5.594441227,247.52101828,0.2929,0.2849,0.916,1.8092,-4.4834,-0.6714,4.8347,0.2561,0.222,0.0919,0.0003769613223969,0.0111360284676604,0.0004717244532765,-0.002438092331290229,-2.9169522765835277e-05,0.00044759013897591833,-4.25527386487e-05,-5.091042135e-07,7.8119216246e-06,-19670536,1477891,163465344,-505430,-266361,310686,-1.1773807486840822,0.08845922714324952,9.784224949570314,-0.11685215217590332,-0.061580943168640136,0.07182859693908691,61,f213fe00,43.51868384387,-79.67904303104,157.6849,-37.1,SOL_COMPUTED,INS_PSRSP,good,1.4369,1.2351,1.6274,28,25,0.0,0.0,1,0,0,0,0,0,0,0,0,—,—,0.0,0.0,0.0,0.0
2026-05-25 16:54:30.017601,1779742470.017601,2420,161688.0,INS_ALIGNMENT_COMPLETE,good,43.51869428513,-79.67911343135,156.6265,-37.1,6.282309306,-5.5178218,247.516651287,0.3485,0.3432,0.9322,1.356,-5.0678,-0.6924,5.2461,0.2672,0.2327,0.0902,0.0006818252603694,0.0109426708473796,0.0007904888472177,-0.0007256631096860199,0.0009326355740028299,-0.0004043138665513404,-1.26652105243e-05,1.62775614876e-05,-7.0566081828e-06,-18665817,1121440,163167722,98119,-9243,-125825,-1.1172432512393191,0.06712383774414063,9.766410772407838,0.022684479194641113,-0.0021369219131469725,-0.029089927482604982,61,f211fe00,43.51869792234,-79.67908790994,157.1971,-37.1,SOL_COMPUTED,INS_PSRSP,good,1.4802,1.2295,1.6294,27,24,0.0,0.0,1,0,0,0,0,0,0,0,0,—,—,0.0,0.0,0.0,0.0
2026-05-25 16:54:31.048113,1779742471.048113,2420,161689.0,INS_ALIGNMENT_COMPLETE,good,43.51869964878,-79.67913679286,156.3362,-37.1,6.023679029,-5.188988507,247.719134947,0.4037,0.4002,0.9466,1.3949,-5.4611,-0.7068,5.6364,0.2724,0.2487,0.0927,0.0069539872796862,0.0097999437762427,0.0007483051086488,-0.0011421731521541086,0.0007021608968439044,1.6550718345521863e-05,-1.9934682133e-05,1.22550195287e-05,2.888645287e-07,-7394231,182904,164622446,-56959,-162418,96278,-0.4425820033944703,0.01094772651123047,9.853483337804567,-0.01316855298614502,-0.03754999278259277,0.02225885188293457,61,f20ffe00,43.51870697145,-79.67912094668,156.859,-37.1,SOL_COMPUTED,INS_PSRSP,good,1.5278,1.2339,1.6301,27,23,0.0,0.0,1,0,0,0,0,0,0,0,0,—,—,0.0,0.0,0.0,0.0
2026-05-25 16:54:32.046052,1779742472.046052,2420,161690.0,INS_ALIGNMENT_COMPLETE,good,43.51870308488,-79.67915199971,156.1264,-37.1,5.685875342,-4.653584154,248.076409577,0.4492,0.449,0.9604,1.4689,-5.5316,-0.6885,5.7233,0.2847,0.2696,0.0906,0.0061847125347993,0.0088382587404729,0.0005378376161646,-0.0014808797260361759,0.00047731949183047877,-0.00024027432050440417,-2.58462270454e-05,8.3307967164e-06,-4.1935780008e-06,-7908520,296843,163596905,-96337,51605,-19874,-0.47336479283447275,0.017767550085144045,9.792099538685608,-0.022272492301940918,0.01193074275970459,-0.004594740463256836,61,f20efe00,43.51871234822,-79.67914423204,156.5757,-37.1,SOL_COMPUTED,INS_PSRSP,good,1.4609,1.2376,1.6078,30,26,0.0,0.0,1,0,0,0,0,0,0,0,0,—,—,0.0,0.0,0.0,0.0
2026-05-25 16:54:33.018379,1779742473.018379,2420,161691.0,INS_ALIGNMENT_COMPLETE,good,43.5187065624,-79.67915683027,156.1154,-37.1,5.216613738,-3.886146196,248.587162437,0.486,0.4906,0.9755,1.5009,-5.2036,-0.616,5.4157,0.3051,0.2938,0.0888,0.0054755000506168,0.0075458791460754,0.0003079326737738,-0.0009339105666481741,0.000999904749876479,-0.00015392584876614836,-1.62998143072e-05,1.74516300917e-05,-2.6865128649e-06,-8094014,330738,165272737,-28406,-61456,-6969,-0.4844675439031983,0.01979633671691895,9.892406532599184,-0.006567283767700195,-0.014208230346679687,-0.0016111877975463868,61,f20cfe00,43.51871581115,-79.67915930417,156.3753,-37.1,SOL_COMPUTED,INS_PSRSP,good,1.4057,1.2451,1.5836,30,26,0.0,0.0,1,0,0,0,0,0,0,0,0,—,—,0.0,0.0,0.0,0.0
2026-05-25 16:54:34.021482,1779742474.021482,2420,161692.0,INS_ALIGNMENT_COMPLETE,good,43.51870749065,-79.67914980202,156.2531,-37.1,4.595526439,-2.934356766,249.120666162,0.5141,0.5242,0.9923,1.4191,-4.4916,-0.51,4.7104,0.3278,0.3175,0.0868,0.0049301667532476,0.0060092255157988,0.0001585761858057,-0.0009738623823243411,0.00031752785981553253,-7.049167829464819e-05,-1.69971050329e-05,5.5419066206e-06,-1.2303118815e-06,-7349298,399956,164132839,-21215,-150541,4221,-0.43989253681457524,0.023939382979736332,9.824177890498964,-0.004904771003723145,-0.03480410707855225,0.0009758679428100586,61,f20afe00,43.51871932645,-79.679163939,156.3771,-37.1,SOL_COMPUTED,INS_PSRSP,good,1.3864,1.2615,1.5638,30,26,0.0,0.0,1,0,0,0,0,0,0,0,0,—,—,0.0,0.0,0.0,0.0
2026-05-25 16:54:35.032290,1779742475.032290,2420,161693.0,INS_ALIGNMENT_COMPLETE,good,43.51870481733,-79.679131011,156.4958,-37.1,3.871425946,-1.891139122,249.583922687,0.5341,0.5493,1.0123,1.2078,-3.4748,-0.3896,3.6787,0.3488,0.3375,0.0842,0.0031628567993091,0.0040231396023479,-0.0003230398756505,-0.0010454470925198855,0.0004402754625299734,-3.753014926270123e-05,-1.82464939199e-05,7.6842564369e-06,-6.550246734e-07,-8078225,327013,163594054,84496,50916,41956,-0.48352249265289315,0.019573376687316898,9.791928891962282,0.01953492956542969,0.011771450408935546,0.009699956268310547,61,f208fe00,43.51872028884,-79.67915669321,156.5318,-37.1,SOL_COMPUTED,INS_PSRSP,good,1.3881,1.2867,1.5463,30,26,0.0,0.0,1,0,0,0,0,0,0,0,0,—,—,0.0,0.0,0.0,0.0
2026-05-25 16:54:36.018268,1779742476.018268,2420,161694.0,INS_ALIGNMENT_COMPLETE,good,43.51870245807,-79.67910311341,156.9465,-37.1,3.197409169,-0.856823499,249.95278843,0.5478,0.5668,1.0361,0.9891,-2.2984,-0.2696,2.5022,0.3664,0.3529,0.0808,0.0023778469891392,0.002174952529348,-0.0004668670604694,-0.001017606820906717,0.00047670062222821653,-4.487371427505412e-05,-1.77605895156e-05,8.3199954042e-06,-7.831940617e-07,-7779248,408927,163773377,70801,13874,9394,-0.4656272119091798,0.024476342557067876,9.802662277569887,0.01636873400115967,0.0032075792083740232,0.0021718321380615234,61,f206fe00,43.51871763857,-79.67913769293,156.794,-37.1,SOL_COMPUTED,INS_PSRSP,good,1.4,1.3132,1.5294,30,26,0.0,0.0,1,0,0,0,0,0,0,0,0,—,—,0.0,0.0,0.0,0.0
2026-05-25 16:54:37.040325,1779742477.040325,2420,161695.0,INS_ALIGNMENT_COMPLETE,good,43.51869708866,-79.67907341109,157.3305,-37.1,2.591562561,-0.046146255,250.159521071,0.5572,0.5784,1.063,0.6792,-1.2155,-0.1859,1.3924,0.3799,0.3635,0.0773,0.0009952907349239,0.0008968677833938,-0.0005494031579019,-0.0010786882277003236,0.0005363847397555086,-0.00036238057450557537,-1.88266611759e-05,9.3616797662e-06,-6.3247341704e-06,-8044116,380454,164019059,-53326,63595,-90404,-0.4814808970422364,0.02277208996032715,9.81736758387665,-0.012328626846313476,0.01470275333404541,-0.020900821014404297,61,f204fe00,43.51871529552,-79.67910960669,157.2628,-37.1,SOL_COMPUTED,INS_PSRSP,good,1.4223,1.3409,1.5135,30,26,0.0,0.0,1,0,0,0,0,0,0,0,0,—,—,0.0,0.0,0.0,0.0
2026-05-25 16:54:38.022632,1779742478.022632,2420,161696.0,INS_ALIGNMENT_COMPLETE,good,43.5186877926,-79.67904675305,157.5081,-37.1,2.071308818,0.454105512,250.254988776,0.5643,0.5851,1.0918,0.2792,-0.3692,-0.1503,0.4629,0.388,0.3696,0.0738,6.35376363636e-05,5.6686779359e-06,-0.0001774792616244,-0.00047992909312764896,0.0002814954602450508,-0.00014616849405814136,-8.3763428512e-06,4.9130226107e-06,-2.551121484e-06,-7749478,237345,163662597,14104,73165,-56424,-0.46384532732360845,0.01420629482574463,9.796031536072084,0.003260753723144531,0.016915275535583495,-0.013044864440917969,61,f203fe00,43.51870992728,-79.67907977702,157.6628,-37.1,SOL_COMPUTED,INS_PSRSP,good,1.4488,1.3648,1.4989,30,26,0.0,0.0,1,0,0,0,0,0,0,0,0,—,—,0.0,0.0,0.0,0.0
2026-05-25 16:54:39.033319,1779742479.033319,2420,161697.0,INS_ALIGNMENT_COMPLETE,good,43.51868117889,-79.67902484362,157.6186,-37.1,1.789592005,0.738472279,250.307793947,0.5153,0.5378,1.0933,0.0204,0.2211,-0.1409,0.2220,0.3948,0.3718,0.071,-0.0001925314148132,-0.0004975548486119,-0.0006628591375795,-0.0009379138948522972,0.0005495906785510853,-0.0002773368351594425,-1.63696855654e-05,9.592166879e-06,-4.8404409106e-06,-7859138,416967,164344499,78443,122130,-39908,-0.47040903117492683,0.02495757709075928,9.836846808583681,0.018135515052795412,0.028235667343139648,-0.009226471893310547,61,f201fe00,43.51870062169,-79.6790530426,157.8541,-37.1,SOL_COMPUTED,INS_PSRSP,good,1.463,1.3792,1.4829,30,26,0.0,0.0,1,0,0,0,0,0,0,0,0,—,—,0.0,0.0,0.0,0.0
2026-05-25 16:54:40.029353,1779742480.029353,2420,161698.0,INS_ALIGNMENT_COMPLETE,good,43.51867659373,-79.67900968827,157.6681,-37.1,1.694403467,0.80807681,250.338276142,0.4623,0.482,1.0941,-0.1309,0.5324,-0.1482,0.5483,0.3874,0.3662,0.0688,-0.0004763218165331,-0.0005050449485251,-0.0004002042295453,-0.0009020336788538813,0.0006809877360676664,-0.0003381080147684761,-1.57434576599e-05,1.18854781601e-05,-5.9010980851e-06,-7895956,425862,164227896,72468,76285,-41553,-0.47261277409301766,0.025489987684936526,9.8298675311792,0.01675413363647461,0.017636599388122558,-0.009606785270690917,61,f1fffe00,43.51869400336,-79.67903109016,157.9717,-37.1,SOL_COMPUTED,INS_PSRSP,good,1.5001,1.392,1.4685,30,27,0.0,0.0,1,0,0,0,0,0,0,0,0,—,—,0.0,0.0,0.0,0.0
2026-05-25 16:54:41.027068,1779742481.027068,2420,161699.0,INS_ALIGNMENT_COMPLETE,good,43.51867271834,-79.67900075871,157.6469,-37.1,1.699972426,0.721017231,250.369651616,0.485,0.4991,1.1238,-0.2327,0.6231,-0.1632,0.6651,0.3785,0.3607,0.0673,-0.0006497079191327,-0.0006521799581364,-0.0009701194745209,-0.0013115831256027952,0.0009305146084739676,-0.00029286955968633836,-2.28914439554e-05,1.62405436558e-05,-5.1115380954e-06,-8107731,474954,164414050,-1914,37172,6086,-0.48528857550750737,0.028428391382446294,9.841009786575318,-0.00044250444030761717,0.008593926361083984,0.0014070438995361328,61,f1fefe00,43.51868941706,-79.6790159179,158.0237,-37.1,SOL_COMPUTED,INS_PSRSP,good,1.4904,1.3927,1.4533,30,27,0.0,0.0,1,0,0,0,0,0,0,0,0,—,—,0.0,0.0,0.0,0.0
2026-05-25 16:54:42.033329,1779742482.033329,2420,161700.0,INS_ALIGNMENT_COMPLETE,good,43.51866807861,-79.67899313759,157.6306,-37.1,1.723746546,0.602622136,250.40894614,0.511,0.5222,1.1533,-0.3314,0.6446,-0.1782,0.7248,0.3676,0.3503,0.0659,-0.0003641593431012,-9.53979379421e-05,-0.0003607450690802,-0.000748028326515647,0.00077397799985561,-0.0002706417694137496,-1.30555571959e-05,1.35084644355e-05,-4.7235899697e-06,-7886044,703719,164276985,83715,107391,-40150,-0.4720194909216309,0.04212112995208741,9.832805755311586,0.019354367408752442,0.02482810572052002,-0.00928242073059082,61,f1fdfe00,43.5186855429,-79.6790069856,158.0023,-37.1,SOL_COMPUTED,INS_PSRSP,good,1.4912,1.4167,1.444,31,27,0.0,0.0,1,0,0,0,0,0,0,0,0,—,—,0.0,0.0,0.0,0.0
2026-05-25 16:54:43.023513,1779742483.023513,2420,161701.0,INS_ALIGNMENT_COMPLETE,good,43.51866495522,-79.67898948188,157.6218,-37.1,1.813182171,0.437604276,250.439854227,0.5425,0.5511,1.1833,-0.3634,0.5551,-0.1915,0.6635,0.3637,0.348,0.0647,-0.0001374992567349,0.0002254283484119,-0.0003949555135289,-0.001004416454124254,0.0006781287824379768,-0.00018652625842805156,-1.75303741857e-05,1.18355800061e-05,-3.255497351e-06,-7903695,479651,164244306,54224,74073,-9092,-0.47307599225921637,0.02870953051239014,9.83084975241028,0.012536238647460937,0.01712519927215576,-0.002102011688232422,61,f1fbfe00,43.5186809053,-79.67899936165,157.9853,-37.1,SOL_COMPUTED,INS_PSRSP,good,1.4655,1.393,1.4289,31,27,0.0,0.0,1,0,0,0,0,0,0,0,0,—,—,0.0,0.0,0.0,0.0
2026-05-25 16:54:44.035240,1779742484.035240,2420,161702.0,INS_ALIGNMENT_COMPLETE,good,43.51866426819,-79.67899168665,157.5103,-37.1,1.978923342,0.222213277,250.456739025,0.5753,0.582,1.2146,-0.3093,0.3357,-0.2092,0.4565,0.367,0.3532,0.0636,4.61390448792e-05,0.000499800119412,-4.17312316441e-05,-0.0008908453392453755,0.0007405378462896136,-0.0003439543478705689,-1.55481842959e-05,1.29248236534e-05,-6.0031358469e-06,-7810624,145772,164175761,27917,-102338,-69772,-0.4675052236914063,0.008725189110107423,9.826746988590395,0.006454230125427246,-0.023659884750366213,-0.016130835845947267,61,f1f9fe00,43.51867778595,-79.67899571102,157.9742,-37.1,SOL_COMPUTED,INS_PSRSP,good,1.4454,1.3763,1.4155,31,27,0.0,0.0,1,0,0,0,0,0,0,0,0,—,—,0.0,0.0,0.0,0.0
2026-05-25 16:54:45.025454,1779742485.025454,2420,161703.0,INS_ALIGNMENT_COMPLETE,good,43.518663123,-79.6789952245,157.3915,-37.1,2.120275877,0.022558134,250.474477684,0.5355,0.5427,1.2142,-0.2693,0.1062,-0.2266,0.2895,0.3766,0.3626,0.0628,0.000417448317755,0.0008211353830147,-0.0001921897501463,-0.000643174709050275,0.0006965040523380874,1.2082688269776513e-05,-1.12255163385e-05,1.21562889668e-05,2.108826928e-07,-7866235,302296,164491396,59047,-135212,17973,-0.4708338224044801,0.018093939626464845,9.84563933461548,0.013651285102844237,-0.03126014126586914,0.004155241539001465,61,f1f8fe00,43.51867710486,-79.67899793068,157.8582,-37.1,SOL_COMPUTED,INS_PSRSP,good,1.4304,1.3642,1.4031,31,27,0.0,0.0,1,0,0,0,0,0,0,0,0,—,—,0.0,0.0,0.0,0.0
2026-05-25 16:54:46.033823,1779742486.033823,2420,161704.0,INS_ALIGNMENT_COMPLETE,good,43.51866552974,-79.67899901037,157.3459,-37.1,2.31800206,-0.105806908,250.470222502,0.4875,0.4936,1.2143,-0.117,-0.0996,-0.2397,0.1537,0.3757,0.3646,0.062,0.0007916280532245,0.0010690693966493,-0.0005340821667321,-0.0005438906684936031,0.0006269761761043256,-0.00011313118086120165,-9.4926829361e-06,1.09427986046e-05,-1.9745115927e-06,-7670033,422039,164431198,112650,68482,45502,-0.45909014355133065,0.025261161861267093,9.842036180827028,0.026043952560424806,0.015832596176147462,0.010519768569946289,61,f1f5fe00,43.51867596463,-79.67900148063,157.7357,-37.1,SOL_COMPUTED,INS_PSRSP,good,1.4474,1.369,1.3984,31,27,0.0,0.0,1,0,0,0,0,0,0,0,0,—,—,0.0,0.0,0.0,0.0
2026-05-25 16:54:47.032864,1779742487.032864,2420,161705.0,INS_ALIGNMENT_COMPLETE,good,43.51866853109,-79.67900382486,157.2986,-37.1,2.487240465,-0.212708817,250.473128642,0.4359,0.4419,1.2152,0.0322,-0.2991,-0.2524,0.3008,0.3692,0.3594,0.0613,0.0010423941273196,0.001333587776959,-0.0001677595914142,-0.0009168901667001338,0.0007508492816760368,-0.00014754229235279363,-1.60027522881e-05,1.31047921515e-05,-2.5750987875e-06,-7605579,245623,164166848,16303,22068,28925,-0.45523224670623785,0.014701774859313966,9.826213500605471,0.003769148323059082,0.005101979095458984,0.006687273216247559,61,f1f4fe00,43.5186783788,-79.6790052817,157.6848,-37.1,SOL_COMPUTED,INS_PSRSP,good,1.433,1.3634,1.3869,31,27,0.0,0.0,1,0,0,0,0,0,0,0,0,—,—,0.0,0.0,0.0,0.0
2026-05-25 16:54:48.024063,1779742488.024063,2420,161706.0,INS_ALIGNMENT_COMPLETE,good,43.51867104588,-79.67900849621,157.2291,-37.1,2.598077615,-0.290555386,250.485129208,0.384,0.3904,1.2167,0.1425,-0.4621,-0.2653,0.4836,0.3563,0.3468,0.0607,0.0010240780348875,0.0016522268066961,-7.98968007263e-05,-0.0009859234888725272,0.0006810572395781711,-0.00017328336517249184,-1.72076110536e-05,1.18866912252e-05,-3.0243652612e-06,-7935317,426863,164495974,-25002,-81014,44315,-0.4749687283816529,0.02554990258148194,9.845913350995485,-0.00578030094909668,-0.018729913650512697,0.010245341835021973,61,f1f2fe00,43.51868138696,-79.67901010647,157.6331,-37.1,SOL_COMPUTED,INS_PSRSP,good,1.4267,1.3627,1.376,31,27,0.0,0.0,1,0,0,0,0,0,0,0,0,—,—,0.0,0.0,0.0,0.0
2026-05-25 16:54:49.025388,1779742489.025388,2420,161707.0,INS_ALIGNMENT_COMPLETE,good,43.51867222117,-79.67901293036,157.0922,-37.1,2.649082814,-0.352228406,250.505376435,0.4745,0.4795,1.2639,0.1943,-0.5909,-0.2821,0.6220,0.3429,0.3336,0.0602,0.0011068989144535,0.0015585624536259,-0.0002269443139243,-0.0009122615003320217,0.0007501425401838006,-0.0003000887263883142,-1.592196682e-05,1.30924571855e-05,-5.2375363236e-06,-7913042,544926,164139912,6887,38833,-62989,-0.4736354573321534,0.03261656834655762,9.824601245207521,0.0015922299270629884,0.008977938835144044,-0.014562650047302245,61,f1f0fe00,43.51868390681,-79.67901478173,157.5607,-37.1,SOL_COMPUTED,INS_PSRSP,good,1.4229,1.3611,1.3661,31,27,0.0,0.0,1,0,0,0,0,0,0,0,0,—,—,0.0,0.0,0.0,0.0
2026-05-25 16:54:50.026443,1779742490.026443,2420,161708.0,INS_ALIGNMENT_COMPLETE,good,43.51867370288,-79.67901571465,157.0157,-37.1,2.678123049,-0.368829121,250.536517381,0.4401,0.4448,1.2656,0.2462,-0.661,-0.2924,0.7054,0.3341,0.3255,0.0598,0.0012854251686582,0.0015322065566223,2.43996343733e-05,-0.0008668756242462506,0.0006608866675444287,-0.00025296728505229914,-1.51298338484e-05,1.15346483312e-05,-4.415112024e-06,-7798673,307434,164720849,-12317,-96719,-50289,-0.4667898960903931,0.018401474829711918,9.859373253453676,-0.0028476108627319336,-0.022360808235168457,-0.011626492057800293,61,f1eefe00,43.51868508512,-79.67901921481,157.4224,-37.1,SOL_COMPUTED,INS_PSRSP,good,1.4144,1.3557,1.3567,31,27,0.0,0.0,1,0,0,0,0,0,0,0,0,—,—,0.0,0.0,0.0,0.0
2026-05-25 16:54:51.017194,1779742491.017194,2420,161709.0,INS_ALIGNMENT_COMPLETE,good,43.51867446508,-79.67901817315,156.9163,-37.1,2.681560702,-0.376687618,250.561880706,0.4056,0.41,1.2672,0.2682,-0.7114,-0.305,0.7603,0.3281,0.3203,0.0595,0.0015602229227364,0.0013732068732489,-0.0007652494356258,-0.0011011121824900706,0.0007062619843789989,-0.0002510080601862243,-1.92180330183e-05,1.23265970091e-05,-4.3809170993e-06,-7848362,303840,164379969,43553,215315,-10860,-0.46976403324768073,0.018186355810546877,9.838969866905824,0.010069172355651855,0.04977943759918213,-0.0025107618713378905,61,f1edfe00,43.51868657046,-79.67902199116,157.3452,-37.1,SOL_COMPUTED,INS_PSRSP,good,1.4004,1.3476,1.3485,31,27,0.0,0.0,1,0,0,0,0,0,0,0,0,—,—,0.0,0.0,0.0,0.0
2026-05-25 16:54:52.023722,1779742492.023722,2420,161710.0,INS_ALIGNMENT_COMPLETE,good,43.51867590674,-79.67902060937,156.8159,-37.1,2.677979393,-0.367554445,250.589880758,0.3704,0.3745,1.2687,0.3061,-0.7502,-0.3157,0.8102,0.3215,0.3143,0.0592,0.0014339556586537,0.0014901776845579,-0.0002721944182335,-0.0009474918272285948,0.000571369359568728,1.435259397121787e-06,-1.65368520209e-05,9.9722765695e-06,2.50500021e-08,-7587809,574755,164054053,79710,18802,12538,-0.45416862261871344,0.034401984379577644,9.819462151199037,0.018428437271118165,0.004346900985717774,0.002898704635620117,61,f1ebfe00,43.51868733469,-79.67902444235,157.2457,-37.1,SOL_COMPUTED,INS_PSRSP,good,1.3889,1.3417,1.3416,31,27,0.0,0.0,1,0,0,0,0,0,0,0,0,—,—,0.0,0.0,0.0,0.0
2026-05-25 16:54:53.022434,1779742493.022434,2420,161711.0,INS_ALIGNMENT_COMPLETE,good,43.51867747322,-79.67902161576,156.7606,-37.1,2.684143913,-0.356817603,250.603842453,0.3353,0.3394,1.2702,0.341,-0.749,-0.3199,0.8230,0.313,0.3061,0.059,0.0014366181190495,0.0011702554765603,-6.4970933572e-05,-0.0009239715316780368,0.0007514127259309675,0.00012263676639528864,-1.61263454225e-05,1.31146261089e-05,2.1404153576e-06,-7631332,-368316,164460514,62395,67252,86094,-0.45677369359008796,-0.02204556946655274,9.843790891223756,0.014425321083068848,0.015548228118896484,0.019904376846313476,61,f1eafe00,43.51868877858,-79.67902686921,157.1454,-37.1,SOL_COMPUTED,INS_PSRSP,good,1.3788,1.3358,1.3361,31,27,0.0,0.0,1,0,0,0,0,0,0,0,0,—,—,0.0,0.0,0.0,0.0
2026-05-25 16:54:54.018120,1779742494.018120,2420,161712.0,INS_ALIGNMENT_COMPLETE,good,43.51867668221,-79.67902150699,156.6878,-37.1,2.645280227,-0.329274733,250.607660946,0.3015,0.3056,1.2716,0.3005,-0.7282,-0.3259,0.7878,0.3019,0.2953,0.0588,0.0012417485970657,0.0016454115902218,-0.0004272588710397,-0.0010917084999578365,0.0007449175681508351,-0.0002279664456977319,-1.90539077963e-05,1.30012642202e-05,-3.9787650615e-06,-8187182,368518,164301863,-65595,103575,-17849,-0.49004411841003426,0.022057660184936528,9.83429482903412,-0.015165140419006348,0.02394587116241455,-0.004126573539733887,61,f1e8fe00,43.51869034666,-79.67902787064,157.09,-37.1,SOL_COMPUTED,INS_PSRSP,good,1.3731,1.3316,1.3319,31,27,0.0,0.0,1,0,0,0,0,0,0,0,0,—,—,0.0,0.0,0.0,0.0
2026-05-25 16:54:55.018450,1779742495.018450,2420,161713.0,INS_ALIGNMENT_COMPLETE,good,43.51867601591,-79.67902143657,156.6194,-37.1,2.617189107,-0.319958036,250.628908582,0.2699,0.274,1.273,0.2731,-0.7138,-0.3302,0.7643,0.2881,0.2819,0.0586,0.0007446812960841,0.0007062458547028,-0.0002142692139705,-0.00048737887427073356,0.00043229474529048184,-0.00020040245675125704,-8.5063660607e-06,7.5449666444e-06,-3.4976826994e-06,-7714054,466558,164727190,54656,145654,-156667,-0.4617250223333741,0.027925848453979496,9.859752794271852,0.012636114257812501,0.033674264236450195,-0.0362203987197876,61,f1e6fe00,43.51868955442,-79.67902775805,157.0182,-37.1,SOL_COMPUTED,INS_PSRSP,good,1.3693,1.3282,1.3289,31,27,0.0,0.0,1,0,0,0,0,0,0,0,0,—,—,0.0,0.0,0.0,0.0
2026-05-25 16:54:56.020913,1779742496.020913,2420,161714.0,INS_ALIGNMENT_COMPLETE,good,43.51867538192,-79.67902108154,156.5653,-37.1,2.598482291,-0.314419499,250.651108383,0.2417,0.2457,1.2745,0.2533,-0.6991,-0.3325,0.7436,0.2731,0.2673,0.0584,0.0019205879570501,0.0022099582558885,-0.000531072746029,-0.0010508150506339667,0.0011821410128315083,-0.000698376161205948,-1.83401824631e-05,2.06322528968e-05,-1.21889634305e-05,-7433618,338987,164609446,93405,15756,-106455,-0.4449395139141846,0.02029008095428467,9.852705222265016,0.021594632835388185,0.0036426854553222657,-0.024611708564758302,61,f1e5fe00,43.51868888859,-79.67902767979,156.9506,-37.1,SOL_COMPUTED,INS_PSRSP,good,1.3611,1.3205,1.3261,31,27,0.0,0.0,1,0,0,0,0,0,0,0,0,—,—,0.0,0.0,0.0,0.0
2026-05-25 16:54:57.018987,1779742497.018987,2420,161715.0,INS_ALIGNMENT_COMPLETE,good,43.51867455131,-79.67902104481,156.4952,-37.1,2.588272175,-0.319642893,250.672178469,0.2172,0.2212,1.2761,0.2296,-0.6985,-0.3363,0.7353,0.2576,0.2524,0.0582,0.0013962912877489,0.0012388286566518,-0.000187258028185,-0.0007177009450090109,0.0006637643593119009,-0.00047192179995129806,-1.25262445351e-05,1.15848735274e-05,-8.2365892211e-06,-7502811,286196,164343013,87493,-47383,-111353,-0.4490810638009644,0.017130273458251955,9.836757863992005,0.02022781661224365,-0.01095464362335205,-0.025744094535827638,61,f1e3fe00,43.51868825555,-79.67902731719,156.897,-37.1,SOL_COMPUTED,INS_PSRSP,good,1.3514,1.3124,1.3241,31,27,0.0,0.0,1,0,0,0,0,0,0,0,0,—,—,0.0,0.0,0.0,0.0
2026-05-25 16:54:58.031023,1779742498.031023,2420,161716.0,INS_ALIGNMENT_COMPLETE,good,43.51867435677,-79.67902103486,156.433,-37.1,2.499685437,-0.29037061,250.340413083,0.1964,0.2004,1.2778,0.5,-0.7944,-0.3354,0.9387,0.2424,0.2375,0.058,0.0028370378467503,0.0007661027777129,-9.17599932884e-05,0.0008052155437617948,0.0008195996743270033,0.007992157703969587,1.40536624269e-05,1.43047128653e-05,0.0001394894662731,485022,997884,164017669,1305051,340427,7346346,0.029031011940307622,0.05972838823608399,9.817284385368959,0.3017193638076782,0.07870452408599854,1.6984277560272216,61,f1e2fe00,43.518687426,-79.67902727408,156.8271,-37.1,SOL_COMPUTED,INS_PSRSP,good,1.3399,1.3034,1.323,31,27,0.0,0.0,1,0,0,0,0,0,0,0,0,—,—,0.0,0.0,0.0,0.0
2026-05-25 16:54:59.036096,1779742499.036096,2420,161717.0,INS_ALIGNMENT_COMPLETE,good,43.51867659247,-79.67902383926,156.3451,-37.1,2.459946547,-0.240286144,245.748695406,0.1791,0.1835,1.2796,0.7162,-1.0746,-0.3381,1.2914,0.2284,0.2232,0.0579,0.0031259546996048,0.0034965076961873,-0.0005391744425121,-0.004489829736403341,-0.00023217509247403268,0.07612911668406551,-7.83623117543e-05,-4.0522198048e-06,0.0013287037427738,-4362358,3885568,164796578,-1642695,-483510,33326845,-0.2611091191448975,0.23257083390625002,9.863906015891725,-0.3797804762649536,-0.11178438972473144,7.7049513552474975,61,f1e0fe00,43.51868720113,-79.67902736255,156.7672,-37.1,SOL_COMPUTED,INS_PSRSP,good,1.3265,1.2911,1.3223,31,27,0.0,0.0,1,0,0,0,0,0,0,0,0,—,—,0.0,0.0,0.0,0.0
2026-05-25 16:55:00.027629,1779742500.027629,2420,161718.0,INS_ALIGNMENT_COMPLETE,good,43.51868086651,-79.6790267226,156.3033,-37.1,2.295820439,-0.350981775,236.190638881,0.1651,0.1705,1.2815,0.7481,-1.2868,-0.3323,1.4885,0.2172,0.21,0.0578,0.0024025461839363,0.003306284763072,-0.0003853616121716,-0.0068626081514112525,-0.0023249375951371228,0.10721023090158985,-0.0001197751075165,-4.05778159386e-05,0.0018711715210588,-5453039,3252941,165445382,-2537061,-1167323,46681614,-0.3263918756674195,0.19470491856475833,9.902740206239626,-0.5865521200790406,-0.26987753958892824,10.792487709365846,61,f1defe00,43.51868902613,-79.67903155528,156.6804,-37.1,SOL_COMPUTED,INS_PSRSP,good,1.3153,1.2749,1.3226,31,27,0.0,0.0,1,0,0,0,0,0,0,0,0,—,—,0.0,0.0,0.0,0.0
2026-05-25 16:55:01.025150,1779742501.025150,2420,161719.0,INS_ALIGNMENT_COMPLETE,good,43.51868920518,-79.67903507625,156.2486,-37.1,2.157991716,-0.586151056,224.472541503,0.1544,0.1621,1.2832,0.7186,-1.5646,-0.3414,1.7217,0.2124,0.1987,0.0578,0.0030025772379267,0.0048891500540257,4.04287100761e-05,-0.01102910115329052,0.0002384572103824191,0.1255282251456684,-0.0001924941286607,4.1618634463e-06,0.0021908808329798,-3286240,5225473,163620327,-4704072,-327483,54466156,-0.1966980315917969,0.31277090329254154,9.793501463467713,-1.0875510697631836,-0.07571195487213135,12.592223550933838,61,f1ddfe00,43.51869218466,-79.67903716874,156.6429,-37.1,SOL_COMPUTED,INS_PSRSP,good,1.3185,1.2574,1.3241,30,27,0.0,0.0,1,0,0,0,0,0,0,0,0,—,—,0.0,0.0,0.0,0.0
2026-05-25 16:55:02.019386,1779742502.019386,2420,161720.0,INS_SOLUTION_GOOD,good,43.51869772149,-79.67904431534,156.2129,-37.1,2.480144896,-1.507986005,210.050310824,0.3222,0.3262,1.3166,0.6298,-1.9861,-0.342,2.0836,0.2111,0.1944,0.0578,0.0041368121677303,0.0050883705688002,-0.0002380862073306,-0.019332415694136972,0.003991025079365726,0.16595821929831203,-0.0003374143062274,6.96565281647e-05,0.0028965173475065,-2599312,3021444,163761203,-8151251,1401343,72251208,-0.1555819276416016,0.18084865602172853,9.801933602294618,-1.8845165943374633,0.32398145240020754,16.704012726013183,61,f1dbfe00,43.5186987293,-79.67904846857,156.5918,-37.1,SOL_COMPUTED,INS_PSRSP,good,1.3723,1.2453,1.3309,30,26,0.0,0.0,1,0,0,0,0,0,1,0,0,—,—,0.0,0.0,0.0,0.0
2026-05-25 16:55:03.037861,1779742503.037861,2420,161721.0,INS_SOLUTION_GOOD,good,43.51871171697,-79.67903938262,156.1551,-37.1,3.478153409,-1.48952605,193.309428481,0.3176,0.3209,1.3196,0.5066,-1.5405,-0.3492,1.6217,0.193,0.1795,0.0598,-0.0059831051039505,0.0028254575454829,-0.0001776266691989,-0.015610837942083247,0.008755340778719551,0.14436751735476935,-0.000272460521085,0.000152809523723,0.0025196885107744,-22044522,-1067780,163190318,-6287871,3520790,61902555,-1.3194757792437746,-0.06391201621704103,9.76776325692566,-1.4537151711502074,0.8139839124298096,14.311470979042053,61,f1d9fe00,43.51870448557,-79.67906059847,156.5475,-37.1,SOL_COMPUTED,INS_PSRSP,good,1.4026,1.2301,1.3372,28,26,0.0,0.0,1,1,0,0,0,0,1,0,0,—,—,0.0,0.0,0.0,0.0
2026-05-25 16:55:04.036049,1779742504.036049,2420,161722.0,INS_SOLUTION_GOOD,good,43.51873376793,-79.67901177358,156.7953,-37.1,3.086507428,-1.406662106,185.532235616,0.2435,0.2791,1.3162,0.9739,0.3321,-0.2709,1.0290,0.1241,0.0511,0.0545,-0.0047623460983522,-0.0011397602834565,-0.0004058924766282,-0.0012269715455751043,0.0001748328935992376,0.008133870367094337,-2.14146932986e-05,3.0514096341e-06,0.0001419628188364,-26606456,-9396774,162724035,-624103,-87890,6569491,-1.5925305281518556,-0.5624442977728272,9.739853868608094,-0.144288583442688,-0.020319600448608397,1.5188238965835572,61,f1d8fe00,43.5187148009,-79.67905771713,156.4636,-37.1,SOL_COMPUTED,INS_PSRSP,good,1.3156,1.1248,1.3504,28,25,0.0,0.0,1,1,0,0,0,0,1,0,0,—,—,0.0,0.0,0.0,0.0
2026-05-25 16:55:05.030938,1779742505.030938,2420,161723.0,INS_SOLUTION_GOOD,good,43.51874162729,-79.67900680986,156.6851,-37.1,2.924753408,-1.313790394,185.57578884,0.2601,0.2949,1.3209,0.974,0.4222,-0.29,1.0616,0.162,0.0911,0.0632,-0.000314087599035,0.000444772429601,-0.0004220999645689,0.00032190273036861823,0.0021141007551489124,0.00283269383455504,5.6182625161e-06,3.68980188963e-05,4.9439834114e-05,-12004017,-3955274,163748053,698954,481391,1302344,-0.7185009357485963,-0.23674308942932132,9.801146508498842,0.16159365129089356,0.11129449060821534,0.3010935228881836,61,f1d6fe00,43.51873501838,-79.67903048446,157.1148,-37.1,SOL_COMPUTED,INS_PSRSP,good,1.0687,0.7857,1.2358,27,24,0.0,0.0,1,0,0,0,0,0,1,0,0,—,—,0.0,0.0,0.0,0.0
2026-05-25 16:55:06.021422,1779742506.021422,2420,161724.0,INS_SOLUTION_GOOD,good,43.51874684849,-79.67900199736,156.5291,-37.1,3.072663993,-1.277593674,186.414141298,0.2798,0.3112,1.3153,0.8411,0.6063,-0.2989,1.0368,0.2034,0.1344,0.0733,-0.0026412169241215,0.0010667898611638,-0.0007392294455495,0.0028289357492697013,0.0020198218123123443,-0.005860081006428083,4.93742431522e-05,3.52525409285e-05,-0.0001022777079959,-16456059,-2885929,164125953,1601369,770210,-2602206,-0.9849780944357301,-0.17273740007232669,9.823765728683169,0.3702261719284058,0.17806757835388184,-0.6016132234039306,61,f1d5fe00,43.51874288895,-79.67902551023,157.008,-37.1,SOL_COMPUTED,INS_PSRSP,good,1.091,0.7196,1.2564,28,25,0.0,0.0,1,0,0,0,0,0,1,0,0,—,—,0.0,0.0,0.0,0.0
2026-05-25 16:55:07.028069,1779742507.028069,2420,161725.0,INS_SOLUTION_GOOD,good,43.51872753926,-79.67899929025,157.435,-37.1,3.499471942,-2.180536186,188.269620492,0.1615,0.2249,1.2999,-0.7429,1.1819,-0.1113,1.3960,0.1175,0.0379,0.0508,-0.0058375758939427,0.0065501297221229,-0.0008946661278263,-0.005797039859805395,-0.02602496121149198,0.012068623626511114,-0.0001011774324231,-0.000454221260845,0.0002106372184669,-21360103,2633306,161778728,-2481131,-11770978,5980762,-1.2785098515927127,0.15761663992248537,9.683272478889162,-0.5736214652481079,-2.721374102279663,1.3827135535125732,61,f1d3fe00,43.51874831367,-79.67902068001,156.8481,-37.1,SOL_COMPUTED,INS_PSRSP,good,1.1725,0.6637,1.2909,29,25,0.0,0.0,1,1,0,0,0,0,1,0,0,—,—,0.0,0.0,0.0,0.0
2026-05-25 16:55:08.551770,1779742508.551770,2420,161726.0,INS_SOLUTION_GOOD,good,43.5187132479,-79.67899205215,157.8924,-37.1,2.530000637,-2.815724689,182.693125287,0.1588,0.217,1.2999,-1.3514,0.4232,0.0103,1.4161,0.1079,0.0398,0.0445,0.00812444938277,0.0028875443650855,0.0006829226295652,-0.004574956534719484,-0.011164030660413929,0.10011561258758221,-7.98480546666e-05,-0.0001948490928181,0.0017473470723069,3745944,-4117770,164286006,-1482744,-4991341,43775799,0.22421363359130864,-0.24646929425354008,9.833345707640992,-0.34280083795166016,-1.1539658075180055,10.120682045722962,61,f1d1fe00,43.51872941339,-79.67901793457,157.742,-37.1,SOL_COMPUTED,INS_PSRSP,good,1.0335,0.635,1.1575,30,26,0.0,0.0,1,1,0,0,0,0,1,0,0,—,—,0.0,0.0,0.0,0.0
2026-05-25 16:55:09.896831,1779742509.896831,2420,161727.0,INS_SOLUTION_GOOD,good,43.51869730489,-79.67900498182,158.0468,-37.1,3.205559929,-2.737361797,175.988561999,0.1551,0.1912,1.1848,-1.6469,-1.1124,0.0187,1.9874,0.059,0.0337,0.0394,0.0086358449966751,0.0013468629379035,0.0002387147684095,-0.004432908548555067,-0.004426658074114488,0.10778647638951101,-7.73688496122e-05,-7.72597582534e-05,0.0018812289021228,2475329,-7022208,164307076,-1470820,-1778010,46709555,0.14816092003082276,-0.42031455128906253,9.83460685336548,-0.340044086151123,-0.41106443046569824,10.798947488136292,61,f1d0fe00,43.51871374129,-79.67901079438,158.2251,-37.1,SOL_COMPUTED,INS_PSRSP,good,0.9825,0.6137,1.1212,30,26,0.0,0.0,1,1,0,0,0,0,1,0,0,—,—,0.0,0.0,0.0,0.0
2026-05-25 16:55:11.367938,1779742511.367938,2420,161728.0,INS_SOLUTION_GOOD,good,43.51868192234,-79.67902631142,158.1332,-37.1,3.31889082,-2.896876969,169.590477008,0.1825,0.2139,1.1901,-1.8138,-2.3857,0.0166,2.9969,0.0998,0.0578,0.0468,0.0158201528855296,-0.0009717639617323,0.00065261974908,-0.0030076754689146255,-0.0007998526877222876,0.008623950662053808,-5.24938397641e-05,-1.39600629317e-05,0.0001505163335826,14610315,-11175516,164493174,-818212,-500143,3125706,0.8745010107101442,-0.6689109740075685,9.845745756879273,-0.18916533078002928,-0.11562983191680908,0.7226430428924561,61,f1cefe00,43.51869624551,-79.6790237282,158.3612,-37.1,SOL_COMPUTED,INS_PSRSP,good,0.9273,0.5963,1.099,29,25,0.0,0.0,1,0,0,0,0,0,1,0,0,—,—,0.0,0.0,0.0,0.0
2026-05-25 16:55:12.868472,1779742512.868472,2420,161729.0,INS_SOLUTION_GOOD,good,43.51866589466,-79.67905804393,158.2679,-37.1,3.394229509,-2.604674313,169.642406333,0.2042,0.2328,1.1933,-2.2035,-2.936,0.033,3.6709,0.145,0.0863,0.0548,0.0062618820266453,0.0035832264631804,0.0013127532048136,0.0046843085783591825,0.00032246893324344505,0.004169027025413762,8.17566078719e-05,5.6281446205e-06,7.27632481982e-05,-1561781,-2446679,163557137,2420262,76446,1801405,-0.09348046657501222,-0.14644607309173585,9.789719223395082,0.5595489455108642,0.017673821548461914,0.4164732033920288,61,f1ccfe00,43.51867930962,-79.67904477401,158.4453,-37.1,SOL_COMPUTED,INS_PSRSP,good,0.886,0.5851,1.084,30,26,0.0,0.0,1,0,0,0,0,0,1,0,0,—,—,0.0,0.0,0.0,0.0
2026-05-25 16:55:14.311109,1779742514.311109,2420,161730.0,INS_SOLUTION_GOOD,good,43.51864967842,-79.67909520379,158.447,-37.1,3.318283917,-2.486636972,170.37834037,0.2142,0.2417,1.1889,-2.5827,-3.7404,0.0414,4.5454,0.1827,0.1165,0.063,0.004374653018124,0.0019964676837377,0.0004056521178595,-0.0006783143633704166,0.00018081014692726405,0.0014876966230121405,-1.18388190044e-05,3.1557323849e-06,2.59652043424e-05,2273370,-1895560,165721909,-115968,19774,1649342,0.13607265570373536,-0.11345882247314455,9.919291741301576,-0.026811052734375,0.004571621109008789,0.3813172197418213,61,f1cbfe00,43.51866330905,-79.67907651862,158.5781,-37.1,SOL_COMPUTED,INS_PSRSP,good,0.8694,0.5906,1.0714,31,27,0.0,0.0,1,0,0,0,0,0,1,0,0,—,—,0.0,0.0,0.0,0.0
2026-05-25 16:55:15.902145,1779742515.902145,2420,161731.0,INS_SOLUTION_GOOD,good,43.51863613257,-79.67913450586,158.7087,-37.1,3.075701436,-2.200880407,168.57204506,0.22,0.2461,1.1739,-2.8839,-4.4227,0.0645,5.2799,0.22,0.1455,0.0717,0.0074030226881,0.002799771872371,6.94146507121e-05,9.529679975838817e-05,-0.0011129273515055485,0.03656663749787748,1.6632429224e-06,-1.94242466193e-05,0.0006382082207221,14200308,1717444,164734363,712726,-1384202,32679428,0.849960024708252,0.10279768190063478,9.86018213448456,0.16477764875793457,-0.3200185638885498,7.55527272555542,61,f1c9fe00,43.51864727463,-79.6791137193,158.7594,-37.1,SOL_COMPUTED,INS_PSRSP,good,0.9077,0.6274,1.0581,31,28,0.0,0.0,1,0,0,0,0,0,1,0,0,—,—,0.0,0.0,0.0,0.0
2026-05-25 16:55:17.321690,1779742517.321690,2420,161732.0,INS_SOLUTION_GOOD,good,43.51862848046,-79.67917140349,159.0716,-37.1,3.704836403,-1.403457148,154.811215043,0.2201,0.2438,1.1452,-3.3145,-4.9153,0.1317,5.9284,0.2462,0.1696,0.0803,0.0088115497584122,0.0076141574621767,0.0004847631443157,-0.001613970712825195,0.013296283625951656,0.2118273900267214,-2.81691029696e-05,0.0002320639275522,0.0036970854018778,1602425,8018179,164394073,-58772,5548500,92245783,0.09591321488189698,0.4799284368307496,9.839814062411195,-0.01358770687866211,1.2827773704528809,21.326629350654603,61,f1c8fe00,43.51863332345,-79.6791528959,159.0277,-37.1,SOL_COMPUTED,INS_PSRSP,good,1.0159,0.7146,1.0529,31,28,0.0,0.0,1,0,0,0,0,0,1,0,0,—,—,0.0,0.0,0.0,0.0
2026-05-25 16:55:18.519372,1779742518.519372,2420,161733.0,INS_HIGH_VARIANCE,warn,43.51862534205,-79.679198178,159.573,-37.1,4.068119224,-0.121712234,132.581970063,0.2161,0.2368,1.1113,-3.5746,-4.2886,0.2125,5.5830,0.2604,0.1893,0.089,0.0043348366451836,0.00579585819645,-0.0003811309420458,0.0051763854304301615,-0.0011503270578562665,0.1394112743401157,9.03449691134e-05,-2.00769946344e-05,0.0024331857516396,1979736,18384057,163568482,4684946,-2150015,121553049,0.11849718044677736,1.1003784947451785,9.790398278840943,1.0831292620697022,-0.497069584236145,28.102279997612,61,f1c6fe00,43.51862260034,-79.6791884142,159.3743,-37.1,SOL_COMPUTED,INS_PSRSP,good,1.1678,0.8435,1.0576,31,28,0.0,0.0,1,0,0,0,0,0,0,0,0,—,—,0.0,0.0,0.0,0.0
2026-05-25 16:55:19.407846,1779742519.407846,2420,161734.0,INS_HIGH_VARIANCE,warn,43.51861901472,-79.67920762996,160.1921,-37.1,2.481899476,1.222937153,102.746769098,0.2095,0.2282,1.0785,-4.8973,-3.0644,0.3709,5.7770,0.255,0.2023,0.0963,0.0198763607834736,0.0142757171093207,0.0026158660410268,0.001924638899758776,0.0018417842441374639,0.2967487212471063,3.35912857128e-05,3.21451991716e-05,0.0051792422368523,22970232,26576080,166657517,1385143,510774,128233239,1.3748841897143556,1.590712371411133,9.975292596972963,0.3202361170120239,0.11808765046691895,29.646696788154603,61,f1c5fe00,43.51861524553,-79.6792109464,159.8663,-37.1,SOL_COMPUTED,INS_PSRSP,good,1.3347,1.0019,1.0781,30,27,0.0,0.0,1,0,0,0,0,0,0,0,0,—,—,0.0,0.0,0.0,0.0
2026-05-25 16:55:20.399129,1779742520.399129,2420,161735.0,INS_HIGH_VARIANCE,warn,43.51856932962,-79.67923694391,160.6232,-37.1,2.238564292,0.950917698,85.625497858,0.2167,0.2347,1.0808,-6.5808,-2.2033,0.4046,6.9398,0.282,0.2408,0.1056,0.0151230821141802,0.0028659652179362,0.00061939579302,-0.01261628887625491,-0.0021757627650630137,0.07016131491906143,-0.0002201957802737,-3.79742239927e-05,0.001224545952868,17210301,5612171,165613697,-4647050,-1028582,29778766,1.0301232806497194,0.3359167281320191,9.912814707550355,-1.0743679515838622,-0.2378015163116455,6.884658402236939,61,f1c3fe00,43.51860572393,-79.67921186717,160.5271,-37.1,SOL_COMPUTED,INS_PSRSP,good,1.4743,1.1528,1.1168,28,26,0.0,0.0,0,0,0,0,0,0,0,1,0,—,—,0.0,0.0,0.0,0.0
2026-05-25 16:55:21.268243,1779742521.268243,2420,161736.0,INS_SOLUTION_FREE,bad,43.51850340708,-79.67926249311,161.0518,-37.1,2.22384634,0.640923653,83.199149474,0.2245,0.2419,1.0841,-8.0401,-1.9539,0.4453,8.2741,0.3143,0.2803,0.1149,0.0122491297045651,-0.0002136410636779,0.0009047540776627,-0.00222612773853116,0.0033174212422187105,0.008581260801745354,-3.88532586074e-05,5.78999233524e-05,0.000149771254963,11587528,422247,166260154,-269221,1666130,3783565,0.6935719693676758,0.025273611709899908,9.951508418115846,-0.06224215670013428,0.3851984969329834,0.8747357955551147,61,f1c1fe00,43.51855573436,-79.67923558558,160.9643,-37.1,SOL_COMPUTED,INS_PSRSP,good,1.8999,1.4947,1.213,29,27,0.0,0.0,0,0,0,0,0,0,0,0,0,—,—,0.0,0.0,0.0,0.0
2026-05-25 16:55:22.180995,1779742522.180995,2420,161737.0,INS_SOLUTION_FREE,bad,43.51842634138,-79.67928548935,161.4999,-37.1,2.359620499,0.274249608,82.906797328,0.2323,0.2491,1.0872,-9.1812,-1.7859,0.4568,9.3533,0.3519,0.3205,0.1245,0.0153394874972283,-0.0021327424146098,0.0007615440485154,-0.0012596763443542996,-0.0039569871654122225,-0.0009262239587977349,-2.19854997185e-05,-6.90624544957e-05,-1.61656576919e-05,15626005,-3947783,166987630,412810,-2116081,-273466,0.9352951778152467,-0.23629471531341556,9.995051524288941,0.0954390062713623,-0.4892242625656128,-0.06322357328796387,61,f1c0fe00,43.51848986865,-79.67926032203,161.3933,-37.1,SOL_COMPUTED,INS_PSRSP,good,2.3993,1.9215,1.3382,28,26,0.0,0.0,0,0,0,0,0,0,0,0,0,—,—,0.0,0.0,0.0,0.0
2026-05-25 16:55:23.120593,1779742523.120593,2420,161738.0,INS_SOLUTION_FREE,bad,43.51833755085,-79.67930642217,161.964,-37.1,2.503015264,0.214423875,82.843590435,0.2403,0.2566,1.0905,-10.5201,-1.6225,0.47,10.6445,0.3913,0.3597,0.1338,0.0117152764304581,-0.0004068205170109,0.000434052236067,0.0031301109102650276,0.0010367177244120806,-0.0014380789641143012,5.46307413368e-05,1.80941377048e-05,-2.50992128275e-05,12919676,-129059,164082237,1653836,132655,-504737,0.7733077431970216,-0.0077248318014526375,9.821149105688782,0.3823562035217285,0.030668979377746583,-0.11669193505096435,61,f1befe00,43.51841280645,-79.67928319511,161.8378,-37.1,SOL_COMPUTED,INS_PSRSP,good,2.9536,2.423,1.4889,28,26,0.0,0.0,0,0,0,0,0,0,0,0,0,—,—,0.0,0.0,0.0,0.0
2026-05-25 16:55:24.054833,1779742524.054833,2420,161739.0,INS_SOLUTION_FREE,bad,43.51823728384,-79.67932562665,162.441,-37.1,2.717326832,0.337143568,83.187559874,0.2485,0.2642,1.0939,-11.6957,-1.4852,0.4776,11.7896,0.4322,0.4015,0.1435,0.0087028705768389,0.0016175682105492,-0.0010949230989407,-0.0010909035834823964,0.0007624704895408534,-0.0033458795263465752,-1.90398593536e-05,1.33076204918e-05,-5.83966141099e-05,4473070,2868093,165276923,-668395,-82526,-1383534,0.26773579049987795,0.171669825552063,9.892657085802918,-0.1545286078262329,-0.019079478286743164,-0.31986412660217284,61,f1bdfe00,43.51832401066,-79.67930410162,162.2981,-37.1,SOL_COMPUTED,INS_PSRSP,good,3.5751,2.9988,1.6648,28,26,0.0,0.0,0,0,0,0,0,0,0,0,0,—,—,0.0,0.0,0.0,0.0
2026-05-25 16:55:24.943986,1779742524.943986,2420,161740.0,INS_SOLUTION_FREE,bad,43.51812846449,-79.67934343891,162.929,-37.1,2.88171367,0.244259326,83.619038546,0.2558,0.2711,1.0971,-12.415,-1.3722,0.4918,12.4906,0.4744,0.4435,0.1531,0.007004148922146,0.0001683854409911,-0.0016484948424367,-0.0075551901563578995,0.00396149590769165,-0.005259489437152134,-0.0001318629438429,6.91411468936e-05,-9.17954076523e-05,-608594,17262,164132027,-2433592,1471659,-2175311,-0.036427419129028325,0.0010332177264404298,9.824129288205263,-0.5626307554321289,0.34023805753326414,-0.502917856086731,61,f1bbfe00,43.51822372196,-79.67932342441,162.7694,-37.1,SOL_COMPUTED,INS_PSRSP,good,4.2672,3.6469,1.8651,27,25,0.0,0.0,0,0,0,0,0,0,0,0,0,—,—,0.0,0.0,0.0,0.0
2026-05-25 16:55:25.869295,1779742525.869295,2420,161741.0,INS_HIGH_VARIANCE,warn,43.51801303547,-79.67935997809,163.4298,-37.1,2.891131541,0.059151433,84.080337212,0.2629,0.2777,1.1001,-13.2999,-1.2974,0.4968,13.3630,0.5177,0.4833,0.162,0.0111911902801216,0.0006092082931992,-0.0020245792154513,0.004482194292583928,0.0009257372033966963,-0.0036901383273049452,7.82290481198e-05,1.61571622075e-05,-6.44050636656e-05,6968157,1171697,166668085,1951304,242856,-1251152,0.4170793264407349,0.07013197256500245,9.975925145051576,0.4511288842163086,0.05614673895263672,-0.2892582630615234,61,f1bafe00,43.5181148831,-79.67934136901,163.2531,-37.1,SOL_COMPUTED,INS_PSRSP,good,5.0311,4.3691,2.0886,27,25,0.0,0.0,0,0,0,0,0,0,0,0,0,—,—,0.0,0.0,0.0,0.0
2026-05-25 16:55:26.778357,1779742526.778357,2420,161742.0,INS_HIGH_VARIANCE,warn,43.5178893343,-79.67937523417,163.9424,-37.1,2.835541458,0.169052245,84.377282324,0.273,0.2873,1.104,-14.1441,-1.1533,0.5329,14.1910,0.5623,0.5254,0.1712,0.0058152999535736,0.0044364921298163,0.0007363952585348,0.006878097716700478,-0.006825737153222015,-0.0005041277726843453,0.0001200454514305,-0.0001191315871996,-8.7986894841e-06,3036379,7065768,161872201,2434417,-2706590,-342771,0.18174259106658938,0.4229218368969727,9.688867309183657,0.5628214901046753,-0.6257461301422119,-0.07924644174957275,61,f1b8fe00,43.51799944289,-79.67935804557,163.7537,-37.1,SOL_COMPUTED,INS_PSRSP,good,5.8689,5.1652,2.3342,27,25,0.0,0.0,0,0,0,0,0,0,0,0,0,—,—,0.0,0.0,0.0,0.0
2026-05-25 16:55:27.652468,1779742527.652468,2420,161743.0,INS_HIGH_VARIANCE,warn,43.51775805457,-79.67938847075,164.4815,-37.1,3.214776578,0.270896503,84.563116793,0.2792,0.2931,1.107,-14.9989,-0.961,0.493,15.0297,0.608,0.5683,0.1805,0.0036608650294949,0.0016609724267595,-0.0012646088698461,-0.001978866842590603,0.0005473924775780537,-0.001994638634811759,-3.45377418618e-05,9.5538010344e-06,-3.4813011565e-05,-30312,6143490,163107340,-1629481,222206,-1645155,-0.0018143260180664064,0.36771884892883305,9.762796605291749,-0.3767254847946167,0.05137259230041504,-0.38034921237945557,61,f1b7fe00,43.51821439676,-79.67958044783,160.5295,-37.1,SOL_COMPUTED,SINGLE,good,1.3321,1.1776,2.7493,28,26,0.0,0.0,0,0,0,0,0,0,0,0,0,—,—,0.0,0.0,0.0,0.0
2026-05-25 16:55:28.578147,1779742528.578147,2420,161744.0,INS_HIGH_VARIANCE,warn,43.51761923212,-79.67939966538,165.0109,-37.1,3.148648945,0.056134545,84.794176687,0.2854,0.299,1.1099,-15.8257,-0.8088,0.5337,15.8464,0.6545,0.6124,0.1897,0.0067937880326455,0.0036402406364106,0.0004447166082964,-0.0017640538404759282,-0.003457998633275034,-0.00017875166187300304,-3.07885476988e-05,-6.03534616802e-05,-3.1198050431e-06,2531160,4829312,164331473,-1063078,-2445211,16513,0.15150268685302737,0.28905867019531256,9.836067136813051,-0.24577676875305177,-0.5653169932022095,0.0038176989669799805,61,f1b5fe00,43.51814418652,-79.67967680795,158.5976,-37.1,SOL_COMPUTED,SINGLE,good,1.3455,1.1274,2.5725,27,25,0.0,0.0,0,0,0,0,0,0,0,0,0,—,—,0.0,0.0,0.0,0.0
2026-05-25 16:55:29.415010,1779742529.415010,2420,161745.0,INS_HIGH_VARIANCE,warn,43.51762671224,-79.67955748329,167.2356,-37.1,2.458589211,0.428515366,85.540013723,0.2593,0.2674,1.0852,-14.6264,-2.1432,0.7741,14.7826,0.5827,0.5048,0.1908,0.0078401429773384,-0.0016173919334339,0.0005770605299039,0.0017172486691212755,0.0025386376714942203,0.0003934649195011856,2.99716433517e-05,4.43075858828e-05,6.8672583364e-06,2838213,-2645946,157138365,1543746,1178843,385905,0.1698813569119263,-0.15837320764709475,9.40552335893097,0.3569041064300537,0.2725408891983032,0.08921874401092529,61,f1b4fe00,43.51806392007,-79.67976583642,158.2586,-37.1,SOL_COMPUTED,SINGLE,good,1.3457,1.1262,2.5768,27,25,0.0,0.0,0,0,0,0,0,0,0,1,0,—,—,0.0,0.0,0.0,0.0
2026-05-25 16:55:30.378037,1779742530.378037,2420,161746.0,INS_HIGH_VARIANCE,warn,43.51785655184,-79.67990454905,166.545,-37.1,1.033561992,1.246188181,87.406365274,0.2232,0.1999,1.047,-10.8328,-5.1254,0.8314,11.9841,0.2384,0.2095,0.152,0.002312772107587,-0.001987384803828,0.0010364483959958,0.007564049868198692,0.0007676780097663934,0.00018592688522737718,0.0001320175749853,1.33985088656e-05,3.2450363152e-06,115957,-2113063,163815661,2983241,-391640,330717,0.006940611047668458,-0.12647747356536868,9.805193188144838,0.6897060548629761,-0.09054463897705078,0.07645963478851318,61,f1b2fe00,43.51797548798,-79.67985594923,158.5454,-37.1,SOL_COMPUTED,SINGLE,good,1.2933,1.0935,2.4779,28,26,0.0,0.0,1,1,0,0,0,0,0,0,0,—,—,0.0,0.0,0.0,0.0
2026-05-25 16:55:31.318080,1779742531.318080,2420,161747.0,INS_SOLUTION_GOOD,good,43.5177677393,-79.68001712239,165.6065,-37.1,1.616531376,0.845042145,88.066453655,0.2204,0.1839,1.0268,-11.4811,-5.9568,0.6387,12.9344,0.1981,0.1842,0.135,0.0024715733684126,-0.000176290533377,-0.0005615805298333,-0.0025755251476918153,0.0016562535219086778,0.0009490102812262964,-4.49513937952e-05,2.89070772051e-05,1.65633540427e-05,518676,-7074398,173092937,-1176416,331100,1172995,0.031045373507080084,-0.4234383859051514,10.360484928168031,-0.27197978247070315,0.0765481819152832,0.2711888693618774,61,f1b1fe00,43.51788150867,-79.67994417993,160.8246,-37.1,SOL_COMPUTED,SINGLE,good,1.3704,1.2203,2.8772,27,25,0.0,0.0,1,1,0,0,0,0,1,0,0,—,—,0.0,0.0,0.0,0.0
2026-05-25 16:55:32.249573,1779742532.249573,2420,161748.0,INS_SOLUTION_GOOD,good,43.51767940312,-79.68011787719,163.4908,-37.1,1.454058251,0.944546863,87.710810827,0.2212,0.1862,1.0223,-11.7367,-6.4169,0.4448,13.3763,0.2022,0.1889,0.1223,0.0049359731864356,-0.0030051850935683,-0.0027186470029829,0.00498703913754479,0.008728728775656598,0.005187732935880689,8.70402528761e-05,0.000152345056649,9.05430204454e-05,4494491,-3890710,162993157,3260876,4496002,2485820,0.26901794534393314,-0.2328786085296631,9.755962177087708,0.753893474029541,1.0394466293792726,0.5747055317687988,61,f1affe00,43.51779594305,-79.68005759811,157.9976,-37.1,SOL_COMPUTED,SINGLE,good,1.2948,1.1173,2.5657,28,26,0.0,0.0,1,1,0,0,0,0,1,0,0,—,—,0.0,0.0,0.0,0.0
2026-05-25 16:55:33.125011,1779742533.125011,2420,161749.0,INS_HIGH_VARIANCE,warn,43.51758773577,-79.6802214398,162.0755,-37.1,1.402293362,1.308092495,87.318334522,0.2242,0.1925,1.0185,-11.6825,-6.8937,0.3164,13.5648,0.2077,0.1959,0.1133,-0.0005173096034723,-0.001829292104648,0.0022062528554072,0.003198549613938469,-0.006147471175616006,0.0013249757184807618,5.58252220517e-05,-0.0001072936126861,2.31251887965e-05,-8887150,-2632608,162534803,2523792,-2107608,827816,-0.5319407321014405,-0.15757486110351565,9.728527379394228,0.5834844129638672,-0.48726535968017576,0.19138571356201173,61,f1adfe00,43.51766582414,-79.6801172056,163.8526,-37.1,SOL_COMPUTED,INS_PSRSP,good,1.4766,1.2996,2.3656,28,26,0.0,0.0,1,1,0,0,0,0,0,0,0,—,—,0.0,0.0,0.0,0.0
2026-05-25 16:55:34.060516,1779742534.060516,2420,161750.0,INS_HIGH_VARIANCE,warn,43.51749533725,-79.68032856198,161.3377,-37.1,1.538952816,1.708934082,87.095019799,0.2254,0.1985,1.014,-11.43,-7.441,0.2147,13.6387,0.2114,0.2017,0.1072,-0.0012722816297905,-0.0031217268944338,0.0060292602402926,0.00703374795186911,0.016039309410199886,-0.0050851851685782,0.0001227620605157,0.0002799387589545,-8.87532242654e-05,-6309709,297343,173764985,2299604,3055704,-2215011,-0.37766789407257084,0.017797477605896,10.400710389100649,0.5316535950622558,0.7064590325317383,-0.5120962397232056,61,f1acfe00,43.51757416253,-79.68022066745,162.4386,-37.1,SOL_COMPUTED,INS_PSRSP,good,1.3718,1.199,2.2401,27,25,0.0,0.0,1,1,0,0,0,0,0,0,0,—,—,0.0,0.0,0.0,0.0
2026-05-25 16:55:34.981196,1779742534.981196,2420,161751.0,INS_SOLUTION_GOOD,good,43.51740512987,-79.6804435637,161.2676,-37.1,1.500637987,1.935644847,87.226954446,0.2123,0.1634,0.9997,-11.1116,-8.1877,0.1374,13.8024,0.1269,0.1815,0.0913,0.0012324070686513,-0.0018164639919586,-0.0009977144471726,-0.0036123418862525456,-0.002223981389310396,-0.007303995909342096,-6.30472596229e-05,-3.88157977466e-05,-0.0001274787771704,-6799530,1538919,169476855,-1574884,-1002933,-3077248,-0.4069861503570557,0.09211206061614992,10.144044189976503,-0.36410301095581055,-0.23187163314056397,-0.7114398662109375,61,f1aafe00,43.5174817575,-79.6803277453,161.6972,-37.1,SOL_COMPUTED,INS_PSRSP,good,1.3172,1.1422,2.1353,27,25,0.0,0.0,1,1,0,0,0,0,1,0,0,—,—,0.0,0.0,0.0,0.0
2026-05-25 16:55:36.045334,1779742536.045334,2420,161752.0,INS_SOLUTION_GOOD,good,43.51732179665,-79.68056582799,160.1085,-37.1,1.308145876,2.365989173,87.523859139,0.1558,0.1533,0.9515,-10.5931,-8.9242,-0.0145,13.8512,0.05,0.0392,0.053,-0.0014601174182155,-0.0063274169839386,0.0003013096320563,-0.0033758832375833446,-0.004478885662786202,-0.0021582900316890045,-5.89202776588e-05,-7.81713016361e-05,-3.7669267266e-05,-6368448,-3954993,163176161,-967819,-1303724,-680739,-0.3811837193554688,-0.23672627016265874,9.766915889103089,-0.2237535030899048,-0.30141256997680665,-0.1573824609146118,61,f1a9fe00,43.51739155047,-79.68044280636,161.6281,-37.1,SOL_COMPUTED,INS_PSRSP,good,1.1395,1.0727,1.9139,28,26,0.0,0.0,1,1,0,0,0,0,1,0,0,—,—,0.0,0.0,0.0,0.0
2026-05-25 16:55:36.970825,1779742536.970825,2420,161753.0,INS_SOLUTION_GOOD,good,43.51722905498,-79.68067231173,160.0333,-37.1,1.211496884,1.751818006,88.96083525,0.1569,0.1562,0.921,-10.4468,-8.7324,0.0247,13.6158,0.0366,0.0349,0.0343,-0.0009184575995662,-0.0010558179601901,-0.0010591760091575,-0.00372216796699387,-0.004523109012427362,0.0016619659742603432,-6.49640863364e-05,-7.89431446936e-05,2.9006778307e-05,-9237230,6530108,166506679,-1027150,-1631182,850531,-0.552894785031128,0.3908598853649903,9.966264182222597,-0.23747044715881346,-0.37711874501037596,0.19663727487945556,61,f1a7fe00,43.51730822476,-79.68056520679,160.4742,-37.1,SOL_COMPUTED,INS_PSRSP,good,0.9502,0.8329,1.4281,28,26,0.0,0.0,1,1,0,0,0,0,1,0,0,—,—,0.0,0.0,0.0,0.0
2026-05-25 16:55:37.778774,1779742537.778774,2420,161754.0,INS_SOLUTION_GOOD,good,43.51713603492,-79.68077547251,159.8806,-37.1,1.246724724,1.189247051,88.76227645,0.1588,0.1595,0.9063,-10.4573,-8.3777,0.0093,13.3993,0.0333,0.03,0.0302,0.0006438062978593,0.0017046191576825,0.0005846491592026,-0.004570327556507632,-0.004517028617683586,0.007554049127398623,-7.97672637558e-05,-7.88370217855e-05,0.0001318430291307,-4697884,4988279,167731673,-1932339,-2888201,3444884,-0.28119204180053714,0.298573646578064,10.039586248934633,-0.4467442986831665,-0.6677334205856323,0.7964349353942871,61,f1a5fe00,43.51721548157,-79.68067212671,160.4014,-37.1,SOL_COMPUTED,INS_PSRSP,good,0.8915,0.7793,1.2924,28,26,0.0,0.0,1,1,0,0,0,0,1,0,0,—,—,0.0,0.0,0.0,0.0
2026-05-25 16:55:38.605392,1779742538.605392,2420,161755.0,INS_SOLUTION_GOOD,good,43.51704043602,-79.68088003355,159.7774,-37.1,1.56521383,1.234008718,87.96399095,0.1356,0.1431,0.9041,-10.6896,-8.3938,0.0194,13.5913,0.0343,0.029,0.0247,0.0015672396166869,-0.0005148289220363,0.0011710079753063,0.0027532681059818207,-0.0032295381931410007,0.0023312227891986153,4.80535936396e-05,-5.63660747893e-05,4.06875132691e-05,-3983852,3253165,165983321,1246680,-1805658,1150504,-0.23845362680541995,0.1947183260940552,9.934938567411196,0.2882243655395508,-0.41745646952819826,0.26598909539794924,61,f1a4fe00,43.51712246062,-79.68077516805,160.2478,-37.1,SOL_COMPUTED,INS_PSRSP,good,0.8511,0.7407,1.2552,28,26,0.0,0.0,1,1,0,0,0,0,1,0,0,—,—,0.0,0.0,0.0,0.0
2026-05-25 16:55:39.492608,1779742539.492608,2420,161756.0,INS_SOLUTION_GOOD,good,43.51694399303,-79.68098379357,159.8015,-37.1,1.841497125,1.089090689,88.297380267,0.1304,0.1347,0.902,-10.7696,-8.4857,-0.0338,13.7110,0.035,0.0309,0.0248,0.0004845241043102,-0.0044014300393017,0.0021137758001669,0.0007291637965180373,-0.002676526140603793,-0.007286967500441027,1.27263090356e-05,-4.67141936693e-05,-0.0001271815753687,-4803868,-4013903,163653658,374952,-1286077,-2905527,-0.28753571851928716,-0.24025233065765383,9.795496491856081,0.08668648114013672,-0.2973326975326538,-0.6717390799026489,61,f1a2fe00,43.51702684755,-79.6808794615,160.1359,-37.1,SOL_COMPUTED,INS_PSRSP,good,0.8179,0.7075,1.2301,29,26,0.0,0.0,1,1,0,0,0,0,1,0,0,—,—,0.0,0.0,0.0,0.0
2026-05-25 16:55:40.434202,1779742540.434202,2420,161757.0,INS_SOLUTION_GOOD,good,43.51684815902,-79.68108719418,159.9261,-37.1,1.852838071,0.790527598,88.967433829,0.1287,0.1308,0.8982,-10.6877,-8.5253,0.0356,13.6714,0.0334,0.0293,0.0286,-4.5949087482e-05,0.007397696631432,0.0038754674771813,0.005408814779841384,0.010525717739997687,-0.004364829422233167,9.44016265389e-05,0.0001837084306988,-7.6180644706e-05,-12965518,196133,168276984,-748530,2019697,-1644364,-0.7760516180096436,0.011739548855285647,10.07222586147217,-0.17305530235290528,0.4669409041671753,-0.3801663382873535,61,f1a1fe00,43.5169303877,-79.6809833206,160.153,-37.1,SOL_COMPUTED,INS_PSRSP,good,0.7916,0.682,1.2102,28,26,0.0,0.0,1,1,0,0,0,0,1,0,0,—,—,0.0,0.0,0.0,0.0
2026-05-25 16:55:41.293245,1779742541.293245,2420,161758.0,INS_SOLUTION_GOOD,good,43.51675494737,-79.68118992837,159.9861,-37.1,1.661937711,0.296260983,89.017554457,0.1211,0.1235,0.9014,-10.4608,-8.3566,0.0148,13.3888,0.032,0.0276,0.0268,-0.0010466603868603,0.0007353563930607,-0.0011716951604298,-0.009745817766194653,0.0020571976174421597,-0.0007280661474424786,-0.0001700966083197,3.59048717886e-05,-1.27071514452e-05,-7228098,-244975,166216438,-3540302,235452,-186046,-0.43263810578430184,-0.014662988792419436,9.948891795121462,-0.8184949608306885,0.054434981964111326,-0.04301263380432129,61,f1a0fe00,43.51683455046,-79.68108691677,160.2774,-37.1,SOL_COMPUTED,INS_PSRSP,good,0.7791,0.6626,1.1951,28,26,0.0,0.0,1,1,0,0,0,0,1,0,0,—,—,0.0,0.0,0.0,0.0
2026-05-25 16:55:42.106253,1779742542.106253,2420,161759.0,INS_SOLUTION_GOOD,good,43.51666042551,-79.68129332043,160.0538,-37.1,1.702966859,0.153046932,88.961810135,0.1223,0.1235,0.9029,-10.4904,-8.3416,0.0312,13.4026,0.0289,0.0261,0.0257,0.0005666952029797,0.0010941441578337,0.0019425838563393,-0.002436681127657916,0.002183293806088632,0.0007892567161892135,-4.25281084989e-05,3.81056654547e-05,1.3775128341e-05,-3974527,-365337,160811957,-214147,2825957,709466,-0.23789547854339602,-0.0218672612979126,9.625406360559388,-0.04950940354156494,0.653343009727478,0.16402395780944826,61,f19efe00,43.5167413501,-79.68118963056,160.3427,-37.1,SOL_COMPUTED,INS_PSRSP,good,0.7589,0.6447,1.1813,28,26,0.0,0.0,1,1,0,0,0,0,1,0,0,—,—,0.0,0.0,0.0,0.0
2026-05-25 16:55:43.101240,1779742543.101240,2420,161760.0,INS_SOLUTION_GOOD,good,43.51656688759,-79.68139518452,160.0926,-37.1,1.6922151,-0.036037947,88.005041058,0.1252,0.1276,0.8982,-10.4191,-8.1634,0.0238,13.2363,0.0309,0.0268,0.0239,-0.0008022012028625,0.0040918543941751,0.0006485693884289,-9.289394704437911e-05,0.0031534899710372664,0.01127146193410368,-1.6213052311e-06,5.50387829233e-05,0.0001967241222636,-7011175,4866214,164597971,-40571,277545,4934667,-0.41965417061614996,0.29126744093688967,9.852018385663758,-0.009379753211975098,0.0641666117477417,1.1408631446914672,61,f19cfe00,43.51664682573,-79.68129299247,160.409,-37.1,SOL_COMPUTED,INS_PSRSP,good,0.741,0.6295,1.1702,28,26,0.0,0.0,1,1,0,0,0,0,1,0,0,—,—,0.0,0.0,0.0,0.0
2026-05-25 16:55:44.052752,1779742544.052752,2420,161761.0,INS_SOLUTION_GOOD,good,43.51647337547,-79.68149513118,160.2814,-37.1,1.848565557,-0.036793713,86.305837109,0.1265,0.1279,0.8956,-10.2357,-7.8882,0.0321,12.9226,0.0345,0.0312,0.0245,-0.0022482423223841,0.0022397336278602,0.002610749044769,-0.007334729502484267,0.003943250557633163,0.006784817903356529,-0.0001280151795617,6.88227054619e-05,0.000118417411562,-10746956,1743190,164442137,-2907590,1061377,2913702,-0.6432594974206544,0.10433870979919435,9.84269093512604,-0.6722160321807862,0.2453835085372925,0.6736290871124267,61,f19bfe00,43.51655329503,-79.68139452477,160.4482,-37.1,SOL_COMPUTED,INS_PSRSP,good,0.7264,0.6167,1.1615,28,26,0.0,0.0,1,1,0,0,0,0,1,0,0,—,—,0.0,0.0,0.0,0.0
2026-05-25 16:55:44.917995,1779742544.917995,2420,161762.0,INS_SOLUTION_GOOD,good,43.51637860287,-79.68159322524,160.4022,-37.1,2.204362202,-0.677756521,86.688812125,0.1249,0.1256,0.8906,-10.2969,-8.0117,0.0051,13.0466,0.0346,0.0311,0.028,0.0007319865987861,-0.0032653556514848,-0.0005427317544201,0.003751619985007772,-0.010318250942254093,-0.006697155027555329,6.54781210221e-05,-0.0001800874519896,-0.0001168874057475,-6516654,-6347965,165521661,2755542,-4306813,-2552557,-0.3900545956365967,-0.3799577085403443,9.907305888950502,0.6370635164337158,-0.995707354270935,-0.5901346952133179,61,f199fe00,43.5164597942,-79.6814939189,160.6328,-37.1,SOL_COMPUTED,INS_PSRSP,good,0.7191,0.6114,1.163,26,24,0.0,0.0,1,1,0,0,0,0,1,0,0,—,—,0.0,0.0,0.0,0.0
2026-05-25 16:55:45.850963,1779742545.850963,2420,161763.0,INS_SOLUTION_GOOD,good,43.51628774356,-79.68168606379,160.4233,-37.1,2.420124558,-1.117803975,87.264880305,0.1273,0.1274,0.8847,-10.1398,-7.7407,-0.0042,12.7567,0.0326,0.0297,0.0297,-0.001554753093467,-0.0013560293832391,-0.0040682731268802,0.0059468100365390585,0.00866757996968323,-0.004662268348215793,0.0001037914151284,0.0001512778086511,-8.1371933288e-05,-12440404,-5764758,164699977,3754426,3882782,-2093375,-0.7446208977453614,-0.34504982934997563,9.858123959027406,0.8679990469207763,0.8976741252593994,-0.4839747819900513,61,f198fe00,43.51636499808,-79.68159209255,160.7439,-37.1,SOL_COMPUTED,INS_PSRSP,good,0.715,0.6076,1.1671,27,25,0.0,0.0,1,1,0,0,0,0,1,0,0,—,—,0.0,0.0,0.0,0.0
2026-05-25 16:55:46.776879,1779742546.776879,2420,161764.0,INS_SOLUTION_GOOD,good,43.51620064587,-79.68178447164,160.4311,-37.1,2.495897351,-0.552198769,88.00655963,0.1306,0.13,0.8876,-9.7219,-7.8844,-0.0732,12.5172,0.0296,0.0264,0.0299,-0.0017076697482284,0.0001462326697866,0.0023003471262221,0.001991706941915335,0.008695027559257055,-0.005627470100900938,3.47618438713e-05,0.0001517568594609,-9.82178818184e-05,-11496971,-3422758,166384501,730250,2643720,-2172804,-0.6881516763742066,-0.2048693221478272,9.958951212961733,0.1688290843963623,0.6112109921264648,-0.5023382538757324,61,f196fe00,43.5162741214,-79.68168508871,160.7597,-37.1,SOL_COMPUTED,INS_PSRSP,good,0.7088,0.6026,1.1674,28,26,0.0,0.0,1,1,0,0,0,0,1,0,0,—,—,0.0,0.0,0.0,0.0
2026-05-25 16:55:47.675104,1779742547.675104,2420,161765.0,INS_SOLUTION_GOOD,good,43.51611599055,-79.68187582646,160.3226,-37.1,2.292493832,-0.73025406,88.238645074,0.1256,0.1265,0.8889,-9.2821,-7.431,-0.1292,11.8902,0.0299,0.0263,0.0275,0.0040551216542805,0.004371987498096,0.0051978980899477,-0.0171118499630946,-0.011044787371354349,-0.005639506172390581,-0.0002986581229637,-0.0001927679048131,-9.84279508949e-05,-3496605,5390542,161356258,-7828822,-4624151,-2496961,-0.20928943739776615,0.3226511151385498,9.657985519505006,-1.8099730916290284,-1.069073850654602,-0.5772812590255737,61,f195fe00,43.51618701069,-79.68178377957,160.7655,-37.1,SOL_COMPUTED,INS_PSRSP,good,0.7023,0.5987,1.1696,27,25,0.0,0.0,1,1,0,0,0,0,1,0,0,—,—,0.0,0.0,0.0,0.0
2026-05-25 16:55:48.540805,1779742548.540805,2420,161766.0,INS_SOLUTION_GOOD,good,43.51603329549,-79.68196871318,160.3438,-37.1,2.615622936,-0.353077579,88.086222574,0.1194,0.1202,0.8856,-8.9615,-7.3345,-0.095,11.5803,0.031,0.0263,0.0278,-0.0031385641378123,0.0008994450983088,-0.0002673532434162,-0.001834053126347189,5.4544523705818524e-05,0.00031651865903694894,-3.20102657113e-05,9.519815276e-07,5.5242927442e-06,-18411558,698423,159303062,-888586,308523,493908,-1.1020245682415772,0.04180413765228272,9.535091387709352,-0.2054353451385498,0.07132852530670165,0.11418834017944336,61,f193fe00,43.51610236454,-79.68187519439,160.6624,-37.1,SOL_COMPUTED,INS_PSRSP,good,0.6997,0.5965,1.1744,26,25,0.0,0.0,1,1,0,0,0,0,1,0,0,—,—,0.0,0.0,0.0,0.0
2026-05-25 16:55:49.382455,1779742549.382455,2420,161767.0,INS_SOLUTION_GOOD,good,43.51595555341,-79.68205575577,160.2173,-37.1,2.791319544,-0.680051305,88.288901823,0.1135,0.1151,0.8825,-8.2873,-6.9593,-0.1304,10.8218,0.0318,0.0254,0.0262,-0.0066558992884743,0.0021678957559546,-0.0018721120826047,-0.002859285684606771,0.006088176427595482,0.0011666725959702702,-4.99039494516e-05,0.000106258724104,2.03622780925e-05,-21755244,-1760703,160685302,-92064,4107728,863895,-1.3021610325476076,-0.10538695114105226,9.617825420277711,-0.021284602294921875,0.9496801878662109,0.19972694538116456,61,f192fe00,43.51601965272,-79.68196806052,160.6749,-37.1,SOL_COMPUTED,INS_PSRSP,good,0.7029,0.5972,1.1873,22,21,0.0,0.0,1,1,0,0,0,0,1,0,0,—,—,0.0,0.0,0.0,0.0
2026-05-25 16:55:50.390282,1779742550.390282,2420,161768.0,INS_SOLUTION_GOOD,good,43.51588230945,-79.68213669152,160.1194,-37.1,3.156524022,-0.875472598,88.610866103,0.1089,0.1084,0.8822,-7.5614,-6.4822,-0.1364,9.9596,0.0299,0.0248,0.0245,-0.0090019956218483,0.0009475005710688,-0.0001082220830733,-0.0024134900341243083,0.0005502824092480978,-0.00029317058528904275,-4.21233475596e-05,9.6042398572e-06,-5.1167919833e-06,-26104975,-2046511,162048300,56691,-1222433,-37295,-1.5625143620834352,-0.1224940008432007,9.699407722137453,0.013106593116760254,-0.28261861571502683,-0.008622363166809081,61,f190fe00,43.51594190048,-79.68205514939,160.5437,-37.1,SOL_COMPUTED,INS_PSRSP,good,0.704,0.5983,1.1992,24,23,0.0,0.0,1,1,0,0,0,0,1,0,0,—,—,0.0,0.0,0.0,0.0
2026-05-25 16:55:51.227516,1779742551.227516,2420,161769.0,INS_SOLUTION_GOOD,good,43.51581732342,-79.68220833554,160.0229,-37.1,3.243555352,-1.244554399,89.849957594,0.1059,0.1006,0.873,-6.7511,-5.7859,-0.1411,8.8912,0.029,0.0261,0.0245,-0.0071284612745866,0.0059652705084281,-0.0012023449959506,0.004573675838388152,0.005266713518485541,-0.0015515008382641301,7.98257022989e-05,9.1921491657e-05,-2.70787979752e-05,-23189405,4606621,162873463,1821115,2365153,-514363,-1.3880027987258914,0.2757294911477661,9.74879788774994,0.42103002811431883,0.5468081005783081,-0.11891740409088135,61,f18ffe00,43.51586863568,-79.68213617872,160.436,-37.1,SOL_COMPUTED,INS_PSRSP,good,0.7058,0.6,1.2114,24,23,0.0,0.0,1,1,0,0,0,0,1,0,0,—,—,0.0,0.0,0.0,0.0
2026-05-25 16:55:52.140237,1779742552.140237,2420,161770.0,INS_SOLUTION_GOOD,good,43.51575973269,-79.6822702593,160.0125,-37.1,3.506210231,-1.176114654,91.5443577,0.101,0.0908,0.8532,-5.3252,-4.9163,-0.1182,7.2476,0.0262,0.0217,0.0248,-0.0206723451534603,0.0089351557033253,0.0017957794226924,-0.0008553826159745733,-0.005222000113670538,-0.0013689481616585716,-1.49292430131e-05,-9.11410955232e-05,-2.38926527101e-05,-46786685,10335368,168836700,-366490,-2719981,-418482,-2.8004189725051885,0.6186238805981447,10.10572768588257,-0.08473012138366699,-0.6288420428695679,-0.09675033604431152,61,f18dfe00,43.51580364074,-79.68220821225,160.3373,-37.1,SOL_COMPUTED,INS_PSRSP,good,0.7095,0.6029,1.2249,23,22,0.0,0.0,1,1,0,0,0,0,1,0,0,—,—,0.0,0.0,0.0,0.0
2026-05-25 16:55:53.179947,1779742553.179947,2420,161771.0,INS_SOLUTION_GOOD,good,43.51571946286,-79.68231906691,160.0565,-37.1,2.593238032,-3.021564963,93.110695609,0.0985,0.0851,0.8478,-3.2118,-3.8182,-0.0116,4.9894,0.0244,0.0234,0.0242,-0.0223271346885547,0.0085616887816166,-0.0017362149497722,-0.014399630025679271,-0.007318722202447304,-0.0026054822031815923,-0.0002513209550175,-0.0001277357994717,-4.54742430477e-05,-47589008,4199658,164687877,-5901802,-3242522,-985001,-2.848442048969727,0.25137070389221194,9.85739971302521,-1.3644585113983154,-0.7496501477508545,-0.2277258705368042,61,f18cfe00,43.5157460405,-79.68227070321,160.3199,-37.1,SOL_COMPUTED,INS_PSRSP,good,0.7139,0.6056,1.2396,23,22,0.0,0.0,1,1,0,0,0,0,1,0,0,—,—,0.0,0.0,0.0,0.0
2026-05-25 16:55:54.208760,1779742554.208760,2420,161772.0,INS_SOLUTION_GOOD,good,43.51569994937,-79.68236150417,159.9736,-37.1,2.268930787,-3.840110478,93.207569365,0.1017,0.0888,0.8485,-1.1771,-3.0028,-0.0252,3.2253,0.0379,0.0463,0.0291,-0.0204775615316386,0.0076040301414361,-0.0009679197137806,-0.008390645729884632,-0.0002861066139347012,0.001600560062483306,-0.0001464443943551,-4.9935024249e-06,2.79350429663e-05,-42052210,581970,161181781,-3828773,-739958,900983,-2.5170367748809817,0.034833838504028325,9.64754219142853,-0.8851875932235718,-0.17107351130676268,0.20830145148468018,61,f18bfe00,43.51570582481,-79.68231987831,160.3877,-37.1,SOL_COMPUTED,INS_PSRSP,good,0.7176,0.6085,1.2532,24,23,0.0,0.0,1,1,0,0,0,0,1,0,0,—,—,0.0,0.0,0.0,0.0
2026-05-25 16:55:55.128336,1779742555.128336,2420,161773.0,INS_SOLUTION_GOOD,good,43.51569556195,-79.68239246045,159.8119,-37.1,1.940213025,-4.320716959,93.576056461,0.1054,0.0927,0.8428,0.1057,-2.2501,-0.067,2.2526,0.0534,0.0702,0.0362,-0.0092033182005924,0.0052316214740683,-0.0002705883058532,-0.0022128889739693645,-0.002477490833310021,-0.0006419796357381114,-3.86221985769e-05,-4.32403722293e-05,-1.12046583744e-05,-22489923,-4836741,163698705,-496194,-1265668,-139116,-1.346135274584656,-0.2895033332986451,9.798192781910707,-0.11471684861755371,-0.29261426852416994,-0.03216272085571289,61,f189fe00,43.51568632656,-79.68236227081,160.3132,-37.1,SOL_COMPUTED,INS_PSRSP,good,0.7254,0.6124,1.2714,25,24,0.0,0.0,1,1,0,0,0,0,1,0,0,—,—,0.0,0.0,0.0,0.0
2026-05-25 16:55:56.019863,1779742556.019863,2420,161774.0,INS_SOLUTION_GOOD,good,43.51569651055,-79.68241449675,159.6253,-37.1,1.760653427,-4.509833552,93.822224062,0.1092,0.097,0.84,0.0585,-1.6512,-0.1061,1.6522,0.0705,0.0872,0.0466,0.0016511337630304,0.0062429413505349,0.0005831345690725,-0.001222864392783275,0.00019449000826728545,-0.0008874264545145014,-2.13430099595e-05,3.3944910065e-06,-1.54885135006e-05,-3053320,-4303964,164518113,-383768,-381244,-93061,-0.18275659532470706,-0.2576139438513184,9.847238481759339,-0.08872468341064453,-0.08814115090942383,-0.0215151022567749,61,f188fe00,43.51568195896,-79.68239330725,160.1599,-37.1,SOL_COMPUTED,INS_PSRSP,good,0.745,0.6313,1.2939,25,24,0.0,0.0,1,1,0,0,0,0,1,0,0,—,—,0.0,0.0,0.0,0.0
2026-05-25 16:55:57.019821,1779742557.019821,2420,161775.0,INS_SOLUTION_GOOD,good,43.51569171539,-79.68242141476,159.5019,-37.1,1.862454799,-4.866498686,95.112695009,0.1135,0.1007,0.8192,-0.34,-0.9001,-0.1277,0.9622,0.0839,0.0884,0.0569,0.0051102189787812,0.004941500491041,0.0003183247823942,-0.003335575441470083,0.0021475066837341886,0.00029090845096368104,-5.82167739024e-05,3.74810623398e-05,5.0773102912e-06,1825030,-7228790,164272060,-951145,960980,352305,0.10923724639587404,-0.4326795254730225,9.83251096923218,-0.21989858196258544,0.22217237045288085,0.08145064098358154,61,f186fe00,43.51568291922,-79.68241540202,159.9779,-37.1,SOL_COMPUTED,INS_PSRSP,good,0.7904,0.6951,1.3234,25,24,0.0,0.0,1,1,0,0,0,0,1,0,0,—,—,0.0,0.0,0.0,0.0
2026-05-25 16:55:58.042251,1779742558.042251,2420,161776.0,INS_SOLUTION_GOOD,good,43.51568432141,-79.68242103278,159.413,-37.1,1.833691993,-4.939973665,95.812359088,0.1178,0.1034,0.7974,-0.8097,-0.2478,-0.1342,0.8468,0.0884,0.0858,0.061,0.0046841912716994,0.0057631071630182,-0.0001731284045349,0.0005191653492275519,-0.001031493067729356,-0.0005730586937081901,9.0611447063e-06,-1.80029502434e-05,-1.00017610124e-05,2069114,-5907654,163623951,511479,-791192,24346,0.1238469043463135,-0.3536028753607178,9.793718378138124,0.11825064191436768,-0.18291848126220703,0.005628637985229492,61,f185fe00,43.51567813563,-79.68242272754,159.8517,-37.1,SOL_COMPUTED,INS_PSRSP,good,0.8642,0.801,1.3595,27,26,0.0,0.0,1,1,0,0,0,0,1,0,0,—,—,0.0,0.0,0.0,0.0
2026-05-25 16:55:59.021434,1779742559.021434,2420,161777.0,INS_SOLUTION_GOOD,good,43.515675846,-79.68241424332,159.6311,-37.1,1.870577324,-5.09813911,96.332430872,0.1144,0.097,0.7419,-1.6186,0.2903,-0.051,1.6444,0.0346,0.0299,0.0392,0.0044378987670448,0.0052658864952479,0.0008930777522416,1.5320011447357814e-05,0.00805440992925928,-0.0001712510512661376,2.673846412e-07,0.0001405759725711,-2.9888946921e-06,-103331,-6758289,166153032,269336,3455117,193387,-0.006184881293640138,-0.4045176685903931,9.945096626359865,0.06226874395751953,0.7988007389144898,0.04470982559967041,61,f184fe00,43.5156707551,-79.68242256025,159.7635,-37.1,SOL_COMPUTED,INS_PSRSP,good,0.9492,0.9042,1.4035,26,25,0.0,0.0,1,1,0,0,0,0,1,0,0,—,—,0.0,0.0,0.0,0.0
2026-05-25 16:56:00.024774,1779742560.024774,2420,161778.0,INS_SOLUTION_GOOD,good,43.5156654609,-79.68240406259,159.5271,-37.1,2.302904955,-5.111902664,96.649366421,0.1194,0.1033,0.7405,-0.4811,1.1328,-0.1141,1.2307,0.0436,0.0535,0.0405,-0.0088695501010258,0.0076941037608734,-0.0005007974581335,-0.0009984175772372592,-0.002411883506933641,-0.0016457279833840802,-1.74256740326e-05,-4.20953083706e-05,-2.87233719023e-05,-19912870,-3593089,163855152,-301559,-1680778,-322975,-1.19188566031189,-0.21506449122222904,9.80755692358887,-0.06971849347686768,-0.3885850199432373,-0.07466973438262939,61,f182fe00,43.51566228752,-79.68241592761,159.9806,-37.1,SOL_COMPUTED,INS_PSRSP,good,0.7959,0.692,1.3668,26,25,0.0,0.0,1,1,0,0,0,0,1,0,0,—,—,0.0,0.0,0.0,0.0
2026-05-25 16:56:01.044518,1779742561.044518,2420,161779.0,INS_SOLUTION_GOOD,good,43.51565827007,-79.68238666595,159.3897,-37.1,2.159747875,-5.251961074,96.99845126,0.134,0.1215,0.7355,-0.8906,1.6507,-0.1335,1.8756,0.0555,0.0603,0.0431,0.0023774414447372,0.0054827392910977,0.0003226106777696,-0.00020748639119849932,-0.0005172098176416949,-0.0010941374674636236,-3.6213206795e-06,-9.0270142415e-06,-1.90963012767e-05,-3233605,-7056962,163911028,276579,-409578,-193306,-0.19354756148223878,-0.4223947534014893,9.810901383887941,0.06394327878570556,-0.09469178874206544,-0.044691098922729496,61,f181fe00,43.51565188673,-79.68240586248,159.8651,-37.1,SOL_COMPUTED,INS_PSRSP,good,0.8231,0.6896,1.4023,26,25,0.0,0.0,1,1,0,0,0,0,1,0,0,—,—,0.0,0.0,0.0,0.0
2026-05-25 16:56:02.034371,1779742562.034371,2420,161780.0,INS_SOLUTION_GOOD,good,43.51564778916,-79.68236446906,159.2455,-37.1,2.237369296,-5.252260207,97.366048169,0.1495,0.1406,0.7322,-1.2557,2.1631,-0.1558,2.5012,0.0702,0.0816,0.0464,0.0026516335232211,0.0058807046669462,0.0001987912423407,-0.0005171913382287343,0.0007568922072489243,-0.0008110942655492519,-9.0266917149e-06,1.32102610992e-05,-1.41562654779e-05,-3481498,-6380297,164979724,66231,48810,-87134,-0.20838520728576662,-0.3818929417422486,9.874868227322999,0.015312179512023925,0.01128455680847168,-0.020144818130493163,61,f17ffe00,43.51564471053,-79.68238856489,159.7315,-37.1,SOL_COMPUTED,INS_PSRSP,good,0.8617,0.6947,1.4436,27,26,0.0,0.0,1,1,0,0,0,0,1,0,0,—,—,0.0,0.0,0.0,0.0
2026-05-25 16:56:03.026779,1779742563.026779,2420,161781.0,INS_SOLUTION_GOOD,good,43.51563557373,-79.68233766039,158.989,-37.1,2.281035023,-5.249359341,97.632975281,0.1535,0.1523,0.3554,-1.593,2.6592,-0.1921,3.0998,0.0885,0.0886,0.0506,0.0025071828819588,0.0060623461695049,0.0005390052430655,-0.0005755885997502439,0.000636261347341477,-0.0004624621231762078,-1.00459162026e-05,1.11048554143e-05,-8.0714867152e-06,-3478573,-6214772,164140691,102977,-67436,45565,-0.20821013128936772,-0.3719854359973145,9.824647872284853,0.023807617424011232,-0.015590767730712891,0.010534333763122558,61,f17dfe00,43.51563423482,-79.68236649061,159.5852,-37.1,SOL_COMPUTED,INS_PSRSP,good,0.9188,0.7374,1.4907,27,26,0.0,0.0,1,1,0,0,0,0,1,0,0,—,—,0.0,0.0,0.0,0.0
2026-05-25 16:56:04.021275,1779742564.021275,2420,161782.0,INS_SOLUTION_GOOD,good,43.51562186997,-79.68230802844,158.7181,-37.1,2.305403745,-5.214018134,97.761132687,0.1755,0.1756,0.267,-1.9,3.1021,-0.2225,3.6377,0.11,0.1084,0.0576,0.0027671354922594,0.0059165804541846,0.0003849275545749,-0.0005101913186645047,0.0003567759690256589,-0.0006648914017812514,-8.9045183258e-06,6.2269153515e-06,-1.16045441293e-05,-3001071,-6270814,164455398,170103,-51406,-43132,-0.17962922926116945,-0.37533983223327644,9.843484672831423,0.03932671515655518,-0.011884735244750977,-0.009971839874267578,61,f17dfe00,43.51562202419,-79.6823397696,159.3276,-37.1,SOL_COMPUTED,INS_PSRSP,good,1.0075,0.8173,1.545,27,26,0.0,0.0,1,1,0,0,0,0,1,0,0,—,—,0.0,0.0,0.0,0.0
2026-05-25 16:56:05.034067,1779742565.034067,2420,161783.0,INS_SOLUTION_GOOD,good,43.51560772187,-79.68227975172,158.4694,-37.1,2.330260843,-5.065565917,97.896017826,0.1956,0.1965,0.2265,-2.1511,3.4023,-0.243,4.0253,0.1335,0.1307,0.0666,0.0027017723846082,0.005945334059493,0.000469346776779,-0.0006291527058712186,0.001176415159673105,-0.0006104310334975871,-1.09807862153e-05,2.05323179067e-05,-1.06540313909e-05,-3819287,-6023504,164818972,-83960,225046,72255,-0.22860358190032962,-0.36053708191894535,9.865246409691164,-0.019411009826660157,0.05202918196105957,0.016704889411926268,61,f17bfe00,43.51560832286,-79.68231018149,159.056,-37.1,SOL_COMPUTED,INS_PSRSP,good,1.1336,0.942,1.6044,27,26,0.0,0.0,1,0,0,0,0,0,1,0,0,—,—,0.0,0.0,0.0,0.0
2026-05-25 16:56:06.027830,1779742566.027830,2420,161784.0,INS_SOLUTION_GOOD,good,43.51559568334,-79.68225874754,158.2178,-37.1,2.261641302,-4.745511389,98.048049122,0.212,0.2139,0.2055,-2.2982,3.4516,-0.2541,4.1467,0.1559,0.1513,0.0754,0.0039257033926108,0.0052345420973196,-2.63848037118e-05,-0.0011355886888519252,-0.000394061397752386,-0.0006546681808677269,-1.98197615689e-05,-6.8776688458e-06,-1.14261152642e-05,-2175337,-6071957,163049036,-57764,2500,36439,-0.13020488641998293,-0.3634372382449341,9.759306816951906,-0.013354663787841796,0.0005779838562011718,0.008424461494445801,61,f17afe00,43.5155941784,-79.68228196055,158.8068,-37.1,SOL_COMPUTED,INS_PSRSP,good,1.3,1.1116,1.6729,27,26,0.0,0.0,1,0,0,0,0,0,1,0,0,—,—,0.0,0.0,0.0,0.0
2026-05-25 16:56:07.020993,1779742567.020993,2420,161785.0,INS_SOLUTION_GOOD,good,43.51558800143,-79.68225043229,158.0284,-37.1,2.145371007,-4.277393232,98.185654061,0.228,0.231,0.1931,-2.2666,3.2028,-0.2381,3.9237,0.1752,0.168,0.0829,0.0023116158493356,0.0044943145059995,0.0003408848353384,-0.0007766605052881199,0.00016133872190466804,-0.0005551228344288105,-1.35552829875e-05,2.8158919082e-06,-9.6887212138e-06,-3324082,-6209176,163528621,-49815,-12013,31980,-0.19896306607238773,-0.37165048718505866,9.788012397031556,-0.01151690631866455,-0.002777328025817871,0.00739356948852539,61,f178fe00,43.51558215024,-79.68226102734,158.5572,-37.1,SOL_COMPUTED,INS_PSRSP,good,1.4936,1.3062,1.7522,27,26,0.0,0.0,1,0,0,0,0,0,1,0,0,—,—,0.0,0.0,0.0,0.0
2026-05-25 16:56:08.019579,1779742568.019579,2420,161786.0,INS_SOLUTION_GOOD,good,43.51558740277,-79.68225785426,157.8512,-37.1,1.946003923,-3.645859193,98.305643502,0.2367,0.24,0.185,-2.0485,2.6327,-0.2276,3.3358,0.183,0.1738,0.0882,0.0020494411482925,0.0033809350255515,0.0003516595740454,-0.0005213050507685233,0.0006802356421584525,-0.0006213169401471563,-9.0984895432e-06,1.18723516451e-05,-1.0844026304e-05,-3803786,-6026212,164647191,17246,9201,-49824,-0.22767576890197758,-0.36069916937133795,9.85496445080658,0.003987163833618164,0.002127211784362793,-0.011518987060546874,61,f177fe00,43.51557448181,-79.68225278623,158.3712,-37.1,SOL_COMPUTED,INS_PSRSP,good,1.6898,1.494,1.8415,27,26,0.0,0.0,1,1,0,0,0,0,1,0,0,—,—,0.0,0.0,0.0,0.0
2026-05-25 16:56:09.017858,1779742569.017858,2420,161787.0,INS_SOLUTION_GOOD,good,43.5155956795,-79.68227550878,157.816,-37.1,1.60013996,-3.006529503,98.401854398,0.2379,0.2392,0.1755,-1.5939,1.9453,-0.2044,2.5149,0.1845,0.1775,0.0914,0.001449070882524,0.002771739695783,-8.39778680987e-05,-0.0008689845401460952,-0.0012372467828115638,-0.0006247012387390937,-1.51666413745e-05,-2.15940300198e-05,-1.09030934573e-05,-3461106,-5323071,164271079,-173809,-760722,3930,-0.20716464327941897,-0.31861263563323977,9.832452251436465,-0.040183518424987796,-0.17587401402282715,0.0009085906219482422,61,f176fe00,43.51557390212,-79.68226028724,158.1996,-37.1,SOL_COMPUTED,INS_PSRSP,good,1.8162,1.6052,1.9346,27,26,0.0,0.0,1,1,0,0,0,0,1,0,0,—,—,0.0,0.0,0.0,0.0
2026-05-25 16:56:10.025647,1779742570.025647,2420,161788.0,INS_SOLUTION_GOOD,good,43.51561034687,-79.6822971504,157.7948,-37.1,1.211322833,-2.44151842,98.479235166,0.2373,0.2335,0.1666,-1.0043,1.273,-0.181,1.6215,0.1783,0.1796,0.0925,0.0005804960203177,0.0014850955983869,0.0001935826166641,-0.0004430219977149625,-0.00026628639775461816,-0.0006813514754304679,-7.7321925189e-06,-4.6475743941e-06,-1.18918266096e-05,-3399343,-6028013,164312014,-61641,-363006,-39438,-0.20346781635101321,-0.3608069683010865,9.834902417560427,-0.014251001152038574,-0.08392464308166504,-0.009117810928344726,61,f174fe00,43.51558220551,-79.68227801049,158.1737,-37.1,SOL_COMPUTED,INS_PSRSP,good,1.8799,1.6778,2.0298,27,26,0.0,0.0,1,1,0,0,0,0,1,0,0,—,—,0.0,0.0,0.0,0.0
2026-05-25 16:56:11.034142,1779742571.034142,2420,161789.0,INS_SOLUTION_GOOD,good,43.51564315001,-79.68235504915,158.8047,-37.1,0.564374323,-1.241202267,98.563126966,0.1658,0.1676,0.1586,0.1181,-0.2129,-0.0167,0.2435,0.0448,0.0352,0.0419,-0.0003489580613118,-0.0007572210126709,0.0002560202611305,-0.0007330934060528303,0.00032100092085147455,-0.0005343374699490168,-1.27948936603e-05,5.6025229708e-06,-9.3259481674e-06,-3224294,-6092727,163957361,-119073,-53716,9143,-0.19299025119079594,-0.36468042745697027,9.813674647525941,-0.027528908683776856,-0.01241879232788086,0.002113802558898926,61,f173fe00,43.51559690145,-79.68229971008,158.163,-37.1,SOL_COMPUTED,INS_PSRSP,good,1.8683,1.7177,2.1211,27,26,0.0,0.0,1,1,0,0,0,0,1,0,0,—,—,0.0,0.0,0.0,0.0
2026-05-25 16:56:12.023590,1779742572.023590,2420,161790.0,INS_SOLUTION_GOOD,good,43.51564542579,-79.68236102152,158.8726,-37.1,0.771326873,-1.681946433,98.60712912,0.1291,0.1314,0.1429,-0.0043,-0.056,-0.0194,0.0562,0.0283,0.0258,0.0254,0.0002625483898679,3.95017230337e-05,3.07926722522e-05,-0.00035018942209942837,0.00024927417004111976,-0.0004528066441136071,-6.1119584213e-06,4.3506550074e-06,-7.9029668147e-06,-3138702,-6187436,164060488,2742,53533,45520,-0.1878671384783936,-0.37034923858276375,9.819847318391115,0.0006339326934814454,0.012376483909606934,0.010523930053710938,61,f172fe00,43.51562975603,-79.68235771994,159.1905,-37.1,SOL_COMPUTED,INS_PSRSP,good,1.2584,1.0667,1.6676,27,26,0.0,0.0,1,1,0,0,0,0,1,0,0,—,—,0.0,0.0,0.0,0.0
2026-05-25 16:56:13.024125,1779742573.024125,2420,161791.0,INS_SOLUTION_GOOD,good,43.51564610102,-79.68236331353,158.9936,-37.1,0.803581083,-1.818004892,98.661335024,0.1068,0.108,0.1307,-0.0238,0.0014,-0.0012,0.0238,0.0248,0.022,0.0227,0.000129956202425,0.0001319941198023,0.0002425547594105,-0.0002110195771191185,0.0002512216081111065,-0.0005083271193529551,-3.6829864069e-06,4.3846442137e-06,-8.8719819099e-06,-3024405,-6315515,163683721,109568,-51076,12364,-0.18102588679962162,-0.37801541244354253,9.797295913968812,0.0253314140625,-0.011808441375732422,0.0028584769592285156,61,f170fe00,43.5156320148,-79.68236367001,159.252,-37.1,SOL_COMPUTED,INS_PSRSP,good,1.1871,0.998,1.5567,28,27,0.0,0.0,1,1,0,0,0,0,1,0,0,—,—,0.0,0.0,0.0,0.0
2026-05-25 16:56:14.023384,1779742574.023384,2420,161792.0,INS_SOLUTION_GOOD,good,43.51564656066,-79.68236461943,159.0294,-37.1,0.826411588,-1.879727365,98.709422009,0.0848,0.0855,0.1141,-0.0377,0.0314,-0.0048,0.0491,0.0222,0.0195,0.0191,0.0002049188877911,0.0004811030914809,-1.02466380366e-05,-0.00034187385915140857,0.000510694577828353,-0.00045934451739851594,-5.9668244687e-06,8.9133018552e-06,-8.0170742296e-06,-3218533,-6081635,164325738,-26847,31870,63404,-0.19264542629669193,-0.36401651533660895,9.835723868150026,-0.006206853034973144,0.007368138198852539,0.01465859536743164,61,f16ffe00,43.51563268934,-79.6823659702,159.3724,-37.1,SOL_COMPUTED,INS_PSRSP,good,1.1151,0.9369,1.5248,28,27,0.0,0.0,1,1,0,0,0,0,1,0,0,—,—,0.0,0.0,0.0,0.0
2026-05-25 16:56:15.031681,1779742575.031681,2420,161793.0,INS_SOLUTION_GOOD,good,43.51564608317,-79.68236572755,159.0764,-37.1,0.688840891,-1.940524434,98.757506205,0.0727,0.0715,0.1009,-0.3031,-0.0081,-0.0036,0.3032,0.0196,0.0173,0.0177,0.0086091771220938,-0.0001121446546098,0.0006162527557968,-0.0020434725876733676,-0.005328858768830658,-0.0008652846475655911,-3.56653248292e-05,-9.300613089e-05,-1.5102066067e-05,11862984,-7074650,164892276,-730767,-2616550,-131202,0.7100593996801758,-0.4234534693756104,9.869634023653566,-0.16894861145782472,-0.6049294635772705,-0.03033305516052246,61,f16dfe00,43.51563314875,-79.68236728725,159.4076,-37.1,SOL_COMPUTED,INS_PSRSP,good,1.0552,0.8886,1.5043,28,27,0.0,0.0,1,1,0,0,0,0,1,0,0,—,—,0.0,0.0,0.0,0.0
2026-05-25 16:56:16.015962,1779742576.015962,2420,161794.0,INS_SOLUTION_GOOD,good,43.51563890345,-79.68236914586,159.1554,-37.1,0.194806363,-2.147926804,98.849058174,0.0669,0.0648,0.1021,-1.6909,-0.3692,0.0651,1.7307,0.0177,0.0154,0.0173,0.0102912838291844,-0.0012101338199702,0.002486090709905,-0.0008007851929491025,0.0039310996654472125,-0.00018545240756131357,-1.39763382182e-05,6.86106323862e-05,-3.2367551177e-06,32979869,-11314666,171104167,-7577,4778090,-50670,1.9740114277883913,-0.677239803032837,10.241447017276307,-0.0017517534713745117,1.104663553390503,-0.011714576797485351,61,f16cfe00,43.51563268033,-79.68236840271,159.4582,-37.1,SOL_COMPUTED,INS_PSRSP,good,1.016,0.8578,1.4895,28,27,0.0,0.0,1,1,0,0,0,0,1,0,0,—,—,0.0,0.0,0.0,0.0
2026-05-25 16:56:17.024500,1779742577.024500,2420,161795.0,INS_SOLUTION_GOOD,good,43.51562354157,-79.68237929887,159.2815,-37.1,1.227859581,-1.703076411,98.919017834,0.1134,0.1121,0.1384,-1.6779,-0.5596,0.0453,1.7688,0.0275,0.0251,0.024,-0.0007328183048786,0.00139798006132,-0.0001289005883405,0.0007611320556623589,0.0031890109625688475,0.0009942310879822145,1.32842604138e-05,5.56587411791e-05,1.7352606011e-05,-6026876,-3652921,165154588,117730,827768,808274,-0.36073891311889655,-0.21864573806549076,9.885334719300538,0.027218415756225585,0.19137461627197266,0.1868677293548584,61,f16bfe00,43.51562553096,-79.68237182153,159.5501,-37.1,SOL_COMPUTED,INS_PSRSP,good,0.9898,0.8367,1.4783,28,27,0.0,0.0,1,1,0,0,0,0,1,0,0,—,—,0.0,0.0,0.0,0.0
2026-05-25 16:56:18.033940,1779742578.033940,2420,161796.0,INS_SOLUTION_GOOD,good,43.5156107657,-79.68238731122,159.3267,-37.1,1.248087803,-1.864060374,98.847554163,0.1474,0.1463,0.0918,-1.4144,-0.5108,0.0249,1.5038,0.0488,0.047,0.0328,-0.0003373752223326,-0.0004711011780064,-0.0001802827310365,0.0018097194297845432,-0.001517500350538329,0.0010670420098266792,3.15855625871e-05,-2.64853775171e-05,1.86233963286e-05,-4557619,-7344539,164147025,976085,-793361,576644,-0.27279647440399174,-0.4396076866720582,9.825026994117739,0.22566454891204835,-0.18341994005584716,0.1333163691101074,61,f169fe00,43.51561011574,-79.68238205763,159.6491,-37.1,SOL_COMPUTED,INS_PSRSP,good,0.9711,0.822,1.4752,28,27,0.0,0.0,1,1,0,0,0,0,1,0,0,—,—,0.0,0.0,0.0,0.0
2026-05-25 16:56:19.030484,1779742579.030484,2420,161797.0,INS_SOLUTION_GOOD,good,43.51559942063,-79.68239537879,159.3305,-37.1,1.063241631,-1.89125232,98.895740119,0.1747,0.1734,0.0843,-1.3264,-0.4863,0.0088,1.4127,0.0707,0.0696,0.0372,-0.0018362886487701,-5.86505707536e-05,0.0003726829032062,0.00013418119688423372,-0.00018305491481591173,-9.992574831394395e-05,2.3419036799e-06,-3.1949109755e-06,-1.7440333156e-06,-10704826,-6576413,165488196,331952,-215183,188182,-0.6407378045220948,-0.39363147306182866,9.905302839986573,0.07674515881347656,-0.049748920051574705,0.04350646321105957,61,f168fe00,43.51559733469,-79.68239003382,159.6937,-37.1,SOL_COMPUTED,INS_PSRSP,good,0.9616,0.8164,1.4795,28,27,0.0,0.0,1,1,0,0,0,0,1,0,0,—,—,0.0,0.0,0.0,0.0
2026-05-25 16:56:20.021855,1779742580.021855,2420,161798.0,INS_SOLUTION_GOOD,good,43.51559832113,-79.68241667207,159.3961,-37.1,0.935030873,-1.209431551,98.909098489,0.1494,0.1523,0.0829,-0.3202,-0.8998,-0.0014,0.9551,0.0428,0.0343,0.0318,-0.0071564580210934,-0.0005121760789985,-0.000590224630547,0.0003236129681684975,0.0015742163080957625,-0.00010176503950575044,5.6481117967e-06,2.74752577149e-05,-1.7761350028e-06,-16047641,-5480876,163478874,334008,616972,181911,-0.9605322180947877,-0.3280580604577637,9.785034788281862,0.0772204927368164,0.14263994229125976,0.04205664850616455,61,f167fe00,43.51558600153,-79.68239811129,159.7024,-37.1,SOL_COMPUTED,INS_PSRSP,good,0.9737,0.8347,1.4926,28,27,0.0,0.0,1,1,0,0,0,0,1,0,0,—,—,0.0,0.0,0.0,0.0
2026-05-25 16:56:21.024174,1779742581.024174,2420,161799.0,INS_SOLUTION_GOOD,good,43.5155955302,-79.68241602619,159.5063,-37.1,1.087484251,-2.027195539,98.958075799,0.1539,0.1537,0.1266,0.1656,-0.2149,0.0033,0.2713,0.0338,0.0304,0.0269,-0.0064247761719307,0.000986030324658,-0.0004622642396625,-0.00048517289267981307,8.57832842993405e-05,-0.0006750261467755053,-8.4678644187e-06,1.4972007542e-06,-1.17814287983e-05,-14581259,-5752202,163717381,-36492,-59028,-19066,-0.8727618626242066,-0.3442982894488526,9.799310634665835,-0.008436714752197266,-0.01364689242553711,-0.004407936080932617,61,f165fe00,43.51558491689,-79.68241946207,159.7718,-37.1,SOL_COMPUTED,INS_PSRSP,good,0.9504,0.803,1.4907,28,27,0.0,0.0,1,1,0,0,0,0,1,0,0,—,—,0.0,0.0,0.0,0.0
2026-05-25 16:56:22.024767,1779742582.024767,2420,161800.0,INS_SOLUTION_GOOD,good,43.51559443578,-79.68241477719,159.5697,-37.1,1.237459633,-2.46534344,99.011605408,0.1265,0.1254,0.1272,-0.0802,0.0878,0.0157,0.1189,0.0268,0.0248,0.0235,0.0008724539069658,0.0009420853458525,0.00011767624771,-0.0005781004698715887,0.00018387140055255407,-0.0008284444140071172,-1.00897566066e-05,3.2091613399e-06,-1.44590826942e-05,-3364286,-6885264,164360996,-121861,-121820,-141432,-0.20136947816101078,-0.41211776248535165,9.83783423720337,-0.0281734762802124,-0.028163997344970704,-0.032698165100097654,61,f164fe00,43.51558211016,-79.68241876643,159.8774,-37.1,SOL_COMPUTED,INS_PSRSP,good,0.9378,0.7936,1.4817,28,27,0.0,0.0,1,1,0,0,0,0,1,0,0,—,—,0.0,0.0,0.0,0.0
2026-05-25 16:56:23.020276,1779742583.020276,2420,161801.0,INS_SOLUTION_GOOD,good,43.51559517057,-79.6824158022,159.5468,-37.1,1.079085718,-2.326567176,99.022837124,0.097,0.0975,0.0809,-0.1723,0.0602,0.0076,0.1825,0.0236,0.0213,0.0197,0.0021081064864237,0.001078944125555,-7.58508880368e-05,0.000250884751297799,0.0010989935301006896,-0.0005148822317461671,4.3787649532e-06,1.91810555584e-05,-8.986390204e-06,-1071476,-5928338,164058251,128130,141364,-10792,-0.06413324045043946,-0.35484091703918463,9.81971342266327,0.029622828598022462,0.03268244393920899,-0.0024950407104492186,61,f163fe00,43.51558100529,-79.68241750531,159.9367,-37.1,SOL_COMPUTED,INS_PSRSP,good,0.927,0.7847,1.4753,28,27,0.0,0.0,1,1,0,0,0,0,1,0,0,—,—,0.0,0.0,0.0,0.0
2026-05-25 16:56:24.031983,1779742584.031983,2420,161802.0,INS_SOLUTION_GOOD,good,43.5155936551,-79.68241856792,159.5136,-37.1,1.025674832,-2.183631672,99.340520968,0.0799,0.0794,0.082,-0.4621,-0.097,-0.0025,0.4722,0.0206,0.0182,0.0179,0.0062899051169779,-0.0005361625512816,0.0001224909817248,-0.000643087544396485,-0.0016403465441231187,-0.011241136703085266,-1.12239950283e-05,-2.86294480687e-05,-0.0001961948471359,7029496,-8482625,164322043,-39823,-708098,-4753565,0.42075077483154305,-0.5077278714370729,9.835502703771668,-0.009206820442199707,-0.16370768504333497,-1.0989935317611694,61,f161fe00,43.51558175131,-79.68241854135,159.9184,-37.1,SOL_COMPUTED,INS_PSRSP,good,0.9176,0.7769,1.4718,28,27,0.0,0.0,1,1,0,0,0,0,1,0,0,—,—,0.0,0.0,0.0,0.0
2026-05-25 16:56:25.016886,1779742585.016886,2420,161803.0,INS_SOLUTION_GOOD,good,43.51558457731,-79.68242740862,159.5511,-37.1,0.518946389,-1.936481871,101.846837051,0.0725,0.0708,0.0835,-2.1976,-0.8042,0.0484,2.3401,0.0184,0.016,0.0176,0.0108501946290162,-0.001246016845261,0.0003571524083391,0.0006490679666566735,0.0011501825818098633,-0.009356046763169468,1.13283730874e-05,2.00744730517e-05,-0.0001632938209881,33174107,-11309388,165217119,1302240,694576,-7122756,1.985637551340027,-0.6769238881237793,9.88907751490082,0.30106947875976564,0.16058148596191407,-1.6467351918640136,61,f160fe00,43.51558025125,-79.68242141981,159.8864,-37.1,SOL_COMPUTED,INS_PSRSP,good,0.9093,0.7702,1.4694,28,27,0.0,0.0,1,1,0,0,0,0,1,0,0,—,—,0.0,0.0,0.0,0.0
2026-05-25 16:56:26.018001,1779742586.018001,2420,161804.0,INS_SOLUTION_GOOD,good,43.51555583235,-79.68244101289,159.6088,-37.1,0.938152417,-1.851349817,100.560220785,0.1369,0.136,0.1433,-4.3808,-1.2384,0.0422,4.5525,0.0352,0.0334,0.024,0.0212776246168761,0.004230612014124,0.001569294536993,0.00295226335487978,0.035026294572005935,0.02091751248860416,5.15267159287e-05,0.0006113241650558,0.0003650794642537,32165028,-601722,168125510,825157,15511950,9356369,1.925239085914307,-0.036016095283813485,10.063159378915406,0.19077096993255616,3.5862626712799073,2.1631320938644407,61,f15ffe00,43.51557130887,-79.68243106887,159.9373,-37.1,SOL_COMPUTED,INS_PSRSP,good,0.9022,0.7645,1.468,29,27,0.0,0.0,1,1,0,0,0,0,1,0,0,—,—,0.0,0.0,0.0,0.0
2026-05-25 16:56:27.029947,1779742587.029947,2420,161805.0,INS_SOLUTION_GOOD,good,43.51550969247,-79.68245977239,159.564,-37.1,3.095173562,-1.659987606,98.521666123,0.171,0.1704,0.1768,-6.0224,-1.4929,-0.0885,6.2047,0.0605,0.0594,0.035,0.0162288450773564,-0.0046128036559928,0.0020457854262206,0.0005784340020743716,0.0008742130061329911,0.01592256207232259,1.00955778417e-05,1.52578953208e-05,0.0002779011335156,15968225,-14478854,167030701,1342613,108027,7195068,0.9557787701187135,-0.8666324070989991,9.997629540781556,0.3104034556503296,0.024975144813537596,1.6634532593078613,61,f15efe00,43.51554248408,-79.68244427964,159.984,-37.1,SOL_COMPUTED,INS_PSRSP,good,0.9007,0.7671,1.4746,28,26,0.0,0.0,1,1,0,0,0,0,1,0,0,—,—,0.0,0.0,0.0,0.0
2026-05-25 16:56:28.056057,1779742588.056057,2420,161806.0,INS_SOLUTION_GOOD,good,43.51545060029,-79.68248361659,159.4436,-37.1,2.648305579,-1.14291378,97.627571205,0.1917,0.1912,0.1981,-7.2993,-1.7316,-0.0833,7.5019,0.092,0.0913,0.0532,0.0116435355774789,-0.0011380542421266,0.0021411275947523,0.003682454459516299,-0.006282880745065214,0.006775327041772075,6.42709548734e-05,-0.0001096569555117,0.0001182517647785,11194680,-6461059,171027288,2230369,-2690283,3030978,0.6700580360229493,-0.38672695460418705,10.23684542154053,0.5156469101486206,-0.6219760570449829,0.7007425410003663,61,f15cfe00,43.51549615569,-79.6824624441,159.8823,-37.1,SOL_COMPUTED,INS_PSRSP,good,0.9158,0.7843,1.4864,29,27,0.0,0.0,1,1,0,0,0,0,1,0,0,—,—,0.0,0.0,0.0,0.0
2026-05-25 16:56:29.018005,1779742589.018005,2420,161807.0,INS_SOLUTION_GOOD,good,43.51538232387,-79.68251584325,159.3487,-37.1,2.362608756,0.453764881,97.518901721,0.2089,0.2087,0.2169,-8.3798,-2.2063,-0.0381,8.6654,0.1251,0.1243,0.0709,0.0046605096038628,-0.0051331075325196,0.0020370838761919,0.016367902489519363,-0.0061202995606924925,-0.003160324887667668,0.0002856737900879,-0.0001068193785426,-5.51580747226e-05,-9879081,-17326560,172357259,8378722,-6481870,-1253692,-0.5913128032754518,-1.0370819679199221,10.316450890944521,1.937106420639038,-1.4985664871978759,-0.28984549465942383,61,f15bfe00,43.51543706057,-79.68248602627,159.7738,-37.1,SOL_COMPUTED,INS_PSRSP,good,0.9795,0.8559,1.5139,29,27,0.0,0.0,1,1,0,0,0,0,1,0,0,—,—,0.0,0.0,0.0,0.0
2026-05-25 16:56:30.033049,1779742590.033049,2420,161808.0,INS_SOLUTION_GOOD,good,43.51530605038,-79.68256643543,159.2662,-37.1,1.158918328,0.592843463,98.145192248,0.2203,0.2208,0.2344,-9.2474,-2.973,0.1086,9.7136,0.1517,0.1489,0.0826,0.0097136599990957,-0.0038606550600795,0.0040887476704686,-0.0052507245618241705,-0.0061146036461201415,-0.008474755555398669,-9.16424317193e-05,-0.0001067199660794,-0.0001479123877436,8725752,-4378681,169423514,-2450555,-2584188,-2969020,0.522280248112793,-0.26208613298736577,10.140851462207642,-0.5665524914932251,-0.5974475781555176,-0.6864182514953613,61,f159fe00,43.51536880673,-79.68251832894,159.6865,-37.1,SOL_COMPUTED,INS_PSRSP,good,1.1352,1.027,1.5685,29,27,0.0,0.0,1,1,0,0,0,0,1,0,0,—,—,0.0,0.0,0.0,0.0
2026-05-25 16:56:31.018385,1779742591.018385,2420,161809.0,INS_SOLUTION_GOOD,good,43.51523040495,-79.6826400447,159.41,-37.1,0.830049664,1.291117532,98.985076637,0.2267,0.2273,0.2499,-9.3572,-4.1269,0.1609,10.2269,0.1706,0.1664,0.0898,0.0016488726765129,-0.0028908369233825,0.0005113656520255,0.011829562145725966,-0.006720948922645604,-0.0038571372515517773,0.0002064648085125,-0.0001173026875587,-6.7319744741e-05,435366,-597057,164206667,4734395,-2627187,-1504617,0.026058849999389653,-0.035736871515197756,9.828596868503114,1.0945615515518188,-0.6073886692886352,-0.34785773430633543,61,f158fe00,43.5152926215,-79.68256912587,159.6358,-37.1,SOL_COMPUTED,INS_PSRSP,good,1.38,1.2782,1.6577,28,27,0.0,0.0,1,1,0,0,0,0,1,0,0,—,—,0.0,0.0,0.0,0.0
2026-05-25 16:56:32.025543,1779742592.025543,2420,161810.0,INS_SOLUTION_GOOD,good,43.51516009762,-79.68273068859,159.8493,-37.1,0.598730637,2.055789177,99.133531339,0.2249,0.2264,0.2599,-9.253,-5.2029,0.1962,10.6155,0.1843,0.177,0.0951,0.0035938208114304,-0.0045464246257426,-0.0014593201595881,0.003176353711763748,-0.00017381697414566092,0.00043053453486801565,5.54378304783e-05,-3.0336784947e-06,7.514245177e-06,5233146,-2681394,160756300,1672410,39566,264680,0.31323017102600104,-0.1604949491583252,9.622075008514406,0.38665039237976073,0.009147403701782226,0.06119230682373047,61,f157fe00,43.51521703222,-79.68264305954,159.7882,-37.1,SOL_COMPUTED,INS_PSRSP,good,1.6646,1.558,1.7833,28,27,0.0,0.0,1,1,0,0,0,0,1,0,0,—,—,0.0,0.0,0.0,0.0
2026-05-25 16:56:33.029603,1779742593.029603,2420,161811.0,INS_SOLUTION_GOOD,good,43.51512429431,-79.68286837663,160.4724,-37.1,-0.270289754,3.225118971,99.00443053,0.1578,0.1563,0.2652,-8.058,-7.0651,0.2479,10.7167,0.0451,0.0359,0.0522,0.0028714013826574,-0.0052709315434212,8.30023569661e-05,-0.006898975716733028,-0.001514992857585356,0.002327615729824118,-0.0001204098412723,-2.64416135091e-05,4.06245582067e-05,4044645,-1496793,162620720,-2826135,-1032754,1369641,0.24209239434356694,-0.08959060713775636,9.73366994499512,-0.6533841621780395,-0.23876605577087404,0.3166521547164917,61,f155fe00,43.51514675198,-79.68273381207,160.2335,-37.1,SOL_COMPUTED,INS_PSRSP,good,1.9479,1.8192,1.9397,27,26,0.0,0.0,1,1,0,0,0,0,1,0,0,—,—,0.0,0.0,0.0,0.0
2026-05-25 16:56:34.036646,1779742594.036646,2420,161812.0,INS_SOLUTION_GOOD,good,43.51504953555,-79.68295583145,160.8905,-37.1,-0.198457069,2.469704197,99.011719624,0.1412,0.1426,0.2703,-8.4075,-7.0917,0.2957,10.9990,0.0401,0.0349,0.0422,0.0041678650451732,-0.002234776271744,0.0017361768323296,-0.00393431236097935,3.246846462646848e-05,-0.0004690968472471827,-6.86667045011e-05,5.666816108e-07,-8.1872844952e-06,6462800,-58717,165305533,-1834914,259997,149608,0.38683116223144537,-0.003514508471984864,9.894369538540346,-0.42422026780700683,0.060109627464294435,0.03458840350341797,61,f154fe00,43.51511101134,-79.68287156059,160.8795,-37.1,SOL_COMPUTED,INS_PSRSP,good,1.1853,1.0498,1.7403,27,26,0.0,0.0,1,1,0,0,0,0,1,0,0,—,—,0.0,0.0,0.0,0.0
2026-05-25 16:56:35.023488,1779742595.023488,2420,161813.0,INS_SOLUTION_GOOD,good,43.51497101494,-79.6830428036,160.8583,-37.1,0.304289107,1.829098534,99.124858227,0.114,0.1157,0.2707,-8.8747,-7.0517,0.1972,11.3352,0.0275,0.0243,0.0298,0.0019550276510573,-0.0039478858017037,-0.0010031399039421,8.235827824208179e-05,9.565742160626007e-05,-0.0003655375960037803,1.4374231216e-06,1.669536961e-06,-6.3798345901e-06,-198624,-1606665,163325344,899005,-163180,199939,-0.011888647763671876,-0.09616700025787354,9.775845243759766,0.2078441506576538,-0.03772616226196289,0.04622460569000244,61,f154fe00,43.51503623791,-79.68295894647,161.2952,-37.1,SOL_COMPUTED,INS_PSRSP,good,1.1582,1.024,1.7086,27,26,0.0,0.0,1,1,0,0,0,0,1,0,0,—,—,0.0,0.0,0.0,0.0
2026-05-25 16:56:36.041645,1779742596.041645,2420,161814.0,INS_SOLUTION_GOOD,good,43.51489097424,-79.68313311856,161.2852,-37.1,0.171179499,1.712740221,99.263925612,0.0988,0.1,0.2721,-9.0468,-7.2744,0.2534,11.6087,0.0256,0.0219,0.0263,0.0029900594049475,0.0028474935470008,0.0027593779186723,0.007911409320088002,-0.0035737556368827207,-0.003804501884113286,0.0001380801411087,-6.23738025254e-05,-6.64010842762e-05,5055183,7005877,166050000,1077540,-1802663,-1398947,0.30257818827484134,0.41933705860626225,9.938929641723634,0.24912028976440428,-0.41676404486846924,-0.3234275126724243,61,f152fe00,43.51495768356,-79.68304590158,161.2499,-37.1,SOL_COMPUTED,INS_PSRSP,good,1.1264,0.9943,1.6594,27,26,0.0,0.0,1,1,0,0,0,0,1,0,0,—,—,0.0,0.0,0.0,0.0
2026-05-25 16:56:37.018797,1779742597.018797,2420,161815.0,INS_SOLUTION_GOOD,good,43.51481073071,-79.68322647347,161.4699,-37.1,0.499120067,1.462072291,99.829505804,0.087,0.0872,0.2738,-9.0131,-7.477,0.1937,11.7107,0.0235,0.0201,0.0235,-0.0001912432736172,0.0018581368531951,-0.0071488553216397,0.005620151924181338,-0.004331261481426026,-0.007204148846416507,9.80901555394e-05,-7.55947736158e-05,-0.0001257361171739,-2762169,3311963,162195627,2620689,-871250,-2814334,-0.16532974013580323,0.19823768282440188,9.708225985837098,0.6058863736495972,-0.2014273738861084,-0.6506558471832276,61,f150fe00,43.51487765619,-79.68313625112,161.6806,-37.1,SOL_COMPUTED,INS_PSRSP,good,1.096,0.9673,1.6449,27,26,0.0,0.0,1,1,0,0,0,0,1,0,0,—,—,0.0,0.0,0.0,0.0
2026-05-25 16:56:38.029825,1779742598.029825,2420,161816.0,INS_SOLUTION_GOOD,good,43.5147300375,-79.68332041733,161.5983,-37.1,0.449599289,1.506927618,99.966676333,0.0802,0.0795,0.2758,-9.1472,-7.5136,0.1963,11.8375,0.0218,0.0185,0.0221,0.0006277068639646,-0.0024386977276658,-0.0022703720207598,0.007086105204969321,0.004067068841027402,0.0012184740941039666,0.0001236758669696,7.09837421813e-05,2.12663847924e-05,-2217890,1370703,170192617,2818371,848525,936186,-0.13275189800109866,0.08204348495452882,10.186886154193422,0.6515891755142212,0.19617350063323974,0.21644015776062012,61,f14ffe00,43.51479741285,-79.68322976731,161.8567,-37.1,SOL_COMPUTED,INS_PSRSP,good,1.0696,0.9429,1.6335,28,27,0.0,0.0,1,1,0,0,0,0,1,0,0,—,—,0.0,0.0,0.0,0.0
2026-05-25 16:56:39.035475,1779742599.035475,2420,161817.0,INS_SOLUTION_GOOD,good,43.51464823539,-79.68341275765,161.8413,-37.1,0.412364826,1.083462408,99.761505494,0.0787,0.077,0.2776,-9.1059,-7.4117,0.2173,11.7410,0.0209,0.0184,0.0228,-0.0018498659018088,0.0008874852341728,0.0001775051969513,-0.0011868803183296178,-0.0004055316305506364,0.002341082849413793,-2.0714969382e-05,-7.0778621741e-06,4.08596037843e-05,-8994908,2996472,165125783,-1203154,-353480,2227945,-0.5383905916638184,0.179353955925293,9.883610594830019,-0.2781614354095459,-0.0817222933959961,0.515086497001648,61,f14efe00,43.51471672897,-79.6833237584,161.9864,-37.1,SOL_COMPUTED,INS_PSRSP,good,1.0487,0.9233,1.6241,28,27,0.0,0.0,1,1,0,0,0,0,1,0,0,—,—,0.0,0.0,0.0,0.0
2026-05-25 16:56:40.029361,1779742600.029361,2420,161818.0,INS_SOLUTION_GOOD,good,43.51456871595,-79.68350385099,162.0911,-37.1,1.045497728,0.621230319,99.53710613,0.0784,0.0762,0.2798,-8.3595,-7.1899,0.1298,11.0261,0.0203,0.0186,0.0231,-0.0119480759115234,0.0004129616195716,-0.0020721567593798,0.00104735006730026,0.0065924447047031156,0.0015751524500862385,1.82797070954e-05,0.0001150598658529,2.74915964749e-05,-23204770,1407488,160127338,174698,2329905,1041548,-1.3889224714385988,0.08424525265625,9.584428461900027,0.04038904948425293,0.5386589905929565,0.24079917178344726,61,f14dfe00,43.51463491621,-79.68341599869,162.2304,-37.1,SOL_COMPUTED,INS_PSRSP,good,1.0323,0.9085,1.6183,27,26,0.0,0.0,1,1,0,0,0,0,1,0,0,—,—,0.0,0.0,0.0,0.0
2026-05-25 16:56:41.024077,1779742601.024077,2420,161819.0,INS_SOLUTION_GOOD,good,43.51449853851,-79.68358897416,162.2621,-37.1,1.507209776,0.735274624,99.473835572,0.0794,0.0772,0.2818,-7.1436,-6.7608,0.0474,9.8356,0.0234,0.0217,0.0242,-0.013806799679014,-3.7119511506e-06,-7.04621663308e-05,0.003127328383149044,0.004470440308808931,-0.0002498473835931504,5.45821770771e-05,7.80239024027e-05,-4.3606594712e-06,-27309436,2084828,164091928,1383058,923637,-90076,-1.6346074252282716,0.12478746646850587,9.821729160895998,0.31975407847595216,0.21353890999603273,-0.0208249895324707,61,f14cfe00,43.51455534513,-79.68350698834,162.4636,-37.1,SOL_COMPUTED,INS_PSRSP,good,1.018,0.8955,1.6138,27,26,0.0,0.0,1,1,0,0,0,0,1,0,0,—,—,0.0,0.0,0.0,0.0
2026-05-25 16:56:42.022147,1779742602.022147,2420,161820.0,INS_SOLUTION_GOOD,good,43.51444043818,-79.68367207229,162.3261,-37.1,1.689504595,0.859519193,99.672221394,0.0844,0.0825,0.2844,-5.8906,-6.5236,-0.0141,8.7896,0.0379,0.0374,0.0332,-0.0125966584396149,-0.0002213308751769,-0.0019242476812398,0.00030233054732010885,0.0003282785399399461,-0.003697276953260905,5.2766634801e-06,5.7295413856e-06,-6.45296561926e-05,-29181393,391391,159041323,727865,259550,-1275006,-1.7466534891567995,0.023426724549255373,9.51942498900116,0.1682776877975464,0.060006283950805664,-0.29477315382385255,61,f14bfe00,43.51448513996,-79.68359210479,162.6224,-37.1,SOL_COMPUTED,INS_PSRSP,good,1.0057,0.8843,1.6124,26,25,0.0,0.0,1,1,0,0,0,0,1,0,0,—,—,0.0,0.0,0.0,0.0
2026-05-25 16:56:43.016898,1779742603.016898,2420,161821.0,INS_SOLUTION_GOOD,good,43.51439258775,-79.68375171131,162.34,-37.1,1.552369401,0.854222444,100.215987284,0.0892,0.0875,0.2869,-4.9364,-6.3711,-0.0435,8.0597,0.0544,0.0548,0.0453,-0.0095346158360541,-0.0012925359041505,-0.0006965257804041,-0.0027491355552199813,0.00202742170666742,-0.007752492068393133,-4.79814670223e-05,3.53851841078e-05,-0.0001353065118284,-21017310,-2236666,164008080,-606304,588988,-3190534,-1.257991962350464,-0.133875736260376,9.816710435375978,-0.14017356958007812,0.13617022219848632,-0.7376308578643799,61,f14afe00,43.51442703855,-79.68367527706,162.6816,-37.1,SOL_COMPUTED,INS_PSRSP,good,1.0029,0.8825,1.6219,27,26,0.0,0.0,1,1,0,0,0,0,1,0,0,—,—,0.0,0.0,0.0,0.0
2026-05-25 16:56:44.013508,1779742604.013508,2420,161822.0,INS_SOLUTION_GOOD,good,43.51435374273,-79.68382890582,162.2999,-37.1,1.825195507,0.640129307,102.73720063,0.094,0.0924,0.2894,-3.6219,-6.3448,-0.0618,7.3058,0.0717,0.0726,0.0592,-0.0218740170912342,-0.0016742672248156,0.0040515521841764,0.0033358054480659965,-0.0038562282601175336,-0.04551492058457401,5.82207882748e-05,-6.73038798476e-05,-0.0007943852229857,-36996724,1679308,171468013,2153329,-2818622,-19923589,-2.214440450528565,0.10051505003784181,10.263225034707338,0.4978357596359253,-0.6516472050933838,-4.6062051198349,61,f148fe00,43.51437921852,-79.68375508931,162.6992,-37.1,SOL_COMPUTED,INS_PSRSP,good,1.0238,0.9066,1.6434,27,26,0.0,0.0,1,1,0,0,0,0,1,0,0,—,—,0.0,0.0,0.0,0.0
2026-05-25 16:56:45.024923,1779742605.024923,2420,161823.0,INS_SOLUTION_GOOD,good,43.51432863666,-79.68390652896,162.1812,-37.1,2.648930574,0.427997636,111.706652803,0.0984,0.097,0.2917,-1.7126,-6.6694,-0.1615,6.8858,0.0901,0.0916,0.0742,-0.0182639184521989,-0.009813031135808,-0.0014779284454132,0.029230720483708738,-0.019408049987115775,-0.11335285242182402,0.0005101723151716,-0.0003387343736673,-0.0019783804912909,-37155419,-14580872,163314897,13194792,-9424363,-48895428,-2.2239391463400273,-0.8727386987231447,9.775219938141175,3.050550704772949,-2.178851867591858,-11.3043072104187,61,f147fe00,43.51434047693,-79.68383307636,162.6519,-37.1,SOL_COMPUTED,INS_PSRSP,good,1.0869,0.9784,1.6852,26,25,0.0,0.0,1,1,0,0,0,0,1,0,0,—,—,0.0,0.0,0.0,0.0
2026-05-25 16:56:46.023862,1779742606.023862,2420,161824.0,INS_SOLUTION_GOOD,good,43.51431885126,-79.68398051345,162.064,-37.1,1.801035165,-1.519602664,125.346163388,0.1023,0.1012,0.2938,-0.3192,-6.4961,-0.1873,6.5039,0.1066,0.1091,0.0879,-0.0017841673544792,0.004420087567398,0.0006122723135752,-0.012191305941847905,0.00010118653753608207,-0.07144927756497946,-0.0002127784288035,1.7660382387e-06,-0.001247025141682,-10073010,12160957,165794815,-13426161,720205,-63126184,-0.6029204316192628,0.7278945859622193,9.92365553295746,-3.1040417235031126,0.16650674526214598,-14.594366102233886,61,f146fe00,43.51431596035,-79.68391349619,162.5115,-37.1,SOL_COMPUTED,INS_PSRSP,good,1.2093,1.1122,1.7562,28,27,0.0,0.0,1,1,0,0,0,0,1,0,0,—,—,0.0,0.0,0.0,0.0
2026-05-25 16:56:47.030272,1779742607.030272,2420,161825.0,INS_SOLUTION_GOOD,good,43.51431831317,-79.68404637815,161.9651,-37.1,0.809473681,-2.982919359,139.788935542,0.1054,0.1046,0.2955,0.6951,-6.472,-0.0704,6.5092,0.1212,0.1229,0.1005,-0.004392285754005,-0.0127628897769234,0.0073682055759912,0.021926559891445256,-0.003739630424713599,-0.14945222989434126,0.000382690663742,-6.52688637191e-05,-0.0026084334861075,-7200962,-34570565,180547875,9052940,-675586,-63445136,-0.4310138793780518,-2.0692226028884892,10.80670055156708,2.092981268463135,-0.15619112059020995,-14.668105744995117,61,f144fe00,43.51430770392,-79.68399123665,162.4166,-37.1,SOL_COMPUTED,INS_PSRSP,good,1.3919,1.3029,1.865,27,26,0.0,0.0,1,1,0,0,0,0,1,0,0,—,—,0.0,0.0,0.0,0.0
2026-05-25 16:56:48.022253,1779742608.022253,2420,161826.0,INS_SOLUTION_GOOD,good,43.51432317159,-79.68409723963,162.0116,-37.1,1.151112374,-1.616415983,155.143386688,0.1078,0.107,0.2969,1.454,-5.9421,-0.1358,6.1174,0.1314,0.132,0.1099,-0.0040146396690402,-4.65632911535e-05,-0.0009268766099374,0.035404833993988416,0.015255975265919769,-0.154136853953421,0.000617930924318,0.0002662669989935,-0.0026901956001567,-10762540,-6778031,161433824,14410385,5571771,-66393249,-0.6441922783874513,-0.40569932681976323,9.662628235654298,3.3315879566574096,1.2881574753799439,-15.34969043309784,61,f143fe00,43.5143094306,-79.68406044072,162.3434,-37.1,SOL_COMPUTED,INS_PSRSP,good,1.613,1.5277,2.0173,27,26,0.0,0.0,1,1,0,0,0,0,1,0,0,—,—,0.0,0.0,0.0,0.0
2026-05-25 16:56:49.026991,1779742609.026991,2420,161827.0,INS_SOLUTION_GOOD,good,43.5143343751,-79.68412318737,162.4483,-37.1,1.709920266,-1.035065277,170.487553935,0.109,0.1085,0.2976,1.8797,-5.1459,-0.0484,5.4785,0.1355,0.1318,0.1141,-0.0013475593601528,-0.0048386486462544,-0.000107641165188,0.007823330749449183,0.014762314584782247,-0.21351069275059928,0.0001365428800506,0.00025765099472,-0.0037264645767173,-6898144,-10115012,164298767,1971715,3759847,-61176769,-0.41288869541992196,-0.6054344630725098,9.834109517825624,0.45584777561187745,0.869252347114563,-14.143673942619325,61,f142fe00,43.51431738442,-79.68411410599,162.3814,-37.1,SOL_COMPUTED,INS_PSRSP,good,1.8393,1.7542,2.2081,27,26,0.0,0.0,1,1,0,0,0,0,1,0,0,—,—,0.0,0.0,0.0,0.0
2026-05-25 16:56:50.018653,1779742610.018653,2420,161828.0,INS_SOLUTION_GOOD,good,43.51433919371,-79.68413885246,163.412,-37.1,2.057634247,-0.694093042,184.996193688,0.1101,0.1075,0.299,2.1362,-4.4025,0.0863,4.8934,0.1282,0.1314,0.1138,-0.0007304772920987,-0.006104584577969,-0.002408061888701,0.03266256885087909,0.014728301810411976,-0.2017830373472009,0.000570069368608,0.0002570573598195,-0.0035217783763884,-7909984,-9787260,160164072,9502042,3799781,-58012084,-0.47345242061523446,-0.5858168535095216,9.58662717699463,2.1968107507781984,0.878484830039978,-13.412019206634522,61,f141fe00,43.51433207338,-79.68414160776,162.8035,-37.1,SOL_COMPUTED,INS_PSRSP,good,2.0206,1.8988,2.4004,29,27,0.0,0.0,1,1,0,0,0,0,1,0,0,—,—,0.0,0.0,0.0,0.0
2026-05-25 16:56:51.024617,1779742611.024617,2420,161829.0,INS_SOLUTION_GOOD,good,43.51435005607,-79.68414754292,164.2062,-37.1,2.522339839,-0.529689217,198.810195401,0.1108,0.1066,0.3011,2.4167,-3.7085,0.1782,4.4264,0.1225,0.1308,0.1115,0.0001241968889295,-0.0062296086453352,-0.0010226687421052,0.003254027565757141,0.0027050817157842234,-0.13806987723717856,5.67934949732e-05,4.7212582476e-05,-0.0024097739556166,-7897057,-12884528,163201991,1498771,491030,-59533375,-0.4726786744937134,-0.7712039581982423,9.768461944825136,0.34650617685699464,0.11352296516418457,-13.763731862068177,61,f140fe00,43.51434034525,-79.68415750173,163.758,-37.1,SOL_COMPUTED,INS_PSRSP,good,2.0669,2.0442,2.5854,27,25,0.0,0.0,1,1,0,0,0,0,1,0,0,—,—,0.0,0.0,0.0,0.0
2026-05-25 16:56:52.018390,1779742612.018390,2420,161830.0,INS_SOLUTION_GOOD,good,43.51436488309,-79.68414750666,164.3535,-37.1,1.880935812,0.085922684,215.906254863,0.1107,0.1055,0.3036,2.9603,-2.7208,0.1703,4.0207,0.1189,0.129,0.1071,0.0006251660679115,-0.0033396724875157,-0.0002259711181845,0.006788059599686048,-0.0071806196656828344,-0.19714871142120383,0.0001184739898363,-0.0001253254554998,-0.0034408941303691,-5080548,-6193360,162931512,2164194,-2895713,-85343212,-0.3040964114025879,-0.3707038198486329,9.7522724130542,0.5003476774749755,-0.6694701464767456,-19.73079950894165,61,f13ffe00,43.51435443184,-79.684165303,164.54,-37.1,SOL_COMPUTED,INS_PSRSP,good,2.0944,2.1572,2.7563,28,26,0.0,0.0,1,1,0,0,0,0,1,0,0,—,—,0.0,0.0,0.0,0.0
2026-05-25 16:56:53.026262,1779742613.026262,2420,161831.0,INS_SOLUTION_GOOD,good,43.51438859775,-79.68411692477,164.2498,-37.1,2.05447397,0.545407774,235.365269272,0.1052,0.1033,0.307,3.4103,-0.9896,0.1486,3.5510,0.1144,0.112,0.0996,-0.0019418193708897,-0.0043017213627703,-0.0006973737222354,0.01681094395112056,0.002677721268896987,-0.09640184255811973,0.0002934063223157,4.6735052593e-05,-0.0016825295576308,-12856299,-12648475,163560615,13985630,1951793,-83094492,-0.7695143102316285,-0.7570749960861207,9.789927399229432,3.2333873435211182,0.4512419378585815,-19.21090996609497,61,f13dfe00,43.51437287139,-79.68416265023,164.7042,-37.1,SOL_COMPUTED,INS_PSRSP,good,2.091,2.1952,2.853,30,27,0.0,0.0,1,1,0,0,0,0,1,0,0,—,—,0.0,0.0,0.0,0.0
2026-05-25 16:56:54.023043,1779742614.023043,2420,161832.0,INS_SOLUTION_GOOD,good,43.51441241175,-79.68409612707,164.1104,-37.1,2.096538601,0.867303443,250.95174422,0.1036,0.1017,0.3113,3.4298,-0.0052,0.1055,3.4298,0.118,0.1102,0.0955,-0.0010288616357853,-0.0069795569690916,0.0005457858780887,0.0024478095919678896,0.0021861786941888223,-0.0917535881517158,4.27223368418e-05,3.81560162506e-05,-0.0016014022137686,-8804728,-10037861,164314253,2053082,1169753,-38318664,-0.5270073598706055,-0.600816586765442,9.835036432998354,0.47465930058288575,0.27043933989715574,-8.859027673278808,61,f13cfe00,43.51439982307,-79.68412752576,164.5959,-37.1,SOL_COMPUTED,INS_PSRSP,good,2.0426,1.999,2.8636,30,27,0.0,0.0,1,1,0,0,0,0,1,0,0,—,—,0.0,0.0,0.0,0.0
2026-05-25 16:56:55.023711,1779742615.023711,2420,161833.0,INS_SOLUTION_GOOD,good,43.51442569388,-79.68405975813,163.9089,-37.1,1.72357722,1.755776778,252.575097045,0.0825,0.0933,0.3142,2.9673,0.4775,0.0919,3.0055,0.1017,0.0456,0.0834,0.0002958267345576,0.0025868095650497,0.0007093223394129,0.00024428395134740605,-0.002830068857671877,0.02902749819797428,4.2635592608e-06,-4.93940196246e-05,0.0005066254171721,-5006089,12345812,164796564,-63276,-2592466,26510218,-0.2996396648672486,0.7389590896594239,9.863905177921144,-0.01462900259399414,-0.5993613983001709,6.128991211349487,61,f13bfe00,43.5144253047,-79.684102174,164.4553,-37.1,SOL_COMPUTED,INS_PSRSP,good,2.1288,1.9403,2.9434,29,25,0.0,0.0,1,1,0,0,0,0,1,0,0,—,—,0.0,0.0,0.0,0.0
2026-05-25 16:56:56.024159,1779742616.024159,2420,161834.0,INS_SOLUTION_GOOD,good,43.51444039007,-79.68405971477,162.2398,-37.1,1.255220893,0.865048485,240.980700584,0.0743,0.0762,0.3144,2.3983,-0.4287,-0.0593,2.4363,0.0399,0.0282,0.0528,0.0013331949936863,0.0092670692491889,0.0001258884115078,-0.006179452526994915,-0.006158943617126449,0.15036991939744077,-0.0001078517925669,-0.0001074938445637,0.0026244501894476,-1803693,17084937,164809572,-3023594,-2389126,65619364,-0.1079601193753052,1.0226196132266236,9.864683772301026,-0.6990354078826905,-0.5523505033721924,15.170773218475341,61,f13afe00,43.51443870184,-79.68406522517,164.2637,-37.1,SOL_COMPUTED,INS_PSRSP,good,1.9813,1.4561,2.8456,27,24,0.0,0.0,1,1,0,0,0,0,1,0,0,—,—,0.0,0.0,0.0,0.0
2026-05-25 16:56:57.025906,1779742617.025906,2420,161835.0,INS_SOLUTION_GOOD,good,43.51446442627,-79.68406636344,161.9285,-37.1,0.794801958,-0.063535308,225.563692296,0.0718,0.078,0.3143,2.3808,-1.2753,-0.0583,2.7009,0.0436,0.0238,0.0424,0.0061728193327779,0.0105502719626426,0.0025207303249634,-0.03714720193465106,-0.02453566336231761,0.23199465096533187,-0.0006483409816638,-0.000428228109834,0.0040490705063659,5057432,9794199,166391682,-9153405,-7115010,66920317,0.30271280226318364,0.5862321876425172,9.959381032014772,-2.1162081277084352,-1.64494436668396,15.471545151145936,61,f139fe00,43.51445228684,-79.68406870361,162.6067,-37.1,SOL_COMPUTED,INS_PSRSP,good,1.5836,1.3408,2.2901,28,25,0.0,0.0,1,1,0,0,0,0,1,0,0,—,—,0.0,0.0,0.0,0.0
2026-05-25 16:56:58.027688,1779742618.027688,2420,161836.0,INS_SOLUTION_GOOD,good,43.51448675797,-79.68408642221,161.1934,-37.1,0.321405693,-0.532179324,209.987041284,0.0746,0.0809,0.3128,2.2532,-2.3665,-0.1735,3.2676,0.0468,0.0239,0.0417,0.0059834896689133,0.0063693198860158,-0.0026842343322773,-0.006612308410665951,-0.007245980620574,0.1516214691061051,-0.0001154065529236,-0.0001264662193649,0.0026462938526162,8744417,9259140,161235932,-2221291,-2919621,65485717,0.5233974424624634,0.5542062089904786,9.650783401781007,-0.5135481351699829,-0.6749975216903686,15.139874895103455,61,f137fe00,43.51447409897,-79.68407940149,162.3075,-37.1,SOL_COMPUTED,INS_PSRSP,good,1.5247,1.2618,2.1162,27,24,0.0,0.0,1,1,0,0,0,0,1,0,0,—,—,0.0,0.0,0.0,0.0
2026-05-25 16:56:59.021535,1779742619.021535,2420,161837.0,INS_SOLUTION_GOOD,good,43.51451037302,-79.68412149433,161.1562,-37.1,1.960983642,-0.603103592,201.091021457,0.0792,0.0864,0.3112,2.315,-3.4157,-0.231,4.1263,0.055,0.024,0.0432,0.0060161948477537,0.003468085776427,-0.0010089381673456,0.003508603867564753,0.013981748326111378,0.0573911000229437,6.12366896373e-05,0.0002440275434762,0.0010016636567432,4152917,2814793,164294766,2196725,5703880,24812615,0.24857301939727786,0.16847955183990482,9.833870037804568,0.5078686346054078,1.318700223083496,5.736516360054016,61,f136fe00,43.5144934898,-79.68410253482,161.5848,-37.1,SOL_COMPUTED,INS_PSRSP,good,1.4847,1.1885,2.0557,28,26,0.0,0.0,1,1,0,0,0,0,1,0,0,—,—,0.0,0.0,0.0,0.0
2026-05-25 16:57:00.023473,1779742620.023473,2420,161838.0,INS_SOLUTION_GOOD,good,43.5145426569,-79.68416669022,161.8809,-37.1,2.430629968,-0.338729529,198.904583666,0.0832,0.0885,0.3091,2.9615,-4.0922,-0.1781,5.0514,0.0498,0.0241,0.0428,0.0045118414404559,-0.0034527090043688,-0.0024364541226453,0.0018565527614189507,0.007287547646782378,0.001623455936676832,3.24029584238e-05,0.0001271917008325,2.83346513561e-05,-829124,-7814048,162672104,2164845,2701998,503067,-0.049627251431884775,-0.46771016735351567,9.736745536447755,0.5004981844711304,0.6246844893951417,0.11630584183502198,61,f135fe00,43.51451524487,-79.68413896547,161.5045,-37.1,SOL_COMPUTED,INS_PSRSP,good,1.4261,1.123,2.01,29,27,0.0,0.0,1,1,0,0,0,0,1,0,0,—,—,0.0,0.0,0.0,0.0
2026-05-25 16:57:01.031264,1779742621.031264,2420,161839.0,INS_SOLUTION_GOOD,good,43.51457395636,-79.68421861229,161.8986,-37.1,1.914516561,-0.082970989,200.120795296,0.087,0.0945,0.3118,3.405,-4.5812,-0.1619,5.7080,0.0616,0.0292,0.0474,0.0068142665153066,-0.0008906432568146,0.0006253620776629,-0.004119093999269673,-0.009089725747310599,-0.01289112016356715,-7.18917524865e-05,-0.0001586456423941,-0.0002249924911248,6837574,-3511142,163021330,-1459820,-3628185,-5180570,0.4092632755560303,-0.21015955013610843,9.757648473171999,-0.3375009571838379,-0.8388129429244995,-1.197714330368042,61,f134fe00,43.51454706302,-79.68418442965,162.2168,-37.1,SOL_COMPUTED,INS_PSRSP,good,1.3704,1.0714,1.9544,29,27,0.0,0.0,1,1,0,0,0,0,1,0,0,—,—,0.0,0.0,0.0,0.0
2026-05-25 16:57:02.017007,1779742622.017007,2420,161840.0,INS_SOLUTION_GOOD,good,43.51461882858,-79.68427485858,162.3918,-37.1,1.790462484,0.33191462,201.74264407,0.0884,0.0904,0.3101,4.1514,-4.6519,-0.0168,6.2349,0.0355,0.0298,0.0428,-0.0007719055866287,0.0010464243841758,0.0015226168124208,-0.0029504959915605264,-0.0017198206882831982,-0.009920784566207097,-5.14958696197e-05,-3.00165335545e-05,-0.0001731503550616,-7951865,2936337,168664947,-1085832,-174510,-3830599,-0.47595920960845955,0.1757545730044556,10.095447402939149,-0.25103734661865235,-0.0403455850982666,-0.8856097526321411,61,f133fe00,43.51457863565,-79.68423617829,162.2482,-37.1,SOL_COMPUTED,INS_PSRSP,good,1.3357,1.0289,1.9345,29,27,0.0,0.0,1,1,0,0,0,0,1,0,0,—,—,0.0,0.0,0.0,0.0
2026-05-25 16:57:03.052568,1779742623.052568,2420,161841.0,INS_SOLUTION_GOOD,good,43.51466069807,-79.68432509234,162.7216,-37.1,2.191139508,0.483076607,202.401624132,0.0853,0.089,0.3127,4.3341,-4.1729,-0.0275,6.0164,0.0269,0.0229,0.0297,-0.0021433836781797,-0.0016012322899789,-0.0029959941240306,0.008409002723147275,-0.0044553822118453155,-0.006360169430604442,0.0001467647843283,-7.77610890316e-05,-0.0001110058975489,-8738473,-451940,162693394,3271062,-1922288,-2259796,-0.5230416640957642,-0.027050887457275394,9.738019850281374,0.7562484114532471,-0.44442057238769533,-0.5224502425231934,61,f132fe00,43.51462388977,-79.68429221355,162.7447,-37.1,SOL_COMPUTED,INS_PSRSP,good,1.2755,0.9923,1.8791,29,27,0.0,0.0,1,1,0,0,0,0,1,0,0,—,—,0.0,0.0,0.0,0.0
2026-05-25 16:57:04.036160,1779742624.036160,2420,161842.0,INS_SOLUTION_GOOD,good,43.51469669053,-79.68437520275,162.6589,-37.1,2.347449906,0.966283977,202.719070241,0.0826,0.0861,0.3162,4.0718,-3.9024,-0.0284,5.6399,0.0224,0.0193,0.0233,-0.0067218793130552,0.0032300092010925,0.0026600992847476,0.02034993669208517,-0.005470209925644048,0.002331607104684781,0.0003551733978498,-9.54731739779e-05,4.06942208397e-05,-18381639,7643138,167829618,8544446,-3179131,1486988,-1.100233765254822,0.45748034221008305,10.045448750974733,1.9754207392730714,-0.7349945578994751,0.34378202334594726,61,f131fe00,43.51466591737,-79.68434239068,163.0641,-37.1,SOL_COMPUTED,INS_PSRSP,good,1.2217,0.9606,1.811,29,27,0.0,0.0,1,1,0,0,0,0,1,0,0,—,—,0.0,0.0,0.0,0.0
2026-05-25 16:57:05.018047,1779742625.018047,2420,161843.0,INS_SOLUTION_GOOD,good,43.51473114065,-79.68442125021,162.7512,-37.1,1.812353283,0.719406677,202.680422109,0.0794,0.0829,0.3182,3.7164,-3.5573,0.0527,5.1445,0.0237,0.0189,0.0214,-0.0074046865717504,0.002323801024387,-0.0044112385474797,0.00674720053809156,0.02820118152970669,0.0007898828334268348,0.0001177608646822,0.0004922034706467,1.37860561483e-05,-17808955,4899236,155711716,2240773,11506531,999924,-1.0659557406661988,0.2932439741174317,9.320131223824465,0.5180522477645874,2.6602356635513305,0.23117597177124025,61,f130fe00,43.51470200415,-79.68439245974,162.9971,-37.1,SOL_COMPUTED,INS_PSRSP,good,1.1783,0.9325,1.7666,29,27,0.0,0.0,1,1,0,0,0,0,1,0,0,—,—,0.0,0.0,0.0,0.0
2026-05-25 16:57:06.039027,1779742626.039027,2420,161844.0,INS_SOLUTION_GOOD,good,43.51476080239,-79.68446303748,162.7885,-37.1,1.714441863,-0.176205422,201.55290718,0.0772,0.0801,0.3189,3.109,-3.0585,0.0113,4.3612,0.0231,0.0187,0.0201,-0.0064816158104404,-0.0046128192775156,0.0019406805077287,-0.0048312115603189815,-0.001100961190813458,0.004012316352973547,-8.43205485881e-05,-1.92153977164e-05,7.00281309911e-05,-16698286,-8919618,168252760,-914477,-20141,1933874,-0.9994766015740968,-0.5338841055889894,10.070775932946779,-0.2114211771469116,-0.004656469139099121,0.447099180770874,61,f12efe00,43.5147364248,-79.68443848112,163.1035,-37.1,SOL_COMPUTED,INS_PSRSP,good,1.141,0.9082,1.7341,29,27,0.0,0.0,1,1,0,0,0,0,1,0,0,—,—,0.0,0.0,0.0,0.0
2026-05-25 16:57:07.031233,1779742627.031233,2420,161845.0,INS_SOLUTION_GOOD,good,43.51478656884,-79.68449645389,162.7819,-37.1,2.483108422,-0.479996581,207.641510762,0.0739,0.0763,0.3193,2.967,-2.0636,-0.0299,3.6141,0.0226,0.0191,0.0205,-0.0168989595612506,-0.0101547250207232,-0.0010256787774898,0.014144452165604761,0.010180987839343335,-0.18297041947057716,0.000246867261181,0.0001776917589023,-0.0031934362535213,-26204399,-14628811,163458377,4038718,2257447,-52767447,-1.5684653897299197,-0.8756080895578005,9.783807939496157,0.9337255214996338,0.5219071688919067,-12.199492999580384,61,f12dfe00,43.51476579117,-79.68448042584,163.1434,-37.1,SOL_COMPUTED,INS_PSRSP,good,1.1096,0.8875,1.7074,29,27,0.0,0.0,1,1,0,0,0,0,1,0,0,—,—,0.0,0.0,0.0,0.0
2026-05-25 16:57:08.032062,1779742628.032062,2420,161846.0,INS_SOLUTION_GOOD,good,43.51481084831,-79.68451157186,162.816,-37.1,2.800853294,-0.958049215,225.967056446,0.0716,0.0746,0.3179,3.0111,-0.7875,-0.0461,3.1124,0.0243,0.0183,0.0217,-0.0076249358373665,-0.0202050212036796,0.0010644195454862,0.003994540218685703,0.00956603174200409,-0.33526178774272347,6.97178789195e-05,0.0001669587502485,-0.0058514220522413,-17154054,-26701415,166585583,2366381,2938748,-96724924,-1.026756614130249,-1.5982143030380251,9.97098698441742,0.5470920062484741,0.6794195605773926,-22.362177825714113,61,f12cfe00,43.5147928781,-79.68451307732,163.1165,-37.1,SOL_COMPUTED,INS_PSRSP,good,1.0892,0.8711,1.6885,28,26,0.0,0.0,1,1,0,0,0,0,1,0,0,—,—,0.0,0.0,0.0,0.0
2026-05-25 16:57:09.021893,1779742629.021893,2420,161847.0,INS_SOLUTION_GOOD,good,43.51483776806,-79.68451200806,162.7578,-37.1,2.480549284,-1.511985784,249.149719645,0.0719,0.0777,0.3221,3.0658,0.3263,-0.0421,3.0831,0.037,0.0236,0.0267,-0.0040044176162292,-0.0106433147230839,0.0014046201297019,0.009318624917901435,0.005409452582324054,-0.22709137743726893,0.000162640686576,9.44127582922e-05,-0.0039634922391752,-15282632,-22925758,167324374,4575227,1884598,-97481194,-0.9147425726489259,-1.3722221965985109,10.015207350385133,1.0577629377822877,0.43570688777160643,-22.537022566085817,61,f12bfe00,43.51482063591,-79.68452466614,163.1424,-37.1,SOL_COMPUTED,INS_PSRSP,good,1.0664,0.856,1.6697,29,27,0.0,0.0,1,1,0,0,0,0,1,0,0,—,—,0.0,0.0,0.0,0.0
2026-05-25 16:57:10.026330,1779742630.026330,2420,161848.0,INS_SOLUTION_GOOD,good,43.51486223062,-79.68450020228,162.7119,-37.1,2.501148443,-1.758402704,271.119391131,0.0704,0.0794,0.3257,2.7401,1.2517,-0.0112,3.0125,0.0479,0.026,0.0316,-0.0027742820246512,-0.010108470923345,-0.0023420177681351,0.018279794624795422,0.010216456537584183,-0.3169216526155561,0.0003190426027915,0.000178310804468,-0.0055313263090111,-11337120,-17378637,162963547,5634560,2984536,-90862487,-0.6785837881347657,-1.040199038916321,9.754189869308778,1.30267388671875,0.6900054505004883,-21.006820248115538,61,f12afe00,43.51485049064,-79.68451878306,163.0924,-37.1,SOL_COMPUTED,INS_PSRSP,good,1.0593,0.8454,1.6594,27,25,0.0,0.0,1,1,0,0,0,0,1,0,0,—,—,0.0,0.0,0.0,0.0
2026-05-25 16:57:11.070217,1779742631.070217,2420,161849.0,INS_SOLUTION_GOOD,good,43.51488472672,-79.68448005319,162.6828,-37.1,2.439925934,-1.743172318,289.53018959,0.0729,0.0816,0.3307,2.4532,1.8491,-0.01,3.0720,0.0637,0.0433,0.0416,-0.0008471008899557,-0.0013818855150862,-0.00127500430306,0.00923876856682009,0.005142628879118944,-0.0733962940072193,0.000161246930321,8.97558061489e-05,-0.0012810069891896,-10704036,-10231060,159884930,8344679,4782132,-62217631,-0.6406905190393067,-0.6123805209289551,9.569919120999147,1.9292358988723755,1.105598037689209,-14.38431451563263,61,f129fe00,43.51487587495,-79.68449996108,163.046,-37.1,SOL_COMPUTED,INS_PSRSP,good,1.0668,0.8382,1.6567,27,25,0.0,0.0,1,1,0,0,0,0,1,0,0,—,—,0.0,0.0,0.0,0.0
2026-05-25 16:57:12.025125,1779742632.025125,2420,161850.0,INS_SOLUTION_GOOD,good,43.51490255368,-79.68445712418,162.7019,-37.1,1.883367106,-1.627235012,298.336617097,0.0747,0.0829,0.3346,1.9735,1.7209,-0.0062,2.6184,0.0766,0.0572,0.0485,-0.0083049858196156,0.0007365468225896,-0.0010302550455515,0.005624375824406218,-0.006199824006037807,-0.044265803453651165,9.81638765056e-05,-0.0001082073419497,-0.000772584016308,-15746895,-5611697,164800027,1996780,-1835978,-11639184,-0.9425310537826539,-0.33588835684234625,9.864112455929872,0.4616426417541504,-0.42446625773620605,-2.690904180541992,61,f128fe00,43.51489761441,-79.68447390547,163.0184,-37.1,SOL_COMPUTED,INS_PSRSP,good,1.097,0.8433,1.6598,26,24,0.0,0.0,1,1,0,0,0,0,1,0,0,—,—,0.0,0.0,0.0,0.0
2026-05-25 16:57:13.024050,1779742633.024050,2420,161851.0,INS_SOLUTION_GOOD,good,43.51491681674,-79.68443787299,162.6796,-37.1,1.380241461,-1.701447285,297.866108448,0.0761,0.0842,0.3375,1.4939,1.3422,0.0106,2.0083,0.0894,0.0694,0.0534,-0.0066651329942859,0.0010602338738496,-0.0024027728946741,0.0027693174539532434,0.0030744965701060304,0.011631419846091473,4.83337076045e-05,5.36600879897e-05,0.0002030065729964,-16248588,-4591875,160105750,1379292,1240517,5448282,-0.9725599091198732,-0.27484686870574954,9.58313631126404,0.3188834035949707,0.28679951973724366,1.2596076160125733,61,f127fe00,43.51491457665,-79.68444835432,163.0523,-37.1,SOL_COMPUTED,INS_PSRSP,good,1.1667,0.8761,1.6751,26,24,0.0,0.0,1,1,0,0,0,0,1,0,0,—,—,0.0,0.0,0.0,0.0
2026-05-25 16:57:14.028790,1779742634.028790,2420,161852.0,INS_SOLUTION_GOOD,good,43.51491724683,-79.68443466687,162.9808,-37.1,1.351110337,-1.535533917,297.548664866,0.0658,0.0785,0.3379,0.5893,0.6754,0.0441,0.8963,0.082,0.0467,0.0507,-0.0104388775888139,0.0011498358794378,-8.24492454979e-05,0.003430315388245638,0.000831307811279742,0.0026834405044501523,5.98702979068e-05,1.45090584044e-05,4.68348720841e-05,-16763525,-4843091,164034126,1218603,-10333,1228296,-1.0033814846267701,-0.2898834128121949,9.818269419786988,0.28173314444732667,-0.0023889228744506837,0.28397410345458984,61,f126fe00,43.51492887052,-79.68442926691,163.0432,-37.1,SOL_COMPUTED,INS_PSRSP,good,1.2915,0.949,1.7072,25,23,0.0,0.0,1,1,0,0,0,0,1,0,0,—,—,0.0,0.0,0.0,0.0
2026-05-25 16:57:15.028280,1779742635.028280,2420,161853.0,INS_SOLUTION_GOOD,good,43.51491461553,-79.68443311277,162.9944,-37.1,1.176429316,-1.580810795,297.584721915,0.0645,0.0748,0.3405,-0.0979,0.1459,0.0353,0.1757,0.0763,0.0406,0.0499,0.0036018119386144,0.0009119577062232,-0.0003676501325909,-0.004777625116601845,-0.004487620291093473,-0.0006730201152740026,-8.33852887108e-05,-7.8323749659e-05,-1.17464169437e-05,1360797,-4518136,164054577,-1814555,-1972562,64241,0.08145056091339112,-0.270433217800293,9.819493515240785,-0.41951339847564695,-0.4560435965423584,0.014852104362487793,61,f125fe00,43.51492932854,-79.68442614117,163.3454,-37.1,SOL_COMPUTED,INS_PSRSP,good,1.3414,0.9003,1.7273,26,24,0.0,0.0,1,1,0,0,0,0,1,0,0,—,—,0.0,0.0,0.0,0.0
2026-05-25 16:57:16.077457,1779742636.077457,2420,161854.0,INS_SOLUTION_GOOD,good,43.51492145045,-79.68443851698,163.0488,-37.1,1.282823407,-1.807583657,297.725486336,0.0588,0.0593,0.3423,0.059,-0.1145,0.0096,0.1288,0.0357,0.029,0.0447,-0.0009317731405159,0.0011639685901534,-0.0001134865013626,-0.0005885731257152284,0.0001905661031003007,-0.000558248302539632,-1.02725389325e-05,3.3260059418e-06,-9.743270923e-06,-6001188,-4710006,164624790,-55610,-236591,85766,-0.3592013568127442,-0.2819176046136475,9.853623638021851,-0.012856672897338868,-0.05469831140899658,0.019828545364379883,61,f123fe00,43.51492668679,-79.68442458872,163.3635,-37.1,SOL_COMPUTED,INS_PSRSP,good,1.3615,0.892,1.7511,27,25,0.0,0.0,1,1,0,0,0,0,1,0,0,—,—,0.0,0.0,0.0,0.0
2026-05-25 16:57:17.029107,1779742637.029107,2420,161855.0,INS_SOLUTION_GOOD,good,43.51492128357,-79.68443377817,163.9592,-37.1,1.286538405,-1.767027809,297.594344791,0.0535,0.0548,0.3423,-0.0282,-0.0792,0.1049,0.0841,0.0255,0.0175,0.0297,-0.0016081945044274,0.001830338372346,-0.0002853635306868,0.00028445997427819407,0.0019939264675639017,-0.0012086399244134267,4.9647631413e-06,3.48005819017e-05,-2.10947461521e-05,-7250945,-3096586,163884262,512552,983399,-21239,-0.43400561391754156,-0.18534628355041508,9.809299303847046,0.11849871258544922,0.2273554984817505,-0.004910319648742676,61,f122fe00,43.51493351795,-79.68442996335,163.4149,-37.1,SOL_COMPUTED,INS_PSRSP,good,1.1387,0.8609,1.744,29,27,0.0,0.0,1,1,0,0,0,0,1,0,0,—,—,0.0,0.0,0.0,0.0
2026-05-25 16:57:18.028536,1779742638.028536,2420,161856.0,INS_SOLUTION_GOOD,good,43.51492328049,-79.68443240572,164.1549,-37.1,1.345426402,-1.792408159,297.687710916,0.0496,0.0512,0.3408,-0.0123,-0.1252,0.0374,0.1258,0.021,0.0155,0.0232,-0.0003565147087779,0.0007201666011207,0.0002149883891654,-0.00044511639909270703,0.0007303452653598852,-0.0009693664506249082,-7.7687467188e-06,1.27469295569e-05,-1.69186362218e-05,-5569390,-5117864,164372425,71604,31276,-48188,-0.3333560696014405,-0.3063299621313477,9.83851832047272,0.016554382415771486,0.0072308092346191405,-0.011140754425048829,61,f122fe00,43.5149333649,-79.68442526157,164.3252,-37.1,SOL_COMPUTED,INS_PSRSP,good,1.0986,0.8281,1.6577,30,28,0.0,0.0,1,1,0,0,0,0,1,0,0,—,—,0.0,0.0,0.0,0.0
2026-05-25 16:57:19.034614,1779742639.034614,2420,161857.0,INS_SOLUTION_GOOD,good,43.51492499932,-79.68443100233,164.5141,-37.1,1.388328193,-1.769965,297.914581286,0.0468,0.0485,0.3385,-0.0699,-0.1623,0.0072,0.1767,0.0178,0.0145,0.0196,-0.0002802411655656,0.0007748795122904,3.34441987604e-05,-0.00040655953148563043,0.0006333457653020549,-0.001936751742785851,-7.0958024298e-06,1.10539689081e-05,-3.38026947054e-05,-5035657,-4950425,164544898,31599,29888,-446891,-0.3014094587344361,-0.29630789383697514,9.848841699046021,0.007305484748840332,0.00690991259765625,-0.10331831339263917,61,f120fe00,43.51493535451,-79.68442385902,164.5194,-37.1,SOL_COMPUTED,INS_PSRSP,good,1.0725,0.8115,1.6171,30,28,0.0,0.0,1,1,0,0,0,0,1,0,0,—,—,0.0,0.0,0.0,0.0
2026-05-25 16:57:20.020321,1779742640.020321,2420,161858.0,INS_SOLUTION_GOOD,good,43.51492782687,-79.68443013402,164.8756,-37.1,1.476154935,-1.75622797,298.209855395,0.0451,0.047,0.337,0.0272,-0.1292,0.011,0.1320,0.017,0.0138,0.0182,-0.0015394639104659,0.0008581202413299,0.0001933635064752,-0.001402016824768393,-0.00023032196580678664,-0.0007283870116916505,-2.44698097606e-05,-4.019876643e-06,-1.27127515828e-05,-7655736,-4982531,164915984,-362686,-425408,84319,-0.4582343960229493,-0.29822959979949953,9.87105306697754,-0.08385066114807128,-0.09835158251953124,0.019494008308410644,61,f11ffe00,43.51493704949,-79.68442238505,164.8774,-37.1,SOL_COMPUTED,INS_PSRSP,good,1.0482,0.7971,1.5889,30,28,0.0,0.0,1,1,0,0,0,0,1,0,0,—,—,0.0,0.0,0.0,0.0
2026-05-25 16:57:21.028599,1779742641.028599,2420,161859.0,INS_SOLUTION_GOOD,good,43.51493061333,-79.68442905546,165.2155,-37.1,1.502894459,-1.752302378,298.374688239,0.0445,0.0463,0.3375,0.0478,-0.1036,-0.0018,0.1141,0.0171,0.0134,0.0181,-0.000615926596229,0.0009174333766895,-0.0001428671283173,-0.0006697132155910936,0.00042069089694104925,-0.0007968844851071804,-1.16887006562e-05,7.3424412848e-06,-1.39082580232e-05,-6176303,-5031102,163506124,14734,152126,120892,-0.36968287240570075,-0.3011368190203858,9.786665838162843,0.0034064056549072265,0.03517054884338379,0.02794944973754883,61,f11efe00,43.51493984802,-79.68442142558,165.2366,-37.1,SOL_COMPUTED,INS_PSRSP,good,1.024,0.7843,1.569,30,28,0.0,0.0,1,1,0,0,0,0,1,0,0,—,—,0.0,0.0,0.0,0.0
2026-05-25 16:57:22.020170,1779742642.020170,2420,161860.0,INS_SOLUTION_GOOD,good,43.51493340712,-79.68442743396,165.63,-37.1,1.54874152,-1.750493133,298.568127406,0.0443,0.0456,0.3381,0.0637,-0.0909,-0.0035,0.1110,0.0158,0.0128,0.0173,0.0001554364859548,0.0004627054686311,-0.00021304852824,-0.0006231973970100921,0.0005497402589925416,-0.000800237891705565,-1.08768464677e-05,9.5947775502e-06,-1.39667860095e-05,-5275882,-5612341,164429089,-33670,39633,36964,-0.31578813607971196,-0.3359269034890748,9.841909946544495,-0.007784286575317383,0.009162893669128418,0.008545838104248048,61,f11efe00,43.5149426179,-79.68442029988,165.5759,-37.1,SOL_COMPUTED,INS_PSRSP,good,1.001,0.7729,1.5515,30,28,0.0,0.0,1,1,0,0,0,0,1,0,0,—,—,0.0,0.0,0.0,0.0
2026-05-25 16:57:23.024323,1779742643.024323,2420,161861.0,INS_SOLUTION_GOOD,good,43.514936108,-79.68442560954,166.0573,-37.1,1.595627182,-1.744924721,298.748729695,0.0443,0.0453,0.3392,0.08,-0.0823,-0.0073,0.1148,0.0151,0.0125,0.0167,0.000371110832551,0.0009022061729961,7.38847887861e-05,-0.0007554036647249118,0.0006363018348483009,-0.0014221570984329654,-1.31842811311e-05,1.11055620546e-05,-2.48213238483e-05,-5076967,-5095957,163869196,-18737,17779,35363,-0.30388207049896243,-0.30501871773712164,9.80839752779175,-0.004331873405456543,0.004110389991760254,0.008175697242736816,61,f11dfe00,43.51494539207,-79.68441862019,165.9891,-37.1,SOL_COMPUTED,INS_PSRSP,good,0.9807,0.7632,1.5353,30,28,0.0,0.0,1,1,0,0,0,0,1,0,0,—,—,0.0,0.0,0.0,0.0
2026-05-25 16:57:24.027386,1779742644.027386,2420,161862.0,INS_SOLUTION_GOOD,good,43.51493839946,-79.68442373754,166.4516,-37.1,1.630148152,-1.732421017,298.913411694,0.0442,0.0451,0.3408,0.0853,-0.0723,-0.0117,0.1118,0.0147,0.0124,0.0164,0.000315657820156,0.0004993192051299,1.898940959e-06,-0.0003386928636036355,0.0005202384137784711,-0.0007173082745949809,-5.9113056229e-06,9.0798732158e-06,-1.25193911435e-05,-5197258,-5202813,164467543,15158,33004,83743,-0.3110820932965088,-0.311414588052063,9.844211612310486,0.0035044317169189453,0.007630311676025391,0.019360840827941896,61,f11bfe00,43.51494807478,-79.68441674165,166.4152,-37.1,SOL_COMPUTED,INS_PSRSP,good,0.9631,0.7549,1.5206,30,28,0.0,0.0,1,1,0,0,0,0,1,0,0,—,—,0.0,0.0,0.0,0.0
2026-05-25 16:57:25.016949,1779742645.016949,2420,161863.0,INS_SOLUTION_GOOD,good,43.51494039531,-79.6844219158,166.8201,-37.1,1.660713875,-1.723497012,299.062609349,0.0445,0.0452,0.3427,0.0889,-0.0656,-0.0155,0.1105,0.0145,0.0123,0.0163,0.0004356929409056,0.0006054055390636,3.30714122556e-05,-0.00047193559480975954,0.0007620852857638407,-0.0013459763175815132,-8.2368299868e-06,1.33008974176e-05,-2.34917183957e-05,-5404428,-5229169,164555765,5049,-10420,-21284,-0.3234822622448731,-0.31299212752593997,9.849492143782046,0.0011672961959838866,-0.002409036712646484,-0.004920723358154297,61,f11afe00,43.51495034881,-79.68441481989,166.8086,-37.1,SOL_COMPUTED,INS_PSRSP,good,0.9476,0.7475,1.5066,29,27,0.0,0.0,1,1,0,0,0,0,1,0,0,—,—,0.0,0.0,0.0,0.0
2026-05-25 16:57:26.026698,1779742646.026698,2420,161864.0,INS_SOLUTION_GOOD,good,43.51494183067,-79.6844201016,167.1632,-37.1,1.681879632,-1.708785037,299.213969636,0.0443,0.0449,0.3448,0.0841,-0.0576,-0.0167,0.1019,0.0143,0.0122,0.0162,0.0001979808633058,0.000894529350465,1.62337604802e-05,-0.000408655763727091,0.000658463355544609,-0.0014123394915542657,-7.1323885843e-06,1.1492353558e-05,-2.46499742836e-05,-5186029,-4919396,164790034,29378,-33938,11515,-0.31040998103546147,-0.2944506517541504,9.863514324500123,0.006792003890991211,-0.007846246444702148,0.002662193641662598,61,f119fe00,43.51495232898,-79.68441295373,167.1763,-37.1,SOL_COMPUTED,INS_PSRSP,good,0.9339,0.7408,1.4933,29,27,0.0,0.0,1,1,0,0,0,0,1,0,0,—,—,0.0,0.0,0.0,0.0
2026-05-25 16:57:27.020121,1779742647.020121,2420,161865.0,INS_SOLUTION_GOOD,good,43.51494314026,-79.68441827906,167.4771,-37.1,1.710383356,-1.70084283,299.346650265,0.0444,0.0449,0.347,0.0883,-0.0468,-0.0207,0.0999,0.0142,0.0122,0.0165,0.0007881825485948,0.0007303311407719,-0.0003204027367456,-0.0004308675559179608,0.0006015670762859033,-0.0013355757252409954,-7.5200574908e-06,1.04993261528e-05,-2.33101938152e-05,-4877200,-5202129,164098243,59337,51184,86545,-0.29192500842285163,-0.3113736472036744,9.822107145483095,0.013718331230163574,0.011833410278320312,0.02000864513397217,61,f118fe00,43.5149537476,-79.68441109426,167.5189,-37.1,SOL_COMPUTED,INS_PSRSP,good,0.9217,0.7347,1.4807,29,27,0.0,0.0,1,1,0,0,0,0,1,0,0,—,—,0.0,0.0,0.0,0.0
2026-05-25 16:57:28.018050,1779742648.018050,2420,161866.0,INS_SOLUTION_GOOD,good,43.51494403977,-79.68441679205,167.78,-37.1,1.726373907,-1.694499304,299.478703168,0.0445,0.0449,0.3493,0.0865,-0.0507,-0.0199,0.1003,0.0141,0.0121,0.0164,0.0002316551030215,0.0002881182255117,-3.9900886297e-05,-0.00027111200145109207,0.00014635732448633874,-0.0004991634871662477,-4.731797067e-06,2.5544171967e-06,-8.7120463568e-06,-4996388,-5168422,164103677,-78466,33027,-3548,-0.2990590111096192,-0.3093561133197022,9.822432397778627,-0.01814083250427246,0.0076356291275024414,-0.0008202746887207031,61,f117fe00,43.51495504315,-79.68440923217,167.832,-37.1,SOL_COMPUTED,INS_PSRSP,good,0.9106,0.729,1.4689,29,27,0.0,0.0,1,1,0,0,0,0,1,0,0,—,—,0.0,0.0,0.0,0.0
2026-05-25 16:57:29.022435,1779742649.022435,2420,161867.0,INS_SOLUTION_GOOD,good,43.51494476397,-79.68441500274,168.0708,-37.1,1.742633172,-1.680237176,299.616757467,0.0447,0.045,0.3515,0.0822,-0.0422,-0.0201,0.0924,0.014,0.0121,0.0163,0.0005115884098929,0.0008792261295513,0.0002450830336228,-0.0004658417306131722,0.0008768371529435486,-0.001357758000777663,-8.1304719924e-06,1.53036953227e-05,-2.36973475589e-05,-4937212,-5351935,163958673,-31018,-64224,11964,-0.295517029173584,-0.3203402915512085,9.813753177340395,-0.0071711613006591795,-0.014848174072265624,0.002765999542236328,61,f116fe00,43.51495592796,-79.68440770634,168.1345,-37.1,SOL_COMPUTED,INS_PSRSP,good,0.9004,0.7234,1.4585,29,27,0.0,0.0,1,1,0,0,0,0,1,0,0,—,—,0.0,0.0,0.0,0.0
2026-05-25 16:57:30.020336,1779742650.020336,2420,161868.0,INS_SOLUTION_GOOD,good,43.51494535413,-79.68441343247,168.3371,-37.1,1.757617989,-1.669647967,299.744220758,0.0447,0.0449,0.3537,0.0778,-0.0388,-0.0193,0.0869,0.0141,0.0122,0.0166,0.0001455414315875,0.0001016868490146,1.44266168309e-05,-9.110018211067497e-06,0.00010954906776543643,-0.000411612403652822,-1.589998127e-07,1.911991925e-06,-7.1839916858e-06,-5186326,-5537022,164222483,120728,-41598,32799,-0.31042775798278816,-0.33141868161804205,9.829543535839539,0.02791153399658203,-0.00961718898010254,0.0075829169998168945,61,f115fe00,43.51495663654,-79.68440587596,168.4249,-37.1,SOL_COMPUTED,INS_PSRSP,good,0.8919,0.7187,1.451,29,27,0.0,0.0,1,1,0,0,0,0,1,0,0,—,—,0.0,0.0,0.0,0.0
2026-05-25 16:57:31.142883,1779742651.142883,2420,161869.0,INS_SOLUTION_GOOD,good,43.51494598494,-79.68441206127,168.5871,-37.1,1.776362957,-1.663506236,299.882429474,0.0446,0.0448,0.3559,0.0855,-0.0396,-0.018,0.0942,0.0139,0.012,0.0163,0.0001741214530133,0.0003341341446834,-6.95646845458e-05,-0.0001715235736509288,0.00029886731581059027,-0.0009481247675742266,-2.993651105e-06,5.2162186875e-06,-1.65478989139e-05,-5411252,-5330317,163989473,93854,30286,5677,-0.32389071304809575,-0.31904634526397707,9.815596712618715,0.021698438735961913,0.007001927627563477,0.0013124857406616212,61,f114fe00,43.51495721229,-79.68440426807,168.6908,-37.1,SOL_COMPUTED,INS_PSRSP,good,0.8859,0.7157,1.447,29,27,0.0,0.0,1,1,0,0,0,0,1,0,0,—,—,0.0,0.0,0.0,0.0
2026-05-25 16:57:32.046792,1779742652.046792,2420,161870.0,INS_SOLUTION_GOOD,good,43.51494631079,-79.68441076745,168.8141,-37.1,1.788040322,-1.648575049,300.014146691,0.0445,0.0447,0.3582,0.0868,-0.0373,-0.0193,0.0945,0.0141,0.0121,0.0163,0.0002031550438998,0.0004200539002624,0.0002302767829842,-0.00024670273471173124,0.0002700585602119125,-0.0009378128165429762,-4.3057749944e-06,4.7134110489e-06,-1.63679214161e-05,-5264802,-5015309,164219110,44768,84242,-6604,-0.31512494221984866,-0.3001915283499146,9.829341644784547,0.010350072509765626,0.01947620640563965,-0.0015268021545410157,61,f113fe00,43.51495782761,-79.68440285624,168.9402,-37.1,SOL_COMPUTED,INS_PSRSP,good,0.8817,0.714,1.4459,29,27,0.0,0.0,1,1,0,0,0,0,1,0,0,—,—,0.0,0.0,0.0,0.0
2026-05-25 16:57:33.024133,1779742653.024133,2420,161871.0,INS_SOLUTION_GOOD,good,43.51494663046,-79.68440958352,169.0096,-37.1,1.802619503,-1.631981796,300.132064415,0.0444,0.0446,0.3604,0.0888,-0.0363,-0.02,0.0959,0.0142,0.0121,0.0164,9.77412000558e-05,0.0004571374017515,-0.0005928295344149,-0.00019547978587974656,0.0004407225227961709,-0.0009298189081133562,-3.4117658847e-06,7.6920591105e-06,-1.62284013939e-05,-5823736,-4993204,163990983,-26401,96868,42049,-0.348579959987793,-0.29886843265747076,9.815687093731386,-0.006103740715026855,0.022395256072998047,0.009721457267761231,61,f111fe00,43.51495813817,-79.68440152361,169.167,-37.1,SOL_COMPUTED,INS_PSRSP,good,0.8793,0.7134,1.4474,29,27,0.0,0.0,1,1,0,0,0,0,1,0,0,—,—,0.0,0.0,0.0,0.0
2026-05-25 16:57:34.023833,1779742654.023833,2420,161872.0,INS_SOLUTION_GOOD,good,43.51494662497,-79.68440849035,169.1857,-37.1,1.800954883,-1.611631977,300.268808793,0.0441,0.0443,0.3627,0.0812,-0.0358,-0.0207,0.0887,0.0141,0.012,0.0161,0.0003987068121173,0.000267229155923,-9.17452289013e-05,-0.0002680771798471225,0.000283768251803126,-0.0010950221339116495,-4.6788294378e-06,4.9526903066e-06,-1.9111741619e-05,-5016791,-5162991,164280436,-11498,2139,-37328,-0.30028023352142336,-0.3090310405892945,9.833012315059817,-0.00265826335144043,0.0004945229873657227,-0.008629992553710938,61,f110fe00,43.51495844421,-79.68440030462,169.362,-37.1,SOL_COMPUTED,INS_PSRSP,good,0.8742,0.7105,1.4442,29,27,0.0,0.0,1,1,0,0,0,0,1,0,0,—,—,0.0,0.0,0.0,0.0
2026-05-25 16:57:35.028069,1779742655.028069,2420,161873.0,INS_SOLUTION_GOOD,good,43.51494682126,-79.68440747912,169.3597,-37.1,1.811472276,-1.592970524,300.387295481,0.0438,0.0439,0.365,0.0873,-0.0322,-0.0177,0.0930,0.0139,0.0118,0.0157,0.0002410758878172,0.0002507514001266,-0.0001254708733765,-6.458525881064203e-05,0.000372265792025571,-0.0009701299609129959,-1.1272254145e-06,6.4972637634e-06,-1.69319619902e-05,-5475240,-5250625,164645751,12210,10832,4410,-0.3277207174438477,-0.3142763772964478,9.854878259546815,0.0028228731536865236,0.0025042884521484375,0.0010195635223388673,61,f10ffe00,43.51495842185,-79.68439917131,169.5383,-37.1,SOL_COMPUTED,INS_PSRSP,good,0.8692,0.7076,1.4411,29,27,0.0,0.0,1,1,0,0,0,0,1,0,0,—,—,0.0,0.0,0.0,0.0
2026-05-25 16:57:36.016067,1779742656.016067,2420,161874.0,INS_SOLUTION_GOOD,good,43.51494654775,-79.68440647772,169.5198,-37.1,1.805579533,-1.559944456,300.534954733,0.0432,0.0433,0.3673,0.0762,-0.0282,-0.0167,0.0813,0.0136,0.0117,0.015,0.000173392955859,0.0003540810783076,-0.0001605464558994,-0.0001003575207884715,0.0002984446985369978,-0.0010076733840837424,-1.7515691669e-06,5.2088426246e-06,-1.7587218337e-05,-5440020,-5059864,164161269,81035,-26870,7187,-0.32561262288208015,-0.3028583697241211,9.82587956932892,0.018734768714904784,-0.006212170486450196,0.001661587989807129,61,f10efe00,43.51495860411,-79.68439812499,169.7119,-37.1,SOL_COMPUTED,INS_PSRSP,good,0.8641,0.7046,1.4377,29,27,0.0,0.0,1,1,0,0,0,0,1,0,0,—,—,0.0,0.0,0.0,0.0
2026-05-25 16:57:37.015449,1779742657.015449,2420,161875.0,INS_SOLUTION_GOOD,good,43.51494634011,-79.68440574659,169.6661,-37.1,1.800422239,-1.538377601,300.666666275,0.0426,0.0426,0.3697,0.0701,-0.0279,-0.0139,0.0754,0.0135,0.0117,0.0149,0.0003406663766476,0.0003240027588227,0.0002202646713027,-3.348105662764993e-05,0.00018707205182428907,-0.0008212811547448914,-5.843546752e-07,3.2650232428e-06,-1.43340602349e-05,-4763662,-5318823,163857813,48855,-73599,61436,-0.2851291867205811,-0.3183583714169312,9.80771619785431,0.0112949605178833,-0.01701561353302002,0.014203606475830077,61,f10efe00,43.51495831168,-79.68439707976,169.8723,-37.1,SOL_COMPUTED,INS_PSRSP,good,0.8591,0.7016,1.4343,29,27,0.0,0.0,1,1,0,0,0,0,1,0,0,—,—,0.0,0.0,0.0,0.0
2026-05-25 16:57:38.014613,1779742658.014613,2420,161876.0,INS_SOLUTION_GOOD,good,43.51494622651,-79.68440496894,169.7685,-37.1,1.800332052,-1.518853067,300.780967245,0.042,0.0421,0.372,0.0688,-0.0253,-0.0178,0.0733,0.0135,0.0115,0.0148,0.0002702020774537,-3.111007456e-07,-2.43886807867e-05,-0.0004373239980804396,0.00024118688730988098,-0.0009479953189732009,-7.6327436645e-06,4.2095052962e-06,-1.65456396096e-05,-4969761,-5933849,163869732,-27927,-33423,16227,-0.29746525091949466,-0.35517077817291265,9.808429610093995,-0.006456542060852051,-0.007727181770324707,0.0037515776138305665,61,f10cfe00,43.51495808751,-79.68439631044,170.0186,-37.1,SOL_COMPUTED,INS_PSRSP,good,0.8543,0.6987,1.431,29,27,0.0,0.0,1,1,0,0,0,0,1,0,0,—,—,0.0,0.0,0.0,0.0
2026-05-25 16:57:39.016925,1779742659.016925,2420,161877.0,INS_SOLUTION_GOOD,good,43.51494612489,-79.68440423339,169.8577,-37.1,1.805174373,-1.497758498,300.892696164,0.0415,0.0415,0.3742,0.0677,-0.02,-0.0159,0.0706,0.0133,0.0113,0.0146,0.0001632611115149,0.0003178359113625,0.0001533173824038,-0.00010513778432353492,0.0008856210840857441,-0.0012306011557318998,-1.8350005047e-06,1.54570038424e-05,-2.14780419464e-05,-5402345,-5220647,164493297,29191,14717,51802,-0.3233575841934205,-0.3124820428622437,9.845753119049379,0.0067487706985473635,0.0034024753646850585,0.011976287887573243,61,f10bfe00,43.51495795975,-79.68439549959,170.1211,-37.1,SOL_COMPUTED,INS_PSRSP,good,0.8498,0.6959,1.4276,30,28,0.0,0.0,1,1,0,0,0,0,1,0,0,—,—,0.0,0.0,0.0,0.0
