sys_datetime,unix_timestamp,gps_week,gps_seconds,ins_status,pose_quality,ins_lat,ins_lon,ins_height_m,ins_undulation_m,roll_deg,pitch_deg,azimuth_deg,roll_sig_deg,pitch_sig_deg,azimuth_sig_deg,vel_n_ms,vel_e_ms,vel_u_ms,speed_2d_ms,vel_n_sig_ms,vel_e_sig_ms,vel_u_sig_ms,veh_lat_acc_ms2,veh_long_acc_ms2,veh_vert_acc_ms2,veh_pitch_rate_degs,veh_roll_rate_degs,veh_yaw_rate_degs,veh_pitch_rate_rads,veh_roll_rate_rads,veh_yaw_rate_rads,raw_accel_x_lsb,raw_accel_y_lsb,raw_accel_z_lsb,raw_gyro_x_lsb,raw_gyro_y_lsb,raw_gyro_z_lsb,imu_type,imu_status_hex,gnss_lat,gnss_lon,gnss_height_m,gnss_undulation_m,gnss_sol_status,gnss_pos_type,gnss_sol_quality,gnss_lat_sig_m,gnss_lon_sig_m,gnss_height_sig_m,gnss_num_svs,gnss_num_used,gnss_diff_age_s,gnss_sol_age_s,ext_pos_update,ext_vel_update,ext_att_update,ext_phase_update,ext_zero_vel,ext_wheel_sensor,ext_heading_update,ext_ins_enabled,ext_heading_align,spec_analysis_type,spec_band_id,spec_center_freq_hz,spec_bandwidth_hz,spec_power_dbm,spec_noise_dbm
2026-05-25 09:41:31.835926,1779716491.835926,2420,135705.0,,,,,,,,,,,,,,,,0.0000,,,,0.0,0.0,0.0,0.0,0.0,0.0,0.0,0.0,0.0,1047162,-486238,164341319,54029,211572,-3639,61,efd3fe00,43.51527274765,-79.68396101243,191.2935,-37.1,SOL_COMPUTED,SINGLE,good,1.748,1.8114,3.283,15,13,0.0,0.0,0,0,0,0,0,0,0,0,0,SPECTRUMANALYSIS,L5,1187.905,1.025,-58.418,-110.873
2026-05-25 09:41:33.985817,1779716493.985817,2420,135706.0,,,,,,,,,,,,,,,,0.0000,,,,0.0,0.0,0.0,0.0,0.0,0.0,0.0,0.0,0.0,1014211,-587292,164408691,37703,-59989,-7328,61,efd2fe00,43.5152713669,-79.68396163496,191.1297,-37.1,SOL_COMPUTED,SINGLE,good,1.7463,1.8134,3.2775,15,13,0.0,0.0,0,0,0,0,0,0,0,0,0,SPECTRUMANALYSIS,L5,1187.905,1.025,-58.418,-110.873
2026-05-25 09:41:36.252410,1779716496.252410,2420,135707.0,,,,,,,,,,,,,,,,0.0000,,,,0.0,0.0,0.0,0.0,0.0,0.0,0.0,0.0,0.0,1386352,-433595,164384252,60202,61157,-28100,61,efd2fe00,43.51527062441,-79.68396176363,190.9658,-37.1,SOL_COMPUTED,SINGLE,good,1.7472,1.8136,3.2829,15,13,0.0,0.0,0,0,0,0,0,0,0,0,0,SPECTRUMANALYSIS,L5,1187.905,1.025,-58.418,-110.873
2026-05-25 09:41:38.367877,1779716498.367877,2420,135708.0,,,,,,,,,,,,,,,,0.0000,,,,0.0,0.0,0.0,0.0,0.0,0.0,0.0,0.0,0.0,1207413,-1073245,164311059,-1366,34612,-422,61,efd2fe00,43.5152710824,-79.68396114041,190.8971,-37.1,SOL_COMPUTED,SINGLE,good,1.7564,1.8146,3.3282,15,13,0.0,0.0,0,0,0,0,0,0,0,0,0,SPECTRUMANALYSIS,L5,1187.832,0.879,-55.011,-105.146
2026-05-25 09:41:40.573320,1779716500.573320,2420,135709.0,,,,,,,,,,,,,,,,0.0000,,,,0.0,0.0,0.0,0.0,0.0,0.0,0.0,0.0,0.0,1192638,-739139,164307506,-46728,63747,-22732,61,efd1fe00,43.51527660212,-79.68394455332,191.1982,-37.1,SOL_COMPUTED,SINGLE,good,1.7558,1.7838,3.3551,15,13,0.0,0.0,0,0,0,0,0,0,0,0,0,SPECTRUMANALYSIS,L5,1187.832,0.879,-55.011,-105.146
2026-05-25 09:41:42.532197,1779716502.532197,2420,135710.0,,,,,,,,,,,,,,,,0.0000,,,,0.0,0.0,0.0,0.0,0.0,0.0,0.0,0.0,0.0,825194,-784245,164569134,46485,-409012,30166,61,efd1fe00,43.51527471508,-79.68394737992,191.4179,-37.1,SOL_COMPUTED,SINGLE,good,1.7588,1.7817,3.3509,15,13,0.0,0.0,0,0,0,0,0,0,0,0,0,SPECTRUMANALYSIS,L5,1187.832,0.879,-55.011,-105.146
2026-05-25 09:41:44.449418,1779716504.449418,2420,135711.0,,,,,,,,,,,,,,,,0.0000,,,,0.0,0.0,0.0,0.0,0.0,0.0,0.0,0.0,0.0,977416,-439528,164860120,161348,-141603,-44634,61,efd0fe00,43.51527489551,-79.68394573734,190.7068,-37.1,SOL_COMPUTED,SINGLE,good,1.7526,1.7665,3.2816,17,14,0.0,0.0,0,0,0,0,0,0,0,0,0,SPECTRUMANALYSIS,L5,1187.832,1.172,-58.6,-112.282
2026-05-25 09:41:46.355284,1779716506.355284,2420,135712.0,,,,,,,,,,,,,,,,0.0000,,,,0.0,0.0,0.0,0.0,0.0,0.0,0.0,0.0,0.0,1537969,-736420,164147376,36154,141357,-11557,61,efd0fe00,43.51527444279,-79.68394256433,189.518,-37.1,SOL_COMPUTED,SINGLE,good,1.7584,1.7667,3.2646,17,14,0.0,0.0,0,0,0,0,0,0,0,0,0,SPECTRUMANALYSIS,L5,1187.832,1.172,-58.6,-112.282
2026-05-25 09:41:47.952735,1779716507.952735,2420,135713.0,,,,,,,,,,,,,,,,0.0000,,,,0.0,0.0,0.0,0.0,0.0,0.0,0.0,0.0,0.0,1558932,-304938,164345506,2203,162076,-32606,61,efcffe00,43.51527592831,-79.6839356274,189.0917,-37.1,SOL_COMPUTED,SINGLE,good,1.7628,1.7629,3.2746,17,14,0.0,0.0,0,0,0,0,0,0,0,0,0,SPECTRUMANALYSIS,L5,1187.832,1.172,-58.6,-112.282
2026-05-25 09:41:49.894076,1779716509.894076,2420,135714.0,,,,,,,,,,,,,,,,0.0000,,,,0.0,0.0,0.0,0.0,0.0,0.0,0.0,0.0,0.0,1024198,-268544,164425261,151815,185800,56751,61,efcffe00,43.51529010007,-79.68388268735,174.7899,-37.1,SOL_COMPUTED,SINGLE,good,1.9626,1.7755,4.0229,15,13,0.0,0.0,0,0,0,0,0,0,0,0,0,SPECTRUMANALYSIS,L5,1187.832,1.318,-55.338,-106.925
2026-05-25 09:41:51.795523,1779716511.795523,2420,135715.0,,,,,,,,,,,,,,,,0.0000,,,,0.0,0.0,0.0,0.0,0.0,0.0,0.0,0.0,0.0,53885951,-4035074,153204787,8332513,361606694,2691036,61,efcefe00,43.51529155677,-79.68391259168,180.9444,-37.1,SOL_COMPUTED,SINGLE,good,1.9505,1.7682,3.9966,15,14,0.0,0.0,0,0,0,0,0,0,0,0,0,SPECTRUMANALYSIS,L5,1187.832,1.318,-55.338,-106.925
2026-05-25 09:41:53.756249,1779716513.756249,2420,135716.0,,,,,,,,,,,,,,,,0.0000,,,,0.0,0.0,0.0,0.0,0.0,0.0,0.0,0.0,0.0,403850,-2133848,181043108,3376469,135384252,1607528,61,efcefe00,43.51526487474,-79.68394036916,192.6639,-37.1,SOL_COMPUTED,SINGLE,good,1.7924,1.749,3.4118,17,15,0.0,0.0,0,0,0,0,0,0,0,0,0,SPECTRUMANALYSIS,L5,1187.832,1.318,-55.338,-106.925
2026-05-25 09:41:55.700697,1779716515.700697,2420,135717.0,,,,,,,,,,,,,,,,0.0000,,,,0.0,0.0,0.0,0.0,0.0,0.0,0.0,0.0,0.0,2178239,-1374769,165685895,43355007,83003952,8898984,61,efcdfe00,43.51526261257,-79.6839449396,195.3623,-37.1,SOL_COMPUTED,SINGLE,good,1.7867,1.7462,3.3891,16,15,0.0,0.0,0,0,0,0,0,0,0,0,0,SPECTRUMANALYSIS,L5,1187.869,1.099,-58.226,-111.485
2026-05-25 09:41:57.454047,1779716517.454047,2420,135718.0,,,,,,,,,,,,,,,,0.0000,,,,0.0,0.0,0.0,0.0,0.0,0.0,0.0,0.0,0.0,720970,-283509,164334096,57181,-31098,-51561,61,efcdfe00,43.5152963126,-79.68391472217,181.7423,-37.1,SOL_COMPUTED,SINGLE,good,1.9787,1.7902,4.0367,14,13,0.0,0.0,0,0,0,0,0,0,0,0,0,SPECTRUMANALYSIS,L5,1187.869,1.099,-58.226,-111.485
2026-05-25 09:41:59.128618,1779716519.128618,2420,135719.0,,,,,,,,,,,,,,,,0.0000,,,,0.0,0.0,0.0,0.0,0.0,0.0,0.0,0.0,0.0,1089153,-398071,164324956,26444,-48813,-26045,61,efcdfe00,43.51529579488,-79.68391362937,180.8873,-37.1,SOL_COMPUTED,SINGLE,good,2.0789,1.8844,4.1753,14,13,0.0,0.0,0,0,0,0,0,0,0,0,0,SPECTRUMANALYSIS,L5,1187.869,1.099,-58.226,-111.485
2026-05-25 09:42:00.844760,1779716520.844760,2420,135720.0,,,,,,,,,,,,,,,,0.0000,,,,0.0,0.0,0.0,0.0,0.0,0.0,0.0,0.0,0.0,1764152,-343184,164104839,62577,-446526,22242,61,efccfe00,43.5152883355,-79.68390130191,182.0948,-37.1,SOL_COMPUTED,SINGLE,good,1.9555,1.717,3.9922,15,14,0.0,0.0,0,0,0,0,0,0,0,0,0,SPECTRUMANALYSIS,L5,1187.869,1.538,-58.073,-111.2
2026-05-25 09:42:02.807639,1779716522.807639,2420,135721.0,,,,,,,,,,,,,,,,0.0000,,,,0.0,0.0,0.0,0.0,0.0,0.0,0.0,0.0,0.0,212939,-849422,164741521,-152358,-317963,8414,61,efcbfe00,43.51529610377,-79.68388180385,180.0178,-37.1,SOL_COMPUTED,SINGLE,good,1.7919,1.5602,3.6362,15,14,0.0,0.0,0,0,0,0,0,0,0,0,0,SPECTRUMANALYSIS,L5,1187.869,1.538,-58.073,-111.2
2026-05-25 09:42:04.743459,1779716524.743459,2420,135722.0,,,,,,,,,,,,,,,,0.0000,,,,0.0,0.0,0.0,0.0,0.0,0.0,0.0,0.0,0.0,1249448,-707396,164322277,-40449,-376910,-1051,61,efcbfe00,43.5153184522,-79.68392207294,176.9175,-37.1,SOL_COMPUTED,SINGLE,good,1.7728,1.5261,3.603,15,14,0.0,0.0,0,0,0,0,0,0,0,0,0,SPECTRUMANALYSIS,L5,1187.869,1.538,-58.073,-111.2
2026-05-25 09:42:06.458937,1779716526.458937,2420,135723.0,,,,,,,,,,,,,,,,0.0000,,,,0.0,0.0,0.0,0.0,0.0,0.0,0.0,0.0,0.0,1550013,-673983,164239356,-9380,-86906,-79,61,efcbfe00,43.51530479905,-79.68389048122,179.2259,-37.1,SOL_COMPUTED,SINGLE,good,1.7704,1.5233,3.5884,15,14,0.0,0.0,0,0,0,0,0,0,0,0,0,SPECTRUMANALYSIS,L5,1187.979,1.025,-54.253,-104.424
2026-05-25 09:42:08.283313,1779716528.283313,2420,135724.0,,,,,,,,,,,,,,,,0.0000,,,,0.0,0.0,0.0,0.0,0.0,0.0,0.0,0.0,0.0,-7215275,-2944865,189325680,-4583766,-192637016,-4289265,61,efcafe00,43.51531595316,-79.68390431876,177.0584,-37.1,SOL_COMPUTED,SINGLE,good,1.7835,1.5467,3.6012,15,14,0.0,0.0,0,0,0,0,0,0,0,0,0,SPECTRUMANALYSIS,L5,1187.979,1.025,-54.253,-104.424
2026-05-25 09:42:10.163490,1779716530.163490,2420,135725.0,,,,,,,,,,,,,,,,0.0000,,,,0.0,0.0,0.0,0.0,0.0,0.0,0.0,0.0,0.0,-318253,-1688999,163282544,1555742,5006748,2520287,61,efc9fe00,43.5153448662,-79.68391807361,171.1249,-37.1,SOL_COMPUTED,SINGLE,good,1.608,1.4676,3.3168,15,15,0.0,0.0,0,0,0,0,0,0,0,0,0,SPECTRUMANALYSIS,L2,1223.521,2.93,-64.312,-126.588
2026-05-25 09:42:12.044112,1779716532.044112,2420,135726.0,,,,,,,,,,,,,,,,0.0000,,,,0.0,0.0,0.0,0.0,0.0,0.0,0.0,0.0,0.0,271622,-563220,164782585,388554,1434435,114728,61,efc9fe00,43.51533924901,-79.68390014674,172.116,-37.1,SOL_COMPUTED,SINGLE,good,1.6078,1.4617,3.3172,15,15,0.0,0.0,0,0,0,0,0,0,0,0,0,SPECTRUMANALYSIS,L2,1223.521,2.93,-64.312,-126.588
2026-05-25 09:42:13.891557,1779716533.891557,2420,135727.0,,,,,,,,,,,,,,,,0.0000,,,,0.0,0.0,0.0,0.0,0.0,0.0,0.0,0.0,0.0,801655,-429765,164473431,89857,-13352,-46281,61,efc9fe00,43.51529676935,-79.68391955929,182.2163,-37.1,SOL_COMPUTED,SINGLE,good,2.1175,1.8929,4.1637,13,12,0.0,0.0,0,0,0,0,0,0,0,0,0,SPECTRUMANALYSIS,L2,1223.521,2.93,-64.312,-126.588
2026-05-25 09:42:15.660504,1779716535.660504,2420,135728.0,,,,,,,,,,,,,,,,0.0000,,,,0.0,0.0,0.0,0.0,0.0,0.0,0.0,0.0,0.0,762015,-558289,164695117,75958,-102259,-36880,61,efc9fe00,43.51528786696,-79.68390243408,183.4119,-37.1,SOL_COMPUTED,SINGLE,good,1.9473,1.6683,3.9261,15,13,0.0,0.0,0,0,0,0,0,0,0,0,0,SPECTRUMANALYSIS,L5,1188.015,1.245,-56.6,-108.629
2026-05-25 09:42:17.413509,1779716537.413509,2420,135729.0,,,,,,,,,,,,,,,,0.0000,,,,0.0,0.0,0.0,0.0,0.0,0.0,0.0,0.0,0.0,30089175,-2447113,157192972,-1226706,-60983304,-1632968,61,efc8fe00,43.51530709219,-79.68392796775,179.3866,-37.1,SOL_COMPUTED,SINGLE,good,1.8874,1.5974,3.8532,15,13,0.0,0.0,0,0,0,0,0,0,0,0,0,SPECTRUMANALYSIS,L5,1187.869,2.563,-52.337,-103.273
2026-05-25 09:42:19.550855,1779716539.550855,2420,135730.0,,,,,,,,,,,,,,,,0.0000,,,,0.0,0.0,0.0,0.0,0.0,0.0,0.0,0.0,0.0,32705624,-3487378,163393492,-12069397,-77822126,-48333132,61,efc7fe00,43.51534271515,-79.68392951363,181.41,-37.1,SOL_COMPUTED,SINGLE,good,1.8747,1.775,3.7479,15,14,0.0,0.0,0,0,0,0,0,0,0,0,0,SPECTRUMANALYSIS,L5,1187.869,2.563,-52.337,-103.273
2026-05-25 09:42:21.514891,1779716541.514891,2420,135731.0,,,,,,,,,,,,,,,,0.0000,,,,0.0,0.0,0.0,0.0,0.0,0.0,0.0,0.0,0.0,1995491,2949204,164012903,-700353,697442,7163903,61,efc7fe00,43.51531455224,-79.68389551976,176.7978,-37.1,SOL_COMPUTED,SINGLE,good,1.9853,1.8591,3.8489,15,13,0.0,0.0,0,0,0,0,0,0,0,0,0,SPECTRUMANALYSIS,L5,1187.869,2.563,-52.337,-103.273
2026-05-25 09:42:22.879756,1779716542.879756,2420,135732.0,,,,,,,,,,,,,,,,0.0000,,,,0.0,0.0,0.0,0.0,0.0,0.0,0.0,0.0,0.0,923999,-6945640,164001948,-492690,-1333738,-2913029,61,efc7fe00,43.51532273168,-79.68389624225,175.3953,-37.1,SOL_COMPUTED,SINGLE,good,2.0026,1.8726,3.8488,16,14,0.0,0.0,0,0,0,0,0,0,0,0,0,SPECTRUMANALYSIS,L5,1187.759,1.318,-56.985,-110.08
2026-05-25 09:42:24.547673,1779716544.547673,2420,135733.0,,,,,,,,,,,,,,,,0.0000,,,,0.0,0.0,0.0,0.0,0.0,0.0,0.0,0.0,0.0,3607323,-4525624,164038468,168645,85737,8946,61,efc6fe00,43.51532312863,-79.68394655691,176.4501,-37.1,SOL_COMPUTED,SINGLE,good,1.9566,1.6629,3.9198,15,13,0.0,0.0,0,0,0,0,0,0,0,0,0,SPECTRUMANALYSIS,L5,1187.759,1.318,-56.985,-110.08
2026-05-25 09:42:26.822472,1779716546.822472,2420,135734.0,,,,,,,,,,,,,,,,0.0000,,,,0.0,0.0,0.0,0.0,0.0,0.0,0.0,0.0,0.0,3785264,-3283659,163916634,25955,-221900,-31928,61,efc6fe00,43.51539043473,-79.68397180455,169.6696,-37.1,SOL_COMPUTED,SINGLE,good,2.0253,1.7241,3.6677,15,13,0.0,0.0,0,0,0,0,0,0,0,0,0,SPECTRUMANALYSIS,L5,1187.759,1.318,-56.985,-110.08
2026-05-25 09:42:28.920357,1779716548.920357,2420,135735.0,,,,,,,,,,,,,,,,0.0000,,,,0.0,0.0,0.0,0.0,0.0,0.0,0.0,0.0,0.0,3237868,-3422509,164122643,4223,-120921,-37389,61,efc5fe00,43.51540453655,-79.683990166,167.7151,-37.1,SOL_COMPUTED,SINGLE,good,1.9812,1.6897,3.614,15,13,0.0,0.0,0,0,0,0,0,0,0,0,0,SPECTRUMANALYSIS,L5,1187.869,1.392,-57.511,-110.721
2026-05-25 09:42:30.849843,1779716550.849843,2420,135736.0,,,,,,,,,,,,,,,,0.0000,,,,0.0,0.0,0.0,0.0,0.0,0.0,0.0,0.0,0.0,3548374,-3352556,164000906,-67472,523963,-228467,61,efc5fe00,43.51540580083,-79.68399229615,167.5537,-37.1,SOL_COMPUTED,SINGLE,good,1.9474,1.6541,3.6043,16,14,0.0,0.0,0,0,0,0,0,0,0,0,0,SPECTRUMANALYSIS,L5,1187.869,1.392,-57.511,-110.721
2026-05-25 09:42:32.910306,1779716552.910306,2420,135737.0,,,,,,,,,,,,,,,,0.0000,,,,0.0,0.0,0.0,0.0,0.0,0.0,0.0,0.0,0.0,2656317,-2665690,164508905,80972,699011,196815,61,efc4fe00,43.51540788588,-79.68399018635,167.2146,-37.1,SOL_COMPUTED,SINGLE,good,1.8279,1.5698,3.5934,16,14,0.0,0.0,0,0,0,0,0,0,0,0,0,SPECTRUMANALYSIS,L5,1187.869,1.392,-57.511,-110.721
2026-05-25 09:42:34.851482,1779716554.851482,2420,135738.0,,,,,,,,,,,,,,,,0.0000,,,,0.0,0.0,0.0,0.0,0.0,0.0,0.0,0.0,0.0,3533434,-3571346,164019106,124080,106250,32538,61,efc4fe00,43.51539011701,-79.68399731502,170.4685,-37.1,SOL_COMPUTED,SINGLE,good,2.1765,1.6994,3.9341,14,12,0.0,0.0,0,0,0,0,0,0,0,0,0,SPECTRUMANALYSIS,L5,1187.905,0.879,-53.961,-104.684
2026-05-25 09:42:36.848354,1779716556.848354,2420,135739.0,,,,,,,,,,,,,,,,0.0000,,,,0.0,0.0,0.0,0.0,0.0,0.0,0.0,0.0,0.0,3089353,-3458614,164457552,81063,-33481,127207,61,efc4fe00,43.51536483168,-79.68396726683,174.1137,-37.1,SOL_COMPUTED,SINGLE,good,2.7522,2.2246,4.4914,13,11,0.0,0.0,0,0,0,0,0,0,0,0,0,SPECTRUMANALYSIS,L5,1187.905,0.879,-53.961,-104.684
2026-05-25 09:42:38.776042,1779716558.776042,2420,135740.0,,,,,,,,,,,,,,,,0.0000,,,,0.0,0.0,0.0,0.0,0.0,0.0,0.0,0.0,0.0,3052380,-4032062,164334642,122982,-182573,64784,61,efc3fe00,43.51536187857,-79.68396721745,174.7353,-37.1,SOL_COMPUTED,SINGLE,good,2.7364,2.223,4.4532,14,12,0.0,0.0,0,0,0,0,0,0,0,0,0,SPECTRUMANALYSIS,L5,1187.905,0.879,-53.961,-104.684
2026-05-25 09:42:40.841582,1779716560.841582,2420,135741.0,,,,,,,,,,,,,,,,0.0000,,,,0.0,0.0,0.0,0.0,0.0,0.0,0.0,0.0,0.0,3749370,-4544845,164128873,-66917,1870,-48893,61,efc3fe00,43.51531452014,-79.68396211242,185.0581,-37.1,SOL_COMPUTED,SINGLE,good,2.5034,2.2078,3.9396,15,13,0.0,0.0,0,0,0,0,0,0,0,0,0,SPECTRUMANALYSIS,L5,1187.905,0.879,-53.961,-104.684
2026-05-25 09:42:42.697426,1779716562.697426,2420,135742.0,,,,,,,,,,,,,,,,0.0000,,,,0.0,0.0,0.0,0.0,0.0,0.0,0.0,0.0,0.0,2819586,-4073149,164272633,11853,-86774,-203555,61,efc2fe00,43.51536580883,-79.68396777496,173.927,-37.1,SOL_COMPUTED,SINGLE,good,2.7469,2.2222,4.4864,13,11,0.0,0.0,0,0,0,0,0,0,0,0,0,SPECTRUMANALYSIS,L5,1188.088,1.245,-53.427,-104.559
2026-05-25 09:42:44.852810,1779716564.852810,2420,135743.0,,,,,,,,,,,,,,,,0.0000,,,,0.0,0.0,0.0,0.0,0.0,0.0,0.0,0.0,0.0,2483537,-2651081,165033688,-174438,228753,-13899,61,efc2fe00,43.51529121455,-79.68386652149,178.9777,-37.1,SOL_COMPUTED,SINGLE,good,2.0143,1.8821,3.9013,15,13,0.0,0.0,0,0,0,0,0,0,0,0,0,SPECTRUMANALYSIS,L5,1188.088,1.245,-53.427,-104.559
2026-05-25 09:42:46.907632,1779716566.907632,2420,135744.0,,,,,,,,,,,,,,,,0.0000,,,,0.0,0.0,0.0,0.0,0.0,0.0,0.0,0.0,0.0,3068596,-3297681,164189380,-414,97334,-80745,61,efc1fe00,43.51537406713,-79.68396903841,172.485,-37.1,SOL_COMPUTED,SINGLE,good,2.3814,2.2175,3.9541,15,12,0.0,0.0,0,0,0,0,0,0,0,0,0,SPECTRUMANALYSIS,L2,1222.605,2.856,-63.853,-125.723
2026-05-25 09:42:48.803667,1779716568.803667,2420,135745.0,,,,,,,,,,,,,,,,0.0000,,,,0.0,0.0,0.0,0.0,0.0,0.0,0.0,0.0,0.0,3368794,-3674703,164042795,179849,-20209,-44943,61,efc1fe00,43.51537692284,-79.68396946912,171.9959,-37.1,SOL_COMPUTED,SINGLE,good,2.3923,2.2299,3.9878,15,12,0.0,0.0,0,0,0,0,0,0,0,0,0,SPECTRUMANALYSIS,L2,1222.605,2.856,-63.853,-125.723
2026-05-25 09:42:50.853962,1779716570.853962,2420,135746.0,,,,,,,,,,,,,,,,0.0000,,,,0.0,0.0,0.0,0.0,0.0,0.0,0.0,0.0,0.0,3709026,-4383817,163999098,-19522,-109189,1495279,61,efc0fe00,43.5153833085,-79.68397047996,170.8775,-37.1,SOL_COMPUTED,SINGLE,good,2.3863,2.2157,3.9615,15,12,0.0,0.0,0,0,0,0,0,0,0,0,0,SPECTRUMANALYSIS,L2,1222.605,2.856,-63.853,-125.723
2026-05-25 09:42:52.881952,1779716572.881952,2420,135747.0,,,,,,,,,,,,,,,,0.0000,,,,0.0,0.0,0.0,0.0,0.0,0.0,0.0,0.0,0.0,3247098,-3612623,164141248,18873,-187694,-470489,61,efbffe00,43.51539320844,-79.68398279547,168.9765,-37.1,SOL_COMPUTED,SINGLE,good,1.7085,1.5842,3.3329,16,15,0.0,0.0,0,0,0,0,0,0,0,0,0,SPECTRUMANALYSIS,L2,1229.38,1.904,-65.127,-125.197
2026-05-25 09:42:54.752990,1779716574.752990,2420,135748.0,,,,,,,,,,,,,,,,0.0000,,,,0.0,0.0,0.0,0.0,0.0,0.0,0.0,0.0,0.0,2226637,-3845927,164701787,-259949,576145,66819,61,efc0fe00,43.51539520934,-79.68398362329,168.6289,-37.1,SOL_COMPUTED,SINGLE,good,1.7067,1.5769,3.3329,16,15,0.0,0.0,0,0,0,0,0,0,0,0,0,SPECTRUMANALYSIS,L2,1229.38,1.904,-65.127,-125.197
2026-05-25 09:42:56.837058,1779716576.837058,2420,135749.0,,,,,,,,,,,,,,,,0.0000,,,,0.0,0.0,0.0,0.0,0.0,0.0,0.0,0.0,0.0,3852917,-4069987,163761184,-363184,603444,-63326,61,efbffe00,43.51538239781,-79.68398129113,170.8119,-37.1,SOL_COMPUTED,SINGLE,good,1.8365,1.7819,3.52,14,13,0.0,0.0,0,0,0,0,0,0,0,0,0,SPECTRUMANALYSIS,L2,1229.38,1.904,-65.127,-125.197
2026-05-25 09:42:58.664902,1779716578.664902,2420,135750.0,,,,,,,,,,,,,,,,0.0000,,,,0.0,0.0,0.0,0.0,0.0,0.0,0.0,0.0,0.0,2943720,-4008946,164257565,54348,95560,12787,61,efbffe00,43.51540155746,-79.68395890189,166.8913,-37.1,SOL_COMPUTED,SINGLE,good,1.7497,1.7192,3.3648,15,14,0.0,0.0,0,0,0,0,0,0,0,0,0,SPECTRUMANALYSIS,L2,1227.036,2.344,-64.497,-125.879
2026-05-25 09:43:00.495600,1779716580.495600,2420,135751.0,,,,,,,,,,,,,,,,0.0000,,,,0.0,0.0,0.0,0.0,0.0,0.0,0.0,0.0,0.0,2445737,-4545189,164588831,299307,-372636,-57440,61,efbefe00,43.51541929311,-79.68398292126,172.238,-37.1,SOL_COMPUTED,SINGLE,good,1.6337,1.635,3.0138,16,16,0.0,0.0,0,0,0,0,0,0,0,0,0,SPECTRUMANALYSIS,L2,1227.036,2.344,-64.497,-125.879
2026-05-25 09:43:01.893690,1779716581.893690,2420,135752.0,,,,,,,,,,,,,,,,0.0000,,,,0.0,0.0,0.0,0.0,0.0,0.0,0.0,0.0,0.0,2858153,-4704159,164056508,78780,145758,6608,61,efbefe00,43.5153595899,-79.6840670923,187.567,-37.1,SOL_COMPUTED,SINGLE,good,1.692,1.6131,2.9072,15,15,0.0,0.0,0,0,0,0,0,0,0,0,0,SPECTRUMANALYSIS,L2,1227.036,2.344,-64.497,-125.879
2026-05-25 09:43:03.482423,1779716583.482423,2420,135753.0,,,,,,,,,,,,,,,,0.0000,,,,0.0,0.0,0.0,0.0,0.0,0.0,0.0,0.0,0.0,2915881,-4190203,164278150,13720,-65708,-2213,61,efbdfe00,43.51539646592,-79.68399925258,174.8758,-37.1,SOL_COMPUTED,SINGLE,good,1.7395,1.6936,3.1491,14,14,0.0,0.0,0,0,0,0,0,0,0,0,0,SPECTRUMANALYSIS,L2,1221.946,2.71,-64.33,-126.725
2026-05-25 09:43:05.566698,1779716585.566698,2420,135755.0,,,,,,,,,,,,,,,,0.0000,,,,0.0,0.0,0.0,0.0,0.0,0.0,0.0,0.0,0.0,2950640,-4217320,164276662,144170,-330829,-62275,61,efbcfe00,43.51535586024,-79.68406617693,187.3785,-37.1,SOL_COMPUTED,SINGLE,good,1.6858,1.6053,2.8825,16,15,0.0,0.0,0,0,0,0,0,0,0,0,0,SPECTRUMANALYSIS,L2,1221.946,2.71,-64.33,-126.725
2026-05-25 09:43:09.050680,1779716589.050680,2420,135760.0,,,,,,,,,,,,,,,,0.0000,,,,0.0,0.0,0.0,0.0,0.0,0.0,0.0,0.0,0.0,1883783,-3597506,164677703,-52211,-272801,-8516,61,efbbfe00,43.51540721222,-79.68398810296,172.28,-37.1,SOL_COMPUTED,SINGLE,good,1.6282,1.63,2.9962,15,14,0.0,0.0,0,0,0,0,0,0,0,0,0,SPECTRUMANALYSIS,L5,1187.795,1.099,-55.981,-108.027
2026-05-25 09:43:13.578802,1779716593.578802,2420,135765.0,,,,,,,,,,,,,,,,0.0000,,,,0.0,0.0,0.0,0.0,0.0,0.0,0.0,0.0,0.0,3161891,-3864600,164167483,55955,219381,-32310,61,efb8fe00,43.51541553067,-79.68397322226,171.8899,-37.1,SOL_COMPUTED,SINGLE,good,1.6676,1.6871,3.1236,15,13,0.0,0.0,0,0,0,0,0,0,0,0,0,SPECTRUMANALYSIS,L5,1187.759,1.318,-57.388,-111.453
2026-05-25 09:43:16.724059,1779716596.724059,2420,135769.0,,,,,,,,,,,,,,,,0.0000,,,,0.0,0.0,0.0,0.0,0.0,0.0,0.0,0.0,0.0,2756289,-3909192,164289251,45672,109137,-9388,61,efb7fe00,43.51537844505,-79.68393777824,173.4114,-37.1,SOL_COMPUTED,SINGLE,good,1.5938,1.5992,3.1321,16,14,0.0,0.0,0,0,0,0,0,0,0,0,0,SPECTRUMANALYSIS,L5,1187.832,1.025,-57.006,-109.144
2026-05-25 09:43:17.540935,1779716597.540935,2420,135770.0,,,,,,,,,,,,,,,,0.0000,,,,0.0,0.0,0.0,0.0,0.0,0.0,0.0,0.0,0.0,2671095,-3863667,164446609,90120,-107256,-42589,61,efb6fe00,43.51537585104,-79.68393972413,173.5412,-37.1,SOL_COMPUTED,SINGLE,good,1.5852,1.5905,3.1179,16,14,0.0,0.0,0,0,0,0,0,0,0,0,0,SPECTRUMANALYSIS,L5,1187.832,1.025,-57.006,-109.144
2026-05-25 09:43:22.613191,1779716602.613191,2420,135775.0,,,,,,,,,,,,,,,,0.0000,,,,0.0,0.0,0.0,0.0,0.0,0.0,0.0,0.0,0.0,2761556,-3809061,164305934,51274,27887,-61353,61,efb4fe00,43.51535393879,-79.68395064869,175.5128,-37.1,SOL_COMPUTED,SINGLE,good,1.6689,1.6898,3.2208,15,13,0.0,0.0,0,0,0,0,0,0,0,0,0,SPECTRUMANALYSIS,L2,1237.363,1.904,-61.083,-118.546
2026-05-25 09:43:26.300131,1779716606.300131,2420,135778.0,,,,,,,,,,,,,,,,0.0000,,,,0.0,0.0,0.0,0.0,0.0,0.0,0.0,0.0,0.0,2530566,-3594195,164385448,85511,-174928,-7285,61,efb3fe00,43.51539007265,-79.68398321163,173.2565,-37.1,SOL_COMPUTED,SINGLE,good,1.7763,1.7415,3.224,15,12,0.0,0.0,0,0,0,0,0,0,0,0,0,SPECTRUMANALYSIS,L2,1237.363,1.904,-61.083,-118.546
2026-05-25 09:43:43.361540,1779716623.361540,2420,135793.0,,,,,,,,,,,,,,,,0.0000,,,,0.0,0.0,0.0,0.0,0.0,0.0,0.0,0.0,0.0,2484789,-3897705,164415392,134662,-68219,-4623,61,efacfe00,43.51538062593,-79.68397248458,172.2083,-37.1,SOL_COMPUTED,SINGLE,good,1.6152,1.6216,2.9802,15,14,0.0,0.0,0,0,0,0,0,0,0,0,0,SPECTRUMANALYSIS,L2,1228.538,1.685,-65.818,-124.881
2026-05-25 09:43:50.119057,1779716630.119057,2420,135799.0,,,,,,,,,,,,,,,,0.0000,,,,0.0,0.0,0.0,0.0,0.0,0.0,0.0,0.0,0.0,2195337,-3484359,164631869,-11139,-440723,-82985,61,efaafe00,43.51535549987,-79.68394946129,175.0647,-37.1,SOL_COMPUTED,SINGLE,good,1.5388,1.5087,2.9025,17,16,0.0,0.0,0,0,0,0,0,0,0,0,0,SPECTRUMANALYSIS,L2,1237.656,2.197,-57.491,-113.065
2026-05-25 09:43:51.636577,1779716631.636577,2420,135800.0,,,,,,,,,,,,,,,,0.0000,,,,0.0,0.0,0.0,0.0,0.0,0.0,0.0,0.0,0.0,3404737,-4797838,164050139,74135,-609418,-23520,61,efa9fe00,43.51536528326,-79.68392901768,171.8982,-37.1,SOL_COMPUTED,SINGLE,good,1.5718,1.5835,3.0978,16,15,0.0,0.0,0,0,0,0,0,0,0,0,0,SPECTRUMANALYSIS,L2,1237.656,2.197,-57.491,-113.065
2026-05-25 09:43:53.097074,1779716633.097074,2420,135801.0,,,,,,,,,,,,,,,,0.0000,,,,0.0,0.0,0.0,0.0,0.0,0.0,0.0,0.0,0.0,2806086,-3796659,164396111,73258,10901,-22123,61,efa9fe00,43.51536436076,-79.68392999834,171.9586,-37.1,SOL_COMPUTED,SINGLE,good,1.5714,1.5822,3.0987,16,15,0.0,0.0,0,0,0,0,0,0,0,0,0,SPECTRUMANALYSIS,L2,1230.222,2.856,-63.287,-125.832
2026-05-25 09:43:54.610043,1779716634.610043,2420,135802.0,,,,,,,,,,,,,,,,0.0000,,,,0.0,0.0,0.0,0.0,0.0,0.0,0.0,0.0,0.0,3328676,-3859460,164125714,-15925,76689,1288,61,efa8fe00,43.51536276982,-79.68393135786,172.1468,-37.1,SOL_COMPUTED,SINGLE,good,1.5703,1.5806,3.0966,16,15,0.0,0.0,0,0,0,0,0,0,0,0,0,SPECTRUMANALYSIS,L2,1230.222,2.856,-63.287,-125.832
2026-05-25 09:43:58.623132,1779716638.623132,2420,135805.0,,,,,,,,,,,,,,,,0.0000,,,,0.0,0.0,0.0,0.0,0.0,0.0,0.0,0.0,0.0,2741601,-3694629,164395881,58836,36305,-23900,61,efa7fe00,43.51536177826,-79.68393076092,172.0902,-37.1,SOL_COMPUTED,SINGLE,good,1.5695,1.5782,3.0965,16,15,0.0,0.0,0,0,0,0,0,0,0,0,0,SPECTRUMANALYSIS,L2,1237.986,3.149,-57.721,-114.138
2026-05-25 09:43:59.766823,1779716639.766823,2420,135806.0,,,,,,,,,,,,,,,,0.0000,,,,0.0,0.0,0.0,0.0,0.0,0.0,0.0,0.0,0.0,2961729,-3980751,164254398,50905,-1456,-11651,61,efa7fe00,43.51536355918,-79.68392826379,171.7302,-37.1,SOL_COMPUTED,SINGLE,good,1.5688,1.5772,3.095,16,15,0.0,0.0,0,0,0,0,0,0,0,0,0,SPECTRUMANALYSIS,L2,1237.986,3.149,-57.721,-114.138
2026-05-25 09:44:01.117142,1779716641.117142,2420,135807.0,,,,,,,,,,,,,,,,0.0000,,,,0.0,0.0,0.0,0.0,0.0,0.0,0.0,0.0,0.0,2985872,-3783067,164289470,59559,54019,-34956,61,efa6fe00,43.51536599437,-79.68392418612,171.2576,-37.1,SOL_COMPUTED,SINGLE,good,1.5692,1.5782,3.0956,16,15,0.0,0.0,0,0,0,0,0,0,0,0,0,SPECTRUMANALYSIS,L2,1237.986,3.149,-57.721,-114.138
2026-05-25 09:44:03.025694,1779716643.025694,2420,135809.0,,,,,,,,,,,,,,,,0.0000,,,,0.0,0.0,0.0,0.0,0.0,0.0,0.0,0.0,0.0,3042348,-3753820,164282214,52870,27405,-23405,61,efa6fe00,43.51536110063,-79.68393192355,172.0977,-37.1,SOL_COMPUTED,SINGLE,good,1.6563,1.6782,3.2089,15,14,0.0,0.0,0,0,0,0,0,0,0,0,0,SPECTRUMANALYSIS,L2,1237.986,3.149,-57.721,-114.138
2026-05-25 09:44:06.995529,1779716646.995529,2420,135813.0,,,,,,,,,,,,,,,,0.0000,,,,0.0,0.0,0.0,0.0,0.0,0.0,0.0,0.0,0.0,2851886,-3733611,164372421,60673,15427,-19253,61,efa4fe00,43.51535021741,-79.68395945724,176.019,-37.1,SOL_COMPUTED,SINGLE,good,1.5417,1.5094,2.9529,17,15,0.0,0.0,0,0,0,0,0,0,0,0,0,SPECTRUMANALYSIS,L5,1187.905,1.318,-56.804,-109.711
2026-05-25 09:44:07.838502,1779716647.838502,2420,135814.0,,,,,,,,,,,,,,,,0.0000,,,,0.0,0.0,0.0,0.0,0.0,0.0,0.0,0.0,0.0,2737958,-3779228,164370168,29521,58928,15259,61,efa4fe00,43.51535130851,-79.68395546291,175.1431,-37.1,SOL_COMPUTED,SINGLE,good,1.608,1.586,3.0371,16,14,0.0,0.0,0,0,0,0,0,0,0,0,0,SPECTRUMANALYSIS,L5,1187.905,1.318,-56.804,-109.711
2026-05-25 09:44:09.708855,1779716649.708855,2420,135816.0,,,,,,,,,,,,,,,,0.0000,,,,0.0,0.0,0.0,0.0,0.0,0.0,0.0,0.0,0.0,2832100,-3885705,164381499,68171,39072,-14170,61,efa3fe00,43.51536322433,-79.68393342409,171.8459,-37.1,SOL_COMPUTED,SINGLE,good,1.6487,1.6743,3.2034,16,14,0.0,0.0,0,0,0,0,0,0,0,0,0,SPECTRUMANALYSIS,L5,1187.795,1.685,-57.26,-110.432
2026-05-25 09:44:22.069760,1779716662.069760,2420,135831.0,,,,,,,,,,,,,,,,0.0000,,,,0.0,0.0,0.0,0.0,0.0,0.0,0.0,0.0,0.0,2521683,-3711089,164640953,126056,65670,-10119,61,ef9dfe00,43.51537144328,-79.68393823588,173.1524,-37.1,SOL_COMPUTED,SINGLE,good,1.4944,1.4449,2.7271,16,16,0.0,0.0,0,0,0,0,0,0,0,0,0,SPECTRUMANALYSIS,L2,1237.62,2.271,-56.699,-111.035
2026-05-25 09:44:29.118406,1779716669.118406,2420,135840.0,,,,,,,,,,,,,,,,0.0000,,,,0.0,0.0,0.0,0.0,0.0,0.0,0.0,0.0,0.0,2983191,-3989744,164273994,20283,50298,-17396,61,ef99fe00,43.51536909839,-79.68395492876,175.5112,-37.1,SOL_COMPUTED,SINGLE,good,1.4991,1.4436,2.7234,16,16,0.0,0.0,0,0,0,0,0,0,0,0,0,SPECTRUMANALYSIS,L2,1237.693,1.245,-58.9,-112.091
2026-05-25 09:44:44.174539,1779716684.174539,2420,135854.0,,,,,,,,,,,,,,,,0.0000,,,,0.0,0.0,0.0,0.0,0.0,0.0,0.0,0.0,0.0,3015310,-3652971,164249886,-25945,146448,-48729,61,ef93fe00,43.51537428015,-79.68396006817,175.7365,-37.1,SOL_COMPUTED,SINGLE,good,1.4885,1.4356,2.6967,17,16,0.0,0.0,0,0,0,0,0,0,0,0,0,SPECTRUMANALYSIS,L2,1237.766,2.124,-58.451,-114.178
2026-05-25 09:44:51.437190,1779716691.437190,2420,135860.0,,,,,,,,,,,,,,,,0.0000,,,,0.0,0.0,0.0,0.0,0.0,0.0,0.0,0.0,0.0,3030774,-3837832,164229905,28705,54870,-25919,61,ef91fe00,43.51537397123,-79.68395960456,175.5186,-37.1,SOL_COMPUTED,SINGLE,good,1.4853,1.4303,2.6827,17,16,0.0,0.0,0,0,0,0,0,0,0,0,0,SPECTRUMANALYSIS,L5,1187.722,2.124,-55.572,-110.209
2026-05-25 09:45:03.801758,1779716703.801758,2420,135869.0,,,,,,,,,,,,,,,,0.0000,,,,0.0,0.0,0.0,0.0,0.0,0.0,0.0,0.0,0.0,2878080,-3721265,164320337,27580,89566,-12217,61,ef8efe00,43.51537092321,-79.68395067104,174.7328,-37.1,SOL_COMPUTED,SINGLE,good,1.4869,1.4344,2.6845,17,16,0.0,0.0,0,0,0,0,0,0,0,0,0,SPECTRUMANALYSIS,L2,1237.107,3.442,-57.385,-113.756
2026-05-25 09:45:11.600976,1779716711.600976,2420,135875.0,,,,,,,,,,,,,,,,0.0000,,,,0.0,0.0,0.0,0.0,0.0,0.0,0.0,0.0,0.0,2838344,-3735243,164357329,32642,19378,15114,61,ef8afe00,43.51537046952,-79.68394663982,174.4056,-37.1,SOL_COMPUTED,SINGLE,good,1.4857,1.432,2.6826,17,16,0.0,0.0,0,0,0,0,0,0,0,0,0,SPECTRUMANALYSIS,L2,1237.29,5.859,-55.424,-111.303
2026-05-25 09:45:13.933334,1779716713.933334,2420,135877.0,,,,,,,,,,,,,,,,0.0000,,,,0.0,0.0,0.0,0.0,0.0,0.0,0.0,0.0,0.0,3052304,-3711303,164161102,45513,35016,-31803,61,ef8afe00,43.51537057107,-79.68394678122,174.3512,-37.1,SOL_COMPUTED,SINGLE,good,1.4867,1.4326,2.6836,17,16,0.0,0.0,0,0,0,0,0,0,0,0,0,SPECTRUMANALYSIS,L2,1237.29,5.859,-55.424,-111.303
2026-05-25 09:45:28.074644,1779716728.074644,2420,135889.0,,,,,,,,,,,,,,,,0.0000,,,,0.0,0.0,0.0,0.0,0.0,0.0,0.0,0.0,0.0,2920142,-3665451,164338973,-34862,284495,15065,61,ef85fe00,43.5153724748,-79.68395072905,173.9847,-37.1,SOL_COMPUTED,SINGLE,good,1.4861,1.435,2.6855,17,16,0.0,0.0,0,0,0,0,0,0,0,0,0,SPECTRUMANALYSIS,L2,1237.144,2.051,-56.86,-112.385
2026-05-25 09:45:55.775540,1779716755.775540,2420,135914.0,,,,,,,,,,,,,,,,0.0000,,,,0.0,0.0,0.0,0.0,0.0,0.0,0.0,0.0,0.0,3251586,-4208346,164108452,19120,36462,-13123,61,ef7cfe00,43.51538181563,-79.68395149022,174.8076,-37.1,SOL_COMPUTED,SINGLE,good,1.4846,1.4321,2.689,17,16,0.0,0.0,0,0,0,0,0,0,0,0,0,SPECTRUMANALYSIS,L2,1237.656,2.49,-57.671,-114.546
2026-05-25 09:45:56.850026,1779716756.850026,2420,135915.0,,,,,,,,,,,,,,,,0.0000,,,,0.0,0.0,0.0,0.0,0.0,0.0,0.0,0.0,0.0,4249791,-3414020,162861934,-1600303,2292342,14999,61,ef7bfe00,43.5153821569,-79.68395175432,174.8714,-37.1,SOL_COMPUTED,SINGLE,good,1.4846,1.4319,2.6884,17,16,0.0,0.0,0,0,0,0,0,0,0,0,0,SPECTRUMANALYSIS,L2,1237.656,2.49,-57.671,-114.546
2026-05-25 09:46:05.357673,1779716765.357673,2420,135923.0,,,,,,,,,,,,,,,,0.0000,,,,0.0,0.0,0.0,0.0,0.0,0.0,0.0,0.0,0.0,2736685,-3912598,164377468,36163,22191,-31048,61,ef78fe00,43.51538540287,-79.68395372879,175.457,-37.1,SOL_COMPUTED,SINGLE,good,1.4874,1.4358,2.7003,17,16,0.0,0.0,0,0,0,0,0,0,0,0,0,SPECTRUMANALYSIS,L5,1188.162,1.685,-54.795,-108.786
2026-05-25 09:46:11.660692,1779716771.660692,2420,135929.0,,,,,,,,,,,,,,,,0.0000,,,,0.0,0.0,0.0,0.0,0.0,0.0,0.0,0.0,0.0,2937474,-3819896,164284400,83143,-54685,-1081,61,ef75fe00,43.51538789241,-79.68395657171,175.9867,-37.1,SOL_COMPUTED,SINGLE,good,1.4898,1.4369,2.7045,17,16,0.0,0.0,0,0,0,0,0,0,0,0,0,SPECTRUMANALYSIS,L2,1237.656,2.051,-56.115,-110.35
2026-05-25 09:46:18.074513,1779716778.074513,2420,135936.0,,,,,,,,,,,,,,,,0.0000,,,,0.0,0.0,0.0,0.0,0.0,0.0,0.0,0.0,0.0,2824976,-3912077,164327385,56272,-76805,-19949,61,ef73fe00,43.51538976831,-79.68395927969,176.6014,-37.1,SOL_COMPUTED,SINGLE,good,1.4967,1.44,2.7278,17,16,0.0,0.0,0,0,0,0,0,0,0,0,0,SPECTRUMANALYSIS,L5,1188.088,1.245,-55.917,-109.976
2026-05-25 09:46:36.813562,1779716796.813562,2420,135960.0,,,,,,,,,,,,,,,,0.0000,,,,0.0,0.0,0.0,0.0,0.0,0.0,0.0,0.0,0.0,2919023,-3880319,164328663,59746,-53199,-40897,61,ef69fe00,43.51539865854,-79.68396500343,178.2515,-37.1,SOL_COMPUTED,SINGLE,good,1.5716,1.5341,2.7183,16,15,0.0,0.0,0,0,0,0,0,0,0,0,0,SPECTRUMANALYSIS,L5,1188.015,1.685,-55.128,-106.314
2026-05-25 09:46:46.058574,1779716806.058574,2420,135968.0,,,,,,,,,,,,,,,,0.0000,,,,0.0,0.0,0.0,0.0,0.0,0.0,0.0,0.0,0.0,2829518,-3710905,164260789,80593,-5105,27146,61,ef66fe00,43.51539400935,-79.68396647702,179.5336,-37.1,SOL_COMPUTED,SINGLE,good,1.5695,1.532,2.7021,17,15,0.0,0.0,0,0,0,0,0,0,0,0,0,SPECTRUMANALYSIS,L2,1236.887,4.028,-58.176,-118.434
2026-05-25 09:46:54.090913,1779716814.090913,2420,135976.0,,,,,,,,,,,,,,,,0.0000,,,,0.0,0.0,0.0,0.0,0.0,0.0,0.0,0.0,0.0,2507878,-3691219,164390997,25363,54608,2675,61,ef63fe00,43.51539353391,-79.68396247461,179.617,-37.1,SOL_COMPUTED,SINGLE,good,1.5683,1.5311,2.6996,17,15,0.0,0.0,0,0,0,0,0,0,0,0,0,SPECTRUMANALYSIS,L2,1237.839,2.563,-56.547,-108.892
2026-05-25 09:47:00.519524,1779716820.519524,2420,135982.0,,,,,,,,,,,,,,,,0.0000,,,,0.0,0.0,0.0,0.0,0.0,0.0,0.0,0.0,0.0,2827837,-3720857,164312109,12878,60964,-19400,61,ef60fe00,43.51539858554,-79.68395977158,180.4433,-37.1,SOL_COMPUTED,SINGLE,good,1.6428,1.5549,2.7617,17,14,0.0,0.0,0,0,0,0,0,0,0,0,0,SPECTRUMANALYSIS,L2,1237.327,3.882,-58.138,-116.221
2026-05-25 09:47:21.550149,1779716841.550149,2420,136001.0,,,,,,,,,,,,,,,,0.0000,,,,0.0,0.0,0.0,0.0,0.0,0.0,0.0,0.0,0.0,3116749,-3941645,164279089,15437,280350,25058,61,ef59fe00,43.5153780128,-79.68394485938,179.9479,-37.1,SOL_COMPUTED,SINGLE,good,1.6144,1.538,2.8537,16,15,0.0,0.0,0,0,0,0,0,0,0,0,0,SPECTRUMANALYSIS,L2,1237.4,2.856,-57.38,-113.144
2026-05-25 09:47:29.799502,1779716849.799502,2420,136008.0,,,,,,,,,,,,,,,,0.0000,,,,0.0,0.0,0.0,0.0,0.0,0.0,0.0,0.0,0.0,2928400,-3600543,164368635,41187,85911,-1623,61,ef57fe00,43.5153573501,-79.68398042784,176.2609,-37.1,SOL_COMPUTED,SINGLE,good,1.4967,1.4518,2.7304,17,16,0.0,0.0,0,0,0,0,0,0,0,0,0,SPECTRUMANALYSIS,L2,1237.144,2.051,-55.431,-107.879
2026-05-25 09:47:34.570468,1779716854.570468,2420,136012.0,,,,,,,,,,,,,,,,0.0000,,,,0.0,0.0,0.0,0.0,0.0,0.0,0.0,0.0,0.0,3053686,-3659933,164240604,65297,59576,-14427,61,ef55fe00,43.51536904946,-79.68398669455,177.6189,-37.1,SOL_COMPUTED,SINGLE,good,1.4908,1.4444,2.7093,17,16,0.0,0.0,0,0,0,0,0,0,0,0,0,SPECTRUMANALYSIS,L2,1237.144,2.051,-55.431,-107.879
2026-05-25 09:47:36.764643,1779716856.764643,2420,136014.0,,,,,,,,,,,,,,,,0.0000,,,,0.0,0.0,0.0,0.0,0.0,0.0,0.0,0.0,0.0,2914525,-3724622,164398271,27639,1276,-5733,61,ef54fe00,43.51536602021,-79.68397240411,176.6761,-37.1,SOL_COMPUTED,SINGLE,good,1.4886,1.441,2.698,17,16,0.0,0.0,0,0,0,0,0,0,0,0,0,SPECTRUMANALYSIS,L2,1237.144,2.051,-55.431,-107.879
2026-05-25 09:47:38.856953,1779716858.856953,2420,136016.0,,,,,,,,,,,,,,,,0.0000,,,,0.0,0.0,0.0,0.0,0.0,0.0,0.0,0.0,0.0,2624238,-3515919,164496618,-21894,401002,-10827,61,ef53fe00,43.51536017274,-79.68397017502,177.0817,-37.1,SOL_COMPUTED,SINGLE,good,1.4832,1.4365,2.6853,17,16,0.0,0.0,0,0,0,0,0,0,0,0,0,SPECTRUMANALYSIS,L2,1236.814,2.271,-55.649,-110.063
2026-05-25 09:47:46.127539,1779716866.127539,2420,136025.0,,,,,,,,,,,,,,,,0.0000,,,,0.0,0.0,0.0,0.0,0.0,0.0,0.0,0.0,0.0,3357589,-3178294,164137450,184556,95056,-5651,61,ef4ffe00,43.51534716586,-79.68383066408,193.4256,-37.1,SOL_COMPUTED,SINGLE,good,1.659,1.7542,3.0754,17,15,0.0,0.0,0,0,0,0,0,0,0,0,0,SPECTRUMANALYSIS,L2,1237.4,3.296,-54.615,-109.89
2026-05-25 09:47:53.701680,1779716873.701680,2420,136032.0,,,,,,,,,,,,,,,,0.0000,,,,0.0,0.0,0.0,0.0,0.0,0.0,0.0,0.0,0.0,3011895,-3482240,164306251,60944,1876,17395,61,ef4dfe00,43.51536877205,-79.68376904587,202.036,-37.1,SOL_COMPUTED,SINGLE,good,1.6888,1.7883,3.2065,17,15,0.0,0.0,0,0,0,0,0,0,0,0,0,SPECTRUMANALYSIS,L2,1237.217,3.076,-54.059,-107.121
2026-05-25 09:48:02.447934,1779716882.447934,2420,136041.0,,,,,,,,,,,,,,,,0.0000,,,,0.0,0.0,0.0,0.0,0.0,0.0,0.0,0.0,0.0,2891581,-3723162,164422391,82556,-101700,-12495,61,ef4afe00,43.51538590048,-79.68378739195,198.3186,-37.1,SOL_COMPUTED,SINGLE,good,1.6794,1.7643,3.0913,17,15,0.0,0.0,0,0,0,0,0,0,0,0,0,SPECTRUMANALYSIS,L2,1237.62,2.856,-58.408,-115.81
2026-05-25 09:48:07.238469,1779716887.238469,2420,136046.0,,,,,,,,,,,,,,,,0.0000,,,,0.0,0.0,0.0,0.0,0.0,0.0,0.0,0.0,0.0,2101867,-3138595,164769537,18204,344322,10744,61,ef48fe00,43.51535820268,-79.68394210847,172.8639,-37.1,SOL_COMPUTED,SINGLE,good,1.9937,1.6026,3.145,14,13,0.0,0.0,0,0,0,0,0,0,0,0,0,SPECTRUMANALYSIS,L2,1237.62,2.856,-58.408,-115.81
2026-05-25 09:48:18.054655,1779716898.054655,2420,136060.0,,,,,,,,,,,,,,,,0.0000,,,,0.0,0.0,0.0,0.0,0.0,0.0,0.0,0.0,0.0,2808992,-3811484,164327925,42933,92577,-20014,61,ef43fe00,43.51535774989,-79.68392193414,174.0411,-37.1,SOL_COMPUTED,SINGLE,good,1.5857,1.2941,2.9988,17,16,0.0,0.0,0,0,0,0,0,0,0,0,0,SPECTRUMANALYSIS,L5,1187.612,1.611,-53.158,-105.686
2026-05-25 09:48:23.017839,1779716903.017839,2420,136067.0,,,,,,,,,,,,,,,,0.0000,,,,0.0,0.0,0.0,0.0,0.0,0.0,0.0,0.0,0.0,2935833,-3668344,164297213,88860,55863,-12608,61,ef40fe00,43.51537564932,-79.68392009501,174.8951,-37.1,SOL_COMPUTED,SINGLE,good,1.5725,1.292,3.0011,17,16,0.0,0.0,0,0,0,0,0,0,0,0,0,SPECTRUMANALYSIS,L2,1247.397,0.293,-66.8,-117.74
2026-05-25 09:48:27.473768,1779716907.473768,2420,136073.0,,,,,,,,,,,,,,,,0.0000,,,,0.0,0.0,0.0,0.0,0.0,0.0,0.0,0.0,0.0,2765070,-3790525,164391799,20794,14175,-18505,61,ef3efe00,43.5153657366,-79.68392554015,168.0706,-37.1,SOL_COMPUTED,SINGLE,good,1.4858,1.4374,2.6989,17,16,0.0,0.0,0,0,0,0,0,0,0,0,0,SPECTRUMANALYSIS,L2,1237.656,3.223,-51.796,-106.564
2026-05-25 09:49:01.485617,1779716941.485617,2420,136105.0,,,,,,,,,,,,,,,,0.0000,,,,0.0,0.0,0.0,0.0,0.0,0.0,0.0,0.0,0.0,2710088,-3753322,164506576,50726,27580,-34168,61,ef31fe00,43.51538171779,-79.6839379474,170.6246,-37.1,SOL_COMPUTED,SINGLE,good,1.5127,1.5021,2.7948,17,16,0.0,0.0,0,0,0,0,0,0,0,0,0,SPECTRUMANALYSIS,L2,1237.253,3.296,-57.297,-114.286
2026-05-25 09:49:04.762521,1779716944.762521,2420,136108.0,,,,,,,,,,,,,,,,0.0000,,,,0.0,0.0,0.0,0.0,0.0,0.0,0.0,0.0,0.0,2766295,-3747436,164458192,11273,-2745,-20070,61,ef30fe00,43.51538583029,-79.68394223623,170.148,-37.1,SOL_COMPUTED,SINGLE,good,1.5023,1.4769,2.8192,16,15,0.0,0.0,0,0,0,0,0,0,0,0,0,SPECTRUMANALYSIS,L2,1237.583,3.369,-56.016,-113.846
2026-05-25 09:49:06.842181,1779716946.842181,2420,136110.0,,,,,,,,,,,,,,,,0.0000,,,,0.0,0.0,0.0,0.0,0.0,0.0,0.0,0.0,0.0,2808871,-3837250,164316760,57416,17347,-19664,61,ef2ffe00,43.51538503444,-79.68394733522,169.2414,-37.1,SOL_COMPUTED,SINGLE,good,1.506,1.4849,2.8192,16,15,0.0,0.0,0,0,0,0,0,0,0,0,0,SPECTRUMANALYSIS,L2,1237.253,2.856,-54.316,-107.366
2026-05-25 09:49:08.450344,1779716948.450344,2420,136112.0,,,,,,,,,,,,,,,,0.0000,,,,0.0,0.0,0.0,0.0,0.0,0.0,0.0,0.0,0.0,2859408,-3706308,164395653,50716,72467,-31669,61,ef2ffe00,43.51538682141,-79.68394667674,169.2962,-37.1,SOL_COMPUTED,SINGLE,good,1.496,1.4652,2.7921,16,15,0.0,0.0,0,0,0,0,0,0,0,0,0,SPECTRUMANALYSIS,L2,1237.253,2.856,-54.316,-107.366
2026-05-25 09:49:12.376649,1779716952.376649,2420,136116.0,,,,,,,,,,,,,,,,0.0000,,,,0.0,0.0,0.0,0.0,0.0,0.0,0.0,0.0,0.0,2629109,-3704885,164469242,123484,-117175,-22992,61,ef2efe00,43.51538551056,-79.68394003573,169.5625,-37.1,SOL_COMPUTED,SINGLE,good,1.4915,1.4549,2.7708,16,15,0.0,0.0,0,0,0,0,0,0,0,0,0,SPECTRUMANALYSIS,L2,1237.4,1.831,-54.439,-107.201
2026-05-25 09:49:17.969929,1779716957.969929,2420,136121.0,,,,,,,,,,,,,,,,0.0000,,,,0.0,0.0,0.0,0.0,0.0,0.0,0.0,0.0,0.0,2746165,-3917957,164399579,45036,-29763,25374,61,ef2bfe00,43.51537824658,-79.68393287418,168.9139,-37.1,SOL_COMPUTED,SINGLE,good,1.4852,1.4517,2.6961,17,16,0.0,0.0,0,0,0,0,0,0,0,0,0,SPECTRUMANALYSIS,L5,1187.722,1.538,-57.719,-111.689
2026-05-25 09:49:56.702114,1779716996.702114,2420,136168.0,,,,,,,,,,,,,,,,0.0000,,,,0.0,0.0,0.0,0.0,0.0,0.0,0.0,0.0,0.0,2974640,-3969986,164191795,49411,-254808,-141884,61,ef1afe00,43.51540745432,-79.68393942819,172.0149,-37.1,SOL_COMPUTED,SINGLE,good,1.4858,1.4485,2.7289,17,16,0.0,0.0,0,0,0,0,0,0,0,0,0,SPECTRUMANALYSIS,L2,1237.473,2.856,-58.475,-115.247
2026-05-25 09:49:57.894307,1779716997.894307,2420,136169.0,,,,,,,,,,,,,,,,0.0000,,,,0.0,0.0,0.0,0.0,0.0,0.0,0.0,0.0,0.0,2433923,-4213739,164498752,124139,-220910,26434,61,ef1afe00,43.51540788168,-79.68393766625,172.2035,-37.1,SOL_COMPUTED,SINGLE,good,1.526,1.4724,2.7547,16,15,0.0,0.0,0,0,0,0,0,0,0,0,0,SPECTRUMANALYSIS,L2,1237.29,2.051,-59.799,-115.072
2026-05-25 09:50:03.207060,1779717003.207060,2420,136175.0,,,,,,,,,,,,,,,,0.0000,,,,0.0,0.0,0.0,0.0,0.0,0.0,0.0,0.0,0.0,2998497,-3843050,164295358,57917,28429,8485,61,ef18fe00,43.51540208137,-79.68394097178,171.843,-37.1,SOL_COMPUTED,SINGLE,good,1.4819,1.4425,2.7083,17,16,0.0,0.0,0,0,0,0,0,0,0,0,0,SPECTRUMANALYSIS,L2,1237.473,2.71,-58.247,-115.325
2026-05-25 09:50:05.908491,1779717005.908491,2420,136178.0,,,,,,,,,,,,,,,,0.0000,,,,0.0,0.0,0.0,0.0,0.0,0.0,0.0,0.0,0.0,2655900,-3874476,164380743,2454,38791,-116981,61,ef17fe00,43.51540341762,-79.68393928876,171.7572,-37.1,SOL_COMPUTED,SINGLE,good,1.4848,1.4453,2.7176,17,16,0.0,0.0,0,0,0,0,0,0,0,0,0,SPECTRUMANALYSIS,L2,1237.693,1.685,-56.002,-108.967
2026-05-25 09:50:19.735150,1779717019.735150,2420,136196.0,,,,,,,,,,,,,,,,0.0000,,,,0.0,0.0,0.0,0.0,0.0,0.0,0.0,0.0,0.0,2824439,-3751443,164279617,64145,19683,2187,61,ef10fe00,43.51540062915,-79.68394180344,171.5511,-37.1,SOL_COMPUTED,SINGLE,good,1.4772,1.4384,2.6985,17,16,0.0,0.0,0,0,0,0,0,0,0,0,0,SPECTRUMANALYSIS,L5,1187.722,1.978,-56.299,-109.445
2026-05-25 09:50:27.256048,1779717027.256048,2420,136202.0,,,,,,,,,,,,,,,,0.0000,,,,0.0,0.0,0.0,0.0,0.0,0.0,0.0,0.0,0.0,2936513,-3848809,164313911,41683,116170,-6271,61,ef0efe00,43.51539908248,-79.68394605629,171.724,-37.1,SOL_COMPUTED,SINGLE,good,1.4792,1.4367,2.691,17,16,0.0,0.0,0,0,0,0,0,0,0,0,0,SPECTRUMANALYSIS,L2,1237.253,1.831,-60.345,-116.402
2026-05-25 09:50:45.791677,1779717045.791677,2420,136217.0,,,,,,,,,,,,,,,,0.0000,,,,0.0,0.0,0.0,0.0,0.0,0.0,0.0,0.0,0.0,2411556,-3911684,164484828,-79373,367894,8509,61,ef09fe00,43.51538440462,-79.68392865602,173.7496,-37.1,SOL_COMPUTED,SINGLE,good,1.4981,1.3141,2.7502,17,16,0.0,0.0,0,0,0,0,0,0,0,0,0,SPECTRUMANALYSIS,L5,1188.125,1.465,-56.598,-108.026
2026-05-25 09:50:50.737107,1779717050.737107,2420,136221.0,,,,,,,,,,,,,,,,0.0000,,,,0.0,0.0,0.0,0.0,0.0,0.0,0.0,0.0,0.0,2866764,-3657768,164366457,33994,79691,-34565,61,ef08fe00,43.51538291318,-79.68393418003,175.1335,-37.1,SOL_COMPUTED,SINGLE,good,1.4787,1.3074,2.7378,17,16,0.0,0.0,0,0,0,0,0,0,0,0,0,SPECTRUMANALYSIS,L2,1237.876,2.783,-55.338,-110.921
2026-05-25 09:51:02.902285,1779717062.902285,2420,136229.0,,,,,,,,,,,,,,,,0.0000,,,,0.0,0.0,0.0,0.0,0.0,0.0,0.0,0.0,0.0,2836500,-3728475,164400283,41760,53676,8737,61,ef05fe00,43.51538289488,-79.68392998557,174.3045,-37.1,SOL_COMPUTED,SINGLE,good,1.4754,1.3044,2.7303,17,16,0.0,0.0,0,0,0,0,0,0,0,0,0,SPECTRUMANALYSIS,L2,1237.803,2.637,-57.47,-113.313
2026-05-25 09:51:04.590796,1779717064.590796,2420,136230.0,,,,,,,,,,,,,,,,0.0000,,,,0.0,0.0,0.0,0.0,0.0,0.0,0.0,0.0,0.0,2899423,-3880443,164313496,21700,126719,24468,61,ef05fe00,43.51538255734,-79.68392972166,174.3923,-37.1,SOL_COMPUTED,SINGLE,good,1.4763,1.3043,2.7334,17,16,0.0,0.0,0,0,0,0,0,0,0,0,0,SPECTRUMANALYSIS,L2,1237.803,2.637,-57.47,-113.313
2026-05-25 09:51:07.425406,1779717067.425406,2420,136232.0,,,,,,,,,,,,,,,,0.0000,,,,0.0,0.0,0.0,0.0,0.0,0.0,0.0,0.0,0.0,3078714,-3688571,164259568,10074,169098,20779,61,ef04fe00,43.51538904506,-79.68394540636,173.5214,-37.1,SOL_COMPUTED,SINGLE,good,1.4472,1.4296,2.6861,17,16,0.0,0.0,0,0,0,0,0,0,0,0,0,SPECTRUMANALYSIS,L2,1237.876,2.783,-59.463,-118.787
2026-05-25 09:51:11.072141,1779717071.072141,2420,136235.0,,,,,,,,,,,,,,,,0.0000,,,,0.0,0.0,0.0,0.0,0.0,0.0,0.0,0.0,0.0,2972171,-3480574,164278295,24233,136299,8267,61,ef03fe00,43.51538750157,-79.68394565577,174.0825,-37.1,SOL_COMPUTED,SINGLE,good,1.4488,1.4299,2.6776,17,16,0.0,0.0,0,0,0,0,0,0,0,0,0,SPECTRUMANALYSIS,L5,1188.162,2.271,-54.675,-106.797
2026-05-25 09:51:12.383485,1779717072.383485,2420,136236.0,,,,,,,,,,,,,,,,0.0000,,,,0.0,0.0,0.0,0.0,0.0,0.0,0.0,0.0,0.0,2775060,-3761039,164311352,22646,47634,-26371,61,ef02fe00,43.51538748073,-79.68394516575,174.0488,-37.1,SOL_COMPUTED,SINGLE,good,1.4486,1.4312,2.6793,17,16,0.0,0.0,0,0,0,0,0,0,0,0,0,SPECTRUMANALYSIS,L5,1187.942,1.538,-54.651,-108.748
2026-05-25 09:51:20.563814,1779717080.563814,2420,136247.0,,,,,,,,,,,,,,,,0.0000,,,,0.0,0.0,0.0,0.0,0.0,0.0,0.0,0.0,0.0,2533972,-3726779,164424874,86478,59728,995,61,eefffe00,43.51537589679,-79.68396620585,175.8795,-37.1,SOL_COMPUTED,SINGLE,good,1.4633,1.4721,2.6891,17,16,0.0,0.0,0,0,0,0,0,0,0,0,0,SPECTRUMANALYSIS,L2,1237.62,3.149,-59.404,-116.885
2026-05-25 09:51:24.021026,1779717084.021026,2420,136252.0,,,,,,,,,,,,,,,,0.0000,,,,0.0,0.0,0.0,0.0,0.0,0.0,0.0,0.0,0.0,2798427,-3744731,164418197,30603,-1797,-44506,61,eefdfe00,43.51538043883,-79.68393360415,177.4017,-37.1,SOL_COMPUTED,SINGLE,good,1.4907,1.3848,2.6131,17,16,0.0,0.0,0,0,0,0,0,0,0,0,0,SPECTRUMANALYSIS,L2,1247.324,0.293,-67.13,-119.54
2026-05-25 09:51:41.637301,1779717101.637301,2420,136272.0,,,,,,,,,,,,,,,,0.0000,,,,0.0,0.0,0.0,0.0,0.0,0.0,0.0,0.0,0.0,2597292,-3804416,164435127,-1455,-27302,25461,61,eef6fe00,43.51538018066,-79.68394451719,172.2897,-37.1,SOL_COMPUTED,SINGLE,good,1.5987,1.6516,3.0424,16,15,0.0,0.0,0,0,0,0,0,0,0,0,0,SPECTRUMANALYSIS,L5,1188.125,1.611,-56.308,-110.319
2026-05-25 09:51:48.563702,1779717108.563702,2420,136282.0,,,,,,,,,,,,,,,,0.0000,,,,0.0,0.0,0.0,0.0,0.0,0.0,0.0,0.0,0.0,2790805,-3830403,164370431,20363,99780,6652,61,eef3fe00,43.51538828698,-79.68392726005,168.2451,-37.1,SOL_COMPUTED,SINGLE,good,1.5238,1.5726,3.0778,16,15,0.0,0.0,0,0,0,0,0,0,0,0,0,SPECTRUMANALYSIS,L2,1236.777,3.076,-57.062,-114.269
2026-05-25 09:51:59.095572,1779717119.095572,2420,136291.0,,,,,,,,,,,,,,,,0.0000,,,,0.0,0.0,0.0,0.0,0.0,0.0,0.0,0.0,0.0,2854663,-3843700,164329979,37959,52897,-8330,61,eef0fe00,43.51537803711,-79.6839479718,166.297,-37.1,SOL_COMPUTED,SINGLE,good,1.492,1.5271,3.0118,16,15,0.0,0.0,0,0,0,0,0,0,0,0,0,SPECTRUMANALYSIS,L2,1237.253,1.538,-60.666,-116.721
2026-05-25 09:52:02.651631,1779717122.651631,2420,136294.0,,,,,,,,,,,,,,,,0.0000,,,,0.0,0.0,0.0,0.0,0.0,0.0,0.0,0.0,0.0,2749385,-3752197,164433899,41899,60069,3376,61,eeeffe00,43.51537955594,-79.68394649567,166.9999,-37.1,SOL_COMPUTED,SINGLE,good,1.4859,1.5176,2.9992,16,15,0.0,0.0,0,0,0,0,0,0,0,0,0,SPECTRUMANALYSIS,L2,1237.656,3.076,-55.375,-109.783
2026-05-25 09:52:04.324038,1779717124.324038,2420,136296.0,,,,,,,,,,,,,,,,0.0000,,,,0.0,0.0,0.0,0.0,0.0,0.0,0.0,0.0,0.0,2734214,-3734787,164398438,70461,5008,6622,61,eeeefe00,43.51537957559,-79.68394670936,167.1132,-37.1,SOL_COMPUTED,SINGLE,good,1.4935,1.5267,3.0121,16,15,0.0,0.0,0,0,0,0,0,0,0,0,0,SPECTRUMANALYSIS,L2,1237.546,2.563,-57.59,-115.042
2026-05-25 09:52:05.391136,1779717125.391136,2420,136297.0,,,,,,,,,,,,,,,,0.0000,,,,0.0,0.0,0.0,0.0,0.0,0.0,0.0,0.0,0.0,3073672,-3649537,164226745,53006,6669,-56980,61,eeeefe00,43.5153912362,-79.68392910065,163.7316,-37.1,SOL_COMPUTED,SINGLE,good,1.5621,1.6106,3.1531,14,14,0.0,0.0,0,0,0,0,0,0,0,0,0,SPECTRUMANALYSIS,L2,1237.546,2.563,-57.59,-115.042
2026-05-25 09:52:06.442312,1779717126.442312,2420,136298.0,,,,,,,,,,,,,,,,0.0000,,,,0.0,0.0,0.0,0.0,0.0,0.0,0.0,0.0,0.0,2712423,-3610412,164385754,60419,70625,9097,61,eeedfe00,43.51537195581,-79.68395944042,167.3947,-37.1,SOL_COMPUTED,SINGLE,good,1.4899,1.5208,3.0034,15,15,0.0,0.0,0,0,0,0,0,0,0,0,0,SPECTRUMANALYSIS,L5,1187.942,1.831,-54.708,-108.665
2026-05-25 09:52:14.405459,1779717134.405459,2420,136306.0,,,,,,,,,,,,,,,,0.0000,,,,0.0,0.0,0.0,0.0,0.0,0.0,0.0,0.0,0.0,2648377,-3786242,164403776,32646,-11175,-23818,61,eeeafe00,43.51538841818,-79.68393541424,163.6708,-37.1,SOL_COMPUTED,SINGLE,good,1.5563,1.6031,3.1473,16,14,0.0,0.0,0,0,0,0,0,0,0,0,0,SPECTRUMANALYSIS,L2,1237.51,2.344,-57.26,-113.758
2026-05-25 09:52:19.228666,1779717139.228666,2420,136311.0,,,,,,,,,,,,,,,,0.0000,,,,0.0,0.0,0.0,0.0,0.0,0.0,0.0,0.0,0.0,2645697,-3901766,164354216,106004,91170,7711,61,eee8fe00,43.51538721008,-79.68393807788,163.8234,-37.1,SOL_COMPUTED,SINGLE,good,1.5538,1.597,3.1358,17,15,0.0,0.0,0,0,0,0,0,0,0,0,0,SPECTRUMANALYSIS,L5,1187.759,1.318,-57.0,-109.792
2026-05-25 09:52:24.582916,1779717144.582916,2420,136317.0,,,,,,,,,,,,,,,,0.0000,,,,0.0,0.0,0.0,0.0,0.0,0.0,0.0,0.0,0.0,3203874,-3754353,164129396,76870,47869,-6437,61,eee6fe00,43.51538526064,-79.68394143804,164.6404,-37.1,SOL_COMPUTED,SINGLE,good,1.5211,1.5389,2.9395,17,15,0.0,0.0,0,0,0,0,0,0,0,0,0,SPECTRUMANALYSIS,L2,1237.4,2.71,-58.83,-115.982
2026-05-25 09:52:44.455436,1779717164.455436,2420,136341.0,,,,,,,,,,,,,,,,0.0000,,,,0.0,0.0,0.0,0.0,0.0,0.0,0.0,0.0,0.0,2862715,-3796045,164318422,16033,115981,-13437,61,eedefe00,43.51539496356,-79.68395128912,168.2985,-37.1,SOL_COMPUTED,SINGLE,good,1.4944,1.481,2.7696,17,15,0.0,0.0,0,0,0,0,0,0,0,0,0,SPECTRUMANALYSIS,L2,1236.924,3.223,-58.51,-116.206
2026-05-25 09:52:47.314950,1779717167.314950,2420,136343.0,,,,,,,,,,,,,,,,0.0000,,,,0.0,0.0,0.0,0.0,0.0,0.0,0.0,0.0,0.0,2807581,-3796438,164349265,26490,60867,-31541,61,eedefe00,43.51539521594,-79.68395141003,168.8361,-37.1,SOL_COMPUTED,SINGLE,good,1.4978,1.4807,2.768,17,15,0.0,0.0,0,0,0,0,0,0,0,0,0,SPECTRUMANALYSIS,L2,1236.924,3.223,-58.51,-116.206
2026-05-25 09:52:51.284798,1779717171.284798,2420,136347.0,,,,,,,,,,,,,,,,0.0000,,,,0.0,0.0,0.0,0.0,0.0,0.0,0.0,0.0,0.0,2862773,-3811750,164355204,107808,10929,-14889,61,eedcfe00,43.51539604757,-79.6839511013,169.507,-37.1,SOL_COMPUTED,SINGLE,good,1.498,1.4781,2.7624,17,15,0.0,0.0,0,0,0,0,0,0,0,0,0,SPECTRUMANALYSIS,L5,1187.979,1.904,-54.929,-108.051
2026-05-25 09:52:53.751266,1779717173.751266,2420,136350.0,,,,,,,,,,,,,,,,0.0000,,,,0.0,0.0,0.0,0.0,0.0,0.0,0.0,0.0,0.0,2851784,-3912185,164288935,108281,-199869,-20626,61,eedbfe00,43.51539702971,-79.68394974341,169.8304,-37.1,SOL_COMPUTED,SINGLE,good,1.4969,1.4798,2.7692,17,15,0.0,0.0,0,0,0,0,0,0,0,0,0,SPECTRUMANALYSIS,L2,1237.62,2.417,-58.705,-114.251
2026-05-25 09:52:54.651346,1779717174.651346,2420,136351.0,,,,,,,,,,,,,,,,0.0000,,,,0.0,0.0,0.0,0.0,0.0,0.0,0.0,0.0,0.0,2416467,-3577585,164499239,47120,24358,9070,61,eedbfe00,43.51539026334,-79.68394293346,167.748,-37.1,SOL_COMPUTED,SINGLE,good,1.5859,1.5148,3.138,16,14,0.0,0.0,0,0,0,0,0,0,0,0,0,SPECTRUMANALYSIS,L2,1237.62,2.417,-58.705,-114.251
2026-05-25 09:52:57.736757,1779717177.736757,2420,136354.0,,,,,,,,,,,,,,,,0.0000,,,,0.0,0.0,0.0,0.0,0.0,0.0,0.0,0.0,0.0,2508795,-3987377,164489962,76739,-87351,13926,61,eedafe00,43.51541501399,-79.68396077357,175.295,-37.1,SOL_COMPUTED,SINGLE,good,1.508,1.4928,2.8466,17,15,0.0,0.0,0,0,0,0,0,0,0,0,0,SPECTRUMANALYSIS,L2,1237.62,2.271,-58.506,-112.874
2026-05-25 09:52:58.601199,1779717178.601199,2420,136355.0,,,,,,,,,,,,,,,,0.0000,,,,0.0,0.0,0.0,0.0,0.0,0.0,0.0,0.0,0.0,2852437,-3998555,164227139,78754,-2077,20886,61,eed9fe00,43.5154158383,-79.68395995318,175.5754,-37.1,SOL_COMPUTED,SINGLE,good,1.5115,1.5015,2.8705,17,15,0.0,0.0,0,0,0,0,0,0,0,0,0,SPECTRUMANALYSIS,L2,1237.62,2.271,-58.506,-112.874
2026-05-25 09:53:01.606117,1779717181.606117,2420,136358.0,,,,,,,,,,,,,,,,0.0000,,,,0.0,0.0,0.0,0.0,0.0,0.0,0.0,0.0,0.0,3100183,-3879599,164234090,65221,22825,-17133,61,eed9fe00,43.51541225215,-79.6839573607,174.8754,-37.1,SOL_COMPUTED,SINGLE,good,1.5142,1.5278,2.9324,17,15,0.0,0.0,0,0,0,0,0,0,0,0,0,SPECTRUMANALYSIS,L2,1237.107,2.124,-59.751,-114.266
2026-05-25 09:53:02.535926,1779717182.535926,2420,136359.0,,,,,,,,,,,,,,,,0.0000,,,,0.0,0.0,0.0,0.0,0.0,0.0,0.0,0.0,0.0,2869807,-3764921,164348223,30550,16006,-38162,61,eed8fe00,43.51540845513,-79.68396975311,177.6991,-37.1,SOL_COMPUTED,SINGLE,good,1.5248,1.5764,3.0886,15,14,0.0,0.0,0,0,0,0,0,0,0,0,0,SPECTRUMANALYSIS,L2,1237.363,2.051,-61.612,-116.789
2026-05-25 09:53:22.659516,1779717202.659516,2420,136379.0,,,,,,,,,,,,,,,,0.0000,,,,0.0,0.0,0.0,0.0,0.0,0.0,0.0,0.0,0.0,2331318,-3499557,164497026,31414,-147391,5413,61,eed2fe00,43.51540082091,-79.68392776495,167.4537,-37.1,SOL_COMPUTED,SINGLE,good,1.499,1.514,2.8275,17,15,0.0,0.0,0,0,0,0,0,0,0,0,0,SPECTRUMANALYSIS,L2,1237.18,2.271,-59.425,-114.551
2026-05-25 09:53:33.095540,1779717213.095540,2420,136390.0,,,,,,,,,,,,,,,,0.0000,,,,0.0,0.0,0.0,0.0,0.0,0.0,0.0,0.0,0.0,2910464,-4120544,164274897,36102,52604,-12438,61,eecefe00,43.5154029978,-79.68389570848,164.6194,-37.1,SOL_COMPUTED,SINGLE,good,1.6166,1.7486,3.2798,16,13,0.0,0.0,0,0,0,0,0,0,0,0,0,SPECTRUMANALYSIS,L2,1237.693,2.417,-58.472,-114.144
2026-05-25 09:53:38.374397,1779717218.374397,2420,136395.0,,,,,,,,,,,,,,,,0.0000,,,,0.0,0.0,0.0,0.0,0.0,0.0,0.0,0.0,0.0,2841085,-3853102,164333869,16897,86280,-10551,61,eeccfe00,43.51539158716,-79.68393140452,173.7331,-37.1,SOL_COMPUTED,SINGLE,good,1.5222,1.6099,3.1794,15,13,0.0,0.0,0,0,0,0,0,0,0,0,0,SPECTRUMANALYSIS,L2,1237.693,1.978,-59.085,-114.592
2026-05-25 09:53:40.238136,1779717220.238136,2420,136397.0,,,,,,,,,,,,,,,,0.0000,,,,0.0,0.0,0.0,0.0,0.0,0.0,0.0,0.0,0.0,2839974,-3858174,164360417,38065,51483,7625,61,eeccfe00,43.51539676085,-79.68391930455,171.7772,-37.1,SOL_COMPUTED,SINGLE,good,1.5315,1.6297,3.234,15,13,0.0,0.0,0,0,0,0,0,0,0,0,0,SPECTRUMANALYSIS,L2,1237.327,1.831,-59.421,-114.297
2026-05-25 09:53:49.640487,1779717229.640487,2420,136405.0,,,,,,,,,,,,,,,,0.0000,,,,0.0,0.0,0.0,0.0,0.0,0.0,0.0,0.0,0.0,2801293,-3792303,164375506,57324,94828,18224,61,eec9fe00,43.51537540743,-79.68395493864,184.5629,-37.1,SOL_COMPUTED,SINGLE,good,1.48,1.5373,3.0668,16,15,0.0,0.0,0,0,0,0,0,0,0,0,0,SPECTRUMANALYSIS,L2,1238.169,2.93,-58.803,-114.108
2026-05-25 09:53:56.866389,1779717236.866389,2420,136412.0,,,,,,,,,,,,,,,,0.0000,,,,0.0,0.0,0.0,0.0,0.0,0.0,0.0,0.0,0.0,2915260,-3723090,164271081,37137,31282,-30390,61,eec6fe00,43.5153717492,-79.68396656172,179.7697,-37.1,SOL_COMPUTED,SINGLE,good,1.479,1.4333,2.9069,17,16,0.0,0.0,0,0,0,0,0,0,0,0,0,SPECTRUMANALYSIS,L5,1187.869,1.685,-52.729,-103.328
2026-05-25 09:54:05.110128,1779717245.110128,2420,136421.0,,,,,,,,,,,,,,,,0.0000,,,,0.0,0.0,0.0,0.0,0.0,0.0,0.0,0.0,0.0,939764,-3451068,165125993,-129647,146371,-63076,61,eec4fe00,43.51536648343,-79.68391321287,177.6375,-37.1,SOL_COMPUTED,SINGLE,good,1.48,1.3826,2.8527,17,16,0.0,0.0,0,0,0,0,0,0,0,0,0,SPECTRUMANALYSIS,L2,1237.729,2.93,-57.522,-113.408
2026-05-25 09:54:06.783274,1779717246.783274,2420,136423.0,,,,,,,,,,,,,,,,0.0000,,,,0.0,0.0,0.0,0.0,0.0,0.0,0.0,0.0,0.0,3119610,-3792393,164178192,113399,-96362,5599,61,eec3fe00,43.51537326172,-79.68392714016,180.2178,-37.1,SOL_COMPUTED,SINGLE,good,1.5822,1.4,2.9613,16,15,0.0,0.0,0,0,0,0,0,0,0,0,0,SPECTRUMANALYSIS,L2,1237.729,2.93,-57.522,-113.408
2026-05-25 09:54:07.633190,1779717247.633190,2420,136424.0,,,,,,,,,,,,,,,,0.0000,,,,0.0,0.0,0.0,0.0,0.0,0.0,0.0,0.0,0.0,2382857,-4036076,164642456,424782,-579283,-7433,61,eec3fe00,43.51534674805,-79.68390531585,174.7202,-37.1,SOL_COMPUTED,SINGLE,good,1.4808,1.3582,2.8129,17,16,0.0,0.0,0,0,0,0,0,0,0,0,0,SPECTRUMANALYSIS,L2,1237.729,2.93,-57.522,-113.408
2026-05-25 09:54:20.254860,1779717260.254860,2420,136433.0,,,,,,,,,,,,,,,,0.0000,,,,0.0,0.0,0.0,0.0,0.0,0.0,0.0,0.0,0.0,2783347,-3680485,164311642,76655,65976,3472,61,eec0fe00,43.51537446028,-79.68390848881,172.9338,-37.1,SOL_COMPUTED,SINGLE,good,1.4862,1.5465,2.9683,16,14,0.0,0.0,0,0,0,0,0,0,0,0,0,SPECTRUMANALYSIS,L2,1220.298,6.445,0.0,0.0
2026-05-25 09:54:24.310367,1779717264.310367,2420,136438.0,,,,,,,,,,,,,,,,0.0000,,,,0.0,0.0,0.0,0.0,0.0,0.0,0.0,0.0,0.0,2889509,-3744998,164389864,134757,8874,-25343,61,eebefe00,43.51538989065,-79.68392073197,174.3617,-37.1,SOL_COMPUTED,SINGLE,good,1.5946,1.8053,3.6752,15,13,0.0,0.0,0,0,0,0,0,0,0,0,0,SPECTRUMANALYSIS,L2,1237.656,3.076,-56.801,-112.819
2026-05-25 09:54:31.999795,1779717271.999795,2420,136448.0,,,,,,,,,,,,,,,,0.0000,,,,0.0,0.0,0.0,0.0,0.0,0.0,0.0,0.0,0.0,3356325,-3577126,164144768,-36875,779832,53869,61,eebbfe00,43.51535924446,-79.68393322796,176.259,-37.1,SOL_COMPUTED,SINGLE,good,1.4391,1.4408,2.7108,17,16,0.0,0.0,0,0,0,0,0,0,0,0,0,SPECTRUMANALYSIS,L2,1237.473,2.271,-57.383,-112.886
2026-05-25 09:54:34.337795,1779717274.337795,2420,136451.0,,,,,,,,,,,,,,,,0.0000,,,,0.0,0.0,0.0,0.0,0.0,0.0,0.0,0.0,0.0,3207516,-3796467,164280134,105031,-91265,-40722,61,eebafe00,43.51535607077,-79.68393726786,177.457,-37.1,SOL_COMPUTED,SINGLE,good,1.4401,1.442,2.721,17,16,0.0,0.0,0,0,0,0,0,0,0,0,0,SPECTRUMANALYSIS,L2,1237.473,2.271,-57.383,-112.886
2026-05-25 09:54:43.873536,1779717283.873536,2420,136462.0,,,,,,,,,,,,,,,,0.0000,,,,0.0,0.0,0.0,0.0,0.0,0.0,0.0,0.0,0.0,2954286,-3653476,164426235,69381,56062,-17653,61,eeb6fe00,43.51536315532,-79.68393290599,177.1436,-37.1,SOL_COMPUTED,SINGLE,good,1.4477,1.484,2.8477,16,15,0.0,0.0,0,0,0,0,0,0,0,0,0,SPECTRUMANALYSIS,L5,1188.015,1.685,-53.733,-106.495
2026-05-25 09:54:46.997475,1779717286.997475,2420,136465.0,,,,,,,,,,,,,,,,0.0000,,,,0.0,0.0,0.0,0.0,0.0,0.0,0.0,0.0,0.0,2863158,-3699528,164361739,65353,68291,-33355,61,eeb5fe00,43.51536720806,-79.6839373253,178.0764,-37.1,SOL_COMPUTED,SINGLE,good,1.4471,1.4662,2.7937,17,16,0.0,0.0,0,0,0,0,0,0,0,0,0,SPECTRUMANALYSIS,L2,1238.059,5.054,-56.197,-112.345
2026-05-25 09:54:47.828922,1779717287.828922,2420,136466.0,,,,,,,,,,,,,,,,0.0000,,,,0.0,0.0,0.0,0.0,0.0,0.0,0.0,0.0,0.0,2913687,-3731416,164365173,39536,62060,-22787,61,eeb5fe00,43.51537100975,-79.683947278,179.83,-37.1,SOL_COMPUTED,SINGLE,good,1.5501,1.5279,2.9193,16,15,0.0,0.0,0,0,0,0,0,0,0,0,0,SPECTRUMANALYSIS,L2,1238.059,5.054,-56.197,-112.345
2026-05-25 09:54:53.442844,1779717293.442844,2420,136475.0,,,,,,,,,,,,,,,,0.0000,,,,0.0,0.0,0.0,0.0,0.0,0.0,0.0,0.0,0.0,-1630974,-4660011,166498109,338564,-1322252,35576,61,eeb2fe00,43.51537414273,-79.68399619498,175.0949,-37.1,SOL_COMPUTED,SINGLE,good,1.6121,1.5975,2.8943,15,14,0.0,0.0,0,0,0,0,0,0,0,0,0,SPECTRUMANALYSIS,L2,1237.583,1.172,-59.891,-113.457
2026-05-25 09:54:57.641652,1779717297.641652,2420,136481.0,,,,,,,,,,,,,,,,0.0000,,,,0.0,0.0,0.0,0.0,0.0,0.0,0.0,0.0,0.0,2953758,-3567865,164188409,61615,153018,2810,61,eeb0fe00,43.51538515779,-79.68395041764,175.9727,-37.1,SOL_COMPUTED,SINGLE,good,1.6269,1.6309,2.9764,16,13,0.0,0.0,0,0,0,0,0,0,0,0,0,SPECTRUMANALYSIS,L2,1237.144,3.369,-56.084,-111.135
2026-05-25 09:54:58.936557,1779717298.936557,2420,136482.0,,,,,,,,,,,,,,,,0.0000,,,,0.0,0.0,0.0,0.0,0.0,0.0,0.0,0.0,0.0,2385852,-3823277,164572613,76731,87067,883,61,eeb0fe00,43.51538499007,-79.6839496668,175.7521,-37.1,SOL_COMPUTED,SINGLE,good,1.6272,1.6303,2.9746,16,13,0.0,0.0,0,0,0,0,0,0,0,0,0,SPECTRUMANALYSIS,L2,1237.144,3.369,-56.084,-111.135
2026-05-25 09:55:01.192334,1779717301.192334,2420,136484.0,,,,,,,,,,,,,,,,0.0000,,,,0.0,0.0,0.0,0.0,0.0,0.0,0.0,0.0,0.0,1714837,-3747258,164865303,91483,132087,-6159,61,eeaffe00,43.51538504519,-79.68395004005,175.8739,-37.1,SOL_COMPUTED,SINGLE,good,1.6294,1.6317,2.9729,16,13,0.0,0.0,0,0,0,0,0,0,0,0,0,SPECTRUMANALYSIS,L2,1237.583,3.076,0.0,0.0
2026-05-25 09:55:04.657630,1779717304.657630,2420,136488.0,,,,,,,,,,,,,,,,0.0000,,,,0.0,0.0,0.0,0.0,0.0,0.0,0.0,0.0,0.0,3300060,-3398756,164280599,-22337,353598,-156186,61,eeaefe00,43.51535423418,-79.68389877393,173.2601,-37.1,SOL_COMPUTED,SINGLE,good,1.5421,1.3701,2.7327,17,15,0.0,0.0,0,0,0,0,0,0,0,0,0,SPECTRUMANALYSIS,L2,1237.034,5.2,-54.435,-109.376
2026-05-25 09:55:05.601153,1779717305.601153,2420,136489.0,,,,,,,,,,,,,,,,0.0000,,,,0.0,0.0,0.0,0.0,0.0,0.0,0.0,0.0,0.0,2995171,-4058319,164183748,68260,266346,35729,61,eeaefe00,43.51538087305,-79.68391924462,178.2657,-37.1,SOL_COMPUTED,SINGLE,good,1.6211,1.4009,2.8611,17,14,0.0,0.0,0,0,0,0,0,0,0,0,0,SPECTRUMANALYSIS,L2,1237.034,5.2,-54.435,-109.376
2026-05-25 09:55:08.100197,1779717308.100197,2420,136492.0,,,,,,,,,,,,,,,,0.0000,,,,0.0,0.0,0.0,0.0,0.0,0.0,0.0,0.0,0.0,2746576,-3951662,164382367,60885,-107604,-18257,61,eeadfe00,43.51537828709,-79.68391567655,177.7667,-37.1,SOL_COMPUTED,SINGLE,good,1.6184,1.4006,2.8559,17,15,0.0,0.0,0,0,0,0,0,0,0,0,0,SPECTRUMANALYSIS,L2,1237.473,3.149,-55.152,-110.0
2026-05-25 09:55:11.647779,1779717311.647779,2420,136495.0,,,,,,,,,,,,,,,,0.0000,,,,0.0,0.0,0.0,0.0,0.0,0.0,0.0,0.0,0.0,2930937,-3550276,164302009,-13153,218934,2939,61,eeacfe00,43.51538092433,-79.68391691724,177.7219,-37.1,SOL_COMPUTED,SINGLE,good,1.6201,1.4031,2.8547,17,15,0.0,0.0,0,0,0,0,0,0,0,0,0,SPECTRUMANALYSIS,L2,1247.361,0.952,0.0,0.0
2026-05-25 09:55:13.096637,1779717313.096637,2420,136496.0,,,,,,,,,,,,,,,,0.0000,,,,0.0,0.0,0.0,0.0,0.0,0.0,0.0,0.0,0.0,3031050,-3794108,164045783,-65578,105228,-61685,61,eeabfe00,43.51538808017,-79.68395519754,175.0991,-37.1,SOL_COMPUTED,SINGLE,good,1.6138,1.5717,2.7978,16,14,0.0,0.0,0,0,0,0,0,0,0,0,0,SPECTRUMANALYSIS,L2,1237.62,1.685,-55.245,-108.232
2026-05-25 09:55:21.817727,1779717321.817727,2420,136505.0,,,,,,,,,,,,,,,,0.0000,,,,0.0,0.0,0.0,0.0,0.0,0.0,0.0,0.0,0.0,2933407,-3763006,164313101,66643,7459,-54437,61,eea9fe00,43.51535123886,-79.68388778734,175.4284,-37.1,SOL_COMPUTED,SINGLE,good,1.5491,1.4931,2.7926,17,16,0.0,0.0,0,0,0,0,0,0,0,0,0,SPECTRUMANALYSIS,L2,1237.839,5.2,-53.423,-108.2
2026-05-25 09:55:26.640015,1779717326.640015,2420,136511.0,,,,,,,,,,,,,,,,0.0000,,,,0.0,0.0,0.0,0.0,0.0,0.0,0.0,0.0,0.0,2664127,-3697719,164422825,78502,-109984,-3733,61,eea7fe00,43.51539806562,-79.68396739341,175.3583,-37.1,SOL_COMPUTED,SINGLE,good,1.6047,1.5653,2.7962,17,14,0.0,0.0,0,0,0,0,0,0,0,0,0,SPECTRUMANALYSIS,L2,1237.363,3.662,0.0,0.0
2026-05-25 09:55:28.251653,1779717328.251653,2420,136513.0,,,,,,,,,,,,,,,,0.0000,,,,0.0,0.0,0.0,0.0,0.0,0.0,0.0,0.0,0.0,2888672,-3755184,164324608,75311,8270,-53501,61,eea6fe00,43.51539687285,-79.68396778055,175.489,-37.1,SOL_COMPUTED,SINGLE,good,1.6055,1.5653,2.7962,17,14,0.0,0.0,0,0,0,0,0,0,0,0,0,SPECTRUMANALYSIS,L2,1237.363,3.662,0.0,0.0
2026-05-25 09:55:31.909914,1779717331.909914,2420,136517.0,,,,,,,,,,,,,,,,0.0000,,,,0.0,0.0,0.0,0.0,0.0,0.0,0.0,0.0,0.0,2818971,-3696851,164207349,57000,-438696,-23004,61,eea5fe00,43.51539013836,-79.68393764874,177.8495,-37.1,SOL_COMPUTED,SINGLE,good,1.6164,1.397,2.8576,17,14,0.0,0.0,0,0,0,0,0,0,0,0,0,SPECTRUMANALYSIS,L2,1247.361,0.952,-63.284,-119.106
2026-05-25 09:55:32.704536,1779717332.704536,2420,136518.0,,,,,,,,,,,,,,,,0.0000,,,,0.0,0.0,0.0,0.0,0.0,0.0,0.0,0.0,0.0,2732693,-3827995,164404428,120106,-12509,-40686,61,eea5fe00,43.51538993781,-79.68393780372,177.9069,-37.1,SOL_COMPUTED,SINGLE,good,1.6177,1.3971,2.858,17,14,0.0,0.0,0,0,0,0,0,0,0,0,0,SPECTRUMANALYSIS,L2,1247.361,0.952,-63.284,-119.106
2026-05-25 09:55:38.005024,1779717338.005024,2420,136524.0,,,,,,,,,,,,,,,,0.0000,,,,0.0,0.0,0.0,0.0,0.0,0.0,0.0,0.0,0.0,2769898,-3892752,164423139,124303,-331969,-24590,61,eea3fe00,43.5153897228,-79.68393701206,178.1878,-37.1,SOL_COMPUTED,SINGLE,good,1.6233,1.3982,2.8656,17,14,0.0,0.0,0,0,0,0,0,0,0,0,0,SPECTRUMANALYSIS,L2,1237.656,2.49,-54.656,-106.867
2026-05-25 09:55:39.089884,1779717339.089884,2420,136525.0,,,,,,,,,,,,,,,,0.0000,,,,0.0,0.0,0.0,0.0,0.0,0.0,0.0,0.0,0.0,3032213,-3828895,164237039,58251,-11271,-21079,61,eea3fe00,43.5153899578,-79.68393665844,178.2711,-37.1,SOL_COMPUTED,SINGLE,good,1.6244,1.3979,2.8643,17,14,0.0,0.0,0,0,0,0,0,0,0,0,0,SPECTRUMANALYSIS,L2,1237.656,2.49,-54.656,-106.867
2026-05-25 09:55:42.443648,1779717342.443648,2420,136529.0,,,,,,,,,,,,,,,,0.0000,,,,0.0,0.0,0.0,0.0,0.0,0.0,0.0,0.0,0.0,2703565,-3680703,164399580,24494,-17638,25981,61,eea1fe00,43.51539179561,-79.68393492344,178.575,-37.1,SOL_COMPUTED,SINGLE,good,1.6319,1.3999,2.8714,17,14,0.0,0.0,0,0,0,0,0,0,0,0,0,SPECTRUMANALYSIS,L2,1237.656,2.49,-54.656,-106.867
2026-05-25 09:55:44.546493,1779717344.546493,2420,136532.0,,,,,,,,,,,,,,,,0.0000,,,,0.0,0.0,0.0,0.0,0.0,0.0,0.0,0.0,0.0,2547264,-3903612,164415498,58325,-58294,-27050,61,eea0fe00,43.51537389433,-79.68391816308,175.0698,-37.1,SOL_COMPUTED,SINGLE,good,1.5145,1.3563,2.6946,17,15,0.0,0.0,0,0,0,0,0,0,0,0,0,SPECTRUMANALYSIS,L2,1247.434,1.099,-63.265,-119.263
2026-05-25 09:55:45.241229,1779717345.241229,2420,136533.0,,,,,,,,,,,,,,,,0.0000,,,,0.0,0.0,0.0,0.0,0.0,0.0,0.0,0.0,0.0,2955927,-3789732,164267554,106619,-50799,-36469,61,eea0fe00,43.51537434293,-79.6839175163,175.0885,-37.1,SOL_COMPUTED,SINGLE,good,1.513,1.3562,2.6911,17,15,0.0,0.0,0,0,0,0,0,0,0,0,0,SPECTRUMANALYSIS,L2,1247.434,1.099,-63.265,-119.263
2026-05-25 09:55:49.164708,1779717349.164708,2420,136538.0,,,,,,,,,,,,,,,,0.0000,,,,0.0,0.0,0.0,0.0,0.0,0.0,0.0,0.0,0.0,2705550,-3745548,164360608,68372,-73065,-45221,61,ee9efe00,43.51538199691,-79.68394300687,172.9851,-37.1,SOL_COMPUTED,SINGLE,good,1.5191,1.5157,2.6891,17,15,0.0,0.0,0,0,0,0,0,0,0,0,0,SPECTRUMANALYSIS,L2,1238.059,4.175,-53.771,-109.844
2026-05-25 09:55:50.763439,1779717350.763439,2420,136539.0,,,,,,,,,,,,,,,,0.0000,,,,0.0,0.0,0.0,0.0,0.0,0.0,0.0,0.0,0.0,2459412,-4012760,164580303,177927,25093,-43040,61,ee9efe00,43.51538265099,-79.6839426774,173.013,-37.1,SOL_COMPUTED,SINGLE,good,1.5192,1.516,2.689,17,15,0.0,0.0,0,0,0,0,0,0,0,0,0,SPECTRUMANALYSIS,L2,1238.059,4.175,-53.771,-109.844
2026-05-25 09:55:52.689901,1779717352.689901,2420,136541.0,,,,,,,,,,,,,,,,0.0000,,,,0.0,0.0,0.0,0.0,0.0,0.0,0.0,0.0,0.0,2896687,-4067990,164186922,43189,-19513,-10043,61,ee9efe00,43.51538373819,-79.6839425567,173.019,-37.1,SOL_COMPUTED,SINGLE,good,1.5238,1.5202,2.7024,17,15,0.0,0.0,0,0,0,0,0,0,0,0,0,SPECTRUMANALYSIS,L2,1247.471,1.025,-63.027,-118.857
2026-05-25 09:55:56.289404,1779717356.289404,2420,136545.0,,,,,,,,,,,,,,,,0.0000,,,,0.0,0.0,0.0,0.0,0.0,0.0,0.0,0.0,0.0,2682736,-3779211,164441811,59019,90087,-40614,61,ee9cfe00,43.51539348237,-79.68394567782,173.9681,-37.1,SOL_COMPUTED,SINGLE,good,1.5853,1.5383,2.6992,17,15,0.0,0.0,0,0,0,0,0,0,0,0,0,SPECTRUMANALYSIS,L2,1237.4,2.124,0.0,0.0
2026-05-25 09:55:57.252279,1779717357.252279,2420,136546.0,,,,,,,,,,,,,,,,0.0000,,,,0.0,0.0,0.0,0.0,0.0,0.0,0.0,0.0,0.0,2810875,-3803025,164354183,37882,78530,-19188,61,ee9dfe00,43.51539560068,-79.68394621702,174.1144,-37.1,SOL_COMPUTED,SINGLE,good,1.6353,1.5522,2.7101,17,15,0.0,0.0,0,0,0,0,0,0,0,0,0,SPECTRUMANALYSIS,L2,1237.4,2.124,-53.625,-105.181
2026-05-25 09:55:59.767856,1779717359.767856,2420,136549.0,,,,,,,,,,,,,,,,0.0000,,,,0.0,0.0,0.0,0.0,0.0,0.0,0.0,0.0,0.0,1839964,-3575108,164891426,17085,322044,-5014,61,ee9bfe00,43.51542714293,-79.68396563519,176.2463,-37.1,SOL_COMPUTED,SINGLE,good,1.6434,1.5537,2.7072,17,15,0.0,0.0,0,0,0,0,0,0,0,0,0,SPECTRUMANALYSIS,L2,1237.473,7.397,0.0,0.0
2026-05-25 09:56:00.584199,1779717360.584199,2420,136550.0,,,,,,,,,,,,,,,,0.0000,,,,0.0,0.0,0.0,0.0,0.0,0.0,0.0,0.0,0.0,2446819,-3835542,164554137,81442,-17911,5962,61,ee9bfe00,43.51542562675,-79.68396391302,175.979,-37.1,SOL_COMPUTED,SINGLE,good,1.6537,1.5567,2.7101,17,15,0.0,0.0,0,0,0,0,0,0,0,0,0,SPECTRUMANALYSIS,L2,1247.361,0.952,-63.22,-119.633
2026-05-25 09:56:02.435999,1779717362.435999,2420,136552.0,,,,,,,,,,,,,,,,0.0000,,,,0.0,0.0,0.0,0.0,0.0,0.0,0.0,0.0,0.0,2781777,-3607687,164339915,111730,-18704,4064,61,ee9bfe00,43.51539344765,-79.68394044857,173.2098,-37.1,SOL_COMPUTED,SINGLE,good,1.8034,1.5985,2.7563,17,14,0.0,0.0,0,0,0,0,0,0,0,0,0,SPECTRUMANALYSIS,L2,1247.361,0.952,-63.22,-119.633
2026-05-25 09:56:03.558288,1779717363.558288,2420,136553.0,,,,,,,,,,,,,,,,0.0000,,,,0.0,0.0,0.0,0.0,0.0,0.0,0.0,0.0,0.0,3024959,-4012055,164273511,-29048,393743,-19338,61,ee9afe00,43.51539237497,-79.68393983089,172.9347,-37.1,SOL_COMPUTED,SINGLE,good,1.8071,1.6005,2.7619,17,14,0.0,0.0,0,0,0,0,0,0,0,0,0,SPECTRUMANALYSIS,L2,1237.839,2.417,-53.07,-103.994
2026-05-25 09:56:04.470212,1779717364.470212,2420,136554.0,,,,,,,,,,,,,,,,0.0000,,,,0.0,0.0,0.0,0.0,0.0,0.0,0.0,0.0,0.0,2494580,-4087867,164442442,66507,96601,17848,61,ee9afe00,43.51539205719,-79.68393880941,172.8002,-37.1,SOL_COMPUTED,SINGLE,good,1.8072,1.6008,2.7614,17,14,0.0,0.0,0,0,0,0,0,0,0,0,0,SPECTRUMANALYSIS,L2,1237.839,2.417,-53.07,-103.994
2026-05-25 09:56:05.480472,1779717365.480472,2420,136555.0,,,,,,,,,,,,,,,,0.0000,,,,0.0,0.0,0.0,0.0,0.0,0.0,0.0,0.0,0.0,2687024,-3899977,164379177,86229,-69509,-24942,61,ee9afe00,43.5153913214,-79.68393781486,172.6165,-37.1,SOL_COMPUTED,SINGLE,good,1.8063,1.6005,2.7609,17,14,0.0,0.0,0,0,0,0,0,0,0,0,0,SPECTRUMANALYSIS,L2,1237.839,2.417,-53.07,-103.994
2026-05-25 09:56:06.543296,1779717366.543296,2420,136556.0,,,,,,,,,,,,,,,,0.0000,,,,0.0,0.0,0.0,0.0,0.0,0.0,0.0,0.0,0.0,2790147,-3387094,164302711,369253,-430772,65608,61,ee99fe00,43.51538629546,-79.68390852869,174.6796,-37.1,SOL_COMPUTED,SINGLE,good,1.7972,1.3894,2.6476,17,15,0.0,0.0,0,0,0,0,0,0,0,0,0,SPECTRUMANALYSIS,L2,1237.656,2.344,-54.235,-105.025
2026-05-25 09:56:08.402911,1779717368.402911,2420,136558.0,,,,,,,,,,,,,,,,0.0000,,,,0.0,0.0,0.0,0.0,0.0,0.0,0.0,0.0,0.0,2604033,-3667761,164452931,39701,110473,11918,61,ee99fe00,43.51538535294,-79.68390734765,174.3168,-37.1,SOL_COMPUTED,SINGLE,good,1.7951,1.3901,2.6471,17,15,0.0,0.0,0,0,0,0,0,0,0,0,0,SPECTRUMANALYSIS,L2,1237.656,2.344,-54.235,-105.025
2026-05-25 09:56:13.635603,1779717373.635603,2420,136564.0,,,,,,,,,,,,,,,,0.0000,,,,0.0,0.0,0.0,0.0,0.0,0.0,0.0,0.0,0.0,2389284,-4279851,164550820,-14478,71718,-25341,61,ee97fe00,43.51538299368,-79.68390471465,173.3943,-37.1,SOL_COMPUTED,SINGLE,good,1.7968,1.3917,2.6493,17,15,0.0,0.0,0,0,0,0,0,0,0,0,0,SPECTRUMANALYSIS,L2,1237.07,5.127,0.0,0.0
2026-05-25 09:56:15.109599,1779717375.109599,2420,136566.0,,,,,,,,,,,,,,,,0.0000,,,,0.0,0.0,0.0,0.0,0.0,0.0,0.0,0.0,0.0,3513255,-3873695,164066074,58003,-197744,-30920,61,ee96fe00,43.51538214328,-79.68390390165,173.0828,-37.1,SOL_COMPUTED,SINGLE,good,1.7918,1.392,2.6465,17,15,0.0,0.0,0,0,0,0,0,0,0,0,0,SPECTRUMANALYSIS,L2,1247.581,0.806,-64.668,-119.83
2026-05-25 09:56:17.920497,1779717377.920497,2420,136569.0,,,,,,,,,,,,,,,,0.0000,,,,0.0,0.0,0.0,0.0,0.0,0.0,0.0,0.0,0.0,2904484,-3772515,164282584,49624,-69885,-52786,61,ee95fe00,43.51538072154,-79.68390357218,172.6893,-37.1,SOL_COMPUTED,SINGLE,good,1.7975,1.3913,2.6485,17,15,0.0,0.0,0,0,0,0,0,0,0,0,0,SPECTRUMANALYSIS,L2,1237.803,3.076,-53.747,-106.362
2026-05-25 09:56:19.064865,1779717379.064865,2420,136570.0,,,,,,,,,,,,,,,,0.0000,,,,0.0,0.0,0.0,0.0,0.0,0.0,0.0,0.0,0.0,2484042,-3831954,164523862,49601,319629,8995,61,ee95fe00,43.51538005384,-79.68390395314,172.5409,-37.1,SOL_COMPUTED,SINGLE,good,1.8097,1.3934,2.6592,17,15,0.0,0.0,0,0,0,0,0,0,0,0,0,SPECTRUMANALYSIS,L2,1237.803,3.076,0.0,0.0
2026-05-25 09:56:22.033911,1779717382.033911,2420,136573.0,,,,,,,,,,,,,,,,0.0000,,,,0.0,0.0,0.0,0.0,0.0,0.0,0.0,0.0,0.0,2749768,-3797469,164287094,15498,406951,-36571,61,ee94fe00,43.51536369336,-79.68392118632,168.4008,-37.1,SOL_COMPUTED,SINGLE,good,1.506,1.5501,2.6999,17,15,0.0,0.0,0,0,0,0,0,0,0,0,0,SPECTRUMANALYSIS,L2,1237.144,2.344,-53.994,-104.85
2026-05-25 09:56:23.178593,1779717383.178593,2420,136574.0,,,,,,,,,,,,,,,,0.0000,,,,0.0,0.0,0.0,0.0,0.0,0.0,0.0,0.0,0.0,1432120,-3537382,164897588,119754,-25562,20379,61,ee94fe00,43.51536370131,-79.68392416543,168.1599,-37.1,SOL_COMPUTED,SINGLE,good,1.5109,1.5639,2.7138,17,15,0.0,0.0,0,0,0,0,0,0,0,0,0,SPECTRUMANALYSIS,L2,1237.107,3.735,-56.45,-114.469
2026-05-25 09:56:24.167225,1779717384.167225,2420,136575.0,,,,,,,,,,,,,,,,0.0000,,,,0.0,0.0,0.0,0.0,0.0,0.0,0.0,0.0,0.0,2327932,-3298184,164569761,131309,-260926,-31487,61,ee93fe00,43.51536580088,-79.68392365841,168.3744,-37.1,SOL_COMPUTED,SINGLE,good,1.5053,1.5508,2.699,17,15,0.0,0.0,0,0,0,0,0,0,0,0,0,SPECTRUMANALYSIS,L2,1237.107,3.735,-56.45,-114.469
2026-05-25 09:56:25.118768,1779717385.118768,2420,136576.0,,,,,,,,,,,,,,,,0.0000,,,,0.0,0.0,0.0,0.0,0.0,0.0,0.0,0.0,0.0,2743265,-3631423,164346049,147532,-19954,-14459,61,ee94fe00,43.51536621037,-79.68392533003,168.2786,-37.1,SOL_COMPUTED,SINGLE,good,1.5059,1.5554,2.703,17,15,0.0,0.0,0,0,0,0,0,0,0,0,0,SPECTRUMANALYSIS,L2,1237.107,3.735,-56.45,-114.469
2026-05-25 09:56:26.233902,1779717386.233902,2420,136577.0,,,,,,,,,,,,,,,,0.0000,,,,0.0,0.0,0.0,0.0,0.0,0.0,0.0,0.0,0.0,2893495,-3704450,164196846,112204,-157541,-14052,61,ee93fe00,43.51536361401,-79.68393282158,167.4937,-37.1,SOL_COMPUTED,SINGLE,good,1.5271,1.6041,2.7569,17,15,0.0,0.0,0,0,0,0,0,0,0,0,0,SPECTRUMANALYSIS,L2,1238.425,5.493,-55.367,-111.326
2026-05-25 09:56:27.387540,1779717387.387540,2420,136578.0,,,,,,,,,,,,,,,,0.0000,,,,0.0,0.0,0.0,0.0,0.0,0.0,0.0,0.0,0.0,2830482,-3947640,164309177,45353,172103,21351,61,ee93fe00,43.51536455112,-79.68393167393,167.5866,-37.1,SOL_COMPUTED,SINGLE,good,1.5211,1.5915,2.744,17,15,0.0,0.0,0,0,0,0,0,0,0,0,0,SPECTRUMANALYSIS,L2,1238.425,5.493,-55.367,-111.326
2026-05-25 09:56:28.437628,1779717388.437628,2420,136579.0,,,,,,,,,,,,,,,,0.0000,,,,0.0,0.0,0.0,0.0,0.0,0.0,0.0,0.0,0.0,2866089,-3812483,164343060,83466,-26167,-45801,61,ee93fe00,43.51536501118,-79.68393127951,167.5939,-37.1,SOL_COMPUTED,SINGLE,good,1.5201,1.5891,2.7417,17,15,0.0,0.0,0,0,0,0,0,0,0,0,0,SPECTRUMANALYSIS,L2,1238.425,5.493,0.0,0.0
2026-05-25 09:56:29.600727,1779717389.600727,2420,136580.0,,,,,,,,,,,,,,,,0.0000,,,,0.0,0.0,0.0,0.0,0.0,0.0,0.0,0.0,0.0,2834551,-3763616,164338306,91083,18672,-30220,61,ee93fe00,43.51536593124,-79.6839294866,167.7503,-37.1,SOL_COMPUTED,SINGLE,good,1.5139,1.5762,2.7262,17,15,0.0,0.0,0,0,0,0,0,0,0,0,0,SPECTRUMANALYSIS,L2,1247.361,0.952,-64.675,-120.067
2026-05-25 09:56:31.635993,1779717391.635993,2420,136582.0,,,,,,,,,,,,,,,,0.0000,,,,0.0,0.0,0.0,0.0,0.0,0.0,0.0,0.0,0.0,2394779,-3913682,164616582,84624,82017,14708,61,ee91fe00,43.51536698375,-79.6839287243,167.7694,-37.1,SOL_COMPUTED,SINGLE,good,1.5117,1.5715,2.7214,17,15,0.0,0.0,0,0,0,0,0,0,0,0,0,SPECTRUMANALYSIS,L2,1247.361,0.952,-64.675,-120.067
2026-05-25 09:56:34.424067,1779717394.424067,2420,136585.0,,,,,,,,,,,,,,,,0.0000,,,,0.0,0.0,0.0,0.0,0.0,0.0,0.0,0.0,0.0,2962971,-3312725,164317943,104971,-127712,174,61,ee91fe00,43.51536941406,-79.68392514799,168.0548,-37.1,SOL_COMPUTED,SINGLE,good,1.5011,1.549,2.6943,17,15,0.0,0.0,0,0,0,0,0,0,0,0,0,SPECTRUMANALYSIS,L2,1237.217,2.344,-54.333,-106.183
2026-05-25 09:56:36.450674,1779717396.450674,2420,136587.0,,,,,,,,,,,,,,,,0.0000,,,,0.0,0.0,0.0,0.0,0.0,0.0,0.0,0.0,0.0,3265785,-3904911,164031705,7206,239407,22637,61,ee90fe00,43.51537046955,-79.68392322347,168.1908,-37.1,SOL_COMPUTED,SINGLE,good,1.5,1.5453,2.6894,17,15,0.0,0.0,0,0,0,0,0,0,0,0,0,SPECTRUMANALYSIS,L2,1237.217,2.344,-54.333,-106.183
2026-05-25 09:56:37.526026,1779717397.526026,2420,136588.0,,,,,,,,,,,,,,,,0.0000,,,,0.0,0.0,0.0,0.0,0.0,0.0,0.0,0.0,0.0,3183235,-3629759,163813486,131878,191957,-2043,61,ee90fe00,43.51537149376,-79.68392165978,168.3358,-37.1,SOL_COMPUTED,SINGLE,good,1.4964,1.5365,2.6794,17,15,0.0,0.0,0,0,0,0,0,0,0,0,0,SPECTRUMANALYSIS,L2,1237.217,2.344,-54.333,-106.183
2026-05-25 09:56:38.633524,1779717398.633524,2420,136589.0,,,,,,,,,,,,,,,,0.0000,,,,0.0,0.0,0.0,0.0,0.0,0.0,0.0,0.0,0.0,2466521,-3861875,164560943,16684,132105,-8620,61,ee90fe00,43.51537203585,-79.68392083086,168.3745,-37.1,SOL_COMPUTED,SINGLE,good,1.4965,1.5364,2.6788,17,15,0.0,0.0,0,0,0,0,0,0,0,0,0,SPECTRUMANALYSIS,L2,1237.217,2.344,-54.333,-106.183
2026-05-25 09:56:39.693113,1779717399.693113,2420,136590.0,,,,,,,,,,,,,,,,0.0000,,,,0.0,0.0,0.0,0.0,0.0,0.0,0.0,0.0,0.0,2318002,-3963857,164597590,-39118,230747,9932,61,ee8ffe00,43.5153507619,-79.68388477345,168.805,-37.1,SOL_COMPUTED,SINGLE,good,1.4369,1.4548,2.6778,17,16,0.0,0.0,0,0,0,0,0,0,0,0,0,SPECTRUMANALYSIS,L2,1236.631,4.102,-55.708,-109.772
2026-05-25 09:56:40.686524,1779717400.686524,2420,136591.0,,,,,,,,,,,,,,,,0.0000,,,,0.0,0.0,0.0,0.0,0.0,0.0,0.0,0.0,0.0,2520545,-3625705,164458160,58320,-73871,-28860,61,ee8ffe00,43.51535195012,-79.68388359614,168.9209,-37.1,SOL_COMPUTED,SINGLE,good,1.4342,1.4487,2.6705,17,16,0.0,0.0,0,0,0,0,0,0,0,0,0,SPECTRUMANALYSIS,L2,1236.631,4.102,0.0,0.0
2026-05-25 09:56:41.707302,1779717401.707302,2420,136592.0,,,,,,,,,,,,,,,,0.0000,,,,0.0,0.0,0.0,0.0,0.0,0.0,0.0,0.0,0.0,2245923,-3663138,164615562,47417,16223,18682,61,ee8ffe00,43.51535242147,-79.6838827488,168.9882,-37.1,SOL_COMPUTED,SINGLE,good,1.4373,1.454,2.6755,17,16,0.0,0.0,0,0,0,0,0,0,0,0,0,SPECTRUMANALYSIS,L2,1236.631,4.102,0.0,0.0
2026-05-25 09:56:42.761068,1779717402.761068,2420,136593.0,,,,,,,,,,,,,,,,0.0000,,,,0.0,0.0,0.0,0.0,0.0,0.0,0.0,0.0,0.0,2666830,-3642965,164443337,14090,370296,-24342,61,ee8ffe00,43.51535436568,-79.68388452513,168.7779,-37.1,SOL_COMPUTED,SINGLE,good,1.4311,1.4422,2.6631,17,16,0.0,0.0,0,0,0,0,0,0,0,0,0,SPECTRUMANALYSIS,L2,1237.62,2.856,0.0,0.0
2026-05-25 09:56:49.630138,1779717409.630138,2420,136598.0,,,,,,,,,,,,,,,,0.0000,,,,0.0,0.0,0.0,0.0,0.0,0.0,0.0,0.0,0.0,2626534,-3690713,164493294,51191,73508,-8156,61,ee8dfe00,43.51535966467,-79.68388626031,168.3811,-37.1,SOL_COMPUTED,SINGLE,good,1.427,1.4367,2.6571,17,16,0.0,0.0,0,0,0,0,0,0,0,0,0,SPECTRUMANALYSIS,L2,1237.62,2.856,0.0,0.0
2026-05-25 09:56:51.975573,1779717411.975573,2420,136599.0,,,,,,,,,,,,,,,,0.0000,,,,0.0,0.0,0.0,0.0,0.0,0.0,0.0,0.0,0.0,2643019,-3602143,164352104,-64447,37520,-26936,61,ee8dfe00,43.51536044137,-79.68388630619,168.3162,-37.1,SOL_COMPUTED,SINGLE,good,1.4264,1.436,2.6559,17,16,0.0,0.0,0,0,0,0,0,0,0,0,0,SPECTRUMANALYSIS,L2,1237.949,1.465,-58.522,-110.415
2026-05-25 09:56:56.013662,1779717416.013662,2420,136601.0,,,,,,,,,,,,,,,,0.0000,,,,0.0,0.0,0.0,0.0,0.0,0.0,0.0,0.0,0.0,2717375,-3671688,164400428,104808,-34709,1383,61,ee8cfe00,43.51536204545,-79.68388634658,168.1824,-37.1,SOL_COMPUTED,SINGLE,good,1.4267,1.4361,2.6563,17,16,0.0,0.0,0,0,0,0,0,0,0,0,0,SPECTRUMANALYSIS,L2,1237.949,1.465,-58.522,-110.415
2026-05-25 09:56:57.724101,1779717417.724101,2420,136602.0,,,,,,,,,,,,,,,,0.0000,,,,0.0,0.0,0.0,0.0,0.0,0.0,0.0,0.0,0.0,2647567,-3813383,164402775,86020,117034,71969,61,ee8cfe00,43.51536261852,-79.68388590069,168.1365,-37.1,SOL_COMPUTED,SINGLE,good,1.4286,1.4396,2.6593,17,16,0.0,0.0,0,0,0,0,0,0,0,0,0,SPECTRUMANALYSIS,L2,1238.132,3.735,-54.502,-109.023
2026-05-25 09:56:58.942801,1779717418.942801,2420,136603.0,,,,,,,,,,,,,,,,0.0000,,,,0.0,0.0,0.0,0.0,0.0,0.0,0.0,0.0,0.0,2628008,-3832144,164439411,73726,65768,-16219,61,ee8cfe00,43.51536372971,-79.68388611009,168.0744,-37.1,SOL_COMPUTED,SINGLE,good,1.4273,1.4362,2.6562,17,16,0.0,0.0,0,0,0,0,0,0,0,0,0,SPECTRUMANALYSIS,L2,1238.132,3.735,-54.502,-109.023
2026-05-25 09:57:00.131210,1779717420.131210,2420,136604.0,,,,,,,,,,,,,,,,0.0000,,,,0.0,0.0,0.0,0.0,0.0,0.0,0.0,0.0,0.0,2792405,-3633724,164307679,80283,8069,-15753,61,ee8cfe00,43.51536463682,-79.68388619067,167.9906,-37.1,SOL_COMPUTED,SINGLE,good,1.4274,1.4359,2.6558,17,16,0.0,0.0,0,0,0,0,0,0,0,0,0,SPECTRUMANALYSIS,L2,1238.132,3.735,-54.502,-109.023
2026-05-25 09:57:01.354282,1779717421.354282,2420,136605.0,,,,,,,,,,,,,,,,0.0000,,,,0.0,0.0,0.0,0.0,0.0,0.0,0.0,0.0,0.0,2647769,-3925042,164470189,32475,123753,-20504,61,ee8bfe00,43.5153654095,-79.68388547159,168.0147,-37.1,SOL_COMPUTED,SINGLE,good,1.4284,1.4369,2.6574,17,16,0.0,0.0,0,0,0,0,0,0,0,0,0,SPECTRUMANALYSIS,L2,1237.62,3.589,-56.046,-108.207
2026-05-25 09:57:02.515780,1779717422.515780,2420,136606.0,,,,,,,,,,,,,,,,0.0000,,,,0.0,0.0,0.0,0.0,0.0,0.0,0.0,0.0,0.0,2762069,-3835389,164408646,83824,40524,-3734,61,ee8bfe00,43.51536653749,-79.68388605175,167.9021,-37.1,SOL_COMPUTED,SINGLE,good,1.4277,1.435,2.6557,17,16,0.0,0.0,0,0,0,0,0,0,0,0,0,SPECTRUMANALYSIS,L2,1237.62,3.589,-56.046,-108.207
2026-05-25 09:57:04.712401,1779717424.712401,2420,136608.0,,,,,,,,,,,,,,,,0.0000,,,,0.0,0.0,0.0,0.0,0.0,0.0,0.0,0.0,0.0,2855652,-3679918,164360108,62036,149777,-17721,61,ee8afe00,43.5153296565,-79.68380748589,176.1605,-37.1,SOL_COMPUTED,SINGLE,good,1.591,1.7696,2.9855,17,15,0.0,0.0,0,0,0,0,0,0,0,0,0,SPECTRUMANALYSIS,L2,1237.546,2.417,0.0,0.0
2026-05-25 09:57:05.866481,1779717425.866481,2420,136609.0,,,,,,,,,,,,,,,,0.0000,,,,0.0,0.0,0.0,0.0,0.0,0.0,0.0,0.0,0.0,2699472,-3737655,164445471,27322,88686,-5308,61,ee8afe00,43.51533034751,-79.68380733271,176.1213,-37.1,SOL_COMPUTED,SINGLE,good,1.5908,1.7693,2.9846,17,15,0.0,0.0,0,0,0,0,0,0,0,0,0,SPECTRUMANALYSIS,L2,1237.546,2.417,0.0,0.0
2026-05-25 09:57:07.806185,1779717427.806185,2420,136611.0,,,,,,,,,,,,,,,,0.0000,,,,0.0,0.0,0.0,0.0,0.0,0.0,0.0,0.0,0.0,2779915,-3692132,164387526,30851,61450,-7390,61,ee89fe00,43.51533153757,-79.68380694088,176.084,-37.1,SOL_COMPUTED,SINGLE,good,1.5917,1.7691,2.9849,17,15,0.0,0.0,0,0,0,0,0,0,0,0,0,SPECTRUMANALYSIS,L2,1237.839,1.831,-55.997,-108.435
2026-05-25 09:57:08.775067,1779717428.775067,2420,136612.0,,,,,,,,,,,,,,,,0.0000,,,,0.0,0.0,0.0,0.0,0.0,0.0,0.0,0.0,0.0,2542629,-3802028,164528818,28001,-16228,-29207,61,ee89fe00,43.51533201149,-79.68380663227,176.0451,-37.1,SOL_COMPUTED,SINGLE,good,1.5934,1.7709,2.9867,17,15,0.0,0.0,0,0,0,0,0,0,0,0,0,SPECTRUMANALYSIS,L2,1237.839,1.831,0.0,-111.452
2026-05-25 09:57:10.829589,1779717430.829589,2420,136614.0,,,,,,,,,,,,,,,,0.0000,,,,0.0,0.0,0.0,0.0,0.0,0.0,0.0,0.0,0.0,2631219,-3795212,164414651,74683,90360,-4051,61,ee89fe00,43.51533242893,-79.68380583945,175.8745,-37.1,SOL_COMPUTED,SINGLE,good,1.5941,1.7712,2.9881,17,15,0.0,0.0,0,0,0,0,0,0,0,0,0,SPECTRUMANALYSIS,L2,1230.259,4.98,-60.841,-125.509
2026-05-25 09:57:11.937296,1779717431.937296,2420,136615.0,,,,,,,,,,,,,,,,0.0000,,,,0.0,0.0,0.0,0.0,0.0,0.0,0.0,0.0,0.0,2777277,-3793957,164313452,104270,-73912,-45575,61,ee89fe00,43.51533187051,-79.6838049535,175.6372,-37.1,SOL_COMPUTED,SINGLE,good,1.5939,1.7726,2.9909,17,15,0.0,0.0,0,0,0,0,0,0,0,0,0,SPECTRUMANALYSIS,L2,1230.259,4.98,-60.841,-125.509
2026-05-25 09:57:15.145230,1779717435.145230,2420,136618.0,,,,,,,,,,,,,,,,0.0000,,,,0.0,0.0,0.0,0.0,0.0,0.0,0.0,0.0,0.0,2756674,-3760195,164345932,66620,66432,11296,61,ee88fe00,43.5153292992,-79.68380228504,174.769,-37.1,SOL_COMPUTED,SINGLE,good,1.5959,1.7733,2.994,17,15,0.0,0.0,0,0,0,0,0,0,0,0,0,SPECTRUMANALYSIS,L2,1237.253,3.149,-53.943,-107.467
2026-05-25 09:57:20.969055,1779717440.969055,2420,136623.0,,,,,,,,,,,,,,,,0.0000,,,,0.0,0.0,0.0,0.0,0.0,0.0,0.0,0.0,0.0,3853877,-3258824,163946164,-16880,501167,3677,61,ee86fe00,43.51532250777,-79.6837970356,172.994,-37.1,SOL_COMPUTED,SINGLE,good,1.6015,1.7742,2.9998,17,15,0.0,0.0,0,0,0,0,0,0,0,0,0,SPECTRUMANALYSIS,L2,1237.473,3.003,-556.154,-110.355
2026-05-25 09:57:24.324213,1779717444.324213,2420,136629.0,,,,,,,,,,,,,,,,0.0000,,,,0.0,0.0,0.0,0.0,0.0,0.0,0.0,0.0,0.0,3017831,-3628873,164291956,11080,-86283,58018,61,ee85fe00,43.51535574807,-79.68388777978,163.6655,-37.1,SOL_COMPUTED,SINGLE,good,1.4299,1.4355,2.7013,17,15,0.0,0.0,0,0,0,0,0,0,0,0,0,SPECTRUMANALYSIS,L2,1237.437,3.076,-56.619,-113.066
2026-05-25 09:57:24.889793,1779717444.889793,2420,136630.0,,,,,,,,,,,,,,,,0.0000,,,,0.0,0.0,0.0,0.0,0.0,0.0,0.0,0.0,0.0,2655237,-3986023,164395107,66592,-55498,2605,61,ee84fe00,43.51535491178,-79.68388772314,163.3184,-37.1,SOL_COMPUTED,SINGLE,good,1.4299,1.4343,2.7027,17,15,0.0,0.0,0,0,0,0,0,0,0,0,0,SPECTRUMANALYSIS,L2,1237.437,3.076,-56.619,-113.066
2026-05-25 09:57:25.337984,1779717445.337984,2420,136631.0,,,,,,,,,,,,,,,,0.0000,,,,0.0,0.0,0.0,0.0,0.0,0.0,0.0,0.0,0.0,3329735,-3758366,164064907,19244,112324,-39076,61,ee84fe00,43.51535369505,-79.68388735774,162.9652,-37.1,SOL_COMPUTED,SINGLE,good,1.4292,1.4341,2.699,17,15,0.0,0.0,0,0,0,0,0,0,0,0,0,SPECTRUMANALYSIS,L2,1237.437,3.076,-56.619,-113.066
2026-05-25 09:57:26.350695,1779717446.350695,2420,136633.0,,,,,,,,,,,,,,,,0.0000,,,,0.0,0.0,0.0,0.0,0.0,0.0,0.0,0.0,0.0,2588848,-3416458,164370228,33235,58002,15899,61,ee84fe00,43.51535197986,-79.68388676537,162.4666,-37.1,SOL_COMPUTED,SINGLE,good,1.4283,1.434,2.6959,17,15,0.0,0.0,0,0,0,0,0,0,0,0,0,SPECTRUMANALYSIS,L2,1237.437,3.076,-56.619,-113.066
2026-05-25 09:57:29.423053,1779717449.423053,2420,136637.0,,,,,,,,,,,,,,,,0.0000,,,,0.0,0.0,0.0,0.0,0.0,0.0,0.0,0.0,0.0,2691960,-3754822,164362534,100394,-13208,-25621,61,ee82fe00,43.51535111623,-79.68388703304,162.1678,-37.1,SOL_COMPUTED,SINGLE,good,1.4267,1.4336,2.6916,17,15,0.0,0.0,0,0,0,0,0,0,0,0,0,SPECTRUMANALYSIS,L2,1237.876,2.93,-57.775,-114.436
2026-05-25 09:57:31.333909,1779717451.333909,2420,136639.0,,,,,,,,,,,,,,,,0.0000,,,,0.0,0.0,0.0,0.0,0.0,0.0,0.0,0.0,0.0,3151291,-4431302,164078331,313264,-308762,-89402,61,ee82fe00,43.51535067358,-79.68388724909,161.9652,-37.1,SOL_COMPUTED,SINGLE,good,1.4234,1.4312,2.6851,17,15,0.0,0.0,0,0,0,0,0,0,0,0,0,SPECTRUMANALYSIS,L2,1237.913,2.856,-57.329,-112.913
2026-05-25 09:57:34.404192,1779717454.404192,2420,136642.0,,,,,,,,,,,,,,,,0.0000,,,,0.0,0.0,0.0,0.0,0.0,0.0,0.0,0.0,0.0,2743888,-3846761,164390137,35109,97640,10039,61,ee81fe00,43.5153575253,-79.68387397003,158.4688,-37.1,SOL_COMPUTED,SINGLE,good,1.4589,1.4991,3.0369,16,14,0.0,0.0,0,0,0,0,0,0,0,0,0,SPECTRUMANALYSIS,L2,1237.583,1.318,-55.672,-106.799
2026-05-25 09:57:36.409127,1779717456.409127,2420,136644.0,,,,,,,,,,,,,,,,0.0000,,,,0.0,0.0,0.0,0.0,0.0,0.0,0.0,0.0,0.0,2919954,-3725078,164276233,67662,-7676,5071,61,ee81fe00,43.51535785265,-79.6838743223,158.6337,-37.1,SOL_COMPUTED,SINGLE,good,1.4587,1.4995,3.0349,16,14,0.0,0.0,0,0,0,0,0,0,0,0,0,SPECTRUMANALYSIS,L2,1237.729,2.783,-57.203,-112.969
2026-05-25 09:57:37.459830,1779717457.459830,2420,136645.0,,,,,,,,,,,,,,,,0.0000,,,,0.0,0.0,0.0,0.0,0.0,0.0,0.0,0.0,0.0,2524245,-3861412,164509971,31172,45492,-30371,61,ee80fe00,43.51535807035,-79.68387455482,158.7736,-37.1,SOL_COMPUTED,SINGLE,good,1.4575,1.4975,3.0337,16,14,0.0,0.0,0,0,0,0,0,0,0,0,0,SPECTRUMANALYSIS,L2,1237.729,2.783,-57.203,-112.969
2026-05-25 09:57:38.494312,1779717458.494312,2420,136646.0,,,,,,,,,,,,,,,,0.0000,,,,0.0,0.0,0.0,0.0,0.0,0.0,0.0,0.0,0.0,2985175,-3675678,164261709,69848,-7780,-31959,61,ee80fe00,43.51535832836,-79.68387484571,158.9316,-37.1,SOL_COMPUTED,SINGLE,good,1.4572,1.4968,3.034,16,14,0.0,0.0,0,0,0,0,0,0,0,0,0,SPECTRUMANALYSIS,L2,1237.729,2.783,-57.203,-112.969
2026-05-25 09:57:40.467488,1779717460.467488,2420,136648.0,,,,,,,,,,,,,,,,0.0000,,,,0.0,0.0,0.0,0.0,0.0,0.0,0.0,0.0,0.0,2805669,-3728278,164365987,45145,91327,-33045,61,ee80fe00,43.51535893286,-79.68387573405,159.243,-37.1,SOL_COMPUTED,SINGLE,good,1.4569,1.4967,3.0345,16,14,0.0,0.0,0,0,0,0,0,0,0,0,0,SPECTRUMANALYSIS,L2,1237.07,3.662,-56.867,-113.344
2026-05-25 09:57:41.574692,1779717461.574692,2420,136649.0,,,,,,,,,,,,,,,,0.0000,,,,0.0,0.0,0.0,0.0,0.0,0.0,0.0,0.0,0.0,2742111,-3764437,164316401,68046,35902,8668,61,ee7ffe00,43.51535907157,-79.68387603723,159.4392,-37.1,SOL_COMPUTED,SINGLE,good,1.4579,1.4981,3.0366,16,14,0.0,0.0,0,0,0,0,0,0,0,0,0,SPECTRUMANALYSIS,L2,1237.07,3.662,-56.867,-113.344
2026-05-25 09:57:43.773511,1779717463.773511,2420,136651.0,,,,,,,,,,,,,,,,0.0000,,,,0.0,0.0,0.0,0.0,0.0,0.0,0.0,0.0,0.0,2896309,-3782986,164333598,58814,70125,16492,61,ee7ffe00,43.51535975769,-79.68387793726,159.7162,-37.1,SOL_COMPUTED,SINGLE,good,1.4564,1.4967,3.0333,16,14,0.0,0.0,0,0,0,0,0,0,0,0,0,SPECTRUMANALYSIS,L2,1229.783,3.003,-62.744,-124.574
2026-05-25 09:57:44.883795,1779717464.883795,2420,136652.0,,,,,,,,,,,,,,,,0.0000,,,,0.0,0.0,0.0,0.0,0.0,0.0,0.0,0.0,0.0,2806386,-3754036,164341383,85059,71924,-12537,61,ee7ffe00,43.51535998767,-79.68387882755,159.8788,-37.1,SOL_COMPUTED,SINGLE,good,1.4557,1.4958,3.0323,16,14,0.0,0.0,0,0,0,0,0,0,0,0,0,SPECTRUMANALYSIS,L2,1229.783,3.003,-62.744,-124.574
2026-05-25 09:57:46.153211,1779717466.153211,2420,136653.0,,,,,,,,,,,,,,,,0.0000,,,,0.0,0.0,0.0,0.0,0.0,0.0,0.0,0.0,0.0,2841728,-3646203,164296066,55896,78382,-135,61,ee7efe00,43.51536003902,-79.68387975897,160.0321,-37.1,SOL_COMPUTED,SINGLE,good,1.4555,1.4958,3.0334,16,14,0.0,0.0,0,0,0,0,0,0,0,0,0,SPECTRUMANALYSIS,L2,1230.039,3.955,0.0,0.0
2026-05-25 09:57:47.854243,1779717467.854243,2420,136654.0,,,,,,,,,,,,,,,,0.0000,,,,0.0,0.0,0.0,0.0,0.0,0.0,0.0,0.0,0.0,2837577,-3701382,164336307,68146,38088,15152,61,ee7efe00,43.51536010606,-79.68388080973,160.1775,-37.1,SOL_COMPUTED,SINGLE,good,1.4552,1.4955,3.0326,16,14,0.0,0.0,0,0,0,0,0,0,0,0,0,SPECTRUMANALYSIS,L2,1230.039,3.955,0.0,0.0
2026-05-25 09:57:52.035812,1779717472.035812,2420,136657.0,,,,,,,,,,,,,,,,0.0000,,,,0.0,0.0,0.0,0.0,0.0,0.0,0.0,0.0,0.0,2857088,-3701836,164329188,49195,38332,-1218,61,ee7dfe00,43.51535991975,-79.68388420979,160.5109,-37.1,SOL_COMPUTED,SINGLE,good,1.4546,1.4953,3.0338,16,14,0.0,0.0,0,0,0,0,0,0,0,0,0,SPECTRUMANALYSIS,L2,1238.718,4.761,-55.956,-113.22
2026-05-25 09:57:53.568291,1779717473.568291,2420,136658.0,,,,,,,,,,,,,,,,0.0000,,,,0.0,0.0,0.0,0.0,0.0,0.0,0.0,0.0,0.0,2902629,-3776537,164302512,41011,75743,-18349,61,ee7efe00,43.5153598042,-79.6838853491,160.6319,-37.1,SOL_COMPUTED,SINGLE,good,1.4548,1.495,3.0337,16,14,0.0,0.0,0,0,0,0,0,0,0,0,0,SPECTRUMANALYSIS,L2,1238.718,4.761,-55.956,-113.22
2026-05-25 09:57:54.949553,1779717474.949553,2420,136659.0,,,,,,,,,,,,,,,,0.0000,,,,0.0,0.0,0.0,0.0,0.0,0.0,0.0,0.0,0.0,2867671,-3862980,164411481,21886,52941,-57975,61,ee7cfe00,43.51535962301,-79.68388644502,160.763,-37.1,SOL_COMPUTED,SINGLE,good,1.4547,1.4955,3.0336,16,14,0.0,0.0,0,0,0,0,0,0,0,0,0,SPECTRUMANALYSIS,L2,1222.019,4.028,0.0,0.0
2026-05-25 09:57:56.293410,1779717476.293410,2420,136660.0,,,,,,,,,,,,,,,,0.0000,,,,0.0,0.0,0.0,0.0,0.0,0.0,0.0,0.0,0.0,3066506,-3951841,164264000,9364,367638,-36889,61,ee7cfe00,43.5153593078,-79.68388753165,160.9083,-37.1,SOL_COMPUTED,SINGLE,good,1.4541,1.4949,3.0326,16,14,0.0,0.0,0,0,0,0,0,0,0,0,0,SPECTRUMANALYSIS,L2,1222.019,4.028,0.0,0.0
2026-05-25 09:57:58.039303,1779717478.039303,2420,136662.0,,,,,,,,,,,,,,,,0.0000,,,,0.0,0.0,0.0,0.0,0.0,0.0,0.0,0.0,0.0,2755356,-3703533,164355508,41737,83294,284,61,ee7cfe00,43.51535872517,-79.68388934182,161.2449,-37.1,SOL_COMPUTED,SINGLE,good,1.4549,1.4949,3.0326,16,14,0.0,0.0,0,0,0,0,0,0,0,0,0,SPECTRUMANALYSIS,L2,1237.437,1.758,-58.075,-111.528
2026-05-25 09:58:00.872083,1779717480.872083,2420,136665.0,,,,,,,,,,,,,,,,0.0000,,,,0.0,0.0,0.0,0.0,0.0,0.0,0.0,0.0,0.0,2776739,-3761812,164419652,17627,103454,3952,61,ee7bfe00,43.51535756096,-79.68389180584,161.8737,-37.1,SOL_COMPUTED,SINGLE,good,1.4528,1.4934,3.0294,16,14,0.0,0.0,0,0,0,0,0,0,0,0,0,SPECTRUMANALYSIS,L2,1237.693,2.417,-56.86,-108.902
2026-05-25 09:58:01.863012,1779717481.863012,2420,136666.0,,,,,,,,,,,,,,,,0.0000,,,,0.0,0.0,0.0,0.0,0.0,0.0,0.0,0.0,0.0,2911900,-3788536,164299674,80678,2058,7859,61,ee7bfe00,43.51535717093,-79.68389253651,162.0993,-37.1,SOL_COMPUTED,SINGLE,good,1.4526,1.4931,3.028,16,14,0.0,0.0,0,0,0,0,0,0,0,0,0,SPECTRUMANALYSIS,L2,1237.693,2.417,-56.86,-108.902
2026-05-25 09:58:02.842601,1779717482.842601,2420,136667.0,,,,,,,,,,,,,,,,0.0000,,,,0.0,0.0,0.0,0.0,0.0,0.0,0.0,0.0,0.0,2711709,-3737376,164388976,86949,-9467,11455,61,ee7bfe00,43.51535678517,-79.68389314954,162.3169,-37.1,SOL_COMPUTED,SINGLE,good,1.4526,1.4931,3.0281,16,14,0.0,0.0,0,0,0,0,0,0,0,0,0,SPECTRUMANALYSIS,L2,1237.693,2.417,-56.86,-108.902
2026-05-25 09:58:03.702143,1779717483.702143,2420,136668.0,,,,,,,,,,,,,,,,0.0000,,,,0.0,0.0,0.0,0.0,0.0,0.0,0.0,0.0,0.0,3180635,-3808382,164225850,211769,-313804,-64954,61,ee7bfe00,43.51535641349,-79.6838937287,162.5353,-37.1,SOL_COMPUTED,SINGLE,good,1.4526,1.4934,3.0284,16,14,0.0,0.0,0,0,0,0,0,0,0,0,0,SPECTRUMANALYSIS,L2,1237.327,3.589,-56.499,-113.117
2026-05-25 09:58:05.398260,1779717485.398260,2420,136670.0,,,,,,,,,,,,,,,,0.0000,,,,0.0,0.0,0.0,0.0,0.0,0.0,0.0,0.0,0.0,2752209,-3388195,164404201,-34972,1994,-22712,61,ee7afe00,43.51535566083,-79.68389448163,162.9924,-37.1,SOL_COMPUTED,SINGLE,good,1.4526,1.4931,3.0279,16,14,0.0,0.0,0,0,0,0,0,0,0,0,0,SPECTRUMANALYSIS,L2,1237.327,3.589,-56.499,-113.117
2026-05-25 09:58:08.452974,1779717488.452974,2420,136673.0,,,,,,,,,,,,,,,,0.0000,,,,0.0,0.0,0.0,0.0,0.0,0.0,0.0,0.0,0.0,3338629,-4089791,164129561,-107598,737501,-18521,61,ee79fe00,43.51535450682,-79.68389482645,163.7261,-37.1,SOL_COMPUTED,SINGLE,good,1.4526,1.4932,3.0285,16,14,0.0,0.0,0,0,0,0,0,0,0,0,0,SPECTRUMANALYSIS,L2,1237.363,4.102,-55.113,-111.71
2026-05-25 09:58:12.063340,1779717492.063340,2420,136677.0,,,,,,,,,,,,,,,,0.0000,,,,0.0,0.0,0.0,0.0,0.0,0.0,0.0,0.0,0.0,3712225,-4302091,164062336,83719,15894,-120989,61,ee78fe00,43.5153532786,-79.68389414229,164.7937,-37.1,SOL_COMPUTED,SINGLE,good,1.4519,1.4925,3.027,16,14,0.0,0.0,0,0,0,0,0,0,0,0,0,SPECTRUMANALYSIS,L2,1237.07,2.93,-56.697,-107.998
2026-05-25 09:58:12.936754,1779717492.936754,2420,136678.0,,,,,,,,,,,,,,,,0.0000,,,,0.0,0.0,0.0,0.0,0.0,0.0,0.0,0.0,0.0,2914877,-3805950,164256029,59968,162245,-34642,61,ee78fe00,43.51535294975,-79.6838939011,165.0559,-37.1,SOL_COMPUTED,SINGLE,good,1.4519,1.4928,3.0283,16,14,0.0,0.0,0,0,0,0,0,0,0,0,0,SPECTRUMANALYSIS,L2,1237.656,2.49,-56.965,-109.386
2026-05-25 09:58:16.883926,1779717496.883926,2420,136683.0,,,,,,,,,,,,,,,,0.0000,,,,0.0,0.0,0.0,0.0,0.0,0.0,0.0,0.0,0.0,2914101,-3892989,164295435,85122,-210596,-66369,61,ee76fe00,43.51535212496,-79.68389123295,166.3984,-37.1,SOL_COMPUTED,SINGLE,good,1.4508,1.4914,3.0249,16,14,0.0,0.0,0,0,0,0,0,0,0,0,0,SPECTRUMANALYSIS,L2,1238.059,4.761,-54.835,-112.037
2026-05-25 09:58:17.668109,1779717497.668109,2420,136684.0,,,,,,,,,,,,,,,,0.0000,,,,0.0,0.0,0.0,0.0,0.0,0.0,0.0,0.0,0.0,3058060,-3934703,164215207,31193,249417,-84704,61,ee76fe00,43.51535196851,-79.68389050143,166.6407,-37.1,SOL_COMPUTED,SINGLE,good,1.451,1.4919,3.0262,16,14,0.0,0.0,0,0,0,0,0,0,0,0,0,SPECTRUMANALYSIS,L2,1238.059,4.761,-54.835,-112.037
2026-05-25 09:58:18.418166,1779717498.418166,2420,136685.0,,,,,,,,,,,,,,,,0.0000,,,,0.0,0.0,0.0,0.0,0.0,0.0,0.0,0.0,0.0,3054030,-3584586,164304056,21517,160487,-4433,61,ee76fe00,43.51535179745,-79.68388979724,166.8759,-37.1,SOL_COMPUTED,SINGLE,good,1.4509,1.492,3.0264,16,14,0.0,0.0,0,0,0,0,0,0,0,0,0,SPECTRUMANALYSIS,L2,1238.059,4.761,-54.835,-112.037
2026-05-25 09:58:20.504779,1779717500.504779,2420,136688.0,,,,,,,,,,,,,,,,0.0000,,,,0.0,0.0,0.0,0.0,0.0,0.0,0.0,0.0,0.0,2671735,-3713872,164432032,80962,69598,-27053,61,ee75fe00,43.51535153668,-79.68388736372,167.5067,-37.1,SOL_COMPUTED,SINGLE,good,1.4516,1.4927,3.0278,16,14,0.0,0.0,0,0,0,0,0,0,0,0,0,SPECTRUMANALYSIS,L2,1238.059,4.761,-54.835,-112.037
2026-05-25 09:58:21.776774,1779717501.776774,2420,136690.0,,,,,,,,,,,,,,,,0.0000,,,,0.0,0.0,0.0,0.0,0.0,0.0,0.0,0.0,0.0,2662835,-3776684,164468279,63091,-19985,-16086,61,ee75fe00,43.5153514061,-79.68388557666,167.8649,-37.1,SOL_COMPUTED,SINGLE,good,1.4506,1.492,3.028,16,14,0.0,0.0,0,0,0,0,0,0,0,0,0,SPECTRUMANALYSIS,L2,1237.18,1.392,-55.031,-105.171
2026-05-25 09:58:24.093378,1779717504.093378,2420,136693.0,,,,,,,,,,,,,,,,0.0000,,,,0.0,0.0,0.0,0.0,0.0,0.0,0.0,0.0,0.0,2677734,-3628385,164407613,77278,8638,-20099,61,ee74fe00,43.51535115487,-79.68388276964,168.3424,-37.1,SOL_COMPUTED,SINGLE,good,1.4511,1.4924,3.0294,16,14,0.0,0.0,0,0,0,0,0,0,0,0,0,SPECTRUMANALYSIS,L2,1237.327,2.71,-57.597,-112.005
2026-05-25 09:58:26.637988,1779717506.637988,2420,136696.0,,,,,,,,,,,,,,,,0.0000,,,,0.0,0.0,0.0,0.0,0.0,0.0,0.0,0.0,0.0,2872568,-3727176,164353558,31846,92834,-4052,61,ee73fe00,43.5153510476,-79.6838794418,168.7893,-37.1,SOL_COMPUTED,SINGLE,good,1.4515,1.4928,3.0298,16,14,0.0,0.0,0,0,0,0,0,0,0,0,0,SPECTRUMANALYSIS,L2,1237.949,3.223,-56.996,-112.483
2026-05-25 09:58:27.615876,1779717507.615876,2420,136697.0,,,,,,,,,,,,,,,,0.0000,,,,0.0,0.0,0.0,0.0,0.0,0.0,0.0,0.0,0.0,2964923,-3725557,164267667,52303,-22957,-20127,61,ee73fe00,43.51535107217,-79.68387821765,168.9438,-37.1,SOL_COMPUTED,SINGLE,good,1.452,1.4931,3.0306,16,14,0.0,0.0,0,0,0,0,0,0,0,0,0,SPECTRUMANALYSIS,L2,1237.949,3.223,0.0,0.0
2026-05-25 09:58:28.589998,1779717508.589998,2420,136698.0,,,,,,,,,,,,,,,,0.0000,,,,0.0,0.0,0.0,0.0,0.0,0.0,0.0,0.0,0.0,2563119,-3643161,164479058,67560,101629,-2067,61,ee73fe00,43.5153510394,-79.68387719404,169.0692,-37.1,SOL_COMPUTED,SINGLE,good,1.4511,1.4925,3.0308,16,14,0.0,0.0,0,0,0,0,0,0,0,0,0,SPECTRUMANALYSIS,L2,1237.949,3.223,0.0,0.0
2026-05-25 09:58:29.382675,1779717509.382675,2420,136699.0,,,,,,,,,,,,,,,,0.0000,,,,0.0,0.0,0.0,0.0,0.0,0.0,0.0,0.0,0.0,2852593,-3701534,164284075,59800,-1407,-17780,61,ee72fe00,43.51535111805,-79.68387580872,169.197,-37.1,SOL_COMPUTED,SINGLE,good,1.4524,1.4934,3.0292,16,14,0.0,0.0,0,0,0,0,0,0,0,0,0,SPECTRUMANALYSIS,L2,1237.949,5.273,-55.358,-110.41
2026-05-25 09:58:31.124912,1779717511.124912,2420,136701.0,,,,,,,,,,,,,,,,0.0000,,,,0.0,0.0,0.0,0.0,0.0,0.0,0.0,0.0,0.0,2434582,-3714300,164567004,60701,114404,2930,61,ee72fe00,43.51535118381,-79.68387358991,169.4554,-37.1,SOL_COMPUTED,SINGLE,good,1.4519,1.4932,3.0288,16,14,0.0,0.0,0,0,0,0,0,0,0,0,0,SPECTRUMANALYSIS,L2,1237.949,5.273,-55.358,-110.41
2026-05-25 09:58:32.897947,1779717512.897947,2420,136703.0,,,,,,,,,,,,,,,,0.0000,,,,0.0,0.0,0.0,0.0,0.0,0.0,0.0,0.0,0.0,2255951,-3536306,164563504,18707,-163881,-19346,61,ee70fe00,43.5153513258,-79.68387124261,169.7431,-37.1,SOL_COMPUTED,SINGLE,good,1.4515,1.4931,3.0307,16,14,0.0,0.0,0,0,0,0,0,0,0,0,0,SPECTRUMANALYSIS,L2,1237.217,3.076,-58.798,-118.036
2026-05-25 09:58:35.346386,1779717515.346386,2420,136706.0,,,,,,,,,,,,,,,,0.0000,,,,0.0,0.0,0.0,0.0,0.0,0.0,0.0,0.0,0.0,2916248,-3872229,164280156,32398,114215,-18470,61,ee70fe00,43.51535143319,-79.68386792005,170.2001,-37.1,SOL_COMPUTED,SINGLE,good,1.4508,1.4927,3.0317,16,14,0.0,0.0,0,0,0,0,0,0,0,0,0,SPECTRUMANALYSIS,L2,1237.18,3.149,-56.466,-108.549
2026-05-25 09:58:37.271586,1779717517.271586,2420,136708.0,,,,,,,,,,,,,,,,0.0000,,,,0.0,0.0,0.0,0.0,0.0,0.0,0.0,0.0,0.0,2687885,-3777160,164410764,96513,-123033,-4480,61,ee70fe00,43.51535154793,-79.68386584525,170.5046,-37.1,SOL_COMPUTED,SINGLE,good,1.4509,1.4926,3.0316,16,14,0.0,0.0,0,0,0,0,0,0,0,0,0,SPECTRUMANALYSIS,L2,1237.437,4.834,-55.08,-110.069
2026-05-25 09:58:38.051497,1779717518.051497,2420,136709.0,,,,,,,,,,,,,,,,0.0000,,,,0.0,0.0,0.0,0.0,0.0,0.0,0.0,0.0,0.0,2827737,-3742160,164366520,39840,157780,-21899,61,ee6ffe00,43.51535161189,-79.68386496812,170.6637,-37.1,SOL_COMPUTED,SINGLE,good,1.4503,1.4921,3.0309,16,14,0.0,0.0,0,0,0,0,0,0,0,0,0,SPECTRUMANALYSIS,L2,1237.437,4.834,-55.08,-110.069
2026-05-25 09:58:39.056548,1779717519.056548,2420,136710.0,,,,,,,,,,,,,,,,0.0000,,,,0.0,0.0,0.0,0.0,0.0,0.0,0.0,0.0,0.0,2774049,-3746454,164357020,38653,88916,-46297,61,ee6ffe00,43.51535168194,-79.68386400345,170.8023,-37.1,SOL_COMPUTED,SINGLE,good,1.4509,1.4923,3.0319,16,14,0.0,0.0,0,0,0,0,0,0,0,0,0,SPECTRUMANALYSIS,L2,1237.437,4.834,-55.08,-110.069
2026-05-25 09:58:39.994495,1779717519.994495,2420,136711.0,,,,,,,,,,,,,,,,0.0000,,,,0.0,0.0,0.0,0.0,0.0,0.0,0.0,0.0,0.0,3087103,-4039243,164283955,34672,145598,-5288,61,ee6ffe00,43.51535264249,-79.68387158971,169.9674,-37.1,SOL_COMPUTED,SINGLE,good,1.4472,1.3457,2.8804,16,15,0.0,0.0,0,0,0,0,0,0,0,0,0,SPECTRUMANALYSIS,L2,1237.473,2.417,-57.31,-112.315
2026-05-25 09:58:41.006854,1779717521.006854,2420,136712.0,,,,,,,,,,,,,,,,0.0000,,,,0.0,0.0,0.0,0.0,0.0,0.0,0.0,0.0,0.0,3281565,-3696368,164175136,13930,-78797,8023,61,ee6ffe00,43.51535259899,-79.68386987893,170.241,-37.1,SOL_COMPUTED,SINGLE,good,1.4468,1.346,2.8804,16,15,0.0,0.0,0,0,0,0,0,0,0,0,0,SPECTRUMANALYSIS,L2,1237.473,2.417,-57.31,-112.315
2026-05-25 09:58:42.155533,1779717522.155533,2420,136713.0,,,,,,,,,,,,,,,,0.0000,,,,0.0,0.0,0.0,0.0,0.0,0.0,0.0,0.0,0.0,2774460,-3663656,164395744,78721,269452,31880,61,ee6efe00,43.51535250213,-79.68386810133,170.5108,-37.1,SOL_COMPUTED,SINGLE,good,1.4473,1.3475,2.8842,16,15,0.0,0.0,0,0,0,0,0,0,0,0,0,SPECTRUMANALYSIS,L2,1237.473,2.417,-57.31,-112.315
2026-05-25 09:58:43.234299,1779717523.234299,2420,136714.0,,,,,,,,,,,,,,,,0.0000,,,,0.0,0.0,0.0,0.0,0.0,0.0,0.0,0.0,0.0,2734263,-3864161,164455685,41077,55761,-50166,61,ee6efe00,43.51535242188,-79.68386628894,170.7872,-37.1,SOL_COMPUTED,SINGLE,good,1.4472,1.3478,2.8862,16,15,0.0,0.0,0,0,0,0,0,0,0,0,0,SPECTRUMANALYSIS,L2,1237.839,4.028,-55.53,-110.104
2026-05-25 09:58:44.299772,1779717524.299772,2420,136715.0,,,,,,,,,,,,,,,,0.0000,,,,0.0,0.0,0.0,0.0,0.0,0.0,0.0,0.0,0.0,2718544,-3752518,164385847,38488,106675,-26379,61,ee6efe00,43.51535238697,-79.68386448358,171.0764,-37.1,SOL_COMPUTED,SINGLE,good,1.4465,1.347,2.8848,16,15,0.0,0.0,0,0,0,0,0,0,0,0,0,SPECTRUMANALYSIS,L2,1237.839,4.028,-55.53,-110.104
2026-05-25 09:58:45.510616,1779717525.510616,2420,136716.0,,,,,,,,,,,,,,,,0.0000,,,,0.0,0.0,0.0,0.0,0.0,0.0,0.0,0.0,0.0,2815315,-3709695,164413725,70950,-40908,-20100,61,ee6dfe00,43.51535240869,-79.68386352964,171.2556,-37.1,SOL_COMPUTED,SINGLE,good,1.4465,1.3478,2.8851,16,15,0.0,0.0,0,0,0,0,0,0,0,0,0,SPECTRUMANALYSIS,L2,1237.839,4.028,-55.53,-110.104
2026-05-25 09:58:47.778770,1779717527.778770,2420,136718.0,,,,,,,,,,,,,,,,0.0000,,,,0.0,0.0,0.0,0.0,0.0,0.0,0.0,0.0,0.0,2870530,-3723164,164395377,53649,24623,-11152,61,ee6dfe00,43.51535250299,-79.68386168054,171.657,-37.1,SOL_COMPUTED,SINGLE,good,1.4467,1.3491,2.8879,16,15,0.0,0.0,0,0,0,0,0,0,0,0,0,SPECTRUMANALYSIS,L2,1237.07,4.248,-55.954,-110.739
2026-05-25 09:58:48.576737,1779717528.576737,2420,136719.0,,,,,,,,,,,,,,,,0.0000,,,,0.0,0.0,0.0,0.0,0.0,0.0,0.0,0.0,0.0,2869731,-3750169,164320438,36056,55838,25418,61,ee6dfe00,43.51535255157,-79.68386061949,171.8995,-37.1,SOL_COMPUTED,SINGLE,good,1.4468,1.3513,2.8924,16,15,0.0,0.0,0,0,0,0,0,0,0,0,0,SPECTRUMANALYSIS,L2,1237.07,4.248,-55.954,-110.739
2026-05-25 09:58:52.304221,1779717532.304221,2420,136724.0,,,,,,,,,,,,,,,,0.0000,,,,0.0,0.0,0.0,0.0,0.0,0.0,0.0,0.0,0.0,4021973,-3884913,163769658,-206003,1227955,-61923,61,ee6bfe00,43.51535263842,-79.68385440684,173.2131,-37.1,SOL_COMPUTED,SINGLE,good,1.4463,1.3512,2.8925,16,15,0.0,0.0,0,0,0,0,0,0,0,0,0,SPECTRUMANALYSIS,L2,1237.583,2.93,0.0,0.0
2026-05-25 09:58:53.835962,1779717533.835962,2420,136725.0,,,,,,,,,,,,,,,,0.0000,,,,0.0,0.0,0.0,0.0,0.0,0.0,0.0,0.0,0.0,2386682,-3595255,164656360,129949,140921,21957,61,ee6bfe00,43.51535255623,-79.68385301383,173.4471,-37.1,SOL_COMPUTED,SINGLE,good,1.4472,1.3561,2.9022,16,15,0.0,0.0,0,0,0,0,0,0,0,0,0,SPECTRUMANALYSIS,L2,1237.583,2.93,0.0,0.0
2026-05-25 09:58:55.046261,1779717535.046261,2420,136726.0,,,,,,,,,,,,,,,,0.0000,,,,0.0,0.0,0.0,0.0,0.0,0.0,0.0,0.0,0.0,2321846,-3962682,164493949,-4446,164564,-119503,61,ee6bfe00,43.51535257521,-79.68385210693,173.6899,-37.1,SOL_COMPUTED,SINGLE,good,1.4472,1.3645,2.9095,16,15,0.0,0.0,0,0,0,0,0,0,0,0,0,SPECTRUMANALYSIS,L2,1236.631,3.369,-55.441,-109.414
2026-05-25 09:58:55.918532,1779717535.918532,2420,136727.0,,,,,,,,,,,,,,,,0.0000,,,,0.0,0.0,0.0,0.0,0.0,0.0,0.0,0.0,0.0,2393030,-4052709,164610125,91648,50965,-25237,61,ee6afe00,43.51535235694,-79.68385070564,173.9412,-37.1,SOL_COMPUTED,SINGLE,good,1.4477,1.3575,2.9055,16,15,0.0,0.0,0,0,0,0,0,0,0,0,0,SPECTRUMANALYSIS,L2,1236.631,3.369,-55.441,-109.414
2026-05-25 09:58:56.794769,1779717536.794769,2420,136728.0,,,,,,,,,,,,,,,,0.0000,,,,0.0,0.0,0.0,0.0,0.0,0.0,0.0,0.0,0.0,3118732,-3930650,164261682,112417,-137887,-18777,61,ee6afe00,43.51535233483,-79.68384956113,174.1595,-37.1,SOL_COMPUTED,SINGLE,good,1.4485,1.3616,2.9115,16,15,0.0,0.0,0,0,0,0,0,0,0,0,0,SPECTRUMANALYSIS,L2,1236.631,3.369,-55.441,-109.414
2026-05-25 09:58:57.472779,1779717537.472779,2420,136729.0,,,,,,,,,,,,,,,,0.0000,,,,0.0,0.0,0.0,0.0,0.0,0.0,0.0,0.0,0.0,2755666,-3848034,164369174,3913,9713,-74707,61,ee6afe00,43.51535233344,-79.68384832556,174.4282,-37.1,SOL_COMPUTED,SINGLE,good,1.4476,1.357,2.9034,16,15,0.0,0.0,0,0,0,0,0,0,0,0,0,SPECTRUMANALYSIS,L2,1236.924,3.516,-56.241,-110.329
2026-05-25 09:58:58.295810,1779717538.295810,2420,136730.0,,,,,,,,,,,,,,,,0.0000,,,,0.0,0.0,0.0,0.0,0.0,0.0,0.0,0.0,0.0,3027435,-3822239,164294168,-516,146168,-34330,61,ee6afe00,43.5153522704,-79.68384762317,174.6195,-37.1,SOL_COMPUTED,SINGLE,good,1.448,1.3641,2.9113,16,15,0.0,0.0,0,0,0,0,0,0,0,0,0,SPECTRUMANALYSIS,L2,1236.924,3.516,-56.241,-110.329
2026-05-25 09:58:59.222925,1779717539.222925,2420,136731.0,,,,,,,,,,,,,,,,0.0000,,,,0.0,0.0,0.0,0.0,0.0,0.0,0.0,0.0,0.0,2773581,-3731222,164386581,24229,56164,-3619,61,ee69fe00,43.51535232679,-79.68384714082,174.8054,-37.1,SOL_COMPUTED,SINGLE,good,1.4482,1.3737,2.9218,16,15,0.0,0.0,0,0,0,0,0,0,0,0,0,SPECTRUMANALYSIS,L2,1236.924,3.516,-56.241,-110.329
2026-05-25 09:59:00.388988,1779717540.388988,2420,136732.0,,,,,,,,,,,,,,,,0.0000,,,,0.0,0.0,0.0,0.0,0.0,0.0,0.0,0.0,0.0,2814428,-3739001,164327492,73497,48681,-15573,61,ee69fe00,43.51535244976,-79.68384644145,175.0349,-37.1,SOL_COMPUTED,SINGLE,good,1.4477,1.3778,2.922,16,15,0.0,0.0,0,0,0,0,0,0,0,0,0,SPECTRUMANALYSIS,L2,1237.363,3.662,-54.486,-107.555
2026-05-25 09:59:01.230786,1779717541.230786,2420,136733.0,,,,,,,,,,,,,,,,0.0000,,,,0.0,0.0,0.0,0.0,0.0,0.0,0.0,0.0,0.0,2882272,-3799451,164317505,60916,68464,-6034,61,ee69fe00,43.51535341379,-79.68385461525,174.1773,-37.1,SOL_COMPUTED,SINGLE,good,1.4508,1.4954,3.0443,15,14,0.0,0.0,0,0,0,0,0,0,0,0,0,SPECTRUMANALYSIS,L2,1237.363,3.662,-54.486,-107.555
2026-05-25 09:59:02.037758,1779717542.037758,2420,136734.0,,,,,,,,,,,,,,,,0.0000,,,,0.0,0.0,0.0,0.0,0.0,0.0,0.0,0.0,0.0,2797665,-3858516,164352399,73043,45614,-9929,61,ee69fe00,43.51535363328,-79.68385449347,174.3285,-37.1,SOL_COMPUTED,SINGLE,good,1.4509,1.4955,3.0429,15,14,0.0,0.0,0,0,0,0,0,0,0,0,0,SPECTRUMANALYSIS,L2,1237.363,3.662,-54.486,-107.555
2026-05-25 09:59:02.819098,1779717542.819098,2420,136735.0,,,,,,,,,,,,,,,,0.0000,,,,0.0,0.0,0.0,0.0,0.0,0.0,0.0,0.0,0.0,2727474,-3775619,164388736,36852,97491,-1905,61,ee68fe00,43.51535383219,-79.68385435161,174.4645,-37.1,SOL_COMPUTED,SINGLE,good,1.4498,1.4949,3.0419,15,14,0.0,0.0,0,0,0,0,0,0,0,0,0,SPECTRUMANALYSIS,L2,1237.803,3.076,-54.015,-105.724
2026-05-25 09:59:03.687466,1779717543.687466,2420,136736.0,,,,,,,,,,,,,,,,0.0000,,,,0.0,0.0,0.0,0.0,0.0,0.0,0.0,0.0,0.0,2772499,-3672446,164415497,-1020,55437,-5238,61,ee69fe00,43.51535721756,-79.68388524478,170.8297,-37.1,SOL_COMPUTED,SINGLE,good,1.4498,1.4133,2.9536,16,15,0.0,0.0,0,0,0,0,0,0,0,0,0,SPECTRUMANALYSIS,L2,1237.803,3.076,-54.015,-105.724
2026-05-25 09:59:04.590092,1779717544.590092,2420,136737.0,,,,,,,,,,,,,,,,0.0000,,,,0.0,0.0,0.0,0.0,0.0,0.0,0.0,0.0,0.0,2860666,-3703266,164371897,44326,87516,-7854,61,ee68fe00,43.51535792055,-79.68388918722,170.5069,-37.1,SOL_COMPUTED,SINGLE,good,1.4486,1.3974,2.9372,16,15,0.0,0.0,0,0,0,0,0,0,0,0,0,SPECTRUMANALYSIS,L2,1237.803,3.076,-54.015,-105.724
2026-05-25 09:59:05.495516,1779717545.495516,2420,136738.0,,,,,,,,,,,,,,,,0.0000,,,,0.0,0.0,0.0,0.0,0.0,0.0,0.0,0.0,0.0,2869582,-3832768,164327773,59817,30819,-28347,61,ee68fe00,43.5153579455,-79.68388669904,170.896,-37.1,SOL_COMPUTED,SINGLE,good,1.4481,1.3967,2.9334,16,15,0.0,0.0,0,0,0,0,0,0,0,0,0,SPECTRUMANALYSIS,L2,1237.693,4.614,-56.201,-113.561
2026-05-25 09:59:06.498469,1779717546.498469,2420,136739.0,,,,,,,,,,,,,,,,0.0000,,,,0.0,0.0,0.0,0.0,0.0,0.0,0.0,0.0,0.0,2886927,-3717340,164362966,52908,79688,-15693,61,ee68fe00,43.51535769314,-79.68388203108,171.5079,-37.1,SOL_COMPUTED,SINGLE,good,1.4475,1.3902,2.9251,16,15,0.0,0.0,0,0,0,0,0,0,0,0,0,SPECTRUMANALYSIS,L2,1237.693,4.614,-56.201,-113.561
2026-05-25 09:59:07.383335,1779717547.383335,2420,136740.0,,,,,,,,,,,,,,,,0.0000,,,,0.0,0.0,0.0,0.0,0.0,0.0,0.0,0.0,0.0,2864524,-3797152,164318344,29622,-4414,-42468,61,ee67fe00,43.51535852396,-79.68388747278,170.8849,-37.1,SOL_COMPUTED,SINGLE,good,1.4467,1.3761,2.9129,16,15,0.0,0.0,0,0,0,0,0,0,0,0,0,SPECTRUMANALYSIS,L2,1237.693,4.614,0.0,0.0
2026-05-25 09:59:08.200784,1779717548.200784,2420,136741.0,,,,,,,,,,,,,,,,0.0000,,,,0.0,0.0,0.0,0.0,0.0,0.0,0.0,0.0,0.0,2816358,-3705904,164351829,54605,26738,-2842,61,ee67fe00,43.5153590647,-79.68389089594,170.5124,-37.1,SOL_COMPUTED,SINGLE,good,1.4468,1.3697,2.9052,16,15,0.0,0.0,0,0,0,0,0,0,0,0,0,SPECTRUMANALYSIS,L2,1236.96,2.563,0.0,0.0
2026-05-25 09:59:09.072658,1779717549.072658,2420,136742.0,,,,,,,,,,,,,,,,0.0000,,,,0.0,0.0,0.0,0.0,0.0,0.0,0.0,0.0,0.0,2804806,-3789957,164398065,76919,60389,-8212,61,ee66fe00,43.51535921623,-79.68389050937,170.5665,-37.1,SOL_COMPUTED,SINGLE,good,1.4469,1.3717,2.9083,16,15,0.0,0.0,0,0,0,0,0,0,0,0,0,SPECTRUMANALYSIS,L2,1236.96,2.563,0.0,0.0
2026-05-25 09:59:09.852091,1779717549.852091,2420,136743.0,,,,,,,,,,,,,,,,0.0000,,,,0.0,0.0,0.0,0.0,0.0,0.0,0.0,0.0,0.0,2815971,-3734110,164329485,67163,69523,4295,61,ee67fe00,43.51535939906,-79.68389115709,170.4844,-37.1,SOL_COMPUTED,SINGLE,good,1.4468,1.3617,2.8948,16,15,0.0,0.0,0,0,0,0,0,0,0,0,0,SPECTRUMANALYSIS,L2,1236.96,2.563,0.0,0.0
2026-05-25 09:59:12.759933,1779717552.759933,2420,136747.0,,,,,,,,,,,,,,,,0.0000,,,,0.0,0.0,0.0,0.0,0.0,0.0,0.0,0.0,0.0,2922842,-3369894,164290036,21239,-44016,-876,61,ee65fe00,43.51535955748,-79.68388789213,170.9089,-37.1,SOL_COMPUTED,SINGLE,good,1.4449,1.3523,2.8836,16,15,0.0,0.0,0,0,0,0,0,0,0,0,0,SPECTRUMANALYSIS,L2,1236.997,2.197,-57.749,-113.385
2026-05-25 09:59:13.525054,1779717553.525054,2420,136748.0,,,,,,,,,,,,,,,,0.0000,,,,0.0,0.0,0.0,0.0,0.0,0.0,0.0,0.0,0.0,2602192,-3794694,164405366,70789,-44989,-23464,61,ee65fe00,43.51535958031,-79.68388783536,170.8894,-37.1,SOL_COMPUTED,SINGLE,good,1.4453,1.3511,2.8816,16,15,0.0,0.0,0,0,0,0,0,0,0,0,0,SPECTRUMANALYSIS,L2,1236.997,2.197,0.0,0.0
2026-05-25 09:59:14.434801,1779717554.434801,2420,136749.0,,,,,,,,,,,,,,,,0.0000,,,,0.0,0.0,0.0,0.0,0.0,0.0,0.0,0.0,0.0,2349856,-3997145,164609925,89533,66928,-74803,61,ee64fe00,43.51535955158,-79.68388691871,171.015,-37.1,SOL_COMPUTED,SINGLE,good,1.4449,1.3512,2.881,16,15,0.0,0.0,0,0,0,0,0,0,0,0,0,SPECTRUMANALYSIS,L2,1236.997,2.197,-57.749,-113.385
2026-05-25 09:59:15.396047,1779717555.396047,2420,136750.0,,,,,,,,,,,,,,,,0.0000,,,,0.0,0.0,0.0,0.0,0.0,0.0,0.0,0.0,0.0,2930608,-3852407,164321141,-98941,832064,-29713,61,ee64fe00,43.51535954969,-79.68388633124,171.1248,-37.1,SOL_COMPUTED,SINGLE,good,1.4457,1.3529,2.885,16,15,0.0,0.0,0,0,0,0,0,0,0,0,0,SPECTRUMANALYSIS,L2,1237.18,1.685,-54.664,-104.84
2026-05-25 09:59:16.458361,1779717556.458361,2420,136751.0,,,,,,,,,,,,,,,,0.0000,,,,0.0,0.0,0.0,0.0,0.0,0.0,0.0,0.0,0.0,2706598,-3985215,164406964,50097,168556,-2868,61,ee64fe00,43.51535940531,-79.68388439129,171.3262,-37.1,SOL_COMPUTED,SINGLE,good,1.4474,1.3511,2.8802,16,15,0.0,0.0,0,0,0,0,0,0,0,0,0,SPECTRUMANALYSIS,L2,1237.18,1.685,-54.664,-104.84
2026-05-25 09:59:17.967723,1779717557.967723,2420,136753.0,,,,,,,,,,,,,,,,0.0000,,,,0.0,0.0,0.0,0.0,0.0,0.0,0.0,0.0,0.0,2957433,-3738645,164299171,34640,-44508,-7092,61,ee63fe00,43.51535956532,-79.68388609862,171.171,-37.1,SOL_COMPUTED,SINGLE,good,1.4503,1.3543,2.8775,16,15,0.0,0.0,0,0,0,0,0,0,0,0,0,SPECTRUMANALYSIS,L2,1235.532,6.885,-57.753,-119.604
2026-05-25 09:59:18.886407,1779717558.886407,2420,136754.0,,,,,,,,,,,,,,,,0.0000,,,,0.0,0.0,0.0,0.0,0.0,0.0,0.0,0.0,0.0,2203418,-3573980,164614237,125112,-455529,-7622,61,ee63fe00,43.5153594774,-79.68388700688,171.1189,-37.1,SOL_COMPUTED,SINGLE,good,1.4498,1.3526,2.8768,16,15,0.0,0.0,0,0,0,0,0,0,0,0,0,SPECTRUMANALYSIS,L2,1235.532,6.885,-57.753,-119.604
2026-05-25 09:59:19.689768,1779717559.689768,2420,136755.0,,,,,,,,,,,,,,,,0.0000,,,,0.0,0.0,0.0,0.0,0.0,0.0,0.0,0.0,0.0,2823403,-3691838,164362321,83262,-152309,-27222,61,ee63fe00,43.51535952441,-79.68388670872,171.1674,-37.1,SOL_COMPUTED,SINGLE,good,1.4521,1.3572,2.8787,16,15,0.0,0.0,0,0,0,0,0,0,0,0,0,SPECTRUMANALYSIS,L2,1235.532,6.885,-57.753,-119.604
2026-05-25 09:59:20.594448,1779717560.594448,2420,136756.0,,,,,,,,,,,,,,,,0.0000,,,,0.0,0.0,0.0,0.0,0.0,0.0,0.0,0.0,0.0,2535617,-4032498,164387721,174139,-286963,-20666,61,ee63fe00,43.51535977473,-79.68388854307,170.9657,-37.1,SOL_COMPUTED,SINGLE,good,1.4548,1.3617,2.8809,16,15,0.0,0.0,0,0,0,0,0,0,0,0,0,SPECTRUMANALYSIS,L2,1237.363,2.344,-55.562,-110.369
2026-05-25 09:59:21.353865,1779717561.353865,2420,136757.0,,,,,,,,,,,,,,,,0.0000,,,,0.0,0.0,0.0,0.0,0.0,0.0,0.0,0.0,0.0,3089970,-3862665,164227360,37015,15997,-7454,61,ee63fe00,43.51535975426,-79.68388984967,170.8782,-37.1,SOL_COMPUTED,SINGLE,good,1.4525,1.3612,2.8807,16,15,0.0,0.0,0,0,0,0,0,0,0,0,0,SPECTRUMANALYSIS,L2,1237.363,2.344,-55.562,-110.369
2026-05-25 09:59:22.211416,1779717562.211416,2420,136758.0,,,,,,,,,,,,,,,,0.0000,,,,0.0,0.0,0.0,0.0,0.0,0.0,0.0,0.0,0.0,2682687,-3948244,164398382,102183,25576,13877,61,ee62fe00,43.51535966112,-79.68388983719,170.9211,-37.1,SOL_COMPUTED,SINGLE,good,1.4574,1.3701,2.8913,16,15,0.0,0.0,0,0,0,0,0,0,0,0,0,SPECTRUMANALYSIS,L2,1237.363,2.344,-55.562,-110.369
2026-05-25 09:59:23.018361,1779717563.018361,2420,136759.0,,,,,,,,,,,,,,,,0.0000,,,,0.0,0.0,0.0,0.0,0.0,0.0,0.0,0.0,0.0,2723008,-3897222,164331892,60865,-112395,15073,61,ee62fe00,43.51536080127,-79.68388784945,170.6311,-37.1,SOL_COMPUTED,SINGLE,good,1.5402,1.4718,3.0942,15,14,0.0,0.0,0,0,0,0,0,0,0,0,0,SPECTRUMANALYSIS,L2,1231.174,0.366,-63.428,-115.535
2026-05-25 09:59:23.993277,1779717563.993277,2420,136760.0,,,,,,,,,,,,,,,,0.0000,,,,0.0,0.0,0.0,0.0,0.0,0.0,0.0,0.0,0.0,2356922,-3601077,164396222,-118150,243136,-39451,61,ee62fe00,43.51536012481,-79.6838896913,170.5119,-37.1,SOL_COMPUTED,SINGLE,good,1.5293,1.4549,3.076,15,14,0.0,0.0,0,0,0,0,0,0,0,0,0,SPECTRUMANALYSIS,L2,1231.174,0.366,-63.428,-115.535
2026-05-25 09:59:24.982552,1779717564.982552,2420,136761.0,,,,,,,,,,,,,,,,0.0000,,,,0.0,0.0,0.0,0.0,0.0,0.0,0.0,0.0,0.0,2355022,-3437446,164449890,33545,343908,21280,61,ee62fe00,43.51535907446,-79.68388589193,171.1454,-37.1,SOL_COMPUTED,SINGLE,good,1.526,1.4696,3.0938,15,14,0.0,0.0,0,0,0,0,0,0,0,0,0,SPECTRUMANALYSIS,L2,1231.174,0.366,-63.428,-115.535
2026-05-25 09:59:25.838188,1779717565.838188,2420,136762.0,,,,,,,,,,,,,,,,0.0000,,,,0.0,0.0,0.0,0.0,0.0,0.0,0.0,0.0,0.0,2314657,-3600634,164584292,82011,-59013,-5424,61,ee61fe00,43.51535975202,-79.68389475563,170.0795,-37.1,SOL_COMPUTED,SINGLE,good,1.5333,1.4607,3.0734,16,15,0.0,0.0,0,0,0,0,0,0,0,0,0,SPECTRUMANALYSIS,L2,1237.51,5.859,-56.051,-113.538
2026-05-25 09:59:26.776468,1779717566.776468,2420,136763.0,,,,,,,,,,,,,,,,0.0000,,,,0.0,0.0,0.0,0.0,0.0,0.0,0.0,0.0,0.0,3494287,-3791498,164034526,99347,-30525,-32757,61,ee61fe00,43.5153587805,-79.68389649418,170.2048,-37.1,SOL_COMPUTED,SINGLE,good,1.4644,1.3942,2.934,16,15,0.0,0.0,0,0,0,0,0,0,0,0,0,SPECTRUMANALYSIS,L2,1237.51,5.859,-56.051,-113.538
2026-05-25 09:59:28.211093,1779717568.211093,2420,136764.0,,,,,,,,,,,,,,,,0.0000,,,,0.0,0.0,0.0,0.0,0.0,0.0,0.0,0.0,0.0,1428907,-3489907,165135882,-8679,343642,29202,61,ee61fe00,43.51535634523,-79.68387540924,172.7251,-37.1,SOL_COMPUTED,SINGLE,good,1.4688,1.4517,2.9921,16,15,0.0,0.0,0,0,0,0,0,0,0,0,0,SPECTRUMANALYSIS,L2,1237.51,5.859,-56.051,-113.538
2026-05-25 09:59:30.113794,1779717570.113794,2420,136765.0,,,,,,,,,,,,,,,,0.0000,,,,0.0,0.0,0.0,0.0,0.0,0.0,0.0,0.0,0.0,2999005,-3693555,164355882,-14073,182632,-10139,61,ee61fe00,43.51535877108,-79.68387445208,171.8376,-37.1,SOL_COMPUTED,SINGLE,good,1.4775,1.4169,2.9349,16,15,0.0,0.0,0,0,0,0,0,0,0,0,0,SPECTRUMANALYSIS,L2,1237.546,1.392,-54.915,-105.053
2026-05-25 09:59:32.185931,1779717572.185931,2420,136766.0,,,,,,,,,,,,,,,,0.0000,,,,0.0,0.0,0.0,0.0,0.0,0.0,0.0,0.0,0.0,2641974,-3795205,164508579,48151,-5566,-22394,61,ee60fe00,43.51535695259,-79.68387262084,172.6886,-37.1,SOL_COMPUTED,SINGLE,good,1.4898,1.4414,2.9568,16,15,0.0,0.0,0,0,0,0,0,0,0,0,0,SPECTRUMANALYSIS,L2,1237.546,1.392,-54.915,-105.053
2026-05-25 09:59:33.857947,1779717573.857947,2420,136767.0,,,,,,,,,,,,,,,,0.0000,,,,0.0,0.0,0.0,0.0,0.0,0.0,0.0,0.0,0.0,2869954,-3749747,164396520,73907,-17383,7375,61,ee60fe00,43.51535958161,-79.68388574075,170.6362,-37.1,SOL_COMPUTED,SINGLE,good,1.4945,1.4275,2.9485,16,15,0.0,0.0,0,0,0,0,0,0,0,0,0,SPECTRUMANALYSIS,L2,1237.546,1.392,-54.915,-105.053
