sys_datetime,unix_timestamp,gps_week,gps_seconds,ins_status,pose_quality,ins_lat,ins_lon,ins_height_m,ins_undulation_m,roll_deg,pitch_deg,azimuth_deg,roll_sig_deg,pitch_sig_deg,azimuth_sig_deg,vel_n_ms,vel_e_ms,vel_u_ms,speed_2d_ms,vel_n_sig_ms,vel_e_sig_ms,vel_u_sig_ms,veh_lat_acc_ms2,veh_long_acc_ms2,veh_vert_acc_ms2,veh_pitch_rate_degs,veh_roll_rate_degs,veh_yaw_rate_degs,veh_pitch_rate_rads,veh_roll_rate_rads,veh_yaw_rate_rads,raw_accel_x_lsb,raw_accel_y_lsb,raw_accel_z_lsb,raw_gyro_x_lsb,raw_gyro_y_lsb,raw_gyro_z_lsb,imu_type,imu_status_hex,gnss_lat,gnss_lon,gnss_height_m,gnss_undulation_m,gnss_sol_status,gnss_pos_type,gnss_sol_quality,gnss_lat_sig_m,gnss_lon_sig_m,gnss_height_sig_m,gnss_num_svs,gnss_num_used,gnss_diff_age_s,gnss_sol_age_s,ext_pos_update,ext_vel_update,ext_att_update,ext_phase_update,ext_zero_vel,ext_wheel_sensor,ext_heading_update,ext_ins_enabled,ext_heading_align,spec_analysis_type,spec_band_id,spec_center_freq_hz,spec_bandwidth_hz,spec_power_dbm,spec_noise_dbm
2026-05-25 10:46:12.266173,1779720372.266173,2420,139553.0,,,,,,,,,,,,,,,,0.0000,,,,0.0,0.0,0.0,0.0,0.0,0.0,0.0,0.0,0.0,2691260,-1597583,164381429,61968,46373,-12538,61,ed47fe00,43.51536538937,-79.68394534568,167.959,-37.1,SOL_COMPUTED,SINGLE,good,1.5042,1.3416,2.317,19,18,0.0,0.0,0,0,0,0,0,0,0,0,0,SPECTRUMANALYSIS,L5,1187.686,1.318,-59.661,-114.096
2026-05-25 10:46:12.361271,1779720372.361271,2420,139590.0,,,,,,,,,,,,,,,,0.0000,,,,0.0,0.0,0.0,0.0,0.0,0.0,0.0,0.0,0.0,2795115,-1573087,164361889,58661,66022,-35442,61,ed44fe00,43.51535306957,-79.68390334794,168.3186,-37.1,SOL_COMPUTED,SINGLE,good,1.5064,1.3507,2.3234,19,18,0.0,0.0,0,0,0,0,0,0,0,0,0,SPECTRUMANALYSIS,L5,1188.015,1.685,-58.46,-112.551
2026-05-25 10:46:13.023386,1779720373.023386,2420,139591.0,,,,,,,,,,,,,,,,0.0000,,,,0.0,0.0,0.0,0.0,0.0,0.0,0.0,0.0,0.0,2673562,-1623902,164352408,68909,34581,-8955,61,ed44fe00,43.51535215986,-79.68390406387,168.5317,-37.1,SOL_COMPUTED,SINGLE,good,1.5074,1.3515,2.3248,19,18,0.0,0.0,0,0,0,0,0,0,0,0,0,SPECTRUMANALYSIS,L5,1188.015,1.685,-58.46,-112.551
2026-05-25 10:46:14.022783,1779720374.022783,2420,139592.0,,,,,,,,,,,,,,,,0.0000,,,,0.0,0.0,0.0,0.0,0.0,0.0,0.0,0.0,0.0,2745273,-1540772,164382494,45518,57526,-16853,61,ed44fe00,43.51535194962,-79.68390046238,168.3855,-37.1,SOL_COMPUTED,SINGLE,good,1.5123,1.363,2.3353,19,18,0.0,0.0,0,0,0,0,0,0,0,0,0,SPECTRUMANALYSIS,L5,1188.015,1.685,-58.46,-112.551
2026-05-25 10:46:15.023837,1779720375.023837,2420,139593.0,,,,,,,,,,,,,,,,0.0000,,,,0.0,0.0,0.0,0.0,0.0,0.0,0.0,0.0,0.0,2741437,-1545212,164386259,43462,83538,-11449,61,ed44fe00,43.51535141389,-79.68389814534,168.3712,-37.1,SOL_COMPUTED,SINGLE,good,1.5146,1.3745,2.3448,19,18,0.0,0.0,0,0,0,0,0,0,0,0,0,SPECTRUMANALYSIS,L5,1188.052,1.465,-57.582,-109.357
2026-05-25 10:46:16.022206,1779720376.022206,2420,139594.0,,,,,,,,,,,,,,,,0.0000,,,,0.0,0.0,0.0,0.0,0.0,0.0,0.0,0.0,0.0,2695270,-1574435,164386944,93639,45718,-33034,61,ed44fe00,43.51535085142,-79.68389636084,168.3246,-37.1,SOL_COMPUTED,SINGLE,good,1.5149,1.3792,2.3449,19,18,0.0,0.0,0,0,0,0,0,0,0,0,0,SPECTRUMANALYSIS,L5,1188.052,1.465,-57.582,-109.357
2026-05-25 10:46:17.022154,1779720377.022154,2420,139595.0,,,,,,,,,,,,,,,,0.0000,,,,0.0,0.0,0.0,0.0,0.0,0.0,0.0,0.0,0.0,2728846,-1562731,164344722,42390,30489,-40610,61,ed44fe00,43.51535130611,-79.68389249235,168.1501,-37.1,SOL_COMPUTED,SINGLE,good,1.5179,1.3867,2.3511,19,18,0.0,0.0,0,0,0,0,0,0,0,0,0,SPECTRUMANALYSIS,L5,1188.052,1.465,-57.582,-109.357
2026-05-25 10:46:18.024027,1779720378.024027,2420,139596.0,,,,,,,,,,,,,,,,0.0000,,,,0.0,0.0,0.0,0.0,0.0,0.0,0.0,0.0,0.0,28690662,-3902868,162829615,-5468329,-291186916,-1592268,61,ed44fe00,43.51534686691,-79.68390092226,168.9277,-37.1,SOL_COMPUTED,SINGLE,good,1.5155,1.3696,2.3413,19,18,0.0,0.0,0,0,0,0,0,0,0,0,0,SPECTRUMANALYSIS,L5,1197.317,5.64,-58.086,-122.954
2026-05-25 10:46:19.022400,1779720379.022400,2420,139597.0,,,,,,,,,,,,,,,,0.0000,,,,0.0,0.0,0.0,0.0,0.0,0.0,0.0,0.0,0.0,62337183,-4706088,149177730,6012642,242347708,1857550,61,ed44fe00,43.51534284121,-79.68390939443,169.8506,-37.1,SOL_COMPUTED,SINGLE,good,1.5071,1.3434,2.3208,19,18,0.0,0.0,0,0,0,0,0,0,0,0,0,SPECTRUMANALYSIS,L5,1197.317,5.64,-58.086,-122.954
2026-05-25 10:46:20.022882,1779720380.022882,2420,139598.0,,,,,,,,,,,,,,,,0.0000,,,,0.0,0.0,0.0,0.0,0.0,0.0,0.0,0.0,0.0,97440137,-9319444,124754456,-14157630,-210097968,22710872,61,ed43fe00,43.51534167432,-79.6839107549,170.2404,-37.1,SOL_COMPUTED,SINGLE,good,1.5086,1.3418,2.321,19,18,0.0,0.0,0,0,0,0,0,0,0,0,0,SPECTRUMANALYSIS,L2,1226.011,6.152,-59.353,-123.184
2026-05-25 10:46:21.022393,1779720381.022393,2420,139599.0,,,,,,,,,,,,,,,,0.0000,,,,0.0,0.0,0.0,0.0,0.0,0.0,0.0,0.0,0.0,86934265,-3035205,121086648,-2268387,-286459180,5815631,61,ed44fe00,43.51534072732,-79.6839101814,170.4455,-37.1,SOL_COMPUTED,SINGLE,good,1.5082,1.3423,2.3209,19,18,0.0,0.0,0,0,0,0,0,0,0,0,0,SPECTRUMANALYSIS,L2,1226.011,6.152,-59.353,-123.184
2026-05-25 10:46:22.024841,1779720382.024841,2420,139600.0,,,,,,,,,,,,,,,,0.0000,,,,0.0,0.0,0.0,0.0,0.0,0.0,0.0,0.0,0.0,39645380,-10640676,156003301,16785889,563413457,25230934,61,ed43fe00,43.51533955929,-79.68390949407,170.6351,-37.1,SOL_COMPUTED,SINGLE,good,1.5132,1.3486,2.3331,19,18,0.0,0.0,0,0,0,0,0,0,0,0,0,SPECTRUMANALYSIS,L2,1226.011,6.152,-59.353,-123.184
2026-05-25 10:46:23.024215,1779720383.024215,2420,139601.0,,,,,,,,,,,,,,,,0.0000,,,,0.0,0.0,0.0,0.0,0.0,0.0,0.0,0.0,0.0,64505647,-4074637,133506111,10613406,277151290,17138146,61,ed43fe00,43.51533922768,-79.68390989121,170.7606,-37.1,SOL_COMPUTED,SINGLE,good,1.5156,1.3455,2.3265,19,18,0.0,0.0,0,0,0,0,0,0,0,0,0,SPECTRUMANALYSIS,L2,1227.146,4.907,-60.777,-125.373
2026-05-25 10:46:24.020828,1779720384.020828,2420,139602.0,,,,,,,,,,,,,,,,0.0000,,,,0.0,0.0,0.0,0.0,0.0,0.0,0.0,0.0,0.0,59150820,-4435123,136498025,9447618,270543556,14634502,61,ed44fe00,43.51533958938,-79.68390926628,170.8086,-37.1,SOL_COMPUTED,SINGLE,good,1.5209,1.3423,2.3214,19,18,0.0,0.0,0,0,0,0,0,0,0,0,0,SPECTRUMANALYSIS,L2,1227.146,4.907,-60.777,-125.373
2026-05-25 10:46:25.028130,1779720385.028130,2420,139603.0,,,,,,,,,,,,,,,,0.0000,,,,0.0,0.0,0.0,0.0,0.0,0.0,0.0,0.0,0.0,30785034,-3470648,156201014,1243267,75224240,221105,61,ed43fe00,43.51534515078,-79.6839111072,170.4491,-37.1,SOL_COMPUTED,SINGLE,good,1.603,1.375,2.3533,19,18,0.0,0.0,0,0,0,0,0,0,0,0,0,SPECTRUMANALYSIS,L2,1227.146,4.907,-60.777,-125.373
2026-05-25 10:46:26.022891,1779720386.022891,2420,139604.0,,,,,,,,,,,,,,,,0.0000,,,,0.0,0.0,0.0,0.0,0.0,0.0,0.0,0.0,0.0,13587693,-7611116,176476180,-147118645,-95964833,-54200949,61,ed43fe00,43.51535313722,-79.68391506212,169.9038,-37.1,SOL_COMPUTED,SINGLE,good,1.72,1.4169,2.3911,18,17,0.0,0.0,0,0,0,0,0,0,0,0,0,SPECTRUMANALYSIS,L2,1226.853,9.155,-57.611,-120.01
2026-05-25 10:46:27.027238,1779720387.027238,2420,139605.0,,,,,,,,,,,,,,,,0.0000,,,,0.0,0.0,0.0,0.0,0.0,0.0,0.0,0.0,0.0,22311722,4412661,221877275,81483017,2732651,-3844401,61,ed43fe00,43.51535331658,-79.68391423968,169.969,-37.1,SOL_COMPUTED,SINGLE,good,1.7229,1.4245,2.4008,18,17,0.0,0.0,0,0,0,0,0,0,0,0,0,SPECTRUMANALYSIS,L2,1226.853,9.155,-57.611,-120.01
2026-05-25 10:46:28.026999,1779720388.026999,2420,139606.0,,,,,,,,,,,,,,,,0.0000,,,,0.0,0.0,0.0,0.0,0.0,0.0,0.0,0.0,0.0,41180670,15306987,233285959,-62158768,-11548834,19787813,61,ed43fe00,43.51532469354,-79.68389506351,172.2388,-37.1,SOL_COMPUTED,SINGLE,good,1.5701,1.3578,2.3388,19,18,0.0,0.0,0,0,0,0,0,0,0,0,0,SPECTRUMANALYSIS,L2,1226.853,9.155,-57.611,-120.01
2026-05-25 10:46:29.023218,1779720389.023218,2420,139607.0,,,,,,,,,,,,,,,,0.0000,,,,0.0,0.0,0.0,0.0,0.0,0.0,0.0,0.0,0.0,35138415,9957775,205775436,42127948,46124094,2113307,61,ed43fe00,43.51533136087,-79.68389859398,171.7856,-37.1,SOL_COMPUTED,SINGLE,good,1.5639,1.3584,2.3391,19,18,0.0,0.0,0,0,0,0,0,0,0,0,0,SPECTRUMANALYSIS,L2,1224.29,7.983,-58.537,-124.532
2026-05-25 10:46:30.024117,1779720390.024117,2420,139608.0,,,,,,,,,,,,,,,,0.0000,,,,0.0,0.0,0.0,0.0,0.0,0.0,0.0,0.0,0.0,24970740,20943268,169733218,-53392230,125885058,-4150224,61,ed43fe00,43.51533145961,-79.68389738328,171.8546,-37.1,SOL_COMPUTED,SINGLE,good,1.5622,1.371,2.3573,19,18,0.0,0.0,0,0,0,0,0,0,0,0,0,SPECTRUMANALYSIS,L2,1224.29,7.983,-58.537,-124.532
2026-05-25 10:46:31.022862,1779720391.022862,2420,139609.0,,,,,,,,,,,,,,,,0.0000,,,,0.0,0.0,0.0,0.0,0.0,0.0,0.0,0.0,0.0,998432,-3658334,163833684,843213,-1172837,-195867,61,ed43fe00,43.5153338148,-79.68389898063,171.7362,-37.1,SOL_COMPUTED,SINGLE,good,1.5574,1.41,2.3948,19,18,0.0,0.0,0,0,0,0,0,0,0,0,0,SPECTRUMANALYSIS,L2,1224.29,7.983,-58.537,-124.532
2026-05-25 10:46:32.022302,1779720392.022302,2420,139610.0,,,,,,,,,,,,,,,,0.0000,,,,0.0,0.0,0.0,0.0,0.0,0.0,0.0,0.0,0.0,-605681,-3939588,164357876,-53528,242109,9281,61,ed42fe00,43.51532409196,-79.68388591891,172.8641,-37.1,SOL_COMPUTED,SINGLE,good,1.616,1.5106,2.5097,18,17,0.0,0.0,0,0,0,0,0,0,0,0,0,SPECTRUMANALYSIS,L2,1231.431,1.904,-63.565,-119.58
2026-05-25 10:46:33.022259,1779720393.022259,2420,139611.0,,,,,,,,,,,,,,,,0.0000,,,,0.0,0.0,0.0,0.0,0.0,0.0,0.0,0.0,0.0,-607020,-3836220,164202319,65583,-5239,-14306,61,ed42fe00,43.51531181447,-79.68387052938,174.1828,-37.1,SOL_COMPUTED,SINGLE,good,1.5694,1.4871,2.4841,18,17,0.0,0.0,0,0,0,0,0,0,0,0,0,SPECTRUMANALYSIS,L2,1231.431,1.904,-63.565,-119.58
2026-05-25 10:46:34.028720,1779720394.028720,2420,139612.0,,,,,,,,,,,,,,,,0.0000,,,,0.0,0.0,0.0,0.0,0.0,0.0,0.0,0.0,0.0,-994023,-3917843,164460359,-14434,223852,632,61,ed42fe00,43.5153145705,-79.68374698855,172.4466,-37.1,SOL_COMPUTED,SINGLE,good,1.5733,1.6812,2.497,18,16,0.0,0.0,0,0,0,0,0,0,0,0,0,SPECTRUMANALYSIS,L2,1231.431,1.904,-63.565,-119.58
2026-05-25 10:46:35.022553,1779720395.022553,2420,139613.0,,,,,,,,,,,,,,,,0.0000,,,,0.0,0.0,0.0,0.0,0.0,0.0,0.0,0.0,0.0,-809148,-3918665,164332932,108499,-145478,-24291,61,ed42fe00,43.515325615,-79.68376372135,171.4131,-37.1,SOL_COMPUTED,SINGLE,good,1.5755,1.6878,2.4984,18,16,0.0,0.0,0,0,0,0,0,0,0,0,0,SPECTRUMANALYSIS,L2,1227.256,28.711,-52.16,-117.256
2026-05-25 10:46:36.027102,1779720396.027102,2420,139614.0,,,,,,,,,,,,,,,,0.0000,,,,0.0,0.0,0.0,0.0,0.0,0.0,0.0,0.0,0.0,-785851,-3982250,164326181,71132,104226,-54731,61,ed42fe00,43.51532675789,-79.68376311338,171.1878,-37.1,SOL_COMPUTED,SINGLE,good,1.5932,1.7089,2.5074,18,16,0.0,0.0,0,0,0,0,0,0,0,0,0,SPECTRUMANALYSIS,L2,1227.256,28.711,-52.16,-117.256
2026-05-25 10:46:37.022243,1779720397.022243,2420,139615.0,,,,,,,,,,,,,,,,0.0000,,,,0.0,0.0,0.0,0.0,0.0,0.0,0.0,0.0,0.0,-777211,-3896336,164327300,50458,47790,-32191,61,ed42fe00,43.5153280043,-79.68376365908,170.989,-37.1,SOL_COMPUTED,SINGLE,good,1.586,1.699,2.5011,18,16,0.0,0.0,0,0,0,0,0,0,0,0,0,SPECTRUMANALYSIS,L2,1227.256,28.711,-52.16,-117.256
2026-05-25 10:46:38.021688,1779720398.021688,2420,139616.0,,,,,,,,,,,,,,,,0.0000,,,,0.0,0.0,0.0,0.0,0.0,0.0,0.0,0.0,0.0,-903478,-3939351,164384971,22936,86930,-47177,61,ed42fe00,43.51533239841,-79.68376889157,170.486,-37.1,SOL_COMPUTED,SINGLE,good,1.5805,1.6929,2.497,18,16,0.0,0.0,0,0,0,0,0,0,0,0,0,SPECTRUMANALYSIS,L2,1229.087,33.105,-50.157,-119.052
2026-05-25 10:46:39.032835,1779720399.032835,2420,139617.0,,,,,,,,,,,,,,,,0.0000,,,,0.0,0.0,0.0,0.0,0.0,0.0,0.0,0.0,0.0,-834652,-3828208,164323971,52777,27565,-6787,61,ed42fe00,43.51533569534,-79.68377214373,170.0671,-37.1,SOL_COMPUTED,SINGLE,good,1.581,1.6933,2.501,18,16,0.0,0.0,0,0,0,0,0,0,0,0,0,SPECTRUMANALYSIS,L2,1229.087,33.105,-50.157,-119.052
2026-05-25 10:46:40.021983,1779720400.021983,2420,139618.0,,,,,,,,,,,,,,,,0.0000,,,,0.0,0.0,0.0,0.0,0.0,0.0,0.0,0.0,0.0,-880523,-3938038,164312485,54501,78095,-40782,61,ed42fe00,43.51533576634,-79.68377057455,169.9818,-37.1,SOL_COMPUTED,SINGLE,good,1.5739,1.6836,2.4926,18,16,0.0,0.0,0,0,0,0,0,0,0,0,0,SPECTRUMANALYSIS,L2,1229.087,33.105,-50.157,-119.052
2026-05-25 10:46:41.027174,1779720401.027174,2420,139619.0,,,,,,,,,,,,,,,,0.0000,,,,0.0,0.0,0.0,0.0,0.0,0.0,0.0,0.0,0.0,-866296,-3951916,164349694,56683,83478,-552,61,ed42fe00,43.51533688755,-79.68377023603,169.7668,-37.1,SOL_COMPUTED,SINGLE,good,1.5605,1.6662,2.487,18,16,0.0,0.0,0,0,0,0,0,0,0,0,0,SPECTRUMANALYSIS,L2,1227.292,11.792,-56.183,-119.636
2026-05-25 10:46:42.028808,1779720402.028808,2420,139620.0,,,,,,,,,,,,,,,,0.0000,,,,0.0,0.0,0.0,0.0,0.0,0.0,0.0,0.0,0.0,-835104,-3905077,164406963,63507,75165,-28662,61,ed41fe00,43.51533484798,-79.68376492205,169.8834,-37.1,SOL_COMPUTED,SINGLE,good,1.5511,1.6538,2.4792,18,16,0.0,0.0,0,0,0,0,0,0,0,0,0,SPECTRUMANALYSIS,L2,1227.292,11.792,-56.183,-119.636
2026-05-25 10:46:43.026043,1779720403.026043,2420,139621.0,,,,,,,,,,,,,,,,0.0000,,,,0.0,0.0,0.0,0.0,0.0,0.0,0.0,0.0,0.0,-841753,-3991601,164385051,66193,53558,12018,61,ed42fe00,43.51533161871,-79.68377043323,170.3224,-37.1,SOL_COMPUTED,SINGLE,good,1.3077,1.6225,2.2389,18,17,0.0,0.0,0,0,0,0,0,0,0,0,0,SPECTRUMANALYSIS,L2,1227.292,11.792,-56.183,-119.636
2026-05-25 10:46:44.022912,1779720404.022912,2420,139622.0,,,,,,,,,,,,,,,,0.0000,,,,0.0,0.0,0.0,0.0,0.0,0.0,0.0,0.0,0.0,-784445,-4019843,164294798,38307,68953,-6590,61,ed42fe00,43.51533292649,-79.68377223067,170.1114,-37.1,SOL_COMPUTED,SINGLE,good,1.3015,1.5989,2.2388,18,17,0.0,0.0,0,0,0,0,0,0,0,0,0,SPECTRUMANALYSIS,L2,1228.867,7.031,-58.243,-118.383
2026-05-25 10:46:45.025768,1779720405.025768,2420,139623.0,,,,,,,,,,,,,,,,0.0000,,,,0.0,0.0,0.0,0.0,0.0,0.0,0.0,0.0,0.0,-838530,-3962602,164306456,51881,61751,-40605,61,ed41fe00,43.51534152134,-79.68376858765,168.9446,-37.1,SOL_COMPUTED,SINGLE,good,1.5539,1.5676,2.4346,19,17,0.0,0.0,0,0,0,0,0,0,0,0,0,SPECTRUMANALYSIS,L2,1228.867,7.031,-58.243,-118.383
2026-05-25 10:46:46.025704,1779720406.025704,2420,139624.0,,,,,,,,,,,,,,,,0.0000,,,,0.0,0.0,0.0,0.0,0.0,0.0,0.0,0.0,0.0,-790047,-3900216,164398722,26030,58673,-19696,61,ed41fe00,43.51534157369,-79.68376387133,168.9799,-37.1,SOL_COMPUTED,SINGLE,good,1.5555,1.5541,2.4281,19,17,0.0,0.0,0,0,0,0,0,0,0,0,0,SPECTRUMANALYSIS,L2,1228.867,7.031,-58.243,-118.383
2026-05-25 10:46:47.025369,1779720407.025369,2420,139625.0,,,,,,,,,,,,,,,,0.0000,,,,0.0,0.0,0.0,0.0,0.0,0.0,0.0,0.0,0.0,-855219,-3919596,164362217,39368,62772,-10634,61,ed42fe00,43.51534063073,-79.68374961866,169.724,-37.1,SOL_COMPUTED,SINGLE,good,1.5461,1.522,2.4123,20,17,0.0,0.0,0,0,0,0,0,0,0,0,0,SPECTRUMANALYSIS,L2,1227.769,29.883,-50.973,-117.58
2026-05-25 10:46:48.027193,1779720408.027193,2420,139626.0,,,,,,,,,,,,,,,,0.0000,,,,0.0,0.0,0.0,0.0,0.0,0.0,0.0,0.0,0.0,-884348,-3988580,164381518,96350,56706,-29784,61,ed41fe00,43.51534490723,-79.6837589206,168.8153,-37.1,SOL_COMPUTED,SINGLE,good,1.5756,1.5805,2.4429,20,17,0.0,0.0,0,0,0,0,0,0,0,0,0,SPECTRUMANALYSIS,L2,1227.769,29.883,-50.973,-117.58
2026-05-25 10:46:49.023224,1779720409.023224,2420,139627.0,,,,,,,,,,,,,,,,0.0000,,,,0.0,0.0,0.0,0.0,0.0,0.0,0.0,0.0,0.0,-927989,-3982046,164314396,87606,47588,17300,61,ed41fe00,43.5153447797,-79.68378593593,172.2282,-37.1,SOL_COMPUTED,SINGLE,good,1.5738,1.5903,2.4624,19,16,0.0,0.0,0,0,0,0,0,0,0,0,0,SPECTRUMANALYSIS,L2,1227.769,29.883,-50.973,-117.58
2026-05-25 10:46:50.025592,1779720410.025592,2420,139628.0,,,,,,,,,,,,,,,,0.0000,,,,0.0,0.0,0.0,0.0,0.0,0.0,0.0,0.0,0.0,-794149,-3975237,164293928,102073,17515,-20823,61,ed41fe00,43.51534378045,-79.68377475591,172.992,-37.1,SOL_COMPUTED,SINGLE,good,1.558,1.54,2.4398,20,16,0.0,0.0,0,0,0,0,0,0,0,0,0,SPECTRUMANALYSIS,L2,1224.473,23.73,-53.236,-118.461
2026-05-25 10:46:51.022539,1779720411.022539,2420,139629.0,,,,,,,,,,,,,,,,0.0000,,,,0.0,0.0,0.0,0.0,0.0,0.0,0.0,0.0,0.0,-797572,-3888125,164333175,24771,48195,-33795,61,ed41fe00,43.51534222136,-79.68376587243,173.5734,-37.1,SOL_COMPUTED,SINGLE,good,1.5492,1.512,2.4281,20,16,0.0,0.0,0,0,0,0,0,0,0,0,0,SPECTRUMANALYSIS,L2,1224.473,23.73,-53.236,-118.461
2026-05-25 10:46:52.026047,1779720412.026047,2420,139630.0,,,,,,,,,,,,,,,,0.0000,,,,0.0,0.0,0.0,0.0,0.0,0.0,0.0,0.0,0.0,-891434,-3959218,164388622,102284,42215,-7312,61,ed41fe00,43.51534281369,-79.68377840401,172.6604,-37.1,SOL_COMPUTED,SINGLE,good,1.5542,1.5213,2.4331,20,16,0.0,0.0,0,0,0,0,0,0,0,0,0,SPECTRUMANALYSIS,L2,1224.473,23.73,-53.236,-118.461
2026-05-25 10:46:53.027636,1779720413.027636,2420,139631.0,,,,,,,,,,,,,,,,0.0000,,,,0.0,0.0,0.0,0.0,0.0,0.0,0.0,0.0,0.0,-855558,-3959405,164342606,55028,59013,-10906,61,ed41fe00,43.51534288802,-79.68378862854,171.8561,-37.1,SOL_COMPUTED,SINGLE,good,1.5691,1.5581,2.4557,20,16,0.0,0.0,0,0,0,0,0,0,0,0,0,SPECTRUMANALYSIS,L2,1225.205,27.393,-51.38,-119.414
2026-05-25 10:46:54.022654,1779720414.022654,2420,139632.0,,,,,,,,,,,,,,,,0.0000,,,,0.0,0.0,0.0,0.0,0.0,0.0,0.0,0.0,0.0,-844061,-3880853,164357219,58312,45471,3705,61,ed41fe00,43.51531694083,-79.68383887662,178.6189,-37.1,SOL_COMPUTED,SINGLE,good,1.5297,1.3879,2.3721,20,17,0.0,0.0,0,0,0,0,0,0,0,0,0,SPECTRUMANALYSIS,L2,1225.205,27.393,-51.38,-119.414
2026-05-25 10:46:55.025256,1779720415.025256,2420,139633.0,,,,,,,,,,,,,,,,0.0000,,,,0.0,0.0,0.0,0.0,0.0,0.0,0.0,0.0,0.0,-820276,-3966522,164311108,59597,82932,-27289,61,ed41fe00,43.5153168977,-79.68383891156,178.5839,-37.1,SOL_COMPUTED,SINGLE,good,1.5307,1.3923,2.3778,20,17,0.0,0.0,0,0,0,0,0,0,0,0,0,SPECTRUMANALYSIS,L2,1225.205,27.393,-51.38,-119.414
2026-05-25 10:46:56.023335,1779720416.023335,2420,139634.0,,,,,,,,,,,,,,,,0.0000,,,,0.0,0.0,0.0,0.0,0.0,0.0,0.0,0.0,0.0,-827333,-4018684,164379409,37434,62477,-17175,61,ed41fe00,43.51531741548,-79.68384205641,178.4123,-37.1,SOL_COMPUTED,SINGLE,good,1.5191,1.3844,2.3694,20,17,0.0,0.0,0,0,0,0,0,0,0,0,0,SPECTRUMANALYSIS,L2,1233.665,11.206,-54.824,-117.782
2026-05-25 10:46:57.031982,1779720417.031982,2420,139635.0,,,,,,,,,,,,,,,,0.0000,,,,0.0,0.0,0.0,0.0,0.0,0.0,0.0,0.0,0.0,-925481,-3933574,164317228,71093,70379,-9388,61,ed41fe00,43.51531969738,-79.68384528827,178.0145,-37.1,SOL_COMPUTED,SINGLE,good,1.5193,1.3861,2.3712,20,17,0.0,0.0,0,0,0,0,0,0,0,0,0,SPECTRUMANALYSIS,L2,1233.665,11.206,-54.824,-117.782
2026-05-25 10:46:58.024446,1779720418.024446,2420,139636.0,,,,,,,,,,,,,,,,0.0000,,,,0.0,0.0,0.0,0.0,0.0,0.0,0.0,0.0,0.0,-809290,-3966352,164336341,101942,35445,14967,61,ed40fe00,43.51531602324,-79.68384282783,178.2118,-37.1,SOL_COMPUTED,SINGLE,good,1.5188,1.3773,2.3636,20,17,0.0,0.0,0,0,0,0,0,0,0,0,0,SPECTRUMANALYSIS,L2,1233.665,11.206,-54.824,-117.782
2026-05-25 10:46:59.024873,1779720419.024873,2420,139637.0,,,,,,,,,,,,,,,,0.0000,,,,0.0,0.0,0.0,0.0,0.0,0.0,0.0,0.0,0.0,-767600,-3914179,164337223,51879,37801,-19410,61,ed40fe00,43.51531677405,-79.68384710869,177.1641,-37.1,SOL_COMPUTED,SINGLE,good,1.5336,1.4132,2.401,20,17,0.0,0.0,0,0,0,0,0,0,0,0,0,SPECTRUMANALYSIS,L2,1228.501,3.076,-62.245,-124.343
2026-05-25 10:47:00.024553,1779720420.024553,2420,139638.0,,,,,,,,,,,,,,,,0.0000,,,,0.0,0.0,0.0,0.0,0.0,0.0,0.0,0.0,0.0,-811277,-3906925,164369015,27993,30014,-6233,61,ed40fe00,43.51531292015,-79.6838348743,178.6051,-37.1,SOL_COMPUTED,SINGLE,good,1.5248,1.3848,2.3718,20,17,0.0,0.0,0,0,0,0,0,0,0,0,0,SPECTRUMANALYSIS,L2,1228.501,3.076,-62.245,-124.343
2026-05-25 10:47:01.024245,1779720421.024245,2420,139639.0,,,,,,,,,,,,,,,,0.0000,,,,0.0,0.0,0.0,0.0,0.0,0.0,0.0,0.0,0.0,-754145,-3924305,164364427,64535,70697,-15768,61,ed40fe00,43.51531476924,-79.68383969986,177.9378,-37.1,SOL_COMPUTED,SINGLE,good,1.5286,1.4009,2.3904,20,17,0.0,0.0,0,0,0,0,0,0,0,0,0,SPECTRUMANALYSIS,L2,1228.501,3.076,-62.245,-124.343
2026-05-25 10:47:02.025224,1779720422.025224,2420,139640.0,,,,,,,,,,,,,,,,0.0000,,,,0.0,0.0,0.0,0.0,0.0,0.0,0.0,0.0,0.0,-825583,-4012136,164364634,53264,60966,-25734,61,ed40fe00,43.51531755776,-79.6838593589,175.6168,-37.1,SOL_COMPUTED,SINGLE,good,1.5163,1.3937,2.381,20,17,0.0,0.0,0,0,0,0,0,0,0,0,0,SPECTRUMANALYSIS,L2,1229.233,32.08,-50.658,-114.753
2026-05-25 10:47:03.029223,1779720423.029223,2420,139641.0,,,,,,,,,,,,,,,,0.0000,,,,0.0,0.0,0.0,0.0,0.0,0.0,0.0,0.0,0.0,-800426,-4002245,164339481,61108,52239,-32185,61,ed40fe00,43.51531850539,-79.68386092454,175.4164,-37.1,SOL_COMPUTED,SINGLE,good,1.5144,1.3824,2.3689,20,17,0.0,0.0,0,0,0,0,0,0,0,0,0,SPECTRUMANALYSIS,L2,1229.233,32.08,-50.658,-114.753
2026-05-25 10:47:04.022769,1779720424.022769,2420,139642.0,,,,,,,,,,,,,,,,0.0000,,,,0.0,0.0,0.0,0.0,0.0,0.0,0.0,0.0,0.0,-877995,-3946709,164385565,43094,45565,1674,61,ed40fe00,43.51531878965,-79.68385702197,175.7311,-37.1,SOL_COMPUTED,SINGLE,good,1.5084,1.3778,2.3636,20,17,0.0,0.0,0,0,0,0,0,0,0,0,0,SPECTRUMANALYSIS,L2,1229.233,32.08,-50.658,-114.753
2026-05-25 10:47:05.022567,1779720425.022567,2420,139643.0,,,,,,,,,,,,,,,,0.0000,,,,0.0,0.0,0.0,0.0,0.0,0.0,0.0,0.0,0.0,-829916,-3966558,164387280,37483,107590,-15601,61,ed40fe00,43.51532769425,-79.68386233169,174.043,-37.1,SOL_COMPUTED,SINGLE,good,1.2789,1.4362,2.1385,20,17,0.0,0.0,0,0,0,0,0,0,0,0,0,SPECTRUMANALYSIS,L2,1224.106,22.266,-53.397,-118.353
2026-05-25 10:47:06.025639,1779720426.025639,2420,139644.0,,,,,,,,,,,,,,,,0.0000,,,,0.0,0.0,0.0,0.0,0.0,0.0,0.0,0.0,0.0,-821282,-3929259,164401579,44558,92162,-12199,61,ed40fe00,43.51532894914,-79.68386725261,173.5397,-37.1,SOL_COMPUTED,SINGLE,good,1.2836,1.4442,2.1462,20,17,0.0,0.0,0,0,0,0,0,0,0,0,0,SPECTRUMANALYSIS,L2,1224.106,22.266,-53.397,-118.353
2026-05-25 10:47:07.024117,1779720427.024117,2420,139645.0,,,,,,,,,,,,,,,,0.0000,,,,0.0,0.0,0.0,0.0,0.0,0.0,0.0,0.0,0.0,-860704,-3879925,164299456,69213,76569,-14066,61,ed3ffe00,43.51533141992,-79.68386994095,173.3256,-37.1,SOL_COMPUTED,SINGLE,good,1.2885,1.452,2.1461,20,17,0.0,0.0,0,0,0,0,0,0,0,0,0,SPECTRUMANALYSIS,L2,1224.106,22.266,-53.397,-118.353
2026-05-25 10:47:08.022296,1779720428.022296,2420,139646.0,,,,,,,,,,,,,,,,0.0000,,,,0.0,0.0,0.0,0.0,0.0,0.0,0.0,0.0,0.0,-781974,-3914833,164331782,50925,66869,-29931,61,ed3ffe00,43.51533211421,-79.68386694332,173.466,-37.1,SOL_COMPUTED,SINGLE,good,1.2905,1.4518,2.1436,20,17,0.0,0.0,0,0,0,0,0,0,0,0,0,SPECTRUMANALYSIS,L2,1231.76,1.099,-65.552,-120.222
2026-05-25 10:47:09.022617,1779720429.022617,2420,139647.0,,,,,,,,,,,,,,,,0.0000,,,,0.0,0.0,0.0,0.0,0.0,0.0,0.0,0.0,0.0,-894977,-4005218,164340967,55355,44056,-17669,61,ed3ffe00,43.51533114018,-79.68385432472,173.3266,-37.1,SOL_COMPUTED,SINGLE,good,1.2834,1.4621,2.1525,20,17,0.0,0.0,0,0,0,0,0,0,0,0,0,SPECTRUMANALYSIS,L2,1231.76,1.099,-65.552,-120.222
2026-05-25 10:47:10.025670,1779720430.025670,2420,139648.0,,,,,,,,,,,,,,,,0.0000,,,,0.0,0.0,0.0,0.0,0.0,0.0,0.0,0.0,0.0,-810395,-3917716,164346199,127075,-11669,-13883,61,ed3ffe00,43.51533523115,-79.68386561839,173.9067,-37.1,SOL_COMPUTED,SINGLE,good,1.278,1.4691,2.1486,20,18,0.0,0.0,0,0,0,0,0,0,0,0,0,SPECTRUMANALYSIS,L2,1231.76,1.099,-65.552,-120.222
2026-05-25 10:47:11.023783,1779720431.023783,2420,139649.0,,,,,,,,,,,,,,,,0.0000,,,,0.0,0.0,0.0,0.0,0.0,0.0,0.0,0.0,0.0,-767390,-3927938,164402549,68325,53182,-18379,61,ed3ffe00,43.51533694009,-79.68386824176,173.2056,-37.1,SOL_COMPUTED,SINGLE,good,1.2797,1.4696,2.1468,20,18,0.0,0.0,0,0,0,0,0,0,0,0,0,SPECTRUMANALYSIS,L2,1227.402,29.15,-51.806,-119.184
2026-05-25 10:47:12.025598,1779720432.025598,2420,139650.0,,,,,,,,,,,,,,,,0.0000,,,,0.0,0.0,0.0,0.0,0.0,0.0,0.0,0.0,0.0,-802097,-3929294,164355899,55357,70442,-19791,61,ed3ffe00,43.51533997526,-79.68385861016,172.2485,-37.1,SOL_COMPUTED,SINGLE,good,1.2793,1.4544,2.1303,20,18,0.0,0.0,0,0,0,0,0,0,0,0,0,SPECTRUMANALYSIS,L2,1227.402,29.15,-51.806,-119.184
2026-05-25 10:47:13.025664,1779720433.025664,2420,139651.0,,,,,,,,,,,,,,,,0.0000,,,,0.0,0.0,0.0,0.0,0.0,0.0,0.0,0.0,0.0,-801073,-3884046,164383276,41228,58245,-5296,61,ed3ffe00,43.51534169859,-79.68385374377,172.2168,-37.1,SOL_COMPUTED,SINGLE,good,1.2846,1.4702,2.1384,20,18,0.0,0.0,0,0,0,0,0,0,0,0,0,SPECTRUMANALYSIS,L2,1227.402,29.15,-51.806,-119.184
2026-05-25 10:47:14.029775,1779720434.029775,2420,139652.0,,,,,,,,,,,,,,,,0.0000,,,,0.0,0.0,0.0,0.0,0.0,0.0,0.0,0.0,0.0,-787595,-4010153,164373700,54524,74678,-10396,61,ed3ffe00,43.51534570925,-79.68383128251,171.2572,-37.1,SOL_COMPUTED,SINGLE,good,1.2845,1.53,2.1613,19,17,0.0,0.0,0,0,0,0,0,0,0,0,0,SPECTRUMANALYSIS,L2,1235.02,8.789,-55.958,-117.785
2026-05-25 10:47:15.025849,1779720435.025849,2420,139653.0,,,,,,,,,,,,,,,,0.0000,,,,0.0,0.0,0.0,0.0,0.0,0.0,0.0,0.0,0.0,-832783,-3931808,164336773,71748,60735,585,61,ed3ffe00,43.51534620883,-79.68383190621,171.1736,-37.1,SOL_COMPUTED,SINGLE,good,1.2832,1.5413,2.1652,19,17,0.0,0.0,0,0,0,0,0,0,0,0,0,SPECTRUMANALYSIS,L2,1235.02,8.789,-55.958,-117.785
2026-05-25 10:47:16.022798,1779720436.022798,2420,139654.0,,,,,,,,,,,,,,,,0.0000,,,,0.0,0.0,0.0,0.0,0.0,0.0,0.0,0.0,0.0,-870225,-3968099,164376962,50664,66044,-6812,61,ed3efe00,43.51534663846,-79.68383142851,171.1706,-37.1,SOL_COMPUTED,SINGLE,good,1.2804,1.5269,2.1576,19,17,0.0,0.0,0,0,0,0,0,0,0,0,0,SPECTRUMANALYSIS,L2,1235.02,8.789,-55.958,-117.785
2026-05-25 10:47:17.022153,1779720437.022153,2420,139655.0,,,,,,,,,,,,,,,,0.0000,,,,0.0,0.0,0.0,0.0,0.0,0.0,0.0,0.0,0.0,-787903,-3950813,164366049,44371,64277,-48317,61,ed3efe00,43.51534705099,-79.68383129925,171.1407,-37.1,SOL_COMPUTED,SINGLE,good,1.2796,1.5182,2.1543,19,17,0.0,0.0,0,0,0,0,0,0,0,0,0,SPECTRUMANALYSIS,L2,1222.825,17.944,-54.364,-118.391
2026-05-25 10:47:18.022751,1779720438.022751,2420,139656.0,,,,,,,,,,,,,,,,0.0000,,,,0.0,0.0,0.0,0.0,0.0,0.0,0.0,0.0,0.0,-830354,-3870077,164292300,91722,79869,-22740,61,ed3efe00,43.51534765474,-79.68383087561,171.1722,-37.1,SOL_COMPUTED,SINGLE,good,1.2815,1.5229,2.1569,19,17,0.0,0.0,0,0,0,0,0,0,0,0,0,SPECTRUMANALYSIS,L2,1222.825,17.944,-54.364,-118.391
2026-05-25 10:47:19.024553,1779720439.024553,2420,139657.0,,,,,,,,,,,,,,,,0.0000,,,,0.0,0.0,0.0,0.0,0.0,0.0,0.0,0.0,0.0,-852590,-3918694,164389736,58776,64467,-21264,61,ed3efe00,43.51534825775,-79.68383387373,170.9982,-37.1,SOL_COMPUTED,SINGLE,good,1.2806,1.5153,2.1528,19,17,0.0,0.0,0,0,0,0,0,0,0,0,0,SPECTRUMANALYSIS,L2,1222.825,17.944,-54.364,-118.391
2026-05-25 10:47:20.022750,1779720440.022750,2420,139658.0,,,,,,,,,,,,,,,,0.0000,,,,0.0,0.0,0.0,0.0,0.0,0.0,0.0,0.0,0.0,-834318,-3957468,164339485,47057,26023,-25656,61,ed3efe00,43.51534969111,-79.68383104874,170.7907,-37.1,SOL_COMPUTED,SINGLE,good,1.2599,1.3986,2.0572,19,18,0.0,0.0,0,0,0,0,0,0,0,0,0,SPECTRUMANALYSIS,L2,1222.825,17.944,-54.364,-118.391
2026-05-25 10:47:21.024058,1779720441.024058,2420,139659.0,,,,,,,,,,,,,,,,0.0000,,,,0.0,0.0,0.0,0.0,0.0,0.0,0.0,0.0,0.0,-868338,-3936921,164378512,67313,33978,-25177,61,ed3dfe00,43.51535012689,-79.68383296794,170.6884,-37.1,SOL_COMPUTED,SINGLE,good,1.2577,1.3819,2.0477,19,18,0.0,0.0,0,0,0,0,0,0,0,0,0,SPECTRUMANALYSIS,L2,1225.278,28.711,-50.966,-117.78
2026-05-25 10:47:22.025277,1779720442.025277,2420,139660.0,,,,,,,,,,,,,,,,0.0000,,,,0.0,0.0,0.0,0.0,0.0,0.0,0.0,0.0,0.0,-816201,-3960240,164348897,67222,47666,-5613,61,ed3efe00,43.51535058118,-79.68383225372,170.7441,-37.1,SOL_COMPUTED,SINGLE,good,1.2572,1.3772,2.0452,19,18,0.0,0.0,0,0,0,0,0,0,0,0,0,SPECTRUMANALYSIS,L2,1225.278,28.711,-50.966,-117.78
2026-05-25 10:47:23.023870,1779720443.023870,2420,139661.0,,,,,,,,,,,,,,,,0.0000,,,,0.0,0.0,0.0,0.0,0.0,0.0,0.0,0.0,0.0,-850214,-3950847,164383149,60549,50673,-6927,61,ed3dfe00,43.51534775094,-79.68384829451,171.6785,-37.1,SOL_COMPUTED,SINGLE,good,1.2547,1.3304,2.0287,20,19,0.0,0.0,0,0,0,0,0,0,0,0,0,SPECTRUMANALYSIS,L2,1225.278,28.711,-50.966,-117.78
2026-05-25 10:47:24.022159,1779720444.022159,2420,139662.0,,,,,,,,,,,,,,,,0.0000,,,,0.0,0.0,0.0,0.0,0.0,0.0,0.0,0.0,0.0,-830374,-3857454,164337895,69153,82888,-48706,61,ed3dfe00,43.51534756734,-79.68384980992,171.8412,-37.1,SOL_COMPUTED,SINGLE,good,1.2496,1.3135,2.0189,20,19,0.0,0.0,0,0,0,0,0,0,0,0,0,SPECTRUMANALYSIS,L2,1229.197,35.522,-49.759,-119.609
2026-05-25 10:47:25.039119,1779720445.039119,2420,139663.0,,,,,,,,,,,,,,,,0.0000,,,,0.0,0.0,0.0,0.0,0.0,0.0,0.0,0.0,0.0,-779245,-3986266,164357920,94438,37646,-14762,61,ed3dfe00,43.51534881385,-79.68386065453,171.1416,-37.1,SOL_COMPUTED,SINGLE,good,1.4229,1.2566,2.1163,20,19,0.0,0.0,0,0,0,0,0,0,0,0,0,SPECTRUMANALYSIS,L2,1229.197,35.522,-49.759,-119.609
2026-05-25 10:47:26.024197,1779720446.024197,2420,139664.0,,,,,,,,,,,,,,,,0.0000,,,,0.0,0.0,0.0,0.0,0.0,0.0,0.0,0.0,0.0,-858611,-3955121,164354135,46423,55090,-41061,61,ed3dfe00,43.51534895937,-79.68386330687,171.0263,-37.1,SOL_COMPUTED,SINGLE,good,1.4165,1.244,2.1063,20,19,0.0,0.0,0,0,0,0,0,0,0,0,0,SPECTRUMANALYSIS,L2,1229.197,35.522,-49.759,-119.609
2026-05-25 10:47:27.035195,1779720447.035195,2420,139665.0,,,,,,,,,,,,,,,,0.0000,,,,0.0,0.0,0.0,0.0,0.0,0.0,0.0,0.0,0.0,-831848,-3939824,164375560,57844,51113,-34590,61,ed3dfe00,43.51534967269,-79.68386587589,170.789,-37.1,SOL_COMPUTED,SINGLE,good,1.423,1.2534,2.1164,20,19,0.0,0.0,0,0,0,0,0,0,0,0,0,SPECTRUMANALYSIS,L2,1229.05,33.325,-50.435,-120.29
2026-05-25 10:47:28.030415,1779720448.030415,2420,139666.0,,,,,,,,,,,,,,,,0.0000,,,,0.0,0.0,0.0,0.0,0.0,0.0,0.0,0.0,0.0,-864783,-3956011,164405000,37249,98993,14809,61,ed3dfe00,43.51535001036,-79.68386805409,170.6981,-37.1,SOL_COMPUTED,SINGLE,good,1.4213,1.2471,2.1139,20,19,0.0,0.0,0,0,0,0,0,0,0,0,0,SPECTRUMANALYSIS,L2,1229.05,33.325,-50.435,-120.29
2026-05-25 10:47:29.023753,1779720449.023753,2420,139667.0,,,,,,,,,,,,,,,,0.0000,,,,0.0,0.0,0.0,0.0,0.0,0.0,0.0,0.0,0.0,-830557,-3876072,164364655,-130,55603,-6840,61,ed3dfe00,43.51534795447,-79.68387782076,171.1415,-37.1,SOL_COMPUTED,SINGLE,good,1.4127,1.2209,2.0918,20,19,0.0,0.0,0,0,0,0,0,0,0,0,0,SPECTRUMANALYSIS,L2,1229.05,33.325,-50.435,-120.29
2026-05-25 10:47:30.024287,1779720450.024287,2420,139668.0,,,,,,,,,,,,,,,,0.0000,,,,0.0,0.0,0.0,0.0,0.0,0.0,0.0,0.0,0.0,-850850,-3966347,164434203,84948,50766,1732,61,ed3cfe00,43.51534659079,-79.68388520173,171.4731,-37.1,SOL_COMPUTED,SINGLE,good,1.4154,1.2238,2.0962,20,19,0.0,0.0,0,0,0,0,0,0,0,0,0,SPECTRUMANALYSIS,L2,1227.0,28.784,-51.426,-119.866
2026-05-25 10:47:31.021436,1779720451.021436,2420,139669.0,,,,,,,,,,,,,,,,0.0000,,,,0.0,0.0,0.0,0.0,0.0,0.0,0.0,0.0,0.0,-810442,-3995026,164399882,69448,54128,-13018,61,ed3cfe00,43.5153461267,-79.68388950455,171.5914,-37.1,SOL_COMPUTED,SINGLE,good,1.4137,1.22,2.093,20,19,0.0,0.0,0,0,0,0,0,0,0,0,0,SPECTRUMANALYSIS,L2,1227.0,28.784,-51.426,-119.866
2026-05-25 10:47:32.023578,1779720452.023578,2420,139670.0,,,,,,,,,,,,,,,,0.0000,,,,0.0,0.0,0.0,0.0,0.0,0.0,0.0,0.0,0.0,-895320,-3959251,164360576,81823,66119,-35565,61,ed3cfe00,43.51534593761,-79.68389331845,171.6128,-37.1,SOL_COMPUTED,SINGLE,good,1.4135,1.2168,2.0929,20,19,0.0,0.0,0,0,0,0,0,0,0,0,0,SPECTRUMANALYSIS,L2,1227.0,28.784,-51.426,-119.866
2026-05-25 10:47:33.023526,1779720453.023526,2420,139671.0,,,,,,,,,,,,,,,,0.0000,,,,0.0,0.0,0.0,0.0,0.0,0.0,0.0,0.0,0.0,-841500,-3935058,164388386,47792,53040,-14012,61,ed3cfe00,43.51534667036,-79.68389364962,171.4404,-37.1,SOL_COMPUTED,SINGLE,good,1.4234,1.2299,2.1103,20,19,0.0,0.0,0,0,0,0,0,0,0,0,0,SPECTRUMANALYSIS,L2,1231.87,25.635,-51.522,-116.784
2026-05-25 10:47:34.022304,1779720454.022304,2420,139672.0,,,,,,,,,,,,,,,,0.0000,,,,0.0,0.0,0.0,0.0,0.0,0.0,0.0,0.0,0.0,-901452,-3945430,164377912,61196,79556,-8513,61,ed3cfe00,43.51534743501,-79.68389345791,171.2214,-37.1,SOL_COMPUTED,SINGLE,good,1.4167,1.2164,2.0981,20,19,0.0,0.0,0,0,0,0,0,0,0,0,0,SPECTRUMANALYSIS,L2,1231.87,25.635,-51.522,-116.784
2026-05-25 10:47:35.022142,1779720455.022142,2420,139673.0,,,,,,,,,,,,,,,,0.0000,,,,0.0,0.0,0.0,0.0,0.0,0.0,0.0,0.0,0.0,-881631,-3962832,164380279,94075,65760,-17334,61,ed3cfe00,43.51534678726,-79.68389823003,171.3298,-37.1,SOL_COMPUTED,SINGLE,good,1.4119,1.21,2.0912,20,19,0.0,0.0,0,0,0,0,0,0,0,0,0,SPECTRUMANALYSIS,L2,1231.87,25.635,-51.522,-116.784
2026-05-25 10:47:36.030696,1779720456.030696,2420,139674.0,,,,,,,,,,,,,,,,0.0000,,,,0.0,0.0,0.0,0.0,0.0,0.0,0.0,0.0,0.0,-762728,-3923079,164360451,48161,93194,12232,61,ed3cfe00,43.51534738743,-79.68389841823,171.1559,-37.1,SOL_COMPUTED,SINGLE,good,1.4122,1.2082,2.0912,20,19,0.0,0.0,0,0,0,0,0,0,0,0,0,SPECTRUMANALYSIS,L2,1222.275,8.936,-58.5,-125.422
2026-05-25 10:47:37.022811,1779720457.022811,2420,139675.0,,,,,,,,,,,,,,,,0.0000,,,,0.0,0.0,0.0,0.0,0.0,0.0,0.0,0.0,0.0,-859233,-3954176,164350376,20168,20812,-56250,61,ed3bfe00,43.51534708031,-79.68390088591,171.2087,-37.1,SOL_COMPUTED,SINGLE,good,1.4229,1.2258,2.1136,20,19,0.0,0.0,0,0,0,0,0,0,0,0,0,SPECTRUMANALYSIS,L2,1222.275,8.936,-58.5,-125.422
2026-05-25 10:47:38.021810,1779720458.021810,2420,139676.0,,,,,,,,,,,,,,,,0.0000,,,,0.0,0.0,0.0,0.0,0.0,0.0,0.0,0.0,0.0,-916352,-3934794,164415317,92370,89814,-22368,61,ed3bfe00,43.5153471777,-79.68390268961,171.1136,-37.1,SOL_COMPUTED,SINGLE,good,1.4171,1.2142,2.1008,20,19,0.0,0.0,0,0,0,0,0,0,0,0,0,SPECTRUMANALYSIS,L2,1222.275,8.936,-58.5,-125.422
2026-05-25 10:47:39.026838,1779720459.026838,2420,139677.0,,,,,,,,,,,,,,,,0.0000,,,,0.0,0.0,0.0,0.0,0.0,0.0,0.0,0.0,0.0,-797503,-3938928,164387144,62326,87276,-36758,61,ed3bfe00,43.51534722746,-79.68390458706,171.0527,-37.1,SOL_COMPUTED,SINGLE,good,1.4164,1.2156,2.1017,20,19,0.0,0.0,0,0,0,0,0,0,0,0,0,SPECTRUMANALYSIS,L2,1224.839,21.387,-53.229,-116.895
2026-05-25 10:47:40.022995,1779720460.022995,2420,139678.0,,,,,,,,,,,,,,,,0.0000,,,,0.0,0.0,0.0,0.0,0.0,0.0,0.0,0.0,0.0,-844710,-3924158,164405198,41828,51799,-13140,61,ed3bfe00,43.51534667972,-79.68390823115,171.0814,-37.1,SOL_COMPUTED,SINGLE,good,1.4119,1.2065,2.0926,20,19,0.0,0.0,0,0,0,0,0,0,0,0,0,SPECTRUMANALYSIS,L2,1224.839,21.387,-53.229,-116.895
2026-05-25 10:47:41.022067,1779720461.022067,2420,139679.0,,,,,,,,,,,,,,,,0.0000,,,,0.0,0.0,0.0,0.0,0.0,0.0,0.0,0.0,0.0,-817597,-3931131,164369984,44839,58828,-41372,61,ed3bfe00,43.51534695059,-79.68390849525,170.9154,-37.1,SOL_COMPUTED,SINGLE,good,1.4165,1.2135,2.103,20,19,0.0,0.0,0,0,0,0,0,0,0,0,0,SPECTRUMANALYSIS,L2,1224.839,21.387,-53.229,-116.895
2026-05-25 10:47:42.022909,1779720462.022909,2420,139680.0,,,,,,,,,,,,,,,,0.0000,,,,0.0,0.0,0.0,0.0,0.0,0.0,0.0,0.0,0.0,-817054,-3911254,164425611,94059,61289,-7508,61,ed3bfe00,43.5153469602,-79.68390996533,170.8062,-37.1,SOL_COMPUTED,SINGLE,good,1.417,1.2144,2.1045,20,19,0.0,0.0,0,0,0,0,0,0,0,0,0,SPECTRUMANALYSIS,L2,1232.09,26.807,-51.919,-118.406
2026-05-25 10:47:43.025479,1779720463.025479,2420,139681.0,,,,,,,,,,,,,,,,0.0000,,,,0.0,0.0,0.0,0.0,0.0,0.0,0.0,0.0,0.0,-800303,-3925494,164264479,65870,39406,-2971,61,ed3bfe00,43.51534763013,-79.68390913981,170.5306,-37.1,SOL_COMPUTED,SINGLE,good,1.4226,1.2305,2.1241,20,19,0.0,0.0,0,0,0,0,0,0,0,0,0,SPECTRUMANALYSIS,L2,1232.09,26.807,-51.919,-118.406
2026-05-25 10:47:44.022625,1779720464.022625,2420,139682.0,,,,,,,,,,,,,,,,0.0000,,,,0.0,0.0,0.0,0.0,0.0,0.0,0.0,0.0,0.0,-786974,-3849700,164358707,64673,56203,-37150,61,ed3bfe00,43.51534802343,-79.68390964834,170.3061,-37.1,SOL_COMPUTED,SINGLE,good,1.4149,1.2128,2.1034,20,19,0.0,0.0,0,0,0,0,0,0,0,0,0,SPECTRUMANALYSIS,L2,1232.09,26.807,-51.919,-118.406
2026-05-25 10:47:45.024689,1779720465.024689,2420,139683.0,,,,,,,,,,,,,,,,0.0000,,,,0.0,0.0,0.0,0.0,0.0,0.0,0.0,0.0,0.0,-823147,-3928459,164449146,52949,39421,-34675,61,ed3afe00,43.51534800125,-79.68391069603,170.2052,-37.1,SOL_COMPUTED,SINGLE,good,1.4211,1.2201,2.1162,20,19,0.0,0.0,0,0,0,0,0,0,0,0,0,SPECTRUMANALYSIS,L2,1229.27,6.079,-59.094,-118.459
2026-05-25 10:47:46.026173,1779720466.026173,2420,139684.0,,,,,,,,,,,,,,,,0.0000,,,,0.0,0.0,0.0,0.0,0.0,0.0,0.0,0.0,0.0,-832903,-4002662,164327856,46418,44968,-17229,61,ed3afe00,43.51534798711,-79.68391226322,170.0009,-37.1,SOL_COMPUTED,SINGLE,good,1.4165,1.2099,2.1006,20,19,0.0,0.0,0,0,0,0,0,0,0,0,0,SPECTRUMANALYSIS,L2,1229.27,6.079,-59.094,-118.459
2026-05-25 10:47:47.024557,1779720467.024557,2420,139685.0,,,,,,,,,,,,,,,,0.0000,,,,0.0,0.0,0.0,0.0,0.0,0.0,0.0,0.0,0.0,-853405,-3930000,164399216,53437,63459,12791,61,ed3afe00,43.51534849922,-79.68391179931,169.7631,-37.1,SOL_COMPUTED,SINGLE,good,1.4153,1.2074,2.0979,20,19,0.0,0.0,0,0,0,0,0,0,0,0,0,SPECTRUMANALYSIS,L2,1229.27,6.079,-59.094,-118.459
2026-05-25 10:47:48.027811,1779720468.027811,2420,139686.0,,,,,,,,,,,,,,,,0.0000,,,,0.0,0.0,0.0,0.0,0.0,0.0,0.0,0.0,0.0,-851258,-3946164,164367622,66678,52272,-24307,61,ed3afe00,43.51534863654,-79.68391198427,169.5832,-37.1,SOL_COMPUTED,SINGLE,good,1.4194,1.2144,2.1078,20,19,0.0,0.0,0,0,0,0,0,0,0,0,0,SPECTRUMANALYSIS,L2,1227.805,33.765,-50.256,-117.28
2026-05-25 10:47:49.032767,1779720469.032767,2420,139687.0,,,,,,,,,,,,,,,,0.0000,,,,0.0,0.0,0.0,0.0,0.0,0.0,0.0,0.0,0.0,-904830,-3952648,164403697,66664,86252,23262,61,ed39fe00,43.5153491855,-79.68391119049,169.4068,-37.1,SOL_COMPUTED,SINGLE,good,1.4176,1.2166,2.1071,20,19,0.0,0.0,0,0,0,0,0,0,0,0,0,SPECTRUMANALYSIS,L2,1227.805,33.765,-50.256,-117.28
2026-05-25 10:47:50.023042,1779720470.023042,2420,139688.0,,,,,,,,,,,,,,,,0.0000,,,,0.0,0.0,0.0,0.0,0.0,0.0,0.0,0.0,0.0,-833132,-3923512,164372829,37033,75776,-12249,61,ed3afe00,43.51534907457,-79.6839125965,169.2961,-37.1,SOL_COMPUTED,SINGLE,good,1.4138,1.2062,2.0956,20,19,0.0,0.0,0,0,0,0,0,0,0,0,0,SPECTRUMANALYSIS,L2,1227.805,33.765,-50.256,-117.28
2026-05-25 10:47:51.030894,1779720471.030894,2420,139689.0,,,,,,,,,,,,,,,,0.0000,,,,0.0,0.0,0.0,0.0,0.0,0.0,0.0,0.0,0.0,-867598,-3949019,164392240,16833,42101,21696,61,ed39fe00,43.51534917954,-79.68391375622,169.1965,-37.1,SOL_COMPUTED,SINGLE,good,1.4105,1.2025,2.0904,20,19,0.0,0.0,0,0,0,0,0,0,0,0,0,SPECTRUMANALYSIS,L2,1226.34,10.034,-56.036,-120.904
2026-05-25 10:47:52.031649,1779720472.031649,2420,139690.0,,,,,,,,,,,,,,,,0.0000,,,,0.0,0.0,0.0,0.0,0.0,0.0,0.0,0.0,0.0,-881266,-3911867,164320763,44064,65897,-20276,61,ed39fe00,43.51534974848,-79.68391325095,169.005,-37.1,SOL_COMPUTED,SINGLE,good,1.4144,1.2177,2.1055,20,19,0.0,0.0,0,0,0,0,0,0,0,0,0,SPECTRUMANALYSIS,L2,1226.34,10.034,-56.036,-120.904
2026-05-25 10:47:53.023716,1779720473.023716,2420,139691.0,,,,,,,,,,,,,,,,0.0000,,,,0.0,0.0,0.0,0.0,0.0,0.0,0.0,0.0,0.0,-881987,-3944910,164326463,57489,44298,-1924,61,ed39fe00,43.51534992259,-79.68391377421,168.9178,-37.1,SOL_COMPUTED,SINGLE,good,1.4165,1.2167,2.1055,20,19,0.0,0.0,0,0,0,0,0,0,0,0,0,SPECTRUMANALYSIS,L2,1226.34,10.034,-56.036,-120.904
2026-05-25 10:47:54.023366,1779720474.023366,2420,139692.0,,,,,,,,,,,,,,,,0.0000,,,,0.0,0.0,0.0,0.0,0.0,0.0,0.0,0.0,0.0,-832267,-3933733,164418127,65927,56751,-15535,61,ed39fe00,43.51535054455,-79.68391362224,168.7755,-37.1,SOL_COMPUTED,SINGLE,good,1.4101,1.205,2.0891,20,19,0.0,0.0,0,0,0,0,0,0,0,0,0,SPECTRUMANALYSIS,L2,1224.143,9.155,-58.326,-124.826
2026-05-25 10:47:55.021715,1779720475.021715,2420,139693.0,,,,,,,,,,,,,,,,0.0000,,,,0.0,0.0,0.0,0.0,0.0,0.0,0.0,0.0,0.0,-859061,-3965658,164398424,56065,69650,-35835,61,ed39fe00,43.51535074229,-79.68391443384,168.7528,-37.1,SOL_COMPUTED,SINGLE,good,1.4116,1.2058,2.0915,20,19,0.0,0.0,0,0,0,0,0,0,0,0,0,SPECTRUMANALYSIS,L2,1224.143,9.155,-58.326,-124.826
2026-05-25 10:47:56.022657,1779720476.022657,2420,139694.0,,,,,,,,,,,,,,,,0.0000,,,,0.0,0.0,0.0,0.0,0.0,0.0,0.0,0.0,0.0,-848325,-3976557,164309699,83311,78978,-5976,61,ed39fe00,43.5153521816,-79.6839109624,168.4544,-37.1,SOL_COMPUTED,SINGLE,good,1.4146,1.217,2.0985,20,19,0.0,0.0,0,0,0,0,0,0,0,0,0,SPECTRUMANALYSIS,L2,1224.143,9.155,-58.326,-124.826
2026-05-25 10:47:57.033785,1779720477.033785,2420,139695.0,,,,,,,,,,,,,,,,0.0000,,,,0.0,0.0,0.0,0.0,0.0,0.0,0.0,0.0,0.0,-825669,-3941335,164367743,59026,47460,5155,61,ed39fe00,43.51536169933,-79.6838802757,166.3228,-37.1,SOL_COMPUTED,SINGLE,good,1.4316,1.3073,2.1471,19,18,0.0,0.0,0,0,0,0,0,0,0,0,0,SPECTRUMANALYSIS,L2,1227.329,11.719,-55.416,-119.098
2026-05-25 10:47:58.023009,1779720478.023009,2420,139696.0,,,,,,,,,,,,,,,,0.0000,,,,0.0,0.0,0.0,0.0,0.0,0.0,0.0,0.0,0.0,-863684,-3988376,164361091,96304,36641,-23002,61,ed38fe00,43.51535105714,-79.6839174346,168.8219,-37.1,SOL_COMPUTED,SINGLE,good,1.4205,1.2339,2.1124,20,19,0.0,0.0,0,0,0,0,0,0,0,0,0,SPECTRUMANALYSIS,L2,1227.329,11.719,-55.416,-119.098
2026-05-25 10:47:59.022905,1779720479.022905,2420,139697.0,,,,,,,,,,,,,,,,0.0000,,,,0.0,0.0,0.0,0.0,0.0,0.0,0.0,0.0,0.0,-845573,-3975895,164342990,47873,90664,-39708,61,ed39fe00,43.51536254767,-79.68388068489,166.2354,-37.1,SOL_COMPUTED,SINGLE,good,1.4322,1.306,2.1468,19,18,0.0,0.0,0,0,0,0,0,0,0,0,0,SPECTRUMANALYSIS,L2,1227.329,11.719,-55.416,-119.098
2026-05-25 10:48:00.020931,1779720480.020931,2420,139698.0,,,,,,,,,,,,,,,,0.0000,,,,0.0,0.0,0.0,0.0,0.0,0.0,0.0,0.0,0.0,-824213,-3922913,164353747,60153,53628,-16696,61,ed39fe00,43.51536304751,-79.68388093707,166.1829,-37.1,SOL_COMPUTED,SINGLE,good,1.4264,1.296,2.1347,19,18,0.0,0.0,0,0,0,0,0,0,0,0,0,SPECTRUMANALYSIS,L2,1226.963,26.953,-51.924,-117.602
2026-05-25 10:48:01.023712,1779720481.023712,2420,139699.0,,,,,,,,,,,,,,,,0.0000,,,,0.0,0.0,0.0,0.0,0.0,0.0,0.0,0.0,0.0,-819064,-3964501,164386442,45420,86595,-36061,61,ed38fe00,43.51536351903,-79.68388104055,166.1363,-37.1,SOL_COMPUTED,SINGLE,good,1.4297,1.2986,2.1405,19,18,0.0,0.0,0,0,0,0,0,0,0,0,0,SPECTRUMANALYSIS,L2,1226.963,26.953,-51.924,-117.602
2026-05-25 10:48:02.026109,1779720482.026109,2420,139700.0,,,,,,,,,,,,,,,,0.0000,,,,0.0,0.0,0.0,0.0,0.0,0.0,0.0,0.0,0.0,-773308,-3906918,164312442,30906,64427,-2834,61,ed38fe00,43.5153639693,-79.68388086173,166.1205,-37.1,SOL_COMPUTED,SINGLE,good,1.4306,1.3046,2.1436,19,18,0.0,0.0,0,0,0,0,0,0,0,0,0,SPECTRUMANALYSIS,L2,1226.963,26.953,-51.924,-117.602
2026-05-25 10:48:03.024987,1779720483.024987,2420,139701.0,,,,,,,,,,,,,,,,0.0000,,,,0.0,0.0,0.0,0.0,0.0,0.0,0.0,0.0,0.0,-811284,-3980738,164365085,47824,14128,-24339,61,ed38fe00,43.51536426782,-79.68387965286,166.2202,-37.1,SOL_COMPUTED,SINGLE,good,1.4425,1.3437,2.1784,19,18,0.0,0.0,0,0,0,0,0,0,0,0,0,SPECTRUMANALYSIS,L2,1228.647,30.469,-51.025,-116.574
2026-05-25 10:48:04.025418,1779720484.025418,2420,139702.0,,,,,,,,,,,,,,,,0.0000,,,,0.0,0.0,0.0,0.0,0.0,0.0,0.0,0.0,0.0,-834627,-3958277,164301393,51967,52002,-9149,61,ed38fe00,43.51536491407,-79.68388003916,166.1533,-37.1,SOL_COMPUTED,SINGLE,good,1.4333,1.3262,2.1605,19,18,0.0,0.0,0,0,0,0,0,0,0,0,0,SPECTRUMANALYSIS,L2,1228.647,30.469,-51.025,-116.574
2026-05-25 10:48:05.026769,1779720485.026769,2420,139703.0,,,,,,,,,,,,,,,,0.0000,,,,0.0,0.0,0.0,0.0,0.0,0.0,0.0,0.0,0.0,-836215,-3971391,164400791,50497,100656,9907,61,ed37fe00,43.51536541842,-79.68388088939,166.0516,-37.1,SOL_COMPUTED,SINGLE,good,1.4296,1.3065,2.1463,19,18,0.0,0.0,0,0,0,0,0,0,0,0,0,SPECTRUMANALYSIS,L2,1228.647,30.469,-51.025,-116.574
2026-05-25 10:48:06.022572,1779720486.022572,2420,139704.0,,,,,,,,,,,,,,,,0.0000,,,,0.0,0.0,0.0,0.0,0.0,0.0,0.0,0.0,0.0,-876637,-3915975,164424643,48470,55441,-13461,61,ed37fe00,43.51536588331,-79.68388130552,165.9904,-37.1,SOL_COMPUTED,SINGLE,good,1.4324,1.3058,2.1495,19,18,0.0,0.0,0,0,0,0,0,0,0,0,0,SPECTRUMANALYSIS,L2,1225.388,2.563,-64.224,-126.448
2026-05-25 10:48:07.022223,1779720487.022223,2420,139705.0,,,,,,,,,,,,,,,,0.0000,,,,0.0,0.0,0.0,0.0,0.0,0.0,0.0,0.0,0.0,-881652,-3922223,164376076,77377,45042,-39165,61,ed37fe00,43.51536626339,-79.68388114317,165.9879,-37.1,SOL_COMPUTED,SINGLE,good,1.4501,1.3363,2.1897,19,18,0.0,0.0,0,0,0,0,0,0,0,0,0,SPECTRUMANALYSIS,L2,1225.388,2.563,-64.224,-126.448
2026-05-25 10:48:08.021925,1779720488.021925,2420,139706.0,,,,,,,,,,,,,,,,0.0000,,,,0.0,0.0,0.0,0.0,0.0,0.0,0.0,0.0,0.0,-852570,-4022801,164395518,64191,38156,-3686,61,ed37fe00,43.51536678551,-79.6838817931,165.9129,-37.1,SOL_COMPUTED,SINGLE,good,1.4498,1.3242,2.1829,19,18,0.0,0.0,0,0,0,0,0,0,0,0,0,SPECTRUMANALYSIS,L2,1225.388,2.563,-64.224,-126.448
2026-05-25 10:48:09.022158,1779720489.022158,2420,139707.0,,,,,,,,,,,,,,,,0.0000,,,,0.0,0.0,0.0,0.0,0.0,0.0,0.0,0.0,0.0,-797656,-3938557,164326025,58264,78298,-53356,61,ed37fe00,43.51536742907,-79.68388180575,165.8686,-37.1,SOL_COMPUTED,SINGLE,good,1.4498,1.3241,2.1867,19,18,0.0,0.0,0,0,0,0,0,0,0,0,0,SPECTRUMANALYSIS,L2,1225.791,27.539,-50.784,-116.406
2026-05-25 10:48:10.022753,1779720490.022753,2420,139708.0,,,,,,,,,,,,,,,,0.0000,,,,0.0,0.0,0.0,0.0,0.0,0.0,0.0,0.0,0.0,-856008,-3998908,164332476,46604,54775,-17637,61,ed37fe00,43.51536087936,-79.68390484733,167.475,-37.1,SOL_COMPUTED,SINGLE,good,1.4335,1.2667,2.1435,20,19,0.0,0.0,0,0,0,0,0,0,0,0,0,SPECTRUMANALYSIS,L2,1225.791,27.539,-50.784,-116.406
2026-05-25 10:48:11.021581,1779720491.021581,2420,139709.0,,,,,,,,,,,,,,,,0.0000,,,,0.0,0.0,0.0,0.0,0.0,0.0,0.0,0.0,0.0,-877440,-3950648,164385266,66186,54987,2166,61,ed37fe00,43.51536069337,-79.68390710357,167.5953,-37.1,SOL_COMPUTED,SINGLE,good,1.4342,1.2589,2.144,20,19,0.0,0.0,0,0,0,0,0,0,0,0,0,SPECTRUMANALYSIS,L2,1225.791,27.539,-50.784,-116.406
2026-05-25 10:48:12.023665,1779720492.023665,2420,139710.0,,,,,,,,,,,,,,,,0.0000,,,,0.0,0.0,0.0,0.0,0.0,0.0,0.0,0.0,0.0,-818440,-3876990,164333761,44784,84092,-6451,61,ed36fe00,43.51536289106,-79.68390197867,167.1681,-37.1,SOL_COMPUTED,SINGLE,good,1.4225,1.2303,2.1155,20,19,0.0,0.0,0,0,0,0,0,0,0,0,0,SPECTRUMANALYSIS,L2,1225.425,12.158,-55.683,-117.66
2026-05-25 10:48:13.022013,1779720493.022013,2420,139711.0,,,,,,,,,,,,,,,,0.0000,,,,0.0,0.0,0.0,0.0,0.0,0.0,0.0,0.0,0.0,-726434,-3953443,164382968,62652,70383,-28157,61,ed36fe00,43.51536538643,-79.68389520692,166.6395,-37.1,SOL_COMPUTED,SINGLE,good,1.4322,1.2549,2.1361,20,19,0.0,0.0,0,0,0,0,0,0,0,0,0,SPECTRUMANALYSIS,L2,1225.425,12.158,-55.683,-117.66
2026-05-25 10:48:14.023433,1779720494.023433,2420,139712.0,,,,,,,,,,,,,,,,0.0000,,,,0.0,0.0,0.0,0.0,0.0,0.0,0.0,0.0,0.0,-876937,-3959996,164314626,75265,81448,-3808,61,ed36fe00,43.51536504661,-79.68389795337,166.819,-37.1,SOL_COMPUTED,SINGLE,good,1.4256,1.2293,2.1207,20,19,0.0,0.0,0,0,0,0,0,0,0,0,0,SPECTRUMANALYSIS,L2,1225.425,12.158,-55.683,-117.66
2026-05-25 10:48:15.022696,1779720495.022696,2420,139713.0,,,,,,,,,,,,,,,,0.0000,,,,0.0,0.0,0.0,0.0,0.0,0.0,0.0,0.0,0.0,-833086,-3904865,164334784,47973,54897,-29106,61,ed36fe00,43.51536403437,-79.68389997838,167.0851,-37.1,SOL_COMPUTED,SINGLE,good,1.511,1.3411,2.3191,19,18,0.0,0.0,0,0,0,0,0,0,0,0,0,SPECTRUMANALYSIS,L2,1222.275,4.98,-60.583,-124.336
2026-05-25 10:48:16.022234,1779720496.022234,2420,139714.0,,,,,,,,,,,,,,,,0.0000,,,,0.0,0.0,0.0,0.0,0.0,0.0,0.0,0.0,0.0,-827225,-3947654,164378745,37129,65999,-23489,61,ed36fe00,43.51536200391,-79.68390657533,167.6084,-37.1,SOL_COMPUTED,SINGLE,good,1.5168,1.3482,2.3285,19,18,0.0,0.0,0,0,0,0,0,0,0,0,0,SPECTRUMANALYSIS,L2,1222.275,4.98,-60.583,-124.336
2026-05-25 10:48:17.021761,1779720497.021761,2420,139715.0,,,,,,,,,,,,,,,,0.0000,,,,0.0,0.0,0.0,0.0,0.0,0.0,0.0,0.0,0.0,-791431,-3918640,164298479,69008,54003,-33907,61,ed35fe00,43.51537154144,-79.68389194934,165.675,-37.1,SOL_COMPUTED,SINGLE,good,1.4413,1.2398,2.1533,20,19,0.0,0.0,0,0,0,0,0,0,0,0,0,SPECTRUMANALYSIS,L2,1222.275,4.98,-60.583,-124.336
2026-05-25 10:48:18.030179,1779720498.030179,2420,139716.0,,,,,,,,,,,,,,,,0.0000,,,,0.0,0.0,0.0,0.0,0.0,0.0,0.0,0.0,0.0,-829885,-3904279,164334766,78796,59951,-7691,61,ed35fe00,43.51536544692,-79.68390673087,167.0841,-37.1,SOL_COMPUTED,SINGLE,good,1.4393,1.2397,2.1501,20,19,0.0,0.0,0,0,0,0,0,0,0,0,0,SPECTRUMANALYSIS,L2,1226.377,27.686,-51.908,-118.448
2026-05-25 10:48:19.030873,1779720499.030873,2420,139717.0,,,,,,,,,,,,,,,,0.0000,,,,0.0,0.0,0.0,0.0,0.0,0.0,0.0,0.0,0.0,-859124,-3887702,164336951,84737,88002,-11626,61,ed35fe00,43.51536755974,-79.6839033112,166.6738,-37.1,SOL_COMPUTED,SINGLE,good,1.4381,1.2387,2.1457,20,19,0.0,0.0,0,0,0,0,0,0,0,0,0,SPECTRUMANALYSIS,L2,1226.377,27.686,-51.908,-118.448
2026-05-25 10:48:20.022978,1779720500.022978,2420,139718.0,,,,,,,,,,,,,,,,0.0000,,,,0.0,0.0,0.0,0.0,0.0,0.0,0.0,0.0,0.0,-842483,-3919208,164424449,61369,80995,-2340,61,ed35fe00,43.51536312643,-79.68390714412,167.5703,-37.1,SOL_COMPUTED,SINGLE,good,1.5208,1.3527,2.3363,19,18,0.0,0.0,0,0,0,0,0,0,0,0,0,SPECTRUMANALYSIS,L2,1226.377,27.686,-51.908,-118.448
2026-05-25 10:48:21.023742,1779720501.023742,2420,139719.0,,,,,,,,,,,,,,,,0.0000,,,,0.0,0.0,0.0,0.0,0.0,0.0,0.0,0.0,0.0,-874168,-3982885,164322828,76737,94661,-8840,61,ed35fe00,43.51537023284,-79.68389707909,166.1528,-37.1,SOL_COMPUTED,SINGLE,good,1.4387,1.2379,2.1487,20,19,0.0,0.0,0,0,0,0,0,0,0,0,0,SPECTRUMANALYSIS,L2,1220.298,17.285,-54.512,-122.388
2026-05-25 10:48:22.024744,1779720502.024744,2420,139720.0,,,,,,,,,,,,,,,,0.0000,,,,0.0,0.0,0.0,0.0,0.0,0.0,0.0,0.0,0.0,-856713,-3966361,164385872,77459,49338,-29739,61,ed35fe00,43.5153696526,-79.68390075554,166.3377,-37.1,SOL_COMPUTED,SINGLE,good,1.447,1.2513,2.1682,20,19,0.0,0.0,0,0,0,0,0,0,0,0,0,SPECTRUMANALYSIS,L2,1220.298,17.285,-54.512,-122.388
2026-05-25 10:48:23.026069,1779720503.026069,2420,139721.0,,,,,,,,,,,,,,,,0.0000,,,,0.0,0.0,0.0,0.0,0.0,0.0,0.0,0.0,0.0,-810431,-3849909,164336018,31378,36428,-16420,61,ed35fe00,43.51536989332,-79.68390097472,166.3256,-37.1,SOL_COMPUTED,SINGLE,good,1.4456,1.2501,2.164,20,19,0.0,0.0,0,0,0,0,0,0,0,0,0,SPECTRUMANALYSIS,L2,1220.298,17.285,-54.512,-122.388
2026-05-25 10:48:24.022383,1779720504.022383,2420,139722.0,,,,,,,,,,,,,,,,0.0000,,,,0.0,0.0,0.0,0.0,0.0,0.0,0.0,0.0,0.0,-878179,-3964210,164381731,55419,69076,-41275,61,ed35fe00,43.5153708342,-79.68390469108,166.2796,-37.1,SOL_COMPUTED,SINGLE,good,1.4268,1.2199,2.1217,21,19,0.0,0.0,0,0,0,0,0,0,0,0,0,SPECTRUMANALYSIS,L2,1230.808,34.058,-50.168,-115.089
2026-05-25 10:48:25.021736,1779720505.021736,2420,139723.0,,,,,,,,,,,,,,,,0.0000,,,,0.0,0.0,0.0,0.0,0.0,0.0,0.0,0.0,0.0,-823638,-3938079,164379489,41931,44210,-55063,61,ed34fe00,43.51537143042,-79.68390759106,166.2698,-37.1,SOL_COMPUTED,SINGLE,good,1.4191,1.2083,2.1064,21,19,0.0,0.0,0,0,0,0,0,0,0,0,0,SPECTRUMANALYSIS,L2,1230.808,34.058,-50.168,-115.089
2026-05-25 10:48:26.024979,1779720506.024979,2420,139724.0,,,,,,,,,,,,,,,,0.0000,,,,0.0,0.0,0.0,0.0,0.0,0.0,0.0,0.0,0.0,-863075,-3961039,164361120,97165,72081,-40945,61,ed34fe00,43.5153684412,-79.68391102799,166.8665,-37.1,SOL_COMPUTED,SINGLE,good,1.4414,1.2401,2.1538,21,19,0.0,0.0,0,0,0,0,0,0,0,0,0,SPECTRUMANALYSIS,L2,1230.808,34.058,-50.168,-115.089
2026-05-25 10:48:27.023004,1779720507.023004,2420,139725.0,,,,,,,,,,,,,,,,0.0000,,,,0.0,0.0,0.0,0.0,0.0,0.0,0.0,0.0,0.0,-855899,-3937241,164296521,55108,79339,-4742,61,ed34fe00,43.5153674286,-79.68391097366,167.051,-37.1,SOL_COMPUTED,SINGLE,good,1.4487,1.2464,2.1702,21,19,0.0,0.0,0,0,0,0,0,0,0,0,0,SPECTRUMANALYSIS,L2,1233.884,19.702,-52.643,-116.333
2026-05-25 10:48:28.023830,1779720508.023830,2420,139726.0,,,,,,,,,,,,,,,,0.0000,,,,0.0,0.0,0.0,0.0,0.0,0.0,0.0,0.0,0.0,-752427,-3896896,164328611,52630,41792,-17222,61,ed34fe00,43.5153645205,-79.68391998709,167.7742,-37.1,SOL_COMPUTED,SINGLE,good,1.4279,1.2189,2.1236,21,19,0.0,0.0,0,0,0,0,0,0,0,0,0,SPECTRUMANALYSIS,L2,1233.884,19.702,-52.643,-116.333
2026-05-25 10:48:29.022573,1779720509.022573,2420,139727.0,,,,,,,,,,,,,,,,0.0000,,,,0.0,0.0,0.0,0.0,0.0,0.0,0.0,0.0,0.0,-787471,-3884822,164392671,33790,58517,-16101,61,ed34fe00,43.51536630475,-79.68391795835,167.4561,-37.1,SOL_COMPUTED,SINGLE,good,1.4229,1.2122,2.1151,21,19,0.0,0.0,0,0,0,0,0,0,0,0,0,SPECTRUMANALYSIS,L2,1233.884,19.702,-52.643,-116.333
2026-05-25 10:48:30.022649,1779720510.022649,2420,139728.0,,,,,,,,,,,,,,,,0.0000,,,,0.0,0.0,0.0,0.0,0.0,0.0,0.0,0.0,0.0,-769393,-3847127,164420192,70117,60460,-11599,61,ed34fe00,43.51536725946,-79.68391535326,167.23,-37.1,SOL_COMPUTED,SINGLE,good,1.4213,1.2095,2.1108,21,19,0.0,0.0,0,0,0,0,0,0,0,0,0,SPECTRUMANALYSIS,L2,1220.408,14.282,-55.438,-122.637
2026-05-25 10:48:31.022729,1779720511.022729,2420,139729.0,,,,,,,,,,,,,,,,0.0000,,,,0.0,0.0,0.0,0.0,0.0,0.0,0.0,0.0,0.0,-832417,-3987481,164319840,61619,73471,-38715,61,ed33fe00,43.51535649163,-79.68393087082,169.4433,-37.1,SOL_COMPUTED,SINGLE,good,1.509,1.3216,2.3091,20,18,0.0,0.0,0,0,0,0,0,0,0,0,0,SPECTRUMANALYSIS,L2,1220.408,14.282,-55.438,-122.637
2026-05-25 10:48:32.023306,1779720512.023306,2420,139730.0,,,,,,,,,,,,,,,,0.0000,,,,0.0,0.0,0.0,0.0,0.0,0.0,0.0,0.0,0.0,-828371,-3927271,164368012,79078,7895,-17338,61,ed33fe00,43.51534880277,-79.68394101033,170.9976,-37.1,SOL_COMPUTED,SINGLE,good,1.4247,1.213,2.117,21,19,0.0,0.0,0,0,0,0,0,0,0,0,0,SPECTRUMANALYSIS,L2,1220.408,14.282,-55.438,-122.637
2026-05-25 10:48:33.023089,1779720513.023089,2420,139731.0,,,,,,,,,,,,,,,,0.0000,,,,0.0,0.0,0.0,0.0,0.0,0.0,0.0,0.0,0.0,-771427,-3951067,164349889,72054,43040,562,61,ed33fe00,43.5153477867,-79.68394254618,171.2037,-37.1,SOL_COMPUTED,SINGLE,good,1.4286,1.2181,2.1264,21,19,0.0,0.0,0,0,0,0,0,0,0,0,0,SPECTRUMANALYSIS,L2,1226.926,12.524,-55.234,-118.256
2026-05-25 10:48:34.021940,1779720514.021940,2420,139732.0,,,,,,,,,,,,,,,,0.0000,,,,0.0,0.0,0.0,0.0,0.0,0.0,0.0,0.0,0.0,-809543,-3940083,164318305,63396,71347,-7662,61,ed33fe00,43.51535802352,-79.68392659137,169.0417,-37.1,SOL_COMPUTED,SINGLE,good,1.5191,1.3299,2.3251,20,18,0.0,0.0,0,0,0,0,0,0,0,0,0,SPECTRUMANALYSIS,L2,1226.926,12.524,-55.234,-118.256
2026-05-25 10:48:35.021012,1779720515.021012,2420,139733.0,,,,,,,,,,,,,,,,0.0000,,,,0.0,0.0,0.0,0.0,0.0,0.0,0.0,0.0,0.0,-856050,-3912625,164344142,45899,77704,-9425,61,ed33fe00,43.51536365608,-79.68392507872,168.203,-37.1,SOL_COMPUTED,SINGLE,good,1.599,1.333,2.4224,19,17,0.0,0.0,0,0,0,0,0,0,0,0,0,SPECTRUMANALYSIS,L2,1226.926,12.524,-55.234,-118.256
2026-05-25 10:48:36.023467,1779720516.023467,2420,139734.0,,,,,,,,,,,,,,,,0.0000,,,,0.0,0.0,0.0,0.0,0.0,0.0,0.0,0.0,0.0,-941156,-3977414,164391290,67866,27840,9212,61,ed33fe00,43.51534972965,-79.68392591372,170.2662,-37.1,SOL_COMPUTED,SINGLE,good,1.5159,1.3276,2.3196,20,18,0.0,0.0,0,0,0,0,0,0,0,0,0,SPECTRUMANALYSIS,L2,1230.039,22.705,-52.896,-117.419
2026-05-25 10:48:37.021527,1779720517.021527,2420,139735.0,,,,,,,,,,,,,,,,0.0000,,,,0.0,0.0,0.0,0.0,0.0,0.0,0.0,0.0,0.0,-876783,-3891288,164394622,44792,72148,-37400,61,ed33fe00,43.51536427252,-79.6839242472,168.0483,-37.1,SOL_COMPUTED,SINGLE,good,1.5917,1.3263,2.4082,19,17,0.0,0.0,0,0,0,0,0,0,0,0,0,SPECTRUMANALYSIS,L2,1230.039,22.705,-52.896,-117.419
2026-05-25 10:48:38.021027,1779720518.021027,2420,139736.0,,,,,,,,,,,,,,,,0.0000,,,,0.0,0.0,0.0,0.0,0.0,0.0,0.0,0.0,0.0,-883265,-3977435,164375963,60931,46180,-31391,61,ed33fe00,43.51536563534,-79.68392317271,167.8576,-37.1,SOL_COMPUTED,SINGLE,good,1.5903,1.3266,2.4069,19,17,0.0,0.0,0,0,0,0,0,0,0,0,0,SPECTRUMANALYSIS,L2,1230.039,22.705,-52.896,-117.419
2026-05-25 10:48:39.021523,1779720519.021523,2420,139737.0,,,,,,,,,,,,,,,,0.0000,,,,0.0,0.0,0.0,0.0,0.0,0.0,0.0,0.0,0.0,-878085,-3986520,164349123,95840,39872,-32005,61,ed32fe00,43.51535680294,-79.68393505777,169.5929,-37.1,SOL_COMPUTED,SINGLE,good,1.5069,1.2351,2.2254,20,18,0.0,0.0,0,0,0,0,0,0,0,0,0,SPECTRUMANALYSIS,L2,1230.002,6.812,-58.681,-117.321
2026-05-25 10:48:40.022220,1779720520.022220,2420,139738.0,,,,,,,,,,,,,,,,0.0000,,,,0.0,0.0,0.0,0.0,0.0,0.0,0.0,0.0,0.0,-832562,-3965737,164405267,36716,35740,-2389,61,ed32fe00,43.51535767332,-79.68393276327,169.2448,-37.1,SOL_COMPUTED,SINGLE,good,1.5373,1.2667,2.2825,20,18,0.0,0.0,0,0,0,0,0,0,0,0,0,SPECTRUMANALYSIS,L2,1230.002,6.812,-58.681,-117.321
2026-05-25 10:48:41.021118,1779720521.021118,2420,139739.0,,,,,,,,,,,,,,,,0.0000,,,,0.0,0.0,0.0,0.0,0.0,0.0,0.0,0.0,0.0,-923879,-3893442,164486762,25530,215635,-11088,61,ed32fe00,43.51536770282,-79.68391803411,167.1245,-37.1,SOL_COMPUTED,SINGLE,good,1.6091,1.3517,2.4402,20,18,0.0,0.0,0,0,0,0,0,0,0,0,0,SPECTRUMANALYSIS,L2,1230.002,6.812,-58.681,-117.321
2026-05-25 10:48:42.023897,1779720522.023897,2420,139740.0,,,,,,,,,,,,,,,,0.0000,,,,0.0,0.0,0.0,0.0,0.0,0.0,0.0,0.0,0.0,-1005831,-3899392,164404291,79934,50371,-14314,61,ed32fe00,43.51536334693,-79.68392027407,167.8024,-37.1,SOL_COMPUTED,SINGLE,good,1.5231,1.3335,2.3269,21,19,0.0,0.0,0,0,0,0,0,0,0,0,0,SPECTRUMANALYSIS,L2,1225.791,2.93,-63.646,-125.384
2026-05-25 10:48:43.021486,1779720523.021486,2420,139741.0,,,,,,,,,,,,,,,,0.0000,,,,0.0,0.0,0.0,0.0,0.0,0.0,0.0,0.0,0.0,-929479,-3876139,164379146,49147,69834,-27262,61,ed32fe00,43.51536133987,-79.68392549261,168.2874,-37.1,SOL_COMPUTED,SINGLE,good,1.4732,1.2672,2.213,21,19,0.0,0.0,0,0,0,0,0,0,0,0,0,SPECTRUMANALYSIS,L2,1225.791,2.93,-63.646,-125.384
2026-05-25 10:48:44.021485,1779720524.021485,2420,139742.0,,,,,,,,,,,,,,,,0.0000,,,,0.0,0.0,0.0,0.0,0.0,0.0,0.0,0.0,0.0,-867390,-3952778,164421745,43410,49430,18600,61,ed31fe00,43.51536952511,-79.68388488429,165.8188,-37.1,SOL_COMPUTED,SINGLE,good,1.4832,1.3525,2.2473,20,18,0.0,0.0,0,0,0,0,0,0,0,0,0,SPECTRUMANALYSIS,L2,1225.791,2.93,-63.646,-125.384
2026-05-25 10:48:45.021960,1779720525.021960,2420,139743.0,,,,,,,,,,,,,,,,0.0000,,,,0.0,0.0,0.0,0.0,0.0,0.0,0.0,0.0,0.0,-364627,-3947862,164203028,70314,-147242,-19654,61,ed32fe00,43.51537156931,-79.68388769761,165.4061,-37.1,SOL_COMPUTED,SINGLE,good,1.4714,1.2913,2.2092,21,19,0.0,0.0,0,0,0,0,0,0,0,0,0,SPECTRUMANALYSIS,L2,1223.63,10.034,-58.451,-124.536
2026-05-25 10:48:46.021554,1779720526.021554,2420,139744.0,,,,,,,,,,,,,,,,0.0000,,,,0.0,0.0,0.0,0.0,0.0,0.0,0.0,0.0,0.0,-790689,-4012513,164307045,98793,-44417,-20247,61,ed31fe00,43.51537003456,-79.6838917282,165.6488,-37.1,SOL_COMPUTED,SINGLE,good,1.4445,1.2683,2.1598,21,19,0.0,0.0,0,0,0,0,0,0,0,0,0,SPECTRUMANALYSIS,L2,1223.63,10.034,-58.451,-124.536
2026-05-25 10:48:47.021591,1779720527.021591,2420,139745.0,,,,,,,,,,,,,,,,0.0000,,,,0.0,0.0,0.0,0.0,0.0,0.0,0.0,0.0,0.0,-763474,-3905970,164292829,51215,34427,-35573,61,ed31fe00,43.51537341027,-79.68389169929,165.1623,-37.1,SOL_COMPUTED,SINGLE,good,1.439,1.2538,2.1477,21,19,0.0,0.0,0,0,0,0,0,0,0,0,0,SPECTRUMANALYSIS,L2,1223.63,10.034,-58.451,-124.536
2026-05-25 10:48:48.021757,1779720528.021757,2420,139746.0,,,,,,,,,,,,,,,,0.0000,,,,0.0,0.0,0.0,0.0,0.0,0.0,0.0,0.0,0.0,-764661,-3953608,164376382,12154,64322,-41567,61,ed31fe00,43.51537948819,-79.68387077709,163.6384,-37.1,SOL_COMPUTED,SINGLE,good,1.4559,1.3124,2.1847,20,18,0.0,0.0,0,0,0,0,0,0,0,0,0,SPECTRUMANALYSIS,L2,1223.63,10.034,-58.451,-124.536
2026-05-25 10:48:49.022740,1779720529.022740,2420,139747.0,,,,,,,,,,,,,,,,0.0000,,,,0.0,0.0,0.0,0.0,0.0,0.0,0.0,0.0,0.0,-775828,-3942349,164263276,101933,84868,-38480,61,ed31fe00,43.5153812058,-79.68387267636,163.4211,-37.1,SOL_COMPUTED,SINGLE,good,1.4299,1.2783,2.1357,21,19,0.0,0.0,0,0,0,0,0,0,0,0,0,SPECTRUMANALYSIS,L2,1224.29,7.104,-59.074,-123.319
2026-05-25 10:48:50.021437,1779720530.021437,2420,139748.0,,,,,,,,,,,,,,,,0.0000,,,,0.0,0.0,0.0,0.0,0.0,0.0,0.0,0.0,0.0,-848711,-3886183,164322358,48285,66726,-23651,61,ed31fe00,43.51537889309,-79.68388691678,164.0448,-37.1,SOL_COMPUTED,SINGLE,good,1.4186,1.2203,2.1032,21,19,0.0,0.0,0,0,0,0,0,0,0,0,0,SPECTRUMANALYSIS,L2,1224.29,7.104,-59.074,-123.319
2026-05-25 10:48:51.021406,1779720531.021406,2420,139749.0,,,,,,,,,,,,,,,,0.0000,,,,0.0,0.0,0.0,0.0,0.0,0.0,0.0,0.0,0.0,-799399,-3950019,164417637,45386,51739,-34691,61,ed31fe00,43.51538499142,-79.68387494694,162.6253,-37.1,SOL_COMPUTED,SINGLE,good,1.4279,1.2817,2.1333,20,18,0.0,0.0,0,0,0,0,0,0,0,0,0,SPECTRUMANALYSIS,L2,1224.29,7.104,-59.074,-123.319
2026-05-25 10:48:52.022281,1779720532.022281,2420,139750.0,,,,,,,,,,,,,,,,0.0000,,,,0.0,0.0,0.0,0.0,0.0,0.0,0.0,0.0,0.0,-775748,-3919589,164414567,32460,68764,-58663,61,ed31fe00,43.51538794968,-79.68387268348,161.9338,-37.1,SOL_COMPUTED,SINGLE,good,1.4298,1.2872,2.1385,20,18,0.0,0.0,0,0,0,0,0,0,0,0,0,SPECTRUMANALYSIS,L2,1231.101,6.226,-58.668,-116.87
2026-05-25 10:48:53.021088,1779720533.021088,2420,139751.0,,,,,,,,,,,,,,,,0.0000,,,,0.0,0.0,0.0,0.0,0.0,0.0,0.0,0.0,0.0,-787752,-4024683,164386885,31232,34535,-22896,61,ed31fe00,43.51538796628,-79.68387382166,161.8359,-37.1,SOL_COMPUTED,SINGLE,good,1.4322,1.286,2.1425,21,19,0.0,0.0,0,0,0,0,0,0,0,0,0,SPECTRUMANALYSIS,L2,1231.101,6.226,-58.668,-116.87
2026-05-25 10:48:54.022162,1779720534.022162,2420,139752.0,,,,,,,,,,,,,,,,0.0000,,,,0.0,0.0,0.0,0.0,0.0,0.0,0.0,0.0,0.0,-883986,-3894862,164314009,32636,95016,-30981,61,ed30fe00,43.51538581027,-79.68387765374,162.1656,-37.1,SOL_COMPUTED,SINGLE,good,1.43,1.2813,2.1335,20,18,0.0,0.0,0,0,0,0,0,0,0,0,0,SPECTRUMANALYSIS,L2,1231.101,6.226,-58.668,-116.87
2026-05-25 10:48:55.021583,1779720535.021583,2420,139753.0,,,,,,,,,,,,,,,,0.0000,,,,0.0,0.0,0.0,0.0,0.0,0.0,0.0,0.0,0.0,-806948,-3925655,164320060,46388,92558,-557,61,ed30fe00,43.51538695631,-79.68387818242,162.0312,-37.1,SOL_COMPUTED,SINGLE,good,1.4314,1.2862,2.1421,20,18,0.0,0.0,0,0,0,0,0,0,0,0,0,SPECTRUMANALYSIS,L2,1225.425,7.471,-58.655,-123.552
2026-05-25 10:48:56.022096,1779720536.022096,2420,139754.0,,,,,,,,,,,,,,,,0.0000,,,,0.0,0.0,0.0,0.0,0.0,0.0,0.0,0.0,0.0,-786107,-3961635,164405773,65215,62287,-41988,61,ed30fe00,43.51538286015,-79.68387769137,162.6304,-37.1,SOL_COMPUTED,SINGLE,good,1.4335,1.2829,2.1405,20,18,0.0,0.0,0,0,0,0,0,0,0,0,0,SPECTRUMANALYSIS,L2,1225.425,7.471,-58.655,-123.552
2026-05-25 10:48:57.023079,1779720537.023079,2420,139755.0,,,,,,,,,,,,,,,,0.0000,,,,0.0,0.0,0.0,0.0,0.0,0.0,0.0,0.0,0.0,-863260,-3925447,164329866,63503,82659,-53224,61,ed2ffe00,43.51538167148,-79.68387933557,162.7674,-37.1,SOL_COMPUTED,SINGLE,good,1.4293,1.2799,2.1351,21,19,0.0,0.0,0,0,0,0,0,0,0,0,0,SPECTRUMANALYSIS,L2,1225.425,7.471,-58.655,-123.552
2026-05-25 10:48:58.021959,1779720538.021959,2420,139756.0,,,,,,,,,,,,,,,,0.0000,,,,0.0,0.0,0.0,0.0,0.0,0.0,0.0,0.0,0.0,-808739,-3980120,164372300,105122,11724,-17793,61,ed2ffe00,43.51538521395,-79.68387711755,162.0569,-37.1,SOL_COMPUTED,SINGLE,good,1.4345,1.2843,2.1423,20,18,0.0,0.0,0,0,0,0,0,0,0,0,0,SPECTRUMANALYSIS,L2,1237.363,4.395,-59.738,-119.587
2026-05-25 10:48:59.021437,1779720539.021437,2420,139757.0,,,,,,,,,,,,,,,,0.0000,,,,0.0,0.0,0.0,0.0,0.0,0.0,0.0,0.0,0.0,-805022,-3969435,164323220,87557,57055,-18562,61,ed2ffe00,43.51538532035,-79.68387663302,161.8615,-37.1,SOL_COMPUTED,SINGLE,good,1.4403,1.2888,2.1524,20,18,0.0,0.0,0,0,0,0,0,0,0,0,0,SPECTRUMANALYSIS,L2,1237.363,4.395,-59.738,-119.587
2026-05-25 10:49:00.020610,1779720540.020610,2420,139758.0,,,,,,,,,,,,,,,,0.0000,,,,0.0,0.0,0.0,0.0,0.0,0.0,0.0,0.0,0.0,-952642,-4128784,164849806,172617,-418066,5189,61,ed30fe00,43.51538373826,-79.68387733258,161.9211,-37.1,SOL_COMPUTED,SINGLE,good,1.4244,1.2785,2.1305,20,18,0.0,0.0,0,0,0,0,0,0,0,0,0,SPECTRUMANALYSIS,L2,1237.363,4.395,-59.738,-119.587
2026-05-25 10:49:01.021764,1779720541.021764,2420,139759.0,,,,,,,,,,,,,,,,0.0000,,,,0.0,0.0,0.0,0.0,0.0,0.0,0.0,0.0,0.0,-472374,-3429769,164286189,205757,-161340,-5070,61,ed2ffe00,43.51538191478,-79.6838790212,161.934,-37.1,SOL_COMPUTED,SINGLE,good,1.4355,1.2877,2.1565,21,19,0.0,0.0,0,0,0,0,0,0,0,0,0,SPECTRUMANALYSIS,L2,1226.89,5.273,-60.355,-124.275
2026-05-25 10:49:02.022006,1779720542.022006,2420,139760.0,,,,,,,,,,,,,,,,0.0000,,,,0.0,0.0,0.0,0.0,0.0,0.0,0.0,0.0,0.0,125444,-3669417,163979370,241268,-362343,33734,61,ed2ffe00,43.51538047475,-79.68387578124,161.6907,-37.1,SOL_COMPUTED,SINGLE,good,1.4248,1.2105,2.0492,20,19,0.0,0.0,0,0,0,0,0,0,0,0,0,SPECTRUMANALYSIS,L2,1226.89,5.273,-60.355,-124.275
2026-05-25 10:49:03.021050,1779720543.021050,2420,139761.0,,,,,,,,,,,,,,,,0.0000,,,,0.0,0.0,0.0,0.0,0.0,0.0,0.0,0.0,0.0,-1132909,-4244621,164601614,-384922,1194971,26937,61,ed2ffe00,43.51537790918,-79.68387654107,161.868,-37.1,SOL_COMPUTED,SINGLE,good,1.423,1.2087,2.0486,21,20,0.0,0.0,0,0,0,0,0,0,0,0,0,SPECTRUMANALYSIS,L2,1226.89,5.273,-60.355,-124.275
2026-05-25 10:49:04.021153,1779720544.021153,2420,139762.0,,,,,,,,,,,,,,,,0.0000,,,,0.0,0.0,0.0,0.0,0.0,0.0,0.0,0.0,0.0,1401275,-5284565,163221436,163062,-140736,3449,61,ed2efe00,43.51536685549,-79.68390813609,164.1081,-37.1,SOL_COMPUTED,SINGLE,good,1.4116,1.1549,2.0197,21,20,0.0,0.0,0,0,0,0,0,0,0,0,0,SPECTRUMANALYSIS,L2,1231.504,1.025,-63.848,-117.421
2026-05-25 10:49:05.023151,1779720545.023151,2420,139763.0,,,,,,,,,,,,,,,,0.0000,,,,0.0,0.0,0.0,0.0,0.0,0.0,0.0,0.0,0.0,-729534,-3979386,164228899,-125782,361102,-37558,61,ed2ffe00,43.51536411067,-79.68391358564,164.39,-37.1,SOL_COMPUTED,SINGLE,good,1.4109,1.1482,2.0174,21,20,0.0,0.0,0,0,0,0,0,0,0,0,0,SPECTRUMANALYSIS,L2,1231.504,1.025,-63.848,-117.421
2026-05-25 10:49:06.021306,1779720546.021306,2420,139764.0,,,,,,,,,,,,,,,,0.0000,,,,0.0,0.0,0.0,0.0,0.0,0.0,0.0,0.0,0.0,-945384,-3704687,164405327,141517,-201939,-28065,61,ed2efe00,43.51536436593,-79.68391042939,164.0352,-37.1,SOL_COMPUTED,SINGLE,good,1.4128,1.1547,2.0218,21,20,0.0,0.0,0,0,0,0,0,0,0,0,0,SPECTRUMANALYSIS,L2,1231.504,1.025,-63.848,-117.421
2026-05-25 10:49:07.021382,1779720547.021382,2420,139765.0,,,,,,,,,,,,,,,,0.0000,,,,0.0,0.0,0.0,0.0,0.0,0.0,0.0,0.0,0.0,-1127943,-3318301,164266279,-166840,670585,30396,61,ed2efe00,43.51536288711,-79.6839108005,163.9865,-37.1,SOL_COMPUTED,SINGLE,good,1.4129,1.1543,2.0218,21,20,0.0,0.0,0,0,0,0,0,0,0,0,0,SPECTRUMANALYSIS,L2,1231.467,7.983,-57.548,-117.483
2026-05-25 10:49:08.020680,1779720548.020680,2420,139766.0,,,,,,,,,,,,,,,,0.0000,,,,0.0,0.0,0.0,0.0,0.0,0.0,0.0,0.0,0.0,-1346172,-3900602,164603872,248201,-223695,12417,61,ed2efe00,43.5153580382,-79.68392176895,164.756,-37.1,SOL_COMPUTED,SINGLE,good,1.4139,1.1408,2.0233,21,20,0.0,0.0,0,0,0,0,0,0,0,0,0,SPECTRUMANALYSIS,L2,1231.467,7.983,-57.548,-117.483
2026-05-25 10:49:09.023738,1779720549.023738,2420,139767.0,,,,,,,,,,,,,,,,0.0000,,,,0.0,0.0,0.0,0.0,0.0,0.0,0.0,0.0,0.0,-1079039,-4154483,164476293,25242,305425,-4362,61,ed2efe00,43.51535732397,-79.68392128037,164.4692,-37.1,SOL_COMPUTED,SINGLE,good,1.4158,1.1421,2.0292,21,20,0.0,0.0,0,0,0,0,0,0,0,0,0,SPECTRUMANALYSIS,L2,1231.467,7.983,-57.548,-117.483
2026-05-25 10:49:10.021402,1779720550.021402,2420,139768.0,,,,,,,,,,,,,,,,0.0000,,,,0.0,0.0,0.0,0.0,0.0,0.0,0.0,0.0,0.0,-1014970,-4055322,164451857,164522,-239462,-30839,61,ed2efe00,43.51535337584,-79.68392836796,163.3594,-37.1,SOL_COMPUTED,SINGLE,good,1.4212,1.1573,2.0311,20,19,0.0,0.0,0,0,0,0,0,0,0,0,0,SPECTRUMANALYSIS,L2,1226.304,4.248,-61.368,-124.56
2026-05-25 10:49:11.021844,1779720551.021844,2420,139769.0,,,,,,,,,,,,,,,,0.0000,,,,0.0,0.0,0.0,0.0,0.0,0.0,0.0,0.0,0.0,-683526,-3842824,164321063,16398,158096,-27470,61,ed2efe00,43.51535644795,-79.68391615015,163.7508,-37.1,SOL_COMPUTED,SINGLE,good,1.4392,1.1547,2.0506,21,20,0.0,0.0,0,0,0,0,0,0,0,0,0,SPECTRUMANALYSIS,L2,1226.304,4.248,-61.368,-124.56
2026-05-25 10:49:12.021667,1779720552.021667,2420,139770.0,,,,,,,,,,,,,,,,0.0000,,,,0.0,0.0,0.0,0.0,0.0,0.0,0.0,0.0,0.0,-979141,-3908082,164354034,55151,93523,-22950,61,ed2dfe00,43.51535876755,-79.68390903,162.9939,-37.1,SOL_COMPUTED,SINGLE,good,1.4279,1.1463,2.0346,21,20,0.0,0.0,0,0,0,0,0,0,0,0,0,SPECTRUMANALYSIS,L2,1226.304,4.248,-61.368,-124.56
2026-05-25 10:49:13.021515,1779720553.021515,2420,139771.0,,,,,,,,,,,,,,,,0.0000,,,,0.0,0.0,0.0,0.0,0.0,0.0,0.0,0.0,0.0,-908175,-3975496,164333502,29289,120134,9051,61,ed2dfe00,43.51535879233,-79.68390330101,163.1509,-37.1,SOL_COMPUTED,SINGLE,good,1.4451,1.1621,2.0709,21,20,0.0,0.0,0,0,0,0,0,0,0,0,0,SPECTRUMANALYSIS,L2,1237.4,2.271,-61.332,-117.578
2026-05-25 10:49:14.026235,1779720554.026235,2420,139772.0,,,,,,,,,,,,,,,,0.0000,,,,0.0,0.0,0.0,0.0,0.0,0.0,0.0,0.0,0.0,-866550,-3944756,164318817,87073,-26685,-2319,61,ed2cfe00,43.51537156937,-79.68386844334,161.5956,-37.1,SOL_COMPUTED,SINGLE,good,1.4494,1.2344,2.1634,20,19,0.0,0.0,0,0,0,0,0,0,0,0,0,SPECTRUMANALYSIS,L2,1237.4,2.271,-61.332,-117.578
2026-05-25 10:49:15.020631,1779720555.020631,2420,139773.0,,,,,,,,,,,,,,,,0.0000,,,,0.0,0.0,0.0,0.0,0.0,0.0,0.0,0.0,0.0,-705756,-3916633,164360852,28977,106557,-1266,61,ed2dfe00,43.51536689791,-79.68388853931,165.9945,-37.1,SOL_COMPUTED,SINGLE,good,1.432,1.1831,2.2043,20,19,0.0,0.0,0,0,0,0,0,0,0,0,0,SPECTRUMANALYSIS,L2,1237.4,2.271,-61.332,-117.578
2026-05-25 10:49:16.023892,1779720556.023892,2420,139774.0,,,,,,,,,,,,,,,,0.0000,,,,0.0,0.0,0.0,0.0,0.0,0.0,0.0,0.0,0.0,-474184,-3899647,163987315,-103905,166068,31478,61,ed2dfe00,43.51536747573,-79.68388794896,165.7372,-37.1,SOL_COMPUTED,SINGLE,good,1.434,1.1801,2.2035,20,19,0.0,0.0,0,0,0,0,0,0,0,0,0,SPECTRUMANALYSIS,L2,1225.242,19.995,-53.459,-115.955
2026-05-25 10:49:17.020872,1779720557.020872,2420,139775.0,,,,,,,,,,,,,,,,0.0000,,,,0.0,0.0,0.0,0.0,0.0,0.0,0.0,0.0,0.0,-1110141,-3637961,164959464,174230,51373,81250,61,ed2cfe00,43.51536686534,-79.6838920949,165.8532,-37.1,SOL_COMPUTED,SINGLE,good,1.4283,1.1783,2.183,20,19,0.0,0.0,0,0,0,0,0,0,0,0,0,SPECTRUMANALYSIS,L2,1225.242,19.995,-53.459,-115.955
2026-05-25 10:49:18.021356,1779720558.021356,2420,139776.0,,,,,,,,,,,,,,,,0.0000,,,,0.0,0.0,0.0,0.0,0.0,0.0,0.0,0.0,0.0,-2259126,-3761445,163160511,256744,155459,-40335,61,ed2cfe00,43.51536878366,-79.68388391613,164.4512,-37.1,SOL_COMPUTED,SINGLE,good,1.4357,1.1868,2.1939,20,19,0.0,0.0,0,0,0,0,0,0,0,0,0,SPECTRUMANALYSIS,L2,1225.242,19.995,-53.459,-115.955
2026-05-25 10:49:19.021232,1779720559.021232,2420,139777.0,,,,,,,,,,,,,,,,0.0000,,,,0.0,0.0,0.0,0.0,0.0,0.0,0.0,0.0,0.0,-357440,-3972667,164341649,95798,-9626,-22913,61,ed2cfe00,43.51537177546,-79.68386370398,162.0381,-37.1,SOL_COMPUTED,SINGLE,good,1.4509,1.2411,2.2209,20,19,0.0,0.0,0,0,0,0,0,0,0,0,0,SPECTRUMANALYSIS,L2,1224.18,21.973,-53.104,-117.702
2026-05-25 10:49:20.022008,1779720560.022008,2420,139778.0,,,,,,,,,,,,,,,,0.0000,,,,0.0,0.0,0.0,0.0,0.0,0.0,0.0,0.0,0.0,-182724,-3545129,164182533,56131,-12715,24682,61,ed2cfe00,43.51536711952,-79.68386807644,160.2662,-37.1,SOL_COMPUTED,SINGLE,good,1.4642,1.2268,2.1246,20,19,0.0,0.0,0,0,0,0,0,0,0,0,0,SPECTRUMANALYSIS,L2,1224.18,21.973,-53.104,-117.702
2026-05-25 10:49:21.020974,1779720561.020974,2420,139779.0,,,,,,,,,,,,,,,,0.0000,,,,0.0,0.0,0.0,0.0,0.0,0.0,0.0,0.0,0.0,-868984,-3690667,164460038,147002,-33019,-38579,61,ed2cfe00,43.5153704,-79.6838629651,161.8881,-37.1,SOL_COMPUTED,SINGLE,good,1.4607,1.2452,2.1463,20,19,0.0,0.0,0,0,0,0,0,0,0,0,0,SPECTRUMANALYSIS,L2,1224.18,21.973,-53.104,-117.702
2026-05-25 10:49:22.027756,1779720562.027756,2420,139780.0,,,,,,,,,,,,,,,,0.0000,,,,0.0,0.0,0.0,0.0,0.0,0.0,0.0,0.0,0.0,-727269,-3892349,164198991,110012,23795,-20893,61,ed2cfe00,43.5153711716,-79.68386169385,162.0861,-37.1,SOL_COMPUTED,SINGLE,good,1.4497,1.2136,2.1183,21,20,0.0,0.0,0,0,0,0,0,0,0,0,0,SPECTRUMANALYSIS,L2,1223.008,8.643,-57.917,-123.405
2026-05-25 10:49:23.029050,1779720563.029050,2420,139781.0,,,,,,,,,,,,,,,,0.0000,,,,0.0,0.0,0.0,0.0,0.0,0.0,0.0,0.0,0.0,-1031557,-3879882,164381648,61862,37467,-22804,61,ed2cfe00,43.51537109651,-79.68386070437,162.336,-37.1,SOL_COMPUTED,SINGLE,good,1.4429,1.1783,2.0892,21,20,0.0,0.0,0,0,0,0,0,0,0,0,0,SPECTRUMANALYSIS,L2,1223.008,8.643,-57.917,-123.405
2026-05-25 10:49:24.027044,1779720564.027044,2420,139782.0,,,,,,,,,,,,,,,,0.0000,,,,0.0,0.0,0.0,0.0,0.0,0.0,0.0,0.0,0.0,-1814928,-3395516,164932796,-293174,322002,102503,61,ed2cfe00,43.51537734419,-79.68383897898,161.2594,-37.1,SOL_COMPUTED,SINGLE,good,1.4405,1.1997,2.0972,21,20,0.0,0.0,0,0,0,0,0,0,0,0,0,SPECTRUMANALYSIS,L2,1223.008,8.643,-57.917,-123.405
2026-05-25 10:49:25.023644,1779720565.023644,2420,139783.0,,,,,,,,,,,,,,,,0.0000,,,,0.0,0.0,0.0,0.0,0.0,0.0,0.0,0.0,0.0,-2040463,-3621509,164620028,-65733,286340,180588,61,ed2bfe00,43.51536498833,-79.68382908474,160.7894,-37.1,SOL_COMPUTED,SINGLE,good,1.5505,1.181,2.0915,20,19,0.0,0.0,0,0,0,0,0,0,0,0,0,SPECTRUMANALYSIS,L2,1230.955,18.823,-52.606,-117.553
2026-05-25 10:49:26.028440,1779720566.028440,2420,139784.0,,,,,,,,,,,,,,,,0.0000,,,,0.0,0.0,0.0,0.0,0.0,0.0,0.0,0.0,0.0,459356,-3828529,163985825,-138811,-92570,-47072,61,ed2bfe00,43.51535817596,-79.68384012346,162.1297,-37.1,SOL_COMPUTED,SINGLE,good,1.6715,1.2323,2.2307,19,18,0.0,0.0,0,0,0,0,0,0,0,0,0,SPECTRUMANALYSIS,L2,1230.955,18.823,-52.606,-117.553
2026-05-25 10:49:27.021347,1779720567.021347,2420,139785.0,,,,,,,,,,,,,,,,0.0000,,,,0.0,0.0,0.0,0.0,0.0,0.0,0.0,0.0,0.0,-1927878,-3995568,165295097,-159574,618846,7804,61,ed2bfe00,43.51538012065,-79.68385425065,162.0744,-37.1,SOL_COMPUTED,SINGLE,good,1.6051,1.2524,2.2338,20,19,0.0,0.0,0,0,0,0,0,0,0,0,0,SPECTRUMANALYSIS,L2,1230.955,18.823,-52.606,-117.553
2026-05-25 10:49:28.022451,1779720568.022451,2420,139786.0,,,,,,,,,,,,,,,,0.0000,,,,0.0,0.0,0.0,0.0,0.0,0.0,0.0,0.0,0.0,-1545973,-3988882,164653315,-27464,153458,-15470,61,ed2bfe00,43.51533767693,-79.6838744048,163.3667,-37.1,SOL_COMPUTED,SINGLE,good,1.6932,1.2312,2.2136,19,18,0.0,0.0,0,0,0,0,0,0,0,0,0,SPECTRUMANALYSIS,L2,1223.557,18.53,-54.218,-118.803
2026-05-25 10:49:29.022729,1779720569.022729,2420,139787.0,,,,,,,,,,,,,,,,0.0000,,,,0.0,0.0,0.0,0.0,0.0,0.0,0.0,0.0,0.0,-1406520,-3986193,164516619,26064,91089,-48486,61,ed2bfe00,43.51539163651,-79.68386553131,162.016,-37.1,SOL_COMPUTED,SINGLE,good,1.5784,1.2272,2.2012,21,20,0.0,0.0,0,0,0,0,0,0,0,0,0,SPECTRUMANALYSIS,L2,1223.557,18.53,-54.218,-118.803
2026-05-25 10:49:30.025262,1779720570.025262,2420,139788.0,,,,,,,,,,,,,,,,0.0000,,,,0.0,0.0,0.0,0.0,0.0,0.0,0.0,0.0,0.0,-874043,-3914891,164325163,122555,-65122,-24694,61,ed2afe00,43.5153963683,-79.68385585038,162.114,-37.1,SOL_COMPUTED,SINGLE,good,1.499,1.2072,2.1196,21,20,0.0,0.0,0,0,0,0,0,0,0,0,0,SPECTRUMANALYSIS,L2,1223.557,18.53,-54.218,-118.803
2026-05-25 10:49:31.026556,1779720571.026556,2420,139789.0,,,,,,,,,,,,,,,,0.0000,,,,0.0,0.0,0.0,0.0,0.0,0.0,0.0,0.0,0.0,-438431,-3459525,164378337,-296777,298153,-34345,61,ed2afe00,43.5153895101,-79.68385748564,162.6961,-37.1,SOL_COMPUTED,SINGLE,good,1.5018,1.2118,2.1227,21,20,0.0,0.0,0,0,0,0,0,0,0,0,0,SPECTRUMANALYSIS,L2,1235.313,1.611,-64.608,-124.612
2026-05-25 10:49:32.021108,1779720572.021108,2420,139790.0,,,,,,,,,,,,,,,,0.0000,,,,0.0,0.0,0.0,0.0,0.0,0.0,0.0,0.0,0.0,-890952,-4039133,164330024,-13944,132788,-21090,61,ed2afe00,43.51539209246,-79.68384348686,161.8368,-37.1,SOL_COMPUTED,SINGLE,good,1.484,1.2472,2.1076,20,19,0.0,0.0,0,0,0,0,0,0,0,0,0,SPECTRUMANALYSIS,L2,1235.313,1.611,-64.608,-124.612
2026-05-25 10:49:33.021747,1779720573.021747,2420,139791.0,,,,,,,,,,,,,,,,0.0000,,,,0.0,0.0,0.0,0.0,0.0,0.0,0.0,0.0,0.0,-1013758,-4031606,164397790,41426,83127,-15182,61,ed2afe00,43.51536903598,-79.68383925471,161.7036,-37.1,SOL_COMPUTED,SINGLE,good,1.4617,1.2295,2.1269,20,19,0.0,0.0,0,0,0,0,0,0,0,0,0,SPECTRUMANALYSIS,L2,1235.313,1.611,-64.608,-124.612
2026-05-25 10:49:34.023478,1779720574.023478,2420,139792.0,,,,,,,,,,,,,,,,0.0000,,,,0.0,0.0,0.0,0.0,0.0,0.0,0.0,0.0,0.0,-787235,-4015982,164348808,-14526,103410,-27306,61,ed2afe00,43.51535914171,-79.68384241547,160.8723,-37.1,SOL_COMPUTED,SINGLE,good,1.4513,1.2215,2.1214,21,20,0.0,0.0,0,0,0,0,0,0,0,0,0,SPECTRUMANALYSIS,L2,1227.0,28.345,-52.004,-115.757
2026-05-25 10:49:35.021720,1779720575.021720,2420,139793.0,,,,,,,,,,,,,,,,0.0000,,,,0.0,0.0,0.0,0.0,0.0,0.0,0.0,0.0,0.0,-1142854,-3828336,164389329,151685,354052,-41857,61,ed2afe00,43.51536605902,-79.68381136591,158.6134,-37.1,SOL_COMPUTED,SINGLE,good,1.4403,1.1688,2.0824,21,20,0.0,0.0,0,0,0,0,0,0,0,0,0,SPECTRUMANALYSIS,L2,1227.0,28.345,-52.004,-115.757
2026-05-25 10:49:36.023458,1779720576.023458,2420,139794.0,,,,,,,,,,,,,,,,0.0000,,,,0.0,0.0,0.0,0.0,0.0,0.0,0.0,0.0,0.0,-424102,-4052602,164038838,329135,-555033,-39756,61,ed2afe00,43.51536632327,-79.68380249614,158.8884,-37.1,SOL_COMPUTED,SINGLE,good,1.433,1.1653,2.0735,21,20,0.0,0.0,0,0,0,0,0,0,0,0,0,SPECTRUMANALYSIS,L2,1227.0,28.345,-52.004,-115.757
2026-05-25 10:49:37.023951,1779720577.023951,2420,139795.0,,,,,,,,,,,,,,,,0.0000,,,,0.0,0.0,0.0,0.0,0.0,0.0,0.0,0.0,0.0,-953672,-4031198,164346892,43231,138170,-25891,61,ed2afe00,43.51536551014,-79.68380061338,159.3632,-37.1,SOL_COMPUTED,SINGLE,good,1.4478,1.1841,2.1438,21,20,0.0,0.0,0,0,0,0,0,0,0,0,0,SPECTRUMANALYSIS,L2,1226.084,25.928,-52.331,-114.707
2026-05-25 10:49:38.022853,1779720578.022853,2420,139796.0,,,,,,,,,,,,,,,,0.0000,,,,0.0,0.0,0.0,0.0,0.0,0.0,0.0,0.0,0.0,-901773,-4111616,164351475,99226,-24632,-23077,61,ed29fe00,43.51535584883,-79.68384218298,162.2377,-37.1,SOL_COMPUTED,SINGLE,good,1.443,1.2262,2.1329,21,19,0.0,0.0,0,0,0,0,0,0,0,0,0,SPECTRUMANALYSIS,L2,1226.084,25.928,-52.331,-114.707
2026-05-25 10:49:39.029079,1779720579.029079,2420,139797.0,,,,,,,,,,,,,,,,0.0000,,,,0.0,0.0,0.0,0.0,0.0,0.0,0.0,0.0,0.0,-1023171,-4000866,164410164,76070,25873,-37267,61,ed29fe00,43.51535761802,-79.68384340565,165.1269,-37.1,SOL_COMPUTED,SINGLE,good,1.4466,1.2297,2.3361,21,18,0.0,0.0,0,0,0,0,0,0,0,0,0,SPECTRUMANALYSIS,L2,1226.084,25.928,-52.331,-114.707
2026-05-25 10:49:40.033029,1779720580.033029,2420,139798.0,,,,,,,,,,,,,,,,0.0000,,,,0.0,0.0,0.0,0.0,0.0,0.0,0.0,0.0,0.0,-2306062,-3962121,164945545,188652,278726,-16159,61,ed29fe00,43.51535404628,-79.68384381888,165.5031,-37.1,SOL_COMPUTED,SINGLE,good,1.4458,1.3059,2.3925,20,17,0.0,0.0,0,0,0,0,0,0,0,0,0,SPECTRUMANALYSIS,L2,1219.272,8.057,-59.311,-125.363
2026-05-25 10:49:41.022447,1779720581.022447,2420,139799.0,,,,,,,,,,,,,,,,0.0000,,,,0.0,0.0,0.0,0.0,0.0,0.0,0.0,0.0,0.0,-1674533,-3816424,164806801,10216,-114093,-41906,61,ed29fe00,43.51535241677,-79.68384340028,165.9737,-37.1,SOL_COMPUTED,SINGLE,good,1.4484,1.31,2.388,20,17,0.0,0.0,0,0,0,0,0,0,0,0,0,SPECTRUMANALYSIS,L2,1219.272,8.057,-59.311,-125.363
2026-05-25 10:49:42.021215,1779720582.021215,2420,139800.0,,,,,,,,,,,,,,,,0.0000,,,,0.0,0.0,0.0,0.0,0.0,0.0,0.0,0.0,0.0,-656014,-3553423,164254083,81779,159682,-16998,61,ed28fe00,43.51535309617,-79.68384225509,166.0615,-37.1,SOL_COMPUTED,SINGLE,good,1.4425,1.3054,2.3686,20,17,0.0,0.0,0,0,0,0,0,0,0,0,0,SPECTRUMANALYSIS,L2,1219.272,8.057,-59.311,-125.363
2026-05-25 10:49:43.023570,1779720583.023570,2420,139801.0,,,,,,,,,,,,,,,,0.0000,,,,0.0,0.0,0.0,0.0,0.0,0.0,0.0,0.0,0.0,-876663,-4038817,164387038,198448,-7485,-42382,61,ed29fe00,43.51535072697,-79.68384435726,166.5918,-37.1,SOL_COMPUTED,SINGLE,good,1.4417,1.3115,2.3584,20,17,0.0,0.0,0,0,0,0,0,0,0,0,0,SPECTRUMANALYSIS,L2,1223.154,3.369,-62.934,-126.081
2026-05-25 10:49:44.023781,1779720584.023781,2420,139802.0,,,,,,,,,,,,,,,,0.0000,,,,0.0,0.0,0.0,0.0,0.0,0.0,0.0,0.0,0.0,-1066213,-4337047,164328867,5610,245513,12194,61,ed28fe00,43.51535233162,-79.68384406044,166.5247,-37.1,SOL_COMPUTED,SINGLE,good,1.4724,1.3461,2.38,20,17,0.0,0.0,0,0,0,0,0,0,0,0,0,SPECTRUMANALYSIS,L2,1223.154,3.369,-62.934,-126.081
2026-05-25 10:49:45.021134,1779720585.021134,2420,139803.0,,,,,,,,,,,,,,,,0.0000,,,,0.0,0.0,0.0,0.0,0.0,0.0,0.0,0.0,0.0,-753666,-3826063,164186967,-354544,592155,63785,61,ed28fe00,43.51533836313,-79.68385257524,167.6999,-37.1,SOL_COMPUTED,SINGLE,good,1.2835,1.2905,2.3139,21,19,0.0,0.0,0,0,0,0,0,0,0,0,0,SPECTRUMANALYSIS,L2,1223.154,3.369,-62.934,-126.081
2026-05-25 10:49:46.026409,1779720586.026409,2420,139804.0,,,,,,,,,,,,,,,,0.0000,,,,0.0,0.0,0.0,0.0,0.0,0.0,0.0,0.0,0.0,-928639,-3521542,164262574,459005,-441586,-73061,61,ed28fe00,43.51533633302,-79.68385362003,167.966,-37.1,SOL_COMPUTED,SINGLE,good,1.2713,1.2516,2.2661,21,19,0.0,0.0,0,0,0,0,0,0,0,0,0,SPECTRUMANALYSIS,L2,1227.512,22.046,-52.611,-118.363
2026-05-25 10:49:47.023693,1779720587.023693,2420,139805.0,,,,,,,,,,,,,,,,0.0000,,,,0.0,0.0,0.0,0.0,0.0,0.0,0.0,0.0,0.0,-1284313,-3775138,164534395,89158,25375,13504,61,ed28fe00,43.51532969523,-79.68385599523,169.5577,-37.1,SOL_COMPUTED,SINGLE,good,1.3296,1.3048,2.3947,20,18,0.0,0.0,0,0,0,0,0,0,0,0,0,SPECTRUMANALYSIS,L2,1227.512,22.046,-52.611,-118.363
2026-05-25 10:49:48.022341,1779720588.022341,2420,139806.0,,,,,,,,,,,,,,,,0.0000,,,,0.0,0.0,0.0,0.0,0.0,0.0,0.0,0.0,0.0,-843542,-4085961,164328426,182112,-88184,-31194,61,ed28fe00,43.51533331006,-79.68383435194,170.0782,-37.1,SOL_COMPUTED,SINGLE,good,1.2719,1.2517,2.2386,21,19,0.0,0.0,0,0,0,0,0,0,0,0,0,SPECTRUMANALYSIS,L2,1227.512,22.046,-52.611,-118.363
2026-05-25 10:49:49.020992,1779720589.020992,2420,139807.0,,,,,,,,,,,,,,,,0.0000,,,,0.0,0.0,0.0,0.0,0.0,0.0,0.0,0.0,0.0,-915093,-4223388,164325034,11002,151540,-25711,61,ed27fe00,43.51533458685,-79.68384818525,168.0512,-37.1,SOL_COMPUTED,SINGLE,good,1.2655,1.2746,2.2694,20,18,0.0,0.0,0,0,0,0,0,0,0,0,0,SPECTRUMANALYSIS,L2,1226.633,26.587,-51.691,-113.56
2026-05-25 10:49:50.022696,1779720590.022696,2420,139808.0,,,,,,,,,,,,,,,,0.0000,,,,0.0,0.0,0.0,0.0,0.0,0.0,0.0,0.0,0.0,-925977,-4010885,164317978,32336,71538,-5890,61,ed27fe00,43.51533343645,-79.6838471887,168.2345,-37.1,SOL_COMPUTED,SINGLE,good,1.2647,1.2669,2.2592,20,18,0.0,0.0,0,0,0,0,0,0,0,0,0,SPECTRUMANALYSIS,L2,1226.633,26.587,-51.691,-113.56
2026-05-25 10:49:51.022660,1779720591.022660,2420,139809.0,,,,,,,,,,,,,,,,0.0000,,,,0.0,0.0,0.0,0.0,0.0,0.0,0.0,0.0,0.0,-1001878,-3972692,164360515,101501,47523,-50957,61,ed27fe00,43.51533239345,-79.68384602641,168.4171,-37.1,SOL_COMPUTED,SINGLE,good,1.2685,1.2723,2.2585,21,19,0.0,0.0,0,0,0,0,0,0,0,0,0,SPECTRUMANALYSIS,L2,1226.633,26.587,-51.691,-113.56
2026-05-25 10:49:52.023493,1779720592.023493,2420,139810.0,,,,,,,,,,,,,,,,0.0000,,,,0.0,0.0,0.0,0.0,0.0,0.0,0.0,0.0,0.0,-1014097,-3942865,164267481,487295,-339340,-85810,61,ed27fe00,43.51533060352,-79.68384220967,168.8121,-37.1,SOL_COMPUTED,SINGLE,good,1.2628,1.2458,2.2261,20,19,0.0,0.0,0,0,0,0,0,0,0,0,0,SPECTRUMANALYSIS,L2,1224.143,20.581,-53.767,-119.565
2026-05-25 10:49:53.023860,1779720593.023860,2420,139811.0,,,,,,,,,,,,,,,,0.0000,,,,0.0,0.0,0.0,0.0,0.0,0.0,0.0,0.0,0.0,-1007598,-4318329,164304299,80245,79456,-8930,61,ed27fe00,43.51532898542,-79.68384210037,168.3658,-37.1,SOL_COMPUTED,SINGLE,good,1.2775,1.2963,2.273,20,19,0.0,0.0,0,0,0,0,0,0,0,0,0,SPECTRUMANALYSIS,L2,1224.143,20.581,-53.767,-119.565
2026-05-25 10:49:54.023534,1779720594.023534,2420,139812.0,,,,,,,,,,,,,,,,0.0000,,,,0.0,0.0,0.0,0.0,0.0,0.0,0.0,0.0,0.0,-1067555,-4904291,164262941,56340,-199360,113530,61,ed26fe00,43.51532744031,-79.68384030713,168.5818,-37.1,SOL_COMPUTED,SINGLE,good,1.2703,1.2908,2.2702,20,19,0.0,0.0,0,0,0,0,0,0,0,0,0,SPECTRUMANALYSIS,L2,1224.143,20.581,-53.767,-119.565
2026-05-25 10:49:55.023175,1779720595.023175,2420,139813.0,,,,,,,,,,,,,,,,0.0000,,,,0.0,0.0,0.0,0.0,0.0,0.0,0.0,0.0,0.0,-896051,-4540655,164271493,12763,156420,-29258,61,ed26fe00,43.51534620413,-79.68382285008,168.1969,-37.1,SOL_COMPUTED,SINGLE,good,1.4373,1.2607,2.2807,21,18,0.0,0.0,0,0,0,0,0,0,0,0,0,SPECTRUMANALYSIS,L2,1229.819,3.369,-61.276,-117.375
2026-05-25 10:49:56.020679,1779720596.020679,2420,139814.0,,,,,,,,,,,,,,,,0.0000,,,,0.0,0.0,0.0,0.0,0.0,0.0,0.0,0.0,0.0,-947566,-3855304,164399762,9604,8722,-8602,61,ed26fe00,43.51534527427,-79.68382331105,168.2701,-37.1,SOL_COMPUTED,SINGLE,good,1.438,1.2571,2.2773,21,18,0.0,0.0,0,0,0,0,0,0,0,0,0,SPECTRUMANALYSIS,L2,1229.819,3.369,-61.276,-117.375
2026-05-25 10:49:57.021117,1779720597.021117,2420,139815.0,,,,,,,,,,,,,,,,0.0000,,,,0.0,0.0,0.0,0.0,0.0,0.0,0.0,0.0,0.0,-1050618,-3820220,164412889,52107,131608,-51569,61,ed26fe00,43.51534488291,-79.68382256598,168.4268,-37.1,SOL_COMPUTED,SINGLE,good,1.4358,1.2591,2.2758,21,18,0.0,0.0,0,0,0,0,0,0,0,0,0,SPECTRUMANALYSIS,L2,1229.819,3.369,-61.276,-117.375
2026-05-25 10:49:58.022189,1779720598.022189,2420,139816.0,,,,,,,,,,,,,,,,0.0000,,,,0.0,0.0,0.0,0.0,0.0,0.0,0.0,0.0,0.0,-839332,-3907730,164383322,139450,-48436,-25146,61,ed26fe00,43.51535107095,-79.68378599356,165.8297,-37.1,SOL_COMPUTED,SINGLE,good,1.4379,1.3261,2.3382,20,18,0.0,0.0,0,0,0,0,0,0,0,0,0,SPECTRUMANALYSIS,L2,1230.625,23.73,-51.357,-110.432
2026-05-25 10:49:59.022177,1779720599.022177,2420,139817.0,,,,,,,,,,,,,,,,0.0000,,,,0.0,0.0,0.0,0.0,0.0,0.0,0.0,0.0,0.0,-881363,-3978138,164286000,63212,80087,-18055,61,ed26fe00,43.51535204215,-79.6837820513,166.0348,-37.1,SOL_COMPUTED,SINGLE,good,1.4367,1.3253,2.3405,20,18,0.0,0.0,0,0,0,0,0,0,0,0,0,SPECTRUMANALYSIS,L2,1230.625,23.73,-51.357,-110.432
2026-05-25 10:50:00.022730,1779720600.022730,2420,139818.0,,,,,,,,,,,,,,,,0.0000,,,,0.0,0.0,0.0,0.0,0.0,0.0,0.0,0.0,0.0,-929595,-3956656,164332867,84049,49821,-21265,61,ed26fe00,43.51535065812,-79.6837887629,165.6641,-37.1,SOL_COMPUTED,SINGLE,good,1.4316,1.3128,2.3247,21,19,0.0,0.0,0,0,0,0,0,0,0,0,0,SPECTRUMANALYSIS,L2,1230.625,23.73,-51.357,-110.432
2026-05-25 10:50:01.026505,1779720601.026505,2420,139819.0,,,,,,,,,,,,,,,,0.0000,,,,0.0,0.0,0.0,0.0,0.0,0.0,0.0,0.0,0.0,-910151,-4068682,164421951,61502,63090,-28793,61,ed26fe00,43.51534692635,-79.68378015195,166.6975,-37.1,SOL_COMPUTED,SINGLE,good,1.463,1.283,2.3197,20,18,0.0,0.0,0,0,0,0,0,0,0,0,0,SPECTRUMANALYSIS,L2,1227.109,27.686,-50.666,-111.227
2026-05-25 10:50:02.021461,1779720602.021461,2420,139820.0,,,,,,,,,,,,,,,,0.0000,,,,0.0,0.0,0.0,0.0,0.0,0.0,0.0,0.0,0.0,-918268,-3961271,164378873,80073,66420,-45992,61,ed25fe00,43.5153455693,-79.68377599796,167.1618,-37.1,SOL_COMPUTED,SINGLE,good,1.4537,1.2718,2.3027,20,18,0.0,0.0,0,0,0,0,0,0,0,0,0,SPECTRUMANALYSIS,L2,1227.109,27.686,-50.666,-111.227
2026-05-25 10:50:03.023163,1779720603.023163,2420,139821.0,,,,,,,,,,,,,,,,0.0000,,,,0.0,0.0,0.0,0.0,0.0,0.0,0.0,0.0,0.0,23405,-3301272,164196661,-65908,145606,7593,61,ed25fe00,43.51534485911,-79.6837561666,168.4197,-37.1,SOL_COMPUTED,SINGLE,good,1.451,1.2424,2.2839,21,19,0.0,0.0,0,0,0,0,0,0,0,0,0,SPECTRUMANALYSIS,L2,1227.109,27.686,-50.666,-111.227
2026-05-25 10:50:04.024062,1779720604.024062,2420,139822.0,,,,,,,,,,,,,,,,0.0000,,,,0.0,0.0,0.0,0.0,0.0,0.0,0.0,0.0,0.0,-1082384,-4192045,164547818,528817,-456844,-117824,61,ed25fe00,43.5153468838,-79.68374210123,169.9911,-37.1,SOL_COMPUTED,SINGLE,good,1.4284,1.1932,2.2212,21,19,0.0,0.0,0,0,0,0,0,0,0,0,0,SPECTRUMANALYSIS,L2,1225.315,12.524,-55.983,-116.791
2026-05-25 10:50:05.030102,1779720605.030102,2420,139823.0,,,,,,,,,,,,,,,,0.0000,,,,0.0,0.0,0.0,0.0,0.0,0.0,0.0,0.0,0.0,-452662,-4320881,164205985,231079,-168866,-69950,61,ed25fe00,43.51534607012,-79.68373794421,170.2683,-37.1,SOL_COMPUTED,SINGLE,good,1.4432,1.1908,2.229,21,19,0.0,0.0,0,0,0,0,0,0,0,0,0,SPECTRUMANALYSIS,L2,1225.315,12.524,-55.983,-116.791
2026-05-25 10:50:06.023793,1779720606.023793,2420,139824.0,,,,,,,,,,,,,,,,0.0000,,,,0.0,0.0,0.0,0.0,0.0,0.0,0.0,0.0,0.0,-1290707,-4282359,164505664,-104871,271636,-10992,61,ed25fe00,43.5153496029,-79.68373066349,170.9547,-37.1,SOL_COMPUTED,SINGLE,good,1.4457,1.1869,2.2274,21,19,0.0,0.0,0,0,0,0,0,0,0,0,0,SPECTRUMANALYSIS,L2,1225.315,12.524,-55.983,-116.791
2026-05-25 10:50:07.024581,1779720607.024581,2420,139825.0,,,,,,,,,,,,,,,,0.0000,,,,0.0,0.0,0.0,0.0,0.0,0.0,0.0,0.0,0.0,-702082,-3898138,164210587,44025,4244,-23552,61,ed25fe00,43.5153480878,-79.6837440832,170.2197,-37.1,SOL_COMPUTED,SINGLE,good,1.4333,1.1721,2.2073,21,19,0.0,0.0,0,0,0,0,0,0,0,0,0,SPECTRUMANALYSIS,L2,1218.394,8.203,-59.43,-123.093
2026-05-25 10:50:08.027130,1779720608.027130,2420,139826.0,,,,,,,,,,,,,,,,0.0000,,,,0.0,0.0,0.0,0.0,0.0,0.0,0.0,0.0,0.0,-314075,-3129307,164064272,58275,-113095,-100050,61,ed24fe00,43.51534673737,-79.6837408069,170.8015,-37.1,SOL_COMPUTED,SINGLE,good,1.4371,1.1725,2.21,21,19,0.0,0.0,0,0,0,0,0,0,0,0,0,SPECTRUMANALYSIS,L2,1218.394,8.203,-59.43,-123.093
2026-05-25 10:50:09.020395,1779720609.020395,2420,139827.0,,,,,,,,,,,,,,,,0.0000,,,,0.0,0.0,0.0,0.0,0.0,0.0,0.0,0.0,0.0,-658857,-3740519,164393457,40363,231204,86705,61,ed24fe00,43.51534721871,-79.68374348451,170.2064,-37.1,SOL_COMPUTED,SINGLE,good,1.449,1.2111,2.2551,21,19,0.0,0.0,0,0,0,0,0,0,0,0,0,SPECTRUMANALYSIS,L2,1218.394,8.203,-59.43,-123.093
2026-05-25 10:50:10.023309,1779720610.023309,2420,139828.0,,,,,,,,,,,,,,,,0.0000,,,,0.0,0.0,0.0,0.0,0.0,0.0,0.0,0.0,0.0,297199,-4025601,164051130,-679170,1296542,185292,61,ed24fe00,43.51535649061,-79.68373533997,171.4551,-37.1,SOL_COMPUTED,SINGLE,good,1.4376,1.3058,2.3352,20,18,0.0,0.0,0,0,0,0,0,0,0,0,0,SPECTRUMANALYSIS,L2,1221.25,13.477,-56.111,-123.063
2026-05-25 10:50:11.022504,1779720611.022504,2420,139829.0,,,,,,,,,,,,,,,,0.0000,,,,0.0,0.0,0.0,0.0,0.0,0.0,0.0,0.0,0.0,-744946,-3664855,164306904,168951,-280991,-20257,61,ed24fe00,43.51535325548,-79.68372615314,172.4823,-37.1,SOL_COMPUTED,SINGLE,good,1.4402,1.1908,2.2308,21,19,0.0,0.0,0,0,0,0,0,0,0,0,0,SPECTRUMANALYSIS,L2,1221.25,13.477,-56.111,-123.063
2026-05-25 10:50:12.023054,1779720612.023054,2420,139830.0,,,,,,,,,,,,,,,,0.0000,,,,0.0,0.0,0.0,0.0,0.0,0.0,0.0,0.0,0.0,-590270,-3657899,164207700,89144,108306,-2610,61,ed24fe00,43.51534585476,-79.68374720339,170.8318,-37.1,SOL_COMPUTED,SINGLE,good,1.4283,1.1922,2.2202,21,19,0.0,0.0,0,0,0,0,0,0,0,0,0,SPECTRUMANALYSIS,L2,1221.25,13.477,-56.111,-123.063
2026-05-25 10:50:13.030221,1779720613.030221,2420,139831.0,,,,,,,,,,,,,,,,0.0000,,,,0.0,0.0,0.0,0.0,0.0,0.0,0.0,0.0,0.0,-691370,-3991505,164234139,91490,89219,-8738,61,ed23fe00,43.51534159721,-79.68377975182,167.0726,-37.1,SOL_COMPUTED,SINGLE,good,1.4582,1.3859,2.4338,19,17,0.0,0.0,0,0,0,0,0,0,0,0,0,SPECTRUMANALYSIS,L2,1221.25,13.477,-56.111,-123.063
2026-05-25 10:50:14.026611,1779720614.026611,2420,139832.0,,,,,,,,,,,,,,,,0.0000,,,,0.0,0.0,0.0,0.0,0.0,0.0,0.0,0.0,0.0,-1047349,-4091457,164375787,15087,194433,-2586,61,ed23fe00,43.51534081974,-79.68378407112,167.1434,-37.1,SOL_COMPUTED,SINGLE,good,1.4504,1.3868,2.4235,19,17,0.0,0.0,0,0,0,0,0,0,0,0,0,SPECTRUMANALYSIS,L2,1228.538,30.835,-49.737,-111.701
2026-05-25 10:50:15.020799,1779720615.020799,2420,139833.0,,,,,,,,,,,,,,,,0.0000,,,,0.0,0.0,0.0,0.0,0.0,0.0,0.0,0.0,0.0,-981327,-4044533,164391558,76689,-31463,-2037,61,ed23fe00,43.51532635816,-79.68378863339,171.7759,-37.1,SOL_COMPUTED,SINGLE,good,1.2686,1.3856,2.1843,20,20,0.0,0.0,0,0,0,0,0,0,0,0,0,SPECTRUMANALYSIS,L2,1228.538,30.835,-49.737,-111.701
2026-05-25 10:50:16.023538,1779720616.023538,2420,139834.0,,,,,,,,,,,,,,,,0.0000,,,,0.0,0.0,0.0,0.0,0.0,0.0,0.0,0.0,0.0,-841147,-3967480,164292560,51394,67235,22457,61,ed23fe00,43.51535778618,-79.6837453087,174.3061,-37.1,SOL_COMPUTED,SINGLE,good,1.4261,1.3297,2.1966,21,20,0.0,0.0,0,0,0,0,0,0,0,0,0,SPECTRUMANALYSIS,L2,1228.538,30.835,-49.737,-111.701
2026-05-25 10:50:17.021244,1779720617.021244,2420,139835.0,,,,,,,,,,,,,,,,0.0000,,,,0.0,0.0,0.0,0.0,0.0,0.0,0.0,0.0,0.0,-903855,-3993130,164244257,19579,63632,-20875,61,ed23fe00,43.51535729069,-79.68375333196,174.2547,-37.1,SOL_COMPUTED,SINGLE,good,1.4227,1.3215,2.1887,20,19,0.0,0.0,0,0,0,0,0,0,0,0,0,SPECTRUMANALYSIS,L2,1229.38,31.201,-50.941,-111.809
2026-05-25 10:50:18.022750,1779720618.022750,2420,139836.0,,,,,,,,,,,,,,,,0.0000,,,,0.0,0.0,0.0,0.0,0.0,0.0,0.0,0.0,0.0,-876576,-4018941,164331709,57037,62352,-32488,61,ed23fe00,43.5153546239,-79.68376301974,173.9957,-37.1,SOL_COMPUTED,SINGLE,good,1.4223,1.3139,2.1853,21,19,0.0,0.0,0,0,0,0,0,0,0,0,0,SPECTRUMANALYSIS,L2,1229.38,31.201,-50.941,-111.809
2026-05-25 10:50:19.025352,1779720619.025352,2420,139837.0,,,,,,,,,,,,,,,,0.0000,,,,0.0,0.0,0.0,0.0,0.0,0.0,0.0,0.0,0.0,-883897,-4021382,164337502,44830,-13121,1794,61,ed23fe00,43.51534896855,-79.68373081607,178.0027,-37.1,SOL_COMPUTED,SINGLE,good,1.4214,1.2316,2.1003,21,20,0.0,0.0,0,0,0,0,0,0,0,0,0,SPECTRUMANALYSIS,L2,1229.38,31.201,-50.941,-111.809
2026-05-25 10:50:20.028577,1779720620.028577,2420,139838.0,,,,,,,,,,,,,,,,0.0000,,,,0.0,0.0,0.0,0.0,0.0,0.0,0.0,0.0,0.0,-794591,-4029204,164343531,92771,52828,-35438,61,ed22fe00,43.5153515857,-79.68376713411,175.0689,-37.1,SOL_COMPUTED,SINGLE,good,1.4251,1.2021,2.0681,21,20,0.0,0.0,0,0,0,0,0,0,0,0,0,SPECTRUMANALYSIS,L2,1234.177,15.015,-53.303,-117.87
2026-05-25 10:50:21.021878,1779720621.021878,2420,139839.0,,,,,,,,,,,,,,,,0.0000,,,,0.0,0.0,0.0,0.0,0.0,0.0,0.0,0.0,0.0,-902104,-4012566,164358146,45036,59454,10003,61,ed22fe00,43.51535125619,-79.68375453068,176.0505,-37.1,SOL_COMPUTED,SINGLE,good,1.4264,1.186,2.0695,21,20,0.0,0.0,0,0,0,0,0,0,0,0,0,SPECTRUMANALYSIS,L2,1234.177,15.015,-53.303,-117.87
2026-05-25 10:50:22.021989,1779720622.021989,2420,139840.0,,,,,,,,,,,,,,,,0.0000,,,,0.0,0.0,0.0,0.0,0.0,0.0,0.0,0.0,0.0,-881426,-3987233,164346065,75700,69619,-21506,61,ed22fe00,43.51535110126,-79.68375239072,176.5606,-37.1,SOL_COMPUTED,SINGLE,good,1.4285,1.1907,2.0716,21,20,0.0,0.0,0,0,0,0,0,0,0,0,0,SPECTRUMANALYSIS,L2,1234.177,15.015,-53.303,-117.87
2026-05-25 10:50:23.021915,1779720623.021915,2420,139841.0,,,,,,,,,,,,,,,,0.0000,,,,0.0,0.0,0.0,0.0,0.0,0.0,0.0,0.0,0.0,-874201,-4010955,164329455,32901,57050,-5340,61,ed22fe00,43.51535205594,-79.68375551671,176.4755,-37.1,SOL_COMPUTED,SINGLE,good,1.4299,1.208,2.0885,21,20,0.0,0.0,0,0,0,0,0,0,0,0,0,SPECTRUMANALYSIS,L2,1229.856,34.351,-50.252,-115.581
2026-05-25 10:50:24.021336,1779720624.021336,2420,139842.0,,,,,,,,,,,,,,,,0.0000,,,,0.0,0.0,0.0,0.0,0.0,0.0,0.0,0.0,0.0,-820649,-3992092,164349745,69829,68406,-4643,61,ed22fe00,43.51535039701,-79.68374033952,178.0559,-37.1,SOL_COMPUTED,SINGLE,good,1.4262,1.1683,2.0591,21,20,0.0,0.0,0,0,0,0,0,0,0,0,0,SPECTRUMANALYSIS,L2,1229.856,34.351,-50.252,-115.581
2026-05-25 10:50:25.022877,1779720625.022877,2420,139843.0,,,,,,,,,,,,,,,,0.0000,,,,0.0,0.0,0.0,0.0,0.0,0.0,0.0,0.0,0.0,-947437,-4031332,164339814,55507,33641,-24239,61,ed22fe00,43.51535017101,-79.68373940609,178.3996,-37.1,SOL_COMPUTED,SINGLE,good,1.4323,1.1833,2.0731,21,20,0.0,0.0,0,0,0,0,0,0,0,0,0,SPECTRUMANALYSIS,L2,1229.856,34.351,-50.252,-115.581
2026-05-25 10:50:26.021395,1779720626.021395,2420,139844.0,,,,,,,,,,,,,,,,0.0000,,,,0.0,0.0,0.0,0.0,0.0,0.0,0.0,0.0,0.0,-948251,-3958991,164309404,32527,45594,-18707,61,ed22fe00,43.51534856119,-79.68372837286,179.3606,-37.1,SOL_COMPUTED,SINGLE,good,1.44,1.2232,2.1528,20,19,0.0,0.0,0,0,0,0,0,0,0,0,0,SPECTRUMANALYSIS,L2,1228.318,30.103,-50.617,-111.677
2026-05-25 10:50:27.024296,1779720627.024296,2420,139845.0,,,,,,,,,,,,,,,,0.0000,,,,0.0,0.0,0.0,0.0,0.0,0.0,0.0,0.0,0.0,8090352,-4475074,163411133,-6997964,5747909,41148681,61,ed21fe00,43.51532944961,-79.68373050728,174.8401,-37.1,SOL_COMPUTED,SINGLE,good,1.546,1.2304,2.2846,18,17,0.0,0.0,0,0,0,0,0,0,0,0,0,SPECTRUMANALYSIS,L2,1228.318,30.103,-50.617,-111.677
2026-05-25 10:50:28.023944,1779720628.023944,2420,139846.0,,,,,,,,,,,,,,,,0.0000,,,,0.0,0.0,0.0,0.0,0.0,0.0,0.0,0.0,0.0,-5630736,-4404825,165517678,30693463,-29714532,262274,61,ed21fe00,43.51533253944,-79.68373652562,177.3506,-37.1,SOL_COMPUTED,SINGLE,good,1.5373,1.2227,2.2034,20,18,0.0,0.0,0,0,0,0,0,0,0,0,0,SPECTRUMANALYSIS,L2,1228.318,30.103,-50.617,-111.677
2026-05-25 10:50:29.022960,1779720629.022960,2420,139847.0,,,,,,,,,,,,,,,,0.0000,,,,0.0,0.0,0.0,0.0,0.0,0.0,0.0,0.0,0.0,-1341611,157241,164311953,44750,-36180,-30701,61,ed21fe00,43.51533753631,-79.68378722197,172.7599,-37.1,SOL_COMPUTED,SINGLE,good,1.5474,1.3622,2.3377,20,17,0.0,0.0,0,0,0,0,0,0,0,0,0,SPECTRUMANALYSIS,L2,1227.915,2.783,-63.648,-125.475
2026-05-25 10:50:30.021962,1779720630.021962,2420,139848.0,,,,,,,,,,,,,,,,0.0000,,,,0.0,0.0,0.0,0.0,0.0,0.0,0.0,0.0,0.0,-1513788,318592,164369496,47043,115753,-43528,61,ed21fe00,43.51533731065,-79.68378915877,173.2792,-37.1,SOL_COMPUTED,SINGLE,good,1.5398,1.3543,2.3085,20,17,0.0,0.0,0,0,0,0,0,0,0,0,0,SPECTRUMANALYSIS,L2,1227.915,2.783,-63.648,-125.475
2026-05-25 10:50:31.020226,1779720631.020226,2420,139849.0,,,,,,,,,,,,,,,,0.0000,,,,0.0,0.0,0.0,0.0,0.0,0.0,0.0,0.0,0.0,-1448688,345791,164389490,53061,-2015,-28337,61,ed21fe00,43.51533726622,-79.68379011442,173.1761,-37.1,SOL_COMPUTED,SINGLE,good,1.5481,1.3649,2.3172,20,17,0.0,0.0,0,0,0,0,0,0,0,0,0,SPECTRUMANALYSIS,L2,1227.915,2.783,-63.648,-125.475
2026-05-25 10:50:32.023788,1779720632.023788,2420,139850.0,,,,,,,,,,,,,,,,0.0000,,,,0.0,0.0,0.0,0.0,0.0,0.0,0.0,0.0,0.0,-1556236,358386,164396837,52306,140706,1440,61,ed21fe00,43.51533693231,-79.68379107461,172.6906,-37.1,SOL_COMPUTED,SINGLE,good,1.5596,1.3763,2.3367,20,17,0.0,0.0,0,0,0,0,0,0,0,0,0,SPECTRUMANALYSIS,L2,1228.904,33.179,-50.342,-113.493
2026-05-25 10:50:33.021977,1779720633.021977,2420,139851.0,,,,,,,,,,,,,,,,0.0000,,,,0.0,0.0,0.0,0.0,0.0,0.0,0.0,0.0,0.0,-1492119,332565,164356388,53473,4045,-14852,61,ed21fe00,43.51533545955,-79.68379049434,172.6312,-37.1,SOL_COMPUTED,SINGLE,good,1.5458,1.3603,2.3135,20,17,0.0,0.0,0,0,0,0,0,0,0,0,0,SPECTRUMANALYSIS,L2,1228.904,33.179,-50.342,-113.493
2026-05-25 10:50:34.023652,1779720634.023652,2420,139852.0,,,,,,,,,,,,,,,,0.0000,,,,0.0,0.0,0.0,0.0,0.0,0.0,0.0,0.0,0.0,-1463640,262387,164317543,56087,43848,-18738,61,ed21fe00,43.51533600963,-79.68379031247,172.2484,-37.1,SOL_COMPUTED,SINGLE,good,1.5568,1.3738,2.3313,20,17,0.0,0.0,0,0,0,0,0,0,0,0,0,SPECTRUMANALYSIS,L2,1228.904,33.179,-50.342,-113.493
2026-05-25 10:50:35.021541,1779720635.021541,2420,139853.0,,,,,,,,,,,,,,,,0.0000,,,,0.0,0.0,0.0,0.0,0.0,0.0,0.0,0.0,0.0,-1462796,246927,164318510,76009,74864,-36863,61,ed20fe00,43.51533539812,-79.68379070861,171.8804,-37.1,SOL_COMPUTED,SINGLE,good,1.5476,1.3601,2.299,21,18,0.0,0.0,0,0,0,0,0,0,0,0,0,SPECTRUMANALYSIS,L2,1231.394,3.296,-62.022,-119.154
2026-05-25 10:50:36.024012,1779720636.024012,2420,139854.0,,,,,,,,,,,,,,,,0.0000,,,,0.0,0.0,0.0,0.0,0.0,0.0,0.0,0.0,0.0,-1499177,301050,164403188,75073,76924,-57610,61,ed20fe00,43.51532410977,-79.68379209047,172.3987,-37.1,SOL_COMPUTED,SINGLE,good,1.3769,1.3616,2.195,21,20,0.0,0.0,0,0,0,0,0,0,0,0,0,SPECTRUMANALYSIS,L2,1231.394,3.296,-62.022,-119.154
2026-05-25 10:50:37.021069,1779720637.021069,2420,139855.0,,,,,,,,,,,,,,,,0.0000,,,,0.0,0.0,0.0,0.0,0.0,0.0,0.0,0.0,0.0,-1426686,387088,164348132,75776,1310,-38407,61,ed20fe00,43.51532383736,-79.68379500863,172.383,-37.1,SOL_COMPUTED,SINGLE,good,1.3636,1.3233,2.1436,21,19,0.0,0.0,0,0,0,0,0,0,0,0,0,SPECTRUMANALYSIS,L2,1231.394,3.296,-62.022,-119.154
2026-05-25 10:50:38.023500,1779720638.023500,2420,139856.0,,,,,,,,,,,,,,,,0.0000,,,,0.0,0.0,0.0,0.0,0.0,0.0,0.0,0.0,0.0,-914812,1046762,163984114,755823,-177137,43777,61,ed20fe00,43.51532075578,-79.68377610719,170.8598,-37.1,SOL_COMPUTED,SINGLE,good,1.365,1.3223,2.1709,20,19,0.0,0.0,0,0,0,0,0,0,0,0,0,SPECTRUMANALYSIS,L2,1234.507,20.068,-51.463,-107.077
2026-05-25 10:50:39.025887,1779720639.025887,2420,139857.0,,,,,,,,,,,,,,,,0.0000,,,,0.0,0.0,0.0,0.0,0.0,0.0,0.0,0.0,0.0,-438289,-498482,163812441,87315,-217216,75365,61,ed20fe00,43.51532668148,-79.68379766583,172.3679,-37.1,SOL_COMPUTED,SINGLE,good,1.3597,1.3068,2.1279,20,19,0.0,0.0,0,0,0,0,0,0,0,0,0,SPECTRUMANALYSIS,L2,1234.507,20.068,-51.463,-107.077
2026-05-25 10:50:40.025510,1779720640.025510,2420,139858.0,,,,,,,,,,,,,,,,0.0000,,,,0.0,0.0,0.0,0.0,0.0,0.0,0.0,0.0,0.0,-1355443,-83789,164261231,105970,131693,13961,61,ed1ffe00,43.51532435546,-79.68378709088,172.195,-37.1,SOL_COMPUTED,SINGLE,good,1.3663,1.3199,2.1663,20,19,0.0,0.0,0,0,0,0,0,0,0,0,0,SPECTRUMANALYSIS,L2,1234.507,20.068,-51.463,-107.077
2026-05-25 10:50:41.021266,1779720641.021266,2420,139859.0,,,,,,,,,,,,,,,,0.0000,,,,0.0,0.0,0.0,0.0,0.0,0.0,0.0,0.0,0.0,499165,-666179,163590878,44156,754321,74541,61,ed1ffe00,43.51532488852,-79.68378039124,176.0646,-37.1,SOL_COMPUTED,SINGLE,good,1.3797,1.3962,2.3473,18,17,0.0,0.0,0,0,0,0,0,0,0,0,0,SPECTRUMANALYSIS,L2,1228.135,28.125,-51.104,-115.755
2026-05-25 10:50:42.029365,1779720642.029365,2420,139860.0,,,,,,,,,,,,,,,,0.0000,,,,0.0,0.0,0.0,0.0,0.0,0.0,0.0,0.0,0.0,-1499960,611578,164436827,12686,-76552,-25817,61,ed1ffe00,43.51532841222,-79.68377581091,175.0461,-37.1,SOL_COMPUTED,SINGLE,good,1.3652,1.3439,2.2956,19,18,0.0,0.0,0,0,0,0,0,0,0,0,0,SPECTRUMANALYSIS,L2,1228.135,28.125,-51.104,-115.755
2026-05-25 10:50:43.021331,1779720643.021331,2420,139861.0,,,,,,,,,,,,,,,,0.0000,,,,0.0,0.0,0.0,0.0,0.0,0.0,0.0,0.0,0.0,-1276633,336575,164281892,49076,-1847,19056,61,ed1ffe00,43.51532684541,-79.68377200741,174.1926,-37.1,SOL_COMPUTED,SINGLE,good,1.3728,1.3716,2.2279,19,18,0.0,0.0,0,0,0,0,0,0,0,0,0,SPECTRUMANALYSIS,L2,1228.135,28.125,-51.104,-115.755
2026-05-25 10:50:44.022831,1779720644.022831,2420,139862.0,,,,,,,,,,,,,,,,0.0000,,,,0.0,0.0,0.0,0.0,0.0,0.0,0.0,0.0,0.0,-1311514,265976,164289454,58780,-77178,-19153,61,ed1ffe00,43.51532646291,-79.68377238094,174.4389,-37.1,SOL_COMPUTED,SINGLE,good,1.3822,1.3844,2.2301,20,19,0.0,0.0,0,0,0,0,0,0,0,0,0,SPECTRUMANALYSIS,L2,1225.425,6.299,-60.095,-125.54
2026-05-25 10:50:45.023412,1779720645.023412,2420,139863.0,,,,,,,,,,,,,,,,0.0000,,,,0.0,0.0,0.0,0.0,0.0,0.0,0.0,0.0,0.0,-1437223,147583,164314677,69411,138245,5046,61,ed1ffe00,43.51532528495,-79.6837646677,174.923,-37.1,SOL_COMPUTED,SINGLE,good,1.3684,1.3558,2.196,19,18,0.0,0.0,0,0,0,0,0,0,0,0,0,SPECTRUMANALYSIS,L2,1225.425,6.299,-60.095,-125.54
2026-05-25 10:50:46.023033,1779720646.023033,2420,139864.0,,,,,,,,,,,,,,,,0.0000,,,,0.0,0.0,0.0,0.0,0.0,0.0,0.0,0.0,0.0,-1701519,271675,164430976,72741,60844,-10342,61,ed1efe00,43.51532632865,-79.68376086646,174.7672,-37.1,SOL_COMPUTED,SINGLE,good,1.3691,1.356,2.1868,19,18,0.0,0.0,0,0,0,0,0,0,0,0,0,SPECTRUMANALYSIS,L2,1225.425,6.299,-60.095,-125.54
2026-05-25 10:50:47.021177,1779720647.021177,2420,139865.0,,,,,,,,,,,,,,,,0.0000,,,,0.0,0.0,0.0,0.0,0.0,0.0,0.0,0.0,0.0,-1576869,421426,164409074,70644,62600,-22254,61,ed1ffe00,43.51532616111,-79.6837599689,174.7557,-37.1,SOL_COMPUTED,SINGLE,good,1.366,1.3491,2.1718,19,18,0.0,0.0,0,0,0,0,0,0,0,0,0,SPECTRUMANALYSIS,L2,1228.098,30.103,-50.862,-113.077
2026-05-25 10:50:48.022927,1779720648.022927,2420,139866.0,,,,,,,,,,,,,,,,0.0000,,,,0.0,0.0,0.0,0.0,0.0,0.0,0.0,0.0,0.0,-1379651,387004,164342120,67017,44227,-30050,61,ed1efe00,43.51532576871,-79.68375873056,174.6093,-37.1,SOL_COMPUTED,SINGLE,good,1.3643,1.3449,2.1663,19,18,0.0,0.0,0,0,0,0,0,0,0,0,0,SPECTRUMANALYSIS,L2,1228.098,30.103,-50.862,-113.077
2026-05-25 10:50:49.023452,1779720649.023452,2420,139867.0,,,,,,,,,,,,,,,,0.0000,,,,0.0,0.0,0.0,0.0,0.0,0.0,0.0,0.0,0.0,-1526670,245520,164398461,100835,75967,-59015,61,ed1efe00,43.51533333916,-79.68374248858,175.0584,-37.1,SOL_COMPUTED,SINGLE,good,1.5337,1.2183,2.1306,20,19,0.0,0.0,0,0,0,0,0,0,0,0,0,SPECTRUMANALYSIS,L2,1228.098,30.103,-50.862,-113.077
2026-05-25 10:50:50.023375,1779720650.023375,2420,139868.0,,,,,,,,,,,,,,,,0.0000,,,,0.0,0.0,0.0,0.0,0.0,0.0,0.0,0.0,0.0,-1603478,255002,164414905,26002,51401,-18703,61,ed1efe00,43.51533662632,-79.6837463953,176.0206,-37.1,SOL_COMPUTED,SINGLE,good,1.4844,1.2189,2.1345,20,19,0.0,0.0,0,0,0,0,0,0,0,0,0,SPECTRUMANALYSIS,L2,1229.124,17.651,-52.457,-114.751
2026-05-25 10:50:51.020838,1779720651.020838,2420,139869.0,,,,,,,,,,,,,,,,0.0000,,,,0.0,0.0,0.0,0.0,0.0,0.0,0.0,0.0,0.0,-1476440,-268764,164203913,-54389,-64526,-67361,61,ed1efe00,43.51533917175,-79.68374710227,176.1587,-37.1,SOL_COMPUTED,SINGLE,good,1.4583,1.206,2.1167,20,19,0.0,0.0,0,0,0,0,0,0,0,0,0,SPECTRUMANALYSIS,L2,1229.124,17.651,-52.457,-114.751
2026-05-25 10:50:52.023228,1779720652.023228,2420,139870.0,,,,,,,,,,,,,,,,0.0000,,,,0.0,0.0,0.0,0.0,0.0,0.0,0.0,0.0,0.0,-1610880,119657,164354089,94747,1427,-39564,61,ed1efe00,43.51533941448,-79.6837471195,175.7522,-37.1,SOL_COMPUTED,SINGLE,good,1.4582,1.2114,2.1193,20,19,0.0,0.0,0,0,0,0,0,0,0,0,0,SPECTRUMANALYSIS,L2,1229.124,17.651,-52.457,-114.751
2026-05-25 10:50:53.026562,1779720653.026562,2420,139871.0,,,,,,,,,,,,,,,,0.0000,,,,0.0,0.0,0.0,0.0,0.0,0.0,0.0,0.0,0.0,-1782305,524517,164542549,43946,308666,-17154,61,ed1dfe00,43.51533623428,-79.68374551185,175.7951,-37.1,SOL_COMPUTED,SINGLE,good,1.4429,1.2028,2.1097,20,19,0.0,0.0,0,0,0,0,0,0,0,0,0,SPECTRUMANALYSIS,L2,1225.022,3.882,-62.535,-125.227
2026-05-25 10:50:54.025753,1779720654.025753,2420,139872.0,,,,,,,,,,,,,,,,0.0000,,,,0.0,0.0,0.0,0.0,0.0,0.0,0.0,0.0,0.0,-1761545,328090,164551335,10571,228028,-69640,61,ed1dfe00,43.51533532384,-79.68374692374,175.9585,-37.1,SOL_COMPUTED,SINGLE,good,1.4394,1.2033,2.1051,20,19,0.0,0.0,0,0,0,0,0,0,0,0,0,SPECTRUMANALYSIS,L2,1225.022,3.882,-62.535,-125.227
2026-05-25 10:50:55.020708,1779720655.020708,2420,139873.0,,,,,,,,,,,,,,,,0.0000,,,,0.0,0.0,0.0,0.0,0.0,0.0,0.0,0.0,0.0,-1670224,149744,164451113,19449,34413,-35440,61,ed1efe00,43.5153330024,-79.68374797623,176.6033,-37.1,SOL_COMPUTED,SINGLE,good,1.4388,1.2016,2.102,20,19,0.0,0.0,0,0,0,0,0,0,0,0,0,SPECTRUMANALYSIS,L2,1225.022,3.882,-62.535,-125.227
2026-05-25 10:50:56.023476,1779720656.023476,2420,139874.0,,,,,,,,,,,,,,,,0.0000,,,,0.0,0.0,0.0,0.0,0.0,0.0,0.0,0.0,0.0,-1253109,111690,164347696,-53909,-673788,98090,61,ed1dfe00,43.5153331,-79.68375103547,176.7929,-37.1,SOL_COMPUTED,SINGLE,good,1.4439,1.2006,2.1064,20,19,0.0,0.0,0,0,0,0,0,0,0,0,0,SPECTRUMANALYSIS,L2,1236.338,14.941,-53.604,-116.514
2026-05-25 10:50:57.023853,1779720657.023853,2420,139875.0,,,,,,,,,,,,,,,,0.0000,,,,0.0,0.0,0.0,0.0,0.0,0.0,0.0,0.0,0.0,-1132903,101887,164251643,43301,112655,-15131,61,ed1cfe00,43.51533523772,-79.68375122051,176.7964,-37.1,SOL_COMPUTED,SINGLE,good,1.436,1.201,2.1051,20,19,0.0,0.0,0,0,0,0,0,0,0,0,0,SPECTRUMANALYSIS,L2,1236.338,14.941,-53.604,-116.514
2026-05-25 10:50:58.020838,1779720658.020838,2420,139876.0,,,,,,,,,,,,,,,,0.0000,,,,0.0,0.0,0.0,0.0,0.0,0.0,0.0,0.0,0.0,-1526451,389949,164406990,63170,150990,-32765,61,ed1dfe00,43.51533714378,-79.68374957261,176.7854,-37.1,SOL_COMPUTED,SINGLE,good,1.425,1.1963,2.0952,20,19,0.0,0.0,0,0,0,0,0,0,0,0,0,SPECTRUMANALYSIS,L2,1236.338,14.941,-53.604,-116.514
2026-05-25 10:50:59.023998,1779720659.023998,2420,139877.0,,,,,,,,,,,,,,,,0.0000,,,,0.0,0.0,0.0,0.0,0.0,0.0,0.0,0.0,0.0,-1115928,533436,164208046,3011,-102164,26396,61,ed1dfe00,43.51533170627,-79.68374792006,176.9612,-37.1,SOL_COMPUTED,SINGLE,good,1.4235,1.1961,2.0918,20,19,0.0,0.0,0,0,0,0,0,0,0,0,0,SPECTRUMANALYSIS,L2,1236.594,15.894,-53.354,-118.02
2026-05-25 10:51:00.023951,1779720660.023951,2420,139878.0,,,,,,,,,,,,,,,,0.0000,,,,0.0,0.0,0.0,0.0,0.0,0.0,0.0,0.0,0.0,-1438001,404222,164359227,58854,-27504,-41421,61,ed1cfe00,43.51533061709,-79.68374823815,176.9813,-37.1,SOL_COMPUTED,SINGLE,good,1.4266,1.1974,2.0958,21,20,0.0,0.0,0,0,0,0,0,0,0,0,0,SPECTRUMANALYSIS,L2,1236.594,15.894,-53.354,-118.02
2026-05-25 10:51:01.023876,1779720661.023876,2420,139879.0,,,,,,,,,,,,,,,,0.0000,,,,0.0,0.0,0.0,0.0,0.0,0.0,0.0,0.0,0.0,-1892161,137178,164569182,54856,-34192,-18146,61,ed1cfe00,43.51533081828,-79.68375097424,177.2275,-37.1,SOL_COMPUTED,SINGLE,good,1.4218,1.1671,2.0571,21,20,0.0,0.0,0,0,0,0,0,0,0,0,0,SPECTRUMANALYSIS,L2,1236.594,15.894,-53.354,-118.02
2026-05-25 10:51:02.024819,1779720662.024819,2420,139880.0,,,,,,,,,,,,,,,,0.0000,,,,0.0,0.0,0.0,0.0,0.0,0.0,0.0,0.0,0.0,-1378674,283320,164374463,7177,-21351,-46407,61,ed1cfe00,43.51533256084,-79.68374983781,176.985,-37.1,SOL_COMPUTED,SINGLE,good,1.4251,1.1617,2.0533,21,20,0.0,0.0,0,0,0,0,0,0,0,0,0,SPECTRUMANALYSIS,L2,1227.329,30.908,-50.855,-117.702
2026-05-25 10:51:03.022189,1779720663.022189,2420,139881.0,,,,,,,,,,,,,,,,0.0000,,,,0.0,0.0,0.0,0.0,0.0,0.0,0.0,0.0,0.0,-1610918,213234,164381552,90036,-22322,-22595,61,ed1cfe00,43.51533289043,-79.68374725806,176.5181,-37.1,SOL_COMPUTED,SINGLE,good,1.4246,1.1586,2.0489,21,20,0.0,0.0,0,0,0,0,0,0,0,0,0,SPECTRUMANALYSIS,L2,1227.329,30.908,-50.855,-117.702
2026-05-25 10:51:04.024696,1779720664.024696,2420,139882.0,,,,,,,,,,,,,,,,0.0000,,,,0.0,0.0,0.0,0.0,0.0,0.0,0.0,0.0,0.0,-1624323,354272,164410181,106231,80704,-41980,61,ed1bfe00,43.51533608488,-79.68374761547,176.2663,-37.1,SOL_COMPUTED,SINGLE,good,1.4205,1.1655,2.0534,21,20,0.0,0.0,0,0,0,0,0,0,0,0,0,SPECTRUMANALYSIS,L2,1227.329,30.908,-50.855,-117.702
2026-05-25 10:51:05.023022,1779720665.023022,2420,139883.0,,,,,,,,,,,,,,,,0.0000,,,,0.0,0.0,0.0,0.0,0.0,0.0,0.0,0.0,0.0,-2107462,396067,164660937,144283,567889,-94400,61,ed1cfe00,43.51533554222,-79.68374644851,176.2262,-37.1,SOL_COMPUTED,SINGLE,good,1.4181,1.1896,2.0863,20,19,0.0,0.0,0,0,0,0,0,0,0,0,0,SPECTRUMANALYSIS,L2,1228.501,30.176,-51.314,-117.125
2026-05-25 10:51:06.023078,1779720666.023078,2420,139884.0,,,,,,,,,,,,,,,,0.0000,,,,0.0,0.0,0.0,0.0,0.0,0.0,0.0,0.0,0.0,-1670817,652394,164548461,40679,89375,-29245,61,ed1bfe00,43.51533649353,-79.68374476456,175.8912,-37.1,SOL_COMPUTED,SINGLE,good,1.4247,1.1501,2.0389,21,20,0.0,0.0,0,0,0,0,0,0,0,0,0,SPECTRUMANALYSIS,L2,1228.501,30.176,-51.314,-117.125
2026-05-25 10:51:07.022957,1779720667.022957,2420,139885.0,,,,,,,,,,,,,,,,0.0000,,,,0.0,0.0,0.0,0.0,0.0,0.0,0.0,0.0,0.0,-1633871,554824,164458686,87427,133915,-16395,61,ed1bfe00,43.51533725191,-79.68374699493,176.1348,-37.1,SOL_COMPUTED,SINGLE,good,1.4171,1.1399,2.0266,21,20,0.0,0.0,0,0,0,0,0,0,0,0,0,SPECTRUMANALYSIS,L2,1228.501,30.176,-51.314,-117.125
2026-05-25 10:51:08.021942,1779720668.021942,2420,139886.0,,,,,,,,,,,,,,,,0.0000,,,,0.0,0.0,0.0,0.0,0.0,0.0,0.0,0.0,0.0,-1455974,377447,164413602,71197,-127675,-2384,61,ed1bfe00,43.51533915162,-79.68374525652,175.7183,-37.1,SOL_COMPUTED,SINGLE,good,1.4218,1.1422,2.0313,21,20,0.0,0.0,0,0,0,0,0,0,0,0,0,SPECTRUMANALYSIS,L2,1233.408,15.381,-53.857,-117.882
2026-05-25 10:51:09.021580,1779720669.021580,2420,139887.0,,,,,,,,,,,,,,,,0.0000,,,,0.0,0.0,0.0,0.0,0.0,0.0,0.0,0.0,0.0,-1404301,192083,164256479,74576,98446,-29006,61,ed1bfe00,43.51534056295,-79.68374297888,175.326,-37.1,SOL_COMPUTED,SINGLE,good,1.4217,1.1398,2.027,21,20,0.0,0.0,0,0,0,0,0,0,0,0,0,SPECTRUMANALYSIS,L2,1233.408,15.381,-53.857,-117.882
2026-05-25 10:51:10.022089,1779720670.022089,2420,139888.0,,,,,,,,,,,,,,,,0.0000,,,,0.0,0.0,0.0,0.0,0.0,0.0,0.0,0.0,0.0,-1500684,163990,164397910,37294,74850,-12267,61,ed1bfe00,43.51534341678,-79.6837427369,175.0936,-37.1,SOL_COMPUTED,SINGLE,good,1.4193,1.1459,2.0344,21,20,0.0,0.0,0,0,0,0,0,0,0,0,0,SPECTRUMANALYSIS,L2,1233.408,15.381,-53.857,-117.882
2026-05-25 10:51:11.022093,1779720671.022093,2420,139889.0,,,,,,,,,,,,,,,,0.0000,,,,0.0,0.0,0.0,0.0,0.0,0.0,0.0,0.0,0.0,-1498635,285688,164422164,71175,46494,267,61,ed1bfe00,43.51534178802,-79.68374804714,175.6899,-37.1,SOL_COMPUTED,SINGLE,good,1.4226,1.1938,2.0923,20,19,0.0,0.0,0,0,0,0,0,0,0,0,0,SPECTRUMANALYSIS,L2,1221.506,17.212,-54.344,-121.166
2026-05-25 10:51:12.026668,1779720672.026668,2420,139890.0,,,,,,,,,,,,,,,,0.0000,,,,0.0,0.0,0.0,0.0,0.0,0.0,0.0,0.0,0.0,-1434752,330329,164339529,15465,23034,-20715,61,ed1afe00,43.51534190628,-79.68374749206,175.5912,-37.1,SOL_COMPUTED,SINGLE,good,1.4179,1.1895,2.0866,20,19,0.0,0.0,0,0,0,0,0,0,0,0,0,SPECTRUMANALYSIS,L2,1221.506,17.212,-54.344,-121.166
2026-05-25 10:51:13.022827,1779720673.022827,2420,139891.0,,,,,,,,,,,,,,,,0.0000,,,,0.0,0.0,0.0,0.0,0.0,0.0,0.0,0.0,0.0,-1465797,354779,164348001,82891,92077,-8441,61,ed1afe00,43.51534258003,-79.68374727769,175.4908,-37.1,SOL_COMPUTED,SINGLE,good,1.422,1.1914,2.0894,20,19,0.0,0.0,0,0,0,0,0,0,0,0,0,SPECTRUMANALYSIS,L2,1221.506,17.212,-54.344,-121.166
2026-05-25 10:51:14.020454,1779720674.020454,2420,139892.0,,,,,,,,,,,,,,,,0.0000,,,,0.0,0.0,0.0,0.0,0.0,0.0,0.0,0.0,0.0,-1529334,344651,164433701,122325,23741,-23918,61,ed1afe00,43.51534262837,-79.68374713819,175.4312,-37.1,SOL_COMPUTED,SINGLE,good,1.4189,1.1888,2.087,20,19,0.0,0.0,0,0,0,0,0,0,0,0,0,SPECTRUMANALYSIS,L2,1230.588,1.831,-62.705,-117.435
2026-05-25 10:51:15.021579,1779720675.021579,2420,139893.0,,,,,,,,,,,,,,,,0.0000,,,,0.0,0.0,0.0,0.0,0.0,0.0,0.0,0.0,0.0,-1540661,251427,164390012,41678,36655,-40973,61,ed1afe00,43.51534302135,-79.68374797058,175.3694,-37.1,SOL_COMPUTED,SINGLE,good,1.4253,1.1938,2.092,20,19,0.0,0.0,0,0,0,0,0,0,0,0,0,SPECTRUMANALYSIS,L2,1230.588,1.831,-62.705,-117.435
2026-05-25 10:51:16.020052,1779720676.020052,2420,139894.0,,,,,,,,,,,,,,,,0.0000,,,,0.0,0.0,0.0,0.0,0.0,0.0,0.0,0.0,0.0,-1583149,413888,164305904,90280,40876,9901,61,ed1afe00,43.51534418792,-79.68374848579,175.2289,-37.1,SOL_COMPUTED,SINGLE,good,1.4294,1.1965,2.0956,20,19,0.0,0.0,0,0,0,0,0,0,0,0,0,SPECTRUMANALYSIS,L2,1230.588,1.831,-62.705,-117.435
2026-05-25 10:51:17.021130,1779720677.021130,2420,139895.0,,,,,,,,,,,,,,,,0.0000,,,,0.0,0.0,0.0,0.0,0.0,0.0,0.0,0.0,0.0,-1539968,315099,164397641,42179,99101,18165,61,ed1afe00,43.51534449026,-79.68374864862,175.2044,-37.1,SOL_COMPUTED,SINGLE,good,1.4169,1.1877,2.0838,20,19,0.0,0.0,0,0,0,0,0,0,0,0,0,SPECTRUMANALYSIS,L2,1227.146,28.931,-51.601,-117.001
2026-05-25 10:51:18.025603,1779720678.025603,2420,139896.0,,,,,,,,,,,,,,,,0.0000,,,,0.0,0.0,0.0,0.0,0.0,0.0,0.0,0.0,0.0,-1446037,317878,164432965,84211,35772,-20001,61,ed1afe00,43.5153449495,-79.68374947108,175.1254,-37.1,SOL_COMPUTED,SINGLE,good,1.4175,1.1901,2.087,20,19,0.0,0.0,0,0,0,0,0,0,0,0,0,SPECTRUMANALYSIS,L2,1227.146,28.931,-51.601,-117.001
2026-05-25 10:51:19.020702,1779720679.020702,2420,139897.0,,,,,,,,,,,,,,,,0.0000,,,,0.0,0.0,0.0,0.0,0.0,0.0,0.0,0.0,0.0,-1518608,267774,164368892,68373,32213,-24356,61,ed19fe00,43.5153458281,-79.68374958405,174.9667,-37.1,SOL_COMPUTED,SINGLE,good,1.4196,1.1904,2.0872,20,19,0.0,0.0,0,0,0,0,0,0,0,0,0,SPECTRUMANALYSIS,L2,1227.146,28.931,-51.601,-117.001
2026-05-25 10:51:20.020215,1779720680.020215,2420,139898.0,,,,,,,,,,,,,,,,0.0000,,,,0.0,0.0,0.0,0.0,0.0,0.0,0.0,0.0,0.0,-1469567,286447,164401474,47317,25309,-37078,61,ed19fe00,43.51534647573,-79.68375000616,174.8586,-37.1,SOL_COMPUTED,SINGLE,good,1.4185,1.1885,2.085,20,19,0.0,0.0,0,0,0,0,0,0,0,0,0,SPECTRUMANALYSIS,L2,1230.295,17.505,-52.898,-117.141
2026-05-25 10:51:21.021581,1779720681.021581,2420,139899.0,,,,,,,,,,,,,,,,0.0000,,,,0.0,0.0,0.0,0.0,0.0,0.0,0.0,0.0,0.0,-1506137,360385,164414074,82787,124593,-28920,61,ed19fe00,43.51534702034,-79.68375066127,174.7798,-37.1,SOL_COMPUTED,SINGLE,good,1.416,1.1869,2.0834,20,19,0.0,0.0,0,0,0,0,0,0,0,0,0,SPECTRUMANALYSIS,L2,1230.295,17.505,-52.898,-117.141
2026-05-25 10:51:22.022909,1779720682.022909,2420,139900.0,,,,,,,,,,,,,,,,0.0000,,,,0.0,0.0,0.0,0.0,0.0,0.0,0.0,0.0,0.0,-1532078,326686,164413644,82630,54139,-28591,61,ed19fe00,43.51534752804,-79.68375136839,174.6683,-37.1,SOL_COMPUTED,SINGLE,good,1.4213,1.191,2.0889,20,19,0.0,0.0,0,0,0,0,0,0,0,0,0,SPECTRUMANALYSIS,L2,1230.295,17.505,-52.898,-117.141
2026-05-25 10:51:23.021384,1779720683.021384,2420,139901.0,,,,,,,,,,,,,,,,0.0000,,,,0.0,0.0,0.0,0.0,0.0,0.0,0.0,0.0,0.0,-1542637,317172,164424950,67396,32977,-21318,61,ed19fe00,43.5153484143,-79.68375159579,174.5343,-37.1,SOL_COMPUTED,SINGLE,good,1.423,1.1925,2.0915,20,19,0.0,0.0,0,0,0,0,0,0,0,0,0,SPECTRUMANALYSIS,L2,1226.011,27.832,-51.558,-117.215
2026-05-25 10:51:24.021743,1779720684.021743,2420,139902.0,,,,,,,,,,,,,,,,0.0000,,,,0.0,0.0,0.0,0.0,0.0,0.0,0.0,0.0,0.0,-1456956,302296,164402187,65358,26261,-25682,61,ed18fe00,43.51534855988,-79.68375206012,174.3948,-37.1,SOL_COMPUTED,SINGLE,good,1.4194,1.1891,2.0887,20,19,0.0,0.0,0,0,0,0,0,0,0,0,0,SPECTRUMANALYSIS,L2,1226.011,27.832,-51.558,-117.215
2026-05-25 10:51:25.022990,1779720685.022990,2420,139903.0,,,,,,,,,,,,,,,,0.0000,,,,0.0,0.0,0.0,0.0,0.0,0.0,0.0,0.0,0.0,-1478919,254249,164341362,49904,8112,-36523,61,ed19fe00,43.51534927289,-79.68375233729,174.2374,-37.1,SOL_COMPUTED,SINGLE,good,1.4189,1.1875,2.0867,20,19,0.0,0.0,0,0,0,0,0,0,0,0,0,SPECTRUMANALYSIS,L2,1226.011,27.832,-51.558,-117.215
2026-05-25 10:51:26.026035,1779720686.026035,2420,139904.0,,,,,,,,,,,,,,,,0.0000,,,,0.0,0.0,0.0,0.0,0.0,0.0,0.0,0.0,0.0,-1464267,282694,164403436,38110,79342,-25126,61,ed18fe00,43.5153493027,-79.68375333634,174.11,-37.1,SOL_COMPUTED,SINGLE,good,1.4212,1.1612,2.0552,21,20,0.0,0.0,0,0,0,0,0,0,0,0,0,SPECTRUMANALYSIS,L2,1231.65,6.445,-58.043,-119.064
2026-05-25 10:51:27.022196,1779720687.022196,2420,139905.0,,,,,,,,,,,,,,,,0.0000,,,,0.0,0.0,0.0,0.0,0.0,0.0,0.0,0.0,0.0,-1472402,293906,164347410,54943,62017,-15808,61,ed18fe00,43.5153491305,-79.68375991836,174.6762,-37.1,SOL_COMPUTED,SINGLE,good,1.415,1.1458,2.0352,21,20,0.0,0.0,0,0,0,0,0,0,0,0,0,SPECTRUMANALYSIS,L2,1231.65,6.445,-58.043,-119.064
2026-05-25 10:51:28.024765,1779720688.024765,2420,139906.0,,,,,,,,,,,,,,,,0.0000,,,,0.0,0.0,0.0,0.0,0.0,0.0,0.0,0.0,0.0,-1556548,321184,164440801,15976,61377,-42786,61,ed18fe00,43.51534878481,-79.68376727636,175.2849,-37.1,SOL_COMPUTED,SINGLE,good,1.4164,1.1462,2.0363,21,20,0.0,0.0,0,0,0,0,0,0,0,0,0,SPECTRUMANALYSIS,L2,1231.65,6.445,-58.043,-119.064
2026-05-25 10:51:29.020765,1779720689.020765,2420,139907.0,,,,,,,,,,,,,,,,0.0000,,,,0.0,0.0,0.0,0.0,0.0,0.0,0.0,0.0,0.0,-1601649,316686,164397206,65496,47519,-25871,61,ed18fe00,43.51534783631,-79.68377897308,176.3919,-37.1,SOL_COMPUTED,SINGLE,good,1.417,1.139,2.0275,21,20,0.0,0.0,0,0,0,0,0,0,0,0,0,SPECTRUMANALYSIS,L2,1224.619,10.547,-57.333,-124.094
2026-05-25 10:51:30.021897,1779720690.021897,2420,139908.0,,,,,,,,,,,,,,,,0.0000,,,,0.0,0.0,0.0,0.0,0.0,0.0,0.0,0.0,0.0,-1450729,297177,164361824,68218,37978,-16658,61,ed17fe00,43.51534771831,-79.68378532788,176.8781,-37.1,SOL_COMPUTED,SINGLE,good,1.4182,1.141,2.0307,21,20,0.0,0.0,0,0,0,0,0,0,0,0,0,SPECTRUMANALYSIS,L2,1224.619,10.547,-57.333,-124.094
2026-05-25 10:51:31.026584,1779720691.026584,2420,139909.0,,,,,,,,,,,,,,,,0.0000,,,,0.0,0.0,0.0,0.0,0.0,0.0,0.0,0.0,0.0,-1466126,367809,164397846,85097,67323,-40554,61,ed17fe00,43.51535276936,-79.68375589271,173.1256,-37.1,SOL_COMPUTED,SINGLE,good,1.4183,1.1885,2.0887,21,19,0.0,0.0,0,0,0,0,0,0,0,0,0,SPECTRUMANALYSIS,L2,1224.619,10.547,-57.333,-124.094
2026-05-25 10:51:32.024940,1779720692.024940,2420,139910.0,,,,,,,,,,,,,,,,0.0000,,,,0.0,0.0,0.0,0.0,0.0,0.0,0.0,0.0,0.0,-1591642,561725,164401619,74503,184565,-10296,61,ed17fe00,43.51534534427,-79.68374982535,171.9643,-37.1,SOL_COMPUTED,SINGLE,good,1.4642,1.2118,2.1279,20,18,0.0,0.0,0,0,0,0,0,0,0,0,0,SPECTRUMANALYSIS,L2,1237.656,2.49,-62.052,-118.185
2026-05-25 10:51:33.021094,1779720693.021094,2420,139911.0,,,,,,,,,,,,,,,,0.0000,,,,0.0,0.0,0.0,0.0,0.0,0.0,0.0,0.0,0.0,-1664698,331657,164382284,20848,-157659,-34357,61,ed17fe00,43.5153460833,-79.68375052189,171.78,-37.1,SOL_COMPUTED,SINGLE,good,1.4584,1.2063,2.1197,20,18,0.0,0.0,0,0,0,0,0,0,0,0,0,SPECTRUMANALYSIS,L2,1237.656,2.49,-62.052,-118.185
2026-05-25 10:51:34.022376,1779720694.022376,2420,139912.0,,,,,,,,,,,,,,,,0.0000,,,,0.0,0.0,0.0,0.0,0.0,0.0,0.0,0.0,0.0,-1735272,44814,164541622,111013,25085,-34031,61,ed17fe00,43.51534666165,-79.68375132781,171.6131,-37.1,SOL_COMPUTED,SINGLE,good,1.4639,1.2099,2.1263,20,18,0.0,0.0,0,0,0,0,0,0,0,0,0,SPECTRUMANALYSIS,L2,1237.656,2.49,-62.052,-118.185
2026-05-25 10:51:35.023037,1779720695.023037,2420,139913.0,,,,,,,,,,,,,,,,0.0000,,,,0.0,0.0,0.0,0.0,0.0,0.0,0.0,0.0,0.0,-1343812,410431,164310894,58963,-4316,19827,61,ed17fe00,43.51534735339,-79.68375204822,171.462,-37.1,SOL_COMPUTED,SINGLE,good,1.4654,1.212,2.1296,20,18,0.0,0.0,0,0,0,0,0,0,0,0,0,SPECTRUMANALYSIS,L2,1237.656,2.49,-62.052,-118.185
2026-05-25 10:51:36.023054,1779720696.023054,2420,139914.0,,,,,,,,,,,,,,,,0.0000,,,,0.0,0.0,0.0,0.0,0.0,0.0,0.0,0.0,0.0,-1535192,474935,164403414,48395,113021,-22852,61,ed17fe00,43.51534791675,-79.6837526383,171.3081,-37.1,SOL_COMPUTED,SINGLE,good,1.4666,1.2127,2.1307,20,18,0.0,0.0,0,0,0,0,0,0,0,0,0,SPECTRUMANALYSIS,L2,1232.31,11.279,-55.407,-117.519
2026-05-25 10:51:37.023548,1779720697.023548,2420,139915.0,,,,,,,,,,,,,,,,0.0000,,,,0.0,0.0,0.0,0.0,0.0,0.0,0.0,0.0,0.0,-1435004,568584,164379527,51639,15943,-40661,61,ed16fe00,43.51534830938,-79.68375330532,171.1426,-37.1,SOL_COMPUTED,SINGLE,good,1.4654,1.2121,2.131,20,18,0.0,0.0,0,0,0,0,0,0,0,0,0,SPECTRUMANALYSIS,L2,1232.31,11.279,-55.407,-117.519
2026-05-25 10:51:38.028955,1779720698.028955,2420,139916.0,,,,,,,,,,,,,,,,0.0000,,,,0.0,0.0,0.0,0.0,0.0,0.0,0.0,0.0,0.0,-1534507,485145,164467530,106114,119995,-13857,61,ed16fe00,43.51534907307,-79.6837539808,171.0343,-37.1,SOL_COMPUTED,SINGLE,good,1.4603,1.2088,2.1244,21,19,0.0,0.0,0,0,0,0,0,0,0,0,0,SPECTRUMANALYSIS,L2,1232.31,11.279,-55.407,-117.519
2026-05-25 10:51:39.023502,1779720699.023502,2420,139917.0,,,,,,,,,,,,,,,,0.0000,,,,0.0,0.0,0.0,0.0,0.0,0.0,0.0,0.0,0.0,-1268251,-134011,164197788,61643,-57272,-48270,61,ed16fe00,43.51535339445,-79.68375830425,171.3616,-37.1,SOL_COMPUTED,SINGLE,good,1.428,1.1958,2.1025,21,19,0.0,0.0,0,0,0,0,0,0,0,0,0,SPECTRUMANALYSIS,L2,1229.856,33.032,-50.229,-115.605
2026-05-25 10:51:40.021882,1779720700.021882,2420,139918.0,,,,,,,,,,,,,,,,0.0000,,,,0.0,0.0,0.0,0.0,0.0,0.0,0.0,0.0,0.0,-1707520,-236922,164344872,151759,300598,-116702,61,ed16fe00,43.51535450971,-79.68375991311,171.2592,-37.1,SOL_COMPUTED,SINGLE,good,1.4243,1.193,2.098,21,19,0.0,0.0,0,0,0,0,0,0,0,0,0,SPECTRUMANALYSIS,L2,1229.856,33.032,-50.229,-115.605
2026-05-25 10:51:41.024176,1779720701.024176,2420,139919.0,,,,,,,,,,,,,,,,0.0000,,,,0.0,0.0,0.0,0.0,0.0,0.0,0.0,0.0,0.0,-1537764,198504,164451730,-83042,-232,-23260,61,ed15fe00,43.51535043129,-79.68375769499,170.4833,-37.1,SOL_COMPUTED,SINGLE,good,1.4211,1.1912,2.0939,21,19,0.0,0.0,0,0,0,0,0,0,0,0,0,SPECTRUMANALYSIS,L2,1229.856,33.032,-50.229,-115.605
2026-05-25 10:51:42.023181,1779720702.023181,2420,139920.0,,,,,,,,,,,,,,,,0.0000,,,,0.0,0.0,0.0,0.0,0.0,0.0,0.0,0.0,0.0,-1374761,246538,164293212,87163,-31232,-37317,61,ed15fe00,43.51534729515,-79.68375622284,169.7935,-37.1,SOL_COMPUTED,SINGLE,good,1.4156,1.1879,2.0873,21,19,0.0,0.0,0,0,0,0,0,0,0,0,0,SPECTRUMANALYSIS,L2,1236.851,2.344,-62.296,-123.024
2026-05-25 10:51:43.020731,1779720703.020731,2420,139921.0,,,,,,,,,,,,,,,,0.0000,,,,0.0,0.0,0.0,0.0,0.0,0.0,0.0,0.0,0.0,-2662188,509332,164953990,-97925,45176,-38648,61,ed15fe00,43.51534630939,-79.68375690082,169.3328,-37.1,SOL_COMPUTED,SINGLE,good,1.4152,1.1892,2.0884,20,19,0.0,0.0,0,0,0,0,0,0,0,0,0,SPECTRUMANALYSIS,L2,1236.851,2.344,-62.296,-123.024
2026-05-25 10:51:44.020389,1779720704.020389,2420,139922.0,,,,,,,,,,,,,,,,0.0000,,,,0.0,0.0,0.0,0.0,0.0,0.0,0.0,0.0,0.0,-1133348,908605,164286689,32361,42677,-41060,61,ed15fe00,43.51534664639,-79.68375790858,169.0348,-37.1,SOL_COMPUTED,SINGLE,good,1.416,1.1887,2.0889,20,19,0.0,0.0,0,0,0,0,0,0,0,0,0,SPECTRUMANALYSIS,L2,1236.851,2.344,-62.296,-123.024
2026-05-25 10:51:45.022739,1779720705.022739,2420,139923.0,,,,,,,,,,,,,,,,0.0000,,,,0.0,0.0,0.0,0.0,0.0,0.0,0.0,0.0,0.0,-1321230,698726,164338356,73435,70592,-48248,61,ed15fe00,43.51534708512,-79.68375936194,168.7245,-37.1,SOL_COMPUTED,SINGLE,good,1.4223,1.1932,2.0977,20,19,0.0,0.0,0,0,0,0,0,0,0,0,0,SPECTRUMANALYSIS,L2,1235.972,16.113,-53.039,-119.35
2026-05-25 10:51:46.029000,1779720706.029000,2420,139924.0,,,,,,,,,,,,,,,,0.0000,,,,0.0,0.0,0.0,0.0,0.0,0.0,0.0,0.0,0.0,-1884456,251773,164548040,87360,103216,-33167,61,ed15fe00,43.5153485691,-79.6837602282,168.3714,-37.1,SOL_COMPUTED,SINGLE,good,1.4174,1.1869,2.0882,20,19,0.0,0.0,0,0,0,0,0,0,0,0,0,SPECTRUMANALYSIS,L2,1235.972,16.113,-53.039,-119.35
2026-05-25 10:51:47.020828,1779720707.020828,2420,139925.0,,,,,,,,,,,,,,,,0.0000,,,,0.0,0.0,0.0,0.0,0.0,0.0,0.0,0.0,0.0,-1612107,381892,164469737,80951,40964,-23837,61,ed14fe00,43.51534748754,-79.6837615286,167.9035,-37.1,SOL_COMPUTED,SINGLE,good,1.424,1.1937,2.1002,20,19,0.0,0.0,0,0,0,0,0,0,0,0,0,SPECTRUMANALYSIS,L2,1235.972,16.113,-53.039,-119.35
2026-05-25 10:51:48.021728,1779720708.021728,2420,139926.0,,,,,,,,,,,,,,,,0.0000,,,,0.0,0.0,0.0,0.0,0.0,0.0,0.0,0.0,0.0,-1300858,304206,164299693,68575,53171,5244,61,ed14fe00,43.51535028457,-79.68376447139,167.7701,-37.1,SOL_COMPUTED,SINGLE,good,1.4611,1.2091,2.1266,19,18,0.0,0.0,0,0,0,0,0,0,0,0,0,SPECTRUMANALYSIS,L2,1226.633,19.263,-52.708,-116.362
2026-05-25 10:51:49.022955,1779720709.022955,2420,139927.0,,,,,,,,,,,,,,,,0.0000,,,,0.0,0.0,0.0,0.0,0.0,0.0,0.0,0.0,0.0,-1572695,390464,164353607,38588,10530,-46804,61,ed14fe00,43.51535011764,-79.68376625306,167.4023,-37.1,SOL_COMPUTED,SINGLE,good,1.4611,1.2112,2.1295,19,18,0.0,0.0,0,0,0,0,0,0,0,0,0,SPECTRUMANALYSIS,L2,1226.633,19.263,-52.708,-116.362
2026-05-25 10:51:50.020754,1779720710.020754,2420,139928.0,,,,,,,,,,,,,,,,0.0000,,,,0.0,0.0,0.0,0.0,0.0,0.0,0.0,0.0,0.0,-1375880,408492,164370394,9390,26247,-32278,61,ed14fe00,43.51534659495,-79.68376407928,166.5391,-37.1,SOL_COMPUTED,SINGLE,good,1.4263,1.1945,2.1027,20,19,0.0,0.0,0,0,0,0,0,0,0,0,0,SPECTRUMANALYSIS,L2,1226.633,19.263,-52.708,-116.362
2026-05-25 10:51:51.022460,1779720711.022460,2420,139929.0,,,,,,,,,,,,,,,,0.0000,,,,0.0,0.0,0.0,0.0,0.0,0.0,0.0,0.0,0.0,-1530312,409978,164373205,53656,56178,35698,61,ed14fe00,43.51534600081,-79.68376460157,165.9929,-37.1,SOL_COMPUTED,SINGLE,good,1.4252,1.1931,2.0997,20,19,0.0,0.0,0,0,0,0,0,0,0,0,0,SPECTRUMANALYSIS,L2,1234.8,16.992,-53.464,-118.294
2026-05-25 10:51:52.020423,1779720712.020423,2420,139930.0,,,,,,,,,,,,,,,,0.0000,,,,0.0,0.0,0.0,0.0,0.0,0.0,0.0,0.0,0.0,-1554882,291025,164339051,65735,78096,-18654,61,ed13fe00,43.51534537931,-79.68376503964,165.4306,-37.1,SOL_COMPUTED,SINGLE,good,1.4253,1.1922,2.0981,20,19,0.0,0.0,0,0,0,0,0,0,0,0,0,SPECTRUMANALYSIS,L2,1234.8,16.992,-53.464,-118.294
2026-05-25 10:51:53.021504,1779720713.021504,2420,139931.0,,,,,,,,,,,,,,,,0.0000,,,,0.0,0.0,0.0,0.0,0.0,0.0,0.0,0.0,0.0,-1624949,361628,164373358,79010,41927,-7978,61,ed14fe00,43.51534570048,-79.68376629279,165.0419,-37.1,SOL_COMPUTED,SINGLE,good,1.4241,1.1917,2.0983,20,19,0.0,0.0,0,0,0,0,0,0,0,0,0,SPECTRUMANALYSIS,L2,1234.8,16.992,-53.464,-118.294
2026-05-25 10:51:54.022584,1779720714.022584,2420,139932.0,,,,,,,,,,,,,,,,0.0000,,,,0.0,0.0,0.0,0.0,0.0,0.0,0.0,0.0,0.0,-1476924,359329,164315736,47032,72313,-46492,61,ed13fe00,43.51534458821,-79.68376652245,164.4121,-37.1,SOL_COMPUTED,SINGLE,good,1.4196,1.1874,2.0916,20,19,0.0,0.0,0,0,0,0,0,0,0,0,0,SPECTRUMANALYSIS,L2,1235.496,6.812,-57.653,-119.121
2026-05-25 10:51:55.022350,1779720715.022350,2420,139933.0,,,,,,,,,,,,,,,,0.0000,,,,0.0,0.0,0.0,0.0,0.0,0.0,0.0,0.0,0.0,-1392498,260673,164350666,47221,-24842,-12998,61,ed13fe00,43.51534457678,-79.68377050929,164.3294,-37.1,SOL_COMPUTED,SINGLE,good,1.418,1.1857,2.0896,21,20,0.0,0.0,0,0,0,0,0,0,0,0,0,SPECTRUMANALYSIS,L2,1235.496,6.812,-57.653,-119.121
2026-05-25 10:51:56.021652,1779720716.021652,2420,139934.0,,,,,,,,,,,,,,,,0.0000,,,,0.0,0.0,0.0,0.0,0.0,0.0,0.0,0.0,0.0,-1661703,248671,164403631,53771,36662,-28883,61,ed13fe00,43.51534535473,-79.68377294885,163.9769,-37.1,SOL_COMPUTED,SINGLE,good,1.4217,1.1872,2.0918,21,20,0.0,0.0,0,0,0,0,0,0,0,0,0,SPECTRUMANALYSIS,L2,1235.496,6.812,-57.653,-119.121
2026-05-25 10:51:57.021671,1779720717.021671,2420,139935.0,,,,,,,,,,,,,,,,0.0000,,,,0.0,0.0,0.0,0.0,0.0,0.0,0.0,0.0,0.0,-1644548,259084,164387786,83506,20388,-3597,61,ed13fe00,43.51534989263,-79.68377790869,164.1073,-37.1,SOL_COMPUTED,SINGLE,good,1.4576,1.2037,2.1227,20,19,0.0,0.0,0,0,0,0,0,0,0,0,0,SPECTRUMANALYSIS,L2,1230.295,12.085,-55.601,-117.487
2026-05-25 10:51:58.020428,1779720718.020428,2420,139936.0,,,,,,,,,,,,,,,,0.0000,,,,0.0,0.0,0.0,0.0,0.0,0.0,0.0,0.0,0.0,-1577046,196760,164332977,21786,110927,-36390,61,ed13fe00,43.51534969142,-79.68377960639,163.5324,-37.1,SOL_COMPUTED,SINGLE,good,1.4571,1.2026,2.1179,20,19,0.0,0.0,0,0,0,0,0,0,0,0,0,SPECTRUMANALYSIS,L2,1230.295,12.085,-55.601,-117.487
2026-05-25 10:51:59.022215,1779720719.022215,2420,139937.0,,,,,,,,,,,,,,,,0.0000,,,,0.0,0.0,0.0,0.0,0.0,0.0,0.0,0.0,0.0,-1640482,181718,164410903,22692,19125,-17066,61,ed12fe00,43.51534973187,-79.68378119942,163.1674,-37.1,SOL_COMPUTED,SINGLE,good,1.4562,1.203,2.1191,20,19,0.0,0.0,0,0,0,0,0,0,0,0,0,SPECTRUMANALYSIS,L2,1230.295,12.085,-55.601,-117.487
2026-05-25 10:52:00.021032,1779720720.021032,2420,139938.0,,,,,,,,,,,,,,,,0.0000,,,,0.0,0.0,0.0,0.0,0.0,0.0,0.0,0.0,0.0,-1501779,302253,164402895,22755,106534,-8140,61,ed12fe00,43.51535048352,-79.68378234606,163.0245,-37.1,SOL_COMPUTED,SINGLE,good,1.461,1.2074,2.1324,20,19,0.0,0.0,0,0,0,0,0,0,0,0,0,SPECTRUMANALYSIS,L2,1230.991,4.541,-59.429,-116.786
2026-05-25 10:52:01.021772,1779720721.021772,2420,139939.0,,,,,,,,,,,,,,,,0.0000,,,,0.0,0.0,0.0,0.0,0.0,0.0,0.0,0.0,0.0,-1457869,408819,164366806,52217,31836,-9248,61,ed12fe00,43.51535093973,-79.6837816064,162.2579,-37.1,SOL_COMPUTED,SINGLE,good,1.4595,1.2076,2.1321,19,18,0.0,0.0,0,0,0,0,0,0,0,0,0,SPECTRUMANALYSIS,L2,1230.991,4.541,-59.429,-116.786
2026-05-25 10:52:02.022336,1779720722.022336,2420,139940.0,,,,,,,,,,,,,,,,0.0000,,,,0.0,0.0,0.0,0.0,0.0,0.0,0.0,0.0,0.0,-1455333,370054,164395266,61270,61784,-39788,61,ed12fe00,43.51535177364,-79.68378490004,162.4625,-37.1,SOL_COMPUTED,SINGLE,good,1.4597,1.2077,2.1394,20,19,0.0,0.0,0,0,0,0,0,0,0,0,0,SPECTRUMANALYSIS,L2,1230.991,4.541,-59.429,-116.786
2026-05-25 10:52:03.024148,1779720723.024148,2420,139941.0,,,,,,,,,,,,,,,,0.0000,,,,0.0,0.0,0.0,0.0,0.0,0.0,0.0,0.0,0.0,-1456476,320126,164363374,63926,132663,-24065,61,ed11fe00,43.51535406978,-79.68378318676,163.03,-37.1,SOL_COMPUTED,SINGLE,good,1.4653,1.2148,2.1697,20,19,0.0,0.0,0,0,0,0,0,0,0,0,0,SPECTRUMANALYSIS,L2,1224.546,12.012,-55.74,-122.096
2026-05-25 10:52:04.021136,1779720724.021136,2420,139942.0,,,,,,,,,,,,,,,,0.0000,,,,0.0,0.0,0.0,0.0,0.0,0.0,0.0,0.0,0.0,-1545318,323410,164412424,69849,-10337,-46257,61,ed12fe00,43.51535625033,-79.68378141694,163.4563,-37.1,SOL_COMPUTED,SINGLE,good,1.4637,1.2155,2.1872,20,19,0.0,0.0,0,0,0,0,0,0,0,0,0,SPECTRUMANALYSIS,L2,1224.546,12.012,-55.74,-122.096
2026-05-25 10:52:05.022449,1779720725.022449,2420,139943.0,,,,,,,,,,,,,,,,0.0000,,,,0.0,0.0,0.0,0.0,0.0,0.0,0.0,0.0,0.0,-1516482,420582,164357115,46016,75727,-22214,61,ed11fe00,43.51536261509,-79.68376951856,165.6781,-37.1,SOL_COMPUTED,SINGLE,good,1.4718,1.2327,2.2601,18,17,0.0,0.0,0,0,0,0,0,0,0,0,0,SPECTRUMANALYSIS,L2,1224.546,12.012,-55.74,-122.096
2026-05-25 10:52:06.023241,1779720726.023241,2420,139944.0,,,,,,,,,,,,,,,,0.0000,,,,0.0,0.0,0.0,0.0,0.0,0.0,0.0,0.0,0.0,-1455292,418415,164379578,64753,135582,-55259,61,ed11fe00,43.51536357527,-79.68376987756,165.5468,-37.1,SOL_COMPUTED,SINGLE,good,1.467,1.2305,2.2543,19,18,0.0,0.0,0,0,0,0,0,0,0,0,0,SPECTRUMANALYSIS,L2,1224.949,4.907,-60.343,-124.021
2026-05-25 10:52:07.020709,1779720727.020709,2420,139945.0,,,,,,,,,,,,,,,,0.0000,,,,0.0,0.0,0.0,0.0,0.0,0.0,0.0,0.0,0.0,-1245636,400805,164270025,105209,246424,-33163,61,ed11fe00,43.51536823172,-79.68376341386,167.2425,-37.1,SOL_COMPUTED,SINGLE,good,1.4635,1.2168,2.1787,19,18,0.0,0.0,0,0,0,0,0,0,0,0,0,SPECTRUMANALYSIS,L2,1224.949,4.907,-60.343,-124.021
2026-05-25 10:52:08.022483,1779720728.022483,2420,139946.0,,,,,,,,,,,,,,,,0.0000,,,,0.0,0.0,0.0,0.0,0.0,0.0,0.0,0.0,0.0,-1752219,336785,164459850,11098,-40857,-34129,61,ed11fe00,43.51536876099,-79.68376803123,167.246,-37.1,SOL_COMPUTED,SINGLE,good,1.4642,1.2141,2.1708,21,20,0.0,0.0,0,0,0,0,0,0,0,0,0,SPECTRUMANALYSIS,L2,1224.949,4.907,-60.343,-124.021
2026-05-25 10:52:09.020440,1779720729.020440,2420,139947.0,,,,,,,,,,,,,,,,0.0000,,,,0.0,0.0,0.0,0.0,0.0,0.0,0.0,0.0,0.0,-1520096,273034,164278227,120597,127643,25649,61,ed11fe00,43.51537011765,-79.68376732964,167.4358,-37.1,SOL_COMPUTED,SINGLE,good,1.4326,1.1987,2.1356,21,20,0.0,0.0,0,0,0,0,0,0,0,0,0,SPECTRUMANALYSIS,L2,1228.354,28.857,-51.088,-117.77
2026-05-25 10:52:10.020734,1779720730.020734,2420,139948.0,,,,,,,,,,,,,,,,0.0000,,,,0.0,0.0,0.0,0.0,0.0,0.0,0.0,0.0,0.0,-1279242,370905,164234083,77784,-15487,-12976,61,ed10fe00,43.51537149884,-79.68376771174,167.5657,-37.1,SOL_COMPUTED,SINGLE,good,1.4292,1.1988,2.1297,21,20,0.0,0.0,0,0,0,0,0,0,0,0,0,SPECTRUMANALYSIS,L2,1228.354,28.857,-51.088,-117.77
2026-05-25 10:52:11.026511,1779720731.026511,2420,139949.0,,,,,,,,,,,,,,,,0.0000,,,,0.0,0.0,0.0,0.0,0.0,0.0,0.0,0.0,0.0,-1677814,285667,164464373,69198,129620,16457,61,ed11fe00,43.51536742277,-79.68376459989,167.8747,-37.1,SOL_COMPUTED,SINGLE,good,1.5475,1.2201,2.2049,18,17,0.0,0.0,0,0,0,0,0,0,0,0,0,SPECTRUMANALYSIS,L2,1228.354,28.857,-51.088,-117.77
2026-05-25 10:52:12.022335,1779720732.022335,2420,139950.0,,,,,,,,,,,,,,,,0.0000,,,,0.0,0.0,0.0,0.0,0.0,0.0,0.0,0.0,0.0,-1548358,236097,164385225,96615,-135425,-40716,61,ed10fe00,43.51536743809,-79.68376697011,167.4591,-37.1,SOL_COMPUTED,SINGLE,good,1.5477,1.2179,2.2,19,17,0.0,0.0,0,0,0,0,0,0,0,0,0,SPECTRUMANALYSIS,L2,1229.087,29.59,-51.043,-115.35
2026-05-25 10:52:13.023061,1779720733.023061,2420,139951.0,,,,,,,,,,,,,,,,0.0000,,,,0.0,0.0,0.0,0.0,0.0,0.0,0.0,0.0,0.0,-1526527,347829,164319465,65981,90709,-46792,61,ed10fe00,43.51536831873,-79.68376617758,167.774,-37.1,SOL_COMPUTED,SINGLE,good,1.547,1.215,2.1983,19,18,0.0,0.0,0,0,0,0,0,0,0,0,0,SPECTRUMANALYSIS,L2,1229.087,29.59,-51.043,-115.35
2026-05-25 10:52:14.021513,1779720734.021513,2420,139952.0,,,,,,,,,,,,,,,,0.0000,,,,0.0,0.0,0.0,0.0,0.0,0.0,0.0,0.0,0.0,-1299991,256063,164232220,69784,200998,-9328,61,ed10fe00,43.51536857144,-79.68376476549,166.5376,-37.1,SOL_COMPUTED,SINGLE,good,1.5408,1.1868,2.162,20,19,0.0,0.0,0,0,0,0,0,0,0,0,0,SPECTRUMANALYSIS,L2,1229.087,29.59,-51.043,-115.35
2026-05-25 10:52:15.025362,1779720735.025362,2420,139953.0,,,,,,,,,,,,,,,,0.0000,,,,0.0,0.0,0.0,0.0,0.0,0.0,0.0,0.0,0.0,-1745022,467231,164433761,59895,-102253,-10346,61,ed10fe00,43.51536589125,-79.68376975925,165.4314,-37.1,SOL_COMPUTED,SINGLE,good,1.5483,1.1792,2.1543,20,19,0.0,0.0,0,0,0,0,0,0,0,0,0,SPECTRUMANALYSIS,L2,1236.448,6.226,-56.718,-114.993
2026-05-25 10:52:16.020787,1779720736.020787,2420,139954.0,,,,,,,,,,,,,,,,0.0000,,,,0.0,0.0,0.0,0.0,0.0,0.0,0.0,0.0,0.0,-1298411,544576,164220734,13191,88353,-23734,61,ed0ffe00,43.51536412806,-79.68376302548,166.2063,-37.1,SOL_COMPUTED,SINGLE,good,1.4639,1.1634,2.0853,20,19,0.0,0.0,0,0,0,0,0,0,0,0,0,SPECTRUMANALYSIS,L2,1236.448,6.226,-56.718,-114.993
2026-05-25 10:52:17.021494,1779720737.021494,2420,139955.0,,,,,,,,,,,,,,,,0.0000,,,,0.0,0.0,0.0,0.0,0.0,0.0,0.0,0.0,0.0,-1577248,453295,164417082,49483,94362,-23999,61,ed0ffe00,43.5153658782,-79.68376043903,167.3868,-37.1,SOL_COMPUTED,SINGLE,good,1.4634,1.1602,2.0826,21,20,0.0,0.0,0,0,0,0,0,0,0,0,0,SPECTRUMANALYSIS,L2,1236.448,6.226,-56.718,-114.993
2026-05-25 10:52:18.021261,1779720738.021261,2420,139956.0,,,,,,,,,,,,,,,,0.0000,,,,0.0,0.0,0.0,0.0,0.0,0.0,0.0,0.0,0.0,-1416791,349354,164283082,33629,45729,-49261,61,ed0ffe00,43.51537941694,-79.68377371118,168.7534,-37.1,SOL_COMPUTED,SINGLE,good,1.4312,1.1407,2.0538,21,20,0.0,0.0,0,0,0,0,0,0,0,0,0,SPECTRUMANALYSIS,L2,1236.411,8.789,-55.619,-119.63
2026-05-25 10:52:19.023832,1779720739.023832,2420,139957.0,,,,,,,,,,,,,,,,0.0000,,,,0.0,0.0,0.0,0.0,0.0,0.0,0.0,0.0,0.0,-1377044,72441,164219752,95295,126168,6547,61,ed0ffe00,43.51535379502,-79.68378342692,162.7326,-37.1,SOL_COMPUTED,SINGLE,good,1.4619,1.1586,2.0733,21,19,0.0,0.0,0,0,0,0,0,0,0,0,0,SPECTRUMANALYSIS,L2,1236.411,8.789,-55.619,-119.63
2026-05-25 10:52:20.022327,1779720740.022327,2420,139958.0,,,,,,,,,,,,,,,,0.0000,,,,0.0,0.0,0.0,0.0,0.0,0.0,0.0,0.0,0.0,-1343090,208293,164329509,66209,-22081,-24243,61,ed0ffe00,43.51534677459,-79.68379907424,160.5447,-37.1,SOL_COMPUTED,SINGLE,good,1.468,1.1591,2.0793,21,19,0.0,0.0,0,0,0,0,0,0,0,0,0,SPECTRUMANALYSIS,L2,1236.411,8.789,-55.619,-119.63
2026-05-25 10:52:21.022176,1779720741.022176,2420,139959.0,,,,,,,,,,,,,,,,0.0000,,,,0.0,0.0,0.0,0.0,0.0,0.0,0.0,0.0,0.0,-1661511,316065,164474103,29167,57789,-14353,61,ed0ffe00,43.51534197466,-79.68381045193,159.903,-37.1,SOL_COMPUTED,SINGLE,good,1.4674,1.2105,2.1425,20,18,0.0,0.0,0,0,0,0,0,0,0,0,0,SPECTRUMANALYSIS,L2,1232.126,19.116,-52.68,-113.731
2026-05-25 10:52:22.020953,1779720742.020953,2420,139960.0,,,,,,,,,,,,,,,,0.0000,,,,0.0,0.0,0.0,0.0,0.0,0.0,0.0,0.0,0.0,-1535144,265602,164408495,112815,28875,-38602,61,ed0ffe00,43.51535110002,-79.68378520343,166.869,-37.1,SOL_COMPUTED,SINGLE,good,1.4715,1.2329,2.2613,20,17,0.0,0.0,0,0,0,0,0,0,0,0,0,SPECTRUMANALYSIS,L2,1232.126,19.116,-52.68,-113.731
2026-05-25 10:52:23.023280,1779720743.023280,2420,139961.0,,,,,,,,,,,,,,,,0.0000,,,,0.0,0.0,0.0,0.0,0.0,0.0,0.0,0.0,0.0,-1543481,231334,164403464,85809,62329,8745,61,ed0ffe00,43.5153532144,-79.68378756243,166.5557,-37.1,SOL_COMPUTED,SINGLE,good,1.4741,1.2346,2.2696,20,17,0.0,0.0,0,0,0,0,0,0,0,0,0,SPECTRUMANALYSIS,L2,1232.126,19.116,-52.68,-113.731
2026-05-25 10:52:24.022423,1779720744.022423,2420,139962.0,,,,,,,,,,,,,,,,0.0000,,,,0.0,0.0,0.0,0.0,0.0,0.0,0.0,0.0,0.0,-1622618,117568,164364346,96345,105949,-47929,61,ed0efe00,43.51535463433,-79.68378942345,166.4576,-37.1,SOL_COMPUTED,SINGLE,good,1.4766,1.2358,2.2712,20,17,0.0,0.0,0,0,0,0,0,0,0,0,0,SPECTRUMANALYSIS,L2,1232.2,17.212,-52.544,-114.807
2026-05-25 10:52:25.026743,1779720745.026743,2420,139963.0,,,,,,,,,,,,,,,,0.0000,,,,0.0,0.0,0.0,0.0,0.0,0.0,0.0,0.0,0.0,-1581991,241770,164386656,38691,56342,-13176,61,ed0efe00,43.51535402041,-79.68379007898,166.4424,-37.1,SOL_COMPUTED,SINGLE,good,1.4782,1.1904,2.234,21,18,0.0,0.0,0,0,0,0,0,0,0,0,0,SPECTRUMANALYSIS,L2,1232.2,17.212,-52.544,-114.807
2026-05-25 10:52:26.021872,1779720746.021872,2420,139964.0,,,,,,,,,,,,,,,,0.0000,,,,0.0,0.0,0.0,0.0,0.0,0.0,0.0,0.0,0.0,-1453084,462240,164378635,-12741,211190,14042,61,ed0efe00,43.51535541136,-79.68378998467,166.1852,-37.1,SOL_COMPUTED,SINGLE,good,1.5584,1.1962,2.2837,20,17,0.0,0.0,0,0,0,0,0,0,0,0,0,SPECTRUMANALYSIS,L2,1232.2,17.212,-52.544,-114.807
2026-05-25 10:52:27.022010,1779720747.022010,2420,139965.0,,,,,,,,,,,,,,,,0.0000,,,,0.0,0.0,0.0,0.0,0.0,0.0,0.0,0.0,0.0,-1688333,403117,164413054,34178,12334,-30166,61,ed0efe00,43.51535008478,-79.68378839786,166.8175,-37.1,SOL_COMPUTED,SINGLE,good,1.4775,1.187,2.2259,21,18,0.0,0.0,0,0,0,0,0,0,0,0,0,SPECTRUMANALYSIS,L2,1226.633,4.907,-59.798,-121.838
2026-05-25 10:52:28.022068,1779720748.022068,2420,139966.0,,,,,,,,,,,,,,,,0.0000,,,,0.0,0.0,0.0,0.0,0.0,0.0,0.0,0.0,0.0,-1559599,254332,164323708,116779,92166,-28151,61,ed0efe00,43.51535018322,-79.68379063014,167.0174,-37.1,SOL_COMPUTED,SINGLE,good,1.472,1.1718,2.2078,21,18,0.0,0.0,0,0,0,0,0,0,0,0,0,SPECTRUMANALYSIS,L2,1226.633,4.907,-59.798,-121.838
2026-05-25 10:52:29.024552,1779720749.024552,2420,139967.0,,,,,,,,,,,,,,,,0.0000,,,,0.0,0.0,0.0,0.0,0.0,0.0,0.0,0.0,0.0,-1480318,335172,164359505,73415,92442,-20914,61,ed0efe00,43.51533942758,-79.68379460856,168.3571,-37.1,SOL_COMPUTED,SINGLE,good,1.2972,1.1642,2.1518,21,19,0.0,0.0,0,0,0,0,0,0,0,0,0,SPECTRUMANALYSIS,L2,1226.633,4.907,-59.798,-121.838
2026-05-25 10:52:30.020977,1779720750.020977,2420,139968.0,,,,,,,,,,,,,,,,0.0000,,,,0.0,0.0,0.0,0.0,0.0,0.0,0.0,0.0,0.0,-1600094,213775,164370167,87963,10866,-51993,61,ed0efe00,43.51534271874,-79.68379799086,168.1802,-37.1,SOL_COMPUTED,SINGLE,good,1.2972,1.1606,2.1512,21,19,0.0,0.0,0,0,0,0,0,0,0,0,0,SPECTRUMANALYSIS,L2,1238.499,3.589,-58.894,-116.065
2026-05-25 10:52:31.022559,1779720751.022559,2420,139969.0,,,,,,,,,,,,,,,,0.0000,,,,0.0,0.0,0.0,0.0,0.0,0.0,0.0,0.0,0.0,-2434387,439134,164816160,2432,386064,22925,61,ed0dfe00,43.51533747637,-79.68379519982,168.7825,-37.1,SOL_COMPUTED,SINGLE,good,1.2976,1.16,2.1504,21,19,0.0,0.0,0,0,0,0,0,0,0,0,0,SPECTRUMANALYSIS,L2,1238.499,3.589,-58.894,-116.065
2026-05-25 10:52:32.022416,1779720752.022416,2420,139970.0,,,,,,,,,,,,,,,,0.0000,,,,0.0,0.0,0.0,0.0,0.0,0.0,0.0,0.0,0.0,-1758838,275466,164639046,97266,278220,6344,61,ed0dfe00,43.51533639158,-79.68379471003,168.8993,-37.1,SOL_COMPUTED,SINGLE,good,1.3014,1.1615,2.1556,21,19,0.0,0.0,0,0,0,0,0,0,0,0,0,SPECTRUMANALYSIS,L2,1238.499,3.589,-58.894,-116.065
2026-05-25 10:52:33.023107,1779720753.023107,2420,139971.0,,,,,,,,,,,,,,,,0.0000,,,,0.0,0.0,0.0,0.0,0.0,0.0,0.0,0.0,0.0,-1627681,77622,164443922,14100,-13463,3051,61,ed0dfe00,43.51533906787,-79.68379419057,168.3966,-37.1,SOL_COMPUTED,SINGLE,good,1.3072,1.159,2.1599,21,19,0.0,0.0,0,0,0,0,0,0,0,0,0,SPECTRUMANALYSIS,L2,1236.741,7.544,-53.626,-110.076
2026-05-25 10:52:34.022419,1779720754.022419,2420,139972.0,,,,,,,,,,,,,,,,0.0000,,,,0.0,0.0,0.0,0.0,0.0,0.0,0.0,0.0,0.0,-1042834,359266,164230810,24833,-109417,-76604,61,ed0dfe00,43.51533899612,-79.68379576169,168.7169,-37.1,SOL_COMPUTED,SINGLE,good,1.2998,1.1591,2.1485,21,19,0.0,0.0,0,0,0,0,0,0,0,0,0,SPECTRUMANALYSIS,L2,1236.741,7.544,-53.626,-110.076
2026-05-25 10:52:35.024004,1779720755.024004,2420,139973.0,,,,,,,,,,,,,,,,0.0000,,,,0.0,0.0,0.0,0.0,0.0,0.0,0.0,0.0,0.0,-1345385,348739,164337537,111064,172462,-18840,61,ed0dfe00,43.51533285531,-79.68379450183,169.686,-37.1,SOL_COMPUTED,SINGLE,good,1.2993,1.1565,2.1461,21,19,0.0,0.0,0,0,0,0,0,0,0,0,0,SPECTRUMANALYSIS,L2,1236.741,7.544,-53.626,-110.076
2026-05-25 10:52:36.023394,1779720756.023394,2420,139974.0,,,,,,,,,,,,,,,,0.0000,,,,0.0,0.0,0.0,0.0,0.0,0.0,0.0,0.0,0.0,-1526338,372632,164406888,8050,49713,-10641,61,ed0dfe00,43.51533235694,-79.68379473567,169.8295,-37.1,SOL_COMPUTED,SINGLE,good,1.3018,1.1587,2.1496,21,19,0.0,0.0,0,0,0,0,0,0,0,0,0,SPECTRUMANALYSIS,L2,1235.203,6.958,-56.54,-115.997
2026-05-25 10:52:37.021075,1779720757.021075,2420,139975.0,,,,,,,,,,,,,,,,0.0000,,,,0.0,0.0,0.0,0.0,0.0,0.0,0.0,0.0,0.0,-1558134,360514,164417047,41606,30338,-32545,61,ed0dfe00,43.51533328126,-79.68379550965,169.7998,-37.1,SOL_COMPUTED,SINGLE,good,1.3032,1.1578,2.1491,21,19,0.0,0.0,0,0,0,0,0,0,0,0,0,SPECTRUMANALYSIS,L2,1235.203,6.958,-56.54,-115.997
2026-05-25 10:52:38.022915,1779720758.022915,2420,139976.0,,,,,,,,,,,,,,,,0.0000,,,,0.0,0.0,0.0,0.0,0.0,0.0,0.0,0.0,0.0,-1322964,170873,164233665,37368,-94890,-26694,61,ed0cfe00,43.51533430316,-79.68379648429,169.7481,-37.1,SOL_COMPUTED,SINGLE,good,1.3049,1.1584,2.1493,21,19,0.0,0.0,0,0,0,0,0,0,0,0,0,SPECTRUMANALYSIS,L2,1235.203,6.958,-56.54,-115.997
2026-05-25 10:52:39.023038,1779720759.023038,2420,139977.0,,,,,,,,,,,,,,,,0.0000,,,,0.0,0.0,0.0,0.0,0.0,0.0,0.0,0.0,0.0,-1475701,299748,164341628,78877,72616,-20128,61,ed0cfe00,43.51534609281,-79.6838052878,171.3756,-37.1,SOL_COMPUTED,SINGLE,good,1.2605,1.1462,2.1055,21,20,0.0,0.0,0,0,0,0,0,0,0,0,0,SPECTRUMANALYSIS,L2,1238.169,6.445,-55.633,-114.83
2026-05-25 10:52:40.023249,1779720760.023249,2420,139978.0,,,,,,,,,,,,,,,,0.0000,,,,0.0,0.0,0.0,0.0,0.0,0.0,0.0,0.0,0.0,-1581287,141747,164444548,72524,69157,-5040,61,ed0cfe00,43.51534615109,-79.68380543112,171.2831,-37.1,SOL_COMPUTED,SINGLE,good,1.2574,1.1409,2.101,21,20,0.0,0.0,0,0,0,0,0,0,0,0,0,SPECTRUMANALYSIS,L2,1238.169,6.445,-55.633,-114.83
2026-05-25 10:52:41.022710,1779720761.022710,2420,139979.0,,,,,,,,,,,,,,,,0.0000,,,,0.0,0.0,0.0,0.0,0.0,0.0,0.0,0.0,0.0,-1541325,235914,164358627,14687,-6660,-25798,61,ed0cfe00,43.51534413848,-79.68380496024,171.1036,-37.1,SOL_COMPUTED,SINGLE,good,1.2596,1.1411,2.102,21,20,0.0,0.0,0,0,0,0,0,0,0,0,0,SPECTRUMANALYSIS,L2,1238.169,6.445,-55.633,-114.83
2026-05-25 10:52:42.022647,1779720762.022647,2420,139980.0,,,,,,,,,,,,,,,,0.0000,,,,0.0,0.0,0.0,0.0,0.0,0.0,0.0,0.0,0.0,-1496832,371314,164424757,69804,84402,-24332,61,ed0cfe00,43.51533946034,-79.68384417436,162.3908,-37.1,SOL_COMPUTED,SINGLE,good,1.2538,1.1921,1.9585,21,20,0.0,0.0,0,0,0,0,0,0,0,0,0,SPECTRUMANALYSIS,L2,1233.701,9.961,-55.288,-116.681
2026-05-25 10:52:43.021418,1779720763.021418,2420,139981.0,,,,,,,,,,,,,,,,0.0000,,,,0.0,0.0,0.0,0.0,0.0,0.0,0.0,0.0,0.0,-1470106,358773,164411570,86415,57770,-33582,61,ed0bfe00,43.51532845959,-79.68383526779,161.4028,-37.1,SOL_COMPUTED,SINGLE,good,1.3007,1.2117,1.9915,20,19,0.0,0.0,0,0,0,0,0,0,0,0,0,SPECTRUMANALYSIS,L2,1233.701,9.961,-55.288,-116.681
2026-05-25 10:52:44.022775,1779720764.022775,2420,139982.0,,,,,,,,,,,,,,,,0.0000,,,,0.0,0.0,0.0,0.0,0.0,0.0,0.0,0.0,0.0,-1601967,295692,164356298,32678,44326,-38090,61,ed0bfe00,43.51534113657,-79.68384541777,163.0003,-37.1,SOL_COMPUTED,SINGLE,good,1.2567,1.1937,1.9608,21,20,0.0,0.0,0,0,0,0,0,0,0,0,0,SPECTRUMANALYSIS,L2,1233.701,9.961,-55.288,-116.681
2026-05-25 10:52:45.020734,1779720765.020734,2420,139983.0,,,,,,,,,,,,,,,,0.0000,,,,0.0,0.0,0.0,0.0,0.0,0.0,0.0,0.0,0.0,-1395917,372860,164385166,66396,101478,-33977,61,ed0bfe00,43.51534141099,-79.68384463343,163.2137,-37.1,SOL_COMPUTED,SINGLE,good,1.255,1.1933,1.9603,21,20,0.0,0.0,0,0,0,0,0,0,0,0,0,SPECTRUMANALYSIS,L2,1231.174,18.237,-52.253,-113.382
2026-05-25 10:52:46.021550,1779720766.021550,2420,139984.0,,,,,,,,,,,,,,,,0.0000,,,,0.0,0.0,0.0,0.0,0.0,0.0,0.0,0.0,0.0,-1435409,330852,164390553,26452,11465,5451,61,ed0bfe00,43.51534183652,-79.68384412528,163.4817,-37.1,SOL_COMPUTED,SINGLE,good,1.2581,1.1932,1.9617,21,20,0.0,0.0,0,0,0,0,0,0,0,0,0,SPECTRUMANALYSIS,L2,1231.174,18.237,-52.253,-113.382
2026-05-25 10:52:47.020714,1779720767.020714,2420,139985.0,,,,,,,,,,,,,,,,0.0000,,,,0.0,0.0,0.0,0.0,0.0,0.0,0.0,0.0,0.0,-1554642,299703,164508052,127436,94509,-5584,61,ed0bfe00,43.51534343632,-79.68384561649,163.8843,-37.1,SOL_COMPUTED,SINGLE,good,1.2601,1.1947,1.9633,21,20,0.0,0.0,0,0,0,0,0,0,0,0,0,SPECTRUMANALYSIS,L2,1231.174,18.237,-52.253,-113.382
2026-05-25 10:52:48.021780,1779720768.021780,2420,139986.0,,,,,,,,,,,,,,,,0.0000,,,,0.0,0.0,0.0,0.0,0.0,0.0,0.0,0.0,0.0,-1682410,364386,164382637,84780,4240,-24596,61,ed0bfe00,43.51534506726,-79.68384757478,164.3567,-37.1,SOL_COMPUTED,SINGLE,good,1.2583,1.1938,1.9629,21,20,0.0,0.0,0,0,0,0,0,0,0,0,0,SPECTRUMANALYSIS,L2,1236.667,5.64,-56.314,-113.846
2026-05-25 10:52:49.023097,1779720769.023097,2420,139987.0,,,,,,,,,,,,,,,,0.0000,,,,0.0,0.0,0.0,0.0,0.0,0.0,0.0,0.0,0.0,-1537780,305050,164350217,88804,56430,-25929,61,ed0afe00,43.51534627969,-79.68384791393,164.7623,-37.1,SOL_COMPUTED,SINGLE,good,1.2658,1.1995,1.9695,21,20,0.0,0.0,0,0,0,0,0,0,0,0,0,SPECTRUMANALYSIS,L2,1236.667,5.64,-56.314,-113.846
2026-05-25 10:52:50.023599,1779720770.023599,2420,139988.0,,,,,,,,,,,,,,,,0.0000,,,,0.0,0.0,0.0,0.0,0.0,0.0,0.0,0.0,0.0,-1495605,257270,164334632,41851,21412,-48743,61,ed0afe00,43.51532801924,-79.68383213432,162.8849,-37.1,SOL_COMPUTED,SINGLE,good,1.3078,1.2153,1.9969,21,19,0.0,0.0,0,0,0,0,0,0,0,0,0,SPECTRUMANALYSIS,L2,1236.667,5.64,-56.314,-113.846
2026-05-25 10:52:51.021589,1779720771.021589,2420,139989.0,,,,,,,,,,,,,,,,0.0000,,,,0.0,0.0,0.0,0.0,0.0,0.0,0.0,0.0,0.0,-1649495,306626,164454972,89659,50059,-35724,61,ed0afe00,43.51532816307,-79.6838318077,163.0511,-37.1,SOL_COMPUTED,SINGLE,good,1.3028,1.2103,1.991,21,19,0.0,0.0,0,0,0,0,0,0,0,0,0,SPECTRUMANALYSIS,L2,1235.862,10.327,-54.678,-113.325
2026-05-25 10:52:52.022065,1779720772.022065,2420,139990.0,,,,,,,,,,,,,,,,0.0000,,,,0.0,0.0,0.0,0.0,0.0,0.0,0.0,0.0,0.0,-1674969,361144,164483252,54581,78124,1165,61,ed0afe00,43.51532835781,-79.68383182213,163.2367,-37.1,SOL_COMPUTED,SINGLE,good,1.2981,1.209,1.9883,21,19,0.0,0.0,0,0,0,0,0,0,0,0,0,SPECTRUMANALYSIS,L2,1235.862,10.327,-54.678,-113.325
2026-05-25 10:52:53.023171,1779720773.023171,2420,139991.0,,,,,,,,,,,,,,,,0.0000,,,,0.0,0.0,0.0,0.0,0.0,0.0,0.0,0.0,0.0,-1535544,277683,164373691,26088,6081,-21945,61,ed0afe00,43.5153284587,-79.68383193042,163.4877,-37.1,SOL_COMPUTED,SINGLE,good,1.304,1.2153,1.9941,21,19,0.0,0.0,0,0,0,0,0,0,0,0,0,SPECTRUMANALYSIS,L2,1235.862,10.327,-54.678,-113.325
2026-05-25 10:52:54.022195,1779720774.022195,2420,139992.0,,,,,,,,,,,,,,,,0.0000,,,,0.0,0.0,0.0,0.0,0.0,0.0,0.0,0.0,0.0,-1559398,217479,164383215,-43565,30256,804,61,ed09fe00,43.51532813718,-79.68383107216,163.6988,-37.1,SOL_COMPUTED,SINGLE,good,1.3021,1.2116,1.9911,21,19,0.0,0.0,0,0,0,0,0,0,0,0,0,SPECTRUMANALYSIS,L2,1235.203,11.938,-54.673,-118.611
2026-05-25 10:52:55.023676,1779720775.023676,2420,139993.0,,,,,,,,,,,,,,,,0.0000,,,,0.0,0.0,0.0,0.0,0.0,0.0,0.0,0.0,0.0,-1659083,351192,164410530,98349,-52827,-50486,61,ed09fe00,43.51532812718,-79.68383037577,163.9077,-37.1,SOL_COMPUTED,SINGLE,good,1.3024,1.2105,1.9908,21,19,0.0,0.0,0,0,0,0,0,0,0,0,0,SPECTRUMANALYSIS,L2,1235.203,11.938,-54.673,-118.611
2026-05-25 10:52:56.021647,1779720776.021647,2420,139994.0,,,,,,,,,,,,,,,,0.0000,,,,0.0,0.0,0.0,0.0,0.0,0.0,0.0,0.0,0.0,-1571039,433692,164413981,82580,13655,-11007,61,ed09fe00,43.51532813461,-79.68383013721,164.0937,-37.1,SOL_COMPUTED,SINGLE,good,1.3009,1.2096,1.9895,21,19,0.0,0.0,0,0,0,0,0,0,0,0,0,SPECTRUMANALYSIS,L2,1235.203,11.938,-54.673,-118.611
2026-05-25 10:52:57.022942,1779720777.022942,2420,139995.0,,,,,,,,,,,,,,,,0.0000,,,,0.0,0.0,0.0,0.0,0.0,0.0,0.0,0.0,0.0,-1442559,415626,164337404,44156,38477,-2549,61,ed09fe00,43.5153282593,-79.68383000154,164.2591,-37.1,SOL_COMPUTED,SINGLE,good,1.3034,1.2121,1.9926,21,19,0.0,0.0,0,0,0,0,0,0,0,0,0,SPECTRUMANALYSIS,L2,1235.642,4.614,-57.836,-118.498
2026-05-25 10:52:58.020181,1779720778.020181,2420,139996.0,,,,,,,,,,,,,,,,0.0000,,,,0.0,0.0,0.0,0.0,0.0,0.0,0.0,0.0,0.0,-1571978,213552,164396544,69862,70320,-29186,61,ed09fe00,43.51532850281,-79.68382967688,164.4163,-37.1,SOL_COMPUTED,SINGLE,good,1.3025,1.2122,1.9944,21,19,0.0,0.0,0,0,0,0,0,0,0,0,0,SPECTRUMANALYSIS,L2,1235.642,4.614,-57.836,-118.498
2026-05-25 10:52:59.021183,1779720779.021183,2420,139997.0,,,,,,,,,,,,,,,,0.0000,,,,0.0,0.0,0.0,0.0,0.0,0.0,0.0,0.0,0.0,-1508562,171888,164318258,24527,68924,-3410,61,ed09fe00,43.51532863235,-79.68382917456,164.6001,-37.1,SOL_COMPUTED,SINGLE,good,1.303,1.2102,1.9918,21,19,0.0,0.0,0,0,0,0,0,0,0,0,0,SPECTRUMANALYSIS,L2,1235.642,4.614,-57.836,-118.498
2026-05-25 10:53:00.022767,1779720780.022767,2420,139998.0,,,,,,,,,,,,,,,,0.0000,,,,0.0,0.0,0.0,0.0,0.0,0.0,0.0,0.0,0.0,-1552843,418768,164374042,78342,117817,-11182,61,ed09fe00,43.51532874798,-79.6838292025,164.7894,-37.1,SOL_COMPUTED,SINGLE,good,1.3087,1.217,1.9993,21,19,0.0,0.0,0,0,0,0,0,0,0,0,0,SPECTRUMANALYSIS,L2,1235.642,4.614,-57.836,-118.498
2026-05-25 10:53:01.023263,1779720781.023263,2420,139999.0,,,,,,,,,,,,,,,,0.0000,,,,0.0,0.0,0.0,0.0,0.0,0.0,0.0,0.0,0.0,-1629328,308378,164398270,42978,170301,-34549,61,ed08fe00,43.51532883909,-79.68382890421,164.9926,-37.1,SOL_COMPUTED,SINGLE,good,1.3114,1.2199,2.0026,21,19,0.0,0.0,0,0,0,0,0,0,0,0,0,SPECTRUMANALYSIS,L2,1237.4,14.429,-53.506,-112.735
2026-05-25 10:53:02.021684,1779720782.021684,2420,140000.0,,,,,,,,,,,,,,,,0.0000,,,,0.0,0.0,0.0,0.0,0.0,0.0,0.0,0.0,0.0,-1631649,142898,164389207,20522,33251,-47345,61,ed08fe00,43.51532963993,-79.68382177289,165.4749,-37.1,SOL_COMPUTED,SINGLE,good,1.4682,1.1494,2.0604,21,19,0.0,0.0,0,0,0,0,0,0,0,0,0,SPECTRUMANALYSIS,L2,1237.4,14.429,-53.506,-112.735
2026-05-25 10:53:03.023357,1779720783.023357,2420,140001.0,,,,,,,,,,,,,,,,0.0000,,,,0.0,0.0,0.0,0.0,0.0,0.0,0.0,0.0,0.0,-1496617,453329,164382326,48836,102002,-49838,61,ed08fe00,43.5153298124,-79.68382157669,165.6082,-37.1,SOL_COMPUTED,SINGLE,good,1.4702,1.1494,2.063,21,19,0.0,0.0,0,0,0,0,0,0,0,0,0,SPECTRUMANALYSIS,L2,1237.4,14.429,-53.506,-112.735
2026-05-25 10:53:04.020825,1779720784.020825,2420,140002.0,,,,,,,,,,,,,,,,0.0000,,,,0.0,0.0,0.0,0.0,0.0,0.0,0.0,0.0,0.0,-1536529,257683,164342100,56563,30193,10408,61,ed08fe00,43.51533001796,-79.68382171207,165.7693,-37.1,SOL_COMPUTED,SINGLE,good,1.4689,1.1482,2.0608,21,19,0.0,0.0,0,0,0,0,0,0,0,0,0,SPECTRUMANALYSIS,L2,1223.813,10.107,-57.517,-123.877
2026-05-25 10:53:05.020455,1779720785.020455,2420,140003.0,,,,,,,,,,,,,,,,0.0000,,,,0.0,0.0,0.0,0.0,0.0,0.0,0.0,0.0,0.0,-1465661,264190,164303680,42255,53586,-27095,61,ed08fe00,43.51533039867,-79.68382191126,165.9129,-37.1,SOL_COMPUTED,SINGLE,good,1.4643,1.1461,2.056,21,19,0.0,0.0,0,0,0,0,0,0,0,0,0,SPECTRUMANALYSIS,L2,1223.813,10.107,-57.517,-123.877
2026-05-25 10:53:06.022507,1779720786.022507,2420,140004.0,,,,,,,,,,,,,,,,0.0000,,,,0.0,0.0,0.0,0.0,0.0,0.0,0.0,0.0,0.0,-1583338,258213,164364880,66435,11192,-9674,61,ed08fe00,43.51533069868,-79.68382232844,166.0184,-37.1,SOL_COMPUTED,SINGLE,good,1.4701,1.1504,2.0651,21,19,0.0,0.0,0,0,0,0,0,0,0,0,0,SPECTRUMANALYSIS,L2,1223.813,10.107,-57.517,-123.877
2026-05-25 10:53:07.022989,1779720787.022989,2420,140005.0,,,,,,,,,,,,,,,,0.0000,,,,0.0,0.0,0.0,0.0,0.0,0.0,0.0,0.0,0.0,-1501583,189482,164456221,46781,50917,-11469,61,ed07fe00,43.51533087355,-79.6838231019,166.221,-37.1,SOL_COMPUTED,SINGLE,good,1.4697,1.1556,2.0704,21,19,0.0,0.0,0,0,0,0,0,0,0,0,0,SPECTRUMANALYSIS,L2,1234.141,3.516,-60.94,-123.115
2026-05-25 10:53:08.022639,1779720788.022639,2420,140006.0,,,,,,,,,,,,,,,,0.0000,,,,0.0,0.0,0.0,0.0,0.0,0.0,0.0,0.0,0.0,-1591175,129625,164367934,57067,9879,-65595,61,ed08fe00,43.51533138093,-79.68382359678,166.3159,-37.1,SOL_COMPUTED,SINGLE,good,1.4668,1.1539,2.0658,21,19,0.0,0.0,0,0,0,0,0,0,0,0,0,SPECTRUMANALYSIS,L2,1234.141,3.516,-60.94,-123.115
2026-05-25 10:53:09.027714,1779720789.027714,2420,140007.0,,,,,,,,,,,,,,,,0.0000,,,,0.0,0.0,0.0,0.0,0.0,0.0,0.0,0.0,0.0,-1580095,217120,164426635,55027,96948,-30879,61,ed08fe00,43.51533177486,-79.68382416078,166.3864,-37.1,SOL_COMPUTED,SINGLE,good,1.4687,1.1536,2.0664,21,19,0.0,0.0,0,0,0,0,0,0,0,0,0,SPECTRUMANALYSIS,L2,1234.141,3.516,-60.94,-123.115
2026-05-25 10:53:10.022672,1779720790.022672,2420,140008.0,,,,,,,,,,,,,,,,0.0000,,,,0.0,0.0,0.0,0.0,0.0,0.0,0.0,0.0,0.0,-1701339,234807,164402009,85392,-10440,-30907,61,ed07fe00,43.51534922887,-79.68383627375,168.1737,-37.1,SOL_COMPUTED,SINGLE,good,1.4276,1.138,2.0394,21,20,0.0,0.0,0,0,0,0,0,0,0,0,0,SPECTRUMANALYSIS,L2,1234.214,11.133,-55.054,-117.412
2026-05-25 10:53:11.021166,1779720791.021166,2420,140009.0,,,,,,,,,,,,,,,,0.0000,,,,0.0,0.0,0.0,0.0,0.0,0.0,0.0,0.0,0.0,-1437142,218870,164298684,46125,84481,-29411,61,ed07fe00,43.5153487203,-79.68383588068,168.1267,-37.1,SOL_COMPUTED,SINGLE,good,1.4247,1.1345,2.0349,21,20,0.0,0.0,0,0,0,0,0,0,0,0,0,SPECTRUMANALYSIS,L2,1234.214,11.133,-55.054,-117.412
2026-05-25 10:53:12.020804,1779720792.020804,2420,140010.0,,,,,,,,,,,,,,,,0.0000,,,,0.0,0.0,0.0,0.0,0.0,0.0,0.0,0.0,0.0,-1487161,282225,164338628,58195,38644,17539,61,ed07fe00,43.51534835888,-79.68383593155,168.1597,-37.1,SOL_COMPUTED,SINGLE,good,1.4227,1.1331,2.0312,21,20,0.0,0.0,0,0,0,0,0,0,0,0,0,SPECTRUMANALYSIS,L2,1234.214,11.133,-55.054,-117.412
2026-05-25 10:53:13.021137,1779720793.021137,2420,140011.0,,,,,,,,,,,,,,,,0.0000,,,,0.0,0.0,0.0,0.0,0.0,0.0,0.0,0.0,0.0,-1542609,271497,164358929,58148,29741,3690,61,ed07fe00,43.51534847934,-79.68383628842,168.2168,-37.1,SOL_COMPUTED,SINGLE,good,1.421,1.1314,2.0287,21,20,0.0,0.0,0,0,0,0,0,0,0,0,0,SPECTRUMANALYSIS,L2,1227.878,30.396,-50.635,-117.248
2026-05-25 10:53:14.020754,1779720794.020754,2420,140012.0,,,,,,,,,,,,,,,,0.0000,,,,0.0,0.0,0.0,0.0,0.0,0.0,0.0,0.0,0.0,-1620673,380397,164434661,97104,22742,-37784,61,ed06fe00,43.51534870604,-79.68383686966,168.3155,-37.1,SOL_COMPUTED,SINGLE,good,1.4211,1.1338,2.0313,21,20,0.0,0.0,0,0,0,0,0,0,0,0,0,SPECTRUMANALYSIS,L2,1227.878,30.396,-50.635,-117.248
2026-05-25 10:53:15.022731,1779720795.022731,2420,140013.0,,,,,,,,,,,,,,,,0.0000,,,,0.0,0.0,0.0,0.0,0.0,0.0,0.0,0.0,0.0,-1581602,244959,164373354,93594,141635,-67190,61,ed06fe00,43.51534869014,-79.68383742866,168.4206,-37.1,SOL_COMPUTED,SINGLE,good,1.4288,1.1427,2.0435,21,20,0.0,0.0,0,0,0,0,0,0,0,0,0,SPECTRUMANALYSIS,L2,1227.878,30.396,-50.635,-117.248
2026-05-25 10:53:16.022454,1779720796.022454,2420,140014.0,,,,,,,,,,,,,,,,0.0000,,,,0.0,0.0,0.0,0.0,0.0,0.0,0.0,0.0,0.0,-1591301,315888,164401082,54312,62963,-28067,61,ed06fe00,43.51534783814,-79.68383750698,168.3946,-37.1,SOL_COMPUTED,SINGLE,good,1.4373,1.1464,2.0481,21,20,0.0,0.0,0,0,0,0,0,0,0,0,0,SPECTRUMANALYSIS,L2,1223.777,9.448,-57.667,-125.181
2026-05-25 10:53:17.025608,1779720797.025608,2420,140015.0,,,,,,,,,,,,,,,,0.0000,,,,0.0,0.0,0.0,0.0,0.0,0.0,0.0,0.0,0.0,-1482976,379100,164490781,17993,59231,-46282,61,ed06fe00,43.51534699497,-79.68383719481,168.3261,-37.1,SOL_COMPUTED,SINGLE,good,1.4442,1.1495,2.052,21,20,0.0,0.0,0,0,0,0,0,0,0,0,0,SPECTRUMANALYSIS,L2,1223.777,9.448,-57.667,-125.181
2026-05-25 10:53:18.020169,1779720798.020169,2420,140016.0,,,,,,,,,,,,,,,,0.0000,,,,0.0,0.0,0.0,0.0,0.0,0.0,0.0,0.0,0.0,-1356949,382568,164384708,61679,41453,-27988,61,ed06fe00,43.51534818265,-79.68383779228,168.371,-37.1,SOL_COMPUTED,SINGLE,good,1.429,1.1357,2.0342,21,20,0.0,0.0,0,0,0,0,0,0,0,0,0,SPECTRUMANALYSIS,L2,1223.777,9.448,-57.667,-125.181
2026-05-25 10:53:19.023956,1779720799.023956,2420,140017.0,,,,,,,,,,,,,,,,0.0000,,,,0.0,0.0,0.0,0.0,0.0,0.0,0.0,0.0,0.0,-1369809,190614,164254202,88612,86278,-7008,61,ed06fe00,43.51534947528,-79.68383921982,168.4795,-37.1,SOL_COMPUTED,SINGLE,good,1.4335,1.1406,2.0421,21,20,0.0,0.0,0,0,0,0,0,0,0,0,0,SPECTRUMANALYSIS,L2,1237.437,2.051,-60.774,-116.38
2026-05-25 10:53:20.022449,1779720800.022449,2420,140018.0,,,,,,,,,,,,,,,,0.0000,,,,0.0,0.0,0.0,0.0,0.0,0.0,0.0,0.0,0.0,-1768796,400641,164524613,90114,69968,-15319,61,ed06fe00,43.51534177492,-79.6838338611,167.6894,-37.1,SOL_COMPUTED,SINGLE,good,1.4349,1.1391,2.0419,21,20,0.0,0.0,0,0,0,0,0,0,0,0,0,SPECTRUMANALYSIS,L2,1237.437,2.051,-60.774,-116.38
2026-05-25 10:53:21.024958,1779720801.024958,2420,140019.0,,,,,,,,,,,,,,,,0.0000,,,,0.0,0.0,0.0,0.0,0.0,0.0,0.0,0.0,0.0,-1630455,413561,164447789,-1379,51902,-51234,61,ed05fe00,43.51534157563,-79.68383323667,167.707,-37.1,SOL_COMPUTED,SINGLE,good,1.4342,1.1361,2.0362,21,20,0.0,0.0,0,0,0,0,0,0,0,0,0,SPECTRUMANALYSIS,L2,1237.437,2.051,-60.774,-116.38
2026-05-25 10:53:22.023528,1779720802.023528,2420,140020.0,,,,,,,,,,,,,,,,0.0000,,,,0.0,0.0,0.0,0.0,0.0,0.0,0.0,0.0,0.0,-1388556,312076,164290335,78198,127955,-41343,61,ed05fe00,43.51533868822,-79.6838308044,167.6098,-37.1,SOL_COMPUTED,SINGLE,good,1.4812,1.1543,2.0651,20,19,0.0,0.0,0,0,0,0,0,0,0,0,0,SPECTRUMANALYSIS,L2,1235.862,4.175,-59.536,-123.231
2026-05-25 10:53:23.025095,1779720803.025095,2420,140021.0,,,,,,,,,,,,,,,,0.0000,,,,0.0,0.0,0.0,0.0,0.0,0.0,0.0,0.0,0.0,-1588469,218267,164289699,113645,20629,14459,61,ed05fe00,43.51533905942,-79.68383016271,167.7433,-37.1,SOL_COMPUTED,SINGLE,good,1.4861,1.1515,2.0627,20,19,0.0,0.0,0,0,0,0,0,0,0,0,0,SPECTRUMANALYSIS,L2,1235.862,4.175,-59.536,-123.231
2026-05-25 10:53:24.022304,1779720804.022304,2420,140022.0,,,,,,,,,,,,,,,,0.0000,,,,0.0,0.0,0.0,0.0,0.0,0.0,0.0,0.0,0.0,-1536960,275440,164348883,34085,61092,-32926,61,ed05fe00,43.51533928349,-79.68382980251,167.8418,-37.1,SOL_COMPUTED,SINGLE,good,1.4813,1.1502,2.0591,20,19,0.0,0.0,0,0,0,0,0,0,0,0,0,SPECTRUMANALYSIS,L2,1235.862,4.175,-59.536,-123.231
2026-05-25 10:53:25.020517,1779720805.020517,2420,140023.0,,,,,,,,,,,,,,,,0.0000,,,,0.0,0.0,0.0,0.0,0.0,0.0,0.0,0.0,0.0,-1687271,218388,164375600,52444,21192,-23856,61,ed05fe00,43.51533964037,-79.68382951952,167.8952,-37.1,SOL_COMPUTED,SINGLE,good,1.4725,1.145,2.0513,20,19,0.0,0.0,0,0,0,0,0,0,0,0,0,SPECTRUMANALYSIS,L2,1237.729,15.381,-51.966,-113.017
2026-05-25 10:53:26.020895,1779720806.020895,2420,140024.0,,,,,,,,,,,,,,,,0.0000,,,,0.0,0.0,0.0,0.0,0.0,0.0,0.0,0.0,0.0,-1497700,283510,164436082,65611,98090,-17587,61,ed04fe00,43.51533998779,-79.68382958565,167.9983,-37.1,SOL_COMPUTED,SINGLE,good,1.4758,1.1489,2.0564,20,19,0.0,0.0,0,0,0,0,0,0,0,0,0,SPECTRUMANALYSIS,L2,1237.729,15.381,-51.966,-113.017
2026-05-25 10:53:27.021458,1779720807.021458,2420,140025.0,,,,,,,,,,,,,,,,0.0000,,,,0.0,0.0,0.0,0.0,0.0,0.0,0.0,0.0,0.0,-1613647,304548,164376379,65077,48941,7945,61,ed04fe00,43.51534045056,-79.683829188,168.0446,-37.1,SOL_COMPUTED,SINGLE,good,1.473,1.1458,2.0543,20,19,0.0,0.0,0,0,0,0,0,0,0,0,0,SPECTRUMANALYSIS,L2,1237.729,15.381,-51.966,-113.017
2026-05-25 10:53:28.021955,1779720808.021955,2420,140026.0,,,,,,,,,,,,,,,,0.0000,,,,0.0,0.0,0.0,0.0,0.0,0.0,0.0,0.0,0.0,-1562537,207988,164378433,49391,80333,-29659,61,ed04fe00,43.51534079198,-79.68382881202,168.1688,-37.1,SOL_COMPUTED,SINGLE,good,1.4884,1.1622,2.0764,20,19,0.0,0.0,0,0,0,0,0,0,0,0,0,SPECTRUMANALYSIS,L2,1239.854,7.617,-55.553,-114.215
2026-05-25 10:53:29.020905,1779720809.020905,2420,140027.0,,,,,,,,,,,,,,,,0.0000,,,,0.0,0.0,0.0,0.0,0.0,0.0,0.0,0.0,0.0,-1618213,235742,164436118,54511,78611,-21557,61,ed04fe00,43.51534121954,-79.68382823831,168.2328,-37.1,SOL_COMPUTED,SINGLE,good,1.4798,1.1574,2.0711,20,19,0.0,0.0,0,0,0,0,0,0,0,0,0,SPECTRUMANALYSIS,L2,1239.854,7.617,-55.553,-114.215
2026-05-25 10:53:30.023943,1779720810.023943,2420,140028.0,,,,,,,,,,,,,,,,0.0000,,,,0.0,0.0,0.0,0.0,0.0,0.0,0.0,0.0,0.0,-1777366,524919,164472550,76572,93995,-56300,61,ed04fe00,43.51534118243,-79.68382751103,168.3501,-37.1,SOL_COMPUTED,SINGLE,good,1.4657,1.1465,2.0556,20,19,0.0,0.0,0,0,0,0,0,0,0,0,0,SPECTRUMANALYSIS,L2,1239.854,7.617,-55.553,-114.215
2026-05-25 10:53:31.024831,1779720811.024831,2420,140029.0,,,,,,,,,,,,,,,,0.0000,,,,0.0,0.0,0.0,0.0,0.0,0.0,0.0,0.0,0.0,-1692606,522680,164598558,65205,69644,-11863,61,ed04fe00,43.51534156211,-79.68382681975,168.5719,-37.1,SOL_COMPUTED,SINGLE,good,1.4684,1.1509,2.0629,21,20,0.0,0.0,0,0,0,0,0,0,0,0,0,SPECTRUMANALYSIS,L2,1225.791,23.73,-52.964,-117.525
2026-05-25 10:53:32.028755,1779720812.028755,2420,140030.0,,,,,,,,,,,,,,,,0.0000,,,,0.0,0.0,0.0,0.0,0.0,0.0,0.0,0.0,0.0,-1772524,335752,164378766,25505,28074,-40809,61,ed04fe00,43.515346208,-79.68382885111,169.0954,-37.1,SOL_COMPUTED,SINGLE,good,1.447,1.1474,2.055,21,20,0.0,0.0,0,0,0,0,0,0,0,0,0,SPECTRUMANALYSIS,L2,1225.791,23.73,-52.964,-117.525
2026-05-25 10:53:33.020865,1779720813.020865,2420,140031.0,,,,,,,,,,,,,,,,0.0000,,,,0.0,0.0,0.0,0.0,0.0,0.0,0.0,0.0,0.0,-1552823,253032,164384223,58372,47614,-8751,61,ed03fe00,43.51534694201,-79.68382866267,169.1978,-37.1,SOL_COMPUTED,SINGLE,good,1.4342,1.1471,2.0482,21,20,0.0,0.0,0,0,0,0,0,0,0,0,0,SPECTRUMANALYSIS,L2,1225.791,23.73,-52.964,-117.525
2026-05-25 10:53:34.029135,1779720814.029135,2420,140032.0,,,,,,,,,,,,,,,,0.0000,,,,0.0,0.0,0.0,0.0,0.0,0.0,0.0,0.0,0.0,-1511598,204972,164314554,80548,-1442,-7692,61,ed03fe00,43.5153530084,-79.68383254161,167.638,-37.1,SOL_COMPUTED,SINGLE,good,1.4425,1.151,2.0549,21,20,0.0,0.0,0,0,0,0,0,0,0,0,0,SPECTRUMANALYSIS,L2,1226.926,4.175,-60.845,-124.103
2026-05-25 10:53:35.026236,1779720815.026236,2420,140033.0,,,,,,,,,,,,,,,,0.0000,,,,0.0,0.0,0.0,0.0,0.0,0.0,0.0,0.0,0.0,-1548055,235169,164335084,83097,94168,-1319,61,ed03fe00,43.51535281975,-79.68383212942,167.8655,-37.1,SOL_COMPUTED,SINGLE,good,1.4411,1.1473,2.0516,21,20,0.0,0.0,0,0,0,0,0,0,0,0,0,SPECTRUMANALYSIS,L2,1226.926,4.175,-60.845,-124.103
2026-05-25 10:53:36.021459,1779720816.021459,2420,140034.0,,,,,,,,,,,,,,,,0.0000,,,,0.0,0.0,0.0,0.0,0.0,0.0,0.0,0.0,0.0,-1507414,310187,164355043,50355,41537,-31780,61,ed02fe00,43.51534976279,-79.68382965982,167.9372,-37.1,SOL_COMPUTED,SINGLE,good,1.4884,1.1607,2.077,20,19,0.0,0.0,0,0,0,0,0,0,0,0,0,SPECTRUMANALYSIS,L2,1226.926,4.175,-60.845,-124.103
2026-05-25 10:53:37.022931,1779720817.022931,2420,140035.0,,,,,,,,,,,,,,,,0.0000,,,,0.0,0.0,0.0,0.0,0.0,0.0,0.0,0.0,0.0,-1520542,342728,164392984,34369,45184,-66133,61,ed02fe00,43.51534697634,-79.68382772887,168.3788,-37.1,SOL_COMPUTED,SINGLE,good,1.6104,1.1926,2.2477,19,18,0.0,0.0,0,0,0,0,0,0,0,0,0,SPECTRUMANALYSIS,L2,1228.464,29.956,-51.493,-118.261
2026-05-25 10:53:38.022474,1779720818.022474,2420,140036.0,,,,,,,,,,,,,,,,0.0000,,,,0.0,0.0,0.0,0.0,0.0,0.0,0.0,0.0,0.0,-1539123,342964,164379809,21122,-45536,-54977,61,ed02fe00,43.51535588506,-79.68382933698,168.1231,-37.1,SOL_COMPUTED,SINGLE,good,1.4892,1.1625,2.1173,20,19,0.0,0.0,0,0,0,0,0,0,0,0,0,SPECTRUMANALYSIS,L2,1228.464,29.956,-51.493,-118.261
2026-05-25 10:53:39.019822,1779720819.019822,2420,140037.0,,,,,,,,,,,,,,,,0.0000,,,,0.0,0.0,0.0,0.0,0.0,0.0,0.0,0.0,0.0,-1415889,210768,164342107,88210,59391,2087,61,ed02fe00,43.51536041682,-79.68382643034,169.7706,-37.1,SOL_COMPUTED,SINGLE,good,1.496,1.3373,2.4064,18,17,0.0,0.0,0,0,0,0,0,0,0,0,0,SPECTRUMANALYSIS,L2,1228.464,29.956,-51.493,-118.261
2026-05-25 10:53:40.030802,1779720820.030802,2420,140038.0,,,,,,,,,,,,,,,,0.0000,,,,0.0,0.0,0.0,0.0,0.0,0.0,0.0,0.0,0.0,-1411013,391423,164311871,44479,18706,-23008,61,ed02fe00,43.51535961537,-79.68382496248,170.0991,-37.1,SOL_COMPUTED,SINGLE,good,1.4994,1.3436,2.4209,18,17,0.0,0.0,0,0,0,0,0,0,0,0,0,SPECTRUMANALYSIS,L2,1225.132,6.445,-59.143,-124.035
2026-05-25 10:53:41.021153,1779720821.021153,2420,140039.0,,,,,,,,,,,,,,,,0.0000,,,,0.0,0.0,0.0,0.0,0.0,0.0,0.0,0.0,0.0,-1393235,392756,164323049,81091,63434,32031,61,ed02fe00,43.51535636327,-79.68384490697,165.5799,-37.1,SOL_COMPUTED,SINGLE,good,1.4914,1.3224,2.3177,19,18,0.0,0.0,0,0,0,0,0,0,0,0,0,SPECTRUMANALYSIS,L2,1225.132,6.445,-59.143,-124.035
2026-05-25 10:53:42.022136,1779720822.022136,2420,140040.0,,,,,,,,,,,,,,,,0.0000,,,,0.0,0.0,0.0,0.0,0.0,0.0,0.0,0.0,0.0,-1661244,178282,164452000,95343,18851,-11377,61,ed02fe00,43.51533665255,-79.68384982073,167.5513,-37.1,SOL_COMPUTED,SINGLE,good,1.3068,1.3125,2.2107,19,19,0.0,0.0,0,0,0,0,0,0,0,0,0,SPECTRUMANALYSIS,L2,1225.132,6.445,-59.143,-124.035
2026-05-25 10:53:43.020703,1779720823.020703,2420,140041.0,,,,,,,,,,,,,,,,0.0000,,,,0.0,0.0,0.0,0.0,0.0,0.0,0.0,0.0,0.0,-1641468,246438,164449770,51769,60928,-8982,61,ed01fe00,43.51533605539,-79.68384661096,168.3741,-37.1,SOL_COMPUTED,SINGLE,good,1.3036,1.3081,2.193,20,20,0.0,0.0,0,0,0,0,0,0,0,0,0,SPECTRUMANALYSIS,L2,1227.256,28.857,-51.89,-118.753
2026-05-25 10:53:44.022648,1779720824.022648,2420,140042.0,,,,,,,,,,,,,,,,0.0000,,,,0.0,0.0,0.0,0.0,0.0,0.0,0.0,0.0,0.0,-1515748,526966,164404320,38775,48144,-24166,61,ed01fe00,43.51533557151,-79.68384265589,169.356,-37.1,SOL_COMPUTED,SINGLE,good,1.3131,1.3114,2.1969,19,19,0.0,0.0,0,0,0,0,0,0,0,0,0,SPECTRUMANALYSIS,L2,1227.256,28.857,-51.89,-118.753
2026-05-25 10:53:45.021150,1779720825.021150,2420,140043.0,,,,,,,,,,,,,,,,0.0000,,,,0.0,0.0,0.0,0.0,0.0,0.0,0.0,0.0,0.0,-1542591,223920,164445454,80088,82015,-4930,61,ed01fe00,43.51533557656,-79.6838398068,170.1467,-37.1,SOL_COMPUTED,SINGLE,good,1.3247,1.3169,2.2059,19,19,0.0,0.0,0,0,0,0,0,0,0,0,0,SPECTRUMANALYSIS,L2,1227.256,28.857,-51.89,-118.753
2026-05-25 10:53:46.024798,1779720826.024798,2420,140044.0,,,,,,,,,,,,,,,,0.0000,,,,0.0,0.0,0.0,0.0,0.0,0.0,0.0,0.0,0.0,-1498713,318834,164336978,75267,67659,-13183,61,ed01fe00,43.51533446609,-79.68383631041,170.9099,-37.1,SOL_COMPUTED,SINGLE,good,1.319,1.3149,2.2042,19,19,0.0,0.0,0,0,0,0,0,0,0,0,0,SPECTRUMANALYSIS,L2,1228.281,31.348,-50.393,-119.183
2026-05-25 10:53:47.022393,1779720827.022393,2420,140045.0,,,,,,,,,,,,,,,,0.0000,,,,0.0,0.0,0.0,0.0,0.0,0.0,0.0,0.0,0.0,-1581689,315273,164400508,97467,117498,-19791,61,ed01fe00,43.51535502892,-79.68383223916,169.0415,-37.1,SOL_COMPUTED,SINGLE,good,1.478,1.2896,2.2403,20,19,0.0,0.0,0,0,0,0,0,0,0,0,0,SPECTRUMANALYSIS,L2,1228.281,31.348,-50.393,-119.183
2026-05-25 10:53:48.020318,1779720828.020318,2420,140046.0,,,,,,,,,,,,,,,,0.0000,,,,0.0,0.0,0.0,0.0,0.0,0.0,0.0,0.0,0.0,-1551789,480217,164396904,-15353,-74583,-21150,61,ed01fe00,43.51536487773,-79.68383434976,169.0331,-37.1,SOL_COMPUTED,SINGLE,good,1.4485,1.2065,2.1375,21,20,0.0,0.0,0,0,0,0,0,0,0,0,0,SPECTRUMANALYSIS,L2,1228.281,31.348,-50.393,-119.183
2026-05-25 10:53:49.020004,1779720829.020004,2420,140047.0,,,,,,,,,,,,,,,,0.0000,,,,0.0,0.0,0.0,0.0,0.0,0.0,0.0,0.0,0.0,-1630068,348802,164445640,-3025,88341,-28817,61,ed00fe00,43.51536839917,-79.68382346974,170.351,-37.1,SOL_COMPUTED,SINGLE,good,1.4414,1.1951,2.1222,21,20,0.0,0.0,0,0,0,0,0,0,0,0,0,SPECTRUMANALYSIS,L2,1228.721,7.471,-58.073,-117.573
2026-05-25 10:53:50.022575,1779720830.022575,2420,140048.0,,,,,,,,,,,,,,,,0.0000,,,,0.0,0.0,0.0,0.0,0.0,0.0,0.0,0.0,0.0,-1674688,159396,164466301,47148,48566,8752,61,ed00fe00,43.5153676752,-79.68380673979,171.803,-37.1,SOL_COMPUTED,SINGLE,good,1.4458,1.1717,2.0954,21,20,0.0,0.0,0,0,0,0,0,0,0,0,0,SPECTRUMANALYSIS,L2,1228.721,7.471,-58.073,-117.573
2026-05-25 10:53:51.022067,1779720831.022067,2420,140049.0,,,,,,,,,,,,,,,,0.0000,,,,0.0,0.0,0.0,0.0,0.0,0.0,0.0,0.0,0.0,-1358810,289726,164298630,67363,117719,-12467,61,ed00fe00,43.51536810362,-79.68380047189,171.9546,-37.1,SOL_COMPUTED,SINGLE,good,1.4466,1.1617,2.0792,21,20,0.0,0.0,0,0,0,0,0,0,0,0,0,SPECTRUMANALYSIS,L2,1228.721,7.471,-58.073,-117.573
2026-05-25 10:53:52.020681,1779720832.020681,2420,140050.0,,,,,,,,,,,,,,,,0.0000,,,,0.0,0.0,0.0,0.0,0.0,0.0,0.0,0.0,0.0,-1645531,355453,164368359,52706,91966,5862,61,ed00fe00,43.51536801488,-79.68380104417,171.819,-37.1,SOL_COMPUTED,SINGLE,good,1.4528,1.1629,2.0809,21,20,0.0,0.0,0,0,0,0,0,0,0,0,0,SPECTRUMANALYSIS,L2,1221.506,4.907,-61.017,-124.591
2026-05-25 10:53:53.023729,1779720833.023729,2420,140051.0,,,,,,,,,,,,,,,,0.0000,,,,0.0,0.0,0.0,0.0,0.0,0.0,0.0,0.0,0.0,-1504554,216281,164339566,47512,83159,-45320,61,ed00fe00,43.51537043172,-79.68380820253,171.1556,-37.1,SOL_COMPUTED,SINGLE,good,1.4265,1.1423,2.0499,21,20,0.0,0.0,0,0,0,0,0,0,0,0,0,SPECTRUMANALYSIS,L2,1221.506,4.907,-61.017,-124.591
2026-05-25 10:53:54.020518,1779720834.020518,2420,140052.0,,,,,,,,,,,,,,,,0.0000,,,,0.0,0.0,0.0,0.0,0.0,0.0,0.0,0.0,0.0,-1588347,339514,164352503,59432,20551,-18908,61,ecfffe00,43.51537219594,-79.68381236086,170.5713,-37.1,SOL_COMPUTED,SINGLE,good,1.4261,1.137,2.0437,21,20,0.0,0.0,0,0,0,0,0,0,0,0,0,SPECTRUMANALYSIS,L2,1221.506,4.907,-61.017,-124.591
2026-05-25 10:53:55.026623,1779720835.026623,2420,140053.0,,,,,,,,,,,,,,,,0.0000,,,,0.0,0.0,0.0,0.0,0.0,0.0,0.0,0.0,0.0,-1626966,252863,164323995,37224,100976,-6214,61,ecfffe00,43.51537465043,-79.68382431582,169.3021,-37.1,SOL_COMPUTED,SINGLE,good,1.4269,1.1335,2.0388,21,20,0.0,0.0,0,0,0,0,0,0,0,0,0,SPECTRUMANALYSIS,L2,1234.177,4.175,-59.945,-123.617
2026-05-25 10:53:56.022032,1779720836.022032,2420,140054.0,,,,,,,,,,,,,,,,0.0000,,,,0.0,0.0,0.0,0.0,0.0,0.0,0.0,0.0,0.0,-1628539,333392,164258298,-15009,53916,-100533,61,ecfffe00,43.51537652012,-79.68383395313,168.2908,-37.1,SOL_COMPUTED,SINGLE,good,1.4287,1.1343,2.0416,21,20,0.0,0.0,0,0,0,0,0,0,0,0,0,SPECTRUMANALYSIS,L2,1234.177,4.175,-59.945,-123.617
2026-05-25 10:53:57.021673,1779720837.021673,2420,140055.0,,,,,,,,,,,,,,,,0.0000,,,,0.0,0.0,0.0,0.0,0.0,0.0,0.0,0.0,0.0,-1679549,-95042,164398482,55863,-54953,424,61,ecfffe00,43.51537814914,-79.68383870106,167.8505,-37.1,SOL_COMPUTED,SINGLE,good,1.4276,1.1321,2.0366,21,20,0.0,0.0,0,0,0,0,0,0,0,0,0,SPECTRUMANALYSIS,L2,1234.177,4.175,-59.945,-123.617
2026-05-25 10:53:58.020336,1779720838.020336,2420,140056.0,,,,,,,,,,,,,,,,0.0000,,,,0.0,0.0,0.0,0.0,0.0,0.0,0.0,0.0,0.0,-1221072,496747,164270500,23728,42262,12780,61,ecfefe00,43.51538197654,-79.68384453624,167.4498,-37.1,SOL_COMPUTED,SINGLE,good,1.4298,1.1328,2.037,21,20,0.0,0.0,0,0,0,0,0,0,0,0,0,SPECTRUMANALYSIS,L2,1227.769,20.947,-53.433,-116.714
2026-05-25 10:53:59.020700,1779720839.020700,2420,140057.0,,,,,,,,,,,,,,,,0.0000,,,,0.0,0.0,0.0,0.0,0.0,0.0,0.0,0.0,0.0,-1517333,506770,164352444,72340,57981,25242,61,ecfefe00,43.51538067312,-79.68384749997,167.1572,-37.1,SOL_COMPUTED,SINGLE,good,1.4337,1.1332,2.035,21,20,0.0,0.0,0,0,0,0,0,0,0,0,0,SPECTRUMANALYSIS,L2,1227.769,20.947,-53.433,-116.714
2026-05-25 10:54:00.020348,1779720840.020348,2420,140058.0,,,,,,,,,,,,,,,,0.0000,,,,0.0,0.0,0.0,0.0,0.0,0.0,0.0,0.0,0.0,-1439695,300612,164376940,100062,82480,-44098,61,ecfefe00,43.51537910503,-79.68384624677,167.4729,-37.1,SOL_COMPUTED,SINGLE,good,1.4467,1.1334,2.0409,21,20,0.0,0.0,0,0,0,0,0,0,0,0,0,SPECTRUMANALYSIS,L2,1227.769,20.947,-53.433,-116.714
2026-05-25 10:54:01.021012,1779720841.021012,2420,140059.0,,,,,,,,,,,,,,,,0.0000,,,,0.0,0.0,0.0,0.0,0.0,0.0,0.0,0.0,0.0,-1584634,239718,164414891,55663,18860,-38055,61,ecfefe00,43.51537699298,-79.68384338111,167.9807,-37.1,SOL_COMPUTED,SINGLE,good,1.4426,1.1368,2.0435,21,20,0.0,0.0,0,0,0,0,0,0,0,0,0,SPECTRUMANALYSIS,L2,1225.718,8.643,-57.927,-123.727
2026-05-25 10:54:02.020427,1779720842.020427,2420,140060.0,,,,,,,,,,,,,,,,0.0000,,,,0.0,0.0,0.0,0.0,0.0,0.0,0.0,0.0,0.0,-1610929,353572,164382190,64435,105169,-28519,61,ecfefe00,43.5153749871,-79.68383969538,168.6036,-37.1,SOL_COMPUTED,SINGLE,good,1.4399,1.1346,2.0416,21,20,0.0,0.0,0,0,0,0,0,0,0,0,0,SPECTRUMANALYSIS,L2,1225.718,8.643,-57.927,-123.727
2026-05-25 10:54:03.020902,1779720843.020902,2420,140061.0,,,,,,,,,,,,,,,,0.0000,,,,0.0,0.0,0.0,0.0,0.0,0.0,0.0,0.0,0.0,-1531065,387730,164373324,50152,85207,-26267,61,ecfefe00,43.51537188599,-79.6838327017,169.6072,-37.1,SOL_COMPUTED,SINGLE,good,1.4508,1.1376,2.0577,21,20,0.0,0.0,0,0,0,0,0,0,0,0,0,SPECTRUMANALYSIS,L2,1225.718,8.643,-57.927,-123.727
2026-05-25 10:54:04.020462,1779720844.020462,2420,140062.0,,,,,,,,,,,,,,,,0.0000,,,,0.0,0.0,0.0,0.0,0.0,0.0,0.0,0.0,0.0,-1473404,211204,164380701,67645,29681,-23895,61,ecfefe00,43.51537196497,-79.68382854717,170.3349,-37.1,SOL_COMPUTED,SINGLE,good,1.4381,1.1324,2.0423,21,20,0.0,0.0,0,0,0,0,0,0,0,0,0,SPECTRUMANALYSIS,L2,1225.278,16.699,-54.233,-119.55
2026-05-25 10:54:05.021154,1779720845.021154,2420,140063.0,,,,,,,,,,,,,,,,0.0000,,,,0.0,0.0,0.0,0.0,0.0,0.0,0.0,0.0,0.0,-1556750,280446,164385523,27645,41786,-9402,61,ecfdfe00,43.51537173813,-79.6838264538,170.5778,-37.1,SOL_COMPUTED,SINGLE,good,1.4384,1.1337,2.0414,21,20,0.0,0.0,0,0,0,0,0,0,0,0,0,SPECTRUMANALYSIS,L2,1225.278,16.699,-54.233,-119.55
2026-05-25 10:54:06.020782,1779720846.020782,2420,140064.0,,,,,,,,,,,,,,,,0.0000,,,,0.0,0.0,0.0,0.0,0.0,0.0,0.0,0.0,0.0,-1697515,269747,164400509,78763,79382,15567,61,ecfdfe00,43.5153724809,-79.68382444539,170.789,-37.1,SOL_COMPUTED,SINGLE,good,1.4419,1.1362,2.0465,21,20,0.0,0.0,0,0,0,0,0,0,0,0,0,SPECTRUMANALYSIS,L2,1225.278,16.699,-54.233,-119.55
2026-05-25 10:54:07.022462,1779720847.022462,2420,140065.0,,,,,,,,,,,,,,,,0.0000,,,,0.0,0.0,0.0,0.0,0.0,0.0,0.0,0.0,0.0,-1583126,268646,164384885,46779,45113,-5575,61,ecfdfe00,43.51537307718,-79.68382161831,171.1094,-37.1,SOL_COMPUTED,SINGLE,good,1.4362,1.134,2.0414,21,20,0.0,0.0,0,0,0,0,0,0,0,0,0,SPECTRUMANALYSIS,L2,1230.515,4.321,-60.717,-122.008
2026-05-25 10:54:08.020814,1779720848.020814,2420,140066.0,,,,,,,,,,,,,,,,0.0000,,,,0.0,0.0,0.0,0.0,0.0,0.0,0.0,0.0,0.0,-1673740,157694,164436731,88417,54738,-32526,61,ecfdfe00,43.51537323627,-79.68381945595,171.3748,-37.1,SOL_COMPUTED,SINGLE,good,1.434,1.1326,2.0383,21,20,0.0,0.0,0,0,0,0,0,0,0,0,0,SPECTRUMANALYSIS,L2,1230.515,4.321,-60.717,-122.008
2026-05-25 10:54:09.022012,1779720849.022012,2420,140067.0,,,,,,,,,,,,,,,,0.0000,,,,0.0,0.0,0.0,0.0,0.0,0.0,0.0,0.0,0.0,-1562570,413255,164330461,71701,1605,-14391,61,ecfdfe00,43.51535452862,-79.68380682657,174.2144,-37.1,SOL_COMPUTED,SINGLE,good,1.5627,1.1647,2.2022,20,19,0.0,0.0,0,0,0,0,0,0,0,0,0,SPECTRUMANALYSIS,L2,1230.515,4.321,-60.717,-122.008
2026-05-25 10:54:10.021098,1779720850.021098,2420,140068.0,,,,,,,,,,,,,,,,0.0000,,,,0.0,0.0,0.0,0.0,0.0,0.0,0.0,0.0,0.0,-1656221,354221,164426994,54112,-60999,-17103,61,ecfdfe00,43.51537552901,-79.68382028543,170.9886,-37.1,SOL_COMPUTED,SINGLE,good,1.433,1.1305,2.0347,21,20,0.0,0.0,0,0,0,0,0,0,0,0,0,SPECTRUMANALYSIS,L2,1228.171,22.046,-52.972,-117.601
2026-05-25 10:54:11.024296,1779720851.024296,2420,140069.0,,,,,,,,,,,,,,,,0.0000,,,,0.0,0.0,0.0,0.0,0.0,0.0,0.0,0.0,0.0,-2173867,899609,164881446,62135,-182155,-10709,61,ecfdfe00,43.51537706742,-79.68382205685,170.6711,-37.1,SOL_COMPUTED,SINGLE,good,1.4306,1.1325,2.0356,21,20,0.0,0.0,0,0,0,0,0,0,0,0,0,SPECTRUMANALYSIS,L2,1228.171,22.046,-52.972,-117.601
2026-05-25 10:54:12.020344,1779720852.020344,2420,140070.0,,,,,,,,,,,,,,,,0.0000,,,,0.0,0.0,0.0,0.0,0.0,0.0,0.0,0.0,0.0,-1436684,214146,164369491,83482,44870,-19237,61,ecfcfe00,43.51537767111,-79.6838226001,170.6083,-37.1,SOL_COMPUTED,SINGLE,good,1.4233,1.1278,2.0273,21,20,0.0,0.0,0,0,0,0,0,0,0,0,0,SPECTRUMANALYSIS,L2,1228.171,22.046,-52.972,-117.601
2026-05-25 10:54:13.020936,1779720853.020936,2420,140071.0,,,,,,,,,,,,,,,,0.0000,,,,0.0,0.0,0.0,0.0,0.0,0.0,0.0,0.0,0.0,-1509317,287521,164381777,46607,-1131,-35142,61,ecfcfe00,43.51537807658,-79.68382243363,170.5709,-37.1,SOL_COMPUTED,SINGLE,good,1.4258,1.1291,2.03,21,20,0.0,0.0,0,0,0,0,0,0,0,0,0,SPECTRUMANALYSIS,L2,1233.994,19.922,-52.089,-117.67
2026-05-25 10:54:14.021602,1779720854.021602,2420,140072.0,,,,,,,,,,,,,,,,0.0000,,,,0.0,0.0,0.0,0.0,0.0,0.0,0.0,0.0,0.0,-1519371,294442,164405381,49288,88329,-10968,61,ecfcfe00,43.51537707018,-79.68382146834,170.6546,-37.1,SOL_COMPUTED,SINGLE,good,1.4247,1.1279,2.0273,21,20,0.0,0.0,0,0,0,0,0,0,0,0,0,SPECTRUMANALYSIS,L2,1233.994,19.922,-52.089,-117.67
2026-05-25 10:54:15.020129,1779720855.020129,2420,140073.0,,,,,,,,,,,,,,,,0.0000,,,,0.0,0.0,0.0,0.0,0.0,0.0,0.0,0.0,0.0,-1487313,330532,164331911,70030,3908,-48304,61,ecfcfe00,43.51537474438,-79.68382011344,170.8986,-37.1,SOL_COMPUTED,SINGLE,good,1.4335,1.1339,2.0378,21,20,0.0,0.0,0,0,0,0,0,0,0,0,0,SPECTRUMANALYSIS,L2,1233.994,19.922,-52.089,-117.67
2026-05-25 10:54:16.023691,1779720856.023691,2420,140074.0,,,,,,,,,,,,,,,,0.0000,,,,0.0,0.0,0.0,0.0,0.0,0.0,0.0,0.0,0.0,-1430408,264073,164302193,85114,64760,-26528,61,ecfcfe00,43.51537403029,-79.68381974147,170.8413,-37.1,SOL_COMPUTED,SINGLE,good,1.4259,1.1285,2.0291,21,20,0.0,0.0,0,0,0,0,0,0,0,0,0,SPECTRUMANALYSIS,L2,1236.741,6.519,-56.681,-116.694
2026-05-25 10:54:17.023327,1779720857.023327,2420,140075.0,,,,,,,,,,,,,,,,0.0000,,,,0.0,0.0,0.0,0.0,0.0,0.0,0.0,0.0,0.0,-1527260,322799,164393703,73381,73597,-44608,61,ecfbfe00,43.51537245343,-79.6838187488,170.9214,-37.1,SOL_COMPUTED,SINGLE,good,1.4288,1.1296,2.0324,21,20,0.0,0.0,0,0,0,0,0,0,0,0,0,SPECTRUMANALYSIS,L2,1236.741,6.519,-56.681,-116.694
2026-05-25 10:54:18.022999,1779720858.022999,2420,140076.0,,,,,,,,,,,,,,,,0.0000,,,,0.0,0.0,0.0,0.0,0.0,0.0,0.0,0.0,0.0,-1468254,345649,164320569,41006,47611,-20441,61,ecfbfe00,43.51537068475,-79.68381760991,171.0435,-37.1,SOL_COMPUTED,SINGLE,good,1.4269,1.1284,2.0311,21,20,0.0,0.0,0,0,0,0,0,0,0,0,0,SPECTRUMANALYSIS,L2,1236.741,6.519,-56.681,-116.694
2026-05-25 10:54:19.023656,1779720859.023656,2420,140077.0,,,,,,,,,,,,,,,,0.0000,,,,0.0,0.0,0.0,0.0,0.0,0.0,0.0,0.0,0.0,-1436436,292273,164398177,69005,73430,-57074,61,ecfbfe00,43.51537045713,-79.6838176986,170.994,-37.1,SOL_COMPUTED,SINGLE,good,1.4255,1.1269,2.028,21,20,0.0,0.0,0,0,0,0,0,0,0,0,0,SPECTRUMANALYSIS,L2,1238.279,3.735,-56.465,-112.709
2026-05-25 10:54:20.024495,1779720860.024495,2420,140078.0,,,,,,,,,,,,,,,,0.0000,,,,0.0,0.0,0.0,0.0,0.0,0.0,0.0,0.0,0.0,-1653301,264428,164445329,36420,81781,-18310,61,ecfafe00,43.5153695961,-79.6838171902,171.0351,-37.1,SOL_COMPUTED,SINGLE,good,1.4443,1.1374,2.0468,21,20,0.0,0.0,0,0,0,0,0,0,0,0,0,SPECTRUMANALYSIS,L2,1238.279,3.735,-56.465,-112.709
2026-05-25 10:54:21.024503,1779720861.024503,2420,140079.0,,,,,,,,,,,,,,,,0.0000,,,,0.0,0.0,0.0,0.0,0.0,0.0,0.0,0.0,0.0,-1459312,409260,164423055,72258,23540,-25130,61,ecfbfe00,43.51537010101,-79.68381735015,170.8647,-37.1,SOL_COMPUTED,SINGLE,good,1.4266,1.1279,2.0296,21,20,0.0,0.0,0,0,0,0,0,0,0,0,0,SPECTRUMANALYSIS,L2,1238.279,3.735,-56.465,-112.709
2026-05-25 10:54:22.024129,1779720862.024129,2420,140080.0,,,,,,,,,,,,,,,,0.0000,,,,0.0,0.0,0.0,0.0,0.0,0.0,0.0,0.0,0.0,-1431407,388851,164388567,79504,14529,-33751,61,ecfbfe00,43.51536872991,-79.68381609627,171.0373,-37.1,SOL_COMPUTED,SINGLE,good,1.5225,1.1412,2.0459,20,19,0.0,0.0,0,0,0,0,0,0,0,0,0,SPECTRUMANALYSIS,L2,1238.279,3.735,-56.465,-112.709
2026-05-25 10:54:23.020808,1779720863.020808,2420,140081.0,,,,,,,,,,,,,,,,0.0000,,,,0.0,0.0,0.0,0.0,0.0,0.0,0.0,0.0,0.0,-1551975,254225,164356637,63816,50516,-11270,61,ecfafe00,43.51533980834,-79.68379964661,175.2239,-37.1,SOL_COMPUTED,SINGLE,good,1.6919,1.1839,2.2273,19,18,0.0,0.0,0,0,0,0,0,0,0,0,0,SPECTRUMANALYSIS,L2,1227.732,30.835,-49.505,-109.753
2026-05-25 10:54:24.027597,1779720864.027597,2420,140082.0,,,,,,,,,,,,,,,,0.0000,,,,0.0,0.0,0.0,0.0,0.0,0.0,0.0,0.0,0.0,-1577622,315872,164419488,78609,69451,-25611,61,ecfafe00,43.51537350624,-79.68381860197,170.4872,-37.1,SOL_COMPUTED,SINGLE,good,1.5337,1.1433,2.0491,20,19,0.0,0.0,0,0,0,0,0,0,0,0,0,SPECTRUMANALYSIS,L2,1227.732,30.835,-49.505,-109.753
2026-05-25 10:54:25.020051,1779720865.020051,2420,140083.0,,,,,,,,,,,,,,,,0.0000,,,,0.0,0.0,0.0,0.0,0.0,0.0,0.0,0.0,0.0,-1537553,240795,164311715,-17538,77685,-5447,61,ecfafe00,43.51537412071,-79.68381874478,170.3755,-37.1,SOL_COMPUTED,SINGLE,good,1.5332,1.1426,2.0518,20,19,0.0,0.0,0,0,0,0,0,0,0,0,0,SPECTRUMANALYSIS,L2,1227.732,30.835,-49.505,-109.753
2026-05-25 10:54:26.020245,1779720866.020245,2420,140084.0,,,,,,,,,,,,,,,,0.0000,,,,0.0,0.0,0.0,0.0,0.0,0.0,0.0,0.0,0.0,-1175338,547000,164377760,38518,-41024,-76998,61,ecfafe00,43.51533929491,-79.68379876627,175.2042,-37.1,SOL_COMPUTED,SINGLE,good,1.6672,1.1736,2.2095,19,18,0.0,0.0,0,0,0,0,0,0,0,0,0,SPECTRUMANALYSIS,L2,1237.693,4.028,-57.081,-114.74
2026-05-25 10:54:27.021365,1779720867.021365,2420,140085.0,,,,,,,,,,,,,,,,0.0000,,,,0.0,0.0,0.0,0.0,0.0,0.0,0.0,0.0,0.0,-1557862,639605,164414232,83395,88584,-11007,61,ecf9fe00,43.51537883197,-79.6838213838,169.6935,-37.1,SOL_COMPUTED,SINGLE,good,1.5346,1.143,2.052,20,19,0.0,0.0,0,0,0,0,0,0,0,0,0,SPECTRUMANALYSIS,L2,1237.693,4.028,-57.081,-114.74
2026-05-25 10:54:28.020185,1779720868.020185,2420,140086.0,,,,,,,,,,,,,,,,0.0000,,,,0.0,0.0,0.0,0.0,0.0,0.0,0.0,0.0,0.0,-1438806,185247,164342894,74240,37548,-53873,61,ecfafe00,43.51534020541,-79.68379964424,175.0568,-37.1,SOL_COMPUTED,SINGLE,good,1.6746,1.1795,2.2139,19,18,0.0,0.0,0,0,0,0,0,0,0,0,0,SPECTRUMANALYSIS,L2,1237.693,4.028,-57.081,-114.74
2026-05-25 10:54:29.020574,1779720869.020574,2420,140087.0,,,,,,,,,,,,,,,,0.0000,,,,0.0,0.0,0.0,0.0,0.0,0.0,0.0,0.0,0.0,-1602466,260621,164466836,86181,103332,-3844,61,ecf9fe00,43.51537394876,-79.68381872574,170.2369,-37.1,SOL_COMPUTED,SINGLE,good,1.5399,1.1458,2.0617,20,19,0.0,0.0,0,0,0,0,0,0,0,0,0,SPECTRUMANALYSIS,L2,1238.242,3.516,-59.154,-117.369
2026-05-25 10:54:30.023460,1779720870.023460,2420,140088.0,,,,,,,,,,,,,,,,0.0000,,,,0.0,0.0,0.0,0.0,0.0,0.0,0.0,0.0,0.0,-1435996,220870,164301628,45199,-52978,3905,61,ecf9fe00,43.51534037102,-79.68379982619,174.9384,-37.1,SOL_COMPUTED,SINGLE,good,1.6818,1.185,2.2196,19,18,0.0,0.0,0,0,0,0,0,0,0,0,0,SPECTRUMANALYSIS,L2,1238.242,3.516,-59.154,-117.369
2026-05-25 10:54:31.020966,1779720871.020966,2420,140089.0,,,,,,,,,,,,,,,,0.0000,,,,0.0,0.0,0.0,0.0,0.0,0.0,0.0,0.0,0.0,-1498779,321632,164361739,58855,85496,-38222,61,ecf9fe00,43.51534041073,-79.68379959922,174.9055,-37.1,SOL_COMPUTED,SINGLE,good,1.6755,1.1812,2.2196,19,18,0.0,0.0,0,0,0,0,0,0,0,0,0,SPECTRUMANALYSIS,L2,1238.242,3.516,-59.154,-117.369
2026-05-25 10:54:32.020916,1779720872.020916,2420,140090.0,,,,,,,,,,,,,,,,0.0000,,,,0.0,0.0,0.0,0.0,0.0,0.0,0.0,0.0,0.0,-1419563,341766,164343586,51820,54153,-32089,61,ecf9fe00,43.5153408943,-79.68379961403,174.8457,-37.1,SOL_COMPUTED,SINGLE,good,1.6675,1.1764,2.2125,19,18,0.0,0.0,0,0,0,0,0,0,0,0,0,SPECTRUMANALYSIS,L2,1237.29,3.223,-53.315,-109.152
2026-05-25 10:54:33.021511,1779720873.021511,2420,140091.0,,,,,,,,,,,,,,,,0.0000,,,,0.0,0.0,0.0,0.0,0.0,0.0,0.0,0.0,0.0,-1540077,334829,164397787,49976,84190,36008,61,ecf9fe00,43.51534146538,-79.68379996383,174.7366,-37.1,SOL_COMPUTED,SINGLE,good,1.6607,1.1731,2.2084,19,18,0.0,0.0,0,0,0,0,0,0,0,0,0,SPECTRUMANALYSIS,L2,1237.29,3.223,-53.315,-109.152
2026-05-25 10:54:34.019808,1779720874.019808,2420,140092.0,,,,,,,,,,,,,,,,0.0000,,,,0.0,0.0,0.0,0.0,0.0,0.0,0.0,0.0,0.0,-1482809,258788,164393839,64981,14665,-7682,61,ecf8fe00,43.51537149319,-79.68381679812,170.4645,-37.1,SOL_COMPUTED,SINGLE,good,1.5322,1.141,2.0566,20,19,0.0,0.0,0,0,0,0,0,0,0,0,0,SPECTRUMANALYSIS,L2,1237.29,3.223,-53.315,-109.152
2026-05-25 10:54:35.021239,1779720875.021239,2420,140093.0,,,,,,,,,,,,,,,,0.0000,,,,0.0,0.0,0.0,0.0,0.0,0.0,0.0,0.0,0.0,-1497688,249716,164374618,80357,54685,-30499,61,ecf8fe00,43.51537064243,-79.68381639713,170.577,-37.1,SOL_COMPUTED,SINGLE,good,1.4665,1.1329,2.0468,21,20,0.0,0.0,0,0,0,0,0,0,0,0,0,SPECTRUMANALYSIS,L2,1237.51,2.783,-56.065,-112.159
2026-05-25 10:54:36.020828,1779720876.020828,2420,140094.0,,,,,,,,,,,,,,,,0.0000,,,,0.0,0.0,0.0,0.0,0.0,0.0,0.0,0.0,0.0,-1557447,275289,164373223,56332,64488,-42794,61,ecf8fe00,43.51537488908,-79.68381866721,169.9971,-37.1,SOL_COMPUTED,SINGLE,good,1.5387,1.1445,2.0634,20,19,0.0,0.0,0,0,0,0,0,0,0,0,0,SPECTRUMANALYSIS,L2,1237.51,2.783,-56.065,-112.159
2026-05-25 10:54:37.020642,1779720877.020642,2420,140095.0,,,,,,,,,,,,,,,,0.0000,,,,0.0,0.0,0.0,0.0,0.0,0.0,0.0,0.0,0.0,-1506859,333475,164398361,70106,27683,-38176,61,ecf8fe00,43.51537397802,-79.68382305179,169.1191,-37.1,SOL_COMPUTED,SINGLE,good,1.4577,1.1332,2.0447,21,20,0.0,0.0,0,0,0,0,0,0,0,0,0,SPECTRUMANALYSIS,L2,1237.51,2.783,-56.065,-112.159
2026-05-25 10:54:38.020650,1779720878.020650,2420,140096.0,,,,,,,,,,,,,,,,0.0000,,,,0.0,0.0,0.0,0.0,0.0,0.0,0.0,0.0,0.0,-1446049,284720,164409969,36874,70919,-18515,61,ecf8fe00,43.51537740416,-79.68382526539,168.5249,-37.1,SOL_COMPUTED,SINGLE,good,1.443,1.1279,2.0322,21,20,0.0,0.0,0,0,0,0,0,0,0,0,0,SPECTRUMANALYSIS,L2,1237.07,1.611,-57.707,-110.831
2026-05-25 10:54:39.021498,1779720879.021498,2420,140097.0,,,,,,,,,,,,,,,,0.0000,,,,0.0,0.0,0.0,0.0,0.0,0.0,0.0,0.0,0.0,-1449243,353779,164467708,76725,84158,-36333,61,ecf8fe00,43.51537493494,-79.68382354431,168.8958,-37.1,SOL_COMPUTED,SINGLE,good,1.4427,1.1284,2.0333,21,20,0.0,0.0,0,0,0,0,0,0,0,0,0,SPECTRUMANALYSIS,L2,1237.07,1.611,-57.707,-110.831
2026-05-25 10:54:40.020360,1779720880.020360,2420,140098.0,,,,,,,,,,,,,,,,0.0000,,,,0.0,0.0,0.0,0.0,0.0,0.0,0.0,0.0,0.0,-1572252,360601,164370953,51605,31994,9048,61,ecf7fe00,43.51537688804,-79.68382415833,168.7336,-37.1,SOL_COMPUTED,SINGLE,good,1.4366,1.1274,2.0283,21,20,0.0,0.0,0,0,0,0,0,0,0,0,0,SPECTRUMANALYSIS,L2,1237.07,1.611,-57.707,-110.831
2026-05-25 10:54:41.020250,1779720881.020250,2420,140099.0,,,,,,,,,,,,,,,,0.0000,,,,0.0,0.0,0.0,0.0,0.0,0.0,0.0,0.0,0.0,-1533890,287945,164377880,58191,48142,-17169,61,ecf8fe00,43.51537818958,-79.68382345419,168.7807,-37.1,SOL_COMPUTED,SINGLE,good,1.4347,1.1273,2.0282,21,20,0.0,0.0,0,0,0,0,0,0,0,0,0,SPECTRUMANALYSIS,L2,1237.437,0.586,-61.127,-112.105
2026-05-25 10:54:42.021556,1779720882.021556,2420,140100.0,,,,,,,,,,,,,,,,0.0000,,,,0.0,0.0,0.0,0.0,0.0,0.0,0.0,0.0,0.0,-1430281,293708,164372591,37406,86369,-19354,61,ecf7fe00,43.51537561475,-79.68382377469,168.7204,-37.1,SOL_COMPUTED,SINGLE,good,1.4317,1.1262,2.0269,21,20,0.0,0.0,0,0,0,0,0,0,0,0,0,SPECTRUMANALYSIS,L2,1237.437,0.586,-61.127,-112.105
2026-05-25 10:54:43.019997,1779720883.019997,2420,140101.0,,,,,,,,,,,,,,,,0.0000,,,,0.0,0.0,0.0,0.0,0.0,0.0,0.0,0.0,0.0,-1597162,263136,164391432,47151,71434,-2978,61,ecf7fe00,43.51537403777,-79.68382396026,168.6746,-37.1,SOL_COMPUTED,SINGLE,good,1.4312,1.1261,2.0268,21,20,0.0,0.0,0,0,0,0,0,0,0,0,0,SPECTRUMANALYSIS,L2,1237.437,0.586,-61.127,-112.105
2026-05-25 10:54:44.020099,1779720884.020099,2420,140102.0,,,,,,,,,,,,,,,,0.0000,,,,0.0,0.0,0.0,0.0,0.0,0.0,0.0,0.0,0.0,-1445059,289227,164381169,69989,88210,2984,61,ecf6fe00,43.51537437433,-79.68382325617,168.7019,-37.1,SOL_COMPUTED,SINGLE,good,1.4298,1.1255,2.0259,21,20,0.0,0.0,0,0,0,0,0,0,0,0,0,SPECTRUMANALYSIS,L2,1237.583,1.318,-61.32,-116.145
2026-05-25 10:54:45.020199,1779720885.020199,2420,140103.0,,,,,,,,,,,,,,,,0.0000,,,,0.0,0.0,0.0,0.0,0.0,0.0,0.0,0.0,0.0,-1452273,308179,164405032,40163,34419,-18798,61,ecf6fe00,43.51534262085,-79.68380182865,173.7453,-37.1,SOL_COMPUTED,SINGLE,good,1.5635,1.1611,2.1994,20,19,0.0,0.0,0,0,0,0,0,0,0,0,0,SPECTRUMANALYSIS,L2,1237.583,1.318,-61.32,-116.145
2026-05-25 10:54:46.020796,1779720886.020796,2420,140104.0,,,,,,,,,,,,,,,,0.0000,,,,0.0,0.0,0.0,0.0,0.0,0.0,0.0,0.0,0.0,-1460056,253967,164403465,45157,31087,-34196,61,ecf6fe00,43.51537688508,-79.68382287964,168.5661,-37.1,SOL_COMPUTED,SINGLE,good,1.4475,1.1306,2.0487,21,20,0.0,0.0,0,0,0,0,0,0,0,0,0,SPECTRUMANALYSIS,L2,1237.583,1.318,-61.32,-116.145
2026-05-25 10:54:47.020776,1779720887.020776,2420,140105.0,,,,,,,,,,,,,,,,0.0000,,,,0.0,0.0,0.0,0.0,0.0,0.0,0.0,0.0,0.0,-1552512,242622,164365114,58952,82297,-26652,61,ecf6fe00,43.51537372402,-79.68382264577,168.6949,-37.1,SOL_COMPUTED,SINGLE,good,1.4421,1.128,2.0427,21,20,0.0,0.0,0,0,0,0,0,0,0,0,0,SPECTRUMANALYSIS,L2,1237.546,2.271,-58.755,-116.842
2026-05-25 10:54:48.020489,1779720888.020489,2420,140106.0,,,,,,,,,,,,,,,,0.0000,,,,0.0,0.0,0.0,0.0,0.0,0.0,0.0,0.0,0.0,-1521058,304120,164313983,52899,50446,-17015,61,ecf6fe00,43.51537084923,-79.68382280084,168.7366,-37.1,SOL_COMPUTED,SINGLE,good,1.4442,1.1296,2.0465,21,20,0.0,0.0,0,0,0,0,0,0,0,0,0,SPECTRUMANALYSIS,L2,1237.546,2.271,-58.755,-116.842
2026-05-25 10:54:49.020555,1779720889.020555,2420,140107.0,,,,,,,,,,,,,,,,0.0000,,,,0.0,0.0,0.0,0.0,0.0,0.0,0.0,0.0,0.0,-1503430,290816,164409520,46542,42319,-40224,61,ecf6fe00,43.51536901388,-79.68382081456,169.1093,-37.1,SOL_COMPUTED,SINGLE,good,1.4446,1.1291,2.0476,21,20,0.0,0.0,0,0,0,0,0,0,0,0,0,SPECTRUMANALYSIS,L2,1237.546,2.271,-58.755,-116.842
2026-05-25 10:54:50.020007,1779720890.020007,2420,140108.0,,,,,,,,,,,,,,,,0.0000,,,,0.0,0.0,0.0,0.0,0.0,0.0,0.0,0.0,0.0,-1527975,265344,164358518,72491,44167,-18439,61,ecf6fe00,43.51534035053,-79.68380384211,173.2228,-37.1,SOL_COMPUTED,SINGLE,good,1.5699,1.1609,2.1996,20,19,0.0,0.0,0,0,0,0,0,0,0,0,0,SPECTRUMANALYSIS,L2,1237.473,0.952,-58.534,-109.353
2026-05-25 10:54:51.019736,1779720891.019736,2420,140109.0,,,,,,,,,,,,,,,,0.0000,,,,0.0,0.0,0.0,0.0,0.0,0.0,0.0,0.0,0.0,-1453694,346506,164288420,86045,80751,-9194,61,ecf5fe00,43.51534049502,-79.68380416568,173.1021,-37.1,SOL_COMPUTED,SINGLE,good,1.5693,1.1613,2.2018,20,19,0.0,0.0,0,0,0,0,0,0,0,0,0,SPECTRUMANALYSIS,L2,1237.473,0.952,-58.534,-109.353
2026-05-25 10:54:52.020505,1779720892.020505,2420,140110.0,,,,,,,,,,,,,,,,0.0000,,,,0.0,0.0,0.0,0.0,0.0,0.0,0.0,0.0,0.0,-1456392,301629,164367976,41938,52908,7260,61,ecf5fe00,43.51534216717,-79.6838041068,172.9982,-37.1,SOL_COMPUTED,SINGLE,good,1.569,1.1625,2.2033,20,19,0.0,0.0,0,0,0,0,0,0,0,0,0,SPECTRUMANALYSIS,L2,1237.473,0.952,-58.534,-109.353
2026-05-25 10:54:53.019908,1779720893.019908,2420,140111.0,,,,,,,,,,,,,,,,0.0000,,,,0.0,0.0,0.0,0.0,0.0,0.0,0.0,0.0,0.0,-1456459,322418,164376028,21499,62801,-47384,61,ecf5fe00,43.51534345629,-79.68380413888,172.8864,-37.1,SOL_COMPUTED,SINGLE,good,1.5603,1.1597,2.1986,20,19,0.0,0.0,0,0,0,0,0,0,0,0,0,SPECTRUMANALYSIS,L2,1237.51,2.051,-57.64,-111.071
2026-05-25 10:54:54.019864,1779720894.019864,2420,140112.0,,,,,,,,,,,,,,,,0.0000,,,,0.0,0.0,0.0,0.0,0.0,0.0,0.0,0.0,0.0,-1494467,310147,164364435,74770,67387,-35249,61,ecf5fe00,43.51534498459,-79.68380417829,172.7845,-37.1,SOL_COMPUTED,SINGLE,good,1.5591,1.1607,2.2023,20,19,0.0,0.0,0,0,0,0,0,0,0,0,0,SPECTRUMANALYSIS,L2,1237.51,2.051,-57.64,-111.071
2026-05-25 10:54:55.020372,1779720895.020372,2420,140113.0,,,,,,,,,,,,,,,,0.0000,,,,0.0,0.0,0.0,0.0,0.0,0.0,0.0,0.0,0.0,-1570730,315268,164429694,47723,94202,3623,61,ecf5fe00,43.5153461855,-79.6838041903,172.656,-37.1,SOL_COMPUTED,SINGLE,good,1.5591,1.1602,2.2008,20,19,0.0,0.0,0,0,0,0,0,0,0,0,0,SPECTRUMANALYSIS,L2,1237.51,2.051,-57.64,-111.071
2026-05-25 10:54:56.020865,1779720896.020865,2420,140114.0,,,,,,,,,,,,,,,,0.0000,,,,0.0,0.0,0.0,0.0,0.0,0.0,0.0,0.0,0.0,-1317297,294940,164368486,32726,59719,-20458,61,ecf4fe00,43.51536855867,-79.68381839475,169.1344,-37.1,SOL_COMPUTED,SINGLE,good,1.461,1.1348,2.055,21,20,0.0,0.0,0,0,0,0,0,0,0,0,0,SPECTRUMANALYSIS,L2,1237.62,1.538,-57.444,-111.986
2026-05-25 10:54:57.020192,1779720897.020192,2420,140115.0,,,,,,,,,,,,,,,,0.0000,,,,0.0,0.0,0.0,0.0,0.0,0.0,0.0,0.0,0.0,-1495909,343169,164426101,105896,36817,-27008,61,ecf5fe00,43.51536837585,-79.68381905793,168.9864,-37.1,SOL_COMPUTED,SINGLE,good,1.4483,1.1319,2.0565,21,20,0.0,0.0,0,0,0,0,0,0,0,0,0,SPECTRUMANALYSIS,L2,1237.62,1.538,-57.444,-111.986
2026-05-25 10:54:58.021493,1779720898.021493,2420,140116.0,,,,,,,,,,,,,,,,0.0000,,,,0.0,0.0,0.0,0.0,0.0,0.0,0.0,0.0,0.0,-1467380,396859,164396755,28091,87225,-29608,61,ecf4fe00,43.51537541715,-79.68382308676,167.8707,-37.1,SOL_COMPUTED,SINGLE,good,1.4425,1.1287,2.0429,21,20,0.0,0.0,0,0,0,0,0,0,0,0,0,SPECTRUMANALYSIS,L2,1237.62,1.538,-57.444,-111.986
2026-05-25 10:54:59.020256,1779720899.020256,2420,140117.0,,,,,,,,,,,,,,,,0.0000,,,,0.0,0.0,0.0,0.0,0.0,0.0,0.0,0.0,0.0,-1476708,252574,164387516,71953,43309,-10511,61,ecf4fe00,43.51538042605,-79.68382672729,166.945,-37.1,SOL_COMPUTED,SINGLE,good,1.4277,1.1252,2.0323,21,20,0.0,0.0,0,0,0,0,0,0,0,0,0,SPECTRUMANALYSIS,L2,1237.4,0.806,-58.797,-108.885
2026-05-25 10:55:00.020687,1779720900.020687,2420,140118.0,,,,,,,,,,,,,,,,0.0000,,,,0.0,0.0,0.0,0.0,0.0,0.0,0.0,0.0,0.0,-1513393,242323,164389689,34960,85440,-44674,61,ecf4fe00,43.5153806711,-79.68382695192,166.8083,-37.1,SOL_COMPUTED,SINGLE,good,1.4261,1.1249,2.0312,21,20,0.0,0.0,0,0,0,0,0,0,0,0,0,SPECTRUMANALYSIS,L2,1237.4,0.806,-58.797,-108.885
2026-05-25 10:55:01.020382,1779720901.020382,2420,140119.0,,,,,,,,,,,,,,,,0.0000,,,,0.0,0.0,0.0,0.0,0.0,0.0,0.0,0.0,0.0,-1533128,319711,164390939,53464,51128,-40089,61,ecf3fe00,43.51538235408,-79.68382810537,166.4361,-37.1,SOL_COMPUTED,SINGLE,good,1.4267,1.1252,2.0312,21,20,0.0,0.0,0,0,0,0,0,0,0,0,0,SPECTRUMANALYSIS,L2,1237.4,0.806,-58.797,-108.885
2026-05-25 10:55:02.024436,1779720902.024436,2420,140120.0,,,,,,,,,,,,,,,,0.0000,,,,0.0,0.0,0.0,0.0,0.0,0.0,0.0,0.0,0.0,-1566239,331804,164442716,34413,81322,-45216,61,ecf3fe00,43.51538381212,-79.68382868072,166.1688,-37.1,SOL_COMPUTED,SINGLE,good,1.4285,1.1244,2.0293,21,20,0.0,0.0,0,0,0,0,0,0,0,0,0,SPECTRUMANALYSIS,L2,1237.217,5.566,-54.702,-111.639
2026-05-25 10:55:03.021027,1779720903.021027,2420,140121.0,,,,,,,,,,,,,,,,0.0000,,,,0.0,0.0,0.0,0.0,0.0,0.0,0.0,0.0,0.0,-1532839,328845,164353896,53146,41560,-8918,61,ecf4fe00,43.51538365173,-79.68382803047,166.2056,-37.1,SOL_COMPUTED,SINGLE,good,1.4381,1.1253,2.029,21,20,0.0,0.0,0,0,0,0,0,0,0,0,0,SPECTRUMANALYSIS,L2,1237.217,5.566,-54.702,-111.639
2026-05-25 10:55:04.020262,1779720904.020262,2420,140122.0,,,,,,,,,,,,,,,,0.0000,,,,0.0,0.0,0.0,0.0,0.0,0.0,0.0,0.0,0.0,-1477746,376186,164369973,38157,63286,12416,61,ecf3fe00,43.51535388432,-79.68380565815,171.3602,-37.1,SOL_COMPUTED,SINGLE,good,1.661,1.1686,2.2073,19,18,0.0,0.0,0,0,0,0,0,0,0,0,0,SPECTRUMANALYSIS,L2,1237.217,5.566,-54.702,-111.639
2026-05-25 10:55:05.021058,1779720905.021058,2420,140123.0,,,,,,,,,,,,,,,,0.0000,,,,0.0,0.0,0.0,0.0,0.0,0.0,0.0,0.0,0.0,-1471901,330135,164414425,60120,43324,-40006,61,ecf3fe00,43.51539743941,-79.6838303079,165.1638,-37.1,SOL_COMPUTED,SINGLE,good,1.5216,1.136,2.0414,20,19,0.0,0.0,0,0,0,0,0,0,0,0,0,SPECTRUMANALYSIS,L2,1237.803,2.197,-59.337,-116.773
2026-05-25 10:55:06.020387,1779720906.020387,2420,140124.0,,,,,,,,,,,,,,,,0.0000,,,,0.0,0.0,0.0,0.0,0.0,0.0,0.0,0.0,0.0,-1432894,284351,164414385,19877,47250,-4798,61,ecf3fe00,43.51539728134,-79.68383034947,165.0816,-37.1,SOL_COMPUTED,SINGLE,good,1.5206,1.1361,2.0414,20,19,0.0,0.0,0,0,0,0,0,0,0,0,0,SPECTRUMANALYSIS,L2,1237.803,2.197,-59.337,-116.773
2026-05-25 10:55:07.020505,1779720907.020505,2420,140125.0,,,,,,,,,,,,,,,,0.0000,,,,0.0,0.0,0.0,0.0,0.0,0.0,0.0,0.0,0.0,-1449271,341559,164440118,62990,72177,-26783,61,ecf2fe00,43.51539325623,-79.6838282895,165.4971,-37.1,SOL_COMPUTED,SINGLE,good,1.5211,1.1363,2.0417,20,19,0.0,0.0,0,0,0,0,0,0,0,0,0,SPECTRUMANALYSIS,L2,1237.803,2.197,-59.337,-116.773
2026-05-25 10:55:08.019983,1779720908.019983,2420,140126.0,,,,,,,,,,,,,,,,0.0000,,,,0.0,0.0,0.0,0.0,0.0,0.0,0.0,0.0,0.0,-1553694,379328,164343080,96804,72509,6680,61,ecf3fe00,43.51539290454,-79.68382815306,165.4772,-37.1,SOL_COMPUTED,SINGLE,good,1.5213,1.1364,2.0424,20,19,0.0,0.0,0,0,0,0,0,0,0,0,0,SPECTRUMANALYSIS,L2,1237.583,4.102,-56.091,-113.922
2026-05-25 10:55:09.021270,1779720909.021270,2420,140127.0,,,,,,,,,,,,,,,,0.0000,,,,0.0,0.0,0.0,0.0,0.0,0.0,0.0,0.0,0.0,-1493741,308648,164393463,45995,65872,-24339,61,ecf2fe00,43.51539221676,-79.68382961149,165.1799,-37.1,SOL_COMPUTED,SINGLE,good,1.4303,1.1245,2.0293,21,20,0.0,0.0,0,0,0,0,0,0,0,0,0,SPECTRUMANALYSIS,L2,1237.583,4.102,-56.091,-113.922
2026-05-25 10:55:10.022228,1779720910.022228,2420,140128.0,,,,,,,,,,,,,,,,0.0000,,,,0.0,0.0,0.0,0.0,0.0,0.0,0.0,0.0,0.0,-1502316,342069,164407341,73007,59371,1400,61,ecf2fe00,43.51538755255,-79.68383202804,164.8057,-37.1,SOL_COMPUTED,SINGLE,good,1.4276,1.1237,2.0276,21,20,0.0,0.0,0,0,0,0,0,0,0,0,0,SPECTRUMANALYSIS,L2,1237.583,4.102,-56.091,-113.922
2026-05-25 10:55:11.020944,1779720911.020944,2420,140129.0,,,,,,,,,,,,,,,,0.0000,,,,0.0,0.0,0.0,0.0,0.0,0.0,0.0,0.0,0.0,-1441919,345090,164392758,53312,69355,-31359,61,ecf2fe00,43.51538720715,-79.68383208429,164.7177,-37.1,SOL_COMPUTED,SINGLE,good,1.4267,1.1236,2.0283,21,20,0.0,0.0,0,0,0,0,0,0,0,0,0,SPECTRUMANALYSIS,L2,1237.51,2.051,-57.304,-110.021
2026-05-25 10:55:12.021028,1779720912.021028,2420,140130.0,,,,,,,,,,,,,,,,0.0000,,,,0.0,0.0,0.0,0.0,0.0,0.0,0.0,0.0,0.0,-1488169,296115,164359103,77047,36065,-18868,61,ecf2fe00,43.51539254707,-79.68382978401,164.9037,-37.1,SOL_COMPUTED,SINGLE,good,1.524,1.1365,2.0425,20,19,0.0,0.0,0,0,0,0,0,0,0,0,0,SPECTRUMANALYSIS,L2,1237.51,2.051,-57.304,-110.021
2026-05-25 10:55:13.020864,1779720913.020864,2420,140131.0,,,,,,,,,,,,,,,,0.0000,,,,0.0,0.0,0.0,0.0,0.0,0.0,0.0,0.0,0.0,-1471619,343856,164372628,69014,89441,-45178,61,ecf2fe00,43.51539303652,-79.68383068458,164.6464,-37.1,SOL_COMPUTED,SINGLE,good,1.5228,1.1363,2.0415,20,19,0.0,0.0,0,0,0,0,0,0,0,0,0,SPECTRUMANALYSIS,L2,1237.51,2.051,-57.304,-110.021
2026-05-25 10:55:14.020613,1779720914.020613,2420,140132.0,,,,,,,,,,,,,,,,0.0000,,,,0.0,0.0,0.0,0.0,0.0,0.0,0.0,0.0,0.0,-1468076,323734,164332256,48469,62395,-3554,61,ecf2fe00,43.51539257145,-79.68383094432,164.5318,-37.1,SOL_COMPUTED,SINGLE,good,1.5249,1.1366,2.0424,20,19,0.0,0.0,0,0,0,0,0,0,0,0,0,SPECTRUMANALYSIS,L2,1237.473,1.831,-59.027,-112.6
2026-05-25 10:55:15.021216,1779720915.021216,2420,140133.0,,,,,,,,,,,,,,,,0.0000,,,,0.0,0.0,0.0,0.0,0.0,0.0,0.0,0.0,0.0,-1447283,30476,164540930,42166,265399,-27485,61,ecf1fe00,43.51538311056,-79.68383597644,163.8728,-37.1,SOL_COMPUTED,SINGLE,good,1.4274,1.1255,2.0326,21,20,0.0,0.0,0,0,0,0,0,0,0,0,0,SPECTRUMANALYSIS,L2,1237.473,1.831,-59.027,-112.6
2026-05-25 10:55:16.020191,1779720916.020191,2420,140134.0,,,,,,,,,,,,,,,,0.0000,,,,0.0,0.0,0.0,0.0,0.0,0.0,0.0,0.0,0.0,-1350845,426993,164314059,50715,-105274,19688,61,ecf1fe00,43.51538042686,-79.68383545714,163.9984,-37.1,SOL_COMPUTED,SINGLE,good,1.4323,1.1266,2.0405,21,20,0.0,0.0,0,0,0,0,0,0,0,0,0,SPECTRUMANALYSIS,L2,1237.473,1.831,-59.027,-112.6
2026-05-25 10:55:17.021506,1779720917.021506,2420,140135.0,,,,,,,,,,,,,,,,0.0000,,,,0.0,0.0,0.0,0.0,0.0,0.0,0.0,0.0,0.0,-1661864,377361,164494624,100617,50597,-38636,61,ecf1fe00,43.51538404544,-79.6838390138,163.2081,-37.1,SOL_COMPUTED,SINGLE,good,1.4386,1.1288,2.0463,21,20,0.0,0.0,0,0,0,0,0,0,0,0,0,SPECTRUMANALYSIS,L2,1237.437,1.904,-61.28,-119.121
2026-05-25 10:55:18.020191,1779720918.020191,2420,140136.0,,,,,,,,,,,,,,,,0.0000,,,,0.0,0.0,0.0,0.0,0.0,0.0,0.0,0.0,0.0,-1136767,222434,164301287,196882,374264,3563,61,ecf1fe00,43.51538597887,-79.68383816022,163.1863,-37.1,SOL_COMPUTED,SINGLE,good,1.4396,1.1281,2.0447,21,20,0.0,0.0,0,0,0,0,0,0,0,0,0,SPECTRUMANALYSIS,L2,1237.437,1.904,-61.28,-119.121
2026-05-25 10:55:19.020420,1779720919.020420,2420,140137.0,,,,,,,,,,,,,,,,0.0000,,,,0.0,0.0,0.0,0.0,0.0,0.0,0.0,0.0,0.0,-1563106,136937,164418784,89268,99488,-53868,61,ecf0fe00,43.5153537827,-79.68381584646,168.3275,-37.1,SOL_COMPUTED,SINGLE,good,1.5763,1.1628,2.211,20,19,0.0,0.0,0,0,0,0,0,0,0,0,0,SPECTRUMANALYSIS,L2,1237.437,1.904,-61.28,-119.121
2026-05-25 10:55:20.021118,1779720920.021118,2420,140138.0,,,,,,,,,,,,,,,,0.0000,,,,0.0,0.0,0.0,0.0,0.0,0.0,0.0,0.0,0.0,-1475050,130975,164389517,28966,-57108,-10079,61,ecf1fe00,43.51539030214,-79.68383940372,162.6317,-37.1,SOL_COMPUTED,SINGLE,good,1.4393,1.1289,2.0417,21,20,0.0,0.0,0,0,0,0,0,0,0,0,0,SPECTRUMANALYSIS,L2,1237.437,2.344,-57.744,-111.927
2026-05-25 10:55:21.021081,1779720921.021081,2420,140139.0,,,,,,,,,,,,,,,,0.0000,,,,0.0,0.0,0.0,0.0,0.0,0.0,0.0,0.0,0.0,-1466866,310594,164425369,60584,40209,-10661,61,ecf0fe00,43.51538780684,-79.68383823139,162.7971,-37.1,SOL_COMPUTED,SINGLE,good,1.4424,1.1288,2.0423,21,20,0.0,0.0,0,0,0,0,0,0,0,0,0,SPECTRUMANALYSIS,L2,1237.437,2.344,-57.744,-111.927
2026-05-25 10:55:22.022514,1779720922.022514,2420,140140.0,,,,,,,,,,,,,,,,0.0000,,,,0.0,0.0,0.0,0.0,0.0,0.0,0.0,0.0,0.0,-1358606,475826,164340228,127207,114791,-43115,61,ecf0fe00,43.51537682163,-79.6838419361,164.9646,-37.1,SOL_COMPUTED,SINGLE,good,1.5022,1.1362,2.0916,21,19,0.0,0.0,0,0,0,0,0,0,0,0,0,SPECTRUMANALYSIS,L2,1237.437,2.344,-57.744,-111.927
2026-05-25 10:55:23.020580,1779720923.020580,2420,140141.0,,,,,,,,,,,,,,,,0.0000,,,,0.0,0.0,0.0,0.0,0.0,0.0,0.0,0.0,0.0,-1541119,182881,164339626,48411,21657,10676,61,ecf0fe00,43.51538641328,-79.68384040967,165.0969,-37.1,SOL_COMPUTED,SINGLE,good,1.5729,1.1502,2.0968,20,18,0.0,0.0,0,0,0,0,0,0,0,0,0,SPECTRUMANALYSIS,L2,1237.803,1.904,-59.626,-114.299
2026-05-25 10:55:24.020660,1779720924.020660,2420,140142.0,,,,,,,,,,,,,,,,0.0000,,,,0.0,0.0,0.0,0.0,0.0,0.0,0.0,0.0,0.0,-1521231,238739,164261753,22191,44631,-41669,61,ecf0fe00,43.51538265073,-79.68384141356,164.9928,-37.1,SOL_COMPUTED,SINGLE,good,1.5579,1.1446,2.0918,20,18,0.0,0.0,0,0,0,0,0,0,0,0,0,SPECTRUMANALYSIS,L2,1237.803,1.904,-59.626,-114.299
2026-05-25 10:55:25.021002,1779720925.021002,2420,140143.0,,,,,,,,,,,,,,,,0.0000,,,,0.0,0.0,0.0,0.0,0.0,0.0,0.0,0.0,0.0,-1533792,383050,164316928,64247,79569,-41309,61,ecf0fe00,43.5153795077,-79.68384111179,165.0234,-37.1,SOL_COMPUTED,SINGLE,good,1.5705,1.1501,2.1049,20,18,0.0,0.0,0,0,0,0,0,0,0,0,0,SPECTRUMANALYSIS,L2,1237.803,1.904,-59.626,-114.299
2026-05-25 10:55:26.020252,1779720926.020252,2420,140144.0,,,,,,,,,,,,,,,,0.0000,,,,0.0,0.0,0.0,0.0,0.0,0.0,0.0,0.0,0.0,-1262496,316660,164413543,1397,248428,-933,61,eceffe00,43.51537801502,-79.68384249945,164.462,-37.1,SOL_COMPUTED,SINGLE,good,1.7399,1.1531,2.1025,19,17,0.0,0.0,0,0,0,0,0,0,0,0,0,SPECTRUMANALYSIS,L2,1236.484,4.834,-56.937,-114.337
2026-05-25 10:55:27.020828,1779720927.020828,2420,140145.0,,,,,,,,,,,,,,,,0.0000,,,,0.0,0.0,0.0,0.0,0.0,0.0,0.0,0.0,0.0,-1370628,818299,164363719,77421,108883,-39856,61,eceffe00,43.51537705317,-79.68384244178,164.4921,-37.1,SOL_COMPUTED,SINGLE,good,1.7414,1.1492,2.1039,19,17,0.0,0.0,0,0,0,0,0,0,0,0,0,SPECTRUMANALYSIS,L2,1236.484,4.834,-56.937,-114.337
2026-05-25 10:55:28.021747,1779720928.021747,2420,140146.0,,,,,,,,,,,,,,,,0.0000,,,,0.0,0.0,0.0,0.0,0.0,0.0,0.0,0.0,0.0,-1530234,546263,164435903,86355,267924,-20817,61,eceffe00,43.51538104017,-79.68384394061,163.9746,-37.1,SOL_COMPUTED,SINGLE,good,1.7333,1.1488,2.0993,19,17,0.0,0.0,0,0,0,0,0,0,0,0,0,SPECTRUMANALYSIS,L2,1236.484,4.834,-56.937,-114.337
2026-05-25 10:55:29.020953,1779720929.020953,2420,140147.0,,,,,,,,,,,,,,,,0.0000,,,,0.0,0.0,0.0,0.0,0.0,0.0,0.0,0.0,0.0,-1581278,206594,164438533,54716,104550,-52711,61,eceffe00,43.51538141427,-79.68384465168,163.8484,-37.1,SOL_COMPUTED,SINGLE,good,1.7296,1.1449,2.0939,19,17,0.0,0.0,0,0,0,0,0,0,0,0,0,SPECTRUMANALYSIS,L2,1229.563,6.958,-58.694,-116.578
2026-05-25 10:55:30.022123,1779720930.022123,2420,140148.0,,,,,,,,,,,,,,,,0.0000,,,,0.0,0.0,0.0,0.0,0.0,0.0,0.0,0.0,0.0,-1556698,355811,164405382,98155,58017,-6453,61,eceefe00,43.51538203894,-79.68384508254,163.6988,-37.1,SOL_COMPUTED,SINGLE,good,1.7304,1.147,2.0997,20,17,0.0,0.0,0,0,0,0,0,0,0,0,0,SPECTRUMANALYSIS,L2,1229.563,6.958,-58.694,-116.578
2026-05-25 10:55:31.020635,1779720931.020635,2420,140149.0,,,,,,,,,,,,,,,,0.0000,,,,0.0,0.0,0.0,0.0,0.0,0.0,0.0,0.0,0.0,-1549468,313350,164372961,48700,136172,-48696,61,eceefe00,43.51537871869,-79.68384396821,164.0549,-37.1,SOL_COMPUTED,SINGLE,good,1.7216,1.1428,2.0876,20,17,0.0,0.0,0,0,0,0,0,0,0,0,0,SPECTRUMANALYSIS,L2,1229.563,6.958,-58.694,-116.578
2026-05-25 10:55:32.022791,1779720932.022791,2420,140150.0,,,,,,,,,,,,,,,,0.0000,,,,0.0,0.0,0.0,0.0,0.0,0.0,0.0,0.0,0.0,-1297285,277245,164223841,21006,66668,-30943,61,eceefe00,43.51537828904,-79.68384379396,164.1061,-37.1,SOL_COMPUTED,SINGLE,good,1.7193,1.1436,2.0872,20,17,0.0,0.0,0,0,0,0,0,0,0,0,0,SPECTRUMANALYSIS,L2,1237.583,4.98,-56.146,-114.587
2026-05-25 10:55:33.022598,1779720933.022598,2420,140151.0,,,,,,,,,,,,,,,,0.0000,,,,0.0,0.0,0.0,0.0,0.0,0.0,0.0,0.0,0.0,-1664967,340836,164394398,83043,27989,-4976,61,eceefe00,43.51538033011,-79.68384488132,163.8621,-37.1,SOL_COMPUTED,SINGLE,good,1.7175,1.1432,2.086,20,17,0.0,0.0,0,0,0,0,0,0,0,0,0,SPECTRUMANALYSIS,L2,1237.583,4.98,-56.146,-114.587
2026-05-25 10:55:34.021152,1779720934.021152,2420,140152.0,,,,,,,,,,,,,,,,0.0000,,,,0.0,0.0,0.0,0.0,0.0,0.0,0.0,0.0,0.0,-1554288,413394,164391203,30470,61684,28159,61,eceefe00,43.51537888285,-79.68384425777,164.0229,-37.1,SOL_COMPUTED,SINGLE,good,1.7231,1.1438,2.0901,20,17,0.0,0.0,0,0,0,0,0,0,0,0,0,SPECTRUMANALYSIS,L2,1237.583,4.98,-56.146,-114.587
2026-05-25 10:55:35.020124,1779720935.020124,2420,140153.0,,,,,,,,,,,,,,,,0.0000,,,,0.0,0.0,0.0,0.0,0.0,0.0,0.0,0.0,0.0,-1535085,333831,164461063,78933,9600,-38331,61,eceefe00,43.51537812243,-79.68384377913,164.1238,-37.1,SOL_COMPUTED,SINGLE,good,1.7199,1.1433,2.0878,20,17,0.0,0.0,0,0,0,0,0,0,0,0,0,SPECTRUMANALYSIS,L2,1237.546,2.271,-61.518,-118.083
2026-05-25 10:55:36.021452,1779720936.021452,2420,140154.0,,,,,,,,,,,,,,,,0.0000,,,,0.0,0.0,0.0,0.0,0.0,0.0,0.0,0.0,0.0,-1347037,399810,164362048,148543,159299,24063,61,ecedfe00,43.51542009366,-79.68384634738,163.9269,-37.1,SOL_COMPUTED,SINGLE,good,1.5622,1.1439,2.0902,20,18,0.0,0.0,0,0,0,0,0,0,0,0,0,SPECTRUMANALYSIS,L2,1237.546,2.271,-61.518,-118.083
2026-05-25 10:55:37.020189,1779720937.020189,2420,140155.0,,,,,,,,,,,,,,,,0.0000,,,,0.0,0.0,0.0,0.0,0.0,0.0,0.0,0.0,0.0,-1251051,4607,164077852,76911,-127639,-8818,61,eceefe00,43.51537631185,-79.68384279214,164.3154,-37.1,SOL_COMPUTED,SINGLE,good,1.7242,1.1447,2.0906,19,17,0.0,0.0,0,0,0,0,0,0,0,0,0,SPECTRUMANALYSIS,L2,1237.546,2.271,-61.518,-118.083
2026-05-25 10:55:38.021877,1779720938.021877,2420,140156.0,,,,,,,,,,,,,,,,0.0000,,,,0.0,0.0,0.0,0.0,0.0,0.0,0.0,0.0,0.0,-1460122,244871,164354583,139252,93356,-16193,61,ecedfe00,43.5153931073,-79.68384397739,164.1761,-37.1,SOL_COMPUTED,SINGLE,good,1.6428,1.1456,2.0933,20,18,0.0,0.0,0,0,0,0,0,0,0,0,0,SPECTRUMANALYSIS,L2,1236.631,6.885,-56.064,-117.026
2026-05-25 10:55:39.022007,1779720939.022007,2420,140157.0,,,,,,,,,,,,,,,,0.0000,,,,0.0,0.0,0.0,0.0,0.0,0.0,0.0,0.0,0.0,-1509221,138451,164379931,74355,157414,-42079,61,ecedfe00,43.51540125675,-79.68384471228,164.0677,-37.1,SOL_COMPUTED,SINGLE,good,1.6383,1.1467,2.0959,20,18,0.0,0.0,0,0,0,0,0,0,0,0,0,SPECTRUMANALYSIS,L2,1236.631,6.885,-56.064,-117.026
2026-05-25 10:55:40.023249,1779720940.023249,2420,140158.0,,,,,,,,,,,,,,,,0.0000,,,,0.0,0.0,0.0,0.0,0.0,0.0,0.0,0.0,0.0,-1559758,126671,164300543,108703,58462,-47632,61,ecedfe00,43.5153774303,-79.68384272471,164.1582,-37.1,SOL_COMPUTED,SINGLE,good,1.744,1.1533,2.1088,20,17,0.0,0.0,0,0,0,0,0,0,0,0,0,SPECTRUMANALYSIS,L2,1236.631,6.885,-56.064,-117.026
2026-05-25 10:55:41.022179,1779720941.022179,2420,140159.0,,,,,,,,,,,,,,,,0.0000,,,,0.0,0.0,0.0,0.0,0.0,0.0,0.0,0.0,0.0,-1616209,224027,164342084,43007,45168,-26673,61,ececfe00,43.51537795862,-79.68384300467,164.0731,-37.1,SOL_COMPUTED,SINGLE,good,1.7314,1.1481,2.0975,20,17,0.0,0.0,0,0,0,0,0,0,0,0,0,SPECTRUMANALYSIS,L2,1235.129,6.079,-55.955,-114.307
2026-05-25 10:55:42.022907,1779720942.022907,2420,140160.0,,,,,,,,,,,,,,,,0.0000,,,,0.0,0.0,0.0,0.0,0.0,0.0,0.0,0.0,0.0,-1486563,278519,164397348,107619,247692,-26718,61,ececfe00,43.51537743039,-79.68384252034,164.1226,-37.1,SOL_COMPUTED,SINGLE,good,1.7271,1.1466,2.0963,20,17,0.0,0.0,0,0,0,0,0,0,0,0,0,SPECTRUMANALYSIS,L2,1235.129,6.079,-55.955,-114.307
2026-05-25 10:55:43.031521,1779720943.031521,2420,140161.0,,,,,,,,,,,,,,,,0.0000,,,,0.0,0.0,0.0,0.0,0.0,0.0,0.0,0.0,0.0,-1469256,311571,164405836,-3583,12026,-22147,61,ecedfe00,43.51537731819,-79.68384243031,164.1033,-37.1,SOL_COMPUTED,SINGLE,good,1.728,1.1466,2.0965,20,17,0.0,0.0,0,0,0,0,0,0,0,0,0,SPECTRUMANALYSIS,L2,1235.129,6.079,-55.955,-114.307
2026-05-25 10:55:44.021025,1779720944.021025,2420,140162.0,,,,,,,,,,,,,,,,0.0000,,,,0.0,0.0,0.0,0.0,0.0,0.0,0.0,0.0,0.0,-1739351,287484,164366632,51020,60560,-46362,61,ececfe00,43.51538818907,-79.68383962327,164.3666,-37.1,SOL_COMPUTED,SINGLE,good,1.6054,1.1378,2.0866,21,18,0.0,0.0,0,0,0,0,0,0,0,0,0,SPECTRUMANALYSIS,L2,1237.656,6.738,-53.549,-108.501
2026-05-25 10:55:45.025810,1779720945.025810,2420,140163.0,,,,,,,,,,,,,,,,0.0000,,,,0.0,0.0,0.0,0.0,0.0,0.0,0.0,0.0,0.0,-1367653,361733,164339292,45884,66136,47008,61,ececfe00,43.51537643976,-79.68384261566,164.1228,-37.1,SOL_COMPUTED,SINGLE,good,1.6044,1.1384,2.089,21,18,0.0,0.0,0,0,0,0,0,0,0,0,0,SPECTRUMANALYSIS,L2,1237.656,6.738,-53.549,-108.501
2026-05-25 10:55:46.021422,1779720946.021422,2420,140164.0,,,,,,,,,,,,,,,,0.0000,,,,0.0,0.0,0.0,0.0,0.0,0.0,0.0,0.0,0.0,-1670140,501217,164436034,55113,12283,-18935,61,ececfe00,43.5153755794,-79.68384253576,164.186,-37.1,SOL_COMPUTED,SINGLE,good,1.5965,1.1374,2.0912,21,18,0.0,0.0,0,0,0,0,0,0,0,0,0,SPECTRUMANALYSIS,L2,1237.656,6.738,-53.549,-108.501
2026-05-25 10:55:47.023511,1779720947.023511,2420,140165.0,,,,,,,,,,,,,,,,0.0000,,,,0.0,0.0,0.0,0.0,0.0,0.0,0.0,0.0,0.0,-1635484,233209,164368491,100262,138837,-30397,61,ececfe00,43.51537697532,-79.68384244402,164.2035,-37.1,SOL_COMPUTED,SINGLE,good,1.6011,1.1399,2.0968,21,18,0.0,0.0,0,0,0,0,0,0,0,0,0,SPECTRUMANALYSIS,L2,1237.656,6.738,-53.549,-108.501
2026-05-25 10:55:48.022297,1779720948.022297,2420,140166.0,,,,,,,,,,,,,,,,0.0000,,,,0.0,0.0,0.0,0.0,0.0,0.0,0.0,0.0,0.0,-1500322,328140,164321891,68666,11645,-28241,61,ecebfe00,43.51537604101,-79.68384102569,164.1018,-37.1,SOL_COMPUTED,SINGLE,good,1.6547,1.1484,2.1023,20,17,0.0,0.0,0,0,0,0,0,0,0,0,0,SPECTRUMANALYSIS,L2,1231.65,9.961,-56.12,-115.912
2026-05-25 10:55:49.021629,1779720949.021629,2420,140167.0,,,,,,,,,,,,,,,,0.0000,,,,0.0,0.0,0.0,0.0,0.0,0.0,0.0,0.0,0.0,-1382914,260371,164232507,51957,25131,-45141,61,ecebfe00,43.5153884904,-79.68384694645,164.8488,-37.1,SOL_COMPUTED,SINGLE,good,1.5788,1.1354,2.0839,21,18,0.0,0.0,0,0,0,0,0,0,0,0,0,SPECTRUMANALYSIS,L2,1231.65,9.961,-56.12,-115.912
2026-05-25 10:55:50.022116,1779720950.022116,2420,140168.0,,,,,,,,,,,,,,,,0.0000,,,,0.0,0.0,0.0,0.0,0.0,0.0,0.0,0.0,0.0,-1785040,-57183,164456111,50486,45311,-54173,61,ecebfe00,43.51538570381,-79.68384707037,164.8193,-37.1,SOL_COMPUTED,SINGLE,good,1.5819,1.1371,2.0902,21,18,0.0,0.0,0,0,0,0,0,0,0,0,0,SPECTRUMANALYSIS,L2,1231.65,9.961,-56.12,-115.912
2026-05-25 10:55:51.023694,1779720951.023694,2420,140169.0,,,,,,,,,,,,,,,,0.0000,,,,0.0,0.0,0.0,0.0,0.0,0.0,0.0,0.0,0.0,-1377842,190786,164196041,37211,-4873,-22265,61,ecebfe00,43.51538322613,-79.68384831521,164.7159,-37.1,SOL_COMPUTED,SINGLE,good,1.5798,1.1386,2.0927,21,18,0.0,0.0,0,0,0,0,0,0,0,0,0,SPECTRUMANALYSIS,L2,1228.464,3.003,-63.101,-125.152
2026-05-25 10:55:52.021131,1779720952.021131,2420,140170.0,,,,,,,,,,,,,,,,0.0000,,,,0.0,0.0,0.0,0.0,0.0,0.0,0.0,0.0,0.0,-1567504,341427,164418916,35019,111119,-8265,61,ecebfe00,43.51538301806,-79.68384963474,164.7731,-37.1,SOL_COMPUTED,SINGLE,good,1.5798,1.1388,2.0936,21,18,0.0,0.0,0,0,0,0,0,0,0,0,0,SPECTRUMANALYSIS,L2,1228.464,3.003,-63.101,-125.152
2026-05-25 10:55:53.021663,1779720953.021663,2420,140171.0,,,,,,,,,,,,,,,,0.0000,,,,0.0,0.0,0.0,0.0,0.0,0.0,0.0,0.0,0.0,-1629051,233693,164326134,79095,100796,-37614,61,eceafe00,43.51538535532,-79.68385108748,164.9823,-37.1,SOL_COMPUTED,SINGLE,good,1.5748,1.1371,2.0914,21,18,0.0,0.0,0,0,0,0,0,0,0,0,0,SPECTRUMANALYSIS,L2,1228.464,3.003,-63.101,-125.152
2026-05-25 10:55:54.021642,1779720954.021642,2420,140172.0,,,,,,,,,,,,,,,,0.0000,,,,0.0,0.0,0.0,0.0,0.0,0.0,0.0,0.0,0.0,-1760028,419059,164420067,41876,43888,13534,61,ecebfe00,43.51538656056,-79.68385175609,165.0485,-37.1,SOL_COMPUTED,SINGLE,good,1.5749,1.1377,2.0923,21,18,0.0,0.0,0,0,0,0,0,0,0,0,0,SPECTRUMANALYSIS,L2,1237.803,4.834,-55.894,-111.986
2026-05-25 10:55:55.021347,1779720955.021347,2420,140173.0,,,,,,,,,,,,,,,,0.0000,,,,0.0,0.0,0.0,0.0,0.0,0.0,0.0,0.0,0.0,-1488638,292875,164357064,44912,94370,-5444,61,eceafe00,43.51538747116,-79.68385177048,165.1209,-37.1,SOL_COMPUTED,SINGLE,good,1.583,1.1426,2.1038,21,18,0.0,0.0,0,0,0,0,0,0,0,0,0,SPECTRUMANALYSIS,L2,1237.803,4.834,-55.894,-111.986
2026-05-25 10:55:56.020784,1779720956.020784,2420,140174.0,,,,,,,,,,,,,,,,0.0000,,,,0.0,0.0,0.0,0.0,0.0,0.0,0.0,0.0,0.0,-1566931,307921,164378532,47495,29229,-3879,61,eceafe00,43.51538707403,-79.68385191517,165.0746,-37.1,SOL_COMPUTED,SINGLE,good,1.5829,1.1423,2.1028,21,18,0.0,0.0,0,0,0,0,0,0,0,0,0,SPECTRUMANALYSIS,L2,1237.803,4.834,-55.894,-111.986
2026-05-25 10:55:57.022517,1779720957.022517,2420,140175.0,,,,,,,,,,,,,,,,0.0000,,,,0.0,0.0,0.0,0.0,0.0,0.0,0.0,0.0,0.0,-1411889,310792,164296348,59193,42667,-23110,61,eceafe00,43.51538743456,-79.6838508561,165.0839,-37.1,SOL_COMPUTED,SINGLE,good,1.5999,1.1472,2.1122,21,18,0.0,0.0,0,0,0,0,0,0,0,0,0,SPECTRUMANALYSIS,L2,1237.766,3.735,-54.438,-110.496
2026-05-25 10:55:58.021058,1779720958.021058,2420,140176.0,,,,,,,,,,,,,,,,0.0000,,,,0.0,0.0,0.0,0.0,0.0,0.0,0.0,0.0,0.0,-1520977,441159,164341986,52100,-232677,-54100,61,eceafe00,43.51538474075,-79.683850813,164.9838,-37.1,SOL_COMPUTED,SINGLE,good,1.5971,1.1518,2.1271,21,18,0.0,0.0,0,0,0,0,0,0,0,0,0,SPECTRUMANALYSIS,L2,1237.766,3.735,-54.438,-110.496
2026-05-25 10:55:59.025971,1779720959.025971,2420,140177.0,,,,,,,,,,,,,,,,0.0000,,,,0.0,0.0,0.0,0.0,0.0,0.0,0.0,0.0,0.0,-1707058,484636,164420162,71697,-59545,-50976,61,eceafe00,43.51538396,-79.68385149021,164.9969,-37.1,SOL_COMPUTED,SINGLE,good,1.5717,1.1395,2.0976,21,18,0.0,0.0,0,0,0,0,0,0,0,0,0,SPECTRUMANALYSIS,L2,1237.766,3.735,-54.438,-110.496
2026-05-25 10:56:00.021001,1779720960.021001,2420,140178.0,,,,,,,,,,,,,,,,0.0000,,,,0.0,0.0,0.0,0.0,0.0,0.0,0.0,0.0,0.0,-1088262,533128,164097761,-5292,-6258,-46258,61,ece9fe00,43.51540182435,-79.68385471595,164.8164,-37.1,SOL_COMPUTED,SINGLE,good,1.4618,1.1376,2.0995,21,19,0.0,0.0,0,0,0,0,0,0,0,0,0,SPECTRUMANALYSIS,L2,1232.273,2.563,-62.292,-115.181
2026-05-25 10:56:01.024280,1779720961.024280,2420,140179.0,,,,,,,,,,,,,,,,0.0000,,,,0.0,0.0,0.0,0.0,0.0,0.0,0.0,0.0,0.0,-2462939,939557,164840626,41360,-112593,-44464,61,ece9fe00,43.51539402814,-79.68384794642,163.7525,-37.1,SOL_COMPUTED,SINGLE,good,1.6324,1.1472,2.1768,19,17,0.0,0.0,0,0,0,0,0,0,0,0,0,SPECTRUMANALYSIS,L2,1232.273,2.563,-62.292,-115.181
2026-05-25 10:56:02.022698,1779720962.022698,2420,140180.0,,,,,,,,,,,,,,,,0.0000,,,,0.0,0.0,0.0,0.0,0.0,0.0,0.0,0.0,0.0,-1831963,173335,164415217,133502,1900,-21464,61,ece9fe00,43.51542801512,-79.68384679346,160.6386,-37.1,SOL_COMPUTED,SINGLE,good,1.5509,1.1349,2.0998,20,19,0.0,0.0,0,0,0,0,0,0,0,0,0,SPECTRUMANALYSIS,L2,1232.273,2.563,-62.292,-115.181
2026-05-25 10:56:03.022199,1779720963.022199,2420,140181.0,,,,,,,,,,,,,,,,0.0000,,,,0.0,0.0,0.0,0.0,0.0,0.0,0.0,0.0,0.0,-1573347,194599,164503298,196502,-351270,-116439,61,ece9fe00,43.51542630716,-79.68383989171,161.8034,-37.1,SOL_COMPUTED,SINGLE,good,1.5693,1.141,2.0742,20,19,0.0,0.0,0,0,0,0,0,0,0,0,0,SPECTRUMANALYSIS,L2,1238.279,4.028,-56.377,-112.534
2026-05-25 10:56:04.021194,1779720964.021194,2420,140182.0,,,,,,,,,,,,,,,,0.0000,,,,0.0,0.0,0.0,0.0,0.0,0.0,0.0,0.0,0.0,-2375788,289230,164762071,55932,219017,-21188,61,ece9fe00,43.51539693259,-79.68384337163,164.3906,-37.1,SOL_COMPUTED,SINGLE,good,1.6112,1.1504,2.1104,19,17,0.0,0.0,0,0,0,0,0,0,0,0,0,SPECTRUMANALYSIS,L2,1238.279,4.028,-56.377,-112.534
2026-05-25 10:56:05.020607,1779720965.020607,2420,140183.0,,,,,,,,,,,,,,,,0.0000,,,,0.0,0.0,0.0,0.0,0.0,0.0,0.0,0.0,0.0,-1349141,179146,164312046,44566,11525,-18319,61,ece9fe00,43.51539814569,-79.68384269945,164.4166,-37.1,SOL_COMPUTED,SINGLE,good,1.616,1.153,2.1146,19,17,0.0,0.0,0,0,0,0,0,0,0,0,0,SPECTRUMANALYSIS,L2,1238.279,4.028,-56.377,-112.534
2026-05-25 10:56:06.020639,1779720966.020639,2420,140184.0,,,,,,,,,,,,,,,,0.0000,,,,0.0,0.0,0.0,0.0,0.0,0.0,0.0,0.0,0.0,-1680024,374853,164445098,59626,33894,-16230,61,ece8fe00,43.51541399197,-79.68384745677,165.1795,-37.1,SOL_COMPUTED,SINGLE,good,1.5515,1.1454,2.0924,20,18,0.0,0.0,0,0,0,0,0,0,0,0,0,SPECTRUMANALYSIS,L2,1236.741,3.149,-57.799,-111.099
2026-05-25 10:56:07.022957,1779720967.022957,2420,140185.0,,,,,,,,,,,,,,,,0.0000,,,,0.0,0.0,0.0,0.0,0.0,0.0,0.0,0.0,0.0,-1330102,-92190,164268113,101152,292188,-87588,61,ece8fe00,43.51540127803,-79.68384131572,164.282,-37.1,SOL_COMPUTED,SINGLE,good,1.6105,1.1509,2.1113,19,17,0.0,0.0,0,0,0,0,0,0,0,0,0,SPECTRUMANALYSIS,L2,1236.741,3.149,-57.799,-111.099
2026-05-25 10:56:08.021169,1779720968.021169,2420,140186.0,,,,,,,,,,,,,,,,0.0000,,,,0.0,0.0,0.0,0.0,0.0,0.0,0.0,0.0,0.0,-1590171,376334,164453144,85273,203698,-13148,61,ece8fe00,43.51539974197,-79.68384024343,164.3675,-37.1,SOL_COMPUTED,SINGLE,good,1.6095,1.1499,2.109,19,17,0.0,0.0,0,0,0,0,0,0,0,0,0,SPECTRUMANALYSIS,L2,1236.741,3.149,-57.799,-111.099
2026-05-25 10:56:09.022811,1779720969.022811,2420,140187.0,,,,,,,,,,,,,,,,0.0000,,,,0.0,0.0,0.0,0.0,0.0,0.0,0.0,0.0,0.0,-1544185,402830,164475490,49939,41060,-13572,61,ece8fe00,43.51539838914,-79.68383927972,164.4505,-37.1,SOL_COMPUTED,SINGLE,good,1.6135,1.1512,2.1112,19,17,0.0,0.0,0,0,0,0,0,0,0,0,0,SPECTRUMANALYSIS,L2,1237.4,2.856,-55.481,-109.541
2026-05-25 10:56:10.020339,1779720970.020339,2420,140188.0,,,,,,,,,,,,,,,,0.0000,,,,0.0,0.0,0.0,0.0,0.0,0.0,0.0,0.0,0.0,-1509647,442794,164419294,90891,-7898,-32986,61,ece8fe00,43.51539883302,-79.68383834782,164.4884,-37.1,SOL_COMPUTED,SINGLE,good,1.6129,1.1515,2.1132,19,17,0.0,0.0,0,0,0,0,0,0,0,0,0,SPECTRUMANALYSIS,L2,1237.4,2.856,-55.481,-109.541
2026-05-25 10:56:11.022386,1779720971.022386,2420,140189.0,,,,,,,,,,,,,,,,0.0000,,,,0.0,0.0,0.0,0.0,0.0,0.0,0.0,0.0,0.0,-1222860,446190,164061736,68384,-12237,-27824,61,ece8fe00,43.51539916206,-79.68383734966,164.4543,-37.1,SOL_COMPUTED,SINGLE,good,1.618,1.1548,2.1189,19,17,0.0,0.0,0,0,0,0,0,0,0,0,0,SPECTRUMANALYSIS,L2,1237.4,2.856,-55.481,-109.541
2026-05-25 10:56:12.022314,1779720972.022314,2420,140190.0,,,,,,,,,,,,,,,,0.0000,,,,0.0,0.0,0.0,0.0,0.0,0.0,0.0,0.0,0.0,-1582858,433223,164425166,36067,40915,-9487,61,ece8fe00,43.51539863873,-79.68383626891,164.5899,-37.1,SOL_COMPUTED,SINGLE,good,1.6118,1.1521,2.1151,19,17,0.0,0.0,0,0,0,0,0,0,0,0,0,SPECTRUMANALYSIS,L2,1237.803,7.471,-55.646,-114.585
2026-05-25 10:56:13.022103,1779720973.022103,2420,140191.0,,,,,,,,,,,,,,,,0.0000,,,,0.0,0.0,0.0,0.0,0.0,0.0,0.0,0.0,0.0,-1476299,195643,164434428,54117,22259,-63241,61,ece7fe00,43.51539870315,-79.68383546036,164.5474,-37.1,SOL_COMPUTED,SINGLE,good,1.6115,1.1518,2.1131,19,17,0.0,0.0,0,0,0,0,0,0,0,0,0,SPECTRUMANALYSIS,L2,1237.803,7.471,-55.646,-114.585
2026-05-25 10:56:14.021706,1779720974.021706,2420,140192.0,,,,,,,,,,,,,,,,0.0000,,,,0.0,0.0,0.0,0.0,0.0,0.0,0.0,0.0,0.0,-1464488,302626,164321136,55776,10247,-10287,61,ece7fe00,43.5153976553,-79.68383424513,164.6938,-37.1,SOL_COMPUTED,SINGLE,good,1.6168,1.154,2.1196,20,17,0.0,0.0,0,0,0,0,0,0,0,0,0,SPECTRUMANALYSIS,L2,1237.803,7.471,-55.646,-114.585
2026-05-25 10:56:15.022740,1779720975.022740,2420,140193.0,,,,,,,,,,,,,,,,0.0000,,,,0.0,0.0,0.0,0.0,0.0,0.0,0.0,0.0,0.0,-1481761,253768,164408272,61983,162778,-22506,61,ece7fe00,43.51539682072,-79.68383355442,164.8222,-37.1,SOL_COMPUTED,SINGLE,good,1.6125,1.1527,2.1161,20,17,0.0,0.0,0,0,0,0,0,0,0,0,0,SPECTRUMANALYSIS,L2,1237.18,2.856,-57.973,-109.854
2026-05-25 10:56:16.028318,1779720976.028318,2420,140194.0,,,,,,,,,,,,,,,,0.0000,,,,0.0,0.0,0.0,0.0,0.0,0.0,0.0,0.0,0.0,-1514215,262392,164390678,58655,36213,-36306,61,ece7fe00,43.51538182964,-79.6838377052,164.3166,-37.1,SOL_COMPUTED,SINGLE,good,1.5033,1.1427,2.1014,21,18,0.0,0.0,0,0,0,0,0,0,0,0,0,SPECTRUMANALYSIS,L2,1237.18,2.856,-57.973,-109.854
2026-05-25 10:56:17.022708,1779720977.022708,2420,140195.0,,,,,,,,,,,,,,,,0.0000,,,,0.0,0.0,0.0,0.0,0.0,0.0,0.0,0.0,0.0,-1452105,352801,164391776,17448,77022,-16669,61,ece7fe00,43.51538042467,-79.68383742004,164.3398,-37.1,SOL_COMPUTED,SINGLE,good,1.5019,1.1426,2.1008,21,18,0.0,0.0,0,0,0,0,0,0,0,0,0,SPECTRUMANALYSIS,L2,1237.18,2.856,-57.973,-109.854
2026-05-25 10:56:18.021835,1779720978.021835,2420,140196.0,,,,,,,,,,,,,,,,0.0000,,,,0.0,0.0,0.0,0.0,0.0,0.0,0.0,0.0,0.0,-1545818,315001,164416481,90390,54096,-23881,61,ece6fe00,43.5153806866,-79.68383754015,164.4268,-37.1,SOL_COMPUTED,SINGLE,good,1.4993,1.1446,2.1043,21,18,0.0,0.0,0,0,0,0,0,0,0,0,0,SPECTRUMANALYSIS,L2,1231.174,7.104,-57.113,-110.952
2026-05-25 10:56:19.026299,1779720979.026299,2420,140197.0,,,,,,,,,,,,,,,,0.0000,,,,0.0,0.0,0.0,0.0,0.0,0.0,0.0,0.0,0.0,-1423691,355475,164200576,137918,121866,-47278,61,ece6fe00,43.51537981755,-79.68383908357,165.0038,-37.1,SOL_COMPUTED,SINGLE,good,1.4974,1.1522,2.125,20,17,0.0,0.0,0,0,0,0,0,0,0,0,0,SPECTRUMANALYSIS,L2,1231.174,7.104,-57.113,-110.952
2026-05-25 10:56:20.020217,1779720980.020217,2420,140198.0,,,,,,,,,,,,,,,,0.0000,,,,0.0,0.0,0.0,0.0,0.0,0.0,0.0,0.0,0.0,-1657343,306964,164384497,119668,248365,7921,61,ece6fe00,43.51538161353,-79.68383482775,164.5661,-37.1,SOL_COMPUTED,SINGLE,good,1.4917,1.1418,2.1,21,18,0.0,0.0,0,0,0,0,0,0,0,0,0,SPECTRUMANALYSIS,L2,1231.174,7.104,-57.113,-110.952
2026-05-25 10:56:21.022234,1779720981.022234,2420,140199.0,,,,,,,,,,,,,,,,0.0000,,,,0.0,0.0,0.0,0.0,0.0,0.0,0.0,0.0,0.0,-1639602,256144,164341741,46390,28138,-12664,61,ece6fe00,43.51538050043,-79.68383742405,165.197,-37.1,SOL_COMPUTED,SINGLE,good,1.4958,1.1516,2.1228,20,17,0.0,0.0,0,0,0,0,0,0,0,0,0,SPECTRUMANALYSIS,L2,1237.07,2.051,-59.283,-114.22
2026-05-25 10:56:22.021081,1779720982.021081,2420,140200.0,,,,,,,,,,,,,,,,0.0000,,,,0.0,0.0,0.0,0.0,0.0,0.0,0.0,0.0,0.0,-1722565,299917,164380817,83233,101649,-25357,61,ece6fe00,43.51537902147,-79.68383727134,165.2042,-37.1,SOL_COMPUTED,SINGLE,good,1.4965,1.1508,2.1223,20,17,0.0,0.0,0,0,0,0,0,0,0,0,0,SPECTRUMANALYSIS,L2,1237.07,2.051,-59.283,-114.22
2026-05-25 10:56:23.021155,1779720983.021155,2420,140201.0,,,,,,,,,,,,,,,,0.0000,,,,0.0,0.0,0.0,0.0,0.0,0.0,0.0,0.0,0.0,-1060295,-323850,163858108,71987,82686,1109,61,ece6fe00,43.5153917355,-79.6838262512,163.0482,-37.1,SOL_COMPUTED,SINGLE,good,1.5872,1.1939,2.2816,19,16,0.0,0.0,0,0,0,0,0,0,0,0,0,SPECTRUMANALYSIS,L2,1237.07,2.051,-59.283,-114.22
2026-05-25 10:56:24.020778,1779720984.020778,2420,140202.0,,,,,,,,,,,,,,,,0.0000,,,,0.0,0.0,0.0,0.0,0.0,0.0,0.0,0.0,0.0,-1863130,395569,164473625,101246,173025,-51639,61,ece6fe00,43.5154105505,-79.68381653148,159.8963,-37.1,SOL_COMPUTED,SINGLE,good,1.5601,1.1822,2.2314,20,18,0.0,0.0,0,0,0,0,0,0,0,0,0,SPECTRUMANALYSIS,L2,1237.327,5.493,-57.369,-116.269
2026-05-25 10:56:25.023520,1779720985.023520,2420,140203.0,,,,,,,,,,,,,,,,0.0000,,,,0.0,0.0,0.0,0.0,0.0,0.0,0.0,0.0,0.0,-1661697,378767,164324553,62720,193606,-35800,61,ece5fe00,43.51540711137,-79.68381651081,159.6798,-37.1,SOL_COMPUTED,SINGLE,good,1.5625,1.1851,2.2323,20,18,0.0,0.0,0,0,0,0,0,0,0,0,0,SPECTRUMANALYSIS,L2,1237.327,5.493,-57.369,-116.269
2026-05-25 10:56:26.021460,1779720986.021460,2420,140204.0,,,,,,,,,,,,,,,,0.0000,,,,0.0,0.0,0.0,0.0,0.0,0.0,0.0,0.0,0.0,-1838962,307063,164383689,75008,-22830,-40195,61,ece5fe00,43.51540889675,-79.68381529072,159.5833,-37.1,SOL_COMPUTED,SINGLE,good,1.5615,1.1865,2.234,20,18,0.0,0.0,0,0,0,0,0,0,0,0,0,SPECTRUMANALYSIS,L2,1237.327,5.493,-57.369,-116.269
2026-05-25 10:56:27.023156,1779720987.023156,2420,140205.0,,,,,,,,,,,,,,,,0.0000,,,,0.0,0.0,0.0,0.0,0.0,0.0,0.0,0.0,0.0,-1760945,166389,164288614,99618,-155536,-36642,61,ece5fe00,43.51540409208,-79.68381750673,159.5998,-37.1,SOL_COMPUTED,SINGLE,good,1.5661,1.1855,2.2403,20,18,0.0,0.0,0,0,0,0,0,0,0,0,0,SPECTRUMANALYSIS,L2,1235.532,8.057,-55.967,-115.315
2026-05-25 10:56:28.020506,1779720988.020506,2420,140206.0,,,,,,,,,,,,,,,,0.0000,,,,0.0,0.0,0.0,0.0,0.0,0.0,0.0,0.0,0.0,-1631604,169935,164337525,101528,29598,-58725,61,ece5fe00,43.51540304665,-79.68381899589,159.6008,-37.1,SOL_COMPUTED,SINGLE,good,1.5659,1.186,2.2418,20,18,0.0,0.0,0,0,0,0,0,0,0,0,0,SPECTRUMANALYSIS,L2,1235.532,8.057,-55.967,-115.315
2026-05-25 10:56:29.021461,1779720989.021461,2420,140207.0,,,,,,,,,,,,,,,,0.0000,,,,0.0,0.0,0.0,0.0,0.0,0.0,0.0,0.0,0.0,-1853778,337469,164519284,102981,-15487,-28499,61,ece4fe00,43.51540184499,-79.68382026974,159.6581,-37.1,SOL_COMPUTED,SINGLE,good,1.5571,1.1813,2.2317,20,18,0.0,0.0,0,0,0,0,0,0,0,0,0,SPECTRUMANALYSIS,L2,1235.532,8.057,-55.967,-115.315
2026-05-25 10:56:30.020268,1779720990.020268,2420,140208.0,,,,,,,,,,,,,,,,0.0000,,,,0.0,0.0,0.0,0.0,0.0,0.0,0.0,0.0,0.0,-1779440,256754,164372763,41001,84037,-29864,61,ece5fe00,43.51540137328,-79.68382130162,159.6391,-37.1,SOL_COMPUTED,SINGLE,good,1.5606,1.1859,2.2355,20,18,0.0,0.0,0,0,0,0,0,0,0,0,0,SPECTRUMANALYSIS,L2,1231.65,6.299,-56.663,-112.23
2026-05-25 10:56:31.021790,1779720991.021790,2420,140209.0,,,,,,,,,,,,,,,,0.0000,,,,0.0,0.0,0.0,0.0,0.0,0.0,0.0,0.0,0.0,-1673177,558406,164337471,27860,-15572,-21419,61,ece5fe00,43.51537503656,-79.6838473548,161.9591,-37.1,SOL_COMPUTED,SINGLE,good,1.5775,1.1865,2.2655,20,17,0.0,0.0,0,0,0,0,0,0,0,0,0,SPECTRUMANALYSIS,L2,1231.65,6.299,-56.663,-112.23
2026-05-25 10:56:32.021249,1779720992.021249,2420,140210.0,,,,,,,,,,,,,,,,0.0000,,,,0.0,0.0,0.0,0.0,0.0,0.0,0.0,0.0,0.0,-1746029,257135,164407391,119000,69321,-24270,61,ece4fe00,43.51537246357,-79.68385193813,161.8161,-37.1,SOL_COMPUTED,SINGLE,good,1.5791,1.1866,2.2662,20,17,0.0,0.0,0,0,0,0,0,0,0,0,0,SPECTRUMANALYSIS,L2,1231.65,6.299,-56.663,-112.23
2026-05-25 10:56:33.021229,1779720993.021229,2420,140211.0,,,,,,,,,,,,,,,,0.0000,,,,0.0,0.0,0.0,0.0,0.0,0.0,0.0,0.0,0.0,-1915878,208372,164373882,47494,112430,-15548,61,ece4fe00,43.51537041644,-79.68385356377,161.8014,-37.1,SOL_COMPUTED,SINGLE,good,1.5772,1.1841,2.2648,20,17,0.0,0.0,0,0,0,0,0,0,0,0,0,SPECTRUMANALYSIS,L2,1230.625,2.051,-60.512,-114.04
2026-05-25 10:56:34.023016,1779720994.023016,2420,140212.0,,,,,,,,,,,,,,,,0.0000,,,,0.0,0.0,0.0,0.0,0.0,0.0,0.0,0.0,0.0,-1798732,5627,164396173,52832,-75666,-5604,61,ece3fe00,43.51538312873,-79.68383145253,162.3382,-37.1,SOL_COMPUTED,SINGLE,good,1.5948,1.2264,2.2706,20,16,0.0,0.0,0,0,0,0,0,0,0,0,0,SPECTRUMANALYSIS,L2,1230.625,2.051,-60.512,-114.04
2026-05-25 10:56:35.020607,1779720995.020607,2420,140213.0,,,,,,,,,,,,,,,,0.0000,,,,0.0,0.0,0.0,0.0,0.0,0.0,0.0,0.0,0.0,-1689028,407239,164360550,9157,-17188,-59213,61,ece3fe00,43.51539496207,-79.68384679077,164.4017,-37.1,SOL_COMPUTED,SINGLE,good,1.5768,1.2048,2.2406,21,17,0.0,0.0,0,0,0,0,0,0,0,0,0,SPECTRUMANALYSIS,L2,1230.625,2.051,-60.512,-114.04
2026-05-25 10:56:36.021131,1779720996.021131,2420,140214.0,,,,,,,,,,,,,,,,0.0000,,,,0.0,0.0,0.0,0.0,0.0,0.0,0.0,0.0,0.0,-1767947,143150,164387757,97036,48750,9817,61,ece3fe00,43.51539503722,-79.6838471218,164.4331,-37.1,SOL_COMPUTED,SINGLE,good,1.5767,1.2023,2.2379,21,17,0.0,0.0,0,0,0,0,0,0,0,0,0,SPECTRUMANALYSIS,L2,1237.4,2.124,-60.581,-114.686
2026-05-25 10:56:37.023404,1779720997.023404,2420,140215.0,,,,,,,,,,,,,,,,0.0000,,,,0.0,0.0,0.0,0.0,0.0,0.0,0.0,0.0,0.0,-1607570,255120,164289476,101298,107197,10644,61,ece3fe00,43.51539351618,-79.68384653319,164.3771,-37.1,SOL_COMPUTED,SINGLE,good,1.5741,1.2013,2.2361,21,17,0.0,0.0,0,0,0,0,0,0,0,0,0,SPECTRUMANALYSIS,L2,1237.4,2.124,-60.581,-114.686
2026-05-25 10:56:38.021256,1779720998.021256,2420,140216.0,,,,,,,,,,,,,,,,0.0000,,,,0.0,0.0,0.0,0.0,0.0,0.0,0.0,0.0,0.0,-1820753,81865,164359622,90939,87065,-15355,61,ece3fe00,43.51539143713,-79.68384498866,164.1112,-37.1,SOL_COMPUTED,SINGLE,good,1.5782,1.2077,2.245,21,17,0.0,0.0,0,0,0,0,0,0,0,0,0,SPECTRUMANALYSIS,L2,1237.4,2.124,-60.581,-114.686
2026-05-25 10:56:39.022616,1779720999.022616,2420,140217.0,,,,,,,,,,,,,,,,0.0000,,,,0.0,0.0,0.0,0.0,0.0,0.0,0.0,0.0,0.0,-1909431,486589,164453743,34063,-119700,10665,61,ece3fe00,43.51538892199,-79.68384301691,163.8565,-37.1,SOL_COMPUTED,SINGLE,good,1.5783,1.2072,2.2449,21,17,0.0,0.0,0,0,0,0,0,0,0,0,0,SPECTRUMANALYSIS,L2,1237.363,2.93,-59.48,-115.313
2026-05-25 10:56:40.023946,1779721000.023946,2420,140218.0,,,,,,,,,,,,,,,,0.0000,,,,0.0,0.0,0.0,0.0,0.0,0.0,0.0,0.0,0.0,-1661900,-111162,164314858,77767,168202,-40920,61,ece3fe00,43.51539102884,-79.68384577659,164.1462,-37.1,SOL_COMPUTED,SINGLE,good,1.5777,1.2071,2.2419,21,17,0.0,0.0,0,0,0,0,0,0,0,0,0,SPECTRUMANALYSIS,L2,1237.363,2.93,-59.48,-115.313
2026-05-25 10:56:41.020724,1779721001.020724,2420,140219.0,,,,,,,,,,,,,,,,0.0000,,,,0.0,0.0,0.0,0.0,0.0,0.0,0.0,0.0,0.0,-1849278,102641,164389104,42032,-127900,-31869,61,ece3fe00,43.51538989728,-79.68384479253,164.1585,-37.1,SOL_COMPUTED,SINGLE,good,1.5816,1.206,2.2459,21,17,0.0,0.0,0,0,0,0,0,0,0,0,0,SPECTRUMANALYSIS,L2,1237.363,2.93,-59.48,-115.313
2026-05-25 10:56:42.023982,1779721002.023982,2420,140220.0,,,,,,,,,,,,,,,,0.0000,,,,0.0,0.0,0.0,0.0,0.0,0.0,0.0,0.0,0.0,-1683071,333862,164341345,87672,261359,5337,61,ece2fe00,43.51538925014,-79.68384468554,164.2982,-37.1,SOL_COMPUTED,SINGLE,good,1.5825,1.207,2.2478,21,17,0.0,0.0,0,0,0,0,0,0,0,0,0,SPECTRUMANALYSIS,L2,1231.724,1.904,-61.462,-112.591
2026-05-25 10:56:43.020929,1779721003.020929,2420,140221.0,,,,,,,,,,,,,,,,0.0000,,,,0.0,0.0,0.0,0.0,0.0,0.0,0.0,0.0,0.0,-1691296,317150,164398447,44310,81541,-23721,61,ece2fe00,43.51539015126,-79.68384611569,164.4535,-37.1,SOL_COMPUTED,SINGLE,good,1.5776,1.205,2.2428,21,17,0.0,0.0,0,0,0,0,0,0,0,0,0,SPECTRUMANALYSIS,L2,1231.724,1.904,-61.462,-112.591
2026-05-25 10:56:44.023500,1779721004.023500,2420,140222.0,,,,,,,,,,,,,,,,0.0000,,,,0.0,0.0,0.0,0.0,0.0,0.0,0.0,0.0,0.0,-1833651,335269,164408740,22042,41151,9710,61,ece2fe00,43.51538170805,-79.68383546848,163.1347,-37.1,SOL_COMPUTED,SINGLE,good,1.6008,1.2296,2.278,20,16,0.0,0.0,0,0,0,0,0,0,0,0,0,SPECTRUMANALYSIS,L2,1231.724,1.904,-61.462,-112.591
2026-05-25 10:56:45.024210,1779721005.024210,2420,140223.0,,,,,,,,,,,,,,,,0.0000,,,,0.0,0.0,0.0,0.0,0.0,0.0,0.0,0.0,0.0,-1731633,461781,164361870,30535,-47908,-39636,61,ece2fe00,43.51538146704,-79.68383595308,163.1863,-37.1,SOL_COMPUTED,SINGLE,good,1.5983,1.2303,2.279,20,16,0.0,0.0,0,0,0,0,0,0,0,0,0,SPECTRUMANALYSIS,L2,1231.174,0.22,-62.488,-114.341
2026-05-25 10:56:46.023073,1779721006.023073,2420,140224.0,,,,,,,,,,,,,,,,0.0000,,,,0.0,0.0,0.0,0.0,0.0,0.0,0.0,0.0,0.0,-1929485,240557,164431346,82049,125352,-29835,61,ece2fe00,43.51538175488,-79.68383597557,163.2946,-37.1,SOL_COMPUTED,SINGLE,good,1.5918,1.2233,2.2673,20,16,0.0,0.0,0,0,0,0,0,0,0,0,0,SPECTRUMANALYSIS,L2,1231.174,0.22,-62.488,-114.341
2026-05-25 10:56:47.022900,1779721007.022900,2420,140225.0,,,,,,,,,,,,,,,,0.0000,,,,0.0,0.0,0.0,0.0,0.0,0.0,0.0,0.0,0.0,-1729322,333526,164409191,78291,67372,-38824,61,ece2fe00,43.5153944467,-79.68385197665,165.4442,-37.1,SOL_COMPUTED,SINGLE,good,1.5794,1.211,2.2486,21,17,0.0,0.0,0,0,0,0,0,0,0,0,0,SPECTRUMANALYSIS,L2,1231.174,0.22,-62.488,-114.341
2026-05-25 10:56:48.022691,1779721008.022691,2420,140226.0,,,,,,,,,,,,,,,,0.0000,,,,0.0,0.0,0.0,0.0,0.0,0.0,0.0,0.0,0.0,-1785212,235819,164340189,63294,62934,-45864,61,ece2fe00,43.51539406019,-79.68385147345,165.5402,-37.1,SOL_COMPUTED,SINGLE,good,1.5811,1.2099,2.2495,21,17,0.0,0.0,0,0,0,0,0,0,0,0,0,SPECTRUMANALYSIS,L2,1229.6,2.051,-65.04,-125.739
2026-05-25 10:56:49.021403,1779721009.021403,2420,140227.0,,,,,,,,,,,,,,,,0.0000,,,,0.0,0.0,0.0,0.0,0.0,0.0,0.0,0.0,0.0,-1877848,224156,164418022,58345,38878,7874,61,ece1fe00,43.51538195612,-79.68383616149,163.6155,-37.1,SOL_COMPUTED,SINGLE,good,1.595,1.2296,2.2748,20,16,0.0,0.0,0,0,0,0,0,0,0,0,0,SPECTRUMANALYSIS,L2,1229.6,2.051,-65.04,-125.739
2026-05-25 10:56:50.020949,1779721010.020949,2420,140228.0,,,,,,,,,,,,,,,,0.0000,,,,0.0,0.0,0.0,0.0,0.0,0.0,0.0,0.0,0.0,-1752482,242259,164398621,62022,8575,-22024,61,ece1fe00,43.51537943664,-79.68384101741,166.4199,-37.1,SOL_COMPUTED,SINGLE,good,1.3827,1.1936,2.0237,21,18,0.0,0.0,0,0,0,0,0,0,0,0,0,SPECTRUMANALYSIS,L2,1229.6,2.051,-65.04,-125.739
2026-05-25 10:56:51.020484,1779721011.020484,2420,140229.0,,,,,,,,,,,,,,,,0.0000,,,,0.0,0.0,0.0,0.0,0.0,0.0,0.0,0.0,0.0,-1672578,233547,164340595,60978,66257,-38044,61,ece1fe00,43.51538038607,-79.68382902787,163.2906,-37.1,SOL_COMPUTED,SINGLE,good,1.3875,1.2178,2.0452,19,18,0.0,0.0,0,0,0,0,0,0,0,0,0,SPECTRUMANALYSIS,L2,1231.284,1.025,-62.474,-112.738
2026-05-25 10:56:52.021972,1779721012.021972,2420,140230.0,,,,,,,,,,,,,,,,0.0000,,,,0.0,0.0,0.0,0.0,0.0,0.0,0.0,0.0,0.0,-1896132,211146,164447889,73696,115164,-42470,61,ece1fe00,43.51538674781,-79.68383906827,165.2005,-37.1,SOL_COMPUTED,SINGLE,good,1.3679,1.1938,1.9808,21,19,0.0,0.0,0,0,0,0,0,0,0,0,0,SPECTRUMANALYSIS,L2,1231.284,1.025,-62.474,-112.738
2026-05-25 10:56:53.021643,1779721013.021643,2420,140231.0,,,,,,,,,,,,,,,,0.0000,,,,0.0,0.0,0.0,0.0,0.0,0.0,0.0,0.0,0.0,-1743393,236805,164313929,78391,-12921,-4810,61,ece1fe00,43.51538601707,-79.68383687717,165.1858,-37.1,SOL_COMPUTED,SINGLE,good,1.3733,1.1949,1.9869,21,19,0.0,0.0,0,0,0,0,0,0,0,0,0,SPECTRUMANALYSIS,L2,1231.284,1.025,-62.474,-112.738
2026-05-25 10:56:54.022725,1779721014.022725,2420,140232.0,,,,,,,,,,,,,,,,0.0000,,,,0.0,0.0,0.0,0.0,0.0,0.0,0.0,0.0,0.0,-1771138,215978,164474786,-835,80463,-24005,61,ece0fe00,43.51538717532,-79.68383729914,165.6482,-37.1,SOL_COMPUTED,SINGLE,good,1.3673,1.1867,1.9758,20,19,0.0,0.0,0,0,0,0,0,0,0,0,0,SPECTRUMANALYSIS,L2,1231.431,1.172,-60.714,-113.528
2026-05-25 10:56:55.022039,1779721015.022039,2420,140233.0,,,,,,,,,,,,,,,,0.0000,,,,0.0,0.0,0.0,0.0,0.0,0.0,0.0,0.0,0.0,-1736221,290043,164402128,156743,103316,-29954,61,ece0fe00,43.51538117203,-79.68382583833,164.1117,-37.1,SOL_COMPUTED,SINGLE,good,1.3809,1.2075,2.0351,19,18,0.0,0.0,0,0,0,0,0,0,0,0,0,SPECTRUMANALYSIS,L2,1231.431,1.172,-60.714,-113.528
2026-05-25 10:56:56.023340,1779721016.023340,2420,140234.0,,,,,,,,,,,,,,,,0.0000,,,,0.0,0.0,0.0,0.0,0.0,0.0,0.0,0.0,0.0,-1894288,232617,164464943,75283,64413,-26997,61,ece0fe00,43.51538818016,-79.68383584669,166.1579,-37.1,SOL_COMPUTED,SINGLE,good,1.3714,1.1869,1.9738,21,19,0.0,0.0,0,0,0,0,0,0,0,0,0,SPECTRUMANALYSIS,L2,1231.431,1.172,-60.714,-113.528
2026-05-25 10:56:57.022023,1779721017.022023,2420,140235.0,,,,,,,,,,,,,,,,0.0000,,,,0.0,0.0,0.0,0.0,0.0,0.0,0.0,0.0,0.0,-1801013,249268,164404643,82729,77029,-25694,61,ece0fe00,43.51538874208,-79.68383470929,166.4103,-37.1,SOL_COMPUTED,SINGLE,good,1.3736,1.184,1.9744,21,19,0.0,0.0,0,0,0,0,0,0,0,0,0,SPECTRUMANALYSIS,L2,1237.253,3.149,-58.459,-112.788
2026-05-25 10:56:58.022783,1779721018.022783,2420,140236.0,,,,,,,,,,,,,,,,0.0000,,,,0.0,0.0,0.0,0.0,0.0,0.0,0.0,0.0,0.0,-1741495,321962,164425751,89927,97387,-4966,61,ece0fe00,43.51538957967,-79.68383488628,166.685,-37.1,SOL_COMPUTED,SINGLE,good,1.3731,1.1796,1.9699,21,19,0.0,0.0,0,0,0,0,0,0,0,0,0,SPECTRUMANALYSIS,L2,1237.253,3.149,-58.459,-112.788
2026-05-25 10:56:59.023933,1779721019.023933,2420,140237.0,,,,,,,,,,,,,,,,0.0000,,,,0.0,0.0,0.0,0.0,0.0,0.0,0.0,0.0,0.0,-1924827,356976,164409997,31120,35441,2737,61,ece0fe00,43.51538993784,-79.68383473865,166.8242,-37.1,SOL_COMPUTED,SINGLE,good,1.3787,1.1803,1.9725,21,19,0.0,0.0,0,0,0,0,0,0,0,0,0,SPECTRUMANALYSIS,L2,1237.253,3.149,-58.459,-112.788
2026-05-25 10:57:00.022633,1779721020.022633,2420,140238.0,,,,,,,,,,,,,,,,0.0000,,,,0.0,0.0,0.0,0.0,0.0,0.0,0.0,0.0,0.0,-1613374,180422,164361215,58652,-345,-9825,61,ece0fe00,43.51539034577,-79.68383614708,167.1118,-37.1,SOL_COMPUTED,SINGLE,good,1.379,1.1813,1.9747,21,19,0.0,0.0,0,0,0,0,0,0,0,0,0,SPECTRUMANALYSIS,L2,1230.771,2.344,-60.507,-111.987
2026-05-25 10:57:01.022873,1779721021.022873,2420,140239.0,,,,,,,,,,,,,,,,0.0000,,,,0.0,0.0,0.0,0.0,0.0,0.0,0.0,0.0,0.0,-1701158,308549,164343884,47978,52732,-22493,61,ecdffe00,43.51539025236,-79.68383520683,167.2568,-37.1,SOL_COMPUTED,SINGLE,good,1.4003,1.1903,1.9893,21,19,0.0,0.0,0,0,0,0,0,0,0,0,0,SPECTRUMANALYSIS,L2,1230.771,2.344,-60.507,-111.987
2026-05-25 10:57:02.023032,1779721022.023032,2420,140240.0,,,,,,,,,,,,,,,,0.0000,,,,0.0,0.0,0.0,0.0,0.0,0.0,0.0,0.0,0.0,-1685821,328772,164359866,52182,91155,-22462,61,ecdffe00,43.51539066977,-79.68383775908,167.6951,-37.1,SOL_COMPUTED,SINGLE,good,1.3856,1.1877,1.984,21,19,0.0,0.0,0,0,0,0,0,0,0,0,0,SPECTRUMANALYSIS,L2,1230.771,2.344,-60.507,-111.987
2026-05-25 10:57:03.021210,1779721023.021210,2420,140241.0,,,,,,,,,,,,,,,,0.0000,,,,0.0,0.0,0.0,0.0,0.0,0.0,0.0,0.0,0.0,-1745084,540507,164479764,208780,1039903,-33062,61,ecdffe00,43.51537999496,-79.68382027903,164.8472,-37.1,SOL_COMPUTED,SINGLE,good,1.396,1.2055,2.0368,20,18,0.0,0.0,0,0,0,0,0,0,0,0,0,SPECTRUMANALYSIS,L2,1229.453,34.131,-49.993,-108.842
2026-05-25 10:57:04.021146,1779721024.021146,2420,140242.0,,,,,,,,,,,,,,,,0.0000,,,,0.0,0.0,0.0,0.0,0.0,0.0,0.0,0.0,0.0,-1889826,361911,164472671,96562,104860,-33096,61,ecdffe00,43.51537941663,-79.68382021305,164.8616,-37.1,SOL_COMPUTED,SINGLE,good,1.3883,1.2038,2.0345,20,18,0.0,0.0,0,0,0,0,0,0,0,0,0,SPECTRUMANALYSIS,L2,1229.453,34.131,-49.993,-108.842
2026-05-25 10:57:05.023253,1779721025.023253,2420,140243.0,,,,,,,,,,,,,,,,0.0000,,,,0.0,0.0,0.0,0.0,0.0,0.0,0.0,0.0,0.0,-1719563,-77827,164402844,114910,389590,-24324,61,ecdffe00,43.51537919928,-79.68381985127,164.8934,-37.1,SOL_COMPUTED,SINGLE,good,1.3866,1.2033,2.034,20,18,0.0,0.0,0,0,0,0,0,0,0,0,0,SPECTRUMANALYSIS,L2,1229.453,34.131,-49.993,-108.842
2026-05-25 10:57:06.024317,1779721026.024317,2420,140244.0,,,,,,,,,,,,,,,,0.0000,,,,0.0,0.0,0.0,0.0,0.0,0.0,0.0,0.0,0.0,-975623,-236474,163957960,144160,93334,5896,61,ecdefe00,43.51537906351,-79.68381938862,164.9584,-37.1,SOL_COMPUTED,SINGLE,good,1.3869,1.203,2.0344,20,18,0.0,0.0,0,0,0,0,0,0,0,0,0,SPECTRUMANALYSIS,L2,1229.453,34.131,-49.993,-108.842
2026-05-25 10:57:07.021063,1779721027.021063,2420,140245.0,,,,,,,,,,,,,,,,0.0000,,,,0.0,0.0,0.0,0.0,0.0,0.0,0.0,0.0,0.0,-1375946,126980,164159800,84729,31896,-9358,61,ecdefe00,43.51537533687,-79.68382487639,164.9709,-37.1,SOL_COMPUTED,SINGLE,good,1.3657,1.163,2.0348,21,19,0.0,0.0,0,0,0,0,0,0,0,0,0,SPECTRUMANALYSIS,L2,1228.647,30.762,-50.681,-112.417
2026-05-25 10:57:08.028366,1779721028.028366,2420,140246.0,,,,,,,,,,,,,,,,0.0000,,,,0.0,0.0,0.0,0.0,0.0,0.0,0.0,0.0,0.0,-1921689,215522,164381913,88054,235189,-31123,61,ecdefe00,43.51537536758,-79.68382395479,165.0024,-37.1,SOL_COMPUTED,SINGLE,good,1.3746,1.168,2.0388,21,19,0.0,0.0,0,0,0,0,0,0,0,0,0,SPECTRUMANALYSIS,L2,1228.647,30.762,-50.681,-112.417
2026-05-25 10:57:09.020321,1779721029.020321,2420,140247.0,,,,,,,,,,,,,,,,0.0000,,,,0.0,0.0,0.0,0.0,0.0,0.0,0.0,0.0,0.0,-1865064,414832,164309627,39017,48410,36197,61,ecdefe00,43.51537398243,-79.68382561555,165.0308,-37.1,SOL_COMPUTED,SINGLE,good,1.3779,1.1664,2.0377,21,19,0.0,0.0,0,0,0,0,0,0,0,0,0,SPECTRUMANALYSIS,L2,1228.647,30.762,-50.681,-112.417
2026-05-25 10:57:10.024675,1779721030.024675,2420,140248.0,,,,,,,,,,,,,,,,0.0000,,,,0.0,0.0,0.0,0.0,0.0,0.0,0.0,0.0,0.0,-1767870,315012,164302421,92133,-80153,-13319,61,ecdefe00,43.51537258226,-79.68382678701,165.0275,-37.1,SOL_COMPUTED,SINGLE,good,1.3877,1.1698,2.0428,21,19,0.0,0.0,0,0,0,0,0,0,0,0,0,SPECTRUMANALYSIS,L2,1227.329,17.578,-53.233,-113.437
2026-05-25 10:57:11.028084,1779721031.028084,2420,140249.0,,,,,,,,,,,,,,,,0.0000,,,,0.0,0.0,0.0,0.0,0.0,0.0,0.0,0.0,0.0,22180154,-3242672,169037656,7456317,371408423,2201287,61,ecddfe00,43.51538995967,-79.68383763792,168.4737,-37.1,SOL_COMPUTED,SINGLE,good,1.405,1.1869,1.9811,20,19,0.0,0.0,0,0,0,0,0,0,0,0,0,SPECTRUMANALYSIS,L2,1227.329,17.578,-53.233,-113.437
2026-05-25 10:57:12.021306,1779721032.021306,2420,140250.0,,,,,,,,,,,,,,,,0.0000,,,,0.0,0.0,0.0,0.0,0.0,0.0,0.0,0.0,0.0,-1073971,-2690965,164288877,69376,-141588,-5257,61,ecddfe00,43.51538898068,-79.68383525644,168.2692,-37.1,SOL_COMPUTED,SINGLE,good,1.3955,1.184,1.9798,20,19,0.0,0.0,0,0,0,0,0,0,0,0,0,SPECTRUMANALYSIS,L2,1227.329,17.578,-53.233,-113.437
2026-05-25 10:57:13.023243,1779721033.023243,2420,140251.0,,,,,,,,,,,,,,,,0.0000,,,,0.0,0.0,0.0,0.0,0.0,0.0,0.0,0.0,0.0,-1507810,-2735489,164316848,41111,2381,-39016,61,ecddfe00,43.51538933639,-79.68383474515,168.4143,-37.1,SOL_COMPUTED,SINGLE,good,1.4982,1.187,1.9821,19,18,0.0,0.0,0,0,0,0,0,0,0,0,0,SPECTRUMANALYSIS,L2,1237.583,5.127,-56.763,-116.938
2026-05-25 10:57:14.023559,1779721034.023559,2420,140252.0,,,,,,,,,,,,,,,,0.0000,,,,0.0,0.0,0.0,0.0,0.0,0.0,0.0,0.0,0.0,-1535129,-2493727,164401330,64445,8100,-35239,61,ecddfe00,43.5153888823,-79.68383501605,168.4705,-37.1,SOL_COMPUTED,SINGLE,good,1.4651,1.158,1.9839,20,19,0.0,0.0,0,0,0,0,0,0,0,0,0,SPECTRUMANALYSIS,L2,1237.583,5.127,-56.763,-116.938
2026-05-25 10:57:15.023866,1779721035.023866,2420,140253.0,,,,,,,,,,,,,,,,0.0000,,,,0.0,0.0,0.0,0.0,0.0,0.0,0.0,0.0,0.0,-1406323,-2575604,164338902,58644,109812,-45368,61,ecddfe00,43.51538717015,-79.68383640415,168.5088,-37.1,SOL_COMPUTED,SINGLE,good,1.4558,1.1539,1.9815,20,19,0.0,0.0,0,0,0,0,0,0,0,0,0,SPECTRUMANALYSIS,L2,1237.583,5.127,-56.763,-116.938
2026-05-25 10:57:16.024893,1779721036.024893,2420,140254.0,,,,,,,,,,,,,,,,0.0000,,,,0.0,0.0,0.0,0.0,0.0,0.0,0.0,0.0,0.0,-1726693,-2741914,164413627,101116,83443,-35079,61,ecddfe00,43.51537050358,-79.6838192537,165.3411,-37.1,SOL_COMPUTED,SINGLE,good,1.4021,1.1657,2.0381,20,19,0.0,0.0,0,0,0,0,0,0,0,0,0,SPECTRUMANALYSIS,L2,1219.712,10.986,-57.578,-122.883
2026-05-25 10:57:17.023967,1779721037.023967,2420,140255.0,,,,,,,,,,,,,,,,0.0000,,,,0.0,0.0,0.0,0.0,0.0,0.0,0.0,0.0,0.0,-1327339,-2702349,164312210,51611,37232,-32079,61,ecddfe00,43.5153702883,-79.68382029754,165.4068,-37.1,SOL_COMPUTED,SINGLE,good,1.4032,1.1688,2.0416,20,19,0.0,0.0,0,0,0,0,0,0,0,0,0,SPECTRUMANALYSIS,L2,1219.712,10.986,-57.578,-122.883
2026-05-25 10:57:18.023144,1779721038.023144,2420,140256.0,,,,,,,,,,,,,,,,0.0000,,,,0.0,0.0,0.0,0.0,0.0,0.0,0.0,0.0,0.0,-1643172,-2509125,164337508,54398,128406,8346,61,ecdcfe00,43.51537124503,-79.68381807132,165.5096,-37.1,SOL_COMPUTED,SINGLE,good,1.3947,1.1654,2.0408,20,19,0.0,0.0,0,0,0,0,0,0,0,0,0,SPECTRUMANALYSIS,L2,1219.712,10.986,-57.578,-122.883
2026-05-25 10:57:19.020680,1779721039.020680,2420,140257.0,,,,,,,,,,,,,,,,0.0000,,,,0.0,0.0,0.0,0.0,0.0,0.0,0.0,0.0,0.0,-1268710,-2534831,164236348,112644,119825,-36981,61,ecdcfe00,43.515330069,-79.68384509244,169.2165,-37.1,SOL_COMPUTED,SINGLE,good,1.3333,1.1252,1.9585,19,19,0.0,0.0,0,0,0,0,0,0,0,0,0,SPECTRUMANALYSIS,L2,1237.437,2.051,-57.335,-109.589
2026-05-25 10:57:20.029735,1779721040.029735,2420,140258.0,,,,,,,,,,,,,,,,0.0000,,,,0.0,0.0,0.0,0.0,0.0,0.0,0.0,0.0,0.0,-1772735,-2555195,164556942,311181,-789006,-66565,61,ecdcfe00,43.51533169542,-79.68384293955,169.3105,-37.1,SOL_COMPUTED,SINGLE,good,1.3368,1.128,1.9626,19,19,0.0,0.0,0,0,0,0,0,0,0,0,0,SPECTRUMANALYSIS,L2,1237.437,2.051,-57.335,-109.589
2026-05-25 10:57:21.023868,1779721041.023868,2420,140259.0,,,,,,,,,,,,,,,,0.0000,,,,0.0,0.0,0.0,0.0,0.0,0.0,0.0,0.0,0.0,4252281,-4509211,164498019,-427759,-8538,-245882028,61,ecdcfe00,43.51533188317,-79.68384313093,169.3237,-37.1,SOL_COMPUTED,SINGLE,good,1.3389,1.13,1.9645,20,19,0.0,0.0,0,0,0,0,0,0,0,0,0,SPECTRUMANALYSIS,L2,1237.437,2.051,-57.335,-109.589
2026-05-25 10:57:22.023933,1779721042.023933,2420,140260.0,,,,,,,,,,,,,,,,0.0000,,,,0.0,0.0,0.0,0.0,0.0,0.0,0.0,0.0,0.0,-4263178,-3080506,163110144,183106,-398933,331792,61,ecdcfe00,43.5153311157,-79.68384543272,169.2778,-37.1,SOL_COMPUTED,SINGLE,good,1.3422,1.1358,1.9707,20,19,0.0,0.0,0,0,0,0,0,0,0,0,0,SPECTRUMANALYSIS,L2,1221.177,18.018,-54.921,-123.019
2026-05-25 10:57:23.020679,1779721043.020679,2420,140261.0,,,,,,,,,,,,,,,,0.0000,,,,0.0,0.0,0.0,0.0,0.0,0.0,0.0,0.0,0.0,-16926491,-10638822,150642443,-54859886,101893161,7029563,61,ecdbfe00,43.51533005091,-79.68384689823,169.2792,-37.1,SOL_COMPUTED,SINGLE,good,1.3306,1.1266,1.9609,20,19,0.0,0.0,0,0,0,0,0,0,0,0,0,SPECTRUMANALYSIS,L2,1221.177,18.018,-54.921,-123.019
2026-05-25 10:57:24.028760,1779721044.028760,2420,140262.0,,,,,,,,,,,,,,,,0.0000,,,,0.0,0.0,0.0,0.0,0.0,0.0,0.0,0.0,0.0,-156900,-1870380,163762549,213545,-9743,-715005,61,ecdbfe00,43.51533001565,-79.68384787229,169.286,-37.1,SOL_COMPUTED,SINGLE,good,1.33,1.1266,1.9623,21,19,0.0,0.0,0,0,0,0,0,0,0,0,0,SPECTRUMANALYSIS,L2,1221.177,18.018,-54.921,-123.019
2026-05-25 10:57:25.024263,1779721045.024263,2420,140263.0,,,,,,,,,,,,,,,,0.0000,,,,0.0,0.0,0.0,0.0,0.0,0.0,0.0,0.0,0.0,-1670798,-3256017,164701819,-109948,-147883,-101410,61,ecdbfe00,43.51533445279,-79.68384157905,169.523,-37.1,SOL_COMPUTED,SINGLE,good,1.332,1.1247,1.9594,19,19,0.0,0.0,0,0,0,0,0,0,0,0,0,SPECTRUMANALYSIS,L2,1224.802,23.511,-52.314,-112.075
2026-05-25 10:57:26.025238,1779721046.025238,2420,140264.0,,,,,,,,,,,,,,,,0.0000,,,,0.0,0.0,0.0,0.0,0.0,0.0,0.0,0.0,0.0,-1102765,-2850418,164506560,7320,206894,7300,61,ecdbfe00,43.51533488692,-79.68384192422,169.5359,-37.1,SOL_COMPUTED,SINGLE,good,1.3351,1.1262,1.9625,21,19,0.0,0.0,0,0,0,0,0,0,0,0,0,SPECTRUMANALYSIS,L2,1224.802,23.511,-52.314,-112.075
2026-05-25 10:57:27.021546,1779721047.021546,2420,140265.0,,,,,,,,,,,,,,,,0.0000,,,,0.0,0.0,0.0,0.0,0.0,0.0,0.0,0.0,0.0,-1158937,-2835018,164508635,43082,119301,14247,61,ecdbfe00,43.51533560701,-79.68384162479,169.5799,-37.1,SOL_COMPUTED,SINGLE,good,1.3346,1.1265,1.9621,21,19,0.0,0.0,0,0,0,0,0,0,0,0,0,SPECTRUMANALYSIS,L2,1224.802,23.511,-52.314,-112.075
2026-05-25 10:57:28.020952,1779721048.020952,2420,140266.0,,,,,,,,,,,,,,,,0.0000,,,,0.0,0.0,0.0,0.0,0.0,0.0,0.0,0.0,0.0,-1838069,-3269474,164915001,-6536,55560,580639,61,ecdbfe00,43.51533615087,-79.68384138068,169.6168,-37.1,SOL_COMPUTED,SINGLE,good,1.3347,1.1266,1.9624,21,19,0.0,0.0,0,0,0,0,0,0,0,0,0,SPECTRUMANALYSIS,L2,1226.963,29.736,-50.991,-112.716
2026-05-25 10:57:29.023135,1779721049.023135,2420,140267.0,,,,,,,,,,,,,,,,0.0000,,,,0.0,0.0,0.0,0.0,0.0,0.0,0.0,0.0,0.0,-280724,-2195094,163820421,126847,224014,26082,61,ecdafe00,43.5153365933,-79.68384118317,169.6485,-37.1,SOL_COMPUTED,SINGLE,good,1.3339,1.1257,1.9607,21,19,0.0,0.0,0,0,0,0,0,0,0,0,0,SPECTRUMANALYSIS,L2,1226.963,29.736,-50.991,-112.716
2026-05-25 10:57:30.023882,1779721050.023882,2420,140268.0,,,,,,,,,,,,,,,,0.0000,,,,0.0,0.0,0.0,0.0,0.0,0.0,0.0,0.0,0.0,-580805,-3248333,163967235,-121913,389995,-569653,61,ecdafe00,43.51533659635,-79.68384150543,169.6711,-37.1,SOL_COMPUTED,SINGLE,good,1.3285,1.1234,1.9574,21,19,0.0,0.0,0,0,0,0,0,0,0,0,0,SPECTRUMANALYSIS,L2,1226.963,29.736,-50.991,-112.716
2026-05-25 10:57:31.021441,1779721051.021441,2420,140269.0,,,,,,,,,,,,,,,,0.0000,,,,0.0,0.0,0.0,0.0,0.0,0.0,0.0,0.0,0.0,11146162,-5008800,166019793,-1639891,3303756,92137476,61,ecdafe00,43.51533707859,-79.68384157158,169.7108,-37.1,SOL_COMPUTED,SINGLE,good,1.3291,1.1251,1.9583,21,19,0.0,0.0,0,0,0,0,0,0,0,0,0,SPECTRUMANALYSIS,L2,1227.585,30.835,-51.262,-112.444
2026-05-25 10:57:32.025645,1779721052.025645,2420,140270.0,,,,,,,,,,,,,,,,0.0000,,,,0.0,0.0,0.0,0.0,0.0,0.0,0.0,0.0,0.0,133279209,9796326,93953768,20246929,-76821151,13849938,61,ecdafe00,43.51533792118,-79.68384042731,169.7517,-37.1,SOL_COMPUTED,SINGLE,good,1.328,1.1287,1.9652,20,18,0.0,0.0,0,0,0,0,0,0,0,0,0,SPECTRUMANALYSIS,L2,1227.585,30.835,-51.262,-112.444
2026-05-25 10:57:33.023276,1779721053.023276,2420,140271.0,,,,,,,,,,,,,,,,0.0000,,,,0.0,0.0,0.0,0.0,0.0,0.0,0.0,0.0,0.0,130038535,-4527960,99839292,-3350691,-78121,-2899113,61,ecd9fe00,43.51534513168,-79.68384049423,170.8549,-37.1,SOL_COMPUTED,SINGLE,good,1.3261,1.1276,1.9588,21,19,0.0,0.0,0,0,0,0,0,0,0,0,0,SPECTRUMANALYSIS,L2,1227.585,30.835,-51.262,-112.444
2026-05-25 10:57:34.021074,1779721054.021074,2420,140272.0,,,,,,,,,,,,,,,,0.0000,,,,0.0,0.0,0.0,0.0,0.0,0.0,0.0,0.0,0.0,156407613,4957141,50399498,-1540343,-15775569,-44558,61,ecd9fe00,43.51534208357,-79.68384682364,170.6246,-37.1,SOL_COMPUTED,SINGLE,good,1.3252,1.1277,1.9604,21,19,0.0,0.0,0,0,0,0,0,0,0,0,0,SPECTRUMANALYSIS,L2,1237.437,1.904,-54.606,-104.907
2026-05-25 10:57:35.023361,1779721055.023361,2420,140273.0,,,,,,,,,,,,,,,,0.0000,,,,0.0,0.0,0.0,0.0,0.0,0.0,0.0,0.0,0.0,164637068,4120592,7419545,-165673,-15570926,49113,61,ecd9fe00,43.51533983114,-79.68384962034,170.25,-37.1,SOL_COMPUTED,SINGLE,good,1.3246,1.1281,1.963,21,19,0.0,0.0,0,0,0,0,0,0,0,0,0,SPECTRUMANALYSIS,L2,1237.437,1.904,-54.606,-104.907
2026-05-25 10:57:36.023059,1779721056.023059,2420,140274.0,,,,,,,,,,,,,,,,0.0000,,,,0.0,0.0,0.0,0.0,0.0,0.0,0.0,0.0,0.0,164433426,4248860,8881211,-9504685,1071472,85765,61,ecd9fe00,43.51534066541,-79.68385067826,170.2419,-37.1,SOL_COMPUTED,SINGLE,good,1.3247,1.1287,1.9631,21,19,0.0,0.0,0,0,0,0,0,0,0,0,0,SPECTRUMANALYSIS,L2,1237.437,1.904,-54.606,-104.907
2026-05-25 10:57:37.023012,1779721057.023012,2420,140275.0,,,,,,,,,,,,,,,,0.0000,,,,0.0,0.0,0.0,0.0,0.0,0.0,0.0,0.0,0.0,163874814,3921112,10995843,-52769,2319068,327266,61,ecd9fe00,43.51533977488,-79.68384558054,169.5039,-37.1,SOL_COMPUTED,SINGLE,good,1.3267,1.1318,1.9656,21,19,0.0,0.0,0,0,0,0,0,0,0,0,0,SPECTRUMANALYSIS,L2,1237.18,1.392,-58.713,-110.272
2026-05-25 10:57:38.029362,1779721058.029362,2420,140276.0,,,,,,,,,,,,,,,,0.0000,,,,0.0,0.0,0.0,0.0,0.0,0.0,0.0,0.0,0.0,164832873,1881940,6595149,41676385,-60808285,-4308532,61,ecd8fe00,43.51534685977,-79.68383014012,169.413,-37.1,SOL_COMPUTED,SINGLE,good,1.3259,1.1309,1.9662,21,19,0.0,0.0,0,0,0,0,0,0,0,0,0,SPECTRUMANALYSIS,L2,1237.18,1.392,-58.713,-110.272
2026-05-25 10:57:39.023030,1779721059.023030,2420,140277.0,,,,,,,,,,,,,,,,0.0000,,,,0.0,0.0,0.0,0.0,0.0,0.0,0.0,0.0,0.0,165434466,804693,182042,-136990,9831055,-1639660,61,ecd8fe00,43.51534841384,-79.68383029512,169.4427,-37.1,SOL_COMPUTED,SINGLE,good,1.3287,1.1349,1.9707,21,19,0.0,0.0,0,0,0,0,0,0,0,0,0,SPECTRUMANALYSIS,L2,1237.18,1.392,-58.713,-110.272
2026-05-25 10:57:40.022133,1779721060.022133,2420,140278.0,,,,,,,,,,,,,,,,0.0000,,,,0.0,0.0,0.0,0.0,0.0,0.0,0.0,0.0,0.0,164888218,-1604751,2224579,-4231257,8964239,858940,61,ecd9fe00,43.51534799011,-79.6838343844,169.3739,-37.1,SOL_COMPUTED,SINGLE,good,1.3258,1.131,1.9631,21,19,0.0,0.0,0,0,0,0,0,0,0,0,0,SPECTRUMANALYSIS,L2,1236.375,7.544,-55.963,-114.411
2026-05-25 10:57:41.022782,1779721061.022782,2420,140279.0,,,,,,,,,,,,,,,,0.0000,,,,0.0,0.0,0.0,0.0,0.0,0.0,0.0,0.0,0.0,164094448,-151245,1880217,-898818,418778,-662632,61,ecd8fe00,43.51534518153,-79.68383519967,168.8217,-37.1,SOL_COMPUTED,SINGLE,good,1.324,1.1271,1.9592,21,19,0.0,0.0,0,0,0,0,0,0,0,0,0,SPECTRUMANALYSIS,L2,1236.375,7.544,-55.963,-114.411
2026-05-25 10:57:42.023212,1779721062.023212,2420,140280.0,,,,,,,,,,,,,,,,0.0000,,,,0.0,0.0,0.0,0.0,0.0,0.0,0.0,0.0,0.0,163897238,414004,2189568,103856,-7860984,-554738,61,ecd8fe00,43.51534836454,-79.68384121701,169.5713,-37.1,SOL_COMPUTED,SINGLE,good,1.3253,1.1316,1.9684,21,18,0.0,0.0,0,0,0,0,0,0,0,0,0,SPECTRUMANALYSIS,L2,1236.375,7.544,-55.963,-114.411
2026-05-25 10:57:43.023051,1779721063.023051,2420,140281.0,,,,,,,,,,,,,,,,0.0000,,,,0.0,0.0,0.0,0.0,0.0,0.0,0.0,0.0,0.0,154362471,2539282,-40765652,36957005,9379116,-10868489,61,ecd8fe00,43.51533951045,-79.68385620159,168.9643,-37.1,SOL_COMPUTED,SINGLE,good,1.3271,1.1327,1.9694,21,18,0.0,0.0,0,0,0,0,0,0,0,0,0,SPECTRUMANALYSIS,L2,1236.228,3.589,-55.999,-107.052
2026-05-25 10:57:44.023184,1779721064.023184,2420,140282.0,,,,,,,,,,,,,,,,0.0000,,,,0.0,0.0,0.0,0.0,0.0,0.0,0.0,0.0,0.0,160508970,-323024,-41295106,975165,-28874848,592271,61,ecd8fe00,43.5153363047,-79.68386253038,168.7179,-37.1,SOL_COMPUTED,SINGLE,good,1.3279,1.1327,1.9691,21,18,0.0,0.0,0,0,0,0,0,0,0,0,0,SPECTRUMANALYSIS,L2,1236.228,3.589,-55.999,-107.052
2026-05-25 10:57:45.026268,1779721065.026268,2420,140283.0,,,,,,,,,,,,,,,,0.0000,,,,0.0,0.0,0.0,0.0,0.0,0.0,0.0,0.0,0.0,161750958,-1220842,-46875833,-32520783,-52631822,12012699,61,ecd8fe00,43.51533348341,-79.68386837703,168.4525,-37.1,SOL_COMPUTED,SINGLE,good,1.3318,1.1381,1.9758,21,18,0.0,0.0,0,0,0,0,0,0,0,0,0,SPECTRUMANALYSIS,L2,1236.228,3.589,-55.999,-107.052
2026-05-25 10:57:46.025068,1779721066.025068,2420,140284.0,,,,,,,,,,,,,,,,0.0000,,,,0.0,0.0,0.0,0.0,0.0,0.0,0.0,0.0,0.0,153686150,-945001,-57703845,80284,-25423661,-74839,61,ecd7fe00,43.51538682617,-79.68385602036,169.8441,-37.1,SOL_COMPUTED,SINGLE,good,1.2222,1.1368,1.9137,21,19,0.0,0.0,0,0,0,0,0,0,0,0,0,SPECTRUMANALYSIS,L2,1222.275,10.547,-57.251,-123.56
2026-05-25 10:57:47.022923,1779721067.022923,2420,140285.0,,,,,,,,,,,,,,,,0.0000,,,,0.0,0.0,0.0,0.0,0.0,0.0,0.0,0.0,0.0,155095904,1448287,-57095211,62042661,-63985595,-22245276,61,ecd7fe00,43.51538660242,-79.68385617476,169.7276,-37.1,SOL_COMPUTED,SINGLE,good,1.2197,1.136,1.9127,21,19,0.0,0.0,0,0,0,0,0,0,0,0,0,SPECTRUMANALYSIS,L2,1222.275,10.547,-57.251,-123.56
2026-05-25 10:57:48.030738,1779721068.030738,2420,140286.0,,,,,,,,,,,,,,,,0.0000,,,,0.0,0.0,0.0,0.0,0.0,0.0,0.0,0.0,0.0,160192157,-4094484,-38587455,2632561,45409128,-564484,61,ecd7fe00,43.51538564608,-79.68385637392,169.685,-37.1,SOL_COMPUTED,SINGLE,good,1.2239,1.1417,1.9195,21,19,0.0,0.0,0,0,0,0,0,0,0,0,0,SPECTRUMANALYSIS,L2,1222.275,10.547,-57.251,-123.56
2026-05-25 10:57:49.022955,1779721069.022955,2420,140287.0,,,,,,,,,,,,,,,,0.0000,,,,0.0,0.0,0.0,0.0,0.0,0.0,0.0,0.0,0.0,161992455,3060893,3588818,27509138,-73956893,4088212,61,ecd7fe00,43.51538531246,-79.68385619658,169.6059,-37.1,SOL_COMPUTED,SINGLE,good,1.2202,1.1369,1.9163,21,19,0.0,0.0,0,0,0,0,0,0,0,0,0,SPECTRUMANALYSIS,L2,1236.338,5.273,-57.268,-116.955
2026-05-25 10:57:50.023171,1779721070.023171,2420,140288.0,,,,,,,,,,,,,,,,0.0000,,,,0.0,0.0,0.0,0.0,0.0,0.0,0.0,0.0,0.0,164844792,-3052349,-14300304,-85217,7847703,1009526,61,ecd7fe00,43.51538429184,-79.6838564388,169.5208,-37.1,SOL_COMPUTED,SINGLE,good,1.2174,1.1352,1.9147,20,19,0.0,0.0,0,0,0,0,0,0,0,0,0,SPECTRUMANALYSIS,L2,1236.338,5.273,-57.268,-116.955
2026-05-25 10:57:51.023069,1779721071.023069,2420,140289.0,,,,,,,,,,,,,,,,0.0000,,,,0.0,0.0,0.0,0.0,0.0,0.0,0.0,0.0,0.0,163328375,-181754,-10845742,-956265,-5096978,-154611,61,ecd6fe00,43.51538306502,-79.6838567768,169.4411,-37.1,SOL_COMPUTED,SINGLE,good,1.2213,1.139,1.9208,20,19,0.0,0.0,0,0,0,0,0,0,0,0,0,SPECTRUMANALYSIS,L2,1236.338,5.273,-57.268,-116.955
2026-05-25 10:57:52.024302,1779721072.024302,2420,140290.0,,,,,,,,,,,,,,,,0.0000,,,,0.0,0.0,0.0,0.0,0.0,0.0,0.0,0.0,0.0,165055287,-3328862,-11228547,247127,18138417,566435,61,ecd6fe00,43.51538257155,-79.68385713425,169.3687,-37.1,SOL_COMPUTED,SINGLE,good,1.2203,1.1387,1.9199,20,19,0.0,0.0,0,0,0,0,0,0,0,0,0,SPECTRUMANALYSIS,L2,1238.975,9.668,-52.926,-110.697
2026-05-25 10:57:53.027132,1779721073.027132,2420,140291.0,,,,,,,,,,,,,,,,0.0000,,,,0.0,0.0,0.0,0.0,0.0,0.0,0.0,0.0,0.0,164019099,-634578,-11477902,1875191,14587394,-141042,61,ecd6fe00,43.5153816994,-79.68385738035,169.2965,-37.1,SOL_COMPUTED,SINGLE,good,1.2208,1.1377,1.9184,20,19,0.0,0.0,0,0,0,0,0,0,0,0,0,SPECTRUMANALYSIS,L2,1238.975,9.668,-52.926,-110.697
2026-05-25 10:57:54.031644,1779721074.031644,2420,140292.0,,,,,,,,,,,,,,,,0.0000,,,,0.0,0.0,0.0,0.0,0.0,0.0,0.0,0.0,0.0,164892258,-4232999,4337762,3549314,66028328,-14600020,61,ecd6fe00,43.51538100092,-79.68385776564,169.2255,-37.1,SOL_COMPUTED,SINGLE,good,1.226,1.1416,1.9216,20,19,0.0,0.0,0,0,0,0,0,0,0,0,0,SPECTRUMANALYSIS,L2,1238.975,9.668,-52.926,-110.697
2026-05-25 10:57:55.023075,1779721075.023075,2420,140293.0,,,,,,,,,,,,,,,,0.0000,,,,0.0,0.0,0.0,0.0,0.0,0.0,0.0,0.0,0.0,165343771,-2047304,-7499404,-5813981,63615912,-939560,61,ecd6fe00,43.51538101989,-79.68385774557,169.1345,-37.1,SOL_COMPUTED,SINGLE,good,1.2237,1.1386,1.9146,21,19,0.0,0.0,0,0,0,0,0,0,0,0,0,SPECTRUMANALYSIS,L2,1236.814,5.2,-55.779,-108.246
2026-05-25 10:57:56.031376,1779721076.031376,2420,140294.0,,,,,,,,,,,,,,,,0.0000,,,,0.0,0.0,0.0,0.0,0.0,0.0,0.0,0.0,0.0,163409630,-1353267,12517346,8304625,12901129,889813,61,ecd5fe00,43.5153813324,-79.68385755332,169.0481,-37.1,SOL_COMPUTED,SINGLE,good,1.2207,1.1344,1.9108,21,19,0.0,0.0,0,0,0,0,0,0,0,0,0,SPECTRUMANALYSIS,L2,1236.814,5.2,-55.779,-108.246
2026-05-25 10:57:57.026111,1779721077.026111,2420,140295.0,,,,,,,,,,,,,,,,0.0000,,,,0.0,0.0,0.0,0.0,0.0,0.0,0.0,0.0,0.0,164291282,581523,9220733,17769670,-42013633,2219476,61,ecd5fe00,43.51538149534,-79.68385753404,168.992,-37.1,SOL_COMPUTED,SINGLE,good,1.2258,1.1396,1.9162,21,19,0.0,0.0,0,0,0,0,0,0,0,0,0,SPECTRUMANALYSIS,L2,1236.814,5.2,-55.779,-108.246
2026-05-25 10:57:58.020296,1779721078.020296,2420,140296.0,,,,,,,,,,,,,,,,0.0000,,,,0.0,0.0,0.0,0.0,0.0,0.0,0.0,0.0,0.0,129807290,20287686,113075225,-164605320,348272427,28194414,61,ecd5fe00,43.51538148434,-79.68385753621,168.9243,-37.1,SOL_COMPUTED,SINGLE,good,1.2229,1.1354,1.9115,20,19,0.0,0.0,0,0,0,0,0,0,0,0,0,SPECTRUMANALYSIS,L2,1238.096,6.152,-54.419,-111.882
2026-05-25 10:57:59.021572,1779721079.021572,2420,140297.0,,,,,,,,,,,,,,,,0.0000,,,,0.0,0.0,0.0,0.0,0.0,0.0,0.0,0.0,0.0,48805844,2908025,150669119,13616258,84337380,27233921,61,ecd4fe00,43.51538193005,-79.68385743572,168.8603,-37.1,SOL_COMPUTED,SINGLE,good,1.2186,1.1318,1.9097,20,19,0.0,0.0,0,0,0,0,0,0,0,0,0,SPECTRUMANALYSIS,L2,1238.096,6.152,-54.419,-111.882
2026-05-25 10:58:00.020660,1779721080.020660,2420,140298.0,,,,,,,,,,,,,,,,0.0000,,,,0.0,0.0,0.0,0.0,0.0,0.0,0.0,0.0,0.0,30731,-3964972,163664450,391477,-1438446,-677729,61,ecd4fe00,43.51538233529,-79.68385729989,168.8139,-37.1,SOL_COMPUTED,SINGLE,good,1.2178,1.1319,1.91,20,19,0.0,0.0,0,0,0,0,0,0,0,0,0,SPECTRUMANALYSIS,L2,1238.096,6.152,-54.419,-111.882
2026-05-25 10:58:01.021547,1779721081.021547,2420,140299.0,,,,,,,,,,,,,,,,0.0000,,,,0.0,0.0,0.0,0.0,0.0,0.0,0.0,0.0,0.0,-1355332,-3253914,164648315,-1544509,3287290,514053,61,ecd4fe00,43.51538258025,-79.68385707134,168.7793,-37.1,SOL_COMPUTED,SINGLE,good,1.2215,1.135,1.916,20,19,0.0,0.0,0,0,0,0,0,0,0,0,0,SPECTRUMANALYSIS,L2,1227.769,8.203,-56.181,-111.725
2026-05-25 10:58:02.025051,1779721082.025051,2420,140300.0,,,,,,,,,,,,,,,,0.0000,,,,0.0,0.0,0.0,0.0,0.0,0.0,0.0,0.0,0.0,-934934,-4490507,164630269,-171103,232350,346433,61,ecd4fe00,43.51538072526,-79.68385864319,168.6102,-37.1,SOL_COMPUTED,SINGLE,good,1.1999,1.1106,1.9092,21,20,0.0,0.0,0,0,0,0,0,0,0,0,0,SPECTRUMANALYSIS,L2,1227.769,8.203,-56.181,-111.725
2026-05-25 10:58:03.024230,1779721083.024230,2420,140301.0,,,,,,,,,,,,,,,,0.0000,,,,0.0,0.0,0.0,0.0,0.0,0.0,0.0,0.0,0.0,879125,-3607845,163821946,-887506,1744472,469006,61,ecd4fe00,43.51537961046,-79.68385925511,168.5152,-37.1,SOL_COMPUTED,SINGLE,good,1.2036,1.1132,1.9129,21,20,0.0,0.0,0,0,0,0,0,0,0,0,0,SPECTRUMANALYSIS,L2,1227.769,8.203,-56.181,-111.725
2026-05-25 10:58:04.023560,1779721084.023560,2420,140302.0,,,,,,,,,,,,,,,,0.0000,,,,0.0,0.0,0.0,0.0,0.0,0.0,0.0,0.0,0.0,357146,-4379110,164263414,-338758,1040466,119831,61,ecd4fe00,43.515379651,-79.68385825055,168.5125,-37.1,SOL_COMPUTED,SINGLE,good,1.1954,1.1076,1.9036,21,20,0.0,0.0,0,0,0,0,0,0,0,0,0,SPECTRUMANALYSIS,L2,1228.025,27.173,-52.056,-111.785
2026-05-25 10:58:05.026835,1779721085.026835,2420,140303.0,,,,,,,,,,,,,,,,0.0000,,,,0.0,0.0,0.0,0.0,0.0,0.0,0.0,0.0,0.0,-293086,-3760612,163946715,280888,-535290,-189296,61,ecd4fe00,43.51537948116,-79.68385716265,168.5117,-37.1,SOL_COMPUTED,SINGLE,good,1.1973,1.1098,1.9079,21,20,0.0,0.0,0,0,0,0,0,0,0,0,0,SPECTRUMANALYSIS,L2,1228.025,27.173,-52.056,-111.785
2026-05-25 10:58:06.023229,1779721086.023229,2420,140304.0,,,,,,,,,,,,,,,,0.0000,,,,0.0,0.0,0.0,0.0,0.0,0.0,0.0,0.0,0.0,-487192,-4360352,164222031,-60329,259461,-121628,61,ecd3fe00,43.5153789114,-79.68385658378,168.4908,-37.1,SOL_COMPUTED,SINGLE,good,1.1968,1.1085,1.9052,21,20,0.0,0.0,0,0,0,0,0,0,0,0,0,SPECTRUMANALYSIS,L2,1228.025,27.173,-52.056,-111.785
2026-05-25 10:58:07.022074,1779721087.022074,2420,140305.0,,,,,,,,,,,,,,,,0.0000,,,,0.0,0.0,0.0,0.0,0.0,0.0,0.0,0.0,0.0,-186274,-4986068,163904535,2357267,-2764784,-106650,61,ecd3fe00,43.51537699241,-79.6838548454,168.2504,-37.1,SOL_COMPUTED,SINGLE,good,1.2215,1.1231,1.9661,20,19,0.0,0.0,0,0,0,0,0,0,0,0,0,SPECTRUMANALYSIS,L2,1235.715,5.2,-58.42,-117.036
2026-05-25 10:58:08.023356,1779721088.023356,2420,140306.0,,,,,,,,,,,,,,,,0.0000,,,,0.0,0.0,0.0,0.0,0.0,0.0,0.0,0.0,0.0,-167300,-3623022,163998649,14296,207602,17266,61,ecd3fe00,43.51537596443,-79.68385466006,168.2069,-37.1,SOL_COMPUTED,SINGLE,good,1.226,1.1252,1.9703,20,19,0.0,0.0,0,0,0,0,0,0,0,0,0,SPECTRUMANALYSIS,L2,1235.715,5.2,-58.42,-117.036
2026-05-25 10:58:09.025038,1779721089.025038,2420,140307.0,,,,,,,,,,,,,,,,0.0000,,,,0.0,0.0,0.0,0.0,0.0,0.0,0.0,0.0,0.0,-802650,-4064604,164364456,-73003,671851,92322,61,ecd3fe00,43.51537461719,-79.68385466768,168.1789,-37.1,SOL_COMPUTED,SINGLE,good,1.2255,1.1238,1.9684,20,19,0.0,0.0,0,0,0,0,0,0,0,0,0,SPECTRUMANALYSIS,L2,1235.715,5.2,-58.42,-117.036
2026-05-25 10:58:10.020968,1779721090.020968,2420,140308.0,,,,,,,,,,,,,,,,0.0000,,,,0.0,0.0,0.0,0.0,0.0,0.0,0.0,0.0,0.0,-388270,-3721709,164397744,450666,-267019,18239,61,ecd3fe00,43.51537362902,-79.68385503149,168.1319,-37.1,SOL_COMPUTED,SINGLE,good,1.2233,1.1218,1.9656,20,19,0.0,0.0,0,0,0,0,0,0,0,0,0,SPECTRUMANALYSIS,L2,1237.729,1.611,-58.399,-110.223
2026-05-25 10:58:11.020511,1779721091.020511,2420,140309.0,,,,,,,,,,,,,,,,0.0000,,,,0.0,0.0,0.0,0.0,0.0,0.0,0.0,0.0,0.0,-1293495,-3874218,164682875,666950,-859153,90720,61,ecd3fe00,43.51537298144,-79.68385477665,168.1669,-37.1,SOL_COMPUTED,SINGLE,good,1.227,1.1234,1.9702,20,19,0.0,0.0,0,0,0,0,0,0,0,0,0,SPECTRUMANALYSIS,L2,1237.729,1.611,-58.399,-110.223
2026-05-25 10:58:12.024218,1779721092.024218,2420,140310.0,,,,,,,,,,,,,,,,0.0000,,,,0.0,0.0,0.0,0.0,0.0,0.0,0.0,0.0,0.0,22536,-3901192,164198199,363396,-642106,3509,61,ecd3fe00,43.51537250289,-79.68385432064,168.1661,-37.1,SOL_COMPUTED,SINGLE,good,1.2312,1.1257,1.9749,20,19,0.0,0.0,0,0,0,0,0,0,0,0,0,SPECTRUMANALYSIS,L2,1237.729,1.611,-58.399,-110.223
2026-05-25 10:58:13.020794,1779721093.020794,2420,140311.0,,,,,,,,,,,,,,,,0.0000,,,,0.0,0.0,0.0,0.0,0.0,0.0,0.0,0.0,0.0,115612,-4138573,164091851,517099,-665967,-53985,61,ecd3fe00,43.51537139056,-79.68385327406,168.0898,-37.1,SOL_COMPUTED,SINGLE,good,1.2261,1.1233,1.9697,20,19,0.0,0.0,0,0,0,0,0,0,0,0,0,SPECTRUMANALYSIS,L2,1224.326,19.922,-52.763,-114.466
2026-05-25 10:58:14.020876,1779721094.020876,2420,140312.0,,,,,,,,,,,,,,,,0.0000,,,,0.0,0.0,0.0,0.0,0.0,0.0,0.0,0.0,0.0,10745252,9472970,162651020,-2767263,5123007,-346867217,61,ecd3fe00,43.51537060443,-79.6838528607,168.0185,-37.1,SOL_COMPUTED,SINGLE,good,1.22,1.1227,1.9666,20,19,0.0,0.0,0,0,0,0,0,0,0,0,0,SPECTRUMANALYSIS,L2,1224.326,19.922,-52.763,-114.466
2026-05-25 10:58:15.023367,1779721095.023367,2420,140313.0,,,,,,,,,,,,,,,,0.0000,,,,0.0,0.0,0.0,0.0,0.0,0.0,0.0,0.0,0.0,22989739,-4622201,164158554,-543853,-48404482,-4238809,61,ecd3fe00,43.51536953332,-79.68385232595,167.9935,-37.1,SOL_COMPUTED,SINGLE,good,1.2222,1.1218,1.9662,20,19,0.0,0.0,0,0,0,0,0,0,0,0,0,SPECTRUMANALYSIS,L2,1224.326,19.922,-52.763,-114.466
2026-05-25 10:58:16.021081,1779721096.021081,2420,140314.0,,,,,,,,,,,,,,,,0.0000,,,,0.0,0.0,0.0,0.0,0.0,0.0,0.0,0.0,0.0,56752427,32140464,148612694,-6202472,-163404,-2161418,61,ecd3fe00,43.51537456842,-79.68385868767,169.35,-37.1,SOL_COMPUTED,SINGLE,good,1.1997,1.1057,1.9063,21,20,0.0,0.0,0,0,0,0,0,0,0,0,0,SPECTRUMANALYSIS,L2,1230.662,22.046,-51.511,-111.927
2026-05-25 10:58:17.030210,1779721097.030210,2420,140315.0,,,,,,,,,,,,,,,,0.0000,,,,0.0,0.0,0.0,0.0,0.0,0.0,0.0,0.0,0.0,65165098,24727696,149176538,-37107051,-108456241,-636898,61,ecd2fe00,43.51537421969,-79.68385924264,169.3686,-37.1,SOL_COMPUTED,SINGLE,good,1.1969,1.1049,1.904,21,20,0.0,0.0,0,0,0,0,0,0,0,0,0,SPECTRUMANALYSIS,L2,1230.662,22.046,-51.511,-111.927
2026-05-25 10:58:18.033851,1779721098.033851,2420,140316.0,,,,,,,,,,,,,,,,0.0000,,,,0.0,0.0,0.0,0.0,0.0,0.0,0.0,0.0,0.0,89779484,22375739,134811156,4502482,7568492,3411383,61,ecd2fe00,43.51537112052,-79.68385747623,168.7955,-37.1,SOL_COMPUTED,SINGLE,good,1.1932,1.1033,1.8999,21,20,0.0,0.0,0,0,0,0,0,0,0,0,0,SPECTRUMANALYSIS,L2,1230.662,22.046,-51.511,-111.927
2026-05-25 10:58:19.021961,1779721099.021961,2420,140317.0,,,,,,,,,,,,,,,,0.0000,,,,0.0,0.0,0.0,0.0,0.0,0.0,0.0,0.0,0.0,86768081,11344050,140421200,-10108131,7039396,2166853,61,ecd2fe00,43.51536826675,-79.68385556178,168.3261,-37.1,SOL_COMPUTED,SINGLE,good,1.1951,1.1045,1.9022,21,20,0.0,0.0,0,0,0,0,0,0,0,0,0,SPECTRUMANALYSIS,L2,1230.552,26.807,-50.485,-113.061
2026-05-25 10:58:20.022885,1779721100.022885,2420,140318.0,,,,,,,,,,,,,,,,0.0000,,,,0.0,0.0,0.0,0.0,0.0,0.0,0.0,0.0,0.0,87529075,14262463,139505278,13902372,3592141,50764,61,ecd2fe00,43.51536706197,-79.6838547515,168.1792,-37.1,SOL_COMPUTED,SINGLE,good,1.197,1.1061,1.9046,21,20,0.0,0.0,0,0,0,0,0,0,0,0,0,SPECTRUMANALYSIS,L2,1230.552,26.807,-50.485,-113.061
2026-05-25 10:58:21.020831,1779721101.020831,2420,140319.0,,,,,,,,,,,,,,,,0.0000,,,,0.0,0.0,0.0,0.0,0.0,0.0,0.0,0.0,0.0,89447492,11978370,141067697,-10593378,-1138569,11879558,61,ecd2fe00,43.51536615841,-79.68385449244,168.1218,-37.1,SOL_COMPUTED,SINGLE,good,1.1943,1.1041,1.9016,21,20,0.0,0.0,0,0,0,0,0,0,0,0,0,SPECTRUMANALYSIS,L2,1230.552,26.807,-50.485,-113.061
2026-05-25 10:58:22.025272,1779721102.025272,2420,140320.0,,,,,,,,,,,,,,,,0.0000,,,,0.0,0.0,0.0,0.0,0.0,0.0,0.0,0.0,0.0,86564985,10397570,141702252,717474,3720123,19037505,61,ecd2fe00,43.51536115641,-79.68384467351,166.5348,-37.1,SOL_COMPUTED,SINGLE,good,1.194,1.0993,1.8903,21,21,0.0,0.0,0,0,0,0,0,0,0,0,0,SPECTRUMANALYSIS,L2,1227.695,11.719,-55.498,-112.392
2026-05-25 10:58:23.029842,1779721103.029842,2420,140321.0,,,,,,,,,,,,,,,,0.0000,,,,0.0,0.0,0.0,0.0,0.0,0.0,0.0,0.0,0.0,85241635,20705593,135503270,40875233,26851046,20244521,61,ecd2fe00,43.51536059734,-79.68384455385,166.5146,-37.1,SOL_COMPUTED,SINGLE,good,1.1949,1.0997,1.8907,21,21,0.0,0.0,0,0,0,0,0,0,0,0,0,SPECTRUMANALYSIS,L2,1227.695,11.719,-55.498,-112.392
2026-05-25 10:58:24.022841,1779721104.022841,2420,140322.0,,,,,,,,,,,,,,,,0.0000,,,,0.0,0.0,0.0,0.0,0.0,0.0,0.0,0.0,0.0,86353050,23444803,138298285,-10800966,120709,76328,61,ecd1fe00,43.51535990021,-79.68384446193,166.4946,-37.1,SOL_COMPUTED,SINGLE,good,1.1967,1.1002,1.8924,21,21,0.0,0.0,0,0,0,0,0,0,0,0,0,SPECTRUMANALYSIS,L2,1227.695,11.719,-55.498,-112.392
2026-05-25 10:58:25.021554,1779721105.021554,2420,140323.0,,,,,,,,,,,,,,,,0.0000,,,,0.0,0.0,0.0,0.0,0.0,0.0,0.0,0.0,0.0,86176342,17782585,134179567,-27977973,-5187950,-5817484,61,ecd1fe00,43.51535923395,-79.6838442638,166.46,-37.1,SOL_COMPUTED,SINGLE,good,1.1948,1.0987,1.8899,21,21,0.0,0.0,0,0,0,0,0,0,0,0,0,SPECTRUMANALYSIS,L2,1227.695,11.719,-55.498,-112.392
2026-05-25 10:58:26.027930,1779721106.027930,2420,140324.0,,,,,,,,,,,,,,,,0.0000,,,,0.0,0.0,0.0,0.0,0.0,0.0,0.0,0.0,0.0,96988433,-15615004,139180012,47969522,60387109,208080027,61,ecd2fe00,43.51535899276,-79.68384449887,166.5241,-37.1,SOL_COMPUTED,SINGLE,good,1.1949,1.0988,1.8899,21,21,0.0,0.0,0,0,0,0,0,0,0,0,0,SPECTRUMANALYSIS,L2,1229.453,32.373,-50.418,-112.387
2026-05-25 10:58:27.024112,1779721107.024112,2420,140325.0,,,,,,,,,,,,,,,,0.0000,,,,0.0,0.0,0.0,0.0,0.0,0.0,0.0,0.0,0.0,101932253,-2528862,128318250,403179,2510897,-11952142,61,ecd1fe00,43.515359514,-79.68384494647,166.6594,-37.1,SOL_COMPUTED,SINGLE,good,1.1984,1.1006,1.8939,21,21,0.0,0.0,0,0,0,0,0,0,0,0,0,SPECTRUMANALYSIS,L2,1229.453,32.373,-50.418,-112.387
2026-05-25 10:58:28.022335,1779721108.022335,2420,140326.0,,,,,,,,,,,,,,,,0.0000,,,,0.0,0.0,0.0,0.0,0.0,0.0,0.0,0.0,0.0,118768803,58485328,99876690,46122119,-8319260,-42140290,61,ecd1fe00,43.51535854466,-79.6838443448,166.5291,-37.1,SOL_COMPUTED,SINGLE,good,1.1988,1.1019,1.8961,21,21,0.0,0.0,0,0,0,0,0,0,0,0,0,SPECTRUMANALYSIS,L2,1229.453,32.373,-50.418,-112.387
2026-05-25 10:58:29.023001,1779721109.023001,2420,140327.0,,,,,,,,,,,,,,,,0.0000,,,,0.0,0.0,0.0,0.0,0.0,0.0,0.0,0.0,0.0,120798481,50933391,100408007,-39992731,-677536,43284126,61,ecd0fe00,43.51535692895,-79.68384381173,166.4346,-37.1,SOL_COMPUTED,SINGLE,good,1.2077,1.1028,1.9018,21,21,0.0,0.0,0,0,0,0,0,0,0,0,0,SPECTRUMANALYSIS,L2,1222.715,20.215,-53.069,-110.087
2026-05-25 10:58:30.026368,1779721110.026368,2420,140328.0,,,,,,,,,,,,,,,,0.0000,,,,0.0,0.0,0.0,0.0,0.0,0.0,0.0,0.0,0.0,123773025,45589459,97703182,-23483613,-3709446,41930702,61,ecd1fe00,43.51535635608,-79.6838439205,166.3496,-37.1,SOL_COMPUTED,SINGLE,good,1.2086,1.1052,1.914,21,21,0.0,0.0,0,0,0,0,0,0,0,0,0,SPECTRUMANALYSIS,L2,1222.715,20.215,-53.069,-110.087
2026-05-25 10:58:31.020462,1779721111.020462,2420,140329.0,,,,,,,,,,,,,,,,0.0000,,,,0.0,0.0,0.0,0.0,0.0,0.0,0.0,0.0,0.0,102186087,23000141,124505694,-94436995,173532569,95697018,61,ecd1fe00,43.51535679537,-79.68384395504,166.3854,-37.1,SOL_COMPUTED,SINGLE,good,1.2046,1.1045,1.9043,21,21,0.0,0.0,0,0,0,0,0,0,0,0,0,SPECTRUMANALYSIS,L2,1222.715,20.215,-53.069,-110.087
2026-05-25 10:58:32.022606,1779721112.022606,2420,140330.0,,,,,,,,,,,,,,,,0.0000,,,,0.0,0.0,0.0,0.0,0.0,0.0,0.0,0.0,0.0,35062397,18827276,161108663,-42968628,-11834134,-11451993,61,ecd0fe00,43.51535760058,-79.68384402667,166.3906,-37.1,SOL_COMPUTED,SINGLE,good,1.1994,1.1011,1.8941,21,21,0.0,0.0,0,0,0,0,0,0,0,0,0,SPECTRUMANALYSIS,L2,1228.318,29.956,-50.919,-110.759
2026-05-25 10:58:33.022695,1779721113.022695,2420,140331.0,,,,,,,,,,,,,,,,0.0000,,,,0.0,0.0,0.0,0.0,0.0,0.0,0.0,0.0,0.0,38147590,21060261,158343675,-63658739,1622538,29897669,61,ecd0fe00,43.51535754364,-79.68384425013,166.3766,-37.1,SOL_COMPUTED,SINGLE,good,1.1998,1.1015,1.894,21,21,0.0,0.0,0,0,0,0,0,0,0,0,0,SPECTRUMANALYSIS,L2,1228.318,29.956,-50.919,-110.759
2026-05-25 10:58:34.020450,1779721114.020450,2420,140332.0,,,,,,,,,,,,,,,,0.0000,,,,0.0,0.0,0.0,0.0,0.0,0.0,0.0,0.0,0.0,885965,20958731,162194792,1549993,-228903,-2640549,61,ecd1fe00,43.51535771223,-79.68384461167,166.4033,-37.1,SOL_COMPUTED,SINGLE,good,1.1955,1.0997,1.8904,21,21,0.0,0.0,0,0,0,0,0,0,0,0,0,SPECTRUMANALYSIS,L2,1228.318,29.956,-50.919,-110.759
2026-05-25 10:58:35.020222,1779721115.020222,2420,140333.0,,,,,,,,,,,,,,,,0.0000,,,,0.0,0.0,0.0,0.0,0.0,0.0,0.0,0.0,0.0,1266175,19943318,163103080,382421,-51632,-22662,61,ecd0fe00,43.51535786834,-79.68384467375,166.399,-37.1,SOL_COMPUTED,SINGLE,good,1.1942,1.0992,1.8899,21,21,0.0,0.0,0,0,0,0,0,0,0,0,0,SPECTRUMANALYSIS,L2,1230.808,2.417,-61.097,-112.798
2026-05-25 10:58:36.022855,1779721116.022855,2420,140334.0,,,,,,,,,,,,,,,,0.0000,,,,0.0,0.0,0.0,0.0,0.0,0.0,0.0,0.0,0.0,1167201,20141389,162887628,-1296074,499730,145357,61,ecd0fe00,43.51535785292,-79.68384475124,166.3851,-37.1,SOL_COMPUTED,SINGLE,good,1.1978,1.1009,1.8925,21,21,0.0,0.0,0,0,0,0,0,0,0,0,0,SPECTRUMANALYSIS,L2,1230.808,2.417,-61.097,-112.798
2026-05-25 10:58:37.020037,1779721117.020037,2420,140335.0,,,,,,,,,,,,,,,,0.0000,,,,0.0,0.0,0.0,0.0,0.0,0.0,0.0,0.0,0.0,1130904,20088144,162778795,-921312,47479,66631,61,ecd0fe00,43.51535794089,-79.68384492053,166.3683,-37.1,SOL_COMPUTED,SINGLE,good,1.195,1.0991,1.89,21,21,0.0,0.0,0,0,0,0,0,0,0,0,0,SPECTRUMANALYSIS,L2,1230.808,2.417,-61.097,-112.798
2026-05-25 10:58:38.020199,1779721118.020199,2420,140336.0,,,,,,,,,,,,,,,,0.0000,,,,0.0,0.0,0.0,0.0,0.0,0.0,0.0,0.0,0.0,1004479,17873030,166453821,16266519,-3920712,-2242562,61,eccffe00,43.51535802999,-79.68384503507,166.3614,-37.1,SOL_COMPUTED,SINGLE,good,1.1968,1.1001,1.8909,21,21,0.0,0.0,0,0,0,0,0,0,0,0,0,SPECTRUMANALYSIS,L2,1226.633,26.294,-52.29,-113.191
2026-05-25 10:58:39.022144,1779721119.022144,2420,140337.0,,,,,,,,,,,,,,,,0.0000,,,,0.0,0.0,0.0,0.0,0.0,0.0,0.0,0.0,0.0,1599340,19777828,163131825,-468865,-272599,-485462,61,ecd0fe00,43.51535807607,-79.68384515975,166.3416,-37.1,SOL_COMPUTED,SINGLE,good,1.1966,1.0999,1.8903,21,21,0.0,0.0,0,0,0,0,0,0,0,0,0,SPECTRUMANALYSIS,L2,1226.633,26.294,-52.29,-113.191
2026-05-25 10:58:40.030632,1779721120.030632,2420,140338.0,,,,,,,,,,,,,,,,0.0000,,,,0.0,0.0,0.0,0.0,0.0,0.0,0.0,0.0,0.0,1731215,19552397,163146236,1384785,-359029,-740040,61,ecd0fe00,43.5153580544,-79.68384529772,166.3221,-37.1,SOL_COMPUTED,SINGLE,good,1.1966,1.1004,1.8907,21,21,0.0,0.0,0,0,0,0,0,0,0,0,0,SPECTRUMANALYSIS,L2,1226.633,26.294,-52.29,-113.191
2026-05-25 10:58:41.021769,1779721121.021769,2420,140339.0,,,,,,,,,,,,,,,,0.0000,,,,0.0,0.0,0.0,0.0,0.0,0.0,0.0,0.0,0.0,2055580,19130604,164912532,5414335,-590822,-2570305,61,eccffe00,43.51535803468,-79.68384532576,166.2978,-37.1,SOL_COMPUTED,SINGLE,good,1.1953,1.0992,1.8895,21,21,0.0,0.0,0,0,0,0,0,0,0,0,0,SPECTRUMANALYSIS,L2,1231.284,3.955,-58.896,-111.31
2026-05-25 10:58:42.023006,1779721122.023006,2420,140340.0,,,,,,,,,,,,,,,,0.0000,,,,0.0,0.0,0.0,0.0,0.0,0.0,0.0,0.0,0.0,41271530,42683525,153218241,134618574,-174570222,36018163,61,eccffe00,43.51535799443,-79.68384543595,166.2713,-37.1,SOL_COMPUTED,SINGLE,good,1.1969,1.0993,1.8894,21,21,0.0,0.0,0,0,0,0,0,0,0,0,0,SPECTRUMANALYSIS,L2,1231.284,3.955,-58.896,-111.31
2026-05-25 10:58:43.021182,1779721123.021182,2420,140341.0,,,,,,,,,,,,,,,,0.0000,,,,0.0,0.0,0.0,0.0,0.0,0.0,0.0,0.0,0.0,78371670,25567219,142017262,-18207534,-3825328,2497382,61,eccffe00,43.51535799411,-79.68384561458,166.2507,-37.1,SOL_COMPUTED,SINGLE,good,1.1952,1.0987,1.8887,21,21,0.0,0.0,0,0,0,0,0,0,0,0,0,SPECTRUMANALYSIS,L2,1231.284,3.955,-58.896,-111.31
2026-05-25 10:58:44.023854,1779721124.023854,2420,140342.0,,,,,,,,,,,,,,,,0.0000,,,,0.0,0.0,0.0,0.0,0.0,0.0,0.0,0.0,0.0,81617101,27012041,140497419,7965532,366941,-7558906,61,eccffe00,43.51535793933,-79.68384580359,166.227,-37.1,SOL_COMPUTED,SINGLE,good,1.1973,1.1001,1.8906,21,21,0.0,0.0,0,0,0,0,0,0,0,0,0,SPECTRUMANALYSIS,L2,1227.512,9.595,-56.491,-113.447
2026-05-25 10:58:45.020263,1779721125.020263,2420,140343.0,,,,,,,,,,,,,,,,0.0000,,,,0.0,0.0,0.0,0.0,0.0,0.0,0.0,0.0,0.0,80119974,30600717,138343083,-4140606,-3053820,-5210461,61,eccffe00,43.51535791038,-79.68384598605,166.2081,-37.1,SOL_COMPUTED,SINGLE,good,1.1954,1.0994,1.8899,21,21,0.0,0.0,0,0,0,0,0,0,0,0,0,SPECTRUMANALYSIS,L2,1227.512,9.595,-56.491,-113.447
2026-05-25 10:58:46.029164,1779721126.029164,2420,140344.0,,,,,,,,,,,,,,,,0.0000,,,,0.0,0.0,0.0,0.0,0.0,0.0,0.0,0.0,0.0,80565777,23089624,143300684,-1463372,5617765,1532551,61,eccffe00,43.51535794199,-79.68384612158,166.1912,-37.1,SOL_COMPUTED,SINGLE,good,1.1958,1.0988,1.8889,21,21,0.0,0.0,0,0,0,0,0,0,0,0,0,SPECTRUMANALYSIS,L2,1227.512,9.595,-56.491,-113.447
2026-05-25 10:58:47.023168,1779721127.023168,2420,140345.0,,,,,,,,,,,,,,,,0.0000,,,,0.0,0.0,0.0,0.0,0.0,0.0,0.0,0.0,0.0,-3674264,57735027,155376251,22093096,4591652,3559414,61,eccffe00,43.51535765495,-79.68384634108,166.1698,-37.1,SOL_COMPUTED,SINGLE,good,1.1995,1.1005,1.8898,21,21,0.0,0.0,0,0,0,0,0,0,0,0,0,SPECTRUMANALYSIS,L2,1223.374,21.387,-53.09,-112.419
2026-05-25 10:58:48.023222,1779721128.023222,2420,140346.0,,,,,,,,,,,,,,,,0.0000,,,,0.0,0.0,0.0,0.0,0.0,0.0,0.0,0.0,0.0,-1925947,58953639,151607247,-13386412,-272075,-6307731,61,eccffe00,43.51535705005,-79.68384641323,166.1359,-37.1,SOL_COMPUTED,SINGLE,good,1.204,1.1032,1.892,21,21,0.0,0.0,0,0,0,0,0,0,0,0,0,SPECTRUMANALYSIS,L2,1223.374,21.387,-53.09,-112.419
2026-05-25 10:58:49.026474,1779721129.026474,2420,140347.0,,,,,,,,,,,,,,,,0.0000,,,,0.0,0.0,0.0,0.0,0.0,0.0,0.0,0.0,0.0,31652153,28556463,157642778,11538959,-90314014,22850671,61,eccefe00,43.51535794999,-79.68384681222,166.1013,-37.1,SOL_COMPUTED,SINGLE,good,1.1959,1.1009,1.8889,21,21,0.0,0.0,0,0,0,0,0,0,0,0,0,SPECTRUMANALYSIS,L2,1223.374,21.387,-53.09,-112.419
2026-05-25 10:58:50.021318,1779721130.021318,2420,140348.0,,,,,,,,,,,,,,,,0.0000,,,,0.0,0.0,0.0,0.0,0.0,0.0,0.0,0.0,0.0,82371089,25465397,132174739,74181675,-195419046,-17670685,61,eccefe00,43.51535839031,-79.6838469699,166.0831,-37.1,SOL_COMPUTED,SINGLE,good,1.1938,1.0995,1.889,21,21,0.0,0.0,0,0,0,0,0,0,0,0,0,SPECTRUMANALYSIS,L2,1228.062,21.387,-52.599,-112.492
2026-05-25 10:58:51.023227,1779721131.023227,2420,140349.0,,,,,,,,,,,,,,,,0.0000,,,,0.0,0.0,0.0,0.0,0.0,0.0,0.0,0.0,0.0,81842902,3008824,138053259,-114234810,61953963,113702339,61,eccefe00,43.51535847703,-79.68384715999,166.0535,-37.1,SOL_COMPUTED,SINGLE,good,1.195,1.099,1.8893,21,21,0.0,0.0,0,0,0,0,0,0,0,0,0,SPECTRUMANALYSIS,L2,1228.062,21.387,-52.599,-112.492
2026-05-25 10:58:52.023975,1779721132.023975,2420,140350.0,,,,,,,,,,,,,,,,0.0000,,,,0.0,0.0,0.0,0.0,0.0,0.0,0.0,0.0,0.0,1342295,4640755,179985705,796697,-2725675,-3058267,61,eccefe00,43.51535960088,-79.683847541,166.2003,-37.1,SOL_COMPUTED,SINGLE,good,1.2178,1.1028,1.9066,21,21,0.0,0.0,0,0,0,0,0,0,0,0,0,SPECTRUMANALYSIS,L2,1228.062,21.387,-52.599,-112.492
2026-05-25 10:58:53.019947,1779721133.019947,2420,140351.0,,,,,,,,,,,,,,,,0.0000,,,,0.0,0.0,0.0,0.0,0.0,0.0,0.0,0.0,0.0,-293649,-5962868,163845395,-345947,1262456,75443,61,eccefe00,43.51536288814,-79.68384865263,166.5545,-37.1,SOL_COMPUTED,SINGLE,good,1.2632,1.1058,1.9387,20,20,0.0,0.0,0,0,0,0,0,0,0,0,0,SPECTRUMANALYSIS,L2,1229.014,9.814,-56.049,-113.004
2026-05-25 10:58:54.024569,1779721134.024569,2420,140352.0,,,,,,,,,,,,,,,,0.0000,,,,0.0,0.0,0.0,0.0,0.0,0.0,0.0,0.0,0.0,-1123856,-3085199,164686958,113580,-118574,7664,61,eccefe00,43.51536329433,-79.68384898328,166.5279,-37.1,SOL_COMPUTED,SINGLE,good,1.2605,1.1037,1.9355,21,21,0.0,0.0,0,0,0,0,0,0,0,0,0,SPECTRUMANALYSIS,L2,1229.014,9.814,-56.049,-113.004
2026-05-25 10:58:55.033159,1779721135.033159,2420,140353.0,,,,,,,,,,,,,,,,0.0000,,,,0.0,0.0,0.0,0.0,0.0,0.0,0.0,0.0,0.0,-583451,-3187243,164414019,134826,-1126,-37553,61,eccefe00,43.51536187703,-79.68384882194,166.3648,-37.1,SOL_COMPUTED,SINGLE,good,1.2208,1.103,1.9114,21,21,0.0,0.0,0,0,0,0,0,0,0,0,0,SPECTRUMANALYSIS,L2,1229.014,9.814,-56.049,-113.004
2026-05-25 10:58:56.023145,1779721136.023145,2420,140354.0,,,,,,,,,,,,,,,,0.0000,,,,0.0,0.0,0.0,0.0,0.0,0.0,0.0,0.0,0.0,-297993,-3954006,164403319,112468,-123826,-46394,61,eccdfe00,43.51536318839,-79.6838493876,166.489,-37.1,SOL_COMPUTED,SINGLE,good,1.2166,1.1025,1.9072,21,21,0.0,0.0,0,0,0,0,0,0,0,0,0,SPECTRUMANALYSIS,L2,1229.014,20.361,-52.808,-113.193
2026-05-25 10:58:57.022191,1779721137.022191,2420,140355.0,,,,,,,,,,,,,,,,0.0000,,,,0.0,0.0,0.0,0.0,0.0,0.0,0.0,0.0,0.0,-187460,-3677818,164256031,-1969,118216,-46640,61,eccdfe00,43.51536066143,-79.68384869826,166.1173,-37.1,SOL_COMPUTED,SINGLE,good,1.2139,1.1019,1.9044,21,21,0.0,0.0,0,0,0,0,0,0,0,0,0,SPECTRUMANALYSIS,L2,1229.014,20.361,-52.808,-113.193
2026-05-25 10:58:58.029629,1779721138.029629,2420,140356.0,,,,,,,,,,,,,,,,0.0000,,,,0.0,0.0,0.0,0.0,0.0,0.0,0.0,0.0,0.0,-463567,-3785246,164447821,76691,63600,-15923,61,eccdfe00,43.51536387477,-79.68384932819,166.4376,-37.1,SOL_COMPUTED,SINGLE,good,1.2685,1.1105,1.9451,20,20,0.0,0.0,0,0,0,0,0,0,0,0,0,SPECTRUMANALYSIS,L2,1229.014,20.361,-52.808,-113.193
2026-05-25 10:58:59.026188,1779721139.026188,2420,140357.0,,,,,,,,,,,,,,,,0.0000,,,,0.0,0.0,0.0,0.0,0.0,0.0,0.0,0.0,0.0,-253715,-3521294,164271696,43136,17369,-52486,61,eccdfe00,43.51535888522,-79.68384806853,165.7334,-37.1,SOL_COMPUTED,SINGLE,good,1.2014,1.0998,1.8937,21,21,0.0,0.0,0,0,0,0,0,0,0,0,0,SPECTRUMANALYSIS,L2,1225.388,26.294,-51.683,-117.127
2026-05-25 10:59:00.025827,1779721140.025827,2420,140358.0,,,,,,,,,,,,,,,,0.0000,,,,0.0,0.0,0.0,0.0,0.0,0.0,0.0,0.0,0.0,-244387,-3498656,164324020,82828,42426,-66478,61,eccdfe00,43.51535812078,-79.68384759679,165.5469,-37.1,SOL_COMPUTED,SINGLE,good,1.2076,1.1012,1.8974,21,21,0.0,0.0,0,0,0,0,0,0,0,0,0,SPECTRUMANALYSIS,L2,1225.388,26.294,-51.683,-117.127
2026-05-25 10:59:01.020465,1779721141.020465,2420,140359.0,,,,,,,,,,,,,,,,0.0000,,,,0.0,0.0,0.0,0.0,0.0,0.0,0.0,0.0,0.0,-229537,-3639828,164362738,94328,91713,-28262,61,eccdfe00,43.51536104116,-79.68384821881,165.7819,-37.1,SOL_COMPUTED,SINGLE,good,1.2088,1.103,1.8992,21,21,0.0,0.0,0,0,0,0,0,0,0,0,0,SPECTRUMANALYSIS,L2,1225.388,26.294,-51.683,-117.127
2026-05-25 10:59:02.021070,1779721142.021070,2420,140360.0,,,,,,,,,,,,,,,,0.0000,,,,0.0,0.0,0.0,0.0,0.0,0.0,0.0,0.0,0.0,-329431,-3689153,164310585,29699,57245,1537,61,eccdfe00,43.51536213849,-79.68384844352,165.8258,-37.1,SOL_COMPUTED,SINGLE,good,1.1983,1.0979,1.89,21,21,0.0,0.0,0,0,0,0,0,0,0,0,0,SPECTRUMANALYSIS,L2,1236.375,3.882,-56.164,-108.243
2026-05-25 10:59:03.022498,1779721143.022498,2420,140361.0,,,,,,,,,,,,,,,,0.0000,,,,0.0,0.0,0.0,0.0,0.0,0.0,0.0,0.0,0.0,-286878,-3684282,164366708,68797,35898,-26395,61,eccdfe00,43.51536131191,-79.68384806732,165.6467,-37.1,SOL_COMPUTED,SINGLE,good,1.2074,1.1009,1.895,21,21,0.0,0.0,0,0,0,0,0,0,0,0,0,SPECTRUMANALYSIS,L2,1236.375,3.882,-56.164,-108.243
2026-05-25 10:59:04.020536,1779721144.020536,2420,140362.0,,,,,,,,,,,,,,,,0.0000,,,,0.0,0.0,0.0,0.0,0.0,0.0,0.0,0.0,0.0,-311370,-3693967,164365818,65276,93364,10325,61,eccdfe00,43.51536197738,-79.68384824593,165.6328,-37.1,SOL_COMPUTED,SINGLE,good,1.2004,1.0986,1.892,21,21,0.0,0.0,0,0,0,0,0,0,0,0,0,SPECTRUMANALYSIS,L2,1236.375,3.882,-56.164,-108.243
2026-05-25 10:59:05.020613,1779721145.020613,2420,140363.0,,,,,,,,,,,,,,,,0.0000,,,,0.0,0.0,0.0,0.0,0.0,0.0,0.0,0.0,0.0,-297728,-3678661,164304928,63938,71666,-13238,61,ecccfe00,43.51536234083,-79.68384832505,165.6058,-37.1,SOL_COMPUTED,SINGLE,good,1.2028,1.0987,1.8935,21,21,0.0,0.0,0,0,0,0,0,0,0,0,0,SPECTRUMANALYSIS,L2,1228.428,29.883,-50.033,-111.059
2026-05-25 10:59:06.020171,1779721146.020171,2420,140364.0,,,,,,,,,,,,,,,,0.0000,,,,0.0,0.0,0.0,0.0,0.0,0.0,0.0,0.0,0.0,-312182,-3734940,164378261,29222,89056,-12880,61,ecccfe00,43.51536221663,-79.68384812815,165.5341,-37.1,SOL_COMPUTED,SINGLE,good,1.2024,1.0989,1.8948,21,21,0.0,0.0,0,0,0,0,0,0,0,0,0,SPECTRUMANALYSIS,L2,1228.428,29.883,-50.033,-111.059
2026-05-25 10:59:07.021038,1779721147.021038,2420,140365.0,,,,,,,,,,,,,,,,0.0000,,,,0.0,0.0,0.0,0.0,0.0,0.0,0.0,0.0,0.0,-266809,-3578625,164349774,56379,27017,-27426,61,ecccfe00,43.51536334004,-79.68384822726,165.612,-37.1,SOL_COMPUTED,SINGLE,good,1.1994,1.0992,1.8953,21,21,0.0,0.0,0,0,0,0,0,0,0,0,0,SPECTRUMANALYSIS,L2,1228.428,29.883,-50.033,-111.059
2026-05-25 10:59:08.020092,1779721148.020092,2420,140366.0,,,,,,,,,,,,,,,,0.0000,,,,0.0,0.0,0.0,0.0,0.0,0.0,0.0,0.0,0.0,-313445,-3613159,164355710,53360,68287,-28475,61,ecccfe00,43.5153629401,-79.68384795466,165.5365,-37.1,SOL_COMPUTED,SINGLE,good,1.2089,1.0993,1.9007,21,21,0.0,0.0,0,0,0,0,0,0,0,0,0,SPECTRUMANALYSIS,L2,1235.203,12.964,-53.216,-113.133
2026-05-25 10:59:09.021590,1779721149.021590,2420,140367.0,,,,,,,,,,,,,,,,0.0000,,,,0.0,0.0,0.0,0.0,0.0,0.0,0.0,0.0,0.0,-163626,-3715277,164333952,104073,106772,4332,61,ecccfe00,43.51536262671,-79.68384774686,165.4872,-37.1,SOL_COMPUTED,SINGLE,good,1.2039,1.0986,1.8978,21,21,0.0,0.0,0,0,0,0,0,0,0,0,0,SPECTRUMANALYSIS,L2,1235.203,12.964,-53.216,-113.133
2026-05-25 10:59:10.020408,1779721150.020408,2420,140368.0,,,,,,,,,,,,,,,,0.0000,,,,0.0,0.0,0.0,0.0,0.0,0.0,0.0,0.0,0.0,-184178,-3552655,164376434,73504,20261,-27919,61,ecccfe00,43.51536350288,-79.68384782041,165.5818,-37.1,SOL_COMPUTED,SINGLE,good,1.2108,1.1007,1.9043,21,21,0.0,0.0,0,0,0,0,0,0,0,0,0,SPECTRUMANALYSIS,L2,1235.203,12.964,-53.216,-113.133
2026-05-25 10:59:11.020389,1779721151.020389,2420,140369.0,,,,,,,,,,,,,,,,0.0000,,,,0.0,0.0,0.0,0.0,0.0,0.0,0.0,0.0,0.0,-490969,-3517306,164297473,34003,154316,-3434,61,ecccfe00,43.51536366463,-79.68384793377,165.6005,-37.1,SOL_COMPUTED,SINGLE,good,1.2042,1.0989,1.8992,21,21,0.0,0.0,0,0,0,0,0,0,0,0,0,SPECTRUMANALYSIS,L2,1237.729,2.051,-56.465,-107.211
2026-05-25 10:59:12.020813,1779721152.020813,2420,140370.0,,,,,,,,,,,,,,,,0.0000,,,,0.0,0.0,0.0,0.0,0.0,0.0,0.0,0.0,0.0,-300076,-3594045,164415017,73598,73469,-49650,61,eccbfe00,43.51536330927,-79.68384774323,165.577,-37.1,SOL_COMPUTED,SINGLE,good,1.1984,1.0968,1.893,21,21,0.0,0.0,0,0,0,0,0,0,0,0,0,SPECTRUMANALYSIS,L2,1237.729,2.051,-56.465,-107.211
2026-05-25 10:59:13.020942,1779721153.020942,2420,140371.0,,,,,,,,,,,,,,,,0.0000,,,,0.0,0.0,0.0,0.0,0.0,0.0,0.0,0.0,0.0,-349260,-3702405,164375508,97251,26837,-26161,61,eccbfe00,43.5153606538,-79.68384678659,165.3151,-37.1,SOL_COMPUTED,SINGLE,good,1.2016,1.0993,1.897,21,21,0.0,0.0,0,0,0,0,0,0,0,0,0,SPECTRUMANALYSIS,L2,1237.729,2.051,-56.465,-107.211
2026-05-25 10:59:14.021364,1779721154.021364,2420,140372.0,,,,,,,,,,,,,,,,0.0000,,,,0.0,0.0,0.0,0.0,0.0,0.0,0.0,0.0,0.0,-510472,-3773967,164342661,73928,100692,-33899,61,eccbfe00,43.51536121146,-79.68384667501,165.417,-37.1,SOL_COMPUTED,SINGLE,good,1.1956,1.0975,1.8928,21,21,0.0,0.0,0,0,0,0,0,0,0,0,0,SPECTRUMANALYSIS,L2,1228.721,30.322,-49.733,-112.292
2026-05-25 10:59:15.020943,1779721155.020943,2420,140373.0,,,,,,,,,,,,,,,,0.0000,,,,0.0,0.0,0.0,0.0,0.0,0.0,0.0,0.0,0.0,-313646,-3649371,164332855,80446,30297,-32282,61,ecccfe00,43.51536094187,-79.68384634595,165.4326,-37.1,SOL_COMPUTED,SINGLE,good,1.1933,1.0962,1.8908,21,21,0.0,0.0,0,0,0,0,0,0,0,0,0,SPECTRUMANALYSIS,L2,1228.721,30.322,-49.733,-112.292
2026-05-25 10:59:16.021070,1779721156.021070,2420,140374.0,,,,,,,,,,,,,,,,0.0000,,,,0.0,0.0,0.0,0.0,0.0,0.0,0.0,0.0,0.0,-244684,-3635788,164315993,45349,101324,-23729,61,eccbfe00,43.51536115275,-79.68384596703,165.5125,-37.1,SOL_COMPUTED,SINGLE,good,1.1924,1.096,1.8902,21,21,0.0,0.0,0,0,0,0,0,0,0,0,0,SPECTRUMANALYSIS,L2,1228.721,30.322,-49.733,-112.292
2026-05-25 10:59:17.021140,1779721157.021140,2420,140375.0,,,,,,,,,,,,,,,,0.0000,,,,0.0,0.0,0.0,0.0,0.0,0.0,0.0,0.0,0.0,-321254,-3658021,164348902,95265,57101,-27470,61,eccbfe00,43.51536159264,-79.68384566908,165.6402,-37.1,SOL_COMPUTED,SINGLE,good,1.1916,1.0956,1.8888,21,21,0.0,0.0,0,0,0,0,0,0,0,0,0,SPECTRUMANALYSIS,L2,1233.005,23.364,-51.652,-116.201
2026-05-25 10:59:18.022123,1779721158.022123,2420,140376.0,,,,,,,,,,,,,,,,0.0000,,,,0.0,0.0,0.0,0.0,0.0,0.0,0.0,0.0,0.0,-290177,-3624736,164397879,44397,64408,-57989,61,eccbfe00,43.51536216544,-79.68384540379,165.8087,-37.1,SOL_COMPUTED,SINGLE,good,1.197,1.0972,1.8932,21,21,0.0,0.0,0,0,0,0,0,0,0,0,0,SPECTRUMANALYSIS,L2,1233.005,23.364,-51.652,-116.201
2026-05-25 10:59:19.020128,1779721159.020128,2420,140377.0,,,,,,,,,,,,,,,,0.0000,,,,0.0,0.0,0.0,0.0,0.0,0.0,0.0,0.0,0.0,-270588,-3678767,164394920,31166,40518,-62062,61,eccbfe00,43.51536261401,-79.6838450653,165.9592,-37.1,SOL_COMPUTED,SINGLE,good,1.1961,1.0968,1.8921,21,21,0.0,0.0,0,0,0,0,0,0,0,0,0,SPECTRUMANALYSIS,L2,1233.005,23.364,-51.652,-116.201
2026-05-25 10:59:20.022362,1779721160.022362,2420,140378.0,,,,,,,,,,,,,,,,0.0000,,,,0.0,0.0,0.0,0.0,0.0,0.0,0.0,0.0,0.0,-356289,-3678806,164341533,55253,117500,-24334,61,eccbfe00,43.51536248088,-79.6838445789,166.052,-37.1,SOL_COMPUTED,SINGLE,good,1.1938,1.0965,1.8913,21,21,0.0,0.0,0,0,0,0,0,0,0,0,0,SPECTRUMANALYSIS,L2,1237.51,1.611,-56.329,-107.407
2026-05-25 10:59:21.023817,1779721161.023817,2420,140379.0,,,,,,,,,,,,,,,,0.0000,,,,0.0,0.0,0.0,0.0,0.0,0.0,0.0,0.0,0.0,-278012,-3645195,164360968,50669,7701,-35542,61,eccbfe00,43.51536265727,-79.68384420586,166.1971,-37.1,SOL_COMPUTED,SINGLE,good,1.1933,1.0962,1.8907,21,21,0.0,0.0,0,0,0,0,0,0,0,0,0,SPECTRUMANALYSIS,L2,1237.51,1.611,-56.329,-107.407
2026-05-25 10:59:22.024468,1779721162.024468,2420,140380.0,,,,,,,,,,,,,,,,0.0000,,,,0.0,0.0,0.0,0.0,0.0,0.0,0.0,0.0,0.0,-287333,-3669625,164357463,46443,24467,-32703,61,eccafe00,43.51536234069,-79.68384374912,166.2869,-37.1,SOL_COMPUTED,SINGLE,good,1.1933,1.0965,1.8909,21,21,0.0,0.0,0,0,0,0,0,0,0,0,0,SPECTRUMANALYSIS,L2,1237.51,1.611,-56.329,-107.407
2026-05-25 10:59:23.023746,1779721163.023746,2420,140381.0,,,,,,,,,,,,,,,,0.0000,,,,0.0,0.0,0.0,0.0,0.0,0.0,0.0,0.0,0.0,-310294,-3598933,164275086,28751,96594,-38638,61,eccafe00,43.51536211972,-79.6838432776,166.3884,-37.1,SOL_COMPUTED,SINGLE,good,1.1963,1.0973,1.8932,21,21,0.0,0.0,0,0,0,0,0,0,0,0,0,SPECTRUMANALYSIS,L2,1231.321,24.683,-50.965,-112.801
2026-05-25 10:59:24.020628,1779721164.020628,2420,140382.0,,,,,,,,,,,,,,,,0.0000,,,,0.0,0.0,0.0,0.0,0.0,0.0,0.0,0.0,0.0,-267515,-3605938,164325680,30658,87283,-68179,61,eccafe00,43.51536186947,-79.68384282791,166.5032,-37.1,SOL_COMPUTED,SINGLE,good,1.1951,1.0965,1.8921,21,21,0.0,0.0,0,0,0,0,0,0,0,0,0,SPECTRUMANALYSIS,L2,1231.321,24.683,-50.965,-112.801
2026-05-25 10:59:25.020803,1779721165.020803,2420,140383.0,,,,,,,,,,,,,,,,0.0000,,,,0.0,0.0,0.0,0.0,0.0,0.0,0.0,0.0,0.0,-240191,-3660589,164284621,97919,28118,-70061,61,eccafe00,43.51536157185,-79.68384243055,166.6164,-37.1,SOL_COMPUTED,SINGLE,good,1.1958,1.0974,1.8938,21,21,0.0,0.0,0,0,0,0,0,0,0,0,0,SPECTRUMANALYSIS,L2,1231.321,24.683,-50.965,-112.801
2026-05-25 10:59:26.021125,1779721166.021125,2420,140384.0,,,,,,,,,,,,,,,,0.0000,,,,0.0,0.0,0.0,0.0,0.0,0.0,0.0,0.0,0.0,-291321,-3704801,164334131,72782,53236,-10957,61,eccafe00,43.51536151762,-79.68384209587,166.7605,-37.1,SOL_COMPUTED,SINGLE,good,1.1949,1.0968,1.8929,21,21,0.0,0.0,0,0,0,0,0,0,0,0,0,SPECTRUMANALYSIS,L2,1225.022,17.358,-53.062,-115.438
2026-05-25 10:59:27.019996,1779721167.019996,2420,140385.0,,,,,,,,,,,,,,,,0.0000,,,,0.0,0.0,0.0,0.0,0.0,0.0,0.0,0.0,0.0,-243775,-3607557,164337321,61879,115246,-8714,61,eccafe00,43.51536133098,-79.68384174408,166.8958,-37.1,SOL_COMPUTED,SINGLE,good,1.1977,1.0976,1.8953,21,21,0.0,0.0,0,0,0,0,0,0,0,0,0,SPECTRUMANALYSIS,L2,1225.022,17.358,-53.062,-115.438
2026-05-25 10:59:28.021344,1779721168.021344,2420,140386.0,,,,,,,,,,,,,,,,0.0000,,,,0.0,0.0,0.0,0.0,0.0,0.0,0.0,0.0,0.0,-284315,-3650541,164329436,74572,82455,-21976,61,ecc9fe00,43.51536089619,-79.68384126935,167.0073,-37.1,SOL_COMPUTED,SINGLE,good,1.198,1.0984,1.8965,21,21,0.0,0.0,0,0,0,0,0,0,0,0,0,SPECTRUMANALYSIS,L2,1225.022,17.358,-53.062,-115.438
2026-05-25 10:59:29.020265,1779721169.020265,2420,140387.0,,,,,,,,,,,,,,,,0.0000,,,,0.0,0.0,0.0,0.0,0.0,0.0,0.0,0.0,0.0,-246040,-3700340,164408770,-32252,121639,981,61,eccafe00,43.51536084558,-79.68384079094,167.1648,-37.1,SOL_COMPUTED,SINGLE,good,1.1951,1.0969,1.8937,21,21,0.0,0.0,0,0,0,0,0,0,0,0,0,SPECTRUMANALYSIS,L2,1231.467,24.976,-50.49,-116.377
2026-05-25 10:59:30.020740,1779721170.020740,2420,140388.0,,,,,,,,,,,,,,,,0.0000,,,,0.0,0.0,0.0,0.0,0.0,0.0,0.0,0.0,0.0,686848,-3194606,163909073,115011,-253999,11107,61,eccafe00,43.51536099532,-79.68384042197,167.3491,-37.1,SOL_COMPUTED,SINGLE,good,1.2026,1.1014,1.9019,21,21,0.0,0.0,0,0,0,0,0,0,0,0,0,SPECTRUMANALYSIS,L2,1231.467,24.976,-50.49,-116.377
2026-05-25 10:59:31.020419,1779721171.020419,2420,140389.0,,,,,,,,,,,,,,,,0.0000,,,,0.0,0.0,0.0,0.0,0.0,0.0,0.0,0.0,0.0,-316558,-3650123,164334864,62704,60250,-43973,61,ecc9fe00,43.51536061256,-79.68384004068,167.4987,-37.1,SOL_COMPUTED,SINGLE,good,1.1992,1.1012,1.8996,21,21,0.0,0.0,0,0,0,0,0,0,0,0,0,SPECTRUMANALYSIS,L2,1231.467,24.976,-50.49,-116.377
2026-05-25 10:59:32.022619,1779721172.022619,2420,140390.0,,,,,,,,,,,,,,,,0.0000,,,,0.0,0.0,0.0,0.0,0.0,0.0,0.0,0.0,0.0,-210052,-3763261,164283012,28910,101623,-6241,61,ecc9fe00,43.51536042401,-79.68383955676,167.6881,-37.1,SOL_COMPUTED,SINGLE,good,1.1952,1.0971,1.8936,21,21,0.0,0.0,0,0,0,0,0,0,0,0,0,SPECTRUMANALYSIS,L2,1226.926,10.767,-54.527,-114.544
2026-05-25 10:59:33.023030,1779721173.023030,2420,140391.0,,,,,,,,,,,,,,,,0.0000,,,,0.0,0.0,0.0,0.0,0.0,0.0,0.0,0.0,0.0,-607757,-3821826,164404417,49640,136674,-32216,61,ecc9fe00,43.51536026353,-79.68383929883,167.8816,-37.1,SOL_COMPUTED,SINGLE,good,1.1973,1.0993,1.8973,21,21,0.0,0.0,0,0,0,0,0,0,0,0,0,SPECTRUMANALYSIS,L2,1226.926,10.767,-54.527,-114.544
2026-05-25 10:59:34.026197,1779721174.026197,2420,140392.0,,,,,,,,,,,,,,,,0.0000,,,,0.0,0.0,0.0,0.0,0.0,0.0,0.0,0.0,0.0,-467562,-3900720,164423317,74220,12563,-45462,61,ecc9fe00,43.51535982245,-79.68383895698,168.0322,-37.1,SOL_COMPUTED,SINGLE,good,1.1982,1.0992,1.8967,21,21,0.0,0.0,0,0,0,0,0,0,0,0,0,SPECTRUMANALYSIS,L2,1226.926,10.767,-54.527,-114.544
2026-05-25 10:59:35.020994,1779721175.020994,2420,140393.0,,,,,,,,,,,,,,,,0.0000,,,,0.0,0.0,0.0,0.0,0.0,0.0,0.0,0.0,0.0,-411608,-3728662,164364004,73595,39238,-15236,61,ecc8fe00,43.51535916749,-79.68383852239,168.1446,-37.1,SOL_COMPUTED,SINGLE,good,1.1921,1.0967,1.8916,21,21,0.0,0.0,0,0,0,0,0,0,0,0,0,SPECTRUMANALYSIS,L2,1229.783,33.765,-49.464,-115.458
2026-05-25 10:59:36.022634,1779721176.022634,2420,140394.0,,,,,,,,,,,,,,,,0.0000,,,,0.0,0.0,0.0,0.0,0.0,0.0,0.0,0.0,0.0,-457054,-3617663,164346170,63309,120029,-3618,61,ecc8fe00,43.51535909738,-79.68383826533,168.3129,-37.1,SOL_COMPUTED,SINGLE,good,1.1935,1.0971,1.8929,21,21,0.0,0.0,0,0,0,0,0,0,0,0,0,SPECTRUMANALYSIS,L2,1229.783,33.765,-49.464,-115.458
2026-05-25 10:59:37.021691,1779721177.021691,2420,140395.0,,,,,,,,,,,,,,,,0.0000,,,,0.0,0.0,0.0,0.0,0.0,0.0,0.0,0.0,0.0,-404804,-3691121,164362037,53649,38222,-19754,61,ecc9fe00,43.51535917128,-79.6838380596,168.4918,-37.1,SOL_COMPUTED,SINGLE,good,1.1968,1.0989,1.8964,21,21,0.0,0.0,0,0,0,0,0,0,0,0,0,SPECTRUMANALYSIS,L2,1229.783,33.765,-49.464,-115.458
2026-05-25 10:59:38.020522,1779721178.020522,2420,140396.0,,,,,,,,,,,,,,,,0.0000,,,,0.0,0.0,0.0,0.0,0.0,0.0,0.0,0.0,0.0,-452341,-3786391,164343323,67141,54652,-1955,61,ecc8fe00,43.5153599895,-79.68383806937,168.7657,-37.1,SOL_COMPUTED,SINGLE,good,1.2081,1.1046,1.9078,21,21,0.0,0.0,0,0,0,0,0,0,0,0,0,SPECTRUMANALYSIS,L2,1234.507,17.578,-52.309,-116.025
2026-05-25 10:59:39.020816,1779721179.020816,2420,140397.0,,,,,,,,,,,,,,,,0.0000,,,,0.0,0.0,0.0,0.0,0.0,0.0,0.0,0.0,0.0,-385364,-3632796,164397598,63970,71701,2388,61,ecc8fe00,43.51535947811,-79.68383733056,168.9005,-37.1,SOL_COMPUTED,SINGLE,good,1.2022,1.1016,1.903,21,21,0.0,0.0,0,0,0,0,0,0,0,0,0,SPECTRUMANALYSIS,L2,1234.507,17.578,-52.309,-116.025
2026-05-25 10:59:40.021077,1779721180.021077,2420,140398.0,,,,,,,,,,,,,,,,0.0000,,,,0.0,0.0,0.0,0.0,0.0,0.0,0.0,0.0,0.0,-435920,-3697715,164341651,57580,60910,-21316,61,ecc8fe00,43.51535910307,-79.68383677104,169.0464,-37.1,SOL_COMPUTED,SINGLE,good,1.1993,1.1019,1.9005,21,21,0.0,0.0,0,0,0,0,0,0,0,0,0,SPECTRUMANALYSIS,L2,1234.507,17.578,-52.309,-116.025
2026-05-25 10:59:41.022481,1779721181.022481,2420,140399.0,,,,,,,,,,,,,,,,0.0000,,,,0.0,0.0,0.0,0.0,0.0,0.0,0.0,0.0,0.0,-407235,-3737804,164367967,75908,73878,-30883,61,ecc8fe00,43.51535887901,-79.68383626234,169.1993,-37.1,SOL_COMPUTED,SINGLE,good,1.1994,1.1022,1.9013,21,21,0.0,0.0,0,0,0,0,0,0,0,0,0,SPECTRUMANALYSIS,L2,1233.225,11.353,-53.679,-115.108
2026-05-25 10:59:42.023405,1779721182.023405,2420,140400.0,,,,,,,,,,,,,,,,0.0000,,,,0.0,0.0,0.0,0.0,0.0,0.0,0.0,0.0,0.0,-383221,-3749547,164381090,-10711,43611,-22805,61,ecc8fe00,43.51535899094,-79.68383562917,169.3987,-37.1,SOL_COMPUTED,SINGLE,good,1.1958,1.0987,1.8961,21,21,0.0,0.0,0,0,0,0,0,0,0,0,0,SPECTRUMANALYSIS,L2,1233.225,11.353,-53.679,-115.108
2026-05-25 10:59:43.021939,1779721183.021939,2420,140401.0,,,,,,,,,,,,,,,,0.0000,,,,0.0,0.0,0.0,0.0,0.0,0.0,0.0,0.0,0.0,-436030,-3823039,164319627,57193,116744,-12377,61,ecc7fe00,43.51535861436,-79.68383503734,169.5283,-37.1,SOL_COMPUTED,SINGLE,good,1.194,1.0989,1.895,21,21,0.0,0.0,0,0,0,0,0,0,0,0,0,SPECTRUMANALYSIS,L2,1233.225,11.353,-53.679,-115.108
2026-05-25 10:59:44.023481,1779721184.023481,2420,140402.0,,,,,,,,,,,,,,,,0.0000,,,,0.0,0.0,0.0,0.0,0.0,0.0,0.0,0.0,0.0,-427545,-3819047,164301063,60374,18145,-41610,61,ecc7fe00,43.51535932866,-79.68383475154,169.8094,-37.1,SOL_COMPUTED,SINGLE,good,1.2007,1.1013,1.9015,21,21,0.0,0.0,0,0,0,0,0,0,0,0,0,SPECTRUMANALYSIS,L2,1233.665,17.798,-52.465,-114.391
2026-05-25 10:59:45.022591,1779721185.022591,2420,140403.0,,,,,,,,,,,,,,,,0.0000,,,,0.0,0.0,0.0,0.0,0.0,0.0,0.0,0.0,0.0,-532869,-3722928,164364393,63116,23238,-33328,61,ecc7fe00,43.51536950201,-79.68383658838,171.1884,-37.1,SOL_COMPUTED,SINGLE,good,1.2547,1.1038,1.9415,20,20,0.0,0.0,0,0,0,0,0,0,0,0,0,SPECTRUMANALYSIS,L2,1233.665,17.798,-52.465,-114.391
2026-05-25 10:59:46.021774,1779721186.021774,2420,140404.0,,,,,,,,,,,,,,,,0.0000,,,,0.0,0.0,0.0,0.0,0.0,0.0,0.0,0.0,0.0,-411593,-3823038,164346542,76344,64268,-7679,61,ecc7fe00,43.51536482694,-79.68383491765,170.8181,-37.1,SOL_COMPUTED,SINGLE,good,1.2057,1.1048,1.9083,21,21,0.0,0.0,0,0,0,0,0,0,0,0,0,SPECTRUMANALYSIS,L2,1233.665,17.798,-52.465,-114.391
2026-05-25 10:59:47.021774,1779721187.021774,2420,140405.0,,,,,,,,,,,,,,,,0.0000,,,,0.0,0.0,0.0,0.0,0.0,0.0,0.0,0.0,0.0,-385753,-3711293,164342862,75535,106351,9958,61,ecc7fe00,43.51536088246,-79.68383298039,170.5293,-37.1,SOL_COMPUTED,SINGLE,good,1.1981,1.0997,1.899,21,21,0.0,0.0,0,0,0,0,0,0,0,0,0,SPECTRUMANALYSIS,L2,1237.62,2.271,-56.387,-110.232
2026-05-25 10:59:48.020938,1779721188.020938,2420,140406.0,,,,,,,,,,,,,,,,0.0000,,,,0.0,0.0,0.0,0.0,0.0,0.0,0.0,0.0,0.0,-451012,-3781654,164399158,53352,40688,-25733,61,ecc7fe00,43.5153592114,-79.68383250385,170.4954,-37.1,SOL_COMPUTED,SINGLE,good,1.2109,1.1044,1.9114,21,21,0.0,0.0,0,0,0,0,0,0,0,0,0,SPECTRUMANALYSIS,L2,1237.62,2.271,-56.387,-110.232
2026-05-25 10:59:49.026305,1779721189.026305,2420,140407.0,,,,,,,,,,,,,,,,0.0000,,,,0.0,0.0,0.0,0.0,0.0,0.0,0.0,0.0,0.0,-402474,-3673774,164343018,80554,56754,-43675,61,ecc7fe00,43.51536132566,-79.68383248527,170.8988,-37.1,SOL_COMPUTED,SINGLE,good,1.2173,1.1093,1.92,21,21,0.0,0.0,0,0,0,0,0,0,0,0,0,SPECTRUMANALYSIS,L2,1237.62,2.271,-56.387,-110.232
2026-05-25 10:59:50.026085,1779721190.026085,2420,140408.0,,,,,,,,,,,,,,,,0.0000,,,,0.0,0.0,0.0,0.0,0.0,0.0,0.0,0.0,0.0,-433729,-3717800,164338594,4761,118976,-11062,61,ecc7fe00,43.51535812803,-79.68383079234,170.7103,-37.1,SOL_COMPUTED,SINGLE,good,1.2116,1.1034,1.9108,21,21,0.0,0.0,0,0,0,0,0,0,0,0,0,SPECTRUMANALYSIS,L2,1229.233,29.883,-50.878,-114.449
2026-05-25 10:59:51.020772,1779721191.020772,2420,140409.0,,,,,,,,,,,,,,,,0.0000,,,,0.0,0.0,0.0,0.0,0.0,0.0,0.0,0.0,0.0,-403852,-3725727,164374475,104071,43432,-44929,61,ecc6fe00,43.51535880956,-79.68383067751,170.9319,-37.1,SOL_COMPUTED,SINGLE,good,1.2064,1.1032,1.908,21,21,0.0,0.0,0,0,0,0,0,0,0,0,0,SPECTRUMANALYSIS,L2,1229.233,29.883,-50.878,-114.449
2026-05-25 10:59:52.022119,1779721192.022119,2420,140410.0,,,,,,,,,,,,,,,,0.0000,,,,0.0,0.0,0.0,0.0,0.0,0.0,0.0,0.0,0.0,-384868,-3751744,164345531,87058,-19256,-41082,61,ecc6fe00,43.51535818867,-79.68383048053,170.9812,-37.1,SOL_COMPUTED,SINGLE,good,1.2073,1.1046,1.9093,21,21,0.0,0.0,0,0,0,0,0,0,0,0,0,SPECTRUMANALYSIS,L2,1229.233,29.883,-50.878,-114.449
2026-05-25 10:59:53.025533,1779721193.025533,2420,140411.0,,,,,,,,,,,,,,,,0.0000,,,,0.0,0.0,0.0,0.0,0.0,0.0,0.0,0.0,0.0,-388005,-3686010,164408520,35528,98385,-4560,61,ecc6fe00,43.51534980482,-79.68382085604,169.1399,-37.1,SOL_COMPUTED,SINGLE,good,1.231,1.1193,1.9764,20,20,0.0,0.0,0,0,0,0,0,0,0,0,0,SPECTRUMANALYSIS,L2,1238.352,3.589,-58.65,-116.412
2026-05-25 10:59:54.025526,1779721194.025526,2420,140412.0,,,,,,,,,,,,,,,,0.0000,,,,0.0,0.0,0.0,0.0,0.0,0.0,0.0,0.0,0.0,-367179,-3743051,164344704,71606,55615,-18151,61,ecc6fe00,43.5153518244,-79.68382130316,169.5217,-37.1,SOL_COMPUTED,SINGLE,good,1.227,1.1177,1.9729,20,20,0.0,0.0,0,0,0,0,0,0,0,0,0,SPECTRUMANALYSIS,L2,1238.352,3.589,-58.65,-116.412
2026-05-25 10:59:55.020216,1779721195.020216,2420,140413.0,,,,,,,,,,,,,,,,0.0000,,,,0.0,0.0,0.0,0.0,0.0,0.0,0.0,0.0,0.0,-440772,-3766630,164407391,74573,94573,-9561,61,ecc6fe00,43.51535056525,-79.68382058273,169.4556,-37.1,SOL_COMPUTED,SINGLE,good,1.2262,1.1165,1.9716,20,20,0.0,0.0,0,0,0,0,0,0,0,0,0,SPECTRUMANALYSIS,L2,1238.352,3.589,-58.65,-116.412
2026-05-25 10:59:56.021207,1779721196.021207,2420,140414.0,,,,,,,,,,,,,,,,0.0000,,,,0.0,0.0,0.0,0.0,0.0,0.0,0.0,0.0,0.0,-265352,-3734523,164332419,85302,20077,-49536,61,ecc6fe00,43.51534993936,-79.6838208062,169.4457,-37.1,SOL_COMPUTED,SINGLE,good,1.2382,1.1257,1.9878,20,20,0.0,0.0,0,0,0,0,0,0,0,0,0,SPECTRUMANALYSIS,L2,1238.352,3.589,-58.65,-116.412
2026-05-25 10:59:57.023319,1779721197.023319,2420,140415.0,,,,,,,,,,,,,,,,0.0000,,,,0.0,0.0,0.0,0.0,0.0,0.0,0.0,0.0,0.0,-442027,-3757783,164408164,73273,79150,-33642,61,ecc6fe00,43.51534776861,-79.68381938272,169.3183,-37.1,SOL_COMPUTED,SINGLE,good,1.2288,1.1186,1.9754,20,20,0.0,0.0,0,0,0,0,0,0,0,0,0,SPECTRUMANALYSIS,L2,1229.746,10.4,-56.632,-113.366
2026-05-25 10:59:58.024196,1779721198.024196,2420,140416.0,,,,,,,,,,,,,,,,0.0000,,,,0.0,0.0,0.0,0.0,0.0,0.0,0.0,0.0,0.0,-389807,-3562048,164292578,49684,33220,-45625,61,ecc5fe00,43.51534816953,-79.68381935791,169.488,-37.1,SOL_COMPUTED,SINGLE,good,1.2266,1.1179,1.974,20,20,0.0,0.0,0,0,0,0,0,0,0,0,0,SPECTRUMANALYSIS,L2,1229.746,10.4,-56.632,-113.366
2026-05-25 10:59:59.021789,1779721199.021789,2420,140417.0,,,,,,,,,,,,,,,,0.0000,,,,0.0,0.0,0.0,0.0,0.0,0.0,0.0,0.0,0.0,-521085,-3750044,164369529,83398,98596,-89,61,ecc5fe00,43.5153500148,-79.68381975361,169.8362,-37.1,SOL_COMPUTED,SINGLE,good,1.2317,1.118,1.9783,20,20,0.0,0.0,0,0,0,0,0,0,0,0,0,SPECTRUMANALYSIS,L2,1229.746,10.4,-56.632,-113.366
2026-05-25 11:00:00.020733,1779721200.020733,2420,140418.0,,,,,,,,,,,,,,,,0.0000,,,,0.0,0.0,0.0,0.0,0.0,0.0,0.0,0.0,0.0,-426113,-3672736,164259256,72130,20288,-23408,61,ecc5fe00,43.51535153358,-79.68382011774,170.1303,-37.1,SOL_COMPUTED,SINGLE,good,1.2347,1.1193,1.9809,20,20,0.0,0.0,0,0,0,0,0,0,0,0,0,SPECTRUMANALYSIS,L2,1239.048,5.127,-56.592,-113.764
2026-05-25 11:00:01.023178,1779721201.023178,2420,140419.0,,,,,,,,,,,,,,,,0.0000,,,,0.0,0.0,0.0,0.0,0.0,0.0,0.0,0.0,0.0,-495046,-3736487,164401718,63771,90839,-41950,61,ecc5fe00,43.51535114731,-79.68381982866,170.2027,-37.1,SOL_COMPUTED,SINGLE,good,1.2526,1.1234,1.9984,20,20,0.0,0.0,0,0,0,0,0,0,0,0,0,SPECTRUMANALYSIS,L2,1239.048,5.127,-56.592,-113.764
2026-05-25 11:00:02.022661,1779721202.022661,2420,140420.0,,,,,,,,,,,,,,,,0.0000,,,,0.0,0.0,0.0,0.0,0.0,0.0,0.0,0.0,0.0,-378577,-3729854,164324251,66472,70788,-18443,61,ecc5fe00,43.51534928935,-79.68381873252,170.0902,-37.1,SOL_COMPUTED,SINGLE,good,1.2316,1.1184,1.9774,20,20,0.0,0.0,0,0,0,0,0,0,0,0,0,SPECTRUMANALYSIS,L2,1239.048,5.127,-56.592,-113.764
2026-05-25 11:00:03.023452,1779721203.023452,2420,140421.0,,,,,,,,,,,,,,,,0.0000,,,,0.0,0.0,0.0,0.0,0.0,0.0,0.0,0.0,0.0,-285114,-3843404,164299761,139639,52848,-23470,61,ecc5fe00,43.51535789782,-79.68382144039,171.317,-37.1,SOL_COMPUTED,SINGLE,good,1.2966,1.1272,2.037,19,19,0.0,0.0,0,0,0,0,0,0,0,0,0,SPECTRUMANALYSIS,L2,1229.966,3.369,-59.591,-114.396
2026-05-25 11:00:04.023355,1779721204.023355,2420,140422.0,,,,,,,,,,,,,,,,0.0000,,,,0.0,0.0,0.0,0.0,0.0,0.0,0.0,0.0,0.0,102297,-3712956,164117452,57720,-128872,-14210,61,ecc5fe00,43.51535108062,-79.68381877559,170.5311,-37.1,SOL_COMPUTED,SINGLE,good,1.2493,1.125,1.9972,20,20,0.0,0.0,0,0,0,0,0,0,0,0,0,SPECTRUMANALYSIS,L2,1229.966,3.369,-59.591,-114.396
2026-05-25 11:00:05.020090,1779721205.020090,2420,140423.0,,,,,,,,,,,,,,,,0.0000,,,,0.0,0.0,0.0,0.0,0.0,0.0,0.0,0.0,0.0,-103777,-3633844,164225845,96421,65950,-16216,61,ecc5fe00,43.51535011051,-79.68381809702,170.5164,-37.1,SOL_COMPUTED,SINGLE,good,1.2409,1.1191,1.9861,20,20,0.0,0.0,0,0,0,0,0,0,0,0,0,SPECTRUMANALYSIS,L2,1229.966,3.369,-59.591,-114.396
2026-05-25 11:00:06.020655,1779721206.020655,2420,140424.0,,,,,,,,,,,,,,,,0.0000,,,,0.0,0.0,0.0,0.0,0.0,0.0,0.0,0.0,0.0,-358281,-3727109,164371474,93851,94898,-9436,61,ecc5fe00,43.51534913537,-79.68381754246,170.4679,-37.1,SOL_COMPUTED,SINGLE,good,1.2378,1.1195,1.9835,20,20,0.0,0.0,0,0,0,0,0,0,0,0,0,SPECTRUMANALYSIS,L2,1237.107,16.919,-52.443,-113.83
2026-05-25 11:00:07.023025,1779721207.023025,2420,140425.0,,,,,,,,,,,,,,,,0.0000,,,,0.0,0.0,0.0,0.0,0.0,0.0,0.0,0.0,0.0,-468942,-3729454,164393330,48409,101573,-21515,61,ecc4fe00,43.51534846096,-79.6838171476,170.4622,-37.1,SOL_COMPUTED,SINGLE,good,1.2415,1.1242,1.99,20,20,0.0,0.0,0,0,0,0,0,0,0,0,0,SPECTRUMANALYSIS,L2,1237.107,16.919,-52.443,-113.83
2026-05-25 11:00:08.022568,1779721208.022568,2420,140426.0,,,,,,,,,,,,,,,,0.0000,,,,0.0,0.0,0.0,0.0,0.0,0.0,0.0,0.0,0.0,-477591,-3641586,164320676,88824,-25098,-60056,61,ecc4fe00,43.51534532076,-79.68381583759,170.1662,-37.1,SOL_COMPUTED,SINGLE,good,1.2299,1.1213,1.9785,20,20,0.0,0.0,0,0,0,0,0,0,0,0,0,SPECTRUMANALYSIS,L2,1237.107,16.919,-52.443,-113.83
2026-05-25 11:00:09.022497,1779721209.022497,2420,140427.0,,,,,,,,,,,,,,,,0.0000,,,,0.0,0.0,0.0,0.0,0.0,0.0,0.0,0.0,0.0,-404823,-3655656,164344556,62181,85627,-45836,61,ecc4fe00,43.51534803631,-79.68381675915,170.6057,-37.1,SOL_COMPUTED,SINGLE,good,1.23,1.1218,1.9787,20,20,0.0,0.0,0,0,0,0,0,0,0,0,0,SPECTRUMANALYSIS,L2,1232.31,7.617,-56.764,-114.06
2026-05-25 11:00:10.026456,1779721210.026456,2420,140428.0,,,,,,,,,,,,,,,,0.0000,,,,0.0,0.0,0.0,0.0,0.0,0.0,0.0,0.0,0.0,-360971,-3813166,164372324,20512,76304,-29166,61,ecc4fe00,43.51535737687,-79.68382002928,171.9377,-37.1,SOL_COMPUTED,SINGLE,good,1.2946,1.1285,2.0381,19,19,0.0,0.0,0,0,0,0,0,0,0,0,0,SPECTRUMANALYSIS,L2,1232.31,7.617,-56.764,-114.06
2026-05-25 11:00:11.025109,1779721211.025109,2420,140429.0,,,,,,,,,,,,,,,,0.0000,,,,0.0,0.0,0.0,0.0,0.0,0.0,0.0,0.0,0.0,-411542,-3729933,164388520,52495,39250,-57989,61,ecc4fe00,43.51535726398,-79.68382001233,171.9923,-37.1,SOL_COMPUTED,SINGLE,good,1.2914,1.1259,2.0334,19,19,0.0,0.0,0,0,0,0,0,0,0,0,0,SPECTRUMANALYSIS,L2,1232.31,7.617,-56.764,-114.06
2026-05-25 11:00:12.023273,1779721212.023273,2420,140430.0,,,,,,,,,,,,,,,,0.0000,,,,0.0,0.0,0.0,0.0,0.0,0.0,0.0,0.0,0.0,-501207,-3670957,164338519,58682,74479,-36062,61,ecc4fe00,43.51535709111,-79.68381999465,172.0696,-37.1,SOL_COMPUTED,SINGLE,good,1.2899,1.1236,2.0303,19,19,0.0,0.0,0,0,0,0,0,0,0,0,0,SPECTRUMANALYSIS,L2,1232.126,8.423,-57.328,-114.291
2026-05-25 11:00:13.021282,1779721213.021282,2420,140431.0,,,,,,,,,,,,,,,,0.0000,,,,0.0,0.0,0.0,0.0,0.0,0.0,0.0,0.0,0.0,-393163,-3821079,164328158,-681,75249,-7939,61,ecc4fe00,43.51535197586,-79.68383777902,170.2436,-37.1,SOL_COMPUTED,SINGLE,good,1.3061,1.2322,2.1401,18,18,0.0,0.0,0,0,0,0,0,0,0,0,0,SPECTRUMANALYSIS,L2,1232.126,8.423,-57.328,-114.291
2026-05-25 11:00:14.022480,1779721214.022480,2420,140432.0,,,,,,,,,,,,,,,,0.0000,,,,0.0,0.0,0.0,0.0,0.0,0.0,0.0,0.0,0.0,-406031,-3738320,164307095,58713,75773,-66392,61,ecc3fe00,43.51535190111,-79.68383760332,170.3283,-37.1,SOL_COMPUTED,SINGLE,good,1.3054,1.2328,2.1397,18,18,0.0,0.0,0,0,0,0,0,0,0,0,0,SPECTRUMANALYSIS,L2,1232.126,8.423,-57.328,-114.291
2026-05-25 11:00:15.020696,1779721215.020696,2420,140433.0,,,,,,,,,,,,,,,,0.0000,,,,0.0,0.0,0.0,0.0,0.0,0.0,0.0,0.0,0.0,-413123,-3703767,164345507,78648,59164,-17563,61,ecc3fe00,43.51535189774,-79.68383734413,170.4063,-37.1,SOL_COMPUTED,SINGLE,good,1.3044,1.2317,2.1379,18,18,0.0,0.0,0,0,0,0,0,0,0,0,0,SPECTRUMANALYSIS,L2,1237.729,3.223,-58.324,-114.161
2026-05-25 11:00:16.019722,1779721216.019722,2420,140434.0,,,,,,,,,,,,,,,,0.0000,,,,0.0,0.0,0.0,0.0,0.0,0.0,0.0,0.0,0.0,-254586,-3708039,164299850,83878,5203,-11438,61,ecc3fe00,43.51535179077,-79.68383698661,170.4925,-37.1,SOL_COMPUTED,SINGLE,good,1.3041,1.2309,2.1371,18,18,0.0,0.0,0,0,0,0,0,0,0,0,0,SPECTRUMANALYSIS,L2,1237.729,3.223,-58.324,-114.161
2026-05-25 11:00:17.027178,1779721217.027178,2420,140435.0,,,,,,,,,,,,,,,,0.0000,,,,0.0,0.0,0.0,0.0,0.0,0.0,0.0,0.0,0.0,-544347,-3478821,164365644,206996,-34097,61733,61,ecc3fe00,43.51535166876,-79.68383659473,170.5961,-37.1,SOL_COMPUTED,SINGLE,good,1.3024,1.2296,2.1353,18,18,0.0,0.0,0,0,0,0,0,0,0,0,0,SPECTRUMANALYSIS,L2,1237.729,3.223,-58.324,-114.161
2026-05-25 11:00:18.019730,1779721218.019730,2420,140436.0,,,,,,,,,,,,,,,,0.0000,,,,0.0,0.0,0.0,0.0,0.0,0.0,0.0,0.0,0.0,-308141,-3746864,164450792,95214,-576144,69730,61,ecc3fe00,43.51535160151,-79.68383621916,170.686,-37.1,SOL_COMPUTED,SINGLE,good,1.303,1.2306,2.1374,18,18,0.0,0.0,0,0,0,0,0,0,0,0,0,SPECTRUMANALYSIS,L2,1227.292,5.786,-59.637,-124.399
2026-05-25 11:00:19.020038,1779721219.020038,2420,140437.0,,,,,,,,,,,,,,,,0.0000,,,,0.0,0.0,0.0,0.0,0.0,0.0,0.0,0.0,0.0,-422975,-3373315,164317635,2184,52249,-26652,61,ecc3fe00,43.51535142751,-79.6838360014,170.767,-37.1,SOL_COMPUTED,SINGLE,good,1.3071,1.2339,2.1424,18,18,0.0,0.0,0,0,0,0,0,0,0,0,0,SPECTRUMANALYSIS,L2,1227.292,5.786,-59.637,-124.399
2026-05-25 11:00:20.019660,1779721220.019660,2420,140438.0,,,,,,,,,,,,,,,,0.0000,,,,0.0,0.0,0.0,0.0,0.0,0.0,0.0,0.0,0.0,-15190,-3395050,164252115,65554,2800,-21277,61,ecc3fe00,43.5153512023,-79.68383570445,170.8723,-37.1,SOL_COMPUTED,SINGLE,good,1.3084,1.2346,2.1445,18,18,0.0,0.0,0,0,0,0,0,0,0,0,0,SPECTRUMANALYSIS,L2,1227.292,5.786,-59.637,-124.399
2026-05-25 11:00:21.019586,1779721221.019586,2420,140439.0,,,,,,,,,,,,,,,,0.0000,,,,0.0,0.0,0.0,0.0,0.0,0.0,0.0,0.0,0.0,-462803,-3707107,164496242,71159,178775,-11250,61,ecc2fe00,43.51535107923,-79.68383552213,170.9535,-37.1,SOL_COMPUTED,SINGLE,good,1.3045,1.2312,2.1383,18,18,0.0,0.0,0,0,0,0,0,0,0,0,0,SPECTRUMANALYSIS,L2,1223.228,2.051,-64.746,-126.185
2026-05-25 11:00:22.022319,1779721222.022319,2420,140440.0,,,,,,,,,,,,,,,,0.0000,,,,0.0,0.0,0.0,0.0,0.0,0.0,0.0,0.0,0.0,-195257,-3751583,164291193,67955,-54677,5484,61,ecc2fe00,43.5153508724,-79.68383523008,171.0401,-37.1,SOL_COMPUTED,SINGLE,good,1.3082,1.2338,2.1439,18,18,0.0,0.0,0,0,0,0,0,0,0,0,0,SPECTRUMANALYSIS,L2,1223.228,2.051,-64.746,-126.185
2026-05-25 11:00:23.024723,1779721223.024723,2420,140441.0,,,,,,,,,,,,,,,,0.0000,,,,0.0,0.0,0.0,0.0,0.0,0.0,0.0,0.0,0.0,-254453,-3663183,164369038,38697,94936,-22578,61,ecc2fe00,43.51535064378,-79.68383495099,171.1135,-37.1,SOL_COMPUTED,SINGLE,good,1.3044,1.2307,2.1382,18,18,0.0,0.0,0,0,0,0,0,0,0,0,0,SPECTRUMANALYSIS,L2,1223.228,2.051,-64.746,-126.185
2026-05-25 11:00:24.021284,1779721224.021284,2420,140442.0,,,,,,,,,,,,,,,,0.0000,,,,0.0,0.0,0.0,0.0,0.0,0.0,0.0,0.0,0.0,-255199,-3593825,164309580,70092,52540,-29114,61,ecc2fe00,43.5153503452,-79.68383462903,171.1956,-37.1,SOL_COMPUTED,SINGLE,good,1.3052,1.2316,2.1399,18,18,0.0,0.0,0,0,0,0,0,0,0,0,0,SPECTRUMANALYSIS,L2,1232.529,6.592,-57.989,-114.458
2026-05-25 11:00:25.021610,1779721225.021610,2420,140443.0,,,,,,,,,,,,,,,,0.0000,,,,0.0,0.0,0.0,0.0,0.0,0.0,0.0,0.0,0.0,-394306,-3669827,164367001,29453,91027,-9506,61,ecc2fe00,43.51535003119,-79.68383436686,171.2773,-37.1,SOL_COMPUTED,SINGLE,good,1.3055,1.2321,2.1406,18,18,0.0,0.0,0,0,0,0,0,0,0,0,0,SPECTRUMANALYSIS,L2,1232.529,6.592,-57.989,-114.458
2026-05-25 11:00:26.020732,1779721226.020732,2420,140444.0,,,,,,,,,,,,,,,,0.0000,,,,0.0,0.0,0.0,0.0,0.0,0.0,0.0,0.0,0.0,-241662,-3645699,164384277,47263,50946,-12216,61,ecc2fe00,43.51534978521,-79.68383400168,171.3561,-37.1,SOL_COMPUTED,SINGLE,good,1.3038,1.2309,2.139,18,18,0.0,0.0,0,0,0,0,0,0,0,0,0,SPECTRUMANALYSIS,L2,1232.529,6.592,-57.989,-114.458
2026-05-25 11:00:27.019927,1779721227.019927,2420,140445.0,,,,,,,,,,,,,,,,0.0000,,,,0.0,0.0,0.0,0.0,0.0,0.0,0.0,0.0,0.0,-331952,-3581173,164369346,89769,91315,-7798,61,ecc2fe00,43.51534948629,-79.68383358974,171.4328,-37.1,SOL_COMPUTED,SINGLE,good,1.3097,1.2357,2.1481,18,18,0.0,0.0,0,0,0,0,0,0,0,0,0,SPECTRUMANALYSIS,L2,1230.662,2.563,-60.339,-114.655
2026-05-25 11:00:28.021702,1779721228.021702,2420,140446.0,,,,,,,,,,,,,,,,0.0000,,,,0.0,0.0,0.0,0.0,0.0,0.0,0.0,0.0,0.0,-358989,-3664965,164370079,61042,87167,-3471,61,ecc2fe00,43.51534925812,-79.6838331887,171.5078,-37.1,SOL_COMPUTED,SINGLE,good,1.303,1.23,2.1384,18,18,0.0,0.0,0,0,0,0,0,0,0,0,0,SPECTRUMANALYSIS,L2,1230.662,2.563,-60.339,-114.655
2026-05-25 11:00:29.019915,1779721229.019915,2420,140447.0,,,,,,,,,,,,,,,,0.0000,,,,0.0,0.0,0.0,0.0,0.0,0.0,0.0,0.0,0.0,-379158,-3635259,164325669,110638,27095,-19211,61,ecc1fe00,43.51534895825,-79.68383280507,171.5993,-37.1,SOL_COMPUTED,SINGLE,good,1.3042,1.2311,2.1412,18,18,0.0,0.0,0,0,0,0,0,0,0,0,0,SPECTRUMANALYSIS,L2,1230.662,2.563,-60.339,-114.655
2026-05-25 11:00:30.020962,1779721230.020962,2420,140448.0,,,,,,,,,,,,,,,,0.0000,,,,0.0,0.0,0.0,0.0,0.0,0.0,0.0,0.0,0.0,-279110,-3660543,164306319,92348,68538,-22546,61,ecc1fe00,43.51534864751,-79.68383232597,171.698,-37.1,SOL_COMPUTED,SINGLE,good,1.3037,1.2301,2.1413,18,18,0.0,0.0,0,0,0,0,0,0,0,0,0,SPECTRUMANALYSIS,L2,1229.856,18.384,-52.485,-112.703
2026-05-25 11:00:31.021128,1779721231.021128,2420,140449.0,,,,,,,,,,,,,,,,0.0000,,,,0.0,0.0,0.0,0.0,0.0,0.0,0.0,0.0,0.0,-375994,-3609661,164389300,79792,51677,-10557,61,ecc1fe00,43.51534845465,-79.68383196894,171.8009,-37.1,SOL_COMPUTED,SINGLE,good,1.3058,1.2322,2.1467,18,18,0.0,0.0,0,0,0,0,0,0,0,0,0,SPECTRUMANALYSIS,L2,1229.856,18.384,-52.485,-112.703
2026-05-25 11:00:32.021929,1779721232.021929,2420,140450.0,,,,,,,,,,,,,,,,0.0000,,,,0.0,0.0,0.0,0.0,0.0,0.0,0.0,0.0,0.0,-254740,-3661579,164315206,81025,54948,-1168,61,ecc1fe00,43.51534814357,-79.68383160008,171.903,-37.1,SOL_COMPUTED,SINGLE,good,1.3099,1.236,2.152,18,18,0.0,0.0,0,0,0,0,0,0,0,0,0,SPECTRUMANALYSIS,L2,1229.856,18.384,-52.485,-112.703
2026-05-25 11:00:33.020605,1779721233.020605,2420,140451.0,,,,,,,,,,,,,,,,0.0000,,,,0.0,0.0,0.0,0.0,0.0,0.0,0.0,0.0,0.0,-268568,-3674051,164337788,80806,35227,-38338,61,ecc1fe00,43.51534782298,-79.68383135194,171.9955,-37.1,SOL_COMPUTED,SINGLE,good,1.3086,1.2343,2.1479,18,18,0.0,0.0,0,0,0,0,0,0,0,0,0,SPECTRUMANALYSIS,L2,1226.633,9.741,-56.748,-115.569
2026-05-25 11:00:34.020643,1779721234.020643,2420,140452.0,,,,,,,,,,,,,,,,0.0000,,,,0.0,0.0,0.0,0.0,0.0,0.0,0.0,0.0,0.0,-341732,-3675573,164346930,87526,63565,-45211,61,ecc1fe00,43.51534748469,-79.68383101886,172.1052,-37.1,SOL_COMPUTED,SINGLE,good,1.307,1.233,2.1461,18,18,0.0,0.0,0,0,0,0,0,0,0,0,0,SPECTRUMANALYSIS,L2,1226.633,9.741,-56.748,-115.569
2026-05-25 11:00:35.020352,1779721235.020352,2420,140453.0,,,,,,,,,,,,,,,,0.0000,,,,0.0,0.0,0.0,0.0,0.0,0.0,0.0,0.0,0.0,-274968,-3670141,164332069,53657,46775,3759,61,ecc1fe00,43.51534714606,-79.68383073198,172.2137,-37.1,SOL_COMPUTED,SINGLE,good,1.3082,1.2339,2.1501,18,18,0.0,0.0,0,0,0,0,0,0,0,0,0,SPECTRUMANALYSIS,L2,1226.633,9.741,-56.748,-115.569
2026-05-25 11:00:36.021015,1779721236.021015,2420,140454.0,,,,,,,,,,,,,,,,0.0000,,,,0.0,0.0,0.0,0.0,0.0,0.0,0.0,0.0,0.0,-319408,-3682176,164337036,70548,37433,-28757,61,ecc1fe00,43.51534681173,-79.68383027869,172.3134,-37.1,SOL_COMPUTED,SINGLE,good,1.304,1.2308,2.1436,18,18,0.0,0.0,0,0,0,0,0,0,0,0,0,SPECTRUMANALYSIS,L2,1231.87,1.904,-61.71,-115.628
2026-05-25 11:00:37.020124,1779721237.020124,2420,140455.0,,,,,,,,,,,,,,,,0.0000,,,,0.0,0.0,0.0,0.0,0.0,0.0,0.0,0.0,0.0,-272278,-3623158,164325882,53598,51413,-10764,61,ecc0fe00,43.51534638615,-79.68382986089,172.394,-37.1,SOL_COMPUTED,SINGLE,good,1.3058,1.2316,2.1441,18,18,0.0,0.0,0,0,0,0,0,0,0,0,0,SPECTRUMANALYSIS,L2,1231.87,1.904,-61.71,-115.628
2026-05-25 11:00:38.032252,1779721238.032252,2420,140456.0,,,,,,,,,,,,,,,,0.0000,,,,0.0,0.0,0.0,0.0,0.0,0.0,0.0,0.0,0.0,-305684,-3570347,164334168,35636,68512,-3297,61,ecc0fe00,43.51534596559,-79.68382918968,172.5299,-37.1,SOL_COMPUTED,SINGLE,good,1.3084,1.2355,2.1515,18,18,0.0,0.0,0,0,0,0,0,0,0,0,0,SPECTRUMANALYSIS,L2,1231.87,1.904,-61.71,-115.628
2026-05-25 11:00:39.021368,1779721239.021368,2420,140457.0,,,,,,,,,,,,,,,,0.0000,,,,0.0,0.0,0.0,0.0,0.0,0.0,0.0,0.0,0.0,-269302,-3629287,164358656,61938,33224,-25685,61,ecc0fe00,43.51534557182,-79.68382873986,172.6195,-37.1,SOL_COMPUTED,SINGLE,good,1.3051,1.2322,2.1456,18,18,0.0,0.0,0,0,0,0,0,0,0,0,0,SPECTRUMANALYSIS,L2,1237.51,1.758,-57.385,-112.405
2026-05-25 11:00:40.023235,1779721240.023235,2420,140458.0,,,,,,,,,,,,,,,,0.0000,,,,0.0,0.0,0.0,0.0,0.0,0.0,0.0,0.0,0.0,-285711,-3681625,164304558,84142,84557,-15374,61,ecc0fe00,43.51534510414,-79.68382817185,172.7234,-37.1,SOL_COMPUTED,SINGLE,good,1.308,1.2343,2.1526,18,18,0.0,0.0,0,0,0,0,0,0,0,0,0,SPECTRUMANALYSIS,L2,1237.51,1.758,-57.385,-112.405
2026-05-25 11:00:41.022199,1779721241.022199,2420,140459.0,,,,,,,,,,,,,,,,0.0000,,,,0.0,0.0,0.0,0.0,0.0,0.0,0.0,0.0,0.0,-346460,-3656081,164422856,25871,26630,-22523,61,ecc0fe00,43.51534465491,-79.68382763146,172.7926,-37.1,SOL_COMPUTED,SINGLE,good,1.3108,1.2371,2.1562,18,18,0.0,0.0,0,0,0,0,0,0,0,0,0,SPECTRUMANALYSIS,L2,1237.51,1.758,-57.385,-112.405
2026-05-25 11:00:42.031082,1779721242.031082,2420,140460.0,,,,,,,,,,,,,,,,0.0000,,,,0.0,0.0,0.0,0.0,0.0,0.0,0.0,0.0,0.0,-340686,-3610267,164395117,58600,66505,-31754,61,ecc0fe00,43.51534420488,-79.68382694485,172.8704,-37.1,SOL_COMPUTED,SINGLE,good,1.3062,1.233,2.1463,18,18,0.0,0.0,0,0,0,0,0,0,0,0,0,SPECTRUMANALYSIS,L2,1227.952,15.894,-54.264,-113.329
2026-05-25 11:00:43.020484,1779721243.020484,2420,140461.0,,,,,,,,,,,,,,,,0.0000,,,,0.0,0.0,0.0,0.0,0.0,0.0,0.0,0.0,0.0,-347059,-3655365,164386303,59099,58560,-31788,61,ecc0fe00,43.51534357533,-79.6838262176,172.9571,-37.1,SOL_COMPUTED,SINGLE,good,1.3085,1.235,2.1501,18,18,0.0,0.0,0,0,0,0,0,0,0,0,0,SPECTRUMANALYSIS,L2,1227.952,15.894,-54.264,-113.329
2026-05-25 11:00:44.020220,1779721244.020220,2420,140462.0,,,,,,,,,,,,,,,,0.0000,,,,0.0,0.0,0.0,0.0,0.0,0.0,0.0,0.0,0.0,-333336,-3643147,164332920,66784,68865,-11832,61,ecbffe00,43.51534300684,-79.68382537387,173.0391,-37.1,SOL_COMPUTED,SINGLE,good,1.3056,1.2325,2.1464,18,18,0.0,0.0,0,0,0,0,0,0,0,0,0,SPECTRUMANALYSIS,L2,1227.952,15.894,-54.264,-113.329
2026-05-25 11:00:45.020098,1779721245.020098,2420,140463.0,,,,,,,,,,,,,,,,0.0000,,,,0.0,0.0,0.0,0.0,0.0,0.0,0.0,0.0,0.0,-290240,-3592202,164380866,122129,62691,26292,61,ecbffe00,43.51534234915,-79.68382453631,173.1511,-37.1,SOL_COMPUTED,SINGLE,good,1.3142,1.242,2.163,18,18,0.0,0.0,0,0,0,0,0,0,0,0,0,SPECTRUMANALYSIS,L2,1230.808,2.856,-62.093,-116.456
2026-05-25 11:00:46.021005,1779721246.021005,2420,140464.0,,,,,,,,,,,,,,,,0.0000,,,,0.0,0.0,0.0,0.0,0.0,0.0,0.0,0.0,0.0,-284809,-3676410,164371164,57385,61301,-36400,61,ecbffe00,43.515341949,-79.68382386515,173.1802,-37.1,SOL_COMPUTED,SINGLE,good,1.3083,1.2352,2.1488,18,18,0.0,0.0,0,0,0,0,0,0,0,0,0,SPECTRUMANALYSIS,L2,1230.808,2.856,-62.093,-116.456
2026-05-25 11:00:47.022028,1779721247.022028,2420,140465.0,,,,,,,,,,,,,,,,0.0000,,,,0.0,0.0,0.0,0.0,0.0,0.0,0.0,0.0,0.0,-235517,-3614633,164336718,63749,53216,-38298,61,ecbffe00,43.51534145945,-79.683823148,173.2691,-37.1,SOL_COMPUTED,SINGLE,good,1.3144,1.2419,2.1577,18,18,0.0,0.0,0,0,0,0,0,0,0,0,0,SPECTRUMANALYSIS,L2,1230.808,2.856,-62.093,-116.456
2026-05-25 11:00:48.020427,1779721248.020427,2420,140466.0,,,,,,,,,,,,,,,,0.0000,,,,0.0,0.0,0.0,0.0,0.0,0.0,0.0,0.0,0.0,-288704,-3629681,164352993,59811,60149,-22543,61,ecbffe00,43.51534085241,-79.68382208741,173.3554,-37.1,SOL_COMPUTED,SINGLE,good,1.3063,1.2336,2.1452,18,18,0.0,0.0,0,0,0,0,0,0,0,0,0,SPECTRUMANALYSIS,L2,1228.281,30.615,-50.531,-113.375
2026-05-25 11:00:49.019666,1779721249.019666,2420,140467.0,,,,,,,,,,,,,,,,0.0000,,,,0.0,0.0,0.0,0.0,0.0,0.0,0.0,0.0,0.0,-221144,-3626655,164315587,97754,92545,24566,61,ecbffe00,43.51534034535,-79.68382125706,173.454,-37.1,SOL_COMPUTED,SINGLE,good,1.3069,1.2345,2.146,18,18,0.0,0.0,0,0,0,0,0,0,0,0,0,SPECTRUMANALYSIS,L2,1228.281,30.615,-50.531,-113.375
2026-05-25 11:00:50.020393,1779721250.020393,2420,140468.0,,,,,,,,,,,,,,,,0.0000,,,,0.0,0.0,0.0,0.0,0.0,0.0,0.0,0.0,0.0,-214332,-3681744,164361770,47113,50038,-43472,61,ecbffe00,43.51533983907,-79.68382051512,173.5379,-37.1,SOL_COMPUTED,SINGLE,good,1.3091,1.2367,2.1481,18,18,0.0,0.0,0,0,0,0,0,0,0,0,0,SPECTRUMANALYSIS,L2,1228.281,30.615,-50.531,-113.375
2026-05-25 11:00:51.020403,1779721251.020403,2420,140469.0,,,,,,,,,,,,,,,,0.0000,,,,0.0,0.0,0.0,0.0,0.0,0.0,0.0,0.0,0.0,-259832,-3633072,164335559,52310,61425,-11362,61,ecbffe00,43.51533939451,-79.68381983949,173.6169,-37.1,SOL_COMPUTED,SINGLE,good,1.3079,1.2368,2.1464,18,18,0.0,0.0,0,0,0,0,0,0,0,0,0,SPECTRUMANALYSIS,L2,1230.515,1.978,-62.592,-114.714
2026-05-25 11:00:52.022359,1779721252.022359,2420,140470.0,,,,,,,,,,,,,,,,0.0000,,,,0.0,0.0,0.0,0.0,0.0,0.0,0.0,0.0,0.0,-316507,-3582932,164316919,82752,77637,-14120,61,ecbffe00,43.51533873211,-79.68381903807,173.7548,-37.1,SOL_COMPUTED,SINGLE,good,1.3125,1.243,2.1513,18,18,0.0,0.0,0,0,0,0,0,0,0,0,0,SPECTRUMANALYSIS,L2,1230.515,1.978,-62.592,-114.714
2026-05-25 11:00:53.021677,1779721253.021677,2420,140471.0,,,,,,,,,,,,,,,,0.0000,,,,0.0,0.0,0.0,0.0,0.0,0.0,0.0,0.0,0.0,-296452,-3558564,164287813,34080,92537,-5633,61,ecbffe00,43.51533809408,-79.6838183104,173.8214,-37.1,SOL_COMPUTED,SINGLE,good,1.3171,1.2471,2.1571,18,18,0.0,0.0,0,0,0,0,0,0,0,0,0,SPECTRUMANALYSIS,L2,1230.515,1.978,-62.592,-114.714
2026-05-25 11:00:54.020145,1779721254.020145,2420,140472.0,,,,,,,,,,,,,,,,0.0000,,,,0.0,0.0,0.0,0.0,0.0,0.0,0.0,0.0,0.0,-291044,-3615224,164346019,43347,91072,-40334,61,ecbffe00,43.51533731596,-79.68381698589,173.8922,-37.1,SOL_COMPUTED,SINGLE,good,1.3107,1.24,2.1504,18,18,0.0,0.0,0,0,0,0,0,0,0,0,0,SPECTRUMANALYSIS,L2,1226.743,4.102,-62.085,-125.748
2026-05-25 11:00:55.020800,1779721255.020800,2420,140473.0,,,,,,,,,,,,,,,,0.0000,,,,0.0,0.0,0.0,0.0,0.0,0.0,0.0,0.0,0.0,-347876,-3589139,164388680,67864,38348,-10931,61,ecbefe00,43.51533637823,-79.68381576059,173.9638,-37.1,SOL_COMPUTED,SINGLE,good,1.3067,1.2341,2.1449,18,18,0.0,0.0,0,0,0,0,0,0,0,0,0,SPECTRUMANALYSIS,L2,1226.743,4.102,-62.085,-125.748
2026-05-25 11:00:56.020347,1779721256.020347,2420,140474.0,,,,,,,,,,,,,,,,0.0000,,,,0.0,0.0,0.0,0.0,0.0,0.0,0.0,0.0,0.0,-345224,-3654209,164304411,40454,77081,-21965,61,ecbefe00,43.51533602944,-79.68381558063,174.0718,-37.1,SOL_COMPUTED,SINGLE,good,1.3176,1.247,2.1608,18,18,0.0,0.0,0,0,0,0,0,0,0,0,0,SPECTRUMANALYSIS,L2,1226.743,4.102,-62.085,-125.748
2026-05-25 11:00:57.021072,1779721257.021072,2420,140475.0,,,,,,,,,,,,,,,,0.0000,,,,0.0,0.0,0.0,0.0,0.0,0.0,0.0,0.0,0.0,-296007,-3593164,164319794,56757,59432,-5447,61,ecbefe00,43.51533533712,-79.68381447176,174.1308,-37.1,SOL_COMPUTED,SINGLE,good,1.3144,1.2409,2.1552,18,18,0.0,0.0,0,0,0,0,0,0,0,0,0,SPECTRUMANALYSIS,L2,1231.98,7.69,-57.38,-115.315
2026-05-25 11:00:58.022820,1779721258.022820,2420,140476.0,,,,,,,,,,,,,,,,0.0000,,,,0.0,0.0,0.0,0.0,0.0,0.0,0.0,0.0,0.0,-364336,-3580672,164381269,49915,76372,-32902,61,ecbefe00,43.51533497958,-79.68381411231,174.2039,-37.1,SOL_COMPUTED,SINGLE,good,1.3191,1.2469,2.1615,18,18,0.0,0.0,0,0,0,0,0,0,0,0,0,SPECTRUMANALYSIS,L2,1231.98,7.69,-57.38,-115.315
2026-05-25 11:00:59.022522,1779721259.022522,2420,140477.0,,,,,,,,,,,,,,,,0.0000,,,,0.0,0.0,0.0,0.0,0.0,0.0,0.0,0.0,0.0,-293716,-3643691,164368011,67602,67543,-2735,61,ecbefe00,43.51533410742,-79.68381278154,174.24,-37.1,SOL_COMPUTED,SINGLE,good,1.3116,1.2357,2.15,18,18,0.0,0.0,0,0,0,0,0,0,0,0,0,SPECTRUMANALYSIS,L2,1231.98,7.69,-57.38,-115.315
2026-05-25 11:01:00.020867,1779721260.020867,2420,140478.0,,,,,,,,,,,,,,,,0.0000,,,,0.0,0.0,0.0,0.0,0.0,0.0,0.0,0.0,0.0,-338615,-3633164,164343224,84535,30261,-29704,61,ecbdfe00,43.51533369014,-79.68381231028,174.3189,-37.1,SOL_COMPUTED,SINGLE,good,1.31,1.2339,2.1477,18,18,0.0,0.0,0,0,0,0,0,0,0,0,0,SPECTRUMANALYSIS,L2,1221.763,6.006,-59.926,-124.605
2026-05-25 11:01:01.020006,1779721261.020006,2420,140479.0,,,,,,,,,,,,,,,,0.0000,,,,0.0,0.0,0.0,0.0,0.0,0.0,0.0,0.0,0.0,-316956,-3642379,164337085,45497,29600,-5201,61,ecbefe00,43.51533298014,-79.68381152467,174.4282,-37.1,SOL_COMPUTED,SINGLE,good,1.3092,1.2337,2.149,18,18,0.0,0.0,0,0,0,0,0,0,0,0,0,SPECTRUMANALYSIS,L2,1221.763,6.006,-59.926,-124.605
2026-05-25 11:01:02.020707,1779721262.020707,2420,140480.0,,,,,,,,,,,,,,,,0.0000,,,,0.0,0.0,0.0,0.0,0.0,0.0,0.0,0.0,0.0,-297065,-3684682,164371955,69588,41615,9086,61,ecbdfe00,43.5153325086,-79.68381144823,174.4342,-37.1,SOL_COMPUTED,SINGLE,good,1.3149,1.2353,2.1511,18,18,0.0,0.0,0,0,0,0,0,0,0,0,0,SPECTRUMANALYSIS,L2,1221.763,6.006,-59.926,-124.605
2026-05-25 11:01:03.022978,1779721263.022978,2420,140481.0,,,,,,,,,,,,,,,,0.0000,,,,0.0,0.0,0.0,0.0,0.0,0.0,0.0,0.0,0.0,-355741,-3645898,164356810,59177,31404,-28247,61,ecbdfe00,43.51533243548,-79.6838108528,174.5668,-37.1,SOL_COMPUTED,SINGLE,good,1.3105,1.2364,2.1519,18,18,0.0,0.0,0,0,0,0,0,0,0,0,0,SPECTRUMANALYSIS,L2,1221.03,2.197,-65.599,-126.699
2026-05-25 11:01:04.020797,1779721264.020797,2420,140482.0,,,,,,,,,,,,,,,,0.0000,,,,0.0,0.0,0.0,0.0,0.0,0.0,0.0,0.0,0.0,-308258,-3563822,164335934,19498,94853,9644,61,ecbdfe00,43.51533227581,-79.68381074269,174.5896,-37.1,SOL_COMPUTED,SINGLE,good,1.3133,1.2367,2.1527,18,18,0.0,0.0,0,0,0,0,0,0,0,0,0,SPECTRUMANALYSIS,L2,1221.03,2.197,-65.599,-126.699
2026-05-25 11:01:05.023592,1779721265.023592,2420,140483.0,,,,,,,,,,,,,,,,0.0000,,,,0.0,0.0,0.0,0.0,0.0,0.0,0.0,0.0,0.0,-411591,-3789581,164459741,-33270,86289,9373,61,ecbdfe00,43.51535695179,-79.68383045575,168.9812,-37.1,SOL_COMPUTED,SINGLE,good,1.3669,1.2571,2.2906,18,17,0.0,0.0,0,0,0,0,0,0,0,0,0,SPECTRUMANALYSIS,L2,1221.03,2.197,-65.599,-126.699
2026-05-25 11:01:06.022398,1779721266.022398,2420,140484.0,,,,,,,,,,,,,,,,0.0000,,,,0.0,0.0,0.0,0.0,0.0,0.0,0.0,0.0,0.0,-139656,-3739787,164385050,63028,28141,-38815,61,ecbdfe00,43.51535694376,-79.68383018818,168.9737,-37.1,SOL_COMPUTED,SINGLE,good,1.3739,1.2597,2.2966,18,17,0.0,0.0,0,0,0,0,0,0,0,0,0,SPECTRUMANALYSIS,L2,1232.859,10.913,-55.153,-114.304
2026-05-25 11:01:07.020846,1779721267.020846,2420,140485.0,,,,,,,,,,,,,,,,0.0000,,,,0.0,0.0,0.0,0.0,0.0,0.0,0.0,0.0,0.0,-320881,-3676320,164322267,13695,38948,8803,61,ecbdfe00,43.51535662249,-79.68383008985,169.0136,-37.1,SOL_COMPUTED,SINGLE,good,1.3643,1.255,2.2864,18,17,0.0,0.0,0,0,0,0,0,0,0,0,0,SPECTRUMANALYSIS,L2,1232.859,10.913,-55.153,-114.304
2026-05-25 11:01:08.021541,1779721268.021541,2420,140486.0,,,,,,,,,,,,,,,,0.0000,,,,0.0,0.0,0.0,0.0,0.0,0.0,0.0,0.0,0.0,-344624,-3581965,164392925,95578,58069,-19999,61,ecbdfe00,43.51535659119,-79.68382998177,169.0115,-37.1,SOL_COMPUTED,SINGLE,good,1.3713,1.2587,2.2959,18,17,0.0,0.0,0,0,0,0,0,0,0,0,0,SPECTRUMANALYSIS,L2,1232.859,10.913,-55.153,-114.304
2026-05-25 11:01:09.023445,1779721269.023445,2420,140487.0,,,,,,,,,,,,,,,,0.0000,,,,0.0,0.0,0.0,0.0,0.0,0.0,0.0,0.0,0.0,-385956,-3613945,164419623,105885,74524,-11503,61,ecbdfe00,43.51535625346,-79.6838300201,169.0617,-37.1,SOL_COMPUTED,SINGLE,good,1.3686,1.2595,2.2961,18,17,0.0,0.0,0,0,0,0,0,0,0,0,0,SPECTRUMANALYSIS,L2,1231.138,1.758,-61.966,-113.74
2026-05-25 11:01:10.020732,1779721270.020732,2420,140488.0,,,,,,,,,,,,,,,,0.0000,,,,0.0,0.0,0.0,0.0,0.0,0.0,0.0,0.0,0.0,-143747,-3563909,164312789,95315,97342,-42892,61,ecbdfe00,43.51535615624,-79.68383002579,169.0555,-37.1,SOL_COMPUTED,SINGLE,good,1.3665,1.2563,2.2911,18,17,0.0,0.0,0,0,0,0,0,0,0,0,0,SPECTRUMANALYSIS,L2,1231.138,1.758,-61.966,-113.74
2026-05-25 11:01:11.022646,1779721271.022646,2420,140489.0,,,,,,,,,,,,,,,,0.0000,,,,0.0,0.0,0.0,0.0,0.0,0.0,0.0,0.0,0.0,-169111,-3657251,164243887,33978,96982,-40186,61,ecbdfe00,43.51535595546,-79.68383006343,169.0793,-37.1,SOL_COMPUTED,SINGLE,good,1.3664,1.2576,2.2931,18,17,0.0,0.0,0,0,0,0,0,0,0,0,0,SPECTRUMANALYSIS,L2,1231.138,1.758,-61.966,-113.74
2026-05-25 11:01:12.021293,1779721272.021293,2420,140490.0,,,,,,,,,,,,,,,,0.0000,,,,0.0,0.0,0.0,0.0,0.0,0.0,0.0,0.0,0.0,-696629,-3289305,164416348,29383,45691,-39143,61,ecbdfe00,43.51535580009,-79.68383000033,169.0912,-37.1,SOL_COMPUTED,SINGLE,good,1.3669,1.2566,2.2926,18,17,0.0,0.0,0,0,0,0,0,0,0,0,0,SPECTRUMANALYSIS,L2,1231.138,1.611,-61.128,-114.518
2026-05-25 11:01:13.020111,1779721273.020111,2420,140491.0,,,,,,,,,,,,,,,,0.0000,,,,0.0,0.0,0.0,0.0,0.0,0.0,0.0,0.0,0.0,-450524,-3113028,164361810,102735,-12935,24898,61,ecbcfe00,43.51535579041,-79.683830087,169.0831,-37.1,SOL_COMPUTED,SINGLE,good,1.3708,1.2602,2.3003,18,17,0.0,0.0,0,0,0,0,0,0,0,0,0,SPECTRUMANALYSIS,L2,1231.138,1.611,-61.128,-114.518
2026-05-25 11:01:14.020746,1779721274.020746,2420,140492.0,,,,,,,,,,,,,,,,0.0000,,,,0.0,0.0,0.0,0.0,0.0,0.0,0.0,0.0,0.0,-241484,-3637488,164341702,122317,-41772,-75639,61,ecbcfe00,43.51535562729,-79.68382994993,169.1148,-37.1,SOL_COMPUTED,SINGLE,good,1.3733,1.2602,2.3017,18,17,0.0,0.0,0,0,0,0,0,0,0,0,0,SPECTRUMANALYSIS,L2,1231.138,1.611,-61.128,-114.518
2026-05-25 11:01:15.022914,1779721275.022914,2420,140493.0,,,,,,,,,,,,,,,,0.0000,,,,0.0,0.0,0.0,0.0,0.0,0.0,0.0,0.0,0.0,-257303,-3800166,164347988,75970,119628,-27565,61,ecbcfe00,43.51535483829,-79.68382966646,169.1921,-37.1,SOL_COMPUTED,SINGLE,good,1.3684,1.2576,2.299,18,17,0.0,0.0,0,0,0,0,0,0,0,0,0,SPECTRUMANALYSIS,L2,1231.174,21.899,-51.893,-114.392
2026-05-25 11:01:16.023859,1779721276.023859,2420,140494.0,,,,,,,,,,,,,,,,0.0000,,,,0.0,0.0,0.0,0.0,0.0,0.0,0.0,0.0,0.0,-330423,-3842923,164398867,78749,1348,-51256,61,ecbcfe00,43.5153546535,-79.68382972398,169.1953,-37.1,SOL_COMPUTED,SINGLE,good,1.3723,1.2573,2.2978,18,17,0.0,0.0,0,0,0,0,0,0,0,0,0,SPECTRUMANALYSIS,L2,1231.174,21.899,-51.893,-114.392
2026-05-25 11:01:17.032017,1779721277.032017,2420,140495.0,,,,,,,,,,,,,,,,0.0000,,,,0.0,0.0,0.0,0.0,0.0,0.0,0.0,0.0,0.0,-288251,-3679018,164333854,38872,66745,-33179,61,ecbcfe00,43.51535404538,-79.68382972867,169.2581,-37.1,SOL_COMPUTED,SINGLE,good,1.3712,1.2595,2.3018,18,17,0.0,0.0,0,0,0,0,0,0,0,0,0,SPECTRUMANALYSIS,L2,1231.174,21.899,-51.893,-114.392
2026-05-25 11:01:18.027345,1779721278.027345,2420,140496.0,,,,,,,,,,,,,,,,0.0000,,,,0.0,0.0,0.0,0.0,0.0,0.0,0.0,0.0,0.0,-269080,-3554663,164358779,43384,10261,-47611,61,ecbcfe00,43.51535342829,-79.68382980764,169.2988,-37.1,SOL_COMPUTED,SINGLE,good,1.3688,1.2581,2.2985,18,17,0.0,0.0,0,0,0,0,0,0,0,0,0,SPECTRUMANALYSIS,L2,1231.174,21.899,-51.893,-114.392
2026-05-25 11:01:19.021313,1779721279.021313,2420,140497.0,,,,,,,,,,,,,,,,0.0000,,,,0.0,0.0,0.0,0.0,0.0,0.0,0.0,0.0,0.0,62416,-3493078,164230964,86237,161229,-16252,61,ecbcfe00,43.51535284375,-79.68383006923,169.3531,-37.1,SOL_COMPUTED,SINGLE,good,1.3648,1.2572,2.2956,18,17,0.0,0.0,0,0,0,0,0,0,0,0,0,SPECTRUMANALYSIS,L2,1230.808,4.028,-59.964,-115.123
2026-05-25 11:01:20.023440,1779721280.023440,2420,140498.0,,,,,,,,,,,,,,,,0.0000,,,,0.0,0.0,0.0,0.0,0.0,0.0,0.0,0.0,0.0,-329399,-3882151,164372246,38942,99584,-20569,61,ecbcfe00,43.51535307084,-79.68382980925,169.3065,-37.1,SOL_COMPUTED,SINGLE,good,1.3735,1.2586,2.3046,18,17,0.0,0.0,0,0,0,0,0,0,0,0,0,SPECTRUMANALYSIS,L2,1230.808,4.028,-59.964,-115.123
2026-05-25 11:01:21.020904,1779721281.020904,2420,140499.0,,,,,,,,,,,,,,,,0.0000,,,,0.0,0.0,0.0,0.0,0.0,0.0,0.0,0.0,0.0,-137090,-3595632,164286898,190322,-95296,-13640,61,ecbcfe00,43.51535219574,-79.68383018262,169.4179,-37.1,SOL_COMPUTED,SINGLE,good,1.3649,1.2533,2.2919,18,17,0.0,0.0,0,0,0,0,0,0,0,0,0,SPECTRUMANALYSIS,L2,1230.808,4.028,-59.964,-115.123
2026-05-25 11:01:22.022823,1779721282.022823,2420,140500.0,,,,,,,,,,,,,,,,0.0000,,,,0.0,0.0,0.0,0.0,0.0,0.0,0.0,0.0,0.0,-111626,-3835650,164412008,211704,-90100,-38555,61,ecbbfe00,43.51535235327,-79.68382987935,169.3727,-37.1,SOL_COMPUTED,SINGLE,good,1.3889,1.2688,2.327,18,17,0.0,0.0,0,0,0,0,0,0,0,0,0,SPECTRUMANALYSIS,L2,1223.997,10.62,-57.305,-123.603
2026-05-25 11:01:23.021953,1779721283.021953,2420,140501.0,,,,,,,,,,,,,,,,0.0000,,,,0.0,0.0,0.0,0.0,0.0,0.0,0.0,0.0,0.0,-366676,-3584744,164382263,97850,-42486,-57775,61,ecbbfe00,43.51535137745,-79.68383023455,169.4874,-37.1,SOL_COMPUTED,SINGLE,good,1.3767,1.259,2.3074,18,17,0.0,0.0,0,0,0,0,0,0,0,0,0,SPECTRUMANALYSIS,L2,1223.997,10.62,-57.305,-123.603
2026-05-25 11:01:24.022529,1779721284.022529,2420,140502.0,,,,,,,,,,,,,,,,0.0000,,,,0.0,0.0,0.0,0.0,0.0,0.0,0.0,0.0,0.0,-323252,-3551443,164391613,97079,-24352,9223,61,ecbbfe00,43.51535069918,-79.68383014617,169.5778,-37.1,SOL_COMPUTED,SINGLE,good,1.3899,1.2694,2.3267,18,17,0.0,0.0,0,0,0,0,0,0,0,0,0,SPECTRUMANALYSIS,L2,1223.997,10.62,-57.305,-123.603
2026-05-25 11:01:25.028664,1779721285.028664,2420,140503.0,,,,,,,,,,,,,,,,0.0000,,,,0.0,0.0,0.0,0.0,0.0,0.0,0.0,0.0,0.0,-558098,-3620430,164454055,57943,82208,-21467,61,ecbbfe00,43.51535016302,-79.68383035704,169.65,-37.1,SOL_COMPUTED,SINGLE,good,1.3854,1.2628,2.3179,18,17,0.0,0.0,0,0,0,0,0,0,0,0,0,SPECTRUMANALYSIS,L2,1229.38,20.654,-52.397,-113.94
2026-05-25 11:01:26.020753,1779721286.020753,2420,140504.0,,,,,,,,,,,,,,,,0.0000,,,,0.0,0.0,0.0,0.0,0.0,0.0,0.0,0.0,0.0,-676797,-3976144,164553912,46660,31584,-34429,61,ecbbfe00,43.51534900123,-79.68383118854,169.8122,-37.1,SOL_COMPUTED,SINGLE,good,1.375,1.2575,2.304,18,17,0.0,0.0,0,0,0,0,0,0,0,0,0,SPECTRUMANALYSIS,L2,1229.38,20.654,-52.397,-113.94
2026-05-25 11:01:27.020710,1779721287.020710,2420,140505.0,,,,,,,,,,,,,,,,0.0000,,,,0.0,0.0,0.0,0.0,0.0,0.0,0.0,0.0,0.0,4970,-3858769,164248601,-11012,-7759,-35137,61,ecbbfe00,43.51534744762,-79.68383191346,170.0411,-37.1,SOL_COMPUTED,SINGLE,good,1.3658,1.2531,2.2935,18,17,0.0,0.0,0,0,0,0,0,0,0,0,0,SPECTRUMANALYSIS,L2,1229.38,20.654,-52.397,-113.94
2026-05-25 11:01:28.023495,1779721288.023495,2420,140506.0,,,,,,,,,,,,,,,,0.0000,,,,0.0,0.0,0.0,0.0,0.0,0.0,0.0,0.0,0.0,-414303,-3972120,164351483,63849,44175,-15362,61,ecbbfe00,43.51534686135,-79.68383207373,170.1387,-37.1,SOL_COMPUTED,SINGLE,good,1.374,1.2571,2.3026,18,17,0.0,0.0,0,0,0,0,0,0,0,0,0,SPECTRUMANALYSIS,L2,1238.169,2.637,-59.525,-115.194
2026-05-25 11:01:29.023179,1779721289.023179,2420,140507.0,,,,,,,,,,,,,,,,0.0000,,,,0.0,0.0,0.0,0.0,0.0,0.0,0.0,0.0,0.0,-265747,-3574260,164259063,27081,82128,-41773,61,ecbbfe00,43.51534557661,-79.68383258875,170.3261,-37.1,SOL_COMPUTED,SINGLE,good,1.3744,1.2597,2.3073,18,17,0.0,0.0,0,0,0,0,0,0,0,0,0,SPECTRUMANALYSIS,L2,1238.169,2.637,-59.525,-115.194
2026-05-25 11:01:30.020938,1779721290.020938,2420,140508.0,,,,,,,,,,,,,,,,0.0000,,,,0.0,0.0,0.0,0.0,0.0,0.0,0.0,0.0,0.0,-215386,-3515738,164242883,104045,-45039,-13165,61,ecbafe00,43.51534456142,-79.68383325336,170.482,-37.1,SOL_COMPUTED,SINGLE,good,1.3681,1.2545,2.2965,18,17,0.0,0.0,0,0,0,0,0,0,0,0,0,SPECTRUMANALYSIS,L2,1238.169,2.637,-59.525,-115.194
2026-05-25 11:01:31.020125,1779721291.020125,2420,140509.0,,,,,,,,,,,,,,,,0.0000,,,,0.0,0.0,0.0,0.0,0.0,0.0,0.0,0.0,0.0,-326492,-3806014,164445735,73658,93019,-27383,61,ecbbfe00,43.51534369251,-79.68383364236,170.6106,-37.1,SOL_COMPUTED,SINGLE,good,1.3705,1.2563,2.3004,18,17,0.0,0.0,0,0,0,0,0,0,0,0,0,SPECTRUMANALYSIS,L2,1237.766,2.124,-57.539,-109.31
2026-05-25 11:01:32.020612,1779721292.020612,2420,140510.0,,,,,,,,,,,,,,,,0.0000,,,,0.0,0.0,0.0,0.0,0.0,0.0,0.0,0.0,0.0,-351314,-4151334,164394132,122341,-27931,-24572,61,ecbafe00,43.51534249383,-79.68383431432,170.7713,-37.1,SOL_COMPUTED,SINGLE,good,1.3689,1.2553,2.2979,18,17,0.0,0.0,0,0,0,0,0,0,0,0,0,SPECTRUMANALYSIS,L2,1237.766,2.124,-57.539,-109.31
2026-05-25 11:01:33.021017,1779721293.021017,2420,140511.0,,,,,,,,,,,,,,,,0.0000,,,,0.0,0.0,0.0,0.0,0.0,0.0,0.0,0.0,0.0,-396383,-3694849,164375696,59228,35089,-21344,61,ecbafe00,43.51534174112,-79.6838346439,170.8395,-37.1,SOL_COMPUTED,SINGLE,good,1.3757,1.2592,2.3069,18,17,0.0,0.0,0,0,0,0,0,0,0,0,0,SPECTRUMANALYSIS,L2,1237.766,2.124,-57.539,-109.31
2026-05-25 11:01:34.020582,1779721294.020582,2420,140512.0,,,,,,,,,,,,,,,,0.0000,,,,0.0,0.0,0.0,0.0,0.0,0.0,0.0,0.0,0.0,-339005,-3978579,164323531,69168,45682,-44498,61,ecbafe00,43.51534108745,-79.68383494331,170.9011,-37.1,SOL_COMPUTED,SINGLE,good,1.3859,1.2644,2.3194,18,17,0.0,0.0,0,0,0,0,0,0,0,0,0,SPECTRUMANALYSIS,L2,1237.217,3.809,-56.761,-110.875
2026-05-25 11:01:35.021020,1779721295.021020,2420,140513.0,,,,,,,,,,,,,,,,0.0000,,,,0.0,0.0,0.0,0.0,0.0,0.0,0.0,0.0,0.0,-448326,-3722730,164459045,44820,60519,-5522,61,ecbafe00,43.51533997994,-79.68383572901,171.0389,-37.1,SOL_COMPUTED,SINGLE,good,1.3788,1.2614,2.3124,18,17,0.0,0.0,0,0,0,0,0,0,0,0,0,SPECTRUMANALYSIS,L2,1237.217,3.809,-56.761,-110.875
2026-05-25 11:01:36.020401,1779721296.020401,2420,140514.0,,,,,,,,,,,,,,,,0.0000,,,,0.0,0.0,0.0,0.0,0.0,0.0,0.0,0.0,0.0,-411986,-3666102,164359305,55191,19092,-53778,61,ecbafe00,43.51533955195,-79.68383624097,171.0741,-37.1,SOL_COMPUTED,SINGLE,good,1.3821,1.2629,2.3154,18,17,0.0,0.0,0,0,0,0,0,0,0,0,0,SPECTRUMANALYSIS,L2,1237.217,3.809,-56.761,-110.875
2026-05-25 11:01:37.022589,1779721297.022589,2420,140515.0,,,,,,,,,,,,,,,,0.0000,,,,0.0,0.0,0.0,0.0,0.0,0.0,0.0,0.0,0.0,-340763,-3682989,164359651,44769,77124,-35601,61,ecbafe00,43.51533764662,-79.68383746579,171.313,-37.1,SOL_COMPUTED,SINGLE,good,1.3676,1.255,2.2976,18,17,0.0,0.0,0,0,0,0,0,0,0,0,0,SPECTRUMANALYSIS,L2,1237.766,2.271,-56.94,-108.518
2026-05-25 11:01:38.022840,1779721298.022840,2420,140516.0,,,,,,,,,,,,,,,,0.0000,,,,0.0,0.0,0.0,0.0,0.0,0.0,0.0,0.0,0.0,-371611,-3682178,164435684,46225,72203,-46966,61,ecbafe00,43.51533699852,-79.6838378529,171.3772,-37.1,SOL_COMPUTED,SINGLE,good,1.3731,1.259,2.3062,18,17,0.0,0.0,0,0,0,0,0,0,0,0,0,SPECTRUMANALYSIS,L2,1237.766,2.271,-56.94,-108.518
2026-05-25 11:01:39.022141,1779721299.022141,2420,140517.0,,,,,,,,,,,,,,,,0.0000,,,,0.0,0.0,0.0,0.0,0.0,0.0,0.0,0.0,0.0,-515470,-3624292,164421520,-43360,311153,2846,61,ecbafe00,43.51533578782,-79.68383883041,171.5056,-37.1,SOL_COMPUTED,SINGLE,good,1.3657,1.254,2.2949,18,17,0.0,0.0,0,0,0,0,0,0,0,0,0,SPECTRUMANALYSIS,L2,1237.766,2.271,-56.94,-108.518
2026-05-25 11:01:40.023078,1779721300.023078,2420,140518.0,,,,,,,,,,,,,,,,0.0000,,,,0.0,0.0,0.0,0.0,0.0,0.0,0.0,0.0,0.0,-344924,-3758559,164347260,95005,-23537,-69361,61,ecb9fe00,43.51533543572,-79.6838391513,171.509,-37.1,SOL_COMPUTED,SINGLE,good,1.3746,1.258,2.3049,18,17,0.0,0.0,0,0,0,0,0,0,0,0,0,SPECTRUMANALYSIS,L2,1237.729,1.904,-57.34,-109.494
2026-05-25 11:01:41.020257,1779721301.020257,2420,140519.0,,,,,,,,,,,,,,,,0.0000,,,,0.0,0.0,0.0,0.0,0.0,0.0,0.0,0.0,0.0,-304818,-3558103,164257037,25061,166295,-47626,61,ecb9fe00,43.5153345921,-79.68383990741,171.5885,-37.1,SOL_COMPUTED,SINGLE,good,1.3762,1.2588,2.3068,18,17,0.0,0.0,0,0,0,0,0,0,0,0,0,SPECTRUMANALYSIS,L2,1237.729,1.904,-57.34,-109.494
2026-05-25 11:01:42.022464,1779721302.022464,2420,140520.0,,,,,,,,,,,,,,,,0.0000,,,,0.0,0.0,0.0,0.0,0.0,0.0,0.0,0.0,0.0,-418989,-3604060,164468875,-80699,136388,-31551,61,ecb9fe00,43.51533329401,-79.68384074299,171.7401,-37.1,SOL_COMPUTED,SINGLE,good,1.3671,1.2553,2.2984,18,17,0.0,0.0,0,0,0,0,0,0,0,0,0,SPECTRUMANALYSIS,L2,1237.729,1.904,-57.34,-109.494
2026-05-25 11:01:43.020957,1779721303.020957,2420,140521.0,,,,,,,,,,,,,,,,0.0000,,,,0.0,0.0,0.0,0.0,0.0,0.0,0.0,0.0,0.0,-303431,-3570777,164277288,65299,33732,-21336,61,ecbafe00,43.51533248205,-79.68384152745,171.7958,-37.1,SOL_COMPUTED,SINGLE,good,1.3655,1.2533,2.2941,18,17,0.0,0.0,0,0,0,0,0,0,0,0,0,SPECTRUMANALYSIS,L2,1227.146,27.319,-51.34,-113.801
2026-05-25 11:01:44.021659,1779721304.021659,2420,140522.0,,,,,,,,,,,,,,,,0.0000,,,,0.0,0.0,0.0,0.0,0.0,0.0,0.0,0.0,0.0,-208911,-3501642,164274672,60047,-29494,-40210,61,ecbafe00,43.51533167212,-79.68384225148,171.8404,-37.1,SOL_COMPUTED,SINGLE,good,1.3705,1.2572,2.3015,18,17,0.0,0.0,0,0,0,0,0,0,0,0,0,SPECTRUMANALYSIS,L2,1227.146,27.319,-51.34,-113.801
2026-05-25 11:01:45.023183,1779721305.023183,2420,140523.0,,,,,,,,,,,,,,,,0.0000,,,,0.0,0.0,0.0,0.0,0.0,0.0,0.0,0.0,0.0,-277994,-3626287,164356423,66389,98577,-40215,61,ecb9fe00,43.51527152349,-79.68377693672,184.0153,-37.1,SOL_COMPUTED,SINGLE,good,1.4137,1.3288,2.3447,18,17,0.0,0.0,0,0,0,0,0,0,0,0,0,SPECTRUMANALYSIS,L2,1227.146,27.319,-51.34,-113.801
2026-05-25 11:01:46.026816,1779721306.026816,2420,140524.0,,,,,,,,,,,,,,,,0.0000,,,,0.0,0.0,0.0,0.0,0.0,0.0,0.0,0.0,0.0,-229785,-3675002,164364593,107941,92706,-19640,61,ecb9fe00,43.51527109521,-79.68377810139,183.9886,-37.1,SOL_COMPUTED,SINGLE,good,1.4263,1.3383,2.3636,18,17,0.0,0.0,0,0,0,0,0,0,0,0,0,SPECTRUMANALYSIS,L2,1227.146,27.319,-51.34,-113.801
2026-05-25 11:01:47.022140,1779721307.022140,2420,140525.0,,,,,,,,,,,,,,,,0.0000,,,,0.0,0.0,0.0,0.0,0.0,0.0,0.0,0.0,0.0,-268904,-4096508,164375270,80983,8787,-49063,61,ecb9fe00,43.51527040647,-79.68377893955,184.0424,-37.1,SOL_COMPUTED,SINGLE,good,1.4257,1.3424,2.3685,18,17,0.0,0.0,0,0,0,0,0,0,0,0,0,SPECTRUMANALYSIS,L2,1227.146,27.319,-51.34,-113.801
2026-05-25 11:01:48.022309,1779721308.022309,2420,140526.0,,,,,,,,,,,,,,,,0.0000,,,,0.0,0.0,0.0,0.0,0.0,0.0,0.0,0.0,0.0,-22179,-3728332,164212423,62556,272,-38398,61,ecb9fe00,43.51527034412,-79.68377909556,183.9651,-37.1,SOL_COMPUTED,SINGLE,good,1.4215,1.3315,2.3535,18,17,0.0,0.0,0,0,0,0,0,0,0,0,0,SPECTRUMANALYSIS,L2,1227.146,27.319,-51.34,-113.801
2026-05-25 11:01:49.021089,1779721309.021089,2420,140527.0,,,,,,,,,,,,,,,,0.0000,,,,0.0,0.0,0.0,0.0,0.0,0.0,0.0,0.0,0.0,-431210,-3570234,164368846,66125,114729,-17265,61,ecb9fe00,43.51526970867,-79.68378016952,183.9619,-37.1,SOL_COMPUTED,SINGLE,good,1.4158,1.3307,2.3485,18,17,0.0,0.0,0,0,0,0,0,0,0,0,0,SPECTRUMANALYSIS,L2,1226.67,3.662,-62.334,-125.05
2026-05-25 11:01:50.021500,1779721310.021500,2420,140528.0,,,,,,,,,,,,,,,,0.0000,,,,0.0,0.0,0.0,0.0,0.0,0.0,0.0,0.0,0.0,-673848,-3485748,164446140,46219,-10534,-40954,61,ecb9fe00,43.51526927589,-79.68378117655,183.9497,-37.1,SOL_COMPUTED,SINGLE,good,1.412,1.3288,2.3441,18,17,0.0,0.0,0,0,0,0,0,0,0,0,0,SPECTRUMANALYSIS,L2,1226.67,3.662,-62.334,-125.05
2026-05-25 11:01:51.021090,1779721311.021090,2420,140529.0,,,,,,,,,,,,,,,,0.0000,,,,0.0,0.0,0.0,0.0,0.0,0.0,0.0,0.0,0.0,-642198,-3567015,164443565,51933,-62400,29626,61,ecb8fe00,43.51526890259,-79.68378210774,183.9482,-37.1,SOL_COMPUTED,SINGLE,good,1.4135,1.3325,2.3503,18,17,0.0,0.0,0,0,0,0,0,0,0,0,0,SPECTRUMANALYSIS,L2,1226.67,3.662,-62.334,-125.05
2026-05-25 11:01:52.021709,1779721312.021709,2420,140530.0,,,,,,,,,,,,,,,,0.0000,,,,0.0,0.0,0.0,0.0,0.0,0.0,0.0,0.0,0.0,-120262,-3057000,164200174,76882,12647,-44501,61,ecb8fe00,43.51526858753,-79.68378303381,183.9326,-37.1,SOL_COMPUTED,SINGLE,good,1.4111,1.33,2.3454,18,17,0.0,0.0,0,0,0,0,0,0,0,0,0,SPECTRUMANALYSIS,L2,1218.687,11.426,-57.07,-123.055
2026-05-25 11:01:53.022563,1779721313.022563,2420,140531.0,,,,,,,,,,,,,,,,0.0000,,,,0.0,0.0,0.0,0.0,0.0,0.0,0.0,0.0,0.0,-423914,-3708977,164367542,9288,122304,16372,61,ecb8fe00,43.51526824311,-79.68378407556,183.9045,-37.1,SOL_COMPUTED,SINGLE,good,1.4106,1.3276,2.3421,18,17,0.0,0.0,0,0,0,0,0,0,0,0,0,SPECTRUMANALYSIS,L2,1218.687,11.426,-57.07,-123.055
2026-05-25 11:01:54.024884,1779721314.024884,2420,140532.0,,,,,,,,,,,,,,,,0.0000,,,,0.0,0.0,0.0,0.0,0.0,0.0,0.0,0.0,0.0,-342948,-3820106,164388443,105377,-12420,-34957,61,ecb8fe00,43.51526801517,-79.68378510299,183.861,-37.1,SOL_COMPUTED,SINGLE,good,1.416,1.3324,2.3521,18,17,0.0,0.0,0,0,0,0,0,0,0,0,0,SPECTRUMANALYSIS,L2,1218.687,11.426,-57.07,-123.055
2026-05-25 11:01:55.019898,1779721315.019898,2420,140533.0,,,,,,,,,,,,,,,,0.0000,,,,0.0,0.0,0.0,0.0,0.0,0.0,0.0,0.0,0.0,-435697,-3670621,164434031,64542,78892,-26047,61,ecb9fe00,43.515267897,-79.68378598145,183.8038,-37.1,SOL_COMPUTED,SINGLE,good,1.4121,1.3292,2.345,18,17,0.0,0.0,0,0,0,0,0,0,0,0,0,SPECTRUMANALYSIS,L2,1237.07,2.344,-61.618,-119.575
2026-05-25 11:01:56.021307,1779721316.021307,2420,140534.0,,,,,,,,,,,,,,,,0.0000,,,,0.0,0.0,0.0,0.0,0.0,0.0,0.0,0.0,0.0,-272229,-3772506,164306034,70299,-6695,-73986,61,ecb8fe00,43.51526778863,-79.6837869002,183.7465,-37.1,SOL_COMPUTED,SINGLE,good,1.4099,1.3274,2.3421,18,17,0.0,0.0,0,0,0,0,0,0,0,0,0,SPECTRUMANALYSIS,L2,1237.07,2.344,-61.618,-119.575
2026-05-25 11:01:57.020612,1779721317.020612,2420,140535.0,,,,,,,,,,,,,,,,0.0000,,,,0.0,0.0,0.0,0.0,0.0,0.0,0.0,0.0,0.0,-472389,-3710696,164361782,70819,37330,-29172,61,ecb8fe00,43.51526772719,-79.68378806487,183.6777,-37.1,SOL_COMPUTED,SINGLE,good,1.4219,1.3379,2.3648,18,17,0.0,0.0,0,0,0,0,0,0,0,0,0,SPECTRUMANALYSIS,L2,1237.07,2.344,-61.618,-119.575
2026-05-25 11:01:58.021520,1779721318.021520,2420,140536.0,,,,,,,,,,,,,,,,0.0000,,,,0.0,0.0,0.0,0.0,0.0,0.0,0.0,0.0,0.0,-328403,-3671141,164296504,93302,63240,-60283,61,ecb8fe00,43.51526772194,-79.68378889649,183.607,-37.1,SOL_COMPUTED,SINGLE,good,1.4117,1.3296,2.3463,18,17,0.0,0.0,0,0,0,0,0,0,0,0,0,SPECTRUMANALYSIS,L2,1229.709,4.028,-60.036,-115.412
2026-05-25 11:01:59.020864,1779721319.020864,2420,140537.0,,,,,,,,,,,,,,,,0.0000,,,,0.0,0.0,0.0,0.0,0.0,0.0,0.0,0.0,0.0,-419259,-3612529,164414269,18747,66382,-22536,61,ecb8fe00,43.51526768187,-79.68378964586,183.5148,-37.1,SOL_COMPUTED,SINGLE,good,1.4104,1.3328,2.3497,18,17,0.0,0.0,0,0,0,0,0,0,0,0,0,SPECTRUMANALYSIS,L2,1229.709,4.028,-60.036,-115.412
2026-05-25 11:02:00.021014,1779721320.021014,2420,140538.0,,,,,,,,,,,,,,,,0.0000,,,,0.0,0.0,0.0,0.0,0.0,0.0,0.0,0.0,0.0,-352965,-3621859,164378351,43618,80134,-20499,61,ecb8fe00,43.51526763748,-79.68379066079,183.4468,-37.1,SOL_COMPUTED,SINGLE,good,1.4092,1.3312,2.347,18,17,0.0,0.0,0,0,0,0,0,0,0,0,0,SPECTRUMANALYSIS,L2,1229.709,4.028,-60.036,-115.412
2026-05-25 11:02:01.020784,1779721321.020784,2420,140539.0,,,,,,,,,,,,,,,,0.0000,,,,0.0,0.0,0.0,0.0,0.0,0.0,0.0,0.0,0.0,-425475,-3522862,164452280,69468,50761,-6450,61,ecb8fe00,43.51526757464,-79.68379181397,183.3868,-37.1,SOL_COMPUTED,SINGLE,good,1.4098,1.3308,2.3471,18,17,0.0,0.0,0,0,0,0,0,0,0,0,0,SPECTRUMANALYSIS,L2,1231.504,2.637,-60.507,-114.999
2026-05-25 11:02:02.022548,1779721322.022548,2420,140540.0,,,,,,,,,,,,,,,,0.0000,,,,0.0,0.0,0.0,0.0,0.0,0.0,0.0,0.0,0.0,-329361,-3526583,164362380,77689,947,-7393,61,ecb7fe00,43.51526762812,-79.68379291405,183.3235,-37.1,SOL_COMPUTED,SINGLE,good,1.4097,1.3283,2.3438,18,17,0.0,0.0,0,0,0,0,0,0,0,0,0,SPECTRUMANALYSIS,L2,1231.504,2.637,-60.507,-114.999
2026-05-25 11:02:03.020200,1779721323.020200,2420,140541.0,,,,,,,,,,,,,,,,0.0000,,,,0.0,0.0,0.0,0.0,0.0,0.0,0.0,0.0,0.0,-386030,-3637504,164387258,41127,62132,-23950,61,ecb8fe00,43.51526763339,-79.68379375465,183.1955,-37.1,SOL_COMPUTED,SINGLE,good,1.417,1.3372,2.3603,18,17,0.0,0.0,0,0,0,0,0,0,0,0,0,SPECTRUMANALYSIS,L2,1231.504,2.637,-60.507,-114.999
2026-05-25 11:02:04.022968,1779721324.022968,2420,140542.0,,,,,,,,,,,,,,,,0.0000,,,,0.0,0.0,0.0,0.0,0.0,0.0,0.0,0.0,0.0,-329919,-3677431,164349830,74167,2950,-44527,61,ecb7fe00,43.51526772853,-79.68379485501,183.128,-37.1,SOL_COMPUTED,SINGLE,good,1.4093,1.3286,2.344,18,17,0.0,0.0,0,0,0,0,0,0,0,0,0,SPECTRUMANALYSIS,L2,1221.726,3.003,-64.183,-126.432
2026-05-25 11:02:05.021001,1779721325.021001,2420,140543.0,,,,,,,,,,,,,,,,0.0000,,,,0.0,0.0,0.0,0.0,0.0,0.0,0.0,0.0,0.0,-360884,-3684590,164360244,46901,67141,-4642,61,ecb7fe00,43.5153045976,-79.68384331996,175.9973,-37.1,SOL_COMPUTED,SINGLE,good,1.3044,1.2316,2.1573,18,18,0.0,0.0,0,0,0,0,0,0,0,0,0,SPECTRUMANALYSIS,L2,1221.726,3.003,-64.183,-126.432
2026-05-25 11:02:06.021682,1779721326.021682,2420,140544.0,,,,,,,,,,,,,,,,0.0000,,,,0.0,0.0,0.0,0.0,0.0,0.0,0.0,0.0,0.0,-360538,-3646169,164280691,113768,-28289,-34653,61,ecb7fe00,43.51530450368,-79.68384416445,175.93,-37.1,SOL_COMPUTED,SINGLE,good,1.3068,1.2328,2.1604,18,18,0.0,0.0,0,0,0,0,0,0,0,0,0,SPECTRUMANALYSIS,L2,1221.726,3.003,-64.183,-126.432
2026-05-25 11:02:07.021203,1779721327.021203,2420,140545.0,,,,,,,,,,,,,,,,0.0000,,,,0.0,0.0,0.0,0.0,0.0,0.0,0.0,0.0,0.0,-361782,-3700558,164363723,38796,102105,19523,61,ecb7fe00,43.51530432289,-79.68384499516,175.8631,-37.1,SOL_COMPUTED,SINGLE,good,1.3063,1.2314,2.158,18,18,0.0,0.0,0,0,0,0,0,0,0,0,0,SPECTRUMANALYSIS,L2,1231.284,0.586,-63.384,-115.873
2026-05-25 11:02:08.022578,1779721328.022578,2420,140546.0,,,,,,,,,,,,,,,,0.0000,,,,0.0,0.0,0.0,0.0,0.0,0.0,0.0,0.0,0.0,-444468,-3770013,164423116,59032,52271,5048,61,ecb7fe00,43.51530404046,-79.68384570725,175.7796,-37.1,SOL_COMPUTED,SINGLE,good,1.3068,1.2322,2.1589,18,18,0.0,0.0,0,0,0,0,0,0,0,0,0,SPECTRUMANALYSIS,L2,1231.284,0.586,-63.384,-115.873
2026-05-25 11:02:09.021022,1779721329.021022,2420,140547.0,,,,,,,,,,,,,,,,0.0000,,,,0.0,0.0,0.0,0.0,0.0,0.0,0.0,0.0,0.0,-414305,-3704597,164395288,102533,37143,1733,61,ecb7fe00,43.51530379248,-79.68384648808,175.6989,-37.1,SOL_COMPUTED,SINGLE,good,1.3116,1.2361,2.1654,18,18,0.0,0.0,0,0,0,0,0,0,0,0,0,SPECTRUMANALYSIS,L2,1231.284,0.586,-63.384,-115.873
2026-05-25 11:02:10.023116,1779721330.023116,2420,140548.0,,,,,,,,,,,,,,,,0.0000,,,,0.0,0.0,0.0,0.0,0.0,0.0,0.0,0.0,0.0,-311230,-3701526,164347432,72672,71278,-14661,61,ecb7fe00,43.51530371291,-79.6838473983,175.6213,-37.1,SOL_COMPUTED,SINGLE,good,1.3173,1.2377,2.1688,18,18,0.0,0.0,0,0,0,0,0,0,0,0,0,SPECTRUMANALYSIS,L2,1227.439,15.454,-54.324,-115.626
2026-05-25 11:02:11.020159,1779721331.020159,2420,140549.0,,,,,,,,,,,,,,,,0.0000,,,,0.0,0.0,0.0,0.0,0.0,0.0,0.0,0.0,0.0,-313094,-3644505,164322760,24085,50683,-19160,61,ecb7fe00,43.5153061688,-79.68384284374,175.7537,-37.1,SOL_COMPUTED,SINGLE,good,1.348,1.2933,2.1865,17,17,0.0,0.0,0,0,0,0,0,0,0,0,0,SPECTRUMANALYSIS,L2,1227.439,15.454,-54.324,-115.626
2026-05-25 11:02:12.020742,1779721332.020742,2420,140550.0,,,,,,,,,,,,,,,,0.0000,,,,0.0,0.0,0.0,0.0,0.0,0.0,0.0,0.0,0.0,-286975,-3498713,164385746,39274,78697,-17051,61,ecb7fe00,43.51526325507,-79.68381737549,181.3655,-37.1,SOL_COMPUTED,SINGLE,good,1.4174,1.3322,2.3515,18,17,0.0,0.0,0,0,0,0,0,0,0,0,0,SPECTRUMANALYSIS,L2,1227.439,15.454,-54.324,-115.626
2026-05-25 11:02:13.020963,1779721333.020963,2420,140551.0,,,,,,,,,,,,,,,,0.0000,,,,0.0,0.0,0.0,0.0,0.0,0.0,0.0,0.0,0.0,-183839,-3688413,164341782,52436,108243,-46095,61,ecb7fe00,43.51526683534,-79.68381044633,181.6395,-37.1,SOL_COMPUTED,SINGLE,good,1.4139,1.3301,2.3482,18,17,0.0,0.0,0,0,0,0,0,0,0,0,0,SPECTRUMANALYSIS,L2,1231.211,3.955,-60.231,-113.902
2026-05-25 11:02:14.021732,1779721334.021732,2420,140552.0,,,,,,,,,,,,,,,,0.0000,,,,0.0,0.0,0.0,0.0,0.0,0.0,0.0,0.0,0.0,-398268,-3648124,164440379,75284,104549,-36383,61,ecb7fe00,43.51526831085,-79.68380873621,181.6194,-37.1,SOL_COMPUTED,SINGLE,good,1.4089,1.3279,2.3424,18,17,0.0,0.0,0,0,0,0,0,0,0,0,0,SPECTRUMANALYSIS,L2,1231.211,3.955,-60.231,-113.902
2026-05-25 11:02:15.031817,1779721335.031817,2420,140553.0,,,,,,,,,,,,,,,,0.0000,,,,0.0,0.0,0.0,0.0,0.0,0.0,0.0,0.0,0.0,-424912,-3682679,164423676,64958,50832,-8070,61,ecb6fe00,43.51526862181,-79.68380993733,181.4816,-37.1,SOL_COMPUTED,SINGLE,good,1.411,1.3293,2.3467,18,17,0.0,0.0,0,0,0,0,0,0,0,0,0,SPECTRUMANALYSIS,L2,1231.211,3.955,-60.231,-113.902
2026-05-25 11:02:16.022166,1779721336.022166,2420,140554.0,,,,,,,,,,,,,,,,0.0000,,,,0.0,0.0,0.0,0.0,0.0,0.0,0.0,0.0,0.0,-225667,-3782118,164327551,95908,70037,25528,61,ecb7fe00,43.51526945392,-79.68380957091,181.4161,-37.1,SOL_COMPUTED,SINGLE,good,1.4186,1.3347,2.3603,18,17,0.0,0.0,0,0,0,0,0,0,0,0,0,SPECTRUMANALYSIS,L2,1238.389,3.809,-58.329,-114.994
2026-05-25 11:02:17.021660,1779721337.021660,2420,140555.0,,,,,,,,,,,,,,,,0.0000,,,,0.0,0.0,0.0,0.0,0.0,0.0,0.0,0.0,0.0,-297880,-3679226,164376946,58761,20641,-55287,61,ecb6fe00,43.51527075798,-79.68380881882,181.3695,-37.1,SOL_COMPUTED,SINGLE,good,1.408,1.3276,2.3435,18,17,0.0,0.0,0,0,0,0,0,0,0,0,0,SPECTRUMANALYSIS,L2,1238.389,3.809,-58.329,-114.994
2026-05-25 11:02:18.025998,1779721338.025998,2420,140556.0,,,,,,,,,,,,,,,,0.0000,,,,0.0,0.0,0.0,0.0,0.0,0.0,0.0,0.0,0.0,-446808,-3654486,164386283,90758,-2331,-3178,61,ecb6fe00,43.51527297178,-79.68380536018,181.4725,-37.1,SOL_COMPUTED,SINGLE,good,1.4139,1.3319,2.3532,18,17,0.0,0.0,0,0,0,0,0,0,0,0,0,SPECTRUMANALYSIS,L2,1238.389,3.809,-58.329,-114.994
2026-05-25 11:02:19.023422,1779721339.023422,2420,140557.0,,,,,,,,,,,,,,,,0.0000,,,,0.0,0.0,0.0,0.0,0.0,0.0,0.0,0.0,0.0,-422331,-3664189,164334056,144037,-29614,-31451,61,ecb6fe00,43.51527395027,-79.68380562478,181.3934,-37.1,SOL_COMPUTED,SINGLE,good,1.4117,1.3294,2.3491,18,17,0.0,0.0,0,0,0,0,0,0,0,0,0,SPECTRUMANALYSIS,L2,1219.639,10.107,-58.046,-123.884
2026-05-25 11:02:20.021509,1779721340.021509,2420,140558.0,,,,,,,,,,,,,,,,0.0000,,,,0.0,0.0,0.0,0.0,0.0,0.0,0.0,0.0,0.0,-246405,-3653829,164307616,70619,91959,-6709,61,ecb6fe00,43.51527566155,-79.68380395218,181.3506,-37.1,SOL_COMPUTED,SINGLE,good,1.4114,1.3304,2.3509,18,17,0.0,0.0,0,0,0,0,0,0,0,0,0,SPECTRUMANALYSIS,L2,1219.639,10.107,-58.046,-123.884
2026-05-25 11:02:21.020556,1779721341.020556,2420,140559.0,,,,,,,,,,,,,,,,0.0000,,,,0.0,0.0,0.0,0.0,0.0,0.0,0.0,0.0,0.0,-490134,-3801334,164390738,57664,124483,-13115,61,ecb6fe00,43.51527722579,-79.6838028769,181.3626,-37.1,SOL_COMPUTED,SINGLE,good,1.4141,1.3306,2.354,18,17,0.0,0.0,0,0,0,0,0,0,0,0,0,SPECTRUMANALYSIS,L2,1219.639,10.107,-58.046,-123.884
2026-05-25 11:02:22.020095,1779721342.020095,2420,140560.0,,,,,,,,,,,,,,,,0.0000,,,,0.0,0.0,0.0,0.0,0.0,0.0,0.0,0.0,0.0,-1169757,-3276837,164749578,292264,-670644,2609,61,ecb6fe00,43.51527833265,-79.6838027692,181.2861,-37.1,SOL_COMPUTED,SINGLE,good,1.4118,1.33,2.3507,18,17,0.0,0.0,0,0,0,0,0,0,0,0,0,SPECTRUMANALYSIS,L2,1226.267,4.175,-61.94,-125.98
2026-05-25 11:02:23.027523,1779721343.027523,2420,140561.0,,,,,,,,,,,,,,,,0.0000,,,,0.0,0.0,0.0,0.0,0.0,0.0,0.0,0.0,0.0,90652,-3398116,164169625,42309,-20185,-32323,61,ecb6fe00,43.51527920405,-79.68380348013,181.1265,-37.1,SOL_COMPUTED,SINGLE,good,1.4147,1.3327,2.3575,18,17,0.0,0.0,0,0,0,0,0,0,0,0,0,SPECTRUMANALYSIS,L2,1226.267,4.175,-61.94,-125.98
2026-05-25 11:02:24.021101,1779721344.021101,2420,140562.0,,,,,,,,,,,,,,,,0.0000,,,,0.0,0.0,0.0,0.0,0.0,0.0,0.0,0.0,0.0,-830820,-4025094,164656757,54913,137457,-56205,61,ecb5fe00,43.51528015365,-79.68380414915,180.9443,-37.1,SOL_COMPUTED,SINGLE,good,1.4178,1.3356,2.3639,18,17,0.0,0.0,0,0,0,0,0,0,0,0,0,SPECTRUMANALYSIS,L2,1226.267,4.175,-61.94,-125.98
2026-05-25 11:02:25.025110,1779721345.025110,2420,140563.0,,,,,,,,,,,,,,,,0.0000,,,,0.0,0.0,0.0,0.0,0.0,0.0,0.0,0.0,0.0,-411462,-3855581,164430287,57935,82384,-13157,61,ecb5fe00,43.51528095027,-79.68380573316,180.7367,-37.1,SOL_COMPUTED,SINGLE,good,1.4118,1.3297,2.352,18,17,0.0,0.0,0,0,0,0,0,0,0,0,0,SPECTRUMANALYSIS,L2,1231.064,33.984,-50.577,-117.03
2026-05-25 11:02:26.020336,1779721346.020336,2420,140564.0,,,,,,,,,,,,,,,,0.0000,,,,0.0,0.0,0.0,0.0,0.0,0.0,0.0,0.0,0.0,-439360,-3387743,164317635,90512,-21126,-23831,61,ecb5fe00,43.51528195626,-79.6838065328,180.5639,-37.1,SOL_COMPUTED,SINGLE,good,1.4079,1.327,2.3456,18,17,0.0,0.0,0,0,0,0,0,0,0,0,0,SPECTRUMANALYSIS,L2,1231.064,33.984,-50.577,-117.03
2026-05-25 11:02:27.020967,1779721347.020967,2420,140565.0,,,,,,,,,,,,,,,,0.0000,,,,0.0,0.0,0.0,0.0,0.0,0.0,0.0,0.0,0.0,-316951,-3630226,164316039,68231,122290,-48075,61,ecb5fe00,43.51528278502,-79.68380758227,180.4141,-37.1,SOL_COMPUTED,SINGLE,good,1.4078,1.3275,2.3469,18,17,0.0,0.0,0,0,0,0,0,0,0,0,0,SPECTRUMANALYSIS,L2,1231.064,33.984,-50.577,-117.03
2026-05-25 11:02:28.021281,1779721348.021281,2420,140566.0,,,,,,,,,,,,,,,,0.0000,,,,0.0,0.0,0.0,0.0,0.0,0.0,0.0,0.0,0.0,-486784,-3859389,164458465,60415,30538,-36613,61,ecb5fe00,43.51528347932,-79.68380902551,180.2627,-37.1,SOL_COMPUTED,SINGLE,good,1.4106,1.3294,2.3527,18,17,0.0,0.0,0,0,0,0,0,0,0,0,0,SPECTRUMANALYSIS,L2,1229.087,5.859,-59.31,-115.139
2026-05-25 11:02:29.021447,1779721349.021447,2420,140567.0,,,,,,,,,,,,,,,,0.0000,,,,0.0,0.0,0.0,0.0,0.0,0.0,0.0,0.0,0.0,-296006,-3707778,164319788,49962,40979,-37121,61,ecb5fe00,43.51528426983,-79.68381052463,180.0827,-37.1,SOL_COMPUTED,SINGLE,good,1.407,1.3268,2.3468,18,17,0.0,0.0,0,0,0,0,0,0,0,0,0,SPECTRUMANALYSIS,L2,1229.087,5.859,-59.31,-115.139
2026-05-25 11:02:30.020875,1779721350.020875,2420,140568.0,,,,,,,,,,,,,,,,0.0000,,,,0.0,0.0,0.0,0.0,0.0,0.0,0.0,0.0,0.0,-286418,-3553179,164324287,54011,1606,-14765,61,ecb5fe00,43.51528507389,-79.6838119112,179.9169,-37.1,SOL_COMPUTED,SINGLE,good,1.4052,1.3254,2.3424,18,17,0.0,0.0,0,0,0,0,0,0,0,0,0,SPECTRUMANALYSIS,L2,1229.087,5.859,-59.31,-115.139
2026-05-25 11:02:31.021083,1779721351.021083,2420,140569.0,,,,,,,,,,,,,,,,0.0000,,,,0.0,0.0,0.0,0.0,0.0,0.0,0.0,0.0,0.0,-245998,-3387039,164365952,51317,165305,14677,61,ecb5fe00,43.51528605587,-79.68381286484,179.7697,-37.1,SOL_COMPUTED,SINGLE,good,1.4041,1.3246,2.3407,18,17,0.0,0.0,0,0,0,0,0,0,0,0,0,SPECTRUMANALYSIS,L2,1219.163,10.62,-58.031,-123.558
2026-05-25 11:02:32.024333,1779721352.024333,2420,140570.0,,,,,,,,,,,,,,,,0.0000,,,,0.0,0.0,0.0,0.0,0.0,0.0,0.0,0.0,0.0,-380211,-3665421,164387914,91464,54926,-39543,61,ecb5fe00,43.51531517669,-79.68385073411,174.1955,-37.1,SOL_COMPUTED,SINGLE,good,1.3019,1.2285,2.1611,18,18,0.0,0.0,0,0,0,0,0,0,0,0,0,SPECTRUMANALYSIS,L2,1219.163,10.62,-58.031,-123.558
2026-05-25 11:02:33.021837,1779721353.021837,2420,140571.0,,,,,,,,,,,,,,,,0.0000,,,,0.0,0.0,0.0,0.0,0.0,0.0,0.0,0.0,0.0,-133726,-3649211,164155797,168466,-8244,-26180,61,ecb5fe00,43.51531553075,-79.68385160029,174.0988,-37.1,SOL_COMPUTED,SINGLE,good,1.3029,1.2301,2.1648,18,18,0.0,0.0,0,0,0,0,0,0,0,0,0,SPECTRUMANALYSIS,L2,1219.163,10.62,-58.031,-123.558
2026-05-25 11:02:34.021557,1779721354.021557,2420,140572.0,,,,,,,,,,,,,,,,0.0000,,,,0.0,0.0,0.0,0.0,0.0,0.0,0.0,0.0,0.0,-219318,-3729113,164263757,-9765,134570,-14146,61,ecb4fe00,43.51531595145,-79.6838524821,174.0014,-37.1,SOL_COMPUTED,SINGLE,good,1.3037,1.2309,2.1664,18,18,0.0,0.0,0,0,0,0,0,0,0,0,0,SPECTRUMANALYSIS,L2,1228.794,33.691,-50.771,-116.167
2026-05-25 11:02:35.020429,1779721355.020429,2420,140573.0,,,,,,,,,,,,,,,,0.0000,,,,0.0,0.0,0.0,0.0,0.0,0.0,0.0,0.0,0.0,-318509,-3511688,164403401,73599,111977,-62136,61,ecb4fe00,43.51531641749,-79.68385340816,173.9036,-37.1,SOL_COMPUTED,SINGLE,good,1.3013,1.2285,2.162,18,18,0.0,0.0,0,0,0,0,0,0,0,0,0,SPECTRUMANALYSIS,L2,1228.794,33.691,-50.771,-116.167
2026-05-25 11:02:36.020001,1779721356.020001,2420,140574.0,,,,,,,,,,,,,,,,0.0000,,,,0.0,0.0,0.0,0.0,0.0,0.0,0.0,0.0,0.0,-373358,-3457432,164420815,43698,12914,-20725,61,ecb4fe00,43.51531697355,-79.68385416928,173.7991,-37.1,SOL_COMPUTED,SINGLE,good,1.302,1.2291,2.1633,18,18,0.0,0.0,0,0,0,0,0,0,0,0,0,SPECTRUMANALYSIS,L2,1228.794,33.691,-50.771,-116.167
2026-05-25 11:02:37.020467,1779721357.020467,2420,140575.0,,,,,,,,,,,,,,,,0.0000,,,,0.0,0.0,0.0,0.0,0.0,0.0,0.0,0.0,0.0,-233564,-3568012,164250864,84213,52956,-28659,61,ecb4fe00,43.51531748767,-79.68385490663,173.7014,-37.1,SOL_COMPUTED,SINGLE,good,1.3028,1.2303,2.1675,18,18,0.0,0.0,0,0,0,0,0,0,0,0,0,SPECTRUMANALYSIS,L2,1223.704,8.13,-58.17,-124.3
2026-05-25 11:02:38.021606,1779721358.021606,2420,140576.0,,,,,,,,,,,,,,,,0.0000,,,,0.0,0.0,0.0,0.0,0.0,0.0,0.0,0.0,0.0,-17374,-3685020,164269547,32224,114126,-53605,61,ecb4fe00,43.51531787946,-79.68385558983,173.6045,-37.1,SOL_COMPUTED,SINGLE,good,1.305,1.2336,2.1727,18,18,0.0,0.0,0,0,0,0,0,0,0,0,0,SPECTRUMANALYSIS,L2,1223.704,8.13,-58.17,-124.3
2026-05-25 11:02:39.021375,1779721359.021375,2420,140577.0,,,,,,,,,,,,,,,,0.0000,,,,0.0,0.0,0.0,0.0,0.0,0.0,0.0,0.0,0.0,-279365,-3736552,164329159,22614,73120,15735,61,ecb4fe00,43.51531839395,-79.68385650432,173.5093,-37.1,SOL_COMPUTED,SINGLE,good,1.3045,1.232,2.1684,18,18,0.0,0.0,0,0,0,0,0,0,0,0,0,SPECTRUMANALYSIS,L2,1223.704,8.13,-58.17,-124.3
2026-05-25 11:02:40.022857,1779721360.022857,2420,140578.0,,,,,,,,,,,,,,,,0.0000,,,,0.0,0.0,0.0,0.0,0.0,0.0,0.0,0.0,0.0,-377109,-3688437,164382340,81618,-12947,-40630,61,ecb4fe00,43.51531885203,-79.68385709911,173.4492,-37.1,SOL_COMPUTED,SINGLE,good,1.3066,1.2342,2.1729,18,18,0.0,0.0,0,0,0,0,0,0,0,0,0,SPECTRUMANALYSIS,L2,1223.704,8.13,-58.17,-124.3
2026-05-25 11:02:41.020777,1779721361.020777,2420,140579.0,,,,,,,,,,,,,,,,0.0000,,,,0.0,0.0,0.0,0.0,0.0,0.0,0.0,0.0,0.0,-196919,-3644374,164279575,92691,24605,-49556,61,ecb4fe00,43.51531931646,-79.68385787128,173.3451,-37.1,SOL_COMPUTED,SINGLE,good,1.302,1.2294,2.1636,18,18,0.0,0.0,0,0,0,0,0,0,0,0,0,SPECTRUMANALYSIS,L2,1224.106,20.654,-53.711,-116.365
2026-05-25 11:02:42.022556,1779721362.022556,2420,140580.0,,,,,,,,,,,,,,,,0.0000,,,,0.0,0.0,0.0,0.0,0.0,0.0,0.0,0.0,0.0,-337105,-3557771,164354335,48358,23767,-59810,61,ecb4fe00,43.51531973497,-79.68385837274,173.2514,-37.1,SOL_COMPUTED,SINGLE,good,1.3059,1.2345,2.1741,18,18,0.0,0.0,0,0,0,0,0,0,0,0,0,SPECTRUMANALYSIS,L2,1224.106,20.654,-53.711,-116.365
2026-05-25 11:02:43.021323,1779721363.021323,2420,140581.0,,,,,,,,,,,,,,,,0.0000,,,,0.0,0.0,0.0,0.0,0.0,0.0,0.0,0.0,0.0,-254928,-3718024,164379393,75642,102894,-32710,61,ecb4fe00,43.51532027239,-79.68385937865,173.1737,-37.1,SOL_COMPUTED,SINGLE,good,1.3016,1.2285,2.1614,18,18,0.0,0.0,0,0,0,0,0,0,0,0,0,SPECTRUMANALYSIS,L2,1224.106,20.654,-53.711,-116.365
2026-05-25 11:02:44.029622,1779721364.029622,2420,140582.0,,,,,,,,,,,,,,,,0.0000,,,,0.0,0.0,0.0,0.0,0.0,0.0,0.0,0.0,0.0,-309547,-3667209,164356738,85337,28874,-12091,61,ecb4fe00,43.51532068132,-79.68385991116,173.0717,-37.1,SOL_COMPUTED,SINGLE,good,1.3035,1.2311,2.1663,18,18,0.0,0.0,0,0,0,0,0,0,0,0,0,SPECTRUMANALYSIS,L2,1234.177,8.862,-55.703,-114.323
2026-05-25 11:02:45.021793,1779721365.021793,2420,140583.0,,,,,,,,,,,,,,,,0.0000,,,,0.0,0.0,0.0,0.0,0.0,0.0,0.0,0.0,0.0,-303515,-3659916,164413808,65893,95975,-3571,61,ecb4fe00,43.51532102983,-79.68386047809,172.976,-37.1,SOL_COMPUTED,SINGLE,good,1.3024,1.2307,2.1668,18,18,0.0,0.0,0,0,0,0,0,0,0,0,0,SPECTRUMANALYSIS,L2,1234.177,8.862,-55.703,-114.323
2026-05-25 11:02:46.021561,1779721366.021561,2420,140584.0,,,,,,,,,,,,,,,,0.0000,,,,0.0,0.0,0.0,0.0,0.0,0.0,0.0,0.0,0.0,-338849,-3580856,164261153,71067,32971,-3334,61,ecb3fe00,43.51532142645,-79.68386095685,172.8571,-37.1,SOL_COMPUTED,SINGLE,good,1.3046,1.2336,2.1719,18,18,0.0,0.0,0,0,0,0,0,0,0,0,0,SPECTRUMANALYSIS,L2,1234.177,8.862,-55.703,-114.323
2026-05-25 11:02:47.020024,1779721367.020024,2420,140585.0,,,,,,,,,,,,,,,,0.0000,,,,0.0,0.0,0.0,0.0,0.0,0.0,0.0,0.0,0.0,-351709,-3532309,164388008,59639,61628,1138,61,ecb3fe00,43.51532180286,-79.68386183757,172.7566,-37.1,SOL_COMPUTED,SINGLE,good,1.3009,1.2291,2.1622,18,18,0.0,0.0,0,0,0,0,0,0,0,0,0,SPECTRUMANALYSIS,L2,1234.104,10.62,-55.194,-116.589
2026-05-25 11:02:48.020633,1779721368.020633,2420,140586.0,,,,,,,,,,,,,,,,0.0000,,,,0.0,0.0,0.0,0.0,0.0,0.0,0.0,0.0,0.0,-140888,-3497472,164375706,61415,45983,-33467,61,ecb3fe00,43.51532213949,-79.68386216593,172.6254,-37.1,SOL_COMPUTED,SINGLE,good,1.3015,1.2317,2.1655,18,18,0.0,0.0,0,0,0,0,0,0,0,0,0,SPECTRUMANALYSIS,L2,1234.104,10.62,-55.194,-116.589
2026-05-25 11:02:49.020418,1779721369.020418,2420,140587.0,,,,,,,,,,,,,,,,0.0000,,,,0.0,0.0,0.0,0.0,0.0,0.0,0.0,0.0,0.0,-384697,-3659095,164376923,74838,65081,3743,61,ecb3fe00,43.51532244768,-79.68386260126,172.5436,-37.1,SOL_COMPUTED,SINGLE,good,1.3024,1.2332,2.1685,18,18,0.0,0.0,0,0,0,0,0,0,0,0,0,SPECTRUMANALYSIS,L2,1234.104,10.62,-55.194,-116.589
2026-05-25 11:02:50.022629,1779721370.022629,2420,140588.0,,,,,,,,,,,,,,,,0.0000,,,,0.0,0.0,0.0,0.0,0.0,0.0,0.0,0.0,0.0,-245187,-3662616,164340884,57927,99671,-30514,61,ecb3fe00,43.51532283387,-79.68386344465,172.488,-37.1,SOL_COMPUTED,SINGLE,good,1.3017,1.2307,2.1646,18,18,0.0,0.0,0,0,0,0,0,0,0,0,0,SPECTRUMANALYSIS,L2,1231.65,3.076,-61.155,-115.849
2026-05-25 11:02:51.022833,1779721371.022833,2420,140589.0,,,,,,,,,,,,,,,,0.0000,,,,0.0,0.0,0.0,0.0,0.0,0.0,0.0,0.0,0.0,-307425,-3667511,164362481,4665,-15280,-33810,61,ecb3fe00,43.51532312269,-79.68386382889,172.3899,-37.1,SOL_COMPUTED,SINGLE,good,1.303,1.233,2.1682,18,18,0.0,0.0,0,0,0,0,0,0,0,0,0,SPECTRUMANALYSIS,L2,1231.65,3.076,-61.155,-115.849
2026-05-25 11:02:52.022648,1779721372.022648,2420,140590.0,,,,,,,,,,,,,,,,0.0000,,,,0.0,0.0,0.0,0.0,0.0,0.0,0.0,0.0,0.0,-226123,-3593706,164346922,121009,31276,-15768,61,ecb3fe00,43.51532356292,-79.6838643819,172.3233,-37.1,SOL_COMPUTED,SINGLE,good,1.3035,1.2332,2.1693,18,18,0.0,0.0,0,0,0,0,0,0,0,0,0,SPECTRUMANALYSIS,L2,1231.65,3.076,-61.155,-115.849
2026-05-25 11:02:53.022529,1779721373.022529,2420,140591.0,,,,,,,,,,,,,,,,0.0000,,,,0.0,0.0,0.0,0.0,0.0,0.0,0.0,0.0,0.0,-157133,-3587150,164292490,40924,40450,-23625,61,ecb3fe00,43.51532390111,-79.68386466882,172.226,-37.1,SOL_COMPUTED,SINGLE,good,1.3022,1.2322,2.1669,18,18,0.0,0.0,0,0,0,0,0,0,0,0,0,SPECTRUMANALYSIS,L2,1237.07,3.223,-58.316,-115.293
2026-05-25 11:02:54.028679,1779721374.028679,2420,140592.0,,,,,,,,,,,,,,,,0.0000,,,,0.0,0.0,0.0,0.0,0.0,0.0,0.0,0.0,0.0,-337351,-3733642,164332966,52194,9646,-17715,61,ecb3fe00,43.51532419176,-79.68386418243,172.0577,-37.1,SOL_COMPUTED,SINGLE,good,1.3087,1.2418,2.1825,18,18,0.0,0.0,0,0,0,0,0,0,0,0,0,SPECTRUMANALYSIS,L2,1237.07,3.223,-58.316,-115.293
2026-05-25 11:02:55.034033,1779721375.034033,2420,140593.0,,,,,,,,,,,,,,,,0.0000,,,,0.0,0.0,0.0,0.0,0.0,0.0,0.0,0.0,0.0,-277944,-3746824,164367434,67959,71995,-57939,61,ecb2fe00,43.5153249593,-79.68386340472,171.8326,-37.1,SOL_COMPUTED,SINGLE,good,1.3241,1.2535,2.2056,18,18,0.0,0.0,0,0,0,0,0,0,0,0,0,SPECTRUMANALYSIS,L2,1237.07,3.223,-58.316,-115.293
2026-05-25 11:02:56.026874,1779721376.026874,2420,140594.0,,,,,,,,,,,,,,,,0.0000,,,,0.0,0.0,0.0,0.0,0.0,0.0,0.0,0.0,0.0,-44067,-3788376,164302535,27528,140559,-20417,61,ecb2fe00,43.51532532118,-79.68386488257,171.9379,-37.1,SOL_COMPUTED,SINGLE,good,1.3132,1.2402,2.1826,18,18,0.0,0.0,0,0,0,0,0,0,0,0,0,SPECTRUMANALYSIS,L2,1229.673,7.031,-58.44,-117.937
2026-05-25 11:02:57.020341,1779721377.020341,2420,140595.0,,,,,,,,,,,,,,,,0.0000,,,,0.0,0.0,0.0,0.0,0.0,0.0,0.0,0.0,0.0,1038468,-3699548,164474575,-256420,956584,6741,61,ecb2fe00,43.51532570865,-79.68386514009,171.8648,-37.1,SOL_COMPUTED,SINGLE,good,1.3063,1.2348,2.17,18,18,0.0,0.0,0,0,0,0,0,0,0,0,0,SPECTRUMANALYSIS,L2,1229.673,7.031,-58.44,-117.937
2026-05-25 11:02:58.021392,1779721378.021392,2420,140596.0,,,,,,,,,,,,,,,,0.0000,,,,0.0,0.0,0.0,0.0,0.0,0.0,0.0,0.0,0.0,-691731,-3984086,164576971,101293,-30797,-4292,61,ecb2fe00,43.51532620163,-79.68386489217,171.7911,-37.1,SOL_COMPUTED,SINGLE,good,1.309,1.2369,2.1751,18,18,0.0,0.0,0,0,0,0,0,0,0,0,0,SPECTRUMANALYSIS,L2,1229.673,7.031,-58.44,-117.937
2026-05-25 11:02:59.020693,1779721379.020693,2420,140597.0,,,,,,,,,,,,,,,,0.0000,,,,0.0,0.0,0.0,0.0,0.0,0.0,0.0,0.0,0.0,-392623,-3852388,164205583,-92712,304006,-18783,61,ecb2fe00,43.51532660205,-79.68386456404,171.7155,-37.1,SOL_COMPUTED,SINGLE,good,1.3109,1.2409,2.1815,18,18,0.0,0.0,0,0,0,0,0,0,0,0,0,SPECTRUMANALYSIS,L2,1239.268,1.758,-64.561,-123.611
2026-05-25 11:03:00.020693,1779721380.020693,2420,140598.0,,,,,,,,,,,,,,,,0.0000,,,,0.0,0.0,0.0,0.0,0.0,0.0,0.0,0.0,0.0,-613610,-3552822,164456688,154475,-61780,-18069,61,ecb2fe00,43.51532708355,-79.68386453891,171.6948,-37.1,SOL_COMPUTED,SINGLE,good,1.3102,1.2397,2.1799,18,18,0.0,0.0,0,0,0,0,0,0,0,0,0,SPECTRUMANALYSIS,L2,1239.268,1.758,-64.561,-123.611
2026-05-25 11:03:01.020613,1779721381.020613,2420,140599.0,,,,,,,,,,,,,,,,0.0000,,,,0.0,0.0,0.0,0.0,0.0,0.0,0.0,0.0,0.0,-269164,-3684468,164377771,50884,57577,-20646,61,ecb2fe00,43.51532754543,-79.68386423748,171.6741,-37.1,SOL_COMPUTED,SINGLE,good,1.3102,1.2402,2.1801,18,18,0.0,0.0,0,0,0,0,0,0,0,0,0,SPECTRUMANALYSIS,L2,1239.268,1.758,-64.561,-123.611
2026-05-25 11:03:02.020871,1779721382.020871,2420,140600.0,,,,,,,,,,,,,,,,0.0000,,,,0.0,0.0,0.0,0.0,0.0,0.0,0.0,0.0,0.0,-375101,-3730089,164358708,68004,97324,-26666,61,ecb2fe00,43.51532796941,-79.68386396967,171.6851,-37.1,SOL_COMPUTED,SINGLE,good,1.309,1.2397,2.1789,18,18,0.0,0.0,0,0,0,0,0,0,0,0,0,SPECTRUMANALYSIS,L2,1224.18,3.662,-63.236,-126.729
2026-05-25 11:03:03.021090,1779721383.021090,2420,140601.0,,,,,,,,,,,,,,,,0.0000,,,,0.0,0.0,0.0,0.0,0.0,0.0,0.0,0.0,0.0,-335834,-3739054,164420331,69608,52675,-24039,61,ecb2fe00,43.51532857855,-79.68386394487,171.7364,-37.1,SOL_COMPUTED,SINGLE,good,1.309,1.2372,2.1776,18,18,0.0,0.0,0,0,0,0,0,0,0,0,0,SPECTRUMANALYSIS,L2,1224.18,3.662,-63.236,-126.729
2026-05-25 11:03:04.021199,1779721384.021199,2420,140602.0,,,,,,,,,,,,,,,,0.0000,,,,0.0,0.0,0.0,0.0,0.0,0.0,0.0,0.0,0.0,-452607,-3700877,164338383,53677,-6150,-67112,61,ecb2fe00,43.51532910834,-79.68386272931,171.6318,-37.1,SOL_COMPUTED,SINGLE,good,1.3134,1.2436,2.1867,18,18,0.0,0.0,0,0,0,0,0,0,0,0,0,SPECTRUMANALYSIS,L2,1224.18,3.662,-63.236,-126.729
2026-05-25 11:03:05.020765,1779721385.020765,2420,140603.0,,,,,,,,,,,,,,,,0.0000,,,,0.0,0.0,0.0,0.0,0.0,0.0,0.0,0.0,0.0,-233982,-3409777,164259168,46336,-53409,-25617,61,ecb1fe00,43.5153293874,-79.68386141124,171.5131,-37.1,SOL_COMPUTED,SINGLE,good,1.3121,1.2479,2.1888,18,18,0.0,0.0,0,0,0,0,0,0,0,0,0,SPECTRUMANALYSIS,L2,1234.031,2.271,-63.636,-123.835
2026-05-25 11:03:06.023648,1779721386.023648,2420,140604.0,,,,,,,,,,,,,,,,0.0000,,,,0.0,0.0,0.0,0.0,0.0,0.0,0.0,0.0,0.0,-294187,-3692137,164299764,95768,36209,-34330,61,ecb1fe00,43.51532980601,-79.68386062444,171.4533,-37.1,SOL_COMPUTED,SINGLE,good,1.309,1.2492,2.1891,18,18,0.0,0.0,0,0,0,0,0,0,0,0,0,SPECTRUMANALYSIS,L2,1234.031,2.271,-63.636,-123.835
2026-05-25 11:03:07.021066,1779721387.021066,2420,140605.0,,,,,,,,,,,,,,,,0.0000,,,,0.0,0.0,0.0,0.0,0.0,0.0,0.0,0.0,0.0,-378896,-3697632,164382072,39620,87337,-27683,61,ecb1fe00,43.51533052792,-79.68386059546,171.5025,-37.1,SOL_COMPUTED,SINGLE,good,1.3114,1.2498,2.191,18,18,0.0,0.0,0,0,0,0,0,0,0,0,0,SPECTRUMANALYSIS,L2,1234.031,2.271,-63.636,-123.835
2026-05-25 11:03:08.021115,1779721388.021115,2420,140606.0,,,,,,,,,,,,,,,,0.0000,,,,0.0,0.0,0.0,0.0,0.0,0.0,0.0,0.0,0.0,-298735,-3745873,164347760,55797,42343,-16927,61,ecb1fe00,43.51533066762,-79.68385791714,171.2421,-37.1,SOL_COMPUTED,SINGLE,good,1.3115,1.2579,2.2008,18,18,0.0,0.0,0,0,0,0,0,0,0,0,0,SPECTRUMANALYSIS,L2,1230.698,3.223,-61.618,-116.573
2026-05-25 11:03:09.020207,1779721389.020207,2420,140607.0,,,,,,,,,,,,,,,,0.0000,,,,0.0,0.0,0.0,0.0,0.0,0.0,0.0,0.0,0.0,-288826,-3566550,164309486,86750,32261,-19962,61,ecb1fe00,43.51533102247,-79.68385617605,171.0764,-37.1,SOL_COMPUTED,SINGLE,good,1.3129,1.2643,2.21,18,18,0.0,0.0,0,0,0,0,0,0,0,0,0,SPECTRUMANALYSIS,L2,1230.698,3.223,-61.618,-116.573
2026-05-25 11:03:10.023031,1779721390.023031,2420,140608.0,,,,,,,,,,,,,,,,0.0000,,,,0.0,0.0,0.0,0.0,0.0,0.0,0.0,0.0,0.0,-231232,-3627712,164386942,84500,35860,-10964,61,ecb2fe00,43.51533198789,-79.68385751641,171.2862,-37.1,SOL_COMPUTED,SINGLE,good,1.3131,1.255,2.1998,18,18,0.0,0.0,0,0,0,0,0,0,0,0,0,SPECTRUMANALYSIS,L2,1230.698,3.223,-61.618,-116.573
2026-05-25 11:03:11.020142,1779721391.020142,2420,140609.0,,,,,,,,,,,,,,,,0.0000,,,,0.0,0.0,0.0,0.0,0.0,0.0,0.0,0.0,0.0,-308234,-3609711,164342057,33633,48650,-11734,61,ecb1fe00,43.51533253089,-79.68385714009,171.275,-37.1,SOL_COMPUTED,SINGLE,good,1.3121,1.2548,2.1981,18,18,0.0,0.0,0,0,0,0,0,0,0,0,0,SPECTRUMANALYSIS,L5,1187.869,2.271,-55.282,-108.115
2026-05-25 11:03:12.019855,1779721392.019855,2420,140610.0,,,,,,,,,,,,,,,,0.0000,,,,0.0,0.0,0.0,0.0,0.0,0.0,0.0,0.0,0.0,-320093,-3808806,164371790,73272,75822,-42220,61,ecb1fe00,43.51533066948,-79.68384531382,169.9167,-37.1,SOL_COMPUTED,SINGLE,good,1.3126,1.3051,2.2569,17,17,0.0,0.0,0,0,0,0,0,0,0,0,0,SPECTRUMANALYSIS,L5,1187.942,1.538,-57.281,-114.004
2026-05-25 11:03:13.021352,1779721393.021352,2420,140611.0,,,,,,,,,,,,,,,,0.0000,,,,0.0,0.0,0.0,0.0,0.0,0.0,0.0,0.0,0.0,-363202,-3623062,164392647,74043,59999,-24742,61,ecb1fe00,43.51533124667,-79.68384494846,169.889,-37.1,SOL_COMPUTED,SINGLE,good,1.3179,1.3087,2.2653,17,17,0.0,0.0,0,0,0,0,0,0,0,0,0,SPECTRUMANALYSIS,L5,1187.942,1.538,-57.281,-114.004
2026-05-25 11:03:14.020677,1779721394.020677,2420,140612.0,,,,,,,,,,,,,,,,0.0000,,,,0.0,0.0,0.0,0.0,0.0,0.0,0.0,0.0,0.0,-343445,-3760148,164354476,96567,118375,-3011,61,ecb1fe00,43.51533172788,-79.68384521332,169.8865,-37.1,SOL_COMPUTED,SINGLE,good,1.3139,1.307,2.2576,17,17,0.0,0.0,0,0,0,0,0,0,0,0,0,SPECTRUMANALYSIS,L5,1187.942,1.538,-57.281,-114.004
2026-05-25 11:03:15.020605,1779721395.020605,2420,140613.0,,,,,,,,,,,,,,,,0.0000,,,,0.0,0.0,0.0,0.0,0.0,0.0,0.0,0.0,0.0,-412518,-3684532,164370503,42967,36803,-47791,61,ecb1fe00,43.51533241836,-79.68384525823,169.8629,-37.1,SOL_COMPUTED,SINGLE,good,1.3148,1.3068,2.2572,17,17,0.0,0.0,0,0,0,0,0,0,0,0,0,SPECTRUMANALYSIS,L5,1188.162,1.978,-53.709,-106.717
2026-05-25 11:03:16.023297,1779721396.023297,2420,140614.0,,,,,,,,,,,,,,,,0.0000,,,,0.0,0.0,0.0,0.0,0.0,0.0,0.0,0.0,0.0,-302627,-3627945,164341992,59865,39629,-13055,61,ecb1fe00,43.51533324901,-79.68384553866,169.7923,-37.1,SOL_COMPUTED,SINGLE,good,1.3205,1.3141,2.2673,17,17,0.0,0.0,0,0,0,0,0,0,0,0,0,SPECTRUMANALYSIS,L5,1188.162,1.978,-53.709,-106.717
2026-05-25 11:03:17.020691,1779721397.020691,2420,140615.0,,,,,,,,,,,,,,,,0.0000,,,,0.0,0.0,0.0,0.0,0.0,0.0,0.0,0.0,0.0,-467563,-3733622,164427787,66956,101498,-61725,61,ecb1fe00,43.51533385247,-79.68384547854,169.7448,-37.1,SOL_COMPUTED,SINGLE,good,1.3164,1.3077,2.2605,17,17,0.0,0.0,0,0,0,0,0,0,0,0,0,SPECTRUMANALYSIS,L2,1232.493,14.136,-54.569,-118.06
2026-05-25 11:03:18.020689,1779721398.020689,2420,140616.0,,,,,,,,,,,,,,,,0.0000,,,,0.0,0.0,0.0,0.0,0.0,0.0,0.0,0.0,0.0,-2197727,-3262627,164760708,-230621,-64334,-29691,61,ecb1fe00,43.51533430324,-79.6838455359,169.6875,-37.1,SOL_COMPUTED,SINGLE,good,1.3135,1.3049,2.2547,17,17,0.0,0.0,0,0,0,0,0,0,0,0,0,SPECTRUMANALYSIS,L2,1232.493,14.136,-54.569,-118.06
2026-05-25 11:03:19.020595,1779721399.020595,2420,140617.0,,,,,,,,,,,,,,,,0.0000,,,,0.0,0.0,0.0,0.0,0.0,0.0,0.0,0.0,0.0,-910649,-3442192,164621444,12632,218725,-49880,61,ecb1fe00,43.51533487624,-79.68384564363,169.6072,-37.1,SOL_COMPUTED,SINGLE,good,1.3131,1.3035,2.2544,17,17,0.0,0.0,0,0,0,0,0,0,0,0,0,SPECTRUMANALYSIS,L2,1232.493,14.136,-54.569,-118.06
2026-05-25 11:03:20.020168,1779721400.020168,2420,140618.0,,,,,,,,,,,,,,,,0.0000,,,,0.0,0.0,0.0,0.0,0.0,0.0,0.0,0.0,0.0,-262766,-3653547,164367274,98212,82697,-49934,61,ecb1fe00,43.51533548957,-79.68384586905,169.507,-37.1,SOL_COMPUTED,SINGLE,good,1.3138,1.3029,2.2548,17,17,0.0,0.0,0,0,0,0,0,0,0,0,0,SPECTRUMANALYSIS,L2,1229.6,1.611,-65.705,-125.544
2026-05-25 11:03:21.020335,1779721401.020335,2420,140619.0,,,,,,,,,,,,,,,,0.0000,,,,0.0,0.0,0.0,0.0,0.0,0.0,0.0,0.0,0.0,-549281,-3784030,164444643,71458,68232,-22900,61,ecb1fe00,43.51533621863,-79.68384601478,169.3965,-37.1,SOL_COMPUTED,SINGLE,good,1.3193,1.3057,2.2616,17,17,0.0,0.0,0,0,0,0,0,0,0,0,0,SPECTRUMANALYSIS,L2,1229.6,1.611,-65.705,-125.544
2026-05-25 11:03:22.022363,1779721402.022363,2420,140620.0,,,,,,,,,,,,,,,,0.0000,,,,0.0,0.0,0.0,0.0,0.0,0.0,0.0,0.0,0.0,-193175,-3641963,164268527,68212,27002,-12708,61,ecb0fe00,43.51533652787,-79.68384599631,169.3136,-37.1,SOL_COMPUTED,SINGLE,good,1.3647,1.3162,2.274,16,16,0.0,0.0,0,0,0,0,0,0,0,0,0,SPECTRUMANALYSIS,L2,1229.6,1.611,-65.705,-125.544
2026-05-25 11:03:23.020579,1779721403.020579,2420,140621.0,,,,,,,,,,,,,,,,0.0000,,,,0.0,0.0,0.0,0.0,0.0,0.0,0.0,0.0,0.0,-269308,-3609173,164349612,11313,79869,-19762,61,ecb0fe00,43.51533706195,-79.68384637306,169.2183,-37.1,SOL_COMPUTED,SINGLE,good,1.3573,1.3102,2.2578,16,16,0.0,0.0,0,0,0,0,0,0,0,0,0,SPECTRUMANALYSIS,L2,1230.332,6.592,-58.355,-115.13
2026-05-25 11:03:24.021182,1779721404.021182,2420,140622.0,,,,,,,,,,,,,,,,0.0000,,,,0.0,0.0,0.0,0.0,0.0,0.0,0.0,0.0,0.0,-272459,-3555231,164371767,10362,24169,-19049,61,ecb1fe00,43.51533764185,-79.68384672807,169.1113,-37.1,SOL_COMPUTED,SINGLE,good,1.3578,1.3106,2.2608,16,16,0.0,0.0,0,0,0,0,0,0,0,0,0,SPECTRUMANALYSIS,L2,1230.332,6.592,-58.355,-115.13
2026-05-25 11:03:25.020022,1779721405.020022,2420,140623.0,,,,,,,,,,,,,,,,0.0000,,,,0.0,0.0,0.0,0.0,0.0,0.0,0.0,0.0,0.0,-297150,-3702482,164363105,84468,31210,-17951,61,ecb1fe00,43.51533558002,-79.6838456411,169.0737,-37.1,SOL_COMPUTED,SINGLE,good,1.3154,1.3021,2.2573,17,17,0.0,0.0,0,0,0,0,0,0,0,0,0,SPECTRUMANALYSIS,L2,1230.332,6.592,-58.355,-115.13
2026-05-25 11:03:26.022847,1779721406.022847,2420,140624.0,,,,,,,,,,,,,,,,0.0000,,,,0.0,0.0,0.0,0.0,0.0,0.0,0.0,0.0,0.0,-316248,-3546625,164333949,34611,101156,-48622,61,ecb0fe00,43.51534924827,-79.68385346784,168.627,-37.1,SOL_COMPUTED,SINGLE,good,1.3137,1.3024,2.2599,17,17,0.0,0.0,0,0,0,0,0,0,0,0,0,SPECTRUMANALYSIS,L2,1230.369,2.124,-62.638,-115.583
2026-05-25 11:03:27.020411,1779721407.020411,2420,140625.0,,,,,,,,,,,,,,,,0.0000,,,,0.0,0.0,0.0,0.0,0.0,0.0,0.0,0.0,0.0,-398200,-3800171,164344667,40117,34956,-18090,61,ecb0fe00,43.51534952934,-79.68385383098,168.5912,-37.1,SOL_COMPUTED,SINGLE,good,1.3116,1.3015,2.2577,17,17,0.0,0.0,0,0,0,0,0,0,0,0,0,SPECTRUMANALYSIS,L2,1230.369,2.124,-62.638,-115.583
2026-05-25 11:03:28.021735,1779721408.021735,2420,140626.0,,,,,,,,,,,,,,,,0.0000,,,,0.0,0.0,0.0,0.0,0.0,0.0,0.0,0.0,0.0,-234773,-3688831,164407121,53532,32504,-14762,61,ecb0fe00,43.51534843753,-79.68385339102,168.6289,-37.1,SOL_COMPUTED,SINGLE,good,1.3129,1.3016,2.2621,18,18,0.0,0.0,0,0,0,0,0,0,0,0,0,SPECTRUMANALYSIS,L2,1230.369,2.124,-62.638,-115.583
2026-05-25 11:03:29.023995,1779721409.023995,2420,140627.0,,,,,,,,,,,,,,,,0.0000,,,,0.0,0.0,0.0,0.0,0.0,0.0,0.0,0.0,0.0,-196234,-3715678,164300202,111269,-2696,-49196,61,ecb0fe00,43.51535050847,-79.68386799766,170.4694,-37.1,SOL_COMPUTED,SINGLE,good,1.3186,1.2757,2.2415,18,18,0.0,0.0,0,0,0,0,0,0,0,0,0,SPECTRUMANALYSIS,L2,1223.74,4.541,-61.5,-124.553
2026-05-25 11:03:30.021215,1779721410.021215,2420,140628.0,,,,,,,,,,,,,,,,0.0000,,,,0.0,0.0,0.0,0.0,0.0,0.0,0.0,0.0,0.0,-305991,-3700664,164411476,24139,94363,-66989,61,ecb0fe00,43.51535544835,-79.68388105134,171.7077,-37.1,SOL_COMPUTED,SINGLE,good,1.3098,1.2573,2.2116,18,18,0.0,0.0,0,0,0,0,0,0,0,0,0,SPECTRUMANALYSIS,L2,1223.74,4.541,-61.5,-124.553
2026-05-25 11:03:31.020307,1779721411.020307,2420,140629.0,,,,,,,,,,,,,,,,0.0000,,,,0.0,0.0,0.0,0.0,0.0,0.0,0.0,0.0,0.0,-299058,-3761684,164401311,38743,92604,-17180,61,ecb0fe00,43.51535533613,-79.68387884962,171.4368,-37.1,SOL_COMPUTED,SINGLE,good,1.311,1.2568,2.2139,18,18,0.0,0.0,0,0,0,0,0,0,0,0,0,SPECTRUMANALYSIS,L2,1223.74,4.541,-61.5,-124.553
2026-05-25 11:03:32.021747,1779721412.021747,2420,140630.0,,,,,,,,,,,,,,,,0.0000,,,,0.0,0.0,0.0,0.0,0.0,0.0,0.0,0.0,0.0,-503408,-3793702,164469421,9739,-110776,-6774,61,ecb0fe00,43.51535521039,-79.68388324119,172.1181,-37.1,SOL_COMPUTED,SINGLE,good,1.3157,1.2601,2.2313,18,18,0.0,0.0,0,0,0,0,0,0,0,0,0,SPECTRUMANALYSIS,L2,1235.349,7.251,-56.754,-115.416
2026-05-25 11:03:33.026551,1779721413.026551,2420,140631.0,,,,,,,,,,,,,,,,0.0000,,,,0.0,0.0,0.0,0.0,0.0,0.0,0.0,0.0,0.0,-165132,-3679940,164220233,45127,-17249,-28082,61,ecb0fe00,43.51534808358,-79.68385236895,168.5307,-37.1,SOL_COMPUTED,SINGLE,good,1.3182,1.3065,2.284,18,17,0.0,0.0,0,0,0,0,0,0,0,0,0,SPECTRUMANALYSIS,L2,1235.349,7.251,-56.754,-115.416
2026-05-25 11:03:34.022212,1779721414.022212,2420,140632.0,,,,,,,,,,,,,,,,0.0000,,,,0.0,0.0,0.0,0.0,0.0,0.0,0.0,0.0,0.0,-965827,-3406671,164596756,157162,-313612,-7044,61,ecb0fe00,43.51534808395,-79.68385259785,168.5105,-37.1,SOL_COMPUTED,SINGLE,good,1.3125,1.302,2.2697,18,17,0.0,0.0,0,0,0,0,0,0,0,0,0,SPECTRUMANALYSIS,L2,1235.349,7.251,-56.754,-115.416
2026-05-25 11:03:35.020636,1779721415.020636,2420,140633.0,,,,,,,,,,,,,,,,0.0000,,,,0.0,0.0,0.0,0.0,0.0,0.0,0.0,0.0,0.0,172758,-3695977,164087484,20942,214282,40053,61,ecb0fe00,43.51534902929,-79.68385295327,168.5454,-37.1,SOL_COMPUTED,SINGLE,good,1.3135,1.3018,2.2761,18,17,0.0,0.0,0,0,0,0,0,0,0,0,0,SPECTRUMANALYSIS,L2,1229.783,29.81,-51.547,-115.996
2026-05-25 11:03:36.020465,1779721416.020465,2420,140634.0,,,,,,,,,,,,,,,,0.0000,,,,0.0,0.0,0.0,0.0,0.0,0.0,0.0,0.0,0.0,-445432,-3680661,164480846,68548,-17861,-25843,61,ecb0fe00,43.51534942763,-79.68385291751,168.6201,-37.1,SOL_COMPUTED,SINGLE,good,1.3138,1.3021,2.277,18,17,0.0,0.0,0,0,0,0,0,0,0,0,0,SPECTRUMANALYSIS,L2,1229.783,29.81,-51.547,-115.996
2026-05-25 11:03:37.021313,1779721417.021313,2420,140635.0,,,,,,,,,,,,,,,,0.0000,,,,0.0,0.0,0.0,0.0,0.0,0.0,0.0,0.0,0.0,-261420,-3709824,164315827,-2084,194951,-200,61,ecb0fe00,43.51535026427,-79.68385322801,168.6589,-37.1,SOL_COMPUTED,SINGLE,good,1.3155,1.3031,2.2752,18,17,0.0,0.0,0,0,0,0,0,0,0,0,0,SPECTRUMANALYSIS,L2,1229.783,29.81,-51.547,-115.996
2026-05-25 11:03:38.023844,1779721418.023844,2420,140636.0,,,,,,,,,,,,,,,,0.0000,,,,0.0,0.0,0.0,0.0,0.0,0.0,0.0,0.0,0.0,-433863,-3586152,164405847,61641,-66374,-29979,61,ecaffe00,43.51535118793,-79.68385324927,168.7222,-37.1,SOL_COMPUTED,SINGLE,good,1.3195,1.3049,2.281,18,17,0.0,0.0,0,0,0,0,0,0,0,0,0,SPECTRUMANALYSIS,L2,1227.292,16.04,-54.267,-115.645
2026-05-25 11:03:39.021016,1779721419.021016,2420,140637.0,,,,,,,,,,,,,,,,0.0000,,,,0.0,0.0,0.0,0.0,0.0,0.0,0.0,0.0,0.0,-1891901,-4051580,165118429,65205,220404,23709,61,ecaffe00,43.51535178215,-79.68385330723,168.7697,-37.1,SOL_COMPUTED,SINGLE,good,1.3183,1.3043,2.2756,18,17,0.0,0.0,0,0,0,0,0,0,0,0,0,SPECTRUMANALYSIS,L2,1227.292,16.04,-54.267,-115.645
2026-05-25 11:03:40.026780,1779721420.026780,2420,140638.0,,,,,,,,,,,,,,,,0.0000,,,,0.0,0.0,0.0,0.0,0.0,0.0,0.0,0.0,0.0,-474668,-3820199,164377074,81225,-69167,-29491,61,ecaffe00,43.51535102372,-79.68385265848,168.8423,-37.1,SOL_COMPUTED,SINGLE,good,1.3166,1.3056,2.2775,18,17,0.0,0.0,0,0,0,0,0,0,0,0,0,SPECTRUMANALYSIS,L2,1227.292,16.04,-54.267,-115.645
2026-05-25 11:03:41.027842,1779721421.027842,2420,140639.0,,,,,,,,,,,,,,,,0.0000,,,,0.0,0.0,0.0,0.0,0.0,0.0,0.0,0.0,0.0,-540046,-3774926,164780627,137052,6187,-109105,61,ecaffe00,43.51535055616,-79.68385224031,168.9212,-37.1,SOL_COMPUTED,SINGLE,good,1.3184,1.3054,2.281,18,17,0.0,0.0,0,0,0,0,0,0,0,0,0,SPECTRUMANALYSIS,L2,1223.704,9.595,-57.445,-124.017
2026-05-25 11:03:42.021504,1779721422.021504,2420,140640.0,,,,,,,,,,,,,,,,0.0000,,,,0.0,0.0,0.0,0.0,0.0,0.0,0.0,0.0,0.0,85976,-3216047,164165460,74432,93056,-22199,61,ecaffe00,43.51534999234,-79.68385161618,168.9927,-37.1,SOL_COMPUTED,SINGLE,good,1.3182,1.3052,2.2836,18,17,0.0,0.0,0,0,0,0,0,0,0,0,0,SPECTRUMANALYSIS,L2,1223.704,9.595,-57.445,-124.017
2026-05-25 11:03:43.020920,1779721423.020920,2420,140641.0,,,,,,,,,,,,,,,,0.0000,,,,0.0,0.0,0.0,0.0,0.0,0.0,0.0,0.0,0.0,-381708,-3503137,164404227,86265,82205,-25049,61,ecaffe00,43.51535068749,-79.68385169818,169.0123,-37.1,SOL_COMPUTED,SINGLE,good,1.317,1.3067,2.2871,18,17,0.0,0.0,0,0,0,0,0,0,0,0,0,SPECTRUMANALYSIS,L2,1223.704,9.595,-57.445,-124.017
2026-05-25 11:03:44.020264,1779721424.020264,2420,140642.0,,,,,,,,,,,,,,,,0.0000,,,,0.0,0.0,0.0,0.0,0.0,0.0,0.0,0.0,0.0,-251184,-3761455,164320933,66020,121406,-14052,61,ecaffe00,43.51535024388,-79.68385145989,169.0274,-37.1,SOL_COMPUTED,SINGLE,good,1.3178,1.3052,2.2812,18,17,0.0,0.0,0,0,0,0,0,0,0,0,0,SPECTRUMANALYSIS,L2,1224.473,5.42,-60.925,-124.821
2026-05-25 11:03:45.021007,1779721425.021007,2420,140643.0,,,,,,,,,,,,,,,,0.0000,,,,0.0,0.0,0.0,0.0,0.0,0.0,0.0,0.0,0.0,-1667048,-3677360,165657297,-44652,133416,-8725,61,ecaffe00,43.51535080027,-79.68385184806,168.9702,-37.1,SOL_COMPUTED,SINGLE,good,1.3191,1.3072,2.2864,18,17,0.0,0.0,0,0,0,0,0,0,0,0,0,SPECTRUMANALYSIS,L2,1224.473,5.42,-60.925,-124.821
2026-05-25 11:03:46.020295,1779721426.020295,2420,140644.0,,,,,,,,,,,,,,,,0.0000,,,,0.0,0.0,0.0,0.0,0.0,0.0,0.0,0.0,0.0,-341338,-3773024,164478376,74007,-14924,-65228,61,ecaffe00,43.51535212584,-79.68385299074,168.8328,-37.1,SOL_COMPUTED,SINGLE,good,1.3191,1.307,2.2828,18,17,0.0,0.0,0,0,0,0,0,0,0,0,0,SPECTRUMANALYSIS,L2,1224.473,5.42,-60.925,-124.821
2026-05-25 11:03:47.021019,1779721427.021019,2420,140645.0,,,,,,,,,,,,,,,,0.0000,,,,0.0,0.0,0.0,0.0,0.0,0.0,0.0,0.0,0.0,367709,-4014335,164050058,-399603,-728509,-195820,61,ecaffe00,43.51535335964,-79.68385442466,168.6713,-37.1,SOL_COMPUTED,SINGLE,good,1.3165,1.3062,2.2775,18,17,0.0,0.0,0,0,0,0,0,0,0,0,0,SPECTRUMANALYSIS,L2,1235.203,2.417,-62.376,-123.357
2026-05-25 11:03:48.021083,1779721428.021083,2420,140646.0,,,,,,,,,,,,,,,,0.0000,,,,0.0,0.0,0.0,0.0,0.0,0.0,0.0,0.0,0.0,-863978,-3396691,164568946,-2231,-31400,-19047,61,ecaffe00,43.51535468904,-79.68385569092,168.4527,-37.1,SOL_COMPUTED,SINGLE,good,1.3201,1.3079,2.2817,18,17,0.0,0.0,0,0,0,0,0,0,0,0,0,SPECTRUMANALYSIS,L2,1235.203,2.417,-62.376,-123.357
2026-05-25 11:03:49.020236,1779721429.020236,2420,140647.0,,,,,,,,,,,,,,,,0.0000,,,,0.0,0.0,0.0,0.0,0.0,0.0,0.0,0.0,0.0,-457606,-3653323,164342744,118312,-43343,-22927,61,ecaffe00,43.51535553839,-79.68385726841,168.1955,-37.1,SOL_COMPUTED,SINGLE,good,1.3161,1.3049,2.2735,18,17,0.0,0.0,0,0,0,0,0,0,0,0,0,SPECTRUMANALYSIS,L2,1235.203,2.417,-62.376,-123.357
2026-05-25 11:03:50.020551,1779721430.020551,2420,140648.0,,,,,,,,,,,,,,,,0.0000,,,,0.0,0.0,0.0,0.0,0.0,0.0,0.0,0.0,0.0,-696513,-3777406,164494994,25480,171378,-35875,61,ecaffe00,43.51535671727,-79.68385908065,167.8721,-37.1,SOL_COMPUTED,SINGLE,good,1.3158,1.3057,2.2759,18,17,0.0,0.0,0,0,0,0,0,0,0,0,0,SPECTRUMANALYSIS,L2,1237.546,1.392,-60.05,-114.532
2026-05-25 11:03:51.020646,1779721431.020646,2420,140649.0,,,,,,,,,,,,,,,,0.0000,,,,0.0,0.0,0.0,0.0,0.0,0.0,0.0,0.0,0.0,-401273,-3921063,164364982,-2327,160750,-10199,61,ecaffe00,43.51535784395,-79.68386070721,167.5364,-37.1,SOL_COMPUTED,SINGLE,good,1.3226,1.3095,2.2831,18,17,0.0,0.0,0,0,0,0,0,0,0,0,0,SPECTRUMANALYSIS,L2,1237.546,1.392,-60.05,-114.532
2026-05-25 11:03:52.021653,1779721432.021653,2420,140650.0,,,,,,,,,,,,,,,,0.0000,,,,0.0,0.0,0.0,0.0,0.0,0.0,0.0,0.0,0.0,-126696,-3706419,164223482,24280,106324,-22812,61,ecaefe00,43.51535850929,-79.68386242077,167.2344,-37.1,SOL_COMPUTED,SINGLE,good,1.3237,1.3096,2.2841,18,17,0.0,0.0,0,0,0,0,0,0,0,0,0,SPECTRUMANALYSIS,L2,1237.546,1.392,-60.05,-114.532
2026-05-25 11:03:53.021620,1779721433.021620,2420,140651.0,,,,,,,,,,,,,,,,0.0000,,,,0.0,0.0,0.0,0.0,0.0,0.0,0.0,0.0,0.0,-156741,-3787224,164278573,10124,127124,-21835,61,ecaefe00,43.5153591952,-79.68386371738,166.9809,-37.1,SOL_COMPUTED,SINGLE,good,1.3241,1.3117,2.2932,18,17,0.0,0.0,0,0,0,0,0,0,0,0,0,SPECTRUMANALYSIS,L2,1237.327,4.614,-58.461,-114.408
2026-05-25 11:03:54.020713,1779721434.020713,2420,140652.0,,,,,,,,,,,,,,,,0.0000,,,,0.0,0.0,0.0,0.0,0.0,0.0,0.0,0.0,0.0,29092,-3853713,164188088,70078,96902,-17795,61,ecaffe00,43.51535959805,-79.68386559825,166.6275,-37.1,SOL_COMPUTED,SINGLE,good,1.3184,1.3073,2.2791,18,17,0.0,0.0,0,0,0,0,0,0,0,0,0,SPECTRUMANALYSIS,L2,1237.327,4.614,-58.461,-114.408
2026-05-25 11:03:55.021158,1779721435.021158,2420,140653.0,,,,,,,,,,,,,,,,0.0000,,,,0.0,0.0,0.0,0.0,0.0,0.0,0.0,0.0,0.0,-822962,-3393721,164526421,14898,212456,-6467,61,ecaffe00,43.51536009601,-79.68386713479,166.2965,-37.1,SOL_COMPUTED,SINGLE,good,1.3151,1.304,2.27,18,17,0.0,0.0,0,0,0,0,0,0,0,0,0,SPECTRUMANALYSIS,L2,1237.327,4.614,-58.461,-114.408
2026-05-25 11:03:56.021041,1779721436.021041,2420,140654.0,,,,,,,,,,,,,,,,0.0000,,,,0.0,0.0,0.0,0.0,0.0,0.0,0.0,0.0,0.0,-185571,-3736811,164329146,53913,40854,-28493,61,ecaefe00,43.51536069472,-79.68386837961,166.03,-37.1,SOL_COMPUTED,SINGLE,good,1.3174,1.3057,2.2737,18,17,0.0,0.0,0,0,0,0,0,0,0,0,0,SPECTRUMANALYSIS,L2,1228.757,26.88,-51.698,-116.182
2026-05-25 11:03:57.020399,1779721437.020399,2420,140655.0,,,,,,,,,,,,,,,,0.0000,,,,0.0,0.0,0.0,0.0,0.0,0.0,0.0,0.0,0.0,-294688,-3531487,164314578,35876,145018,-65077,61,ecaefe00,43.51536119117,-79.68386951071,165.8249,-37.1,SOL_COMPUTED,SINGLE,good,1.3163,1.3064,2.276,18,17,0.0,0.0,0,0,0,0,0,0,0,0,0,SPECTRUMANALYSIS,L2,1228.757,26.88,-51.698,-116.182
2026-05-25 11:03:58.020285,1779721438.020285,2420,140656.0,,,,,,,,,,,,,,,,0.0000,,,,0.0,0.0,0.0,0.0,0.0,0.0,0.0,0.0,0.0,-422982,-3677121,164381076,23732,192291,-10566,61,ecaefe00,43.5153617093,-79.68387086265,165.5766,-37.1,SOL_COMPUTED,SINGLE,good,1.3167,1.3061,2.2786,18,17,0.0,0.0,0,0,0,0,0,0,0,0,0,SPECTRUMANALYSIS,L2,1228.757,26.88,-51.698,-116.182
2026-05-25 11:03:59.021400,1779721439.021400,2420,140657.0,,,,,,,,,,,,,,,,0.0000,,,,0.0,0.0,0.0,0.0,0.0,0.0,0.0,0.0,0.0,1726,-3634495,164234213,98931,-108711,-37231,61,ecaefe00,43.51536227789,-79.68387185618,165.4169,-37.1,SOL_COMPUTED,SINGLE,good,1.3175,1.3077,2.2856,18,17,0.0,0.0,0,0,0,0,0,0,0,0,0,SPECTRUMANALYSIS,L2,1230.442,5.347,-59.245,-116.203
2026-05-25 11:04:00.022961,1779721440.022961,2420,140658.0,,,,,,,,,,,,,,,,0.0000,,,,0.0,0.0,0.0,0.0,0.0,0.0,0.0,0.0,0.0,-466956,-3587368,164403758,1682,66680,-33540,61,ecaefe00,43.51536268279,-79.68387342124,165.1479,-37.1,SOL_COMPUTED,SINGLE,good,1.3123,1.3035,2.2722,18,17,0.0,0.0,0,0,0,0,0,0,0,0,0,SPECTRUMANALYSIS,L2,1230.442,5.347,-59.245,-116.203
2026-05-25 11:04:01.020400,1779721441.020400,2420,140659.0,,,,,,,,,,,,,,,,0.0000,,,,0.0,0.0,0.0,0.0,0.0,0.0,0.0,0.0,0.0,-195079,-3584346,164292424,58392,64435,5531,61,ecaefe00,43.51536317704,-79.68387429334,165.0283,-37.1,SOL_COMPUTED,SINGLE,good,1.3134,1.3043,2.2768,18,17,0.0,0.0,0,0,0,0,0,0,0,0,0,SPECTRUMANALYSIS,L2,1230.442,5.347,-59.245,-116.203
2026-05-25 11:04:02.020344,1779721442.020344,2420,140660.0,,,,,,,,,,,,,,,,0.0000,,,,0.0,0.0,0.0,0.0,0.0,0.0,0.0,0.0,0.0,-155194,-3361714,163904783,-219972,19395,-18364,61,ecaefe00,43.51536417798,-79.68387486215,164.9385,-37.1,SOL_COMPUTED,SINGLE,good,1.3266,1.3108,2.2986,18,17,0.0,0.0,0,0,0,0,0,0,0,0,0,SPECTRUMANALYSIS,L2,1235.752,2.051,-63.266,-124.102
2026-05-25 11:04:03.021703,1779721443.021703,2420,140661.0,,,,,,,,,,,,,,,,0.0000,,,,0.0,0.0,0.0,0.0,0.0,0.0,0.0,0.0,0.0,83746,-4651297,164144484,150612,226249,-31504,61,ecaefe00,43.51536487635,-79.68387413807,165.1463,-37.1,SOL_COMPUTED,SINGLE,good,1.3267,1.3176,2.3213,18,17,0.0,0.0,0,0,0,0,0,0,0,0,0,SPECTRUMANALYSIS,L2,1235.752,2.051,-63.266,-124.102
2026-05-25 11:04:04.020492,1779721444.020492,2420,140662.0,,,,,,,,,,,,,,,,0.0000,,,,0.0,0.0,0.0,0.0,0.0,0.0,0.0,0.0,0.0,58335,-4185404,164171033,-12094,-65473,7708,61,ecaefe00,43.51536483245,-79.68387636794,164.7092,-37.1,SOL_COMPUTED,SINGLE,good,1.3163,1.3109,2.2972,18,17,0.0,0.0,0,0,0,0,0,0,0,0,0,SPECTRUMANALYSIS,L2,1235.752,2.051,-63.266,-124.102
2026-05-25 11:04:05.020670,1779721445.020670,2420,140663.0,,,,,,,,,,,,,,,,0.0000,,,,0.0,0.0,0.0,0.0,0.0,0.0,0.0,0.0,0.0,-522901,-3465420,164479896,-912,88717,1729,61,ecaefe00,43.51536746208,-79.68386270669,168.0536,-37.1,SOL_COMPUTED,SINGLE,good,1.321,1.3453,2.4556,17,16,0.0,0.0,0,0,0,0,0,0,0,0,0,SPECTRUMANALYSIS,L2,1237.437,1.172,-61.514,-116.003
2026-05-25 11:04:06.020389,1779721446.020389,2420,140664.0,,,,,,,,,,,,,,,,0.0000,,,,0.0,0.0,0.0,0.0,0.0,0.0,0.0,0.0,0.0,167,-3365698,164187153,69181,60570,-15780,61,ecaefe00,43.51536789414,-79.68386315523,167.9748,-37.1,SOL_COMPUTED,SINGLE,good,1.3259,1.3494,2.4625,17,16,0.0,0.0,0,0,0,0,0,0,0,0,0,SPECTRUMANALYSIS,L2,1237.437,1.172,-61.514,-116.003
2026-05-25 11:04:07.020428,1779721447.020428,2420,140665.0,,,,,,,,,,,,,,,,0.0000,,,,0.0,0.0,0.0,0.0,0.0,0.0,0.0,0.0,0.0,-348708,-3687623,164471308,81370,4153,-44769,61,ecaefe00,43.51536852266,-79.68386354932,167.9188,-37.1,SOL_COMPUTED,SINGLE,good,1.3294,1.347,2.4719,17,16,0.0,0.0,0,0,0,0,0,0,0,0,0,SPECTRUMANALYSIS,L2,1237.437,1.172,-61.514,-116.003
2026-05-25 11:04:08.023447,1779721448.023447,2420,140666.0,,,,,,,,,,,,,,,,0.0000,,,,0.0,0.0,0.0,0.0,0.0,0.0,0.0,0.0,0.0,-246169,-3599627,164268873,53570,25187,-5609,61,ecaefe00,43.51536849838,-79.68386395826,167.8119,-37.1,SOL_COMPUTED,SINGLE,good,1.3268,1.3467,2.4709,17,16,0.0,0.0,0,0,0,0,0,0,0,0,0,SPECTRUMANALYSIS,L2,1237.437,1.172,-61.514,-116.003
2026-05-25 11:04:09.020587,1779721449.020587,2420,140667.0,,,,,,,,,,,,,,,,0.0000,,,,0.0,0.0,0.0,0.0,0.0,0.0,0.0,0.0,0.0,-445057,-3688401,164389931,62357,26185,-19150,61,ecaefe00,43.51536908397,-79.68386414082,167.7495,-37.1,SOL_COMPUTED,SINGLE,good,1.3376,1.3503,2.4838,17,16,0.0,0.0,0,0,0,0,0,0,0,0,0,SPECTRUMANALYSIS,L2,1228.208,31.348,-51.01,-115.573
2026-05-25 11:04:10.021260,1779721450.021260,2420,140668.0,,,,,,,,,,,,,,,,0.0000,,,,0.0,0.0,0.0,0.0,0.0,0.0,0.0,0.0,0.0,-362399,-3730477,164379154,95857,116920,-4744,61,ecaefe00,43.51536917685,-79.68386427683,167.6821,-37.1,SOL_COMPUTED,SINGLE,good,1.3328,1.353,2.4689,17,16,0.0,0.0,0,0,0,0,0,0,0,0,0,SPECTRUMANALYSIS,L2,1228.208,31.348,-51.01,-115.573
2026-05-25 11:04:11.020926,1779721451.020926,2420,140669.0,,,,,,,,,,,,,,,,0.0000,,,,0.0,0.0,0.0,0.0,0.0,0.0,0.0,0.0,0.0,-339184,-3612913,164414809,47990,39029,-15830,61,ecaefe00,43.51536954792,-79.68386452487,167.601,-37.1,SOL_COMPUTED,SINGLE,good,1.3338,1.3594,2.4718,17,16,0.0,0.0,0,0,0,0,0,0,0,0,0,SPECTRUMANALYSIS,L2,1228.208,31.348,-51.01,-115.573
2026-05-25 11:04:12.021011,1779721452.021011,2420,140670.0,,,,,,,,,,,,,,,,0.0000,,,,0.0,0.0,0.0,0.0,0.0,0.0,0.0,0.0,0.0,-275201,-3925716,164365059,20053,101983,25127,61,ecadfe00,43.5153704057,-79.68386518408,167.6388,-37.1,SOL_COMPUTED,SINGLE,good,1.3283,1.3456,2.4657,17,16,0.0,0.0,0,0,0,0,0,0,0,0,0,SPECTRUMANALYSIS,L2,1238.206,3.735,-57.022,-112.094
2026-05-25 11:04:13.021302,1779721453.021302,2420,140671.0,,,,,,,,,,,,,,,,0.0000,,,,0.0,0.0,0.0,0.0,0.0,0.0,0.0,0.0,0.0,-283521,-3305754,164386052,54437,-33258,-24254,61,ecaefe00,43.51537192272,-79.68385718541,169.6264,-37.1,SOL_COMPUTED,SINGLE,good,1.3233,1.3256,2.3686,18,17,0.0,0.0,0,0,0,0,0,0,0,0,0,SPECTRUMANALYSIS,L2,1238.206,3.735,-57.022,-112.094
2026-05-25 11:04:14.021283,1779721454.021283,2420,140672.0,,,,,,,,,,,,,,,,0.0000,,,,0.0,0.0,0.0,0.0,0.0,0.0,0.0,0.0,0.0,-329850,-3516252,164375632,103179,77707,-27784,61,ecadfe00,43.51537218267,-79.68385877075,169.2743,-37.1,SOL_COMPUTED,SINGLE,good,1.3298,1.3285,2.3784,18,17,0.0,0.0,0,0,0,0,0,0,0,0,0,SPECTRUMANALYSIS,L2,1238.206,3.735,-57.022,-112.094
2026-05-25 11:04:15.028665,1779721455.028665,2420,140673.0,,,,,,,,,,,,,,,,0.0000,,,,0.0,0.0,0.0,0.0,0.0,0.0,0.0,0.0,0.0,-212492,-3612778,164334773,69543,31568,-5987,61,ecadfe00,43.51537313558,-79.6838554116,170.1376,-37.1,SOL_COMPUTED,SINGLE,good,1.3335,1.3256,2.3345,18,17,0.0,0.0,0,0,0,0,0,0,0,0,0,SPECTRUMANALYSIS,L2,1238.755,2.93,-60.371,-114.457
2026-05-25 11:04:16.021038,1779721456.021038,2420,140674.0,,,,,,,,,,,,,,,,0.0000,,,,0.0,0.0,0.0,0.0,0.0,0.0,0.0,0.0,0.0,-301734,-3819181,164336604,38102,57419,-47218,61,ecaefe00,43.51537308482,-79.68385538288,170.1752,-37.1,SOL_COMPUTED,SINGLE,good,1.3223,1.3221,2.3228,18,17,0.0,0.0,0,0,0,0,0,0,0,0,0,SPECTRUMANALYSIS,L2,1238.755,2.93,-60.371,-114.457
2026-05-25 11:04:17.021204,1779721457.021204,2420,140675.0,,,,,,,,,,,,,,,,0.0000,,,,0.0,0.0,0.0,0.0,0.0,0.0,0.0,0.0,0.0,-304466,-3616941,164319472,5271,44576,-23337,61,ecadfe00,43.51537261689,-79.6838564816,169.8985,-37.1,SOL_COMPUTED,SINGLE,good,1.3163,1.3154,2.2898,18,17,0.0,0.0,0,0,0,0,0,0,0,0,0,SPECTRUMANALYSIS,L2,1238.755,2.93,-60.371,-114.457
2026-05-25 11:04:18.020509,1779721458.020509,2420,140676.0,,,,,,,,,,,,,,,,0.0000,,,,0.0,0.0,0.0,0.0,0.0,0.0,0.0,0.0,0.0,-231103,-3792035,164228118,-4303,55525,-8193,61,ecadfe00,43.51537217373,-79.68385933027,169.1531,-37.1,SOL_COMPUTED,SINGLE,good,1.3176,1.3141,2.2811,18,17,0.0,0.0,0,0,0,0,0,0,0,0,0,SPECTRUMANALYSIS,L2,1235.276,12.817,-53.977,-115.18
2026-05-25 11:04:19.020954,1779721459.020954,2420,140677.0,,,,,,,,,,,,,,,,0.0000,,,,0.0,0.0,0.0,0.0,0.0,0.0,0.0,0.0,0.0,-246122,-3637579,164371710,88971,20317,-20496,61,ecadfe00,43.51537238474,-79.68385796512,169.4833,-37.1,SOL_COMPUTED,SINGLE,good,1.3203,1.3206,2.2795,18,17,0.0,0.0,0,0,0,0,0,0,0,0,0,SPECTRUMANALYSIS,L2,1235.276,12.817,-53.977,-115.18
2026-05-25 11:04:20.025450,1779721460.025450,2420,140678.0,,,,,,,,,,,,,,,,0.0000,,,,0.0,0.0,0.0,0.0,0.0,0.0,0.0,0.0,0.0,-337939,-3623287,164339414,48045,123747,5127,61,ecadfe00,43.51537978428,-79.68389247909,173.5292,-37.1,SOL_COMPUTED,SINGLE,good,1.3157,1.2511,2.2037,18,18,0.0,0.0,0,0,0,0,0,0,0,0,0,SPECTRUMANALYSIS,L2,1235.276,12.817,-53.977,-115.18
2026-05-25 11:04:21.020980,1779721461.020980,2420,140679.0,,,,,,,,,,,,,,,,0.0000,,,,0.0,0.0,0.0,0.0,0.0,0.0,0.0,0.0,0.0,-337324,-3563288,164360558,83137,-20324,-19807,61,ecadfe00,43.51537912652,-79.68389018025,172.7331,-37.1,SOL_COMPUTED,SINGLE,good,1.3278,1.2687,2.2235,18,18,0.0,0.0,0,0,0,0,0,0,0,0,0,SPECTRUMANALYSIS,L2,1225.791,7.178,-58.583,-124.613
2026-05-25 11:04:22.023480,1779721462.023480,2420,140680.0,,,,,,,,,,,,,,,,0.0000,,,,0.0,0.0,0.0,0.0,0.0,0.0,0.0,0.0,0.0,-321193,-3678614,164304918,68275,146911,572,61,ecadfe00,43.51537898199,-79.68389271662,172.7002,-37.1,SOL_COMPUTED,SINGLE,good,1.3196,1.2589,2.2028,18,18,0.0,0.0,0,0,0,0,0,0,0,0,0,SPECTRUMANALYSIS,L2,1225.791,7.178,-58.583,-124.613
2026-05-25 11:04:23.025767,1779721463.025767,2420,140681.0,,,,,,,,,,,,,,,,0.0000,,,,0.0,0.0,0.0,0.0,0.0,0.0,0.0,0.0,0.0,-410525,-3614026,164411922,31807,100596,-11663,61,ecadfe00,43.5153776624,-79.68388654611,171.934,-37.1,SOL_COMPUTED,SINGLE,good,1.3251,1.28,2.2228,18,18,0.0,0.0,0,0,0,0,0,0,0,0,0,SPECTRUMANALYSIS,L2,1225.791,7.178,-58.583,-124.613
2026-05-25 11:04:24.020818,1779721464.020818,2420,140682.0,,,,,,,,,,,,,,,,0.0000,,,,0.0,0.0,0.0,0.0,0.0,0.0,0.0,0.0,0.0,-359068,-3671246,164318903,52606,81934,-22747,61,ecadfe00,43.51537751252,-79.68388877183,172.1455,-37.1,SOL_COMPUTED,SINGLE,good,1.311,1.2551,2.1958,18,18,0.0,0.0,0,0,0,0,0,0,0,0,0,SPECTRUMANALYSIS,L2,1223.228,2.637,-64.472,-127.195
2026-05-25 11:04:25.020381,1779721465.020381,2420,140683.0,,,,,,,,,,,,,,,,0.0000,,,,0.0,0.0,0.0,0.0,0.0,0.0,0.0,0.0,0.0,-356493,-3663430,164390013,55126,-19794,-62061,61,ecadfe00,43.51537690833,-79.68388934362,171.8966,-37.1,SOL_COMPUTED,SINGLE,good,1.3106,1.2457,2.1945,18,18,0.0,0.0,0,0,0,0,0,0,0,0,0,SPECTRUMANALYSIS,L2,1223.228,2.637,-64.472,-127.195
2026-05-25 11:04:26.022058,1779721466.022058,2420,140684.0,,,,,,,,,,,,,,,,0.0000,,,,0.0,0.0,0.0,0.0,0.0,0.0,0.0,0.0,0.0,-195968,-3651593,164391450,93294,80737,-15469,61,ecadfe00,43.51537622739,-79.68388778402,171.1635,-37.1,SOL_COMPUTED,SINGLE,good,1.3208,1.2525,2.2084,18,18,0.0,0.0,0,0,0,0,0,0,0,0,0,SPECTRUMANALYSIS,L2,1223.228,2.637,-64.472,-127.195
2026-05-25 11:04:27.023057,1779721467.023057,2420,140685.0,,,,,,,,,,,,,,,,0.0000,,,,0.0,0.0,0.0,0.0,0.0,0.0,0.0,0.0,0.0,-301792,-3615780,164387061,41461,84677,-28668,61,ecacfe00,43.51537623008,-79.68389031849,171.3472,-37.1,SOL_COMPUTED,SINGLE,good,1.313,1.2565,2.1913,18,18,0.0,0.0,0,0,0,0,0,0,0,0,0,SPECTRUMANALYSIS,L2,1234.543,7.544,-56.256,-116.988
2026-05-25 11:04:28.020499,1779721468.020499,2420,140686.0,,,,,,,,,,,,,,,,0.0000,,,,0.0,0.0,0.0,0.0,0.0,0.0,0.0,0.0,0.0,-303113,-3655795,164399263,61245,65975,-6862,61,ecadfe00,43.51537588471,-79.68388931514,171.2629,-37.1,SOL_COMPUTED,SINGLE,good,1.3189,1.264,2.1979,18,18,0.0,0.0,0,0,0,0,0,0,0,0,0,SPECTRUMANALYSIS,L2,1234.543,7.544,-56.256,-116.988
2026-05-25 11:04:29.020678,1779721469.020678,2420,140687.0,,,,,,,,,,,,,,,,0.0000,,,,0.0,0.0,0.0,0.0,0.0,0.0,0.0,0.0,0.0,-305005,-3680747,164371934,59360,31787,-40481,61,ecadfe00,43.51537525218,-79.68388831209,171.0427,-37.1,SOL_COMPUTED,SINGLE,good,1.3229,1.2642,2.2022,18,18,0.0,0.0,0,0,0,0,0,0,0,0,0,SPECTRUMANALYSIS,L2,1234.543,7.544,-56.256,-116.988
2026-05-25 11:04:30.019968,1779721470.019968,2420,140688.0,,,,,,,,,,,,,,,,0.0000,,,,0.0,0.0,0.0,0.0,0.0,0.0,0.0,0.0,0.0,-323208,-3702982,164326416,63720,53046,-8974,61,ecadfe00,43.51537424352,-79.68388766413,170.8193,-37.1,SOL_COMPUTED,SINGLE,good,1.3119,1.2483,2.1861,18,18,0.0,0.0,0,0,0,0,0,0,0,0,0,SPECTRUMANALYSIS,L2,1230.808,11.792,-56.086,-116.563
2026-05-25 11:04:31.020965,1779721471.020965,2420,140689.0,,,,,,,,,,,,,,,,0.0000,,,,0.0,0.0,0.0,0.0,0.0,0.0,0.0,0.0,0.0,-306076,-3640409,164344221,104710,69738,-35642,61,ecacfe00,43.51537389018,-79.68388607759,170.8087,-37.1,SOL_COMPUTED,SINGLE,good,1.3133,1.2483,2.1865,18,18,0.0,0.0,0,0,0,0,0,0,0,0,0,SPECTRUMANALYSIS,L2,1230.808,11.792,-56.086,-116.563
2026-05-25 11:04:32.020674,1779721472.020674,2420,140690.0,,,,,,,,,,,,,,,,0.0000,,,,0.0,0.0,0.0,0.0,0.0,0.0,0.0,0.0,0.0,-326876,-3633047,164418708,58501,25163,-45708,61,ecacfe00,43.5153729258,-79.68388375823,170.7016,-37.1,SOL_COMPUTED,SINGLE,good,1.3095,1.2377,2.1822,18,18,0.0,0.0,0,0,0,0,0,0,0,0,0,SPECTRUMANALYSIS,L2,1230.808,11.792,-56.086,-116.563
2026-05-25 11:04:33.021409,1779721473.021409,2420,140691.0,,,,,,,,,,,,,,,,0.0000,,,,0.0,0.0,0.0,0.0,0.0,0.0,0.0,0.0,0.0,-310411,-3673833,164359706,72762,71665,-2050,61,ecadfe00,43.5153723679,-79.68388237368,170.5064,-37.1,SOL_COMPUTED,SINGLE,good,1.3136,1.2425,2.1921,18,18,0.0,0.0,0,0,0,0,0,0,0,0,0,SPECTRUMANALYSIS,L2,1238.938,4.028,-57.499,-112.115
2026-05-25 11:04:34.020965,1779721474.020965,2420,140692.0,,,,,,,,,,,,,,,,0.0000,,,,0.0,0.0,0.0,0.0,0.0,0.0,0.0,0.0,0.0,-306768,-3623830,164402096,40654,68473,-45874,61,ecacfe00,43.51537154609,-79.68388104859,170.3198,-37.1,SOL_COMPUTED,SINGLE,good,1.3118,1.2393,2.1923,18,18,0.0,0.0,0,0,0,0,0,0,0,0,0,SPECTRUMANALYSIS,L2,1238.938,4.028,-57.499,-112.115
2026-05-25 11:04:35.020816,1779721475.020816,2420,140693.0,,,,,,,,,,,,,,,,0.0000,,,,0.0,0.0,0.0,0.0,0.0,0.0,0.0,0.0,0.0,-1067426,-3431130,164613751,27746,-19759,5664,61,ecacfe00,43.51537130395,-79.68387990542,170.3022,-37.1,SOL_COMPUTED,SINGLE,good,1.3169,1.2368,2.1831,18,18,0.0,0.0,0,0,0,0,0,0,0,0,0,SPECTRUMANALYSIS,L2,1238.938,4.028,-57.499,-112.115
2026-05-25 11:04:36.023084,1779721476.023084,2420,140694.0,,,,,,,,,,,,,,,,0.0000,,,,0.0,0.0,0.0,0.0,0.0,0.0,0.0,0.0,0.0,-308299,-3436447,164321080,139778,-79215,-23293,61,ecacfe00,43.51537104977,-79.68387878386,170.2198,-37.1,SOL_COMPUTED,SINGLE,good,1.3155,1.2396,2.1807,18,18,0.0,0.0,0,0,0,0,0,0,0,0,0,SPECTRUMANALYSIS,L2,1235.459,2.49,-62.184,-123.385
2026-05-25 11:04:37.021719,1779721477.021719,2420,140695.0,,,,,,,,,,,,,,,,0.0000,,,,0.0,0.0,0.0,0.0,0.0,0.0,0.0,0.0,0.0,-94858,-3514484,164189867,120692,-140888,-70833,61,ecacfe00,43.51537006501,-79.68387575424,170.0297,-37.1,SOL_COMPUTED,SINGLE,good,1.3163,1.2375,2.1873,18,18,0.0,0.0,0,0,0,0,0,0,0,0,0,SPECTRUMANALYSIS,L2,1235.459,2.49,-62.184,-123.385
2026-05-25 11:04:38.023362,1779721478.023362,2420,140696.0,,,,,,,,,,,,,,,,0.0000,,,,0.0,0.0,0.0,0.0,0.0,0.0,0.0,0.0,0.0,-428068,-3694841,164445159,39665,190550,-7560,61,ecacfe00,43.51536938264,-79.68387392519,169.7743,-37.1,SOL_COMPUTED,SINGLE,good,1.3215,1.2429,2.1933,18,18,0.0,0.0,0,0,0,0,0,0,0,0,0,SPECTRUMANALYSIS,L2,1235.459,2.49,-62.184,-123.385
2026-05-25 11:04:39.026450,1779721479.026450,2420,140697.0,,,,,,,,,,,,,,,,0.0000,,,,0.0,0.0,0.0,0.0,0.0,0.0,0.0,0.0,0.0,-399177,-3557533,164354877,85840,112247,-12577,61,ecacfe00,43.5153689883,-79.6838720958,169.6668,-37.1,SOL_COMPUTED,SINGLE,good,1.3214,1.2417,2.1898,18,18,0.0,0.0,0,0,0,0,0,0,0,0,0,SPECTRUMANALYSIS,L2,1225.864,11.133,-56.713,-115.954
2026-05-25 11:04:40.021314,1779721480.021314,2420,140698.0,,,,,,,,,,,,,,,,0.0000,,,,0.0,0.0,0.0,0.0,0.0,0.0,0.0,0.0,0.0,-297490,-3595252,164475213,109580,14312,-30444,61,ecacfe00,43.51536786313,-79.68387010709,169.5096,-37.1,SOL_COMPUTED,SINGLE,good,1.3173,1.2402,2.1858,18,18,0.0,0.0,0,0,0,0,0,0,0,0,0,SPECTRUMANALYSIS,L2,1225.864,11.133,-56.713,-115.954
2026-05-25 11:04:41.021103,1779721481.021103,2420,140699.0,,,,,,,,,,,,,,,,0.0000,,,,0.0,0.0,0.0,0.0,0.0,0.0,0.0,0.0,0.0,-292793,-3809775,164316789,76109,124168,-43858,61,ecacfe00,43.51536826814,-79.68387037073,169.3741,-37.1,SOL_COMPUTED,SINGLE,good,1.3252,1.2552,2.1961,18,18,0.0,0.0,0,0,0,0,0,0,0,0,0,SPECTRUMANALYSIS,L2,1225.864,11.133,-56.713,-115.954
2026-05-25 11:04:42.023847,1779721482.023847,2420,140700.0,,,,,,,,,,,,,,,,0.0000,,,,0.0,0.0,0.0,0.0,0.0,0.0,0.0,0.0,0.0,-278940,-3728516,164279061,15684,118144,-35046,61,ecacfe00,43.51536683305,-79.68386677793,169.2176,-37.1,SOL_COMPUTED,SINGLE,good,1.3191,1.246,2.1895,18,18,0.0,0.0,0,0,0,0,0,0,0,0,0,SPECTRUMANALYSIS,L2,1227.549,30.469,-50.686,-112.947
2026-05-25 11:04:43.021074,1779721483.021074,2420,140701.0,,,,,,,,,,,,,,,,0.0000,,,,0.0,0.0,0.0,0.0,0.0,0.0,0.0,0.0,0.0,-446770,-3639716,164437847,30319,87012,-9686,61,ecacfe00,43.51536586175,-79.68386419834,169.113,-37.1,SOL_COMPUTED,SINGLE,good,1.316,1.2393,2.1847,18,18,0.0,0.0,0,0,0,0,0,0,0,0,0,SPECTRUMANALYSIS,L2,1227.549,30.469,-50.686,-112.947
2026-05-25 11:04:44.022376,1779721484.022376,2420,140702.0,,,,,,,,,,,,,,,,0.0000,,,,0.0,0.0,0.0,0.0,0.0,0.0,0.0,0.0,0.0,-278252,-3577514,164352704,90848,57009,-85335,61,ecacfe00,43.51536548051,-79.68386227939,168.9857,-37.1,SOL_COMPUTED,SINGLE,good,1.3199,1.2404,2.1867,18,18,0.0,0.0,0,0,0,0,0,0,0,0,0,SPECTRUMANALYSIS,L2,1227.549,30.469,-50.686,-112.947
2026-05-25 11:04:45.022793,1779721485.022793,2420,140703.0,,,,,,,,,,,,,,,,0.0000,,,,0.0,0.0,0.0,0.0,0.0,0.0,0.0,0.0,0.0,-767323,-3428732,164383082,74103,117709,68,61,ecacfe00,43.51536420742,-79.68385955835,168.8292,-37.1,SOL_COMPUTED,SINGLE,good,1.3163,1.2374,2.1855,18,18,0.0,0.0,0,0,0,0,0,0,0,0,0,SPECTRUMANALYSIS,L2,1237.327,6.958,-56.427,-115.423
2026-05-25 11:04:46.021143,1779721486.021143,2420,140704.0,,,,,,,,,,,,,,,,0.0000,,,,0.0,0.0,0.0,0.0,0.0,0.0,0.0,0.0,0.0,166261,-3593329,164106225,1758,47402,-34819,61,ecacfe00,43.51536355428,-79.68385817815,168.6976,-37.1,SOL_COMPUTED,SINGLE,good,1.3159,1.238,2.1838,18,18,0.0,0.0,0,0,0,0,0,0,0,0,0,SPECTRUMANALYSIS,L2,1237.327,6.958,-56.427,-115.423
2026-05-25 11:04:47.021091,1779721487.021091,2420,140705.0,,,,,,,,,,,,,,,,0.0000,,,,0.0,0.0,0.0,0.0,0.0,0.0,0.0,0.0,0.0,-1536354,-3889498,164737524,241095,-310992,115118,61,ecacfe00,43.51536292843,-79.68385664803,168.5672,-37.1,SOL_COMPUTED,SINGLE,good,1.3148,1.2386,2.1831,18,18,0.0,0.0,0,0,0,0,0,0,0,0,0,SPECTRUMANALYSIS,L2,1237.327,6.958,-56.427,-115.423
2026-05-25 11:04:48.023079,1779721488.023079,2420,140706.0,,,,,,,,,,,,,,,,0.0000,,,,0.0,0.0,0.0,0.0,0.0,0.0,0.0,0.0,0.0,-161772,-3648364,164271087,137267,-272325,-47646,61,ecacfe00,43.51536203227,-79.68385433649,168.4568,-37.1,SOL_COMPUTED,SINGLE,good,1.313,1.2363,2.1819,18,18,0.0,0.0,0,0,0,0,0,0,0,0,0,SPECTRUMANALYSIS,L2,1235.422,9.155,-56.589,-116.537
2026-05-25 11:04:49.025451,1779721489.025451,2420,140707.0,,,,,,,,,,,,,,,,0.0000,,,,0.0,0.0,0.0,0.0,0.0,0.0,0.0,0.0,0.0,-509232,-3564946,164395498,79760,89069,-48875,61,ecacfe00,43.5153616191,-79.68385289417,168.3381,-37.1,SOL_COMPUTED,SINGLE,good,1.3185,1.2396,2.1876,18,18,0.0,0.0,0,0,0,0,0,0,0,0,0,SPECTRUMANALYSIS,L2,1235.422,9.155,-56.589,-116.537
2026-05-25 11:04:50.021685,1779721490.021685,2420,140708.0,,,,,,,,,,,,,,,,0.0000,,,,0.0,0.0,0.0,0.0,0.0,0.0,0.0,0.0,0.0,-419661,-2952791,164252709,453157,-772039,5965,61,ecabfe00,43.51536117125,-79.68385167948,168.25,-37.1,SOL_COMPUTED,SINGLE,good,1.3194,1.2405,2.1871,18,18,0.0,0.0,0,0,0,0,0,0,0,0,0,SPECTRUMANALYSIS,L2,1235.422,9.155,-56.589,-116.537
2026-05-25 11:04:51.029884,1779721491.029884,2420,140709.0,,,,,,,,,,,,,,,,0.0000,,,,0.0,0.0,0.0,0.0,0.0,0.0,0.0,0.0,0.0,185596,-3799876,164239939,87453,58187,-8589,61,ecabfe00,43.51536027142,-79.68384951876,168.1625,-37.1,SOL_COMPUTED,SINGLE,good,1.3175,1.2387,2.1857,18,18,0.0,0.0,0,0,0,0,0,0,0,0,0,SPECTRUMANALYSIS,L2,1232.273,6.519,-57.841,-116.883
2026-05-25 11:04:52.020743,1779721492.020743,2420,140710.0,,,,,,,,,,,,,,,,0.0000,,,,0.0,0.0,0.0,0.0,0.0,0.0,0.0,0.0,0.0,-313169,-3927696,164452633,159319,-250046,-47718,61,ecacfe00,43.51535948216,-79.68384748582,168.0776,-37.1,SOL_COMPUTED,SINGLE,good,1.3141,1.2372,2.1824,18,18,0.0,0.0,0,0,0,0,0,0,0,0,0,SPECTRUMANALYSIS,L2,1232.273,6.519,-57.841,-116.883
2026-05-25 11:04:53.022252,1779721493.022252,2420,140711.0,,,,,,,,,,,,,,,,0.0000,,,,0.0,0.0,0.0,0.0,0.0,0.0,0.0,0.0,0.0,17202,-3471041,164122506,187687,-52905,14317,61,ecabfe00,43.51535902717,-79.68384625388,167.9877,-37.1,SOL_COMPUTED,SINGLE,good,1.3138,1.2389,2.1816,18,18,0.0,0.0,0,0,0,0,0,0,0,0,0,SPECTRUMANALYSIS,L2,1232.273,6.519,-57.841,-116.883
