sys_datetime,unix_timestamp,raw_accel_x_lsb,raw_accel_y_lsb,raw_accel_z_lsb,raw_gyro_x_lsb,raw_gyro_y_lsb,raw_gyro_z_lsb,imu_type,imu_status_hex,veh_lat_acc_ms2,veh_long_acc_ms2,veh_vert_acc_ms2,veh_pitch_rate_degs,veh_roll_rate_degs,veh_yaw_rate_degs
2026-05-25 09:59:38.098798,1779717578.098798,2802869,-3634266,164399813,19687,114707,-87045,61,ee5afe00,,,,,,
2026-05-25 09:59:38.109584,1779717578.109584,2802869,-3634266,164399813,19687,114707,-87045,61,ee5afe00,0.0,0.0,0.0,0.0,0.0,0.0
2026-05-25 09:59:38.116049,1779717578.116049,2868440,-3542056,164452996,25458,128823,-55705,61,ee5afe00,0.0,0.0,0.0,0.0,0.0,0.0
2026-05-25 09:59:38.123936,1779717578.123936,2868440,-3542056,164452996,25458,128823,-55705,61,ee5afe00,0.0,0.0,0.0,0.0,0.0,0.0
2026-05-25 09:59:38.129999,1779717578.129999,2599945,-3663926,164481213,129783,47179,-21183,61,ee5afe00,0.0,0.0,0.0,0.0,0.0,0.0
2026-05-25 09:59:38.137139,1779717578.137139,2599945,-3663926,164481213,129783,47179,-21183,61,ee5afe00,0.0,0.0,0.0,0.0,0.0,0.0
2026-05-25 09:59:38.146528,1779717578.146528,2600621,-3692461,164397249,105287,29217,9117,61,ee5afe00,0.0,0.0,0.0,0.0,0.0,0.0
2026-05-25 09:59:38.154186,1779717578.154186,2600621,-3692461,164397249,105287,29217,9117,61,ee5afe00,0.0,0.0,0.0,0.0,0.0,0.0
2026-05-25 09:59:38.159890,1779717578.159890,2429869,-3928990,164561245,82774,32500,-1766,61,ee5afe00,0.0,0.0,0.0,0.0,0.0,0.0
2026-05-25 09:59:38.167265,1779717578.167265,2429869,-3928990,164561245,82774,32500,-1766,61,ee5afe00,0.0,0.0,0.0,0.0,0.0,0.0
2026-05-25 09:59:38.173080,1779717578.173080,2555394,-3994191,164503611,100497,-118758,-9842,61,ee5afe00,0.0,0.0,0.0,0.0,0.0,0.0
2026-05-25 09:59:38.180339,1779717578.180339,2555394,-3994191,164503611,100497,-118758,-9842,61,ee5afe00,0.0,0.0,0.0,0.0,0.0,0.0
2026-05-25 09:59:38.186133,1779717578.186133,2769174,-4046867,164298768,92840,-99756,-25976,61,ee59fe00,0.0,0.0,0.0,0.0,0.0,0.0
2026-05-25 09:59:38.193637,1779717578.193637,2769174,-4046867,164298768,92840,-99756,-25976,61,ee59fe00,0.0,0.0,0.0,0.0,0.0,0.0
2026-05-25 09:59:38.203906,1779717578.203906,2977354,-3933181,164275108,97013,-89907,-35685,61,ee59fe00,0.0,0.0,0.0,0.0,0.0,0.0
2026-05-25 09:59:38.216573,1779717578.216573,2977354,-3933181,164275108,97013,-89907,-35685,61,ee59fe00,0.0,0.0,0.0,0.0,0.0,0.0
2026-05-25 09:59:38.226507,1779717578.226507,3179267,-3826318,164192859,96393,-35771,-37182,61,ee5afe00,0.0,0.0,0.0,0.0,0.0,0.0
2026-05-25 09:59:38.239296,1779717578.239296,3179267,-3826318,164192859,96393,-35771,-37182,61,ee5afe00,0.0,0.0,0.0,0.0,0.0,0.0
2026-05-25 09:59:38.249302,1779717578.249302,3242497,-3699129,164205795,73436,117718,560,61,ee5afe00,0.0,0.0,0.0,0.0,0.0,0.0
2026-05-25 09:59:38.261788,1779717578.261788,3242497,-3699129,164205795,73436,117718,560,61,ee5afe00,0.0,0.0,0.0,0.0,0.0,0.0
2026-05-25 09:59:38.271798,1779717578.271798,2963583,-3674992,164363334,70957,148256,23592,61,ee5afe00,0.0,0.0,0.0,0.0,0.0,0.0
2026-05-25 09:59:38.292748,1779717578.292748,2963583,-3674992,164363334,70957,148256,23592,61,ee5afe00,0.0,0.0,0.0,0.0,0.0,0.0
2026-05-25 09:59:38.299288,1779717578.299288,2850322,-3616201,164326463,79378,174912,3681,61,ee5afe00,0.0,0.0,0.0,0.0,0.0,0.0
2026-05-25 09:59:38.307682,1779717578.307682,2850322,-3616201,164326463,79378,174912,3681,61,ee5afe00,0.0,0.0,0.0,0.0,0.0,0.0
2026-05-25 09:59:38.353752,1779717578.353752,2527880,-3715340,164473475,58542,217022,-22069,61,ee5afe00,0.0,0.0,0.0,0.0,0.0,0.0
2026-05-25 09:59:38.371352,1779717578.371352,2527880,-3715340,164473475,58542,217022,-22069,61,ee5afe00,0.0,0.0,0.0,0.0,0.0,0.0
2026-05-25 09:59:38.380773,1779717578.380773,2517389,-3817838,164409216,107710,73906,-37765,61,ee5afe00,0.0,0.0,0.0,0.0,0.0,0.0
2026-05-25 09:59:38.391900,1779717578.391900,2517389,-3817838,164409216,107710,73906,-37765,61,ee5afe00,0.0,0.0,0.0,0.0,0.0,0.0
2026-05-25 09:59:38.402641,1779717578.402641,2696179,-3888837,164318985,46097,117720,-34652,61,ee5afe00,0.0,0.0,0.0,0.0,0.0,0.0
2026-05-25 09:59:38.413392,1779717578.413392,2696179,-3888837,164318985,46097,117720,-34652,61,ee5afe00,0.0,0.0,0.0,0.0,0.0,0.0
2026-05-25 09:59:38.423732,1779717578.423732,2867769,-3908471,164398956,68930,70207,-18901,61,ee5afe00,0.0,0.0,0.0,0.0,0.0,0.0
2026-05-25 09:59:38.434452,1779717578.434452,2867769,-3908471,164398956,68930,70207,-18901,61,ee5afe00,0.0,0.0,0.0,0.0,0.0,0.0
2026-05-25 09:59:38.443523,1779717578.443523,3077520,-3833836,164285295,101947,83222,13533,61,ee5afe00,0.0,0.0,0.0,0.0,0.0,0.0
2026-05-25 09:59:38.457819,1779717578.457819,3077520,-3833836,164285295,101947,83222,13533,61,ee5afe00,0.0,0.0,0.0,0.0,0.0,0.0
2026-05-25 09:59:38.470003,1779717578.470003,3030509,-3764465,164254614,96022,184877,15489,61,ee5afe00,0.0,0.0,0.0,0.0,0.0,0.0
2026-05-25 09:59:38.484966,1779717578.484966,3030509,-3764465,164254614,96022,184877,15489,61,ee5afe00,0.0,0.0,0.0,0.0,0.0,0.0
2026-05-25 09:59:38.492743,1779717578.492743,2804117,-3758393,164339208,108661,178691,47693,61,ee5afe00,0.0,0.0,0.0,0.0,0.0,0.0
2026-05-25 09:59:38.501805,1779717578.501805,2804117,-3758393,164339208,108661,178691,47693,61,ee5afe00,0.0,0.0,0.0,0.0,0.0,0.0
2026-05-25 09:59:38.510359,1779717578.510359,2665041,-3739914,164382796,90653,178025,46023,61,ee5afe00,0.0,0.0,0.0,0.0,0.0,0.0
2026-05-25 09:59:38.520672,1779717578.520672,2665041,-3739914,164382796,90653,178025,46023,61,ee5afe00,0.0,0.0,0.0,0.0,0.0,0.0
2026-05-25 09:59:38.528399,1779717578.528399,2450982,-3716504,164579820,83686,131209,44220,61,ee5afe00,0.0,0.0,0.0,0.0,0.0,0.0
2026-05-25 09:59:38.537229,1779717578.537229,2450982,-3716504,164579820,83686,131209,44220,61,ee5afe00,0.0,0.0,0.0,0.0,0.0,0.0
2026-05-25 09:59:38.545186,1779717578.545186,2438498,-3729102,164478172,102718,15266,17731,61,ee5afe00,0.0,0.0,0.0,0.0,0.0,0.0
2026-05-25 09:59:38.554518,1779717578.554518,2438498,-3729102,164478172,102718,15266,17731,61,ee5afe00,0.0,0.0,0.0,0.0,0.0,0.0
2026-05-25 09:59:38.562256,1779717578.562256,2469469,-3698593,164382139,40367,24836,11960,61,ee5afe00,0.0,0.0,0.0,0.0,0.0,0.0
2026-05-25 09:59:38.571042,1779717578.571042,2469469,-3698593,164382139,40367,24836,11960,61,ee5afe00,0.0,0.0,0.0,0.0,0.0,0.0
2026-05-25 09:59:38.578540,1779717578.578540,2529300,-3795075,164332554,-378,-33643,-12082,61,ee5afe00,0.0,0.0,0.0,0.0,0.0,0.0
2026-05-25 09:59:38.588350,1779717578.588350,2529300,-3795075,164332554,-378,-33643,-12082,61,ee5afe00,0.0,0.0,0.0,0.0,0.0,0.0
2026-05-25 09:59:38.596437,1779717578.596437,2928598,-3819045,164334939,1336,396,-16141,61,ee5afe00,0.0,0.0,0.0,0.0,0.0,0.0
2026-05-25 09:59:38.606160,1779717578.606160,2928598,-3819045,164334939,1336,396,-16141,61,ee5afe00,0.0,0.0,0.0,0.0,0.0,0.0
2026-05-25 09:59:38.614580,1779717578.614580,2959574,-3844460,164380565,58583,-42062,-27235,61,ee59fe00,0.0,0.0,0.0,0.0,0.0,0.0
2026-05-25 09:59:38.624644,1779717578.624644,2959574,-3844460,164380565,58583,-42062,-27235,61,ee59fe00,0.0,0.0,0.0,0.0,0.0,0.0
2026-05-25 09:59:38.632510,1779717578.632510,3139813,-3806246,164265736,134348,-46127,-2903,61,ee59fe00,0.0,0.0,0.0,0.0,0.0,0.0
2026-05-25 09:59:38.641990,1779717578.641990,3139813,-3806246,164265736,134348,-46127,-2903,61,ee59fe00,0.0,0.0,0.0,0.0,0.0,0.0
2026-05-25 09:59:38.650352,1779717578.650352,2865513,-3845982,164258323,145501,4656,6386,61,ee5afe00,0.0,0.0,0.0,0.0,0.0,0.0
2026-05-25 09:59:38.660748,1779717578.660748,2865513,-3845982,164258323,145501,4656,6386,61,ee5afe00,0.0,0.0,0.0,0.0,0.0,0.0
2026-05-25 09:59:38.668184,1779717578.668184,2858346,-3854573,164281638,95213,5152,-11509,61,ee5afe00,0.0,0.0,0.0,0.0,0.0,0.0
2026-05-25 09:59:38.676940,1779717578.676940,2858346,-3854573,164281638,95213,5152,-11509,61,ee5afe00,0.0,0.0,0.0,0.0,0.0,0.0
2026-05-25 09:59:38.684621,1779717578.684621,2660176,-3925476,164391989,53078,46060,-45130,61,ee5afe00,0.0,0.0,0.0,0.0,0.0,0.0
2026-05-25 09:59:38.694671,1779717578.694671,2660176,-3925476,164391989,53078,46060,-45130,61,ee5afe00,0.0,0.0,0.0,0.0,0.0,0.0
2026-05-25 09:59:38.703697,1779717578.703697,2747628,-3870225,164370348,35492,18977,-35193,61,ee5afe00,0.0,0.0,0.0,0.0,0.0,0.0
2026-05-25 09:59:38.714940,1779717578.714940,2747628,-3870225,164370348,35492,18977,-35193,61,ee5afe00,0.0,0.0,0.0,0.0,0.0,0.0
2026-05-25 09:59:38.723966,1779717578.723966,2736989,-3890639,164227848,8213,72735,-26595,61,ee59fe00,0.0,0.0,0.0,0.0,0.0,0.0
2026-05-25 09:59:38.734834,1779717578.734834,2736989,-3890639,164227848,8213,72735,-26595,61,ee59fe00,0.0,0.0,0.0,0.0,0.0,0.0
2026-05-25 09:59:38.743794,1779717578.743794,2974618,-3808299,164278114,-38255,132766,-27020,61,ee59fe00,0.0,0.0,0.0,0.0,0.0,0.0
2026-05-25 09:59:38.754597,1779717578.754597,2974618,-3808299,164278114,-38255,132766,-27020,61,ee59fe00,0.0,0.0,0.0,0.0,0.0,0.0
2026-05-25 09:59:38.761960,1779717578.761960,2977655,-3865425,164259956,-873,159784,6374,61,ee59fe00,0.0,0.0,0.0,0.0,0.0,0.0
2026-05-25 09:59:38.770605,1779717578.770605,2977655,-3865425,164259956,-873,159784,6374,61,ee59fe00,0.0,0.0,0.0,0.0,0.0,0.0
2026-05-25 09:59:38.778488,1779717578.778488,3081536,-3701736,164376694,17299,200364,-9129,61,ee59fe00,0.0,0.0,0.0,0.0,0.0,0.0
2026-05-25 09:59:38.787179,1779717578.787179,3081536,-3701736,164376694,17299,200364,-9129,61,ee59fe00,0.0,0.0,0.0,0.0,0.0,0.0
2026-05-25 09:59:38.794676,1779717578.794676,2764342,-3714490,164481513,40749,162271,20526,61,ee59fe00,0.0,0.0,0.0,0.0,0.0,0.0
2026-05-25 09:59:38.803948,1779717578.803948,2764342,-3714490,164481513,40749,162271,20526,61,ee59fe00,0.0,0.0,0.0,0.0,0.0,0.0
2026-05-25 09:59:38.811365,1779717578.811365,2701126,-3583771,164485596,39441,155757,15219,61,ee5afe00,0.0,0.0,0.0,0.0,0.0,0.0
2026-05-25 09:59:38.820910,1779717578.820910,2701126,-3583771,164485596,39441,155757,15219,61,ee5afe00,0.0,0.0,0.0,0.0,0.0,0.0
2026-05-25 09:59:38.828317,1779717578.828317,2323285,-3663060,164501438,22267,147029,11588,61,ee5afe00,0.0,0.0,0.0,0.0,0.0,0.0
2026-05-25 09:59:38.836907,1779717578.836907,2323285,-3663060,164501438,22267,147029,11588,61,ee5afe00,0.0,0.0,0.0,0.0,0.0,0.0
2026-05-25 09:59:38.844793,1779717578.844793,2467792,-3651321,164543790,22009,81758,-1234,61,ee5afe00,0.0,0.0,0.0,0.0,0.0,0.0
2026-05-25 09:59:38.854080,1779717578.854080,2467792,-3651321,164543790,22009,81758,-1234,61,ee5afe00,0.0,0.0,0.0,0.0,0.0,0.0
2026-05-25 09:59:38.861748,1779717578.861748,2501887,-3780456,164491020,24205,29102,-32429,61,ee5afe00,0.0,0.0,0.0,0.0,0.0,0.0
2026-05-25 09:59:38.871382,1779717578.871382,2501887,-3780456,164491020,24205,29102,-32429,61,ee5afe00,0.0,0.0,0.0,0.0,0.0,0.0
2026-05-25 09:59:38.881356,1779717578.881356,2673654,-3760858,164403251,50581,-57164,-15914,61,ee5afe00,0.0,0.0,0.0,0.0,0.0,0.0
2026-05-25 09:59:38.891091,1779717578.891091,2673654,-3760858,164403251,50581,-57164,-15914,61,ee5afe00,0.0,0.0,0.0,0.0,0.0,0.0
2026-05-25 09:59:38.898745,1779717578.898745,2797734,-3851652,164275196,39639,-27707,-14479,61,ee5afe00,0.0,0.0,0.0,0.0,0.0,0.0
2026-05-25 09:59:38.908335,1779717578.908335,2797734,-3851652,164275196,39639,-27707,-14479,61,ee5afe00,0.0,0.0,0.0,0.0,0.0,0.0
2026-05-25 09:59:38.917167,1779717578.917167,2862725,-3831835,164313717,37875,22977,9227,61,ee59fe00,0.0,0.0,0.0,0.0,0.0,0.0
2026-05-25 09:59:38.926889,1779717578.926889,2862725,-3831835,164313717,37875,22977,9227,61,ee59fe00,0.0,0.0,0.0,0.0,0.0,0.0
2026-05-25 09:59:38.934293,1779717578.934293,2895541,-3847399,164324287,31904,15641,18400,61,ee5afe00,0.0,0.0,0.0,0.0,0.0,0.0
2026-05-25 09:59:38.943494,1779717578.943494,2895541,-3847399,164324287,31904,15641,18400,61,ee5afe00,0.0,0.0,0.0,0.0,0.0,0.0
2026-05-25 09:59:38.952433,1779717578.952433,2812448,-3771757,164353165,8945,16966,-5160,61,ee5afe00,0.0,0.0,0.0,0.0,0.0,0.0
2026-05-25 09:59:38.963652,1779717578.963652,2812448,-3771757,164353165,8945,16966,-5160,61,ee5afe00,0.0,0.0,0.0,0.0,0.0,0.0
2026-05-25 09:59:38.971180,1779717578.971180,2790208,-3746995,164384888,-11449,-16834,-25896,61,ee5afe00,0.0,0.0,0.0,0.0,0.0,0.0
2026-05-25 09:59:38.980849,1779717578.980849,2790208,-3746995,164384888,-11449,-16834,-25896,61,ee5afe00,0.0,0.0,0.0,0.0,0.0,0.0
2026-05-25 09:59:38.988399,1779717578.988399,2783522,-3677097,164346734,-11773,1031,-56351,61,ee5afe00,0.0,0.0,0.0,0.0,0.0,0.0
2026-05-25 09:59:38.997883,1779717578.997883,2783522,-3677097,164346734,-11773,1031,-56351,61,ee5afe00,0.0,0.0,0.0,0.0,0.0,0.0
2026-05-25 09:59:39.006252,1779717579.006252,2839832,-3659081,164340714,-21902,14945,-63717,61,ee5afe00,0.0,0.0,0.0,0.0,0.0,0.0
2026-05-25 09:59:39.019038,1779717579.019038,2839832,-3659081,164340714,-21902,14945,-63717,61,ee5afe00,0.0,0.0,0.0,0.0,0.0,0.0
2026-05-25 09:59:39.028100,1779717579.028100,2858095,-3645120,164286042,12140,27447,-50483,61,ee59fe00,0.0,0.0,0.0,0.0,0.0,0.0
2026-05-25 09:59:39.037167,1779717579.037167,2858095,-3645120,164286042,12140,27447,-50483,61,ee59fe00,0.0,0.0,0.0,0.0,0.0,0.0
2026-05-25 09:59:39.045224,1779717579.045224,2845449,-3704114,164269714,3136,65777,-5988,61,ee59fe00,0.0,0.0,0.0,0.0,0.0,0.0
2026-05-25 09:59:39.054033,1779717579.054033,2845449,-3704114,164269714,3136,65777,-5988,61,ee59fe00,0.0,0.0,0.0,0.0,0.0,0.0
2026-05-25 09:59:39.063498,1779717579.063498,2834323,-3813707,164287349,21084,72050,4476,61,ee59fe00,0.0,0.0,0.0,0.0,0.0,0.0
2026-05-25 09:59:39.073099,1779717579.073099,2834323,-3813707,164287349,21084,72050,4476,61,ee59fe00,0.0,0.0,0.0,0.0,0.0,0.0
2026-05-25 09:59:39.081583,1779717579.081583,2807967,-3921655,164292291,-6831,101719,2071,61,ee59fe00,0.0,0.0,0.0,0.0,0.0,0.0
2026-05-25 09:59:39.091473,1779717579.091473,2807967,-3921655,164292291,-6831,101719,2071,61,ee59fe00,0.0,0.0,0.0,0.0,0.0,0.0
2026-05-25 09:59:39.102641,1779717579.102641,2818290,-3959725,164312204,-11753,91816,-38041,61,ee5afe00,0.0,0.0,0.0,0.0,0.0,0.0
2026-05-25 09:59:39.149564,1779717579.149564,2818290,-3959725,164312204,-11753,91816,-38041,61,ee5afe00,0.0,0.0,0.0,0.0,0.0,0.0
2026-05-25 09:59:39.174610,1779717579.174610,2839601,-3953901,164317616,-5542,72689,-54478,61,ee5afe00,0.0,0.0,0.0,0.0,0.0,0.0
2026-05-25 09:59:39.191690,1779717579.191690,2839601,-3953901,164317616,-5542,72689,-54478,61,ee5afe00,0.0,0.0,0.0,0.0,0.0,0.0
2026-05-25 09:59:39.208045,1779717579.208045,2904891,-3888489,164352465,29632,63818,-46992,61,ee5afe00,0.0,0.0,0.0,0.0,0.0,0.0
2026-05-25 09:59:39.227393,1779717579.227393,2904891,-3888489,164352465,29632,63818,-46992,61,ee5afe00,0.0,0.0,0.0,0.0,0.0,0.0
2026-05-25 09:59:39.241128,1779717579.241128,2713812,-3777260,164351917,36820,29885,-23034,61,ee5afe00,0.0,0.0,0.0,0.0,0.0,0.0
2026-05-25 09:59:39.255536,1779717579.255536,2713812,-3777260,164351917,36820,29885,-23034,61,ee5afe00,0.0,0.0,0.0,0.0,0.0,0.0
2026-05-25 09:59:39.267084,1779717579.267084,2774987,-3700182,164374035,25933,55676,-12714,61,ee5afe00,0.0,0.0,0.0,0.0,0.0,0.0
2026-05-25 09:59:39.279768,1779717579.279768,2774987,-3700182,164374035,25933,55676,-12714,61,ee5afe00,0.0,0.0,0.0,0.0,0.0,0.0
2026-05-25 09:59:39.289267,1779717579.289267,2499727,-3671217,164451664,21937,68025,9931,61,ee5afe00,0.0,0.0,0.0,0.0,0.0,0.0
2026-05-25 09:59:39.301063,1779717579.301063,2499727,-3671217,164451664,21937,68025,9931,61,ee5afe00,0.0,0.0,0.0,0.0,0.0,0.0
2026-05-25 09:59:39.310885,1779717579.310885,2698325,-3653531,164444902,38767,57562,-1204,61,ee59fe00,0.0,0.0,0.0,0.0,0.0,0.0
2026-05-25 09:59:39.322585,1779717579.322585,2698325,-3653531,164444902,38767,57562,-1204,61,ee59fe00,0.0,0.0,0.0,0.0,0.0,0.0
2026-05-25 09:59:39.331857,1779717579.331857,2641987,-3634655,164455249,18495,44300,-9797,61,ee59fe00,0.0,0.0,0.0,0.0,0.0,0.0
2026-05-25 09:59:39.343274,1779717579.343274,2641987,-3634655,164455249,18495,44300,-9797,61,ee59fe00,0.0,0.0,0.0,0.0,0.0,0.0
2026-05-25 09:59:39.354410,1779717579.354410,2892549,-3616322,164376586,60360,-22872,-41429,61,ee59fe00,0.0,0.0,0.0,0.0,0.0,0.0
2026-05-25 09:59:39.368770,1779717579.368770,2892549,-3616322,164376586,60360,-22872,-41429,61,ee59fe00,0.0,0.0,0.0,0.0,0.0,0.0
2026-05-25 09:59:39.380438,1779717579.380438,2889204,-3700678,164214891,54274,-11512,-26610,61,ee59fe00,0.0,0.0,0.0,0.0,0.0,0.0
2026-05-25 09:59:39.395992,1779717579.395992,2889204,-3700678,164214891,54274,-11512,-26610,61,ee59fe00,0.0,0.0,0.0,0.0,0.0,0.0
2026-05-25 09:59:39.404696,1779717579.404696,3010395,-3752388,164292059,47052,51280,-29647,61,ee59fe00,0.0,0.0,0.0,0.0,0.0,0.0
2026-05-25 09:59:39.414565,1779717579.414565,3010395,-3752388,164292059,47052,51280,-29647,61,ee59fe00,0.0,0.0,0.0,0.0,0.0,0.0
2026-05-25 09:59:39.421880,1779717579.421880,2817900,-3916240,164297510,64436,36711,3576,61,ee59fe00,0.0,0.0,0.0,0.0,0.0,0.0
2026-05-25 09:59:39.431528,1779717579.431528,2817900,-3916240,164297510,64436,36711,3576,61,ee59fe00,0.0,0.0,0.0,0.0,0.0,0.0
2026-05-25 09:59:39.439932,1779717579.439932,2826297,-3896854,164318543,47838,90098,3126,61,ee5afe00,0.0,0.0,0.0,0.0,0.0,0.0
2026-05-25 09:59:39.449854,1779717579.449854,2826297,-3896854,164318543,47838,90098,3126,61,ee5afe00,0.0,0.0,0.0,0.0,0.0,0.0
2026-05-25 09:59:39.464490,1779717579.464490,2699562,-3953725,164454096,64962,95078,-13691,61,ee59fe00,0.0,0.0,0.0,0.0,0.0,0.0
2026-05-25 09:59:39.479088,1779717579.479088,2699562,-3953725,164454096,64962,95078,-13691,61,ee59fe00,0.0,0.0,0.0,0.0,0.0,0.0
2026-05-25 09:59:39.491522,1779717579.491522,2835186,-3801325,164380793,89911,60727,-11147,61,ee59fe00,0.0,0.0,0.0,0.0,0.0,0.0
2026-05-25 09:59:39.507738,1779717579.507738,2835186,-3801325,164380793,89911,60727,-11147,61,ee59fe00,0.0,0.0,0.0,0.0,0.0,0.0
2026-05-25 09:59:39.523674,1779717579.523674,2779101,-3731891,164353664,79106,96812,-6102,61,ee59fe00,0.0,0.0,0.0,0.0,0.0,0.0
2026-05-25 09:59:39.540047,1779717579.540047,2779101,-3731891,164353664,79106,96812,-6102,61,ee59fe00,0.0,0.0,0.0,0.0,0.0,0.0
2026-05-25 09:59:39.555987,1779717579.555987,2815727,-3662218,164303762,68306,88748,-10573,61,ee59fe00,0.0,0.0,0.0,0.0,0.0,0.0
2026-05-25 09:59:39.572391,1779717579.572391,2815727,-3662218,164303762,68306,88748,-10573,61,ee59fe00,0.0,0.0,0.0,0.0,0.0,0.0
2026-05-25 09:59:39.581788,1779717579.581788,2831442,-3674149,164324696,-512,154843,-7607,61,ee59fe00,0.0,0.0,0.0,0.0,0.0,0.0
2026-05-25 09:59:39.592433,1779717579.592433,2831442,-3674149,164324696,-512,154843,-7607,61,ee59fe00,0.0,0.0,0.0,0.0,0.0,0.0
2026-05-25 09:59:39.604062,1779717579.604062,2777250,-3734479,164375961,19187,161688,-2174,61,ee59fe00,0.0,0.0,0.0,0.0,0.0,0.0
2026-05-25 09:59:39.615883,1779717579.615883,2777250,-3734479,164375961,19187,161688,-2174,61,ee59fe00,0.0,0.0,0.0,0.0,0.0,0.0
2026-05-25 09:59:39.623961,1779717579.623961,2730578,-3708294,164418081,29472,138340,-2485,61,ee59fe00,0.0,0.0,0.0,0.0,0.0,0.0
2026-05-25 09:59:39.633573,1779717579.633573,2730578,-3708294,164418081,29472,138340,-2485,61,ee59fe00,0.0,0.0,0.0,0.0,0.0,0.0
2026-05-25 09:59:39.648673,1779717579.648673,2696554,-3762952,164401374,69561,114787,-7014,61,ee5afe00,0.0,0.0,0.0,0.0,0.0,0.0
2026-05-25 09:59:39.658714,1779717579.658714,2696554,-3762952,164401374,69561,114787,-7014,61,ee5afe00,0.0,0.0,0.0,0.0,0.0,0.0
2026-05-25 09:59:39.670153,1779717579.670153,2696554,-3762952,164401374,69561,114787,-7014,61,ee5afe00,0.0,0.0,0.0,0.0,0.0,0.0
2026-05-25 09:59:39.676649,1779717579.676649,2645805,-3749419,164418945,51793,99850,6964,61,ee5afe00,0.0,0.0,0.0,0.0,0.0,0.0
2026-05-25 09:59:39.692285,1779717579.692285,2632926,-3744694,164381701,59574,39556,-626,61,ee5afe00,0.0,0.0,0.0,0.0,0.0,0.0
2026-05-25 09:59:39.710925,1779717579.710925,2632926,-3744694,164381701,59574,39556,-626,61,ee5afe00,0.0,0.0,0.0,0.0,0.0,0.0
2026-05-25 09:59:39.726297,1779717579.726297,2746125,-3751258,164341777,23614,40675,19923,61,ee5afe00,0.0,0.0,0.0,0.0,0.0,0.0
2026-05-25 09:59:39.745194,1779717579.745194,2746125,-3751258,164341777,23614,40675,19923,61,ee5afe00,0.0,0.0,0.0,0.0,0.0,0.0
2026-05-25 09:59:39.759934,1779717579.759934,2686901,-3798109,164353518,49990,-647,8400,61,ee5afe00,0.0,0.0,0.0,0.0,0.0,0.0
2026-05-25 09:59:39.778297,1779717579.778297,2686901,-3798109,164353518,49990,-647,8400,61,ee5afe00,0.0,0.0,0.0,0.0,0.0,0.0
2026-05-25 09:59:39.792910,1779717579.792910,2796764,-3785855,164328174,39243,6415,27137,61,ee5afe00,0.0,0.0,0.0,0.0,0.0,0.0
2026-05-25 09:59:39.811186,1779717579.811186,2796764,-3785855,164328174,39243,6415,27137,61,ee5afe00,0.0,0.0,0.0,0.0,0.0,0.0
2026-05-25 09:59:39.824895,1779717579.824895,2788600,-3824604,164379989,41152,17877,5389,61,ee59fe00,0.0,0.0,0.0,0.0,0.0,0.0
2026-05-25 09:59:39.842848,1779717579.842848,2788600,-3824604,164379989,41152,17877,5389,61,ee59fe00,0.0,0.0,0.0,0.0,0.0,0.0
2026-05-25 09:59:39.857073,1779717579.857073,2878041,-3840552,164343927,60068,46522,-4639,61,ee59fe00,0.0,0.0,0.0,0.0,0.0,0.0
2026-05-25 09:59:39.873044,1779717579.873044,2878041,-3840552,164343927,60068,46522,-4639,61,ee59fe00,0.0,0.0,0.0,0.0,0.0,0.0
2026-05-25 09:59:39.881180,1779717579.881180,2798657,-3877993,164351033,112809,50804,-11366,61,ee5afe00,0.0,0.0,0.0,0.0,0.0,0.0
2026-05-25 09:59:39.899516,1779717579.899516,2798657,-3877993,164351033,112809,50804,-11366,61,ee5afe00,0.0,0.0,0.0,0.0,0.0,0.0
2026-05-25 09:59:39.914196,1779717579.914196,2782186,-3857210,164330869,130799,43090,-2527,61,ee59fe00,0.0,0.0,0.0,0.0,0.0,0.0
2026-05-25 09:59:39.925948,1779717579.925948,2782186,-3857210,164330869,130799,43090,-2527,61,ee59fe00,0.0,0.0,0.0,0.0,0.0,0.0
2026-05-25 09:59:39.933833,1779717579.933833,2685814,-3848338,164325877,104185,28811,-2968,61,ee59fe00,0.0,0.0,0.0,0.0,0.0,0.0
2026-05-25 09:59:39.943104,1779717579.943104,2685814,-3848338,164325877,104185,28811,-2968,61,ee59fe00,0.0,0.0,0.0,0.0,0.0,0.0
2026-05-25 09:59:39.952095,1779717579.952095,2688908,-3791174,164320208,72841,2961,-2625,61,ee59fe00,0.0,0.0,0.0,0.0,0.0,0.0
2026-05-25 09:59:39.961450,1779717579.961450,2688908,-3791174,164320208,72841,2961,-2625,61,ee59fe00,0.0,0.0,0.0,0.0,0.0,0.0
2026-05-25 09:59:39.968602,1779717579.968602,2754041,-3717260,164298469,66500,-461,-27770,61,ee59fe00,0.0,0.0,0.0,0.0,0.0,0.0
2026-05-25 09:59:39.977132,1779717579.977132,2754041,-3717260,164298469,66500,-461,-27770,61,ee59fe00,0.0,0.0,0.0,0.0,0.0,0.0
2026-05-25 09:59:39.984773,1779717579.984773,2878168,-3674345,164358266,66065,11098,-35003,61,ee59fe00,0.0,0.0,0.0,0.0,0.0,0.0
2026-05-25 09:59:39.993994,1779717579.993994,2878168,-3674345,164358266,66065,11098,-35003,61,ee59fe00,0.0,0.0,0.0,0.0,0.0,0.0
2026-05-25 09:59:40.001430,1779717580.001430,2921970,-3679222,164378318,35429,52878,-38032,61,ee5afe00,0.0,0.0,0.0,0.0,0.0,0.0
2026-05-25 09:59:40.010533,1779717580.010533,2921970,-3679222,164378318,35429,52878,-38032,61,ee5afe00,0.0,0.0,0.0,0.0,0.0,0.0
2026-05-25 09:59:40.019324,1779717580.019324,2912414,-3769120,164355405,27569,98850,-52396,61,ee5afe00,0.0,0.0,0.0,0.0,0.0,0.0
2026-05-25 09:59:40.027808,1779717580.027808,2912414,-3769120,164355405,27569,98850,-52396,61,ee5afe00,0.0,0.0,0.0,0.0,0.0,0.0
2026-05-25 09:59:40.035932,1779717580.035932,2825091,-3839906,164312395,21905,135108,-38248,61,ee5afe00,0.0,0.0,0.0,0.0,0.0,0.0
2026-05-25 09:59:40.045797,1779717580.045797,2825091,-3839906,164312395,21905,135108,-38248,61,ee5afe00,0.0,0.0,0.0,0.0,0.0,0.0
2026-05-25 09:59:40.053733,1779717580.053733,2730784,-3888282,164327321,48116,160080,-52816,61,ee5afe00,0.0,0.0,0.0,0.0,0.0,0.0
2026-05-25 09:59:40.064948,1779717580.064948,2730784,-3888282,164327321,48116,160080,-52816,61,ee5afe00,0.0,0.0,0.0,0.0,0.0,0.0
2026-05-25 09:59:40.072913,1779717580.072913,2603575,-3882194,164382847,56912,110971,-28691,61,ee5afe00,0.0,0.0,0.0,0.0,0.0,0.0
2026-05-25 09:59:40.083043,1779717580.083043,2603575,-3882194,164382847,56912,110971,-28691,61,ee5afe00,0.0,0.0,0.0,0.0,0.0,0.0
2026-05-25 09:59:40.090875,1779717580.090875,2598917,-3867762,164420469,69819,51139,-53208,61,ee5afe00,0.0,0.0,0.0,0.0,0.0,0.0
2026-05-25 09:59:40.101120,1779717580.101120,2598917,-3867762,164420469,69819,51139,-53208,61,ee5afe00,0.0,0.0,0.0,0.0,0.0,0.0
2026-05-25 09:59:40.109490,1779717580.109490,2654228,-3813648,164419531,57213,31496,-40404,61,ee59fe00,0.0,0.0,0.0,0.0,0.0,0.0
2026-05-25 09:59:40.118742,1779717580.118742,2654228,-3813648,164419531,57213,31496,-40404,61,ee59fe00,0.0,0.0,0.0,0.0,0.0,0.0
2026-05-25 09:59:40.126412,1779717580.126412,2750517,-3734048,164381109,70770,18296,-55581,61,ee59fe00,0.0,0.0,0.0,0.0,0.0,0.0
2026-05-25 09:59:40.136078,1779717580.136078,2750517,-3734048,164381109,70770,18296,-55581,61,ee59fe00,0.0,0.0,0.0,0.0,0.0,0.0
2026-05-25 09:59:40.146631,1779717580.146631,2798182,-3700994,164322814,56917,36491,-37245,61,ee59fe00,0.0,0.0,0.0,0.0,0.0,0.0
2026-05-25 09:59:40.156190,1779717580.156190,2798182,-3700994,164322814,56917,36491,-37245,61,ee59fe00,0.0,0.0,0.0,0.0,0.0,0.0
2026-05-25 09:59:40.164413,1779717580.164413,2826425,-3656911,164283428,41258,47950,-18046,61,ee59fe00,0.0,0.0,0.0,0.0,0.0,0.0
2026-05-25 09:59:40.176066,1779717580.176066,2826425,-3656911,164283428,41258,47950,-18046,61,ee59fe00,0.0,0.0,0.0,0.0,0.0,0.0
2026-05-25 09:59:40.184453,1779717580.184453,2817320,-3655108,164275715,18353,89094,19051,61,ee59fe00,0.0,0.0,0.0,0.0,0.0,0.0
2026-05-25 09:59:40.195839,1779717580.195839,2817320,-3655108,164275715,18353,89094,19051,61,ee59fe00,0.0,0.0,0.0,0.0,0.0,0.0
2026-05-25 09:59:40.210009,1779717580.210009,2775164,-3722517,164322896,15880,90290,16861,61,ee5afe00,0.0,0.0,0.0,0.0,0.0,0.0
2026-05-25 09:59:40.227638,1779717580.227638,2775164,-3722517,164322896,15880,90290,16861,61,ee5afe00,0.0,0.0,0.0,0.0,0.0,0.0
2026-05-25 09:59:40.242129,1779717580.242129,2719891,-3745537,164404792,11202,107475,654,61,ee59fe00,0.0,0.0,0.0,0.0,0.0,0.0
2026-05-25 09:59:40.260119,1779717580.260119,2719891,-3745537,164404792,11202,107475,654,61,ee59fe00,0.0,0.0,0.0,0.0,0.0,0.0
2026-05-25 09:59:40.275497,1779717580.275497,2684721,-3828918,164424103,35203,76978,-25423,61,ee5afe00,0.0,0.0,0.0,0.0,0.0,0.0
2026-05-25 09:59:40.293730,1779717580.293730,2684721,-3828918,164424103,35203,76978,-25423,61,ee5afe00,0.0,0.0,0.0,0.0,0.0,0.0
2026-05-25 09:59:40.308461,1779717580.308461,2723992,-3867108,164438855,52460,49533,-28421,61,ee5afe00,0.0,0.0,0.0,0.0,0.0,0.0
2026-05-25 09:59:40.326857,1779717580.326857,2723992,-3867108,164438855,52460,49533,-28421,61,ee5afe00,0.0,0.0,0.0,0.0,0.0,0.0
2026-05-25 09:59:40.341881,1779717580.341881,2791375,-3866657,164345331,59371,33437,-30910,61,ee5afe00,0.0,0.0,0.0,0.0,0.0,0.0
2026-05-25 09:59:40.359318,1779717580.359318,2791375,-3866657,164345331,59371,33437,-30910,61,ee5afe00,0.0,0.0,0.0,0.0,0.0,0.0
2026-05-25 09:59:40.374049,1779717580.374049,2851337,-3867452,164277390,76948,36838,-11155,61,ee59fe00,0.0,0.0,0.0,0.0,0.0,0.0
2026-05-25 09:59:40.391732,1779717580.391732,2851337,-3867452,164277390,76948,36838,-11155,61,ee59fe00,0.0,0.0,0.0,0.0,0.0,0.0
2026-05-25 09:59:40.413062,1779717580.413062,2884027,-3848215,164251207,69087,85962,329,61,ee59fe00,0.0,0.0,0.0,0.0,0.0,0.0
2026-05-25 09:59:40.430503,1779717580.430503,2884027,-3848215,164251207,69087,85962,329,61,ee59fe00,0.0,0.0,0.0,0.0,0.0,0.0
2026-05-25 09:59:40.443582,1779717580.443582,2882433,-3832067,164229455,66212,120977,818,61,ee59fe00,0.0,0.0,0.0,0.0,0.0,0.0
2026-05-25 09:59:40.461236,1779717580.461236,2882433,-3832067,164229455,66212,120977,818,61,ee59fe00,0.0,0.0,0.0,0.0,0.0,0.0
2026-05-25 09:59:40.475439,1779717580.475439,2901573,-3767901,164268049,10807,182955,-6191,61,ee59fe00,0.0,0.0,0.0,0.0,0.0,0.0
2026-05-25 09:59:40.485581,1779717580.485581,2901573,-3767901,164268049,10807,182955,-6191,61,ee59fe00,0.0,0.0,0.0,0.0,0.0,0.0
2026-05-25 09:59:40.494008,1779717580.494008,2917866,-3748968,164269254,-18499,221023,-6578,61,ee59fe00,0.0,0.0,0.0,0.0,0.0,0.0
2026-05-25 09:59:40.511425,1779717580.511425,2917866,-3748968,164269254,-18499,221023,-6578,61,ee59fe00,0.0,0.0,0.0,0.0,0.0,0.0
2026-05-25 09:59:40.525496,1779717580.525496,2787617,-3670442,164325433,-49198,236013,11929,61,ee5afe00,0.0,0.0,0.0,0.0,0.0,0.0
2026-05-25 09:59:40.538984,1779717580.538984,2787617,-3670442,164325433,-49198,236013,11929,61,ee5afe00,0.0,0.0,0.0,0.0,0.0,0.0
2026-05-25 09:59:40.550572,1779717580.550572,2775425,-3668313,164375595,-28594,244476,29612,61,ee5afe00,0.0,0.0,0.0,0.0,0.0,0.0
2026-05-25 09:59:40.565810,1779717580.565810,2775425,-3668313,164375595,-28594,244476,29612,61,ee5afe00,0.0,0.0,0.0,0.0,0.0,0.0
2026-05-25 09:59:40.580675,1779717580.580675,2504215,-3656472,164469701,-18685,219237,37738,61,ee5afe00,0.0,0.0,0.0,0.0,0.0,0.0
2026-05-25 09:59:40.589854,1779717580.589854,2504215,-3656472,164469701,-18685,219237,37738,61,ee5afe00,0.0,0.0,0.0,0.0,0.0,0.0
2026-05-25 09:59:40.598399,1779717580.598399,2560007,-3684722,164436545,-29936,172137,16900,61,ee59fe00,0.0,0.0,0.0,0.0,0.0,0.0
2026-05-25 09:59:40.608677,1779717580.608677,2560007,-3684722,164436545,-29936,172137,16900,61,ee59fe00,0.0,0.0,0.0,0.0,0.0,0.0
2026-05-25 09:59:40.616416,1779717580.616416,2415423,-3729005,164499330,-72529,157874,12543,61,ee59fe00,0.0,0.0,0.0,0.0,0.0,0.0
2026-05-25 09:59:40.625844,1779717580.625844,2415423,-3729005,164499330,-72529,157874,12543,61,ee59fe00,0.0,0.0,0.0,0.0,0.0,0.0
2026-05-25 09:59:40.634254,1779717580.634254,2598675,-3751647,164432460,-19650,62515,-5209,61,ee59fe00,0.0,0.0,0.0,0.0,0.0,0.0
2026-05-25 09:59:40.644391,1779717580.644391,2598675,-3751647,164432460,-19650,62515,-5209,61,ee59fe00,0.0,0.0,0.0,0.0,0.0,0.0
2026-05-25 09:59:40.652344,1779717580.652344,2639307,-3819100,164292862,-17393,49392,-8405,61,ee59fe00,0.0,0.0,0.0,0.0,0.0,0.0
2026-05-25 09:59:40.661592,1779717580.661592,2639307,-3819100,164292862,-17393,49392,-8405,61,ee59fe00,0.0,0.0,0.0,0.0,0.0,0.0
2026-05-25 09:59:40.673775,1779717580.673775,2876015,-3809365,164316696,-4925,20770,-29633,61,ee5afe00,0.0,0.0,0.0,0.0,0.0,0.0
2026-05-25 09:59:40.693897,1779717580.693897,2876015,-3809365,164316696,-4925,20770,-29633,61,ee5afe00,0.0,0.0,0.0,0.0,0.0,0.0
2026-05-25 09:59:40.708016,1779717580.708016,2837162,-3925738,164248300,-24096,64782,11817,61,ee5afe00,0.0,0.0,0.0,0.0,0.0,0.0
2026-05-25 09:59:40.726663,1779717580.726663,2837162,-3925738,164248300,-24096,64782,11817,61,ee5afe00,0.0,0.0,0.0,0.0,0.0,0.0
2026-05-25 09:59:40.741680,1779717580.741680,2916354,-3906077,164289754,-16881,102376,16186,61,ee5afe00,0.0,0.0,0.0,0.0,0.0,0.0
2026-05-25 09:59:40.759524,1779717580.759524,2916354,-3906077,164289754,-16881,102376,16186,61,ee5afe00,0.0,0.0,0.0,0.0,0.0,0.0
2026-05-25 09:59:40.772341,1779717580.772341,2789641,-3952140,164420569,11185,144596,6405,61,ee59fe00,0.0,0.0,0.0,0.0,0.0,0.0
2026-05-25 09:59:40.781541,1779717580.781541,2789641,-3952140,164420569,11185,144596,6405,61,ee59fe00,0.0,0.0,0.0,0.0,0.0,0.0
2026-05-25 09:59:40.795141,1779717580.795141,2782054,-3862018,164415267,95205,69465,7153,61,ee59fe00,0.0,0.0,0.0,0.0,0.0,0.0
2026-05-25 09:59:40.814066,1779717580.814066,2782054,-3862018,164415267,95205,69465,7153,61,ee59fe00,0.0,0.0,0.0,0.0,0.0,0.0
2026-05-25 09:59:40.827882,1779717580.827882,2580772,-3776171,164394686,76889,68189,-6107,61,ee59fe00,0.0,0.0,0.0,0.0,0.0,0.0
2026-05-25 09:59:40.840361,1779717580.840361,2580772,-3776171,164394686,76889,68189,-6107,61,ee59fe00,0.0,0.0,0.0,0.0,0.0,0.0
2026-05-25 09:59:40.847692,1779717580.847692,2563876,-3724004,164357302,102833,-18185,-37367,61,ee59fe00,0.0,0.0,0.0,0.0,0.0,0.0
2026-05-25 09:59:40.856237,1779717580.856237,2563876,-3724004,164357302,102833,-18185,-37367,61,ee59fe00,0.0,0.0,0.0,0.0,0.0,0.0
2026-05-25 09:59:40.862979,1779717580.862979,2725644,-3652709,164332801,71316,5504,-27322,61,ee59fe00,0.0,0.0,0.0,0.0,0.0,0.0
2026-05-25 09:59:40.871868,1779717580.871868,2725644,-3652709,164332801,71316,5504,-27322,61,ee59fe00,0.0,0.0,0.0,0.0,0.0,0.0
2026-05-25 09:59:40.879627,1779717580.879627,2816572,-3624408,164317354,100247,-9830,-29138,61,ee59fe00,0.0,0.0,0.0,0.0,0.0,0.0
2026-05-25 09:59:40.888028,1779717580.888028,2816572,-3624408,164317354,100247,-9830,-29138,61,ee59fe00,0.0,0.0,0.0,0.0,0.0,0.0
2026-05-25 09:59:40.894679,1779717580.894679,2973397,-3625315,164238391,90385,16568,8323,61,ee59fe00,0.0,0.0,0.0,0.0,0.0,0.0
2026-05-25 09:59:40.902736,1779717580.902736,2973397,-3625315,164238391,90385,16568,8323,61,ee59fe00,0.0,0.0,0.0,0.0,0.0,0.0
2026-05-25 09:59:40.909323,1779717580.909323,2969350,-3702890,164202949,80097,64040,-17606,61,ee59fe00,0.0,0.0,0.0,0.0,0.0,0.0
2026-05-25 09:59:40.917919,1779717580.917919,2969350,-3702890,164202949,80097,64040,-17606,61,ee59fe00,0.0,0.0,0.0,0.0,0.0,0.0
2026-05-25 09:59:40.924696,1779717580.924696,2886721,-3775752,164308688,51030,101881,-21474,61,ee59fe00,0.0,0.0,0.0,0.0,0.0,0.0
2026-05-25 09:59:40.932692,1779717580.932692,2886721,-3775752,164308688,51030,101881,-21474,61,ee59fe00,0.0,0.0,0.0,0.0,0.0,0.0
2026-05-25 09:59:40.939151,1779717580.939151,2824249,-3829751,164302148,40638,92376,-46648,61,ee59fe00,0.0,0.0,0.0,0.0,0.0,0.0
2026-05-25 09:59:40.946895,1779717580.946895,2824249,-3829751,164302148,40638,92376,-46648,61,ee59fe00,0.0,0.0,0.0,0.0,0.0,0.0
2026-05-25 09:59:40.953345,1779717580.953345,2865211,-3857859,164298877,-23336,115320,-36408,61,ee59fe00,0.0,0.0,0.0,0.0,0.0,0.0
2026-05-25 09:59:40.961307,1779717580.961307,2865211,-3857859,164298877,-23336,115320,-36408,61,ee59fe00,0.0,0.0,0.0,0.0,0.0,0.0
2026-05-25 09:59:40.968036,1779717580.968036,2812619,-3947018,164293972,-31951,118154,-43098,61,ee59fe00,0.0,0.0,0.0,0.0,0.0,0.0
2026-05-25 09:59:40.976003,1779717580.976003,2812619,-3947018,164293972,-31951,118154,-43098,61,ee59fe00,0.0,0.0,0.0,0.0,0.0,0.0
2026-05-25 09:59:40.982521,1779717580.982521,2855990,-3944763,164348103,-26756,145142,-5682,61,ee59fe00,0.0,0.0,0.0,0.0,0.0,0.0
2026-05-25 09:59:40.991952,1779717580.991952,2855990,-3944763,164348103,-26756,145142,-5682,61,ee59fe00,0.0,0.0,0.0,0.0,0.0,0.0
2026-05-25 09:59:40.999374,1779717580.999374,2761538,-3937365,164392942,120,123121,-5131,61,ee5afe00,0.0,0.0,0.0,0.0,0.0,0.0
2026-05-25 09:59:41.008152,1779717581.008152,2761538,-3937365,164392942,120,123121,-5131,61,ee5afe00,0.0,0.0,0.0,0.0,0.0,0.0
2026-05-25 09:59:41.015267,1779717581.015267,2767604,-3810875,164484320,55607,125802,9931,61,ee5afe00,0.0,0.0,0.0,0.0,0.0,0.0
2026-05-25 09:59:41.023314,1779717581.023314,2767604,-3810875,164484320,55607,125802,9931,61,ee5afe00,0.0,0.0,0.0,0.0,0.0,0.0
2026-05-25 09:59:41.029848,1779717581.029848,2607693,-3798265,164448859,95365,63296,67,61,ee5afe00,0.0,0.0,0.0,0.0,0.0,0.0
2026-05-25 09:59:41.038975,1779717581.038975,2607693,-3798265,164448859,95365,63296,67,61,ee5afe00,0.0,0.0,0.0,0.0,0.0,0.0
2026-05-25 09:59:41.047636,1779717581.047636,2606146,-3755309,164511814,91775,47592,-20723,61,ee5afe00,0.0,0.0,0.0,0.0,0.0,0.0
2026-05-25 09:59:41.057114,1779717581.057114,2606146,-3755309,164511814,91775,47592,-20723,61,ee5afe00,0.0,0.0,0.0,0.0,0.0,0.0
2026-05-25 09:59:41.064305,1779717581.064305,2491726,-3824855,164459428,88684,6856,-38290,61,ee59fe00,0.0,0.0,0.0,0.0,0.0,0.0
2026-05-25 09:59:41.073087,1779717581.073087,2491726,-3824855,164459428,88684,6856,-38290,61,ee59fe00,0.0,0.0,0.0,0.0,0.0,0.0
2026-05-25 09:59:41.079877,1779717581.079877,2683719,-3766242,164384902,44157,-31203,-48811,61,ee59fe00,0.0,0.0,0.0,0.0,0.0,0.0
2026-05-25 09:59:41.088085,1779717581.088085,2683719,-3766242,164384902,44157,-31203,-48811,61,ee59fe00,0.0,0.0,0.0,0.0,0.0,0.0
2026-05-25 09:59:41.094729,1779717581.094729,2757888,-3765336,164345696,44817,-55161,-75097,61,ee59fe00,0.0,0.0,0.0,0.0,0.0,0.0
2026-05-25 09:59:41.102729,1779717581.102729,2757888,-3765336,164345696,44817,-55161,-75097,61,ee59fe00,0.0,0.0,0.0,0.0,0.0,0.0
2026-05-25 09:59:41.109120,1779717581.109120,2927881,-3713618,164330131,49020,-62173,-75524,61,ee59fe00,0.0,0.0,0.0,0.0,0.0,0.0
2026-05-25 09:59:41.117732,1779717581.117732,2927881,-3713618,164330131,49020,-62173,-75524,61,ee59fe00,0.0,0.0,0.0,0.0,0.0,0.0
2026-05-25 09:59:41.125231,1779717581.125231,2888307,-3740550,164296723,51236,-28566,-41720,61,ee59fe00,0.0,0.0,0.0,0.0,0.0,0.0
2026-05-25 09:59:41.134290,1779717581.134290,2888307,-3740550,164296723,51236,-28566,-41720,61,ee59fe00,0.0,0.0,0.0,0.0,0.0,0.0
2026-05-25 09:59:41.141059,1779717581.141059,2834775,-3769203,164353301,59326,16263,-5583,61,ee59fe00,0.0,0.0,0.0,0.0,0.0,0.0
2026-05-25 09:59:41.149091,1779717581.149091,2834775,-3769203,164353301,59326,16263,-5583,61,ee59fe00,0.0,0.0,0.0,0.0,0.0,0.0
2026-05-25 09:59:41.155648,1779717581.155648,2718244,-3816685,164364337,73568,19497,-2392,61,ee59fe00,0.0,0.0,0.0,0.0,0.0,0.0
2026-05-25 09:59:41.164174,1779717581.164174,2718244,-3816685,164364337,73568,19497,-2392,61,ee59fe00,0.0,0.0,0.0,0.0,0.0,0.0
2026-05-25 09:59:41.171262,1779717581.171262,2636021,-3847393,164453373,92499,-7692,-6855,61,ee59fe00,0.0,0.0,0.0,0.0,0.0,0.0
2026-05-25 09:59:41.179639,1779717581.179639,2636021,-3847393,164453373,92499,-7692,-6855,61,ee59fe00,0.0,0.0,0.0,0.0,0.0,0.0
2026-05-25 09:59:41.189003,1779717581.189003,2596210,-3886965,164421947,102913,-69912,-23705,61,ee59fe00,0.0,0.0,0.0,0.0,0.0,0.0
2026-05-25 09:59:41.198897,1779717581.198897,2596210,-3886965,164421947,102913,-69912,-23705,61,ee59fe00,0.0,0.0,0.0,0.0,0.0,0.0
2026-05-25 09:59:41.205858,1779717581.205858,2682286,-3904353,164377885,87035,-107713,-21710,61,ee59fe00,0.0,0.0,0.0,0.0,0.0,0.0
2026-05-25 09:59:41.214332,1779717581.214332,2682286,-3904353,164377885,87035,-107713,-21710,61,ee59fe00,0.0,0.0,0.0,0.0,0.0,0.0
2026-05-25 09:59:41.221826,1779717581.221826,2820061,-3851517,164303130,105279,-120006,-22874,61,ee59fe00,0.0,0.0,0.0,0.0,0.0,0.0
2026-05-25 09:59:41.234939,1779717581.234939,2820061,-3851517,164303130,105279,-120006,-22874,61,ee59fe00,0.0,0.0,0.0,0.0,0.0,0.0
2026-05-25 09:59:41.243035,1779717581.243035,2887097,-3746872,164182753,18109,-94807,-30355,61,ee59fe00,0.0,0.0,0.0,0.0,0.0,0.0
2026-05-25 09:59:41.253375,1779717581.253375,2887097,-3746872,164182753,18109,-94807,-30355,61,ee59fe00,0.0,0.0,0.0,0.0,0.0,0.0
2026-05-25 09:59:41.262424,1779717581.262424,3345875,-3812443,164203788,-35673,165105,-720,61,ee59fe00,0.0,0.0,0.0,0.0,0.0,0.0
2026-05-25 09:59:41.272856,1779717581.272856,3345875,-3812443,164203788,-35673,165105,-720,61,ee59fe00,0.0,0.0,0.0,0.0,0.0,0.0
2026-05-25 09:59:41.282644,1779717581.282644,2895085,-3841717,164180279,5252,69320,13331,61,ee59fe00,0.0,0.0,0.0,0.0,0.0,0.0
2026-05-25 09:59:41.300057,1779717581.300057,2895085,-3841717,164180279,5252,69320,13331,61,ee59fe00,0.0,0.0,0.0,0.0,0.0,0.0
2026-05-25 09:59:41.316874,1779717581.316874,3703423,-3703455,164117224,-37031,333987,-38242,61,ee59fe00,0.0,0.0,0.0,0.0,0.0,0.0
2026-05-25 09:59:41.339319,1779717581.339319,3703423,-3703455,164117224,-37031,333987,-38242,61,ee59fe00,0.0,0.0,0.0,0.0,0.0,0.0
2026-05-25 09:59:41.353879,1779717581.353879,2560899,-3707530,164382645,32711,205216,-34939,61,ee59fe00,0.0,0.0,0.0,0.0,0.0,0.0
2026-05-25 09:59:41.365607,1779717581.365607,2560899,-3707530,164382645,32711,205216,-34939,61,ee59fe00,0.0,0.0,0.0,0.0,0.0,0.0
2026-05-25 09:59:41.372754,1779717581.372754,3178761,-3359982,164442706,117243,239931,-42009,61,ee59fe00,0.0,0.0,0.0,0.0,0.0,0.0
2026-05-25 09:59:41.383049,1779717581.383049,3178761,-3359982,164442706,117243,239931,-42009,61,ee59fe00,0.0,0.0,0.0,0.0,0.0,0.0
2026-05-25 09:59:41.391040,1779717581.391040,1687933,-3632769,164548632,89236,202224,72094,61,ee5afe00,0.0,0.0,0.0,0.0,0.0,0.0
2026-05-25 09:59:41.400508,1779717581.400508,1687933,-3632769,164548632,89236,202224,72094,61,ee5afe00,0.0,0.0,0.0,0.0,0.0,0.0
2026-05-25 09:59:41.414368,1779717581.414368,2428758,-3440826,164520095,90302,12993,25164,61,ee5afe00,0.0,0.0,0.0,0.0,0.0,0.0
2026-05-25 09:59:41.460644,1779717581.460644,2428758,-3440826,164520095,90302,12993,25164,61,ee5afe00,0.0,0.0,0.0,0.0,0.0,0.0
2026-05-25 09:59:41.481952,1779717581.481952,1929016,-3936420,164537037,-74055,48259,67853,61,ee5afe00,0.0,0.0,0.0,0.0,0.0,0.0
2026-05-25 09:59:41.498182,1779717581.498182,1929016,-3936420,164537037,-74055,48259,67853,61,ee5afe00,0.0,0.0,0.0,0.0,0.0,0.0
2026-05-25 09:59:41.506442,1779717581.506442,2910713,-3939798,164462041,53507,-156336,-16505,61,ee5afe00,0.0,0.0,0.0,0.0,0.0,0.0
2026-05-25 09:59:41.515512,1779717581.515512,2910713,-3939798,164462041,53507,-156336,-16505,61,ee5afe00,0.0,0.0,0.0,0.0,0.0,0.0
2026-05-25 09:59:41.522456,1779717581.522456,2959725,-4272467,164218705,35017,-30886,16425,61,ee5afe00,0.0,0.0,0.0,0.0,0.0,0.0
2026-05-25 09:59:41.530864,1779717581.530864,2959725,-4272467,164218705,35017,-30886,16425,61,ee5afe00,0.0,0.0,0.0,0.0,0.0,0.0
2026-05-25 09:59:41.537982,1779717581.537982,3478981,-4161193,164000060,145678,-62189,-24117,61,ee5afe00,0.0,0.0,0.0,0.0,0.0,0.0
2026-05-25 09:59:41.546757,1779717581.546757,3478981,-4161193,164000060,145678,-62189,-24117,61,ee5afe00,0.0,0.0,0.0,0.0,0.0,0.0
2026-05-25 09:59:41.553938,1779717581.553938,3116762,-4135622,164126475,43818,248317,40339,61,ee5afe00,0.0,0.0,0.0,0.0,0.0,0.0
2026-05-25 09:59:41.563343,1779717581.563343,3116762,-4135622,164126475,43818,248317,40339,61,ee5afe00,0.0,0.0,0.0,0.0,0.0,0.0
2026-05-25 09:59:41.570603,1779717581.570603,2927364,-3991354,164283524,141486,155504,-9257,61,ee59fe00,0.0,0.0,0.0,0.0,0.0,0.0
2026-05-25 09:59:41.579765,1779717581.579765,2927364,-3991354,164283524,141486,155504,-9257,61,ee59fe00,0.0,0.0,0.0,0.0,0.0,0.0
2026-05-25 09:59:41.587162,1779717581.587162,2457449,-3788414,164564622,64350,287644,24183,61,ee59fe00,0.0,0.0,0.0,0.0,0.0,0.0
2026-05-25 09:59:41.596039,1779717581.596039,2457449,-3788414,164564622,64350,287644,24183,61,ee59fe00,0.0,0.0,0.0,0.0,0.0,0.0
2026-05-25 09:59:41.603367,1779717581.603367,2054509,-3685830,164683129,124218,-8777,-68257,61,ee59fe00,0.0,0.0,0.0,0.0,0.0,0.0
2026-05-25 09:59:41.612648,1779717581.612648,2054509,-3685830,164683129,124218,-8777,-68257,61,ee59fe00,0.0,0.0,0.0,0.0,0.0,0.0
2026-05-25 09:59:41.620355,1779717581.620355,2155377,-3497007,164655659,74481,-33489,-21311,61,ee59fe00,0.0,0.0,0.0,0.0,0.0,0.0
2026-05-25 09:59:41.629018,1779717581.629018,2155377,-3497007,164655659,74481,-33489,-21311,61,ee59fe00,0.0,0.0,0.0,0.0,0.0,0.0
2026-05-25 09:59:41.638622,1779717581.638622,2274454,-3527441,164424051,64584,-229878,-91704,61,ee59fe00,0.0,0.0,0.0,0.0,0.0,0.0
2026-05-25 09:59:41.655732,1779717581.655732,2274454,-3527441,164424051,64584,-229878,-91704,61,ee59fe00,0.0,0.0,0.0,0.0,0.0,0.0
2026-05-25 09:59:41.668089,1779717581.668089,2990183,-3511127,164388550,-31084,-97128,-4908,61,ee59fe00,0.0,0.0,0.0,0.0,0.0,0.0
2026-05-25 09:59:41.681626,1779717581.681626,2990183,-3511127,164388550,-31084,-97128,-4908,61,ee59fe00,0.0,0.0,0.0,0.0,0.0,0.0
2026-05-25 09:59:41.693370,1779717581.693370,3210944,-3719686,164066408,10534,-162248,-62043,61,ee5afe00,0.0,0.0,0.0,0.0,0.0,0.0
2026-05-25 09:59:41.703333,1779717581.703333,3210944,-3719686,164066408,10534,-162248,-62043,61,ee5afe00,0.0,0.0,0.0,0.0,0.0,0.0
2026-05-25 09:59:41.711875,1779717581.711875,3774214,-3771447,164109968,-40145,162030,8912,61,ee5afe00,0.0,0.0,0.0,0.0,0.0,0.0
2026-05-25 09:59:41.722938,1779717581.722938,3774214,-3771447,164109968,-40145,162030,8912,61,ee5afe00,0.0,0.0,0.0,0.0,0.0,0.0
2026-05-25 09:59:41.730457,1779717581.730457,3241422,-3991159,164104810,61710,157632,-35467,61,ee5afe00,0.0,0.0,0.0,0.0,0.0,0.0
2026-05-25 09:59:41.739847,1779717581.739847,3241422,-3991159,164104810,61710,157632,-35467,61,ee5afe00,0.0,0.0,0.0,0.0,0.0,0.0
2026-05-25 09:59:41.754365,1779717581.754365,3330969,-3867212,164298189,-9972,412228,-2067,61,ee59fe00,0.0,0.0,0.0,0.0,0.0,0.0
2026-05-25 09:59:41.772321,1779717581.772321,3330969,-3867212,164298189,-9972,412228,-2067,61,ee59fe00,0.0,0.0,0.0,0.0,0.0,0.0
2026-05-25 09:59:41.787737,1779717581.787737,2243538,-4083438,164552402,89256,273229,-42589,61,ee59fe00,0.0,0.0,0.0,0.0,0.0,0.0
2026-05-25 09:59:41.805793,1779717581.805793,2243538,-4083438,164552402,89256,273229,-42589,61,ee59fe00,0.0,0.0,0.0,0.0,0.0,0.0
2026-05-25 09:59:41.820253,1779717581.820253,2320477,-3849550,164656137,90158,229362,-15976,61,ee59fe00,0.0,0.0,0.0,0.0,0.0,0.0
2026-05-25 09:59:41.837926,1779717581.837926,2320477,-3849550,164656137,90158,229362,-15976,61,ee59fe00,0.0,0.0,0.0,0.0,0.0,0.0
2026-05-25 09:59:41.851917,1779717581.851917,1612645,-3989990,164665565,147612,15502,-38554,61,ee59fe00,0.0,0.0,0.0,0.0,0.0,0.0
2026-05-25 09:59:41.867468,1779717581.867468,1612645,-3989990,164665565,147612,15502,-38554,61,ee59fe00,0.0,0.0,0.0,0.0,0.0,0.0
2026-05-25 09:59:41.878696,1779717581.878696,2182385,-3639670,164610666,104537,-163360,-16667,61,ee59fe00,0.0,0.0,0.0,0.0,0.0,0.0
2026-05-25 09:59:41.892689,1779717581.892689,2182385,-3639670,164610666,104537,-163360,-16667,61,ee59fe00,0.0,0.0,0.0,0.0,0.0,0.0
2026-05-25 09:59:41.903668,1779717581.903668,2347632,-3791273,164372076,80736,-243624,-19102,61,ee59fe00,0.0,0.0,0.0,0.0,0.0,0.0
2026-05-25 09:59:41.916889,1779717581.916889,2347632,-3791273,164372076,80736,-243624,-19102,61,ee59fe00,0.0,0.0,0.0,0.0,0.0,0.0
2026-05-25 09:59:41.927335,1779717581.927335,3117812,-3591524,164222175,79266,-278531,28519,61,ee59fe00,0.0,0.0,0.0,0.0,0.0,0.0
2026-05-25 09:59:41.940926,1779717581.940926,3117812,-3591524,164222175,79266,-278531,28519,61,ee59fe00,0.0,0.0,0.0,0.0,0.0,0.0
2026-05-25 09:59:41.951117,1779717581.951117,3388774,-3782350,164045828,63197,-140271,16257,61,ee59fe00,0.0,0.0,0.0,0.0,0.0,0.0
2026-05-25 09:59:41.963956,1779717581.963956,3388774,-3782350,164045828,63197,-140271,16257,61,ee59fe00,0.0,0.0,0.0,0.0,0.0,0.0
2026-05-25 09:59:41.974620,1779717581.974620,3558359,-3716913,164254960,46848,12784,-11279,61,ee59fe00,0.0,0.0,0.0,0.0,0.0,0.0
2026-05-25 09:59:41.987607,1779717581.987607,3558359,-3716913,164254960,46848,12784,-11279,61,ee59fe00,0.0,0.0,0.0,0.0,0.0,0.0
2026-05-25 09:59:41.997932,1779717581.997932,3295368,-3854131,164228768,113156,104957,-27566,61,ee59fe00,0.0,0.0,0.0,0.0,0.0,0.0
2026-05-25 09:59:42.010679,1779717582.010679,3295368,-3854131,164228768,113156,104957,-27566,61,ee59fe00,0.0,0.0,0.0,0.0,0.0,0.0
2026-05-25 09:59:42.020981,1779717582.020981,2890695,-3676483,164506975,80612,210171,-37418,61,ee59fe00,0.0,0.0,0.0,0.0,0.0,0.0
2026-05-25 09:59:42.033840,1779717582.033840,2890695,-3676483,164506975,80612,210171,-37418,61,ee59fe00,0.0,0.0,0.0,0.0,0.0,0.0
2026-05-25 09:59:42.044422,1779717582.044422,2423191,-3642679,164327132,98702,136017,-40115,61,ee5afe00,0.0,0.0,0.0,0.0,0.0,0.0
2026-05-25 09:59:42.057436,1779717582.057436,2423191,-3642679,164327132,98702,136017,-40115,61,ee5afe00,0.0,0.0,0.0,0.0,0.0,0.0
2026-05-25 09:59:42.067800,1779717582.067800,2328616,-3469509,164581424,-182,188749,-24808,61,ee5afe00,0.0,0.0,0.0,0.0,0.0,0.0
2026-05-25 09:59:42.081399,1779717582.081399,2328616,-3469509,164581424,-182,188749,-24808,61,ee5afe00,0.0,0.0,0.0,0.0,0.0,0.0
2026-05-25 09:59:42.092553,1779717582.092553,2128199,-3673007,164543010,36262,18453,-9154,61,ee59fe00,0.0,0.0,0.0,0.0,0.0,0.0
2026-05-25 09:59:42.105646,1779717582.105646,2128199,-3673007,164543010,36262,18453,-9154,61,ee59fe00,0.0,0.0,0.0,0.0,0.0,0.0
2026-05-25 09:59:42.116887,1779717582.116887,2615643,-3635568,164475672,-33185,-13743,6389,61,ee59fe00,0.0,0.0,0.0,0.0,0.0,0.0
2026-05-25 09:59:42.132274,1779717582.132274,2615643,-3635568,164475672,-33185,-13743,6389,61,ee59fe00,0.0,0.0,0.0,0.0,0.0,0.0
2026-05-25 09:59:42.146641,1779717582.146641,2776923,-3966509,164260558,-32069,-99358,-1271,61,ee59fe00,0.0,0.0,0.0,0.0,0.0,0.0
2026-05-25 09:59:42.163683,1779717582.163683,2776923,-3966509,164260558,-32069,-99358,-1271,61,ee59fe00,0.0,0.0,0.0,0.0,0.0,0.0
2026-05-25 09:59:42.177795,1779717582.177795,3385880,-3986261,164124355,-49748,-21457,33311,61,ee59fe00,0.0,0.0,0.0,0.0,0.0,0.0
2026-05-25 09:59:42.195634,1779717582.195634,3385880,-3986261,164124355,-49748,-21457,33311,61,ee59fe00,0.0,0.0,0.0,0.0,0.0,0.0
2026-05-25 09:59:42.203612,1779717582.203612,3440279,-4219051,164138409,11570,71647,5463,61,ee59fe00,0.0,0.0,0.0,0.0,0.0,0.0
2026-05-25 09:59:42.221827,1779717582.221827,3440279,-4219051,164138409,11570,71647,5463,61,ee59fe00,0.0,0.0,0.0,0.0,0.0,0.0
2026-05-25 09:59:42.231652,1779717582.231652,3569832,-4066071,164129007,95072,155742,4087,61,ee59fe00,0.0,0.0,0.0,0.0,0.0,0.0
2026-05-25 09:59:42.240815,1779717582.240815,3569832,-4066071,164129007,95072,155742,4087,61,ee59fe00,0.0,0.0,0.0,0.0,0.0,0.0
2026-05-25 09:59:42.248630,1779717582.248630,2951696,-3953787,164274701,126757,283948,891,61,ee59fe00,0.0,0.0,0.0,0.0,0.0,0.0
2026-05-25 09:59:42.260105,1779717582.260105,2951696,-3953787,164274701,126757,283948,891,61,ee59fe00,0.0,0.0,0.0,0.0,0.0,0.0
2026-05-25 09:59:42.267336,1779717582.267336,2423005,-3659139,164446824,124893,273974,3493,61,ee59fe00,0.0,0.0,0.0,0.0,0.0,0.0
2026-05-25 09:59:42.278535,1779717582.278535,2423005,-3659139,164446824,124893,273974,3493,61,ee59fe00,0.0,0.0,0.0,0.0,0.0,0.0
2026-05-25 09:59:42.286704,1779717582.286704,1874471,-3482569,164729785,41565,280191,1196,61,ee59fe00,0.0,0.0,0.0,0.0,0.0,0.0
2026-05-25 09:59:42.303412,1779717582.303412,1874471,-3482569,164729785,41565,280191,1196,61,ee59fe00,0.0,0.0,0.0,0.0,0.0,0.0
2026-05-25 09:59:42.317652,1779717582.317652,1679303,-3381337,164793859,33266,9933,-17808,61,ee5afe00,0.0,0.0,0.0,0.0,0.0,0.0
2026-05-25 09:59:42.336019,1779717582.336019,1679303,-3381337,164793859,33266,9933,-17808,61,ee5afe00,0.0,0.0,0.0,0.0,0.0,0.0
2026-05-25 09:59:42.350016,1779717582.350016,2185121,-3461191,164749248,-285,-104198,-27153,61,ee59fe00,0.0,0.0,0.0,0.0,0.0,0.0
2026-05-25 09:59:42.366640,1779717582.366640,2185121,-3461191,164749248,-285,-104198,-27153,61,ee59fe00,0.0,0.0,0.0,0.0,0.0,0.0
2026-05-25 09:59:42.380191,1779717582.380191,2476728,-3642091,164370935,22750,-324877,-16505,61,ee59fe00,0.0,0.0,0.0,0.0,0.0,0.0
2026-05-25 09:59:42.396505,1779717582.396505,2476728,-3642091,164370935,22750,-324877,-16505,61,ee59fe00,0.0,0.0,0.0,0.0,0.0,0.0
2026-05-25 09:59:42.410075,1779717582.410075,3357490,-3819807,164272342,-19222,-155328,-33456,61,ee59fe00,0.0,0.0,0.0,0.0,0.0,0.0
2026-05-25 09:59:42.422146,1779717582.422146,3357490,-3819807,164272342,-19222,-155328,-33456,61,ee59fe00,0.0,0.0,0.0,0.0,0.0,0.0
2026-05-25 09:59:42.429745,1779717582.429745,3180998,-4142653,164195755,103679,-205754,39,61,ee59fe00,0.0,0.0,0.0,0.0,0.0,0.0
2026-05-25 09:59:42.439420,1779717582.439420,3180998,-4142653,164195755,103679,-205754,39,61,ee59fe00,0.0,0.0,0.0,0.0,0.0,0.0
2026-05-25 09:59:42.448854,1779717582.448854,3500380,-4195611,164288670,173932,6839,25300,61,ee59fe00,0.0,0.0,0.0,0.0,0.0,0.0
2026-05-25 09:59:42.457780,1779717582.457780,3500380,-4195611,164288670,173932,6839,25300,61,ee59fe00,0.0,0.0,0.0,0.0,0.0,0.0
2026-05-25 09:59:42.465292,1779717582.465292,2498343,-4453416,164228526,217971,-75809,46164,61,ee59fe00,0.0,0.0,0.0,0.0,0.0,0.0
2026-05-25 09:59:42.480306,1779717582.480306,2498343,-4453416,164228526,217971,-75809,46164,61,ee59fe00,0.0,0.0,0.0,0.0,0.0,0.0
2026-05-25 09:59:42.491643,1779717582.491643,2719168,-4123355,164447412,119924,3388,-23974,61,ee59fe00,0.0,0.0,0.0,0.0,0.0,0.0
2026-05-25 09:59:42.500475,1779717582.500475,2719168,-4123355,164447412,119924,3388,-23974,61,ee59fe00,0.0,0.0,0.0,0.0,0.0,0.0
2026-05-25 09:59:42.508622,1779717582.508622,2043522,-4163427,164402009,115398,-131179,-56129,61,ee59fe00,0.0,0.0,0.0,0.0,0.0,0.0
2026-05-25 09:59:42.522748,1779717582.522748,2043522,-4163427,164402009,115398,-131179,-56129,61,ee59fe00,0.0,0.0,0.0,0.0,0.0,0.0
2026-05-25 09:59:42.536541,1779717582.536541,2748898,-3675203,164546536,93108,-153166,-101341,61,ee59fe00,0.0,0.0,0.0,0.0,0.0,0.0
2026-05-25 09:59:42.551105,1779717582.551105,2748898,-3675203,164546536,93108,-153166,-101341,61,ee59fe00,0.0,0.0,0.0,0.0,0.0,0.0
2026-05-25 09:59:42.558802,1779717582.558802,2677877,-3702399,164427882,127108,-221184,-86064,61,ee59fe00,0.0,0.0,0.0,0.0,0.0,0.0
2026-05-25 09:59:42.567821,1779717582.567821,2677877,-3702399,164427882,127108,-221184,-86064,61,ee59fe00,0.0,0.0,0.0,0.0,0.0,0.0
2026-05-25 09:59:42.575041,1779717582.575041,3276030,-3345660,164356065,158276,-158634,-21307,61,ee59fe00,0.0,0.0,0.0,0.0,0.0,0.0
2026-05-25 09:59:42.583753,1779717582.583753,3276030,-3345660,164356065,158276,-158634,-21307,61,ee59fe00,0.0,0.0,0.0,0.0,0.0,0.0
2026-05-25 09:59:42.597032,1779717582.597032,2805603,-3525272,164264248,168847,-92032,32052,61,ee59fe00,0.0,0.0,0.0,0.0,0.0,0.0
2026-05-25 09:59:42.610740,1779717582.610740,2805603,-3525272,164264248,168847,-92032,32052,61,ee59fe00,0.0,0.0,0.0,0.0,0.0,0.0
2026-05-25 09:59:42.621137,1779717582.621137,2830775,-3487217,164515157,199908,-73587,38623,61,ee59fe00,0.0,0.0,0.0,0.0,0.0,0.0
2026-05-25 09:59:42.634085,1779717582.634085,2830775,-3487217,164515157,199908,-73587,38623,61,ee59fe00,0.0,0.0,0.0,0.0,0.0,0.0
2026-05-25 09:59:42.650176,1779717582.650176,2188054,-3752921,164592888,218240,-140308,39030,61,ee59fe00,0.0,0.0,0.0,0.0,0.0,0.0
2026-05-25 09:59:42.665773,1779717582.665773,2188054,-3752921,164592888,218240,-140308,39030,61,ee59fe00,0.0,0.0,0.0,0.0,0.0,0.0
2026-05-25 09:59:42.675450,1779717582.675450,2246251,-3665920,164703958,233123,-275572,-11009,61,ee59fe00,0.0,0.0,0.0,0.0,0.0,0.0
2026-05-25 09:59:42.684252,1779717582.684252,2246251,-3665920,164703958,233123,-275572,-11009,61,ee59fe00,0.0,0.0,0.0,0.0,0.0,0.0
2026-05-25 09:59:42.692332,1779717582.692332,2120935,-3803625,164439354,179416,-380528,-22018,61,ee59fe00,0.0,0.0,0.0,0.0,0.0,0.0
2026-05-25 09:59:42.710270,1779717582.710270,2120935,-3803625,164439354,179416,-380528,-22018,61,ee59fe00,0.0,0.0,0.0,0.0,0.0,0.0
2026-05-25 09:59:42.724685,1779717582.724685,2758671,-3683419,164388925,74244,-365111,-89942,61,ee59fe00,0.0,0.0,0.0,0.0,0.0,0.0
2026-05-25 09:59:42.742180,1779717582.742180,2758671,-3683419,164388925,74244,-365111,-89942,61,ee59fe00,0.0,0.0,0.0,0.0,0.0,0.0
2026-05-25 09:59:42.756302,1779717582.756302,2898589,-3820823,164226136,78105,-352236,-56923,61,ee59fe00,0.0,0.0,0.0,0.0,0.0,0.0
2026-05-25 09:59:42.772972,1779717582.772972,2898589,-3820823,164226136,78105,-352236,-56923,61,ee59fe00,0.0,0.0,0.0,0.0,0.0,0.0
2026-05-25 09:59:42.786671,1779717582.786671,3388843,-3626195,164230966,90464,-272957,-29850,61,ee59fe00,0.0,0.0,0.0,0.0,0.0,0.0
2026-05-25 09:59:42.804436,1779717582.804436,3388843,-3626195,164230966,90464,-272957,-29850,61,ee59fe00,0.0,0.0,0.0,0.0,0.0,0.0
2026-05-25 09:59:42.818380,1779717582.818380,3115241,-3833963,164153601,130126,-185416,51059,61,ee59fe00,0.0,0.0,0.0,0.0,0.0,0.0
2026-05-25 09:59:42.834989,1779717582.834989,3115241,-3833963,164153601,130126,-185416,51059,61,ee59fe00,0.0,0.0,0.0,0.0,0.0,0.0
2026-05-25 09:59:42.847923,1779717582.847923,3105643,-3750988,164309349,109844,-120077,50396,61,ee59fe00,0.0,0.0,0.0,0.0,0.0,0.0
2026-05-25 09:59:42.860806,1779717582.860806,3105643,-3750988,164309349,109844,-120077,50396,61,ee59fe00,0.0,0.0,0.0,0.0,0.0,0.0
2026-05-25 09:59:42.872666,1779717582.872666,2704884,-4010886,164252333,45999,-81134,45640,61,ee59fe00,0.0,0.0,0.0,0.0,0.0,0.0
2026-05-25 09:59:42.886290,1779717582.886290,2704884,-4010886,164252333,45999,-81134,45640,61,ee59fe00,0.0,0.0,0.0,0.0,0.0,0.0
2026-05-25 09:59:42.897663,1779717582.897663,2867370,-3870323,164428583,15037,-43424,-19290,61,ee59fe00,0.0,0.0,0.0,0.0,0.0,0.0
2026-05-25 09:59:42.909721,1779717582.909721,2867370,-3870323,164428583,15037,-43424,-19290,61,ee59fe00,0.0,0.0,0.0,0.0,0.0,0.0
2026-05-25 09:59:42.919944,1779717582.919944,2917481,-3904439,164283487,10745,-50503,-42530,61,ee59fe00,0.0,0.0,0.0,0.0,0.0,0.0
2026-05-25 09:59:42.928104,1779717582.928104,2917481,-3904439,164283487,10745,-50503,-42530,61,ee59fe00,0.0,0.0,0.0,0.0,0.0,0.0
2026-05-25 09:59:42.934571,1779717582.934571,3414849,-3675938,164266053,13846,31701,-56190,61,ee59fe00,0.0,0.0,0.0,0.0,0.0,0.0
2026-05-25 09:59:42.949184,1779717582.949184,3414849,-3675938,164266053,13846,31701,-56190,61,ee59fe00,0.0,0.0,0.0,0.0,0.0,0.0
2026-05-25 09:59:42.961417,1779717582.961417,3385747,-3650968,164141268,34904,106959,-15379,61,ee59fe00,0.0,0.0,0.0,0.0,0.0,0.0
2026-05-25 09:59:42.981716,1779717582.981716,3385747,-3650968,164141268,34904,106959,-15379,61,ee59fe00,0.0,0.0,0.0,0.0,0.0,0.0
2026-05-25 09:59:42.991597,1779717582.991597,3505446,-3543101,164067964,10519,290390,5778,61,ee59fe00,0.0,0.0,0.0,0.0,0.0,0.0
2026-05-25 09:59:43.006948,1779717583.006948,3505446,-3543101,164067964,10519,290390,5778,61,ee59fe00,0.0,0.0,0.0,0.0,0.0,0.0
2026-05-25 09:59:43.014807,1779717583.014807,2995710,-3656289,164126506,-101360,393832,43882,61,ee59fe00,0.0,0.0,0.0,0.0,0.0,0.0
2026-05-25 09:59:43.025178,1779717583.025178,2995710,-3656289,164126506,-101360,393832,43882,61,ee59fe00,0.0,0.0,0.0,0.0,0.0,0.0
2026-05-25 09:59:43.039653,1779717583.039653,3216568,-3843115,164252741,-154314,561371,21716,61,ee59fe00,0.0,0.0,0.0,0.0,0.0,0.0
2026-05-25 09:59:43.057583,1779717583.057583,3216568,-3843115,164252741,-154314,561371,21716,61,ee59fe00,0.0,0.0,0.0,0.0,0.0,0.0
2026-05-25 09:59:43.067135,1779717583.067135,2667951,-4062976,164385674,-146669,533797,9894,61,ee59fe00,0.0,0.0,0.0,0.0,0.0,0.0
2026-05-25 09:59:43.076375,1779717583.076375,2667951,-4062976,164385674,-146669,533797,9894,61,ee59fe00,0.0,0.0,0.0,0.0,0.0,0.0
2026-05-25 09:59:43.090498,1779717583.090498,3388807,-3949461,164509876,-43666,562956,-69789,61,ee59fe00,0.0,0.0,0.0,0.0,0.0,0.0
2026-05-25 09:59:43.109722,1779717583.109722,3388807,-3949461,164509876,-43666,562956,-69789,61,ee59fe00,0.0,0.0,0.0,0.0,0.0,0.0
2026-05-25 09:59:43.118283,1779717583.118283,2639003,-3764492,164541178,54617,509113,-40979,61,ee59fe00,0.0,0.0,0.0,0.0,0.0,0.0
2026-05-25 09:59:43.128898,1779717583.128898,2639003,-3764492,164541178,54617,509113,-40979,61,ee59fe00,0.0,0.0,0.0,0.0,0.0,0.0
2026-05-25 09:59:43.137686,1779717583.137686,2983396,-3251759,164677862,270432,393385,-3437,61,ee59fe00,0.0,0.0,0.0,0.0,0.0,0.0
2026-05-25 09:59:43.146442,1779717583.146442,2983396,-3251759,164677862,270432,393385,-3437,61,ee59fe00,0.0,0.0,0.0,0.0,0.0,0.0
2026-05-25 09:59:43.155957,1779717583.155957,1664264,-3268316,164728276,265901,341663,131014,61,ee59fe00,0.0,0.0,0.0,0.0,0.0,0.0
2026-05-25 09:59:43.165633,1779717583.165633,1664264,-3268316,164728276,265901,341663,131014,61,ee59fe00,0.0,0.0,0.0,0.0,0.0,0.0
2026-05-25 09:59:43.173477,1779717583.173477,1812616,-3164310,164771032,248608,65092,73152,61,ee59fe00,0.0,0.0,0.0,0.0,0.0,0.0
2026-05-25 09:59:43.182651,1779717583.182651,1812616,-3164310,164771032,248608,65092,73152,61,ee59fe00,0.0,0.0,0.0,0.0,0.0,0.0
2026-05-25 09:59:43.189639,1779717583.189639,1339573,-3593008,164823779,52693,-52108,65557,61,ee59fe00,0.0,0.0,0.0,0.0,0.0,0.0
2026-05-25 09:59:43.204902,1779717583.204902,1339573,-3593008,164823779,52693,-52108,65557,61,ee59fe00,0.0,0.0,0.0,0.0,0.0,0.0
2026-05-25 09:59:43.211073,1779717583.211073,2321381,-3753680,164630766,104888,-367981,-88433,61,ee59fe00,0.0,0.0,0.0,0.0,0.0,0.0
2026-05-25 09:59:43.218748,1779717583.218748,2321381,-3753680,164630766,104888,-367981,-88433,61,ee59fe00,0.0,0.0,0.0,0.0,0.0,0.0
2026-05-25 09:59:43.226116,1779717583.226116,2892447,-4102979,164363893,57810,-278441,-83895,61,ee59fe00,0.0,0.0,0.0,0.0,0.0,0.0
2026-05-25 09:59:43.233535,1779717583.233535,2892447,-4102979,164363893,57810,-278441,-83895,61,ee59fe00,0.0,0.0,0.0,0.0,0.0,0.0
2026-05-25 09:59:43.239663,1779717583.239663,3755887,-4150305,163948796,187526,-316231,-118055,61,ee59fe00,0.0,0.0,0.0,0.0,0.0,0.0
2026-05-25 09:59:43.246913,1779717583.246913,3755887,-4150305,163948796,187526,-316231,-118055,61,ee59fe00,0.0,0.0,0.0,0.0,0.0,0.0
2026-05-25 09:59:43.252718,1779717583.252718,3763112,-4088455,163886509,90638,94192,11236,61,ee59fe00,0.0,0.0,0.0,0.0,0.0,0.0
2026-05-25 09:59:43.260364,1779717583.260364,3763112,-4088455,163886509,90638,94192,11236,61,ee59fe00,0.0,0.0,0.0,0.0,0.0,0.0
2026-05-25 09:59:43.266402,1779717583.266402,3312328,-4111285,164017050,189128,94083,13754,61,ee59fe00,0.0,0.0,0.0,0.0,0.0,0.0
2026-05-25 09:59:43.274673,1779717583.274673,3312328,-4111285,164017050,189128,94083,13754,61,ee59fe00,0.0,0.0,0.0,0.0,0.0,0.0
2026-05-25 09:59:43.283333,1779717583.283333,2790712,-3940720,164329664,103067,305689,75685,61,ee59fe00,0.0,0.0,0.0,0.0,0.0,0.0
2026-05-25 09:59:43.292648,1779717583.292648,2790712,-3940720,164329664,103067,305689,75685,61,ee59fe00,0.0,0.0,0.0,0.0,0.0,0.0
2026-05-25 09:59:43.299079,1779717583.299079,2163126,-3905243,164527107,133309,83560,-50573,61,ee59fe00,0.0,0.0,0.0,0.0,0.0,0.0
2026-05-25 09:59:43.306283,1779717583.306283,2163126,-3905243,164527107,133309,83560,-50573,61,ee59fe00,0.0,0.0,0.0,0.0,0.0,0.0
2026-05-25 09:59:43.312012,1779717583.312012,2440596,-3567073,164564876,40432,99071,-56177,61,ee59fe00,0.0,0.0,0.0,0.0,0.0,0.0
2026-05-25 09:59:43.319114,1779717583.319114,2440596,-3567073,164564876,40432,99071,-56177,61,ee59fe00,0.0,0.0,0.0,0.0,0.0,0.0
2026-05-25 09:59:43.324735,1779717583.324735,2693939,-3509144,164365045,56057,-15693,-118051,61,ee59fe00,0.0,0.0,0.0,0.0,0.0,0.0
2026-05-25 09:59:43.331810,1779717583.331810,2693939,-3509144,164365045,56057,-15693,-118051,61,ee59fe00,0.0,0.0,0.0,0.0,0.0,0.0
2026-05-25 09:59:43.337504,1779717583.337504,3545076,-3340481,164132762,-5335,134415,-20266,61,ee59fe00,0.0,0.0,0.0,0.0,0.0,0.0
2026-05-25 09:59:43.344595,1779717583.344595,3545076,-3340481,164132762,-5335,134415,-20266,61,ee59fe00,0.0,0.0,0.0,0.0,0.0,0.0
2026-05-25 09:59:43.351756,1779717583.351756,3670604,-3482051,163914184,23037,277165,23898,61,ee59fe00,0.0,0.0,0.0,0.0,0.0,0.0
2026-05-25 09:59:43.360537,1779717583.360537,3670604,-3482051,163914184,23037,277165,23898,61,ee59fe00,0.0,0.0,0.0,0.0,0.0,0.0
2026-05-25 09:59:43.366956,1779717583.366956,3759632,-3519524,164001313,-50392,538988,120151,61,ee59fe00,0.0,0.0,0.0,0.0,0.0,0.0
2026-05-25 09:59:43.374954,1779717583.374954,3759632,-3519524,164001313,-50392,538988,120151,61,ee59fe00,0.0,0.0,0.0,0.0,0.0,0.0
2026-05-25 09:59:43.380856,1779717583.380856,2965928,-3804632,164207031,-38397,630811,88380,61,ee59fe00,0.0,0.0,0.0,0.0,0.0,0.0
2026-05-25 09:59:43.388288,1779717583.388288,2965928,-3804632,164207031,-38397,630811,88380,61,ee59fe00,0.0,0.0,0.0,0.0,0.0,0.0
2026-05-25 09:59:43.394352,1779717583.394352,2498670,-3847302,164561039,-66661,646805,51400,61,ee59fe00,0.0,0.0,0.0,0.0,0.0,0.0
2026-05-25 09:59:43.401857,1779717583.401857,2498670,-3847302,164561039,-66661,646805,51400,61,ee59fe00,0.0,0.0,0.0,0.0,0.0,0.0
2026-05-25 09:59:43.408381,1779717583.408381,1673282,-3989285,164762935,-62501,470590,-25940,61,ee59fe00,0.0,0.0,0.0,0.0,0.0,0.0
2026-05-25 09:59:43.416061,1779717583.416061,1673282,-3989285,164762935,-62501,470590,-25940,61,ee59fe00,0.0,0.0,0.0,0.0,0.0,0.0
2026-05-25 09:59:43.423084,1779717583.423084,1775701,-3885597,164840493,-34763,254310,-48227,61,ee59fe00,0.0,0.0,0.0,0.0,0.0,0.0
2026-05-25 09:59:43.430546,1779717583.430546,1775701,-3885597,164840493,-34763,254310,-48227,61,ee59fe00,0.0,0.0,0.0,0.0,0.0,0.0
2026-05-25 09:59:43.436699,1779717583.436699,1668666,-3975702,164906753,39965,36690,-18873,61,ee59fe00,0.0,0.0,0.0,0.0,0.0,0.0
2026-05-25 09:59:43.444354,1779717583.444354,1668666,-3975702,164906753,39965,36690,-18873,61,ee59fe00,0.0,0.0,0.0,0.0,0.0,0.0
2026-05-25 09:59:43.450184,1779717583.450184,2173219,-3925398,164852626,178864,-228612,25196,61,ee59fe00,0.0,0.0,0.0,0.0,0.0,0.0
2026-05-25 09:59:43.458881,1779717583.458881,2173219,-3925398,164852626,178864,-228612,25196,61,ee59fe00,0.0,0.0,0.0,0.0,0.0,0.0
2026-05-25 09:59:43.464624,1779717583.464624,2226750,-4048447,164599143,257281,-349204,71806,61,ee59fe00,0.0,0.0,0.0,0.0,0.0,0.0
2026-05-25 09:59:43.472293,1779717583.472293,2226750,-4048447,164599143,257281,-349204,71806,61,ee59fe00,0.0,0.0,0.0,0.0,0.0,0.0
2026-05-25 09:59:43.478768,1779717583.478768,2497041,-3969291,164383737,261192,-479593,73754,61,ee59fe00,0.0,0.0,0.0,0.0,0.0,0.0
2026-05-25 09:59:43.486910,1779717583.486910,2497041,-3969291,164383737,261192,-479593,73754,61,ee59fe00,0.0,0.0,0.0,0.0,0.0,0.0
2026-05-25 09:59:43.493662,1779717583.493662,2761969,-4009050,164126806,190393,-417898,23350,61,ee59fe00,0.0,0.0,0.0,0.0,0.0,0.0
2026-05-25 09:59:43.504895,1779717583.504895,2761969,-4009050,164126806,190393,-417898,23350,61,ee59fe00,0.0,0.0,0.0,0.0,0.0,0.0
2026-05-25 09:59:43.511147,1779717583.511147,3213319,-3859543,164194120,133680,-378438,-50479,61,ee59fe00,0.0,0.0,0.0,0.0,0.0,0.0
2026-05-25 09:59:43.518721,1779717583.518721,3213319,-3859543,164194120,133680,-378438,-50479,61,ee59fe00,0.0,0.0,0.0,0.0,0.0,0.0
2026-05-25 09:59:43.524559,1779717583.524559,3657198,-3659792,164042909,127540,-292456,-114216,61,ee59fe00,0.0,0.0,0.0,0.0,0.0,0.0
2026-05-25 09:59:43.531658,1779717583.531658,3657198,-3659792,164042909,127540,-292456,-114216,61,ee59fe00,0.0,0.0,0.0,0.0,0.0,0.0
2026-05-25 09:59:43.561396,1779717583.561396,3818301,-3418609,163935576,103678,-92143,-97459,61,ee59fe00,0.0,0.0,0.0,0.0,0.0,0.0
2026-05-25 09:59:43.569446,1779717583.569446,3818301,-3418609,163935576,103678,-92143,-97459,61,ee59fe00,0.0,0.0,0.0,0.0,0.0,0.0
2026-05-25 09:59:43.575169,1779717583.575169,3610861,-3298968,163938885,73494,131228,-41522,61,ee59fe00,0.0,0.0,0.0,0.0,0.0,0.0
2026-05-25 09:59:43.582659,1779717583.582659,3610861,-3298968,163938885,73494,131228,-41522,61,ee59fe00,0.0,0.0,0.0,0.0,0.0,0.0
2026-05-25 09:59:43.588470,1779717583.588470,3124915,-3257861,164201476,22579,292872,28030,61,ee59fe00,0.0,0.0,0.0,0.0,0.0,0.0
2026-05-25 09:59:43.595626,1779717583.595626,3124915,-3257861,164201476,22579,292872,28030,61,ee59fe00,0.0,0.0,0.0,0.0,0.0,0.0
2026-05-25 09:59:43.601630,1779717583.601630,2710048,-3476154,164303660,-27346,361055,57138,61,ee59fe00,0.0,0.0,0.0,0.0,0.0,0.0
2026-05-25 09:59:43.635163,1779717583.635163,2710048,-3476154,164303660,-27346,361055,57138,61,ee59fe00,0.0,0.0,0.0,0.0,0.0,0.0
2026-05-25 09:59:43.652908,1779717583.652908,2436106,-3756737,164528473,-65989,342332,59689,61,ee59fe00,0.0,0.0,0.0,0.0,0.0,0.0
2026-05-25 09:59:43.660558,1779717583.660558,2436106,-3756737,164528473,-65989,342332,59689,61,ee59fe00,0.0,0.0,0.0,0.0,0.0,0.0
2026-05-25 09:59:43.667698,1779717583.667698,2593536,-4071780,164415351,-8959,232563,1710,61,ee59fe00,0.0,0.0,0.0,0.0,0.0,0.0
2026-05-25 09:59:43.676753,1779717583.676753,2593536,-4071780,164415351,-8959,232563,1710,61,ee59fe00,0.0,0.0,0.0,0.0,0.0,0.0
2026-05-25 09:59:43.683825,1779717583.683825,2918023,-4323676,164382630,-5926,283011,-22725,61,ee59fe00,0.0,0.0,0.0,0.0,0.0,0.0
2026-05-25 09:59:43.691713,1779717583.691713,2918023,-4323676,164382630,-5926,283011,-22725,61,ee59fe00,0.0,0.0,0.0,0.0,0.0,0.0
2026-05-25 09:59:43.710893,1779717583.710893,3062604,-4425695,164270226,53811,279947,-3010,61,ee59fe00,0.0,0.0,0.0,0.0,0.0,0.0
2026-05-25 09:59:43.726497,1779717583.726497,3062604,-4425695,164270226,53811,279947,-3010,61,ee59fe00,0.0,0.0,0.0,0.0,0.0,0.0
2026-05-25 09:59:43.734908,1779717583.734908,3056804,-4381160,164112045,49832,410152,47184,61,ee59fe00,0.0,0.0,0.0,0.0,0.0,0.0
2026-05-25 09:59:43.749520,1779717583.749520,3056804,-4381160,164112045,49832,410152,47184,61,ee59fe00,0.0,0.0,0.0,0.0,0.0,0.0
2026-05-25 09:59:43.774653,1779717583.774653,2641660,-4214798,164358224,13339,476120,62001,61,ee59fe00,0.0,0.0,0.0,0.0,0.0,0.0
2026-05-25 09:59:43.790009,1779717583.790009,2641660,-4214798,164358224,13339,476120,62001,61,ee59fe00,0.0,0.0,0.0,0.0,0.0,0.0
2026-05-25 09:59:43.802955,1779717583.802955,2274037,-3857720,164502827,54353,355205,27518,61,ee59fe00,0.0,0.0,0.0,0.0,0.0,0.0
2026-05-25 09:59:43.810966,1779717583.810966,2274037,-3857720,164502827,54353,355205,27518,61,ee59fe00,0.0,0.0,0.0,0.0,0.0,0.0
2026-05-25 09:59:43.817807,1779717583.817807,1958817,-3428753,164641281,-10783,262681,-58909,61,ee59fe00,0.0,0.0,0.0,0.0,0.0,0.0
2026-05-25 09:59:43.826403,1779717583.826403,1958817,-3428753,164641281,-10783,262681,-58909,61,ee59fe00,0.0,0.0,0.0,0.0,0.0,0.0
2026-05-25 09:59:43.833467,1779717583.833467,1994592,-3139859,164857544,14257,104947,-112428,61,ee59fe00,0.0,0.0,0.0,0.0,0.0,0.0
2026-05-25 09:59:43.841533,1779717583.841533,1994592,-3139859,164857544,14257,104947,-112428,61,ee59fe00,0.0,0.0,0.0,0.0,0.0,0.0
2026-05-25 09:59:43.848844,1779717583.848844,2058305,-2979107,164685695,43673,-140543,-83603,61,ee59fe00,0.0,0.0,0.0,0.0,0.0,0.0
2026-05-25 09:59:43.858076,1779717583.858076,2058305,-2979107,164685695,43673,-140543,-83603,61,ee59fe00,0.0,0.0,0.0,0.0,0.0,0.0
2026-05-25 09:59:43.866702,1779717583.866702,2516142,-3098301,164568875,70075,-169166,-47353,61,ee59fe00,0.0,0.0,0.0,0.0,0.0,0.0
2026-05-25 09:59:43.875816,1779717583.875816,2516142,-3098301,164568875,70075,-169166,-47353,61,ee59fe00,0.0,0.0,0.0,0.0,0.0,0.0
2026-05-25 09:59:43.883557,1779717583.883557,2273470,-3547769,164512181,112831,-329011,25630,61,ee59fe00,0.0,0.0,0.0,0.0,0.0,0.0
2026-05-25 09:59:43.892030,1779717583.892030,2273470,-3547769,164512181,112831,-329011,25630,61,ee59fe00,0.0,0.0,0.0,0.0,0.0,0.0
2026-05-25 09:59:43.908010,1779717583.908010,2701298,-3986093,164426221,112935,-330589,21204,61,ee59fe00,0.0,0.0,0.0,0.0,0.0,0.0
2026-05-25 09:59:43.916773,1779717583.916773,2701298,-3986093,164426221,112935,-330589,21204,61,ee59fe00,0.0,0.0,0.0,0.0,0.0,0.0
2026-05-25 09:59:43.924591,1779717583.924591,2346330,-4518619,164494688,112372,-348677,39334,61,ee59fe00,0.0,0.0,0.0,0.0,0.0,0.0
2026-05-25 09:59:43.935339,1779717583.935339,2346330,-4518619,164494688,112372,-348677,39334,61,ee59fe00,0.0,0.0,0.0,0.0,0.0,0.0
2026-05-25 09:59:43.943447,1779717583.943447,2926305,-4592659,164313698,160274,-458856,-32913,61,ee59fe00,0.0,0.0,0.0,0.0,0.0,0.0
2026-05-25 09:59:43.952637,1779717583.952637,2926305,-4592659,164313698,160274,-458856,-32913,61,ee59fe00,0.0,0.0,0.0,0.0,0.0,0.0
2026-05-25 09:59:43.960523,1779717583.960523,3000804,-4611960,164108393,103654,-337744,-72853,61,ee59fe00,0.0,0.0,0.0,0.0,0.0,0.0
2026-05-25 09:59:43.969235,1779717583.969235,3000804,-4611960,164108393,103654,-337744,-72853,61,ee59fe00,0.0,0.0,0.0,0.0,0.0,0.0
2026-05-25 09:59:43.976744,1779717583.976744,3576983,-4264333,164110309,149056,-297664,-120803,61,ee59fe00,0.0,0.0,0.0,0.0,0.0,0.0
2026-05-25 09:59:43.989810,1779717583.989810,3576983,-4264333,164110309,149056,-297664,-120803,61,ee59fe00,0.0,0.0,0.0,0.0,0.0,0.0
2026-05-25 09:59:44.000145,1779717584.000145,3579864,-3909264,163913596,132022,-78529,-71074,61,ee59fe00,0.0,0.0,0.0,0.0,0.0,0.0
2026-05-25 09:59:44.013706,1779717584.013706,3579864,-3909264,163913596,132022,-78529,-71074,61,ee59fe00,0.0,0.0,0.0,0.0,0.0,0.0
2026-05-25 09:59:44.022645,1779717584.022645,3558866,-3415072,164029855,170524,77822,-21301,61,ee59fe00,0.0,0.0,0.0,0.0,0.0,0.0
2026-05-25 09:59:44.031155,1779717584.031155,3558866,-3415072,164029855,170524,77822,-21301,61,ee59fe00,0.0,0.0,0.0,0.0,0.0,0.0
2026-05-25 09:59:44.040249,1779717584.040249,2971333,-3163662,164140337,116301,160950,53134,61,ee59fe00,0.0,0.0,0.0,0.0,0.0,0.0
2026-05-25 09:59:44.050390,1779717584.050390,2971333,-3163662,164140337,116301,160950,53134,61,ee59fe00,0.0,0.0,0.0,0.0,0.0,0.0
2026-05-25 09:59:44.061192,1779717584.061192,2727120,-3026327,164295404,38394,188094,31263,61,ee59fe00,0.0,0.0,0.0,0.0,0.0,0.0
2026-05-25 09:59:44.069697,1779717584.069697,2727120,-3026327,164295404,38394,188094,31263,61,ee59fe00,0.0,0.0,0.0,0.0,0.0,0.0
2026-05-25 09:59:44.080763,1779717584.080763,2430977,-3116941,164539976,-70851,203071,10467,61,ee59fe00,0.0,0.0,0.0,0.0,0.0,0.0
2026-05-25 09:59:44.098341,1779717584.098341,2430977,-3116941,164539976,-70851,203071,10467,61,ee59fe00,0.0,0.0,0.0,0.0,0.0,0.0
2026-05-25 09:59:44.112746,1779717584.112746,2692582,-3239925,164461240,-100866,103125,-65801,61,ee59fe00,0.0,0.0,0.0,0.0,0.0,0.0
2026-05-25 09:59:44.124297,1779717584.124297,2692582,-3239925,164461240,-100866,103125,-65801,61,ee59fe00,0.0,0.0,0.0,0.0,0.0,0.0
2026-05-25 09:59:44.137748,1779717584.137748,2971181,-3409986,164333235,-132288,150686,-56700,61,ee59fe00,0.0,0.0,0.0,0.0,0.0,0.0
2026-05-25 09:59:44.154821,1779717584.154821,2971181,-3409986,164333235,-132288,150686,-56700,61,ee59fe00,0.0,0.0,0.0,0.0,0.0,0.0
2026-05-25 09:59:44.162801,1779717584.162801,3205022,-3608754,164189128,-106072,169726,-51246,61,ee59fe00,0.0,0.0,0.0,0.0,0.0,0.0
2026-05-25 09:59:44.174871,1779717584.174871,3205022,-3608754,164189128,-106072,169726,-51246,61,ee59fe00,0.0,0.0,0.0,0.0,0.0,0.0
2026-05-25 09:59:44.182580,1779717584.182580,3159682,-3775520,164204326,-109693,323205,20701,61,ee59fe00,0.0,0.0,0.0,0.0,0.0,0.0
2026-05-25 09:59:44.191244,1779717584.191244,3159682,-3775520,164204326,-109693,323205,20701,61,ee59fe00,0.0,0.0,0.0,0.0,0.0,0.0
2026-05-25 09:59:44.205601,1779717584.205601,2800804,-4036886,164337445,-91558,328209,42189,61,ee59fe00,0.0,0.0,0.0,0.0,0.0,0.0
2026-05-25 09:59:44.223712,1779717584.223712,2800804,-4036886,164337445,-91558,328209,42189,61,ee59fe00,0.0,0.0,0.0,0.0,0.0,0.0
2026-05-25 09:59:44.238188,1779717584.238188,2408963,-4256058,164516650,-109338,294686,68661,61,ee59fe00,0.0,0.0,0.0,0.0,0.0,0.0
2026-05-25 09:59:44.254996,1779717584.254996,2408963,-4256058,164516650,-109338,294686,68661,61,ee59fe00,0.0,0.0,0.0,0.0,0.0,0.0
2026-05-25 09:59:44.268938,1779717584.268938,2167474,-4397462,164621835,-63517,158230,25640,61,ee59fe00,0.0,0.0,0.0,0.0,0.0,0.0
2026-05-25 09:59:44.279739,1779717584.279739,2167474,-4397462,164621835,-63517,158230,25640,61,ee59fe00,0.0,0.0,0.0,0.0,0.0,0.0
2026-05-25 09:59:44.294013,1779717584.294013,2273917,-4453245,164636702,-22737,44845,9681,61,ee59fe00,0.0,0.0,0.0,0.0,0.0,0.0
2026-05-25 09:59:44.310455,1779717584.310455,2273917,-4453245,164636702,-22737,44845,9681,61,ee59fe00,0.0,0.0,0.0,0.0,0.0,0.0
2026-05-25 09:59:44.324871,1779717584.324871,2488358,-4283213,164629396,111630,-101081,-49898,61,ee59fe00,0.0,0.0,0.0,0.0,0.0,0.0
2026-05-25 09:59:44.342066,1779717584.342066,2488358,-4283213,164629396,111630,-101081,-49898,61,ee59fe00,0.0,0.0,0.0,0.0,0.0,0.0
2026-05-25 09:59:44.351192,1779717584.351192,2709897,-3963125,164382888,192831,-190992,-32102,61,ee59fe00,0.0,0.0,0.0,0.0,0.0,0.0
2026-05-25 09:59:44.360574,1779717584.360574,2709897,-3963125,164382888,192831,-190992,-32102,61,ee59fe00,0.0,0.0,0.0,0.0,0.0,0.0
2026-05-25 09:59:44.368954,1779717584.368954,2880183,-3604221,164349620,211114,-148731,-20911,61,ee59fe00,0.0,0.0,0.0,0.0,0.0,0.0
2026-05-25 09:59:44.378750,1779717584.378750,2880183,-3604221,164349620,211114,-148731,-20911,61,ee59fe00,0.0,0.0,0.0,0.0,0.0,0.0
2026-05-25 09:59:44.386055,1779717584.386055,2768158,-3373046,164263979,158151,-176327,17281,61,ee59fe00,0.0,0.0,0.0,0.0,0.0,0.0
2026-05-25 09:59:44.395036,1779717584.395036,2768158,-3373046,164263979,158151,-176327,17281,61,ee59fe00,0.0,0.0,0.0,0.0,0.0,0.0
2026-05-25 09:59:44.402330,1779717584.402330,3030947,-3245148,164305182,76544,-100415,4160,61,ee59fe00,0.0,0.0,0.0,0.0,0.0,0.0
2026-05-25 09:59:44.411414,1779717584.411414,3030947,-3245148,164305182,76544,-100415,4160,61,ee59fe00,0.0,0.0,0.0,0.0,0.0,0.0
2026-05-25 09:59:44.418483,1779717584.418483,2899069,-3283249,164315564,19489,-101652,-10046,61,ee59fe00,0.0,0.0,0.0,0.0,0.0,0.0
2026-05-25 09:59:44.430348,1779717584.430348,2899069,-3283249,164315564,19489,-101652,-10046,61,ee59fe00,0.0,0.0,0.0,0.0,0.0,0.0
2026-05-25 09:59:44.444344,1779717584.444344,3301397,-3295581,164211256,-21871,-30765,-50069,61,ee59fe00,0.0,0.0,0.0,0.0,0.0,0.0
2026-05-25 09:59:44.461711,1779717584.461711,3301397,-3295581,164211256,-21871,-30765,-50069,61,ee59fe00,0.0,0.0,0.0,0.0,0.0,0.0
2026-05-25 09:59:44.470007,1779717584.470007,3111319,-3597168,164144551,-59283,77195,-37009,61,ee59fe00,0.0,0.0,0.0,0.0,0.0,0.0
2026-05-25 09:59:44.479478,1779717584.479478,3111319,-3597168,164144551,-59283,77195,-37009,61,ee59fe00,0.0,0.0,0.0,0.0,0.0,0.0
2026-05-25 09:59:44.489833,1779717584.489833,3259311,-3782883,164206549,-49310,178044,-47567,61,ee59fe00,0.0,0.0,0.0,0.0,0.0,0.0
2026-05-25 09:59:44.500266,1779717584.500266,3259311,-3782883,164206549,-49310,178044,-47567,61,ee59fe00,0.0,0.0,0.0,0.0,0.0,0.0
2026-05-25 09:59:44.508029,1779717584.508029,2823908,-4212301,164270369,-29454,237056,20170,61,ee59fe00,0.0,0.0,0.0,0.0,0.0,0.0
2026-05-25 09:59:44.518691,1779717584.518691,2823908,-4212301,164270369,-29454,237056,20170,61,ee59fe00,0.0,0.0,0.0,0.0,0.0,0.0
2026-05-25 09:59:44.526170,1779717584.526170,2712275,-4347993,164457542,-3613,230596,12954,61,ee59fe00,0.0,0.0,0.0,0.0,0.0,0.0
2026-05-25 09:59:44.535664,1779717584.535664,2712275,-4347993,164457542,-3613,230596,12954,61,ee59fe00,0.0,0.0,0.0,0.0,0.0,0.0
2026-05-25 09:59:44.542848,1779717584.542848,2238617,-4577352,164541475,29276,134699,14968,61,ee59fe00,0.0,0.0,0.0,0.0,0.0,0.0
2026-05-25 09:59:44.552393,1779717584.552393,2238617,-4577352,164541475,29276,134699,14968,61,ee59fe00,0.0,0.0,0.0,0.0,0.0,0.0
2026-05-25 09:59:44.561624,1779717584.561624,2442142,-4321844,164489302,82789,20773,-58848,61,ee59fe00,0.0,0.0,0.0,0.0,0.0,0.0
2026-05-25 09:59:44.574858,1779717584.574858,2442142,-4321844,164489302,82789,20773,-58848,61,ee59fe00,0.0,0.0,0.0,0.0,0.0,0.0
2026-05-25 09:59:44.588238,1779717584.588238,2475314,-4120399,164409612,137623,-52031,-64824,61,ee59fe00,0.0,0.0,0.0,0.0,0.0,0.0
2026-05-25 09:59:44.604913,1779717584.604913,2475314,-4120399,164409612,137623,-52031,-64824,61,ee59fe00,0.0,0.0,0.0,0.0,0.0,0.0
2026-05-25 09:59:44.618123,1779717584.618123,2941388,-3648372,164296371,189388,-68143,-76108,61,ee59fe00,0.0,0.0,0.0,0.0,0.0,0.0
2026-05-25 09:59:44.634100,1779717584.634100,2941388,-3648372,164296371,189388,-68143,-76108,61,ee59fe00,0.0,0.0,0.0,0.0,0.0,0.0
2026-05-25 09:59:44.647553,1779717584.647553,2962978,-3384606,164204835,162017,38003,-23905,61,ee59fe00,0.0,0.0,0.0,0.0,0.0,0.0
2026-05-25 09:59:44.658081,1779717584.658081,2962978,-3384606,164204835,162017,38003,-23905,61,ee59fe00,0.0,0.0,0.0,0.0,0.0,0.0
2026-05-25 09:59:44.671186,1779717584.671186,2997974,-3082174,164275858,139332,101639,-4063,61,ee59fe00,0.0,0.0,0.0,0.0,0.0,0.0
2026-05-25 09:59:44.686940,1779717584.686940,2997974,-3082174,164275858,139332,101639,-4063,61,ee59fe00,0.0,0.0,0.0,0.0,0.0,0.0
2026-05-25 09:59:44.700376,1779717584.700376,2728497,-3109351,164266940,52904,157244,36046,61,ee59fe00,0.0,0.0,0.0,0.0,0.0,0.0
2026-05-25 09:59:44.717740,1779717584.717740,2728497,-3109351,164266940,52904,157244,36046,61,ee59fe00,0.0,0.0,0.0,0.0,0.0,0.0
2026-05-25 09:59:44.732289,1779717584.732289,2586710,-3190179,164403527,22315,146056,2608,61,ee59fe00,0.0,0.0,0.0,0.0,0.0,0.0
2026-05-25 09:59:44.748439,1779717584.748439,2586710,-3190179,164403527,22315,146056,2608,61,ee59fe00,0.0,0.0,0.0,0.0,0.0,0.0
2026-05-25 09:59:44.755953,1779717584.755953,2531910,-3520843,164401433,-41325,109963,4298,61,ee59fe00,0.0,0.0,0.0,0.0,0.0,0.0
2026-05-25 09:59:44.766197,1779717584.766197,2531910,-3520843,164401433,-41325,109963,4298,61,ee59fe00,0.0,0.0,0.0,0.0,0.0,0.0
2026-05-25 09:59:44.778067,1779717584.778067,2700455,-3717417,164395675,-36852,80131,-37741,61,ee59fe00,0.0,0.0,0.0,0.0,0.0,0.0
2026-05-25 09:59:44.792451,1779717584.792451,2700455,-3717417,164395675,-36852,80131,-37741,61,ee59fe00,0.0,0.0,0.0,0.0,0.0,0.0
2026-05-25 09:59:44.804632,1779717584.804632,2802012,-3978863,164322018,-42196,82918,-22656,61,ee59fe00,0.0,0.0,0.0,0.0,0.0,0.0
2026-05-25 09:59:44.819939,1779717584.819939,2802012,-3978863,164322018,-42196,82918,-22656,61,ee59fe00,0.0,0.0,0.0,0.0,0.0,0.0
2026-05-25 09:59:44.833149,1779717584.833149,2972552,-4130951,164274507,-1024,91818,-23413,61,ee59fe00,0.0,0.0,0.0,0.0,0.0,0.0
2026-05-25 09:59:44.850565,1779717584.850565,2972552,-4130951,164274507,-1024,91818,-23413,61,ee59fe00,0.0,0.0,0.0,0.0,0.0,0.0
2026-05-25 09:59:44.863808,1779717584.863808,2887794,-4272457,164289208,9292,152984,16559,61,ee59fe00,0.0,0.0,0.0,0.0,0.0,0.0
2026-05-25 09:59:44.881121,1779717584.881121,2887794,-4272457,164289208,9292,152984,16559,61,ee59fe00,0.0,0.0,0.0,0.0,0.0,0.0
2026-05-25 09:59:44.894759,1779717584.894759,2827317,-4296516,164380899,68457,117687,21737,61,ee59fe00,0.0,0.0,0.0,0.0,0.0,0.0
2026-05-25 09:59:44.911487,1779717584.911487,2827317,-4296516,164380899,68457,117687,21737,61,ee59fe00,0.0,0.0,0.0,0.0,0.0,0.0
2026-05-25 09:59:44.924661,1779717584.924661,2689044,-4264345,164390946,75901,109770,24889,61,ee59fe00,0.0,0.0,0.0,0.0,0.0,0.0
2026-05-25 09:59:44.942759,1779717584.942759,2689044,-4264345,164390946,75901,109770,24889,61,ee59fe00,0.0,0.0,0.0,0.0,0.0,0.0
2026-05-25 09:59:44.956878,1779717584.956878,2657195,-4098077,164448782,122741,27864,-11789,61,ee59fe00,0.0,0.0,0.0,0.0,0.0,0.0
2026-05-25 09:59:44.969009,1779717584.969009,2657195,-4098077,164448782,122741,27864,-11789,61,ee59fe00,0.0,0.0,0.0,0.0,0.0,0.0
2026-05-25 09:59:44.978607,1779717584.978607,2675821,-3847900,164376523,126582,-19398,-45545,61,ee59fe00,0.0,0.0,0.0,0.0,0.0,0.0
2026-05-25 09:59:44.990073,1779717584.990073,2675821,-3847900,164376523,126582,-19398,-45545,61,ee59fe00,0.0,0.0,0.0,0.0,0.0,0.0
2026-05-25 09:59:45.000682,1779717585.000682,2759967,-3591276,164351523,123023,-34462,-46165,61,ee59fe00,0.0,0.0,0.0,0.0,0.0,0.0
2026-05-25 09:59:45.013400,1779717585.013400,2759967,-3591276,164351523,123023,-34462,-46165,61,ee59fe00,0.0,0.0,0.0,0.0,0.0,0.0
2026-05-25 09:59:45.022841,1779717585.022841,2789854,-3391390,164311419,97795,-18998,-18429,61,ee59fe00,0.0,0.0,0.0,0.0,0.0,0.0
2026-05-25 09:59:45.034617,1779717585.034617,2789854,-3391390,164311419,97795,-18998,-18429,61,ee59fe00,0.0,0.0,0.0,0.0,0.0,0.0
2026-05-25 09:59:45.044166,1779717585.044166,2781661,-3297947,164351964,75050,13003,4002,61,ee59fe00,0.0,0.0,0.0,0.0,0.0,0.0
2026-05-25 09:59:45.053632,1779717585.053632,2781661,-3297947,164351964,75050,13003,4002,61,ee59fe00,0.0,0.0,0.0,0.0,0.0,0.0
2026-05-25 09:59:45.061488,1779717585.061488,2758345,-3351697,164412346,29895,30955,5386,61,ee59fe00,0.0,0.0,0.0,0.0,0.0,0.0
2026-05-25 09:59:45.070088,1779717585.070088,2758345,-3351697,164412346,29895,30955,5386,61,ee59fe00,0.0,0.0,0.0,0.0,0.0,0.0
2026-05-25 09:59:45.077611,1779717585.077611,2731640,-3507160,164437490,22091,758,-20462,61,ee59fe00,0.0,0.0,0.0,0.0,0.0,0.0
2026-05-25 09:59:45.086256,1779717585.086256,2731640,-3507160,164437490,22091,758,-20462,61,ee59fe00,0.0,0.0,0.0,0.0,0.0,0.0
2026-05-25 09:59:45.093806,1779717585.093806,2721479,-3710702,164425636,10382,1722,-39498,61,ee59fe00,0.0,0.0,0.0,0.0,0.0,0.0
2026-05-25 09:59:45.102972,1779717585.102972,2721479,-3710702,164425636,10382,1722,-39498,61,ee59fe00,0.0,0.0,0.0,0.0,0.0,0.0
2026-05-25 09:59:45.110961,1779717585.110961,2777938,-3928891,164389866,7777,1932,-49974,61,ee59fe00,0.0,0.0,0.0,0.0,0.0,0.0
2026-05-25 09:59:45.119909,1779717585.119909,2777938,-3928891,164389866,7777,1932,-49974,61,ee59fe00,0.0,0.0,0.0,0.0,0.0,0.0
2026-05-25 09:59:45.127123,1779717585.127123,2906468,-4106271,164292932,10061,41578,-23084,61,ee59fe00,0.0,0.0,0.0,0.0,0.0,0.0
2026-05-25 09:59:45.135786,1779717585.135786,2906468,-4106271,164292932,10061,41578,-23084,61,ee59fe00,0.0,0.0,0.0,0.0,0.0,0.0
2026-05-25 09:59:45.143405,1779717585.143405,2947286,-4249389,164266149,28540,89539,17465,61,ee59fe00,0.0,0.0,0.0,0.0,0.0,0.0
2026-05-25 09:59:45.152811,1779717585.152811,2947286,-4249389,164266149,28540,89539,17465,61,ee59fe00,0.0,0.0,0.0,0.0,0.0,0.0
2026-05-25 09:59:45.162015,1779717585.162015,2939985,-4267552,164257386,35472,92631,36523,61,ee59fe00,0.0,0.0,0.0,0.0,0.0,0.0
2026-05-25 09:59:45.172302,1779717585.172302,2939985,-4267552,164257386,35472,92631,36523,61,ee59fe00,0.0,0.0,0.0,0.0,0.0,0.0
2026-05-25 09:59:45.180136,1779717585.180136,2756156,-4197823,164342882,65070,73837,31292,61,ee59fe00,0.0,0.0,0.0,0.0,0.0,0.0
2026-05-25 09:59:45.190438,1779717585.190438,2756156,-4197823,164342882,65070,73837,31292,61,ee59fe00,0.0,0.0,0.0,0.0,0.0,0.0
2026-05-25 09:59:45.197937,1779717585.197937,2652302,-4018518,164376573,73152,65677,2813,61,ee59fe00,0.0,0.0,0.0,0.0,0.0,0.0
2026-05-25 09:59:45.216928,1779717585.216928,2652302,-4018518,164376573,73152,65677,2813,61,ee59fe00,0.0,0.0,0.0,0.0,0.0,0.0
2026-05-25 09:59:45.225648,1779717585.225648,2624067,-3840746,164373799,77189,52840,-38794,61,ee59fe00,0.0,0.0,0.0,0.0,0.0,0.0
2026-05-25 09:59:45.236445,1779717585.236445,2624067,-3840746,164373799,77189,52840,-38794,61,ee59fe00,0.0,0.0,0.0,0.0,0.0,0.0
2026-05-25 09:59:45.245989,1779717585.245989,2714760,-3640368,164359679,63591,35570,-58879,61,ee59fe00,0.0,0.0,0.0,0.0,0.0,0.0
2026-05-25 09:59:45.254721,1779717585.254721,2714760,-3640368,164359679,63591,35570,-58879,61,ee59fe00,0.0,0.0,0.0,0.0,0.0,0.0
2026-05-25 09:59:45.266220,1779717585.266220,2714760,-3640368,164359679,63591,35570,-58879,61,ee59fe00,0.0,0.0,0.0,0.0,0.0,0.0
2026-05-25 09:59:45.276401,1779717585.276401,2870962,-3450374,164345449,40962,26102,-70084,61,ee59fe00,0.0,0.0,0.0,0.0,0.0,0.0
2026-05-25 09:59:45.290335,1779717585.290335,2972844,-3359419,164328561,21190,33883,-65236,61,ee59fe00,0.0,0.0,0.0,0.0,0.0,0.0
2026-05-25 09:59:45.303403,1779717585.303403,2972844,-3359419,164328561,21190,33883,-65236,61,ee59fe00,0.0,0.0,0.0,0.0,0.0,0.0
2026-05-25 09:59:45.317172,1779717585.317172,2975800,-3373103,164361831,35956,69154,-45066,61,ee59fe00,0.0,0.0,0.0,0.0,0.0,0.0
2026-05-25 09:59:45.334554,1779717585.334554,2975800,-3373103,164361831,35956,69154,-45066,61,ee59fe00,0.0,0.0,0.0,0.0,0.0,0.0
2026-05-25 09:59:45.348020,1779717585.348020,2907986,-3518142,164350640,28309,93361,-15765,61,ee59fe00,0.0,0.0,0.0,0.0,0.0,0.0
2026-05-25 09:59:45.364848,1779717585.364848,2907986,-3518142,164350640,28309,93361,-15765,61,ee59fe00,0.0,0.0,0.0,0.0,0.0,0.0
2026-05-25 09:59:45.376234,1779717585.376234,2754375,-3731033,164396872,6921,106240,4948,61,ee59fe00,0.0,0.0,0.0,0.0,0.0,0.0
2026-05-25 09:59:45.385026,1779717585.385026,2754375,-3731033,164396872,6921,106240,4948,61,ee59fe00,0.0,0.0,0.0,0.0,0.0,0.0
2026-05-25 09:59:45.393089,1779717585.393089,2644954,-3920964,164395329,-17823,82013,3121,61,ee59fe00,0.0,0.0,0.0,0.0,0.0,0.0
2026-05-25 09:59:45.409636,1779717585.409636,2644954,-3920964,164395329,-17823,82013,3121,61,ee59fe00,0.0,0.0,0.0,0.0,0.0,0.0
2026-05-25 09:59:45.423796,1779717585.423796,2651431,-4037807,164380047,-41547,60414,-36933,61,ee59fe00,0.0,0.0,0.0,0.0,0.0,0.0
2026-05-25 09:59:45.440438,1779717585.440438,2651431,-4037807,164380047,-41547,60414,-36933,61,ee59fe00,0.0,0.0,0.0,0.0,0.0,0.0
2026-05-25 09:59:45.448912,1779717585.448912,2645791,-4070805,164424597,8611,28976,-54952,61,ee59fe00,0.0,0.0,0.0,0.0,0.0,0.0
2026-05-25 09:59:45.459585,1779717585.459585,2645791,-4070805,164424597,8611,28976,-54952,61,ee59fe00,0.0,0.0,0.0,0.0,0.0,0.0
2026-05-25 09:59:45.474094,1779717585.474094,2692046,-4041437,164413140,66626,5209,-54144,61,ee59fe00,0.0,0.0,0.0,0.0,0.0,0.0
2026-05-25 09:59:45.492073,1779717585.492073,2692046,-4041437,164413140,66626,5209,-54144,61,ee59fe00,0.0,0.0,0.0,0.0,0.0,0.0
2026-05-25 09:59:45.505619,1779717585.505619,2679331,-3983693,164421831,122061,-17355,-38871,61,ee59fe00,0.0,0.0,0.0,0.0,0.0,0.0
2026-05-25 09:59:45.523182,1779717585.523182,2679331,-3983693,164421831,122061,-17355,-38871,61,ee59fe00,0.0,0.0,0.0,0.0,0.0,0.0
2026-05-25 09:59:45.539441,1779717585.539441,2713564,-3847165,164398618,141119,-41019,-38025,61,ee59fe00,0.0,0.0,0.0,0.0,0.0,0.0
2026-05-25 09:59:45.557011,1779717585.557011,2713564,-3847165,164398618,141119,-41019,-38025,61,ee59fe00,0.0,0.0,0.0,0.0,0.0,0.0
2026-05-25 09:59:45.564856,1779717585.564856,2736622,-3720188,164409008,112781,-85891,-29798,61,ee59fe00,0.0,0.0,0.0,0.0,0.0,0.0
2026-05-25 09:59:45.581711,1779717585.581711,2736622,-3720188,164409008,112781,-85891,-29798,61,ee59fe00,0.0,0.0,0.0,0.0,0.0,0.0
2026-05-25 09:59:45.592777,1779717585.592777,2885906,-3569749,164376205,102099,-82902,-39446,61,ee59fe00,0.0,0.0,0.0,0.0,0.0,0.0
2026-05-25 09:59:45.601008,1779717585.601008,2885906,-3569749,164376205,102099,-82902,-39446,61,ee59fe00,0.0,0.0,0.0,0.0,0.0,0.0
2026-05-25 09:59:45.607991,1779717585.607991,2969284,-3495619,164330827,97669,-40153,-32711,61,ee59fe00,0.0,0.0,0.0,0.0,0.0,0.0
2026-05-25 09:59:45.616798,1779717585.616798,2969284,-3495619,164330827,97669,-40153,-32711,61,ee59fe00,0.0,0.0,0.0,0.0,0.0,0.0
2026-05-25 09:59:45.624227,1779717585.624227,3060606,-3429635,164308435,90141,27351,-30899,61,ee59fe00,0.0,0.0,0.0,0.0,0.0,0.0
2026-05-25 09:59:45.634470,1779717585.634470,3060606,-3429635,164308435,90141,27351,-30899,61,ee59fe00,0.0,0.0,0.0,0.0,0.0,0.0
2026-05-25 09:59:45.643653,1779717585.643653,3019983,-3527264,164316478,78286,89214,-18892,61,ee59fe00,0.0,0.0,0.0,0.0,0.0,0.0
2026-05-25 09:59:45.653906,1779717585.653906,3019983,-3527264,164316478,78286,89214,-18892,61,ee59fe00,0.0,0.0,0.0,0.0,0.0,0.0
2026-05-25 09:59:45.662590,1779717585.662590,2923450,-3635656,164348586,75410,154040,-20497,61,ee59fe00,0.0,0.0,0.0,0.0,0.0,0.0
2026-05-25 09:59:45.671794,1779717585.671794,2923450,-3635656,164348586,75410,154040,-20497,61,ee59fe00,0.0,0.0,0.0,0.0,0.0,0.0
2026-05-25 09:59:45.679084,1779717585.679084,2795110,-3763090,164363039,65157,186174,4687,61,ee59fe00,0.0,0.0,0.0,0.0,0.0,0.0
2026-05-25 09:59:45.692404,1779717585.692404,2795110,-3763090,164363039,65157,186174,4687,61,ee59fe00,0.0,0.0,0.0,0.0,0.0,0.0
2026-05-25 09:59:45.703610,1779717585.703610,2689564,-3915715,164439692,28475,176745,3738,61,ee59fe00,0.0,0.0,0.0,0.0,0.0,0.0
2026-05-25 09:59:45.713105,1779717585.713105,2689564,-3915715,164439692,28475,176745,3738,61,ee59fe00,0.0,0.0,0.0,0.0,0.0,0.0
2026-05-25 09:59:45.723556,1779717585.723556,2634092,-3969707,164427855,23504,116546,-5,61,ee59fe00,0.0,0.0,0.0,0.0,0.0,0.0
2026-05-25 09:59:45.742396,1779717585.742396,2634092,-3969707,164427855,23504,116546,-5,61,ee59fe00,0.0,0.0,0.0,0.0,0.0,0.0
2026-05-25 09:59:45.760610,1779717585.760610,2634520,-4028012,164403697,44447,71503,-7120,61,ee59fe00,0.0,0.0,0.0,0.0,0.0,0.0
2026-05-25 09:59:45.778242,1779717585.778242,2634520,-4028012,164403697,44447,71503,-7120,61,ee59fe00,0.0,0.0,0.0,0.0,0.0,0.0
2026-05-25 09:59:45.788633,1779717585.788633,2661142,-4021955,164352224,67215,32163,-20216,61,ee59fe00,0.0,0.0,0.0,0.0,0.0,0.0
2026-05-25 09:59:45.797977,1779717585.797977,2661142,-4021955,164352224,67215,32163,-20216,61,ee59fe00,0.0,0.0,0.0,0.0,0.0,0.0
2026-05-25 09:59:45.805036,1779717585.805036,2715844,-3991200,164352499,71341,15035,-34924,61,ee59fe00,0.0,0.0,0.0,0.0,0.0,0.0
2026-05-25 09:59:45.813731,1779717585.813731,2715844,-3991200,164352499,71341,15035,-34924,61,ee59fe00,0.0,0.0,0.0,0.0,0.0,0.0
2026-05-25 09:59:45.820998,1779717585.820998,2672514,-3913994,164366145,44961,32733,-34636,61,ee59fe00,0.0,0.0,0.0,0.0,0.0,0.0
2026-05-25 09:59:45.829671,1779717585.829671,2672514,-3913994,164366145,44961,32733,-34636,61,ee59fe00,0.0,0.0,0.0,0.0,0.0,0.0
2026-05-25 09:59:45.844762,1779717585.844762,2697450,-3741047,164356573,31995,1963,-23166,61,ee59fe00,0.0,0.0,0.0,0.0,0.0,0.0
2026-05-25 09:59:45.862771,1779717585.862771,2697450,-3741047,164356573,31995,1963,-23166,61,ee59fe00,0.0,0.0,0.0,0.0,0.0,0.0
2026-05-25 09:59:45.871956,1779717585.871956,2726283,-3643548,164319789,20562,4262,-25175,61,ee59fe00,0.0,0.0,0.0,0.0,0.0,0.0
2026-05-25 09:59:45.881462,1779717585.881462,2726283,-3643548,164319789,20562,4262,-25175,61,ee59fe00,0.0,0.0,0.0,0.0,0.0,0.0
2026-05-25 09:59:45.889931,1779717585.889931,2814523,-3542690,164293973,-4194,-21467,-35795,61,ee59fe00,0.0,0.0,0.0,0.0,0.0,0.0
2026-05-25 09:59:45.898808,1779717585.898808,2814523,-3542690,164293973,-4194,-21467,-35795,61,ee59fe00,0.0,0.0,0.0,0.0,0.0,0.0
2026-05-25 09:59:45.916926,1779717585.916926,2878430,-3520238,164282663,18439,-12909,-57616,61,ee59fe00,0.0,0.0,0.0,0.0,0.0,0.0
2026-05-25 09:59:45.940651,1779717585.940651,2878430,-3520238,164282663,18439,-12909,-57616,61,ee59fe00,0.0,0.0,0.0,0.0,0.0,0.0
2026-05-25 09:59:45.961015,1779717585.961015,2911676,-3617214,164292324,2039,128,-41026,61,ee59fe00,0.0,0.0,0.0,0.0,0.0,0.0
2026-05-25 09:59:45.970930,1779717585.970930,2911676,-3617214,164292324,2039,128,-41026,61,ee59fe00,0.0,0.0,0.0,0.0,0.0,0.0
2026-05-25 09:59:45.979081,1779717585.979081,2868401,-3742664,164308593,6201,65491,-16620,61,ee59fe00,0.0,0.0,0.0,0.0,0.0,0.0
2026-05-25 09:59:45.989826,1779717585.989826,2868401,-3742664,164308593,6201,65491,-16620,61,ee59fe00,0.0,0.0,0.0,0.0,0.0,0.0
2026-05-25 09:59:46.001689,1779717586.001689,2811357,-3892971,164359200,-5488,79487,-11090,61,ee59fe00,0.0,0.0,0.0,0.0,0.0,0.0
2026-05-25 09:59:46.011416,1779717586.011416,2811357,-3892971,164359200,-5488,79487,-11090,61,ee59fe00,0.0,0.0,0.0,0.0,0.0,0.0
2026-05-25 09:59:46.019064,1779717586.019064,2800144,-3978676,164340062,4925,70047,-24681,61,ee59fe00,0.0,0.0,0.0,0.0,0.0,0.0
2026-05-25 09:59:46.027929,1779717586.027929,2800144,-3978676,164340062,4925,70047,-24681,61,ee59fe00,0.0,0.0,0.0,0.0,0.0,0.0
2026-05-25 09:59:46.035717,1779717586.035717,2852157,-4028045,164321664,19782,46315,-44553,61,ee59fe00,0.0,0.0,0.0,0.0,0.0,0.0
2026-05-25 09:59:46.045416,1779717586.045416,2852157,-4028045,164321664,19782,46315,-44553,61,ee59fe00,0.0,0.0,0.0,0.0,0.0,0.0
2026-05-25 09:59:46.052720,1779717586.052720,2934677,-4023767,164258876,35148,50481,-41244,61,ee59fe00,0.0,0.0,0.0,0.0,0.0,0.0
2026-05-25 09:59:46.063159,1779717586.063159,2934677,-4023767,164258876,35148,50481,-41244,61,ee59fe00,0.0,0.0,0.0,0.0,0.0,0.0
2026-05-25 09:59:46.071471,1779717586.071471,2920025,-3938252,164226802,58532,86694,-41057,61,ee59fe00,0.0,0.0,0.0,0.0,0.0,0.0
2026-05-25 09:59:46.080979,1779717586.080979,2920025,-3938252,164226802,58532,86694,-41057,61,ee59fe00,0.0,0.0,0.0,0.0,0.0,0.0
2026-05-25 09:59:46.088489,1779717586.088489,2854910,-3836240,164269664,45928,106106,-15480,61,ee59fe00,0.0,0.0,0.0,0.0,0.0,0.0
2026-05-25 09:59:46.099172,1779717586.099172,2854910,-3836240,164269664,45928,106106,-15480,61,ee59fe00,0.0,0.0,0.0,0.0,0.0,0.0
2026-05-25 09:59:46.107698,1779717586.107698,2718330,-3723932,164363260,47660,134576,-3677,61,ee59fe00,0.0,0.0,0.0,0.0,0.0,0.0
2026-05-25 09:59:46.117863,1779717586.117863,2718330,-3723932,164363260,47660,134576,-3677,61,ee59fe00,0.0,0.0,0.0,0.0,0.0,0.0
2026-05-25 09:59:46.126229,1779717586.126229,2590838,-3635445,164445493,21919,107473,17842,61,ee59fe00,0.0,0.0,0.0,0.0,0.0,0.0
2026-05-25 09:59:46.135880,1779717586.135880,2590838,-3635445,164445493,21919,107473,17842,61,ee59fe00,0.0,0.0,0.0,0.0,0.0,0.0
2026-05-25 09:59:46.142975,1779717586.142975,2516530,-3611649,164507790,23732,71917,5515,61,ee59fe00,0.0,0.0,0.0,0.0,0.0,0.0
2026-05-25 09:59:46.152671,1779717586.152671,2516530,-3611649,164507790,23732,71917,5515,61,ee59fe00,0.0,0.0,0.0,0.0,0.0,0.0
2026-05-25 09:59:46.162924,1779717586.162924,2530279,-3570895,164526329,15253,12089,-13091,61,ee59fe00,0.0,0.0,0.0,0.0,0.0,0.0
2026-05-25 09:59:46.172138,1779717586.172138,2530279,-3570895,164526329,15253,12089,-13091,61,ee59fe00,0.0,0.0,0.0,0.0,0.0,0.0
2026-05-25 09:59:46.180391,1779717586.180391,2618438,-3612389,164410327,11132,-38200,-17418,61,ee59fe00,0.0,0.0,0.0,0.0,0.0,0.0
2026-05-25 09:59:46.190220,1779717586.190220,2618438,-3612389,164410327,11132,-38200,-17418,61,ee59fe00,0.0,0.0,0.0,0.0,0.0,0.0
2026-05-25 09:59:46.198673,1779717586.198673,2758646,-3694720,164334052,-3369,-52140,-13799,61,ee59fe00,0.0,0.0,0.0,0.0,0.0,0.0
2026-05-25 09:59:46.214501,1779717586.214501,2758646,-3694720,164334052,-3369,-52140,-13799,61,ee59fe00,0.0,0.0,0.0,0.0,0.0,0.0
2026-05-25 09:59:46.222285,1779717586.222285,2831275,-3828596,164273559,-15736,-44740,-4183,61,ee59fe00,0.0,0.0,0.0,0.0,0.0,0.0
2026-05-25 09:59:46.231496,1779717586.231496,2831275,-3828596,164273559,-15736,-44740,-4183,61,ee59fe00,0.0,0.0,0.0,0.0,0.0,0.0
2026-05-25 09:59:46.239111,1779717586.239111,2897385,-3913382,164307118,-23907,203,3921,61,ee59fe00,0.0,0.0,0.0,0.0,0.0,0.0
2026-05-25 09:59:46.248706,1779717586.248706,2897385,-3913382,164307118,-23907,203,3921,61,ee59fe00,0.0,0.0,0.0,0.0,0.0,0.0
2026-05-25 09:59:46.262988,1779717586.262988,2907135,-3995405,164294890,9110,19645,15188,61,ee59fe00,0.0,0.0,0.0,0.0,0.0,0.0
2026-05-25 09:59:46.279308,1779717586.279308,2907135,-3995405,164294890,9110,19645,15188,61,ee59fe00,0.0,0.0,0.0,0.0,0.0,0.0
2026-05-25 09:59:46.292003,1779717586.292003,2930098,-3968269,164302587,33353,55639,-1943,61,ee59fe00,0.0,0.0,0.0,0.0,0.0,0.0
2026-05-25 09:59:46.301458,1779717586.301458,2930098,-3968269,164302587,33353,55639,-1943,61,ee59fe00,0.0,0.0,0.0,0.0,0.0,0.0
2026-05-25 09:59:46.309407,1779717586.309407,2950850,-3978487,164317237,61838,65307,-12695,61,ee59fe00,0.0,0.0,0.0,0.0,0.0,0.0
2026-05-25 09:59:46.321589,1779717586.321589,2950850,-3978487,164317237,61838,65307,-12695,61,ee59fe00,0.0,0.0,0.0,0.0,0.0,0.0
2026-05-25 09:59:46.329300,1779717586.329300,2896881,-3893021,164350240,43816,82200,-16017,61,ee59fe00,0.0,0.0,0.0,0.0,0.0,0.0
2026-05-25 09:59:46.340435,1779717586.340435,2896881,-3893021,164350240,43816,82200,-16017,61,ee59fe00,0.0,0.0,0.0,0.0,0.0,0.0
2026-05-25 09:59:46.354797,1779717586.354797,2843343,-3826500,164359911,57153,80941,6707,61,ee59fe00,0.0,0.0,0.0,0.0,0.0,0.0
2026-05-25 09:59:46.372303,1779717586.372303,2843343,-3826500,164359911,57153,80941,6707,61,ee59fe00,0.0,0.0,0.0,0.0,0.0,0.0
2026-05-25 09:59:46.385982,1779717586.385982,2788721,-3713280,164355149,33995,85171,1322,61,ee59fe00,0.0,0.0,0.0,0.0,0.0,0.0
2026-05-25 09:59:46.401918,1779717586.401918,2788721,-3713280,164355149,33995,85171,1322,61,ee59fe00,0.0,0.0,0.0,0.0,0.0,0.0
2026-05-25 09:59:46.412886,1779717586.412886,2776561,-3650035,164426214,46305,91535,11785,61,ee59fe00,0.0,0.0,0.0,0.0,0.0,0.0
2026-05-25 09:59:46.422485,1779717586.422485,2776561,-3650035,164426214,46305,91535,11785,61,ee59fe00,0.0,0.0,0.0,0.0,0.0,0.0
2026-05-25 09:59:46.431441,1779717586.431441,2797769,-3620612,164436679,37755,79336,-10256,61,ee59fe00,0.0,0.0,0.0,0.0,0.0,0.0
2026-05-25 09:59:46.443720,1779717586.443720,2797769,-3620612,164436679,37755,79336,-10256,61,ee59fe00,0.0,0.0,0.0,0.0,0.0,0.0
2026-05-25 09:59:46.457476,1779717586.457476,2815255,-3683422,164425951,64489,78784,-10862,61,ee59fe00,0.0,0.0,0.0,0.0,0.0,0.0
2026-05-25 09:59:46.474356,1779717586.474356,2815255,-3683422,164425951,64489,78784,-10862,61,ee59fe00,0.0,0.0,0.0,0.0,0.0,0.0
2026-05-25 09:59:46.482572,1779717586.482572,2821139,-3716095,164364745,60269,51062,-14190,61,ee59fe00,0.0,0.0,0.0,0.0,0.0,0.0
2026-05-25 09:59:46.491579,1779717586.491579,2821139,-3716095,164364745,60269,51062,-14190,61,ee59fe00,0.0,0.0,0.0,0.0,0.0,0.0
2026-05-25 09:59:46.499425,1779717586.499425,2862901,-3805717,164323031,30710,98869,-4327,61,ee59fe00,0.0,0.0,0.0,0.0,0.0,0.0
2026-05-25 09:59:46.507903,1779717586.507903,2862901,-3805717,164323031,30710,98869,-4327,61,ee59fe00,0.0,0.0,0.0,0.0,0.0,0.0
2026-05-25 09:59:46.516402,1779717586.516402,2814370,-3898552,164355668,-4695,116561,-13203,61,ee59fe00,0.0,0.0,0.0,0.0,0.0,0.0
2026-05-25 09:59:46.532592,1779717586.532592,2814370,-3898552,164355668,-4695,116561,-13203,61,ee59fe00,0.0,0.0,0.0,0.0,0.0,0.0
2026-05-25 09:59:46.542967,1779717586.542967,2808446,-3956931,164355589,883,99801,-12620,61,ee59fe00,0.0,0.0,0.0,0.0,0.0,0.0
2026-05-25 09:59:46.560719,1779717586.560719,2808446,-3956931,164355589,883,99801,-12620,61,ee59fe00,0.0,0.0,0.0,0.0,0.0,0.0
2026-05-25 09:59:46.571019,1779717586.571019,2715375,-3991853,164386064,24189,76321,-9673,61,ee59fe00,0.0,0.0,0.0,0.0,0.0,0.0
2026-05-25 09:59:46.579496,1779717586.579496,2715375,-3991853,164386064,24189,76321,-9673,61,ee59fe00,0.0,0.0,0.0,0.0,0.0,0.0
2026-05-25 09:59:46.587051,1779717586.587051,2665757,-3957758,164403918,46439,39888,-18585,61,ee59fe00,0.0,0.0,0.0,0.0,0.0,0.0
2026-05-25 09:59:46.600739,1779717586.600739,2665757,-3957758,164403918,46439,39888,-18585,61,ee59fe00,0.0,0.0,0.0,0.0,0.0,0.0
2026-05-25 09:59:46.608462,1779717586.608462,2658229,-3957241,164345349,66035,17212,-42067,61,ee59fe00,0.0,0.0,0.0,0.0,0.0,0.0
2026-05-25 09:59:46.617125,1779717586.617125,2658229,-3957241,164345349,66035,17212,-42067,61,ee59fe00,0.0,0.0,0.0,0.0,0.0,0.0
2026-05-25 09:59:46.624097,1779717586.624097,2749885,-3834309,164324065,71823,17373,-36901,61,ee59fe00,0.0,0.0,0.0,0.0,0.0,0.0
2026-05-25 09:59:46.632931,1779717586.632931,2749885,-3834309,164324065,71823,17373,-36901,61,ee59fe00,0.0,0.0,0.0,0.0,0.0,0.0
2026-05-25 09:59:46.643260,1779717586.643260,2848294,-3717297,164269672,77126,13730,-24416,61,ee59fe00,0.0,0.0,0.0,0.0,0.0,0.0
2026-05-25 09:59:46.657492,1779717586.657492,2848294,-3717297,164269672,77126,13730,-24416,61,ee59fe00,0.0,0.0,0.0,0.0,0.0,0.0
2026-05-25 09:59:46.665323,1779717586.665323,2911283,-3593469,164262313,60175,42691,10986,61,ee58fe00,0.0,0.0,0.0,0.0,0.0,0.0
2026-05-25 09:59:46.674791,1779717586.674791,2911283,-3593469,164262313,60175,42691,10986,61,ee58fe00,0.0,0.0,0.0,0.0,0.0,0.0
2026-05-25 09:59:46.683226,1779717586.683226,2916864,-3522581,164274692,42606,64581,13843,61,ee58fe00,0.0,0.0,0.0,0.0,0.0,0.0
2026-05-25 09:59:46.693820,1779717586.693820,2916864,-3522581,164274692,42606,64581,13843,61,ee58fe00,0.0,0.0,0.0,0.0,0.0,0.0
2026-05-25 09:59:46.703636,1779717586.703636,2925604,-3546241,164279862,58121,95943,39506,61,ee59fe00,0.0,0.0,0.0,0.0,0.0,0.0
2026-05-25 09:59:46.714261,1779717586.714261,2925604,-3546241,164279862,58121,95943,39506,61,ee59fe00,0.0,0.0,0.0,0.0,0.0,0.0
2026-05-25 09:59:46.722619,1779717586.722619,2894317,-3600420,164314488,48011,144462,26935,61,ee59fe00,0.0,0.0,0.0,0.0,0.0,0.0
2026-05-25 09:59:46.731508,1779717586.731508,2894317,-3600420,164314488,48011,144462,26935,61,ee59fe00,0.0,0.0,0.0,0.0,0.0,0.0
2026-05-25 09:59:46.738705,1779717586.738705,2810333,-3675005,164346844,49705,169618,23966,61,ee59fe00,0.0,0.0,0.0,0.0,0.0,0.0
2026-05-25 09:59:46.756164,1779717586.756164,2810333,-3675005,164346844,49705,169618,23966,61,ee59fe00,0.0,0.0,0.0,0.0,0.0,0.0
2026-05-25 09:59:46.765266,1779717586.765266,2744327,-3740066,164345562,19108,165002,3072,61,ee59fe00,0.0,0.0,0.0,0.0,0.0,0.0
2026-05-25 09:59:46.780052,1779717586.780052,2744327,-3740066,164345562,19108,165002,3072,61,ee59fe00,0.0,0.0,0.0,0.0,0.0,0.0
2026-05-25 09:59:46.788439,1779717586.788439,2641054,-3813721,164363743,22050,140617,14685,61,ee59fe00,0.0,0.0,0.0,0.0,0.0,0.0
2026-05-25 09:59:46.798078,1779717586.798078,2641054,-3813721,164363743,22050,140617,14685,61,ee59fe00,0.0,0.0,0.0,0.0,0.0,0.0
2026-05-25 09:59:46.811820,1779717586.811820,2644178,-3907485,164354031,54559,103372,14827,61,ee59fe00,0.0,0.0,0.0,0.0,0.0,0.0
2026-05-25 09:59:46.824192,1779717586.824192,2644178,-3907485,164354031,54559,103372,14827,61,ee59fe00,0.0,0.0,0.0,0.0,0.0,0.0
2026-05-25 09:59:46.832826,1779717586.832826,2673819,-3919942,164343585,63436,96775,19588,61,ee59fe00,0.0,0.0,0.0,0.0,0.0,0.0
2026-05-25 09:59:46.844650,1779717586.844650,2673819,-3919942,164343585,63436,96775,19588,61,ee59fe00,0.0,0.0,0.0,0.0,0.0,0.0
2026-05-25 09:59:46.856981,1779717586.856981,2725465,-3917319,164301743,55225,87930,-2870,61,ee59fe00,0.0,0.0,0.0,0.0,0.0,0.0
2026-05-25 09:59:46.874237,1779717586.874237,2725465,-3917319,164301743,55225,87930,-2870,61,ee59fe00,0.0,0.0,0.0,0.0,0.0,0.0
2026-05-25 09:59:46.888654,1779717586.888654,2762868,-3836092,164306461,48847,96108,722,61,ee59fe00,0.0,0.0,0.0,0.0,0.0,0.0
2026-05-25 09:59:46.905896,1779717586.905896,2762868,-3836092,164306461,48847,96108,722,61,ee59fe00,0.0,0.0,0.0,0.0,0.0,0.0
2026-05-25 09:59:46.919638,1779717586.919638,2777676,-3779151,164349071,21593,119914,19689,61,ee59fe00,0.0,0.0,0.0,0.0,0.0,0.0
2026-05-25 09:59:46.936828,1779717586.936828,2777676,-3779151,164349071,21593,119914,19689,61,ee59fe00,0.0,0.0,0.0,0.0,0.0,0.0
2026-05-25 09:59:46.948685,1779717586.948685,2762323,-3709654,164424173,50597,97622,15861,61,ee59fe00,0.0,0.0,0.0,0.0,0.0,0.0
2026-05-25 09:59:46.965467,1779717586.965467,2762323,-3709654,164424173,50597,97622,15861,61,ee59fe00,0.0,0.0,0.0,0.0,0.0,0.0
2026-05-25 09:59:46.978728,1779717586.978728,2734333,-3685961,164441395,70235,89425,8706,61,ee59fe00,0.0,0.0,0.0,0.0,0.0,0.0
2026-05-25 09:59:46.989481,1779717586.989481,2734333,-3685961,164441395,70235,89425,8706,61,ee59fe00,0.0,0.0,0.0,0.0,0.0,0.0
2026-05-25 09:59:47.002246,1779717587.002246,2619590,-3692622,164450246,89018,30587,-20859,61,ee59fe00,0.0,0.0,0.0,0.0,0.0,0.0
2026-05-25 09:59:47.018047,1779717587.018047,2619590,-3692622,164450246,89018,30587,-20859,61,ee59fe00,0.0,0.0,0.0,0.0,0.0,0.0
2026-05-25 09:59:47.025704,1779717587.025704,2615295,-3712818,164437956,91649,-22482,-30688,61,ee59fe00,0.0,0.0,0.0,0.0,0.0,0.0
2026-05-25 09:59:47.036347,1779717587.036347,2615295,-3712818,164437956,91649,-22482,-30688,61,ee59fe00,0.0,0.0,0.0,0.0,0.0,0.0
2026-05-25 09:59:47.050775,1779717587.050775,2652456,-3750806,164413896,48421,-50631,-35653,61,ee59fe00,0.0,0.0,0.0,0.0,0.0,0.0
2026-05-25 09:59:47.060352,1779717587.060352,2652456,-3750806,164413896,48421,-50631,-35653,61,ee59fe00,0.0,0.0,0.0,0.0,0.0,0.0
2026-05-25 09:59:47.067370,1779717587.067370,2736632,-3798152,164410111,76515,-85357,-19280,61,ee59fe00,0.0,0.0,0.0,0.0,0.0,0.0
2026-05-25 09:59:47.076617,1779717587.076617,2736632,-3798152,164410111,76515,-85357,-19280,61,ee59fe00,0.0,0.0,0.0,0.0,0.0,0.0
2026-05-25 09:59:47.083976,1779717587.083976,2830105,-3824095,164344205,79832,-91197,-5213,61,ee59fe00,0.0,0.0,0.0,0.0,0.0,0.0
2026-05-25 09:59:47.094818,1779717587.094818,2830105,-3824095,164344205,79832,-91197,-5213,61,ee59fe00,0.0,0.0,0.0,0.0,0.0,0.0
2026-05-25 09:59:47.102120,1779717587.102120,2883001,-3841658,164244964,97509,-80382,3151,61,ee59fe00,0.0,0.0,0.0,0.0,0.0,0.0
2026-05-25 09:59:47.118383,1779717587.118383,2883001,-3841658,164244964,97509,-80382,3151,61,ee59fe00,0.0,0.0,0.0,0.0,0.0,0.0
2026-05-25 09:59:47.131014,1779717587.131014,2889055,-3866083,164264172,96552,-50737,-3010,61,ee59fe00,0.0,0.0,0.0,0.0,0.0,0.0
2026-05-25 09:59:47.147424,1779717587.147424,2889055,-3866083,164264172,96552,-50737,-3010,61,ee59fe00,0.0,0.0,0.0,0.0,0.0,0.0
2026-05-25 09:59:47.160729,1779717587.160729,2915517,-3857280,164225978,83283,-7525,-10464,61,ee59fe00,0.0,0.0,0.0,0.0,0.0,0.0
2026-05-25 09:59:47.178005,1779717587.178005,2915517,-3857280,164225978,83283,-7525,-10464,61,ee59fe00,0.0,0.0,0.0,0.0,0.0,0.0
2026-05-25 09:59:47.188826,1779717587.188826,2824836,-3846713,164304365,72013,43291,-8628,61,ee59fe00,0.0,0.0,0.0,0.0,0.0,0.0
2026-05-25 09:59:47.198188,1779717587.198188,2824836,-3846713,164304365,72013,43291,-8628,61,ee59fe00,0.0,0.0,0.0,0.0,0.0,0.0
2026-05-25 09:59:47.210451,1779717587.210451,2757126,-3744509,164309920,74937,58501,-9198,61,ee59fe00,0.0,0.0,0.0,0.0,0.0,0.0
2026-05-25 09:59:47.220110,1779717587.220110,2757126,-3744509,164309920,74937,58501,-9198,61,ee59fe00,0.0,0.0,0.0,0.0,0.0,0.0
2026-05-25 09:59:47.229388,1779717587.229388,2712525,-3627188,164320142,71880,78462,-16111,61,ee59fe00,0.0,0.0,0.0,0.0,0.0,0.0
2026-05-25 09:59:47.244900,1779717587.244900,2712525,-3627188,164320142,71880,78462,-16111,61,ee59fe00,0.0,0.0,0.0,0.0,0.0,0.0
2026-05-25 09:59:47.259834,1779717587.259834,2702365,-3572250,164333323,59974,71208,-14556,61,ee59fe00,0.0,0.0,0.0,0.0,0.0,0.0
2026-05-25 09:59:47.277963,1779717587.277963,2702365,-3572250,164333323,59974,71208,-14556,61,ee59fe00,0.0,0.0,0.0,0.0,0.0,0.0
2026-05-25 09:59:47.291669,1779717587.291669,2785680,-3578054,164344150,70110,64204,862,61,ee59fe00,0.0,0.0,0.0,0.0,0.0,0.0
2026-05-25 09:59:47.308704,1779717587.308704,2785680,-3578054,164344150,70110,64204,862,61,ee59fe00,0.0,0.0,0.0,0.0,0.0,0.0
2026-05-25 09:59:47.317010,1779717587.317010,2815304,-3638787,164308565,34288,66066,5146,61,ee59fe00,0.0,0.0,0.0,0.0,0.0,0.0
2026-05-25 09:59:47.325500,1779717587.325500,2815304,-3638787,164308565,34288,66066,5146,61,ee59fe00,0.0,0.0,0.0,0.0,0.0,0.0
2026-05-25 09:59:47.332262,1779717587.332262,2826262,-3725828,164292815,13698,89639,-3322,61,ee59fe00,0.0,0.0,0.0,0.0,0.0,0.0
2026-05-25 09:59:47.343309,1779717587.343309,2826262,-3725828,164292815,13698,89639,-3322,61,ee59fe00,0.0,0.0,0.0,0.0,0.0,0.0
2026-05-25 09:59:47.352574,1779717587.352574,2790935,-3824333,164276031,-18457,116498,-11650,61,ee59fe00,0.0,0.0,0.0,0.0,0.0,0.0
2026-05-25 09:59:47.363323,1779717587.363323,2790935,-3824333,164276031,-18457,116498,-11650,61,ee59fe00,0.0,0.0,0.0,0.0,0.0,0.0
2026-05-25 09:59:47.371780,1779717587.371780,2776086,-3940600,164336752,-23425,124000,-4319,61,ee59fe00,0.0,0.0,0.0,0.0,0.0,0.0
2026-05-25 09:59:47.381568,1779717587.381568,2776086,-3940600,164336752,-23425,124000,-4319,61,ee59fe00,0.0,0.0,0.0,0.0,0.0,0.0
2026-05-25 09:59:47.389984,1779717587.389984,2811010,-3971914,164344275,6241,90121,-16089,61,ee59fe00,0.0,0.0,0.0,0.0,0.0,0.0
2026-05-25 09:59:47.399286,1779717587.399286,2811010,-3971914,164344275,6241,90121,-16089,61,ee59fe00,0.0,0.0,0.0,0.0,0.0,0.0
2026-05-25 09:59:47.406963,1779717587.406963,2787227,-3958286,164355947,23863,59850,-19914,61,ee59fe00,0.0,0.0,0.0,0.0,0.0,0.0
2026-05-25 09:59:47.420687,1779717587.420687,2787227,-3958286,164355947,23863,59850,-19914,61,ee59fe00,0.0,0.0,0.0,0.0,0.0,0.0
2026-05-25 09:59:47.431447,1779717587.431447,2751888,-3922705,164361707,51742,42909,-25513,61,ee59fe00,0.0,0.0,0.0,0.0,0.0,0.0
2026-05-25 09:59:47.445964,1779717587.445964,2751888,-3922705,164361707,51742,42909,-25513,61,ee59fe00,0.0,0.0,0.0,0.0,0.0,0.0
2026-05-25 09:59:47.459602,1779717587.459602,2688262,-3851738,164396487,36072,30288,-12803,61,ee59fe00,0.0,0.0,0.0,0.0,0.0,0.0
2026-05-25 09:59:47.475573,1779717587.475573,2688262,-3851738,164396487,36072,30288,-12803,61,ee59fe00,0.0,0.0,0.0,0.0,0.0,0.0
2026-05-25 09:59:47.488808,1779717587.488808,2727102,-3787070,164406676,60757,39464,2705,61,ee59fe00,0.0,0.0,0.0,0.0,0.0,0.0
2026-05-25 09:59:47.504944,1779717587.504944,2727102,-3787070,164406676,60757,39464,2705,61,ee59fe00,0.0,0.0,0.0,0.0,0.0,0.0
2026-05-25 09:59:47.513914,1779717587.513914,2697310,-3725612,164392670,65479,14304,14694,61,ee59fe00,0.0,0.0,0.0,0.0,0.0,0.0
2026-05-25 09:59:47.522425,1779717587.522425,2697310,-3725612,164392670,65479,14304,14694,61,ee59fe00,0.0,0.0,0.0,0.0,0.0,0.0
2026-05-25 09:59:47.529636,1779717587.529636,2774682,-3673584,164373580,93357,-9283,6028,61,ee59fe00,0.0,0.0,0.0,0.0,0.0,0.0
2026-05-25 09:59:47.538332,1779717587.538332,2774682,-3673584,164373580,93357,-9283,6028,61,ee59fe00,0.0,0.0,0.0,0.0,0.0,0.0
2026-05-25 09:59:47.545815,1779717587.545815,2765329,-3653531,164324325,114822,-27978,-17244,61,ee59fe00,0.0,0.0,0.0,0.0,0.0,0.0
2026-05-25 09:59:47.554370,1779717587.554370,2765329,-3653531,164324325,114822,-27978,-17244,61,ee59fe00,0.0,0.0,0.0,0.0,0.0,0.0
2026-05-25 09:59:47.561684,1779717587.561684,2816284,-3578612,164329210,100903,-30071,-32360,61,ee59fe00,0.0,0.0,0.0,0.0,0.0,0.0
2026-05-25 09:59:47.570504,1779717587.570504,2816284,-3578612,164329210,100903,-30071,-32360,61,ee59fe00,0.0,0.0,0.0,0.0,0.0,0.0
2026-05-25 09:59:47.577553,1779717587.577553,2799111,-3614369,164319715,92888,1484,-24715,61,ee59fe00,0.0,0.0,0.0,0.0,0.0,0.0
2026-05-25 09:59:47.585871,1779717587.585871,2799111,-3614369,164319715,92888,1484,-24715,61,ee59fe00,0.0,0.0,0.0,0.0,0.0,0.0
2026-05-25 09:59:47.592571,1779717587.592571,2814776,-3649959,164345866,69073,29222,-27773,61,ee59fe00,0.0,0.0,0.0,0.0,0.0,0.0
2026-05-25 09:59:47.600368,1779717587.600368,2814776,-3649959,164345866,69073,29222,-27773,61,ee59fe00,0.0,0.0,0.0,0.0,0.0,0.0
2026-05-25 09:59:47.607461,1779717587.607461,2815809,-3782672,164354878,67984,44113,-23583,61,ee59fe00,0.0,0.0,0.0,0.0,0.0,0.0
2026-05-25 09:59:47.616033,1779717587.616033,2815809,-3782672,164354878,67984,44113,-23583,61,ee59fe00,0.0,0.0,0.0,0.0,0.0,0.0
2026-05-25 09:59:47.623034,1779717587.623034,2817205,-3838060,164355516,67766,48006,-34568,61,ee59fe00,0.0,0.0,0.0,0.0,0.0,0.0
2026-05-25 09:59:47.631152,1779717587.631152,2817205,-3838060,164355516,67766,48006,-34568,61,ee59fe00,0.0,0.0,0.0,0.0,0.0,0.0
2026-05-25 09:59:47.637770,1779717587.637770,2829421,-3915274,164335520,41869,51785,-33429,61,ee59fe00,0.0,0.0,0.0,0.0,0.0,0.0
2026-05-25 09:59:47.646519,1779717587.646519,2829421,-3915274,164335520,41869,51785,-33429,61,ee59fe00,0.0,0.0,0.0,0.0,0.0,0.0
2026-05-25 09:59:47.653282,1779717587.653282,2820847,-3936991,164320494,26498,43981,-45853,61,ee59fe00,0.0,0.0,0.0,0.0,0.0,0.0
2026-05-25 09:59:47.661970,1779717587.661970,2820847,-3936991,164320494,26498,43981,-45853,61,ee59fe00,0.0,0.0,0.0,0.0,0.0,0.0
2026-05-25 09:59:47.668930,1779717587.668930,2839260,-3945915,164324140,14973,50682,-6781,61,ee59fe00,0.0,0.0,0.0,0.0,0.0,0.0
2026-05-25 09:59:47.677505,1779717587.677505,2839260,-3945915,164324140,14973,50682,-6781,61,ee59fe00,0.0,0.0,0.0,0.0,0.0,0.0
2026-05-25 09:59:47.684621,1779717587.684621,2879191,-3897423,164289961,23960,75188,-4727,61,ee59fe00,0.0,0.0,0.0,0.0,0.0,0.0
2026-05-25 09:59:47.693193,1779717587.693193,2879191,-3897423,164289961,23960,75188,-4727,61,ee59fe00,0.0,0.0,0.0,0.0,0.0,0.0
2026-05-25 09:59:47.700551,1779717587.700551,2910652,-3849642,164277614,41980,124800,21476,61,ee59fe00,0.0,0.0,0.0,0.0,0.0,0.0
2026-05-25 09:59:47.710677,1779717587.710677,2910652,-3849642,164277614,41980,124800,21476,61,ee59fe00,0.0,0.0,0.0,0.0,0.0,0.0
2026-05-25 09:59:47.718408,1779717587.718408,2896551,-3800125,164277780,68820,150329,23722,61,ee59fe00,0.0,0.0,0.0,0.0,0.0,0.0
2026-05-25 09:59:47.728465,1779717587.728465,2896551,-3800125,164277780,68820,150329,23722,61,ee59fe00,0.0,0.0,0.0,0.0,0.0,0.0
2026-05-25 09:59:47.741690,1779717587.741690,2876178,-3762161,164290732,60118,201898,29289,61,ee59fe00,0.0,0.0,0.0,0.0,0.0,0.0
2026-05-25 09:59:47.752828,1779717587.752828,2876178,-3762161,164290732,60118,201898,29289,61,ee59fe00,0.0,0.0,0.0,0.0,0.0,0.0
2026-05-25 09:59:47.760721,1779717587.760721,2791907,-3689102,164326124,45411,191751,14528,61,ee59fe00,0.0,0.0,0.0,0.0,0.0,0.0
2026-05-25 09:59:47.770437,1779717587.770437,2791907,-3689102,164326124,45411,191751,14528,61,ee59fe00,0.0,0.0,0.0,0.0,0.0,0.0
2026-05-25 09:59:47.778054,1779717587.778054,2726089,-3650383,164329296,-3259,192336,5117,61,ee59fe00,0.0,0.0,0.0,0.0,0.0,0.0
2026-05-25 09:59:47.787600,1779717587.787600,2726089,-3650383,164329296,-3259,192336,5117,61,ee59fe00,0.0,0.0,0.0,0.0,0.0,0.0
2026-05-25 09:59:47.799304,1779717587.799304,2619004,-3618854,164389022,-7556,143391,12865,61,ee59fe00,0.0,0.0,0.0,0.0,0.0,0.0
2026-05-25 09:59:47.808729,1779717587.808729,2619004,-3618854,164389022,-7556,143391,12865,61,ee59fe00,0.0,0.0,0.0,0.0,0.0,0.0
2026-05-25 09:59:47.822422,1779717587.822422,2564002,-3668287,164433296,-23444,114993,-9090,61,ee59fe00,0.0,0.0,0.0,0.0,0.0,0.0
2026-05-25 09:59:47.838942,1779717587.838942,2564002,-3668287,164433296,-23444,114993,-9090,61,ee59fe00,0.0,0.0,0.0,0.0,0.0,0.0
2026-05-25 09:59:47.852500,1779717587.852500,2582902,-3754806,164401226,-3407,70266,-29180,61,ee59fe00,0.0,0.0,0.0,0.0,0.0,0.0
2026-05-25 09:59:47.866114,1779717587.866114,2582902,-3754806,164401226,-3407,70266,-29180,61,ee59fe00,0.0,0.0,0.0,0.0,0.0,0.0
2026-05-25 09:59:47.877259,1779717587.877259,2644520,-3833927,164406516,14402,67496,-45401,61,ee59fe00,0.0,0.0,0.0,0.0,0.0,0.0
2026-05-25 09:59:47.890736,1779717587.890736,2644520,-3833927,164406516,14402,67496,-45401,61,ee59fe00,0.0,0.0,0.0,0.0,0.0,0.0
2026-05-25 09:59:47.904087,1779717587.904087,2713183,-3868443,164343726,49729,39323,-25303,61,ee59fe00,0.0,0.0,0.0,0.0,0.0,0.0
2026-05-25 09:59:47.916371,1779717587.916371,2713183,-3868443,164343726,49729,39323,-25303,61,ee59fe00,0.0,0.0,0.0,0.0,0.0,0.0
2026-05-25 09:59:47.924284,1779717587.924284,2741543,-3921462,164337967,110936,27444,-1254,61,ee58fe00,0.0,0.0,0.0,0.0,0.0,0.0
2026-05-25 09:59:47.933018,1779717587.933018,2741543,-3921462,164337967,110936,27444,-1254,61,ee58fe00,0.0,0.0,0.0,0.0,0.0,0.0
2026-05-25 09:59:47.943674,1779717587.943674,2787122,-3909496,164286907,121036,-22901,1453,61,ee58fe00,0.0,0.0,0.0,0.0,0.0,0.0
2026-05-25 09:59:47.953150,1779717587.953150,2787122,-3909496,164286907,121036,-22901,1453,61,ee58fe00,0.0,0.0,0.0,0.0,0.0,0.0
2026-05-25 09:59:47.961918,1779717587.961918,2839312,-3910944,164248563,89774,5874,-4187,61,ee58fe00,0.0,0.0,0.0,0.0,0.0,0.0
2026-05-25 09:59:47.970981,1779717587.970981,2839312,-3910944,164248563,89774,5874,-4187,61,ee58fe00,0.0,0.0,0.0,0.0,0.0,0.0
2026-05-25 09:59:47.978177,1779717587.978177,2869199,-3842027,164391055,83638,33405,-37358,61,ee59fe00,0.0,0.0,0.0,0.0,0.0,0.0
2026-05-25 09:59:47.986820,1779717587.986820,2869199,-3842027,164391055,83638,33405,-37358,61,ee59fe00,0.0,0.0,0.0,0.0,0.0,0.0
2026-05-25 09:59:47.993764,1779717587.993764,2818667,-3787249,164308266,117957,-7955,-22202,61,ee59fe00,0.0,0.0,0.0,0.0,0.0,0.0
2026-05-25 09:59:48.006352,1779717588.006352,2818667,-3787249,164308266,117957,-7955,-22202,61,ee59fe00,0.0,0.0,0.0,0.0,0.0,0.0
2026-05-25 09:59:48.016518,1779717588.016518,2824385,-3684720,164316445,105418,39992,-6582,61,ee59fe00,0.0,0.0,0.0,0.0,0.0,0.0
2026-05-25 09:59:48.024601,1779717588.024601,2824385,-3684720,164316445,105418,39992,-6582,61,ee59fe00,0.0,0.0,0.0,0.0,0.0,0.0
2026-05-25 09:59:48.030991,1779717588.030991,2640085,-3722398,164243945,75362,5187,30164,61,ee58fe00,0.0,0.0,0.0,0.0,0.0,0.0
2026-05-25 09:59:48.038974,1779717588.038974,2640085,-3722398,164243945,75362,5187,30164,61,ee58fe00,0.0,0.0,0.0,0.0,0.0,0.0
2026-05-25 09:59:48.050933,1779717588.050933,2851900,-3743583,164338230,8844,80204,5149,61,ee58fe00,0.0,0.0,0.0,0.0,0.0,0.0
2026-05-25 09:59:48.087160,1779717588.087160,2851900,-3743583,164338230,8844,80204,5149,61,ee58fe00,0.0,0.0,0.0,0.0,0.0,0.0
2026-05-25 09:59:48.112484,1779717588.112484,2763016,-3868026,164362503,35560,45089,-10946,61,ee58fe00,0.0,0.0,0.0,0.0,0.0,0.0
2026-05-25 09:59:48.123496,1779717588.123496,2763016,-3868026,164362503,35560,45089,-10946,61,ee58fe00,0.0,0.0,0.0,0.0,0.0,0.0
2026-05-25 09:59:48.130986,1779717588.130986,3005428,-3757309,164386499,55854,64340,-28019,61,ee59fe00,0.0,0.0,0.0,0.0,0.0,0.0
2026-05-25 09:59:48.139523,1779717588.139523,3005428,-3757309,164386499,55854,64340,-28019,61,ee59fe00,0.0,0.0,0.0,0.0,0.0,0.0
2026-05-25 09:59:48.149695,1779717588.149695,2815069,-3803535,164314265,38793,109281,-17898,61,ee59fe00,0.0,0.0,0.0,0.0,0.0,0.0
2026-05-25 09:59:48.158751,1779717588.158751,2815069,-3803535,164314265,38793,109281,-17898,61,ee59fe00,0.0,0.0,0.0,0.0,0.0,0.0
2026-05-25 09:59:48.166532,1779717588.166532,2803227,-3769625,164385274,28392,159339,-10919,61,ee59fe00,0.0,0.0,0.0,0.0,0.0,0.0
2026-05-25 09:59:48.175247,1779717588.175247,2803227,-3769625,164385274,28392,159339,-10919,61,ee59fe00,0.0,0.0,0.0,0.0,0.0,0.0
2026-05-25 09:59:48.182751,1779717588.182751,2593487,-3900491,164388370,28999,149556,-14920,61,ee59fe00,0.0,0.0,0.0,0.0,0.0,0.0
2026-05-25 09:59:48.194054,1779717588.194054,2593487,-3900491,164388370,28999,149556,-14920,61,ee59fe00,0.0,0.0,0.0,0.0,0.0,0.0
2026-05-25 09:59:48.206446,1779717588.206446,2627964,-3847679,164494990,41570,121987,-14356,61,ee59fe00,0.0,0.0,0.0,0.0,0.0,0.0
2026-05-25 09:59:48.220531,1779717588.220531,2627964,-3847679,164494990,41570,121987,-14356,61,ee59fe00,0.0,0.0,0.0,0.0,0.0,0.0
2026-05-25 09:59:48.227909,1779717588.227909,2531592,-3882696,164492921,58119,41692,-28915,61,ee59fe00,0.0,0.0,0.0,0.0,0.0,0.0
2026-05-25 09:59:48.241028,1779717588.241028,2531592,-3882696,164492921,58119,41692,-28915,61,ee59fe00,0.0,0.0,0.0,0.0,0.0,0.0
2026-05-25 09:59:48.251995,1779717588.251995,2737907,-3797642,164476229,98556,9786,-25427,61,ee59fe00,0.0,0.0,0.0,0.0,0.0,0.0
2026-05-25 09:59:48.267068,1779717588.267068,2737907,-3797642,164476229,98556,9786,-25427,61,ee59fe00,0.0,0.0,0.0,0.0,0.0,0.0
2026-05-25 09:59:48.278081,1779717588.278081,2726070,-3770024,164429755,102829,-16868,-11582,61,ee59fe00,0.0,0.0,0.0,0.0,0.0,0.0
2026-05-25 09:59:48.294851,1779717588.294851,2726070,-3770024,164429755,102829,-16868,-11582,61,ee59fe00,0.0,0.0,0.0,0.0,0.0,0.0
2026-05-25 09:59:48.308569,1779717588.308569,2864607,-3723223,164422862,87187,-23965,-5570,61,ee59fe00,0.0,0.0,0.0,0.0,0.0,0.0
2026-05-25 09:59:48.325842,1779717588.325842,2864607,-3723223,164422862,87187,-23965,-5570,61,ee59fe00,0.0,0.0,0.0,0.0,0.0,0.0
2026-05-25 09:59:48.339909,1779717588.339909,2765278,-3781242,164421014,60496,-26574,9356,61,ee58fe00,0.0,0.0,0.0,0.0,0.0,0.0
2026-05-25 09:59:48.357339,1779717588.357339,2765278,-3781242,164421014,60496,-26574,9356,61,ee58fe00,0.0,0.0,0.0,0.0,0.0,0.0
2026-05-25 09:59:48.371065,1779717588.371065,2841363,-3735473,164405175,69146,-46475,-5206,61,ee58fe00,0.0,0.0,0.0,0.0,0.0,0.0
2026-05-25 09:59:48.388087,1779717588.388087,2841363,-3735473,164405175,69146,-46475,-5206,61,ee58fe00,0.0,0.0,0.0,0.0,0.0,0.0
2026-05-25 09:59:48.395933,1779717588.395933,2776023,-3777343,164376882,80673,-80669,-13379,61,ee58fe00,0.0,0.0,0.0,0.0,0.0,0.0
2026-05-25 09:59:48.411313,1779717588.411313,2776023,-3777343,164376882,80673,-80669,-13379,61,ee58fe00,0.0,0.0,0.0,0.0,0.0,0.0
2026-05-25 09:59:48.424195,1779717588.424195,2820022,-3679314,164374584,70249,-89344,-31441,61,ee58fe00,0.0,0.0,0.0,0.0,0.0,0.0
2026-05-25 09:59:48.435014,1779717588.435014,2820022,-3679314,164374584,70249,-89344,-31441,61,ee58fe00,0.0,0.0,0.0,0.0,0.0,0.0
2026-05-25 09:59:48.442331,1779717588.442331,2769152,-3725789,164256792,42207,-103197,-23966,61,ee59fe00,0.0,0.0,0.0,0.0,0.0,0.0
2026-05-25 09:59:48.456857,1779717588.456857,2769152,-3725789,164256792,42207,-103197,-23966,61,ee59fe00,0.0,0.0,0.0,0.0,0.0,0.0
2026-05-25 09:59:48.470384,1779717588.470384,2965554,-3696223,164334975,1831,19201,-35992,61,ee59fe00,0.0,0.0,0.0,0.0,0.0,0.0
2026-05-25 09:59:48.481773,1779717588.481773,2965554,-3696223,164334975,1831,19201,-35992,61,ee59fe00,0.0,0.0,0.0,0.0,0.0,0.0
2026-05-25 09:59:48.489770,1779717588.489770,2915719,-3860130,164316892,48487,6304,-37889,61,ee59fe00,0.0,0.0,0.0,0.0,0.0,0.0
2026-05-25 09:59:48.499427,1779717588.499427,2915719,-3860130,164316892,48487,6304,-37889,61,ee59fe00,0.0,0.0,0.0,0.0,0.0,0.0
2026-05-25 09:59:48.507321,1779717588.507321,3074333,-3831910,164388001,91972,57321,-26685,61,ee58fe00,0.0,0.0,0.0,0.0,0.0,0.0
2026-05-25 09:59:48.517701,1779717588.517701,3074333,-3831910,164388001,91972,57321,-26685,61,ee58fe00,0.0,0.0,0.0,0.0,0.0,0.0
2026-05-25 09:59:48.525289,1779717588.525289,2801320,-3915151,164298845,146683,-14144,-20782,61,ee58fe00,0.0,0.0,0.0,0.0,0.0,0.0
2026-05-25 09:59:48.534480,1779717588.534480,2801320,-3915151,164298845,146683,-14144,-20782,61,ee58fe00,0.0,0.0,0.0,0.0,0.0,0.0
2026-05-25 09:59:48.541986,1779717588.541986,2921800,-3774419,164366111,127735,55493,-26161,61,ee58fe00,0.0,0.0,0.0,0.0,0.0,0.0
2026-05-25 09:59:48.558091,1779717588.558091,2921800,-3774419,164366111,127735,55493,-26161,61,ee58fe00,0.0,0.0,0.0,0.0,0.0,0.0
2026-05-25 09:59:48.565801,1779717588.565801,2683851,-3865944,164277508,112676,59656,-43785,61,ee58fe00,0.0,0.0,0.0,0.0,0.0,0.0
2026-05-25 09:59:48.575312,1779717588.575312,2683851,-3865944,164277508,112676,59656,-43785,61,ee58fe00,0.0,0.0,0.0,0.0,0.0,0.0
2026-05-25 09:59:48.583384,1779717588.583384,2916163,-3707199,164363763,72819,118076,-48770,61,ee58fe00,0.0,0.0,0.0,0.0,0.0,0.0
2026-05-25 09:59:48.592588,1779717588.592588,2916163,-3707199,164363763,72819,118076,-48770,61,ee58fe00,0.0,0.0,0.0,0.0,0.0,0.0
2026-05-25 09:59:48.600909,1779717588.600909,2769900,-3762106,164318335,87108,105306,-41409,61,ee59fe00,0.0,0.0,0.0,0.0,0.0,0.0
2026-05-25 09:59:48.613897,1779717588.613897,2769900,-3762106,164318335,87108,105306,-41409,61,ee59fe00,0.0,0.0,0.0,0.0,0.0,0.0
2026-05-25 09:59:48.622285,1779717588.622285,2931055,-3575286,164379466,38893,161253,-10795,61,ee59fe00,0.0,0.0,0.0,0.0,0.0,0.0
2026-05-25 09:59:48.631191,1779717588.631191,2931055,-3575286,164379466,38893,161253,-10795,61,ee59fe00,0.0,0.0,0.0,0.0,0.0,0.0
2026-05-25 09:59:48.642514,1779717588.642514,2693173,-3653473,164356760,59583,147377,-79,61,ee59fe00,0.0,0.0,0.0,0.0,0.0,0.0
2026-05-25 09:59:48.655452,1779717588.655452,2693173,-3653473,164356760,59583,147377,-79,61,ee59fe00,0.0,0.0,0.0,0.0,0.0,0.0
2026-05-25 09:59:48.666387,1779717588.666387,2750317,-3645179,164398808,25336,144855,8490,61,ee59fe00,0.0,0.0,0.0,0.0,0.0,0.0
2026-05-25 09:59:48.678052,1779717588.678052,2750317,-3645179,164398808,25336,144855,8490,61,ee59fe00,0.0,0.0,0.0,0.0,0.0,0.0
2026-05-25 09:59:48.686458,1779717588.686458,2502113,-3826585,164423550,35668,85764,-2320,61,ee59fe00,0.0,0.0,0.0,0.0,0.0,0.0
2026-05-25 09:59:48.695540,1779717588.695540,2502113,-3826585,164423550,35668,85764,-2320,61,ee59fe00,0.0,0.0,0.0,0.0,0.0,0.0
2026-05-25 09:59:48.709002,1779717588.709002,2610080,-3811496,164501163,33409,20864,-31433,61,ee59fe00,0.0,0.0,0.0,0.0,0.0,0.0
2026-05-25 09:59:48.724378,1779717588.724378,2610080,-3811496,164501163,33409,20864,-31433,61,ee59fe00,0.0,0.0,0.0,0.0,0.0,0.0
2026-05-25 09:59:48.733277,1779717588.733277,2535381,-3908149,164447519,45635,-22712,-30846,61,ee59fe00,0.0,0.0,0.0,0.0,0.0,0.0
2026-05-25 09:59:48.742760,1779717588.742760,2535381,-3908149,164447519,45635,-22712,-30846,61,ee59fe00,0.0,0.0,0.0,0.0,0.0,0.0
2026-05-25 09:59:48.753359,1779717588.753359,2767108,-3862673,164456417,63830,-33855,-27195,61,ee59fe00,0.0,0.0,0.0,0.0,0.0,0.0
2026-05-25 09:59:48.765144,1779717588.765144,2767108,-3862673,164456417,63830,-33855,-27195,61,ee59fe00,0.0,0.0,0.0,0.0,0.0,0.0
2026-05-25 09:59:48.773010,1779717588.773010,2746515,-3951893,164351409,73867,-14238,-2654,61,ee58fe00,0.0,0.0,0.0,0.0,0.0,0.0
2026-05-25 09:59:48.785808,1779717588.785808,2746515,-3951893,164351409,73867,-14238,-2654,61,ee58fe00,0.0,0.0,0.0,0.0,0.0,0.0
2026-05-25 09:59:48.794104,1779717588.794104,2852356,-3904567,164326653,93257,-13849,5714,61,ee59fe00,0.0,0.0,0.0,0.0,0.0,0.0
2026-05-25 09:59:48.803423,1779717588.803423,2852356,-3904567,164326653,93257,-13849,5714,61,ee59fe00,0.0,0.0,0.0,0.0,0.0,0.0
2026-05-25 09:59:48.811413,1779717588.811413,2747002,-3933291,164332657,106347,-8791,36,61,ee59fe00,0.0,0.0,0.0,0.0,0.0,0.0
2026-05-25 09:59:48.827690,1779717588.827690,2747002,-3933291,164332657,106347,-8791,36,61,ee59fe00,0.0,0.0,0.0,0.0,0.0,0.0
2026-05-25 09:59:48.841513,1779717588.841513,2825552,-3862109,164350918,127929,-38782,-11471,61,ee58fe00,0.0,0.0,0.0,0.0,0.0,0.0
2026-05-25 09:59:48.853300,1779717588.853300,2825552,-3862109,164350918,127929,-38782,-11471,61,ee58fe00,0.0,0.0,0.0,0.0,0.0,0.0
2026-05-25 09:59:48.860476,1779717588.860476,2764971,-3856691,164345732,109982,-23942,-16245,61,ee58fe00,0.0,0.0,0.0,0.0,0.0,0.0
2026-05-25 09:59:48.870273,1779717588.870273,2764971,-3856691,164345732,109982,-23942,-16245,61,ee58fe00,0.0,0.0,0.0,0.0,0.0,0.0
2026-05-25 09:59:48.877359,1779717588.877359,2895194,-3704333,164290491,86901,-21280,-10167,61,ee59fe00,0.0,0.0,0.0,0.0,0.0,0.0
2026-05-25 09:59:48.885794,1779717588.885794,2895194,-3704333,164290491,86901,-21280,-10167,61,ee59fe00,0.0,0.0,0.0,0.0,0.0,0.0
2026-05-25 09:59:48.893486,1779717588.893486,2913023,-3681793,164257881,51273,15376,-14508,61,ee59fe00,0.0,0.0,0.0,0.0,0.0,0.0
2026-05-25 09:59:48.902810,1779717588.902810,2913023,-3681793,164257881,51273,15376,-14508,61,ee59fe00,0.0,0.0,0.0,0.0,0.0,0.0
2026-05-25 09:59:48.910722,1779717588.910722,2979898,-3608020,164261180,47796,50831,1947,61,ee59fe00,0.0,0.0,0.0,0.0,0.0,0.0
2026-05-25 09:59:48.919405,1779717588.919405,2979898,-3608020,164261180,47796,50831,1947,61,ee59fe00,0.0,0.0,0.0,0.0,0.0,0.0
2026-05-25 09:59:48.931823,1779717588.931823,2882621,-3663388,164298398,47215,101405,7235,61,ee58fe00,0.0,0.0,0.0,0.0,0.0,0.0
2026-05-25 09:59:48.947689,1779717588.947689,2882621,-3663388,164298398,47215,101405,7235,61,ee58fe00,0.0,0.0,0.0,0.0,0.0,0.0
2026-05-25 09:59:48.960824,1779717588.960824,2897569,-3681963,164355641,18555,140733,7842,61,ee58fe00,0.0,0.0,0.0,0.0,0.0,0.0
2026-05-25 09:59:48.973884,1779717588.973884,2897569,-3681963,164355641,18555,140733,7842,61,ee58fe00,0.0,0.0,0.0,0.0,0.0,0.0
2026-05-25 09:59:48.985151,1779717588.985151,2814178,-3767161,164345394,-12358,159434,1994,61,ee58fe00,0.0,0.0,0.0,0.0,0.0,0.0
2026-05-25 09:59:48.999974,1779717588.999974,2814178,-3767161,164345394,-12358,159434,1994,61,ee58fe00,0.0,0.0,0.0,0.0,0.0,0.0
2026-05-25 09:59:49.011720,1779717589.011720,2823424,-3807419,164425420,-3996,138210,-17016,61,ee58fe00,0.0,0.0,0.0,0.0,0.0,0.0
2026-05-25 09:59:49.027662,1779717589.027662,2823424,-3807419,164425420,-3996,138210,-17016,61,ee58fe00,0.0,0.0,0.0,0.0,0.0,0.0
2026-05-25 09:59:49.040039,1779717589.040039,2758711,-3863316,164391587,-7364,130658,-30428,61,ee58fe00,0.0,0.0,0.0,0.0,0.0,0.0
2026-05-25 09:59:49.053579,1779717589.053579,2758711,-3863316,164391587,-7364,130658,-30428,61,ee58fe00,0.0,0.0,0.0,0.0,0.0,0.0
2026-05-25 09:59:49.066143,1779717589.066143,2774989,-3886777,164388955,-4744,109191,-38920,61,ee59fe00,0.0,0.0,0.0,0.0,0.0,0.0
2026-05-25 09:59:49.079620,1779717589.079620,2774989,-3886777,164388955,-4744,109191,-38920,61,ee59fe00,0.0,0.0,0.0,0.0,0.0,0.0
2026-05-25 09:59:49.091670,1779717589.091670,2777767,-3881903,164353133,-17873,99725,-39375,61,ee59fe00,0.0,0.0,0.0,0.0,0.0,0.0
2026-05-25 09:59:49.109098,1779717589.109098,2777767,-3881903,164353133,-17873,99725,-39375,61,ee59fe00,0.0,0.0,0.0,0.0,0.0,0.0
2026-05-25 09:59:49.121231,1779717589.121231,2741125,-3856231,164391442,12965,68873,-21872,61,ee58fe00,0.0,0.0,0.0,0.0,0.0,0.0
2026-05-25 09:59:49.134085,1779717589.134085,2741125,-3856231,164391442,12965,68873,-21872,61,ee58fe00,0.0,0.0,0.0,0.0,0.0,0.0
2026-05-25 09:59:49.144361,1779717589.144361,2702153,-3796824,164394763,36672,55656,-24037,61,ee58fe00,0.0,0.0,0.0,0.0,0.0,0.0
2026-05-25 09:59:49.156412,1779717589.156412,2702153,-3796824,164394763,36672,55656,-24037,61,ee58fe00,0.0,0.0,0.0,0.0,0.0,0.0
2026-05-25 09:59:49.164075,1779717589.164075,2693343,-3703713,164388974,67244,29666,-27068,61,ee58fe00,0.0,0.0,0.0,0.0,0.0,0.0
2026-05-25 09:59:49.172904,1779717589.172904,2693343,-3703713,164388974,67244,29666,-27068,61,ee58fe00,0.0,0.0,0.0,0.0,0.0,0.0
2026-05-25 09:59:49.180142,1779717589.180142,2753514,-3643641,164388774,78643,6288,-46876,61,ee58fe00,0.0,0.0,0.0,0.0,0.0,0.0
2026-05-25 09:59:49.188356,1779717589.188356,2753514,-3643641,164388774,78643,6288,-46876,61,ee58fe00,0.0,0.0,0.0,0.0,0.0,0.0
2026-05-25 09:59:49.194685,1779717589.194685,2825318,-3641867,164407189,53836,-20810,-41413,61,ee58fe00,0.0,0.0,0.0,0.0,0.0,0.0
2026-05-25 09:59:49.202293,1779717589.202293,2825318,-3641867,164407189,53836,-20810,-41413,61,ee58fe00,0.0,0.0,0.0,0.0,0.0,0.0
2026-05-25 09:59:49.211265,1779717589.211265,2881883,-3676586,164404575,48204,-18250,-22401,61,ee59fe00,0.0,0.0,0.0,0.0,0.0,0.0
2026-05-25 09:59:49.219977,1779717589.219977,2881883,-3676586,164404575,48204,-18250,-22401,61,ee59fe00,0.0,0.0,0.0,0.0,0.0,0.0
2026-05-25 09:59:49.228507,1779717589.228507,2891436,-3709335,164361884,37081,14165,8410,61,ee59fe00,0.0,0.0,0.0,0.0,0.0,0.0
2026-05-25 09:59:49.239060,1779717589.239060,2891436,-3709335,164361884,37081,14165,8410,61,ee59fe00,0.0,0.0,0.0,0.0,0.0,0.0
2026-05-25 09:59:49.244341,1779717589.244341,2849300,-3761049,164305150,35243,70472,20617,61,ee59fe00,0.0,0.0,0.0,0.0,0.0,0.0
2026-05-25 09:59:49.254159,1779717589.254159,2849300,-3761049,164305150,35243,70472,20617,61,ee59fe00,0.0,0.0,0.0,0.0,0.0,0.0
2026-05-25 09:59:49.260992,1779717589.260992,2779202,-3810946,164289140,17889,101236,17127,61,ee59fe00,0.0,0.0,0.0,0.0,0.0,0.0
2026-05-25 09:59:49.269356,1779717589.269356,2779202,-3810946,164289140,17889,101236,17127,61,ee59fe00,0.0,0.0,0.0,0.0,0.0,0.0
2026-05-25 09:59:49.277413,1779717589.277413,2743931,-3842054,164353384,29783,118104,22099,61,ee58fe00,0.0,0.0,0.0,0.0,0.0,0.0
2026-05-25 09:59:49.288654,1779717589.288654,2743931,-3842054,164353384,29783,118104,22099,61,ee58fe00,0.0,0.0,0.0,0.0,0.0,0.0
2026-05-25 09:59:49.300952,1779717589.300952,2738654,-3880979,164392159,29987,100550,11869,61,ee58fe00,0.0,0.0,0.0,0.0,0.0,0.0
2026-05-25 09:59:49.315808,1779717589.315808,2738654,-3880979,164392159,29987,100550,11869,61,ee58fe00,0.0,0.0,0.0,0.0,0.0,0.0
2026-05-25 09:59:49.329131,1779717589.329131,2812782,-3894731,164395254,17773,101736,-6180,61,ee58fe00,0.0,0.0,0.0,0.0,0.0,0.0
2026-05-25 09:59:49.348831,1779717589.348831,2812782,-3894731,164395254,17773,101736,-6180,61,ee58fe00,0.0,0.0,0.0,0.0,0.0,0.0
2026-05-25 09:59:49.364868,1779717589.364868,2856670,-3869359,164369526,9357,83449,-9126,61,ee58fe00,0.0,0.0,0.0,0.0,0.0,0.0
2026-05-25 09:59:49.380191,1779717589.380191,2856670,-3869359,164369526,9357,83449,-9126,61,ee58fe00,0.0,0.0,0.0,0.0,0.0,0.0
2026-05-25 09:59:49.390838,1779717589.390838,2899970,-3825448,164351601,31195,95130,-10403,61,ee58fe00,0.0,0.0,0.0,0.0,0.0,0.0
2026-05-25 09:59:49.403564,1779717589.403564,2899970,-3825448,164351601,31195,95130,-10403,61,ee58fe00,0.0,0.0,0.0,0.0,0.0,0.0
2026-05-25 09:59:49.410979,1779717589.410979,2879751,-3787338,164317465,48973,122534,12540,61,ee59fe00,0.0,0.0,0.0,0.0,0.0,0.0
2026-05-25 09:59:49.420289,1779717589.420289,2879751,-3787338,164317465,48973,122534,12540,61,ee59fe00,0.0,0.0,0.0,0.0,0.0,0.0
2026-05-25 09:59:49.433630,1779717589.433630,2789701,-3759251,164333265,31842,124408,-3137,61,ee58fe00,0.0,0.0,0.0,0.0,0.0,0.0
2026-05-25 09:59:49.443501,1779717589.443501,2789701,-3759251,164333265,31842,124408,-3137,61,ee58fe00,0.0,0.0,0.0,0.0,0.0,0.0
2026-05-25 09:59:49.452984,1779717589.452984,2720997,-3779670,164341097,18505,116964,7854,61,ee58fe00,0.0,0.0,0.0,0.0,0.0,0.0
2026-05-25 09:59:49.467814,1779717589.467814,2720997,-3779670,164341097,18505,116964,7854,61,ee58fe00,0.0,0.0,0.0,0.0,0.0,0.0
2026-05-25 09:59:49.475535,1779717589.475535,2666110,-3784397,164425781,18962,106659,-14343,61,ee58fe00,0.0,0.0,0.0,0.0,0.0,0.0
2026-05-25 09:59:49.493722,1779717589.493722,2666110,-3784397,164425781,18962,106659,-14343,61,ee58fe00,0.0,0.0,0.0,0.0,0.0,0.0
2026-05-25 09:59:49.508032,1779717589.508032,2705031,-3782176,164427337,31921,86849,-6592,61,ee59fe00,0.0,0.0,0.0,0.0,0.0,0.0
2026-05-25 09:59:49.517290,1779717589.517290,2705031,-3782176,164427337,31921,86849,-6592,61,ee59fe00,0.0,0.0,0.0,0.0,0.0,0.0
2026-05-25 09:59:49.525764,1779717589.525764,2780702,-3775575,164419191,32272,70513,-18656,61,ee58fe00,0.0,0.0,0.0,0.0,0.0,0.0
2026-05-25 09:59:49.542274,1779717589.542274,2780702,-3775575,164419191,32272,70513,-18656,61,ee58fe00,0.0,0.0,0.0,0.0,0.0,0.0
2026-05-25 09:59:49.556199,1779717589.556199,2826927,-3762687,164382657,42335,50789,-5994,61,ee59fe00,0.0,0.0,0.0,0.0,0.0,0.0
2026-05-25 09:59:49.573132,1779717589.573132,2826927,-3762687,164382657,42335,50789,-5994,61,ee59fe00,0.0,0.0,0.0,0.0,0.0,0.0
2026-05-25 09:59:49.585934,1779717589.585934,2821485,-3781092,164345081,61856,49474,-9789,61,ee59fe00,0.0,0.0,0.0,0.0,0.0,0.0
2026-05-25 09:59:49.597349,1779717589.597349,2821485,-3781092,164345081,61856,49474,-9789,61,ee59fe00,0.0,0.0,0.0,0.0,0.0,0.0
2026-05-25 09:59:49.605048,1779717589.605048,2817633,-3806807,164327018,79224,85313,1797,61,ee59fe00,0.0,0.0,0.0,0.0,0.0,0.0
2026-05-25 09:59:49.614363,1779717589.614363,2817633,-3806807,164327018,79224,85313,1797,61,ee59fe00,0.0,0.0,0.0,0.0,0.0,0.0
2026-05-25 09:59:49.621433,1779717589.621433,2806186,-3811108,164347609,64861,65901,-377,61,ee59fe00,0.0,0.0,0.0,0.0,0.0,0.0
2026-05-25 09:59:49.629679,1779717589.629679,2806186,-3811108,164347609,64861,65901,-377,61,ee59fe00,0.0,0.0,0.0,0.0,0.0,0.0
2026-05-25 09:59:49.640569,1779717589.640569,2813170,-3830971,164354047,50192,79485,-1977,61,ee59fe00,0.0,0.0,0.0,0.0,0.0,0.0
2026-05-25 09:59:49.653326,1779717589.653326,2813170,-3830971,164354047,50192,79485,-1977,61,ee59fe00,0.0,0.0,0.0,0.0,0.0,0.0
2026-05-25 09:59:49.660396,1779717589.660396,2760426,-3809663,164364882,52104,62518,-787,61,ee59fe00,0.0,0.0,0.0,0.0,0.0,0.0
2026-05-25 09:59:49.668479,1779717589.668479,2760426,-3809663,164364882,52104,62518,-787,61,ee59fe00,0.0,0.0,0.0,0.0,0.0,0.0
2026-05-25 09:59:49.675374,1779717589.675374,2770042,-3797114,164304992,58852,77418,-2797,61,ee58fe00,0.0,0.0,0.0,0.0,0.0,0.0
2026-05-25 09:59:49.684010,1779717589.684010,2770042,-3797114,164304992,58852,77418,-2797,61,ee58fe00,0.0,0.0,0.0,0.0,0.0,0.0
2026-05-25 09:59:49.690574,1779717589.690574,2805266,-3745943,164318931,72800,75205,-621,61,ee58fe00,0.0,0.0,0.0,0.0,0.0,0.0
2026-05-25 09:59:49.698696,1779717589.698696,2805266,-3745943,164318931,72800,75205,-621,61,ee58fe00,0.0,0.0,0.0,0.0,0.0,0.0
2026-05-25 09:59:49.709660,1779717589.709660,2868370,-3712877,164297376,68383,76560,9892,61,ee58fe00,0.0,0.0,0.0,0.0,0.0,0.0
2026-05-25 09:59:49.724780,1779717589.724780,2868370,-3712877,164297376,68383,76560,9892,61,ee58fe00,0.0,0.0,0.0,0.0,0.0,0.0
2026-05-25 09:59:49.738553,1779717589.738553,2885006,-3705443,164347398,53560,88165,11442,61,ee58fe00,0.0,0.0,0.0,0.0,0.0,0.0
2026-05-25 09:59:49.755731,1779717589.755731,2885006,-3705443,164347398,53560,88165,11442,61,ee58fe00,0.0,0.0,0.0,0.0,0.0,0.0
2026-05-25 09:59:49.768300,1779717589.768300,2867708,-3711591,164329443,26831,107034,555,61,ee59fe00,0.0,0.0,0.0,0.0,0.0,0.0
2026-05-25 09:59:49.777494,1779717589.777494,2867708,-3711591,164329443,26831,107034,555,61,ee59fe00,0.0,0.0,0.0,0.0,0.0,0.0
2026-05-25 09:59:49.790351,1779717589.790351,2808574,-3765276,164357702,28831,131233,7867,61,ee59fe00,0.0,0.0,0.0,0.0,0.0,0.0
2026-05-25 09:59:49.808169,1779717589.808169,2808574,-3765276,164357702,28831,131233,7867,61,ee59fe00,0.0,0.0,0.0,0.0,0.0,0.0
2026-05-25 09:59:49.821313,1779717589.821313,2784700,-3755346,164366110,43146,137179,16387,61,ee59fe00,0.0,0.0,0.0,0.0,0.0,0.0
2026-05-25 09:59:49.836519,1779717589.836519,2784700,-3755346,164366110,43146,137179,16387,61,ee59fe00,0.0,0.0,0.0,0.0,0.0,0.0
2026-05-25 09:59:49.844107,1779717589.844107,2775342,-3832649,164387053,47901,98644,46814,61,ee59fe00,0.0,0.0,0.0,0.0,0.0,0.0
2026-05-25 09:59:49.860076,1779717589.860076,2775342,-3832649,164387053,47901,98644,46814,61,ee59fe00,0.0,0.0,0.0,0.0,0.0,0.0
2026-05-25 09:59:49.872981,1779717589.872981,2710675,-3835974,164384627,37451,70627,35846,61,ee59fe00,0.0,0.0,0.0,0.0,0.0,0.0
2026-05-25 09:59:49.889749,1779717589.889749,2710675,-3835974,164384627,37451,70627,35846,61,ee59fe00,0.0,0.0,0.0,0.0,0.0,0.0
2026-05-25 09:59:49.898040,1779717589.898040,2651267,-3840347,164372906,56331,76943,51647,61,ee59fe00,0.0,0.0,0.0,0.0,0.0,0.0
2026-05-25 09:59:49.907297,1779717589.907297,2651267,-3840347,164372906,56331,76943,51647,61,ee59fe00,0.0,0.0,0.0,0.0,0.0,0.0
2026-05-25 09:59:49.914390,1779717589.914390,2619303,-3794127,164415488,64015,75852,44169,61,ee58fe00,0.0,0.0,0.0,0.0,0.0,0.0
2026-05-25 09:59:49.923029,1779717589.923029,2619303,-3794127,164415488,64015,75852,44169,61,ee58fe00,0.0,0.0,0.0,0.0,0.0,0.0
2026-05-25 09:59:49.929813,1779717589.929813,2645278,-3746855,164349067,58230,64466,47180,61,ee58fe00,0.0,0.0,0.0,0.0,0.0,0.0
2026-05-25 09:59:49.938952,1779717589.938952,2645278,-3746855,164349067,58230,64466,47180,61,ee58fe00,0.0,0.0,0.0,0.0,0.0,0.0
2026-05-25 09:59:49.946384,1779717589.946384,2720048,-3754878,164367196,28482,27782,4,61,ee58fe00,0.0,0.0,0.0,0.0,0.0,0.0
2026-05-25 09:59:49.954947,1779717589.954947,2720048,-3754878,164367196,28482,27782,4,61,ee58fe00,0.0,0.0,0.0,0.0,0.0,0.0
2026-05-25 09:59:49.964666,1779717589.964666,2847430,-3763586,164270588,15839,16276,-13604,61,ee58fe00,0.0,0.0,0.0,0.0,0.0,0.0
2026-05-25 09:59:49.977884,1779717589.977884,2847430,-3763586,164270588,15839,16276,-13604,61,ee58fe00,0.0,0.0,0.0,0.0,0.0,0.0
2026-05-25 09:59:49.989446,1779717589.989446,3028571,-3777878,164307190,11147,93712,-25016,61,ee58fe00,0.0,0.0,0.0,0.0,0.0,0.0
2026-05-25 09:59:50.003002,1779717590.003002,3028571,-3777878,164307190,11147,93712,-25016,61,ee58fe00,0.0,0.0,0.0,0.0,0.0,0.0
2026-05-25 09:59:50.015700,1779717590.015700,2992174,-3752865,164247816,25710,71241,8623,61,ee58fe00,0.0,0.0,0.0,0.0,0.0,0.0
2026-05-25 09:59:50.031237,1779717590.031237,2992174,-3752865,164247816,25710,71241,8623,61,ee58fe00,0.0,0.0,0.0,0.0,0.0,0.0
2026-05-25 09:59:50.044597,1779717590.044597,3101869,-3744423,164297103,838,193281,-6035,61,ee58fe00,0.0,0.0,0.0,0.0,0.0,0.0
2026-05-25 09:59:50.058129,1779717590.058129,3101869,-3744423,164297103,838,193281,-6035,61,ee58fe00,0.0,0.0,0.0,0.0,0.0,0.0
2026-05-25 09:59:50.066771,1779717590.066771,2648708,-3777108,164455190,32523,143105,18554,61,ee58fe00,0.0,0.0,0.0,0.0,0.0,0.0
2026-05-25 09:59:50.076713,1779717590.076713,2648708,-3777108,164455190,32523,143105,18554,61,ee58fe00,0.0,0.0,0.0,0.0,0.0,0.0
2026-05-25 09:59:50.085935,1779717590.085935,2733496,-3787182,164402131,56176,176129,6443,61,ee58fe00,0.0,0.0,0.0,0.0,0.0,0.0
2026-05-25 09:59:50.095792,1779717590.095792,2733496,-3787182,164402131,56176,176129,6443,61,ee58fe00,0.0,0.0,0.0,0.0,0.0,0.0
2026-05-25 09:59:50.103256,1779717590.103256,2361507,-3859967,164544943,38057,151927,-14195,61,ee58fe00,0.0,0.0,0.0,0.0,0.0,0.0
2026-05-25 09:59:50.112181,1779717590.112181,2361507,-3859967,164544943,38057,151927,-14195,61,ee58fe00,0.0,0.0,0.0,0.0,0.0,0.0
2026-05-25 09:59:50.119299,1779717590.119299,2625192,-3831293,164425404,76834,43903,-38826,61,ee58fe00,0.0,0.0,0.0,0.0,0.0,0.0
2026-05-25 09:59:50.128664,1779717590.128664,2625192,-3831293,164425404,76834,43903,-38826,61,ee58fe00,0.0,0.0,0.0,0.0,0.0,0.0
2026-05-25 09:59:50.135024,1779717590.135024,2597559,-3831987,164372199,27034,73952,-45174,61,ee59fe00,0.0,0.0,0.0,0.0,0.0,0.0
2026-05-25 09:59:50.142583,1779717590.142583,2597559,-3831987,164372199,27034,73952,-45174,61,ee59fe00,0.0,0.0,0.0,0.0,0.0,0.0
2026-05-25 09:59:50.149539,1779717590.149539,2803899,-3786549,164359690,58516,9905,-39097,61,ee59fe00,0.0,0.0,0.0,0.0,0.0,0.0
2026-05-25 09:59:50.157181,1779717590.157181,2803899,-3786549,164359690,58516,9905,-39097,61,ee59fe00,0.0,0.0,0.0,0.0,0.0,0.0
2026-05-25 09:59:50.163268,1779717590.163268,2877677,-3793705,164224790,38883,85825,10288,61,ee58fe00,0.0,0.0,0.0,0.0,0.0,0.0
2026-05-25 09:59:50.170830,1779717590.170830,2877677,-3793705,164224790,38883,85825,10288,61,ee58fe00,0.0,0.0,0.0,0.0,0.0,0.0
2026-05-25 09:59:50.176954,1779717590.176954,2892342,-3760442,164362783,39434,117502,21007,61,ee58fe00,0.0,0.0,0.0,0.0,0.0,0.0
2026-05-25 09:59:50.185274,1779717590.185274,2892342,-3760442,164362783,39434,117502,21007,61,ee58fe00,0.0,0.0,0.0,0.0,0.0,0.0
2026-05-25 09:59:50.192477,1779717590.192477,2776102,-3817104,164358522,69161,80340,31754,61,ee58fe00,0.0,0.0,0.0,0.0,0.0,0.0
2026-05-25 09:59:50.201844,1779717590.201844,2776102,-3817104,164358522,69161,80340,31754,61,ee58fe00,0.0,0.0,0.0,0.0,0.0,0.0
2026-05-25 09:59:50.208999,1779717590.208999,2758697,-3790704,164372187,65932,70551,-7759,61,ee58fe00,0.0,0.0,0.0,0.0,0.0,0.0
2026-05-25 09:59:50.217780,1779717590.217780,2758697,-3790704,164372187,65932,70551,-7759,61,ee58fe00,0.0,0.0,0.0,0.0,0.0,0.0
2026-05-25 09:59:50.225845,1779717590.225845,2531973,-3809362,164496812,67433,18529,-32018,61,ee58fe00,0.0,0.0,0.0,0.0,0.0,0.0
2026-05-25 09:59:50.235324,1779717590.235324,2531973,-3809362,164496812,67433,18529,-32018,61,ee58fe00,0.0,0.0,0.0,0.0,0.0,0.0
2026-05-25 09:59:50.241958,1779717590.241958,2589035,-3767981,164468291,80733,-38135,-49088,61,ee58fe00,0.0,0.0,0.0,0.0,0.0,0.0
2026-05-25 09:59:50.279129,1779717590.279129,2589035,-3767981,164468291,80733,-38135,-49088,61,ee58fe00,0.0,0.0,0.0,0.0,0.0,0.0
2026-05-25 09:59:50.302733,1779717590.302733,2547734,-3772560,164480019,40207,-34294,-36120,61,ee58fe00,0.0,0.0,0.0,0.0,0.0,0.0
2026-05-25 09:59:50.311866,1779717590.311866,2547734,-3772560,164480019,40207,-34294,-36120,61,ee58fe00,0.0,0.0,0.0,0.0,0.0,0.0
2026-05-25 09:59:50.324741,1779717590.324741,2740190,-3766809,164369324,66279,-105566,-42636,61,ee58fe00,0.0,0.0,0.0,0.0,0.0,0.0
2026-05-25 09:59:50.341055,1779717590.341055,2740190,-3766809,164369324,66279,-105566,-42636,61,ee58fe00,0.0,0.0,0.0,0.0,0.0,0.0
2026-05-25 09:59:50.348822,1779717590.348822,2845057,-3825282,164272238,63026,-66756,-19584,61,ee58fe00,0.0,0.0,0.0,0.0,0.0,0.0
2026-05-25 09:59:50.358658,1779717590.358658,2845057,-3825282,164272238,63026,-66756,-19584,61,ee58fe00,0.0,0.0,0.0,0.0,0.0,0.0
2026-05-25 09:59:50.366388,1779717590.366388,3007213,-3858169,164223743,87214,-63212,-25207,61,ee58fe00,0.0,0.0,0.0,0.0,0.0,0.0
2026-05-25 09:59:50.383134,1779717590.383134,3007213,-3858169,164223743,87214,-63212,-25207,61,ee58fe00,0.0,0.0,0.0,0.0,0.0,0.0
2026-05-25 09:59:50.396933,1779717590.396933,3062327,-3888477,164199855,61640,7072,11258,61,ee58fe00,0.0,0.0,0.0,0.0,0.0,0.0
2026-05-25 09:59:50.413247,1779717590.413247,3062327,-3888477,164199855,61640,7072,11258,61,ee58fe00,0.0,0.0,0.0,0.0,0.0,0.0
2026-05-25 09:59:50.426342,1779717590.426342,3071460,-3858494,164214391,43436,77322,9496,61,ee58fe00,0.0,0.0,0.0,0.0,0.0,0.0
2026-05-25 09:59:50.434972,1779717590.434972,3071460,-3858494,164214391,43436,77322,9496,61,ee58fe00,0.0,0.0,0.0,0.0,0.0,0.0
2026-05-25 09:59:50.443675,1779717590.443675,3000658,-3794836,164274240,6791,156680,1897,61,ee58fe00,0.0,0.0,0.0,0.0,0.0,0.0
2026-05-25 09:59:50.460257,1779717590.460257,3000658,-3794836,164274240,6791,156680,1897,61,ee58fe00,0.0,0.0,0.0,0.0,0.0,0.0
2026-05-25 09:59:50.471820,1779717590.471820,2872792,-3752369,164245682,-8464,179599,-26126,61,ee58fe00,0.0,0.0,0.0,0.0,0.0,0.0
2026-05-25 09:59:50.487371,1779717590.487371,2872792,-3752369,164245682,-8464,179599,-26126,61,ee58fe00,0.0,0.0,0.0,0.0,0.0,0.0
2026-05-25 09:59:50.497724,1779717590.497724,2838163,-3755016,164394135,-37150,239363,-32307,61,ee58fe00,0.0,0.0,0.0,0.0,0.0,0.0
2026-05-25 09:59:50.510642,1779717590.510642,2838163,-3755016,164394135,-37150,239363,-32307,61,ee58fe00,0.0,0.0,0.0,0.0,0.0,0.0
2026-05-25 09:59:50.521563,1779717590.521563,2680334,-3789050,164502843,6561,176238,-29471,61,ee58fe00,0.0,0.0,0.0,0.0,0.0,0.0
2026-05-25 09:59:50.536085,1779717590.536085,2680334,-3789050,164502843,6561,176238,-29471,61,ee58fe00,0.0,0.0,0.0,0.0,0.0,0.0
2026-05-25 09:59:50.547429,1779717590.547429,2662521,-3758577,164550332,78213,138458,-13819,61,ee59fe00,0.0,0.0,0.0,0.0,0.0,0.0
2026-05-25 09:59:50.560195,1779717590.560195,2662521,-3758577,164550332,78213,138458,-13819,61,ee59fe00,0.0,0.0,0.0,0.0,0.0,0.0
2026-05-25 09:59:50.568474,1779717590.568474,2447096,-3782710,164515340,131936,43573,-14231,61,ee59fe00,0.0,0.0,0.0,0.0,0.0,0.0
2026-05-25 09:59:50.576999,1779717590.576999,2447096,-3782710,164515340,131936,43573,-14231,61,ee59fe00,0.0,0.0,0.0,0.0,0.0,0.0
2026-05-25 09:59:50.583884,1779717590.583884,2543045,-3790996,164437430,135634,-62,-14752,61,ee58fe00,0.0,0.0,0.0,0.0,0.0,0.0
2026-05-25 09:59:50.595426,1779717590.595426,2543045,-3790996,164437430,135634,-62,-14752,61,ee58fe00,0.0,0.0,0.0,0.0,0.0,0.0
2026-05-25 09:59:50.602445,1779717590.602445,2515249,-3903256,164392528,67856,6753,-17189,61,ee58fe00,0.0,0.0,0.0,0.0,0.0,0.0
2026-05-25 09:59:50.610984,1779717590.610984,2515249,-3903256,164392528,67856,6753,-17189,61,ee58fe00,0.0,0.0,0.0,0.0,0.0,0.0
2026-05-25 09:59:50.620333,1779717590.620333,2692869,-3904568,164452967,59740,-31886,-32057,61,ee58fe00,0.0,0.0,0.0,0.0,0.0,0.0
2026-05-25 09:59:50.630496,1779717590.630496,2692869,-3904568,164452967,59740,-31886,-32057,61,ee58fe00,0.0,0.0,0.0,0.0,0.0,0.0
2026-05-25 09:59:50.639088,1779717590.639088,2772631,-3890367,164411753,59700,-54978,-37295,61,ee59fe00,0.0,0.0,0.0,0.0,0.0,0.0
2026-05-25 09:59:50.649191,1779717590.649191,2772631,-3890367,164411753,59700,-54978,-37295,61,ee59fe00,0.0,0.0,0.0,0.0,0.0,0.0
2026-05-25 09:59:50.657548,1779717590.657548,2869337,-3814396,164392358,92924,-62287,-49533,61,ee59fe00,0.0,0.0,0.0,0.0,0.0,0.0
2026-05-25 09:59:50.666413,1779717590.666413,2869337,-3814396,164392358,92924,-62287,-49533,61,ee59fe00,0.0,0.0,0.0,0.0,0.0,0.0
2026-05-25 09:59:50.673852,1779717590.673852,2828521,-3723221,164366693,88254,-64689,-14463,61,ee58fe00,0.0,0.0,0.0,0.0,0.0,0.0
2026-05-25 09:59:50.681996,1779717590.681996,2828521,-3723221,164366693,88254,-64689,-14463,61,ee58fe00,0.0,0.0,0.0,0.0,0.0,0.0
2026-05-25 09:59:50.689867,1779717590.689867,2784023,-3665047,164375050,67332,-62709,-5959,61,ee58fe00,0.0,0.0,0.0,0.0,0.0,0.0
2026-05-25 09:59:50.698863,1779717590.698863,2784023,-3665047,164375050,67332,-62709,-5959,61,ee58fe00,0.0,0.0,0.0,0.0,0.0,0.0
2026-05-25 09:59:50.707347,1779717590.707347,2693519,-3627922,164390868,62018,-65930,11610,61,ee58fe00,0.0,0.0,0.0,0.0,0.0,0.0
2026-05-25 09:59:50.717612,1779717590.717612,2693519,-3627922,164390868,62018,-65930,11610,61,ee58fe00,0.0,0.0,0.0,0.0,0.0,0.0
2026-05-25 09:59:50.725600,1779717590.725600,2662017,-3616912,164391303,52819,-93175,-41629,61,ee58fe00,0.0,0.0,0.0,0.0,0.0,0.0
2026-05-25 09:59:50.735700,1779717590.735700,2662017,-3616912,164391303,52819,-93175,-41629,61,ee58fe00,0.0,0.0,0.0,0.0,0.0,0.0
2026-05-25 09:59:50.743506,1779717590.743506,2790960,-3686767,164347670,60558,-86624,-60530,61,ee58fe00,0.0,0.0,0.0,0.0,0.0,0.0
2026-05-25 09:59:50.752570,1779717590.752570,2790960,-3686767,164347670,60558,-86624,-60530,61,ee58fe00,0.0,0.0,0.0,0.0,0.0,0.0
2026-05-25 09:59:50.759941,1779717590.759941,2960194,-3743475,164287322,41770,-66491,-67842,61,ee58fe00,0.0,0.0,0.0,0.0,0.0,0.0
2026-05-25 09:59:50.770755,1779717590.770755,2960194,-3743475,164287322,41770,-66491,-67842,61,ee58fe00,0.0,0.0,0.0,0.0,0.0,0.0
2026-05-25 09:59:50.781719,1779717590.781719,3201685,-3817963,164148670,17157,16839,-38960,61,ee58fe00,0.0,0.0,0.0,0.0,0.0,0.0
2026-05-25 09:59:50.798760,1779717590.798760,3201685,-3817963,164148670,17157,16839,-38960,61,ee58fe00,0.0,0.0,0.0,0.0,0.0,0.0
2026-05-25 09:59:50.809903,1779717590.809903,3328097,-3865919,164087308,27087,124286,-14417,61,ee58fe00,0.0,0.0,0.0,0.0,0.0,0.0
2026-05-25 09:59:50.818629,1779717590.818629,3328097,-3865919,164087308,27087,124286,-14417,61,ee58fe00,0.0,0.0,0.0,0.0,0.0,0.0
2026-05-25 09:59:50.825780,1779717590.825780,3278287,-3925563,164088457,6436,272349,18915,61,ee58fe00,0.0,0.0,0.0,0.0,0.0,0.0
2026-05-25 09:59:50.841383,1779717590.841383,3278287,-3925563,164088457,6436,272349,18915,61,ee58fe00,0.0,0.0,0.0,0.0,0.0,0.0
2026-05-25 09:59:50.852173,1779717590.852173,3068577,-3924754,164273393,37576,365656,36378,61,ee59fe00,0.0,0.0,0.0,0.0,0.0,0.0
2026-05-25 09:59:50.866192,1779717590.866192,3068577,-3924754,164273393,37576,365656,36378,61,ee59fe00,0.0,0.0,0.0,0.0,0.0,0.0
2026-05-25 09:59:50.877179,1779717590.877179,2800695,-3852107,164385381,65906,364015,30154,61,ee59fe00,0.0,0.0,0.0,0.0,0.0,0.0
2026-05-25 09:59:50.890681,1779717590.890681,2800695,-3852107,164385381,65906,364015,30154,61,ee59fe00,0.0,0.0,0.0,0.0,0.0,0.0
2026-05-25 09:59:50.904364,1779717590.904364,2541167,-3794965,164486024,70725,325949,-7357,61,ee59fe00,0.0,0.0,0.0,0.0,0.0,0.0
2026-05-25 09:59:50.914148,1779717590.914148,2541167,-3794965,164486024,70725,325949,-7357,61,ee59fe00,0.0,0.0,0.0,0.0,0.0,0.0
2026-05-25 09:59:50.921043,1779717590.921043,2372161,-3731909,164546632,95058,215397,-27127,61,ee58fe00,0.0,0.0,0.0,0.0,0.0,0.0
2026-05-25 09:59:50.932411,1779717590.932411,2372161,-3731909,164546632,95058,215397,-27127,61,ee58fe00,0.0,0.0,0.0,0.0,0.0,0.0
2026-05-25 09:59:50.943081,1779717590.943081,2379029,-3705545,164475763,61203,169749,-34348,61,ee58fe00,0.0,0.0,0.0,0.0,0.0,0.0
2026-05-25 09:59:50.957428,1779717590.957428,2379029,-3705545,164475763,61203,169749,-34348,61,ee58fe00,0.0,0.0,0.0,0.0,0.0,0.0
2026-05-25 09:59:50.966548,1779717590.966548,2525261,-3680989,164438982,41501,95659,-38853,61,ee58fe00,0.0,0.0,0.0,0.0,0.0,0.0
2026-05-25 09:59:50.977143,1779717590.977143,2525261,-3680989,164438982,41501,95659,-38853,61,ee58fe00,0.0,0.0,0.0,0.0,0.0,0.0
2026-05-25 09:59:50.989879,1779717590.989879,2744761,-3708859,164362145,12725,44095,-24619,61,ee58fe00,0.0,0.0,0.0,0.0,0.0,0.0
2026-05-25 09:59:50.999755,1779717590.999755,2744761,-3708859,164362145,12725,44095,-24619,61,ee58fe00,0.0,0.0,0.0,0.0,0.0,0.0
2026-05-25 09:59:51.006979,1779717591.006979,2874577,-3738232,164371182,16627,34180,-34400,61,ee58fe00,0.0,0.0,0.0,0.0,0.0,0.0
2026-05-25 09:59:51.015680,1779717591.015680,2874577,-3738232,164371182,16627,34180,-34400,61,ee58fe00,0.0,0.0,0.0,0.0,0.0,0.0
2026-05-25 09:59:51.023445,1779717591.023445,2812384,-3775126,164418774,40194,24964,-1280,61,ee58fe00,0.0,0.0,0.0,0.0,0.0,0.0
2026-05-25 09:59:51.036623,1779717591.036623,2812384,-3775126,164418774,40194,24964,-1280,61,ee58fe00,0.0,0.0,0.0,0.0,0.0,0.0
2026-05-25 09:59:51.049645,1779717591.049645,2703083,-3761982,164436148,99768,34275,2451,61,ee58fe00,0.0,0.0,0.0,0.0,0.0,0.0
2026-05-25 09:59:51.060574,1779717591.060574,2703083,-3761982,164436148,99768,34275,2451,61,ee58fe00,0.0,0.0,0.0,0.0,0.0,0.0
2026-05-25 09:59:51.071955,1779717591.071955,2548361,-3759297,164484299,102264,24373,333,61,ee58fe00,0.0,0.0,0.0,0.0,0.0,0.0
2026-05-25 09:59:51.081087,1779717591.081087,2548361,-3759297,164484299,102264,24373,333,61,ee58fe00,0.0,0.0,0.0,0.0,0.0,0.0
2026-05-25 09:59:51.087679,1779717591.087679,2468541,-3740189,164454946,93893,-36348,-12119,61,ee58fe00,0.0,0.0,0.0,0.0,0.0,0.0
2026-05-25 09:59:51.096168,1779717591.096168,2468541,-3740189,164454946,93893,-36348,-12119,61,ee58fe00,0.0,0.0,0.0,0.0,0.0,0.0
2026-05-25 09:59:51.103065,1779717591.103065,2492387,-3752841,164511403,43559,-103867,-13362,61,ee58fe00,0.0,0.0,0.0,0.0,0.0,0.0
2026-05-25 09:59:51.111538,1779717591.111538,2492387,-3752841,164511403,43559,-103867,-13362,61,ee58fe00,0.0,0.0,0.0,0.0,0.0,0.0
2026-05-25 09:59:51.118790,1779717591.118790,2621131,-3792137,164485612,51076,-171274,-11849,61,ee58fe00,0.0,0.0,0.0,0.0,0.0,0.0
2026-05-25 09:59:51.127552,1779717591.127552,2621131,-3792137,164485612,51076,-171274,-11849,61,ee58fe00,0.0,0.0,0.0,0.0,0.0,0.0
2026-05-25 09:59:51.134187,1779717591.134187,2866409,-3841414,164464205,105577,-191498,-11886,61,ee58fe00,0.0,0.0,0.0,0.0,0.0,0.0
2026-05-25 09:59:51.142611,1779717591.142611,2866409,-3841414,164464205,105577,-191498,-11886,61,ee58fe00,0.0,0.0,0.0,0.0,0.0,0.0
2026-05-25 09:59:51.149413,1779717591.149413,2980148,-3851037,164366163,190958,-178331,-1595,61,ee58fe00,0.0,0.0,0.0,0.0,0.0,0.0
2026-05-25 09:59:51.157652,1779717591.157652,2980148,-3851037,164366163,190958,-178331,-1595,61,ee58fe00,0.0,0.0,0.0,0.0,0.0,0.0
2026-05-25 09:59:51.165770,1779717591.165770,2977535,-3816916,164234245,187210,-197657,15892,61,ee58fe00,0.0,0.0,0.0,0.0,0.0,0.0
2026-05-25 09:59:51.175295,1779717591.175295,2977535,-3816916,164234245,187210,-197657,15892,61,ee58fe00,0.0,0.0,0.0,0.0,0.0,0.0
2026-05-25 09:59:51.182925,1779717591.182925,3228255,-3909315,163782175,81914,-36535,767,61,ee58fe00,0.0,0.0,0.0,0.0,0.0,0.0
2026-05-25 09:59:51.191388,1779717591.191388,3228255,-3909315,163782175,81914,-36535,767,61,ee58fe00,0.0,0.0,0.0,0.0,0.0,0.0
2026-05-25 09:59:51.197969,1779717591.197969,3150626,-3822637,164203278,-103366,190644,-57989,61,ee58fe00,0.0,0.0,0.0,0.0,0.0,0.0
2026-05-25 09:59:51.206465,1779717591.206465,3150626,-3822637,164203278,-103366,190644,-57989,61,ee58fe00,0.0,0.0,0.0,0.0,0.0,0.0
2026-05-25 09:59:51.213224,1779717591.213224,3641114,-3893652,164094143,-40708,199114,-82197,61,ee58fe00,0.0,0.0,0.0,0.0,0.0,0.0
2026-05-25 09:59:51.222110,1779717591.222110,3641114,-3893652,164094143,-40708,199114,-82197,61,ee58fe00,0.0,0.0,0.0,0.0,0.0,0.0
2026-05-25 09:59:51.228799,1779717591.228799,3454142,-3537642,164423901,-55787,475016,-38979,61,ee58fe00,0.0,0.0,0.0,0.0,0.0,0.0
2026-05-25 09:59:51.237378,1779717591.237378,3454142,-3537642,164423901,-55787,475016,-38979,61,ee58fe00,0.0,0.0,0.0,0.0,0.0,0.0
2026-05-25 09:59:51.244131,1779717591.244131,3032052,-3461814,164279216,129248,284224,-3540,61,ee58fe00,0.0,0.0,0.0,0.0,0.0,0.0
2026-05-25 09:59:51.252032,1779717591.252032,3032052,-3461814,164279216,129248,284224,-3540,61,ee58fe00,0.0,0.0,0.0,0.0,0.0,0.0
2026-05-25 09:59:51.258474,1779717591.258474,2590685,-3268203,164374302,-62309,565894,45176,61,ee59fe00,0.0,0.0,0.0,0.0,0.0,0.0
2026-05-25 09:59:51.266186,1779717591.266186,2590685,-3268203,164374302,-62309,565894,45176,61,ee59fe00,0.0,0.0,0.0,0.0,0.0,0.0
2026-05-25 09:59:51.272725,1779717591.272725,1862202,-3661524,164648855,-4914,375321,20143,61,ee58fe00,0.0,0.0,0.0,0.0,0.0,0.0
2026-05-25 09:59:51.290505,1779717591.290505,1862202,-3661524,164648855,-4914,375321,20143,61,ee58fe00,0.0,0.0,0.0,0.0,0.0,0.0
2026-05-25 09:59:51.301888,1779717591.301888,1983599,-3766276,164761988,-91848,301560,46643,61,ee59fe00,0.0,0.0,0.0,0.0,0.0,0.0
2026-05-25 09:59:51.311117,1779717591.311117,1983599,-3766276,164761988,-91848,301560,46643,61,ee59fe00,0.0,0.0,0.0,0.0,0.0,0.0
2026-05-25 09:59:51.319042,1779717591.319042,2085909,-4116626,164604001,-44373,87392,-48586,61,ee59fe00,0.0,0.0,0.0,0.0,0.0,0.0
2026-05-25 09:59:51.328093,1779717591.328093,2085909,-4116626,164604001,-44373,87392,-48586,61,ee59fe00,0.0,0.0,0.0,0.0,0.0,0.0
2026-05-25 09:59:51.337769,1779717591.337769,2789399,-4140385,164588774,-53490,31647,-44215,61,ee58fe00,0.0,0.0,0.0,0.0,0.0,0.0
2026-05-25 09:59:51.348267,1779717591.348267,2789399,-4140385,164588774,-53490,31647,-44215,61,ee58fe00,0.0,0.0,0.0,0.0,0.0,0.0
2026-05-25 09:59:51.359466,1779717591.359466,2962543,-4188220,164154224,97341,-102561,-79797,61,ee59fe00,0.0,0.0,0.0,0.0,0.0,0.0
2026-05-25 09:59:51.378554,1779717591.378554,2962543,-4188220,164154224,97341,-102561,-79797,61,ee59fe00,0.0,0.0,0.0,0.0,0.0,0.0
2026-05-25 09:59:51.386768,1779717591.386768,3293560,-3913382,164220147,69988,116097,-13799,61,ee59fe00,0.0,0.0,0.0,0.0,0.0,0.0
2026-05-25 09:59:51.396433,1779717591.396433,3293560,-3913382,164220147,69988,116097,-13799,61,ee59fe00,0.0,0.0,0.0,0.0,0.0,0.0
2026-05-25 09:59:51.410573,1779717591.410573,2672515,-3925416,164286723,164587,50405,-1445,61,ee59fe00,0.0,0.0,0.0,0.0,0.0,0.0
2026-05-25 09:59:51.426928,1779717591.426928,2672515,-3925416,164286723,164587,50405,-1445,61,ee59fe00,0.0,0.0,0.0,0.0,0.0,0.0
2026-05-25 09:59:51.440311,1779717591.440311,2639014,-3642548,164495068,109116,130411,38286,61,ee58fe00,0.0,0.0,0.0,0.0,0.0,0.0
2026-05-25 09:59:51.451117,1779717591.451117,2639014,-3642548,164495068,109116,130411,38286,61,ee58fe00,0.0,0.0,0.0,0.0,0.0,0.0
2026-05-25 09:59:51.458832,1779717591.458832,1962868,-3742330,164652435,155147,-38959,-20733,61,ee58fe00,0.0,0.0,0.0,0.0,0.0,0.0
2026-05-25 09:59:51.469414,1779717591.469414,1962868,-3742330,164652435,155147,-38959,-20733,61,ee58fe00,0.0,0.0,0.0,0.0,0.0,0.0
2026-05-25 09:59:51.482723,1779717591.482723,2345714,-3492354,164722799,144910,-166989,-27851,61,ee58fe00,0.0,0.0,0.0,0.0,0.0,0.0
2026-05-25 09:59:51.497270,1779717591.497270,2345714,-3492354,164722799,144910,-166989,-27851,61,ee58fe00,0.0,0.0,0.0,0.0,0.0,0.0
2026-05-25 09:59:51.509279,1779717591.509279,2296413,-3626006,164465824,173991,-279642,-70056,61,ee58fe00,0.0,0.0,0.0,0.0,0.0,0.0
2026-05-25 09:59:51.526182,1779717591.526182,2296413,-3626006,164465824,173991,-279642,-70056,61,ee58fe00,0.0,0.0,0.0,0.0,0.0,0.0
2026-05-25 09:59:51.537151,1779717591.537151,3008615,-3545179,164348058,151456,-299787,-52623,61,ee58fe00,0.0,0.0,0.0,0.0,0.0,0.0
2026-05-25 09:59:51.548485,1779717591.548485,3008615,-3545179,164348058,151456,-299787,-52623,61,ee58fe00,0.0,0.0,0.0,0.0,0.0,0.0
2026-05-25 09:59:51.556598,1779717591.556598,3041224,-3771345,164086474,112298,-234795,-34703,61,ee58fe00,0.0,0.0,0.0,0.0,0.0,0.0
2026-05-25 09:59:51.565827,1779717591.565827,3041224,-3771345,164086474,112298,-234795,-34703,61,ee58fe00,0.0,0.0,0.0,0.0,0.0,0.0
2026-05-25 09:59:51.573495,1779717591.573495,3492079,-3775088,164075856,33297,-92570,13919,61,ee58fe00,0.0,0.0,0.0,0.0,0.0,0.0
2026-05-25 09:59:51.583859,1779717591.583859,3492079,-3775088,164075856,33297,-92570,13919,61,ee58fe00,0.0,0.0,0.0,0.0,0.0,0.0
2026-05-25 09:59:51.591924,1779717591.591924,3251159,-3984540,164030377,15843,27754,32870,61,ee58fe00,0.0,0.0,0.0,0.0,0.0,0.0
2026-05-25 09:59:51.607856,1779717591.607856,3251159,-3984540,164030377,15843,27754,32870,61,ee58fe00,0.0,0.0,0.0,0.0,0.0,0.0
2026-05-25 09:59:51.615735,1779717591.615735,3465021,-3865793,164111391,-2566,161471,15398,61,ee58fe00,0.0,0.0,0.0,0.0,0.0,0.0
2026-05-25 09:59:51.631107,1779717591.631107,3465021,-3865793,164111391,-2566,161471,15398,61,ee58fe00,0.0,0.0,0.0,0.0,0.0,0.0
2026-05-25 09:59:51.641384,1779717591.641384,3135047,-3927202,164108233,-29926,300305,-19426,61,ee58fe00,0.0,0.0,0.0,0.0,0.0,0.0
2026-05-25 09:59:51.654476,1779717591.654476,3135047,-3927202,164108233,-29926,300305,-19426,61,ee58fe00,0.0,0.0,0.0,0.0,0.0,0.0
2026-05-25 09:59:51.663790,1779717591.663790,3177457,-3746892,164154440,-28762,340008,-52889,61,ee58fe00,0.0,0.0,0.0,0.0,0.0,0.0
2026-05-25 09:59:51.672946,1779717591.672946,3177457,-3746892,164154440,-28762,340008,-52889,61,ee58fe00,0.0,0.0,0.0,0.0,0.0,0.0
2026-05-25 09:59:51.681611,1779717591.681611,2771104,-3792640,164243380,-37811,413252,-23805,61,ee58fe00,0.0,0.0,0.0,0.0,0.0,0.0
2026-05-25 09:59:51.691167,1779717591.691167,2771104,-3792640,164243380,-37811,413252,-23805,61,ee58fe00,0.0,0.0,0.0,0.0,0.0,0.0
2026-05-25 09:59:51.704282,1779717591.704282,2567273,-3677687,164477843,35225,381171,16831,61,ee58fe00,0.0,0.0,0.0,0.0,0.0,0.0
2026-05-25 09:59:51.716043,1779717591.716043,2567273,-3677687,164477843,35225,381171,16831,61,ee58fe00,0.0,0.0,0.0,0.0,0.0,0.0
2026-05-25 09:59:51.729351,1779717591.729351,2153943,-3775121,164647874,81040,319129,42153,61,ee58fe00,0.0,0.0,0.0,0.0,0.0,0.0
2026-05-25 09:59:51.746451,1779717591.746451,2153943,-3775121,164647874,81040,319129,42153,61,ee58fe00,0.0,0.0,0.0,0.0,0.0,0.0
2026-05-25 09:59:51.760059,1779717591.760059,2099904,-3731727,164799519,125840,158441,11481,61,ee58fe00,0.0,0.0,0.0,0.0,0.0,0.0
2026-05-25 09:59:51.775672,1779717591.775672,2099904,-3731727,164799519,125840,158441,11481,61,ee58fe00,0.0,0.0,0.0,0.0,0.0,0.0
2026-05-25 09:59:51.788566,1779717591.788566,2098376,-3847812,164728926,142019,-27113,-32314,61,ee58fe00,0.0,0.0,0.0,0.0,0.0,0.0
2026-05-25 09:59:51.804452,1779717591.804452,2098376,-3847812,164728926,142019,-27113,-32314,61,ee58fe00,0.0,0.0,0.0,0.0,0.0,0.0
2026-05-25 09:59:51.817820,1779717591.817820,2480228,-3824638,164566934,158671,-171422,-84520,61,ee58fe00,0.0,0.0,0.0,0.0,0.0,0.0
2026-05-25 09:59:51.831253,1779717591.831253,2480228,-3824638,164566934,158671,-171422,-84520,61,ee58fe00,0.0,0.0,0.0,0.0,0.0,0.0
2026-05-25 09:59:51.839369,1779717591.839369,2750583,-3839668,164406450,182129,-202409,-83540,61,ee58fe00,0.0,0.0,0.0,0.0,0.0,0.0
2026-05-25 09:59:51.855070,1779717591.855070,2750583,-3839668,164406450,182129,-202409,-83540,61,ee58fe00,0.0,0.0,0.0,0.0,0.0,0.0
2026-05-25 09:59:51.868275,1779717591.868275,2978090,-3759150,164299972,205165,-218835,-47062,61,ee58fe00,0.0,0.0,0.0,0.0,0.0,0.0
2026-05-25 09:59:51.880055,1779717591.880055,2978090,-3759150,164299972,205165,-218835,-47062,61,ee58fe00,0.0,0.0,0.0,0.0,0.0,0.0
2026-05-25 09:59:51.887687,1779717591.887687,2913045,-3711111,164302656,188384,-130245,12950,61,ee58fe00,0.0,0.0,0.0,0.0,0.0,0.0
2026-05-25 09:59:51.904862,1779717591.904862,2913045,-3711111,164302656,188384,-130245,12950,61,ee58fe00,0.0,0.0,0.0,0.0,0.0,0.0
2026-05-25 09:59:51.918744,1779717591.918744,2690707,-3687873,164401790,198082,-158345,32928,61,ee58fe00,0.0,0.0,0.0,0.0,0.0,0.0
2026-05-25 09:59:51.935290,1779717591.935290,2690707,-3687873,164401790,198082,-158345,32928,61,ee58fe00,0.0,0.0,0.0,0.0,0.0,0.0
2026-05-25 09:59:51.949107,1779717591.949107,2515023,-3689168,164425745,189296,-202550,19380,61,ee58fe00,0.0,0.0,0.0,0.0,0.0,0.0
2026-05-25 09:59:51.967976,1779717591.967976,2515023,-3689168,164425745,189296,-202550,19380,61,ee58fe00,0.0,0.0,0.0,0.0,0.0,0.0
2026-05-25 09:59:51.982722,1779717591.982722,2500965,-3825562,164508465,226457,-300178,-14691,61,ee58fe00,0.0,0.0,0.0,0.0,0.0,0.0
2026-05-25 09:59:52.001265,1779717592.001265,2500965,-3825562,164508465,226457,-300178,-14691,61,ee58fe00,0.0,0.0,0.0,0.0,0.0,0.0
2026-05-25 09:59:52.015343,1779717592.015343,2739242,-3862013,164482860,244280,-405691,-51477,61,ee58fe00,0.0,0.0,0.0,0.0,0.0,0.0
2026-05-25 09:59:52.033327,1779717592.033327,2739242,-3862013,164482860,244280,-405691,-51477,61,ee58fe00,0.0,0.0,0.0,0.0,0.0,0.0
2026-05-25 09:59:52.048020,1779717592.048020,3062136,-3851385,164335680,320250,-411127,-48368,61,ee58fe00,0.0,0.0,0.0,0.0,0.0,0.0
2026-05-25 09:59:52.058233,1779717592.058233,3062136,-3851385,164335680,320250,-411127,-48368,61,ee58fe00,0.0,0.0,0.0,0.0,0.0,0.0
2026-05-25 09:59:52.068554,1779717592.068554,3357206,-3707856,164235982,352035,-373924,-27305,61,ee58fe00,0.0,0.0,0.0,0.0,0.0,0.0
2026-05-25 09:59:52.085149,1779717592.085149,3357206,-3707856,164235982,352035,-373924,-27305,61,ee58fe00,0.0,0.0,0.0,0.0,0.0,0.0
2026-05-25 09:59:52.099058,1779717592.099058,3474193,-3591989,164097335,337019,-247323,27627,61,ee58fe00,0.0,0.0,0.0,0.0,0.0,0.0
2026-05-25 09:59:52.115876,1779717592.115876,3474193,-3591989,164097335,337019,-247323,27627,61,ee58fe00,0.0,0.0,0.0,0.0,0.0,0.0
2026-05-25 09:59:52.125483,1779717592.125483,3407457,-3568764,164034358,267236,-56093,32997,61,ee58fe00,0.0,0.0,0.0,0.0,0.0,0.0
2026-05-25 09:59:52.135091,1779717592.135091,3407457,-3568764,164034358,267236,-56093,32997,61,ee58fe00,0.0,0.0,0.0,0.0,0.0,0.0
2026-05-25 09:59:52.142549,1779717592.142549,3121139,-3690641,164358470,240368,127632,32231,61,ee58fe00,0.0,0.0,0.0,0.0,0.0,0.0
2026-05-25 09:59:52.151352,1779717592.151352,3121139,-3690641,164358470,240368,127632,32231,61,ee58fe00,0.0,0.0,0.0,0.0,0.0,0.0
2026-05-25 09:59:52.158578,1779717592.158578,2570983,-3785082,164487139,316841,-1895,38108,61,ee58fe00,0.0,0.0,0.0,0.0,0.0,0.0
2026-05-25 09:59:52.167285,1779717592.167285,2570983,-3785082,164487139,316841,-1895,38108,61,ee58fe00,0.0,0.0,0.0,0.0,0.0,0.0
2026-05-25 09:59:52.175158,1779717592.175158,2315489,-3837579,164382672,262116,8719,31527,61,ee59fe00,0.0,0.0,0.0,0.0,0.0,0.0
2026-05-25 09:59:52.184280,1779717592.184280,2315489,-3837579,164382672,262116,8719,31527,61,ee59fe00,0.0,0.0,0.0,0.0,0.0,0.0
2026-05-25 09:59:52.192352,1779717592.192352,2026963,-3887308,164533859,210895,-110972,-5667,61,ee59fe00,0.0,0.0,0.0,0.0,0.0,0.0
2026-05-25 09:59:52.200842,1779717592.200842,2026963,-3887308,164533859,210895,-110972,-5667,61,ee59fe00,0.0,0.0,0.0,0.0,0.0,0.0
2026-05-25 09:59:52.208618,1779717592.208618,2436307,-3850952,164423345,157219,-184433,-21918,61,ee58fe00,0.0,0.0,0.0,0.0,0.0,0.0
2026-05-25 09:59:52.217475,1779717592.217475,2436307,-3850952,164423345,157219,-184433,-21918,61,ee58fe00,0.0,0.0,0.0,0.0,0.0,0.0
2026-05-25 09:59:52.228996,1779717592.228996,2667146,-3842239,164538627,172266,-197536,-18913,61,ee58fe00,0.0,0.0,0.0,0.0,0.0,0.0
2026-05-25 09:59:52.238382,1779717592.238382,2667146,-3842239,164538627,172266,-197536,-18913,61,ee58fe00,0.0,0.0,0.0,0.0,0.0,0.0
2026-05-25 09:59:52.248653,1779717592.248653,2970126,-3773142,164411447,275573,-343440,10286,61,ee58fe00,0.0,0.0,0.0,0.0,0.0,0.0
2026-05-25 09:59:52.258712,1779717592.258712,2970126,-3773142,164411447,275573,-343440,10286,61,ee58fe00,0.0,0.0,0.0,0.0,0.0,0.0
2026-05-25 09:59:52.266026,1779717592.266026,3133391,-3692462,164155775,214591,-188992,20411,61,ee58fe00,0.0,0.0,0.0,0.0,0.0,0.0
2026-05-25 09:59:52.276062,1779717592.276062,3133391,-3692462,164155775,214591,-188992,20411,61,ee58fe00,0.0,0.0,0.0,0.0,0.0,0.0
2026-05-25 09:59:52.284405,1779717592.284405,2659745,-3767742,164465420,185845,-184274,15642,61,ee58fe00,0.0,0.0,0.0,0.0,0.0,0.0
2026-05-25 09:59:52.293112,1779717592.293112,2659745,-3767742,164465420,185845,-184274,15642,61,ee58fe00,0.0,0.0,0.0,0.0,0.0,0.0
2026-05-25 09:59:52.300956,1779717592.300956,2486348,-3752278,164579562,210207,-276157,23784,61,ee58fe00,0.0,0.0,0.0,0.0,0.0,0.0
2026-05-25 09:59:52.310505,1779717592.310505,2486348,-3752278,164579562,210207,-276157,23784,61,ee58fe00,0.0,0.0,0.0,0.0,0.0,0.0
2026-05-25 09:59:52.318490,1779717592.318490,1955023,-3811293,164858230,312548,-386849,419,61,ee58fe00,0.0,0.0,0.0,0.0,0.0,0.0
2026-05-25 09:59:52.326755,1779717592.326755,1955023,-3811293,164858230,312548,-386849,419,61,ee58fe00,0.0,0.0,0.0,0.0,0.0,0.0
2026-05-25 09:59:52.335856,1779717592.335856,1769956,-3699334,164789024,428542,-711616,4088,61,ee58fe00,0.0,0.0,0.0,0.0,0.0,0.0
2026-05-25 09:59:52.344931,1779717592.344931,1769956,-3699334,164789024,428542,-711616,4088,61,ee58fe00,0.0,0.0,0.0,0.0,0.0,0.0
2026-05-25 09:59:52.352475,1779717592.352475,2111297,-3655616,164204243,314481,-791776,-314,61,ee59fe00,0.0,0.0,0.0,0.0,0.0,0.0
2026-05-25 09:59:52.362323,1779717592.362323,2111297,-3655616,164204243,314481,-791776,-314,61,ee59fe00,0.0,0.0,0.0,0.0,0.0,0.0
2026-05-25 09:59:52.369568,1779717592.369568,2996816,-3714039,163972601,60347,-657453,-14270,61,ee59fe00,0.0,0.0,0.0,0.0,0.0,0.0
2026-05-25 09:59:52.383195,1779717592.383195,2996816,-3714039,163972601,60347,-657453,-14270,61,ee59fe00,0.0,0.0,0.0,0.0,0.0,0.0
2026-05-25 09:59:52.395910,1779717592.395910,4055624,-3829430,163809831,-7413,-483164,-64899,61,ee58fe00,0.0,0.0,0.0,0.0,0.0,0.0
2026-05-25 09:59:52.412770,1779717592.412770,4055624,-3829430,163809831,-7413,-483164,-64899,61,ee58fe00,0.0,0.0,0.0,0.0,0.0,0.0
2026-05-25 09:59:52.426254,1779717592.426254,4927899,-3858130,163698289,44083,-203245,-86941,61,ee58fe00,0.0,0.0,0.0,0.0,0.0,0.0
2026-05-25 09:59:52.491200,1779717592.491200,4927899,-3858130,163698289,44083,-203245,-86941,61,ee58fe00,0.0,0.0,0.0,0.0,0.0,0.0
2026-05-25 09:59:52.528487,1779717592.528487,4680661,-3746483,163620138,122682,97800,-37624,61,ee58fe00,0.0,0.0,0.0,0.0,0.0,0.0
2026-05-25 09:59:52.539935,1779717592.539935,4680661,-3746483,163620138,122682,97800,-37624,61,ee58fe00,0.0,0.0,0.0,0.0,0.0,0.0
2026-05-25 09:59:52.547836,1779717592.547836,3904790,-3657411,163651894,63642,427295,26033,61,ee59fe00,0.0,0.0,0.0,0.0,0.0,0.0
2026-05-25 09:59:52.557702,1779717592.557702,3904790,-3657411,163651894,63642,427295,26033,61,ee59fe00,0.0,0.0,0.0,0.0,0.0,0.0
2026-05-25 09:59:52.565263,1779717592.565263,2671972,-3711195,164215998,-23010,654188,87941,61,ee58fe00,0.0,0.0,0.0,0.0,0.0,0.0
2026-05-25 09:59:52.574902,1779717592.574902,2671972,-3711195,164215998,-23010,654188,87941,61,ee58fe00,0.0,0.0,0.0,0.0,0.0,0.0
2026-05-25 09:59:52.581670,1779717592.581670,1845879,-3782781,164726605,-3383,517258,63453,61,ee58fe00,0.0,0.0,0.0,0.0,0.0,0.0
2026-05-25 09:59:52.589566,1779717592.589566,1845879,-3782781,164726605,-3383,517258,63453,61,ee58fe00,0.0,0.0,0.0,0.0,0.0,0.0
2026-05-25 09:59:52.595945,1779717592.595945,1677723,-3753515,164818204,30001,325556,14090,61,ee58fe00,0.0,0.0,0.0,0.0,0.0,0.0
2026-05-25 09:59:52.603692,1779717592.603692,1677723,-3753515,164818204,30001,325556,14090,61,ee58fe00,0.0,0.0,0.0,0.0,0.0,0.0
2026-05-25 09:59:52.610054,1779717592.610054,1994137,-3684794,164696714,58716,52911,-42859,61,ee58fe00,0.0,0.0,0.0,0.0,0.0,0.0
2026-05-25 09:59:52.617996,1779717592.617996,1994137,-3684794,164696714,58716,52911,-42859,61,ee58fe00,0.0,0.0,0.0,0.0,0.0,0.0
2026-05-25 09:59:52.624930,1779717592.624930,2781425,-3621335,164366628,69364,-50456,-51363,61,ee58fe00,0.0,0.0,0.0,0.0,0.0,0.0
2026-05-25 09:59:52.634740,1779717592.634740,2781425,-3621335,164366628,69364,-50456,-51363,61,ee58fe00,0.0,0.0,0.0,0.0,0.0,0.0
2026-05-25 09:59:52.642794,1779717592.642794,3363742,-3687525,164153832,70507,-20777,-6335,61,ee58fe00,0.0,0.0,0.0,0.0,0.0,0.0
2026-05-25 09:59:52.656124,1779717592.656124,3363742,-3687525,164153832,70507,-20777,-6335,61,ee58fe00,0.0,0.0,0.0,0.0,0.0,0.0
2026-05-25 09:59:52.668354,1779717592.668354,3540491,-3912008,164093128,121710,157276,41991,61,ee58fe00,0.0,0.0,0.0,0.0,0.0,0.0
2026-05-25 09:59:52.684031,1779717592.684031,3540491,-3912008,164093128,121710,157276,41991,61,ee58fe00,0.0,0.0,0.0,0.0,0.0,0.0
2026-05-25 09:59:52.697080,1779717592.697080,2922592,-4005144,164709061,201021,154374,67819,61,ee58fe00,0.0,0.0,0.0,0.0,0.0,0.0
2026-05-25 09:59:52.712029,1779717592.712029,2922592,-4005144,164709061,201021,154374,67819,61,ee58fe00,0.0,0.0,0.0,0.0,0.0,0.0
2026-05-25 09:59:52.723463,1779717592.723463,2234486,-4018414,164277554,279436,-5921,94705,61,ee58fe00,0.0,0.0,0.0,0.0,0.0,0.0
2026-05-25 09:59:52.736186,1779717592.736186,2234486,-4018414,164277554,279436,-5921,94705,61,ee58fe00,0.0,0.0,0.0,0.0,0.0,0.0
2026-05-25 09:59:52.747129,1779717592.747129,1634436,-3928001,164687605,60839,133412,22940,61,ee58fe00,0.0,0.0,0.0,0.0,0.0,0.0
2026-05-25 09:59:52.759427,1779717592.759427,1634436,-3928001,164687605,60839,133412,22940,61,ee58fe00,0.0,0.0,0.0,0.0,0.0,0.0
2026-05-25 09:59:52.767166,1779717592.767166,1507670,-3890060,164804303,68592,-300830,-59614,61,ee58fe00,0.0,0.0,0.0,0.0,0.0,0.0
2026-05-25 09:59:52.780827,1779717592.780827,1507670,-3890060,164804303,68592,-300830,-59614,61,ee58fe00,0.0,0.0,0.0,0.0,0.0,0.0
2026-05-25 09:59:52.788738,1779717592.788738,2491692,-3619190,164804204,-17983,-325261,-171458,61,ee58fe00,0.0,0.0,0.0,0.0,0.0,0.0
2026-05-25 09:59:52.797391,1779717592.797391,2491692,-3619190,164804204,-17983,-325261,-171458,61,ee58fe00,0.0,0.0,0.0,0.0,0.0,0.0
2026-05-25 09:59:52.804907,1779717592.804907,2559882,-3412225,164873620,198160,-599379,-115008,61,ee58fe00,0.0,0.0,0.0,0.0,0.0,0.0
2026-05-25 09:59:52.820176,1779717592.820176,2559882,-3412225,164873620,198160,-599379,-115008,61,ee58fe00,0.0,0.0,0.0,0.0,0.0,0.0
2026-05-25 09:59:52.832283,1779717592.832283,3377944,-3257065,163893836,237727,-605993,-50250,61,ee58fe00,0.0,0.0,0.0,0.0,0.0,0.0
2026-05-25 09:59:52.845880,1779717592.845880,3377944,-3257065,163893836,237727,-605993,-50250,61,ee58fe00,0.0,0.0,0.0,0.0,0.0,0.0
2026-05-25 09:59:52.856698,1779717592.856698,3412434,-3459049,164072860,44448,-136444,16030,61,ee58fe00,0.0,0.0,0.0,0.0,0.0,0.0
2026-05-25 09:59:52.866001,1779717592.866001,3412434,-3459049,164072860,44448,-136444,16030,61,ee58fe00,0.0,0.0,0.0,0.0,0.0,0.0
2026-05-25 09:59:52.874161,1779717592.874161,3395968,-3878195,164261507,124451,-323388,16542,61,ee58fe00,0.0,0.0,0.0,0.0,0.0,0.0
2026-05-25 09:59:52.882614,1779717592.882614,3395968,-3878195,164261507,124451,-323388,16542,61,ee58fe00,0.0,0.0,0.0,0.0,0.0,0.0
2026-05-25 09:59:52.889677,1779717592.889677,3838455,-3984552,163885306,31690,-35020,2190,61,ee58fe00,0.0,0.0,0.0,0.0,0.0,0.0
2026-05-25 09:59:52.898289,1779717592.898289,3838455,-3984552,163885306,31690,-35020,2190,61,ee58fe00,0.0,0.0,0.0,0.0,0.0,0.0
2026-05-25 09:59:52.904888,1779717592.904888,3498022,-4156861,164170781,-5343,90487,-73812,61,ee58fe00,0.0,0.0,0.0,0.0,0.0,0.0
2026-05-25 09:59:52.913722,1779717592.913722,3498022,-4156861,164170781,-5343,90487,-73812,61,ee58fe00,0.0,0.0,0.0,0.0,0.0,0.0
2026-05-25 09:59:52.920417,1779717592.920417,3820458,-3959917,163758960,-37533,184652,-83076,61,ee58fe00,0.0,0.0,0.0,0.0,0.0,0.0
2026-05-25 09:59:52.928243,1779717592.928243,3820458,-3959917,163758960,-37533,184652,-83076,61,ee58fe00,0.0,0.0,0.0,0.0,0.0,0.0
2026-05-25 09:59:52.934698,1779717592.934698,3759282,-3723934,163659538,-199094,613801,-98664,61,ee58fe00,0.0,0.0,0.0,0.0,0.0,0.0
2026-05-25 09:59:52.942633,1779717592.942633,3759282,-3723934,163659538,-199094,613801,-98664,61,ee58fe00,0.0,0.0,0.0,0.0,0.0,0.0
2026-05-25 09:59:52.948884,1779717592.948884,3702343,-3542456,163974012,-218934,803598,-44084,61,ee58fe00,0.0,0.0,0.0,0.0,0.0,0.0
2026-05-25 09:59:52.956944,1779717592.956944,3702343,-3542456,163974012,-218934,803598,-44084,61,ee58fe00,0.0,0.0,0.0,0.0,0.0,0.0
2026-05-25 09:59:52.964116,1779717592.964116,3499625,-3409318,164239062,-173217,941975,-25885,61,ee58fe00,0.0,0.0,0.0,0.0,0.0,0.0
2026-05-25 09:59:52.972305,1779717592.972305,3499625,-3409318,164239062,-173217,941975,-25885,61,ee58fe00,0.0,0.0,0.0,0.0,0.0,0.0
2026-05-25 09:59:52.979424,1779717592.979424,2786184,-3425646,164583630,-90660,901528,19906,61,ee58fe00,0.0,0.0,0.0,0.0,0.0,0.0
2026-05-25 09:59:52.987531,1779717592.987531,2786184,-3425646,164583630,-90660,901528,19906,61,ee58fe00,0.0,0.0,0.0,0.0,0.0,0.0
2026-05-25 09:59:52.994153,1779717592.994153,2089780,-3491831,164765962,-30815,754869,45014,61,ee59fe00,0.0,0.0,0.0,0.0,0.0,0.0
2026-05-25 09:59:53.002302,1779717593.002302,2089780,-3491831,164765962,-30815,754869,45014,61,ee59fe00,0.0,0.0,0.0,0.0,0.0,0.0
2026-05-25 09:59:53.008632,1779717593.008632,1444024,-3681825,164781987,-64198,588531,36000,61,ee59fe00,0.0,0.0,0.0,0.0,0.0,0.0
2026-05-25 09:59:53.017832,1779717593.017832,1444024,-3681825,164781987,-64198,588531,36000,61,ee59fe00,0.0,0.0,0.0,0.0,0.0,0.0
2026-05-25 09:59:53.025570,1779717593.025570,1363978,-3906620,164954550,-63699,305843,-9191,61,ee58fe00,0.0,0.0,0.0,0.0,0.0,0.0
2026-05-25 09:59:53.033674,1779717593.033674,1363978,-3906620,164954550,-63699,305843,-9191,61,ee58fe00,0.0,0.0,0.0,0.0,0.0,0.0
2026-05-25 09:59:53.040216,1779717593.040216,1767653,-4076819,164951877,-52376,15577,-74110,61,ee58fe00,0.0,0.0,0.0,0.0,0.0,0.0
2026-05-25 09:59:53.048063,1779717593.048063,1767653,-4076819,164951877,-52376,15577,-74110,61,ee58fe00,0.0,0.0,0.0,0.0,0.0,0.0
2026-05-25 09:59:53.054520,1779717593.054520,2450314,-4077946,164554337,17832,-157727,-89125,61,ee58fe00,0.0,0.0,0.0,0.0,0.0,0.0
2026-05-25 09:59:53.062349,1779717593.062349,2450314,-4077946,164554337,17832,-157727,-89125,61,ee58fe00,0.0,0.0,0.0,0.0,0.0,0.0
2026-05-25 09:59:53.068554,1779717593.068554,3013341,-4015565,164321847,5475,-100966,-97639,61,ee58fe00,0.0,0.0,0.0,0.0,0.0,0.0
2026-05-25 09:59:53.076500,1779717593.076500,3013341,-4015565,164321847,5475,-100966,-97639,61,ee58fe00,0.0,0.0,0.0,0.0,0.0,0.0
2026-05-25 09:59:53.083236,1779717593.083236,3125866,-3992115,164176285,75779,-98708,-57589,61,ee58fe00,0.0,0.0,0.0,0.0,0.0,0.0
2026-05-25 09:59:53.089666,1779717593.089666,3125866,-3992115,164176285,75779,-98708,-57589,61,ee58fe00,0.0,0.0,0.0,0.0,0.0,0.0
2026-05-25 09:59:53.095554,1779717593.095554,3147707,-3860373,164127579,53075,68224,-32225,61,ee58fe00,0.0,0.0,0.0,0.0,0.0,0.0
2026-05-25 09:59:53.103127,1779717593.103127,3147707,-3860373,164127579,53075,68224,-32225,61,ee58fe00,0.0,0.0,0.0,0.0,0.0,0.0
2026-05-25 09:59:53.108229,1779717593.108229,2500534,-3894473,164515099,67107,151582,21491,61,ee58fe00,0.0,0.0,0.0,0.0,0.0,0.0
2026-05-25 09:59:53.115282,1779717593.115282,2500534,-3894473,164515099,67107,151582,21491,61,ee58fe00,0.0,0.0,0.0,0.0,0.0,0.0
2026-05-25 09:59:53.120916,1779717593.120916,1912868,-3786420,164943403,187947,-106145,73924,61,ee58fe00,0.0,0.0,0.0,0.0,0.0,0.0
2026-05-25 09:59:53.128293,1779717593.128293,1912868,-3786420,164943403,187947,-106145,73924,61,ee58fe00,0.0,0.0,0.0,0.0,0.0,0.0
2026-05-25 09:59:53.134555,1779717593.134555,1558169,-3753422,164858901,258706,-387865,106718,61,ee58fe00,0.0,0.0,0.0,0.0,0.0,0.0
2026-05-25 09:59:53.142059,1779717593.142059,1558169,-3753422,164858901,258706,-387865,106718,61,ee58fe00,0.0,0.0,0.0,0.0,0.0,0.0
2026-05-25 09:59:53.148573,1779717593.148573,1623570,-3756887,164862813,216643,-639382,78170,61,ee58fe00,0.0,0.0,0.0,0.0,0.0,0.0
2026-05-25 09:59:53.156403,1779717593.156403,1623570,-3756887,164862813,216643,-639382,78170,61,ee58fe00,0.0,0.0,0.0,0.0,0.0,0.0
2026-05-25 09:59:53.162733,1779717593.162733,2469714,-3865460,164347503,173227,-818886,2965,61,ee59fe00,0.0,0.0,0.0,0.0,0.0,0.0
2026-05-25 09:59:53.173358,1779717593.173358,2469714,-3865460,164347503,173227,-818886,2965,61,ee59fe00,0.0,0.0,0.0,0.0,0.0,0.0
2026-05-25 09:59:53.181679,1779717593.181679,3687687,-3812389,164080279,114055,-713817,-78279,61,ee58fe00,0.0,0.0,0.0,0.0,0.0,0.0
2026-05-25 09:59:53.190887,1779717593.190887,3687687,-3812389,164080279,114055,-713817,-78279,61,ee58fe00,0.0,0.0,0.0,0.0,0.0,0.0
2026-05-25 09:59:53.198303,1779717593.198303,4661217,-3640958,163601904,188774,-563059,-98122,61,ee58fe00,0.0,0.0,0.0,0.0,0.0,0.0
2026-05-25 09:59:53.207082,1779717593.207082,4661217,-3640958,163601904,188774,-563059,-98122,61,ee58fe00,0.0,0.0,0.0,0.0,0.0,0.0
2026-05-25 09:59:53.213845,1779717593.213845,5154947,-3378119,163197831,129146,-2786,-38885,61,ee58fe00,0.0,0.0,0.0,0.0,0.0,0.0
2026-05-25 09:59:53.221709,1779717593.221709,5154947,-3378119,163197831,129146,-2786,-38885,61,ee58fe00,0.0,0.0,0.0,0.0,0.0,0.0
2026-05-25 09:59:53.228451,1779717593.228451,4382109,-3369718,163489153,283,516918,57299,61,ee58fe00,0.0,0.0,0.0,0.0,0.0,0.0
2026-05-25 09:59:53.237662,1779717593.237662,4382109,-3369718,163489153,283,516918,57299,61,ee58fe00,0.0,0.0,0.0,0.0,0.0,0.0
2026-05-25 09:59:53.244092,1779717593.244092,3417719,-3531406,164031118,-62043,754468,88047,61,ee58fe00,0.0,0.0,0.0,0.0,0.0,0.0
2026-05-25 09:59:53.252329,1779717593.252329,3417719,-3531406,164031118,-62043,754468,88047,61,ee58fe00,0.0,0.0,0.0,0.0,0.0,0.0
2026-05-25 09:59:53.259787,1779717593.259787,2196086,-3687794,164652326,-83437,812701,77491,61,ee58fe00,0.0,0.0,0.0,0.0,0.0,0.0
2026-05-25 09:59:53.269676,1779717593.269676,2196086,-3687794,164652326,-83437,812701,77491,61,ee58fe00,0.0,0.0,0.0,0.0,0.0,0.0
2026-05-25 09:59:53.279137,1779717593.279137,1440034,-3791378,165011227,-33444,533325,29031,61,ee58fe00,0.0,0.0,0.0,0.0,0.0,0.0
2026-05-25 09:59:53.288068,1779717593.288068,1440034,-3791378,165011227,-33444,533325,29031,61,ee58fe00,0.0,0.0,0.0,0.0,0.0,0.0
2026-05-25 09:59:53.297995,1779717593.297995,1427998,-3750469,164959018,-45849,274443,-9488,61,ee58fe00,0.0,0.0,0.0,0.0,0.0,0.0
2026-05-25 09:59:53.308152,1779717593.308152,1427998,-3750469,164959018,-45849,274443,-9488,61,ee58fe00,0.0,0.0,0.0,0.0,0.0,0.0
2026-05-25 09:59:53.315839,1779717593.315839,1937553,-3757933,164784784,-51273,36148,-315,61,ee58fe00,0.0,0.0,0.0,0.0,0.0,0.0
2026-05-25 09:59:53.324122,1779717593.324122,1937553,-3757933,164784784,-51273,36148,-315,61,ee58fe00,0.0,0.0,0.0,0.0,0.0,0.0
2026-05-25 09:59:53.330420,1779717593.330420,2726227,-3793042,164509358,-28503,-77927,33835,61,ee58fe00,0.0,0.0,0.0,0.0,0.0,0.0
2026-05-25 09:59:53.338163,1779717593.338163,2726227,-3793042,164509358,-28503,-77927,33835,61,ee58fe00,0.0,0.0,0.0,0.0,0.0,0.0
2026-05-25 09:59:53.345510,1779717593.345510,3230643,-3901299,164337213,25055,-58224,81804,61,ee58fe00,0.0,0.0,0.0,0.0,0.0,0.0
2026-05-25 09:59:53.358836,1779717593.358836,3230643,-3901299,164337213,25055,-58224,81804,61,ee58fe00,0.0,0.0,0.0,0.0,0.0,0.0
2026-05-25 09:59:53.371979,1779717593.371979,3279037,-4037788,164216228,70699,-28647,94764,61,ee58fe00,0.0,0.0,0.0,0.0,0.0,0.0
2026-05-25 09:59:53.385157,1779717593.385157,3279037,-4037788,164216228,70699,-28647,94764,61,ee58fe00,0.0,0.0,0.0,0.0,0.0,0.0
2026-05-25 09:59:53.403611,1779717593.403611,2956834,-4151655,164278051,96700,68716,52466,61,ee58fe00,0.0,0.0,0.0,0.0,0.0,0.0
2026-05-25 09:59:53.419957,1779717593.419957,2956834,-4151655,164278051,96700,68716,52466,61,ee58fe00,0.0,0.0,0.0,0.0,0.0,0.0
2026-05-25 09:59:53.431272,1779717593.431272,2553120,-4168914,164453692,99926,74277,-11584,61,ee58fe00,0.0,0.0,0.0,0.0,0.0,0.0
2026-05-25 09:59:53.444613,1779717593.444613,2553120,-4168914,164453692,99926,74277,-11584,61,ee58fe00,0.0,0.0,0.0,0.0,0.0,0.0
2026-05-25 09:59:53.454788,1779717593.454788,2213210,-4018753,164685424,124734,-41961,-88776,61,ee58fe00,0.0,0.0,0.0,0.0,0.0,0.0
2026-05-25 09:59:53.467638,1779717593.467638,2213210,-4018753,164685424,124734,-41961,-88776,61,ee58fe00,0.0,0.0,0.0,0.0,0.0,0.0
2026-05-25 09:59:53.478127,1779717593.478127,2060425,-3778550,164674900,143390,-222923,-107426,61,ee58fe00,0.0,0.0,0.0,0.0,0.0,0.0
2026-05-25 09:59:53.490651,1779717593.490651,2060425,-3778550,164674900,143390,-222923,-107426,61,ee58fe00,0.0,0.0,0.0,0.0,0.0,0.0
2026-05-25 09:59:53.501030,1779717593.501030,2081768,-3547576,164644668,164362,-400754,-83450,61,ee58fe00,0.0,0.0,0.0,0.0,0.0,0.0
2026-05-25 09:59:53.511500,1779717593.511500,2081768,-3547576,164644668,164362,-400754,-83450,61,ee58fe00,0.0,0.0,0.0,0.0,0.0,0.0
2026-05-25 09:59:53.520152,1779717593.520152,2298719,-3490438,164555484,187493,-528223,-16098,61,ee58fe00,0.0,0.0,0.0,0.0,0.0,0.0
2026-05-25 09:59:53.532270,1779717593.532270,2298719,-3490438,164555484,187493,-528223,-16098,61,ee58fe00,0.0,0.0,0.0,0.0,0.0,0.0
2026-05-25 09:59:53.540717,1779717593.540717,2686799,-3512803,164476529,179586,-605709,23602,61,ee58fe00,0.0,0.0,0.0,0.0,0.0,0.0
2026-05-25 09:59:53.551641,1779717593.551641,2686799,-3512803,164476529,179586,-605709,23602,61,ee58fe00,0.0,0.0,0.0,0.0,0.0,0.0
2026-05-25 09:59:53.562330,1779717593.562330,3178934,-3680460,164164076,167270,-614145,24181,61,ee58fe00,0.0,0.0,0.0,0.0,0.0,0.0
2026-05-25 09:59:53.573577,1779717593.573577,3178934,-3680460,164164076,167270,-614145,24181,61,ee58fe00,0.0,0.0,0.0,0.0,0.0,0.0
2026-05-25 09:59:53.583806,1779717593.583806,3722790,-3829206,164037233,125673,-452930,-8837,61,ee58fe00,0.0,0.0,0.0,0.0,0.0,0.0
2026-05-25 09:59:53.595906,1779717593.595906,3722790,-3829206,164037233,125673,-452930,-8837,61,ee58fe00,0.0,0.0,0.0,0.0,0.0,0.0
2026-05-25 09:59:53.603791,1779717593.603791,4036308,-4004771,163870463,139251,-306806,-54382,61,ee58fe00,0.0,0.0,0.0,0.0,0.0,0.0
2026-05-25 09:59:53.616907,1779717593.616907,4036308,-4004771,163870463,139251,-306806,-54382,61,ee58fe00,0.0,0.0,0.0,0.0,0.0,0.0
2026-05-25 09:59:53.625955,1779717593.625955,4235164,-3976036,163792588,111286,-5657,-78229,61,ee58fe00,0.0,0.0,0.0,0.0,0.0,0.0
2026-05-25 09:59:53.636569,1779717593.636569,4235164,-3976036,163792588,111286,-5657,-78229,61,ee58fe00,0.0,0.0,0.0,0.0,0.0,0.0
2026-05-25 09:59:53.644910,1779717593.644910,3882801,-3932708,163840839,86333,229382,-83162,61,ee58fe00,0.0,0.0,0.0,0.0,0.0,0.0
2026-05-25 09:59:53.653409,1779717593.653409,3882801,-3932708,163840839,86333,229382,-83162,61,ee58fe00,0.0,0.0,0.0,0.0,0.0,0.0
2026-05-25 09:59:53.660319,1779717593.660319,3564347,-3756072,163922730,49244,474506,-70950,61,ee58fe00,0.0,0.0,0.0,0.0,0.0,0.0
2026-05-25 09:59:53.670199,1779717593.670199,3564347,-3756072,163922730,49244,474506,-70950,61,ee58fe00,0.0,0.0,0.0,0.0,0.0,0.0
2026-05-25 09:59:53.675985,1779717593.675985,2889794,-3597170,164298485,42262,578508,-23610,61,ee58fe00,0.0,0.0,0.0,0.0,0.0,0.0
2026-05-25 09:59:53.681922,1779717593.681922,2889794,-3597170,164298485,42262,578508,-23610,61,ee58fe00,0.0,0.0,0.0,0.0,0.0,0.0
2026-05-25 09:59:53.686957,1779717593.686957,2378578,-3418563,164573990,67089,491266,30066,61,ee58fe00,0.0,0.0,0.0,0.0,0.0,0.0
2026-05-25 09:59:53.693753,1779717593.693753,2378578,-3418563,164573990,67089,491266,30066,61,ee58fe00,0.0,0.0,0.0,0.0,0.0,0.0
2026-05-25 09:59:53.699421,1779717593.699421,2030407,-3287251,164705791,72203,369423,53067,61,ee58fe00,0.0,0.0,0.0,0.0,0.0,0.0
2026-05-25 09:59:53.710528,1779717593.710528,2030407,-3287251,164705791,72203,369423,53067,61,ee58fe00,0.0,0.0,0.0,0.0,0.0,0.0
2026-05-25 09:59:53.718180,1779717593.718180,2009497,-3301722,164721903,56758,191731,49549,61,ee58fe00,0.0,0.0,0.0,0.0,0.0,0.0
2026-05-25 09:59:53.726670,1779717593.726670,2009497,-3301722,164721903,56758,191731,49549,61,ee58fe00,0.0,0.0,0.0,0.0,0.0,0.0
2026-05-25 09:59:53.734715,1779717593.734715,2329180,-3417279,164520148,61685,33384,40149,61,ee58fe00,0.0,0.0,0.0,0.0,0.0,0.0
2026-05-25 09:59:53.747378,1779717593.747378,2329180,-3417279,164520148,61685,33384,40149,61,ee58fe00,0.0,0.0,0.0,0.0,0.0,0.0
2026-05-25 09:59:53.756267,1779717593.756267,2805041,-3651468,164348916,26894,-16060,62628,61,ee58fe00,0.0,0.0,0.0,0.0,0.0,0.0
2026-05-25 09:59:53.768613,1779717593.768613,2805041,-3651468,164348916,26894,-16060,62628,61,ee58fe00,0.0,0.0,0.0,0.0,0.0,0.0
2026-05-25 09:59:53.778563,1779717593.778563,3166066,-3928616,164171687,28932,5419,62880,61,ee58fe00,0.0,0.0,0.0,0.0,0.0,0.0
2026-05-25 09:59:53.791514,1779717593.791514,3166066,-3928616,164171687,28932,5419,62880,61,ee58fe00,0.0,0.0,0.0,0.0,0.0,0.0
2026-05-25 09:59:53.799703,1779717593.799703,3354389,-4100997,164092237,-12658,119460,60460,61,ee58fe00,0.0,0.0,0.0,0.0,0.0,0.0
2026-05-25 09:59:53.812199,1779717593.812199,3354389,-4100997,164092237,-12658,119460,60460,61,ee58fe00,0.0,0.0,0.0,0.0,0.0,0.0
2026-05-25 09:59:53.821174,1779717593.821174,3101778,-4152488,164194892,-21526,242891,27164,61,ee58fe00,0.0,0.0,0.0,0.0,0.0,0.0
2026-05-25 09:59:53.830254,1779717593.830254,3101778,-4152488,164194892,-21526,242891,27164,61,ee58fe00,0.0,0.0,0.0,0.0,0.0,0.0
2026-05-25 09:59:53.837022,1779717593.837022,2633752,-4037839,164395414,-11964,241206,11896,61,ee58fe00,0.0,0.0,0.0,0.0,0.0,0.0
2026-05-25 09:59:53.843526,1779717593.843526,2633752,-4037839,164395414,-11964,241206,11896,61,ee58fe00,0.0,0.0,0.0,0.0,0.0,0.0
2026-05-25 09:59:53.848635,1779717593.848635,2150843,-3845457,164637235,-28113,162131,-25130,61,ee58fe00,0.0,0.0,0.0,0.0,0.0,0.0
2026-05-25 09:59:53.854778,1779717593.854778,2150843,-3845457,164637235,-28113,162131,-25130,61,ee58fe00,0.0,0.0,0.0,0.0,0.0,0.0
2026-05-25 09:59:53.861406,1779717593.861406,1877154,-3625198,164799123,-21373,-31088,-23175,61,ee58fe00,0.0,0.0,0.0,0.0,0.0,0.0
2026-05-25 09:59:53.868889,1779717593.868889,1877154,-3625198,164799123,-21373,-31088,-23175,61,ee58fe00,0.0,0.0,0.0,0.0,0.0,0.0
2026-05-25 09:59:53.878694,1779717593.878694,2061267,-3517764,164672134,-17743,-216958,-26442,61,ee58fe00,0.0,0.0,0.0,0.0,0.0,0.0
2026-05-25 09:59:53.887731,1779717593.887731,2061267,-3517764,164672134,-17743,-216958,-26442,61,ee58fe00,0.0,0.0,0.0,0.0,0.0,0.0
2026-05-25 09:59:53.894687,1779717593.894687,2567628,-3607497,164509531,-3837,-300741,-18653,61,ee58fe00,0.0,0.0,0.0,0.0,0.0,0.0
2026-05-25 09:59:53.901692,1779717593.901692,2567628,-3607497,164509531,-3837,-300741,-18653,61,ee58fe00,0.0,0.0,0.0,0.0,0.0,0.0
2026-05-25 09:59:53.908009,1779717593.908009,3221970,-3735058,164232626,-882,-280248,-93,61,ee58fe00,0.0,0.0,0.0,0.0,0.0,0.0
2026-05-25 09:59:53.915669,1779717593.915669,3221970,-3735058,164232626,-882,-280248,-93,61,ee58fe00,0.0,0.0,0.0,0.0,0.0,0.0
2026-05-25 09:59:53.921099,1779717593.921099,3780692,-3868705,163993275,-3800,-117086,-11164,61,ee58fe00,0.0,0.0,0.0,0.0,0.0,0.0
2026-05-25 09:59:53.929131,1779717593.929131,3780692,-3868705,163993275,-3800,-117086,-11164,61,ee58fe00,0.0,0.0,0.0,0.0,0.0,0.0
2026-05-25 09:59:53.935439,1779717593.935439,4026602,-3926139,163864399,-21277,112290,3736,61,ee58fe00,0.0,0.0,0.0,0.0,0.0,0.0
2026-05-25 09:59:53.942884,1779717593.942884,4026602,-3926139,163864399,-21277,112290,3736,61,ee58fe00,0.0,0.0,0.0,0.0,0.0,0.0
2026-05-25 09:59:53.948949,1779717593.948949,3924989,-3930578,163879196,-49233,386470,-13047,61,ee58fe00,0.0,0.0,0.0,0.0,0.0,0.0
2026-05-25 09:59:53.956484,1779717593.956484,3924989,-3930578,163879196,-49233,386470,-13047,61,ee58fe00,0.0,0.0,0.0,0.0,0.0,0.0
2026-05-25 09:59:53.962484,1779717593.962484,3464133,-3881159,164081811,-75644,572358,-15559,61,ee58fe00,0.0,0.0,0.0,0.0,0.0,0.0
2026-05-25 09:59:53.970085,1779717593.970085,3464133,-3881159,164081811,-75644,572358,-15559,61,ee58fe00,0.0,0.0,0.0,0.0,0.0,0.0
2026-05-25 09:59:53.976277,1779717593.976277,2885293,-3746154,164330285,-95337,676173,-45119,61,ee58fe00,0.0,0.0,0.0,0.0,0.0,0.0
2026-05-25 09:59:53.983724,1779717593.983724,2885293,-3746154,164330285,-95337,676173,-45119,61,ee58fe00,0.0,0.0,0.0,0.0,0.0,0.0
2026-05-25 09:59:53.989840,1779717593.989840,2369481,-3612782,164569913,-80960,644570,-74781,61,ee58fe00,0.0,0.0,0.0,0.0,0.0,0.0
2026-05-25 09:59:53.997294,1779717593.997294,2369481,-3612782,164569913,-80960,644570,-74781,61,ee58fe00,0.0,0.0,0.0,0.0,0.0,0.0
2026-05-25 09:59:54.003191,1779717594.003191,2028671,-3586652,164728527,-88217,511809,-61732,61,ee58fe00,0.0,0.0,0.0,0.0,0.0,0.0
2026-05-25 09:59:54.011588,1779717594.011588,2028671,-3586652,164728527,-88217,511809,-61732,61,ee58fe00,0.0,0.0,0.0,0.0,0.0,0.0
2026-05-25 09:59:54.018239,1779717594.018239,1859432,-3666660,164797383,-69779,351364,-40098,61,ee58fe00,0.0,0.0,0.0,0.0,0.0,0.0
2026-05-25 09:59:54.026131,1779717594.026131,1859432,-3666660,164797383,-69779,351364,-40098,61,ee58fe00,0.0,0.0,0.0,0.0,0.0,0.0
2026-05-25 09:59:54.033480,1779717594.033480,1987401,-3773496,164725633,-46188,148148,-8543,61,ee58fe00,0.0,0.0,0.0,0.0,0.0,0.0
2026-05-25 09:59:54.041824,1779717594.041824,1987401,-3773496,164725633,-46188,148148,-8543,61,ee58fe00,0.0,0.0,0.0,0.0,0.0,0.0
2026-05-25 09:59:54.049161,1779717594.049161,2271951,-3869434,164564926,-2926,-5744,-13379,61,ee58fe00,0.0,0.0,0.0,0.0,0.0,0.0
2026-05-25 09:59:54.057261,1779717594.057261,2271951,-3869434,164564926,-2926,-5744,-13379,61,ee58fe00,0.0,0.0,0.0,0.0,0.0,0.0
2026-05-25 09:59:54.063846,1779717594.063846,2698639,-3869171,164403909,50482,-110205,-22577,61,ee58fe00,0.0,0.0,0.0,0.0,0.0,0.0
2026-05-25 09:59:54.073179,1779717594.073179,2698639,-3869171,164403909,50482,-110205,-22577,61,ee58fe00,0.0,0.0,0.0,0.0,0.0,0.0
2026-05-25 09:59:54.080625,1779717594.080625,2957251,-3829661,164268890,81166,-116917,-36514,61,ee58fe00,0.0,0.0,0.0,0.0,0.0,0.0
2026-05-25 09:59:54.088771,1779717594.088771,2957251,-3829661,164268890,81166,-116917,-36514,61,ee58fe00,0.0,0.0,0.0,0.0,0.0,0.0
2026-05-25 09:59:54.095268,1779717594.095268,3022318,-3765144,164277190,102664,-86338,-46349,61,ee58fe00,0.0,0.0,0.0,0.0,0.0,0.0
2026-05-25 09:59:54.103495,1779717594.103495,3022318,-3765144,164277190,102664,-86338,-46349,61,ee58fe00,0.0,0.0,0.0,0.0,0.0,0.0
2026-05-25 09:59:54.109811,1779717594.109811,2865060,-3676619,164328269,93172,-71135,-47339,61,ee58fe00,0.0,0.0,0.0,0.0,0.0,0.0
2026-05-25 09:59:54.117517,1779717594.117517,2865060,-3676619,164328269,93172,-71135,-47339,61,ee58fe00,0.0,0.0,0.0,0.0,0.0,0.0
2026-05-25 09:59:54.124802,1779717594.124802,2699401,-3571368,164425007,84013,-96739,-26123,61,ee58fe00,0.0,0.0,0.0,0.0,0.0,0.0
2026-05-25 09:59:54.132823,1779717594.132823,2699401,-3571368,164425007,84013,-96739,-26123,61,ee58fe00,0.0,0.0,0.0,0.0,0.0,0.0
2026-05-25 09:59:54.140177,1779717594.140177,2497156,-3518745,164495538,51809,-126956,-13595,61,ee58fe00,0.0,0.0,0.0,0.0,0.0,0.0
2026-05-25 09:59:54.149396,1779717594.149396,2497156,-3518745,164495538,51809,-126956,-13595,61,ee58fe00,0.0,0.0,0.0,0.0,0.0,0.0
2026-05-25 09:59:54.157618,1779717594.157618,2481988,-3590170,164520028,55841,-181897,-28185,61,ee58fe00,0.0,0.0,0.0,0.0,0.0,0.0
2026-05-25 09:59:54.166746,1779717594.166746,2481988,-3590170,164520028,55841,-181897,-28185,61,ee58fe00,0.0,0.0,0.0,0.0,0.0,0.0
2026-05-25 09:59:54.178414,1779717594.178414,2646655,-3806089,164449133,60362,-195195,-24662,61,ee58fe00,0.0,0.0,0.0,0.0,0.0,0.0
2026-05-25 09:59:54.187065,1779717594.187065,2646655,-3806089,164449133,60362,-195195,-24662,61,ee58fe00,0.0,0.0,0.0,0.0,0.0,0.0
2026-05-25 09:59:54.193662,1779717594.193662,3003715,-4072029,164307011,72658,-262362,-41115,61,ee58fe00,0.0,0.0,0.0,0.0,0.0,0.0
2026-05-25 09:59:54.201786,1779717594.201786,3003715,-4072029,164307011,72658,-262362,-41115,61,ee58fe00,0.0,0.0,0.0,0.0,0.0,0.0
2026-05-25 09:59:54.209526,1779717594.209526,3384613,-4178374,164082415,95023,-204521,-17384,61,ee58fe00,0.0,0.0,0.0,0.0,0.0,0.0
2026-05-25 09:59:54.217964,1779717594.217964,3384613,-4178374,164082415,95023,-204521,-17384,61,ee58fe00,0.0,0.0,0.0,0.0,0.0,0.0
2026-05-25 09:59:54.224428,1779717594.224428,3690321,-4127264,163930640,98969,-64540,-29710,61,ee58fe00,0.0,0.0,0.0,0.0,0.0,0.0
2026-05-25 09:59:54.232832,1779717594.232832,3690321,-4127264,163930640,98969,-64540,-29710,61,ee58fe00,0.0,0.0,0.0,0.0,0.0,0.0
2026-05-25 09:59:54.241504,1779717594.241504,3797687,-3912304,163934747,89921,167366,-9608,61,ee58fe00,0.0,0.0,0.0,0.0,0.0,0.0
2026-05-25 09:59:54.275759,1779717594.275759,3797687,-3912304,163934747,89921,167366,-9608,61,ee58fe00,0.0,0.0,0.0,0.0,0.0,0.0
2026-05-25 09:59:54.286640,1779717594.286640,3692400,-3646706,163982883,59230,346323,10632,61,ee58fe00,0.0,0.0,0.0,0.0,0.0,0.0
2026-05-25 09:59:54.296158,1779717594.296158,3692400,-3646706,163982883,59230,346323,10632,61,ee58fe00,0.0,0.0,0.0,0.0,0.0,0.0
2026-05-25 09:59:54.323610,1779717594.323610,3354206,-3455661,164146555,26093,511477,29253,61,ee58fe00,0.0,0.0,0.0,0.0,0.0,0.0
2026-05-25 09:59:54.343087,1779717594.343087,3354206,-3455661,164146555,26093,511477,29253,61,ee58fe00,0.0,0.0,0.0,0.0,0.0,0.0
2026-05-25 09:59:54.358990,1779717594.358990,2875006,-3360234,164359370,23651,556084,38775,61,ee58fe00,0.0,0.0,0.0,0.0,0.0,0.0
2026-05-25 09:59:54.376851,1779717594.376851,2875006,-3360234,164359370,23651,556084,38775,61,ee58fe00,0.0,0.0,0.0,0.0,0.0,0.0
2026-05-25 09:59:54.390447,1779717594.390447,2433860,-3321625,164545331,12275,566175,23953,61,ee58fe00,0.0,0.0,0.0,0.0,0.0,0.0
2026-05-25 09:59:54.407549,1779717594.407549,2433860,-3321625,164545331,12275,566175,23953,61,ee58fe00,0.0,0.0,0.0,0.0,0.0,0.0
2026-05-25 09:59:54.421052,1779717594.421052,2065610,-3400031,164723427,-10936,461260,15672,61,ee58fe00,0.0,0.0,0.0,0.0,0.0,0.0
2026-05-25 09:59:54.431371,1779717594.431371,2065610,-3400031,164723427,-10936,461260,15672,61,ee58fe00,0.0,0.0,0.0,0.0,0.0,0.0
2026-05-25 09:59:54.445563,1779717594.445563,1976131,-3591817,164729540,13449,263066,-4089,61,ee57fe00,0.0,0.0,0.0,0.0,0.0,0.0
2026-05-25 09:59:54.463650,1779717594.463650,1976131,-3591817,164729540,13449,263066,-4089,61,ee57fe00,0.0,0.0,0.0,0.0,0.0,0.0
2026-05-25 09:59:54.477682,1779717594.477682,2072257,-3867992,164652877,13975,105606,-9351,61,ee58fe00,0.0,0.0,0.0,0.0,0.0,0.0
2026-05-25 09:59:54.495267,1779717594.495267,2072257,-3867992,164652877,13975,105606,-9351,61,ee58fe00,0.0,0.0,0.0,0.0,0.0,0.0
2026-05-25 09:59:54.506074,1779717594.506074,2253685,-4136021,164539719,46953,-40189,-2201,61,ee58fe00,0.0,0.0,0.0,0.0,0.0,0.0
2026-05-25 09:59:54.516667,1779717594.516667,2253685,-4136021,164539719,46953,-40189,-2201,61,ee58fe00,0.0,0.0,0.0,0.0,0.0,0.0
2026-05-25 09:59:54.523802,1779717594.523802,2600020,-4220758,164364184,58758,-131853,-954,61,ee58fe00,0.0,0.0,0.0,0.0,0.0,0.0
2026-05-25 09:59:54.540593,1779717594.540593,2600020,-4220758,164364184,58758,-131853,-954,61,ee58fe00,0.0,0.0,0.0,0.0,0.0,0.0
2026-05-25 09:59:54.553306,1779717594.553306,2882584,-4142622,164263176,76391,-142964,-11788,61,ee58fe00,0.0,0.0,0.0,0.0,0.0,0.0
2026-05-25 09:59:54.568523,1779717594.568523,2882584,-4142622,164263176,76391,-142964,-11788,61,ee58fe00,0.0,0.0,0.0,0.0,0.0,0.0
2026-05-25 09:59:54.575544,1779717594.575544,3015865,-4007217,164264741,131483,-148107,-1663,61,ee58fe00,0.0,0.0,0.0,0.0,0.0,0.0
2026-05-25 09:59:54.584325,1779717594.584325,3015865,-4007217,164264741,131483,-148107,-1663,61,ee58fe00,0.0,0.0,0.0,0.0,0.0,0.0
2026-05-25 09:59:54.591894,1779717594.591894,3003423,-3823748,164237853,139541,-77640,-4267,61,ee58fe00,0.0,0.0,0.0,0.0,0.0,0.0
2026-05-25 09:59:54.605130,1779717594.605130,3003423,-3823748,164237853,139541,-77640,-4267,61,ee58fe00,0.0,0.0,0.0,0.0,0.0,0.0
2026-05-25 09:59:54.615958,1779717594.615958,2776769,-3699181,164357237,128823,-77301,-2277,61,ee58fe00,0.0,0.0,0.0,0.0,0.0,0.0
2026-05-25 09:59:54.628850,1779717594.628850,2776769,-3699181,164357237,128823,-77301,-2277,61,ee58fe00,0.0,0.0,0.0,0.0,0.0,0.0
2026-05-25 09:59:54.640680,1779717594.640680,2647128,-3596485,164369379,110945,-121349,-3089,61,ee58fe00,0.0,0.0,0.0,0.0,0.0,0.0
2026-05-25 09:59:54.654303,1779717594.654303,2647128,-3596485,164369379,110945,-121349,-3089,61,ee58fe00,0.0,0.0,0.0,0.0,0.0,0.0
2026-05-25 09:59:54.661257,1779717594.661257,2676084,-3566426,164464964,84962,-149534,-5775,61,ee58fe00,0.0,0.0,0.0,0.0,0.0,0.0
2026-05-25 09:59:54.673705,1779717594.673705,2676084,-3566426,164464964,84962,-149534,-5775,61,ee58fe00,0.0,0.0,0.0,0.0,0.0,0.0
2026-05-25 09:59:54.688363,1779717594.688363,2833684,-3518538,164414892,115700,-204116,-14865,61,ee58fe00,0.0,0.0,0.0,0.0,0.0,0.0
2026-05-25 09:59:54.706098,1779717594.706098,2833684,-3518538,164414892,115700,-204116,-14865,61,ee58fe00,0.0,0.0,0.0,0.0,0.0,0.0
2026-05-25 09:59:54.719123,1779717594.719123,3131041,-3491496,164280899,90356,-144250,-13928,61,ee58fe00,0.0,0.0,0.0,0.0,0.0,0.0
2026-05-25 09:59:54.735435,1779717594.735435,3131041,-3491496,164280899,90356,-144250,-13928,61,ee58fe00,0.0,0.0,0.0,0.0,0.0,0.0
2026-05-25 09:59:54.748726,1779717594.748726,3324406,-3508451,164146611,68821,-57978,-33296,61,ee58fe00,0.0,0.0,0.0,0.0,0.0,0.0
2026-05-25 09:59:54.765891,1779717594.765891,3324406,-3508451,164146611,68821,-57978,-33296,61,ee58fe00,0.0,0.0,0.0,0.0,0.0,0.0
2026-05-25 09:59:54.780334,1779717594.780334,3459249,-3581155,164056356,32400,74103,-16471,61,ee58fe00,0.0,0.0,0.0,0.0,0.0,0.0
2026-05-25 09:59:54.797528,1779717594.797528,3459249,-3581155,164056356,32400,74103,-16471,61,ee58fe00,0.0,0.0,0.0,0.0,0.0,0.0
2026-05-25 09:59:54.807832,1779717594.807832,3457321,-3653763,164028677,-15841,229469,-24164,61,ee58fe00,0.0,0.0,0.0,0.0,0.0,0.0
2026-05-25 09:59:54.824566,1779717594.824566,3457321,-3653763,164028677,-15841,229469,-24164,61,ee58fe00,0.0,0.0,0.0,0.0,0.0,0.0
2026-05-25 09:59:54.836774,1779717594.836774,3272068,-3775596,164118827,-34987,371714,-15815,61,ee58fe00,0.0,0.0,0.0,0.0,0.0,0.0
2026-05-25 09:59:54.850780,1779717594.850780,3272068,-3775596,164118827,-34987,371714,-15815,61,ee58fe00,0.0,0.0,0.0,0.0,0.0,0.0
2026-05-25 09:59:54.860233,1779717594.860233,3058642,-3891644,164245703,-46487,465590,-2269,61,ee58fe00,0.0,0.0,0.0,0.0,0.0,0.0
2026-05-25 09:59:54.870655,1779717594.870655,3058642,-3891644,164245703,-46487,465590,-2269,61,ee58fe00,0.0,0.0,0.0,0.0,0.0,0.0
2026-05-25 09:59:54.882147,1779717594.882147,2743876,-4036537,164408869,-45994,489822,6333,61,ee58fe00,0.0,0.0,0.0,0.0,0.0,0.0
2026-05-25 09:59:54.891414,1779717594.891414,2743876,-4036537,164408869,-45994,489822,6333,61,ee58fe00,0.0,0.0,0.0,0.0,0.0,0.0
2026-05-25 09:59:54.899361,1779717594.899361,2419501,-4109425,164515615,-18508,408809,17306,61,ee58fe00,0.0,0.0,0.0,0.0,0.0,0.0
2026-05-25 09:59:54.910890,1779717594.910890,2419501,-4109425,164515615,-18508,408809,17306,61,ee58fe00,0.0,0.0,0.0,0.0,0.0,0.0
2026-05-25 09:59:54.918551,1779717594.918551,2163580,-4049688,164594954,14881,284138,8604,61,ee58fe00,0.0,0.0,0.0,0.0,0.0,0.0
2026-05-25 09:59:54.926648,1779717594.926648,2163580,-4049688,164594954,14881,284138,8604,61,ee58fe00,0.0,0.0,0.0,0.0,0.0,0.0
2026-05-25 09:59:54.933990,1779717594.933990,2014879,-3908961,164703944,31193,157758,-7505,61,ee58fe00,0.0,0.0,0.0,0.0,0.0,0.0
2026-05-25 09:59:54.943143,1779717594.943143,2014879,-3908961,164703944,31193,157758,-7505,61,ee58fe00,0.0,0.0,0.0,0.0,0.0,0.0
2026-05-25 09:59:54.953723,1779717594.953723,2099953,-3736191,164701073,48100,-5140,-22850,61,ee58fe00,0.0,0.0,0.0,0.0,0.0,0.0
2026-05-25 09:59:54.962681,1779717594.962681,2099953,-3736191,164701073,48100,-5140,-22850,61,ee58fe00,0.0,0.0,0.0,0.0,0.0,0.0
2026-05-25 09:59:54.970253,1779717594.970253,2373977,-3550270,164610833,54634,-93857,-37470,61,ee58fe00,0.0,0.0,0.0,0.0,0.0,0.0
2026-05-25 09:59:54.979360,1779717594.979360,2373977,-3550270,164610833,54634,-93857,-37470,61,ee58fe00,0.0,0.0,0.0,0.0,0.0,0.0
2026-05-25 09:59:54.986816,1779717594.986816,2712286,-3409076,164460062,63748,-167371,-35401,61,ee58fe00,0.0,0.0,0.0,0.0,0.0,0.0
2026-05-25 09:59:54.995769,1779717594.995769,2712286,-3409076,164460062,63748,-167371,-35401,61,ee58fe00,0.0,0.0,0.0,0.0,0.0,0.0
2026-05-25 09:59:55.003084,1779717595.003084,2894509,-3402543,164304838,72135,-144978,-30626,61,ee58fe00,0.0,0.0,0.0,0.0,0.0,0.0
2026-05-25 09:59:55.016754,1779717595.016754,2894509,-3402543,164304838,72135,-144978,-30626,61,ee58fe00,0.0,0.0,0.0,0.0,0.0,0.0
2026-05-25 09:59:55.024774,1779717595.024774,2866497,-3508000,164324821,72265,-133207,-20006,61,ee58fe00,0.0,0.0,0.0,0.0,0.0,0.0
2026-05-25 09:59:55.035052,1779717595.035052,2866497,-3508000,164324821,72265,-133207,-20006,61,ee58fe00,0.0,0.0,0.0,0.0,0.0,0.0
2026-05-25 09:59:55.041884,1779717595.041884,2761118,-3719985,164368050,38223,-99482,-19940,61,ee58fe00,0.0,0.0,0.0,0.0,0.0,0.0
2026-05-25 09:59:55.050760,1779717595.050760,2761118,-3719985,164368050,38223,-99482,-19940,61,ee58fe00,0.0,0.0,0.0,0.0,0.0,0.0
2026-05-25 09:59:55.057377,1779717595.057377,2664188,-3980469,164437692,2126,-126646,-34916,61,ee58fe00,0.0,0.0,0.0,0.0,0.0,0.0
2026-05-25 09:59:55.066396,1779717595.066396,2664188,-3980469,164437692,2126,-126646,-34916,61,ee58fe00,0.0,0.0,0.0,0.0,0.0,0.0
2026-05-25 09:59:55.073597,1779717595.073597,2780142,-4159832,164403938,-32966,-142968,-63913,61,ee58fe00,0.0,0.0,0.0,0.0,0.0,0.0
2026-05-25 09:59:55.082667,1779717595.082667,2780142,-4159832,164403938,-32966,-142968,-63913,61,ee58fe00,0.0,0.0,0.0,0.0,0.0,0.0
2026-05-25 09:59:55.091995,1779717595.091995,2964910,-4202334,164355557,-14715,-131540,-68975,61,ee58fe00,0.0,0.0,0.0,0.0,0.0,0.0
2026-05-25 09:59:55.101694,1779717595.101694,2964910,-4202334,164355557,-14715,-131540,-68975,61,ee58fe00,0.0,0.0,0.0,0.0,0.0,0.0
2026-05-25 09:59:55.109797,1779717595.109797,3222268,-4123445,164224375,25681,-71853,-58062,61,ee58fe00,0.0,0.0,0.0,0.0,0.0,0.0
2026-05-25 09:59:55.119089,1779717595.119089,3222268,-4123445,164224375,25681,-71853,-58062,61,ee58fe00,0.0,0.0,0.0,0.0,0.0,0.0
2026-05-25 09:59:55.126830,1779717595.126830,3316554,-3936825,164197437,56988,24332,-14206,61,ee58fe00,0.0,0.0,0.0,0.0,0.0,0.0
2026-05-25 09:59:55.135759,1779717595.135759,3316554,-3936825,164197437,56988,24332,-14206,61,ee58fe00,0.0,0.0,0.0,0.0,0.0,0.0
2026-05-25 09:59:55.142974,1779717595.142974,3377763,-3745097,164132360,66792,147700,23199,61,ee58fe00,0.0,0.0,0.0,0.0,0.0,0.0
2026-05-25 09:59:55.151085,1779717595.151085,3377763,-3745097,164132360,66792,147700,23199,61,ee58fe00,0.0,0.0,0.0,0.0,0.0,0.0
2026-05-25 09:59:55.159131,1779717595.159131,3271596,-3563362,164190361,25303,247748,33492,61,ee58fe00,0.0,0.0,0.0,0.0,0.0,0.0
2026-05-25 09:59:55.167697,1779717595.167697,3271596,-3563362,164190361,25303,247748,33492,61,ee58fe00,0.0,0.0,0.0,0.0,0.0,0.0
2026-05-25 09:59:55.175329,1779717595.175329,3120081,-3480495,164269954,20231,298647,21274,61,ee58fe00,0.0,0.0,0.0,0.0,0.0,0.0
2026-05-25 09:59:55.184298,1779717595.184298,3120081,-3480495,164269954,20231,298647,21274,61,ee58fe00,0.0,0.0,0.0,0.0,0.0,0.0
2026-05-25 09:59:55.192709,1779717595.192709,2946355,-3460260,164363319,4420,307063,-3369,61,ee58fe00,0.0,0.0,0.0,0.0,0.0,0.0
2026-05-25 09:59:55.202722,1779717595.202722,2946355,-3460260,164363319,4420,307063,-3369,61,ee58fe00,0.0,0.0,0.0,0.0,0.0,0.0
2026-05-25 09:59:55.209518,1779717595.209518,2776086,-3514458,164381635,-24217,302441,637,61,ee58fe00,0.0,0.0,0.0,0.0,0.0,0.0
2026-05-25 09:59:55.218661,1779717595.218661,2776086,-3514458,164381635,-24217,302441,637,61,ee58fe00,0.0,0.0,0.0,0.0,0.0,0.0
2026-05-25 09:59:55.226690,1779717595.226690,2635876,-3580563,164440849,-40800,291795,1186,61,ee58fe00,0.0,0.0,0.0,0.0,0.0,0.0
2026-05-25 09:59:55.235438,1779717595.235438,2635876,-3580563,164440849,-40800,291795,1186,61,ee58fe00,0.0,0.0,0.0,0.0,0.0,0.0
2026-05-25 09:59:55.242118,1779717595.242118,2541690,-3670257,164500531,-40440,271998,31126,61,ee58fe00,0.0,0.0,0.0,0.0,0.0,0.0
2026-05-25 09:59:55.250611,1779717595.250611,2541690,-3670257,164500531,-40440,271998,31126,61,ee58fe00,0.0,0.0,0.0,0.0,0.0,0.0
2026-05-25 09:59:55.257579,1779717595.257579,2474337,-3785921,164562277,-2997,196375,30385,61,ee58fe00,0.0,0.0,0.0,0.0,0.0,0.0
2026-05-25 09:59:55.266406,1779717595.266406,2474337,-3785921,164562277,-2997,196375,30385,61,ee58fe00,0.0,0.0,0.0,0.0,0.0,0.0
2026-05-25 09:59:55.273803,1779717595.273803,2391443,-3915885,164585505,14449,116190,39061,61,ee58fe00,0.0,0.0,0.0,0.0,0.0,0.0
2026-05-25 09:59:55.287348,1779717595.287348,2391443,-3915885,164585505,14449,116190,39061,61,ee58fe00,0.0,0.0,0.0,0.0,0.0,0.0
2026-05-25 09:59:55.295399,1779717595.295399,2351306,-4098975,164602650,28393,29949,3247,61,ee58fe00,0.0,0.0,0.0,0.0,0.0,0.0
2026-05-25 09:59:55.305005,1779717595.305005,2351306,-4098975,164602650,28393,29949,3247,61,ee58fe00,0.0,0.0,0.0,0.0,0.0,0.0
2026-05-25 09:59:55.311579,1779717595.311579,2454970,-4196439,164606435,80360,-88440,-18165,61,ee58fe00,0.0,0.0,0.0,0.0,0.0,0.0
2026-05-25 09:59:55.319590,1779717595.319590,2454970,-4196439,164606435,80360,-88440,-18165,61,ee58fe00,0.0,0.0,0.0,0.0,0.0,0.0
2026-05-25 09:59:55.326187,1779717595.326187,2597867,-4182912,164447672,121129,-173026,-38225,61,ee58fe00,0.0,0.0,0.0,0.0,0.0,0.0
2026-05-25 09:59:55.335674,1779717595.335674,2597867,-4182912,164447672,121129,-173026,-38225,61,ee58fe00,0.0,0.0,0.0,0.0,0.0,0.0
2026-05-25 09:59:55.342229,1779717595.342229,2788653,-4012056,164318262,136949,-221005,-24489,61,ee58fe00,0.0,0.0,0.0,0.0,0.0,0.0
2026-05-25 09:59:55.350051,1779717595.350051,2788653,-4012056,164318262,136949,-221005,-24489,61,ee58fe00,0.0,0.0,0.0,0.0,0.0,0.0
2026-05-25 09:59:55.359985,1779717595.359985,2872446,-3926209,164219555,152439,-221804,-2422,61,ee58fe00,0.0,0.0,0.0,0.0,0.0,0.0
2026-05-25 09:59:55.367944,1779717595.367944,2872446,-3926209,164219555,152439,-221804,-2422,61,ee58fe00,0.0,0.0,0.0,0.0,0.0,0.0
2026-05-25 09:59:55.374558,1779717595.374558,2951433,-3779666,164263755,158463,-174691,-17379,61,ee58fe00,0.0,0.0,0.0,0.0,0.0,0.0
2026-05-25 09:59:55.384251,1779717595.384251,2951433,-3779666,164263755,158463,-174691,-17379,61,ee58fe00,0.0,0.0,0.0,0.0,0.0,0.0
2026-05-25 09:59:55.391597,1779717595.391597,2979357,-3643708,164274887,160180,-153198,-26747,61,ee58fe00,0.0,0.0,0.0,0.0,0.0,0.0
2026-05-25 09:59:55.401511,1779717595.401511,2979357,-3643708,164274887,160180,-153198,-26747,61,ee58fe00,0.0,0.0,0.0,0.0,0.0,0.0
2026-05-25 09:59:55.408264,1779717595.408264,3034673,-3453270,164232629,112565,-108619,-32709,61,ee58fe00,0.0,0.0,0.0,0.0,0.0,0.0
2026-05-25 09:59:55.416074,1779717595.416074,3034673,-3453270,164232629,112565,-108619,-32709,61,ee58fe00,0.0,0.0,0.0,0.0,0.0,0.0
2026-05-25 09:59:55.423007,1779717595.423007,3075008,-3359930,164218319,72806,-71903,-29290,61,ee58fe00,0.0,0.0,0.0,0.0,0.0,0.0
2026-05-25 09:59:55.431941,1779717595.431941,3075008,-3359930,164218319,72806,-71903,-29290,61,ee58fe00,0.0,0.0,0.0,0.0,0.0,0.0
2026-05-25 09:59:55.438831,1779717595.438831,3147868,-3381711,164167304,38190,5383,-19953,61,ee58fe00,0.0,0.0,0.0,0.0,0.0,0.0
2026-05-25 09:59:55.448995,1779717595.448995,3147868,-3381711,164167304,38190,5383,-19953,61,ee58fe00,0.0,0.0,0.0,0.0,0.0,0.0
2026-05-25 09:59:55.455934,1779717595.455934,3201603,-3508920,164171041,183,123140,-15853,61,ee58fe00,0.0,0.0,0.0,0.0,0.0,0.0
2026-05-25 09:59:55.464176,1779717595.464176,3201603,-3508920,164171041,183,123140,-15853,61,ee58fe00,0.0,0.0,0.0,0.0,0.0,0.0
2026-05-25 09:59:55.473627,1779717595.473627,3149530,-3691934,164173471,-27872,213558,-7273,61,ee58fe00,0.0,0.0,0.0,0.0,0.0,0.0
2026-05-25 09:59:55.484558,1779717595.484558,3149530,-3691934,164173471,-27872,213558,-7273,61,ee58fe00,0.0,0.0,0.0,0.0,0.0,0.0
2026-05-25 09:59:55.491911,1779717595.491911,3033450,-3905640,164244303,-19676,287405,24230,61,ee58fe00,0.0,0.0,0.0,0.0,0.0,0.0
2026-05-25 09:59:55.498871,1779717595.498871,3033450,-3905640,164244303,-19676,287405,24230,61,ee58fe00,0.0,0.0,0.0,0.0,0.0,0.0
2026-05-25 09:59:55.509743,1779717595.509743,2907630,-4048054,164300042,2008,352846,25481,61,ee58fe00,0.0,0.0,0.0,0.0,0.0,0.0
2026-05-25 09:59:55.520003,1779717595.520003,2907630,-4048054,164300042,2008,352846,25481,61,ee58fe00,0.0,0.0,0.0,0.0,0.0,0.0
2026-05-25 09:59:55.527685,1779717595.527685,2722302,-4128090,164411811,51391,375965,21968,61,ee58fe00,0.0,0.0,0.0,0.0,0.0,0.0
2026-05-25 09:59:55.536932,1779717595.536932,2722302,-4128090,164411811,51391,375965,21968,61,ee58fe00,0.0,0.0,0.0,0.0,0.0,0.0
2026-05-25 09:59:55.544377,1779717595.544377,2645649,-4067564,164429608,53947,364729,3333,61,ee58fe00,0.0,0.0,0.0,0.0,0.0,0.0
2026-05-25 09:59:55.553897,1779717595.553897,2645649,-4067564,164429608,53947,364729,3333,61,ee58fe00,0.0,0.0,0.0,0.0,0.0,0.0
2026-05-25 09:59:55.561554,1779717595.561554,2555448,-3959022,164460839,50080,308350,7079,61,ee58fe00,0.0,0.0,0.0,0.0,0.0,0.0
2026-05-25 09:59:55.570781,1779717595.570781,2555448,-3959022,164460839,50080,308350,7079,61,ee58fe00,0.0,0.0,0.0,0.0,0.0,0.0
2026-05-25 09:59:55.578371,1779717595.578371,2533879,-3837969,164447405,53222,227857,-7192,61,ee58fe00,0.0,0.0,0.0,0.0,0.0,0.0
2026-05-25 09:59:55.588194,1779717595.588194,2533879,-3837969,164447405,53222,227857,-7192,61,ee58fe00,0.0,0.0,0.0,0.0,0.0,0.0
2026-05-25 09:59:55.597475,1779717595.597475,2469556,-3701618,164442236,63400,160760,-14578,61,ee58fe00,0.0,0.0,0.0,0.0,0.0,0.0
2026-05-25 09:59:55.608754,1779717595.608754,2469556,-3701618,164442236,63400,160760,-14578,61,ee58fe00,0.0,0.0,0.0,0.0,0.0,0.0
2026-05-25 09:59:55.614335,1779717595.614335,2462710,-3629788,164469459,59742,95764,-15735,61,ee58fe00,0.0,0.0,0.0,0.0,0.0,0.0
2026-05-25 09:59:55.619801,1779717595.619801,2462710,-3629788,164469459,59742,95764,-15735,61,ee58fe00,0.0,0.0,0.0,0.0,0.0,0.0
2026-05-25 09:59:55.624420,1779717595.624420,2446460,-3624726,164485332,48453,17495,-10949,61,ee58fe00,0.0,0.0,0.0,0.0,0.0,0.0
2026-05-25 09:59:55.633967,1779717595.633967,2446460,-3624726,164485332,48453,17495,-10949,61,ee58fe00,0.0,0.0,0.0,0.0,0.0,0.0
2026-05-25 09:59:55.641927,1779717595.641927,2501154,-3690040,164497698,34499,-22017,-13973,61,ee58fe00,0.0,0.0,0.0,0.0,0.0,0.0
2026-05-25 09:59:55.647865,1779717595.647865,2501154,-3690040,164497698,34499,-22017,-13973,61,ee58fe00,0.0,0.0,0.0,0.0,0.0,0.0
2026-05-25 09:59:55.652546,1779717595.652546,2567809,-3689668,164508872,49108,-99686,-24891,61,ee58fe00,0.0,0.0,0.0,0.0,0.0,0.0
2026-05-25 09:59:55.659958,1779717595.659958,2567809,-3689668,164508872,49108,-99686,-24891,61,ee58fe00,0.0,0.0,0.0,0.0,0.0,0.0
2026-05-25 09:59:55.667508,1779717595.667508,2659624,-3720404,164403641,64367,-144147,-36617,61,ee58fe00,0.0,0.0,0.0,0.0,0.0,0.0
2026-05-25 09:59:55.675153,1779717595.675153,2659624,-3720404,164403641,64367,-144147,-36617,61,ee58fe00,0.0,0.0,0.0,0.0,0.0,0.0
2026-05-25 09:59:55.680903,1779717595.680903,2750941,-3776426,164347456,51249,-150982,-36083,61,ee58fe00,0.0,0.0,0.0,0.0,0.0,0.0
2026-05-25 09:59:55.688748,1779717595.688748,2750941,-3776426,164347456,51249,-150982,-36083,61,ee58fe00,0.0,0.0,0.0,0.0,0.0,0.0
2026-05-25 09:59:55.694892,1779717595.694892,2880463,-3823446,164293345,54997,-137396,-37251,61,ee58fe00,0.0,0.0,0.0,0.0,0.0,0.0
2026-05-25 09:59:55.705490,1779717595.705490,2880463,-3823446,164293345,54997,-137396,-37251,61,ee58fe00,0.0,0.0,0.0,0.0,0.0,0.0
2026-05-25 09:59:55.712247,1779717595.712247,3002242,-3892329,164267786,53937,-93101,-27203,61,ee58fe00,0.0,0.0,0.0,0.0,0.0,0.0
2026-05-25 09:59:55.719946,1779717595.719946,3002242,-3892329,164267786,53937,-93101,-27203,61,ee58fe00,0.0,0.0,0.0,0.0,0.0,0.0
2026-05-25 09:59:55.726763,1779717595.726763,3103760,-3880929,164265777,79331,-62307,-14957,61,ee58fe00,0.0,0.0,0.0,0.0,0.0,0.0
2026-05-25 09:59:55.733065,1779717595.733065,3103760,-3880929,164265777,79331,-62307,-14957,61,ee58fe00,0.0,0.0,0.0,0.0,0.0,0.0
2026-05-25 09:59:55.739966,1779717595.739966,3152653,-3864092,164246017,86508,-15303,11726,61,ee58fe00,0.0,0.0,0.0,0.0,0.0,0.0
2026-05-25 09:59:55.749790,1779717595.749790,3152653,-3864092,164246017,86508,-15303,11726,61,ee58fe00,0.0,0.0,0.0,0.0,0.0,0.0
2026-05-25 09:59:55.756817,1779717595.756817,3103468,-3742923,164252263,80933,61179,-3756,61,ee58fe00,0.0,0.0,0.0,0.0,0.0,0.0
2026-05-25 09:59:55.765707,1779717595.765707,3103468,-3742923,164252263,80933,61179,-3756,61,ee58fe00,0.0,0.0,0.0,0.0,0.0,0.0
2026-05-25 09:59:55.772220,1779717595.772220,2987895,-3679701,164237204,38415,114891,-388,61,ee58fe00,0.0,0.0,0.0,0.0,0.0,0.0
2026-05-25 09:59:55.780744,1779717595.780744,2987895,-3679701,164237204,38415,114891,-388,61,ee58fe00,0.0,0.0,0.0,0.0,0.0,0.0
2026-05-25 09:59:55.789381,1779717595.789381,2897241,-3562298,164229632,12125,170121,-15734,61,ee58fe00,0.0,0.0,0.0,0.0,0.0,0.0
2026-05-25 09:59:55.797979,1779717595.797979,2897241,-3562298,164229632,12125,170121,-15734,61,ee58fe00,0.0,0.0,0.0,0.0,0.0,0.0
2026-05-25 09:59:55.807005,1779717595.807005,2870827,-3535746,164223056,-16327,203017,3292,61,ee58fe00,0.0,0.0,0.0,0.0,0.0,0.0
2026-05-25 09:59:55.816681,1779717595.816681,2870827,-3535746,164223056,-16327,203017,3292,61,ee58fe00,0.0,0.0,0.0,0.0,0.0,0.0
2026-05-25 09:59:55.824101,1779717595.824101,2882154,-3524576,164247062,-26539,242709,10646,61,ee58fe00,0.0,0.0,0.0,0.0,0.0,0.0
2026-05-25 09:59:55.832411,1779717595.832411,2882154,-3524576,164247062,-26539,242709,10646,61,ee58fe00,0.0,0.0,0.0,0.0,0.0,0.0
2026-05-25 09:59:55.838692,1779717595.838692,2860004,-3570753,164288167,-46346,283040,7669,61,ee58fe00,0.0,0.0,0.0,0.0,0.0,0.0
2026-05-25 09:59:55.846734,1779717595.846734,2860004,-3570753,164288167,-46346,283040,7669,61,ee58fe00,0.0,0.0,0.0,0.0,0.0,0.0
2026-05-25 09:59:55.851697,1779717595.851697,2735244,-3652193,164397367,-29333,309197,18434,61,ee58fe00,0.0,0.0,0.0,0.0,0.0,0.0
2026-05-25 09:59:55.857668,1779717595.857668,2735244,-3652193,164397367,-29333,309197,18434,61,ee58fe00,0.0,0.0,0.0,0.0,0.0,0.0
2026-05-25 09:59:55.862704,1779717595.862704,2597624,-3736537,164516894,-237,262903,16991,61,ee58fe00,0.0,0.0,0.0,0.0,0.0,0.0
2026-05-25 09:59:55.868723,1779717595.868723,2597624,-3736537,164516894,-237,262903,16991,61,ee58fe00,0.0,0.0,0.0,0.0,0.0,0.0
2026-05-25 09:59:55.873658,1779717595.873658,2430965,-3896039,164596608,14627,195214,17431,61,ee58fe00,0.0,0.0,0.0,0.0,0.0,0.0
2026-05-25 09:59:55.879788,1779717595.879788,2430965,-3896039,164596608,14627,195214,17431,61,ee58fe00,0.0,0.0,0.0,0.0,0.0,0.0
2026-05-25 09:59:55.885409,1779717595.885409,2367329,-4001232,164615273,25718,83972,-2196,61,ee57fe00,0.0,0.0,0.0,0.0,0.0,0.0
2026-05-25 09:59:55.892713,1779717595.892713,2367329,-4001232,164615273,25718,83972,-2196,61,ee57fe00,0.0,0.0,0.0,0.0,0.0,0.0
2026-05-25 09:59:55.899418,1779717595.899418,2405495,-4090844,164559052,67698,-5231,-20934,61,ee58fe00,0.0,0.0,0.0,0.0,0.0,0.0
2026-05-25 09:59:55.906685,1779717595.906685,2405495,-4090844,164559052,67698,-5231,-20934,61,ee58fe00,0.0,0.0,0.0,0.0,0.0,0.0
2026-05-25 09:59:55.911807,1779717595.911807,2533760,-4088039,164531841,117765,-75781,-20077,61,ee58fe00,0.0,0.0,0.0,0.0,0.0,0.0
2026-05-25 09:59:55.918467,1779717595.918467,2533760,-4088039,164531841,117765,-75781,-20077,61,ee58fe00,0.0,0.0,0.0,0.0,0.0,0.0
2026-05-25 09:59:55.924608,1779717595.924608,2689261,-4016646,164412948,144468,-132761,-32621,61,ee58fe00,0.0,0.0,0.0,0.0,0.0,0.0
2026-05-25 09:59:55.930795,1779717595.930795,2689261,-4016646,164412948,144468,-132761,-32621,61,ee58fe00,0.0,0.0,0.0,0.0,0.0,0.0
2026-05-25 09:59:55.939291,1779717595.939291,2783827,-3880473,164335569,149362,-143097,-44624,61,ee58fe00,0.0,0.0,0.0,0.0,0.0,0.0
2026-05-25 09:59:55.950546,1779717595.950546,2783827,-3880473,164335569,149362,-143097,-44624,61,ee58fe00,0.0,0.0,0.0,0.0,0.0,0.0
2026-05-25 09:59:55.959460,1779717595.959460,2802985,-3728414,164278399,121798,-157290,-45615,61,ee58fe00,0.0,0.0,0.0,0.0,0.0,0.0
2026-05-25 09:59:55.969514,1779717595.969514,2802985,-3728414,164278399,121798,-157290,-45615,61,ee58fe00,0.0,0.0,0.0,0.0,0.0,0.0
2026-05-25 09:59:55.975930,1779717595.975930,2838510,-3566101,164274513,135132,-155473,-41595,61,ee58fe00,0.0,0.0,0.0,0.0,0.0,0.0
2026-05-25 09:59:55.982299,1779717595.982299,2838510,-3566101,164274513,135132,-155473,-41595,61,ee58fe00,0.0,0.0,0.0,0.0,0.0,0.0
2026-05-25 09:59:55.991438,1779717595.991438,2826594,-3477561,164297034,98632,-149900,-24930,61,ee58fe00,0.0,0.0,0.0,0.0,0.0,0.0
2026-05-25 09:59:55.999241,1779717595.999241,2826594,-3477561,164297034,98632,-149900,-24930,61,ee58fe00,0.0,0.0,0.0,0.0,0.0,0.0
2026-05-25 09:59:56.004924,1779717596.004924,2879305,-3480393,164294250,69903,-129864,-37892,61,ee58fe00,0.0,0.0,0.0,0.0,0.0,0.0
2026-05-25 09:59:56.015323,1779717596.015323,2879305,-3480393,164294250,69903,-129864,-37892,61,ee58fe00,0.0,0.0,0.0,0.0,0.0,0.0
2026-05-25 09:59:56.021053,1779717596.021053,2923378,-3501473,164303497,42116,-92210,-29057,61,ee58fe00,0.0,0.0,0.0,0.0,0.0,0.0
2026-05-25 09:59:56.032640,1779717596.032640,2923378,-3501473,164303497,42116,-92210,-29057,61,ee58fe00,0.0,0.0,0.0,0.0,0.0,0.0
2026-05-25 09:59:56.043076,1779717596.043076,3031244,-3579541,164283503,47739,-38306,-17972,61,ee58fe00,0.0,0.0,0.0,0.0,0.0,0.0
2026-05-25 09:59:56.056571,1779717596.056571,3031244,-3579541,164283503,47739,-38306,-17972,61,ee58fe00,0.0,0.0,0.0,0.0,0.0,0.0
2026-05-25 09:59:56.067586,1779717596.067586,3071739,-3621369,164265430,43535,12077,3552,61,ee58fe00,0.0,0.0,0.0,0.0,0.0,0.0
2026-05-25 09:59:56.080401,1779717596.080401,3071739,-3621369,164265430,43535,12077,3552,61,ee58fe00,0.0,0.0,0.0,0.0,0.0,0.0
2026-05-25 09:59:56.088131,1779717596.088131,3108850,-3707031,164235020,70286,90930,974,61,ee58fe00,0.0,0.0,0.0,0.0,0.0,0.0
2026-05-25 09:59:56.097825,1779717596.097825,3108850,-3707031,164235020,70286,90930,974,61,ee58fe00,0.0,0.0,0.0,0.0,0.0,0.0
2026-05-25 09:59:56.105491,1779717596.105491,3051479,-3748401,164253275,53247,131556,-6884,61,ee58fe00,0.0,0.0,0.0,0.0,0.0,0.0
2026-05-25 09:59:56.121786,1779717596.121786,3051479,-3748401,164253275,53247,131556,-6884,61,ee58fe00,0.0,0.0,0.0,0.0,0.0,0.0
2026-05-25 09:59:56.132414,1779717596.132414,2965913,-3792883,164285444,41488,170989,-26476,61,ee58fe00,0.0,0.0,0.0,0.0,0.0,0.0
2026-05-25 09:59:56.145408,1779717596.145408,2965913,-3792883,164285444,41488,170989,-26476,61,ee58fe00,0.0,0.0,0.0,0.0,0.0,0.0
2026-05-25 09:59:56.155291,1779717596.155291,2894108,-3834229,164334330,16542,210056,-22030,61,ee58fe00,0.0,0.0,0.0,0.0,0.0,0.0
2026-05-25 09:59:56.191097,1779717596.191097,2894108,-3834229,164334330,16542,210056,-22030,61,ee58fe00,0.0,0.0,0.0,0.0,0.0,0.0
2026-05-25 09:59:56.206915,1779717596.206915,2771022,-3860055,164389023,19446,233425,-22115,61,ee58fe00,0.0,0.0,0.0,0.0,0.0,0.0
2026-05-25 09:59:56.214088,1779717596.214088,2771022,-3860055,164389023,19446,233425,-22115,61,ee58fe00,0.0,0.0,0.0,0.0,0.0,0.0
2026-05-25 09:59:56.221582,1779717596.221582,2684029,-3856793,164393740,51845,224599,6388,61,ee58fe00,0.0,0.0,0.0,0.0,0.0,0.0
2026-05-25 09:59:56.229088,1779717596.229088,2684029,-3856793,164393740,51845,224599,6388,61,ee58fe00,0.0,0.0,0.0,0.0,0.0,0.0
2026-05-25 09:59:56.235282,1779717596.235282,2556963,-3799600,164457127,62304,216645,18187,61,ee58fe00,0.0,0.0,0.0,0.0,0.0,0.0
2026-05-25 09:59:56.241863,1779717596.241863,2556963,-3799600,164457127,62304,216645,18187,61,ee58fe00,0.0,0.0,0.0,0.0,0.0,0.0
2026-05-25 09:59:56.249061,1779717596.249061,2489999,-3770166,164493346,88123,164625,-369,61,ee58fe00,0.0,0.0,0.0,0.0,0.0,0.0
2026-05-25 09:59:56.256446,1779717596.256446,2489999,-3770166,164493346,88123,164625,-369,61,ee58fe00,0.0,0.0,0.0,0.0,0.0,0.0
2026-05-25 09:59:56.261981,1779717596.261981,2473165,-3743051,164514023,76872,105794,-16258,61,ee58fe00,0.0,0.0,0.0,0.0,0.0,0.0
2026-05-25 09:59:56.269824,1779717596.269824,2473165,-3743051,164514023,76872,105794,-16258,61,ee58fe00,0.0,0.0,0.0,0.0,0.0,0.0
2026-05-25 09:59:56.276808,1779717596.276808,2557408,-3761255,164496017,115912,36145,-22303,61,ee58fe00,0.0,0.0,0.0,0.0,0.0,0.0
2026-05-25 09:59:56.286167,1779717596.286167,2557408,-3761255,164496017,115912,36145,-22303,61,ee58fe00,0.0,0.0,0.0,0.0,0.0,0.0
2026-05-25 09:59:56.294435,1779717596.294435,2631643,-3758730,164436024,118934,-45187,-30460,61,ee58fe00,0.0,0.0,0.0,0.0,0.0,0.0
2026-05-25 09:59:56.300851,1779717596.300851,2631643,-3758730,164436024,118934,-45187,-30460,61,ee58fe00,0.0,0.0,0.0,0.0,0.0,0.0
2026-05-25 09:59:56.307049,1779717596.307049,2742269,-3759580,164418665,109567,-60939,-30628,61,ee58fe00,0.0,0.0,0.0,0.0,0.0,0.0
2026-05-25 09:59:56.312535,1779717596.312535,2742269,-3759580,164418665,109567,-60939,-30628,61,ee58fe00,0.0,0.0,0.0,0.0,0.0,0.0
2026-05-25 09:59:56.317183,1779717596.317183,2804413,-3820862,164350850,86632,-108036,-33647,61,ee57fe00,0.0,0.0,0.0,0.0,0.0,0.0
2026-05-25 09:59:56.323505,1779717596.323505,2804413,-3820862,164350850,86632,-108036,-33647,61,ee57fe00,0.0,0.0,0.0,0.0,0.0,0.0
2026-05-25 09:59:56.328895,1779717596.328895,2867794,-3812942,164293678,86840,-95464,-30236,61,ee57fe00,0.0,0.0,0.0,0.0,0.0,0.0
2026-05-25 09:59:56.336975,1779717596.336975,2867794,-3812942,164293678,86840,-95464,-30236,61,ee57fe00,0.0,0.0,0.0,0.0,0.0,0.0
2026-05-25 09:59:56.343118,1779717596.343118,2897815,-3817305,164321066,88573,-97175,-34034,61,ee57fe00,0.0,0.0,0.0,0.0,0.0,0.0
2026-05-25 09:59:56.350276,1779717596.350276,2897815,-3817305,164321066,88573,-97175,-34034,61,ee57fe00,0.0,0.0,0.0,0.0,0.0,0.0
2026-05-25 09:59:56.356757,1779717596.356757,2929642,-3777641,164326987,62203,-73467,-36058,61,ee57fe00,0.0,0.0,0.0,0.0,0.0,0.0
2026-05-25 09:59:56.363555,1779717596.363555,2929642,-3777641,164326987,62203,-73467,-36058,61,ee57fe00,0.0,0.0,0.0,0.0,0.0,0.0
2026-05-25 09:59:56.369597,1779717596.369597,2958660,-3775585,164320078,56904,-46586,-22950,61,ee58fe00,0.0,0.0,0.0,0.0,0.0,0.0
2026-05-25 09:59:56.377860,1779717596.377860,2958660,-3775585,164320078,56904,-46586,-22950,61,ee58fe00,0.0,0.0,0.0,0.0,0.0,0.0
2026-05-25 09:59:56.383574,1779717596.383574,3028941,-3775531,164282141,49341,-4927,-7665,61,ee57fe00,0.0,0.0,0.0,0.0,0.0,0.0
2026-05-25 09:59:56.391360,1779717596.391360,3028941,-3775531,164282141,49341,-4927,-7665,61,ee57fe00,0.0,0.0,0.0,0.0,0.0,0.0
2026-05-25 09:59:56.397054,1779717596.397054,3031973,-3741987,164224331,60639,61461,-1974,61,ee57fe00,0.0,0.0,0.0,0.0,0.0,0.0
2026-05-25 09:59:56.408496,1779717596.408496,3031973,-3741987,164224331,60639,61461,-1974,61,ee57fe00,0.0,0.0,0.0,0.0,0.0,0.0
2026-05-25 09:59:56.417531,1779717596.417531,3064186,-3668828,164187984,41943,99215,5476,61,ee57fe00,0.0,0.0,0.0,0.0,0.0,0.0
2026-05-25 09:59:56.428985,1779717596.428985,3064186,-3668828,164187984,41943,99215,5476,61,ee57fe00,0.0,0.0,0.0,0.0,0.0,0.0
2026-05-25 09:59:56.438275,1779717596.438275,3034503,-3589735,164197555,9619,144190,-1959,61,ee58fe00,0.0,0.0,0.0,0.0,0.0,0.0
2026-05-25 09:59:56.449545,1779717596.449545,3034503,-3589735,164197555,9619,144190,-1959,61,ee58fe00,0.0,0.0,0.0,0.0,0.0,0.0
2026-05-25 09:59:56.457070,1779717596.457070,2985278,-3561879,164266242,17498,200269,17185,61,ee58fe00,0.0,0.0,0.0,0.0,0.0,0.0
2026-05-25 09:59:56.466449,1779717596.466449,2985278,-3561879,164266242,17498,200269,17185,61,ee58fe00,0.0,0.0,0.0,0.0,0.0,0.0
2026-05-25 09:59:56.476167,1779717596.476167,2942399,-3623639,164344244,17545,240559,12716,61,ee58fe00,0.0,0.0,0.0,0.0,0.0,0.0
2026-05-25 09:59:56.488011,1779717596.488011,2942399,-3623639,164344244,17545,240559,12716,61,ee58fe00,0.0,0.0,0.0,0.0,0.0,0.0
2026-05-25 09:59:56.496505,1779717596.496505,2802630,-3708794,164416194,12143,263252,14050,61,ee58fe00,0.0,0.0,0.0,0.0,0.0,0.0
2026-05-25 09:59:56.507081,1779717596.507081,2802630,-3708794,164416194,12143,263252,14050,61,ee58fe00,0.0,0.0,0.0,0.0,0.0,0.0
2026-05-25 09:59:56.515591,1779717596.515591,2711810,-3839566,164453489,8596,237116,8483,61,ee58fe00,0.0,0.0,0.0,0.0,0.0,0.0
2026-05-25 09:59:56.526499,1779717596.526499,2711810,-3839566,164453489,8596,237116,8483,61,ee58fe00,0.0,0.0,0.0,0.0,0.0,0.0
2026-05-25 09:59:56.536245,1779717596.536245,2622168,-3931644,164490348,15745,210329,-9705,61,ee58fe00,0.0,0.0,0.0,0.0,0.0,0.0
2026-05-25 09:59:56.547456,1779717596.547456,2622168,-3931644,164490348,15745,210329,-9705,61,ee58fe00,0.0,0.0,0.0,0.0,0.0,0.0
2026-05-25 09:59:56.557189,1779717596.557189,2600640,-3983809,164516912,36956,141126,-6584,61,ee58fe00,0.0,0.0,0.0,0.0,0.0,0.0
2026-05-25 09:59:56.569376,1779717596.569376,2600640,-3983809,164516912,36956,141126,-6584,61,ee58fe00,0.0,0.0,0.0,0.0,0.0,0.0
2026-05-25 09:59:56.578248,1779717596.578248,2649524,-3974476,164507657,41257,109338,-9243,61,ee57fe00,0.0,0.0,0.0,0.0,0.0,0.0
2026-05-25 09:59:56.589028,1779717596.589028,2649524,-3974476,164507657,41257,109338,-9243,61,ee57fe00,0.0,0.0,0.0,0.0,0.0,0.0
2026-05-25 09:59:56.597753,1779717596.597753,2621525,-3941222,164516381,83476,28035,-14119,61,ee57fe00,0.0,0.0,0.0,0.0,0.0,0.0
2026-05-25 09:59:56.608623,1779717596.608623,2621525,-3941222,164516381,83476,28035,-14119,61,ee57fe00,0.0,0.0,0.0,0.0,0.0,0.0
2026-05-25 09:59:56.615824,1779717596.615824,2646062,-3893223,164458986,89318,3924,-28374,61,ee57fe00,0.0,0.0,0.0,0.0,0.0,0.0
2026-05-25 09:59:56.626811,1779717596.626811,2646062,-3893223,164458986,89318,3924,-28374,61,ee57fe00,0.0,0.0,0.0,0.0,0.0,0.0
2026-05-25 09:59:56.634960,1779717596.634960,2600469,-3873371,164453000,104983,-70793,-26997,61,ee57fe00,0.0,0.0,0.0,0.0,0.0,0.0
2026-05-25 09:59:56.645561,1779717596.645561,2600469,-3873371,164453000,104983,-70793,-26997,61,ee57fe00,0.0,0.0,0.0,0.0,0.0,0.0
2026-05-25 09:59:56.654688,1779717596.654688,2618745,-3816588,164388893,101780,-105260,-37496,61,ee57fe00,0.0,0.0,0.0,0.0,0.0,0.0
2026-05-25 09:59:56.664868,1779717596.664868,2618745,-3816588,164388893,101780,-105260,-37496,61,ee57fe00,0.0,0.0,0.0,0.0,0.0,0.0
2026-05-25 09:59:56.672771,1779717596.672771,2706323,-3760670,164378023,88373,-117802,-27272,61,ee57fe00,0.0,0.0,0.0,0.0,0.0,0.0
2026-05-25 09:59:56.681763,1779717596.681763,2706323,-3760670,164378023,88373,-117802,-27272,61,ee57fe00,0.0,0.0,0.0,0.0,0.0,0.0
2026-05-25 09:59:56.689669,1779717596.689669,2791132,-3726133,164320291,97713,-137596,-24863,61,ee57fe00,0.0,0.0,0.0,0.0,0.0,0.0
2026-05-25 09:59:56.698901,1779717596.698901,2791132,-3726133,164320291,97713,-137596,-24863,61,ee57fe00,0.0,0.0,0.0,0.0,0.0,0.0
2026-05-25 09:59:56.707507,1779717596.707507,2963462,-3689084,164257349,96148,-102502,-25203,61,ee58fe00,0.0,0.0,0.0,0.0,0.0,0.0
2026-05-25 09:59:56.718665,1779717596.718665,2963462,-3689084,164257349,96148,-102502,-25203,61,ee58fe00,0.0,0.0,0.0,0.0,0.0,0.0
2026-05-25 09:59:56.727164,1779717596.727164,2967796,-3673273,164252847,110786,-76222,-24505,61,ee57fe00,0.0,0.0,0.0,0.0,0.0,0.0
2026-05-25 09:59:56.737885,1779717596.737885,2967796,-3673273,164252847,110786,-76222,-24505,61,ee57fe00,0.0,0.0,0.0,0.0,0.0,0.0
2026-05-25 09:59:56.745243,1779717596.745243,2944051,-3666953,164214661,120080,-24412,-3801,61,ee57fe00,0.0,0.0,0.0,0.0,0.0,0.0
2026-05-25 09:59:56.752569,1779717596.752569,2944051,-3666953,164214661,120080,-24412,-3801,61,ee57fe00,0.0,0.0,0.0,0.0,0.0,0.0
2026-05-25 09:59:56.759691,1779717596.759691,2888430,-3694855,164253720,98328,28705,26061,61,ee57fe00,0.0,0.0,0.0,0.0,0.0,0.0
2026-05-25 09:59:56.768094,1779717596.768094,2888430,-3694855,164253720,98328,28705,26061,61,ee57fe00,0.0,0.0,0.0,0.0,0.0,0.0
2026-05-25 09:59:56.777792,1779717596.777792,2819929,-3740293,164302582,86233,46561,11251,61,ee58fe00,0.0,0.0,0.0,0.0,0.0,0.0
2026-05-25 09:59:56.787818,1779717596.787818,2819929,-3740293,164302582,86233,46561,11251,61,ee58fe00,0.0,0.0,0.0,0.0,0.0,0.0
2026-05-25 09:59:56.796095,1779717596.796095,2865092,-3784682,164309025,53858,60733,-23158,61,ee57fe00,0.0,0.0,0.0,0.0,0.0,0.0
2026-05-25 09:59:56.806878,1779717596.806878,2865092,-3784682,164309025,53858,60733,-23158,61,ee57fe00,0.0,0.0,0.0,0.0,0.0,0.0
2026-05-25 09:59:56.816846,1779717596.816846,2942506,-3764259,164346982,29677,88218,-44527,61,ee57fe00,0.0,0.0,0.0,0.0,0.0,0.0
2026-05-25 09:59:56.826911,1779717596.826911,2942506,-3764259,164346982,29677,88218,-44527,61,ee57fe00,0.0,0.0,0.0,0.0,0.0,0.0
2026-05-25 09:59:56.835281,1779717596.835281,3017579,-3717134,164293582,26181,107774,-31259,61,ee58fe00,0.0,0.0,0.0,0.0,0.0,0.0
2026-05-25 09:59:56.847631,1779717596.847631,3017579,-3717134,164293582,26181,107774,-31259,61,ee58fe00,0.0,0.0,0.0,0.0,0.0,0.0
2026-05-25 09:59:56.858112,1779717596.858112,3013920,-3691412,164316694,18790,171052,-14388,61,ee58fe00,0.0,0.0,0.0,0.0,0.0,0.0
2026-05-25 09:59:56.867665,1779717596.867665,3013920,-3691412,164316694,18790,171052,-14388,61,ee58fe00,0.0,0.0,0.0,0.0,0.0,0.0
2026-05-25 09:59:56.876828,1779717596.876828,2858100,-3723085,164388577,24433,191026,13333,61,ee58fe00,0.0,0.0,0.0,0.0,0.0,0.0
2026-05-25 09:59:56.888170,1779717596.888170,2858100,-3723085,164388577,24433,191026,13333,61,ee58fe00,0.0,0.0,0.0,0.0,0.0,0.0
2026-05-25 09:59:56.896639,1779717596.896639,2706021,-3767326,164465927,26642,215955,-8908,61,ee58fe00,0.0,0.0,0.0,0.0,0.0,0.0
2026-05-25 09:59:56.907156,1779717596.907156,2706021,-3767326,164465927,26642,215955,-8908,61,ee58fe00,0.0,0.0,0.0,0.0,0.0,0.0
2026-05-25 09:59:56.915982,1779717596.915982,2500198,-3761704,164503828,35731,173293,-30605,61,ee58fe00,0.0,0.0,0.0,0.0,0.0,0.0
2026-05-25 09:59:56.925450,1779717596.925450,2500198,-3761704,164503828,35731,173293,-30605,61,ee58fe00,0.0,0.0,0.0,0.0,0.0,0.0
2026-05-25 09:59:56.932716,1779717596.932716,2457054,-3801035,164507734,35235,122791,-64236,61,ee57fe00,0.0,0.0,0.0,0.0,0.0,0.0
2026-05-25 09:59:56.942071,1779717596.942071,2457054,-3801035,164507734,35235,122791,-64236,61,ee57fe00,0.0,0.0,0.0,0.0,0.0,0.0
2026-05-25 09:59:56.946631,1779717596.946631,2509307,-3838629,164470573,21134,34206,-51599,61,ee58fe00,0.0,0.0,0.0,0.0,0.0,0.0
2026-05-25 09:59:56.952516,1779717596.952516,2509307,-3838629,164470573,21134,34206,-51599,61,ee58fe00,0.0,0.0,0.0,0.0,0.0,0.0
2026-05-25 09:59:56.958028,1779717596.958028,2650543,-3849405,164436507,16754,-4851,-25640,61,ee58fe00,0.0,0.0,0.0,0.0,0.0,0.0
2026-05-25 09:59:56.964273,1779717596.964273,2650543,-3849405,164436507,16754,-4851,-25640,61,ee58fe00,0.0,0.0,0.0,0.0,0.0,0.0
2026-05-25 09:59:56.969576,1779717596.969576,2753621,-3880435,164378054,21308,-52451,8676,61,ee58fe00,0.0,0.0,0.0,0.0,0.0,0.0
2026-05-25 09:59:56.975071,1779717596.975071,2753621,-3880435,164378054,21308,-52451,8676,61,ee58fe00,0.0,0.0,0.0,0.0,0.0,0.0
2026-05-25 09:59:56.979534,1779717596.979534,2783848,-3835205,164365960,53802,-42912,33078,61,ee58fe00,0.0,0.0,0.0,0.0,0.0,0.0
2026-05-25 09:59:56.986149,1779717596.986149,2783848,-3835205,164365960,53802,-42912,33078,61,ee58fe00,0.0,0.0,0.0,0.0,0.0,0.0
2026-05-25 09:59:56.994859,1779717596.994859,2802595,-3813712,164360893,83350,-55261,14699,61,ee58fe00,0.0,0.0,0.0,0.0,0.0,0.0
2026-05-25 09:59:57.002646,1779717597.002646,2802595,-3813712,164360893,83350,-55261,14699,61,ee58fe00,0.0,0.0,0.0,0.0,0.0,0.0
2026-05-25 09:59:57.007805,1779717597.007805,2794394,-3807781,164346419,80980,-31222,13942,61,ee58fe00,0.0,0.0,0.0,0.0,0.0,0.0
2026-05-25 09:59:57.013882,1779717597.013882,2794394,-3807781,164346419,80980,-31222,13942,61,ee58fe00,0.0,0.0,0.0,0.0,0.0,0.0
2026-05-25 09:59:57.018014,1779717597.018014,2838684,-3763584,164330994,85066,-34975,-1034,61,ee58fe00,0.0,0.0,0.0,0.0,0.0,0.0
2026-05-25 09:59:57.023667,1779717597.023667,2838684,-3763584,164330994,85066,-34975,-1034,61,ee58fe00,0.0,0.0,0.0,0.0,0.0,0.0
2026-05-25 09:59:57.030316,1779717597.030316,2844192,-3743459,164312968,76960,-928,-6206,61,ee57fe00,0.0,0.0,0.0,0.0,0.0,0.0
2026-05-25 09:59:57.035616,1779717597.035616,2844192,-3743459,164312968,76960,-928,-6206,61,ee57fe00,0.0,0.0,0.0,0.0,0.0,0.0
2026-05-25 09:59:57.040489,1779717597.040489,2947238,-3657878,164317354,81088,-500,-15938,61,ee58fe00,0.0,0.0,0.0,0.0,0.0,0.0
2026-05-25 09:59:57.046136,1779717597.046136,2947238,-3657878,164317354,81088,-500,-15938,61,ee58fe00,0.0,0.0,0.0,0.0,0.0,0.0
2026-05-25 09:59:57.054051,1779717597.054051,3003711,-3644760,164328858,83401,39417,-24221,61,ee58fe00,0.0,0.0,0.0,0.0,0.0,0.0
2026-05-25 09:59:57.065032,1779717597.065032,3003711,-3644760,164328858,83401,39417,-24221,61,ee58fe00,0.0,0.0,0.0,0.0,0.0,0.0
2026-05-25 09:59:57.073844,1779717597.073844,3018976,-3635363,164335809,81976,57427,-19459,61,ee58fe00,0.0,0.0,0.0,0.0,0.0,0.0
2026-05-25 09:59:57.084765,1779717597.084765,3018976,-3635363,164335809,81976,57427,-19459,61,ee58fe00,0.0,0.0,0.0,0.0,0.0,0.0
2026-05-25 09:59:57.093821,1779717597.093821,3005707,-3635336,164348151,52376,122334,-17076,61,ee58fe00,0.0,0.0,0.0,0.0,0.0,0.0
2026-05-25 09:59:57.104859,1779717597.104859,3005707,-3635336,164348151,52376,122334,-17076,61,ee58fe00,0.0,0.0,0.0,0.0,0.0,0.0
2026-05-25 09:59:57.113892,1779717597.113892,2924279,-3660288,164375579,31348,135306,-10748,61,ee58fe00,0.0,0.0,0.0,0.0,0.0,0.0
2026-05-25 09:59:57.122806,1779717597.122806,2924279,-3660288,164375579,31348,135306,-10748,61,ee58fe00,0.0,0.0,0.0,0.0,0.0,0.0
2026-05-25 09:59:57.130108,1779717597.130108,2876092,-3682502,164364516,-21899,158894,-8747,61,ee58fe00,0.0,0.0,0.0,0.0,0.0,0.0
2026-05-25 09:59:57.143724,1779717597.143724,2876092,-3682502,164364516,-21899,158894,-8747,61,ee58fe00,0.0,0.0,0.0,0.0,0.0,0.0
2026-05-25 09:59:57.155494,1779717597.155494,2809016,-3720584,164401111,-6312,179485,-18736,61,ee58fe00,0.0,0.0,0.0,0.0,0.0,0.0
2026-05-25 09:59:57.171092,1779717597.171092,2809016,-3720584,164401111,-6312,179485,-18736,61,ee58fe00,0.0,0.0,0.0,0.0,0.0,0.0
2026-05-25 09:59:57.184725,1779717597.184725,2789995,-3789180,164416357,13915,195032,-12067,61,ee57fe00,0.0,0.0,0.0,0.0,0.0,0.0
2026-05-25 09:59:57.196533,1779717597.196533,2789995,-3789180,164416357,13915,195032,-12067,61,ee57fe00,0.0,0.0,0.0,0.0,0.0,0.0
2026-05-25 09:59:57.203709,1779717597.203709,2774570,-3873212,164382967,36678,209318,-3443,61,ee57fe00,0.0,0.0,0.0,0.0,0.0,0.0
2026-05-25 09:59:57.214049,1779717597.214049,2774570,-3873212,164382967,36678,209318,-3443,61,ee57fe00,0.0,0.0,0.0,0.0,0.0,0.0
2026-05-25 09:59:57.224568,1779717597.224568,2676920,-3899676,164431014,36868,157574,-2154,61,ee58fe00,0.0,0.0,0.0,0.0,0.0,0.0
2026-05-25 09:59:57.237631,1779717597.237631,2676920,-3899676,164431014,36868,157574,-2154,61,ee58fe00,0.0,0.0,0.0,0.0,0.0,0.0
2026-05-25 09:59:57.248726,1779717597.248726,2589282,-3898343,164483069,42163,124317,-1157,61,ee58fe00,0.0,0.0,0.0,0.0,0.0,0.0
2026-05-25 09:59:57.258023,1779717597.258023,2589282,-3898343,164483069,42163,124317,-1157,61,ee58fe00,0.0,0.0,0.0,0.0,0.0,0.0
2026-05-25 09:59:57.266805,1779717597.266805,2566577,-3846642,164567443,58866,61924,-11881,61,ee58fe00,0.0,0.0,0.0,0.0,0.0,0.0
2026-05-25 09:59:57.278122,1779717597.278122,2566577,-3846642,164567443,58866,61924,-11881,61,ee58fe00,0.0,0.0,0.0,0.0,0.0,0.0
2026-05-25 09:59:57.285083,1779717597.285083,2576205,-3800562,164507367,96265,28172,-9247,61,ee58fe00,0.0,0.0,0.0,0.0,0.0,0.0
2026-05-25 09:59:57.292506,1779717597.292506,2576205,-3800562,164507367,96265,28172,-9247,61,ee58fe00,0.0,0.0,0.0,0.0,0.0,0.0
2026-05-25 09:59:57.298640,1779717597.298640,2693680,-3769635,164442693,68225,-6349,-11859,61,ee57fe00,0.0,0.0,0.0,0.0,0.0,0.0
2026-05-25 09:59:57.306745,1779717597.306745,2693680,-3769635,164442693,68225,-6349,-11859,61,ee57fe00,0.0,0.0,0.0,0.0,0.0,0.0
2026-05-25 09:59:57.312042,1779717597.312042,2761302,-3750313,164394790,83305,-21669,-29936,61,ee58fe00,0.0,0.0,0.0,0.0,0.0,0.0
2026-05-25 09:59:57.318499,1779717597.318499,2761302,-3750313,164394790,83305,-21669,-29936,61,ee58fe00,0.0,0.0,0.0,0.0,0.0,0.0
2026-05-25 09:59:57.323609,1779717597.323609,2839433,-3746872,164345799,77059,-29578,-39476,61,ee58fe00,0.0,0.0,0.0,0.0,0.0,0.0
2026-05-25 09:59:57.329776,1779717597.329776,2839433,-3746872,164345799,77059,-29578,-39476,61,ee58fe00,0.0,0.0,0.0,0.0,0.0,0.0
2026-05-25 09:59:57.335017,1779717597.335017,2829447,-3737313,164350378,51390,-15289,-47798,61,ee58fe00,0.0,0.0,0.0,0.0,0.0,0.0
2026-05-25 09:59:57.341961,1779717597.341961,2829447,-3737313,164350378,51390,-15289,-47798,61,ee58fe00,0.0,0.0,0.0,0.0,0.0,0.0
2026-05-25 09:59:57.347161,1779717597.347161,2840782,-3695866,164317335,34242,-11751,-35749,61,ee58fe00,0.0,0.0,0.0,0.0,0.0,0.0
2026-05-25 09:59:57.352601,1779717597.352601,2840782,-3695866,164317335,34242,-11751,-35749,61,ee58fe00,0.0,0.0,0.0,0.0,0.0,0.0
2026-05-25 09:59:57.357566,1779717597.357566,2899562,-3685905,164307781,12098,16795,-21175,61,ee58fe00,0.0,0.0,0.0,0.0,0.0,0.0
2026-05-25 09:59:57.363793,1779717597.363793,2899562,-3685905,164307781,12098,16795,-21175,61,ee58fe00,0.0,0.0,0.0,0.0,0.0,0.0
2026-05-25 09:59:57.368737,1779717597.368737,2975309,-3699211,164263529,19934,29489,-34365,61,ee58fe00,0.0,0.0,0.0,0.0,0.0,0.0
2026-05-25 09:59:57.374533,1779717597.374533,2975309,-3699211,164263529,19934,29489,-34365,61,ee58fe00,0.0,0.0,0.0,0.0,0.0,0.0
2026-05-25 09:59:57.378806,1779717597.378806,2955284,-3765720,164237961,47341,70711,-19839,61,ee58fe00,0.0,0.0,0.0,0.0,0.0,0.0
2026-05-25 09:59:57.383967,1779717597.383967,2955284,-3765720,164237961,47341,70711,-19839,61,ee58fe00,0.0,0.0,0.0,0.0,0.0,0.0
2026-05-25 09:59:57.389401,1779717597.389401,2873641,-3782017,164231592,57634,89236,-23662,61,ee58fe00,0.0,0.0,0.0,0.0,0.0,0.0
2026-05-25 09:59:57.396571,1779717597.396571,2873641,-3782017,164231592,57634,89236,-23662,61,ee58fe00,0.0,0.0,0.0,0.0,0.0,0.0
2026-05-25 09:59:57.401899,1779717597.401899,2791881,-3795474,164272568,67805,113067,-11750,61,ee58fe00,0.0,0.0,0.0,0.0,0.0,0.0
2026-05-25 09:59:57.408601,1779717597.408601,2791881,-3795474,164272568,67805,113067,-11750,61,ee58fe00,0.0,0.0,0.0,0.0,0.0,0.0
2026-05-25 09:59:57.413606,1779717597.413606,2752189,-3812646,164311814,59944,125639,2405,61,ee58fe00,0.0,0.0,0.0,0.0,0.0,0.0
2026-05-25 09:59:57.419631,1779717597.419631,2752189,-3812646,164311814,59944,125639,2405,61,ee58fe00,0.0,0.0,0.0,0.0,0.0,0.0
2026-05-25 09:59:57.424663,1779717597.424663,2745091,-3801216,164368978,69754,124501,22616,61,ee57fe00,0.0,0.0,0.0,0.0,0.0,0.0
2026-05-25 09:59:57.430741,1779717597.430741,2745091,-3801216,164368978,69754,124501,22616,61,ee57fe00,0.0,0.0,0.0,0.0,0.0,0.0
2026-05-25 09:59:57.435125,1779717597.435125,2809634,-3829281,164378609,67062,121603,10152,61,ee57fe00,0.0,0.0,0.0,0.0,0.0,0.0
2026-05-25 09:59:57.441373,1779717597.441373,2809634,-3829281,164378609,67062,121603,10152,61,ee57fe00,0.0,0.0,0.0,0.0,0.0,0.0
2026-05-25 09:59:57.446917,1779717597.446917,2861886,-3767958,164399742,62577,110161,-17838,61,ee57fe00,0.0,0.0,0.0,0.0,0.0,0.0
2026-05-25 09:59:57.453465,1779717597.453465,2861886,-3767958,164399742,62577,110161,-17838,61,ee57fe00,0.0,0.0,0.0,0.0,0.0,0.0
2026-05-25 09:59:57.458849,1779717597.458849,2991553,-3742228,164340257,36318,85023,-41199,61,ee58fe00,0.0,0.0,0.0,0.0,0.0,0.0
2026-05-25 09:59:57.465849,1779717597.465849,2991553,-3742228,164340257,36318,85023,-41199,61,ee58fe00,0.0,0.0,0.0,0.0,0.0,0.0
2026-05-25 09:59:57.471552,1779717597.471552,2951540,-3689705,164316269,12453,115196,-33385,61,ee57fe00,0.0,0.0,0.0,0.0,0.0,0.0
2026-05-25 09:59:57.480758,1779717597.480758,2951540,-3689705,164316269,12453,115196,-33385,61,ee57fe00,0.0,0.0,0.0,0.0,0.0,0.0
2026-05-25 09:59:57.485397,1779717597.485397,2859358,-3689852,164369096,30231,122537,-1330,61,ee57fe00,0.0,0.0,0.0,0.0,0.0,0.0
2026-05-25 09:59:57.492672,1779717597.492672,2859358,-3689852,164369096,30231,122537,-1330,61,ee57fe00,0.0,0.0,0.0,0.0,0.0,0.0
2026-05-25 09:59:57.499715,1779717597.499715,2699765,-3773828,164420112,19792,133697,10592,61,ee57fe00,0.0,0.0,0.0,0.0,0.0,0.0
2026-05-25 09:59:57.506812,1779717597.506812,2699765,-3773828,164420112,19792,133697,10592,61,ee57fe00,0.0,0.0,0.0,0.0,0.0,0.0
2026-05-25 09:59:57.512279,1779717597.512279,2541131,-3785923,164572195,36325,101302,30214,61,ee57fe00,0.0,0.0,0.0,0.0,0.0,0.0
2026-05-25 09:59:57.518867,1779717597.518867,2541131,-3785923,164572195,36325,101302,30214,61,ee57fe00,0.0,0.0,0.0,0.0,0.0,0.0
2026-05-25 09:59:57.524272,1779717597.524272,2490709,-3879345,164554247,49737,36849,-5669,61,ee57fe00,0.0,0.0,0.0,0.0,0.0,0.0
2026-05-25 09:59:57.533077,1779717597.533077,2490709,-3879345,164554247,49737,36849,-5669,61,ee57fe00,0.0,0.0,0.0,0.0,0.0,0.0
2026-05-25 09:59:57.540028,1779717597.540028,2499005,-3927568,164552861,42116,-36143,-36267,61,ee57fe00,0.0,0.0,0.0,0.0,0.0,0.0
2026-05-25 09:59:57.546942,1779717597.546942,2499005,-3927568,164552861,42116,-36143,-36267,61,ee57fe00,0.0,0.0,0.0,0.0,0.0,0.0
2026-05-25 09:59:57.552602,1779717597.552602,2644345,-3986870,164463830,35475,-101659,-68345,61,ee58fe00,0.0,0.0,0.0,0.0,0.0,0.0
2026-05-25 09:59:57.559669,1779717597.559669,2644345,-3986870,164463830,35475,-101659,-68345,61,ee58fe00,0.0,0.0,0.0,0.0,0.0,0.0
2026-05-25 09:59:57.565687,1779717597.565687,2845749,-3951940,164312818,49226,-124496,-59837,61,ee58fe00,0.0,0.0,0.0,0.0,0.0,0.0
2026-05-25 09:59:57.572921,1779717597.572921,2845749,-3951940,164312818,49226,-124496,-59837,61,ee58fe00,0.0,0.0,0.0,0.0,0.0,0.0
2026-05-25 09:59:57.579125,1779717597.579125,2994107,-3865162,164278397,82205,-107832,-37426,61,ee58fe00,0.0,0.0,0.0,0.0,0.0,0.0
2026-05-25 09:59:57.585554,1779717597.585554,2994107,-3865162,164278397,82205,-107832,-37426,61,ee58fe00,0.0,0.0,0.0,0.0,0.0,0.0
2026-05-25 09:59:57.590424,1779717597.590424,3093506,-3800856,164228158,110227,-74676,-23869,61,ee58fe00,0.0,0.0,0.0,0.0,0.0,0.0
2026-05-25 09:59:57.596128,1779717597.596128,3093506,-3800856,164228158,110227,-74676,-23869,61,ee58fe00,0.0,0.0,0.0,0.0,0.0,0.0
2026-05-25 09:59:57.600937,1779717597.600937,3098246,-3715835,164280892,102104,-9755,-12052,61,ee58fe00,0.0,0.0,0.0,0.0,0.0,0.0
2026-05-25 09:59:57.607557,1779717597.607557,3098246,-3715835,164280892,102104,-9755,-12052,61,ee58fe00,0.0,0.0,0.0,0.0,0.0,0.0
2026-05-25 09:59:57.612913,1779717597.612913,3009037,-3667937,164289712,82783,30436,-15056,61,ee58fe00,0.0,0.0,0.0,0.0,0.0,0.0
2026-05-25 09:59:57.618420,1779717597.618420,3009037,-3667937,164289712,82783,30436,-15056,61,ee58fe00,0.0,0.0,0.0,0.0,0.0,0.0
2026-05-25 09:59:57.622818,1779717597.622818,2919078,-3587436,164310370,69470,97261,-14775,61,ee57fe00,0.0,0.0,0.0,0.0,0.0,0.0
2026-05-25 09:59:57.629435,1779717597.629435,2919078,-3587436,164310370,69470,97261,-14775,61,ee57fe00,0.0,0.0,0.0,0.0,0.0,0.0
2026-05-25 09:59:57.633781,1779717597.633781,2843461,-3552820,164292796,63500,109654,-19267,61,ee58fe00,0.0,0.0,0.0,0.0,0.0,0.0
2026-05-25 09:59:57.639968,1779717597.639968,2843461,-3552820,164292796,63500,109654,-19267,61,ee58fe00,0.0,0.0,0.0,0.0,0.0,0.0
2026-05-25 09:59:57.648241,1779717597.648241,2822689,-3540480,164300441,25806,114831,-20959,61,ee58fe00,0.0,0.0,0.0,0.0,0.0,0.0
2026-05-25 09:59:57.655593,1779717597.655593,2822689,-3540480,164300441,25806,114831,-20959,61,ee58fe00,0.0,0.0,0.0,0.0,0.0,0.0
2026-05-25 09:59:57.664579,1779717597.664579,2852790,-3644726,164292824,-4790,118759,-23723,61,ee58fe00,0.0,0.0,0.0,0.0,0.0,0.0
2026-05-25 09:59:57.675749,1779717597.675749,2852790,-3644726,164292824,-4790,118759,-23723,61,ee58fe00,0.0,0.0,0.0,0.0,0.0,0.0
2026-05-25 09:59:57.680812,1779717597.680812,2863995,-3707323,164325959,-19489,141522,-7154,61,ee58fe00,0.0,0.0,0.0,0.0,0.0,0.0
2026-05-25 09:59:57.686124,1779717597.686124,2863995,-3707323,164325959,-19489,141522,-7154,61,ee58fe00,0.0,0.0,0.0,0.0,0.0,0.0
2026-05-25 09:59:57.691695,1779717597.691695,2868545,-3868717,164355687,10099,150298,11772,61,ee58fe00,0.0,0.0,0.0,0.0,0.0,0.0
2026-05-25 09:59:57.698800,1779717597.698800,2868545,-3868717,164355687,10099,150298,11772,61,ee58fe00,0.0,0.0,0.0,0.0,0.0,0.0
2026-05-25 09:59:57.706981,1779717597.706981,2831716,-3944081,164322674,44586,160371,13799,61,ee58fe00,0.0,0.0,0.0,0.0,0.0,0.0
2026-05-25 09:59:57.715844,1779717597.715844,2831716,-3944081,164322674,44586,160371,13799,61,ee58fe00,0.0,0.0,0.0,0.0,0.0,0.0
2026-05-25 09:59:57.724481,1779717597.724481,2791528,-4018646,164338021,39324,153779,25659,61,ee58fe00,0.0,0.0,0.0,0.0,0.0,0.0
2026-05-25 09:59:57.735166,1779717597.735166,2791528,-4018646,164338021,39324,153779,25659,61,ee58fe00,0.0,0.0,0.0,0.0,0.0,0.0
2026-05-25 09:59:57.743805,1779717597.743805,2767712,-4003255,164341932,32587,152086,10470,61,ee58fe00,0.0,0.0,0.0,0.0,0.0,0.0
2026-05-25 09:59:57.782128,1779717597.782128,2767712,-4003255,164341932,32587,152086,10470,61,ee58fe00,0.0,0.0,0.0,0.0,0.0,0.0
2026-05-25 09:59:57.799933,1779717597.799933,2725625,-3961258,164380301,60365,104041,5326,61,ee58fe00,0.0,0.0,0.0,0.0,0.0,0.0
2026-05-25 09:59:57.809795,1779717597.809795,2725625,-3961258,164380301,60365,104041,5326,61,ee58fe00,0.0,0.0,0.0,0.0,0.0,0.0
2026-05-25 09:59:57.815702,1779717597.815702,2653993,-3898694,164461944,84308,55910,3226,61,ee58fe00,0.0,0.0,0.0,0.0,0.0,0.0
2026-05-25 09:59:57.822506,1779717597.822506,2653993,-3898694,164461944,84308,55910,3226,61,ee58fe00,0.0,0.0,0.0,0.0,0.0,0.0
2026-05-25 09:59:57.829306,1779717597.829306,2596210,-3811919,164431350,109997,700,-3191,61,ee58fe00,0.0,0.0,0.0,0.0,0.0,0.0
2026-05-25 09:59:57.837506,1779717597.837506,2596210,-3811919,164431350,109997,700,-3191,61,ee58fe00,0.0,0.0,0.0,0.0,0.0,0.0
2026-05-25 09:59:57.843260,1779717597.843260,2572866,-3704666,164491535,124508,-38789,-1157,61,ee58fe00,0.0,0.0,0.0,0.0,0.0,0.0
2026-05-25 09:59:57.851000,1779717597.851000,2572866,-3704666,164491535,124508,-38789,-1157,61,ee58fe00,0.0,0.0,0.0,0.0,0.0,0.0
2026-05-25 09:59:57.855937,1779717597.855937,2664808,-3636865,164449858,113195,-78554,-12108,61,ee58fe00,0.0,0.0,0.0,0.0,0.0,0.0
2026-05-25 09:59:57.861911,1779717597.861911,2664808,-3636865,164449858,113195,-78554,-12108,61,ee58fe00,0.0,0.0,0.0,0.0,0.0,0.0
2026-05-25 09:59:57.867159,1779717597.867159,2793157,-3523039,164443395,110412,-99651,-28451,61,ee58fe00,0.0,0.0,0.0,0.0,0.0,0.0
2026-05-25 09:59:57.873172,1779717597.873172,2793157,-3523039,164443395,110412,-99651,-28451,61,ee58fe00,0.0,0.0,0.0,0.0,0.0,0.0
2026-05-25 09:59:57.879610,1779717597.879610,2909301,-3530426,164368637,81784,-59715,-22573,61,ee57fe00,0.0,0.0,0.0,0.0,0.0,0.0
2026-05-25 09:59:57.890188,1779717597.890188,2909301,-3530426,164368637,81784,-59715,-22573,61,ee57fe00,0.0,0.0,0.0,0.0,0.0,0.0
2026-05-25 09:59:57.896927,1779717597.896927,2998802,-3543765,164307282,34551,-23820,-25130,61,ee57fe00,0.0,0.0,0.0,0.0,0.0,0.0
2026-05-25 09:59:57.906256,1779717597.906256,2998802,-3543765,164307282,34551,-23820,-25130,61,ee57fe00,0.0,0.0,0.0,0.0,0.0,0.0
2026-05-25 09:59:57.914523,1779717597.914523,3010775,-3696807,164255583,37621,7390,9825,61,ee57fe00,0.0,0.0,0.0,0.0,0.0,0.0
2026-05-25 09:59:57.924839,1779717597.924839,3010775,-3696807,164255583,37621,7390,9825,61,ee57fe00,0.0,0.0,0.0,0.0,0.0,0.0
2026-05-25 09:59:57.933055,1779717597.933055,2986058,-3820793,164258483,43251,31659,21524,61,ee57fe00,0.0,0.0,0.0,0.0,0.0,0.0
2026-05-25 09:59:57.939228,1779717597.939228,2986058,-3820793,164258483,43251,31659,21524,61,ee57fe00,0.0,0.0,0.0,0.0,0.0,0.0
2026-05-25 09:59:57.944343,1779717597.944343,2901862,-3887754,164254538,84908,67182,30873,61,ee57fe00,0.0,0.0,0.0,0.0,0.0,0.0
2026-05-25 09:59:57.950907,1779717597.950907,2901862,-3887754,164254538,84908,67182,30873,61,ee57fe00,0.0,0.0,0.0,0.0,0.0,0.0
2026-05-25 09:59:57.956752,1779717597.956752,2815031,-3968068,164344004,84675,87013,27645,61,ee57fe00,0.0,0.0,0.0,0.0,0.0,0.0
2026-05-25 09:59:57.967457,1779717597.967457,2815031,-3968068,164344004,84675,87013,27645,61,ee57fe00,0.0,0.0,0.0,0.0,0.0,0.0
2026-05-25 09:59:57.975718,1779717597.975718,2795781,-3974588,164369389,68934,89633,21710,61,ee57fe00,0.0,0.0,0.0,0.0,0.0,0.0
2026-05-25 09:59:57.986305,1779717597.986305,2795781,-3974588,164369389,68934,89633,21710,61,ee57fe00,0.0,0.0,0.0,0.0,0.0,0.0
2026-05-25 09:59:57.995437,1779717597.995437,2768598,-3925659,164402185,66388,89554,-4470,61,ee57fe00,0.0,0.0,0.0,0.0,0.0,0.0
2026-05-25 09:59:58.006490,1779717598.006490,2768598,-3925659,164402185,66388,89554,-4470,61,ee57fe00,0.0,0.0,0.0,0.0,0.0,0.0
2026-05-25 09:59:58.016055,1779717598.016055,2851020,-3848428,164327263,62071,86301,7858,61,ee58fe00,0.0,0.0,0.0,0.0,0.0,0.0
2026-05-25 09:59:58.026684,1779717598.026684,2851020,-3848428,164327263,62071,86301,7858,61,ee58fe00,0.0,0.0,0.0,0.0,0.0,0.0
2026-05-25 09:59:58.034840,1779717598.034840,2826796,-3745280,164341360,68093,124281,842,61,ee58fe00,0.0,0.0,0.0,0.0,0.0,0.0
2026-05-25 09:59:58.045364,1779717598.045364,2826796,-3745280,164341360,68093,124281,842,61,ee58fe00,0.0,0.0,0.0,0.0,0.0,0.0
2026-05-25 09:59:58.053352,1779717598.053352,2821906,-3702313,164389557,59113,112980,48325,61,ee58fe00,0.0,0.0,0.0,0.0,0.0,0.0
2026-05-25 09:59:58.062010,1779717598.062010,2821906,-3702313,164389557,59113,112980,48325,61,ee58fe00,0.0,0.0,0.0,0.0,0.0,0.0
2026-05-25 09:59:58.069402,1779717598.069402,2775098,-3656517,164439478,45856,128174,34516,61,ee57fe00,0.0,0.0,0.0,0.0,0.0,0.0
2026-05-25 09:59:58.077602,1779717598.077602,2775098,-3656517,164439478,45856,128174,34516,61,ee57fe00,0.0,0.0,0.0,0.0,0.0,0.0
2026-05-25 09:59:58.085498,1779717598.085498,2724825,-3625121,164438797,33404,96825,10871,61,ee58fe00,0.0,0.0,0.0,0.0,0.0,0.0
2026-05-25 09:59:58.094898,1779717598.094898,2724825,-3625121,164438797,33404,96825,10871,61,ee58fe00,0.0,0.0,0.0,0.0,0.0,0.0
2026-05-25 09:59:58.102285,1779717598.102285,2688512,-3607796,164430753,24077,99340,-12244,61,ee57fe00,0.0,0.0,0.0,0.0,0.0,0.0
2026-05-25 09:59:58.111438,1779717598.111438,2688512,-3607796,164430753,24077,99340,-12244,61,ee57fe00,0.0,0.0,0.0,0.0,0.0,0.0
2026-05-25 09:59:58.118904,1779717598.118904,2637036,-3659680,164438437,1448,62054,-42800,61,ee57fe00,0.0,0.0,0.0,0.0,0.0,0.0
2026-05-25 09:59:58.128299,1779717598.128299,2637036,-3659680,164438437,1448,62054,-42800,61,ee57fe00,0.0,0.0,0.0,0.0,0.0,0.0
2026-05-25 09:59:58.134279,1779717598.134279,2642590,-3723208,164459077,-6370,42213,-42061,61,ee57fe00,0.0,0.0,0.0,0.0,0.0,0.0
2026-05-25 09:59:58.144117,1779717598.144117,2642590,-3723208,164459077,-6370,42213,-42061,61,ee57fe00,0.0,0.0,0.0,0.0,0.0,0.0
2026-05-25 09:59:58.150030,1779717598.150030,2658049,-3789610,164486923,-4463,-9898,-21298,61,ee57fe00,0.0,0.0,0.0,0.0,0.0,0.0
2026-05-25 09:59:58.160665,1779717598.160665,2658049,-3789610,164486923,-4463,-9898,-21298,61,ee57fe00,0.0,0.0,0.0,0.0,0.0,0.0
2026-05-25 09:59:58.170437,1779717598.170437,2722031,-3836007,164441669,3992,-21590,-28487,61,ee57fe00,0.0,0.0,0.0,0.0,0.0,0.0
2026-05-25 09:59:58.181295,1779717598.181295,2722031,-3836007,164441669,3992,-21590,-28487,61,ee57fe00,0.0,0.0,0.0,0.0,0.0,0.0
2026-05-25 09:59:58.189777,1779717598.189777,2766170,-3840807,164440679,22820,-46072,-24617,61,ee58fe00,0.0,0.0,0.0,0.0,0.0,0.0
2026-05-25 09:59:58.200446,1779717598.200446,2766170,-3840807,164440679,22820,-46072,-24617,61,ee58fe00,0.0,0.0,0.0,0.0,0.0,0.0
2026-05-25 09:59:58.207922,1779717598.207922,2786130,-3831772,164404526,44440,-53063,-20089,61,ee58fe00,0.0,0.0,0.0,0.0,0.0,0.0
2026-05-25 09:59:58.218343,1779717598.218343,2786130,-3831772,164404526,44440,-53063,-20089,61,ee58fe00,0.0,0.0,0.0,0.0,0.0,0.0
2026-05-25 09:59:58.224876,1779717598.224876,2822847,-3740885,164320349,56899,-55690,-142,61,ee58fe00,0.0,0.0,0.0,0.0,0.0,0.0
2026-05-25 09:59:58.235391,1779717598.235391,2822847,-3740885,164320349,56899,-55690,-142,61,ee58fe00,0.0,0.0,0.0,0.0,0.0,0.0
2026-05-25 09:59:58.243660,1779717598.243660,2856025,-3702527,164277167,63447,-20453,342,61,ee57fe00,0.0,0.0,0.0,0.0,0.0,0.0
2026-05-25 09:59:58.254154,1779717598.254154,2856025,-3702527,164277167,63447,-20453,342,61,ee57fe00,0.0,0.0,0.0,0.0,0.0,0.0
2026-05-25 09:59:58.263406,1779717598.263406,2936224,-3660884,164206448,58069,11845,6111,61,ee57fe00,0.0,0.0,0.0,0.0,0.0,0.0
2026-05-25 09:59:58.274133,1779717598.274133,2936224,-3660884,164206448,58069,11845,6111,61,ee57fe00,0.0,0.0,0.0,0.0,0.0,0.0
2026-05-25 09:59:58.279005,1779717598.279005,3009567,-3665168,164232608,50620,73371,-511,61,ee57fe00,0.0,0.0,0.0,0.0,0.0,0.0
2026-05-25 09:59:58.286587,1779717598.286587,3009567,-3665168,164232608,50620,73371,-511,61,ee57fe00,0.0,0.0,0.0,0.0,0.0,0.0
2026-05-25 09:59:58.291973,1779717598.291973,3018471,-3654954,164293445,18214,95463,-150,61,ee58fe00,0.0,0.0,0.0,0.0,0.0,0.0
2026-05-25 09:59:58.298760,1779717598.298760,3018471,-3654954,164293445,18214,95463,-150,61,ee58fe00,0.0,0.0,0.0,0.0,0.0,0.0
2026-05-25 09:59:58.303959,1779717598.303959,2922417,-3678810,164321952,-19322,140459,-21419,61,ee58fe00,0.0,0.0,0.0,0.0,0.0,0.0
2026-05-25 09:59:58.309811,1779717598.309811,2922417,-3678810,164321952,-19322,140459,-21419,61,ee58fe00,0.0,0.0,0.0,0.0,0.0,0.0
2026-05-25 09:59:58.314588,1779717598.314588,2863348,-3756441,164312095,-39070,140379,-22899,61,ee58fe00,0.0,0.0,0.0,0.0,0.0,0.0
2026-05-25 09:59:58.321445,1779717598.321445,2863348,-3756441,164312095,-39070,140379,-22899,61,ee58fe00,0.0,0.0,0.0,0.0,0.0,0.0
2026-05-25 09:59:58.326315,1779717598.326315,2894449,-3866350,164276660,-20899,159340,-24932,61,ee58fe00,0.0,0.0,0.0,0.0,0.0,0.0
2026-05-25 09:59:58.331938,1779717598.331938,2894449,-3866350,164276660,-20899,159340,-24932,61,ee58fe00,0.0,0.0,0.0,0.0,0.0,0.0
2026-05-25 09:59:58.337232,1779717598.337232,2929089,-3905430,164288427,10774,184979,-13996,61,ee58fe00,0.0,0.0,0.0,0.0,0.0,0.0
2026-05-25 09:59:58.343613,1779717598.343613,2929089,-3905430,164288427,10774,184979,-13996,61,ee58fe00,0.0,0.0,0.0,0.0,0.0,0.0
2026-05-25 09:59:58.348313,1779717598.348313,2884605,-3907984,164378571,36507,193958,131,61,ee58fe00,0.0,0.0,0.0,0.0,0.0,0.0
2026-05-25 09:59:58.355330,1779717598.355330,2884605,-3907984,164378571,36507,193958,131,61,ee58fe00,0.0,0.0,0.0,0.0,0.0,0.0
2026-05-25 09:59:58.361147,1779717598.361147,2758520,-3858040,164449953,54955,178797,14550,61,ee57fe00,0.0,0.0,0.0,0.0,0.0,0.0
2026-05-25 09:59:58.367194,1779717598.367194,2758520,-3858040,164449953,54955,178797,14550,61,ee57fe00,0.0,0.0,0.0,0.0,0.0,0.0
2026-05-25 09:59:58.372183,1779717598.372183,2687299,-3843247,164491178,47262,139824,18903,61,ee57fe00,0.0,0.0,0.0,0.0,0.0,0.0
2026-05-25 09:59:58.377495,1779717598.377495,2687299,-3843247,164491178,47262,139824,18903,61,ee57fe00,0.0,0.0,0.0,0.0,0.0,0.0
2026-05-25 09:59:58.381734,1779717598.381734,2610121,-3796148,164488914,46785,76893,9846,61,ee58fe00,0.0,0.0,0.0,0.0,0.0,0.0
2026-05-25 09:59:58.387848,1779717598.387848,2610121,-3796148,164488914,46785,76893,9846,61,ee58fe00,0.0,0.0,0.0,0.0,0.0,0.0
2026-05-25 09:59:58.395264,1779717598.395264,2614610,-3696593,164460527,32228,17987,15019,61,ee58fe00,0.0,0.0,0.0,0.0,0.0,0.0
2026-05-25 09:59:58.401733,1779717598.401733,2614610,-3696593,164460527,32228,17987,15019,61,ee58fe00,0.0,0.0,0.0,0.0,0.0,0.0
2026-05-25 09:59:58.406745,1779717598.406745,2647887,-3676016,164412803,18787,-14038,15041,61,ee58fe00,0.0,0.0,0.0,0.0,0.0,0.0
2026-05-25 09:59:58.413182,1779717598.413182,2647887,-3676016,164412803,18787,-14038,15041,61,ee58fe00,0.0,0.0,0.0,0.0,0.0,0.0
2026-05-25 09:59:58.417462,1779717598.417462,2736935,-3658013,164372799,24752,-33877,11438,61,ee57fe00,0.0,0.0,0.0,0.0,0.0,0.0
2026-05-25 09:59:58.422459,1779717598.422459,2736935,-3658013,164372799,24752,-33877,11438,61,ee57fe00,0.0,0.0,0.0,0.0,0.0,0.0
2026-05-25 09:59:58.427295,1779717598.427295,2774213,-3691003,164363274,46486,-32872,-23259,61,ee57fe00,0.0,0.0,0.0,0.0,0.0,0.0
2026-05-25 09:59:58.434120,1779717598.434120,2774213,-3691003,164363274,46486,-32872,-23259,61,ee57fe00,0.0,0.0,0.0,0.0,0.0,0.0
2026-05-25 09:59:58.439313,1779717598.439313,2799614,-3685452,164318819,41653,-67427,-22874,61,ee57fe00,0.0,0.0,0.0,0.0,0.0,0.0
2026-05-25 09:59:58.445490,1779717598.445490,2799614,-3685452,164318819,41653,-67427,-22874,61,ee57fe00,0.0,0.0,0.0,0.0,0.0,0.0
2026-05-25 09:59:58.450329,1779717598.450329,2819406,-3667812,164311487,23539,-66145,-17797,61,ee57fe00,0.0,0.0,0.0,0.0,0.0,0.0
2026-05-25 09:59:58.456575,1779717598.456575,2819406,-3667812,164311487,23539,-66145,-17797,61,ee57fe00,0.0,0.0,0.0,0.0,0.0,0.0
2026-05-25 09:59:58.461715,1779717598.461715,2843335,-3746959,164297939,8726,-79379,-991,61,ee58fe00,0.0,0.0,0.0,0.0,0.0,0.0
2026-05-25 09:59:58.467619,1779717598.467619,2843335,-3746959,164297939,8726,-79379,-991,61,ee58fe00,0.0,0.0,0.0,0.0,0.0,0.0
2026-05-25 09:59:58.472551,1779717598.472551,2876927,-3857458,164295802,-4110,-43949,-14066,61,ee57fe00,0.0,0.0,0.0,0.0,0.0,0.0
2026-05-25 09:59:58.479434,1779717598.479434,2876927,-3857458,164295802,-4110,-43949,-14066,61,ee57fe00,0.0,0.0,0.0,0.0,0.0,0.0
2026-05-25 09:59:58.484458,1779717598.484458,2952704,-3939069,164275466,28408,-15895,-26120,61,ee57fe00,0.0,0.0,0.0,0.0,0.0,0.0
2026-05-25 09:59:58.493390,1779717598.493390,2952704,-3939069,164275466,28408,-15895,-26120,61,ee57fe00,0.0,0.0,0.0,0.0,0.0,0.0
2026-05-25 09:59:58.502380,1779717598.502380,3016580,-3873738,164255220,39936,19372,-7126,61,ee58fe00,0.0,0.0,0.0,0.0,0.0,0.0
2026-05-25 09:59:58.513311,1779717598.513311,3016580,-3873738,164255220,39936,19372,-7126,61,ee58fe00,0.0,0.0,0.0,0.0,0.0,0.0
2026-05-25 09:59:58.520994,1779717598.520994,3035521,-3828175,164258964,87453,69171,5171,61,ee57fe00,0.0,0.0,0.0,0.0,0.0,0.0
2026-05-25 09:59:58.532162,1779717598.532162,3035521,-3828175,164258964,87453,69171,5171,61,ee57fe00,0.0,0.0,0.0,0.0,0.0,0.0
2026-05-25 09:59:58.541546,1779717598.541546,3019569,-3771209,164269925,90842,108149,9872,61,ee57fe00,0.0,0.0,0.0,0.0,0.0,0.0
2026-05-25 09:59:58.547148,1779717598.547148,3019569,-3771209,164269925,90842,108149,9872,61,ee57fe00,0.0,0.0,0.0,0.0,0.0,0.0
2026-05-25 09:59:58.554716,1779717598.554716,2931749,-3742091,164282710,64527,137469,3586,61,ee57fe00,0.0,0.0,0.0,0.0,0.0,0.0
2026-05-25 09:59:58.564130,1779717598.564130,2931749,-3742091,164282710,64527,137469,3586,61,ee57fe00,0.0,0.0,0.0,0.0,0.0,0.0
2026-05-25 09:59:58.571404,1779717598.571404,2859324,-3703170,164313217,35636,165986,-5661,61,ee57fe00,0.0,0.0,0.0,0.0,0.0,0.0
2026-05-25 09:59:58.579953,1779717598.579953,2859324,-3703170,164313217,35636,165986,-5661,61,ee57fe00,0.0,0.0,0.0,0.0,0.0,0.0
2026-05-25 09:59:58.584482,1779717598.584482,2806879,-3682773,164360115,-8003,174610,3261,61,ee58fe00,0.0,0.0,0.0,0.0,0.0,0.0
2026-05-25 09:59:58.590622,1779717598.590622,2806879,-3682773,164360115,-8003,174610,3261,61,ee58fe00,0.0,0.0,0.0,0.0,0.0,0.0
2026-05-25 09:59:58.599805,1779717598.599805,2815452,-3668112,164378133,18571,164613,2910,61,ee58fe00,0.0,0.0,0.0,0.0,0.0,0.0
2026-05-25 09:59:58.609194,1779717598.609194,2815452,-3668112,164378133,18571,164613,2910,61,ee58fe00,0.0,0.0,0.0,0.0,0.0,0.0
2026-05-25 09:59:58.615794,1779717598.615794,2773352,-3649258,164369371,31148,139432,14339,61,ee58fe00,0.0,0.0,0.0,0.0,0.0,0.0
2026-05-25 09:59:58.625228,1779717598.625228,2773352,-3649258,164369371,31148,139432,14339,61,ee58fe00,0.0,0.0,0.0,0.0,0.0,0.0
2026-05-25 09:59:58.631844,1779717598.631844,2748814,-3622783,164374307,61391,142986,6477,61,ee58fe00,0.0,0.0,0.0,0.0,0.0,0.0
2026-05-25 09:59:58.641438,1779717598.641438,2748814,-3622783,164374307,61391,142986,6477,61,ee58fe00,0.0,0.0,0.0,0.0,0.0,0.0
2026-05-25 09:59:58.648676,1779717598.648676,2697649,-3697040,164474619,60193,113868,9034,61,ee57fe00,0.0,0.0,0.0,0.0,0.0,0.0
2026-05-25 09:59:58.660078,1779717598.660078,2697649,-3697040,164474619,60193,113868,9034,61,ee57fe00,0.0,0.0,0.0,0.0,0.0,0.0
2026-05-25 09:59:58.666761,1779717598.666761,2628843,-3790981,164494837,79105,80535,3120,61,ee57fe00,0.0,0.0,0.0,0.0,0.0,0.0
2026-05-25 09:59:58.674989,1779717598.674989,2628843,-3790981,164494837,79105,80535,3120,61,ee57fe00,0.0,0.0,0.0,0.0,0.0,0.0
2026-05-25 09:59:58.682002,1779717598.682002,2601302,-3903568,164489506,64329,18651,1977,61,ee57fe00,0.0,0.0,0.0,0.0,0.0,0.0
2026-05-25 09:59:58.690912,1779717598.690912,2601302,-3903568,164489506,64329,18651,1977,61,ee57fe00,0.0,0.0,0.0,0.0,0.0,0.0
2026-05-25 09:59:58.697848,1779717598.697848,2642426,-3955528,164432338,78520,-26490,-794,61,ee57fe00,0.0,0.0,0.0,0.0,0.0,0.0
2026-05-25 09:59:58.705086,1779717598.705086,2642426,-3955528,164432338,78520,-26490,-794,61,ee57fe00,0.0,0.0,0.0,0.0,0.0,0.0
2026-05-25 09:59:58.711456,1779717598.711456,2698263,-3997426,164407924,57804,-78941,-36750,61,ee57fe00,0.0,0.0,0.0,0.0,0.0,0.0
2026-05-25 09:59:58.717462,1779717598.717462,2698263,-3997426,164407924,57804,-78941,-36750,61,ee57fe00,0.0,0.0,0.0,0.0,0.0,0.0
2026-05-25 09:59:58.726361,1779717598.726361,2803410,-3939846,164377931,103636,-86884,-43171,61,ee58fe00,0.0,0.0,0.0,0.0,0.0,0.0
2026-05-25 09:59:58.737461,1779717598.737461,2803410,-3939846,164377931,103636,-86884,-43171,61,ee58fe00,0.0,0.0,0.0,0.0,0.0,0.0
2026-05-25 09:59:58.746437,1779717598.746437,2892602,-3887779,164317705,117488,-64226,-57379,61,ee58fe00,0.0,0.0,0.0,0.0,0.0,0.0
2026-05-25 09:59:58.757125,1779717598.757125,2892602,-3887779,164317705,117488,-64226,-57379,61,ee58fe00,0.0,0.0,0.0,0.0,0.0,0.0
2026-05-25 09:59:58.764959,1779717598.764959,2961733,-3745464,164299581,147691,-36647,-40254,61,ee58fe00,0.0,0.0,0.0,0.0,0.0,0.0
2026-05-25 09:59:58.771354,1779717598.771354,2961733,-3745464,164299581,147691,-36647,-40254,61,ee58fe00,0.0,0.0,0.0,0.0,0.0,0.0
2026-05-25 09:59:58.776806,1779717598.776806,2972725,-3682677,164276348,137363,-15482,-26186,61,ee57fe00,0.0,0.0,0.0,0.0,0.0,0.0
2026-05-25 09:59:58.783195,1779717598.783195,2972725,-3682677,164276348,137363,-15482,-26186,61,ee57fe00,0.0,0.0,0.0,0.0,0.0,0.0
2026-05-25 09:59:58.789924,1779717598.789924,2928764,-3582251,164320097,102588,18974,-4266,61,ee57fe00,0.0,0.0,0.0,0.0,0.0,0.0
2026-05-25 09:59:58.795906,1779717598.795906,2928764,-3582251,164320097,102588,18974,-4266,61,ee57fe00,0.0,0.0,0.0,0.0,0.0,0.0
2026-05-25 09:59:58.800524,1779717598.800524,2833043,-3550689,164285839,71849,41661,-793,61,ee57fe00,0.0,0.0,0.0,0.0,0.0,0.0
2026-05-25 09:59:58.806700,1779717598.806700,2833043,-3550689,164285839,71849,41661,-793,61,ee57fe00,0.0,0.0,0.0,0.0,0.0,0.0
2026-05-25 09:59:58.811784,1779717598.811784,2834721,-3543505,164297116,33060,60432,-27942,61,ee58fe00,0.0,0.0,0.0,0.0,0.0,0.0
2026-05-25 09:59:58.818455,1779717598.818455,2834721,-3543505,164297116,33060,60432,-27942,61,ee58fe00,0.0,0.0,0.0,0.0,0.0,0.0
2026-05-25 09:59:58.824071,1779717598.824071,2844043,-3603443,164275164,13606,59505,-36453,61,ee58fe00,0.0,0.0,0.0,0.0,0.0,0.0
2026-05-25 09:59:58.831055,1779717598.831055,2844043,-3603443,164275164,13606,59505,-36453,61,ee58fe00,0.0,0.0,0.0,0.0,0.0,0.0
2026-05-25 09:59:58.836344,1779717598.836344,2957873,-3664504,164265189,5875,71391,-12573,61,ee58fe00,0.0,0.0,0.0,0.0,0.0,0.0
2026-05-25 09:59:58.842607,1779717598.842607,2957873,-3664504,164265189,5875,71391,-12573,61,ee58fe00,0.0,0.0,0.0,0.0,0.0,0.0
2026-05-25 09:59:58.847793,1779717598.847793,3003159,-3737560,164268573,-10053,124226,-4769,61,ee58fe00,0.0,0.0,0.0,0.0,0.0,0.0
2026-05-25 09:59:58.858308,1779717598.858308,3003159,-3737560,164268573,-10053,124226,-4769,61,ee58fe00,0.0,0.0,0.0,0.0,0.0,0.0
2026-05-25 09:59:58.864071,1779717598.864071,2955794,-3775653,164278014,-15571,180056,28976,61,ee58fe00,0.0,0.0,0.0,0.0,0.0,0.0
2026-05-25 09:59:58.875314,1779717598.875314,2955794,-3775653,164278014,-15571,180056,28976,61,ee58fe00,0.0,0.0,0.0,0.0,0.0,0.0
2026-05-25 09:59:58.884262,1779717598.884262,2848418,-3841324,164313513,-26318,203410,8233,61,ee58fe00,0.0,0.0,0.0,0.0,0.0,0.0
2026-05-25 09:59:58.895267,1779717598.895267,2848418,-3841324,164313513,-26318,203410,8233,61,ee58fe00,0.0,0.0,0.0,0.0,0.0,0.0
2026-05-25 09:59:58.904698,1779717598.904698,2682041,-3879184,164403974,-22574,202258,-733,61,ee57fe00,0.0,0.0,0.0,0.0,0.0,0.0
2026-05-25 09:59:58.916445,1779717598.916445,2682041,-3879184,164403974,-22574,202258,-733,61,ee57fe00,0.0,0.0,0.0,0.0,0.0,0.0
2026-05-25 09:59:58.924941,1779717598.924941,2554973,-3871271,164507592,6176,130218,-39152,61,ee57fe00,0.0,0.0,0.0,0.0,0.0,0.0
2026-05-25 09:59:58.935786,1779717598.935786,2554973,-3871271,164507592,6176,130218,-39152,61,ee57fe00,0.0,0.0,0.0,0.0,0.0,0.0
2026-05-25 09:59:58.943658,1779717598.943658,2458022,-3861852,164493586,43527,78383,-44253,61,ee57fe00,0.0,0.0,0.0,0.0,0.0,0.0
2026-05-25 09:59:58.954437,1779717598.954437,2458022,-3861852,164493586,43527,78383,-44253,61,ee57fe00,0.0,0.0,0.0,0.0,0.0,0.0
2026-05-25 09:59:58.963290,1779717598.963290,2512705,-3816890,164509168,67262,19051,-45551,61,ee57fe00,0.0,0.0,0.0,0.0,0.0,0.0
2026-05-25 09:59:58.974020,1779717598.974020,2512705,-3816890,164509168,67262,19051,-45551,61,ee57fe00,0.0,0.0,0.0,0.0,0.0,0.0
2026-05-25 09:59:58.983254,1779717598.983254,2618303,-3771332,164425048,87190,-2669,-22184,61,ee57fe00,0.0,0.0,0.0,0.0,0.0,0.0
2026-05-25 09:59:58.992575,1779717598.992575,2618303,-3771332,164425048,87190,-2669,-22184,61,ee57fe00,0.0,0.0,0.0,0.0,0.0,0.0
2026-05-25 09:59:58.999668,1779717598.999668,2726785,-3759419,164410731,79591,-37348,-1212,61,ee57fe00,0.0,0.0,0.0,0.0,0.0,0.0
2026-05-25 09:59:59.008852,1779717599.008852,2726785,-3759419,164410731,79591,-37348,-1212,61,ee57fe00,0.0,0.0,0.0,0.0,0.0,0.0
2026-05-25 09:59:59.016755,1779717599.016755,2828986,-3737784,164364405,74570,-39211,17169,61,ee57fe00,0.0,0.0,0.0,0.0,0.0,0.0
2026-05-25 09:59:59.025941,1779717599.025941,2828986,-3737784,164364405,74570,-39211,17169,61,ee57fe00,0.0,0.0,0.0,0.0,0.0,0.0
2026-05-25 09:59:59.034512,1779717599.034512,2853993,-3754954,164345457,62578,-46711,4434,61,ee58fe00,0.0,0.0,0.0,0.0,0.0,0.0
2026-05-25 09:59:59.042823,1779717599.042823,2853993,-3754954,164345457,62578,-46711,4434,61,ee58fe00,0.0,0.0,0.0,0.0,0.0,0.0
2026-05-25 09:59:59.049072,1779717599.049072,2906344,-3732962,164279103,68579,-42499,-10306,61,ee58fe00,0.0,0.0,0.0,0.0,0.0,0.0
2026-05-25 09:59:59.055953,1779717599.055953,2906344,-3732962,164279103,68579,-42499,-10306,61,ee58fe00,0.0,0.0,0.0,0.0,0.0,0.0
2026-05-25 09:59:59.061874,1779717599.061874,2921090,-3682804,164254325,79614,-34871,-14896,61,ee58fe00,0.0,0.0,0.0,0.0,0.0,0.0
2026-05-25 09:59:59.067655,1779717599.067655,2921090,-3682804,164254325,79614,-34871,-14896,61,ee58fe00,0.0,0.0,0.0,0.0,0.0,0.0
2026-05-25 09:59:59.072997,1779717599.072997,2978283,-3654189,164221270,61848,-18558,-2729,61,ee58fe00,0.0,0.0,0.0,0.0,0.0,0.0
2026-05-25 09:59:59.083596,1779717599.083596,2978283,-3654189,164221270,61848,-18558,-2729,61,ee58fe00,0.0,0.0,0.0,0.0,0.0,0.0
2026-05-25 09:59:59.092057,1779717599.092057,2987488,-3669391,164247994,52000,16736,2316,61,ee58fe00,0.0,0.0,0.0,0.0,0.0,0.0
2026-05-25 09:59:59.100813,1779717599.100813,2987488,-3669391,164247994,52000,16736,2316,61,ee58fe00,0.0,0.0,0.0,0.0,0.0,0.0
2026-05-25 09:59:59.106587,1779717599.106587,2981848,-3711549,164272489,36218,51870,8390,61,ee57fe00,0.0,0.0,0.0,0.0,0.0,0.0
2026-05-25 09:59:59.117189,1779717599.117189,2981848,-3711549,164272489,36218,51870,8390,61,ee57fe00,0.0,0.0,0.0,0.0,0.0,0.0
2026-05-25 09:59:59.126157,1779717599.126157,2971561,-3743560,164277490,22577,100025,-5774,61,ee57fe00,0.0,0.0,0.0,0.0,0.0,0.0
2026-05-25 09:59:59.136826,1779717599.136826,2971561,-3743560,164277490,22577,100025,-5774,61,ee57fe00,0.0,0.0,0.0,0.0,0.0,0.0
2026-05-25 09:59:59.145451,1779717599.145451,2929806,-3767887,164282670,21644,126044,-15943,61,ee57fe00,0.0,0.0,0.0,0.0,0.0,0.0
2026-05-25 09:59:59.154453,1779717599.154453,2929806,-3767887,164282670,21644,126044,-15943,61,ee57fe00,0.0,0.0,0.0,0.0,0.0,0.0
2026-05-25 09:59:59.162112,1779717599.162112,2918882,-3809412,164335748,17590,141558,-36599,61,ee57fe00,0.0,0.0,0.0,0.0,0.0,0.0
2026-05-25 09:59:59.169839,1779717599.169839,2918882,-3809412,164335748,17590,141558,-36599,61,ee57fe00,0.0,0.0,0.0,0.0,0.0,0.0
2026-05-25 09:59:59.175249,1779717599.175249,2794699,-3849931,164355355,5302,156894,-15856,61,ee58fe00,0.0,0.0,0.0,0.0,0.0,0.0
2026-05-25 09:59:59.181992,1779717599.181992,2794699,-3849931,164355355,5302,156894,-15856,61,ee58fe00,0.0,0.0,0.0,0.0,0.0,0.0
2026-05-25 09:59:59.187245,1779717599.187245,2781563,-3897904,164386892,31005,146973,-7905,61,ee58fe00,0.0,0.0,0.0,0.0,0.0,0.0
2026-05-25 09:59:59.193817,1779717599.193817,2781563,-3897904,164386892,31005,146973,-7905,61,ee58fe00,0.0,0.0,0.0,0.0,0.0,0.0
2026-05-25 09:59:59.199110,1779717599.199110,2724529,-3879456,164370443,41767,140263,-9067,61,ee58fe00,0.0,0.0,0.0,0.0,0.0,0.0
2026-05-25 09:59:59.205012,1779717599.205012,2724529,-3879456,164370443,41767,140263,-9067,61,ee58fe00,0.0,0.0,0.0,0.0,0.0,0.0
2026-05-25 09:59:59.208987,1779717599.208987,2702794,-3874844,164403123,58691,125801,-19105,61,ee57fe00,0.0,0.0,0.0,0.0,0.0,0.0
2026-05-25 09:59:59.214431,1779717599.214431,2702794,-3874844,164403123,58691,125801,-19105,61,ee57fe00,0.0,0.0,0.0,0.0,0.0,0.0
2026-05-25 09:59:59.218708,1779717599.218708,2664754,-3856014,164399599,73056,98335,-27196,61,ee57fe00,0.0,0.0,0.0,0.0,0.0,0.0
2026-05-25 09:59:59.224586,1779717599.224586,2664754,-3856014,164399599,73056,98335,-27196,61,ee57fe00,0.0,0.0,0.0,0.0,0.0,0.0
2026-05-25 09:59:59.228920,1779717599.228920,2622088,-3762269,164423291,73399,77422,-7627,61,ee57fe00,0.0,0.0,0.0,0.0,0.0,0.0
2026-05-25 09:59:59.234803,1779717599.234803,2622088,-3762269,164423291,73399,77422,-7627,61,ee57fe00,0.0,0.0,0.0,0.0,0.0,0.0
2026-05-25 09:59:59.240794,1779717599.240794,2639806,-3717668,164451587,79542,46866,-6562,61,ee57fe00,0.0,0.0,0.0,0.0,0.0,0.0
2026-05-25 09:59:59.246512,1779717599.246512,2639806,-3717668,164451587,79542,46866,-6562,61,ee57fe00,0.0,0.0,0.0,0.0,0.0,0.0
2026-05-25 09:59:59.255454,1779717599.255454,2704450,-3678954,164461342,69182,28913,-969,61,ee57fe00,0.0,0.0,0.0,0.0,0.0,0.0
2026-05-25 09:59:59.266276,1779717599.266276,2704450,-3678954,164461342,69182,28913,-969,61,ee57fe00,0.0,0.0,0.0,0.0,0.0,0.0
2026-05-25 09:59:59.275246,1779717599.275246,2735051,-3714656,164432563,49118,-1889,-15915,61,ee57fe00,0.0,0.0,0.0,0.0,0.0,0.0
2026-05-25 09:59:59.285917,1779717599.285917,2735051,-3714656,164432563,49118,-1889,-15915,61,ee57fe00,0.0,0.0,0.0,0.0,0.0,0.0
2026-05-25 09:59:59.295394,1779717599.295394,2741427,-3735331,164398928,64448,-15303,-20784,61,ee57fe00,0.0,0.0,0.0,0.0,0.0,0.0
2026-05-25 09:59:59.329680,1779717599.329680,2741427,-3735331,164398928,64448,-15303,-20784,61,ee57fe00,0.0,0.0,0.0,0.0,0.0,0.0
2026-05-25 09:59:59.346341,1779717599.346341,2770291,-3760986,164364665,72204,-33928,-34400,61,ee57fe00,0.0,0.0,0.0,0.0,0.0,0.0
2026-05-25 09:59:59.353793,1779717599.353793,2770291,-3760986,164364665,72204,-33928,-34400,61,ee57fe00,0.0,0.0,0.0,0.0,0.0,0.0
2026-05-25 09:59:59.366092,1779717599.366092,2834853,-3760736,164329014,91216,-37895,-27356,61,ee57fe00,0.0,0.0,0.0,0.0,0.0,0.0
2026-05-25 09:59:59.374653,1779717599.374653,2834853,-3760736,164329014,91216,-37895,-27356,61,ee57fe00,0.0,0.0,0.0,0.0,0.0,0.0
2026-05-25 09:59:59.380152,1779717599.380152,2894900,-3761604,164327698,83760,-18822,8822,61,ee57fe00,0.0,0.0,0.0,0.0,0.0,0.0
2026-05-25 09:59:59.386417,1779717599.386417,2894900,-3761604,164327698,83760,-18822,8822,61,ee57fe00,0.0,0.0,0.0,0.0,0.0,0.0
2026-05-25 09:59:59.391293,1779717599.391293,2970657,-3798559,164302187,90614,5849,9791,61,ee57fe00,0.0,0.0,0.0,0.0,0.0,0.0
2026-05-25 09:59:59.397420,1779717599.397420,2970657,-3798559,164302187,90614,5849,9791,61,ee57fe00,0.0,0.0,0.0,0.0,0.0,0.0
2026-05-25 09:59:59.402389,1779717599.402389,3000857,-3808385,164330564,49941,7490,19558,61,ee57fe00,0.0,0.0,0.0,0.0,0.0,0.0
2026-05-25 09:59:59.408254,1779717599.408254,3000857,-3808385,164330564,49941,7490,19558,61,ee57fe00,0.0,0.0,0.0,0.0,0.0,0.0
2026-05-25 09:59:59.413901,1779717599.413901,3000211,-3812316,164319539,17648,28845,-1147,61,ee57fe00,0.0,0.0,0.0,0.0,0.0,0.0
2026-05-25 09:59:59.420895,1779717599.420895,3000211,-3812316,164319539,17648,28845,-1147,61,ee57fe00,0.0,0.0,0.0,0.0,0.0,0.0
2026-05-25 09:59:59.425926,1779717599.425926,2991004,-3762821,164290127,4446,53815,-3726,61,ee57fe00,0.0,0.0,0.0,0.0,0.0,0.0
2026-05-25 09:59:59.431935,1779717599.431935,2991004,-3762821,164290127,4446,53815,-3726,61,ee57fe00,0.0,0.0,0.0,0.0,0.0,0.0
2026-05-25 09:59:59.436511,1779717599.436511,2908174,-3717273,164307426,38674,83329,-11417,61,ee58fe00,0.0,0.0,0.0,0.0,0.0,0.0
2026-05-25 09:59:59.448030,1779717599.448030,2908174,-3717273,164307426,38674,83329,-11417,61,ee58fe00,0.0,0.0,0.0,0.0,0.0,0.0
2026-05-25 09:59:59.453926,1779717599.453926,2854410,-3718571,164337258,66902,84989,-18437,61,ee58fe00,0.0,0.0,0.0,0.0,0.0,0.0
2026-05-25 09:59:59.459369,1779717599.459369,2854410,-3718571,164337258,66902,84989,-18437,61,ee58fe00,0.0,0.0,0.0,0.0,0.0,0.0
2026-05-25 09:59:59.464312,1779717599.464312,2827055,-3710030,164383503,59544,101511,-22221,61,ee57fe00,0.0,0.0,0.0,0.0,0.0,0.0
2026-05-25 09:59:59.469658,1779717599.469658,2827055,-3710030,164383503,59544,101511,-22221,61,ee57fe00,0.0,0.0,0.0,0.0,0.0,0.0
2026-05-25 09:59:59.474544,1779717599.474544,2833809,-3729642,164394199,29005,111202,-4423,61,ee57fe00,0.0,0.0,0.0,0.0,0.0,0.0
2026-05-25 09:59:59.480390,1779717599.480390,2833809,-3729642,164394199,29005,111202,-4423,61,ee57fe00,0.0,0.0,0.0,0.0,0.0,0.0
2026-05-25 09:59:59.485064,1779717599.485064,2823564,-3690040,164402595,14481,129863,4472,61,ee58fe00,0.0,0.0,0.0,0.0,0.0,0.0
2026-05-25 09:59:59.495464,1779717599.495464,2823564,-3690040,164402595,14481,129863,4472,61,ee58fe00,0.0,0.0,0.0,0.0,0.0,0.0
2026-05-25 09:59:59.504267,1779717599.504267,2813187,-3711972,164384824,42600,126849,19069,61,ee58fe00,0.0,0.0,0.0,0.0,0.0,0.0
2026-05-25 09:59:59.512941,1779717599.512941,2813187,-3711972,164384824,42600,126849,19069,61,ee58fe00,0.0,0.0,0.0,0.0,0.0,0.0
2026-05-25 09:59:59.517923,1779717599.517923,2750079,-3732327,164427694,35739,98121,16057,61,ee58fe00,0.0,0.0,0.0,0.0,0.0,0.0
2026-05-25 09:59:59.525847,1779717599.525847,2750079,-3732327,164427694,35739,98121,16057,61,ee58fe00,0.0,0.0,0.0,0.0,0.0,0.0
2026-05-25 09:59:59.533519,1779717599.533519,2683566,-3748018,164461070,64605,79504,21060,61,ee57fe00,0.0,0.0,0.0,0.0,0.0,0.0
2026-05-25 09:59:59.540004,1779717599.540004,2683566,-3748018,164461070,64605,79504,21060,61,ee57fe00,0.0,0.0,0.0,0.0,0.0,0.0
2026-05-25 09:59:59.544564,1779717599.544564,2660504,-3750226,164479720,51898,48220,10773,61,ee57fe00,0.0,0.0,0.0,0.0,0.0,0.0
2026-05-25 09:59:59.550114,1779717599.550114,2660504,-3750226,164479720,51898,48220,10773,61,ee57fe00,0.0,0.0,0.0,0.0,0.0,0.0
2026-05-25 09:59:59.556014,1779717599.556014,2668042,-3767492,164457357,67709,30697,-1963,61,ee57fe00,0.0,0.0,0.0,0.0,0.0,0.0
2026-05-25 09:59:59.563871,1779717599.563871,2668042,-3767492,164457357,67709,30697,-1963,61,ee57fe00,0.0,0.0,0.0,0.0,0.0,0.0
2026-05-25 09:59:59.569219,1779717599.569219,2716922,-3826376,164428689,72114,-4422,-16464,61,ee57fe00,0.0,0.0,0.0,0.0,0.0,0.0
2026-05-25 09:59:59.579894,1779717599.579894,2716922,-3826376,164428689,72114,-4422,-16464,61,ee57fe00,0.0,0.0,0.0,0.0,0.0,0.0
2026-05-25 09:59:59.587236,1779717599.587236,2761790,-3869394,164392558,80092,-23657,-21344,61,ee57fe00,0.0,0.0,0.0,0.0,0.0,0.0
2026-05-25 09:59:59.594090,1779717599.594090,2761790,-3869394,164392558,80092,-23657,-21344,61,ee57fe00,0.0,0.0,0.0,0.0,0.0,0.0
2026-05-25 09:59:59.599274,1779717599.599274,2763213,-3848724,164367542,63569,-57771,-4503,61,ee57fe00,0.0,0.0,0.0,0.0,0.0,0.0
2026-05-25 09:59:59.605399,1779717599.605399,2763213,-3848724,164367542,63569,-57771,-4503,61,ee57fe00,0.0,0.0,0.0,0.0,0.0,0.0
2026-05-25 09:59:59.610068,1779717599.610068,2840693,-3796017,164357721,54497,-62545,15398,61,ee57fe00,0.0,0.0,0.0,0.0,0.0,0.0
2026-05-25 09:59:59.615118,1779717599.615118,2840693,-3796017,164357721,54497,-62545,15398,61,ee57fe00,0.0,0.0,0.0,0.0,0.0,0.0
2026-05-25 09:59:59.619186,1779717599.619186,2855054,-3728806,164335482,42441,-44508,8393,61,ee57fe00,0.0,0.0,0.0,0.0,0.0,0.0
2026-05-25 09:59:59.624296,1779717599.624296,2855054,-3728806,164335482,42441,-44508,8393,61,ee57fe00,0.0,0.0,0.0,0.0,0.0,0.0
2026-05-25 09:59:59.628318,1779717599.628318,2883737,-3689822,164327391,67001,5965,15452,61,ee57fe00,0.0,0.0,0.0,0.0,0.0,0.0
2026-05-25 09:59:59.633319,1779717599.633319,2883737,-3689822,164327391,67001,5965,15452,61,ee57fe00,0.0,0.0,0.0,0.0,0.0,0.0
2026-05-25 09:59:59.637411,1779717599.637411,2954179,-3646005,164237440,56755,42440,-19165,61,ee57fe00,0.0,0.0,0.0,0.0,0.0,0.0
2026-05-25 09:59:59.642625,1779717599.642625,2954179,-3646005,164237440,56755,42440,-19165,61,ee57fe00,0.0,0.0,0.0,0.0,0.0,0.0
2026-05-25 09:59:59.646812,1779717599.646812,2985614,-3637344,164278370,59680,66595,-11420,61,ee57fe00,0.0,0.0,0.0,0.0,0.0,0.0
2026-05-25 09:59:59.652171,1779717599.652171,2985614,-3637344,164278370,59680,66595,-11420,61,ee57fe00,0.0,0.0,0.0,0.0,0.0,0.0
2026-05-25 09:59:59.656469,1779717599.656469,3034382,-3666000,164211688,53530,91836,-8782,61,ee57fe00,0.0,0.0,0.0,0.0,0.0,0.0
2026-05-25 09:59:59.661608,1779717599.661608,3034382,-3666000,164211688,53530,91836,-8782,61,ee57fe00,0.0,0.0,0.0,0.0,0.0,0.0
2026-05-25 09:59:59.665933,1779717599.665933,3009126,-3715275,164274094,53505,127634,21442,61,ee58fe00,0.0,0.0,0.0,0.0,0.0,0.0
2026-05-25 09:59:59.672025,1779717599.672025,3009126,-3715275,164274094,53505,127634,21442,61,ee58fe00,0.0,0.0,0.0,0.0,0.0,0.0
2026-05-25 09:59:59.676673,1779717599.676673,2973384,-3794958,164254091,36407,183590,28449,61,ee58fe00,0.0,0.0,0.0,0.0,0.0,0.0
2026-05-25 09:59:59.681720,1779717599.681720,2973384,-3794958,164254091,36407,183590,28449,61,ee58fe00,0.0,0.0,0.0,0.0,0.0,0.0
2026-05-25 09:59:59.685832,1779717599.685832,2915818,-3808274,164294940,12177,193058,19385,61,ee57fe00,0.0,0.0,0.0,0.0,0.0,0.0
2026-05-25 09:59:59.691848,1779717599.691848,2915818,-3808274,164294940,12177,193058,19385,61,ee57fe00,0.0,0.0,0.0,0.0,0.0,0.0
2026-05-25 09:59:59.695885,1779717599.695885,2817649,-3819694,164371821,33890,187976,24194,61,ee57fe00,0.0,0.0,0.0,0.0,0.0,0.0
2026-05-25 09:59:59.700982,1779717599.700982,2817649,-3819694,164371821,33890,187976,24194,61,ee57fe00,0.0,0.0,0.0,0.0,0.0,0.0
2026-05-25 09:59:59.705354,1779717599.705354,2755399,-3765371,164436868,40631,170069,24948,61,ee57fe00,0.0,0.0,0.0,0.0,0.0,0.0
2026-05-25 09:59:59.711154,1779717599.711154,2755399,-3765371,164436868,40631,170069,24948,61,ee57fe00,0.0,0.0,0.0,0.0,0.0,0.0
2026-05-25 09:59:59.716318,1779717599.716318,2656583,-3764954,164477709,63134,114958,32073,61,ee57fe00,0.0,0.0,0.0,0.0,0.0,0.0
2026-05-25 09:59:59.722356,1779717599.722356,2656583,-3764954,164477709,63134,114958,32073,61,ee57fe00,0.0,0.0,0.0,0.0,0.0,0.0
2026-05-25 09:59:59.727196,1779717599.727196,2612871,-3729341,164470991,79810,88751,8677,61,ee57fe00,0.0,0.0,0.0,0.0,0.0,0.0
2026-05-25 09:59:59.732519,1779717599.732519,2612871,-3729341,164470991,79810,88751,8677,61,ee57fe00,0.0,0.0,0.0,0.0,0.0,0.0
2026-05-25 09:59:59.737459,1779717599.737459,2560035,-3763932,164485477,109690,44644,-6836,61,ee57fe00,0.0,0.0,0.0,0.0,0.0,0.0
2026-05-25 09:59:59.744655,1779717599.744655,2560035,-3763932,164485477,109690,44644,-6836,61,ee57fe00,0.0,0.0,0.0,0.0,0.0,0.0
2026-05-25 09:59:59.749684,1779717599.749684,2622785,-3748943,164462136,97155,9755,-14549,61,ee57fe00,0.0,0.0,0.0,0.0,0.0,0.0
2026-05-25 09:59:59.755883,1779717599.755883,2622785,-3748943,164462136,97155,9755,-14549,61,ee57fe00,0.0,0.0,0.0,0.0,0.0,0.0
2026-05-25 09:59:59.760670,1779717599.760670,2675968,-3748973,164456850,83236,-11137,-460,61,ee57fe00,0.0,0.0,0.0,0.0,0.0,0.0
2026-05-25 09:59:59.769705,1779717599.769705,2675968,-3748973,164456850,83236,-11137,-460,61,ee57fe00,0.0,0.0,0.0,0.0,0.0,0.0
2026-05-25 09:59:59.776356,1779717599.776356,2722409,-3703502,164420878,69066,-25661,5241,61,ee57fe00,0.0,0.0,0.0,0.0,0.0,0.0
2026-05-25 09:59:59.786794,1779717599.786794,2722409,-3703502,164420878,69066,-25661,5241,61,ee57fe00,0.0,0.0,0.0,0.0,0.0,0.0
2026-05-25 09:59:59.796011,1779717599.796011,2743904,-3733062,164391405,99193,-27640,8254,61,ee57fe00,0.0,0.0,0.0,0.0,0.0,0.0
2026-05-25 09:59:59.806754,1779717599.806754,2743904,-3733062,164391405,99193,-27640,8254,61,ee57fe00,0.0,0.0,0.0,0.0,0.0,0.0
2026-05-25 09:59:59.815871,1779717599.815871,2772314,-3742994,164385978,101261,-53105,4562,61,ee57fe00,0.0,0.0,0.0,0.0,0.0,0.0
2026-05-25 09:59:59.824820,1779717599.824820,2772314,-3742994,164385978,101261,-53105,4562,61,ee57fe00,0.0,0.0,0.0,0.0,0.0,0.0
2026-05-25 09:59:59.833791,1779717599.833791,2817512,-3774304,164328576,101792,-48876,-17845,61,ee57fe00,0.0,0.0,0.0,0.0,0.0,0.0
2026-05-25 09:59:59.844089,1779717599.844089,2817512,-3774304,164328576,101792,-48876,-17845,61,ee57fe00,0.0,0.0,0.0,0.0,0.0,0.0
2026-05-25 09:59:59.851648,1779717599.851648,2897498,-3807242,164351891,82021,-36705,-30336,61,ee57fe00,0.0,0.0,0.0,0.0,0.0,0.0
2026-05-25 09:59:59.860942,1779717599.860942,2897498,-3807242,164351891,82021,-36705,-30336,61,ee57fe00,0.0,0.0,0.0,0.0,0.0,0.0
2026-05-25 09:59:59.869061,1779717599.869061,2937543,-3790585,164331677,61119,-25059,-19881,61,ee57fe00,0.0,0.0,0.0,0.0,0.0,0.0
2026-05-25 09:59:59.878154,1779717599.878154,2937543,-3790585,164331677,61119,-25059,-19881,61,ee57fe00,0.0,0.0,0.0,0.0,0.0,0.0
2026-05-25 09:59:59.885740,1779717599.885740,2946825,-3807516,164329594,67134,12341,-2102,61,ee57fe00,0.0,0.0,0.0,0.0,0.0,0.0
2026-05-25 09:59:59.895382,1779717599.895382,2946825,-3807516,164329594,67134,12341,-2102,61,ee57fe00,0.0,0.0,0.0,0.0,0.0,0.0
2026-05-25 09:59:59.903406,1779717599.903406,2890753,-3790697,164276068,53391,43455,1163,61,ee57fe00,0.0,0.0,0.0,0.0,0.0,0.0
2026-05-25 09:59:59.913869,1779717599.913869,2890753,-3790697,164276068,53391,43455,1163,61,ee57fe00,0.0,0.0,0.0,0.0,0.0,0.0
2026-05-25 09:59:59.922155,1779717599.922155,2832712,-3834487,164277790,67651,74209,-8225,61,ee57fe00,0.0,0.0,0.0,0.0,0.0,0.0
2026-05-25 09:59:59.932903,1779717599.932903,2832712,-3834487,164277790,67651,74209,-8225,61,ee57fe00,0.0,0.0,0.0,0.0,0.0,0.0
2026-05-25 09:59:59.941883,1779717599.941883,2816374,-3849631,164328441,83789,104380,-19697,61,ee57fe00,0.0,0.0,0.0,0.0,0.0,0.0
2026-05-25 09:59:59.953043,1779717599.953043,2816374,-3849631,164328441,83789,104380,-19697,61,ee57fe00,0.0,0.0,0.0,0.0,0.0,0.0
2026-05-25 09:59:59.962183,1779717599.962183,2808344,-3800913,164392193,58289,92665,-20096,61,ee57fe00,0.0,0.0,0.0,0.0,0.0,0.0
2026-05-25 09:59:59.972818,1779717599.972818,2808344,-3800913,164392193,58289,92665,-20096,61,ee57fe00,0.0,0.0,0.0,0.0,0.0,0.0
2026-05-25 09:59:59.979419,1779717599.979419,2784018,-3724875,164415005,58264,96883,-24977,61,ee57fe00,0.0,0.0,0.0,0.0,0.0,0.0
2026-05-25 09:59:59.985253,1779717599.985253,2784018,-3724875,164415005,58264,96883,-24977,61,ee57fe00,0.0,0.0,0.0,0.0,0.0,0.0
2026-05-25 09:59:59.992718,1779717599.992718,2779842,-3644904,164432460,42621,93701,-9408,61,ee57fe00,0.0,0.0,0.0,0.0,0.0,0.0
2026-05-25 10:00:00.003661,1779717600.003661,2779842,-3644904,164432460,42621,93701,-9408,61,ee57fe00,0.0,0.0,0.0,0.0,0.0,0.0
2026-05-25 10:00:00.010534,1779717600.010534,2710851,-3631988,164439607,86449,101717,4914,61,ee57fe00,0.0,0.0,0.0,0.0,0.0,0.0
2026-05-25 10:00:00.019401,1779717600.019401,2710851,-3631988,164439607,86449,101717,4914,61,ee57fe00,0.0,0.0,0.0,0.0,0.0,0.0
2026-05-25 10:00:00.030198,1779717600.030198,2679979,-3680601,164458212,87676,99818,14591,61,ee58fe00,0.0,0.0,0.0,0.0,0.0,0.0
2026-05-25 10:00:00.039014,1779717600.039014,2679979,-3680601,164458212,87676,99818,14591,61,ee58fe00,0.0,0.0,0.0,0.0,0.0,0.0
2026-05-25 10:00:00.046234,1779717600.046234,2638759,-3746932,164440767,86169,86660,20085,61,ee57fe00,0.0,0.0,0.0,0.0,0.0,0.0
2026-05-25 10:00:00.055500,1779717600.055500,2638759,-3746932,164440767,86169,86660,20085,61,ee57fe00,0.0,0.0,0.0,0.0,0.0,0.0
2026-05-25 10:00:00.063332,1779717600.063332,2657489,-3811725,164433785,73044,40995,11083,61,ee57fe00,0.0,0.0,0.0,0.0,0.0,0.0
2026-05-25 10:00:00.073117,1779717600.073117,2657489,-3811725,164433785,73044,40995,11083,61,ee57fe00,0.0,0.0,0.0,0.0,0.0,0.0
2026-05-25 10:00:00.083360,1779717600.083360,2669051,-3805963,164428224,60024,32720,7662,61,ee57fe00,0.0,0.0,0.0,0.0,0.0,0.0
2026-05-25 10:00:00.096095,1779717600.096095,2669051,-3805963,164428224,60024,32720,7662,61,ee57fe00,0.0,0.0,0.0,0.0,0.0,0.0
2026-05-25 10:00:00.106580,1779717600.106580,2712075,-3836995,164402394,73602,9514,19101,61,ee57fe00,0.0,0.0,0.0,0.0,0.0,0.0
2026-05-25 10:00:00.119172,1779717600.119172,2712075,-3836995,164402394,73602,9514,19101,61,ee57fe00,0.0,0.0,0.0,0.0,0.0,0.0
2026-05-25 10:00:00.128744,1779717600.128744,2746624,-3809040,164375969,44730,2444,7084,61,ee57fe00,0.0,0.0,0.0,0.0,0.0,0.0
2026-05-25 10:00:00.141446,1779717600.141446,2746624,-3809040,164375969,44730,2444,7084,61,ee57fe00,0.0,0.0,0.0,0.0,0.0,0.0
2026-05-25 10:00:00.147970,1779717600.147970,2762746,-3812272,164344070,66225,-45076,-8028,61,ee57fe00,0.0,0.0,0.0,0.0,0.0,0.0
2026-05-25 10:00:00.157472,1779717600.157472,2762746,-3812272,164344070,66225,-45076,-8028,61,ee57fe00,0.0,0.0,0.0,0.0,0.0,0.0
2026-05-25 10:00:00.163736,1779717600.163736,2767525,-3779109,164314302,76997,-50684,-22453,61,ee57fe00,0.0,0.0,0.0,0.0,0.0,0.0
2026-05-25 10:00:00.171582,1779717600.171582,2767525,-3779109,164314302,76997,-50684,-22453,61,ee57fe00,0.0,0.0,0.0,0.0,0.0,0.0
2026-05-25 10:00:00.180670,1779717600.180670,2797086,-3789357,164328405,83604,-40719,-40052,61,ee57fe00,0.0,0.0,0.0,0.0,0.0,0.0
2026-05-25 10:00:00.191061,1779717600.191061,2797086,-3789357,164328405,83604,-40719,-40052,61,ee57fe00,0.0,0.0,0.0,0.0,0.0,0.0
2026-05-25 10:00:00.198625,1779717600.198625,2867458,-3767996,164280990,88441,-10615,-7289,61,ee57fe00,0.0,0.0,0.0,0.0,0.0,0.0
2026-05-25 10:00:00.208479,1779717600.208479,2867458,-3767996,164280990,88441,-10615,-7289,61,ee57fe00,0.0,0.0,0.0,0.0,0.0,0.0
2026-05-25 10:00:00.217772,1779717600.217772,2940584,-3705643,164260941,89179,-5673,3749,61,ee57fe00,0.0,0.0,0.0,0.0,0.0,0.0
2026-05-25 10:00:00.227416,1779717600.227416,2940584,-3705643,164260941,89179,-5673,3749,61,ee57fe00,0.0,0.0,0.0,0.0,0.0,0.0
2026-05-25 10:00:00.234782,1779717600.234782,2978136,-3633784,164232077,84606,20454,18658,61,ee57fe00,0.0,0.0,0.0,0.0,0.0,0.0
2026-05-25 10:00:00.245133,1779717600.245133,2978136,-3633784,164232077,84606,20454,18658,61,ee57fe00,0.0,0.0,0.0,0.0,0.0,0.0
2026-05-25 10:00:00.253284,1779717600.253284,3008052,-3595539,164222476,58213,44282,5211,61,ee57fe00,0.0,0.0,0.0,0.0,0.0,0.0
2026-05-25 10:00:00.262608,1779717600.262608,3008052,-3595539,164222476,58213,44282,5211,61,ee57fe00,0.0,0.0,0.0,0.0,0.0,0.0
2026-05-25 10:00:00.270347,1779717600.270347,2977104,-3622820,164252391,34489,91073,-606,61,ee57fe00,0.0,0.0,0.0,0.0,0.0,0.0
2026-05-25 10:00:00.281436,1779717600.281436,2977104,-3622820,164252391,34489,91073,-606,61,ee57fe00,0.0,0.0,0.0,0.0,0.0,0.0
2026-05-25 10:00:00.289953,1779717600.289953,2894575,-3672624,164286790,29391,118477,3616,61,ee57fe00,0.0,0.0,0.0,0.0,0.0,0.0
2026-05-25 10:00:00.300627,1779717600.300627,2894575,-3672624,164286790,29391,118477,3616,61,ee57fe00,0.0,0.0,0.0,0.0,0.0,0.0
2026-05-25 10:00:00.309401,1779717600.309401,2815461,-3747430,164354437,714,147204,21165,61,ee57fe00,0.0,0.0,0.0,0.0,0.0,0.0
2026-05-25 10:00:00.316608,1779717600.316608,2815461,-3747430,164354437,714,147204,21165,61,ee57fe00,0.0,0.0,0.0,0.0,0.0,0.0
2026-05-25 10:00:00.321978,1779717600.321978,2809788,-3806966,164381406,9107,141706,11298,61,ee57fe00,0.0,0.0,0.0,0.0,0.0,0.0
2026-05-25 10:00:00.328850,1779717600.328850,2809788,-3806966,164381406,9107,141706,11298,61,ee57fe00,0.0,0.0,0.0,0.0,0.0,0.0
2026-05-25 10:00:00.334771,1779717600.334771,2778809,-3884522,164386679,-8364,138793,364,61,ee57fe00,0.0,0.0,0.0,0.0,0.0,0.0
2026-05-25 10:00:00.342496,1779717600.342496,2778809,-3884522,164386679,-8364,138793,364,61,ee57fe00,0.0,0.0,0.0,0.0,0.0,0.0
2026-05-25 10:00:00.349536,1779717600.349536,2742646,-3912817,164367027,1881,138112,-23888,61,ee57fe00,0.0,0.0,0.0,0.0,0.0,0.0
2026-05-25 10:00:00.356582,1779717600.356582,2742646,-3912817,164367027,1881,138112,-23888,61,ee57fe00,0.0,0.0,0.0,0.0,0.0,0.0
2026-05-25 10:00:00.362377,1779717600.362377,2652601,-3869258,164403144,1402,138696,-42336,61,ee57fe00,0.0,0.0,0.0,0.0,0.0,0.0
2026-05-25 10:00:00.368123,1779717600.368123,2652601,-3869258,164403144,1402,138696,-42336,61,ee57fe00,0.0,0.0,0.0,0.0,0.0,0.0
2026-05-25 10:00:00.375828,1779717600.375828,2644020,-3851504,164414995,50066,109981,-23695,61,ee58fe00,0.0,0.0,0.0,0.0,0.0,0.0
2026-05-25 10:00:00.385804,1779717600.385804,2644020,-3851504,164414995,50066,109981,-23695,61,ee58fe00,0.0,0.0,0.0,0.0,0.0,0.0
2026-05-25 10:00:00.393544,1779717600.393544,2639771,-3785834,164434177,57433,73579,-41522,61,ee58fe00,0.0,0.0,0.0,0.0,0.0,0.0
2026-05-25 10:00:00.402772,1779717600.402772,2639771,-3785834,164434177,57433,73579,-41522,61,ee58fe00,0.0,0.0,0.0,0.0,0.0,0.0
2026-05-25 10:00:00.409794,1779717600.409794,2626420,-3762104,164421767,101176,8298,-37937,61,ee57fe00,0.0,0.0,0.0,0.0,0.0,0.0
2026-05-25 10:00:00.418419,1779717600.418419,2626420,-3762104,164421767,101176,8298,-37937,61,ee57fe00,0.0,0.0,0.0,0.0,0.0,0.0
2026-05-25 10:00:00.425656,1779717600.425656,2662569,-3700815,164420942,90031,-30121,-57670,61,ee57fe00,0.0,0.0,0.0,0.0,0.0,0.0
2026-05-25 10:00:00.434540,1779717600.434540,2662569,-3700815,164420942,90031,-30121,-57670,61,ee57fe00,0.0,0.0,0.0,0.0,0.0,0.0
2026-05-25 10:00:00.441585,1779717600.441585,2696747,-3669512,164380749,110921,-62518,-37819,61,ee57fe00,0.0,0.0,0.0,0.0,0.0,0.0
2026-05-25 10:00:00.450381,1779717600.450381,2696747,-3669512,164380749,110921,-62518,-37819,61,ee57fe00,0.0,0.0,0.0,0.0,0.0,0.0
2026-05-25 10:00:00.457417,1779717600.457417,2785422,-3615044,164348081,93335,-70948,-20304,61,ee57fe00,0.0,0.0,0.0,0.0,0.0,0.0
2026-05-25 10:00:00.467133,1779717600.467133,2785422,-3615044,164348081,93335,-70948,-20304,61,ee57fe00,0.0,0.0,0.0,0.0,0.0,0.0
2026-05-25 10:00:00.474644,1779717600.474644,2815272,-3611392,164319130,53295,-57326,-20123,61,ee57fe00,0.0,0.0,0.0,0.0,0.0,0.0
2026-05-25 10:00:00.482753,1779717600.482753,2815272,-3611392,164319130,53295,-57326,-20123,61,ee57fe00,0.0,0.0,0.0,0.0,0.0,0.0
2026-05-25 10:00:00.488410,1779717600.488410,2912180,-3654253,164290241,27296,-33791,8638,61,ee57fe00,0.0,0.0,0.0,0.0,0.0,0.0
2026-05-25 10:00:00.495620,1779717600.495620,2912180,-3654253,164290241,27296,-33791,8638,61,ee57fe00,0.0,0.0,0.0,0.0,0.0,0.0
2026-05-25 10:00:00.500789,1779717600.500789,2918291,-3736300,164300073,26244,9152,20425,61,ee57fe00,0.0,0.0,0.0,0.0,0.0,0.0
2026-05-25 10:00:00.507423,1779717600.507423,2918291,-3736300,164300073,26244,9152,20425,61,ee57fe00,0.0,0.0,0.0,0.0,0.0,0.0
2026-05-25 10:00:00.514735,1779717600.514735,2912785,-3827454,164284900,31608,33395,15193,61,ee57fe00,0.0,0.0,0.0,0.0,0.0,0.0
2026-05-25 10:00:00.522529,1779717600.522529,2912785,-3827454,164284900,31608,33395,15193,61,ee57fe00,0.0,0.0,0.0,0.0,0.0,0.0
2026-05-25 10:00:00.528684,1779717600.528684,2913434,-3821468,164302189,45807,41677,-8414,61,ee57fe00,0.0,0.0,0.0,0.0,0.0,0.0
2026-05-25 10:00:00.536298,1779717600.536298,2913434,-3821468,164302189,45807,41677,-8414,61,ee57fe00,0.0,0.0,0.0,0.0,0.0,0.0
2026-05-25 10:00:00.542601,1779717600.542601,2910101,-3844716,164278118,44556,61235,-22209,61,ee57fe00,0.0,0.0,0.0,0.0,0.0,0.0
2026-05-25 10:00:00.551195,1779717600.551195,2910101,-3844716,164278118,44556,61235,-22209,61,ee57fe00,0.0,0.0,0.0,0.0,0.0,0.0
2026-05-25 10:00:00.557873,1779717600.557873,2911107,-3833389,164271121,29602,90207,-4007,61,ee57fe00,0.0,0.0,0.0,0.0,0.0,0.0
2026-05-25 10:00:00.566287,1779717600.566287,2911107,-3833389,164271121,29602,90207,-4007,61,ee57fe00,0.0,0.0,0.0,0.0,0.0,0.0
2026-05-25 10:00:00.573021,1779717600.573021,2872105,-3831694,164283601,15051,138599,-1531,61,ee57fe00,0.0,0.0,0.0,0.0,0.0,0.0
2026-05-25 10:00:00.581438,1779717600.581438,2872105,-3831694,164283601,15051,138599,-1531,61,ee57fe00,0.0,0.0,0.0,0.0,0.0,0.0
2026-05-25 10:00:00.588084,1779717600.588084,2818208,-3832143,164362526,2607,144699,3331,61,ee57fe00,0.0,0.0,0.0,0.0,0.0,0.0
2026-05-25 10:00:00.595767,1779717600.595767,2818208,-3832143,164362526,2607,144699,3331,61,ee57fe00,0.0,0.0,0.0,0.0,0.0,0.0
2026-05-25 10:00:00.602015,1779717600.602015,2786700,-3780903,164389837,22561,155970,-436,61,ee57fe00,0.0,0.0,0.0,0.0,0.0,0.0
2026-05-25 10:00:00.618390,1779717600.618390,2786700,-3780903,164389837,22561,155970,-436,61,ee57fe00,0.0,0.0,0.0,0.0,0.0,0.0
2026-05-25 10:00:00.629880,1779717600.629880,2760411,-3739979,164413597,48986,153341,-12073,61,ee57fe00,0.0,0.0,0.0,0.0,0.0,0.0
2026-05-25 10:00:00.645013,1779717600.645013,2760411,-3739979,164413597,48986,153341,-12073,61,ee57fe00,0.0,0.0,0.0,0.0,0.0,0.0
2026-05-25 10:00:00.655379,1779717600.655379,2732130,-3682704,164428880,28349,128642,-13131,61,ee57fe00,0.0,0.0,0.0,0.0,0.0,0.0
2026-05-25 10:00:00.666833,1779717600.666833,2732130,-3682704,164428880,28349,128642,-13131,61,ee57fe00,0.0,0.0,0.0,0.0,0.0,0.0
2026-05-25 10:00:00.675926,1779717600.675926,2706518,-3666241,164435055,21016,98008,-12489,61,ee57fe00,0.0,0.0,0.0,0.0,0.0,0.0
2026-05-25 10:00:00.686074,1779717600.686074,2706518,-3666241,164435055,21016,98008,-12489,61,ee57fe00,0.0,0.0,0.0,0.0,0.0,0.0
2026-05-25 10:00:00.696086,1779717600.696086,2668244,-3700008,164408641,20907,65449,-15436,61,ee57fe00,0.0,0.0,0.0,0.0,0.0,0.0
2026-05-25 10:00:00.706805,1779717600.706805,2668244,-3700008,164408641,20907,65449,-15436,61,ee57fe00,0.0,0.0,0.0,0.0,0.0,0.0
2026-05-25 10:00:00.715617,1779717600.715617,2641172,-3702192,164433072,50656,31933,697,61,ee57fe00,0.0,0.0,0.0,0.0,0.0,0.0
2026-05-25 10:00:00.724914,1779717600.724914,2641172,-3702192,164433072,50656,31933,697,61,ee57fe00,0.0,0.0,0.0,0.0,0.0,0.0
2026-05-25 10:00:00.733819,1779717600.733819,2705667,-3741404,164417886,41393,5442,-10190,61,ee57fe00,0.0,0.0,0.0,0.0,0.0,0.0
2026-05-25 10:00:00.744740,1779717600.744740,2705667,-3741404,164417886,41393,5442,-10190,61,ee57fe00,0.0,0.0,0.0,0.0,0.0,0.0
2026-05-25 10:00:00.753085,1779717600.753085,2768981,-3745414,164450611,46165,-16740,-9147,61,ee57fe00,0.0,0.0,0.0,0.0,0.0,0.0
2026-05-25 10:00:00.763708,1779717600.763708,2768981,-3745414,164450611,46165,-16740,-9147,61,ee57fe00,0.0,0.0,0.0,0.0,0.0,0.0
2026-05-25 10:00:00.772984,1779717600.772984,2832555,-3801141,164427632,55443,-35162,-2074,61,ee57fe00,0.0,0.0,0.0,0.0,0.0,0.0
2026-05-25 10:00:00.784159,1779717600.784159,2832555,-3801141,164427632,55443,-35162,-2074,61,ee57fe00,0.0,0.0,0.0,0.0,0.0,0.0
2026-05-25 10:00:00.792639,1779717600.792639,2842895,-3805354,164399267,82045,-34678,-4794,61,ee57fe00,0.0,0.0,0.0,0.0,0.0,0.0
2026-05-25 10:00:00.802781,1779717600.802781,2842895,-3805354,164399267,82045,-34678,-4794,61,ee57fe00,0.0,0.0,0.0,0.0,0.0,0.0
2026-05-25 10:00:00.809542,1779717600.809542,2858402,-3786548,164362905,82543,-19677,6422,61,ee57fe00,0.0,0.0,0.0,0.0,0.0,0.0
2026-05-25 10:00:00.819939,1779717600.819939,2858402,-3786548,164362905,82543,-19677,6422,61,ee57fe00,0.0,0.0,0.0,0.0,0.0,0.0
2026-05-25 10:00:00.826524,1779717600.826524,2851379,-3756373,164340458,73021,-20103,10749,61,ee57fe00,0.0,0.0,0.0,0.0,0.0,0.0
2026-05-25 10:00:00.835716,1779717600.835716,2851379,-3756373,164340458,73021,-20103,10749,61,ee57fe00,0.0,0.0,0.0,0.0,0.0,0.0
2026-05-25 10:00:00.843342,1779717600.843342,2818552,-3750894,164331122,82055,-14504,10815,61,ee57fe00,0.0,0.0,0.0,0.0,0.0,0.0
2026-05-25 10:00:00.852859,1779717600.852859,2818552,-3750894,164331122,82055,-14504,10815,61,ee57fe00,0.0,0.0,0.0,0.0,0.0,0.0
2026-05-25 10:00:00.860566,1779717600.860566,2857438,-3745844,164333433,84771,-5817,-8600,61,ee57fe00,0.0,0.0,0.0,0.0,0.0,0.0
2026-05-25 10:00:00.869743,1779717600.869743,2857438,-3745844,164333433,84771,-5817,-8600,61,ee57fe00,0.0,0.0,0.0,0.0,0.0,0.0
2026-05-25 10:00:00.877302,1779717600.877302,2882215,-3702612,164339897,69040,23570,-10210,61,ee57fe00,0.0,0.0,0.0,0.0,0.0,0.0
2026-05-25 10:00:00.905616,1779717600.905616,2882215,-3702612,164339897,69040,23570,-10210,61,ee57fe00,0.0,0.0,0.0,0.0,0.0,0.0
2026-05-25 10:00:00.917969,1779717600.917969,2928058,-3710517,164306331,46917,45772,-30927,61,ee57fe00,0.0,0.0,0.0,0.0,0.0,0.0
2026-05-25 10:00:00.924552,1779717600.924552,2928058,-3710517,164306331,46917,45772,-30927,61,ee57fe00,0.0,0.0,0.0,0.0,0.0,0.0
2026-05-25 10:00:00.930949,1779717600.930949,2882943,-3725243,164292011,48635,72125,-19155,61,ee57fe00,0.0,0.0,0.0,0.0,0.0,0.0
2026-05-25 10:00:00.939768,1779717600.939768,2882943,-3725243,164292011,48635,72125,-19155,61,ee57fe00,0.0,0.0,0.0,0.0,0.0,0.0
2026-05-25 10:00:00.946689,1779717600.946689,2883141,-3755622,164312992,35961,120928,-2905,61,ee57fe00,0.0,0.0,0.0,0.0,0.0,0.0
2026-05-25 10:00:00.953125,1779717600.953125,2883141,-3755622,164312992,35961,120928,-2905,61,ee57fe00,0.0,0.0,0.0,0.0,0.0,0.0
2026-05-25 10:00:00.957605,1779717600.957605,2855173,-3741731,164343719,25952,144977,5824,61,ee57fe00,0.0,0.0,0.0,0.0,0.0,0.0
2026-05-25 10:00:00.964225,1779717600.964225,2855173,-3741731,164343719,25952,144977,5824,61,ee57fe00,0.0,0.0,0.0,0.0,0.0,0.0
2026-05-25 10:00:00.969006,1779717600.969006,2882198,-3750088,164382636,527,150288,-11831,61,ee57fe00,0.0,0.0,0.0,0.0,0.0,0.0
2026-05-25 10:00:00.974912,1779717600.974912,2882198,-3750088,164382636,527,150288,-11831,61,ee57fe00,0.0,0.0,0.0,0.0,0.0,0.0
2026-05-25 10:00:00.979857,1779717600.979857,2757275,-3773359,164425823,8225,135768,-22750,61,ee57fe00,0.0,0.0,0.0,0.0,0.0,0.0
2026-05-25 10:00:00.985314,1779717600.985314,2757275,-3773359,164425823,8225,135768,-22750,61,ee57fe00,0.0,0.0,0.0,0.0,0.0,0.0
2026-05-25 10:00:00.991403,1779717600.991403,2699337,-3781526,164406323,29583,109647,-35044,61,ee57fe00,0.0,0.0,0.0,0.0,0.0,0.0
2026-05-25 10:00:00.997746,1779717600.997746,2699337,-3781526,164406323,29583,109647,-35044,61,ee57fe00,0.0,0.0,0.0,0.0,0.0,0.0
2026-05-25 10:00:01.003604,1779717601.003604,2650844,-3796570,164409303,73651,92957,-26698,61,ee57fe00,0.0,0.0,0.0,0.0,0.0,0.0
2026-05-25 10:00:01.010956,1779717601.010956,2650844,-3796570,164409303,73651,92957,-26698,61,ee57fe00,0.0,0.0,0.0,0.0,0.0,0.0
2026-05-25 10:00:01.017490,1779717601.017490,2663094,-3771911,164381232,83379,63026,-13049,61,ee57fe00,0.0,0.0,0.0,0.0,0.0,0.0
2026-05-25 10:00:01.025466,1779717601.025466,2663094,-3771911,164381232,83379,63026,-13049,61,ee57fe00,0.0,0.0,0.0,0.0,0.0,0.0
2026-05-25 10:00:01.031224,1779717601.031224,2686482,-3764462,164366848,92649,37482,5833,61,ee57fe00,0.0,0.0,0.0,0.0,0.0,0.0
2026-05-25 10:00:01.038254,1779717601.038254,2686482,-3764462,164366848,92649,37482,5833,61,ee57fe00,0.0,0.0,0.0,0.0,0.0,0.0
2026-05-25 10:00:01.043527,1779717601.043527,2697534,-3764615,164393839,54833,13833,10594,61,ee57fe00,0.0,0.0,0.0,0.0,0.0,0.0
2026-05-25 10:00:01.051620,1779717601.051620,2697534,-3764615,164393839,54833,13833,10594,61,ee57fe00,0.0,0.0,0.0,0.0,0.0,0.0
2026-05-25 10:00:01.057033,1779717601.057033,2747268,-3784939,164379266,50015,-9291,15064,61,ee57fe00,0.0,0.0,0.0,0.0,0.0,0.0
2026-05-25 10:00:01.066849,1779717601.066849,2747268,-3784939,164379266,50015,-9291,15064,61,ee57fe00,0.0,0.0,0.0,0.0,0.0,0.0
2026-05-25 10:00:01.076490,1779717601.076490,2796957,-3789630,164349945,54886,-4851,-21610,61,ee57fe00,0.0,0.0,0.0,0.0,0.0,0.0
2026-05-25 10:00:01.085270,1779717601.085270,2796957,-3789630,164349945,54886,-4851,-21610,61,ee57fe00,0.0,0.0,0.0,0.0,0.0,0.0
2026-05-25 10:00:01.091986,1779717601.091986,2763788,-3757696,164309853,56443,-13448,-6210,61,ee57fe00,0.0,0.0,0.0,0.0,0.0,0.0
2026-05-25 10:00:01.099896,1779717601.099896,2763788,-3757696,164309853,56443,-13448,-6210,61,ee57fe00,0.0,0.0,0.0,0.0,0.0,0.0
2026-05-25 10:00:01.109869,1779717601.109869,2741841,-3757291,164313974,75556,-21769,-23238,61,ee57fe00,0.0,0.0,0.0,0.0,0.0,0.0
2026-05-25 10:00:01.119144,1779717601.119144,2741841,-3757291,164313974,75556,-21769,-23238,61,ee57fe00,0.0,0.0,0.0,0.0,0.0,0.0
2026-05-25 10:00:01.127438,1779717601.127438,2783402,-3744152,164360119,58509,-26774,-19617,61,ee57fe00,0.0,0.0,0.0,0.0,0.0,0.0
2026-05-25 10:00:01.135084,1779717601.135084,2783402,-3744152,164360119,58509,-26774,-19617,61,ee57fe00,0.0,0.0,0.0,0.0,0.0,0.0
2026-05-25 10:00:01.140156,1779717601.140156,2877525,-3781956,164326746,65404,4529,-18893,61,ee57fe00,0.0,0.0,0.0,0.0,0.0,0.0
2026-05-25 10:00:01.147127,1779717601.147127,2877525,-3781956,164326746,65404,4529,-18893,61,ee57fe00,0.0,0.0,0.0,0.0,0.0,0.0
2026-05-25 10:00:01.152140,1779717601.152140,2933170,-3788287,164314172,58044,37826,-11297,61,ee57fe00,0.0,0.0,0.0,0.0,0.0,0.0
2026-05-25 10:00:01.162358,1779717601.162358,2933170,-3788287,164314172,58044,37826,-11297,61,ee57fe00,0.0,0.0,0.0,0.0,0.0,0.0
2026-05-25 10:00:01.170053,1779717601.170053,2934551,-3812651,164312616,57468,51642,3935,61,ee57fe00,0.0,0.0,0.0,0.0,0.0,0.0
2026-05-25 10:00:01.182878,1779717601.182878,2934551,-3812651,164312616,57468,51642,3935,61,ee57fe00,0.0,0.0,0.0,0.0,0.0,0.0
2026-05-25 10:00:01.191030,1779717601.191030,2908319,-3804558,164279707,64871,54605,-8593,61,ee57fe00,0.0,0.0,0.0,0.0,0.0,0.0
2026-05-25 10:00:01.197410,1779717601.197410,2908319,-3804558,164279707,64871,54605,-8593,61,ee57fe00,0.0,0.0,0.0,0.0,0.0,0.0
2026-05-25 10:00:01.202988,1779717601.202988,2864644,-3788159,164268943,72766,80106,-866,61,ee57fe00,0.0,0.0,0.0,0.0,0.0,0.0
2026-05-25 10:00:01.209942,1779717601.209942,2864644,-3788159,164268943,72766,80106,-866,61,ee57fe00,0.0,0.0,0.0,0.0,0.0,0.0
2026-05-25 10:00:01.219308,1779717601.219308,2841285,-3780783,164275340,64373,113931,-14437,61,ee57fe00,0.0,0.0,0.0,0.0,0.0,0.0
2026-05-25 10:00:01.230761,1779717601.230761,2841285,-3780783,164275340,64373,113931,-14437,61,ee57fe00,0.0,0.0,0.0,0.0,0.0,0.0
2026-05-25 10:00:01.238728,1779717601.238728,2800125,-3790341,164276789,67297,141100,-6066,61,ee57fe00,0.0,0.0,0.0,0.0,0.0,0.0
2026-05-25 10:00:01.251715,1779717601.251715,2800125,-3790341,164276789,67297,141100,-6066,61,ee57fe00,0.0,0.0,0.0,0.0,0.0,0.0
2026-05-25 10:00:01.262273,1779717601.262273,2812392,-3717550,164301910,74458,151653,-14619,61,ee57fe00,0.0,0.0,0.0,0.0,0.0,0.0
2026-05-25 10:00:01.275709,1779717601.275709,2812392,-3717550,164301910,74458,151653,-14619,61,ee57fe00,0.0,0.0,0.0,0.0,0.0,0.0
2026-05-25 10:00:01.285104,1779717601.285104,2754824,-3686724,164339337,76646,123863,-1091,61,ee57fe00,0.0,0.0,0.0,0.0,0.0,0.0
2026-05-25 10:00:01.294984,1779717601.294984,2754824,-3686724,164339337,76646,123863,-1091,61,ee57fe00,0.0,0.0,0.0,0.0,0.0,0.0
2026-05-25 10:00:01.304042,1779717601.304042,2706868,-3665160,164415519,61910,121510,-4610,61,ee57fe00,0.0,0.0,0.0,0.0,0.0,0.0
2026-05-25 10:00:01.314720,1779717601.314720,2706868,-3665160,164415519,61910,121510,-4610,61,ee57fe00,0.0,0.0,0.0,0.0,0.0,0.0
2026-05-25 10:00:01.322600,1779717601.322600,2677120,-3731877,164472653,45949,67458,2492,61,ee57fe00,0.0,0.0,0.0,0.0,0.0,0.0
2026-05-25 10:00:01.331432,1779717601.331432,2677120,-3731877,164472653,45949,67458,2492,61,ee57fe00,0.0,0.0,0.0,0.0,0.0,0.0
2026-05-25 10:00:01.339079,1779717601.339079,2714571,-3765631,164446346,20610,45239,22146,61,ee57fe00,0.0,0.0,0.0,0.0,0.0,0.0
2026-05-25 10:00:01.348396,1779717601.348396,2714571,-3765631,164446346,20610,45239,22146,61,ee57fe00,0.0,0.0,0.0,0.0,0.0,0.0
2026-05-25 10:00:01.357573,1779717601.357573,2731033,-3767035,164452019,7292,19644,15720,61,ee57fe00,0.0,0.0,0.0,0.0,0.0,0.0
2026-05-25 10:00:01.366020,1779717601.366020,2731033,-3767035,164452019,7292,19644,15720,61,ee57fe00,0.0,0.0,0.0,0.0,0.0,0.0
2026-05-25 10:00:01.371801,1779717601.371801,2744956,-3815323,164399759,14802,-4514,-1130,61,ee57fe00,0.0,0.0,0.0,0.0,0.0,0.0
2026-05-25 10:00:01.380152,1779717601.380152,2744956,-3815323,164399759,14802,-4514,-1130,61,ee57fe00,0.0,0.0,0.0,0.0,0.0,0.0
2026-05-25 10:00:01.385593,1779717601.385593,2769774,-3838773,164399585,46722,-19773,-55734,61,ee57fe00,0.0,0.0,0.0,0.0,0.0,0.0
2026-05-25 10:00:01.391981,1779717601.391981,2769774,-3838773,164399585,46722,-19773,-55734,61,ee57fe00,0.0,0.0,0.0,0.0,0.0,0.0
2026-05-25 10:00:01.397756,1779717601.397756,2787938,-3888454,164371846,32227,-27140,-54810,61,ee57fe00,0.0,0.0,0.0,0.0,0.0,0.0
2026-05-25 10:00:01.404794,1779717601.404794,2787938,-3888454,164371846,32227,-27140,-54810,61,ee57fe00,0.0,0.0,0.0,0.0,0.0,0.0
2026-05-25 10:00:01.410692,1779717601.410692,2774576,-3840342,164336190,56484,-45755,-30408,61,ee57fe00,0.0,0.0,0.0,0.0,0.0,0.0
2026-05-25 10:00:01.417297,1779717601.417297,2774576,-3840342,164336190,56484,-45755,-30408,61,ee57fe00,0.0,0.0,0.0,0.0,0.0,0.0
2026-05-25 10:00:01.423884,1779717601.423884,2813656,-3775930,164282507,58911,-21386,-9681,61,ee57fe00,0.0,0.0,0.0,0.0,0.0,0.0
2026-05-25 10:00:01.432713,1779717601.432713,2813656,-3775930,164282507,58911,-21386,-9681,61,ee57fe00,0.0,0.0,0.0,0.0,0.0,0.0
2026-05-25 10:00:01.440896,1779717601.440896,2879276,-3727402,164279753,84145,-20637,-18282,61,ee57fe00,0.0,0.0,0.0,0.0,0.0,0.0
2026-05-25 10:00:01.449376,1779717601.449376,2879276,-3727402,164279753,84145,-20637,-18282,61,ee57fe00,0.0,0.0,0.0,0.0,0.0,0.0
2026-05-25 10:00:01.458534,1779717601.458534,2979837,-3696895,164271774,69266,20388,-37910,61,ee57fe00,0.0,0.0,0.0,0.0,0.0,0.0
2026-05-25 10:00:01.468311,1779717601.468311,2979837,-3696895,164271774,69266,20388,-37910,61,ee57fe00,0.0,0.0,0.0,0.0,0.0,0.0
2026-05-25 10:00:01.474923,1779717601.474923,2955075,-3717831,164287642,40624,44502,-50464,61,ee57fe00,0.0,0.0,0.0,0.0,0.0,0.0
2026-05-25 10:00:01.482888,1779717601.482888,2955075,-3717831,164287642,40624,44502,-50464,61,ee57fe00,0.0,0.0,0.0,0.0,0.0,0.0
2026-05-25 10:00:01.488789,1779717601.488789,2912524,-3663659,164289969,10011,81749,-41466,61,ee57fe00,0.0,0.0,0.0,0.0,0.0,0.0
2026-05-25 10:00:01.495376,1779717601.495376,2912524,-3663659,164289969,10011,81749,-41466,61,ee57fe00,0.0,0.0,0.0,0.0,0.0,0.0
2026-05-25 10:00:01.500488,1779717601.500488,2859406,-3677525,164309006,21965,113303,-12728,61,ee57fe00,0.0,0.0,0.0,0.0,0.0,0.0
2026-05-25 10:00:01.507085,1779717601.507085,2859406,-3677525,164309006,21965,113303,-12728,61,ee57fe00,0.0,0.0,0.0,0.0,0.0,0.0
2026-05-25 10:00:01.512703,1779717601.512703,2825004,-3701561,164344957,34028,129171,21107,61,ee57fe00,0.0,0.0,0.0,0.0,0.0,0.0
2026-05-25 10:00:01.521910,1779717601.521910,2825004,-3701561,164344957,34028,129171,21107,61,ee57fe00,0.0,0.0,0.0,0.0,0.0,0.0
2026-05-25 10:00:01.530176,1779717601.530176,2802069,-3756645,164359249,44704,114269,15275,61,ee57fe00,0.0,0.0,0.0,0.0,0.0,0.0
2026-05-25 10:00:01.537570,1779717601.537570,2802069,-3756645,164359249,44704,114269,15275,61,ee57fe00,0.0,0.0,0.0,0.0,0.0,0.0
2026-05-25 10:00:01.545060,1779717601.545060,2841905,-3783485,164383284,44825,95721,-4016,61,ee57fe00,0.0,0.0,0.0,0.0,0.0,0.0
2026-05-25 10:00:01.552916,1779717601.552916,2841905,-3783485,164383284,44825,95721,-4016,61,ee57fe00,0.0,0.0,0.0,0.0,0.0,0.0
2026-05-25 10:00:01.558878,1779717601.558878,2869273,-3803094,164348040,53282,79244,-11682,61,ee57fe00,0.0,0.0,0.0,0.0,0.0,0.0
2026-05-25 10:00:01.566989,1779717601.566989,2869273,-3803094,164348040,53282,79244,-11682,61,ee57fe00,0.0,0.0,0.0,0.0,0.0,0.0
2026-05-25 10:00:01.572318,1779717601.572318,2847425,-3848180,164361344,75089,92361,5935,61,ee57fe00,0.0,0.0,0.0,0.0,0.0,0.0
2026-05-25 10:00:01.578863,1779717601.578863,2847425,-3848180,164361344,75089,92361,5935,61,ee57fe00,0.0,0.0,0.0,0.0,0.0,0.0
2026-05-25 10:00:01.584545,1779717601.584545,2783132,-3885049,164333055,73275,96218,721,61,ee57fe00,0.0,0.0,0.0,0.0,0.0,0.0
2026-05-25 10:00:01.591751,1779717601.591751,2783132,-3885049,164333055,73275,96218,721,61,ee57fe00,0.0,0.0,0.0,0.0,0.0,0.0
2026-05-25 10:00:01.597226,1779717601.597226,2725864,-3861436,164348176,69098,97172,6813,61,ee57fe00,0.0,0.0,0.0,0.0,0.0,0.0
2026-05-25 10:00:01.604379,1779717601.604379,2725864,-3861436,164348176,69098,97172,6813,61,ee57fe00,0.0,0.0,0.0,0.0,0.0,0.0
2026-05-25 10:00:01.609455,1779717601.609455,2711210,-3800073,164394203,51824,68549,-22522,61,ee57fe00,0.0,0.0,0.0,0.0,0.0,0.0
2026-05-25 10:00:01.614890,1779717601.614890,2711210,-3800073,164394203,51824,68549,-22522,61,ee57fe00,0.0,0.0,0.0,0.0,0.0,0.0
2026-05-25 10:00:01.620071,1779717601.620071,2709881,-3767820,164425830,61090,41193,-26925,61,ee57fe00,0.0,0.0,0.0,0.0,0.0,0.0
2026-05-25 10:00:01.626303,1779717601.626303,2709881,-3767820,164425830,61090,41193,-26925,61,ee57fe00,0.0,0.0,0.0,0.0,0.0,0.0
2026-05-25 10:00:01.631556,1779717601.631556,2741065,-3739292,164389653,71965,9069,-20700,61,ee57fe00,0.0,0.0,0.0,0.0,0.0,0.0
2026-05-25 10:00:01.637768,1779717601.637768,2741065,-3739292,164389653,71965,9069,-20700,61,ee57fe00,0.0,0.0,0.0,0.0,0.0,0.0
2026-05-25 10:00:01.643102,1779717601.643102,2732457,-3747526,164392438,81690,-4561,-26348,61,ee57fe00,0.0,0.0,0.0,0.0,0.0,0.0
2026-05-25 10:00:01.650014,1779717601.650014,2732457,-3747526,164392438,81690,-4561,-26348,61,ee57fe00,0.0,0.0,0.0,0.0,0.0,0.0
2026-05-25 10:00:01.657755,1779717601.657755,2748898,-3712859,164332307,92825,-29368,-16966,61,ee57fe00,0.0,0.0,0.0,0.0,0.0,0.0
2026-05-25 10:00:01.664458,1779717601.664458,2748898,-3712859,164332307,92825,-29368,-16966,61,ee57fe00,0.0,0.0,0.0,0.0,0.0,0.0
2026-05-25 10:00:01.670326,1779717601.670326,2769670,-3703404,164406604,81953,-10772,-19659,61,ee57fe00,0.0,0.0,0.0,0.0,0.0,0.0
2026-05-25 10:00:01.681458,1779717601.681458,2769670,-3703404,164406604,81953,-10772,-19659,61,ee57fe00,0.0,0.0,0.0,0.0,0.0,0.0
2026-05-25 10:00:01.690095,1779717601.690095,2811814,-3693968,164371086,51233,4393,4560,61,ee57fe00,0.0,0.0,0.0,0.0,0.0,0.0
2026-05-25 10:00:01.700719,1779717601.700719,2811814,-3693968,164371086,51233,4393,4560,61,ee57fe00,0.0,0.0,0.0,0.0,0.0,0.0
2026-05-25 10:00:01.708230,1779717601.708230,2822133,-3730348,164367207,27311,34616,2785,61,ee57fe00,0.0,0.0,0.0,0.0,0.0,0.0
2026-05-25 10:00:01.716710,1779717601.716710,2822133,-3730348,164367207,27311,34616,2785,61,ee57fe00,0.0,0.0,0.0,0.0,0.0,0.0
2026-05-25 10:00:01.725360,1779717601.725360,2844227,-3763042,164279618,16403,49152,-14855,61,ee57fe00,0.0,0.0,0.0,0.0,0.0,0.0
2026-05-25 10:00:01.735961,1779717601.735961,2844227,-3763042,164279618,16403,49152,-14855,61,ee57fe00,0.0,0.0,0.0,0.0,0.0,0.0
2026-05-25 10:00:01.744566,1779717601.744566,2904361,-3768255,164288062,16870,55713,-21509,61,ee57fe00,0.0,0.0,0.0,0.0,0.0,0.0
2026-05-25 10:00:01.754511,1779717601.754511,2904361,-3768255,164288062,16870,55713,-21509,61,ee57fe00,0.0,0.0,0.0,0.0,0.0,0.0
2026-05-25 10:00:01.762801,1779717601.762801,2941674,-3756152,164273113,32511,70798,-33090,61,ee57fe00,0.0,0.0,0.0,0.0,0.0,0.0
2026-05-25 10:00:01.774181,1779717601.774181,2941674,-3756152,164273113,32511,70798,-33090,61,ee57fe00,0.0,0.0,0.0,0.0,0.0,0.0
2026-05-25 10:00:01.783137,1779717601.783137,2955578,-3747172,164273057,29049,90189,-13216,61,ee57fe00,0.0,0.0,0.0,0.0,0.0,0.0
2026-05-25 10:00:01.793048,1779717601.793048,2955578,-3747172,164273057,29049,90189,-13216,61,ee57fe00,0.0,0.0,0.0,0.0,0.0,0.0
2026-05-25 10:00:01.800819,1779717601.800819,2883399,-3746874,164237617,31232,123238,-3630,61,ee57fe00,0.0,0.0,0.0,0.0,0.0,0.0
2026-05-25 10:00:01.812258,1779717601.812258,2883399,-3746874,164237617,31232,123238,-3630,61,ee57fe00,0.0,0.0,0.0,0.0,0.0,0.0
2026-05-25 10:00:01.821074,1779717601.821074,2815456,-3732808,164286587,38340,129319,17363,61,ee57fe00,0.0,0.0,0.0,0.0,0.0,0.0
2026-05-25 10:00:01.831490,1779717601.831490,2815456,-3732808,164286587,38340,129319,17363,61,ee57fe00,0.0,0.0,0.0,0.0,0.0,0.0
2026-05-25 10:00:01.840085,1779717601.840085,2729219,-3720095,164318618,44349,120299,8625,61,ee57fe00,0.0,0.0,0.0,0.0,0.0,0.0
2026-05-25 10:00:01.850655,1779717601.850655,2729219,-3720095,164318618,44349,120299,8625,61,ee57fe00,0.0,0.0,0.0,0.0,0.0,0.0
2026-05-25 10:00:01.856139,1779717601.856139,2741420,-3708381,164383198,63693,95331,-5486,61,ee57fe00,0.0,0.0,0.0,0.0,0.0,0.0
2026-05-25 10:00:01.862162,1779717601.862162,2741420,-3708381,164383198,63693,95331,-5486,61,ee57fe00,0.0,0.0,0.0,0.0,0.0,0.0
2026-05-25 10:00:01.866896,1779717601.866896,2753283,-3724162,164367075,55738,73300,-30644,61,ee57fe00,0.0,0.0,0.0,0.0,0.0,0.0
2026-05-25 10:00:01.872550,1779717601.872550,2753283,-3724162,164367075,55738,73300,-30644,61,ee57fe00,0.0,0.0,0.0,0.0,0.0,0.0
2026-05-25 10:00:01.877490,1779717601.877490,2747515,-3728287,164406421,76007,50770,-23682,61,ee57fe00,0.0,0.0,0.0,0.0,0.0,0.0
2026-05-25 10:00:01.882851,1779717601.882851,2747515,-3728287,164406421,76007,50770,-23682,61,ee57fe00,0.0,0.0,0.0,0.0,0.0,0.0
2026-05-25 10:00:01.890726,1779717601.890726,2724614,-3725191,164406547,52527,50477,-26873,61,ee57fe00,0.0,0.0,0.0,0.0,0.0,0.0
2026-05-25 10:00:01.899508,1779717601.899508,2724614,-3725191,164406547,52527,50477,-26873,61,ee57fe00,0.0,0.0,0.0,0.0,0.0,0.0
2026-05-25 10:00:01.906627,1779717601.906627,2718546,-3698101,164416648,46789,36275,-8992,61,ee57fe00,0.0,0.0,0.0,0.0,0.0,0.0
2026-05-25 10:00:01.915500,1779717601.915500,2718546,-3698101,164416648,46789,36275,-8992,61,ee57fe00,0.0,0.0,0.0,0.0,0.0,0.0
2026-05-25 10:00:01.924051,1779717601.924051,2698460,-3703321,164431020,37710,14135,-15508,61,ee57fe00,0.0,0.0,0.0,0.0,0.0,0.0
2026-05-25 10:00:01.934741,1779717601.934741,2698460,-3703321,164431020,37710,14135,-15508,61,ee57fe00,0.0,0.0,0.0,0.0,0.0,0.0
2026-05-25 10:00:01.943126,1779717601.943126,2723223,-3746736,164409268,32511,-2570,-6961,61,ee57fe00,0.0,0.0,0.0,0.0,0.0,0.0
2026-05-25 10:00:01.954307,1779717601.954307,2723223,-3746736,164409268,32511,-2570,-6961,61,ee57fe00,0.0,0.0,0.0,0.0,0.0,0.0
2026-05-25 10:00:01.962282,1779717601.962282,2711910,-3766706,164395264,60428,-27936,-20279,61,ee57fe00,0.0,0.0,0.0,0.0,0.0,0.0
2026-05-25 10:00:01.973316,1779717601.973316,2711910,-3766706,164395264,60428,-27936,-20279,61,ee57fe00,0.0,0.0,0.0,0.0,0.0,0.0
2026-05-25 10:00:01.979575,1779717601.979575,2759714,-3781423,164353661,52159,-20006,-5956,61,ee57fe00,0.0,0.0,0.0,0.0,0.0,0.0
2026-05-25 10:00:01.985610,1779717601.985610,2759714,-3781423,164353661,52159,-20006,-5956,61,ee57fe00,0.0,0.0,0.0,0.0,0.0,0.0
2026-05-25 10:00:01.993174,1779717601.993174,2773523,-3794418,164325511,52678,-30319,-3845,61,ee57fe00,0.0,0.0,0.0,0.0,0.0,0.0
2026-05-25 10:00:02.001380,1779717602.001380,2773523,-3794418,164325511,52678,-30319,-3845,61,ee57fe00,0.0,0.0,0.0,0.0,0.0,0.0
2026-05-25 10:00:02.007865,1779717602.007865,2797381,-3736884,164333009,35850,-9699,246,61,ee57fe00,0.0,0.0,0.0,0.0,0.0,0.0
2026-05-25 10:00:02.022923,1779717602.022923,2797381,-3736884,164333009,35850,-9699,246,61,ee57fe00,0.0,0.0,0.0,0.0,0.0,0.0
2026-05-25 10:00:02.030479,1779717602.030479,2826298,-3763293,164310518,43048,35,1351,61,ee57fe00,0.0,0.0,0.0,0.0,0.0,0.0
2026-05-25 10:00:02.038581,1779717602.038581,2826298,-3763293,164310518,43048,35,1351,61,ee57fe00,0.0,0.0,0.0,0.0,0.0,0.0
2026-05-25 10:00:02.043893,1779717602.043893,2889064,-3738008,164279683,45401,22690,-16426,61,ee57fe00,0.0,0.0,0.0,0.0,0.0,0.0
2026-05-25 10:00:02.051463,1779717602.051463,2889064,-3738008,164279683,45401,22690,-16426,61,ee57fe00,0.0,0.0,0.0,0.0,0.0,0.0
2026-05-25 10:00:02.058937,1779717602.058937,2890057,-3789812,164318401,35340,45683,-24007,61,ee57fe00,0.0,0.0,0.0,0.0,0.0,0.0
2026-05-25 10:00:02.069271,1779717602.069271,2890057,-3789812,164318401,35340,45683,-24007,61,ee57fe00,0.0,0.0,0.0,0.0,0.0,0.0
2026-05-25 10:00:02.078179,1779717602.078179,2931087,-3768879,164291177,55760,78122,-24341,61,ee57fe00,0.0,0.0,0.0,0.0,0.0,0.0
2026-05-25 10:00:02.087935,1779717602.087935,2931087,-3768879,164291177,55760,78122,-24341,61,ee57fe00,0.0,0.0,0.0,0.0,0.0,0.0
2026-05-25 10:00:02.095844,1779717602.095844,2907507,-3767662,164339391,84023,92474,-10879,61,ee57fe00,0.0,0.0,0.0,0.0,0.0,0.0
2026-05-25 10:00:02.107328,1779717602.107328,2907507,-3767662,164339391,84023,92474,-10879,61,ee57fe00,0.0,0.0,0.0,0.0,0.0,0.0
2026-05-25 10:00:02.116747,1779717602.116747,2868241,-3772134,164322807,73295,106968,-809,61,ee57fe00,0.0,0.0,0.0,0.0,0.0,0.0
2026-05-25 10:00:02.127787,1779717602.127787,2868241,-3772134,164322807,73295,106968,-809,61,ee57fe00,0.0,0.0,0.0,0.0,0.0,0.0
2026-05-25 10:00:02.135330,1779717602.135330,2779138,-3804771,164345249,41719,92254,-9902,61,ee57fe00,0.0,0.0,0.0,0.0,0.0,0.0
2026-05-25 10:00:02.141647,1779717602.141647,2779138,-3804771,164345249,41719,92254,-9902,61,ee57fe00,0.0,0.0,0.0,0.0,0.0,0.0
2026-05-25 10:00:02.148053,1779717602.148053,2728985,-3802223,164352528,26981,92095,7358,61,ee57fe00,0.0,0.0,0.0,0.0,0.0,0.0
2026-05-25 10:00:02.154566,1779717602.154566,2728985,-3802223,164352528,26981,92095,7358,61,ee57fe00,0.0,0.0,0.0,0.0,0.0,0.0
2026-05-25 10:00:02.159812,1779717602.159812,2726747,-3794790,164384112,25644,79839,5718,61,ee57fe00,0.0,0.0,0.0,0.0,0.0,0.0
2026-05-25 10:00:02.166828,1779717602.166828,2726747,-3794790,164384112,25644,79839,5718,61,ee57fe00,0.0,0.0,0.0,0.0,0.0,0.0
2026-05-25 10:00:02.172259,1779717602.172259,2772511,-3785907,164423213,35648,88897,-5317,61,ee57fe00,0.0,0.0,0.0,0.0,0.0,0.0
2026-05-25 10:00:02.183754,1779717602.183754,2772511,-3785907,164423213,35648,88897,-5317,61,ee57fe00,0.0,0.0,0.0,0.0,0.0,0.0
2026-05-25 10:00:02.191664,1779717602.191664,2791710,-3823278,164389981,27949,75715,-11368,61,ee57fe00,0.0,0.0,0.0,0.0,0.0,0.0
2026-05-25 10:00:02.200475,1779717602.200475,2791710,-3823278,164389981,27949,75715,-11368,61,ee57fe00,0.0,0.0,0.0,0.0,0.0,0.0
2026-05-25 10:00:02.208574,1779717602.208574,2797531,-3827104,164393701,49862,88632,-17157,61,ee57fe00,0.0,0.0,0.0,0.0,0.0,0.0
2026-05-25 10:00:02.216830,1779717602.216830,2797531,-3827104,164393701,49862,88632,-17157,61,ee57fe00,0.0,0.0,0.0,0.0,0.0,0.0
2026-05-25 10:00:02.224575,1779717602.224575,2766698,-3833317,164360037,53915,90751,-2140,61,ee57fe00,0.0,0.0,0.0,0.0,0.0,0.0
2026-05-25 10:00:02.234089,1779717602.234089,2766698,-3833317,164360037,53915,90751,-2140,61,ee57fe00,0.0,0.0,0.0,0.0,0.0,0.0
2026-05-25 10:00:02.242678,1779717602.242678,2752894,-3776783,164421580,58932,70279,3513,61,ee57fe00,0.0,0.0,0.0,0.0,0.0,0.0
2026-05-25 10:00:02.252361,1779717602.252361,2752894,-3776783,164421580,58932,70279,3513,61,ee57fe00,0.0,0.0,0.0,0.0,0.0,0.0
2026-05-25 10:00:02.261473,1779717602.261473,2727152,-3752609,164432530,54336,82354,25056,61,ee57fe00,0.0,0.0,0.0,0.0,0.0,0.0
2026-05-25 10:00:02.270726,1779717602.270726,2727152,-3752609,164432530,54336,82354,25056,61,ee57fe00,0.0,0.0,0.0,0.0,0.0,0.0
2026-05-25 10:00:02.281632,1779717602.281632,2740975,-3679115,164458647,38119,59990,21996,61,ee57fe00,0.0,0.0,0.0,0.0,0.0,0.0
2026-05-25 10:00:02.291126,1779717602.291126,2740975,-3679115,164458647,38119,59990,21996,61,ee57fe00,0.0,0.0,0.0,0.0,0.0,0.0
2026-05-25 10:00:02.298323,1779717602.298323,2683342,-3678236,164441667,55352,38428,24852,61,ee57fe00,0.0,0.0,0.0,0.0,0.0,0.0
2026-05-25 10:00:02.308056,1779717602.308056,2683342,-3678236,164441667,55352,38428,24852,61,ee57fe00,0.0,0.0,0.0,0.0,0.0,0.0
2026-05-25 10:00:02.316167,1779717602.316167,2764166,-3714006,164412626,41369,35728,1378,61,ee57fe00,0.0,0.0,0.0,0.0,0.0,0.0
2026-05-25 10:00:02.325440,1779717602.325440,2764166,-3714006,164412626,41369,35728,1378,61,ee57fe00,0.0,0.0,0.0,0.0,0.0,0.0
2026-05-25 10:00:02.332641,1779717602.332641,2786536,-3801379,164345218,52089,23458,-5015,61,ee57fe00,0.0,0.0,0.0,0.0,0.0,0.0
2026-05-25 10:00:02.341690,1779717602.341690,2786536,-3801379,164345218,52089,23458,-5015,61,ee57fe00,0.0,0.0,0.0,0.0,0.0,0.0
2026-05-25 10:00:02.347808,1779717602.347808,2911594,-3849630,164307908,58484,30403,-10993,61,ee57fe00,0.0,0.0,0.0,0.0,0.0,0.0
2026-05-25 10:00:02.354512,1779717602.354512,2911594,-3849630,164307908,58484,30403,-10993,61,ee57fe00,0.0,0.0,0.0,0.0,0.0,0.0
2026-05-25 10:00:02.359994,1779717602.359994,2949071,-3838457,164288447,35516,43872,-16164,61,ee57fe00,0.0,0.0,0.0,0.0,0.0,0.0
2026-05-25 10:00:02.367185,1779717602.367185,2949071,-3838457,164288447,35516,43872,-16164,61,ee57fe00,0.0,0.0,0.0,0.0,0.0,0.0
2026-05-25 10:00:02.373532,1779717602.373532,2933906,-3795428,164289858,25752,69940,-6925,61,ee57fe00,0.0,0.0,0.0,0.0,0.0,0.0
2026-05-25 10:00:02.380108,1779717602.380108,2933906,-3795428,164289858,25752,69940,-6925,61,ee57fe00,0.0,0.0,0.0,0.0,0.0,0.0
2026-05-25 10:00:02.386172,1779717602.386172,2866842,-3763854,164335351,25270,90378,-502,61,ee57fe00,0.0,0.0,0.0,0.0,0.0,0.0
2026-05-25 10:00:02.394732,1779717602.394732,2866842,-3763854,164335351,25270,90378,-502,61,ee57fe00,0.0,0.0,0.0,0.0,0.0,0.0
2026-05-25 10:00:02.403270,1779717602.403270,2818209,-3772633,164352118,38091,92899,-1431,61,ee57fe00,0.0,0.0,0.0,0.0,0.0,0.0
2026-05-25 10:00:02.411834,1779717602.411834,2818209,-3772633,164352118,38091,92899,-1431,61,ee57fe00,0.0,0.0,0.0,0.0,0.0,0.0
2026-05-25 10:00:02.418762,1779717602.418762,2834005,-3741739,164378144,49378,82377,-1277,61,ee57fe00,0.0,0.0,0.0,0.0,0.0,0.0
2026-05-25 10:00:02.428749,1779717602.428749,2834005,-3741739,164378144,49378,82377,-1277,61,ee57fe00,0.0,0.0,0.0,0.0,0.0,0.0
2026-05-25 10:00:02.434046,1779717602.434046,2836197,-3774639,164336241,28947,83647,825,61,ee57fe00,0.0,0.0,0.0,0.0,0.0,0.0
2026-05-25 10:00:02.441684,1779717602.441684,2836197,-3774639,164336241,28947,83647,825,61,ee57fe00,0.0,0.0,0.0,0.0,0.0,0.0
2026-05-25 10:00:02.448146,1779717602.448146,2849643,-3744337,164319698,32052,69848,-4462,61,ee57fe00,0.0,0.0,0.0,0.0,0.0,0.0
2026-05-25 10:00:02.455845,1779717602.455845,2849643,-3744337,164319698,32052,69848,-4462,61,ee57fe00,0.0,0.0,0.0,0.0,0.0,0.0
2026-05-25 10:00:02.460543,1779717602.460543,2812581,-3751799,164298586,33542,108521,-17884,61,ee57fe00,0.0,0.0,0.0,0.0,0.0,0.0
2026-05-25 10:00:02.484154,1779717602.484154,2812581,-3751799,164298586,33542,108521,-17884,61,ee57fe00,0.0,0.0,0.0,0.0,0.0,0.0
2026-05-25 10:00:02.498944,1779717602.498944,2827566,-3762526,164314519,31803,120199,-29997,61,ee57fe00,0.0,0.0,0.0,0.0,0.0,0.0
2026-05-25 10:00:02.509997,1779717602.509997,2827566,-3762526,164314519,31803,120199,-29997,61,ee57fe00,0.0,0.0,0.0,0.0,0.0,0.0
2026-05-25 10:00:02.519054,1779717602.519054,2784910,-3781411,164321719,17924,119171,-55232,61,ee57fe00,0.0,0.0,0.0,0.0,0.0,0.0
2026-05-25 10:00:02.530127,1779717602.530127,2784910,-3781411,164321719,17924,119171,-55232,61,ee57fe00,0.0,0.0,0.0,0.0,0.0,0.0
2026-05-25 10:00:02.537335,1779717602.537335,2745500,-3775105,164373783,43370,98771,-45957,61,ee57fe00,0.0,0.0,0.0,0.0,0.0,0.0
2026-05-25 10:00:02.545478,1779717602.545478,2745500,-3775105,164373783,43370,98771,-45957,61,ee57fe00,0.0,0.0,0.0,0.0,0.0,0.0
2026-05-25 10:00:02.550992,1779717602.550992,2691865,-3746888,164431723,60854,61776,-50138,61,ee57fe00,0.0,0.0,0.0,0.0,0.0,0.0
2026-05-25 10:00:02.558844,1779717602.558844,2691865,-3746888,164431723,60854,61776,-50138,61,ee57fe00,0.0,0.0,0.0,0.0,0.0,0.0
2026-05-25 10:00:02.565496,1779717602.565496,2670280,-3771285,164442307,66844,32950,-22110,61,ee57fe00,0.0,0.0,0.0,0.0,0.0,0.0
2026-05-25 10:00:02.573475,1779717602.573475,2670280,-3771285,164442307,66844,32950,-22110,61,ee57fe00,0.0,0.0,0.0,0.0,0.0,0.0
2026-05-25 10:00:02.578843,1779717602.578843,2721067,-3754391,164408261,56382,12528,-11885,61,ee56fe00,0.0,0.0,0.0,0.0,0.0,0.0
2026-05-25 10:00:02.587510,1779717602.587510,2721067,-3754391,164408261,56382,12528,-11885,61,ee56fe00,0.0,0.0,0.0,0.0,0.0,0.0
2026-05-25 10:00:02.592141,1779717602.592141,2756095,-3785823,164356675,35660,5851,14376,61,ee57fe00,0.0,0.0,0.0,0.0,0.0,0.0
2026-05-25 10:00:02.597468,1779717602.597468,2756095,-3785823,164356675,35660,5851,14376,61,ee57fe00,0.0,0.0,0.0,0.0,0.0,0.0
2026-05-25 10:00:02.602138,1779717602.602138,2810188,-3785597,164393715,43024,11287,13767,61,ee57fe00,0.0,0.0,0.0,0.0,0.0,0.0
2026-05-25 10:00:02.612096,1779717602.612096,2810188,-3785597,164393715,43024,11287,13767,61,ee57fe00,0.0,0.0,0.0,0.0,0.0,0.0
2026-05-25 10:00:02.617753,1779717602.617753,2841033,-3798282,164377250,30396,-93,13085,61,ee57fe00,0.0,0.0,0.0,0.0,0.0,0.0
2026-05-25 10:00:02.624023,1779717602.624023,2841033,-3798282,164377250,30396,-93,13085,61,ee57fe00,0.0,0.0,0.0,0.0,0.0,0.0
2026-05-25 10:00:02.629827,1779717602.629827,2850021,-3799404,164338879,43453,5209,5434,61,ee57fe00,0.0,0.0,0.0,0.0,0.0,0.0
2026-05-25 10:00:02.637812,1779717602.637812,2850021,-3799404,164338879,43453,5209,5434,61,ee57fe00,0.0,0.0,0.0,0.0,0.0,0.0
2026-05-25 10:00:02.648113,1779717602.648113,2889774,-3793942,164287588,42647,18055,-7530,61,ee57fe00,0.0,0.0,0.0,0.0,0.0,0.0
2026-05-25 10:00:02.656468,1779717602.656468,2889774,-3793942,164287588,42647,18055,-7530,61,ee57fe00,0.0,0.0,0.0,0.0,0.0,0.0
2026-05-25 10:00:02.662977,1779717602.662977,2912273,-3811850,164272659,43186,37199,-13632,61,ee57fe00,0.0,0.0,0.0,0.0,0.0,0.0
2026-05-25 10:00:02.674186,1779717602.674186,2912273,-3811850,164272659,43186,37199,-13632,61,ee57fe00,0.0,0.0,0.0,0.0,0.0,0.0
2026-05-25 10:00:02.686133,1779717602.686133,2924719,-3773819,164352314,40189,45532,-28964,61,ee57fe00,0.0,0.0,0.0,0.0,0.0,0.0
2026-05-25 10:00:02.697558,1779717602.697558,2924719,-3773819,164352314,40189,45532,-28964,61,ee57fe00,0.0,0.0,0.0,0.0,0.0,0.0
2026-05-25 10:00:02.705457,1779717602.705457,2933928,-3724376,164393186,57873,64014,-16912,61,ee57fe00,0.0,0.0,0.0,0.0,0.0,0.0
2026-05-25 10:00:02.713603,1779717602.713603,2933928,-3724376,164393186,57873,64014,-16912,61,ee57fe00,0.0,0.0,0.0,0.0,0.0,0.0
2026-05-25 10:00:02.720454,1779717602.720454,2865735,-3704296,164433904,58099,90289,-23248,61,ee57fe00,0.0,0.0,0.0,0.0,0.0,0.0
2026-05-25 10:00:02.730872,1779717602.730872,2865735,-3704296,164433904,58099,90289,-23248,61,ee57fe00,0.0,0.0,0.0,0.0,0.0,0.0
2026-05-25 10:00:02.738815,1779717602.738815,2829763,-3731456,164370923,65057,110240,1736,61,ee57fe00,0.0,0.0,0.0,0.0,0.0,0.0
2026-05-25 10:00:02.749882,1779717602.749882,2829763,-3731456,164370923,65057,110240,1736,61,ee57fe00,0.0,0.0,0.0,0.0,0.0,0.0
2026-05-25 10:00:02.758841,1779717602.758841,2752477,-3771055,164363986,34305,108449,-11118,61,ee57fe00,0.0,0.0,0.0,0.0,0.0,0.0
2026-05-25 10:00:02.768864,1779717602.768864,2752477,-3771055,164363986,34305,108449,-11118,61,ee57fe00,0.0,0.0,0.0,0.0,0.0,0.0
2026-05-25 10:00:02.776674,1779717602.776674,2793713,-3784072,164353978,34035,86402,-12169,61,ee57fe00,0.0,0.0,0.0,0.0,0.0,0.0
2026-05-25 10:00:02.786716,1779717602.786716,2793713,-3784072,164353978,34035,86402,-12169,61,ee57fe00,0.0,0.0,0.0,0.0,0.0,0.0
2026-05-25 10:00:02.794252,1779717602.794252,2824967,-3792403,164389116,40886,82096,-6652,61,ee57fe00,0.0,0.0,0.0,0.0,0.0,0.0
2026-05-25 10:00:02.803151,1779717602.803151,2824967,-3792403,164389116,40886,82096,-6652,61,ee57fe00,0.0,0.0,0.0,0.0,0.0,0.0
2026-05-25 10:00:02.810149,1779717602.810149,2844519,-3775720,164393053,58524,72834,-25532,61,ee57fe00,0.0,0.0,0.0,0.0,0.0,0.0
2026-05-25 10:00:02.819370,1779717602.819370,2844519,-3775720,164393053,58524,72834,-25532,61,ee57fe00,0.0,0.0,0.0,0.0,0.0,0.0
2026-05-25 10:00:02.827197,1779717602.827197,2850329,-3758158,164379531,71808,82451,-30372,61,ee57fe00,0.0,0.0,0.0,0.0,0.0,0.0
2026-05-25 10:00:02.837513,1779717602.837513,2850329,-3758158,164379531,71808,82451,-30372,61,ee57fe00,0.0,0.0,0.0,0.0,0.0,0.0
2026-05-25 10:00:02.846508,1779717602.846508,2809910,-3776735,164391227,50137,91973,-46425,61,ee57fe00,0.0,0.0,0.0,0.0,0.0,0.0
2026-05-25 10:00:02.855478,1779717602.855478,2809910,-3776735,164391227,50137,91973,-46425,61,ee57fe00,0.0,0.0,0.0,0.0,0.0,0.0
2026-05-25 10:00:02.863056,1779717602.863056,2797365,-3805766,164387982,36427,79936,-23712,61,ee57fe00,0.0,0.0,0.0,0.0,0.0,0.0
2026-05-25 10:00:02.872104,1779717602.872104,2797365,-3805766,164387982,36427,79936,-23712,61,ee57fe00,0.0,0.0,0.0,0.0,0.0,0.0
2026-05-25 10:00:02.879031,1779717602.879031,2803697,-3810727,164424257,38559,56201,-18867,61,ee57fe00,0.0,0.0,0.0,0.0,0.0,0.0
2026-05-25 10:00:02.887886,1779717602.887886,2803697,-3810727,164424257,38559,56201,-18867,61,ee57fe00,0.0,0.0,0.0,0.0,0.0,0.0
2026-05-25 10:00:02.893191,1779717602.893191,2842941,-3789160,164421841,22658,37925,-11669,61,ee57fe00,0.0,0.0,0.0,0.0,0.0,0.0
2026-05-25 10:00:02.904880,1779717602.904880,2842941,-3789160,164421841,22658,37925,-11669,61,ee57fe00,0.0,0.0,0.0,0.0,0.0,0.0
2026-05-25 10:00:02.912978,1779717602.912978,2741739,-3789777,164423367,37115,18175,-24647,61,ee57fe00,0.0,0.0,0.0,0.0,0.0,0.0
2026-05-25 10:00:02.919383,1779717602.919383,2741739,-3789777,164423367,37115,18175,-24647,61,ee57fe00,0.0,0.0,0.0,0.0,0.0,0.0
2026-05-25 10:00:02.923933,1779717602.923933,2724209,-3769476,164395944,73630,-5767,-26131,61,ee57fe00,0.0,0.0,0.0,0.0,0.0,0.0
2026-05-25 10:00:02.929624,1779717602.929624,2724209,-3769476,164395944,73630,-5767,-26131,61,ee57fe00,0.0,0.0,0.0,0.0,0.0,0.0
2026-05-25 10:00:02.934156,1779717602.934156,2730388,-3744540,164362647,83093,-16354,-18653,61,ee57fe00,0.0,0.0,0.0,0.0,0.0,0.0
2026-05-25 10:00:02.939980,1779717602.939980,2730388,-3744540,164362647,83093,-16354,-18653,61,ee57fe00,0.0,0.0,0.0,0.0,0.0,0.0
2026-05-25 10:00:02.944577,1779717602.944577,2784063,-3745606,164351346,95934,-26345,-12793,61,ee57fe00,0.0,0.0,0.0,0.0,0.0,0.0
2026-05-25 10:00:02.950911,1779717602.950911,2784063,-3745606,164351346,95934,-26345,-12793,61,ee57fe00,0.0,0.0,0.0,0.0,0.0,0.0
2026-05-25 10:00:02.955220,1779717602.955220,2875754,-3767594,164317265,79550,-7833,-20316,61,ee57fe00,0.0,0.0,0.0,0.0,0.0,0.0
2026-05-25 10:00:02.961362,1779717602.961362,2875754,-3767594,164317265,79550,-7833,-20316,61,ee57fe00,0.0,0.0,0.0,0.0,0.0,0.0
2026-05-25 10:00:02.966974,1779717602.966974,2859526,-3765080,164334136,73791,5750,-40116,61,ee57fe00,0.0,0.0,0.0,0.0,0.0,0.0
2026-05-25 10:00:02.974199,1779717602.974199,2859526,-3765080,164334136,73791,5750,-40116,61,ee57fe00,0.0,0.0,0.0,0.0,0.0,0.0
2026-05-25 10:00:02.979864,1779717602.979864,2918932,-3738847,164325110,60773,26857,-49798,61,ee57fe00,0.0,0.0,0.0,0.0,0.0,0.0
2026-05-25 10:00:02.988374,1779717602.988374,2918932,-3738847,164325110,60773,26857,-49798,61,ee57fe00,0.0,0.0,0.0,0.0,0.0,0.0
2026-05-25 10:00:02.993458,1779717602.993458,2926334,-3718442,164349406,59541,50475,-40671,61,ee57fe00,0.0,0.0,0.0,0.0,0.0,0.0
2026-05-25 10:00:02.999656,1779717602.999656,2926334,-3718442,164349406,59541,50475,-40671,61,ee57fe00,0.0,0.0,0.0,0.0,0.0,0.0
2026-05-25 10:00:03.004485,1779717603.004485,2902755,-3722649,164307693,55394,62153,-20584,61,ee57fe00,0.0,0.0,0.0,0.0,0.0,0.0
2026-05-25 10:00:03.010138,1779717603.010138,2902755,-3722649,164307693,55394,62153,-20584,61,ee57fe00,0.0,0.0,0.0,0.0,0.0,0.0
2026-05-25 10:00:03.015833,1779717603.015833,2856695,-3762664,164353441,56758,81013,-3392,61,ee57fe00,0.0,0.0,0.0,0.0,0.0,0.0
2026-05-25 10:00:03.026878,1779717603.026878,2856695,-3762664,164353441,56758,81013,-3392,61,ee57fe00,0.0,0.0,0.0,0.0,0.0,0.0
2026-05-25 10:00:03.031856,1779717603.031856,2827974,-3751152,164356867,25038,96467,-1855,61,ee57fe00,0.0,0.0,0.0,0.0,0.0,0.0
2026-05-25 10:00:03.043149,1779717603.043149,2827974,-3751152,164356867,25038,96467,-1855,61,ee57fe00,0.0,0.0,0.0,0.0,0.0,0.0
2026-05-25 10:00:03.051566,1779717603.051566,2826511,-3762234,164371882,14906,81250,11360,61,ee57fe00,0.0,0.0,0.0,0.0,0.0,0.0
2026-05-25 10:00:03.059986,1779717603.059986,2826511,-3762234,164371882,14906,81250,11360,61,ee57fe00,0.0,0.0,0.0,0.0,0.0,0.0
2026-05-25 10:00:03.068482,1779717603.068482,2821726,-3763709,164375661,5098,49580,12499,61,ee57fe00,0.0,0.0,0.0,0.0,0.0,0.0
2026-05-25 10:00:03.079342,1779717603.079342,2821726,-3763709,164375661,5098,49580,12499,61,ee57fe00,0.0,0.0,0.0,0.0,0.0,0.0
2026-05-25 10:00:03.087863,1779717603.087863,2802240,-3778292,164407795,17269,43519,23119,61,ee57fe00,0.0,0.0,0.0,0.0,0.0,0.0
2026-05-25 10:00:03.094441,1779717603.094441,2802240,-3778292,164407795,17269,43519,23119,61,ee57fe00,0.0,0.0,0.0,0.0,0.0,0.0
2026-05-25 10:00:03.100024,1779717603.100024,2749298,-3807537,164468127,51003,6269,25402,61,ee57fe00,0.0,0.0,0.0,0.0,0.0,0.0
2026-05-25 10:00:03.110131,1779717603.110131,2749298,-3807537,164468127,51003,6269,25402,61,ee57fe00,0.0,0.0,0.0,0.0,0.0,0.0
2026-05-25 10:00:03.118769,1779717603.118769,2763109,-3804219,164422478,54731,11829,27118,61,ee57fe00,0.0,0.0,0.0,0.0,0.0,0.0
2026-05-25 10:00:03.129329,1779717603.129329,2763109,-3804219,164422478,54731,11829,27118,61,ee57fe00,0.0,0.0,0.0,0.0,0.0,0.0
2026-05-25 10:00:03.137722,1779717603.137722,2740423,-3805734,164395041,71750,-6494,33260,61,ee57fe00,0.0,0.0,0.0,0.0,0.0,0.0
2026-05-25 10:00:03.146602,1779717603.146602,2740423,-3805734,164395041,71750,-6494,33260,61,ee57fe00,0.0,0.0,0.0,0.0,0.0,0.0
2026-05-25 10:00:03.153282,1779717603.153282,2822551,-3783293,164359341,58289,5720,3085,61,ee57fe00,0.0,0.0,0.0,0.0,0.0,0.0
2026-05-25 10:00:03.166561,1779717603.166561,2822551,-3783293,164359341,58289,5720,3085,61,ee57fe00,0.0,0.0,0.0,0.0,0.0,0.0
2026-05-25 10:00:03.177036,1779717603.177036,2773020,-3744469,164321851,41698,26092,-19697,61,ee57fe00,0.0,0.0,0.0,0.0,0.0,0.0
2026-05-25 10:00:03.191022,1779717603.191022,2773020,-3744469,164321851,41698,26092,-19697,61,ee57fe00,0.0,0.0,0.0,0.0,0.0,0.0
2026-05-25 10:00:03.200356,1779717603.200356,2774792,-3708477,164362485,16201,15127,-46565,61,ee57fe00,0.0,0.0,0.0,0.0,0.0,0.0
2026-05-25 10:00:03.212247,1779717603.212247,2774792,-3708477,164362485,16201,15127,-46565,61,ee57fe00,0.0,0.0,0.0,0.0,0.0,0.0
2026-05-25 10:00:03.221373,1779717603.221373,2755385,-3709006,164395397,-2351,20594,-33985,61,ee57fe00,0.0,0.0,0.0,0.0,0.0,0.0
2026-05-25 10:00:03.232729,1779717603.232729,2755385,-3709006,164395397,-2351,20594,-33985,61,ee57fe00,0.0,0.0,0.0,0.0,0.0,0.0
2026-05-25 10:00:03.240015,1779717603.240015,2758933,-3721477,164438435,1554,1926,-35238,61,ee57fe00,0.0,0.0,0.0,0.0,0.0,0.0
2026-05-25 10:00:03.249070,1779717603.249070,2758933,-3721477,164438435,1554,1926,-35238,61,ee57fe00,0.0,0.0,0.0,0.0,0.0,0.0
2026-05-25 10:00:03.255852,1779717603.255852,2783335,-3740613,164407715,26661,15058,-37497,61,ee57fe00,0.0,0.0,0.0,0.0,0.0,0.0
2026-05-25 10:00:03.265464,1779717603.265464,2783335,-3740613,164407715,26661,15058,-37497,61,ee57fe00,0.0,0.0,0.0,0.0,0.0,0.0
2026-05-25 10:00:03.274692,1779717603.274692,2807174,-3725380,164313695,53667,15073,-22512,61,ee57fe00,0.0,0.0,0.0,0.0,0.0,0.0
2026-05-25 10:00:03.285641,1779717603.285641,2807174,-3725380,164313695,53667,15073,-22512,61,ee57fe00,0.0,0.0,0.0,0.0,0.0,0.0
2026-05-25 10:00:03.292821,1779717603.292821,2843207,-3720792,164304500,78250,-685,-7136,61,ee57fe00,0.0,0.0,0.0,0.0,0.0,0.0
2026-05-25 10:00:03.303360,1779717603.303360,2843207,-3720792,164304500,78250,-685,-7136,61,ee57fe00,0.0,0.0,0.0,0.0,0.0,0.0
2026-05-25 10:00:03.313733,1779717603.313733,2891997,-3737735,164266894,74766,26797,-3354,61,ee57fe00,0.0,0.0,0.0,0.0,0.0,0.0
2026-05-25 10:00:03.320592,1779717603.320592,2891997,-3737735,164266894,74766,26797,-3354,61,ee57fe00,0.0,0.0,0.0,0.0,0.0,0.0
2026-05-25 10:00:03.326234,1779717603.326234,2920605,-3780196,164313000,69230,55065,-5378,61,ee57fe00,0.0,0.0,0.0,0.0,0.0,0.0
2026-05-25 10:00:03.334350,1779717603.334350,2920605,-3780196,164313000,69230,55065,-5378,61,ee57fe00,0.0,0.0,0.0,0.0,0.0,0.0
2026-05-25 10:00:03.343123,1779717603.343123,2950699,-3752088,164334938,48762,70658,-4044,61,ee57fe00,0.0,0.0,0.0,0.0,0.0,0.0
2026-05-25 10:00:03.351889,1779717603.351889,2950699,-3752088,164334938,48762,70658,-4044,61,ee57fe00,0.0,0.0,0.0,0.0,0.0,0.0
2026-05-25 10:00:03.358579,1779717603.358579,2948616,-3711046,164357067,32246,82541,-24716,61,ee57fe00,0.0,0.0,0.0,0.0,0.0,0.0
2026-05-25 10:00:03.369374,1779717603.369374,2948616,-3711046,164357067,32246,82541,-24716,61,ee57fe00,0.0,0.0,0.0,0.0,0.0,0.0
2026-05-25 10:00:03.376015,1779717603.376015,2928201,-3666372,164394076,33522,77241,-19294,61,ee57fe00,0.0,0.0,0.0,0.0,0.0,0.0
2026-05-25 10:00:03.383015,1779717603.383015,2928201,-3666372,164394076,33522,77241,-19294,61,ee57fe00,0.0,0.0,0.0,0.0,0.0,0.0
2026-05-25 10:00:03.389017,1779717603.389017,2897946,-3705700,164425468,24577,56218,-39904,61,ee57fe00,0.0,0.0,0.0,0.0,0.0,0.0
2026-05-25 10:00:03.399358,1779717603.399358,2897946,-3705700,164425468,24577,56218,-39904,61,ee57fe00,0.0,0.0,0.0,0.0,0.0,0.0
2026-05-25 10:00:03.406942,1779717603.406942,2842096,-3757989,164428163,43925,44826,-14264,61,ee57fe00,0.0,0.0,0.0,0.0,0.0,0.0
2026-05-25 10:00:03.415399,1779717603.415399,2842096,-3757989,164428163,43925,44826,-14264,61,ee57fe00,0.0,0.0,0.0,0.0,0.0,0.0
2026-05-25 10:00:03.421288,1779717603.421288,2789254,-3794006,164343463,58245,47771,-7668,61,ee57fe00,0.0,0.0,0.0,0.0,0.0,0.0
2026-05-25 10:00:03.427584,1779717603.427584,2789254,-3794006,164343463,58245,47771,-7668,61,ee57fe00,0.0,0.0,0.0,0.0,0.0,0.0
2026-05-25 10:00:03.432661,1779717603.432661,2795616,-3763100,164332216,70715,73524,-7638,61,ee57fe00,0.0,0.0,0.0,0.0,0.0,0.0
2026-05-25 10:00:03.439087,1779717603.439087,2795616,-3763100,164332216,70715,73524,-7638,61,ee57fe00,0.0,0.0,0.0,0.0,0.0,0.0
2026-05-25 10:00:03.443712,1779717603.443712,2795211,-3769277,164323940,71156,70766,-27841,61,ee56fe00,0.0,0.0,0.0,0.0,0.0,0.0
2026-05-25 10:00:03.450260,1779717603.450260,2795211,-3769277,164323940,71156,70766,-27841,61,ee56fe00,0.0,0.0,0.0,0.0,0.0,0.0
2026-05-25 10:00:03.455004,1779717603.455004,2831926,-3751196,164326538,61229,69308,-22442,61,ee56fe00,0.0,0.0,0.0,0.0,0.0,0.0
2026-05-25 10:00:03.461251,1779717603.461251,2831926,-3751196,164326538,61229,69308,-22442,61,ee56fe00,0.0,0.0,0.0,0.0,0.0,0.0
2026-05-25 10:00:03.466198,1779717603.466198,2804915,-3782856,164316349,60683,53514,-1402,61,ee56fe00,0.0,0.0,0.0,0.0,0.0,0.0
2026-05-25 10:00:03.473037,1779717603.473037,2804915,-3782856,164316349,60683,53514,-1402,61,ee56fe00,0.0,0.0,0.0,0.0,0.0,0.0
2026-05-25 10:00:03.479199,1779717603.479199,2812569,-3778571,164288266,43387,46605,5548,61,ee56fe00,0.0,0.0,0.0,0.0,0.0,0.0
2026-05-25 10:00:03.484471,1779717603.484471,2812569,-3778571,164288266,43387,46605,5548,61,ee56fe00,0.0,0.0,0.0,0.0,0.0,0.0
2026-05-25 10:00:03.491896,1779717603.491896,2787465,-3799888,164315659,34367,51116,-3220,61,ee57fe00,0.0,0.0,0.0,0.0,0.0,0.0
2026-05-25 10:00:03.499798,1779717603.499798,2787465,-3799888,164315659,34367,51116,-3220,61,ee57fe00,0.0,0.0,0.0,0.0,0.0,0.0
2026-05-25 10:00:03.508034,1779717603.508034,2782419,-3806023,164350739,19536,47941,-6453,61,ee57fe00,0.0,0.0,0.0,0.0,0.0,0.0
2026-05-25 10:00:03.516217,1779717603.516217,2782419,-3806023,164350739,19536,47941,-6453,61,ee57fe00,0.0,0.0,0.0,0.0,0.0,0.0
2026-05-25 10:00:03.522661,1779717603.522661,2802002,-3835565,164353589,37323,42783,-15970,61,ee57fe00,0.0,0.0,0.0,0.0,0.0,0.0
2026-05-25 10:00:03.531005,1779717603.531005,2802002,-3835565,164353589,37323,42783,-15970,61,ee57fe00,0.0,0.0,0.0,0.0,0.0,0.0
2026-05-25 10:00:03.538382,1779717603.538382,2828491,-3837695,164361209,48284,28180,3688,61,ee57fe00,0.0,0.0,0.0,0.0,0.0,0.0
2026-05-25 10:00:03.547736,1779717603.547736,2828491,-3837695,164361209,48284,28180,3688,61,ee57fe00,0.0,0.0,0.0,0.0,0.0,0.0
2026-05-25 10:00:03.554535,1779717603.554535,2853783,-3792739,164363167,63262,36423,8591,61,ee57fe00,0.0,0.0,0.0,0.0,0.0,0.0
2026-05-25 10:00:03.561439,1779717603.561439,2853783,-3792739,164363167,63262,36423,8591,61,ee57fe00,0.0,0.0,0.0,0.0,0.0,0.0
2026-05-25 10:00:03.566821,1779717603.566821,2879166,-3770173,164338781,73761,38554,13845,61,ee57fe00,0.0,0.0,0.0,0.0,0.0,0.0
2026-05-25 10:00:03.573308,1779717603.573308,2879166,-3770173,164338781,73761,38554,13845,61,ee57fe00,0.0,0.0,0.0,0.0,0.0,0.0
2026-05-25 10:00:03.577432,1779717603.577432,2879698,-3789052,164356777,54831,38312,138,61,ee57fe00,0.0,0.0,0.0,0.0,0.0,0.0
2026-05-25 10:00:03.582644,1779717603.582644,2879698,-3789052,164356777,54831,38312,138,61,ee57fe00,0.0,0.0,0.0,0.0,0.0,0.0
2026-05-25 10:00:03.586814,1779717603.586814,2876765,-3811476,164322686,56873,56896,-18504,61,ee57fe00,0.0,0.0,0.0,0.0,0.0,0.0
2026-05-25 10:00:03.591956,1779717603.591956,2876765,-3811476,164322686,56873,56896,-18504,61,ee57fe00,0.0,0.0,0.0,0.0,0.0,0.0
2026-05-25 10:00:03.596062,1779717603.596062,2859528,-3782270,164323582,44839,62617,-18323,61,ee57fe00,0.0,0.0,0.0,0.0,0.0,0.0
2026-05-25 10:00:03.601098,1779717603.601098,2859528,-3782270,164323582,44839,62617,-18323,61,ee57fe00,0.0,0.0,0.0,0.0,0.0,0.0
2026-05-25 10:00:03.605153,1779717603.605153,2831545,-3759085,164342055,44801,87886,-37230,61,ee57fe00,0.0,0.0,0.0,0.0,0.0,0.0
2026-05-25 10:00:03.610413,1779717603.610413,2831545,-3759085,164342055,44801,87886,-37230,61,ee57fe00,0.0,0.0,0.0,0.0,0.0,0.0
2026-05-25 10:00:03.614916,1779717603.614916,2837722,-3754904,164354053,42392,59041,-29596,61,ee57fe00,0.0,0.0,0.0,0.0,0.0,0.0
2026-05-25 10:00:03.620246,1779717603.620246,2837722,-3754904,164354053,42392,59041,-29596,61,ee57fe00,0.0,0.0,0.0,0.0,0.0,0.0
2026-05-25 10:00:03.624458,1779717603.624458,2854283,-3782008,164391988,25611,75563,-12021,61,ee57fe00,0.0,0.0,0.0,0.0,0.0,0.0
2026-05-25 10:00:03.629631,1779717603.629631,2854283,-3782008,164391988,25611,75563,-12021,61,ee57fe00,0.0,0.0,0.0,0.0,0.0,0.0
2026-05-25 10:00:03.634043,1779717603.634043,2828310,-3765282,164377628,22003,57638,-12882,61,ee57fe00,0.0,0.0,0.0,0.0,0.0,0.0
2026-05-25 10:00:03.639358,1779717603.639358,2828310,-3765282,164377628,22003,57638,-12882,61,ee57fe00,0.0,0.0,0.0,0.0,0.0,0.0
2026-05-25 10:00:03.644059,1779717603.644059,2771735,-3770958,164373904,33532,57241,-16186,61,ee57fe00,0.0,0.0,0.0,0.0,0.0,0.0
2026-05-25 10:00:03.649927,1779717603.649927,2771735,-3770958,164373904,33532,57241,-16186,61,ee57fe00,0.0,0.0,0.0,0.0,0.0,0.0
2026-05-25 10:00:03.655371,1779717603.655371,2747634,-3771080,164396320,39949,52883,-27492,61,ee57fe00,0.0,0.0,0.0,0.0,0.0,0.0
2026-05-25 10:00:03.661019,1779717603.661019,2747634,-3771080,164396320,39949,52883,-27492,61,ee57fe00,0.0,0.0,0.0,0.0,0.0,0.0
2026-05-25 10:00:03.665981,1779717603.665981,2740357,-3766904,164429177,60231,54943,-27669,61,ee57fe00,0.0,0.0,0.0,0.0,0.0,0.0
2026-05-25 10:00:03.671837,1779717603.671837,2740357,-3766904,164429177,60231,54943,-27669,61,ee57fe00,0.0,0.0,0.0,0.0,0.0,0.0
2026-05-25 10:00:03.676809,1779717603.676809,2780251,-3756856,164422977,53724,51705,-30401,61,ee57fe00,0.0,0.0,0.0,0.0,0.0,0.0
2026-05-25 10:00:03.682264,1779717603.682264,2780251,-3756856,164422977,53724,51705,-30401,61,ee57fe00,0.0,0.0,0.0,0.0,0.0,0.0
2026-05-25 10:00:03.686802,1779717603.686802,2763566,-3752373,164379492,56752,47289,-10430,61,ee57fe00,0.0,0.0,0.0,0.0,0.0,0.0
2026-05-25 10:00:03.694522,1779717603.694522,2763566,-3752373,164379492,56752,47289,-10430,61,ee57fe00,0.0,0.0,0.0,0.0,0.0,0.0
2026-05-25 10:00:03.704364,1779717603.704364,2763265,-3746037,164372241,58616,44459,-20348,61,ee57fe00,0.0,0.0,0.0,0.0,0.0,0.0
2026-05-25 10:00:03.714440,1779717603.714440,2763265,-3746037,164372241,58616,44459,-20348,61,ee57fe00,0.0,0.0,0.0,0.0,0.0,0.0
2026-05-25 10:00:03.726241,1779717603.726241,2776128,-3703459,164373256,43246,57322,-15572,61,ee57fe00,0.0,0.0,0.0,0.0,0.0,0.0
2026-05-25 10:00:03.740394,1779717603.740394,2776128,-3703459,164373256,43246,57322,-15572,61,ee57fe00,0.0,0.0,0.0,0.0,0.0,0.0
2026-05-25 10:00:03.751589,1779717603.751589,2782896,-3715020,164442077,68794,40175,-25743,61,ee56fe00,0.0,0.0,0.0,0.0,0.0,0.0
2026-05-25 10:00:03.762083,1779717603.762083,2782896,-3715020,164442077,68794,40175,-25743,61,ee56fe00,0.0,0.0,0.0,0.0,0.0,0.0
2026-05-25 10:00:03.768642,1779717603.768642,2829420,-3702014,164383500,67550,24456,-12403,61,ee56fe00,0.0,0.0,0.0,0.0,0.0,0.0
2026-05-25 10:00:03.776360,1779717603.776360,2829420,-3702014,164383500,67550,24456,-12403,61,ee56fe00,0.0,0.0,0.0,0.0,0.0,0.0
2026-05-25 10:00:03.782890,1779717603.782890,2813128,-3735653,164364234,91117,19885,-9502,61,ee56fe00,0.0,0.0,0.0,0.0,0.0,0.0
2026-05-25 10:00:03.799583,1779717603.799583,2813128,-3735653,164364234,91117,19885,-9502,61,ee56fe00,0.0,0.0,0.0,0.0,0.0,0.0
2026-05-25 10:00:03.812664,1779717603.812664,2847873,-3778849,164324649,91718,-1088,-22891,61,ee56fe00,0.0,0.0,0.0,0.0,0.0,0.0
2026-05-25 10:00:03.830270,1779717603.830270,2847873,-3778849,164324649,91718,-1088,-22891,61,ee56fe00,0.0,0.0,0.0,0.0,0.0,0.0
2026-05-25 10:00:03.844654,1779717603.844654,2804181,-3808401,164306537,76416,2143,-21911,61,ee56fe00,0.0,0.0,0.0,0.0,0.0,0.0
2026-05-25 10:00:03.861237,1779717603.861237,2804181,-3808401,164306537,76416,2143,-21911,61,ee56fe00,0.0,0.0,0.0,0.0,0.0,0.0
2026-05-25 10:00:03.874658,1779717603.874658,2805169,-3832807,164320513,53325,5966,-14729,61,ee56fe00,0.0,0.0,0.0,0.0,0.0,0.0
2026-05-25 10:00:03.891018,1779717603.891018,2805169,-3832807,164320513,53325,5966,-14729,61,ee56fe00,0.0,0.0,0.0,0.0,0.0,0.0
2026-05-25 10:00:03.905278,1779717603.905278,2839666,-3845054,164320810,30223,36460,-17144,61,ee56fe00,0.0,0.0,0.0,0.0,0.0,0.0
2026-05-25 10:00:03.915903,1779717603.915903,2839666,-3845054,164320810,30223,36460,-17144,61,ee56fe00,0.0,0.0,0.0,0.0,0.0,0.0
2026-05-25 10:00:03.924700,1779717603.924700,2890885,-3861953,164334539,33252,64629,-23032,61,ee56fe00,0.0,0.0,0.0,0.0,0.0,0.0
2026-05-25 10:00:03.935817,1779717603.935817,2890885,-3861953,164334539,33252,64629,-23032,61,ee56fe00,0.0,0.0,0.0,0.0,0.0,0.0
2026-05-25 10:00:03.946893,1779717603.946893,2879728,-3869413,164332077,35713,83447,-31739,61,ee56fe00,0.0,0.0,0.0,0.0,0.0,0.0
2026-05-25 10:00:03.962915,1779717603.962915,2879728,-3869413,164332077,35713,83447,-31739,61,ee56fe00,0.0,0.0,0.0,0.0,0.0,0.0
2026-05-25 10:00:03.975609,1779717603.975609,2858344,-3852628,164290393,39821,94214,-33762,61,ee57fe00,0.0,0.0,0.0,0.0,0.0,0.0
2026-05-25 10:00:03.989088,1779717603.989088,2858344,-3852628,164290393,39821,94214,-33762,61,ee57fe00,0.0,0.0,0.0,0.0,0.0,0.0
2026-05-25 10:00:03.995268,1779717603.995268,2833570,-3796367,164303152,34652,102024,-11202,61,ee57fe00,0.0,0.0,0.0,0.0,0.0,0.0
2026-05-25 10:00:04.004517,1779717604.004517,2833570,-3796367,164303152,34652,102024,-11202,61,ee57fe00,0.0,0.0,0.0,0.0,0.0,0.0
2026-05-25 10:00:04.011643,1779717604.011643,2840922,-3744724,164301458,46448,113329,-23999,61,ee57fe00,0.0,0.0,0.0,0.0,0.0,0.0
2026-05-25 10:00:04.016970,1779717604.016970,2840922,-3744724,164301458,46448,113329,-23999,61,ee57fe00,0.0,0.0,0.0,0.0,0.0,0.0
2026-05-25 10:00:04.020513,1779717604.020513,2827313,-3719586,164321112,55766,121526,-6429,61,ee56fe00,0.0,0.0,0.0,0.0,0.0,0.0
2026-05-25 10:00:04.024618,1779717604.024618,2827313,-3719586,164321112,55766,121526,-6429,61,ee56fe00,0.0,0.0,0.0,0.0,0.0,0.0
2026-05-25 10:00:04.027781,1779717604.027781,2790381,-3702213,164358156,62409,103311,-18236,61,ee56fe00,0.0,0.0,0.0,0.0,0.0,0.0
2026-05-25 10:00:04.031726,1779717604.031726,2790381,-3702213,164358156,62409,103311,-18236,61,ee56fe00,0.0,0.0,0.0,0.0,0.0,0.0
2026-05-25 10:00:04.035074,1779717604.035074,2739582,-3694984,164306588,66165,101397,-19012,61,ee57fe00,0.0,0.0,0.0,0.0,0.0,0.0
2026-05-25 10:00:04.039037,1779717604.039037,2739582,-3694984,164306588,66165,101397,-19012,61,ee57fe00,0.0,0.0,0.0,0.0,0.0,0.0
2026-05-25 10:00:04.042338,1779717604.042338,2738317,-3728324,164358379,52259,85283,-20322,61,ee57fe00,0.0,0.0,0.0,0.0,0.0,0.0
2026-05-25 10:00:04.046299,1779717604.046299,2738317,-3728324,164358379,52259,85283,-20322,61,ee57fe00,0.0,0.0,0.0,0.0,0.0,0.0
2026-05-25 10:00:04.049496,1779717604.049496,2761806,-3745812,164377510,63352,63250,-23855,61,ee57fe00,0.0,0.0,0.0,0.0,0.0,0.0
2026-05-25 10:00:04.067959,1779717604.067959,2761806,-3745812,164377510,63352,63250,-23855,61,ee57fe00,0.0,0.0,0.0,0.0,0.0,0.0
2026-05-25 10:00:04.077219,1779717604.077219,2826022,-3728999,164416029,65681,56528,-18767,61,ee57fe00,0.0,0.0,0.0,0.0,0.0,0.0
2026-05-25 10:00:04.081729,1779717604.081729,2826022,-3728999,164416029,65681,56528,-18767,61,ee57fe00,0.0,0.0,0.0,0.0,0.0,0.0
2026-05-25 10:00:04.087078,1779717604.087078,2787130,-3705939,164432554,79465,45581,-19478,61,ee56fe00,0.0,0.0,0.0,0.0,0.0,0.0
2026-05-25 10:00:04.091695,1779717604.091695,2787130,-3705939,164432554,79465,45581,-19478,61,ee56fe00,0.0,0.0,0.0,0.0,0.0,0.0
2026-05-25 10:00:04.095338,1779717604.095338,2790529,-3702146,164409000,65711,52596,-22301,61,ee56fe00,0.0,0.0,0.0,0.0,0.0,0.0
2026-05-25 10:00:04.099354,1779717604.099354,2790529,-3702146,164409000,65711,52596,-22301,61,ee56fe00,0.0,0.0,0.0,0.0,0.0,0.0
2026-05-25 10:00:04.102484,1779717604.102484,2782561,-3732867,164379178,42857,38424,-19825,61,ee57fe00,0.0,0.0,0.0,0.0,0.0,0.0
2026-05-25 10:00:04.106470,1779717604.106470,2782561,-3732867,164379178,42857,38424,-19825,61,ee57fe00,0.0,0.0,0.0,0.0,0.0,0.0
2026-05-25 10:00:04.109767,1779717604.109767,2812715,-3737432,164329922,44553,31678,-11403,61,ee57fe00,0.0,0.0,0.0,0.0,0.0,0.0
2026-05-25 10:00:04.115158,1779717604.115158,2812715,-3737432,164329922,44553,31678,-11403,61,ee57fe00,0.0,0.0,0.0,0.0,0.0,0.0
2026-05-25 10:00:04.121190,1779717604.121190,2823298,-3718155,164307864,48962,35164,-6474,61,ee57fe00,0.0,0.0,0.0,0.0,0.0,0.0
2026-05-25 10:00:04.128539,1779717604.128539,2823298,-3718155,164307864,48962,35164,-6474,61,ee57fe00,0.0,0.0,0.0,0.0,0.0,0.0
2026-05-25 10:00:04.133117,1779717604.133117,2861474,-3718756,164294137,81797,56757,-20283,61,ee57fe00,0.0,0.0,0.0,0.0,0.0,0.0
2026-05-25 10:00:04.138065,1779717604.138065,2861474,-3718756,164294137,81797,56757,-20283,61,ee57fe00,0.0,0.0,0.0,0.0,0.0,0.0
2026-05-25 10:00:04.141689,1779717604.141689,2909291,-3695082,164323238,80114,62875,-7453,61,ee57fe00,0.0,0.0,0.0,0.0,0.0,0.0
2026-05-25 10:00:04.145804,1779717604.145804,2909291,-3695082,164323238,80114,62875,-7453,61,ee57fe00,0.0,0.0,0.0,0.0,0.0,0.0
2026-05-25 10:00:04.149538,1779717604.149538,2934176,-3722587,164334578,59201,100662,-30539,61,ee57fe00,0.0,0.0,0.0,0.0,0.0,0.0
2026-05-25 10:00:04.153535,1779717604.153535,2934176,-3722587,164334578,59201,100662,-30539,61,ee57fe00,0.0,0.0,0.0,0.0,0.0,0.0
2026-05-25 10:00:04.158474,1779717604.158474,2932130,-3726489,164359879,20051,104913,-22389,61,ee57fe00,0.0,0.0,0.0,0.0,0.0,0.0
2026-05-25 10:00:04.163756,1779717604.163756,2932130,-3726489,164359879,20051,104913,-22389,61,ee57fe00,0.0,0.0,0.0,0.0,0.0,0.0
2026-05-25 10:00:04.167720,1779717604.167720,2897963,-3752911,164364516,9640,112228,-5928,61,ee57fe00,0.0,0.0,0.0,0.0,0.0,0.0
2026-05-25 10:00:04.172254,1779717604.172254,2897963,-3752911,164364516,9640,112228,-5928,61,ee57fe00,0.0,0.0,0.0,0.0,0.0,0.0
2026-05-25 10:00:04.176810,1779717604.176810,2854344,-3790496,164369930,12154,97260,-900,61,ee57fe00,0.0,0.0,0.0,0.0,0.0,0.0
2026-05-25 10:00:04.181787,1779717604.181787,2854344,-3790496,164369930,12154,97260,-900,61,ee57fe00,0.0,0.0,0.0,0.0,0.0,0.0
2026-05-25 10:00:04.185690,1779717604.185690,2831537,-3794331,164361526,15580,86312,-4871,61,ee57fe00,0.0,0.0,0.0,0.0,0.0,0.0
2026-05-25 10:00:04.190361,1779717604.190361,2831537,-3794331,164361526,15580,86312,-4871,61,ee57fe00,0.0,0.0,0.0,0.0,0.0,0.0
2026-05-25 10:00:04.194343,1779717604.194343,2799445,-3785294,164351942,16426,91253,-12706,61,ee57fe00,0.0,0.0,0.0,0.0,0.0,0.0
2026-05-25 10:00:04.198910,1779717604.198910,2799445,-3785294,164351942,16426,91253,-12706,61,ee57fe00,0.0,0.0,0.0,0.0,0.0,0.0
2026-05-25 10:00:04.204629,1779717604.204629,2770356,-3763318,164358646,31320,106323,-15347,61,ee57fe00,0.0,0.0,0.0,0.0,0.0,0.0
2026-05-25 10:00:04.211115,1779717604.211115,2770356,-3763318,164358646,31320,106323,-15347,61,ee57fe00,0.0,0.0,0.0,0.0,0.0,0.0
2026-05-25 10:00:04.217127,1779717604.217127,2744355,-3752601,164347531,23426,116647,-6021,61,ee57fe00,0.0,0.0,0.0,0.0,0.0,0.0
2026-05-25 10:00:04.223747,1779717604.223747,2744355,-3752601,164347531,23426,116647,-6021,61,ee57fe00,0.0,0.0,0.0,0.0,0.0,0.0
2026-05-25 10:00:04.227780,1779717604.227780,2744598,-3758872,164353528,32258,127137,-8761,61,ee57fe00,0.0,0.0,0.0,0.0,0.0,0.0
2026-05-25 10:00:04.233473,1779717604.233473,2744598,-3758872,164353528,32258,127137,-8761,61,ee57fe00,0.0,0.0,0.0,0.0,0.0,0.0
2026-05-25 10:00:04.240501,1779717604.240501,2721954,-3755372,164328106,54016,115789,-15050,61,ee57fe00,0.0,0.0,0.0,0.0,0.0,0.0
2026-05-25 10:00:04.249142,1779717604.249142,2721954,-3755372,164328106,54016,115789,-15050,61,ee57fe00,0.0,0.0,0.0,0.0,0.0,0.0
2026-05-25 10:00:04.256131,1779717604.256131,2733872,-3729581,164313316,63249,110775,-9351,61,ee57fe00,0.0,0.0,0.0,0.0,0.0,0.0
2026-05-25 10:00:04.262155,1779717604.262155,2733872,-3729581,164313316,63249,110775,-9351,61,ee57fe00,0.0,0.0,0.0,0.0,0.0,0.0
2026-05-25 10:00:04.266260,1779717604.266260,2756280,-3707690,164320254,67835,93599,-10622,61,ee57fe00,0.0,0.0,0.0,0.0,0.0,0.0
2026-05-25 10:00:04.274731,1779717604.274731,2756280,-3707690,164320254,67835,93599,-10622,61,ee57fe00,0.0,0.0,0.0,0.0,0.0,0.0
2026-05-25 10:00:04.279460,1779717604.279460,2777824,-3719074,164368961,42772,75685,-3668,61,ee57fe00,0.0,0.0,0.0,0.0,0.0,0.0
2026-05-25 10:00:04.283496,1779717604.283496,2777824,-3719074,164368961,42772,75685,-3668,61,ee57fe00,0.0,0.0,0.0,0.0,0.0,0.0
2026-05-25 10:00:04.286568,1779717604.286568,2801980,-3725459,164368323,48010,53388,-6487,61,ee57fe00,0.0,0.0,0.0,0.0,0.0,0.0
2026-05-25 10:00:04.291021,1779717604.291021,2801980,-3725459,164368323,48010,53388,-6487,61,ee57fe00,0.0,0.0,0.0,0.0,0.0,0.0
2026-05-25 10:00:04.295293,1779717604.295293,2783606,-3735045,164352119,52740,37879,-26690,61,ee57fe00,0.0,0.0,0.0,0.0,0.0,0.0
2026-05-25 10:00:04.299959,1779717604.299959,2783606,-3735045,164352119,52740,37879,-26690,61,ee57fe00,0.0,0.0,0.0,0.0,0.0,0.0
2026-05-25 10:00:04.303394,1779717604.303394,2805274,-3781669,164325868,80259,21870,-26623,61,ee56fe00,0.0,0.0,0.0,0.0,0.0,0.0
2026-05-25 10:00:04.312150,1779717604.312150,2805274,-3781669,164325868,80259,21870,-26623,61,ee56fe00,0.0,0.0,0.0,0.0,0.0,0.0
2026-05-25 10:00:04.316668,1779717604.316668,2840002,-3838199,164353133,71152,34256,-33482,61,ee57fe00,0.0,0.0,0.0,0.0,0.0,0.0
2026-05-25 10:00:04.320990,1779717604.320990,2840002,-3838199,164353133,71152,34256,-33482,61,ee57fe00,0.0,0.0,0.0,0.0,0.0,0.0
2026-05-25 10:00:04.324559,1779717604.324559,2851479,-3877843,164332711,74550,18934,-1919,61,ee57fe00,0.0,0.0,0.0,0.0,0.0,0.0
2026-05-25 10:00:04.328507,1779717604.328507,2851479,-3877843,164332711,74550,18934,-1919,61,ee57fe00,0.0,0.0,0.0,0.0,0.0,0.0
2026-05-25 10:00:04.331798,1779717604.331798,2901788,-3803600,164321819,58456,49712,-13999,61,ee57fe00,0.0,0.0,0.0,0.0,0.0,0.0
2026-05-25 10:00:04.335869,1779717604.335869,2901788,-3803600,164321819,58456,49712,-13999,61,ee57fe00,0.0,0.0,0.0,0.0,0.0,0.0
2026-05-25 10:00:04.341292,1779717604.341292,2847340,-3747559,164321206,57743,42775,-16083,61,ee56fe00,0.0,0.0,0.0,0.0,0.0,0.0
2026-05-25 10:00:04.347954,1779717604.347954,2847340,-3747559,164321206,57743,42775,-16083,61,ee56fe00,0.0,0.0,0.0,0.0,0.0,0.0
2026-05-25 10:00:04.353181,1779717604.353181,2892258,-3720278,164333546,78713,64993,-17201,61,ee56fe00,0.0,0.0,0.0,0.0,0.0,0.0
2026-05-25 10:00:04.357842,1779717604.357842,2892258,-3720278,164333546,78713,64993,-17201,61,ee56fe00,0.0,0.0,0.0,0.0,0.0,0.0
2026-05-25 10:00:04.361581,1779717604.361581,2818805,-3733520,164372476,76382,74590,-5427,61,ee56fe00,0.0,0.0,0.0,0.0,0.0,0.0
2026-05-25 10:00:04.367540,1779717604.367540,2818805,-3733520,164372476,76382,74590,-5427,61,ee56fe00,0.0,0.0,0.0,0.0,0.0,0.0
2026-05-25 10:00:04.372027,1779717604.372027,2802315,-3721581,164348540,99790,70084,-14297,61,ee57fe00,0.0,0.0,0.0,0.0,0.0,0.0
2026-05-25 10:00:04.376655,1779717604.376655,2802315,-3721581,164348540,99790,70084,-14297,61,ee57fe00,0.0,0.0,0.0,0.0,0.0,0.0
2026-05-25 10:00:04.380659,1779717604.380659,2936671,-3595810,164297985,13192,197521,-40638,61,ee57fe00,0.0,0.0,0.0,0.0,0.0,0.0
2026-05-25 10:00:04.385892,1779717604.385892,2936671,-3595810,164297985,13192,197521,-40638,61,ee57fe00,0.0,0.0,0.0,0.0,0.0,0.0
2026-05-25 10:00:04.392111,1779717604.392111,2653369,-3705199,164231627,101328,162237,-8806,61,ee57fe00,0.0,0.0,0.0,0.0,0.0,0.0
2026-05-25 10:00:04.396235,1779717604.396235,2653369,-3705199,164231627,101328,162237,-8806,61,ee57fe00,0.0,0.0,0.0,0.0,0.0,0.0
2026-05-25 10:00:04.399484,1779717604.399484,2968549,-3631824,164141711,52255,336759,-20917,61,ee57fe00,0.0,0.0,0.0,0.0,0.0,0.0
2026-05-25 10:00:04.403330,1779717604.403330,2968549,-3631824,164141711,52255,336759,-20917,61,ee57fe00,0.0,0.0,0.0,0.0,0.0,0.0
2026-05-25 10:00:04.406463,1779717604.406463,2762151,-3939072,164161239,21282,370549,44,61,ee57fe00,0.0,0.0,0.0,0.0,0.0,0.0
2026-05-25 10:00:04.411468,1779717604.411468,2762151,-3939072,164161239,21282,370549,44,61,ee57fe00,0.0,0.0,0.0,0.0,0.0,0.0
2026-05-25 10:00:04.416776,1779717604.416776,3186351,-3697646,164171260,4740,410820,-38785,61,ee56fe00,0.0,0.0,0.0,0.0,0.0,0.0
2026-05-25 10:00:04.422905,1779717604.422905,3186351,-3697646,164171260,4740,410820,-38785,61,ee56fe00,0.0,0.0,0.0,0.0,0.0,0.0
2026-05-25 10:00:04.428106,1779717604.428106,2863345,-3827913,164400368,-33080,412811,46076,61,ee56fe00,0.0,0.0,0.0,0.0,0.0,0.0
2026-05-25 10:00:04.433708,1779717604.433708,2863345,-3827913,164400368,-33080,412811,46076,61,ee56fe00,0.0,0.0,0.0,0.0,0.0,0.0
2026-05-25 10:00:04.439008,1779717604.439008,3050175,-3810232,164461295,51199,231799,25738,61,ee56fe00,0.0,0.0,0.0,0.0,0.0,0.0
2026-05-25 10:00:04.444702,1779717604.444702,3050175,-3810232,164461295,51199,231799,25738,61,ee56fe00,0.0,0.0,0.0,0.0,0.0,0.0
2026-05-25 10:00:04.449227,1779717604.449227,2633490,-3946134,164582931,4330,279758,47163,61,ee57fe00,0.0,0.0,0.0,0.0,0.0,0.0
2026-05-25 10:00:04.454680,1779717604.454680,2633490,-3946134,164582931,4330,279758,47163,61,ee57fe00,0.0,0.0,0.0,0.0,0.0,0.0
2026-05-25 10:00:04.459148,1779717604.459148,2102734,-3943358,164631282,84759,64462,-21680,61,ee57fe00,0.0,0.0,0.0,0.0,0.0,0.0
2026-05-25 10:00:04.462954,1779717604.462954,2102734,-3943358,164631282,84759,64462,-21680,61,ee57fe00,0.0,0.0,0.0,0.0,0.0,0.0
2026-05-25 10:00:04.465693,1779717604.465693,2223365,-3907311,164504238,32629,-5008,-55804,61,ee57fe00,0.0,0.0,0.0,0.0,0.0,0.0
2026-05-25 10:00:04.469364,1779717604.469364,2223365,-3907311,164504238,32629,-5008,-55804,61,ee57fe00,0.0,0.0,0.0,0.0,0.0,0.0
2026-05-25 10:00:04.471994,1779717604.471994,2419413,-3888596,164553848,-7594,-70726,-89363,61,ee57fe00,0.0,0.0,0.0,0.0,0.0,0.0
2026-05-25 10:00:04.475725,1779717604.475725,2419413,-3888596,164553848,-7594,-70726,-89363,61,ee57fe00,0.0,0.0,0.0,0.0,0.0,0.0
2026-05-25 10:00:04.480351,1779717604.480351,2784614,-3813659,164440631,37306,-157146,-57256,61,ee57fe00,0.0,0.0,0.0,0.0,0.0,0.0
2026-05-25 10:00:04.483430,1779717604.483430,2784614,-3813659,164440631,37306,-157146,-57256,61,ee57fe00,0.0,0.0,0.0,0.0,0.0,0.0
2026-05-25 10:00:04.485856,1779717604.485856,3021300,-3803189,164333723,68304,-106689,-38338,61,ee57fe00,0.0,0.0,0.0,0.0,0.0,0.0
2026-05-25 10:00:04.491181,1779717604.491181,3021300,-3803189,164333723,68304,-106689,-38338,61,ee57fe00,0.0,0.0,0.0,0.0,0.0,0.0
2026-05-25 10:00:04.495793,1779717604.495793,3011680,-3798832,164328020,110086,-77947,872,61,ee57fe00,0.0,0.0,0.0,0.0,0.0,0.0
2026-05-25 10:00:04.501537,1779717604.501537,3011680,-3798832,164328020,110086,-77947,872,61,ee57fe00,0.0,0.0,0.0,0.0,0.0,0.0
2026-05-25 10:00:04.504507,1779717604.504507,3006026,-3773708,164267734,109599,-68530,-2891,61,ee57fe00,0.0,0.0,0.0,0.0,0.0,0.0
2026-05-25 10:00:04.507586,1779717604.507586,3006026,-3773708,164267734,109599,-68530,-2891,61,ee57fe00,0.0,0.0,0.0,0.0,0.0,0.0
2026-05-25 10:00:04.510083,1779717604.510083,2937827,-3751614,164245087,98446,-28367,-12805,61,ee57fe00,0.0,0.0,0.0,0.0,0.0,0.0
2026-05-25 10:00:04.513064,1779717604.513064,2937827,-3751614,164245087,98446,-28367,-12805,61,ee57fe00,0.0,0.0,0.0,0.0,0.0,0.0
2026-05-25 10:00:04.517324,1779717604.517324,2999133,-3671479,164185558,122283,-750,-21277,61,ee56fe00,0.0,0.0,0.0,0.0,0.0,0.0
2026-05-25 10:00:04.522595,1779717604.522595,2999133,-3671479,164185558,122283,-750,-21277,61,ee56fe00,0.0,0.0,0.0,0.0,0.0,0.0
2026-05-25 10:00:04.525262,1779717604.525262,2958536,-3664222,164180524,99447,91553,-14448,61,ee57fe00,0.0,0.0,0.0,0.0,0.0,0.0
2026-05-25 10:00:04.527786,1779717604.527786,2958536,-3664222,164180524,99447,91553,-14448,61,ee57fe00,0.0,0.0,0.0,0.0,0.0,0.0
2026-05-25 10:00:04.529768,1779717604.529768,2826953,-3633508,164365609,60619,109969,5662,61,ee57fe00,0.0,0.0,0.0,0.0,0.0,0.0
2026-05-25 10:00:04.532224,1779717604.532224,2826953,-3633508,164365609,60619,109969,5662,61,ee57fe00,0.0,0.0,0.0,0.0,0.0,0.0
2026-05-25 10:00:04.535384,1779717604.535384,2631463,-3718849,164565587,38347,18347,-3539,61,ee57fe00,0.0,0.0,0.0,0.0,0.0,0.0
2026-05-25 10:00:04.538266,1779717604.538266,2631463,-3718849,164565587,38347,18347,-3539,61,ee57fe00,0.0,0.0,0.0,0.0,0.0,0.0
2026-05-25 10:00:04.540831,1779717604.540831,1716311,-3894445,164997814,218112,-477951,-48872,61,ee56fe00,0.0,0.0,0.0,0.0,0.0,0.0
2026-05-25 10:00:04.543682,1779717604.543682,1716311,-3894445,164997814,218112,-477951,-48872,61,ee56fe00,0.0,0.0,0.0,0.0,0.0,0.0
2026-05-25 10:00:04.546031,1779717604.546031,1740236,-3952185,164849554,618712,-1406518,1736,61,ee56fe00,0.0,0.0,0.0,0.0,0.0,0.0
2026-05-25 10:00:04.550840,1779717604.550840,1740236,-3952185,164849554,618712,-1406518,1736,61,ee56fe00,0.0,0.0,0.0,0.0,0.0,0.0
2026-05-25 10:00:04.555344,1779717604.555344,1828242,-3933292,164415072,574789,-1385126,12783,61,ee56fe00,0.0,0.0,0.0,0.0,0.0,0.0
2026-05-25 10:00:04.560785,1779717604.560785,1828242,-3933292,164415072,574789,-1385126,12783,61,ee56fe00,0.0,0.0,0.0,0.0,0.0,0.0
2026-05-25 10:00:04.565046,1779717604.565046,2047452,-3872763,164832076,663885,-1724473,25704,61,ee56fe00,0.0,0.0,0.0,0.0,0.0,0.0
2026-05-25 10:00:04.568481,1779717604.568481,2047452,-3872763,164832076,663885,-1724473,25704,61,ee56fe00,0.0,0.0,0.0,0.0,0.0,0.0
2026-05-25 10:00:04.571374,1779717604.571374,3608904,-3584054,163750495,473314,-1368720,123072,61,ee57fe00,0.0,0.0,0.0,0.0,0.0,0.0
2026-05-25 10:00:04.574768,1779717604.574768,3608904,-3584054,163750495,473314,-1368720,123072,61,ee57fe00,0.0,0.0,0.0,0.0,0.0,0.0
2026-05-25 10:00:04.578081,1779717604.578081,3925978,-3597661,164006048,398923,-941928,152176,61,ee56fe00,0.0,0.0,0.0,0.0,0.0,0.0
2026-05-25 10:00:04.581588,1779717604.581588,3925978,-3597661,164006048,398923,-941928,152176,61,ee56fe00,0.0,0.0,0.0,0.0,0.0,0.0
2026-05-25 10:00:04.584529,1779717604.584529,4622937,-3364562,163509193,396545,-594553,346729,61,ee56fe00,0.0,0.0,0.0,0.0,0.0,0.0
2026-05-25 10:00:04.587557,1779717604.587557,4622937,-3364562,163509193,396545,-594553,346729,61,ee56fe00,0.0,0.0,0.0,0.0,0.0,0.0
2026-05-25 10:00:04.590259,1779717604.590259,4225969,-3589349,163709203,157770,178040,302816,61,ee56fe00,0.0,0.0,0.0,0.0,0.0,0.0
2026-05-25 10:00:04.593454,1779717604.593454,4225969,-3589349,163709203,157770,178040,302816,61,ee56fe00,0.0,0.0,0.0,0.0,0.0,0.0
2026-05-25 10:00:04.596109,1779717604.596109,2935632,-3635310,164553892,187214,104771,330598,61,ee56fe00,0.0,0.0,0.0,0.0,0.0,0.0
2026-05-25 10:00:04.599535,1779717604.599535,2935632,-3635310,164553892,187214,104771,330598,61,ee56fe00,0.0,0.0,0.0,0.0,0.0,0.0
2026-05-25 10:00:04.602492,1779717604.602492,2791267,-3747050,164285932,182094,40575,217488,61,ee56fe00,0.0,0.0,0.0,0.0,0.0,0.0
2026-05-25 10:00:04.605671,1779717604.605671,2791267,-3747050,164285932,182094,40575,217488,61,ee56fe00,0.0,0.0,0.0,0.0,0.0,0.0
2026-05-25 10:00:04.608236,1779717604.608236,2631576,-3784412,164417685,-54291,357351,150752,61,ee56fe00,0.0,0.0,0.0,0.0,0.0,0.0
2026-05-25 10:00:04.611391,1779717604.611391,2631576,-3784412,164417685,-54291,357351,150752,61,ee56fe00,0.0,0.0,0.0,0.0,0.0,0.0
2026-05-25 10:00:04.613908,1779717604.613908,2314379,-3738366,164825179,142644,-132542,107772,61,ee56fe00,0.0,0.0,0.0,0.0,0.0,0.0
2026-05-25 10:00:04.616825,1779717604.616825,2314379,-3738366,164825179,142644,-132542,107772,61,ee56fe00,0.0,0.0,0.0,0.0,0.0,0.0
2026-05-25 10:00:04.619103,1779717604.619103,2956463,-3137470,164442014,441526,-610261,561159,61,ee56fe00,0.0,0.0,0.0,0.0,0.0,0.0
2026-05-25 10:00:04.622093,1779717604.622093,2956463,-3137470,164442014,441526,-610261,561159,61,ee56fe00,0.0,0.0,0.0,0.0,0.0,0.0
2026-05-25 10:00:04.624989,1779717604.624989,2282153,-3662888,164866568,777906,-1124952,1096926,61,ee56fe00,0.0,0.0,0.0,0.0,0.0,0.0
2026-05-25 10:00:04.628117,1779717604.628117,2282153,-3662888,164866568,777906,-1124952,1096926,61,ee56fe00,0.0,0.0,0.0,0.0,0.0,0.0
2026-05-25 10:00:04.630664,1779717604.630664,2108036,-3895037,164788889,954591,-1687936,996447,61,ee56fe00,0.0,0.0,0.0,0.0,0.0,0.0
2026-05-25 10:00:04.633586,1779717604.633586,2108036,-3895037,164788889,954591,-1687936,996447,61,ee56fe00,0.0,0.0,0.0,0.0,0.0,0.0
2026-05-25 10:00:04.635848,1779717604.635848,1529734,-4090461,165071802,989236,-2300356,779929,61,ee57fe00,0.0,0.0,0.0,0.0,0.0,0.0
2026-05-25 10:00:04.638637,1779717604.638637,1529734,-4090461,165071802,989236,-2300356,779929,61,ee57fe00,0.0,0.0,0.0,0.0,0.0,0.0
2026-05-25 10:00:04.640967,1779717604.640967,1370386,-3966819,165594337,1147262,-3691027,504455,61,ee57fe00,0.0,0.0,0.0,0.0,0.0,0.0
2026-05-25 10:00:04.643781,1779717604.643781,1370386,-3966819,165594337,1147262,-3691027,504455,61,ee57fe00,0.0,0.0,0.0,0.0,0.0,0.0
2026-05-25 10:00:04.646208,1779717604.646208,500096,-3579578,167263701,1004241,-7641268,792740,61,ee56fe00,0.0,0.0,0.0,0.0,0.0,0.0
2026-05-25 10:00:04.649390,1779717604.649390,500096,-3579578,167263701,1004241,-7641268,792740,61,ee56fe00,0.0,0.0,0.0,0.0,0.0,0.0
2026-05-25 10:00:04.651840,1779717604.651840,-2725372,-3879004,171222269,711135,-18227624,763100,61,ee56fe00,0.0,0.0,0.0,0.0,0.0,0.0
2026-05-25 10:00:04.654801,1779717604.654801,-2725372,-3879004,171222269,711135,-18227624,763100,61,ee56fe00,0.0,0.0,0.0,0.0,0.0,0.0
2026-05-25 10:00:04.657334,1779717604.657334,-5463398,-3610742,175268794,522640,-37169777,820643,61,ee56fe00,0.0,0.0,0.0,0.0,0.0,0.0
2026-05-25 10:00:04.660200,1779717604.660200,-5463398,-3610742,175268794,522640,-37169777,820643,61,ee56fe00,0.0,0.0,0.0,0.0,0.0,0.0
2026-05-25 10:00:04.662563,1779717604.662563,-7576019,-3869207,177330122,489980,-61934187,914492,61,ee56fe00,0.0,0.0,0.0,0.0,0.0,0.0
2026-05-25 10:00:04.665276,1779717604.665276,-7576019,-3869207,177330122,489980,-61934187,914492,61,ee56fe00,0.0,0.0,0.0,0.0,0.0,0.0
2026-05-25 10:00:04.667607,1779717604.667607,-6694933,-3679371,176450010,177835,-85667617,660560,61,ee56fe00,0.0,0.0,0.0,0.0,0.0,0.0
2026-05-25 10:00:04.670428,1779717604.670428,-6694933,-3679371,176450010,177835,-85667617,660560,61,ee56fe00,0.0,0.0,0.0,0.0,0.0,0.0
2026-05-25 10:00:04.672863,1779717604.672863,-4801641,-3294787,174410600,-1214534,-104696769,-271959,61,ee56fe00,0.0,0.0,0.0,0.0,0.0,0.0
2026-05-25 10:00:04.675636,1779717604.675636,-4801641,-3294787,174410600,-1214534,-104696769,-271959,61,ee56fe00,0.0,0.0,0.0,0.0,0.0,0.0
2026-05-25 10:00:04.678166,1779717604.678166,-2643293,-3541286,172109637,-2146106,-118940065,-894176,61,ee56fe00,0.0,0.0,0.0,0.0,0.0,0.0
2026-05-25 10:00:04.681319,1779717604.681319,-2643293,-3541286,172109637,-2146106,-118940065,-894176,61,ee56fe00,0.0,0.0,0.0,0.0,0.0,0.0
2026-05-25 10:00:04.684159,1779717604.684159,350035,-3562643,170140129,-3180640,-129851646,-1518773,61,ee57fe00,0.0,0.0,0.0,0.0,0.0,0.0
2026-05-25 10:00:04.687509,1779717604.687509,350035,-3562643,170140129,-3180640,-129851646,-1518773,61,ee57fe00,0.0,0.0,0.0,0.0,0.0,0.0
2026-05-25 10:00:04.690088,1779717604.690088,2958215,-4393130,167716494,-3182757,-138382492,-1749801,61,ee56fe00,0.0,0.0,0.0,0.0,0.0,0.0
2026-05-25 10:00:04.693079,1779717604.693079,2958215,-4393130,167716494,-3182757,-138382492,-1749801,61,ee56fe00,0.0,0.0,0.0,0.0,0.0,0.0
2026-05-25 10:00:04.695388,1779717604.695388,5546185,-3891358,166412068,-3391643,-144359153,-2309384,61,ee56fe00,0.0,0.0,0.0,0.0,0.0,0.0
2026-05-25 10:00:04.698112,1779717604.698112,5546185,-3891358,166412068,-3391643,-144359153,-2309384,61,ee56fe00,0.0,0.0,0.0,0.0,0.0,0.0
2026-05-25 10:00:04.700494,1779717604.700494,7252303,-3560744,165563499,-3176212,-148594873,-2026570,61,ee56fe00,0.0,0.0,0.0,0.0,0.0,0.0
2026-05-25 10:00:04.703260,1779717604.703260,7252303,-3560744,165563499,-3176212,-148594873,-2026570,61,ee56fe00,0.0,0.0,0.0,0.0,0.0,0.0
2026-05-25 10:00:04.705622,1779717604.705622,7622885,-3667095,165567882,-3075438,-152073009,-1462555,61,ee56fe00,0.0,0.0,0.0,0.0,0.0,0.0
2026-05-25 10:00:04.708460,1779717604.708460,7622885,-3667095,165567882,-3075438,-152073009,-1462555,61,ee56fe00,0.0,0.0,0.0,0.0,0.0,0.0
2026-05-25 10:00:04.710792,1779717604.710792,7869691,-3988536,166233235,-2973001,-156052080,-1065168,61,ee56fe00,0.0,0.0,0.0,0.0,0.0,0.0
2026-05-25 10:00:04.713631,1779717604.713631,7869691,-3988536,166233235,-2973001,-156052080,-1065168,61,ee56fe00,0.0,0.0,0.0,0.0,0.0,0.0
2026-05-25 10:00:04.715999,1779717604.715999,8377784,-4374168,166741065,-3202389,-161146944,-1392173,61,ee56fe00,0.0,0.0,0.0,0.0,0.0,0.0
2026-05-25 10:00:04.719394,1779717604.719394,8377784,-4374168,166741065,-3202389,-161146944,-1392173,61,ee56fe00,0.0,0.0,0.0,0.0,0.0,0.0
2026-05-25 10:00:04.722326,1779717604.722326,9632417,-3759963,166903511,-3337183,-167279136,-1676442,61,ee56fe00,0.0,0.0,0.0,0.0,0.0,0.0
2026-05-25 10:00:04.725397,1779717604.725397,9632417,-3759963,166903511,-3337183,-167279136,-1676442,61,ee56fe00,0.0,0.0,0.0,0.0,0.0,0.0
2026-05-25 10:00:04.728361,1779717604.728361,11245263,-3350506,166572542,-3418724,-173798072,-1630724,61,ee56fe00,0.0,0.0,0.0,0.0,0.0,0.0
2026-05-25 10:00:04.731809,1779717604.731809,11245263,-3350506,166572542,-3418724,-173798072,-1630724,61,ee56fe00,0.0,0.0,0.0,0.0,0.0,0.0
2026-05-25 10:00:04.734539,1779717604.734539,12331066,-3139357,166341121,-3412674,-180208889,-1231069,61,ee56fe00,0.0,0.0,0.0,0.0,0.0,0.0
2026-05-25 10:00:04.737397,1779717604.737397,12331066,-3139357,166341121,-3412674,-180208889,-1231069,61,ee56fe00,0.0,0.0,0.0,0.0,0.0,0.0
2026-05-25 10:00:04.739768,1779717604.739768,13400538,-3235253,166105947,-3383993,-186070876,-867981,61,ee56fe00,0.0,0.0,0.0,0.0,0.0,0.0
2026-05-25 10:00:04.742969,1779717604.742969,13400538,-3235253,166105947,-3383993,-186070876,-867981,61,ee56fe00,0.0,0.0,0.0,0.0,0.0,0.0
2026-05-25 10:00:04.745986,1779717604.745986,13850226,-3480179,166239898,-3377725,-191751690,-549277,61,ee56fe00,0.0,0.0,0.0,0.0,0.0,0.0
2026-05-25 10:00:04.750514,1779717604.750514,13850226,-3480179,166239898,-3377725,-191751690,-549277,61,ee56fe00,0.0,0.0,0.0,0.0,0.0,0.0
2026-05-25 10:00:04.753689,1779717604.753689,14716570,-3892769,166601043,-3533221,-197956575,-635638,61,ee56fe00,0.0,0.0,0.0,0.0,0.0,0.0
2026-05-25 10:00:04.756954,1779717604.756954,14716570,-3892769,166601043,-3533221,-197956575,-635638,61,ee56fe00,0.0,0.0,0.0,0.0,0.0,0.0
2026-05-25 10:00:04.759676,1779717604.759676,15553380,-4305539,167116380,-3784486,-205639787,-976527,61,ee56fe00,0.0,0.0,0.0,0.0,0.0,0.0
2026-05-25 10:00:04.764735,1779717604.764735,15553380,-4305539,167116380,-3784486,-205639787,-976527,61,ee56fe00,0.0,0.0,0.0,0.0,0.0,0.0
2026-05-25 10:00:04.767499,1779717604.767499,16827325,-4510791,167415186,-4165745,-214930070,-1644718,61,ee56fe00,0.0,0.0,0.0,0.0,0.0,0.0
2026-05-25 10:00:04.771814,1779717604.771814,16827325,-4510791,167415186,-4165745,-214930070,-1644718,61,ee56fe00,0.0,0.0,0.0,0.0,0.0,0.0
2026-05-25 10:00:04.774559,1779717604.774559,18405300,-4520155,167086111,-4498629,-225189661,-2220319,61,ee56fe00,0.0,0.0,0.0,0.0,0.0,0.0
2026-05-25 10:00:04.777761,1779717604.777761,18405300,-4520155,167086111,-4498629,-225189661,-2220319,61,ee56fe00,0.0,0.0,0.0,0.0,0.0,0.0
2026-05-25 10:00:04.780600,1779717604.780600,20104635,-4358301,166122042,-4814739,-234684242,-2572307,61,ee56fe00,0.0,0.0,0.0,0.0,0.0,0.0
2026-05-25 10:00:04.783320,1779717604.783320,20104635,-4358301,166122042,-4814739,-234684242,-2572307,61,ee56fe00,0.0,0.0,0.0,0.0,0.0,0.0
2026-05-25 10:00:04.785727,1779717604.785727,22281516,-4447697,164695408,-4974073,-242141595,-2638500,61,ee56fe00,0.0,0.0,0.0,0.0,0.0,0.0
2026-05-25 10:00:04.788971,1779717604.788971,22281516,-4447697,164695408,-4974073,-242141595,-2638500,61,ee56fe00,0.0,0.0,0.0,0.0,0.0,0.0
2026-05-25 10:00:04.791568,1779717604.791568,24299400,-4301530,163246753,-5055782,-246797091,-2594765,61,ee56fe00,0.0,0.0,0.0,0.0,0.0,0.0
2026-05-25 10:00:04.794595,1779717604.794595,24299400,-4301530,163246753,-5055782,-246797091,-2594765,61,ee56fe00,0.0,0.0,0.0,0.0,0.0,0.0
2026-05-25 10:00:04.797239,1779717604.797239,26435957,-4314513,162244764,-5029932,-249329677,-2521559,61,ee56fe00,0.0,0.0,0.0,0.0,0.0,0.0
2026-05-25 10:00:04.800220,1779717604.800220,26435957,-4314513,162244764,-5029932,-249329677,-2521559,61,ee56fe00,0.0,0.0,0.0,0.0,0.0,0.0
2026-05-25 10:00:04.802727,1779717604.802727,28264837,-4086161,161647583,-5078741,-251036647,-2546639,61,ee56fe00,0.0,0.0,0.0,0.0,0.0,0.0
2026-05-25 10:00:04.805701,1779717604.805701,28264837,-4086161,161647583,-5078741,-251036647,-2546639,61,ee56fe00,0.0,0.0,0.0,0.0,0.0,0.0
2026-05-25 10:00:04.808755,1779717604.808755,30202072,-4170898,161240854,-5167624,-252828722,-2573281,61,ee56fe00,0.0,0.0,0.0,0.0,0.0,0.0
2026-05-25 10:00:04.811698,1779717604.811698,30202072,-4170898,161240854,-5167624,-252828722,-2573281,61,ee56fe00,0.0,0.0,0.0,0.0,0.0,0.0
2026-05-25 10:00:04.814227,1779717604.814227,32263623,-3814968,160544021,-5227783,-254867640,-2527992,61,ee57fe00,0.0,0.0,0.0,0.0,0.0,0.0
2026-05-25 10:00:04.818086,1779717604.818086,32263623,-3814968,160544021,-5227783,-254867640,-2527992,61,ee57fe00,0.0,0.0,0.0,0.0,0.0,0.0
2026-05-25 10:00:04.822513,1779717604.822513,34345051,-3953521,159752974,-5165390,-256426764,-2338835,61,ee57fe00,0.0,0.0,0.0,0.0,0.0,0.0
2026-05-25 10:00:04.826242,1779717604.826242,34345051,-3953521,159752974,-5165390,-256426764,-2338835,61,ee57fe00,0.0,0.0,0.0,0.0,0.0,0.0
2026-05-25 10:00:04.828821,1779717604.828821,36531979,-3886602,158901155,-5143551,-257247053,-2092301,61,ee57fe00,0.0,0.0,0.0,0.0,0.0,0.0
2026-05-25 10:00:04.842731,1779717604.842731,36531979,-3886602,158901155,-5143551,-257247053,-2092301,61,ee57fe00,0.0,0.0,0.0,0.0,0.0,0.0
2026-05-25 10:00:04.849594,1779717604.849594,38070893,-4200266,158343280,-5005847,-257444137,-1899054,61,ee56fe00,0.0,0.0,0.0,0.0,0.0,0.0
2026-05-25 10:00:04.852507,1779717604.852507,38070893,-4200266,158343280,-5005847,-257444137,-1899054,61,ee56fe00,0.0,0.0,0.0,0.0,0.0,0.0
2026-05-25 10:00:04.855012,1779717604.855012,39785346,-4298963,158080200,-5032040,-257615846,-1810485,61,ee56fe00,0.0,0.0,0.0,0.0,0.0,0.0
2026-05-25 10:00:04.858045,1779717604.858045,39785346,-4298963,158080200,-5032040,-257615846,-1810485,61,ee56fe00,0.0,0.0,0.0,0.0,0.0,0.0
2026-05-25 10:00:04.860920,1779717604.860920,41158387,-4476106,157687002,-4988536,-257782124,-1761690,61,ee56fe00,0.0,0.0,0.0,0.0,0.0,0.0
2026-05-25 10:00:04.864352,1779717604.864352,41158387,-4476106,157687002,-4988536,-257782124,-1761690,61,ee56fe00,0.0,0.0,0.0,0.0,0.0,0.0
2026-05-25 10:00:04.867094,1779717604.867094,42979626,-4686210,157197484,-5082288,-257775580,-1986722,61,ee56fe00,0.0,0.0,0.0,0.0,0.0,0.0
2026-05-25 10:00:04.870505,1779717604.870505,42979626,-4686210,157197484,-5082288,-257775580,-1986722,61,ee56fe00,0.0,0.0,0.0,0.0,0.0,0.0
2026-05-25 10:00:04.873118,1779717604.873118,44781629,-4690960,156418163,-5053674,-257104972,-2251723,61,ee56fe00,0.0,0.0,0.0,0.0,0.0,0.0
2026-05-25 10:00:04.875981,1779717604.875981,44781629,-4690960,156418163,-5053674,-257104972,-2251723,61,ee56fe00,0.0,0.0,0.0,0.0,0.0,0.0
2026-05-25 10:00:04.878340,1779717604.878340,46754068,-4597730,155450792,-5155546,-255704089,-2391956,61,ee56fe00,0.0,0.0,0.0,0.0,0.0,0.0
2026-05-25 10:00:04.881050,1779717604.881050,46754068,-4597730,155450792,-5155546,-255704089,-2391956,61,ee56fe00,0.0,0.0,0.0,0.0,0.0,0.0
2026-05-25 10:00:04.883402,1779717604.883402,48572789,-4569033,154745335,-4992933,-253501769,-2297250,61,ee56fe00,0.0,0.0,0.0,0.0,0.0,0.0
2026-05-25 10:00:04.886124,1779717604.886124,48572789,-4569033,154745335,-4992933,-253501769,-2297250,61,ee56fe00,0.0,0.0,0.0,0.0,0.0,0.0
2026-05-25 10:00:04.888454,1779717604.888454,50280659,-4628729,154200086,-4987042,-251446882,-2183541,61,ee56fe00,0.0,0.0,0.0,0.0,0.0,0.0
2026-05-25 10:00:04.891247,1779717604.891247,50280659,-4628729,154200086,-4987042,-251446882,-2183541,61,ee56fe00,0.0,0.0,0.0,0.0,0.0,0.0
2026-05-25 10:00:04.893819,1779717604.893819,51541572,-4758385,154113632,-4846847,-249676452,-2151558,61,ee56fe00,0.0,0.0,0.0,0.0,0.0,0.0
2026-05-25 10:00:04.896562,1779717604.896562,51541572,-4758385,154113632,-4846847,-249676452,-2151558,61,ee56fe00,0.0,0.0,0.0,0.0,0.0,0.0
2026-05-25 10:00:04.898824,1779717604.898824,53158064,-4640118,153747027,-5024077,-248541719,-2296132,61,ee56fe00,0.0,0.0,0.0,0.0,0.0,0.0
2026-05-25 10:00:04.901553,1779717604.901553,53158064,-4640118,153747027,-5024077,-248541719,-2296132,61,ee56fe00,0.0,0.0,0.0,0.0,0.0,0.0
2026-05-25 10:00:04.903858,1779717604.903858,54888968,-4622723,153046515,-5059868,-247361347,-2355632,61,ee56fe00,0.0,0.0,0.0,0.0,0.0,0.0
2026-05-25 10:00:04.906571,1779717604.906571,54888968,-4622723,153046515,-5059868,-247361347,-2355632,61,ee56fe00,0.0,0.0,0.0,0.0,0.0,0.0
2026-05-25 10:00:04.908984,1779717604.908984,57014521,-4396036,151805339,-5105774,-245485000,-2324237,61,ee56fe00,0.0,0.0,0.0,0.0,0.0,0.0
2026-05-25 10:00:04.911882,1779717604.911882,57014521,-4396036,151805339,-5105774,-245485000,-2324237,61,ee56fe00,0.0,0.0,0.0,0.0,0.0,0.0
2026-05-25 10:00:04.915086,1779717604.915086,59479000,-4186357,150261055,-5058737,-242181410,-2077303,61,ee57fe00,0.0,0.0,0.0,0.0,0.0,0.0
2026-05-25 10:00:04.918107,1779717604.918107,59479000,-4186357,150261055,-5058737,-242181410,-2077303,61,ee57fe00,0.0,0.0,0.0,0.0,0.0,0.0
2026-05-25 10:00:04.920854,1779717604.920854,61814853,-4101752,148800610,-4880059,-237087753,-1631622,61,ee56fe00,0.0,0.0,0.0,0.0,0.0,0.0
2026-05-25 10:00:04.923957,1779717604.923957,61814853,-4101752,148800610,-4880059,-237087753,-1631622,61,ee56fe00,0.0,0.0,0.0,0.0,0.0,0.0
2026-05-25 10:00:04.926791,1779717604.926791,63995369,-4196234,147575572,-4597280,-230450242,-1115243,61,ee57fe00,0.0,0.0,0.0,0.0,0.0,0.0
2026-05-25 10:00:04.929788,1779717604.929788,63995369,-4196234,147575572,-4597280,-230450242,-1115243,61,ee57fe00,0.0,0.0,0.0,0.0,0.0,0.0
2026-05-25 10:00:04.932489,1779717604.932489,65540715,-4564651,146756323,-4228298,-222894153,-663965,61,ee57fe00,0.0,0.0,0.0,0.0,0.0,0.0
2026-05-25 10:00:04.935771,1779717604.935771,65540715,-4564651,146756323,-4228298,-222894153,-663965,61,ee57fe00,0.0,0.0,0.0,0.0,0.0,0.0
2026-05-25 10:00:04.938497,1779717604.938497,66548589,-4941456,146705283,-4026920,-215483652,-452688,61,ee57fe00,0.0,0.0,0.0,0.0,0.0,0.0
2026-05-25 10:00:04.942102,1779717604.942102,66548589,-4941456,146705283,-4026920,-215483652,-452688,61,ee57fe00,0.0,0.0,0.0,0.0,0.0,0.0
2026-05-25 10:00:04.945354,1779717604.945354,67249128,-5259215,147052694,-4024327,-209190382,-597683,61,ee57fe00,0.0,0.0,0.0,0.0,0.0,0.0
2026-05-25 10:00:04.948587,1779717604.948587,67249128,-5259215,147052694,-4024327,-209190382,-597683,61,ee57fe00,0.0,0.0,0.0,0.0,0.0,0.0
2026-05-25 10:00:04.951604,1779717604.951604,67873459,-5104245,147383361,-4174001,-204507145,-878092,61,ee57fe00,0.0,0.0,0.0,0.0,0.0,0.0
2026-05-25 10:00:04.955131,1779717604.955131,67873459,-5104245,147383361,-4174001,-204507145,-878092,61,ee57fe00,0.0,0.0,0.0,0.0,0.0,0.0
2026-05-25 10:00:04.958171,1779717604.958171,68934508,-5001205,147140091,-4428158,-200779271,-1082017,61,ee57fe00,0.0,0.0,0.0,0.0,0.0,0.0
2026-05-25 10:00:04.962096,1779717604.962096,68934508,-5001205,147140091,-4428158,-200779271,-1082017,61,ee57fe00,0.0,0.0,0.0,0.0,0.0,0.0
2026-05-25 10:00:04.965660,1779717604.965660,70365873,-4808410,146369834,-4474548,-197081874,-1022210,61,ee57fe00,0.0,0.0,0.0,0.0,0.0,0.0
2026-05-25 10:00:04.969989,1779717604.969989,70365873,-4808410,146369834,-4474548,-197081874,-1022210,61,ee57fe00,0.0,0.0,0.0,0.0,0.0,0.0
2026-05-25 10:00:04.973736,1779717604.973736,72330104,-4753845,145223849,-4443964,-192342729,-804851,61,ee57fe00,0.0,0.0,0.0,0.0,0.0,0.0
2026-05-25 10:00:04.977754,1779717604.977754,72330104,-4753845,145223849,-4443964,-192342729,-804851,61,ee57fe00,0.0,0.0,0.0,0.0,0.0,0.0
2026-05-25 10:00:04.980908,1779717604.980908,74164867,-4665596,143795573,-4093685,-186196593,-411803,61,ee57fe00,0.0,0.0,0.0,0.0,0.0,0.0
2026-05-25 10:00:04.986717,1779717604.986717,74164867,-4665596,143795573,-4093685,-186196593,-411803,61,ee57fe00,0.0,0.0,0.0,0.0,0.0,0.0
2026-05-25 10:00:04.992357,1779717604.992357,75843078,-4666091,142612649,-3844755,-178291662,-9066,61,ee57fe00,0.0,0.0,0.0,0.0,0.0,0.0
2026-05-25 10:00:04.996039,1779717604.996039,75843078,-4666091,142612649,-3844755,-178291662,-9066,61,ee57fe00,0.0,0.0,0.0,0.0,0.0,0.0
2026-05-25 10:00:04.999143,1779717604.999143,77187780,-4839522,141541089,-3549818,-169241145,240316,61,ee57fe00,0.0,0.0,0.0,0.0,0.0,0.0
2026-05-25 10:00:05.002431,1779717605.002431,77187780,-4839522,141541089,-3549818,-169241145,240316,61,ee57fe00,0.0,0.0,0.0,0.0,0.0,0.0
2026-05-25 10:00:05.005012,1779717605.005012,78503850,-4929480,140869332,-3311105,-159561100,402449,61,ee57fe00,0.0,0.0,0.0,0.0,0.0,0.0
2026-05-25 10:00:05.008777,1779717605.008777,78503850,-4929480,140869332,-3311105,-159561100,402449,61,ee57fe00,0.0,0.0,0.0,0.0,0.0,0.0
2026-05-25 10:00:05.011820,1779717605.011820,79697216,-4936583,140026799,-2978835,-149655975,704475,61,ee57fe00,0.0,0.0,0.0,0.0,0.0,0.0
2026-05-25 10:00:05.015560,1779717605.015560,79697216,-4936583,140026799,-2978835,-149655975,704475,61,ee57fe00,0.0,0.0,0.0,0.0,0.0,0.0
2026-05-25 10:00:05.018589,1779717605.018589,81040834,-4803988,139408670,-2531339,-139460896,1295935,61,ee57fe00,0.0,0.0,0.0,0.0,0.0,0.0
2026-05-25 10:00:05.022178,1779717605.022178,81040834,-4803988,139408670,-2531339,-139460896,1295935,61,ee57fe00,0.0,0.0,0.0,0.0,0.0,0.0
2026-05-25 10:00:05.025651,1779717605.025651,82679731,-4888290,138711951,-2013508,-129054420,2239165,61,ee57fe00,0.0,0.0,0.0,0.0,0.0,0.0
2026-05-25 10:00:05.029649,1779717605.029649,82679731,-4888290,138711951,-2013508,-129054420,2239165,61,ee57fe00,0.0,0.0,0.0,0.0,0.0,0.0
2026-05-25 10:00:05.032614,1779717605.032614,84047571,-4948250,138179742,-1164434,-119028658,3624156,61,ee57fe00,0.0,0.0,0.0,0.0,0.0,0.0
2026-05-25 10:00:05.036231,1779717605.036231,84047571,-4948250,138179742,-1164434,-119028658,3624156,61,ee57fe00,0.0,0.0,0.0,0.0,0.0,0.0
2026-05-25 10:00:05.039736,1779717605.039736,84948240,-4841695,138143951,58861,-109885585,5720217,61,ee56fe00,0.0,0.0,0.0,0.0,0.0,0.0
2026-05-25 10:00:05.044140,1779717605.044140,84948240,-4841695,138143951,58861,-109885585,5720217,61,ee56fe00,0.0,0.0,0.0,0.0,0.0,0.0
2026-05-25 10:00:05.047723,1779717605.047723,84830237,-4431322,138921291,1754474,-102544417,8657239,61,ee56fe00,0.0,0.0,0.0,0.0,0.0,0.0
2026-05-25 10:00:05.051668,1779717605.051668,84830237,-4431322,138921291,1754474,-102544417,8657239,61,ee56fe00,0.0,0.0,0.0,0.0,0.0,0.0
2026-05-25 10:00:05.055593,1779717605.055593,83837122,-4192866,140206295,3174673,-96881312,11531048,61,ee56fe00,0.0,0.0,0.0,0.0,0.0,0.0
2026-05-25 10:00:05.059992,1779717605.059992,83837122,-4192866,140206295,3174673,-96881312,11531048,61,ee56fe00,0.0,0.0,0.0,0.0,0.0,0.0
2026-05-25 10:00:05.063997,1779717605.063997,82777129,-4523922,141202283,4173790,-92954445,13779579,61,ee56fe00,0.0,0.0,0.0,0.0,0.0,0.0
2026-05-25 10:00:05.068632,1779717605.068632,82777129,-4523922,141202283,4173790,-92954445,13779579,61,ee56fe00,0.0,0.0,0.0,0.0,0.0,0.0
2026-05-25 10:00:05.072585,1779717605.072585,82167146,-4994730,141679953,4746292,-89818436,14931058,61,ee56fe00,0.0,0.0,0.0,0.0,0.0,0.0
2026-05-25 10:00:05.076915,1779717605.076915,82167146,-4994730,141679953,4746292,-89818436,14931058,61,ee56fe00,0.0,0.0,0.0,0.0,0.0,0.0
2026-05-25 10:00:05.080855,1779717605.080855,82475469,-5273462,141416835,4777224,-86378249,14913503,61,ee56fe00,0.0,0.0,0.0,0.0,0.0,0.0
2026-05-25 10:00:05.084838,1779717605.084838,82475469,-5273462,141416835,4777224,-86378249,14913503,61,ee56fe00,0.0,0.0,0.0,0.0,0.0,0.0
2026-05-25 10:00:05.088496,1779717605.088496,83482232,-5212346,140535829,3992350,-81281241,14022197,61,ee56fe00,0.0,0.0,0.0,0.0,0.0,0.0
2026-05-25 10:00:05.106419,1779717605.106419,83482232,-5212346,140535829,3992350,-81281241,14022197,61,ee56fe00,0.0,0.0,0.0,0.0,0.0,0.0
2026-05-25 10:00:05.113969,1779717605.113969,84886831,-5437764,139208637,2576893,-74143423,12497507,61,ee56fe00,0.0,0.0,0.0,0.0,0.0,0.0
2026-05-25 10:00:05.122032,1779717605.122032,84886831,-5437764,139208637,2576893,-74143423,12497507,61,ee56fe00,0.0,0.0,0.0,0.0,0.0,0.0
2026-05-25 10:00:05.128688,1779717605.128688,86001927,-5742378,137991752,956113,-65269469,10802440,61,ee56fe00,0.0,0.0,0.0,0.0,0.0,0.0
2026-05-25 10:00:05.136500,1779717605.136500,86001927,-5742378,137991752,956113,-65269469,10802440,61,ee56fe00,0.0,0.0,0.0,0.0,0.0,0.0
2026-05-25 10:00:05.143650,1779717605.143650,86589113,-6013814,136995081,-252924,-55657879,9076709,61,ee56fe00,0.0,0.0,0.0,0.0,0.0,0.0
2026-05-25 10:00:05.151712,1779717605.151712,86589113,-6013814,136995081,-252924,-55657879,9076709,61,ee56fe00,0.0,0.0,0.0,0.0,0.0,0.0
2026-05-25 10:00:05.158236,1779717605.158236,86721381,-6079031,136568974,-891199,-46060168,7468582,61,ee56fe00,0.0,0.0,0.0,0.0,0.0,0.0
2026-05-25 10:00:05.166998,1779717605.166998,86721381,-6079031,136568974,-891199,-46060168,7468582,61,ee56fe00,0.0,0.0,0.0,0.0,0.0,0.0
2026-05-25 10:00:05.172425,1779717605.172425,86761326,-6157146,136189408,-727680,-36591839,6097806,61,ee56fe00,0.0,0.0,0.0,0.0,0.0,0.0
2026-05-25 10:00:05.184793,1779717605.184793,86761326,-6157146,136189408,-727680,-36591839,6097806,61,ee56fe00,0.0,0.0,0.0,0.0,0.0,0.0
2026-05-25 10:00:05.194167,1779717605.194167,86828008,-6265184,135990735,-117850,-27111274,4917533,61,ee57fe00,0.0,0.0,0.0,0.0,0.0,0.0
2026-05-25 10:00:05.204220,1779717605.204220,86828008,-6265184,135990735,-117850,-27111274,4917533,61,ee57fe00,0.0,0.0,0.0,0.0,0.0,0.0
2026-05-25 10:00:05.214571,1779717605.214571,86959731,-6519659,135907668,609413,-17160840,3602063,61,ee56fe00,0.0,0.0,0.0,0.0,0.0,0.0
2026-05-25 10:00:05.226423,1779717605.226423,86959731,-6519659,135907668,609413,-17160840,3602063,61,ee56fe00,0.0,0.0,0.0,0.0,0.0,0.0
2026-05-25 10:00:05.234522,1779717605.234522,87086598,-6662316,135754453,1013633,-6967415,1880971,61,ee56fe00,0.0,0.0,0.0,0.0,0.0,0.0
2026-05-25 10:00:05.242852,1779717605.242852,87086598,-6662316,135754453,1013633,-6967415,1880971,61,ee56fe00,0.0,0.0,0.0,0.0,0.0,0.0
2026-05-25 10:00:05.251018,1779717605.251018,87312591,-6748087,135461322,1491278,3362601,69640,61,ee56fe00,0.0,0.0,0.0,0.0,0.0,0.0
2026-05-25 10:00:05.261800,1779717605.261800,87312591,-6748087,135461322,1491278,3362601,69640,61,ee56fe00,0.0,0.0,0.0,0.0,0.0,0.0
2026-05-25 10:00:05.272334,1779717605.272334,87603016,-6670965,135078994,2241480,13944026,-1384954,61,ee57fe00,0.0,0.0,0.0,0.0,0.0,0.0
2026-05-25 10:00:05.285574,1779717605.285574,87603016,-6670965,135078994,2241480,13944026,-1384954,61,ee57fe00,0.0,0.0,0.0,0.0,0.0,0.0
2026-05-25 10:00:05.297518,1779717605.297518,87833351,-6558852,134701305,3143036,25074279,-2437507,61,ee57fe00,0.0,0.0,0.0,0.0,0.0,0.0
2026-05-25 10:00:05.313254,1779717605.313254,87833351,-6558852,134701305,3143036,25074279,-2437507,61,ee57fe00,0.0,0.0,0.0,0.0,0.0,0.0
2026-05-25 10:00:05.326036,1779717605.326036,88252970,-6463856,134976569,3934603,36762882,-3299982,61,ee56fe00,0.0,0.0,0.0,0.0,0.0,0.0
2026-05-25 10:00:05.354811,1779717605.354811,88252970,-6463856,134976569,3934603,36762882,-3299982,61,ee56fe00,0.0,0.0,0.0,0.0,0.0,0.0
2026-05-25 10:00:05.363159,1779717605.363159,89122775,-5455744,135849334,3599461,48628692,-3709312,61,ee56fe00,0.0,0.0,0.0,0.0,0.0,0.0
2026-05-25 10:00:05.373504,1779717605.373504,89122775,-5455744,135849334,3599461,48628692,-3709312,61,ee56fe00,0.0,0.0,0.0,0.0,0.0,0.0
2026-05-25 10:00:05.387590,1779717605.387590,88998168,-4470702,136522597,2862010,59732921,-3318827,61,ee56fe00,0.0,0.0,0.0,0.0,0.0,0.0
2026-05-25 10:00:05.398729,1779717605.398729,88998168,-4470702,136522597,2862010,59732921,-3318827,61,ee56fe00,0.0,0.0,0.0,0.0,0.0,0.0
2026-05-25 10:00:05.407544,1779717605.407544,88533894,-3761988,136927350,2506768,69756149,-1846157,61,ee56fe00,0.0,0.0,0.0,0.0,0.0,0.0
2026-05-25 10:00:05.419964,1779717605.419964,88533894,-3761988,136927350,2506768,69756149,-1846157,61,ee56fe00,0.0,0.0,0.0,0.0,0.0,0.0
2026-05-25 10:00:05.427129,1779717605.427129,87284033,-4152059,136905813,2890461,78903294,-387554,61,ee56fe00,0.0,0.0,0.0,0.0,0.0,0.0
2026-05-25 10:00:05.437160,1779717605.437160,87284033,-4152059,136905813,2890461,78903294,-387554,61,ee56fe00,0.0,0.0,0.0,0.0,0.0,0.0
2026-05-25 10:00:05.448083,1779717605.448083,86298070,-4828989,137322183,3520105,87940126,443886,61,ee56fe00,0.0,0.0,0.0,0.0,0.0,0.0
2026-05-25 10:00:05.483557,1779717605.483557,86298070,-4828989,137322183,3520105,87940126,443886,61,ee56fe00,0.0,0.0,0.0,0.0,0.0,0.0
2026-05-25 10:00:05.494569,1779717605.494569,85469151,-5135819,138037745,3649294,96962654,433522,61,ee56fe00,0.0,0.0,0.0,0.0,0.0,0.0
2026-05-25 10:00:05.506448,1779717605.506448,85469151,-5135819,138037745,3649294,96962654,433522,61,ee56fe00,0.0,0.0,0.0,0.0,0.0,0.0
2026-05-25 10:00:05.519500,1779717605.519500,84173845,-5057516,138924274,3623444,105392323,370653,61,ee56fe00,0.0,0.0,0.0,0.0,0.0,0.0
2026-05-25 10:00:05.540311,1779717605.540311,84173845,-5057516,138924274,3623444,105392323,370653,61,ee56fe00,0.0,0.0,0.0,0.0,0.0,0.0
2026-05-25 10:00:05.552408,1779717605.552408,83064437,-4891764,139858842,3789731,112789453,612725,61,ee56fe00,0.0,0.0,0.0,0.0,0.0,0.0
2026-05-25 10:00:05.559764,1779717605.559764,83064437,-4891764,139858842,3789731,112789453,612725,61,ee56fe00,0.0,0.0,0.0,0.0,0.0,0.0
2026-05-25 10:00:05.566294,1779717605.566294,82058978,-4945662,140608610,3900037,119017124,978162,61,ee56fe00,0.0,0.0,0.0,0.0,0.0,0.0
2026-05-25 10:00:05.573603,1779717605.573603,82058978,-4945662,140608610,3900037,119017124,978162,61,ee56fe00,0.0,0.0,0.0,0.0,0.0,0.0
2026-05-25 10:00:05.579809,1779717605.579809,81155224,-5121352,141106651,3973373,124455779,1168983,61,ee56fe00,0.0,0.0,0.0,0.0,0.0,0.0
2026-05-25 10:00:05.589074,1779717605.589074,81155224,-5121352,141106651,3973373,124455779,1168983,61,ee56fe00,0.0,0.0,0.0,0.0,0.0,0.0
2026-05-25 10:00:05.601699,1779717605.601699,80265118,-5230284,141424909,4047586,129662154,1160849,61,ee56fe00,0.0,0.0,0.0,0.0,0.0,0.0
2026-05-25 10:00:05.614690,1779717605.614690,80265118,-5230284,141424909,4047586,129662154,1160849,61,ee56fe00,0.0,0.0,0.0,0.0,0.0,0.0
2026-05-25 10:00:05.620943,1779717605.620943,79266737,-5064530,142040054,4061653,134755317,1144505,61,ee56fe00,0.0,0.0,0.0,0.0,0.0,0.0
2026-05-25 10:00:05.629692,1779717605.629692,79266737,-5064530,142040054,4061653,134755317,1144505,61,ee56fe00,0.0,0.0,0.0,0.0,0.0,0.0
2026-05-25 10:00:05.636545,1779717605.636545,77895569,-4871127,142970024,4094654,139802939,1192995,61,ee56fe00,0.0,0.0,0.0,0.0,0.0,0.0
2026-05-25 10:00:05.653965,1779717605.653965,77895569,-4871127,142970024,4094654,139802939,1192995,61,ee56fe00,0.0,0.0,0.0,0.0,0.0,0.0
2026-05-25 10:00:05.664679,1779717605.664679,76533337,-4959896,144037422,4097702,144089286,1291274,61,ee56fe00,0.0,0.0,0.0,0.0,0.0,0.0
2026-05-25 10:00:05.675278,1779717605.675278,76533337,-4959896,144037422,4097702,144089286,1291274,61,ee56fe00,0.0,0.0,0.0,0.0,0.0,0.0
2026-05-25 10:00:05.684370,1779717605.684370,75230689,-5103275,144992698,4102246,147447884,1320357,61,ee56fe00,0.0,0.0,0.0,0.0,0.0,0.0
2026-05-25 10:00:05.693151,1779717605.693151,75230689,-5103275,144992698,4102246,147447884,1320357,61,ee56fe00,0.0,0.0,0.0,0.0,0.0,0.0
2026-05-25 10:00:05.700554,1779717605.700554,74211551,-5132807,145562999,4064669,149908515,1287208,61,ee56fe00,0.0,0.0,0.0,0.0,0.0,0.0
2026-05-25 10:00:05.707425,1779717605.707425,74211551,-5132807,145562999,4064669,149908515,1287208,61,ee56fe00,0.0,0.0,0.0,0.0,0.0,0.0
2026-05-25 10:00:05.714857,1779717605.714857,73541992,-5049770,145832134,3915033,152077264,1135810,61,ee56fe00,0.0,0.0,0.0,0.0,0.0,0.0
2026-05-25 10:00:05.723336,1779717605.723336,73541992,-5049770,145832134,3915033,152077264,1135810,61,ee56fe00,0.0,0.0,0.0,0.0,0.0,0.0
2026-05-25 10:00:05.730331,1779717605.730331,72977669,-4881287,145753987,3688044,154639017,873292,61,ee56fe00,0.0,0.0,0.0,0.0,0.0,0.0
2026-05-25 10:00:05.742344,1779717605.742344,72977669,-4881287,145753987,3688044,154639017,873292,61,ee56fe00,0.0,0.0,0.0,0.0,0.0,0.0
2026-05-25 10:00:05.749355,1779717605.749355,72554670,-4989855,145641770,3683518,158215462,839857,61,ee56fe00,0.0,0.0,0.0,0.0,0.0,0.0
2026-05-25 10:00:05.759855,1779717605.759855,72554670,-4989855,145641770,3683518,158215462,839857,61,ee56fe00,0.0,0.0,0.0,0.0,0.0,0.0
2026-05-25 10:00:05.770265,1779717605.770265,71946171,-4880444,145608074,3823388,162924871,914090,61,ee56fe00,0.0,0.0,0.0,0.0,0.0,0.0
2026-05-25 10:00:05.781078,1779717605.781078,71946171,-4880444,145608074,3823388,162924871,914090,61,ee56fe00,0.0,0.0,0.0,0.0,0.0,0.0
2026-05-25 10:00:05.789510,1779717605.789510,71020117,-4926714,145805915,4179601,168422936,1316416,61,ee56fe00,0.0,0.0,0.0,0.0,0.0,0.0
2026-05-25 10:00:05.798772,1779717605.798772,71020117,-4926714,145805915,4179601,168422936,1316416,61,ee56fe00,0.0,0.0,0.0,0.0,0.0,0.0
2026-05-25 10:00:05.806175,1779717605.806175,70027127,-4693458,146123103,4431520,174021885,1584679,61,ee56fe00,0.0,0.0,0.0,0.0,0.0,0.0
2026-05-25 10:00:05.814862,1779717605.814862,70027127,-4693458,146123103,4431520,174021885,1584679,61,ee56fe00,0.0,0.0,0.0,0.0,0.0,0.0
2026-05-25 10:00:05.821855,1779717605.821855,68742665,-4802837,146612730,4557943,179455572,1763845,61,ee56fe00,0.0,0.0,0.0,0.0,0.0,0.0
2026-05-25 10:00:05.829437,1779717605.829437,68742665,-4802837,146612730,4557943,179455572,1763845,61,ee56fe00,0.0,0.0,0.0,0.0,0.0,0.0
2026-05-25 10:00:05.835946,1779717605.835946,67635549,-4882053,147140566,4734747,184773432,1858569,61,ee56fe00,0.0,0.0,0.0,0.0,0.0,0.0
2026-05-25 10:00:05.843033,1779717605.843033,67635549,-4882053,147140566,4734747,184773432,1858569,61,ee56fe00,0.0,0.0,0.0,0.0,0.0,0.0
2026-05-25 10:00:05.848633,1779717605.848633,66165545,-4735156,147987305,4924858,189866583,1985010,61,ee56fe00,0.0,0.0,0.0,0.0,0.0,0.0
2026-05-25 10:00:05.855953,1779717605.855953,66165545,-4735156,147987305,4924858,189866583,1985010,61,ee56fe00,0.0,0.0,0.0,0.0,0.0,0.0
2026-05-25 10:00:05.862274,1779717605.862274,64579075,-4700730,149005008,4957622,194372803,2102704,61,ee56fe00,0.0,0.0,0.0,0.0,0.0,0.0
2026-05-25 10:00:05.869251,1779717605.869251,64579075,-4700730,149005008,4957622,194372803,2102704,61,ee56fe00,0.0,0.0,0.0,0.0,0.0,0.0
2026-05-25 10:00:05.875217,1779717605.875217,62767437,-4433224,150083432,5015865,197877559,2288720,61,ee56fe00,0.0,0.0,0.0,0.0,0.0,0.0
2026-05-25 10:00:05.881803,1779717605.881803,62767437,-4433224,150083432,5015865,197877559,2288720,61,ee56fe00,0.0,0.0,0.0,0.0,0.0,0.0
2026-05-25 10:00:05.887186,1779717605.887186,61171114,-4538744,150924341,4805514,200489037,2302071,61,ee56fe00,0.0,0.0,0.0,0.0,0.0,0.0
2026-05-25 10:00:05.893917,1779717605.893917,61171114,-4538744,150924341,4805514,200489037,2302071,61,ee56fe00,0.0,0.0,0.0,0.0,0.0,0.0
2026-05-25 10:00:05.900105,1779717605.900105,59843027,-4531927,151571458,4877393,202313910,2455455,61,ee56fe00,0.0,0.0,0.0,0.0,0.0,0.0
2026-05-25 10:00:05.908642,1779717605.908642,59843027,-4531927,151571458,4877393,202313910,2455455,61,ee56fe00,0.0,0.0,0.0,0.0,0.0,0.0
2026-05-25 10:00:05.914928,1779717605.914928,58462947,-4615573,152045101,4699895,203914086,2350691,61,ee56fe00,0.0,0.0,0.0,0.0,0.0,0.0
2026-05-25 10:00:05.921814,1779717605.921814,58462947,-4615573,152045101,4699895,203914086,2350691,61,ee56fe00,0.0,0.0,0.0,0.0,0.0,0.0
2026-05-25 10:00:05.927153,1779717605.927153,57147215,-4702641,152701744,4790825,205119897,2297914,61,ee56fe00,0.0,0.0,0.0,0.0,0.0,0.0
2026-05-25 10:00:05.938909,1779717605.938909,57147215,-4702641,152701744,4790825,205119897,2297914,61,ee56fe00,0.0,0.0,0.0,0.0,0.0,0.0
2026-05-25 10:00:05.943745,1779717605.943745,55280638,-4501807,153582959,4582646,205998805,2125922,61,ee56fe00,0.0,0.0,0.0,0.0,0.0,0.0
2026-05-25 10:00:05.948494,1779717605.948494,55280638,-4501807,153582959,4582646,205998805,2125922,61,ee56fe00,0.0,0.0,0.0,0.0,0.0,0.0
2026-05-25 10:00:05.958060,1779717605.958060,53858622,-4813735,154601906,4625422,206034927,2132898,61,ee56fe00,0.0,0.0,0.0,0.0,0.0,0.0
2026-05-25 10:00:05.970246,1779717605.970246,53858622,-4813735,154601906,4625422,206034927,2132898,61,ee56fe00,0.0,0.0,0.0,0.0,0.0,0.0
2026-05-25 10:00:05.976682,1779717605.976682,52110187,-4669613,155378707,4520028,205342264,1980037,61,ee56fe00,0.0,0.0,0.0,0.0,0.0,0.0
2026-05-25 10:00:05.984979,1779717605.984979,52110187,-4669613,155378707,4520028,205342264,1980037,61,ee56fe00,0.0,0.0,0.0,0.0,0.0,0.0
2026-05-25 10:00:05.993358,1779717605.993358,51010616,-4989375,155769793,4481793,204417600,1798474,61,ee56fe00,0.0,0.0,0.0,0.0,0.0,0.0
2026-05-25 10:00:06.001865,1779717606.001865,51010616,-4989375,155769793,4481793,204417600,1798474,61,ee56fe00,0.0,0.0,0.0,0.0,0.0,0.0
2026-05-25 10:00:06.008434,1779717606.008434,49775414,-4505561,155865299,4475641,203809678,1749488,61,ee57fe00,0.0,0.0,0.0,0.0,0.0,0.0
2026-05-25 10:00:06.016709,1779717606.016709,49775414,-4505561,155865299,4475641,203809678,1749488,61,ee57fe00,0.0,0.0,0.0,0.0,0.0,0.0
2026-05-25 10:00:06.023861,1779717606.023861,48864911,-4465150,155795222,4485890,204007246,1864754,61,ee56fe00,0.0,0.0,0.0,0.0,0.0,0.0
2026-05-25 10:00:06.032102,1779717606.032102,48864911,-4465150,155795222,4485890,204007246,1864754,61,ee56fe00,0.0,0.0,0.0,0.0,0.0,0.0
2026-05-25 10:00:06.039290,1779717606.039290,48042501,-4244070,155682700,4567925,205045216,2069016,61,ee56fe00,0.0,0.0,0.0,0.0,0.0,0.0
2026-05-25 10:00:06.047363,1779717606.047363,48042501,-4244070,155682700,4567925,205045216,2069016,61,ee56fe00,0.0,0.0,0.0,0.0,0.0,0.0
2026-05-25 10:00:06.054592,1779717606.054592,47145096,-4601302,155506608,4533058,207096089,2016596,61,ee56fe00,0.0,0.0,0.0,0.0,0.0,0.0
2026-05-25 10:00:06.063061,1779717606.063061,47145096,-4601302,155506608,4533058,207096089,2016596,61,ee56fe00,0.0,0.0,0.0,0.0,0.0,0.0
2026-05-25 10:00:06.070050,1779717606.070050,46294997,-4520471,155319076,4502938,210178779,1853236,61,ee56fe00,0.0,0.0,0.0,0.0,0.0,0.0
2026-05-25 10:00:06.077993,1779717606.077993,46294997,-4520471,155319076,4502938,210178779,1853236,61,ee56fe00,0.0,0.0,0.0,0.0,0.0,0.0
2026-05-25 10:00:06.084879,1779717606.084879,45174589,-4434263,155344605,4558930,213977228,1878896,61,ee56fe00,0.0,0.0,0.0,0.0,0.0,0.0
2026-05-25 10:00:06.089984,1779717606.089984,45174589,-4434263,155344605,4558930,213977228,1878896,61,ee56fe00,0.0,0.0,0.0,0.0,0.0,0.0
2026-05-25 10:00:06.094460,1779717606.094460,43707925,-4146227,155810634,4656400,217843985,2058279,61,ee56fe00,0.0,0.0,0.0,0.0,0.0,0.0
2026-05-25 10:00:06.098948,1779717606.098948,43707925,-4146227,155810634,4656400,217843985,2058279,61,ee56fe00,0.0,0.0,0.0,0.0,0.0,0.0
2026-05-25 10:00:06.103341,1779717606.103341,41906715,-4225522,156594550,4786826,221079512,2360622,61,ee56fe00,0.0,0.0,0.0,0.0,0.0,0.0
2026-05-25 10:00:06.107846,1779717606.107846,41906715,-4225522,156594550,4786826,221079512,2360622,61,ee56fe00,0.0,0.0,0.0,0.0,0.0,0.0
2026-05-25 10:00:06.111220,1779717606.111220,39932454,-4214580,157537833,4780702,223387893,2614483,61,ee56fe00,0.0,0.0,0.0,0.0,0.0,0.0
2026-05-25 10:00:06.115061,1779717606.115061,39932454,-4214580,157537833,4780702,223387893,2614483,61,ee56fe00,0.0,0.0,0.0,0.0,0.0,0.0
2026-05-25 10:00:06.118598,1779717606.118598,38306200,-4226336,158217274,4843916,224898257,2848697,61,ee57fe00,0.0,0.0,0.0,0.0,0.0,0.0
2026-05-25 10:00:06.122604,1779717606.122604,38306200,-4226336,158217274,4843916,224898257,2848697,61,ee57fe00,0.0,0.0,0.0,0.0,0.0,0.0
2026-05-25 10:00:06.126313,1779717606.126313,36652802,-4221002,158804967,4827658,225961864,2930575,61,ee57fe00,0.0,0.0,0.0,0.0,0.0,0.0
2026-05-25 10:00:06.130778,1779717606.130778,36652802,-4221002,158804967,4827658,225961864,2930575,61,ee57fe00,0.0,0.0,0.0,0.0,0.0,0.0
2026-05-25 10:00:06.134630,1779717606.134630,34964579,-4150556,159405738,4832086,226681835,2902138,61,ee56fe00,0.0,0.0,0.0,0.0,0.0,0.0
2026-05-25 10:00:06.139296,1779717606.139296,34964579,-4150556,159405738,4832086,226681835,2902138,61,ee56fe00,0.0,0.0,0.0,0.0,0.0,0.0
2026-05-25 10:00:06.143179,1779717606.143179,32892651,-3996899,160301458,4830204,226616706,2936645,61,ee57fe00,0.0,0.0,0.0,0.0,0.0,0.0
2026-05-25 10:00:06.147617,1779717606.147617,32892651,-3996899,160301458,4830204,226616706,2936645,61,ee57fe00,0.0,0.0,0.0,0.0,0.0,0.0
2026-05-25 10:00:06.151385,1779717606.151385,30796314,-4031499,161350988,4869950,225380074,3077623,61,ee57fe00,0.0,0.0,0.0,0.0,0.0,0.0
2026-05-25 10:00:06.156518,1779717606.156518,30796314,-4031499,161350988,4869950,225380074,3077623,61,ee57fe00,0.0,0.0,0.0,0.0,0.0,0.0
2026-05-25 10:00:06.160876,1779717606.160876,28793910,-3993886,162323522,4824448,222759977,3188980,61,ee56fe00,0.0,0.0,0.0,0.0,0.0,0.0
2026-05-25 10:00:06.167517,1779717606.167517,28793910,-3993886,162323522,4824448,222759977,3188980,61,ee56fe00,0.0,0.0,0.0,0.0,0.0,0.0
2026-05-25 10:00:06.171725,1779717606.171725,26929109,-4131868,163096135,4776692,219025115,3265042,61,ee56fe00,0.0,0.0,0.0,0.0,0.0,0.0
2026-05-25 10:00:06.191680,1779717606.191680,26929109,-4131868,163096135,4776692,219025115,3265042,61,ee56fe00,0.0,0.0,0.0,0.0,0.0,0.0
2026-05-25 10:00:06.202846,1779717606.202846,25316428,-4126830,163694886,4714872,214658329,3319281,61,ee56fe00,0.0,0.0,0.0,0.0,0.0,0.0
2026-05-25 10:00:06.210733,1779717606.210733,25316428,-4126830,163694886,4714872,214658329,3319281,61,ee56fe00,0.0,0.0,0.0,0.0,0.0,0.0
2026-05-25 10:00:06.217833,1779717606.217833,23775659,-4096351,164085674,4660414,209973495,3499721,61,ee56fe00,0.0,0.0,0.0,0.0,0.0,0.0
2026-05-25 10:00:06.227322,1779717606.227322,23775659,-4096351,164085674,4660414,209973495,3499721,61,ee56fe00,0.0,0.0,0.0,0.0,0.0,0.0
2026-05-25 10:00:06.235041,1779717606.235041,22447701,-4124913,164392091,4569184,205161234,3616373,61,ee57fe00,0.0,0.0,0.0,0.0,0.0,0.0
2026-05-25 10:00:06.243915,1779717606.243915,22447701,-4124913,164392091,4569184,205161234,3616373,61,ee57fe00,0.0,0.0,0.0,0.0,0.0,0.0
2026-05-25 10:00:06.253850,1779717606.253850,21158118,-4048633,164726806,4503180,200200662,3659272,61,ee57fe00,0.0,0.0,0.0,0.0,0.0,0.0
2026-05-25 10:00:06.270179,1779717606.270179,21158118,-4048633,164726806,4503180,200200662,3659272,61,ee57fe00,0.0,0.0,0.0,0.0,0.0,0.0
2026-05-25 10:00:06.284917,1779717606.284917,19996883,-3880074,164788771,4370367,195355520,3652493,61,ee57fe00,0.0,0.0,0.0,0.0,0.0,0.0
2026-05-25 10:00:06.305031,1779717606.305031,19996883,-3880074,164788771,4370367,195355520,3652493,61,ee57fe00,0.0,0.0,0.0,0.0,0.0,0.0
2026-05-25 10:00:06.319807,1779717606.319807,19004893,-3755920,164535682,4293726,191038047,3690277,61,ee56fe00,0.0,0.0,0.0,0.0,0.0,0.0
2026-05-25 10:00:06.337010,1779717606.337010,19004893,-3755920,164535682,4293726,191038047,3690277,61,ee56fe00,0.0,0.0,0.0,0.0,0.0,0.0
2026-05-25 10:00:06.351925,1779717606.351925,18268566,-3670605,164250384,4192695,187638123,3834575,61,ee56fe00,0.0,0.0,0.0,0.0,0.0,0.0
2026-05-25 10:00:06.365406,1779717606.365406,18268566,-3670605,164250384,4192695,187638123,3834575,61,ee56fe00,0.0,0.0,0.0,0.0,0.0,0.0
2026-05-25 10:00:06.379896,1779717606.379896,17329562,-3542340,164273294,4198097,184742907,4235726,61,ee56fe00,0.0,0.0,0.0,0.0,0.0,0.0
2026-05-25 10:00:06.389922,1779717606.389922,17329562,-3542340,164273294,4198097,184742907,4235726,61,ee56fe00,0.0,0.0,0.0,0.0,0.0,0.0
2026-05-25 10:00:06.397605,1779717606.397605,15900013,-3543528,164605338,4182751,181749188,4768915,61,ee57fe00,0.0,0.0,0.0,0.0,0.0,0.0
2026-05-25 10:00:06.406664,1779717606.406664,15900013,-3543528,164605338,4182751,181749188,4768915,61,ee57fe00,0.0,0.0,0.0,0.0,0.0,0.0
2026-05-25 10:00:06.421271,1779717606.421271,14224536,-3278088,165005286,4200228,178247076,5665727,61,ee57fe00,0.0,0.0,0.0,0.0,0.0,0.0
2026-05-25 10:00:06.438458,1779717606.438458,14224536,-3278088,165005286,4200228,178247076,5665727,61,ee57fe00,0.0,0.0,0.0,0.0,0.0,0.0
2026-05-25 10:00:06.454697,1779717606.454697,12707185,-3177541,165338977,4138866,174358059,6786591,61,ee57fe00,0.0,0.0,0.0,0.0,0.0,0.0
2026-05-25 10:00:06.471758,1779717606.471758,12707185,-3177541,165338977,4138866,174358059,6786591,61,ee57fe00,0.0,0.0,0.0,0.0,0.0,0.0
2026-05-25 10:00:06.483838,1779717606.483838,11286024,-2928958,165565998,4188540,170157160,8269593,61,ee56fe00,0.0,0.0,0.0,0.0,0.0,0.0
2026-05-25 10:00:06.495816,1779717606.495816,11286024,-2928958,165565998,4188540,170157160,8269593,61,ee56fe00,0.0,0.0,0.0,0.0,0.0,0.0
2026-05-25 10:00:06.503637,1779717606.503637,9923424,-2781693,165672802,4122399,166010088,9796809,61,ee56fe00,0.0,0.0,0.0,0.0,0.0,0.0
2026-05-25 10:00:06.512647,1779717606.512647,9923424,-2781693,165672802,4122399,166010088,9796809,61,ee56fe00,0.0,0.0,0.0,0.0,0.0,0.0
2026-05-25 10:00:06.519962,1779717606.519962,8805077,-2699476,165421797,4099248,162247658,11560370,61,ee56fe00,0.0,0.0,0.0,0.0,0.0,0.0
2026-05-25 10:00:06.532825,1779717606.532825,8805077,-2699476,165421797,4099248,162247658,11560370,61,ee56fe00,0.0,0.0,0.0,0.0,0.0,0.0
2026-05-25 10:00:06.547696,1779717606.547696,7646937,-2390932,165253580,4129336,159251473,13725371,61,ee57fe00,0.0,0.0,0.0,0.0,0.0,0.0
2026-05-25 10:00:06.564656,1779717606.564656,7646937,-2390932,165253580,4129336,159251473,13725371,61,ee57fe00,0.0,0.0,0.0,0.0,0.0,0.0
2026-05-25 10:00:06.573003,1779717606.573003,6071242,-2082084,165764799,4195085,156038121,16605860,61,ee56fe00,0.0,0.0,0.0,0.0,0.0,0.0
2026-05-25 10:00:06.582645,1779717606.582645,6071242,-2082084,165764799,4195085,156038121,16605860,61,ee56fe00,0.0,0.0,0.0,0.0,0.0,0.0
2026-05-25 10:00:06.593772,1779717606.593772,3002862,-1466760,167545215,4310752,150760215,20562366,61,ee56fe00,0.0,0.0,0.0,0.0,0.0,0.0
2026-05-25 10:00:06.606765,1779717606.606765,3002862,-1466760,167545215,4310752,150760215,20562366,61,ee56fe00,0.0,0.0,0.0,0.0,0.0,0.0
2026-05-25 10:00:06.618784,1779717606.618784,-26758,-977484,169321182,4271069,142462679,25329227,61,ee56fe00,0.0,0.0,0.0,0.0,0.0,0.0
2026-05-25 10:00:06.627895,1779717606.627895,-26758,-977484,169321182,4271069,142462679,25329227,61,ee56fe00,0.0,0.0,0.0,0.0,0.0,0.0
2026-05-25 10:00:06.645787,1779717606.645787,-3052403,-2405076,173546580,4950282,129891498,30482165,61,ee56fe00,0.0,0.0,0.0,0.0,0.0,0.0
2026-05-25 10:00:06.654422,1779717606.654422,-3052403,-2405076,173546580,4950282,129891498,30482165,61,ee56fe00,0.0,0.0,0.0,0.0,0.0,0.0
2026-05-25 10:00:06.662217,1779717606.662217,-9576165,-7302034,188433230,18052767,107311506,37041039,61,ee56fe00,0.0,0.0,0.0,0.0,0.0,0.0
2026-05-25 10:00:06.670723,1779717606.670723,-9576165,-7302034,188433230,18052767,107311506,37041039,61,ee56fe00,0.0,0.0,0.0,0.0,0.0,0.0
2026-05-25 10:00:06.678190,1779717606.678190,-16870043,-1209613,185932447,20727916,72534111,41116168,61,ee56fe00,0.0,0.0,0.0,0.0,0.0,0.0
2026-05-25 10:00:06.689581,1779717606.689581,-16870043,-1209613,185932447,20727916,72534111,41116168,61,ee56fe00,0.0,0.0,0.0,0.0,0.0,0.0
2026-05-25 10:00:06.697640,1779717606.697640,-16063690,3405837,185486389,13659022,26343636,43169612,61,ee56fe00,0.0,0.0,0.0,0.0,0.0,0.0
2026-05-25 10:00:06.705075,1779717606.705075,-16063690,3405837,185486389,13659022,26343636,43169612,61,ee56fe00,0.0,0.0,0.0,0.0,0.0,0.0
2026-05-25 10:00:06.710704,1779717606.710704,-14095758,7016847,167082402,-8977291,-16417384,40696887,61,ee56fe00,0.0,0.0,0.0,0.0,0.0,0.0
2026-05-25 10:00:06.716560,1779717606.716560,-14095758,7016847,167082402,-8977291,-16417384,40696887,61,ee56fe00,0.0,0.0,0.0,0.0,0.0,0.0
2026-05-25 10:00:06.723018,1779717606.723018,4263691,-6023080,169345676,-16934123,-39404665,34206901,61,ee56fe00,0.0,0.0,0.0,0.0,0.0,0.0
2026-05-25 10:00:06.729710,1779717606.729710,4263691,-6023080,169345676,-16934123,-39404665,34206901,61,ee56fe00,0.0,0.0,0.0,0.0,0.0,0.0
2026-05-25 10:00:06.734783,1779717606.734783,13053920,-12659598,166241968,-12315691,-38178904,27226407,61,ee56fe00,0.0,0.0,0.0,0.0,0.0,0.0
2026-05-25 10:00:06.740709,1779717606.740709,13053920,-12659598,166241968,-12315691,-38178904,27226407,61,ee56fe00,0.0,0.0,0.0,0.0,0.0,0.0
2026-05-25 10:00:06.745807,1779717606.745807,22645257,-14683550,160386919,-3646618,-22868542,17757742,61,ee56fe00,0.0,0.0,0.0,0.0,0.0,0.0
2026-05-25 10:00:06.751538,1779717606.751538,22645257,-14683550,160386919,-3646618,-22868542,17757742,61,ee56fe00,0.0,0.0,0.0,0.0,0.0,0.0
2026-05-25 10:00:06.755843,1779717606.755843,21106525,-8956679,157394133,239500,-6667010,9082290,61,ee56fe00,0.0,0.0,0.0,0.0,0.0,0.0
2026-05-25 10:00:06.760915,1779717606.760915,21106525,-8956679,157394133,239500,-6667010,9082290,61,ee56fe00,0.0,0.0,0.0,0.0,0.0,0.0
2026-05-25 10:00:06.764984,1779717606.764984,15418673,-5869259,159141005,140140,3520197,1989926,61,ee56fe00,0.0,0.0,0.0,0.0,0.0,0.0
2026-05-25 10:00:06.769109,1779717606.769109,15418673,-5869259,159141005,140140,3520197,1989926,61,ee56fe00,0.0,0.0,0.0,0.0,0.0,0.0
2026-05-25 10:00:06.771225,1779717606.771225,10407836,-4011363,161269752,556254,8508011,487347,61,ee56fe00,0.0,0.0,0.0,0.0,0.0,0.0
2026-05-25 10:00:06.773691,1779717606.773691,10407836,-4011363,161269752,556254,8508011,487347,61,ee56fe00,0.0,0.0,0.0,0.0,0.0,0.0
2026-05-25 10:00:06.775546,1779717606.775546,5738107,-3813498,165014610,1053043,9537434,1171527,61,ee56fe00,0.0,0.0,0.0,0.0,0.0,0.0
2026-05-25 10:00:06.777925,1779717606.777925,5738107,-3813498,165014610,1053043,9537434,1171527,61,ee56fe00,0.0,0.0,0.0,0.0,0.0,0.0
2026-05-25 10:00:06.781802,1779717606.781802,2986303,-3743955,168246810,823902,5318994,1641448,61,ee56fe00,0.0,0.0,0.0,0.0,0.0,0.0
2026-05-25 10:00:06.786087,1779717606.786087,2986303,-3743955,168246810,823902,5318994,1641448,61,ee56fe00,0.0,0.0,0.0,0.0,0.0,0.0
2026-05-25 10:00:06.789728,1779717606.789728,711140,-4184889,169810961,157572,-3139024,1084202,61,ee56fe00,0.0,0.0,0.0,0.0,0.0,0.0
2026-05-25 10:00:06.792729,1779717606.792729,711140,-4184889,169810961,157572,-3139024,1084202,61,ee56fe00,0.0,0.0,0.0,0.0,0.0,0.0
2026-05-25 10:00:06.794463,1779717606.794463,543951,-2896287,171107430,-508750,-14632492,662548,61,ee56fe00,0.0,0.0,0.0,0.0,0.0,0.0
2026-05-25 10:00:06.796413,1779717606.796413,543951,-2896287,171107430,-508750,-14632492,662548,61,ee56fe00,0.0,0.0,0.0,0.0,0.0,0.0
2026-05-25 10:00:06.798097,1779717606.798097,538683,-2418176,171281433,-502503,-27433577,1235810,61,ee56fe00,0.0,0.0,0.0,0.0,0.0,0.0
2026-05-25 10:00:06.800107,1779717606.800107,538683,-2418176,171281433,-502503,-27433577,1235810,61,ee56fe00,0.0,0.0,0.0,0.0,0.0,0.0
2026-05-25 10:00:06.801957,1779717606.801957,391498,-2604913,171826613,-511025,-41035774,1822620,61,ee56fe00,0.0,0.0,0.0,0.0,0.0,0.0
2026-05-25 10:00:06.803935,1779717606.803935,391498,-2604913,171826613,-511025,-41035774,1822620,61,ee56fe00,0.0,0.0,0.0,0.0,0.0,0.0
2026-05-25 10:00:06.805920,1779717606.805920,507546,-3177953,171919351,-740611,-55164704,1960370,61,ee56fe00,0.0,0.0,0.0,0.0,0.0,0.0
2026-05-25 10:00:06.808074,1779717606.808074,507546,-3177953,171919351,-740611,-55164704,1960370,61,ee56fe00,0.0,0.0,0.0,0.0,0.0,0.0
2026-05-25 10:00:06.809565,1779717606.809565,1035413,-3650924,171930239,-1148605,-69471200,1683651,61,ee56fe00,0.0,0.0,0.0,0.0,0.0,0.0
2026-05-25 10:00:06.811435,1779717606.811435,1035413,-3650924,171930239,-1148605,-69471200,1683651,61,ee56fe00,0.0,0.0,0.0,0.0,0.0,0.0
2026-05-25 10:00:06.812987,1779717606.812987,1566109,-4150749,172229346,-1514917,-84422209,1142198,61,ee56fe00,0.0,0.0,0.0,0.0,0.0,0.0
2026-05-25 10:00:06.814820,1779717606.814820,1566109,-4150749,172229346,-1514917,-84422209,1142198,61,ee56fe00,0.0,0.0,0.0,0.0,0.0,0.0
2026-05-25 10:00:06.816481,1779717606.816481,2010593,-4404308,172788101,-2015958,-100696225,399486,61,ee56fe00,0.0,0.0,0.0,0.0,0.0,0.0
2026-05-25 10:00:06.818277,1779717606.818277,2010593,-4404308,172788101,-2015958,-100696225,399486,61,ee56fe00,0.0,0.0,0.0,0.0,0.0,0.0
2026-05-25 10:00:06.819946,1779717606.819946,2197994,-4370367,173315178,-2476357,-118463122,-377857,61,ee56fe00,0.0,0.0,0.0,0.0,0.0,0.0
2026-05-25 10:00:06.821812,1779717606.821812,2197994,-4370367,173315178,-2476357,-118463122,-377857,61,ee56fe00,0.0,0.0,0.0,0.0,0.0,0.0
2026-05-25 10:00:06.823393,1779717606.823393,2229914,-4130323,173653846,-2839212,-136893510,-892785,61,ee56fe00,0.0,0.0,0.0,0.0,0.0,0.0
2026-05-25 10:00:06.825238,1779717606.825238,2229914,-4130323,173653846,-2839212,-136893510,-892785,61,ee56fe00,0.0,0.0,0.0,0.0,0.0,0.0
2026-05-25 10:00:06.826804,1779717606.826804,1849609,-3915735,173543773,-3207741,-154868741,-1275703,61,ee56fe00,0.0,0.0,0.0,0.0,0.0,0.0
2026-05-25 10:00:06.828616,1779717606.828616,1849609,-3915735,173543773,-3207741,-154868741,-1275703,61,ee56fe00,0.0,0.0,0.0,0.0,0.0,0.0
2026-05-25 10:00:06.830247,1779717606.830247,2388518,-3799461,172972876,-3567864,-171261814,-1592388,61,ee56fe00,0.0,0.0,0.0,0.0,0.0,0.0
2026-05-25 10:00:06.831991,1779717606.831991,2388518,-3799461,172972876,-3567864,-171261814,-1592388,61,ee56fe00,0.0,0.0,0.0,0.0,0.0,0.0
2026-05-25 10:00:06.833494,1779717606.833494,3371026,-3889835,172267289,-3973017,-186275123,-2078460,61,ee56fe00,0.0,0.0,0.0,0.0,0.0,0.0
2026-05-25 10:00:06.835150,1779717606.835150,3371026,-3889835,172267289,-3973017,-186275123,-2078460,61,ee56fe00,0.0,0.0,0.0,0.0,0.0,0.0
2026-05-25 10:00:06.836704,1779717606.836704,5765375,-3706578,171482487,-4221565,-200340732,-2405249,61,ee56fe00,0.0,0.0,0.0,0.0,0.0,0.0
2026-05-25 10:00:06.838479,1779717606.838479,5765375,-3706578,171482487,-4221565,-200340732,-2405249,61,ee56fe00,0.0,0.0,0.0,0.0,0.0,0.0
2026-05-25 10:00:06.839936,1779717606.839936,8446116,-3664673,170616779,-4503212,-214249485,-2638373,61,ee56fe00,0.0,0.0,0.0,0.0,0.0,0.0
2026-05-25 10:00:06.841792,1779717606.841792,8446116,-3664673,170616779,-4503212,-214249485,-2638373,61,ee56fe00,0.0,0.0,0.0,0.0,0.0,0.0
2026-05-25 10:00:06.843270,1779717606.843270,11087623,-3525662,169474691,-4637623,-227724948,-2685419,61,ee56fe00,0.0,0.0,0.0,0.0,0.0,0.0
2026-05-25 10:00:06.844944,1779717606.844944,11087623,-3525662,169474691,-4637623,-227724948,-2685419,61,ee56fe00,0.0,0.0,0.0,0.0,0.0,0.0
2026-05-25 10:00:06.846409,1779717606.846409,13438264,-3670948,168365893,-4876467,-240321328,-2690978,61,ee56fe00,0.0,0.0,0.0,0.0,0.0,0.0
2026-05-25 10:00:06.848073,1779717606.848073,13438264,-3670948,168365893,-4876467,-240321328,-2690978,61,ee56fe00,0.0,0.0,0.0,0.0,0.0,0.0
2026-05-25 10:00:06.849505,1779717606.849505,14910037,-3815438,167736052,-5115851,-251726260,-2771075,61,ee56fe00,0.0,0.0,0.0,0.0,0.0,0.0
2026-05-25 10:00:06.851249,1779717606.851249,14910037,-3815438,167736052,-5115851,-251726260,-2771075,61,ee56fe00,0.0,0.0,0.0,0.0,0.0,0.0
2026-05-25 10:00:06.852603,1779717606.852603,16187284,-3965083,167646972,-5387846,-262807003,-2854717,61,ee56fe00,0.0,0.0,0.0,0.0,0.0,0.0
2026-05-25 10:00:06.854175,1779717606.854175,16187284,-3965083,167646972,-5387846,-262807003,-2854717,61,ee56fe00,0.0,0.0,0.0,0.0,0.0,0.0
2026-05-25 10:00:06.856145,1779717606.856145,17379089,-3886237,167430527,-5675695,-273757818,-3013700,61,ee56fe00,0.0,0.0,0.0,0.0,0.0,0.0
2026-05-25 10:00:06.857736,1779717606.857736,17379089,-3886237,167430527,-5675695,-273757818,-3013700,61,ee56fe00,0.0,0.0,0.0,0.0,0.0,0.0
2026-05-25 10:00:06.859125,1779717606.859125,19590055,-3911208,166376030,-5895178,-284170390,-3046107,61,ee56fe00,0.0,0.0,0.0,0.0,0.0,0.0
2026-05-25 10:00:06.860800,1779717606.860800,19590055,-3911208,166376030,-5895178,-284170390,-3046107,61,ee56fe00,0.0,0.0,0.0,0.0,0.0,0.0
2026-05-25 10:00:06.862148,1779717606.862148,22751432,-3802195,164270893,-6106171,-292249618,-3071162,61,ee56fe00,0.0,0.0,0.0,0.0,0.0,0.0
2026-05-25 10:00:06.863778,1779717606.863778,22751432,-3802195,164270893,-6106171,-292249618,-3071162,61,ee56fe00,0.0,0.0,0.0,0.0,0.0,0.0
2026-05-25 10:00:06.865100,1779717606.865100,26806604,-4002617,161400101,-6217131,-296470135,-3120355,61,ee56fe00,0.0,0.0,0.0,0.0,0.0,0.0
2026-05-25 10:00:06.866674,1779717606.866674,26806604,-4002617,161400101,-6217131,-296470135,-3120355,61,ee56fe00,0.0,0.0,0.0,0.0,0.0,0.0
2026-05-25 10:00:06.867957,1779717606.867957,31180075,-3980514,158051435,-6254160,-295684397,-3097021,61,ee56fe00,0.0,0.0,0.0,0.0,0.0,0.0
2026-05-25 10:00:06.869471,1779717606.869471,31180075,-3980514,158051435,-6254160,-295684397,-3097021,61,ee56fe00,0.0,0.0,0.0,0.0,0.0,0.0
2026-05-25 10:00:06.870831,1779717606.870831,35975191,-4518497,154602335,-6386663,-289403028,-3501972,61,ee56fe00,0.0,0.0,0.0,0.0,0.0,0.0
2026-05-25 10:00:06.872354,1779717606.872354,35975191,-4518497,154602335,-6386663,-289403028,-3501972,61,ee56fe00,0.0,0.0,0.0,0.0,0.0,0.0
2026-05-25 10:00:06.873636,1779717606.873636,41224830,-4557826,150769350,-6211344,-277058974,-3582769,61,ee56fe00,0.0,0.0,0.0,0.0,0.0,0.0
2026-05-25 10:00:06.875182,1779717606.875182,41224830,-4557826,150769350,-6211344,-277058974,-3582769,61,ee56fe00,0.0,0.0,0.0,0.0,0.0,0.0
2026-05-25 10:00:06.876460,1779717606.876460,45662034,-4368248,147532627,-5867732,-259120591,-3382746,61,ee56fe00,0.0,0.0,0.0,0.0,0.0,0.0
2026-05-25 10:00:06.877960,1779717606.877960,45662034,-4368248,147532627,-5867732,-259120591,-3382746,61,ee56fe00,0.0,0.0,0.0,0.0,0.0,0.0
2026-05-25 10:00:06.879240,1779717606.879240,49392119,-4251692,145329368,-5039859,-237020690,-2489033,61,ee56fe00,0.0,0.0,0.0,0.0,0.0,0.0
2026-05-25 10:00:06.880838,1779717606.880838,49392119,-4251692,145329368,-5039859,-237020690,-2489033,61,ee56fe00,0.0,0.0,0.0,0.0,0.0,0.0
2026-05-25 10:00:06.882248,1779717606.882248,50518647,-4475265,145360906,-4379554,-213322136,-2008537,61,ee56fe00,0.0,0.0,0.0,0.0,0.0,0.0
2026-05-25 10:00:06.883682,1779717606.883682,50518647,-4475265,145360906,-4379554,-213322136,-2008537,61,ee56fe00,0.0,0.0,0.0,0.0,0.0,0.0
2026-05-25 10:00:06.884918,1779717606.884918,51078170,-4907238,146495801,-4167414,-190823351,-2368443,61,ee56fe00,0.0,0.0,0.0,0.0,0.0,0.0
2026-05-25 10:00:06.886378,1779717606.886378,51078170,-4907238,146495801,-4167414,-190823351,-2368443,61,ee56fe00,0.0,0.0,0.0,0.0,0.0,0.0
2026-05-25 10:00:06.887619,1779717606.887619,50798085,-4225343,147747377,-4205814,-170355003,-2981917,61,ee56fe00,0.0,0.0,0.0,0.0,0.0,0.0
2026-05-25 10:00:06.889074,1779717606.889074,50798085,-4225343,147747377,-4205814,-170355003,-2981917,61,ee56fe00,0.0,0.0,0.0,0.0,0.0,0.0
2026-05-25 10:00:06.890369,1779717606.890369,51733774,-3640202,147799719,-3820457,-150728340,-2813067,61,ee56fe00,0.0,0.0,0.0,0.0,0.0,0.0
2026-05-25 10:00:06.891895,1779717606.891895,51733774,-3640202,147799719,-3820457,-150728340,-2813067,61,ee56fe00,0.0,0.0,0.0,0.0,0.0,0.0
2026-05-25 10:00:06.893180,1779717606.893180,54087828,-3540903,146206962,-3111068,-129728367,-1933626,61,ee56fe00,0.0,0.0,0.0,0.0,0.0,0.0
2026-05-25 10:00:06.894722,1779717606.894722,54087828,-3540903,146206962,-3111068,-129728367,-1933626,61,ee56fe00,0.0,0.0,0.0,0.0,0.0,0.0
2026-05-25 10:00:06.896125,1779717606.896125,57074034,-4364597,143676680,-2269745,-105281583,-1129330,61,ee56fe00,0.0,0.0,0.0,0.0,0.0,0.0
2026-05-25 10:00:06.897760,1779717606.897760,57074034,-4364597,143676680,-2269745,-105281583,-1129330,61,ee56fe00,0.0,0.0,0.0,0.0,0.0,0.0
2026-05-25 10:00:06.899133,1779717606.899133,59753236,-4917744,141458334,-1591137,-77152024,-788334,61,ee56fe00,0.0,0.0,0.0,0.0,0.0,0.0
2026-05-25 10:00:06.900831,1779717606.900831,59753236,-4917744,141458334,-1591137,-77152024,-788334,61,ee56fe00,0.0,0.0,0.0,0.0,0.0,0.0
2026-05-25 10:00:06.902148,1779717606.902148,60946770,-4887312,140641169,-847411,-47007842,-433691,61,ee56fe00,0.0,0.0,0.0,0.0,0.0,0.0
2026-05-25 10:00:06.903873,1779717606.903873,60946770,-4887312,140641169,-847411,-47007842,-433691,61,ee56fe00,0.0,0.0,0.0,0.0,0.0,0.0
2026-05-25 10:00:06.905218,1779717606.905218,60220242,-4480955,142068122,-29615,-17844127,287831,61,ee56fe00,0.0,0.0,0.0,0.0,0.0,0.0
2026-05-25 10:00:06.907555,1779717606.907555,60220242,-4480955,142068122,-29615,-17844127,287831,61,ee56fe00,0.0,0.0,0.0,0.0,0.0,0.0
2026-05-25 10:00:06.908864,1779717606.908864,57381776,-4823958,145445765,495420,6330943,782414,61,ee56fe00,0.0,0.0,0.0,0.0,0.0,0.0
2026-05-25 10:00:06.910507,1779717606.910507,57381776,-4823958,145445765,495420,6330943,782414,61,ee56fe00,0.0,0.0,0.0,0.0,0.0,0.0
2026-05-25 10:00:06.911791,1779717606.911791,53894997,-5064516,149370488,691393,23849509,631860,61,ee56fe00,0.0,0.0,0.0,0.0,0.0,0.0
2026-05-25 10:00:06.913289,1779717606.913289,53894997,-5064516,149370488,691393,23849509,631860,61,ee56fe00,0.0,0.0,0.0,0.0,0.0,0.0
2026-05-25 10:00:06.914566,1779717606.914566,48915536,-4303728,154085074,664090,34006586,457758,61,ee56fe00,0.0,0.0,0.0,0.0,0.0,0.0
2026-05-25 10:00:06.916087,1779717606.916087,48915536,-4303728,154085074,664090,34006586,457758,61,ee56fe00,0.0,0.0,0.0,0.0,0.0,0.0
2026-05-25 10:00:06.917387,1779717606.917387,45963091,-3524802,158312762,1163262,36566081,1362359,61,ee56fe00,0.0,0.0,0.0,0.0,0.0,0.0
2026-05-25 10:00:06.919496,1779717606.919496,45963091,-3524802,158312762,1163262,36566081,1362359,61,ee56fe00,0.0,0.0,0.0,0.0,0.0,0.0
2026-05-25 10:00:06.922117,1779717606.922117,42860364,-4199369,161464981,1126554,32721631,1755210,61,ee56fe00,0.0,0.0,0.0,0.0,0.0,0.0
2026-05-25 10:00:06.925405,1779717606.925405,42860364,-4199369,161464981,1126554,32721631,1755210,61,ee56fe00,0.0,0.0,0.0,0.0,0.0,0.0
2026-05-25 10:00:06.927993,1779717606.927993,42266509,-5802659,162598153,501626,25321079,457931,61,ee56fe00,0.0,0.0,0.0,0.0,0.0,0.0
2026-05-25 10:00:06.931215,1779717606.931215,42266509,-5802659,162598153,501626,25321079,457931,61,ee56fe00,0.0,0.0,0.0,0.0,0.0,0.0
2026-05-25 10:00:06.933916,1779717606.933916,42504087,-5057014,161846425,-330129,17653547,-1401320,61,ee56fe00,0.0,0.0,0.0,0.0,0.0,0.0
2026-05-25 10:00:06.937000,1779717606.937000,42504087,-5057014,161846425,-330129,17653547,-1401320,61,ee56fe00,0.0,0.0,0.0,0.0,0.0,0.0
2026-05-25 10:00:06.938432,1779717606.938432,43844722,-3588734,160198410,-266615,12535585,-1393368,61,ee56fe00,0.0,0.0,0.0,0.0,0.0,0.0
2026-05-25 10:00:06.940183,1779717606.940183,43844722,-3588734,160198410,-266615,12535585,-1393368,61,ee56fe00,0.0,0.0,0.0,0.0,0.0,0.0
2026-05-25 10:00:06.941806,1779717606.941806,45602254,-3151927,158560803,526008,10105362,311836,61,ee56fe00,0.0,0.0,0.0,0.0,0.0,0.0
2026-05-25 10:00:06.943547,1779717606.943547,45602254,-3151927,158560803,526008,10105362,311836,61,ee56fe00,0.0,0.0,0.0,0.0,0.0,0.0
2026-05-25 10:00:06.944889,1779717606.944889,46322205,-4857430,157002690,728107,10892465,1026470,61,ee56fe00,0.0,0.0,0.0,0.0,0.0,0.0
2026-05-25 10:00:06.946464,1779717606.946464,46322205,-4857430,157002690,728107,10892465,1026470,61,ee56fe00,0.0,0.0,0.0,0.0,0.0,0.0
2026-05-25 10:00:06.947766,1779717606.947766,46675369,-5333681,156855431,456736,13097113,328862,61,ee56fe00,0.0,0.0,0.0,0.0,0.0,0.0
2026-05-25 10:00:06.949369,1779717606.949369,46675369,-5333681,156855431,456736,13097113,328862,61,ee56fe00,0.0,0.0,0.0,0.0,0.0,0.0
2026-05-25 10:00:06.950744,1779717606.950744,45778070,-4311722,157496465,274485,15018305,-167387,61,ee56fe00,0.0,0.0,0.0,0.0,0.0,0.0
2026-05-25 10:00:06.952293,1779717606.952293,45778070,-4311722,157496465,274485,15018305,-167387,61,ee56fe00,0.0,0.0,0.0,0.0,0.0,0.0
2026-05-25 10:00:06.953583,1779717606.953583,45409110,-3695090,157966170,531236,15837070,338597,61,ee56fe00,0.0,0.0,0.0,0.0,0.0,0.0
2026-05-25 10:00:06.955110,1779717606.955110,45409110,-3695090,157966170,531236,15837070,338597,61,ee56fe00,0.0,0.0,0.0,0.0,0.0,0.0
2026-05-25 10:00:06.956391,1779717606.956391,45685653,-4244391,157217552,789327,17188246,842371,61,ee56fe00,0.0,0.0,0.0,0.0,0.0,0.0
2026-05-25 10:00:06.957905,1779717606.957905,45685653,-4244391,157217552,789327,17188246,842371,61,ee56fe00,0.0,0.0,0.0,0.0,0.0,0.0
2026-05-25 10:00:06.959148,1779717606.959148,46744240,-4715132,155778232,817511,20886575,769970,61,ee56fe00,0.0,0.0,0.0,0.0,0.0,0.0
2026-05-25 10:00:06.960834,1779717606.960834,46744240,-4715132,155778232,817511,20886575,769970,61,ee56fe00,0.0,0.0,0.0,0.0,0.0,0.0
2026-05-25 10:00:06.962072,1779717606.962072,47586767,-4580243,154689080,935756,27128595,658400,61,ee56fe00,0.0,0.0,0.0,0.0,0.0,0.0
2026-05-25 10:00:06.963537,1779717606.963537,47586767,-4580243,154689080,935756,27128595,658400,61,ee56fe00,0.0,0.0,0.0,0.0,0.0,0.0
2026-05-25 10:00:06.964692,1779717606.964692,47267549,-4470758,154759075,1181310,34266931,819846,61,ee56fe00,0.0,0.0,0.0,0.0,0.0,0.0
2026-05-25 10:00:06.966091,1779717606.966091,47267549,-4470758,154759075,1181310,34266931,819846,61,ee56fe00,0.0,0.0,0.0,0.0,0.0,0.0
2026-05-25 10:00:06.967258,1779717606.967258,46401064,-4764119,155812486,1318565,40192889,750345,61,ee56fe00,0.0,0.0,0.0,0.0,0.0,0.0
2026-05-25 10:00:06.968638,1779717606.968638,46401064,-4764119,155812486,1318565,40192889,750345,61,ee56fe00,0.0,0.0,0.0,0.0,0.0,0.0
2026-05-25 10:00:06.969790,1779717606.969790,45323952,-4996068,157082009,1122152,43674881,91502,61,ee56fe00,0.0,0.0,0.0,0.0,0.0,0.0
2026-05-25 10:00:06.971262,1779717606.971262,45323952,-4996068,157082009,1122152,43674881,91502,61,ee56fe00,0.0,0.0,0.0,0.0,0.0,0.0
2026-05-25 10:00:06.972386,1779717606.972386,44082927,-4798176,158413812,807148,44597605,-680863,61,ee56fe00,0.0,0.0,0.0,0.0,0.0,0.0
2026-05-25 10:00:06.973746,1779717606.973746,44082927,-4798176,158413812,807148,44597605,-680863,61,ee56fe00,0.0,0.0,0.0,0.0,0.0,0.0
2026-05-25 10:00:06.974893,1779717606.974893,42902886,-4644789,159611463,434336,43144678,-1249577,61,ee56fe00,0.0,0.0,0.0,0.0,0.0,0.0
2026-05-25 10:00:06.976326,1779717606.976326,42902886,-4644789,159611463,434336,43144678,-1249577,61,ee56fe00,0.0,0.0,0.0,0.0,0.0,0.0
2026-05-25 10:00:06.977511,1779717606.977511,41500526,-4531784,160779637,289511,39809631,-1381527,61,ee56fe00,0.0,0.0,0.0,0.0,0.0,0.0
2026-05-25 10:00:06.978968,1779717606.978968,41500526,-4531784,160779637,289511,39809631,-1381527,61,ee56fe00,0.0,0.0,0.0,0.0,0.0,0.0
2026-05-25 10:00:06.980161,1779717606.980161,40405656,-4451587,161827930,132466,34651402,-1334174,61,ee56fe00,0.0,0.0,0.0,0.0,0.0,0.0
2026-05-25 10:00:06.981566,1779717606.981566,40405656,-4451587,161827930,132466,34651402,-1334174,61,ee56fe00,0.0,0.0,0.0,0.0,0.0,0.0
2026-05-25 10:00:06.983222,1779717606.983222,39997950,-4456763,162001610,131930,28863433,-1184717,61,ee56fe00,0.0,0.0,0.0,0.0,0.0,0.0
2026-05-25 10:00:06.984845,1779717606.984845,39997950,-4456763,162001610,131930,28863433,-1184717,61,ee56fe00,0.0,0.0,0.0,0.0,0.0,0.0
2026-05-25 10:00:06.986117,1779717606.986117,40555643,-4374570,161303569,72031,23847352,-1142219,61,ee56fe00,0.0,0.0,0.0,0.0,0.0,0.0
2026-05-25 10:00:06.987610,1779717606.987610,40555643,-4374570,161303569,72031,23847352,-1142219,61,ee56fe00,0.0,0.0,0.0,0.0,0.0,0.0
2026-05-25 10:00:06.988884,1779717606.988884,42139271,-4669501,159275255,29504,21794924,-1357376,61,ee56fe00,0.0,0.0,0.0,0.0,0.0,0.0
2026-05-25 10:00:06.990471,1779717606.990471,42139271,-4669501,159275255,29504,21794924,-1357376,61,ee56fe00,0.0,0.0,0.0,0.0,0.0,0.0
2026-05-25 10:00:06.991694,1779717606.991694,44031078,-4775271,157273497,-105889,23236005,-1938626,61,ee56fe00,0.0,0.0,0.0,0.0,0.0,0.0
2026-05-25 10:00:06.993215,1779717606.993215,44031078,-4775271,157273497,-105889,23236005,-1938626,61,ee56fe00,0.0,0.0,0.0,0.0,0.0,0.0
2026-05-25 10:00:06.994455,1779717606.994455,45254083,-5047515,155608276,-236511,28055079,-2755819,61,ee56fe00,0.0,0.0,0.0,0.0,0.0,0.0
2026-05-25 10:00:06.995885,1779717606.995885,45254083,-5047515,155608276,-236511,28055079,-2755819,61,ee56fe00,0.0,0.0,0.0,0.0,0.0,0.0
2026-05-25 10:00:06.997156,1779717606.997156,45669518,-4645940,155124224,-278290,34537023,-3349844,61,ee56fe00,0.0,0.0,0.0,0.0,0.0,0.0
2026-05-25 10:00:06.998647,1779717606.998647,45669518,-4645940,155124224,-278290,34537023,-3349844,61,ee56fe00,0.0,0.0,0.0,0.0,0.0,0.0
2026-05-25 10:00:06.999863,1779717606.999863,45964572,-5075200,154953062,-194939,41597414,-3906674,61,ee56fe00,0.0,0.0,0.0,0.0,0.0,0.0
2026-05-25 10:00:07.001391,1779717607.001391,45964572,-5075200,154953062,-194939,41597414,-3906674,61,ee56fe00,0.0,0.0,0.0,0.0,0.0,0.0
2026-05-25 10:00:07.002630,1779717607.002630,46096950,-5286241,154915908,-200368,48830904,-5040236,61,ee56fe00,0.0,0.0,0.0,0.0,0.0,0.0
2026-05-25 10:00:07.004037,1779717607.004037,46096950,-5286241,154915908,-200368,48830904,-5040236,61,ee56fe00,0.0,0.0,0.0,0.0,0.0,0.0
2026-05-25 10:00:07.005281,1779717607.005281,46596100,-6322144,154891315,-709200,56184441,-7751035,61,ee56fe00,0.0,0.0,0.0,0.0,0.0,0.0
2026-05-25 10:00:07.010970,1779717607.010970,46596100,-6322144,154891315,-709200,56184441,-7751035,61,ee56fe00,0.0,0.0,0.0,0.0,0.0,0.0
2026-05-25 10:00:07.015544,1779717607.015544,46651775,-7275637,155613323,-1733630,62379404,-12794280,61,ee56fe00,0.0,0.0,0.0,0.0,0.0,0.0
2026-05-25 10:00:07.017002,1779717607.017002,46651775,-7275637,155613323,-1733630,62379404,-12794280,61,ee56fe00,0.0,0.0,0.0,0.0,0.0,0.0
2026-05-25 10:00:07.018291,1779717607.018291,45896570,-7384866,157415150,-3412978,65693679,-20012972,61,ee56fe00,0.0,0.0,0.0,0.0,0.0,0.0
2026-05-25 10:00:07.019792,1779717607.019792,45896570,-7384866,157415150,-3412978,65693679,-20012972,61,ee56fe00,0.0,0.0,0.0,0.0,0.0,0.0
2026-05-25 10:00:07.021124,1779717607.021124,42916940,-6525806,159789172,-5044430,64928722,-26969077,61,ee56fe00,0.0,0.0,0.0,0.0,0.0,0.0
2026-05-25 10:00:07.022649,1779717607.022649,42916940,-6525806,159789172,-5044430,64928722,-26969077,61,ee56fe00,0.0,0.0,0.0,0.0,0.0,0.0
2026-05-25 10:00:07.023955,1779717607.023955,37870647,-4304098,161833383,-5979661,61398871,-30382526,61,ee56fe00,0.0,0.0,0.0,0.0,0.0,0.0
2026-05-25 10:00:07.025478,1779717607.025478,37870647,-4304098,161833383,-5979661,61398871,-30382526,61,ee56fe00,0.0,0.0,0.0,0.0,0.0,0.0
2026-05-25 10:00:07.026770,1779717607.026770,33262164,-1720106,162940755,-5181716,56942634,-27538931,61,ee56fe00,0.0,0.0,0.0,0.0,0.0,0.0
2026-05-25 10:00:07.028313,1779717607.028313,33262164,-1720106,162940755,-5181716,56942634,-27538931,61,ee56fe00,0.0,0.0,0.0,0.0,0.0,0.0
2026-05-25 10:00:07.029658,1779717607.029658,31229213,-14595,162747671,-2987468,53522735,-19625427,61,ee56fe00,0.0,0.0,0.0,0.0,0.0,0.0
2026-05-25 10:00:07.031277,1779717607.031277,31229213,-14595,162747671,-2987468,53522735,-19625427,61,ee56fe00,0.0,0.0,0.0,0.0,0.0,0.0
2026-05-25 10:00:07.032567,1779717607.032567,32323750,127860,161584586,-399203,51977605,-10032739,61,ee56fe00,0.0,0.0,0.0,0.0,0.0,0.0
2026-05-25 10:00:07.034057,1779717607.034057,32323750,127860,161584586,-399203,51977605,-10032739,61,ee56fe00,0.0,0.0,0.0,0.0,0.0,0.0
2026-05-25 10:00:07.035375,1779717607.035375,35287890,-1600136,160375677,1459673,51943178,-3012337,61,ee56fe00,0.0,0.0,0.0,0.0,0.0,0.0
2026-05-25 10:00:07.036833,1779717607.036833,35287890,-1600136,160375677,1459673,51943178,-3012337,61,ee56fe00,0.0,0.0,0.0,0.0,0.0,0.0
2026-05-25 10:00:07.038233,1779717607.038233,36976223,-3712230,160602098,2393793,51649739,6790,61,ee56fe00,0.0,0.0,0.0,0.0,0.0,0.0
2026-05-25 10:00:07.040178,1779717607.040178,36976223,-3712230,160602098,2393793,51649739,6790,61,ee56fe00,0.0,0.0,0.0,0.0,0.0,0.0
2026-05-25 10:00:07.041560,1779717607.041560,37884700,-5193763,162133440,2386365,48133560,-994751,61,ee56fe00,0.0,0.0,0.0,0.0,0.0,0.0
2026-05-25 10:00:07.043069,1779717607.043069,37884700,-5193763,162133440,2386365,48133560,-994751,61,ee56fe00,0.0,0.0,0.0,0.0,0.0,0.0
2026-05-25 10:00:07.044403,1779717607.044403,37069662,-5807887,163177211,1960394,41917272,-3967508,61,ee56fe00,0.0,0.0,0.0,0.0,0.0,0.0
2026-05-25 10:00:07.046031,1779717607.046031,37069662,-5807887,163177211,1960394,41917272,-3967508,61,ee56fe00,0.0,0.0,0.0,0.0,0.0,0.0
2026-05-25 10:00:07.047361,1779717607.047361,36772141,-5537084,162274333,1341486,36187974,-7157317,61,ee56fe00,0.0,0.0,0.0,0.0,0.0,0.0
2026-05-25 10:00:07.048923,1779717607.048923,36772141,-5537084,162274333,1341486,36187974,-7157317,61,ee56fe00,0.0,0.0,0.0,0.0,0.0,0.0
2026-05-25 10:00:07.050425,1779717607.050425,36046569,-4793365,160204643,773875,34495351,-8600752,61,ee56fe00,0.0,0.0,0.0,0.0,0.0,0.0
2026-05-25 10:00:07.052125,1779717607.052125,36046569,-4793365,160204643,773875,34495351,-8600752,61,ee56fe00,0.0,0.0,0.0,0.0,0.0,0.0
2026-05-25 10:00:07.053504,1779717607.053504,35465455,-3416847,159215163,1073857,36627508,-7175838,61,ee55fe00,0.0,0.0,0.0,0.0,0.0,0.0
2026-05-25 10:00:07.055124,1779717607.055124,35465455,-3416847,159215163,1073857,36627508,-7175838,61,ee55fe00,0.0,0.0,0.0,0.0,0.0,0.0
2026-05-25 10:00:07.056743,1779717607.056743,34018680,-2385119,160087749,2144937,39304293,-3233694,61,ee55fe00,0.0,0.0,0.0,0.0,0.0,0.0
2026-05-25 10:00:07.058486,1779717607.058486,34018680,-2385119,160087749,2144937,39304293,-3233694,61,ee55fe00,0.0,0.0,0.0,0.0,0.0,0.0
2026-05-25 10:00:07.060136,1779717607.060136,33365106,-2505219,161660099,3823258,39616883,1356868,61,ee55fe00,0.0,0.0,0.0,0.0,0.0,0.0
2026-05-25 10:00:07.061793,1779717607.061793,33365106,-2505219,161660099,3823258,39616883,1356868,61,ee55fe00,0.0,0.0,0.0,0.0,0.0,0.0
2026-05-25 10:00:07.063097,1779717607.063097,33617174,-4109309,163077157,5623821,38034953,4247159,61,ee56fe00,0.0,0.0,0.0,0.0,0.0,0.0
2026-05-25 10:00:07.064681,1779717607.064681,33617174,-4109309,163077157,5623821,38034953,4247159,61,ee56fe00,0.0,0.0,0.0,0.0,0.0,0.0
2026-05-25 10:00:07.066033,1779717607.066033,34383548,-6325512,165132831,9074964,35873474,4814323,61,ee56fe00,0.0,0.0,0.0,0.0,0.0,0.0
2026-05-25 10:00:07.067631,1779717607.067631,34383548,-6325512,165132831,9074964,35873474,4814323,61,ee56fe00,0.0,0.0,0.0,0.0,0.0,0.0
2026-05-25 10:00:07.068968,1779717607.068968,33910337,-7835746,168061902,15341502,33281736,4148407,61,ee56fe00,0.0,0.0,0.0,0.0,0.0,0.0
2026-05-25 10:00:07.070648,1779717607.070648,33910337,-7835746,168061902,15341502,33281736,4148407,61,ee56fe00,0.0,0.0,0.0,0.0,0.0,0.0
2026-05-25 10:00:07.072018,1779717607.072018,33038017,-9167477,170579364,25063977,30681210,3368188,61,ee56fe00,0.0,0.0,0.0,0.0,0.0,0.0
2026-05-25 10:00:07.073609,1779717607.073609,33038017,-9167477,170579364,25063977,30681210,3368188,61,ee56fe00,0.0,0.0,0.0,0.0,0.0,0.0
2026-05-25 10:00:07.074924,1779717607.074924,33293989,-10474940,171222768,37638491,29278186,3057096,61,ee56fe00,0.0,0.0,0.0,0.0,0.0,0.0
2026-05-25 10:00:07.076513,1779717607.076513,33293989,-10474940,171222768,37638491,29278186,3057096,61,ee56fe00,0.0,0.0,0.0,0.0,0.0,0.0
2026-05-25 10:00:07.077825,1779717607.077825,35645585,-12175750,170458919,52919967,31424417,2541402,61,ee56fe00,0.0,0.0,0.0,0.0,0.0,0.0
2026-05-25 10:00:07.079335,1779717607.079335,35645585,-12175750,170458919,52919967,31424417,2541402,61,ee56fe00,0.0,0.0,0.0,0.0,0.0,0.0
2026-05-25 10:00:07.080664,1779717607.080664,38322029,-12970949,169664539,70444226,36950847,1599537,61,ee56fe00,0.0,0.0,0.0,0.0,0.0,0.0
2026-05-25 10:00:07.082292,1779717607.082292,38322029,-12970949,169664539,70444226,36950847,1599537,61,ee56fe00,0.0,0.0,0.0,0.0,0.0,0.0
2026-05-25 10:00:07.083589,1779717607.083589,39384070,-12854268,169601876,89351382,43803164,-39344,61,ee56fe00,0.0,0.0,0.0,0.0,0.0,0.0
2026-05-25 10:00:07.085050,1779717607.085050,39384070,-12854268,169601876,89351382,43803164,-39344,61,ee56fe00,0.0,0.0,0.0,0.0,0.0,0.0
2026-05-25 10:00:07.086383,1779717607.086383,38600874,-12079717,170148426,108115117,49860021,-1913450,61,ee56fe00,0.0,0.0,0.0,0.0,0.0,0.0
2026-05-25 10:00:07.087940,1779717607.087940,38600874,-12079717,170148426,108115117,49860021,-1913450,61,ee56fe00,0.0,0.0,0.0,0.0,0.0,0.0
2026-05-25 10:00:07.089207,1779717607.089207,37243057,-11013368,170717802,126334341,54073694,-3795435,61,ee56fe00,0.0,0.0,0.0,0.0,0.0,0.0
2026-05-25 10:00:07.090782,1779717607.090782,37243057,-11013368,170717802,126334341,54073694,-3795435,61,ee56fe00,0.0,0.0,0.0,0.0,0.0,0.0
2026-05-25 10:00:07.092076,1779717607.092076,36093810,-9826098,171215939,143396369,56378143,-5863750,61,ee56fe00,0.0,0.0,0.0,0.0,0.0,0.0
2026-05-25 10:00:07.093532,1779717607.093532,36093810,-9826098,171215939,143396369,56378143,-5863750,61,ee56fe00,0.0,0.0,0.0,0.0,0.0,0.0
2026-05-25 10:00:07.094830,1779717607.094830,35051656,-8650071,171320766,159386123,57271137,-8212536,61,ee56fe00,0.0,0.0,0.0,0.0,0.0,0.0
2026-05-25 10:00:07.096615,1779717607.096615,35051656,-8650071,171320766,159386123,57271137,-8212536,61,ee56fe00,0.0,0.0,0.0,0.0,0.0,0.0
2026-05-25 10:00:07.098120,1779717607.098120,34295003,-7371318,170913350,173870160,57208691,-10958834,61,ee56fe00,0.0,0.0,0.0,0.0,0.0,0.0
2026-05-25 10:00:07.099884,1779717607.099884,34295003,-7371318,170913350,173870160,57208691,-10958834,61,ee56fe00,0.0,0.0,0.0,0.0,0.0,0.0
2026-05-25 10:00:07.101286,1779717607.101286,34146382,-5495358,169976912,187327917,57259383,-13597174,61,ee56fe00,0.0,0.0,0.0,0.0,0.0,0.0
2026-05-25 10:00:07.102786,1779717607.102786,34146382,-5495358,169976912,187327917,57259383,-13597174,61,ee56fe00,0.0,0.0,0.0,0.0,0.0,0.0
2026-05-25 10:00:07.104125,1779717607.104125,34141580,-3261319,169077474,200157711,57744208,-15924595,61,ee56fe00,0.0,0.0,0.0,0.0,0.0,0.0
2026-05-25 10:00:07.105784,1779717607.105784,34141580,-3261319,169077474,200157711,57744208,-15924595,61,ee56fe00,0.0,0.0,0.0,0.0,0.0,0.0
2026-05-25 10:00:07.107142,1779717607.107142,33871611,-1620961,168706027,212702503,59056152,-17786252,61,ee56fe00,0.0,0.0,0.0,0.0,0.0,0.0
2026-05-25 10:00:07.108701,1779717607.108701,33871611,-1620961,168706027,212702503,59056152,-17786252,61,ee56fe00,0.0,0.0,0.0,0.0,0.0,0.0
2026-05-25 10:00:07.110158,1779717607.110158,33270789,-136666,168597749,224909609,60268039,-19711164,61,ee56fe00,0.0,0.0,0.0,0.0,0.0,0.0
2026-05-25 10:00:07.111721,1779717607.111721,33270789,-136666,168597749,224909609,60268039,-19711164,61,ee56fe00,0.0,0.0,0.0,0.0,0.0,0.0
2026-05-25 10:00:07.113048,1779717607.113048,32304597,1698967,168227038,235646231,60297815,-21866439,61,ee56fe00,0.0,0.0,0.0,0.0,0.0,0.0
2026-05-25 10:00:07.114559,1779717607.114559,32304597,1698967,168227038,235646231,60297815,-21866439,61,ee56fe00,0.0,0.0,0.0,0.0,0.0,0.0
2026-05-25 10:00:07.115868,1779717607.115868,30435138,4209950,167444274,243662924,58104392,-24461432,61,ee56fe00,0.0,0.0,0.0,0.0,0.0,0.0
2026-05-25 10:00:07.117385,1779717607.117385,30435138,4209950,167444274,243662924,58104392,-24461432,61,ee56fe00,0.0,0.0,0.0,0.0,0.0,0.0
2026-05-25 10:00:07.118725,1779717607.118725,28565447,7555560,166056205,247927779,53502804,-26962584,61,ee56fe00,0.0,0.0,0.0,0.0,0.0,0.0
2026-05-25 10:00:07.120490,1779717607.120490,28565447,7555560,166056205,247927779,53502804,-26962584,61,ee56fe00,0.0,0.0,0.0,0.0,0.0,0.0
2026-05-25 10:00:07.121839,1779717607.121839,26865652,11240290,164034213,248215280,46784360,-29276993,61,ee55fe00,0.0,0.0,0.0,0.0,0.0,0.0
2026-05-25 10:00:07.123366,1779717607.123366,26865652,11240290,164034213,248215280,46784360,-29276993,61,ee55fe00,0.0,0.0,0.0,0.0,0.0,0.0
2026-05-25 10:00:07.124677,1779717607.124677,26850878,14520103,161389797,244621767,39014255,-31661815,61,ee55fe00,0.0,0.0,0.0,0.0,0.0,0.0
2026-05-25 10:00:07.126184,1779717607.126184,26850878,14520103,161389797,244621767,39014255,-31661815,61,ee55fe00,0.0,0.0,0.0,0.0,0.0,0.0
2026-05-25 10:00:07.127474,1779717607.127474,27702249,16518142,158890486,237841649,31137660,-35115821,61,ee56fe00,0.0,0.0,0.0,0.0,0.0,0.0
2026-05-25 10:00:07.128964,1779717607.128964,27702249,16518142,158890486,237841649,31137660,-35115821,61,ee56fe00,0.0,0.0,0.0,0.0,0.0,0.0
2026-05-25 10:00:07.130324,1779717607.130324,29221216,17559714,157655761,229580873,24057617,-40034951,61,ee56fe00,0.0,0.0,0.0,0.0,0.0,0.0
2026-05-25 10:00:07.132510,1779717607.132510,29221216,17559714,157655761,229580873,24057617,-40034951,61,ee56fe00,0.0,0.0,0.0,0.0,0.0,0.0
2026-05-25 10:00:07.133903,1779717607.133903,29762972,18835788,157268633,221929862,18765308,-45249267,61,ee56fe00,0.0,0.0,0.0,0.0,0.0,0.0
2026-05-25 10:00:07.135425,1779717607.135425,29762972,18835788,157268633,221929862,18765308,-45249267,61,ee56fe00,0.0,0.0,0.0,0.0,0.0,0.0
2026-05-25 10:00:07.136722,1779717607.136722,30186498,20929055,156964567,216318720,16169254,-49237981,61,ee56fe00,0.0,0.0,0.0,0.0,0.0,0.0
2026-05-25 10:00:07.138345,1779717607.138345,30186498,20929055,156964567,216318720,16169254,-49237981,61,ee56fe00,0.0,0.0,0.0,0.0,0.0,0.0
2026-05-25 10:00:07.139669,1779717607.139669,29439490,23394964,156286834,212645224,16969697,-50792518,61,ee56fe00,0.0,0.0,0.0,0.0,0.0,0.0
2026-05-25 10:00:07.141188,1779717607.141188,29439490,23394964,156286834,212645224,16969697,-50792518,61,ee56fe00,0.0,0.0,0.0,0.0,0.0,0.0
2026-05-25 10:00:07.142562,1779717607.142562,27709986,26058073,154960367,209310353,19771717,-49732047,61,ee56fe00,0.0,0.0,0.0,0.0,0.0,0.0
2026-05-25 10:00:07.144056,1779717607.144056,27709986,26058073,154960367,209310353,19771717,-49732047,61,ee56fe00,0.0,0.0,0.0,0.0,0.0,0.0
2026-05-25 10:00:07.145411,1779717607.145411,26327790,29417062,153618881,204075087,22141717,-46978925,61,ee56fe00,0.0,0.0,0.0,0.0,0.0,0.0
2026-05-25 10:00:07.147045,1779717607.147045,26327790,29417062,153618881,204075087,22141717,-46978925,61,ee56fe00,0.0,0.0,0.0,0.0,0.0,0.0
2026-05-25 10:00:07.148326,1779717607.148326,26386226,31213108,152252668,196235858,22842643,-44801089,61,ee56fe00,0.0,0.0,0.0,0.0,0.0,0.0
2026-05-25 10:00:07.149858,1779717607.149858,26386226,31213108,152252668,196235858,22842643,-44801089,61,ee56fe00,0.0,0.0,0.0,0.0,0.0,0.0
2026-05-25 10:00:07.151183,1779717607.151183,27888341,31934291,151437458,186077704,21940868,-44785197,61,ee56fe00,0.0,0.0,0.0,0.0,0.0,0.0
2026-05-25 10:00:07.152695,1779717607.152695,27888341,31934291,151437458,186077704,21940868,-44785197,61,ee56fe00,0.0,0.0,0.0,0.0,0.0,0.0
2026-05-25 10:00:07.154068,1779717607.154068,29149507,31640038,151693330,175617787,20476069,-47217046,61,ee56fe00,0.0,0.0,0.0,0.0,0.0,0.0
2026-05-25 10:00:07.155596,1779717607.155596,29149507,31640038,151693330,175617787,20476069,-47217046,61,ee56fe00,0.0,0.0,0.0,0.0,0.0,0.0
2026-05-25 10:00:07.156939,1779717607.156939,28549224,32122368,152786647,166137841,18961142,-49548054,61,ee56fe00,0.0,0.0,0.0,0.0,0.0,0.0
2026-05-25 10:00:07.158436,1779717607.158436,28549224,32122368,152786647,166137841,18961142,-49548054,61,ee56fe00,0.0,0.0,0.0,0.0,0.0,0.0
2026-05-25 10:00:07.159737,1779717607.159737,27166074,33750463,153859152,158763465,18020368,-50297155,61,ee56fe00,0.0,0.0,0.0,0.0,0.0,0.0
2026-05-25 10:00:07.161268,1779717607.161268,27166074,33750463,153859152,158763465,18020368,-50297155,61,ee56fe00,0.0,0.0,0.0,0.0,0.0,0.0
2026-05-25 10:00:07.163164,1779717607.163164,25952395,35432680,154342279,153720451,18585777,-48498864,61,ee56fe00,0.0,0.0,0.0,0.0,0.0,0.0
2026-05-25 10:00:07.164586,1779717607.164586,25952395,35432680,154342279,153720451,18585777,-48498864,61,ee56fe00,0.0,0.0,0.0,0.0,0.0,0.0
2026-05-25 10:00:07.165816,1779717607.165816,24789882,36814054,153843743,150108556,21268542,-44816984,61,ee56fe00,0.0,0.0,0.0,0.0,0.0,0.0
2026-05-25 10:00:07.167236,1779717607.167236,24789882,36814054,153843743,150108556,21268542,-44816984,61,ee56fe00,0.0,0.0,0.0,0.0,0.0,0.0
2026-05-25 10:00:07.168487,1779717607.168487,24411521,38132755,153474507,146740766,25137521,-40564466,61,ee56fe00,0.0,0.0,0.0,0.0,0.0,0.0
2026-05-25 10:00:07.169900,1779717607.169900,24411521,38132755,153474507,146740766,25137521,-40564466,61,ee56fe00,0.0,0.0,0.0,0.0,0.0,0.0
2026-05-25 10:00:07.171155,1779717607.171155,23879094,39679945,152759858,142027846,28351912,-36440887,61,ee56fe00,0.0,0.0,0.0,0.0,0.0,0.0
2026-05-25 10:00:07.172609,1779717607.172609,23879094,39679945,152759858,142027846,28351912,-36440887,61,ee56fe00,0.0,0.0,0.0,0.0,0.0,0.0
2026-05-25 10:00:07.173855,1779717607.173855,23723352,41039451,153070812,135722257,28920670,-33704278,61,ee56fe00,0.0,0.0,0.0,0.0,0.0,0.0
2026-05-25 10:00:07.175311,1779717607.175311,23723352,41039451,153070812,135722257,28920670,-33704278,61,ee56fe00,0.0,0.0,0.0,0.0,0.0,0.0
2026-05-25 10:00:07.176553,1779717607.176553,23857832,41450823,153226181,127996889,27214059,-32566237,61,ee56fe00,0.0,0.0,0.0,0.0,0.0,0.0
2026-05-25 10:00:07.177987,1779717607.177987,23857832,41450823,153226181,127996889,27214059,-32566237,61,ee56fe00,0.0,0.0,0.0,0.0,0.0,0.0
2026-05-25 10:00:07.179328,1779717607.179328,24071094,40772191,154350889,120957175,24475180,-33126135,61,ee56fe00,0.0,0.0,0.0,0.0,0.0,0.0
2026-05-25 10:00:07.180762,1779717607.180762,24071094,40772191,154350889,120957175,24475180,-33126135,61,ee56fe00,0.0,0.0,0.0,0.0,0.0,0.0
2026-05-25 10:00:07.181996,1779717607.181996,24482394,40300984,155277091,115706134,23060138,-33852926,61,ee56fe00,0.0,0.0,0.0,0.0,0.0,0.0
2026-05-25 10:00:07.183405,1779717607.183405,24482394,40300984,155277091,115706134,23060138,-33852926,61,ee56fe00,0.0,0.0,0.0,0.0,0.0,0.0
2026-05-25 10:00:07.184588,1779717607.184588,24633809,40602701,155968915,113849356,24054667,-33344867,61,ee56fe00,0.0,0.0,0.0,0.0,0.0,0.0
2026-05-25 10:00:07.185970,1779717607.185970,24633809,40602701,155968915,113849356,24054667,-33344867,61,ee56fe00,0.0,0.0,0.0,0.0,0.0,0.0
2026-05-25 10:00:07.187184,1779717607.187184,24574247,41793311,155143681,113921627,28192067,-30849184,61,ee56fe00,0.0,0.0,0.0,0.0,0.0,0.0
2026-05-25 10:00:07.188638,1779717607.188638,24574247,41793311,155143681,113921627,28192067,-30849184,61,ee56fe00,0.0,0.0,0.0,0.0,0.0,0.0
2026-05-25 10:00:07.189853,1779717607.189853,23973648,43088969,153543762,113816070,33322531,-27691904,61,ee56fe00,0.0,0.0,0.0,0.0,0.0,0.0
2026-05-25 10:00:07.191299,1779717607.191299,23973648,43088969,153543762,113816070,33322531,-27691904,61,ee56fe00,0.0,0.0,0.0,0.0,0.0,0.0
2026-05-25 10:00:07.192530,1779717607.192530,23340555,44684046,152374879,110504713,36871535,-25065420,61,ee56fe00,0.0,0.0,0.0,0.0,0.0,0.0
2026-05-25 10:00:07.193920,1779717607.193920,23340555,44684046,152374879,110504713,36871535,-25065420,61,ee56fe00,0.0,0.0,0.0,0.0,0.0,0.0
2026-05-25 10:00:07.195227,1779717607.195227,22796122,46043240,151783918,103824774,36309642,-24136831,61,ee56fe00,0.0,0.0,0.0,0.0,0.0,0.0
2026-05-25 10:00:07.196666,1779717607.196666,22796122,46043240,151783918,103824774,36309642,-24136831,61,ee56fe00,0.0,0.0,0.0,0.0,0.0,0.0
2026-05-25 10:00:07.197923,1779717607.197923,22275670,46737777,152178167,94922694,32565324,-24457869,61,ee56fe00,0.0,0.0,0.0,0.0,0.0,0.0
2026-05-25 10:00:07.199416,1779717607.199416,22275670,46737777,152178167,94922694,32565324,-24457869,61,ee56fe00,0.0,0.0,0.0,0.0,0.0,0.0
2026-05-25 10:00:07.200700,1779717607.200700,21594686,46743365,153860100,86428104,26231019,-25710358,61,ee56fe00,0.0,0.0,0.0,0.0,0.0,0.0
2026-05-25 10:00:07.202232,1779717607.202232,21594686,46743365,153860100,86428104,26231019,-25710358,61,ee56fe00,0.0,0.0,0.0,0.0,0.0,0.0
2026-05-25 10:00:07.203483,1779717607.203483,21109952,45911121,156315127,80362288,19336739,-26649145,61,ee56fe00,0.0,0.0,0.0,0.0,0.0,0.0
2026-05-25 10:00:07.204956,1779717607.204956,21109952,45911121,156315127,80362288,19336739,-26649145,61,ee56fe00,0.0,0.0,0.0,0.0,0.0,0.0
2026-05-25 10:00:07.206240,1779717607.206240,21206562,44713037,158408518,78812876,13850236,-26766919,61,ee56fe00,0.0,0.0,0.0,0.0,0.0,0.0
2026-05-25 10:00:07.207736,1779717607.207736,21206562,44713037,158408518,78812876,13850236,-26766919,61,ee56fe00,0.0,0.0,0.0,0.0,0.0,0.0
2026-05-25 10:00:07.209091,1779717607.209091,22379894,43700075,159223533,82183043,12727469,-25217053,61,ee55fe00,0.0,0.0,0.0,0.0,0.0,0.0
2026-05-25 10:00:07.210746,1779717607.210746,22379894,43700075,159223533,82183043,12727469,-25217053,61,ee55fe00,0.0,0.0,0.0,0.0,0.0,0.0
2026-05-25 10:00:07.212028,1779717607.212028,23220791,43641530,159089305,89525828,16209368,-22481591,61,ee55fe00,0.0,0.0,0.0,0.0,0.0,0.0
2026-05-25 10:00:07.213527,1779717607.213527,23220791,43641530,159089305,89525828,16209368,-22481591,61,ee55fe00,0.0,0.0,0.0,0.0,0.0,0.0
2026-05-25 10:00:07.214797,1779717607.214797,23728651,44071167,158772137,97718980,21645664,-19519546,61,ee56fe00,0.0,0.0,0.0,0.0,0.0,0.0
2026-05-25 10:00:07.216268,1779717607.216268,23728651,44071167,158772137,97718980,21645664,-19519546,61,ee56fe00,0.0,0.0,0.0,0.0,0.0,0.0
2026-05-25 10:00:07.217607,1779717607.217607,24008223,44409016,158634317,105362647,26285276,-18047234,61,ee56fe00,0.0,0.0,0.0,0.0,0.0,0.0
2026-05-25 10:00:07.219170,1779717607.219170,24008223,44409016,158634317,105362647,26285276,-18047234,61,ee56fe00,0.0,0.0,0.0,0.0,0.0,0.0
2026-05-25 10:00:07.220518,1779717607.220518,23020090,45036741,158816472,111943169,29032809,-17461482,61,ee56fe00,0.0,0.0,0.0,0.0,0.0,0.0
2026-05-25 10:00:07.222024,1779717607.222024,23020090,45036741,158816472,111943169,29032809,-17461482,61,ee56fe00,0.0,0.0,0.0,0.0,0.0,0.0
2026-05-25 10:00:07.223320,1779717607.223320,22968883,45690756,159833118,119157934,30419335,-17187885,61,ee56fe00,0.0,0.0,0.0,0.0,0.0,0.0
2026-05-25 10:00:07.224802,1779717607.224802,22968883,45690756,159833118,119157934,30419335,-17187885,61,ee56fe00,0.0,0.0,0.0,0.0,0.0,0.0
2026-05-25 10:00:07.226046,1779717607.226046,21660721,45470475,161765600,128798035,31831893,-15886510,61,ee56fe00,0.0,0.0,0.0,0.0,0.0,0.0
2026-05-25 10:00:07.227451,1779717607.227451,21660721,45470475,161765600,128798035,31831893,-15886510,61,ee56fe00,0.0,0.0,0.0,0.0,0.0,0.0
2026-05-25 10:00:07.228640,1779717607.228640,20655076,44146459,163379585,141637483,34895249,-13392888,61,ee56fe00,0.0,0.0,0.0,0.0,0.0,0.0
2026-05-25 10:00:07.230025,1779717607.230025,20655076,44146459,163379585,141637483,34895249,-13392888,61,ee56fe00,0.0,0.0,0.0,0.0,0.0,0.0
2026-05-25 10:00:07.231289,1779717607.231289,21036888,43485460,163896068,157971655,41904168,-10166797,61,ee56fe00,0.0,0.0,0.0,0.0,0.0,0.0
2026-05-25 10:00:07.232789,1779717607.232789,21036888,43485460,163896068,157971655,41904168,-10166797,61,ee56fe00,0.0,0.0,0.0,0.0,0.0,0.0
2026-05-25 10:00:07.234072,1779717607.234072,21166919,44976850,162470547,175705933,51872299,-5849674,61,ee56fe00,0.0,0.0,0.0,0.0,0.0,0.0
2026-05-25 10:00:07.235525,1779717607.235525,21166919,44976850,162470547,175705933,51872299,-5849674,61,ee56fe00,0.0,0.0,0.0,0.0,0.0,0.0
2026-05-25 10:00:07.236837,1779717607.236837,21702506,47810538,160202383,191392663,61476917,-2040709,61,ee56fe00,0.0,0.0,0.0,0.0,0.0,0.0
2026-05-25 10:00:07.238332,1779717607.238332,21702506,47810538,160202383,191392663,61476917,-2040709,61,ee56fe00,0.0,0.0,0.0,0.0,0.0,0.0
2026-05-25 10:00:07.239609,1779717607.239609,20831044,50548973,157472484,202092906,66733079,486730,61,ee56fe00,0.0,0.0,0.0,0.0,0.0,0.0
2026-05-25 10:00:07.241091,1779717607.241091,20831044,50548973,157472484,202092906,66733079,486730,61,ee56fe00,0.0,0.0,0.0,0.0,0.0,0.0
2026-05-25 10:00:07.242586,1779717607.242586,19546480,52627506,156036649,207135678,66246813,4396,61,ee56fe00,0.0,0.0,0.0,0.0,0.0,0.0
2026-05-25 10:00:07.244126,1779717607.244126,19546480,52627506,156036649,207135678,66246813,4396,61,ee56fe00,0.0,0.0,0.0,0.0,0.0,0.0
2026-05-25 10:00:07.245472,1779717607.245472,18906627,54501195,155424866,208395965,61146237,-2385803,61,ee56fe00,0.0,0.0,0.0,0.0,0.0,0.0
2026-05-25 10:00:07.247009,1779717607.247009,18906627,54501195,155424866,208395965,61146237,-2385803,61,ee56fe00,0.0,0.0,0.0,0.0,0.0,0.0
2026-05-25 10:00:07.248323,1779717607.248323,17946116,56333214,155134269,208250569,53916475,-5857693,61,ee56fe00,0.0,0.0,0.0,0.0,0.0,0.0
2026-05-25 10:00:07.249820,1779717607.249820,17946116,56333214,155134269,208250569,53916475,-5857693,61,ee56fe00,0.0,0.0,0.0,0.0,0.0,0.0
2026-05-25 10:00:07.251117,1779717607.251117,17196383,58034879,154167570,207573547,46765807,-8629931,61,ee56fe00,0.0,0.0,0.0,0.0,0.0,0.0
2026-05-25 10:00:07.252823,1779717607.252823,17196383,58034879,154167570,207573547,46765807,-8629931,61,ee56fe00,0.0,0.0,0.0,0.0,0.0,0.0
2026-05-25 10:00:07.254059,1779717607.254059,16530457,60313072,152124768,206832108,41555832,-10219345,61,ee56fe00,0.0,0.0,0.0,0.0,0.0,0.0
2026-05-25 10:00:07.255488,1779717607.255488,16530457,60313072,152124768,206832108,41555832,-10219345,61,ee56fe00,0.0,0.0,0.0,0.0,0.0,0.0
2026-05-25 10:00:07.256729,1779717607.256729,16830119,62874829,148868222,205051004,38225766,-9975116,61,ee56fe00,0.0,0.0,0.0,0.0,0.0,0.0
2026-05-25 10:00:07.258213,1779717607.258213,16830119,62874829,148868222,205051004,38225766,-9975116,61,ee56fe00,0.0,0.0,0.0,0.0,0.0,0.0
2026-05-25 10:00:07.259482,1779717607.259482,16833918,66580897,145468353,200732094,35933900,-8111994,61,ee56fe00,0.0,0.0,0.0,0.0,0.0,0.0
2026-05-25 10:00:07.261002,1779717607.261002,16833918,66580897,145468353,200732094,35933900,-8111994,61,ee56fe00,0.0,0.0,0.0,0.0,0.0,0.0
2026-05-25 10:00:07.262331,1779717607.262331,17630548,69882445,141340248,192011764,33010675,-5596056,61,ee56fe00,0.0,0.0,0.0,0.0,0.0,0.0
2026-05-25 10:00:07.263879,1779717607.263879,17630548,69882445,141340248,192011764,33010675,-5596056,61,ee56fe00,0.0,0.0,0.0,0.0,0.0,0.0
2026-05-25 10:00:07.265236,1779717607.265236,17526504,72711839,137787754,178058533,28925366,-4666745,61,ee56fe00,0.0,0.0,0.0,0.0,0.0,0.0
2026-05-25 10:00:07.266780,1779717607.266780,17526504,72711839,137787754,178058533,28925366,-4666745,61,ee56fe00,0.0,0.0,0.0,0.0,0.0,0.0
2026-05-25 10:00:07.268085,1779717607.268085,16175415,76018626,134530437,158033210,22928679,-5319216,61,ee55fe00,0.0,0.0,0.0,0.0,0.0,0.0
2026-05-25 10:00:07.269679,1779717607.269679,16175415,76018626,134530437,158033210,22928679,-5319216,61,ee55fe00,0.0,0.0,0.0,0.0,0.0,0.0
2026-05-25 10:00:07.271104,1779717607.271104,14274646,79220662,132005389,133121315,15182360,-7056516,61,ee56fe00,0.0,0.0,0.0,0.0,0.0,0.0
2026-05-25 10:00:07.272707,1779717607.272707,14274646,79220662,132005389,133121315,15182360,-7056516,61,ee56fe00,0.0,0.0,0.0,0.0,0.0,0.0
2026-05-25 10:00:07.274060,1779717607.274060,12589702,81833819,131081343,104631876,5509771,-8701768,61,ee56fe00,0.0,0.0,0.0,0.0,0.0,0.0
2026-05-25 10:00:07.275611,1779717607.275611,12589702,81833819,131081343,104631876,5509771,-8701768,61,ee56fe00,0.0,0.0,0.0,0.0,0.0,0.0
2026-05-25 10:00:07.276901,1779717607.276901,12473385,83091611,130494980,75049964,-4584184,-9519513,61,ee56fe00,0.0,0.0,0.0,0.0,0.0,0.0
2026-05-25 10:00:07.278802,1779717607.278802,12473385,83091611,130494980,75049964,-4584184,-9519513,61,ee56fe00,0.0,0.0,0.0,0.0,0.0,0.0
2026-05-25 10:00:07.280121,1779717607.280121,13385815,83087228,130653277,46886522,-13077207,-9505652,61,ee56fe00,0.0,0.0,0.0,0.0,0.0,0.0
2026-05-25 10:00:07.281778,1779717607.281778,13385815,83087228,130653277,46886522,-13077207,-9505652,61,ee56fe00,0.0,0.0,0.0,0.0,0.0,0.0
2026-05-25 10:00:07.283098,1779717607.283098,14653329,83167093,130311209,21315272,-17810024,-7251513,61,ee56fe00,0.0,0.0,0.0,0.0,0.0,0.0
2026-05-25 10:00:07.284619,1779717607.284619,14653329,83167093,130311209,21315272,-17810024,-7251513,61,ee56fe00,0.0,0.0,0.0,0.0,0.0,0.0
2026-05-25 10:00:07.285906,1779717607.285906,15718166,82091650,130632751,-1324447,-19087852,-4495065,61,ee56fe00,0.0,0.0,0.0,0.0,0.0,0.0
2026-05-25 10:00:07.287454,1779717607.287454,15718166,82091650,130632751,-1324447,-19087852,-4495065,61,ee56fe00,0.0,0.0,0.0,0.0,0.0,0.0
2026-05-25 10:00:07.288764,1779717607.288764,15895409,80920996,131897229,-22421160,-18944566,-1811464,61,ee56fe00,0.0,0.0,0.0,0.0,0.0,0.0
2026-05-25 10:00:07.290281,1779717607.290281,15895409,80920996,131897229,-22421160,-18944566,-1811464,61,ee56fe00,0.0,0.0,0.0,0.0,0.0,0.0
2026-05-25 10:00:07.291558,1779717607.291558,16271483,79111814,133107364,-42526912,-19084055,-828686,61,ee56fe00,0.0,0.0,0.0,0.0,0.0,0.0
2026-05-25 10:00:07.293042,1779717607.293042,16271483,79111814,133107364,-42526912,-19084055,-828686,61,ee56fe00,0.0,0.0,0.0,0.0,0.0,0.0
2026-05-25 10:00:07.294338,1779717607.294338,17329993,77283734,134382043,-61723852,-19277814,-1620302,61,ee56fe00,0.0,0.0,0.0,0.0,0.0,0.0
2026-05-25 10:00:07.295911,1779717607.295911,17329993,77283734,134382043,-61723852,-19277814,-1620302,61,ee56fe00,0.0,0.0,0.0,0.0,0.0,0.0
2026-05-25 10:00:07.297246,1779717607.297246,19037810,75369378,135954244,-78722107,-18748925,-3531644,61,ee56fe00,0.0,0.0,0.0,0.0,0.0,0.0
2026-05-25 10:00:07.299350,1779717607.299350,19037810,75369378,135954244,-78722107,-18748925,-3531644,61,ee56fe00,0.0,0.0,0.0,0.0,0.0,0.0
2026-05-25 10:00:07.301172,1779717607.301172,20004052,73391604,138059673,-92399832,-16711515,-5424068,61,ee56fe00,0.0,0.0,0.0,0.0,0.0,0.0
2026-05-25 10:00:07.309738,1779717607.309738,20004052,73391604,138059673,-92399832,-16711515,-5424068,61,ee56fe00,0.0,0.0,0.0,0.0,0.0,0.0
2026-05-25 10:00:07.314692,1779717607.314692,20099240,71396304,140678045,-101807357,-13359947,-6040252,61,ee56fe00,0.0,0.0,0.0,0.0,0.0,0.0
2026-05-25 10:00:07.316751,1779717607.316751,20099240,71396304,140678045,-101807357,-13359947,-6040252,61,ee56fe00,0.0,0.0,0.0,0.0,0.0,0.0
2026-05-25 10:00:07.318359,1779717607.318359,19545305,69289653,143087190,-107080691,-8688043,-5107088,61,ee56fe00,0.0,0.0,0.0,0.0,0.0,0.0
2026-05-25 10:00:07.319981,1779717607.319981,19545305,69289653,143087190,-107080691,-8688043,-5107088,61,ee56fe00,0.0,0.0,0.0,0.0,0.0,0.0
2026-05-25 10:00:07.321332,1779717607.321332,19354651,67153827,145545236,-109262414,-3877957,-3444003,61,ee56fe00,0.0,0.0,0.0,0.0,0.0,0.0
2026-05-25 10:00:07.322930,1779717607.322930,19354651,67153827,145545236,-109262414,-3877957,-3444003,61,ee56fe00,0.0,0.0,0.0,0.0,0.0,0.0
2026-05-25 10:00:07.324293,1779717607.324293,18990172,65581044,147128364,-110088542,-163268,-1910072,61,ee56fe00,0.0,0.0,0.0,0.0,0.0,0.0
2026-05-25 10:00:07.325902,1779717607.325902,18990172,65581044,147128364,-110088542,-163268,-1910072,61,ee56fe00,0.0,0.0,0.0,0.0,0.0,0.0
2026-05-25 10:00:07.327270,1779717607.327270,19622695,63640589,147569240,-110719351,1624003,-1780628,61,ee56fe00,0.0,0.0,0.0,0.0,0.0,0.0
2026-05-25 10:00:07.328957,1779717607.328957,19622695,63640589,147569240,-110719351,1624003,-1780628,61,ee56fe00,0.0,0.0,0.0,0.0,0.0,0.0
2026-05-25 10:00:07.330453,1779717607.330453,20810695,62717478,148181470,-112020892,2241267,-3160042,61,ee56fe00,0.0,0.0,0.0,0.0,0.0,0.0
2026-05-25 10:00:07.332392,1779717607.332392,20810695,62717478,148181470,-112020892,2241267,-3160042,61,ee56fe00,0.0,0.0,0.0,0.0,0.0,0.0
2026-05-25 10:00:07.334212,1779717607.334212,21420882,62461339,148165790,-113495472,1958459,-5363163,61,ee56fe00,0.0,0.0,0.0,0.0,0.0,0.0
2026-05-25 10:00:07.336334,1779717607.336334,21420882,62461339,148165790,-113495472,1958459,-5363163,61,ee56fe00,0.0,0.0,0.0,0.0,0.0,0.0
2026-05-25 10:00:07.338114,1779717607.338114,20762039,62748168,149060171,-115470489,2014705,-7442313,61,ee56fe00,0.0,0.0,0.0,0.0,0.0,0.0
2026-05-25 10:00:07.339826,1779717607.339826,20762039,62748168,149060171,-115470489,2014705,-7442313,61,ee56fe00,0.0,0.0,0.0,0.0,0.0,0.0
2026-05-25 10:00:07.341161,1779717607.341161,18732174,62451660,148966730,-117214794,2185363,-9419592,61,ee56fe00,0.0,0.0,0.0,0.0,0.0,0.0
2026-05-25 10:00:07.342727,1779717607.342727,18732174,62451660,148966730,-117214794,2185363,-9419592,61,ee56fe00,0.0,0.0,0.0,0.0,0.0,0.0
2026-05-25 10:00:07.344080,1779717607.344080,16976255,62039045,150022538,-119388679,1809215,-11490527,61,ee56fe00,0.0,0.0,0.0,0.0,0.0,0.0
2026-05-25 10:00:07.345654,1779717607.345654,16976255,62039045,150022538,-119388679,1809215,-11490527,61,ee56fe00,0.0,0.0,0.0,0.0,0.0,0.0
2026-05-25 10:00:07.347007,1779717607.347007,16255791,62154733,150498135,-121975833,-621470,-13276444,61,ee56fe00,0.0,0.0,0.0,0.0,0.0,0.0
2026-05-25 10:00:07.348666,1779717607.348666,16255791,62154733,150498135,-121975833,-621470,-13276444,61,ee56fe00,0.0,0.0,0.0,0.0,0.0,0.0
2026-05-25 10:00:07.350067,1779717607.350067,16064841,62182637,151716450,-125250817,-5462436,-14012386,61,ee56fe00,0.0,0.0,0.0,0.0,0.0,0.0
2026-05-25 10:00:07.351650,1779717607.351650,16064841,62182637,151716450,-125250817,-5462436,-14012386,61,ee56fe00,0.0,0.0,0.0,0.0,0.0,0.0
2026-05-25 10:00:07.352983,1779717607.352983,15864484,61043947,151965558,-128859180,-11520325,-14225456,61,ee56fe00,0.0,0.0,0.0,0.0,0.0,0.0
2026-05-25 10:00:07.354460,1779717607.354460,15864484,61043947,151965558,-128859180,-11520325,-14225456,61,ee56fe00,0.0,0.0,0.0,0.0,0.0,0.0
2026-05-25 10:00:07.355745,1779717607.355745,15170420,59114871,152332707,-132077961,-17052846,-14166470,61,ee56fe00,0.0,0.0,0.0,0.0,0.0,0.0
2026-05-25 10:00:07.357221,1779717607.357221,15170420,59114871,152332707,-132077961,-17052846,-14166470,61,ee56fe00,0.0,0.0,0.0,0.0,0.0,0.0
2026-05-25 10:00:07.358517,1779717607.358517,15129771,57917196,153064273,-134446580,-20706485,-13409019,61,ee56fe00,0.0,0.0,0.0,0.0,0.0,0.0
2026-05-25 10:00:07.360007,1779717607.360007,15129771,57917196,153064273,-134446580,-20706485,-13409019,61,ee56fe00,0.0,0.0,0.0,0.0,0.0,0.0
2026-05-25 10:00:07.361299,1779717607.361299,15783355,57530792,153274292,-135142823,-22133324,-11059758,61,ee55fe00,0.0,0.0,0.0,0.0,0.0,0.0
2026-05-25 10:00:07.362796,1779717607.362796,15783355,57530792,153274292,-135142823,-22133324,-11059758,61,ee55fe00,0.0,0.0,0.0,0.0,0.0,0.0
2026-05-25 10:00:07.364078,1779717607.364078,16131366,56916326,153651277,-134451443,-21431528,-7707060,61,ee56fe00,0.0,0.0,0.0,0.0,0.0,0.0
2026-05-25 10:00:07.365582,1779717607.365582,16131366,56916326,153651277,-134451443,-21431528,-7707060,61,ee56fe00,0.0,0.0,0.0,0.0,0.0,0.0
2026-05-25 10:00:07.368372,1779717607.368372,15376774,56213736,153575980,-133405813,-20268966,-4215974,61,ee56fe00,0.0,0.0,0.0,0.0,0.0,0.0
2026-05-25 10:00:07.371577,1779717607.371577,15376774,56213736,153575980,-133405813,-20268966,-4215974,61,ee56fe00,0.0,0.0,0.0,0.0,0.0,0.0
2026-05-25 10:00:07.374241,1779717607.374241,14853519,55496198,153629193,-133403893,-19923854,-1642119,61,ee56fe00,0.0,0.0,0.0,0.0,0.0,0.0
2026-05-25 10:00:07.377449,1779717607.377449,14853519,55496198,153629193,-133403893,-19923854,-1642119,61,ee56fe00,0.0,0.0,0.0,0.0,0.0,0.0
2026-05-25 10:00:07.380067,1779717607.380067,15903799,55044896,153447297,-135115887,-21253602,-418547,61,ee56fe00,0.0,0.0,0.0,0.0,0.0,0.0
2026-05-25 10:00:07.383129,1779717607.383129,15903799,55044896,153447297,-135115887,-21253602,-418547,61,ee56fe00,0.0,0.0,0.0,0.0,0.0,0.0
2026-05-25 10:00:07.385765,1779717607.385765,17437879,54329309,153417676,-138001148,-23766560,-82837,61,ee56fe00,0.0,0.0,0.0,0.0,0.0,0.0
2026-05-25 10:00:07.388822,1779717607.388822,17437879,54329309,153417676,-138001148,-23766560,-82837,61,ee56fe00,0.0,0.0,0.0,0.0,0.0,0.0
2026-05-25 10:00:07.391435,1779717607.391435,18461947,52939512,153232389,-140757476,-26147940,-110192,61,ee56fe00,0.0,0.0,0.0,0.0,0.0,0.0
2026-05-25 10:00:07.393224,1779717607.393224,18461947,52939512,153232389,-140757476,-26147940,-110192,61,ee56fe00,0.0,0.0,0.0,0.0,0.0,0.0
2026-05-25 10:00:07.394983,1779717607.394983,19173585,51536908,153019400,-142515485,-27004380,800304,61,ee56fe00,0.0,0.0,0.0,0.0,0.0,0.0
2026-05-25 10:00:07.397014,1779717607.397014,19173585,51536908,153019400,-142515485,-27004380,800304,61,ee56fe00,0.0,0.0,0.0,0.0,0.0,0.0
2026-05-25 10:00:07.398704,1779717607.398704,20170626,50653777,152852996,-143372020,-26364031,2196632,61,ee56fe00,0.0,0.0,0.0,0.0,0.0,0.0
2026-05-25 10:00:07.400760,1779717607.400760,20170626,50653777,152852996,-143372020,-26364031,2196632,61,ee56fe00,0.0,0.0,0.0,0.0,0.0,0.0
2026-05-25 10:00:07.402596,1779717607.402596,21011549,49540386,153163107,-144317688,-25418968,3648050,61,ee56fe00,0.0,0.0,0.0,0.0,0.0,0.0
2026-05-25 10:00:07.404514,1779717607.404514,21011549,49540386,153163107,-144317688,-25418968,3648050,61,ee56fe00,0.0,0.0,0.0,0.0,0.0,0.0
2026-05-25 10:00:07.406190,1779717607.406190,20797118,48495292,153282221,-146361381,-25378476,3826453,61,ee56fe00,0.0,0.0,0.0,0.0,0.0,0.0
2026-05-25 10:00:07.408128,1779717607.408128,20797118,48495292,153282221,-146361381,-25378476,3826453,61,ee56fe00,0.0,0.0,0.0,0.0,0.0,0.0
2026-05-25 10:00:07.409812,1779717607.409812,21314209,47487053,153207995,-149000666,-25483529,3201650,61,ee56fe00,0.0,0.0,0.0,0.0,0.0,0.0
2026-05-25 10:00:07.411697,1779717607.411697,21314209,47487053,153207995,-149000666,-25483529,3201650,61,ee56fe00,0.0,0.0,0.0,0.0,0.0,0.0
2026-05-25 10:00:07.413214,1779717607.413214,19775661,46447856,153623298,-153133083,-27152127,699676,61,ee56fe00,0.0,0.0,0.0,0.0,0.0,0.0
2026-05-25 10:00:07.415261,1779717607.415261,19775661,46447856,153623298,-153133083,-27152127,699676,61,ee56fe00,0.0,0.0,0.0,0.0,0.0,0.0
2026-05-25 10:00:07.416806,1779717607.416806,20423001,45909284,153955039,-158785859,-30210385,-2322506,61,ee56fe00,0.0,0.0,0.0,0.0,0.0,0.0
2026-05-25 10:00:07.418537,1779717607.418537,20423001,45909284,153955039,-158785859,-30210385,-2322506,61,ee56fe00,0.0,0.0,0.0,0.0,0.0,0.0
2026-05-25 10:00:07.419994,1779717607.419994,21078947,45002314,154542016,-164019170,-33501371,-6144514,61,ee56fe00,0.0,0.0,0.0,0.0,0.0,0.0
2026-05-25 10:00:07.421700,1779717607.421700,21078947,45002314,154542016,-164019170,-33501371,-6144514,61,ee56fe00,0.0,0.0,0.0,0.0,0.0,0.0
2026-05-25 10:00:07.423174,1779717607.423174,22576548,43069109,154858932,-167486832,-34800581,-8962853,61,ee56fe00,0.0,0.0,0.0,0.0,0.0,0.0
2026-05-25 10:00:07.424915,1779717607.424915,22576548,43069109,154858932,-167486832,-34800581,-8962853,61,ee56fe00,0.0,0.0,0.0,0.0,0.0,0.0
2026-05-25 10:00:07.426401,1779717607.426401,22557695,41313836,156129087,-167592592,-33049660,-10459338,61,ee56fe00,0.0,0.0,0.0,0.0,0.0,0.0
2026-05-25 10:00:07.428566,1779717607.428566,22557695,41313836,156129087,-167592592,-33049660,-10459338,61,ee56fe00,0.0,0.0,0.0,0.0,0.0,0.0
2026-05-25 10:00:07.430399,1779717607.430399,21482764,39863870,157476196,-166231392,-30397838,-9821877,61,ee56fe00,0.0,0.0,0.0,0.0,0.0,0.0
2026-05-25 10:00:07.432461,1779717607.432461,21482764,39863870,157476196,-166231392,-30397838,-9821877,61,ee56fe00,0.0,0.0,0.0,0.0,0.0,0.0
2026-05-25 10:00:07.434278,1779717607.434278,20342367,39726445,158340220,-164260038,-28577168,-7860153,61,ee56fe00,0.0,0.0,0.0,0.0,0.0,0.0
2026-05-25 10:00:07.436755,1779717607.436755,20342367,39726445,158340220,-164260038,-28577168,-7860153,61,ee56fe00,0.0,0.0,0.0,0.0,0.0,0.0
2026-05-25 10:00:07.438223,1779717607.438223,19511208,39201980,158366095,-163164179,-28415155,-5574510,61,ee56fe00,0.0,0.0,0.0,0.0,0.0,0.0
2026-05-25 10:00:07.439830,1779717607.439830,19511208,39201980,158366095,-163164179,-28415155,-5574510,61,ee56fe00,0.0,0.0,0.0,0.0,0.0,0.0
2026-05-25 10:00:07.441220,1779717607.441220,18865380,38650827,157860216,-163993778,-29809379,-4237178,61,ee56fe00,0.0,0.0,0.0,0.0,0.0,0.0
2026-05-25 10:00:07.442816,1779717607.442816,18865380,38650827,157860216,-163993778,-29809379,-4237178,61,ee56fe00,0.0,0.0,0.0,0.0,0.0,0.0
2026-05-25 10:00:07.444306,1779717607.444306,19912105,38194304,156603575,-167139756,-31516099,-3737313,61,ee56fe00,0.0,0.0,0.0,0.0,0.0,0.0
2026-05-25 10:00:07.445967,1779717607.445967,19912105,38194304,156603575,-167139756,-31516099,-3737313,61,ee56fe00,0.0,0.0,0.0,0.0,0.0,0.0
2026-05-25 10:00:07.447357,1779717607.447357,21661801,37879187,155545420,-171523004,-32738371,-4202514,61,ee56fe00,0.0,0.0,0.0,0.0,0.0,0.0
2026-05-25 10:00:07.449520,1779717607.449520,21661801,37879187,155545420,-171523004,-32738371,-4202514,61,ee56fe00,0.0,0.0,0.0,0.0,0.0,0.0
2026-05-25 10:00:07.451376,1779717607.451376,22194054,37039618,154684968,-176783146,-33134414,-4679272,61,ee56fe00,0.0,0.0,0.0,0.0,0.0,0.0
2026-05-25 10:00:07.453523,1779717607.453523,22194054,37039618,154684968,-176783146,-33134414,-4679272,61,ee56fe00,0.0,0.0,0.0,0.0,0.0,0.0
2026-05-25 10:00:07.455407,1779717607.455407,22055340,36193277,154300625,-182566756,-33245004,-5102774,61,ee56fe00,0.0,0.0,0.0,0.0,0.0,0.0
2026-05-25 10:00:07.457522,1779717607.457522,22055340,36193277,154300625,-182566756,-33245004,-5102774,61,ee56fe00,0.0,0.0,0.0,0.0,0.0,0.0
2026-05-25 10:00:07.459321,1779717607.459321,21527789,35234622,154486653,-189859303,-34878937,-5541860,61,ee55fe00,0.0,0.0,0.0,0.0,0.0,0.0
2026-05-25 10:00:07.461426,1779717607.461426,21527789,35234622,154486653,-189859303,-34878937,-5541860,61,ee55fe00,0.0,0.0,0.0,0.0,0.0,0.0
2026-05-25 10:00:07.463225,1779717607.463225,21620866,33979270,155133507,-198449905,-38889699,-6401017,61,ee55fe00,0.0,0.0,0.0,0.0,0.0,0.0
2026-05-25 10:00:07.465315,1779717607.465315,21620866,33979270,155133507,-198449905,-38889699,-6401017,61,ee55fe00,0.0,0.0,0.0,0.0,0.0,0.0
2026-05-25 10:00:07.467092,1779717607.467092,21423817,32251756,155895441,-207898836,-45257600,-7970321,61,ee56fe00,0.0,0.0,0.0,0.0,0.0,0.0
2026-05-25 10:00:07.469145,1779717607.469145,21423817,32251756,155895441,-207898836,-45257600,-7970321,61,ee56fe00,0.0,0.0,0.0,0.0,0.0,0.0
2026-05-25 10:00:07.470853,1779717607.470853,22268188,29946303,156221315,-216989428,-51740520,-9504281,61,ee56fe00,0.0,0.0,0.0,0.0,0.0,0.0
2026-05-25 10:00:07.472843,1779717607.472843,22268188,29946303,156221315,-216989428,-51740520,-9504281,61,ee56fe00,0.0,0.0,0.0,0.0,0.0,0.0
2026-05-25 10:00:07.474562,1779717607.474562,23386218,28798686,156365863,-224460816,-56398498,-10404451,61,ee56fe00,0.0,0.0,0.0,0.0,0.0,0.0
2026-05-25 10:00:07.476526,1779717607.476526,23386218,28798686,156365863,-224460816,-56398498,-10404451,61,ee56fe00,0.0,0.0,0.0,0.0,0.0,0.0
2026-05-25 10:00:07.478237,1779717607.478237,24434259,27346674,156360169,-230091506,-58467925,-10172080,61,ee56fe00,0.0,0.0,0.0,0.0,0.0,0.0
2026-05-25 10:00:07.480240,1779717607.480240,24434259,27346674,156360169,-230091506,-58467925,-10172080,61,ee56fe00,0.0,0.0,0.0,0.0,0.0,0.0
2026-05-25 10:00:07.481907,1779717607.481907,24385616,26865326,156260078,-234876148,-58767270,-8746254,61,ee56fe00,0.0,0.0,0.0,0.0,0.0,0.0
2026-05-25 10:00:07.483753,1779717607.483753,24385616,26865326,156260078,-234876148,-58767270,-8746254,61,ee56fe00,0.0,0.0,0.0,0.0,0.0,0.0
2026-05-25 10:00:07.485372,1779717607.485372,23766471,26089245,155928209,-239966003,-58636917,-7007387,61,ee56fe00,0.0,0.0,0.0,0.0,0.0,0.0
2026-05-25 10:00:07.487282,1779717607.487282,23766471,26089245,155928209,-239966003,-58636917,-7007387,61,ee56fe00,0.0,0.0,0.0,0.0,0.0,0.0
2026-05-25 10:00:07.488551,1779717607.488551,23033255,24819204,155807145,-246895210,-59648180,-5373918,61,ee56fe00,0.0,0.0,0.0,0.0,0.0,0.0
2026-05-25 10:00:07.490033,1779717607.490033,23033255,24819204,155807145,-246895210,-59648180,-5373918,61,ee56fe00,0.0,0.0,0.0,0.0,0.0,0.0
2026-05-25 10:00:07.491313,1779717607.491313,22952075,23114988,155804596,-255960143,-62237156,-5007189,61,ee56fe00,0.0,0.0,0.0,0.0,0.0,0.0
2026-05-25 10:00:07.492799,1779717607.492799,22952075,23114988,155804596,-255960143,-62237156,-5007189,61,ee56fe00,0.0,0.0,0.0,0.0,0.0,0.0
2026-05-25 10:00:07.494705,1779717607.494705,24664340,20341171,155717308,-266380829,-65767009,-5827432,61,ee56fe00,0.0,0.0,0.0,0.0,0.0,0.0
2026-05-25 10:00:07.496261,1779717607.496261,24664340,20341171,155717308,-266380829,-65767009,-5827432,61,ee56fe00,0.0,0.0,0.0,0.0,0.0,0.0
2026-05-25 10:00:07.497670,1779717607.497670,25999811,17742322,155517597,-276983411,-69127610,-7730842,61,ee56fe00,0.0,0.0,0.0,0.0,0.0,0.0
2026-05-25 10:00:07.499300,1779717607.499300,25999811,17742322,155517597,-276983411,-69127610,-7730842,61,ee56fe00,0.0,0.0,0.0,0.0,0.0,0.0
2026-05-25 10:00:07.500588,1779717607.500588,27479458,15039092,156770649,-285717136,-71572567,-9351858,61,ee56fe00,0.0,0.0,0.0,0.0,0.0,0.0
2026-05-25 10:00:07.502080,1779717607.502080,27479458,15039092,156770649,-285717136,-71572567,-9351858,61,ee56fe00,0.0,0.0,0.0,0.0,0.0,0.0
2026-05-25 10:00:07.503375,1779717607.503375,27918646,11733164,159459396,-290159852,-72457138,-9351350,61,ee56fe00,0.0,0.0,0.0,0.0,0.0,0.0
2026-05-25 10:00:07.504860,1779717607.504860,27918646,11733164,159459396,-290159852,-72457138,-9351350,61,ee56fe00,0.0,0.0,0.0,0.0,0.0,0.0
2026-05-25 10:00:07.506144,1779717607.506144,29402994,7259943,163339733,-287822447,-70778514,-7908720,61,ee56fe00,0.0,0.0,0.0,0.0,0.0,0.0
2026-05-25 10:00:07.507630,1779717607.507630,29402994,7259943,163339733,-287822447,-70778514,-7908720,61,ee56fe00,0.0,0.0,0.0,0.0,0.0,0.0
2026-05-25 10:00:07.508909,1779717607.508909,30154946,1528732,167762762,-277766521,-66327872,-6157141,61,ee56fe00,0.0,0.0,0.0,0.0,0.0,0.0
2026-05-25 10:00:07.510396,1779717607.510396,30154946,1528732,167762762,-277766521,-66327872,-6157141,61,ee56fe00,0.0,0.0,0.0,0.0,0.0,0.0
2026-05-25 10:00:07.511731,1779717607.511731,30477849,-3113224,171366548,-260649323,-59809723,-4305605,61,ee56fe00,0.0,0.0,0.0,0.0,0.0,0.0
2026-05-25 10:00:07.513665,1779717607.513665,30477849,-3113224,171366548,-260649323,-59809723,-4305605,61,ee56fe00,0.0,0.0,0.0,0.0,0.0,0.0
2026-05-25 10:00:07.515056,1779717607.515056,29806608,-5824815,173457065,-239907060,-52867014,-2506396,61,ee56fe00,0.0,0.0,0.0,0.0,0.0,0.0
2026-05-25 10:00:07.516490,1779717607.516490,29806608,-5824815,173457065,-239907060,-52867014,-2506396,61,ee56fe00,0.0,0.0,0.0,0.0,0.0,0.0
2026-05-25 10:00:07.518211,1779717607.518211,30885325,-8237596,174744313,-216048529,-45331269,275782,61,ee56fe00,0.0,0.0,0.0,0.0,0.0,0.0
2026-05-25 10:00:07.519926,1779717607.519926,30885325,-8237596,174744313,-216048529,-45331269,275782,61,ee56fe00,0.0,0.0,0.0,0.0,0.0,0.0
2026-05-25 10:00:07.521253,1779717607.521253,31945872,-9902967,176377706,-189164275,-36213815,2610265,61,ee56fe00,0.0,0.0,0.0,0.0,0.0,0.0
2026-05-25 10:00:07.522752,1779717607.522752,31945872,-9902967,176377706,-189164275,-36213815,2610265,61,ee56fe00,0.0,0.0,0.0,0.0,0.0,0.0
2026-05-25 10:00:07.524082,1779717607.524082,33016028,-12918833,178607117,-157643044,-25564253,5264575,61,ee56fe00,0.0,0.0,0.0,0.0,0.0,0.0
2026-05-25 10:00:07.525584,1779717607.525584,33016028,-12918833,178607117,-157643044,-25564253,5264575,61,ee56fe00,0.0,0.0,0.0,0.0,0.0,0.0
2026-05-25 10:00:07.526881,1779717607.526881,33412395,-15356368,180633493,-121639743,-13127921,7867741,61,ee56fe00,0.0,0.0,0.0,0.0,0.0,0.0
2026-05-25 10:00:07.528387,1779717607.528387,33412395,-15356368,180633493,-121639743,-13127921,7867741,61,ee56fe00,0.0,0.0,0.0,0.0,0.0,0.0
2026-05-25 10:00:07.529698,1779717607.529698,34091950,-17545696,181024565,-83187551,-290304,11160839,61,ee56fe00,0.0,0.0,0.0,0.0,0.0,0.0
2026-05-25 10:00:07.531181,1779717607.531181,34091950,-17545696,181024565,-83187551,-290304,11160839,61,ee56fe00,0.0,0.0,0.0,0.0,0.0,0.0
2026-05-25 10:00:07.532460,1779717607.532460,34945641,-17956124,181092984,-43565768,12950055,14400789,61,ee56fe00,0.0,0.0,0.0,0.0,0.0,0.0
2026-05-25 10:00:07.533917,1779717607.533917,34945641,-17956124,181092984,-43565768,12950055,14400789,61,ee56fe00,0.0,0.0,0.0,0.0,0.0,0.0
2026-05-25 10:00:07.535339,1779717607.535339,35334221,-18189742,180515444,-4944087,25143594,16340770,61,ee56fe00,0.0,0.0,0.0,0.0,0.0,0.0
2026-05-25 10:00:07.536926,1779717607.536926,35334221,-18189742,180515444,-4944087,25143594,16340770,61,ee56fe00,0.0,0.0,0.0,0.0,0.0,0.0
2026-05-25 10:00:07.538253,1779717607.538253,34811909,-17535040,180109385,31376964,35257323,16407268,61,ee56fe00,0.0,0.0,0.0,0.0,0.0,0.0
2026-05-25 10:00:07.540253,1779717607.540253,34811909,-17535040,180109385,31376964,35257323,16407268,61,ee56fe00,0.0,0.0,0.0,0.0,0.0,0.0
2026-05-25 10:00:07.541915,1779717607.541915,33858527,-16449685,179646770,64056421,42445550,14792363,61,ee56fe00,0.0,0.0,0.0,0.0,0.0,0.0
2026-05-25 10:00:07.543996,1779717607.543996,33858527,-16449685,179646770,64056421,42445550,14792363,61,ee56fe00,0.0,0.0,0.0,0.0,0.0,0.0
2026-05-25 10:00:07.545837,1779717607.545837,32284985,-14377245,179032457,93357889,47235797,12435901,61,ee56fe00,0.0,0.0,0.0,0.0,0.0,0.0
2026-05-25 10:00:07.547609,1779717607.547609,32284985,-14377245,179032457,93357889,47235797,12435901,61,ee56fe00,0.0,0.0,0.0,0.0,0.0,0.0
2026-05-25 10:00:07.548999,1779717607.548999,30912797,-12046600,177524666,118751047,49942428,9587518,61,ee56fe00,0.0,0.0,0.0,0.0,0.0,0.0
2026-05-25 10:00:07.550634,1779717607.550634,30912797,-12046600,177524666,118751047,49942428,9587518,61,ee56fe00,0.0,0.0,0.0,0.0,0.0,0.0
2026-05-25 10:00:07.552031,1779717607.552031,29444486,-9576614,175237940,139395714,50800644,6180707,61,ee56fe00,0.0,0.0,0.0,0.0,0.0,0.0
2026-05-25 10:00:07.553671,1779717607.553671,29444486,-9576614,175237940,139395714,50800644,6180707,61,ee56fe00,0.0,0.0,0.0,0.0,0.0,0.0
2026-05-25 10:00:07.555068,1779717607.555068,28393509,-6002105,172861961,154548004,49217911,2497090,61,ee56fe00,0.0,0.0,0.0,0.0,0.0,0.0
2026-05-25 10:00:07.556684,1779717607.556684,28393509,-6002105,172861961,154548004,49217911,2497090,61,ee56fe00,0.0,0.0,0.0,0.0,0.0,0.0
2026-05-25 10:00:07.558075,1779717607.558075,28147064,-2599506,170754480,164824011,45293824,-1716823,61,ee56fe00,0.0,0.0,0.0,0.0,0.0,0.0
2026-05-25 10:00:07.559680,1779717607.559680,28147064,-2599506,170754480,164824011,45293824,-1716823,61,ee56fe00,0.0,0.0,0.0,0.0,0.0,0.0
2026-05-25 10:00:07.561081,1779717607.561081,27482895,-414338,169451370,171737645,40025574,-6293135,61,ee55fe00,0.0,0.0,0.0,0.0,0.0,0.0
2026-05-25 10:00:07.562695,1779717607.562695,27482895,-414338,169451370,171737645,40025574,-6293135,61,ee55fe00,0.0,0.0,0.0,0.0,0.0,0.0
2026-05-25 10:00:07.564085,1779717607.564085,26198202,683726,169072657,177007094,34585134,-11051764,61,ee55fe00,0.0,0.0,0.0,0.0,0.0,0.0
2026-05-25 10:00:07.565779,1779717607.565779,26198202,683726,169072657,177007094,34585134,-11051764,61,ee55fe00,0.0,0.0,0.0,0.0,0.0,0.0
2026-05-25 10:00:07.567147,1779717607.567147,24795733,1426119,169101646,182087729,29920059,-15060530,61,ee56fe00,0.0,0.0,0.0,0.0,0.0,0.0
2026-05-25 10:00:07.568738,1779717607.568738,24795733,1426119,169101646,182087729,29920059,-15060530,61,ee56fe00,0.0,0.0,0.0,0.0,0.0,0.0
2026-05-25 10:00:07.570133,1779717607.570133,24502143,2778959,168990767,187677087,25971856,-17277123,61,ee56fe00,0.0,0.0,0.0,0.0,0.0,0.0
2026-05-25 10:00:07.572220,1779717607.572220,24502143,2778959,168990767,187677087,25971856,-17277123,61,ee56fe00,0.0,0.0,0.0,0.0,0.0,0.0
2026-05-25 10:00:07.573867,1779717607.573867,25892339,4017878,168039613,194733348,23228834,-17105494,61,ee56fe00,0.0,0.0,0.0,0.0,0.0,0.0
2026-05-25 10:00:07.575379,1779717607.575379,25892339,4017878,168039613,194733348,23228834,-17105494,61,ee56fe00,0.0,0.0,0.0,0.0,0.0,0.0
2026-05-25 10:00:07.576667,1779717607.576667,27400849,6009432,166947501,203336278,21890732,-14732894,61,ee56fe00,0.0,0.0,0.0,0.0,0.0,0.0
2026-05-25 10:00:07.578159,1779717607.578159,27400849,6009432,166947501,203336278,21890732,-14732894,61,ee56fe00,0.0,0.0,0.0,0.0,0.0,0.0
2026-05-25 10:00:07.579434,1779717607.579434,28168831,7017150,166404902,213370901,22097733,-11275530,61,ee56fe00,0.0,0.0,0.0,0.0,0.0,0.0
2026-05-25 10:00:07.580908,1779717607.580908,28168831,7017150,166404902,213370901,22097733,-11275530,61,ee56fe00,0.0,0.0,0.0,0.0,0.0,0.0
2026-05-25 10:00:07.582187,1779717607.582187,28448594,7389737,166712976,225248837,24962104,-7771111,61,ee56fe00,0.0,0.0,0.0,0.0,0.0,0.0
2026-05-25 10:00:07.583683,1779717607.583683,28448594,7389737,166712976,225248837,24962104,-7771111,61,ee56fe00,0.0,0.0,0.0,0.0,0.0,0.0
2026-05-25 10:00:07.584960,1779717607.584960,28084461,7711131,167731122,239658583,30979847,-4534729,61,ee56fe00,0.0,0.0,0.0,0.0,0.0,0.0
2026-05-25 10:00:07.586481,1779717607.586481,28084461,7711131,167731122,239658583,30979847,-4534729,61,ee56fe00,0.0,0.0,0.0,0.0,0.0,0.0
2026-05-25 10:00:07.587792,1779717607.587792,27739713,9094307,167993759,256106841,39881276,-1100688,61,ee56fe00,0.0,0.0,0.0,0.0,0.0,0.0
2026-05-25 10:00:07.589290,1779717607.589290,27739713,9094307,167993759,256106841,39881276,-1100688,61,ee56fe00,0.0,0.0,0.0,0.0,0.0,0.0
2026-05-25 10:00:07.590564,1779717607.590564,27010829,11604824,167682202,273511987,50664719,2343040,61,ee56fe00,0.0,0.0,0.0,0.0,0.0,0.0
2026-05-25 10:00:07.592050,1779717607.592050,27010829,11604824,167682202,273511987,50664719,2343040,61,ee56fe00,0.0,0.0,0.0,0.0,0.0,0.0
2026-05-25 10:00:07.593319,1779717607.593319,26865116,13963712,166420556,290066351,62102381,5982604,61,ee56fe00,0.0,0.0,0.0,0.0,0.0,0.0
2026-05-25 10:00:07.594805,1779717607.594805,26865116,13963712,166420556,290066351,62102381,5982604,61,ee56fe00,0.0,0.0,0.0,0.0,0.0,0.0
2026-05-25 10:00:07.596185,1779717607.596185,26457293,16460663,164927101,305148438,73858271,9076945,61,ee56fe00,0.0,0.0,0.0,0.0,0.0,0.0
2026-05-25 10:00:07.597916,1779717607.597916,26457293,16460663,164927101,305148438,73858271,9076945,61,ee56fe00,0.0,0.0,0.0,0.0,0.0,0.0
2026-05-25 10:00:07.599584,1779717607.599584,26219123,18998737,163516745,317939864,84526345,12142769,61,ee55fe00,0.0,0.0,0.0,0.0,0.0,0.0
2026-05-25 10:00:07.601419,1779717607.601419,26219123,18998737,163516745,317939864,84526345,12142769,61,ee55fe00,0.0,0.0,0.0,0.0,0.0,0.0
2026-05-25 10:00:07.603025,1779717607.603025,25437826,22103332,161431271,327348143,92448110,14595425,61,ee55fe00,0.0,0.0,0.0,0.0,0.0,0.0
2026-05-25 10:00:07.604741,1779717607.604741,25437826,22103332,161431271,327348143,92448110,14595425,61,ee55fe00,0.0,0.0,0.0,0.0,0.0,0.0
2026-05-25 10:00:07.606200,1779717607.606200,24267608,25227283,159288246,331525035,95768859,16448460,61,ee55fe00,0.0,0.0,0.0,0.0,0.0,0.0
2026-05-25 10:00:07.608057,1779717607.608057,24267608,25227283,159288246,331525035,95768859,16448460,61,ee55fe00,0.0,0.0,0.0,0.0,0.0,0.0
2026-05-25 10:00:07.609555,1779717607.609555,22901800,28994269,156646270,329835239,94560055,16894810,61,ee55fe00,0.0,0.0,0.0,0.0,0.0,0.0
2026-05-25 10:00:07.611383,1779717607.611383,22901800,28994269,156646270,329835239,94560055,16894810,61,ee55fe00,0.0,0.0,0.0,0.0,0.0,0.0
2026-05-25 10:00:07.613117,1779717607.613117,21698270,32715602,154070238,322369878,89771305,16146743,61,ee56fe00,0.0,0.0,0.0,0.0,0.0,0.0
2026-05-25 10:00:07.615106,1779717607.615106,21698270,32715602,154070238,322369878,89771305,16146743,61,ee56fe00,0.0,0.0,0.0,0.0,0.0,0.0
2026-05-25 10:00:07.616764,1779717607.616764,20015973,36370345,152045093,310622866,83514353,14561980,61,ee56fe00,0.0,0.0,0.0,0.0,0.0,0.0
2026-05-25 10:00:07.618264,1779717607.618264,20015973,36370345,152045093,310622866,83514353,14561980,61,ee56fe00,0.0,0.0,0.0,0.0,0.0,0.0
2026-05-25 10:00:07.619566,1779717607.619566,19291430,39063841,150620281,296566247,77165188,11888291,61,ee56fe00,0.0,0.0,0.0,0.0,0.0,0.0
2026-05-25 10:00:07.621065,1779717607.621065,19291430,39063841,150620281,296566247,77165188,11888291,61,ee56fe00,0.0,0.0,0.0,0.0,0.0,0.0
2026-05-25 10:00:07.622633,1779717607.622633,18566163,41453646,150067274,281609781,71841006,8497863,61,ee56fe00,0.0,0.0,0.0,0.0,0.0,0.0
2026-05-25 10:00:07.624382,1779717607.624382,18566163,41453646,150067274,281609781,71841006,8497863,61,ee56fe00,0.0,0.0,0.0,0.0,0.0,0.0
2026-05-25 10:00:07.625794,1779717607.625794,18121364,43758301,150042387,267396301,67261667,4961110,61,ee56fe00,0.0,0.0,0.0,0.0,0.0,0.0
2026-05-25 10:00:07.627430,1779717607.627430,18121364,43758301,150042387,267396301,67261667,4961110,61,ee56fe00,0.0,0.0,0.0,0.0,0.0,0.0
2026-05-25 10:00:07.628819,1779717607.628819,17688477,46153664,150138584,254352677,62995058,2585657,61,ee56fe00,0.0,0.0,0.0,0.0,0.0,0.0
2026-05-25 10:00:07.630451,1779717607.630451,17688477,46153664,150138584,254352677,62995058,2585657,61,ee56fe00,0.0,0.0,0.0,0.0,0.0,0.0
2026-05-25 10:00:07.631813,1779717607.631813,17441260,48425897,149531272,242087042,58455475,1741761,61,ee56fe00,0.0,0.0,0.0,0.0,0.0,0.0
2026-05-25 10:00:07.633319,1779717607.633319,17441260,48425897,149531272,242087042,58455475,1741761,61,ee56fe00,0.0,0.0,0.0,0.0,0.0,0.0
2026-05-25 10:00:07.634618,1779717607.634618,17746487,50239733,148436066,230087109,53887260,2018702,61,ee56fe00,0.0,0.0,0.0,0.0,0.0,0.0
2026-05-25 10:00:07.636128,1779717607.636128,17746487,50239733,148436066,230087109,53887260,2018702,61,ee56fe00,0.0,0.0,0.0,0.0,0.0,0.0
2026-05-25 10:00:07.637460,1779717607.637460,17948127,51868298,147502602,217859234,49348804,2524597,61,ee56fe00,0.0,0.0,0.0,0.0,0.0,0.0
2026-05-25 10:00:07.638979,1779717607.638979,17948127,51868298,147502602,217859234,49348804,2524597,61,ee56fe00,0.0,0.0,0.0,0.0,0.0,0.0
2026-05-25 10:00:07.640300,1779717607.640300,17255747,53610127,146828227,204867571,44506211,3346627,61,ee56fe00,0.0,0.0,0.0,0.0,0.0,0.0
2026-05-25 10:00:07.641847,1779717607.641847,17255747,53610127,146828227,204867571,44506211,3346627,61,ee56fe00,0.0,0.0,0.0,0.0,0.0,0.0
2026-05-25 10:00:07.643399,1779717607.643399,16262296,55244714,146487586,190730899,38852317,4192069,61,ee55fe00,0.0,0.0,0.0,0.0,0.0,0.0
2026-05-25 10:00:07.650275,1779717607.650275,16262296,55244714,146487586,190730899,38852317,4192069,61,ee55fe00,0.0,0.0,0.0,0.0,0.0,0.0
2026-05-25 10:00:07.654854,1779717607.654854,15304992,57051849,145726545,175092951,32162536,5009012,61,ee56fe00,0.0,0.0,0.0,0.0,0.0,0.0
2026-05-25 10:00:07.656773,1779717607.656773,15304992,57051849,145726545,175092951,32162536,5009012,61,ee56fe00,0.0,0.0,0.0,0.0,0.0,0.0
2026-05-25 10:00:07.658497,1779717607.658497,14400767,58913885,144618435,157610919,24580966,5285132,61,ee56fe00,0.0,0.0,0.0,0.0,0.0,0.0
2026-05-25 10:00:07.660271,1779717607.660271,14400767,58913885,144618435,157610919,24580966,5285132,61,ee56fe00,0.0,0.0,0.0,0.0,0.0,0.0
2026-05-25 10:00:07.661687,1779717607.661687,13702055,61091445,142843361,137736859,16720335,5348386,61,ee56fe00,0.0,0.0,0.0,0.0,0.0,0.0
2026-05-25 10:00:07.663305,1779717607.663305,13702055,61091445,142843361,137736859,16720335,5348386,61,ee56fe00,0.0,0.0,0.0,0.0,0.0,0.0
2026-05-25 10:00:07.664610,1779717607.664610,13987517,63198630,140594662,115213689,9058641,4742621,61,ee56fe00,0.0,0.0,0.0,0.0,0.0,0.0
2026-05-25 10:00:07.666119,1779717607.666119,13987517,63198630,140594662,115213689,9058641,4742621,61,ee56fe00,0.0,0.0,0.0,0.0,0.0,0.0
2026-05-25 10:00:07.667495,1779717607.667495,14806652,64654285,138442145,90321728,2204198,3149435,61,ee56fe00,0.0,0.0,0.0,0.0,0.0,0.0
2026-05-25 10:00:07.669008,1779717607.669008,14806652,64654285,138442145,90321728,2204198,3149435,61,ee56fe00,0.0,0.0,0.0,0.0,0.0,0.0
2026-05-25 10:00:07.670251,1779717607.670251,15166068,65740102,137268389,63752586,-3955097,911134,61,ee56fe00,0.0,0.0,0.0,0.0,0.0,0.0
2026-05-25 10:00:07.671785,1779717607.671785,15166068,65740102,137268389,63752586,-3955097,911134,61,ee56fe00,0.0,0.0,0.0,0.0,0.0,0.0
2026-05-25 10:00:07.673239,1779717607.673239,14839807,66215182,137090897,36585260,-9958262,-1072674,61,ee56fe00,0.0,0.0,0.0,0.0,0.0,0.0
2026-05-25 10:00:07.674742,1779717607.674742,14839807,66215182,137090897,36585260,-9958262,-1072674,61,ee56fe00,0.0,0.0,0.0,0.0,0.0,0.0
2026-05-25 10:00:07.676018,1779717607.676018,14365851,66554749,137516292,9572494,-16267785,-2016826,61,ee56fe00,0.0,0.0,0.0,0.0,0.0,0.0
2026-05-25 10:00:07.677533,1779717607.677533,14365851,66554749,137516292,9572494,-16267785,-2016826,61,ee56fe00,0.0,0.0,0.0,0.0,0.0,0.0
2026-05-25 10:00:07.678821,1779717607.678821,14565595,66601603,137943140,-16564934,-22732052,-2264264,61,ee56fe00,0.0,0.0,0.0,0.0,0.0,0.0
2026-05-25 10:00:07.680331,1779717607.680331,14565595,66601603,137943140,-16564934,-22732052,-2264264,61,ee56fe00,0.0,0.0,0.0,0.0,0.0,0.0
2026-05-25 10:00:07.681593,1779717607.681593,15170855,66049250,138490981,-41573138,-28719950,-2267940,61,ee55fe00,0.0,0.0,0.0,0.0,0.0,0.0
2026-05-25 10:00:07.683126,1779717607.683126,15170855,66049250,138490981,-41573138,-28719950,-2267940,61,ee55fe00,0.0,0.0,0.0,0.0,0.0,0.0
2026-05-25 10:00:07.684473,1779717607.684473,15162119,65695862,139065934,-65514924,-34189372,-2368191,61,ee55fe00,0.0,0.0,0.0,0.0,0.0,0.0
2026-05-25 10:00:07.685925,1779717607.685925,15162119,65695862,139065934,-65514924,-34189372,-2368191,61,ee55fe00,0.0,0.0,0.0,0.0,0.0,0.0
2026-05-25 10:00:07.687142,1779717607.687142,15467157,64794929,139820557,-88599163,-39443870,-2725874,61,ee55fe00,0.0,0.0,0.0,0.0,0.0,0.0
2026-05-25 10:00:07.688567,1779717607.688567,15467157,64794929,139820557,-88599163,-39443870,-2725874,61,ee55fe00,0.0,0.0,0.0,0.0,0.0,0.0
2026-05-25 10:00:07.689784,1779717607.689784,15715405,63739415,140271112,-111096193,-44299660,-3352747,61,ee55fe00,0.0,0.0,0.0,0.0,0.0,0.0
2026-05-25 10:00:07.691193,1779717607.691193,15715405,63739415,140271112,-111096193,-44299660,-3352747,61,ee55fe00,0.0,0.0,0.0,0.0,0.0,0.0
2026-05-25 10:00:07.692411,1779717607.692411,16814028,62118770,140406851,-133087345,-48577376,-4440430,61,ee55fe00,0.0,0.0,0.0,0.0,0.0,0.0
2026-05-25 10:00:07.693804,1779717607.693804,16814028,62118770,140406851,-133087345,-48577376,-4440430,61,ee55fe00,0.0,0.0,0.0,0.0,0.0,0.0
2026-05-25 10:00:07.695051,1779717607.695051,17774004,60377095,140272580,-154959733,-52300413,-5638454,61,ee55fe00,0.0,0.0,0.0,0.0,0.0,0.0
2026-05-25 10:00:07.696483,1779717607.696483,17774004,60377095,140272580,-154959733,-52300413,-5638454,61,ee55fe00,0.0,0.0,0.0,0.0,0.0,0.0
2026-05-25 10:00:07.697696,1779717607.697696,18754761,58421193,140485448,-176847141,-56336385,-7246692,61,ee55fe00,0.0,0.0,0.0,0.0,0.0,0.0
2026-05-25 10:00:07.699120,1779717607.699120,18754761,58421193,140485448,-176847141,-56336385,-7246692,61,ee55fe00,0.0,0.0,0.0,0.0,0.0,0.0
2026-05-25 10:00:07.700342,1779717607.700342,19825730,56001507,141215932,-198545108,-60556737,-8802366,61,ee55fe00,0.0,0.0,0.0,0.0,0.0,0.0
2026-05-25 10:00:07.701747,1779717607.701747,19825730,56001507,141215932,-198545108,-60556737,-8802366,61,ee55fe00,0.0,0.0,0.0,0.0,0.0,0.0
2026-05-25 10:00:07.702955,1779717607.702955,20469104,53779740,142638803,-218673378,-64679648,-10046142,61,ee55fe00,0.0,0.0,0.0,0.0,0.0,0.0
2026-05-25 10:00:07.704377,1779717607.704377,20469104,53779740,142638803,-218673378,-64679648,-10046142,61,ee55fe00,0.0,0.0,0.0,0.0,0.0,0.0
2026-05-25 10:00:07.705576,1779717607.705576,21212853,51390112,144238913,-236232101,-67938720,-10287848,61,ee55fe00,0.0,0.0,0.0,0.0,0.0,0.0
2026-05-25 10:00:07.706979,1779717607.706979,21212853,51390112,144238913,-236232101,-67938720,-10287848,61,ee55fe00,0.0,0.0,0.0,0.0,0.0,0.0
2026-05-25 10:00:07.708208,1779717607.708208,21184119,49509431,145724534,-250865810,-69755260,-9405114,61,ee55fe00,0.0,0.0,0.0,0.0,0.0,0.0
2026-05-25 10:00:07.709620,1779717607.709620,21184119,49509431,145724534,-250865810,-69755260,-9405114,61,ee55fe00,0.0,0.0,0.0,0.0,0.0,0.0
2026-05-25 10:00:07.710960,1779717607.710960,21142867,47975586,146952643,-263426982,-70675513,-7871551,61,ee55fe00,0.0,0.0,0.0,0.0,0.0,0.0
2026-05-25 10:00:07.712631,1779717607.712631,21142867,47975586,146952643,-263426982,-70675513,-7871551,61,ee55fe00,0.0,0.0,0.0,0.0,0.0,0.0
2026-05-25 10:00:07.713856,1779717607.713856,20676945,46585588,148233578,-275384164,-72066967,-6477810,61,ee55fe00,0.0,0.0,0.0,0.0,0.0,0.0
2026-05-25 10:00:07.715243,1779717607.715243,20676945,46585588,148233578,-275384164,-72066967,-6477810,61,ee55fe00,0.0,0.0,0.0,0.0,0.0,0.0
2026-05-25 10:00:07.716426,1779717607.716426,19883221,45274790,149448242,-287924236,-75659065,-5797101,61,ee56fe00,0.0,0.0,0.0,0.0,0.0,0.0
2026-05-25 10:00:07.717934,1779717607.717934,19883221,45274790,149448242,-287924236,-75659065,-5797101,61,ee56fe00,0.0,0.0,0.0,0.0,0.0,0.0
2026-05-25 10:00:07.719233,1779717607.719233,19376833,43329130,149849699,-302226249,-81982481,-6159654,61,ee55fe00,0.0,0.0,0.0,0.0,0.0,0.0
2026-05-25 10:00:07.720701,1779717607.720701,19376833,43329130,149849699,-302226249,-81982481,-6159654,61,ee55fe00,0.0,0.0,0.0,0.0,0.0,0.0
2026-05-25 10:00:07.721941,1779717607.721941,21012338,40616186,149294551,-318217422,-89168417,-7994194,61,ee56fe00,0.0,0.0,0.0,0.0,0.0,0.0
2026-05-25 10:00:07.723359,1779717607.723359,21012338,40616186,149294551,-318217422,-89168417,-7994194,61,ee56fe00,0.0,0.0,0.0,0.0,0.0,0.0
2026-05-25 10:00:07.724584,1779717607.724584,24490699,37362925,148215588,-334680734,-94771467,-11596812,61,ee55fe00,0.0,0.0,0.0,0.0,0.0,0.0
2026-05-25 10:00:07.725995,1779717607.725995,24490699,37362925,148215588,-334680734,-94771467,-11596812,61,ee55fe00,0.0,0.0,0.0,0.0,0.0,0.0
2026-05-25 10:00:07.727301,1779717607.727301,28563666,32298454,147820896,-348984130,-95467788,-15579563,61,ee55fe00,0.0,0.0,0.0,0.0,0.0,0.0
2026-05-25 10:00:07.729149,1779717607.729149,28563666,32298454,147820896,-348984130,-95467788,-15579563,61,ee55fe00,0.0,0.0,0.0,0.0,0.0,0.0
2026-05-25 10:00:07.730835,1779717607.730835,30742856,27682338,149301131,-359141809,-91009779,-19102261,61,ee55fe00,0.0,0.0,0.0,0.0,0.0,0.0
2026-05-25 10:00:07.732811,1779717607.732811,30742856,27682338,149301131,-359141809,-91009779,-19102261,61,ee55fe00,0.0,0.0,0.0,0.0,0.0,0.0
2026-05-25 10:00:07.734355,1779717607.734355,31397574,23052784,152314864,-364161653,-83429941,-20959136,61,ee55fe00,0.0,0.0,0.0,0.0,0.0,0.0
2026-05-25 10:00:07.735773,1779717607.735773,31397574,23052784,152314864,-364161653,-83429941,-20959136,61,ee55fe00,0.0,0.0,0.0,0.0,0.0,0.0
2026-05-25 10:00:07.737132,1779717607.737132,30665485,19486075,156288846,-364423700,-75604324,-21531220,61,ee56fe00,0.0,0.0,0.0,0.0,0.0,0.0
2026-05-25 10:00:07.738572,1779717607.738572,30665485,19486075,156288846,-364423700,-75604324,-21531220,61,ee56fe00,0.0,0.0,0.0,0.0,0.0,0.0
2026-05-25 10:00:07.739801,1779717607.739801,29804459,15825693,160242034,-360351410,-68815056,-20881234,61,ee56fe00,0.0,0.0,0.0,0.0,0.0,0.0
2026-05-25 10:00:07.741246,1779717607.741246,29804459,15825693,160242034,-360351410,-68815056,-20881234,61,ee56fe00,0.0,0.0,0.0,0.0,0.0,0.0
2026-05-25 10:00:07.742590,1779717607.742590,29273348,12260813,163888115,-351614838,-61948575,-18971115,61,ee56fe00,0.0,0.0,0.0,0.0,0.0,0.0
2026-05-25 10:00:07.744086,1779717607.744086,29273348,12260813,163888115,-351614838,-61948575,-18971115,61,ee56fe00,0.0,0.0,0.0,0.0,0.0,0.0
2026-05-25 10:00:07.745396,1779717607.745396,29485904,7971778,167718311,-336923341,-53195398,-15973778,61,ee56fe00,0.0,0.0,0.0,0.0,0.0,0.0
2026-05-25 10:00:07.746912,1779717607.746912,29485904,7971778,167718311,-336923341,-53195398,-15973778,61,ee56fe00,0.0,0.0,0.0,0.0,0.0,0.0
2026-05-25 10:00:07.748250,1779717607.748250,30098341,3765392,172267176,-314688454,-41192077,-11363447,61,ee56fe00,0.0,0.0,0.0,0.0,0.0,0.0
2026-05-25 10:00:07.749780,1779717607.749780,30098341,3765392,172267176,-314688454,-41192077,-11363447,61,ee56fe00,0.0,0.0,0.0,0.0,0.0,0.0
2026-05-25 10:00:07.751087,1779717607.751087,30319822,-784818,176786366,-283346143,-25589455,-4992855,61,ee55fe00,0.0,0.0,0.0,0.0,0.0,0.0
2026-05-25 10:00:07.752745,1779717607.752745,30319822,-784818,176786366,-283346143,-25589455,-4992855,61,ee55fe00,0.0,0.0,0.0,0.0,0.0,0.0
2026-05-25 10:00:07.754101,1779717607.754101,31120208,-5160977,181906496,-242697659,-6718313,3667001,61,ee55fe00,0.0,0.0,0.0,0.0,0.0,0.0
2026-05-25 10:00:07.756460,1779717607.756460,31120208,-5160977,181906496,-242697659,-6718313,3667001,61,ee55fe00,0.0,0.0,0.0,0.0,0.0,0.0
2026-05-25 10:00:07.757820,1779717607.757820,31523452,-9824760,186582823,-192683391,14332435,12919046,61,ee55fe00,0.0,0.0,0.0,0.0,0.0,0.0
2026-05-25 10:00:07.759371,1779717607.759371,31523452,-9824760,186582823,-192683391,14332435,12919046,61,ee55fe00,0.0,0.0,0.0,0.0,0.0,0.0
2026-05-25 10:00:07.760706,1779717607.760706,31669238,-14150107,190766206,-136580987,35394821,21806791,61,ee55fe00,0.0,0.0,0.0,0.0,0.0,0.0
2026-05-25 10:00:07.762266,1779717607.762266,31669238,-14150107,190766206,-136580987,35394821,21806791,61,ee55fe00,0.0,0.0,0.0,0.0,0.0,0.0
2026-05-25 10:00:07.763596,1779717607.763596,31904464,-16608952,192794129,-78230055,53525616,28282675,61,ee55fe00,0.0,0.0,0.0,0.0,0.0,0.0
2026-05-25 10:00:07.765211,1779717607.765211,31904464,-16608952,192794129,-78230055,53525616,28282675,61,ee55fe00,0.0,0.0,0.0,0.0,0.0,0.0
2026-05-25 10:00:07.766625,1779717607.766625,31208122,-16361536,192621635,-22599818,68013621,31844904,61,ee55fe00,0.0,0.0,0.0,0.0,0.0,0.0
2026-05-25 10:00:07.768216,1779717607.768216,31208122,-16361536,192621635,-22599818,68013621,31844904,61,ee55fe00,0.0,0.0,0.0,0.0,0.0,0.0
2026-05-25 10:00:07.769575,1779717607.769575,31516285,-14853403,190389968,28535227,79444310,33579481,61,ee55fe00,0.0,0.0,0.0,0.0,0.0,0.0
2026-05-25 10:00:07.771175,1779717607.771175,31516285,-14853403,190389968,28535227,79444310,33579481,61,ee55fe00,0.0,0.0,0.0,0.0,0.0,0.0
2026-05-25 10:00:07.772550,1779717607.772550,29931080,-12914337,188201771,74657253,89749829,34113542,61,ee55fe00,0.0,0.0,0.0,0.0,0.0,0.0
2026-05-25 10:00:07.774161,1779717607.774161,29931080,-12914337,188201771,74657253,89749829,34113542,61,ee55fe00,0.0,0.0,0.0,0.0,0.0,0.0
2026-05-25 10:00:07.775537,1779717607.775537,28763029,-11317923,186690028,116244851,98099968,33712027,61,ee55fe00,0.0,0.0,0.0,0.0,0.0,0.0
2026-05-25 10:00:07.777135,1779717607.777135,28763029,-11317923,186690028,116244851,98099968,33712027,61,ee55fe00,0.0,0.0,0.0,0.0,0.0,0.0
2026-05-25 10:00:07.778516,1779717607.778516,26510264,-9060640,186222870,153118273,103008442,32087113,61,ee55fe00,0.0,0.0,0.0,0.0,0.0,0.0
2026-05-25 10:00:07.780133,1779717607.780133,26510264,-9060640,186222870,153118273,103008442,32087113,61,ee55fe00,0.0,0.0,0.0,0.0,0.0,0.0
2026-05-25 10:00:07.781498,1779717607.781498,25207205,-6328547,185000014,185196601,103522540,28480469,61,ee55fe00,0.0,0.0,0.0,0.0,0.0,0.0
2026-05-25 10:00:07.783065,1779717607.783065,25207205,-6328547,185000014,185196601,103522540,28480469,61,ee55fe00,0.0,0.0,0.0,0.0,0.0,0.0
2026-05-25 10:00:07.784445,1779717607.784445,24330376,-3760830,183593790,212378279,100561326,23736311,61,ee55fe00,0.0,0.0,0.0,0.0,0.0,0.0
2026-05-25 10:00:07.786016,1779717607.786016,24330376,-3760830,183593790,212378279,100561326,23736311,61,ee55fe00,0.0,0.0,0.0,0.0,0.0,0.0
2026-05-25 10:00:07.787356,1779717607.787356,23971128,-757360,180967678,235626637,95349911,18027224,61,ee55fe00,0.0,0.0,0.0,0.0,0.0,0.0
2026-05-25 10:00:07.788920,1779717607.788920,23971128,-757360,180967678,235626637,95349911,18027224,61,ee55fe00,0.0,0.0,0.0,0.0,0.0,0.0
2026-05-25 10:00:07.790261,1779717607.790261,24028221,2663902,178873682,255309142,89033065,12000511,61,ee55fe00,0.0,0.0,0.0,0.0,0.0,0.0
2026-05-25 10:00:07.791815,1779717607.791815,24028221,2663902,178873682,255309142,89033065,12000511,61,ee55fe00,0.0,0.0,0.0,0.0,0.0,0.0
2026-05-25 10:00:07.793185,1779717607.793185,23480683,5741365,176400976,272831534,82984244,6635776,61,ee55fe00,0.0,0.0,0.0,0.0,0.0,0.0
2026-05-25 10:00:07.794767,1779717607.794767,23480683,5741365,176400976,272831534,82984244,6635776,61,ee55fe00,0.0,0.0,0.0,0.0,0.0,0.0
2026-05-25 10:00:07.796146,1779717607.796146,22837328,8447707,174894114,289251129,78161729,2625803,61,ee55fe00,0.0,0.0,0.0,0.0,0.0,0.0
2026-05-25 10:00:07.797739,1779717607.797739,22837328,8447707,174894114,289251129,78161729,2625803,61,ee55fe00,0.0,0.0,0.0,0.0,0.0,0.0
2026-05-25 10:00:07.799769,1779717607.799769,22050357,10440306,173362607,305541198,75791444,322847,61,ee56fe00,0.0,0.0,0.0,0.0,0.0,0.0
2026-05-25 10:00:07.801332,1779717607.801332,22050357,10440306,173362607,305541198,75791444,322847,61,ee56fe00,0.0,0.0,0.0,0.0,0.0,0.0
2026-05-25 10:00:07.802687,1779717607.802687,21764916,12727285,171974063,322077779,75877509,-884099,61,ee55fe00,0.0,0.0,0.0,0.0,0.0,0.0
2026-05-25 10:00:07.804286,1779717607.804286,21764916,12727285,171974063,322077779,75877509,-884099,61,ee55fe00,0.0,0.0,0.0,0.0,0.0,0.0
2026-05-25 10:00:07.805628,1779717607.805628,21292814,14990835,169855834,337741429,77451779,-1422511,61,ee55fe00,0.0,0.0,0.0,0.0,0.0,0.0
2026-05-25 10:00:07.807238,1779717607.807238,21292814,14990835,169855834,337741429,77451779,-1422511,61,ee55fe00,0.0,0.0,0.0,0.0,0.0,0.0
2026-05-25 10:00:07.808600,1779717607.808600,19609410,18549116,167545983,350719752,78586603,-1360595,61,ee55fe00,0.0,0.0,0.0,0.0,0.0,0.0
2026-05-25 10:00:07.810181,1779717607.810181,19609410,18549116,167545983,350719752,78586603,-1360595,61,ee55fe00,0.0,0.0,0.0,0.0,0.0,0.0
2026-05-25 10:00:07.811531,1779717607.811531,18083712,21905734,165389718,360290876,78390125,-1112245,61,ee55fe00,0.0,0.0,0.0,0.0,0.0,0.0
2026-05-25 10:00:07.813097,1779717607.813097,18083712,21905734,165389718,360290876,78390125,-1112245,61,ee55fe00,0.0,0.0,0.0,0.0,0.0,0.0
2026-05-25 10:00:07.814447,1779717607.814447,16650358,25841668,163127122,366213222,76162622,-367876,61,ee55fe00,0.0,0.0,0.0,0.0,0.0,0.0
2026-05-25 10:00:07.816189,1779717607.816189,16650358,25841668,163127122,366213222,76162622,-367876,61,ee55fe00,0.0,0.0,0.0,0.0,0.0,0.0
2026-05-25 10:00:07.817541,1779717607.817541,16011728,29307945,161181851,369612602,72995078,498593,61,ee56fe00,0.0,0.0,0.0,0.0,0.0,0.0
2026-05-25 10:00:07.819122,1779717607.819122,16011728,29307945,161181851,369612602,72995078,498593,61,ee56fe00,0.0,0.0,0.0,0.0,0.0,0.0
2026-05-25 10:00:07.820461,1779717607.820461,15729181,32685794,159190728,370990944,69393501,1656004,61,ee55fe00,0.0,0.0,0.0,0.0,0.0,0.0
2026-05-25 10:00:07.822025,1779717607.822025,15729181,32685794,159190728,370990944,69393501,1656004,61,ee55fe00,0.0,0.0,0.0,0.0,0.0,0.0
2026-05-25 10:00:07.823367,1779717607.823367,15335450,36240143,156974597,370559706,66156660,2842991,61,ee55fe00,0.0,0.0,0.0,0.0,0.0,0.0
2026-05-25 10:00:07.824927,1779717607.824927,15335450,36240143,156974597,370559706,66156660,2842991,61,ee55fe00,0.0,0.0,0.0,0.0,0.0,0.0
2026-05-25 10:00:07.826282,1779717607.826282,15395194,39565646,154942773,368885531,63669932,3917938,61,ee55fe00,0.0,0.0,0.0,0.0,0.0,0.0
2026-05-25 10:00:07.827799,1779717607.827799,15395194,39565646,154942773,368885531,63669932,3917938,61,ee55fe00,0.0,0.0,0.0,0.0,0.0,0.0
2026-05-25 10:00:07.829068,1779717607.829068,15775300,42907447,152786834,366117775,62509182,4791165,61,ee55fe00,0.0,0.0,0.0,0.0,0.0,0.0
2026-05-25 10:00:07.830584,1779717607.830584,15775300,42907447,152786834,366117775,62509182,4791165,61,ee55fe00,0.0,0.0,0.0,0.0,0.0,0.0
2026-05-25 10:00:07.831916,1779717607.831916,15406724,46064266,150798246,361952738,62380661,5274221,61,ee56fe00,0.0,0.0,0.0,0.0,0.0,0.0
2026-05-25 10:00:07.833470,1779717607.833470,15406724,46064266,150798246,361952738,62380661,5274221,61,ee56fe00,0.0,0.0,0.0,0.0,0.0,0.0
2026-05-25 10:00:07.834747,1779717607.834747,14800562,49539937,148712312,355756463,62515169,5744793,61,ee55fe00,0.0,0.0,0.0,0.0,0.0,0.0
2026-05-25 10:00:07.836244,1779717607.836244,14800562,49539937,148712312,355756463,62515169,5744793,61,ee55fe00,0.0,0.0,0.0,0.0,0.0,0.0
2026-05-25 10:00:07.837524,1779717607.837524,13310629,53332251,146399892,346766560,62087866,6146993,61,ee56fe00,0.0,0.0,0.0,0.0,0.0,0.0
2026-05-25 10:00:07.839034,1779717607.839034,13310629,53332251,146399892,346766560,62087866,6146993,61,ee56fe00,0.0,0.0,0.0,0.0,0.0,0.0
2026-05-25 10:00:07.840533,1779717607.840533,11907003,57539971,143394518,333608671,60402592,7094888,61,ee55fe00,0.0,0.0,0.0,0.0,0.0,0.0
2026-05-25 10:00:07.842101,1779717607.842101,11907003,57539971,143394518,333608671,60402592,7094888,61,ee55fe00,0.0,0.0,0.0,0.0,0.0,0.0
2026-05-25 10:00:07.843507,1779717607.843507,11082826,62291151,139442645,315233034,56682110,7554367,61,ee55fe00,0.0,0.0,0.0,0.0,0.0,0.0
2026-05-25 10:00:07.845075,1779717607.845075,11082826,62291151,139442645,315233034,56682110,7554367,61,ee55fe00,0.0,0.0,0.0,0.0,0.0,0.0
2026-05-25 10:00:07.846386,1779717607.846386,11213400,66313640,135113985,290374545,50911145,6953853,61,ee55fe00,0.0,0.0,0.0,0.0,0.0,0.0
2026-05-25 10:00:07.847909,1779717607.847909,11213400,66313640,135113985,290374545,50911145,6953853,61,ee55fe00,0.0,0.0,0.0,0.0,0.0,0.0
2026-05-25 10:00:07.849246,1779717607.849246,11932330,70421249,130678228,259430209,43442062,4727139,61,ee55fe00,0.0,0.0,0.0,0.0,0.0,0.0
2026-05-25 10:00:07.850768,1779717607.850768,11932330,70421249,130678228,259430209,43442062,4727139,61,ee55fe00,0.0,0.0,0.0,0.0,0.0,0.0
2026-05-25 10:00:07.852080,1779717607.852080,12102589,73798479,127363533,223172724,34871161,1336001,61,ee56fe00,0.0,0.0,0.0,0.0,0.0,0.0
2026-05-25 10:00:07.853612,1779717607.853612,12102589,73798479,127363533,223172724,34871161,1336001,61,ee56fe00,0.0,0.0,0.0,0.0,0.0,0.0
2026-05-25 10:00:07.854942,1779717607.854942,11714447,77265651,125193047,183292732,25282800,-2120575,61,ee55fe00,0.0,0.0,0.0,0.0,0.0,0.0
2026-05-25 10:00:07.856455,1779717607.856455,11714447,77265651,125193047,183292732,25282800,-2120575,61,ee55fe00,0.0,0.0,0.0,0.0,0.0,0.0
2026-05-25 10:00:07.857782,1779717607.857782,11034205,79998479,124100946,141524207,15162893,-5099744,61,ee55fe00,0.0,0.0,0.0,0.0,0.0,0.0
2026-05-25 10:00:07.859305,1779717607.859305,11034205,79998479,124100946,141524207,15162893,-5099744,61,ee55fe00,0.0,0.0,0.0,0.0,0.0,0.0
2026-05-25 10:00:07.860814,1779717607.860814,10330216,82299050,123437706,99023098,4851956,-7079331,61,ee55fe00,0.0,0.0,0.0,0.0,0.0,0.0
2026-05-25 10:00:07.862809,1779717607.862809,10330216,82299050,123437706,99023098,4851956,-7079331,61,ee55fe00,0.0,0.0,0.0,0.0,0.0,0.0
2026-05-25 10:00:07.864529,1779717607.864529,9191790,84012270,123014308,56079223,-5361954,-8058298,61,ee56fe00,0.0,0.0,0.0,0.0,0.0,0.0
2026-05-25 10:00:07.866736,1779717607.866736,9191790,84012270,123014308,56079223,-5361954,-8058298,61,ee56fe00,0.0,0.0,0.0,0.0,0.0,0.0
2026-05-25 10:00:07.868623,1779717607.868623,8242957,85051057,122647258,12692607,-15690418,-7962497,61,ee56fe00,0.0,0.0,0.0,0.0,0.0,0.0
2026-05-25 10:00:07.870694,1779717607.870694,8242957,85051057,122647258,12692607,-15690418,-7962497,61,ee56fe00,0.0,0.0,0.0,0.0,0.0,0.0
2026-05-25 10:00:07.872526,1779717607.872526,8195917,85241836,122680679,-30483555,-25553808,-7254794,61,ee56fe00,0.0,0.0,0.0,0.0,0.0,0.0
2026-05-25 10:00:07.874631,1779717607.874631,8195917,85241836,122680679,-30483555,-25553808,-7254794,61,ee56fe00,0.0,0.0,0.0,0.0,0.0,0.0
2026-05-25 10:00:07.876313,1779717607.876313,8431357,84489888,122952300,-72996052,-34701167,-6288500,61,ee55fe00,0.0,0.0,0.0,0.0,0.0,0.0
2026-05-25 10:00:07.878257,1779717607.878257,8431357,84489888,122952300,-72996052,-34701167,-6288500,61,ee55fe00,0.0,0.0,0.0,0.0,0.0,0.0
2026-05-25 10:00:07.879942,1779717607.879942,9395826,82674975,123819234,-114520810,-43615081,-6103373,61,ee55fe00,0.0,0.0,0.0,0.0,0.0,0.0
2026-05-25 10:00:07.881575,1779717607.881575,9395826,82674975,123819234,-114520810,-43615081,-6103373,61,ee55fe00,0.0,0.0,0.0,0.0,0.0,0.0
2026-05-25 10:00:07.882954,1779717607.882954,9992239,80429956,125279870,-155207496,-53047198,-6899565,61,ee55fe00,0.0,0.0,0.0,0.0,0.0,0.0
2026-05-25 10:00:07.884535,1779717607.884535,9992239,80429956,125279870,-155207496,-53047198,-6899565,61,ee55fe00,0.0,0.0,0.0,0.0,0.0,0.0
2026-05-25 10:00:07.885891,1779717607.885891,11372177,77620208,127090280,-194292210,-62324584,-8015280,61,ee55fe00,0.0,0.0,0.0,0.0,0.0,0.0
2026-05-25 10:00:07.887448,1779717607.887448,11372177,77620208,127090280,-194292210,-62324584,-8015280,61,ee55fe00,0.0,0.0,0.0,0.0,0.0,0.0
2026-05-25 10:00:07.888969,1779717607.888969,12518903,74239120,128825430,-230492339,-70031447,-8874772,61,ee55fe00,0.0,0.0,0.0,0.0,0.0,0.0
2026-05-25 10:00:07.890596,1779717607.890596,12518903,74239120,128825430,-230492339,-70031447,-8874772,61,ee55fe00,0.0,0.0,0.0,0.0,0.0,0.0
2026-05-25 10:00:07.891917,1779717607.891917,13523697,70240069,131156268,-262960140,-75363340,-9464799,61,ee55fe00,0.0,0.0,0.0,0.0,0.0,0.0
2026-05-25 10:00:07.893507,1779717607.893507,13523697,70240069,131156268,-262960140,-75363340,-9464799,61,ee55fe00,0.0,0.0,0.0,0.0,0.0,0.0
2026-05-25 10:00:07.895299,1779717607.895299,14071462,66336974,134032922,-291354145,-78898249,-9605537,61,ee55fe00,0.0,0.0,0.0,0.0,0.0,0.0
2026-05-25 10:00:07.897372,1779717607.897372,14071462,66336974,134032922,-291354145,-78898249,-9605537,61,ee55fe00,0.0,0.0,0.0,0.0,0.0,0.0
2026-05-25 10:00:07.899106,1779717607.899106,14308721,62276568,137299368,-315378843,-81085004,-9443311,61,ee55fe00,0.0,0.0,0.0,0.0,0.0,0.0
2026-05-25 10:00:07.901210,1779717607.901210,14308721,62276568,137299368,-315378843,-81085004,-9443311,61,ee55fe00,0.0,0.0,0.0,0.0,0.0,0.0
2026-05-25 10:00:07.902821,1779717607.902821,14583611,58362663,140426135,-335490002,-82661117,-9054980,61,ee55fe00,0.0,0.0,0.0,0.0,0.0,0.0
2026-05-25 10:00:07.904442,1779717607.904442,14583611,58362663,140426135,-335490002,-82661117,-9054980,61,ee55fe00,0.0,0.0,0.0,0.0,0.0,0.0
2026-05-25 10:00:07.905820,1779717607.905820,15166813,54549919,143565768,-351931546,-84453351,-8771356,61,ee55fe00,0.0,0.0,0.0,0.0,0.0,0.0
2026-05-25 10:00:07.907716,1779717607.907716,15166813,54549919,143565768,-351931546,-84453351,-8771356,61,ee55fe00,0.0,0.0,0.0,0.0,0.0,0.0
2026-05-25 10:00:07.909235,1779717607.909235,15927811,50700398,146654561,-365126536,-86665060,-8450780,61,ee55fe00,0.0,0.0,0.0,0.0,0.0,0.0
2026-05-25 10:00:07.910899,1779717607.910899,15927811,50700398,146654561,-365126536,-86665060,-8450780,61,ee55fe00,0.0,0.0,0.0,0.0,0.0,0.0
2026-05-25 10:00:07.912261,1779717607.912261,17377934,46733468,149101607,-375093569,-88545606,-7936697,61,ee56fe00,0.0,0.0,0.0,0.0,0.0,0.0
2026-05-25 10:00:07.913822,1779717607.913822,17377934,46733468,149101607,-375093569,-88545606,-7936697,61,ee56fe00,0.0,0.0,0.0,0.0,0.0,0.0
2026-05-25 10:00:07.915296,1779717607.915296,18829584,41762008,151415504,-381876579,-89413023,-7253459,61,ee55fe00,0.0,0.0,0.0,0.0,0.0,0.0
2026-05-25 10:00:07.917225,1779717607.917225,18829584,41762008,151415504,-381876579,-89413023,-7253459,61,ee55fe00,0.0,0.0,0.0,0.0,0.0,0.0
2026-05-25 10:00:07.918550,1779717607.918550,20094376,36839120,153456704,-385372407,-88244749,-6287705,61,ee55fe00,0.0,0.0,0.0,0.0,0.0,0.0
2026-05-25 10:00:07.920124,1779717607.920124,20094376,36839120,153456704,-385372407,-88244749,-6287705,61,ee55fe00,0.0,0.0,0.0,0.0,0.0,0.0
2026-05-25 10:00:07.921574,1779717607.921574,21105409,32136401,156029878,-385000260,-85209781,-4674116,61,ee55fe00,0.0,0.0,0.0,0.0,0.0,0.0
2026-05-25 10:00:07.923131,1779717607.923131,21105409,32136401,156029878,-385000260,-85209781,-4674116,61,ee55fe00,0.0,0.0,0.0,0.0,0.0,0.0
2026-05-25 10:00:07.924472,1779717607.924472,21534759,27838589,159654297,-381226347,-82342072,-3442890,61,ee55fe00,0.0,0.0,0.0,0.0,0.0,0.0
2026-05-25 10:00:07.926014,1779717607.926014,21534759,27838589,159654297,-381226347,-82342072,-3442890,61,ee55fe00,0.0,0.0,0.0,0.0,0.0,0.0
2026-05-25 10:00:07.927320,1779717607.927320,21727652,23821072,164669816,-374489212,-82909417,-4084853,61,ee55fe00,0.0,0.0,0.0,0.0,0.0,0.0
2026-05-25 10:00:07.928869,1779717607.928869,21727652,23821072,164669816,-374489212,-82909417,-4084853,61,ee55fe00,0.0,0.0,0.0,0.0,0.0,0.0
2026-05-25 10:00:07.930210,1779717607.930210,22215363,19499889,170405071,-364035029,-87271973,-6956415,61,ee55fe00,0.0,0.0,0.0,0.0,0.0,0.0
2026-05-25 10:00:07.931762,1779717607.931762,22215363,19499889,170405071,-364035029,-87271973,-6956415,61,ee55fe00,0.0,0.0,0.0,0.0,0.0,0.0
2026-05-25 10:00:07.933098,1779717607.933098,23338894,15268597,175263564,-347116689,-91139470,-10136361,61,ee55fe00,0.0,0.0,0.0,0.0,0.0,0.0
2026-05-25 10:00:07.934632,1779717607.934632,23338894,15268597,175263564,-347116689,-91139470,-10136361,61,ee55fe00,0.0,0.0,0.0,0.0,0.0,0.0
2026-05-25 10:00:07.935962,1779717607.935962,25106575,11056745,178580124,-321122099,-88802390,-11048142,61,ee55fe00,0.0,0.0,0.0,0.0,0.0,0.0
2026-05-25 10:00:07.937510,1779717607.937510,25106575,11056745,178580124,-321122099,-88802390,-11048142,61,ee55fe00,0.0,0.0,0.0,0.0,0.0,0.0
2026-05-25 10:00:07.938832,1779717607.938832,25954459,7952317,180914969,-286567754,-78762911,-8422221,61,ee55fe00,0.0,0.0,0.0,0.0,0.0,0.0
2026-05-25 10:00:07.940391,1779717607.940391,25954459,7952317,180914969,-286567754,-78762911,-8422221,61,ee55fe00,0.0,0.0,0.0,0.0,0.0,0.0
2026-05-25 10:00:07.941714,1779717607.941714,26904087,5917974,182211866,-246343762,-63759934,-3207547,61,ee55fe00,0.0,0.0,0.0,0.0,0.0,0.0
2026-05-25 10:00:07.943260,1779717607.943260,26904087,5917974,182211866,-246343762,-63759934,-3207547,61,ee55fe00,0.0,0.0,0.0,0.0,0.0,0.0
2026-05-25 10:00:07.944572,1779717607.944572,27727491,3449036,182983868,-204116263,-47692320,2173856,61,ee55fe00,0.0,0.0,0.0,0.0,0.0,0.0
2026-05-25 10:00:07.946105,1779717607.946105,27727491,3449036,182983868,-204116263,-47692320,2173856,61,ee55fe00,0.0,0.0,0.0,0.0,0.0,0.0
2026-05-25 10:00:07.947443,1779717607.947443,28635870,986131,184219805,-162377658,-33698551,5151656,61,ee55fe00,0.0,0.0,0.0,0.0,0.0,0.0
2026-05-25 10:00:07.948979,1779717607.948979,28635870,986131,184219805,-162377658,-33698551,5151656,61,ee55fe00,0.0,0.0,0.0,0.0,0.0,0.0
2026-05-25 10:00:07.950288,1779717607.950288,29447579,-1613332,186440074,-120817083,-22684307,5099252,61,ee55fe00,0.0,0.0,0.0,0.0,0.0,0.0
2026-05-25 10:00:07.956312,1779717607.956312,29447579,-1613332,186440074,-120817083,-22684307,5099252,61,ee55fe00,0.0,0.0,0.0,0.0,0.0,0.0
2026-05-25 10:00:07.959976,1779717607.959976,30526706,-4628744,188341325,-76653530,-11784799,3692195,61,ee55fe00,0.0,0.0,0.0,0.0,0.0,0.0
2026-05-25 10:00:07.961536,1779717607.961536,30526706,-4628744,188341325,-76653530,-11784799,3692195,61,ee55fe00,0.0,0.0,0.0,0.0,0.0,0.0
2026-05-25 10:00:07.962856,1779717607.962856,30251013,-4941543,190087419,-29053173,1364719,2835213,61,ee55fe00,0.0,0.0,0.0,0.0,0.0,0.0
2026-05-25 10:00:07.964464,1779717607.964464,30251013,-4941543,190087419,-29053173,1364719,2835213,61,ee55fe00,0.0,0.0,0.0,0.0,0.0,0.0
2026-05-25 10:00:07.965851,1779717607.965851,29717243,-5176666,189781930,22233654,16819468,4630189,61,ee55fe00,0.0,0.0,0.0,0.0,0.0,0.0
2026-05-25 10:00:07.967419,1779717607.967419,29717243,-5176666,189781930,22233654,16819468,4630189,61,ee55fe00,0.0,0.0,0.0,0.0,0.0,0.0
2026-05-25 10:00:07.968800,1779717607.968800,28314731,-3406303,189207731,73300437,34174221,8254869,61,ee55fe00,0.0,0.0,0.0,0.0,0.0,0.0
2026-05-25 10:00:07.970484,1779717607.970484,28314731,-3406303,189207731,73300437,34174221,8254869,61,ee55fe00,0.0,0.0,0.0,0.0,0.0,0.0
2026-05-25 10:00:07.971882,1779717607.971882,27357085,-2252985,186663891,121559636,49685897,12600149,61,ee55fe00,0.0,0.0,0.0,0.0,0.0,0.0
2026-05-25 10:00:07.973518,1779717607.973518,27357085,-2252985,186663891,121559636,49685897,12600149,61,ee55fe00,0.0,0.0,0.0,0.0,0.0,0.0
2026-05-25 10:00:07.974904,1779717607.974904,27760488,-1395427,185354225,165257340,64630050,14652952,61,ee55fe00,0.0,0.0,0.0,0.0,0.0,0.0
2026-05-25 10:00:07.976554,1779717607.976554,27760488,-1395427,185354225,165257340,64630050,14652952,61,ee55fe00,0.0,0.0,0.0,0.0,0.0,0.0
2026-05-25 10:00:07.977985,1779717607.977985,27492669,614177,183122500,204641990,77141147,15402237,61,ee55fe00,0.0,0.0,0.0,0.0,0.0,0.0
2026-05-25 10:00:07.979676,1779717607.979676,27492669,614177,183122500,204641990,77141147,15402237,61,ee55fe00,0.0,0.0,0.0,0.0,0.0,0.0
2026-05-25 10:00:07.981134,1779717607.981134,28268198,3200069,182152293,241702378,88856375,14703660,61,ee55fe00,0.0,0.0,0.0,0.0,0.0,0.0
2026-05-25 10:00:07.982966,1779717607.982966,28268198,3200069,182152293,241702378,88856375,14703660,61,ee55fe00,0.0,0.0,0.0,0.0,0.0,0.0
2026-05-25 10:00:07.984448,1779717607.984448,27896852,6603240,180178707,276504971,98919035,14763567,61,ee55fe00,0.0,0.0,0.0,0.0,0.0,0.0
2026-05-25 10:00:07.986164,1779717607.986164,27896852,6603240,180178707,276504971,98919035,14763567,61,ee55fe00,0.0,0.0,0.0,0.0,0.0,0.0
2026-05-25 10:00:07.987693,1779717607.987693,26580807,10129717,177728878,309338899,107508541,14505351,61,ee55fe00,0.0,0.0,0.0,0.0,0.0,0.0
2026-05-25 10:00:07.989432,1779717607.989432,26580807,10129717,177728878,309338899,107508541,14505351,61,ee55fe00,0.0,0.0,0.0,0.0,0.0,0.0
2026-05-25 10:00:07.991313,1779717607.991313,25085344,14674542,174176345,337099917,114155724,14728388,61,ee55fe00,0.0,0.0,0.0,0.0,0.0,0.0
2026-05-25 10:00:07.993125,1779717607.993125,25085344,14674542,174176345,337099917,114155724,14728388,61,ee55fe00,0.0,0.0,0.0,0.0,0.0,0.0
2026-05-25 10:00:07.994684,1779717607.994684,22866842,19837960,170253798,359328915,118674268,14508028,61,ee55fe00,0.0,0.0,0.0,0.0,0.0,0.0
2026-05-25 10:00:07.996449,1779717607.996449,22866842,19837960,170253798,359328915,118674268,14508028,61,ee55fe00,0.0,0.0,0.0,0.0,0.0,0.0
2026-05-25 10:00:07.997988,1779717607.997988,21023892,25084242,165715054,373929904,120550668,14019092,61,ee55fe00,0.0,0.0,0.0,0.0,0.0,0.0
2026-05-25 10:00:07.999762,1779717607.999762,21023892,25084242,165715054,373929904,120550668,14019092,61,ee55fe00,0.0,0.0,0.0,0.0,0.0,0.0
2026-05-25 10:00:08.001372,1779717608.001372,18681862,29821873,161065236,380740552,119836151,12603458,61,ee55fe00,0.0,0.0,0.0,0.0,0.0,0.0
2026-05-25 10:00:08.003128,1779717608.003128,18681862,29821873,161065236,380740552,119836151,12603458,61,ee55fe00,0.0,0.0,0.0,0.0,0.0,0.0
2026-05-25 10:00:08.004673,1779717608.004673,16379630,34447495,156940979,380348629,117030479,11176370,61,ee55fe00,0.0,0.0,0.0,0.0,0.0,0.0
2026-05-25 10:00:08.006435,1779717608.006435,16379630,34447495,156940979,380348629,117030479,11176370,61,ee55fe00,0.0,0.0,0.0,0.0,0.0,0.0
2026-05-25 10:00:08.007934,1779717608.007934,14698706,39615045,153125094,373696477,112088583,10277142,61,ee55fe00,0.0,0.0,0.0,0.0,0.0,0.0
2026-05-25 10:00:08.009687,1779717608.009687,14698706,39615045,153125094,373696477,112088583,10277142,61,ee55fe00,0.0,0.0,0.0,0.0,0.0,0.0
2026-05-25 10:00:08.011173,1779717608.011173,13607432,44472068,149447567,361780018,105472640,10015277,61,ee55fe00,0.0,0.0,0.0,0.0,0.0,0.0
2026-05-25 10:00:08.012909,1779717608.012909,13607432,44472068,149447567,361780018,105472640,10015277,61,ee55fe00,0.0,0.0,0.0,0.0,0.0,0.0
2026-05-25 10:00:08.014403,1779717608.014403,13070669,49464182,145367917,345334398,98362764,10259205,61,ee55fe00,0.0,0.0,0.0,0.0,0.0,0.0
2026-05-25 10:00:08.016148,1779717608.016148,13070669,49464182,145367917,345334398,98362764,10259205,61,ee55fe00,0.0,0.0,0.0,0.0,0.0,0.0
2026-05-25 10:00:08.017629,1779717608.017629,12434700,54483855,141389020,324638672,91405810,10546549,61,ee55fe00,0.0,0.0,0.0,0.0,0.0,0.0
2026-05-25 10:00:08.019461,1779717608.019461,12434700,54483855,141389020,324638672,91405810,10546549,61,ee55fe00,0.0,0.0,0.0,0.0,0.0,0.0
2026-05-25 10:00:08.021059,1779717608.021059,11433486,59790338,137434863,299329647,84719589,10786394,61,ee55fe00,0.0,0.0,0.0,0.0,0.0,0.0
2026-05-25 10:00:08.022923,1779717608.022923,11433486,59790338,137434863,299329647,84719589,10786394,61,ee55fe00,0.0,0.0,0.0,0.0,0.0,0.0
2026-05-25 10:00:08.024516,1779717608.024516,10076782,65334814,133773293,269068852,77392108,10909682,61,ee55fe00,0.0,0.0,0.0,0.0,0.0,0.0
2026-05-25 10:00:08.026365,1779717608.026365,10076782,65334814,133773293,269068852,77392108,10909682,61,ee55fe00,0.0,0.0,0.0,0.0,0.0,0.0
2026-05-25 10:00:08.027963,1779717608.027963,9038688,70389615,130388416,233509046,68912103,11113439,61,ee55fe00,0.0,0.0,0.0,0.0,0.0,0.0
2026-05-25 10:00:08.029899,1779717608.029899,9038688,70389615,130388416,233509046,68912103,11113439,61,ee55fe00,0.0,0.0,0.0,0.0,0.0,0.0
2026-05-25 10:00:08.031653,1779717608.031653,7664099,74608240,127083601,192800270,58212810,10711620,61,ee55fe00,0.0,0.0,0.0,0.0,0.0,0.0
2026-05-25 10:00:08.033746,1779717608.033746,7664099,74608240,127083601,192800270,58212810,10711620,61,ee55fe00,0.0,0.0,0.0,0.0,0.0,0.0
2026-05-25 10:00:08.035475,1779717608.035475,6502052,78264599,124320131,146379138,44531025,9708464,61,ee55fe00,0.0,0.0,0.0,0.0,0.0,0.0
2026-05-25 10:00:08.037528,1779717608.037528,6502052,78264599,124320131,146379138,44531025,9708464,61,ee55fe00,0.0,0.0,0.0,0.0,0.0,0.0
2026-05-25 10:00:08.039288,1779717608.039288,5929037,80920521,121767607,94445493,27258253,7266912,61,ee55fe00,0.0,0.0,0.0,0.0,0.0,0.0
2026-05-25 10:00:08.041297,1779717608.041297,5929037,80920521,121767607,94445493,27258253,7266912,61,ee55fe00,0.0,0.0,0.0,0.0,0.0,0.0
2026-05-25 10:00:08.042938,1779717608.042938,5054682,82295526,120227618,37702762,7551389,4265487,61,ee55fe00,0.0,0.0,0.0,0.0,0.0,0.0
2026-05-25 10:00:08.045000,1779717608.045000,5054682,82295526,120227618,37702762,7551389,4265487,61,ee55fe00,0.0,0.0,0.0,0.0,0.0,0.0
2026-05-25 10:00:08.046711,1779717608.046711,4961873,82300769,119188677,-21719548,-13361394,715196,61,ee55fe00,0.0,0.0,0.0,0.0,0.0,0.0
2026-05-25 10:00:08.048746,1779717608.048746,4961873,82300769,119188677,-21719548,-13361394,715196,61,ee55fe00,0.0,0.0,0.0,0.0,0.0,0.0
2026-05-25 10:00:08.050527,1779717608.050527,5651845,80965599,119629398,-81528768,-34088262,-2615994,61,ee55fe00,0.0,0.0,0.0,0.0,0.0,0.0
2026-05-25 10:00:08.052722,1779717608.052722,5651845,80965599,119629398,-81528768,-34088262,-2615994,61,ee55fe00,0.0,0.0,0.0,0.0,0.0,0.0
2026-05-25 10:00:08.054559,1779717608.054559,6925707,78393895,121590336,-139357921,-54488636,-6586696,61,ee55fe00,0.0,0.0,0.0,0.0,0.0,0.0
2026-05-25 10:00:08.056737,1779717608.056737,6925707,78393895,121590336,-139357921,-54488636,-6586696,61,ee55fe00,0.0,0.0,0.0,0.0,0.0,0.0
2026-05-25 10:00:08.058536,1779717608.058536,9047389,74983140,124572440,-192858763,-73488450,-10196927,61,ee55fe00,0.0,0.0,0.0,0.0,0.0,0.0
2026-05-25 10:00:08.060671,1779717608.060671,9047389,74983140,124572440,-192858763,-73488450,-10196927,61,ee55fe00,0.0,0.0,0.0,0.0,0.0,0.0
2026-05-25 10:00:08.062464,1779717608.062464,10222158,70559227,128219787,-240033249,-90112745,-13616361,61,ee55fe00,0.0,0.0,0.0,0.0,0.0,0.0
2026-05-25 10:00:08.064545,1779717608.064545,10222158,70559227,128219787,-240033249,-90112745,-13616361,61,ee55fe00,0.0,0.0,0.0,0.0,0.0,0.0
2026-05-25 10:00:08.066338,1779717608.066338,11689748,65648803,131884486,-280506539,-103243175,-16023931,61,ee55fe00,0.0,0.0,0.0,0.0,0.0,0.0
2026-05-25 10:00:08.068410,1779717608.068410,11689748,65648803,131884486,-280506539,-103243175,-16023931,61,ee55fe00,0.0,0.0,0.0,0.0,0.0,0.0
2026-05-25 10:00:08.070193,1779717608.070193,13511370,60173380,136110074,-313838956,-112913069,-18458052,61,ee55fe00,0.0,0.0,0.0,0.0,0.0,0.0
2026-05-25 10:00:08.072288,1779717608.072288,13511370,60173380,136110074,-313838956,-112913069,-18458052,61,ee55fe00,0.0,0.0,0.0,0.0,0.0,0.0
2026-05-25 10:00:08.074083,1779717608.074083,15019995,54122990,140831878,-340438057,-119789024,-21101880,61,ee55fe00,0.0,0.0,0.0,0.0,0.0,0.0
2026-05-25 10:00:08.076207,1779717608.076207,15019995,54122990,140831878,-340438057,-119789024,-21101880,61,ee55fe00,0.0,0.0,0.0,0.0,0.0,0.0
2026-05-25 10:00:08.078157,1779717608.078157,17027892,48272218,145543447,-359605470,-123959613,-23572415,61,ee55fe00,0.0,0.0,0.0,0.0,0.0,0.0
2026-05-25 10:00:08.080484,1779717608.080484,17027892,48272218,145543447,-359605470,-123959613,-23572415,61,ee55fe00,0.0,0.0,0.0,0.0,0.0,0.0
2026-05-25 10:00:08.082585,1779717608.082585,19067201,42338204,149672609,-371242841,-124978664,-26066683,61,ee55fe00,0.0,0.0,0.0,0.0,0.0,0.0
2026-05-25 10:00:08.085458,1779717608.085458,19067201,42338204,149672609,-371242841,-124978664,-26066683,61,ee55fe00,0.0,0.0,0.0,0.0,0.0,0.0
2026-05-25 10:00:08.087862,1779717608.087862,21090809,37215668,153414912,-375735746,-122676942,-27636139,61,ee55fe00,0.0,0.0,0.0,0.0,0.0,0.0
2026-05-25 10:00:08.090566,1779717608.090566,21090809,37215668,153414912,-375735746,-122676942,-27636139,61,ee55fe00,0.0,0.0,0.0,0.0,0.0,0.0
2026-05-25 10:00:08.092987,1779717608.092987,22381911,32905032,157169324,-373760244,-117712011,-27872821,61,ee55fe00,0.0,0.0,0.0,0.0,0.0,0.0
2026-05-25 10:00:08.095800,1779717608.095800,22381911,32905032,157169324,-373760244,-117712011,-27872821,61,ee55fe00,0.0,0.0,0.0,0.0,0.0,0.0
2026-05-25 10:00:08.098224,1779717608.098224,22501201,28897057,160823456,-367074969,-112167762,-26758867,61,ee55fe00,0.0,0.0,0.0,0.0,0.0,0.0
2026-05-25 10:00:08.101247,1779717608.101247,22501201,28897057,160823456,-367074969,-112167762,-26758867,61,ee55fe00,0.0,0.0,0.0,0.0,0.0,0.0
2026-05-25 10:00:08.104213,1779717608.104213,21985987,25088500,164086029,-357530319,-107675906,-25280399,61,ee55fe00,0.0,0.0,0.0,0.0,0.0,0.0
2026-05-25 10:00:08.107591,1779717608.107591,21985987,25088500,164086029,-357530319,-107675906,-25280399,61,ee55fe00,0.0,0.0,0.0,0.0,0.0,0.0
2026-05-25 10:00:08.110596,1779717608.110596,21586362,21149536,167229785,-346121320,-105092514,-24559886,61,ee55fe00,0.0,0.0,0.0,0.0,0.0,0.0
2026-05-25 10:00:08.114866,1779717608.114866,21586362,21149536,167229785,-346121320,-105092514,-24559886,61,ee55fe00,0.0,0.0,0.0,0.0,0.0,0.0
2026-05-25 10:00:08.118452,1779717608.118452,21607608,17077348,170796640,-331754163,-103218701,-24201889,61,ee55fe00,0.0,0.0,0.0,0.0,0.0,0.0
2026-05-25 10:00:08.123660,1779717608.123660,21607608,17077348,170796640,-331754163,-103218701,-24201889,61,ee55fe00,0.0,0.0,0.0,0.0,0.0,0.0
2026-05-25 10:00:08.127998,1779717608.127998,22892505,12747106,175184476,-312278413,-100580893,-23682944,61,ee55fe00,0.0,0.0,0.0,0.0,0.0,0.0
2026-05-25 10:00:08.133846,1779717608.133846,22892505,12747106,175184476,-312278413,-100580893,-23682944,61,ee55fe00,0.0,0.0,0.0,0.0,0.0,0.0
2026-05-25 10:00:08.138873,1779717608.138873,24652172,7868905,179826284,-284942924,-95381317,-22494949,61,ee55fe00,0.0,0.0,0.0,0.0,0.0,0.0
2026-05-25 10:00:08.144259,1779717608.144259,24652172,7868905,179826284,-284942924,-95381317,-22494949,61,ee55fe00,0.0,0.0,0.0,0.0,0.0,0.0
2026-05-25 10:00:08.150423,1779717608.150423,26360553,3312976,184396083,-248215343,-85613140,-19738348,61,ee55fe00,0.0,0.0,0.0,0.0,0.0,0.0
2026-05-25 10:00:08.157848,1779717608.157848,26360553,3312976,184396083,-248215343,-85613140,-19738348,61,ee55fe00,0.0,0.0,0.0,0.0,0.0,0.0
2026-05-25 10:00:08.165111,1779717608.165111,27662063,76998,187711148,-201470182,-70081292,-13935535,61,ee55fe00,0.0,0.0,0.0,0.0,0.0,0.0
2026-05-25 10:00:08.173487,1779717608.173487,27662063,76998,187711148,-201470182,-70081292,-13935535,61,ee55fe00,0.0,0.0,0.0,0.0,0.0,0.0
2026-05-25 10:00:08.180233,1779717608.180233,28648421,-2363853,190534440,-146509669,-48585887,-5257626,61,ee55fe00,0.0,0.0,0.0,0.0,0.0,0.0
2026-05-25 10:00:08.191149,1779717608.191149,28648421,-2363853,190534440,-146509669,-48585887,-5257626,61,ee55fe00,0.0,0.0,0.0,0.0,0.0,0.0
2026-05-25 10:00:08.199848,1779717608.199848,29745914,-3598234,192256874,-86056325,-23635282,4964022,61,ee55fe00,0.0,0.0,0.0,0.0,0.0,0.0
2026-05-25 10:00:08.208657,1779717608.208657,29745914,-3598234,192256874,-86056325,-23635282,4964022,61,ee55fe00,0.0,0.0,0.0,0.0,0.0,0.0
2026-05-25 10:00:08.215739,1779717608.215739,30257753,-5514832,193020022,-23715094,1364186,13353884,61,ee55fe00,0.0,0.0,0.0,0.0,0.0,0.0
2026-05-25 10:00:08.223374,1779717608.223374,30257753,-5514832,193020022,-23715094,1364186,13353884,61,ee55fe00,0.0,0.0,0.0,0.0,0.0,0.0
2026-05-25 10:00:08.232354,1779717608.232354,30094387,-5672667,192182007,35506434,23216406,18641408,61,ee55fe00,0.0,0.0,0.0,0.0,0.0,0.0
2026-05-25 10:00:08.241182,1779717608.241182,30094387,-5672667,192182007,35506434,23216406,18641408,61,ee55fe00,0.0,0.0,0.0,0.0,0.0,0.0
2026-05-25 10:00:08.251309,1779717608.251309,30833562,-4960195,190497377,89552658,40836465,20157448,61,ee55fe00,0.0,0.0,0.0,0.0,0.0,0.0
2026-05-25 10:00:08.263909,1779717608.263909,30833562,-4960195,190497377,89552658,40836465,20157448,61,ee55fe00,0.0,0.0,0.0,0.0,0.0,0.0
2026-05-25 10:00:08.274423,1779717608.274423,29882606,-3124725,188329992,137846848,54458666,19337523,61,ee55fe00,0.0,0.0,0.0,0.0,0.0,0.0
2026-05-25 10:00:08.290441,1779717608.290441,29882606,-3124725,188329992,137846848,54458666,19337523,61,ee55fe00,0.0,0.0,0.0,0.0,0.0,0.0
2026-05-25 10:00:08.298432,1779717608.298432,29572687,-1117793,186428840,181433708,65336130,17198594,61,ee55fe00,0.0,0.0,0.0,0.0,0.0,0.0
2026-05-25 10:00:08.306458,1779717608.306458,29572687,-1117793,186428840,181433708,65336130,17198594,61,ee55fe00,0.0,0.0,0.0,0.0,0.0,0.0
2026-05-25 10:00:08.320411,1779717608.320411,27717191,1587212,184903737,220928286,72891137,14756121,61,ee55fe00,0.0,0.0,0.0,0.0,0.0,0.0
2026-05-25 10:00:08.336570,1779717608.336570,27717191,1587212,184903737,220928286,72891137,14756121,61,ee55fe00,0.0,0.0,0.0,0.0,0.0,0.0
2026-05-25 10:00:08.350052,1779717608.350052,26911228,4394406,182516017,255611539,77979672,12222639,61,ee55fe00,0.0,0.0,0.0,0.0,0.0,0.0
2026-05-25 10:00:08.363624,1779717608.363624,26911228,4394406,182516017,255611539,77979672,12222639,61,ee55fe00,0.0,0.0,0.0,0.0,0.0,0.0
2026-05-25 10:00:08.371763,1779717608.371763,25489820,7949082,179805302,286516736,81499718,9859631,61,ee55fe00,0.0,0.0,0.0,0.0,0.0,0.0
2026-05-25 10:00:08.380843,1779717608.380843,25489820,7949082,179805302,286516736,81499718,9859631,61,ee55fe00,0.0,0.0,0.0,0.0,0.0,0.0
2026-05-25 10:00:08.388246,1779717608.388246,25021505,11585570,176274761,313255768,84150440,7246610,61,ee55fe00,0.0,0.0,0.0,0.0,0.0,0.0
2026-05-25 10:00:08.397043,1779717608.397043,25021505,11585570,176274761,313255768,84150440,7246610,61,ee55fe00,0.0,0.0,0.0,0.0,0.0,0.0
2026-05-25 10:00:08.404579,1779717608.404579,24411127,15454734,172308838,335228956,86688216,4154284,61,ee55fe00,0.0,0.0,0.0,0.0,0.0,0.0
2026-05-25 10:00:08.413047,1779717608.413047,24411127,15454734,172308838,335228956,86688216,4154284,61,ee55fe00,0.0,0.0,0.0,0.0,0.0,0.0
2026-05-25 10:00:08.420302,1779717608.420302,24282499,20270571,168630234,352917011,88831786,1006890,61,ee55fe00,0.0,0.0,0.0,0.0,0.0,0.0
2026-05-25 10:00:08.429271,1779717608.429271,24282499,20270571,168630234,352917011,88831786,1006890,61,ee55fe00,0.0,0.0,0.0,0.0,0.0,0.0
2026-05-25 10:00:08.436518,1779717608.436518,22902462,24628398,165804855,366568812,90439385,-1842756,61,ee55fe00,0.0,0.0,0.0,0.0,0.0,0.0
2026-05-25 10:00:08.444848,1779717608.444848,22902462,24628398,165804855,366568812,90439385,-1842756,61,ee55fe00,0.0,0.0,0.0,0.0,0.0,0.0
2026-05-25 10:00:08.453563,1779717608.453563,20484809,29709865,162672157,376674580,91372339,-3095876,61,ee55fe00,0.0,0.0,0.0,0.0,0.0,0.0
2026-05-25 10:00:08.463871,1779717608.463871,20484809,29709865,162672157,376674580,91372339,-3095876,61,ee55fe00,0.0,0.0,0.0,0.0,0.0,0.0
2026-05-25 10:00:08.471817,1779717608.471817,18153362,34982552,158971564,382814764,91652501,-2925904,61,ee55fe00,0.0,0.0,0.0,0.0,0.0,0.0
2026-05-25 10:00:08.480277,1779717608.480277,18153362,34982552,158971564,382814764,91652501,-2925904,61,ee55fe00,0.0,0.0,0.0,0.0,0.0,0.0
2026-05-25 10:00:08.487531,1779717608.487531,16407642,40510618,154282567,384079426,92251515,-763700,61,ee55fe00,0.0,0.0,0.0,0.0,0.0,0.0
2026-05-25 10:00:08.496188,1779717608.496188,16407642,40510618,154282567,384079426,92251515,-763700,61,ee55fe00,0.0,0.0,0.0,0.0,0.0,0.0
2026-05-25 10:00:08.503650,1779717608.503650,15105804,46069062,149424507,379696341,92819161,2529964,61,ee55fe00,0.0,0.0,0.0,0.0,0.0,0.0
2026-05-25 10:00:08.512092,1779717608.512092,15105804,46069062,149424507,379696341,92819161,2529964,61,ee55fe00,0.0,0.0,0.0,0.0,0.0,0.0
2026-05-25 10:00:08.519357,1779717608.519357,13354433,52178388,143962947,367536981,91579423,6499898,61,ee55fe00,0.0,0.0,0.0,0.0,0.0,0.0
2026-05-25 10:00:08.528147,1779717608.528147,13354433,52178388,143962947,367536981,91579423,6499898,61,ee55fe00,0.0,0.0,0.0,0.0,0.0,0.0
2026-05-25 10:00:08.538254,1779717608.538254,11948962,57701234,139329028,347247841,86768633,9542007,61,ee55fe00,0.0,0.0,0.0,0.0,0.0,0.0
2026-05-25 10:00:08.549233,1779717608.549233,11948962,57701234,139329028,347247841,86768633,9542007,61,ee55fe00,0.0,0.0,0.0,0.0,0.0,0.0
2026-05-25 10:00:08.558472,1779717608.558472,11017558,62900346,135603482,319548799,78866070,11911284,61,ee55fe00,0.0,0.0,0.0,0.0,0.0,0.0
2026-05-25 10:00:08.568411,1779717608.568411,11017558,62900346,135603482,319548799,78866070,11911284,61,ee55fe00,0.0,0.0,0.0,0.0,0.0,0.0
2026-05-25 10:00:08.577615,1779717608.577615,10413694,66881006,132652375,287049526,69306572,13374211,61,ee55fe00,0.0,0.0,0.0,0.0,0.0,0.0
2026-05-25 10:00:08.587142,1779717608.587142,10413694,66881006,132652375,287049526,69306572,13374211,61,ee55fe00,0.0,0.0,0.0,0.0,0.0,0.0
2026-05-25 10:00:08.595057,1779717608.595057,9730776,70522680,130018630,250595476,59701610,14998756,61,ee55fe00,0.0,0.0,0.0,0.0,0.0,0.0
2026-05-25 10:00:08.619974,1779717608.619974,9730776,70522680,130018630,250595476,59701610,14998756,61,ee55fe00,0.0,0.0,0.0,0.0,0.0,0.0
2026-05-25 10:00:08.626656,1779717608.626656,8882558,74501045,127345057,211100130,49674657,16056618,61,ee55fe00,0.0,0.0,0.0,0.0,0.0,0.0
2026-05-25 10:00:08.632433,1779717608.632433,8882558,74501045,127345057,211100130,49674657,16056618,61,ee55fe00,0.0,0.0,0.0,0.0,0.0,0.0
2026-05-25 10:00:08.636816,1779717608.636816,8412418,78384545,124759759,167408845,38579860,16817885,61,ee55fe00,0.0,0.0,0.0,0.0,0.0,0.0
2026-05-25 10:00:08.642651,1779717608.642651,8412418,78384545,124759759,167408845,38579860,16817885,61,ee55fe00,0.0,0.0,0.0,0.0,0.0,0.0
2026-05-25 10:00:08.647141,1779717608.647141,8034395,82221276,122050161,120103236,26197007,16942215,61,ee55fe00,0.0,0.0,0.0,0.0,0.0,0.0
2026-05-25 10:00:08.651934,1779717608.651934,8034395,82221276,122050161,120103236,26197007,16942215,61,ee55fe00,0.0,0.0,0.0,0.0,0.0,0.0
2026-05-25 10:00:08.656461,1779717608.656461,7845830,84591906,119867299,69043800,12583052,16902669,61,ee55fe00,0.0,0.0,0.0,0.0,0.0,0.0
2026-05-25 10:00:08.661653,1779717608.661653,7845830,84591906,119867299,69043800,12583052,16902669,61,ee55fe00,0.0,0.0,0.0,0.0,0.0,0.0
2026-05-25 10:00:08.666124,1779717608.666124,7984094,85772657,118061936,15239348,-1513457,16296728,61,ee55fe00,0.0,0.0,0.0,0.0,0.0,0.0
2026-05-25 10:00:08.671513,1779717608.671513,7984094,85772657,118061936,15239348,-1513457,16296728,61,ee55fe00,0.0,0.0,0.0,0.0,0.0,0.0
2026-05-25 10:00:08.676295,1779717608.676295,8763162,85246749,117275931,-40242157,-15824902,14865575,61,ee55fe00,0.0,0.0,0.0,0.0,0.0,0.0
2026-05-25 10:00:08.681944,1779717608.681944,8763162,85246749,117275931,-40242157,-15824902,14865575,61,ee55fe00,0.0,0.0,0.0,0.0,0.0,0.0
2026-05-25 10:00:08.686989,1779717608.686989,9464919,83761096,117630895,-96067125,-29880514,12536393,61,ee55fe00,0.0,0.0,0.0,0.0,0.0,0.0
2026-05-25 10:00:08.692952,1779717608.692952,9464919,83761096,117630895,-96067125,-29880514,12536393,61,ee55fe00,0.0,0.0,0.0,0.0,0.0,0.0
2026-05-25 10:00:08.699325,1779717608.699325,10329913,81114736,119225380,-150845820,-44171561,9247128,61,ee55fe00,0.0,0.0,0.0,0.0,0.0,0.0
2026-05-25 10:00:08.706961,1779717608.706961,10329913,81114736,119225380,-150845820,-44171561,9247128,61,ee55fe00,0.0,0.0,0.0,0.0,0.0,0.0
2026-05-25 10:00:08.711578,1779717608.711578,10648277,78038107,121493148,-203928234,-59258859,5306722,61,ee55fe00,0.0,0.0,0.0,0.0,0.0,0.0
2026-05-25 10:00:08.716496,1779717608.716496,10648277,78038107,121493148,-203928234,-59258859,5306722,61,ee55fe00,0.0,0.0,0.0,0.0,0.0,0.0
2026-05-25 10:00:08.725281,1779717608.725281,11764353,74090817,123935708,-254566841,-75391950,598284,61,ee55fe00,0.0,0.0,0.0,0.0,0.0,0.0
2026-05-25 10:00:08.730112,1779717608.730112,11764353,74090817,123935708,-254566841,-75391950,598284,61,ee55fe00,0.0,0.0,0.0,0.0,0.0,0.0
2026-05-25 10:00:08.733597,1779717608.733597,13287401,69173174,126549391,-301844126,-90761336,-3998885,61,ee55fe00,0.0,0.0,0.0,0.0,0.0,0.0
2026-05-25 10:00:08.737669,1779717608.737669,13287401,69173174,126549391,-301844126,-90761336,-3998885,61,ee55fe00,0.0,0.0,0.0,0.0,0.0,0.0
2026-05-25 10:00:08.741270,1779717608.741270,15463623,64007239,129598281,-343572707,-103240541,-8333680,61,ee55fe00,0.0,0.0,0.0,0.0,0.0,0.0
2026-05-25 10:00:08.748291,1779717608.748291,15463623,64007239,129598281,-343572707,-103240541,-8333680,61,ee55fe00,0.0,0.0,0.0,0.0,0.0,0.0
2026-05-25 10:00:08.754724,1779717608.754724,17631949,58419921,133336195,-378459976,-111709157,-11261842,61,ee55fe00,0.0,0.0,0.0,0.0,0.0,0.0
2026-05-25 10:00:08.761805,1779717608.761805,17631949,58419921,133336195,-378459976,-111709157,-11261842,61,ee55fe00,0.0,0.0,0.0,0.0,0.0,0.0
2026-05-25 10:00:08.767823,1779717608.767823,18334596,53575103,137004749,-405438673,-115391127,-12229553,61,ee55fe00,0.0,0.0,0.0,0.0,0.0,0.0
2026-05-25 10:00:08.774927,1779717608.774927,18334596,53575103,137004749,-405438673,-115391127,-12229553,61,ee55fe00,0.0,0.0,0.0,0.0,0.0,0.0
2026-05-25 10:00:08.780869,1779717608.780869,19552102,47911459,140647031,-425158047,-114512059,-11037551,61,ee55fe00,0.0,0.0,0.0,0.0,0.0,0.0
2026-05-25 10:00:08.787451,1779717608.787451,19552102,47911459,140647031,-425158047,-114512059,-11037551,61,ee55fe00,0.0,0.0,0.0,0.0,0.0,0.0
2026-05-25 10:00:08.793054,1779717608.793054,20764927,43059926,143867584,-438770244,-109956716,-8718069,61,ee55fe00,0.0,0.0,0.0,0.0,0.0,0.0
2026-05-25 10:00:08.799559,1779717608.799559,20764927,43059926,143867584,-438770244,-109956716,-8718069,61,ee55fe00,0.0,0.0,0.0,0.0,0.0,0.0
2026-05-25 10:00:08.805273,1779717608.805273,22614922,37948548,147189024,-447360673,-103985544,-6491064,61,ee55fe00,0.0,0.0,0.0,0.0,0.0,0.0
2026-05-25 10:00:08.809102,1779717608.809102,22614922,37948548,147189024,-447360673,-103985544,-6491064,61,ee55fe00,0.0,0.0,0.0,0.0,0.0,0.0
2026-05-25 10:00:08.812402,1779717608.812402,24020796,33108164,150646285,-451884903,-97850585,-4913071,61,ee55fe00,0.0,0.0,0.0,0.0,0.0,0.0
2026-05-25 10:00:08.816041,1779717608.816041,24020796,33108164,150646285,-451884903,-97850585,-4913071,61,ee55fe00,0.0,0.0,0.0,0.0,0.0,0.0
2026-05-25 10:00:08.819400,1779717608.819400,24734752,27170126,155298797,-452572240,-93143210,-4695207,61,ee55fe00,0.0,0.0,0.0,0.0,0.0,0.0
2026-05-25 10:00:08.822896,1779717608.822896,24734752,27170126,155298797,-452572240,-93143210,-4695207,61,ee55fe00,0.0,0.0,0.0,0.0,0.0,0.0
2026-05-25 10:00:08.825877,1779717608.825877,24786910,20832242,161128188,-449070536,-90656239,-5754206,61,ee55fe00,0.0,0.0,0.0,0.0,0.0,0.0
2026-05-25 10:00:08.829401,1779717608.829401,24786910,20832242,161128188,-449070536,-90656239,-5754206,61,ee55fe00,0.0,0.0,0.0,0.0,0.0,0.0
2026-05-25 10:00:08.832605,1779717608.832605,24925406,13966356,168257558,-439625310,-90498181,-8307064,61,ee55fe00,0.0,0.0,0.0,0.0,0.0,0.0
2026-05-25 10:00:08.836076,1779717608.836076,24925406,13966356,168257558,-439625310,-90498181,-8307064,61,ee55fe00,0.0,0.0,0.0,0.0,0.0,0.0
2026-05-25 10:00:08.838982,1779717608.838982,25302589,7328613,175498075,-421950113,-90797433,-10725016,61,ee55fe00,0.0,0.0,0.0,0.0,0.0,0.0
2026-05-25 10:00:08.844807,1779717608.844807,25302589,7328613,175498075,-421950113,-90797433,-10725016,61,ee55fe00,0.0,0.0,0.0,0.0,0.0,0.0
2026-05-25 10:00:08.848008,1779717608.848008,26658754,-169987,181807397,-393670881,-87921061,-11907250,61,ee55fe00,0.0,0.0,0.0,0.0,0.0,0.0
2026-05-25 10:00:08.852039,1779717608.852039,26658754,-169987,181807397,-393670881,-87921061,-11907250,61,ee55fe00,0.0,0.0,0.0,0.0,0.0,0.0
2026-05-25 10:00:08.855580,1779717608.855580,28111778,-6269102,188044220,-353449474,-79502096,-11256486,61,ee55fe00,0.0,0.0,0.0,0.0,0.0,0.0
2026-05-25 10:00:08.859292,1779717608.859292,28111778,-6269102,188044220,-353449474,-79502096,-11256486,61,ee55fe00,0.0,0.0,0.0,0.0,0.0,0.0
2026-05-25 10:00:08.862818,1779717608.862818,30994653,-12797100,193576000,-300908298,-64420795,-8870423,61,ee55fe00,0.0,0.0,0.0,0.0,0.0,0.0
2026-05-25 10:00:08.866618,1779717608.866618,30994653,-12797100,193576000,-300908298,-64420795,-8870423,61,ee55fe00,0.0,0.0,0.0,0.0,0.0,0.0
2026-05-25 10:00:08.869654,1779717608.869654,33494498,-18906927,199714178,-234585945,-42486613,-5481167,61,ee55fe00,0.0,0.0,0.0,0.0,0.0,0.0
2026-05-25 10:00:08.873224,1779717608.873224,33494498,-18906927,199714178,-234585945,-42486613,-5481167,61,ee55fe00,0.0,0.0,0.0,0.0,0.0,0.0
2026-05-25 10:00:08.876669,1779717608.876669,35243620,-23974250,204563327,-156983802,-15593527,-997714,61,ee55fe00,0.0,0.0,0.0,0.0,0.0,0.0
2026-05-25 10:00:08.880738,1779717608.880738,35243620,-23974250,204563327,-156983802,-15593527,-997714,61,ee55fe00,0.0,0.0,0.0,0.0,0.0,0.0
2026-05-25 10:00:08.885538,1779717608.885538,35102288,-26045712,208089979,-71531210,13902960,3994477,61,ee55fe00,0.0,0.0,0.0,0.0,0.0,0.0
2026-05-25 10:00:08.890979,1779717608.890979,35102288,-26045712,208089979,-71531210,13902960,3994477,61,ee55fe00,0.0,0.0,0.0,0.0,0.0,0.0
2026-05-25 10:00:08.894524,1779717608.894524,33978649,-24736837,208351267,16052118,42912264,9819595,61,ee55fe00,0.0,0.0,0.0,0.0,0.0,0.0
2026-05-25 10:00:08.897912,1779717608.897912,33978649,-24736837,208351267,16052118,42912264,9819595,61,ee55fe00,0.0,0.0,0.0,0.0,0.0,0.0
2026-05-25 10:00:08.900973,1779717608.900973,30578407,-21387862,205449585,97987211,68278210,15443937,61,ee55fe00,0.0,0.0,0.0,0.0,0.0,0.0
2026-05-25 10:00:08.904461,1779717608.904461,30578407,-21387862,205449585,97987211,68278210,15443937,61,ee55fe00,0.0,0.0,0.0,0.0,0.0,0.0
2026-05-25 10:00:08.907612,1779717608.907612,28496049,-16224781,201012618,169647723,87715577,19155518,61,ee55fe00,0.0,0.0,0.0,0.0,0.0,0.0
2026-05-25 10:00:08.928094,1779717608.928094,28496049,-16224781,201012618,169647723,87715577,19155518,61,ee55fe00,0.0,0.0,0.0,0.0,0.0,0.0
2026-05-25 10:00:08.940956,1779717608.940956,26408771,-10943237,195486870,227707857,99095595,20964579,61,ee55fe00,0.0,0.0,0.0,0.0,0.0,0.0
2026-05-25 10:00:08.946347,1779717608.946347,26408771,-10943237,195486870,227707857,99095595,20964579,61,ee55fe00,0.0,0.0,0.0,0.0,0.0,0.0
2026-05-25 10:00:08.950948,1779717608.950948,25979496,-6116195,191186939,274600761,104357986,18954284,61,ee55fe00,0.0,0.0,0.0,0.0,0.0,0.0
2026-05-25 10:00:08.956316,1779717608.956316,25979496,-6116195,191186939,274600761,104357986,18954284,61,ee55fe00,0.0,0.0,0.0,0.0,0.0,0.0
2026-05-25 10:00:08.961165,1779717608.961165,25373194,-1926789,186407833,311594339,103981467,15405475,61,ee55fe00,0.0,0.0,0.0,0.0,0.0,0.0
2026-05-25 10:00:08.967287,1779717608.967287,25373194,-1926789,186407833,311594339,103981467,15405475,61,ee55fe00,0.0,0.0,0.0,0.0,0.0,0.0
2026-05-25 10:00:08.970125,1779717608.970125,23476213,2836044,182202082,340219553,99531488,10012149,61,ee55fe00,0.0,0.0,0.0,0.0,0.0,0.0
2026-05-25 10:00:08.975654,1779717608.975654,23476213,2836044,182202082,340219553,99531488,10012149,61,ee55fe00,0.0,0.0,0.0,0.0,0.0,0.0
2026-05-25 10:00:08.980379,1779717608.980379,22398980,7051783,178787265,362046500,91936190,4520617,61,ee55fe00,0.0,0.0,0.0,0.0,0.0,0.0
2026-05-25 10:00:08.985800,1779717608.985800,22398980,7051783,178787265,362046500,91936190,4520617,61,ee55fe00,0.0,0.0,0.0,0.0,0.0,0.0
2026-05-25 10:00:08.990475,1779717608.990475,20968224,10867829,176475084,380968809,83900772,-380598,61,ee55fe00,0.0,0.0,0.0,0.0,0.0,0.0
2026-05-25 10:00:08.995829,1779717608.995829,20968224,10867829,176475084,380968809,83900772,-380598,61,ee55fe00,0.0,0.0,0.0,0.0,0.0,0.0
2026-05-25 10:00:09.000463,1779717609.000463,20042255,14118586,174175235,398518311,77059534,-3748747,61,ee55fe00,0.0,0.0,0.0,0.0,0.0,0.0
2026-05-25 10:00:09.005978,1779717609.005978,20042255,14118586,174175235,398518311,77059534,-3748747,61,ee55fe00,0.0,0.0,0.0,0.0,0.0,0.0
2026-05-25 10:00:09.010678,1779717609.010678,18313131,17815888,171123498,414589420,72750632,-5084440,61,ee55fe00,0.0,0.0,0.0,0.0,0.0,0.0
2026-05-25 10:00:09.016025,1779717609.016025,18313131,17815888,171123498,414589420,72750632,-5084440,61,ee55fe00,0.0,0.0,0.0,0.0,0.0,0.0
2026-05-25 10:00:09.020570,1779717609.020570,17573147,23036296,167076647,428845183,70976689,-4803003,61,ee55fe00,0.0,0.0,0.0,0.0,0.0,0.0
2026-05-25 10:00:09.025587,1779717609.025587,17573147,23036296,167076647,428845183,70976689,-4803003,61,ee55fe00,0.0,0.0,0.0,0.0,0.0,0.0
2026-05-25 10:00:09.029693,1779717609.029693,16819951,28213655,162952890,439792927,71331200,-2662264,61,ee55fe00,0.0,0.0,0.0,0.0,0.0,0.0
2026-05-25 10:00:09.034568,1779717609.034568,16819951,28213655,162952890,439792927,71331200,-2662264,61,ee55fe00,0.0,0.0,0.0,0.0,0.0,0.0
2026-05-25 10:00:09.038657,1779717609.038657,16200914,33682386,158751089,447292022,72376426,470500,61,ee55fe00,0.0,0.0,0.0,0.0,0.0,0.0
2026-05-25 10:00:09.043582,1779717609.043582,16200914,33682386,158751089,447292022,72376426,470500,61,ee55fe00,0.0,0.0,0.0,0.0,0.0,0.0
