sys_datetime,unix_timestamp,gps_week,gps_seconds,ins_status,pose_quality,ins_lat,ins_lon,ins_height_m,ins_undulation_m,roll_deg,pitch_deg,azimuth_deg,roll_sig_deg,pitch_sig_deg,azimuth_sig_deg,vel_n_ms,vel_e_ms,vel_u_ms,speed_2d_ms,vel_n_sig_ms,vel_e_sig_ms,vel_u_sig_ms,veh_lat_acc_ms2,veh_long_acc_ms2,veh_vert_acc_ms2,veh_pitch_rate_degs,veh_roll_rate_degs,veh_yaw_rate_degs,veh_pitch_rate_rads,veh_roll_rate_rads,veh_yaw_rate_rads,raw_accel_x_lsb,raw_accel_y_lsb,raw_accel_z_lsb,raw_gyro_x_lsb,raw_gyro_y_lsb,raw_gyro_z_lsb,imu_type,imu_status_hex,gnss_lat,gnss_lon,gnss_height_m,gnss_undulation_m,gnss_sol_status,gnss_pos_type,gnss_sol_quality,gnss_lat_sig_m,gnss_lon_sig_m,gnss_height_sig_m,gnss_num_svs,gnss_num_used,gnss_diff_age_s,gnss_sol_age_s,ext_pos_update,ext_vel_update,ext_att_update,ext_phase_update,ext_zero_vel,ext_wheel_sensor,ext_heading_update,ext_ins_enabled,ext_heading_align,spec_analysis_type,spec_band_id,spec_center_freq_hz,spec_bandwidth_hz,spec_power_dbm,spec_noise_dbm
2026-05-25 08:38:37.203639,1779712717.203639,2420,131920.0,,,,,,,,,,,,,,,,0.0000,,,,0.0,0.0,0.0,0.0,0.0,0.0,0.0,0.0,0.0,2319012,-1583483,164312375,39691,-18962,88529,61,0ca7fe00,43.5153387436,-79.68389153629,185.9181,-37.1,SOL_COMPUTED,SINGLE,good,2.2702,2.0588,3.9987,13,8,0.0,0.0,0,0,0,0,0,0,0,0,0,—,—,0.0,0.0,0.0,0.0
2026-05-25 08:38:37.425156,1779712717.425156,2420,131921.0,,,,,,,,,,,,,,,,0.0000,,,,0.0,0.0,0.0,0.0,0.0,0.0,0.0,0.0,0.0,2085528,-1788987,164287103,26290,-149449,93592,61,0ca2fe00,43.51533864535,-79.68388983618,186.2268,-37.1,SOL_COMPUTED,SINGLE,good,2.2717,2.0594,4.0053,14,8,0.0,0.0,0,0,0,0,0,0,0,0,0,—,—,0.0,0.0,0.0,0.0
2026-05-25 08:38:37.663173,1779712717.663173,2420,131935.0,,,,,,,,,,,,,,,,0.0000,,,,0.0,0.0,0.0,0.0,0.0,0.0,0.0,0.0,0.0,1805340,-1685392,163977760,72651,-37396,86214,61,0c57fe00,43.51531166755,-79.68385526471,183.5406,-37.1,SOL_COMPUTED,SINGLE,good,2.0216,2.0583,3.5585,16,10,0.0,0.0,0,0,0,0,0,0,0,0,0,—,—,0.0,0.0,0.0,0.0
2026-05-25 08:38:37.900325,1779712717.900325,2420,131936.0,,,,,,,,,,,,,,,,0.0000,,,,0.0,0.0,0.0,0.0,0.0,0.0,0.0,0.0,0.0,2097746,-1807057,164294284,127342,223018,106115,61,0c51fe00,43.5153107234,-79.68385157623,183.6502,-37.1,SOL_COMPUTED,SINGLE,good,2.03,2.0578,3.5764,16,10,0.0,0.0,0,0,0,0,0,0,0,0,0,—,—,0.0,0.0,0.0,0.0
2026-05-25 08:38:38.611215,1779712718.611215,2420,131937.0,,,,,,,,,,,,,,,,0.0000,,,,0.0,0.0,0.0,0.0,0.0,0.0,0.0,0.0,0.0,2090614,-1505562,164219053,437,-89554,86139,61,0c4cfe00,43.51531480701,-79.68384736019,184.7383,-37.1,SOL_COMPUTED,SINGLE,good,2.0242,2.0561,3.5651,16,10,0.0,0.0,0,0,0,0,0,0,0,0,0,—,—,0.0,0.0,0.0,0.0
2026-05-25 08:38:39.606713,1779712719.606713,2420,131938.0,,,,,,,,,,,,,,,,0.0000,,,,0.0,0.0,0.0,0.0,0.0,0.0,0.0,0.0,0.0,2215258,-1787194,164360703,29800,-209561,11302,61,0c46fe00,43.51532064738,-79.68384232999,186.2131,-37.1,SOL_COMPUTED,SINGLE,good,2.0181,2.0547,3.5557,16,10,0.0,0.0,0,0,0,0,0,0,0,0,0,—,—,0.0,0.0,0.0,0.0
2026-05-25 08:38:40.608093,1779712720.608093,2420,131939.0,,,,,,,,,,,,,,,,0.0000,,,,0.0,0.0,0.0,0.0,0.0,0.0,0.0,0.0,0.0,1688431,-1704436,163954715,16898,-52792,81009,61,0c41fe00,43.51539291249,-79.68395101765,175.9521,-37.1,SOL_COMPUTED,SINGLE,good,1.5861,1.5109,3.1887,16,11,0.0,0.0,0,0,0,0,0,0,0,0,0,—,—,0.0,0.0,0.0,0.0
2026-05-25 08:38:41.607772,1779712721.607772,2420,131940.0,,,,,,,,,,,,,,,,0.0000,,,,0.0,0.0,0.0,0.0,0.0,0.0,0.0,0.0,0.0,2268929,-1519133,164289353,13638,19701,93632,61,0c3bfe00,43.51538773703,-79.68394869852,174.9696,-37.1,SOL_COMPUTED,SINGLE,good,1.5769,1.5138,3.1799,16,11,0.0,0.0,0,0,0,0,0,0,0,0,0,—,—,0.0,0.0,0.0,0.0
2026-05-25 08:38:42.608577,1779712722.608577,2420,131941.0,,,,,,,,,,,,,,,,0.0000,,,,0.0,0.0,0.0,0.0,0.0,0.0,0.0,0.0,0.0,2545478,-1813353,164927338,71578,-129945,64658,61,0c35fe00,43.51538228908,-79.68394562033,174.0141,-37.1,SOL_COMPUTED,SINGLE,good,1.5769,1.5115,3.178,16,11,0.0,0.0,0,0,0,0,0,0,0,0,0,—,—,0.0,0.0,0.0,0.0
2026-05-25 08:38:43.607156,1779712723.607156,2420,131942.0,,,,,,,,,,,,,,,,0.0000,,,,0.0,0.0,0.0,0.0,0.0,0.0,0.0,0.0,0.0,2241846,-1762231,164318148,10627,-16654,60601,61,0c30fe00,43.51537989466,-79.68394278753,173.5835,-37.1,SOL_COMPUTED,SINGLE,good,1.5789,1.5126,3.1797,16,11,0.0,0.0,0,0,0,0,0,0,0,0,0,—,—,0.0,0.0,0.0,0.0
2026-05-25 08:38:44.606951,1779712724.606951,2420,131943.0,,,,,,,,,,,,,,,,0.0000,,,,0.0,0.0,0.0,0.0,0.0,0.0,0.0,0.0,0.0,2165893,-1798453,164326719,32079,-51703,96799,61,0c2afe00,43.51538232707,-79.68394024593,174.0055,-37.1,SOL_COMPUTED,SINGLE,good,1.5795,1.5101,3.1784,16,11,0.0,0.0,0,0,0,0,0,0,0,0,0,—,—,0.0,0.0,0.0,0.0
2026-05-25 08:38:45.607896,1779712725.607896,2420,131944.0,,,,,,,,,,,,,,,,0.0000,,,,0.0,0.0,0.0,0.0,0.0,0.0,0.0,0.0,0.0,2213590,-1757046,164324268,34771,-20421,95282,61,0c25fe00,43.51538025245,-79.68393781819,173.6618,-37.1,SOL_COMPUTED,SINGLE,good,1.58,1.5125,3.1779,16,11,0.0,0.0,0,0,0,0,0,0,0,0,0,—,—,0.0,0.0,0.0,0.0
2026-05-25 08:38:46.607193,1779712726.607193,2420,131945.0,,,,,,,,,,,,,,,,0.0000,,,,0.0,0.0,0.0,0.0,0.0,0.0,0.0,0.0,0.0,2175732,-1757755,164325419,7452,-27332,92339,61,0c1ffe00,43.51538170999,-79.68393539072,173.5839,-37.1,SOL_COMPUTED,SINGLE,good,1.5746,1.5123,3.1509,16,12,0.0,0.0,0,0,0,0,0,0,0,0,0,—,—,0.0,0.0,0.0,0.0
2026-05-25 08:38:47.607363,1779712727.607363,2420,131946.0,,,,,,,,,,,,,,,,0.0000,,,,0.0,0.0,0.0,0.0,0.0,0.0,0.0,0.0,0.0,1986646,-1843982,164227111,-3938,19909,102983,61,0c1afe00,43.5153825922,-79.68393354806,173.6245,-37.1,SOL_COMPUTED,SINGLE,good,1.5768,1.5135,3.1557,16,12,0.0,0.0,0,0,0,0,0,0,0,0,0,—,—,0.0,0.0,0.0,0.0
2026-05-25 08:38:48.621069,1779712728.621069,2420,131947.0,,,,,,,,,,,,,,,,0.0000,,,,0.0,0.0,0.0,0.0,0.0,0.0,0.0,0.0,0.0,2021663,-1855728,164192872,33518,36979,85803,61,0c15fe00,43.51538200936,-79.68393091645,173.4593,-37.1,SOL_COMPUTED,SINGLE,good,1.5768,1.5132,3.1554,16,12,0.0,0.0,0,0,0,0,0,0,0,0,0,—,—,0.0,0.0,0.0,0.0
2026-05-25 08:38:49.607476,1779712729.607476,2420,131948.0,,,,,,,,,,,,,,,,0.0000,,,,0.0,0.0,0.0,0.0,0.0,0.0,0.0,0.0,0.0,2283330,-1374916,164308932,20633,-22316,44920,61,0c0ffe00,43.51538132865,-79.68392947418,173.5511,-37.1,SOL_COMPUTED,SINGLE,good,1.5345,1.5041,2.7921,16,13,0.0,0.0,0,0,0,0,0,0,0,0,0,—,—,0.0,0.0,0.0,0.0
2026-05-25 08:38:50.606767,1779712730.606767,2420,131949.0,,,,,,,,,,,,,,,,0.0000,,,,0.0,0.0,0.0,0.0,0.0,0.0,0.0,0.0,0.0,2240034,-1645056,164342069,17871,-87548,95653,61,0c09fe00,43.51538255154,-79.68392816239,173.7428,-37.1,SOL_COMPUTED,SINGLE,good,1.5019,1.4588,2.612,16,15,0.0,0.0,0,0,0,0,0,0,0,0,0,—,—,0.0,0.0,0.0,0.0
2026-05-25 08:38:51.607516,1779712731.607516,2420,131950.0,,,,,,,,,,,,,,,,0.0000,,,,0.0,0.0,0.0,0.0,0.0,0.0,0.0,0.0,0.0,2124941,-1650066,164331241,10425,-11311,106277,61,0c04fe00,43.51538120304,-79.68392667596,173.512,-37.1,SOL_COMPUTED,SINGLE,good,1.4992,1.4596,2.6108,16,15,0.0,0.0,0,0,0,0,0,0,0,0,0,—,—,0.0,0.0,0.0,0.0
2026-05-25 08:38:52.608048,1779712732.608048,2420,131951.0,,,,,,,,,,,,,,,,0.0000,,,,0.0,0.0,0.0,0.0,0.0,0.0,0.0,0.0,0.0,2081035,-1764404,164257368,-2614,-48976,116575,61,0bfefe00,43.51538104964,-79.68392526549,173.5434,-37.1,SOL_COMPUTED,SINGLE,good,1.503,1.461,2.6149,16,15,0.0,0.0,0,0,0,0,0,0,0,0,0,—,—,0.0,0.0,0.0,0.0
2026-05-25 08:38:53.608271,1779712733.608271,2420,131952.0,,,,,,,,,,,,,,,,0.0000,,,,0.0,0.0,0.0,0.0,0.0,0.0,0.0,0.0,0.0,2209343,-1666997,164311826,36091,-30675,87211,61,0bf8fe00,43.51538051562,-79.68392426728,173.525,-37.1,SOL_COMPUTED,SINGLE,good,1.5004,1.4621,2.6105,16,15,0.0,0.0,0,0,0,0,0,0,0,0,0,—,—,0.0,0.0,0.0,0.0
2026-05-25 08:38:54.610090,1779712734.610090,2420,131953.0,,,,,,,,,,,,,,,,0.0000,,,,0.0,0.0,0.0,0.0,0.0,0.0,0.0,0.0,0.0,2347550,-1429111,164415397,82244,-48180,98936,61,0bf3fe00,43.51538001863,-79.68392341071,173.4163,-37.1,SOL_COMPUTED,SINGLE,good,1.5014,1.4615,2.6131,16,15,0.0,0.0,0,0,0,0,0,0,0,0,0,—,—,0.0,0.0,0.0,0.0
2026-05-25 08:38:55.607702,1779712735.607702,2420,131954.0,,,,,,,,,,,,,,,,0.0000,,,,0.0,0.0,0.0,0.0,0.0,0.0,0.0,0.0,0.0,2352768,-1811099,164370978,-17477,-133663,77494,61,0bedfe00,43.51537940223,-79.68392288176,173.2962,-37.1,SOL_COMPUTED,SINGLE,good,1.5012,1.4582,2.6138,16,15,0.0,0.0,0,0,0,0,0,0,0,0,0,—,—,0.0,0.0,0.0,0.0
2026-05-25 08:38:56.610765,1779712736.610765,2420,131955.0,,,,,,,,,,,,,,,,0.0000,,,,0.0,0.0,0.0,0.0,0.0,0.0,0.0,0.0,0.0,2206953,-1826730,164283691,32532,-53054,106913,61,0be8fe00,43.51537920423,-79.68392218673,173.2544,-37.1,SOL_COMPUTED,SINGLE,good,1.4987,1.4573,2.6091,16,15,0.0,0.0,0,0,0,0,0,0,0,0,0,—,—,0.0,0.0,0.0,0.0
2026-05-25 08:38:57.616420,1779712737.616420,2420,131956.0,,,,,,,,,,,,,,,,0.0000,,,,0.0,0.0,0.0,0.0,0.0,0.0,0.0,0.0,0.0,2331151,-1659577,164300017,171676,77823,134195,61,0be2fe00,43.51537863574,-79.68392167421,173.0652,-37.1,SOL_COMPUTED,SINGLE,good,1.4969,1.4551,2.6082,16,15,0.0,0.0,0,0,0,0,0,0,0,0,0,—,—,0.0,0.0,0.0,0.0
2026-05-25 08:38:58.610846,1779712738.610846,2420,131957.0,,,,,,,,,,,,,,,,0.0000,,,,0.0,0.0,0.0,0.0,0.0,0.0,0.0,0.0,0.0,2633973,-1548427,164598033,-46022,-38735,75805,61,0bdcfe00,43.5153787671,-79.68392154618,172.899,-37.1,SOL_COMPUTED,SINGLE,good,1.4961,1.4575,2.6116,16,15,0.0,0.0,0,0,0,0,0,0,0,0,0,—,—,0.0,0.0,0.0,0.0
2026-05-25 08:38:59.611410,1779712739.611410,2420,131958.0,,,,,,,,,,,,,,,,0.0000,,,,0.0,0.0,0.0,0.0,0.0,0.0,0.0,0.0,0.0,2196134,-1748635,164286811,-269860,-85313,-356452,61,0bd7fe00,43.51537886617,-79.68392156152,172.8108,-37.1,SOL_COMPUTED,SINGLE,good,1.4931,1.4548,2.6072,16,15,0.0,0.0,0,0,0,0,0,0,0,0,0,—,—,0.0,0.0,0.0,0.0
2026-05-25 08:39:00.629587,1779712740.629587,2420,131959.0,,,,,,,,,,,,,,,,0.0000,,,,0.0,0.0,0.0,0.0,0.0,0.0,0.0,0.0,0.0,2085100,-1665290,164170081,179190,-122588,-50464,61,0bd1fe00,43.51537908595,-79.68392178964,172.7102,-37.1,SOL_COMPUTED,SINGLE,good,1.4939,1.4551,2.6105,16,15,0.0,0.0,0,0,0,0,0,0,0,0,0,—,—,0.0,0.0,0.0,0.0
2026-05-25 08:39:01.611327,1779712741.611327,2420,131960.0,,,,,,,,,,,,,,,,0.0000,,,,0.0,0.0,0.0,0.0,0.0,0.0,0.0,0.0,0.0,2211126,-1729551,164220696,61538,-3064,125656,61,0bcbfe00,43.51528070126,-79.68378691386,182.786,-37.1,SOL_COMPUTED,SINGLE,good,1.765,1.7873,2.9641,16,15,0.0,0.0,0,0,0,0,0,0,0,0,0,—,—,0.0,0.0,0.0,0.0
2026-05-25 08:39:02.626001,1779712742.626001,2420,131961.0,,,,,,,,,,,,,,,,0.0000,,,,0.0,0.0,0.0,0.0,0.0,0.0,0.0,0.0,0.0,2261346,-1879398,164282341,95453,46931,99019,61,0bc6fe00,43.51528166223,-79.68378874333,182.6945,-37.1,SOL_COMPUTED,SINGLE,good,1.7625,1.7854,2.9601,16,15,0.0,0.0,0,0,0,0,0,0,0,0,0,—,—,0.0,0.0,0.0,0.0
2026-05-25 08:39:03.611556,1779712743.611556,2420,131962.0,,,,,,,,,,,,,,,,0.0000,,,,0.0,0.0,0.0,0.0,0.0,0.0,0.0,0.0,0.0,2329042,-1803129,164296488,51545,-8437,62798,61,0bc0fe00,43.51528262612,-79.68379083315,182.6193,-37.1,SOL_COMPUTED,SINGLE,good,1.7625,1.789,2.9507,16,15,0.0,0.0,0,0,0,0,0,0,0,0,0,—,—,0.0,0.0,0.0,0.0
2026-05-25 08:39:04.621818,1779712744.621818,2420,131963.0,,,,,,,,,,,,,,,,0.0000,,,,0.0,0.0,0.0,0.0,0.0,0.0,0.0,0.0,0.0,2143960,-1956751,164223473,115181,100400,93443,61,0bbafe00,43.51528389893,-79.68379343355,182.4815,-37.1,SOL_COMPUTED,SINGLE,good,1.7617,1.7857,2.9589,16,15,0.0,0.0,0,0,0,0,0,0,0,0,0,—,—,0.0,0.0,0.0,0.0
2026-05-25 08:39:05.612715,1779712745.612715,2420,131964.0,,,,,,,,,,,,,,,,0.0000,,,,0.0,0.0,0.0,0.0,0.0,0.0,0.0,0.0,0.0,2415311,-1959845,164337497,22776,-65564,40864,61,0bb5fe00,43.5152851067,-79.68379622275,182.386,-37.1,SOL_COMPUTED,SINGLE,good,1.7608,1.788,2.952,16,15,0.0,0.0,0,0,0,0,0,0,0,0,0,—,—,0.0,0.0,0.0,0.0
2026-05-25 08:39:06.610093,1779712746.610093,2420,131965.0,,,,,,,,,,,,,,,,0.0000,,,,0.0,0.0,0.0,0.0,0.0,0.0,0.0,0.0,0.0,2281239,-1957919,164386231,45299,-18880,83449,61,0baffe00,43.51528623963,-79.68379834459,182.2682,-37.1,SOL_COMPUTED,SINGLE,good,1.7583,1.7879,2.9464,16,15,0.0,0.0,0,0,0,0,0,0,0,0,0,—,—,0.0,0.0,0.0,0.0
2026-05-25 08:39:07.609170,1779712747.609170,2420,131966.0,,,,,,,,,,,,,,,,0.0000,,,,0.0,0.0,0.0,0.0,0.0,0.0,0.0,0.0,0.0,1772516,-1927366,164146621,279229,545417,401007,61,0ba9fe00,43.51528761877,-79.68380162293,182.1811,-37.1,SOL_COMPUTED,SINGLE,good,1.7601,1.7859,2.948,16,15,0.0,0.0,0,0,0,0,0,0,0,0,0,—,—,0.0,0.0,0.0,0.0
2026-05-25 08:39:08.609354,1779712748.609354,2420,131967.0,,,,,,,,,,,,,,,,0.0000,,,,0.0,0.0,0.0,0.0,0.0,0.0,0.0,0.0,0.0,2497578,-1468529,164379034,-7106,-215292,56870,61,0ba3fe00,43.51528882446,-79.6838053468,182.0762,-37.1,SOL_COMPUTED,SINGLE,good,1.7699,1.7915,2.9689,16,15,0.0,0.0,0,0,0,0,0,0,0,0,0,—,—,0.0,0.0,0.0,0.0
2026-05-25 08:39:09.607087,1779712749.607087,2420,131968.0,,,,,,,,,,,,,,,,0.0000,,,,0.0,0.0,0.0,0.0,0.0,0.0,0.0,0.0,0.0,-64506747,-242463,134748702,14905907,-26900166,-40264560,61,0b9efe00,43.51528992614,-79.68380822865,181.9618,-37.1,SOL_COMPUTED,SINGLE,good,1.7792,1.8013,2.9951,16,15,0.0,0.0,0,0,0,0,0,0,0,0,0,—,—,0.0,0.0,0.0,0.0
2026-05-25 08:39:10.610605,1779712750.610605,2420,131969.0,,,,,,,,,,,,,,,,0.0000,,,,0.0,0.0,0.0,0.0,0.0,0.0,0.0,0.0,0.0,-68477843,494384,134945664,2951183,149522090,-1070843,61,0b98fe00,43.51529171847,-79.68381290174,181.8242,-37.1,SOL_COMPUTED,SINGLE,good,1.7785,1.7972,3.0007,16,15,0.0,0.0,0,0,0,0,0,0,0,0,0,—,—,0.0,0.0,0.0,0.0
2026-05-25 08:39:11.609793,1779712751.609793,2420,131970.0,,,,,,,,,,,,,,,,0.0000,,,,0.0,0.0,0.0,0.0,0.0,0.0,0.0,0.0,0.0,-85204887,-4628490,115642742,28871070,-49378104,-60615311,61,0b92fe00,43.51529362753,-79.68381770313,181.6229,-37.1,SOL_COMPUTED,SINGLE,good,1.7768,1.7975,2.9925,16,15,0.0,0.0,0,0,0,0,0,0,0,0,0,—,—,0.0,0.0,0.0,0.0
2026-05-25 08:39:12.619940,1779712752.619940,2420,131971.0,,,,,,,,,,,,,,,,0.0000,,,,0.0,0.0,0.0,0.0,0.0,0.0,0.0,0.0,0.0,-24077377,-4990053,160523678,-7039262,-390150099,-3919334,61,0b8cfe00,43.51529604622,-79.6838229467,181.3671,-37.1,SOL_COMPUTED,SINGLE,good,1.7685,1.7948,2.9696,16,15,0.0,0.0,0,0,0,0,0,0,0,0,0,—,—,0.0,0.0,0.0,0.0
2026-05-25 08:39:13.611989,1779712753.611989,2420,131972.0,,,,,,,,,,,,,,,,0.0000,,,,0.0,0.0,0.0,0.0,0.0,0.0,0.0,0.0,0.0,-22179158,-1386796,161355551,-8914381,373159140,92844303,61,0b86fe00,43.51529720699,-79.68382602975,181.21,-37.1,SOL_COMPUTED,SINGLE,good,1.7767,1.7946,2.9886,16,15,0.0,0.0,0,0,0,0,0,0,0,0,0,—,—,0.0,0.0,0.0,0.0
2026-05-25 08:39:14.612379,1779712754.612379,2420,131973.0,,,,,,,,,,,,,,,,0.0000,,,,0.0,0.0,0.0,0.0,0.0,0.0,0.0,0.0,0.0,-72519879,-6547506,119419939,3463195,-236624951,-17501189,61,0b81fe00,43.51529816699,-79.68382868999,181.03,-37.1,SOL_COMPUTED,SINGLE,good,1.782,1.7985,3.0129,16,15,0.0,0.0,0,0,0,0,0,0,0,0,0,—,—,0.0,0.0,0.0,0.0
2026-05-25 08:39:15.608603,1779712755.608603,2420,131974.0,,,,,,,,,,,,,,,,0.0000,,,,0.0,0.0,0.0,0.0,0.0,0.0,0.0,0.0,0.0,8361734,-3597959,204537494,22008734,323289140,12799950,61,0b7bfe00,43.51530058872,-79.68383379751,180.6051,-37.1,SOL_COMPUTED,SINGLE,good,1.7699,1.7941,2.9714,16,15,0.0,0.0,0,0,0,0,0,0,0,0,0,—,—,0.0,0.0,0.0,0.0
2026-05-25 08:39:16.609838,1779712756.609838,2420,131975.0,,,,,,,,,,,,,,,,0.0000,,,,0.0,0.0,0.0,0.0,0.0,0.0,0.0,0.0,0.0,-65298,-820870,163515297,-137225,-189267,-253409,61,0b75fe00,43.51530238615,-79.6838385145,180.2834,-37.1,SOL_COMPUTED,SINGLE,good,1.7729,1.7948,2.9732,16,15,0.0,0.0,0,0,0,0,0,0,0,0,0,—,—,0.0,0.0,0.0,0.0
2026-05-25 08:39:17.611675,1779712757.611675,2420,131976.0,,,,,,,,,,,,,,,,0.0000,,,,0.0,0.0,0.0,0.0,0.0,0.0,0.0,0.0,0.0,2912723,-2359254,164818745,-227609,-119181,166919,61,0b70fe00,43.51530371051,-79.68384254749,179.9959,-37.1,SOL_COMPUTED,SINGLE,good,1.7758,1.7947,2.9701,16,15,0.0,0.0,0,0,0,0,0,0,0,0,0,—,—,0.0,0.0,0.0,0.0
2026-05-25 08:39:18.612737,1779712758.612737,2420,131977.0,,,,,,,,,,,,,,,,0.0000,,,,0.0,0.0,0.0,0.0,0.0,0.0,0.0,0.0,0.0,2002623,-2094012,164299675,-71862,-296433,140357,61,0b69fe00,43.51530451331,-79.68384542844,179.7854,-37.1,SOL_COMPUTED,SINGLE,good,1.7735,1.795,2.9755,16,15,0.0,0.0,0,0,0,0,0,0,0,0,0,—,—,0.0,0.0,0.0,0.0
2026-05-25 08:39:19.609456,1779712759.609456,2420,131978.0,,,,,,,,,,,,,,,,0.0000,,,,0.0,0.0,0.0,0.0,0.0,0.0,0.0,0.0,0.0,1546999,-2259922,163777040,-114018,100266,84660,61,0b64fe00,43.51530507029,-79.68384811609,179.5747,-37.1,SOL_COMPUTED,SINGLE,good,1.7647,1.7929,2.9636,16,15,0.0,0.0,0,0,0,0,0,0,0,0,0,—,—,0.0,0.0,0.0,0.0
2026-05-25 08:39:20.610758,1779712760.610758,2420,131979.0,,,,,,,,,,,,,,,,0.0000,,,,0.0,0.0,0.0,0.0,0.0,0.0,0.0,0.0,0.0,2961491,-2047334,164832866,75959,-177773,-48738,61,0b5efe00,43.51530540725,-79.68385020075,179.3829,-37.1,SOL_COMPUTED,SINGLE,good,1.7613,1.7915,2.9542,16,15,0.0,0.0,0,0,0,0,0,0,0,0,0,—,—,0.0,0.0,0.0,0.0
2026-05-25 08:39:21.607485,1779712761.607485,2420,131980.0,,,,,,,,,,,,,,,,0.0000,,,,0.0,0.0,0.0,0.0,0.0,0.0,0.0,0.0,0.0,2070317,-1962796,164251129,-129628,12233,148083,61,0b58fe00,43.51539570589,-79.68403589453,171.8671,-37.1,SOL_COMPUTED,SINGLE,good,1.4527,1.592,2.6044,16,15,0.0,0.0,0,0,0,0,0,0,0,0,0,—,—,0.0,0.0,0.0,0.0
2026-05-25 08:39:22.613669,1779712762.613669,2420,131981.0,,,,,,,,,,,,,,,,0.0000,,,,0.0,0.0,0.0,0.0,0.0,0.0,0.0,0.0,0.0,2251926,-1667711,164336953,-97186,-162830,89655,61,0b52fe00,43.51539619781,-79.68403890579,171.7237,-37.1,SOL_COMPUTED,SINGLE,good,1.4521,1.5913,2.6036,16,15,0.0,0.0,0,0,0,0,0,0,0,0,0,—,—,0.0,0.0,0.0,0.0
2026-05-25 08:39:23.607722,1779712763.607722,2420,131982.0,,,,,,,,,,,,,,,,0.0000,,,,0.0,0.0,0.0,0.0,0.0,0.0,0.0,0.0,0.0,2704216,-2118360,164630558,-12135,-269432,54210,61,0b4cfe00,43.51539683572,-79.68404124941,171.5652,-37.1,SOL_COMPUTED,SINGLE,good,1.4516,1.5912,2.6048,17,15,0.0,0.0,0,0,0,0,0,0,0,0,0,—,—,0.0,0.0,0.0,0.0
2026-05-25 08:39:24.614017,1779712764.614017,2420,131983.0,,,,,,,,,,,,,,,,0.0000,,,,0.0,0.0,0.0,0.0,0.0,0.0,0.0,0.0,0.0,2104461,-1593170,164126392,133770,34093,79541,61,0b46fe00,43.51539746344,-79.68404323832,171.3545,-37.1,SOL_COMPUTED,SINGLE,good,1.4523,1.5922,2.6063,17,15,0.0,0.0,0,0,0,0,0,0,0,0,0,—,—,0.0,0.0,0.0,0.0
2026-05-25 08:39:25.610401,1779712765.610401,2420,131984.0,,,,,,,,,,,,,,,,0.0000,,,,0.0,0.0,0.0,0.0,0.0,0.0,0.0,0.0,0.0,2452540,-1423184,164207885,39200,-82893,66322,61,0b41fe00,43.51539804415,-79.68404485673,171.1465,-37.1,SOL_COMPUTED,SINGLE,good,1.453,1.5932,2.6069,17,15,0.0,0.0,0,0,0,0,0,0,0,0,0,—,—,0.0,0.0,0.0,0.0
2026-05-25 08:39:26.609720,1779712766.609720,2420,131985.0,,,,,,,,,,,,,,,,0.0000,,,,0.0,0.0,0.0,0.0,0.0,0.0,0.0,0.0,0.0,1890206,-1824139,164092884,-66608,-344518,27644,61,0b3bfe00,43.51539868412,-79.68404637901,170.9643,-37.1,SOL_COMPUTED,SINGLE,good,1.4527,1.5927,2.6096,17,15,0.0,0.0,0,0,0,0,0,0,0,0,0,SPECTRUMANALYSIS,L1,1575.159,2.417,-72.0,-132.915
2026-05-25 08:39:27.607515,1779712767.607515,2420,131986.0,,,,,,,,,,,,,,,,0.0000,,,,0.0,0.0,0.0,0.0,0.0,0.0,0.0,0.0,0.0,2102751,-1906182,164082334,-103680,-124861,93093,61,0b35fe00,43.51539895862,-79.68404739968,170.7791,-37.1,SOL_COMPUTED,SINGLE,good,1.4526,1.5928,2.6071,17,15,0.0,0.0,0,0,0,0,0,0,0,0,0,SPECTRUMANALYSIS,L1,1575.159,2.417,-72.0,-132.915
2026-05-25 08:39:28.612327,1779712768.612327,2420,131987.0,,,,,,,,,,,,,,,,0.0000,,,,0.0,0.0,0.0,0.0,0.0,0.0,0.0,0.0,0.0,2123287,-1740956,164155324,69785,30666,102473,61,0b2ffe00,43.51539922991,-79.68404836,170.6368,-37.1,SOL_COMPUTED,SINGLE,good,1.4522,1.5916,2.6115,17,15,0.0,0.0,0,0,0,0,0,0,0,0,0,SPECTRUMANALYSIS,L1,1575.159,2.417,-72.0,-132.915
2026-05-25 08:39:29.607351,1779712769.607351,2420,131988.0,,,,,,,,,,,,,,,,0.0000,,,,0.0,0.0,0.0,0.0,0.0,0.0,0.0,0.0,0.0,2220357,-1706126,164175288,-31903,-50766,127616,61,0b29fe00,43.51539905484,-79.6840492979,170.5112,-37.1,SOL_COMPUTED,SINGLE,good,1.4525,1.5915,2.6173,17,15,0.0,0.0,0,0,0,0,0,0,0,0,0,—,—,0.0,0.0,0.0,0.0
2026-05-25 08:39:30.611968,1779712770.611968,2420,131989.0,,,,,,,,,,,,,,,,0.0000,,,,0.0,0.0,0.0,0.0,0.0,0.0,0.0,0.0,0.0,2054286,-1733916,164168444,-60862,-25339,101306,61,0b24fe00,43.51539600878,-79.68405271379,169.2165,-37.1,SOL_COMPUTED,SINGLE,good,1.454,1.5932,2.6216,17,15,0.0,0.0,0,0,0,0,0,0,0,0,0,—,—,0.0,0.0,0.0,0.0
2026-05-25 08:39:31.608010,1779712771.608010,2420,131990.0,,,,,,,,,,,,,,,,0.0000,,,,0.0,0.0,0.0,0.0,0.0,0.0,0.0,0.0,0.0,2193777,-1931918,164341640,-41173,-135898,68743,61,0b1efe00,43.51539763494,-79.68405121497,169.6843,-37.1,SOL_COMPUTED,SINGLE,good,1.4792,1.6066,2.7848,16,14,0.0,0.0,0,0,0,0,0,0,0,0,0,—,—,0.0,0.0,0.0,0.0
2026-05-25 08:39:32.609859,1779712772.609859,2420,131991.0,,,,,,,,,,,,,,,,0.0000,,,,0.0,0.0,0.0,0.0,0.0,0.0,0.0,0.0,0.0,2411540,-2017147,164465565,269469,-56610,58528,61,0b18fe00,43.51539241213,-79.68405688729,167.5804,-37.1,SOL_COMPUTED,SINGLE,good,1.453,1.5917,2.6201,17,15,0.0,0.0,0,0,0,0,0,0,0,0,0,—,—,0.0,0.0,0.0,0.0
2026-05-25 08:39:33.611754,1779712773.611754,2420,131992.0,,,,,,,,,,,,,,,,0.0000,,,,0.0,0.0,0.0,0.0,0.0,0.0,0.0,0.0,0.0,2345141,-1815435,164242067,-40827,-24233,129117,61,0b12fe00,43.51539316948,-79.68405558444,167.7769,-37.1,SOL_COMPUTED,SINGLE,good,1.4543,1.5941,2.6171,17,15,0.0,0.0,0,0,0,0,0,0,0,0,0,—,—,0.0,0.0,0.0,0.0
2026-05-25 08:39:34.608657,1779712774.608657,2420,131993.0,,,,,,,,,,,,,,,,0.0000,,,,0.0,0.0,0.0,0.0,0.0,0.0,0.0,0.0,0.0,2103691,-1649680,164179301,-306480,-131347,69792,61,0b0cfe00,43.51539217866,-79.68405609107,167.5594,-37.1,SOL_COMPUTED,SINGLE,good,1.4537,1.5928,2.6171,17,15,0.0,0.0,0,0,0,0,0,0,0,0,0,—,—,0.0,0.0,0.0,0.0
2026-05-25 08:39:35.615225,1779712775.615225,2420,131994.0,,,,,,,,,,,,,,,,0.0000,,,,0.0,0.0,0.0,0.0,0.0,0.0,0.0,0.0,0.0,2349885,-1661602,164359655,-106189,-181671,74700,61,0b06fe00,43.51539607786,-79.68405097192,169.1413,-37.1,SOL_COMPUTED,SINGLE,good,1.4816,1.6089,2.7817,16,14,0.0,0.0,0,0,0,0,0,0,0,0,0,SPECTRUMANALYSIS,L1,1575.488,2.051,-72.474,-131.614
2026-05-25 08:39:36.618302,1779712776.618302,2420,131995.0,,,,,,,,,,,,,,,,0.0000,,,,0.0,0.0,0.0,0.0,0.0,0.0,0.0,0.0,0.0,2300982,-1883162,164292404,19762,-46668,74470,61,0b00fe00,43.51539537634,-79.68405074455,169.0092,-37.1,SOL_COMPUTED,SINGLE,good,1.4806,1.6083,2.7765,16,14,0.0,0.0,0,0,0,0,0,0,0,0,0,SPECTRUMANALYSIS,L1,1575.488,2.051,-72.474,-131.614
2026-05-25 08:39:37.614045,1779712777.614045,2420,131996.0,,,,,,,,,,,,,,,,0.0000,,,,0.0,0.0,0.0,0.0,0.0,0.0,0.0,0.0,0.0,2224801,-1834940,164347488,36788,-54435,90330,61,0afafe00,43.51539482737,-79.68405035893,168.9618,-37.1,SOL_COMPUTED,SINGLE,good,1.481,1.6095,2.7755,16,14,0.0,0.0,0,0,0,0,0,0,0,0,0,SPECTRUMANALYSIS,L1,1575.488,2.051,-72.474,-131.614
2026-05-25 08:39:38.609022,1779712778.609022,2420,131997.0,,,,,,,,,,,,,,,,0.0000,,,,0.0,0.0,0.0,0.0,0.0,0.0,0.0,0.0,0.0,2631010,-1911840,164522654,60280,32461,128134,61,0af5fe00,43.51539446306,-79.6840502224,168.9582,-37.1,SOL_COMPUTED,SINGLE,good,1.4795,1.6078,2.7716,16,14,0.0,0.0,0,0,0,0,0,0,0,0,0,—,—,0.0,0.0,0.0,0.0
2026-05-25 08:39:39.609751,1779712779.609751,2420,131998.0,,,,,,,,,,,,,,,,0.0000,,,,0.0,0.0,0.0,0.0,0.0,0.0,0.0,0.0,0.0,2296957,-1734856,164386807,76931,-50066,104319,61,0aeefe00,43.51539400285,-79.68405005718,168.9577,-37.1,SOL_COMPUTED,SINGLE,good,1.4793,1.6068,2.7701,16,14,0.0,0.0,0,0,0,0,0,0,0,0,0,—,—,0.0,0.0,0.0,0.0
2026-05-25 08:39:40.616641,1779712780.616641,2420,131999.0,,,,,,,,,,,,,,,,0.0000,,,,0.0,0.0,0.0,0.0,0.0,0.0,0.0,0.0,0.0,2356225,-1845087,164349230,30092,-6430,87689,61,0ae8fe00,43.51539344818,-79.68404991295,169.0125,-37.1,SOL_COMPUTED,SINGLE,good,1.4802,1.6074,2.7726,16,14,0.0,0.0,0,0,0,0,0,0,0,0,0,—,—,0.0,0.0,0.0,0.0
2026-05-25 08:39:41.612921,1779712781.612921,2420,132000.0,,,,,,,,,,,,,,,,0.0000,,,,0.0,0.0,0.0,0.0,0.0,0.0,0.0,0.0,0.0,2291462,-1842037,164336916,60800,15428,109688,61,0ae3fe00,43.51539278839,-79.68404986043,169.0654,-37.1,SOL_COMPUTED,SINGLE,good,1.4797,1.6062,2.771,16,14,0.0,0.0,0,0,0,0,0,0,0,0,0,—,—,0.0,0.0,0.0,0.0
2026-05-25 08:39:42.618078,1779712782.618078,2420,132001.0,,,,,,,,,,,,,,,,0.0000,,,,0.0,0.0,0.0,0.0,0.0,0.0,0.0,0.0,0.0,2317304,-1901740,164284743,46024,-86884,98697,61,0addfe00,43.51539203631,-79.68404983156,169.1228,-37.1,SOL_COMPUTED,SINGLE,good,1.4788,1.605,2.7692,16,14,0.0,0.0,0,0,0,0,0,0,0,0,0,—,—,0.0,0.0,0.0,0.0
2026-05-25 08:39:43.612075,1779712783.612075,2420,132002.0,,,,,,,,,,,,,,,,0.0000,,,,0.0,0.0,0.0,0.0,0.0,0.0,0.0,0.0,0.0,2506483,-1949093,164410135,19101,-25326,88311,61,0ad7fe00,43.51539137202,-79.68404956903,169.1598,-37.1,SOL_COMPUTED,SINGLE,good,1.479,1.6051,2.7695,16,14,0.0,0.0,0,0,0,0,0,0,0,0,0,—,—,0.0,0.0,0.0,0.0
2026-05-25 08:39:44.611669,1779712784.611669,2420,132003.0,,,,,,,,,,,,,,,,0.0000,,,,0.0,0.0,0.0,0.0,0.0,0.0,0.0,0.0,0.0,2214300,-1800894,164204012,14085,-94201,97708,61,0ad1fe00,43.51539075815,-79.68404914287,169.2008,-37.1,SOL_COMPUTED,SINGLE,good,1.4784,1.6046,2.7683,16,14,0.0,0.0,0,0,0,0,0,0,0,0,0,—,—,0.0,0.0,0.0,0.0
2026-05-25 08:39:45.610714,1779712785.610714,2420,132004.0,,,,,,,,,,,,,,,,0.0000,,,,0.0,0.0,0.0,0.0,0.0,0.0,0.0,0.0,0.0,2278556,-1771163,164307495,38526,-36879,90224,61,0acbfe00,43.51539010478,-79.68404864969,169.253,-37.1,SOL_COMPUTED,SINGLE,good,1.4796,1.6055,2.7697,16,14,0.0,0.0,0,0,0,0,0,0,0,0,0,SPECTRUMANALYSIS,L1,1575.195,1.904,-72.042,-132.835
2026-05-25 08:39:46.613021,1779712786.613021,2420,132005.0,,,,,,,,,,,,,,,,0.0000,,,,0.0,0.0,0.0,0.0,0.0,0.0,0.0,0.0,0.0,2084649,-1771472,164218726,74780,-10410,133499,61,0ac5fe00,43.51538949093,-79.68404799563,169.289,-37.1,SOL_COMPUTED,SINGLE,good,1.4798,1.6058,2.7686,16,14,0.0,0.0,0,0,0,0,0,0,0,0,0,SPECTRUMANALYSIS,L1,1575.195,1.904,-72.042,-132.835
2026-05-25 08:39:47.628995,1779712787.628995,2420,132006.0,,,,,,,,,,,,,,,,0.0000,,,,0.0,0.0,0.0,0.0,0.0,0.0,0.0,0.0,0.0,2530968,-1956505,164453664,32741,-6444,89394,61,0abffe00,43.51538896741,-79.684048416,169.3557,-37.1,SOL_COMPUTED,SINGLE,good,1.4811,1.6071,2.7694,16,14,0.0,0.0,0,0,0,0,0,0,0,0,0,SPECTRUMANALYSIS,L1,1575.195,1.904,-72.042,-132.835
2026-05-25 08:39:48.611476,1779712788.611476,2420,132007.0,,,,,,,,,,,,,,,,0.0000,,,,0.0,0.0,0.0,0.0,0.0,0.0,0.0,0.0,0.0,2296016,-1672942,164239481,67740,86714,88143,61,0abafe00,43.51538825792,-79.6840491349,169.4361,-37.1,SOL_COMPUTED,SINGLE,good,1.4805,1.6069,2.7688,16,14,0.0,0.0,0,0,0,0,0,0,0,0,0,SPECTRUMANALYSIS,L1,1574.939,1.099,-74.367,-131.315
2026-05-25 08:39:49.609312,1779712789.609312,2420,132008.0,,,,,,,,,,,,,,,,0.0000,,,,0.0,0.0,0.0,0.0,0.0,0.0,0.0,0.0,0.0,2401212,-1860926,164354413,-35129,-193694,53638,61,0ab4fe00,43.51538761184,-79.68404860402,169.4629,-37.1,SOL_COMPUTED,SINGLE,good,1.4806,1.6073,2.768,16,14,0.0,0.0,0,0,0,0,0,0,0,0,0,SPECTRUMANALYSIS,L1,1574.939,1.099,-74.367,-131.315
2026-05-25 08:39:50.612297,1779712790.612297,2420,132009.0,,,,,,,,,,,,,,,,0.0000,,,,0.0,0.0,0.0,0.0,0.0,0.0,0.0,0.0,0.0,2231274,-1763704,164267996,45963,17268,81530,61,0aaefe00,43.5153661483,-79.68400835912,173.5732,-37.1,SOL_COMPUTED,SINGLE,good,1.4057,1.4718,2.6429,16,15,0.0,0.0,0,0,0,0,0,0,0,0,0,SPECTRUMANALYSIS,L1,1574.939,1.099,-74.367,-131.315
2026-05-25 08:39:51.609194,1779712791.609194,2420,132010.0,,,,,,,,,,,,,,,,0.0000,,,,0.0,0.0,0.0,0.0,0.0,0.0,0.0,0.0,0.0,2326911,-1857174,164351425,55900,-11848,73092,61,0aa7fe00,43.51536594033,-79.68400881529,173.5233,-37.1,SOL_COMPUTED,SINGLE,good,1.4061,1.4723,2.6434,16,15,0.0,0.0,0,0,0,0,0,0,0,0,0,SPECTRUMANALYSIS,L1,1575.305,2.71,-72.056,-134.239
2026-05-25 08:39:52.610357,1779712792.610357,2420,132011.0,,,,,,,,,,,,,,,,0.0000,,,,0.0,0.0,0.0,0.0,0.0,0.0,0.0,0.0,0.0,2318028,-2021658,164341275,-50962,-79630,64350,61,0aa2fe00,43.51536616992,-79.68400843101,173.4858,-37.1,SOL_COMPUTED,SINGLE,good,1.4093,1.4757,2.6438,16,15,0.0,0.0,0,0,0,0,0,0,0,0,0,SPECTRUMANALYSIS,L1,1575.305,2.71,-72.056,-134.239
2026-05-25 08:39:53.608685,1779712793.608685,2420,132012.0,,,,,,,,,,,,,,,,0.0000,,,,0.0,0.0,0.0,0.0,0.0,0.0,0.0,0.0,0.0,2102570,-1667316,164078784,-16908,-93690,53236,61,0a9cfe00,43.51536682476,-79.68400730913,173.3786,-37.1,SOL_COMPUTED,SINGLE,good,1.4131,1.4816,2.6402,17,16,0.0,0.0,0,0,0,0,0,0,0,0,0,SPECTRUMANALYSIS,L1,1575.305,2.71,-72.056,-134.239
2026-05-25 08:39:54.610230,1779712794.610230,2420,132013.0,,,,,,,,,,,,,,,,0.0000,,,,0.0,0.0,0.0,0.0,0.0,0.0,0.0,0.0,0.0,2546946,-2047229,164510296,41051,-2838,84865,61,0a96fe00,43.5153619908,-79.68401029453,172.6297,-37.1,SOL_COMPUTED,SINGLE,good,1.367,1.473,2.55,17,16,0.0,0.0,0,0,0,0,0,0,0,0,0,SPECTRUMANALYSIS,L1,1575.159,2.124,-72.435,-133.225
2026-05-25 08:39:55.615958,1779712795.615958,2420,132014.0,,,,,,,,,,,,,,,,0.0000,,,,0.0,0.0,0.0,0.0,0.0,0.0,0.0,0.0,0.0,2307817,-1982730,164308036,54579,-62648,71099,61,0a90fe00,43.51536496564,-79.68400982933,173.3843,-37.1,SOL_COMPUTED,SINGLE,good,1.4083,1.4743,2.6427,16,15,0.0,0.0,0,0,0,0,0,0,0,0,0,SPECTRUMANALYSIS,L1,1575.159,2.124,-72.435,-133.225
2026-05-25 08:39:56.614617,1779712796.614617,2420,132015.0,,,,,,,,,,,,,,,,0.0000,,,,0.0,0.0,0.0,0.0,0.0,0.0,0.0,0.0,0.0,2237081,-1867785,164275076,22995,-54567,77533,61,0a8bfe00,43.5153645866,-79.68401051963,173.347,-37.1,SOL_COMPUTED,SINGLE,good,1.4073,1.473,2.6414,16,15,0.0,0.0,0,0,0,0,0,0,0,0,0,SPECTRUMANALYSIS,L1,1575.159,2.124,-72.435,-133.225
2026-05-25 08:39:57.613953,1779712797.613953,2420,132016.0,,,,,,,,,,,,,,,,0.0000,,,,0.0,0.0,0.0,0.0,0.0,0.0,0.0,0.0,0.0,2243287,-1783293,164282732,47577,10335,113197,61,0a85fe00,43.51536483095,-79.68401037134,173.2957,-37.1,SOL_COMPUTED,SINGLE,good,1.4099,1.4758,2.6426,16,15,0.0,0.0,0,0,0,0,0,0,0,0,0,SPECTRUMANALYSIS,L1,1575.159,2.563,-71.045,-132.785
2026-05-25 08:39:58.615278,1779712798.615278,2420,132017.0,,,,,,,,,,,,,,,,0.0000,,,,0.0,0.0,0.0,0.0,0.0,0.0,0.0,0.0,0.0,2574100,-1976843,164437857,29757,-71082,95751,61,0a7ffe00,43.51536401584,-79.68401138893,173.284,-37.1,SOL_COMPUTED,SINGLE,good,1.4086,1.4747,2.6424,16,15,0.0,0.0,0,0,0,0,0,0,0,0,0,SPECTRUMANALYSIS,L1,1575.159,2.563,-71.045,-132.785
2026-05-25 08:39:59.612642,1779712799.612642,2420,132018.0,,,,,,,,,,,,,,,,0.0000,,,,0.0,0.0,0.0,0.0,0.0,0.0,0.0,0.0,0.0,2481325,-1804168,164497046,306569,424369,196826,61,0a79fe00,43.51536387751,-79.68401175378,173.242,-37.1,SOL_COMPUTED,SINGLE,good,1.4092,1.4753,2.6427,16,15,0.0,0.0,0,0,0,0,0,0,0,0,0,SPECTRUMANALYSIS,L1,1575.159,2.563,-71.045,-132.785
2026-05-25 08:40:00.612441,1779712800.612441,2420,132019.0,,,,,,,,,,,,,,,,0.0000,,,,0.0,0.0,0.0,0.0,0.0,0.0,0.0,0.0,0.0,2626938,-1919425,164440152,14905,-42886,115264,61,0a73fe00,43.51536317085,-79.68401175209,173.268,-37.1,SOL_COMPUTED,SINGLE,good,1.4115,1.4794,2.645,16,15,0.0,0.0,0,0,0,0,0,0,0,0,0,SPECTRUMANALYSIS,L1,1575.122,2.49,-71.624,-133.569
2026-05-25 08:40:01.621393,1779712801.621393,2420,132020.0,,,,,,,,,,,,,,,,0.0000,,,,0.0,0.0,0.0,0.0,0.0,0.0,0.0,0.0,0.0,2112999,-1499432,163983810,152768,218672,102364,61,0a6dfe00,43.51535217913,-79.68396293607,170.1027,-37.1,SOL_COMPUTED,SINGLE,good,1.3976,1.3306,2.5963,16,16,0.0,0.0,0,0,0,0,0,0,0,0,0,SPECTRUMANALYSIS,L1,1575.122,2.49,-71.624,-133.569
2026-05-25 08:40:02.616329,1779712802.616329,2420,132021.0,,,,,,,,,,,,,,,,0.0000,,,,0.0,0.0,0.0,0.0,0.0,0.0,0.0,0.0,0.0,2456834,-1717860,164436771,115880,-57265,87400,61,0a67fe00,43.51535162555,-79.68396318503,170.1934,-37.1,SOL_COMPUTED,SINGLE,good,1.3991,1.3323,2.5988,16,16,0.0,0.0,0,0,0,0,0,0,0,0,0,SPECTRUMANALYSIS,L1,1575.122,2.49,-71.624,-133.569
2026-05-25 08:40:03.611568,1779712803.611568,2420,132022.0,,,,,,,,,,,,,,,,0.0000,,,,0.0,0.0,0.0,0.0,0.0,0.0,0.0,0.0,0.0,2163867,-1768697,164294494,74690,-84559,108663,61,0a61fe00,43.51535432739,-79.68396402727,169.9574,-37.1,SOL_COMPUTED,SINGLE,good,1.3996,1.3321,2.5935,16,16,0.0,0.0,0,0,0,0,0,0,0,0,0,—,—,0.0,0.0,0.0,0.0
2026-05-25 08:40:04.611593,1779712804.611593,2420,132023.0,,,,,,,,,,,,,,,,0.0000,,,,0.0,0.0,0.0,0.0,0.0,0.0,0.0,0.0,0.0,1876821,-1979446,164252110,54638,-35652,104927,61,0a5cfe00,43.51535511041,-79.68396442726,169.9297,-37.1,SOL_COMPUTED,SINGLE,good,1.4008,1.3334,2.5925,16,16,0.0,0.0,0,0,0,0,0,0,0,0,0,—,—,0.0,0.0,0.0,0.0
2026-05-25 08:40:05.613788,1779712805.613788,2420,132024.0,,,,,,,,,,,,,,,,0.0000,,,,0.0,0.0,0.0,0.0,0.0,0.0,0.0,0.0,0.0,1927438,-1296468,164363254,105313,-139959,94603,61,0a55fe00,43.51537106428,-79.68394251102,169.4183,-37.1,SOL_COMPUTED,SINGLE,good,1.4573,1.4031,2.5945,15,15,0.0,0.0,0,0,0,0,0,0,0,0,0,—,—,0.0,0.0,0.0,0.0
2026-05-25 08:40:06.612718,1779712806.612718,2420,132025.0,,,,,,,,,,,,,,,,0.0000,,,,0.0,0.0,0.0,0.0,0.0,0.0,0.0,0.0,0.0,-1809641,-397381,163611265,-182922,-2141270,-630218,61,0a4ffe00,43.51537196788,-79.6839431638,169.3452,-37.1,SOL_COMPUTED,SINGLE,good,1.4615,1.4071,2.6042,16,15,0.0,0.0,0,0,0,0,0,0,0,0,0,—,—,0.0,0.0,0.0,0.0
2026-05-25 08:40:07.613932,1779712807.613932,2420,132026.0,,,,,,,,,,,,,,,,0.0000,,,,0.0,0.0,0.0,0.0,0.0,0.0,0.0,0.0,0.0,1630019,-641955,164090908,-51674,27802,116386,61,0a49fe00,43.51539328305,-79.68394107697,169.2332,-37.1,SOL_COMPUTED,SINGLE,good,1.485,1.4045,2.6205,14,14,0.0,0.0,0,0,0,0,0,0,0,0,0,—,—,0.0,0.0,0.0,0.0
2026-05-25 08:40:08.628551,1779712808.628551,2420,132027.0,,,,,,,,,,,,,,,,0.0000,,,,0.0,0.0,0.0,0.0,0.0,0.0,0.0,0.0,0.0,1763122,-1454015,163947809,-19617,-133200,68021,61,0a44fe00,43.51539400467,-79.68394236354,169.0721,-37.1,SOL_COMPUTED,SINGLE,good,1.4803,1.405,2.616,15,15,0.0,0.0,0,0,0,0,0,0,0,0,0,—,—,0.0,0.0,0.0,0.0
2026-05-25 08:40:09.616051,1779712809.616051,2420,132028.0,,,,,,,,,,,,,,,,0.0000,,,,0.0,0.0,0.0,0.0,0.0,0.0,0.0,0.0,0.0,1861986,-1485243,164163567,95477,27632,61801,61,0a3efe00,43.5153990388,-79.68394161414,169.4076,-37.1,SOL_COMPUTED,SINGLE,good,1.4842,1.4046,2.6184,15,15,0.0,0.0,0,0,0,0,0,0,0,0,0,—,—,0.0,0.0,0.0,0.0
2026-05-25 08:40:10.610344,1779712810.610344,2420,132029.0,,,,,,,,,,,,,,,,0.0000,,,,0.0,0.0,0.0,0.0,0.0,0.0,0.0,0.0,0.0,2206532,-1551303,164294442,78784,9322,78891,61,0a38fe00,43.5153945597,-79.68394200727,169.6652,-37.1,SOL_COMPUTED,SINGLE,good,1.4004,1.3935,2.4947,16,16,0.0,0.0,0,0,0,0,0,0,0,0,0,—,—,0.0,0.0,0.0,0.0
2026-05-25 08:40:11.614366,1779712811.614366,2420,132030.0,,,,,,,,,,,,,,,,0.0000,,,,0.0,0.0,0.0,0.0,0.0,0.0,0.0,0.0,0.0,2155669,-1611637,164397031,-317,-55920,103892,61,0a32fe00,43.51539597479,-79.68394216154,169.5936,-37.1,SOL_COMPUTED,SINGLE,good,1.398,1.3935,2.49,16,16,0.0,0.0,0,0,0,0,0,0,0,0,0,—,—,0.0,0.0,0.0,0.0
2026-05-25 08:40:12.611269,1779712812.611269,2420,132031.0,,,,,,,,,,,,,,,,0.0000,,,,0.0,0.0,0.0,0.0,0.0,0.0,0.0,0.0,0.0,11589972,-5752523,167915230,-572677,-3634143,-1422815,61,0a2cfe00,43.51538153461,-79.68394592334,169.395,-37.1,SOL_COMPUTED,SINGLE,good,1.4445,1.3963,2.4839,16,15,0.0,0.0,0,0,0,0,0,0,0,0,0,—,—,0.0,0.0,0.0,0.0
2026-05-25 08:40:13.611959,1779712813.611959,2420,132032.0,,,,,,,,,,,,,,,,0.0000,,,,0.0,0.0,0.0,0.0,0.0,0.0,0.0,0.0,0.0,2116525,-1461647,164466448,-3419,-28806,145972,61,0a26fe00,43.51537634265,-79.68394999024,168.3067,-37.1,SOL_COMPUTED,SINGLE,good,1.4436,1.3941,2.4827,16,15,0.0,0.0,0,0,0,0,0,0,0,0,0,—,—,0.0,0.0,0.0,0.0
2026-05-25 08:40:14.612851,1779712814.612851,2420,132033.0,,,,,,,,,,,,,,,,0.0000,,,,0.0,0.0,0.0,0.0,0.0,0.0,0.0,0.0,0.0,2168445,-963995,164294388,99685,146145,78445,61,0a20fe00,43.51537716376,-79.68395203849,168.5099,-37.1,SOL_COMPUTED,SINGLE,good,1.446,1.395,2.4876,17,16,0.0,0.0,0,0,0,0,0,0,0,0,0,—,—,0.0,0.0,0.0,0.0
2026-05-25 08:40:15.611105,1779712815.611105,2420,132034.0,,,,,,,,,,,,,,,,0.0000,,,,0.0,0.0,0.0,0.0,0.0,0.0,0.0,0.0,0.0,2616841,-1723126,164642216,125593,249517,134327,61,0a1afe00,43.51537970191,-79.68395227867,168.7124,-37.1,SOL_COMPUTED,SINGLE,good,1.4427,1.3932,2.4833,17,16,0.0,0.0,0,0,0,0,0,0,0,0,0,—,—,0.0,0.0,0.0,0.0
2026-05-25 08:40:16.612837,1779712816.612837,2420,132035.0,,,,,,,,,,,,,,,,0.0000,,,,0.0,0.0,0.0,0.0,0.0,0.0,0.0,0.0,0.0,2002389,-1347584,164077005,4958,-37948,61647,61,0a15fe00,43.51538043989,-79.68395293329,168.6437,-37.1,SOL_COMPUTED,SINGLE,good,1.4432,1.3942,2.4861,17,16,0.0,0.0,0,0,0,0,0,0,0,0,0,—,—,0.0,0.0,0.0,0.0
2026-05-25 08:40:17.612297,1779712817.612297,2420,132036.0,,,,,,,,,,,,,,,,0.0000,,,,0.0,0.0,0.0,0.0,0.0,0.0,0.0,0.0,0.0,2272052,-1697148,164429546,85113,17,85958,61,0a0ffe00,43.51538173797,-79.68395192466,168.4671,-37.1,SOL_COMPUTED,SINGLE,good,1.4418,1.3936,2.4864,16,15,0.0,0.0,0,0,0,0,0,0,0,0,0,—,—,0.0,0.0,0.0,0.0
2026-05-25 08:40:18.608714,1779712818.608714,2420,132037.0,,,,,,,,,,,,,,,,0.0000,,,,0.0,0.0,0.0,0.0,0.0,0.0,0.0,0.0,0.0,2166048,-1483899,164344067,34656,-8254,103078,61,0a09fe00,43.51537970524,-79.68395307226,168.1719,-37.1,SOL_COMPUTED,SINGLE,good,1.4436,1.3943,2.4882,16,15,0.0,0.0,0,0,0,0,0,0,0,0,0,—,—,0.0,0.0,0.0,0.0
2026-05-25 08:40:19.608436,1779712819.608436,2420,132038.0,,,,,,,,,,,,,,,,0.0000,,,,0.0,0.0,0.0,0.0,0.0,0.0,0.0,0.0,0.0,1248086,-1492165,163853363,136612,515628,303036,61,0a03fe00,43.51537865866,-79.68395351918,168.0712,-37.1,SOL_COMPUTED,SINGLE,good,1.4416,1.3934,2.4872,15,15,0.0,0.0,0,0,0,0,0,0,0,0,0,—,—,0.0,0.0,0.0,0.0
2026-05-25 08:40:20.610019,1779712820.610019,2420,132039.0,,,,,,,,,,,,,,,,0.0000,,,,0.0,0.0,0.0,0.0,0.0,0.0,0.0,0.0,0.0,2183115,-1711298,164395831,-154013,-348703,60907,61,09fdfe00,43.51537701969,-79.68395386068,167.6048,-37.1,SOL_COMPUTED,SINGLE,good,1.4471,1.3942,2.5032,15,15,0.0,0.0,0,0,0,0,0,0,0,0,0,—,—,0.0,0.0,0.0,0.0
2026-05-25 08:40:21.609819,1779712821.609819,2420,132040.0,,,,,,,,,,,,,,,,0.0000,,,,0.0,0.0,0.0,0.0,0.0,0.0,0.0,0.0,0.0,2242107,-1554823,164374158,67385,1508,147761,61,09f7fe00,43.51538187421,-79.68395178805,168.2625,-37.1,SOL_COMPUTED,SINGLE,good,1.5442,1.4058,2.615,14,14,0.0,0.0,0,0,0,0,0,0,0,0,0,—,—,0.0,0.0,0.0,0.0
2026-05-25 08:40:22.619217,1779712822.619217,2420,132041.0,,,,,,,,,,,,,,,,0.0000,,,,0.0,0.0,0.0,0.0,0.0,0.0,0.0,0.0,0.0,2144685,-1699171,164315119,37141,-7327,94400,61,09f1fe00,43.51538092173,-79.68395221067,167.9684,-37.1,SOL_COMPUTED,SINGLE,good,1.5434,1.4051,2.6131,14,14,0.0,0.0,0,0,0,0,0,0,0,0,0,—,—,0.0,0.0,0.0,0.0
2026-05-25 08:40:23.613032,1779712823.613032,2420,132042.0,,,,,,,,,,,,,,,,0.0000,,,,0.0,0.0,0.0,0.0,0.0,0.0,0.0,0.0,0.0,2044474,-1712403,164078816,66745,29503,99391,61,09ebfe00,43.5153796282,-79.68395256342,167.6532,-37.1,SOL_COMPUTED,SINGLE,good,1.5444,1.4052,2.6162,14,14,0.0,0.0,0,0,0,0,0,0,0,0,0,—,—,0.0,0.0,0.0,0.0
2026-05-25 08:40:24.611859,1779712824.611859,2420,132043.0,,,,,,,,,,,,,,,,0.0000,,,,0.0,0.0,0.0,0.0,0.0,0.0,0.0,0.0,0.0,2625861,-1851800,164507815,34568,52425,167492,61,09e5fe00,43.51537784187,-79.68395272199,167.069,-37.1,SOL_COMPUTED,SINGLE,good,1.5547,1.4064,2.6558,14,14,0.0,0.0,0,0,0,0,0,0,0,0,0,—,—,0.0,0.0,0.0,0.0
2026-05-25 08:40:25.611836,1779712825.611836,2420,132044.0,,,,,,,,,,,,,,,,0.0000,,,,0.0,0.0,0.0,0.0,0.0,0.0,0.0,0.0,0.0,2299737,-1804056,164414767,15189,-57805,94179,61,09dffe00,43.51537827999,-79.68395276539,166.9321,-37.1,SOL_COMPUTED,SINGLE,good,1.5485,1.4074,2.6264,14,14,0.0,0.0,0,0,0,0,0,0,0,0,0,—,—,0.0,0.0,0.0,0.0
2026-05-25 08:40:26.611179,1779712826.611179,2420,132045.0,,,,,,,,,,,,,,,,0.0000,,,,0.0,0.0,0.0,0.0,0.0,0.0,0.0,0.0,0.0,2111507,-1611949,164279282,6687,-70217,96953,61,09d9fe00,43.51536904524,-79.68396537718,166.8809,-37.1,SOL_COMPUTED,SINGLE,good,1.5073,1.3674,2.6184,15,15,0.0,0.0,0,0,0,0,0,0,0,0,0,—,—,0.0,0.0,0.0,0.0
2026-05-25 08:40:27.610162,1779712827.610162,2420,132046.0,,,,,,,,,,,,,,,,0.0000,,,,0.0,0.0,0.0,0.0,0.0,0.0,0.0,0.0,0.0,2164121,-1877467,164286262,-21810,5601,88172,61,09d4fe00,43.51537931033,-79.68395319249,166.3163,-37.1,SOL_COMPUTED,SINGLE,good,1.5484,1.4082,2.6247,15,14,0.0,0.0,0,0,0,0,0,0,0,0,0,—,—,0.0,0.0,0.0,0.0
2026-05-25 08:40:28.610411,1779712828.610411,2420,132047.0,,,,,,,,,,,,,,,,0.0000,,,,0.0,0.0,0.0,0.0,0.0,0.0,0.0,0.0,0.0,2190585,-1699318,164419417,37890,-18135,135954,61,09cefe00,43.51538038484,-79.68395329345,165.8569,-37.1,SOL_COMPUTED,SINGLE,good,1.551,1.4077,2.6339,15,14,0.0,0.0,0,0,0,0,0,0,0,0,0,—,—,0.0,0.0,0.0,0.0
2026-05-25 08:40:29.628723,1779712829.628723,2420,132048.0,,,,,,,,,,,,,,,,0.0000,,,,0.0,0.0,0.0,0.0,0.0,0.0,0.0,0.0,0.0,2195481,-1678722,164308840,16561,11885,129616,61,09c8fe00,43.51538279034,-79.6839539219,165.344,-37.1,SOL_COMPUTED,SINGLE,good,1.5511,1.4105,2.6204,15,14,0.0,0.0,0,0,0,0,0,0,0,0,0,—,—,0.0,0.0,0.0,0.0
2026-05-25 08:40:30.615262,1779712830.615262,2420,132049.0,,,,,,,,,,,,,,,,0.0000,,,,0.0,0.0,0.0,0.0,0.0,0.0,0.0,0.0,0.0,1600684,-2377906,164019685,-375536,-321325,77087,61,09c2fe00,43.51538586344,-79.68395553818,164.6122,-37.1,SOL_COMPUTED,SINGLE,good,1.5517,1.4112,2.627,15,14,0.0,0.0,0,0,0,0,0,0,0,0,0,—,—,0.0,0.0,0.0,0.0
2026-05-25 08:40:31.612499,1779712831.612499,2420,132050.0,,,,,,,,,,,,,,,,0.0000,,,,0.0,0.0,0.0,0.0,0.0,0.0,0.0,0.0,0.0,2494731,-1869369,164623466,26370,-16385,125055,61,09bcfe00,43.51538666812,-79.68395617204,164.0933,-37.1,SOL_COMPUTED,SINGLE,good,1.556,1.4126,2.6427,15,14,0.0,0.0,0,0,0,0,0,0,0,0,0,—,—,0.0,0.0,0.0,0.0
2026-05-25 08:40:32.615951,1779712832.615951,2420,132051.0,,,,,,,,,,,,,,,,0.0000,,,,0.0,0.0,0.0,0.0,0.0,0.0,0.0,0.0,0.0,2466835,-1600257,164583557,-272148,-424486,-388591,61,09b6fe00,43.51537175324,-79.6839735675,162.2581,-37.1,SOL_COMPUTED,SINGLE,good,1.4936,1.4525,2.7248,15,14,0.0,0.0,0,0,0,0,0,0,0,0,0,—,—,0.0,0.0,0.0,0.0
2026-05-25 08:40:33.611870,1779712833.611870,2420,132052.0,,,,,,,,,,,,,,,,0.0000,,,,0.0,0.0,0.0,0.0,0.0,0.0,0.0,0.0,0.0,1285819,-1366542,163626765,203072,21840,-69063,61,09b1fe00,43.51537338472,-79.68397313584,162.0505,-37.1,SOL_COMPUTED,SINGLE,good,1.484,1.455,2.6735,15,14,0.0,0.0,0,0,0,0,0,0,0,0,0,—,—,0.0,0.0,0.0,0.0
2026-05-25 08:40:34.610853,1779712834.610853,2420,132053.0,,,,,,,,,,,,,,,,0.0000,,,,0.0,0.0,0.0,0.0,0.0,0.0,0.0,0.0,0.0,-33042204,-5052104,156229934,6090620,453578013,8032718,61,09aafe00,43.51539562903,-79.68397185517,162.6559,-37.1,SOL_COMPUTED,SINGLE,good,1.5998,1.46,2.6939,15,13,0.0,0.0,0,0,0,0,0,0,0,0,0,—,—,0.0,0.0,0.0,0.0
2026-05-25 08:40:35.614788,1779712835.614788,2420,132054.0,,,,,,,,,,,,,,,,0.0000,,,,0.0,0.0,0.0,0.0,0.0,0.0,0.0,0.0,0.0,4594990,4945193,244597111,6265984,168266600,-4029577,61,09a5fe00,43.51539409785,-79.6839724403,162.1935,-37.1,SOL_COMPUTED,SINGLE,good,1.5984,1.4574,2.6936,15,13,0.0,0.0,0,0,0,0,0,0,0,0,0,—,—,0.0,0.0,0.0,0.0
2026-05-25 08:40:36.610734,1779712836.610734,2420,132055.0,,,,,,,,,,,,,,,,0.0000,,,,0.0,0.0,0.0,0.0,0.0,0.0,0.0,0.0,0.0,-71050790,-1750445,115553326,-4687944,-373991979,-1036141,61,099efe00,43.51539209813,-79.68397267152,161.5962,-37.1,SOL_COMPUTED,SINGLE,good,1.5944,1.4566,2.676,15,13,0.0,0.0,0,0,0,0,0,0,0,0,0,—,—,0.0,0.0,0.0,0.0
2026-05-25 08:40:37.609926,1779712837.609926,2420,132056.0,,,,,,,,,,,,,,,,0.0000,,,,0.0,0.0,0.0,0.0,0.0,0.0,0.0,0.0,0.0,1540620,-951215,164310399,61024,224831,289968,61,0999fe00,43.51539378117,-79.68397764082,160.9753,-37.1,SOL_COMPUTED,SINGLE,good,1.5626,1.4162,2.6664,16,14,0.0,0.0,0,0,0,0,0,0,0,0,0,—,—,0.0,0.0,0.0,0.0
2026-05-25 08:40:38.614672,1779712838.614672,2420,132057.0,,,,,,,,,,,,,,,,0.0000,,,,0.0,0.0,0.0,0.0,0.0,0.0,0.0,0.0,0.0,2077027,-1611923,164412183,-15871,23448,88421,61,0993fe00,43.51540757182,-79.68400941647,153.571,-37.1,SOL_COMPUTED,SINGLE,good,1.5721,1.4486,2.8944,16,13,0.0,0.0,0,0,0,0,0,0,0,0,0,—,—,0.0,0.0,0.0,0.0
2026-05-25 08:40:39.610516,1779712839.610516,2420,132058.0,,,,,,,,,,,,,,,,0.0000,,,,0.0,0.0,0.0,0.0,0.0,0.0,0.0,0.0,0.0,2133697,-1296490,164347280,72988,46868,71630,61,098dfe00,43.51539658083,-79.68399469049,153.0521,-37.1,SOL_COMPUTED,SINGLE,good,1.5984,1.4906,2.8662,16,12,0.0,0.0,0,0,0,0,0,0,0,0,0,—,—,0.0,0.0,0.0,0.0
2026-05-25 08:40:40.613025,1779712840.613025,2420,132059.0,,,,,,,,,,,,,,,,0.0000,,,,0.0,0.0,0.0,0.0,0.0,0.0,0.0,0.0,0.0,2079016,-1428827,164332386,57179,-23349,81048,61,0988fe00,43.51541143217,-79.6839713818,152.5251,-37.1,SOL_COMPUTED,SINGLE,good,1.5297,1.3957,2.8549,16,13,0.0,0.0,0,0,0,0,0,0,0,0,0,—,—,0.0,0.0,0.0,0.0
2026-05-25 08:40:41.609834,1779712841.609834,2420,132060.0,,,,,,,,,,,,,,,,0.0000,,,,0.0,0.0,0.0,0.0,0.0,0.0,0.0,0.0,0.0,2089318,-1346006,164385341,16126,-55647,87807,61,0982fe00,43.51541345562,-79.68396817483,151.8733,-37.1,SOL_COMPUTED,SINGLE,good,1.5342,1.3989,2.8621,16,13,0.0,0.0,0,0,0,0,0,0,0,0,0,—,—,0.0,0.0,0.0,0.0
2026-05-25 08:40:42.609494,1779712842.609494,2420,132061.0,,,,,,,,,,,,,,,,0.0000,,,,0.0,0.0,0.0,0.0,0.0,0.0,0.0,0.0,0.0,2034262,-1315298,164301273,53929,-13280,99869,61,097cfe00,43.51541041665,-79.68397495487,151.7464,-37.1,SOL_COMPUTED,SINGLE,good,1.534,1.3932,2.9119,16,13,0.0,0.0,0,0,0,0,0,0,0,0,0,—,—,0.0,0.0,0.0,0.0
2026-05-25 08:40:43.610700,1779712843.610700,2420,132062.0,,,,,,,,,,,,,,,,0.0000,,,,0.0,0.0,0.0,0.0,0.0,0.0,0.0,0.0,0.0,2053126,-1351585,164306357,29045,-22283,107917,61,0976fe00,43.51541415723,-79.68396788526,151.0392,-37.1,SOL_COMPUTED,SINGLE,good,1.5318,1.3936,2.8841,16,13,0.0,0.0,0,0,0,0,0,0,0,0,0,—,—,0.0,0.0,0.0,0.0
2026-05-25 08:40:44.610419,1779712844.610419,2420,132063.0,,,,,,,,,,,,,,,,0.0000,,,,0.0,0.0,0.0,0.0,0.0,0.0,0.0,0.0,0.0,2084900,-1365954,164304620,68405,-45478,83960,61,0970fe00,43.51541437072,-79.68396669001,150.3952,-37.1,SOL_COMPUTED,SINGLE,good,1.5332,1.3975,2.8808,16,13,0.0,0.0,0,0,0,0,0,0,0,0,0,—,—,0.0,0.0,0.0,0.0
2026-05-25 08:40:45.617237,1779712845.617237,2420,132064.0,,,,,,,,,,,,,,,,0.0000,,,,0.0,0.0,0.0,0.0,0.0,0.0,0.0,0.0,0.0,2122234,-1420608,164363212,44253,-21904,93081,61,096afe00,43.51541404455,-79.68396680275,150.0688,-37.1,SOL_COMPUTED,SINGLE,good,1.5268,1.3925,2.852,16,13,0.0,0.0,0,0,0,0,0,0,0,0,0,—,—,0.0,0.0,0.0,0.0
2026-05-25 08:40:46.610337,1779712846.610337,2420,132065.0,,,,,,,,,,,,,,,,0.0000,,,,0.0,0.0,0.0,0.0,0.0,0.0,0.0,0.0,0.0,2086721,-1475910,164604220,-45309,-100469,85142,61,0965fe00,43.51541536136,-79.68396672445,150.3239,-37.1,SOL_COMPUTED,SINGLE,good,1.5304,1.3922,2.8964,15,13,0.0,0.0,0,0,0,0,0,0,0,0,0,—,—,0.0,0.0,0.0,0.0
2026-05-25 08:40:47.611046,1779712847.611046,2420,132066.0,,,,,,,,,,,,,,,,0.0000,,,,0.0,0.0,0.0,0.0,0.0,0.0,0.0,0.0,0.0,2142491,-1331514,164278856,24461,-20603,88551,61,095efe00,43.51542224335,-79.68396598341,151.8806,-37.1,SOL_COMPUTED,SINGLE,good,1.5412,1.4002,2.9045,16,12,0.0,0.0,0,0,0,0,0,0,0,0,0,—,—,0.0,0.0,0.0,0.0
2026-05-25 08:40:48.611339,1779712848.611339,2420,132067.0,,,,,,,,,,,,,,,,0.0000,,,,0.0,0.0,0.0,0.0,0.0,0.0,0.0,0.0,0.0,2123270,-1374527,164338501,66084,-51498,86724,61,0958fe00,43.51541780051,-79.68397546227,151.9996,-37.1,SOL_COMPUTED,SINGLE,good,1.5365,1.4009,2.8973,16,12,0.0,0.0,0,0,0,0,0,0,0,0,0,—,—,0.0,0.0,0.0,0.0
2026-05-25 08:40:49.619915,1779712849.619915,2420,132068.0,,,,,,,,,,,,,,,,0.0000,,,,0.0,0.0,0.0,0.0,0.0,0.0,0.0,0.0,0.0,2084311,-1352991,164310996,78161,-6191,112509,61,0952fe00,43.51541331043,-79.68398260088,151.6147,-37.1,SOL_COMPUTED,SINGLE,good,1.5466,1.4093,2.9063,16,13,0.0,0.0,0,0,0,0,0,0,0,0,0,—,—,0.0,0.0,0.0,0.0
2026-05-25 08:40:50.610688,1779712850.610688,2420,132069.0,,,,,,,,,,,,,,,,0.0000,,,,0.0,0.0,0.0,0.0,0.0,0.0,0.0,0.0,0.0,2132319,-1411401,164345355,54462,-16383,87931,61,094dfe00,43.51541755878,-79.68397980132,152.2427,-37.1,SOL_COMPUTED,SINGLE,good,1.5422,1.403,2.88,15,12,0.0,0.0,0,0,0,0,0,0,0,0,0,—,—,0.0,0.0,0.0,0.0
2026-05-25 08:40:51.612179,1779712851.612179,2420,132070.0,,,,,,,,,,,,,,,,0.0000,,,,0.0,0.0,0.0,0.0,0.0,0.0,0.0,0.0,0.0,2060557,-1383662,164385757,16148,-22384,84309,61,0947fe00,43.51542153331,-79.68397650317,152.1417,-37.1,SOL_COMPUTED,SINGLE,good,1.5479,1.4085,2.8961,16,13,0.0,0.0,0,0,0,0,0,0,0,0,0,—,—,0.0,0.0,0.0,0.0
2026-05-25 08:40:52.625726,1779712852.625726,2420,132071.0,,,,,,,,,,,,,,,,0.0000,,,,0.0,0.0,0.0,0.0,0.0,0.0,0.0,0.0,0.0,2068258,-1379852,164327017,27276,-38070,115442,61,0941fe00,43.51542577324,-79.68397402562,152.4656,-37.1,SOL_COMPUTED,SINGLE,good,1.5474,1.4051,2.8792,16,13,0.0,0.0,0,0,0,0,0,0,0,0,0,—,—,0.0,0.0,0.0,0.0
2026-05-25 08:40:53.614747,1779712853.614747,2420,132072.0,,,,,,,,,,,,,,,,0.0000,,,,0.0,0.0,0.0,0.0,0.0,0.0,0.0,0.0,0.0,2055608,-1415614,164377076,56722,-51415,100592,61,093bfe00,43.51542895878,-79.68397268214,152.7502,-37.1,SOL_COMPUTED,SINGLE,good,1.5494,1.4068,2.871,16,13,0.0,0.0,0,0,0,0,0,0,0,0,0,—,—,0.0,0.0,0.0,0.0
2026-05-25 08:40:54.611672,1779712854.611672,2420,132073.0,,,,,,,,,,,,,,,,0.0000,,,,0.0,0.0,0.0,0.0,0.0,0.0,0.0,0.0,0.0,2150324,-1335568,164293386,28926,-10324,89404,61,0935fe00,43.51541379733,-79.68397159085,152.7448,-37.1,SOL_COMPUTED,SINGLE,good,1.46,1.4011,2.8727,16,14,0.0,0.0,0,0,0,0,0,0,0,0,0,—,—,0.0,0.0,0.0,0.0
2026-05-25 08:40:55.612861,1779712855.612861,2420,132074.0,,,,,,,,,,,,,,,,0.0000,,,,0.0,0.0,0.0,0.0,0.0,0.0,0.0,0.0,0.0,2136630,-1421503,164377093,32134,-15705,94548,61,0930fe00,43.51541974618,-79.68396691809,153.0793,-37.1,SOL_COMPUTED,SINGLE,good,1.4566,1.3993,2.8713,16,14,0.0,0.0,0,0,0,0,0,0,0,0,0,—,—,0.0,0.0,0.0,0.0
2026-05-25 08:40:56.615484,1779712856.615484,2420,132075.0,,,,,,,,,,,,,,,,0.0000,,,,0.0,0.0,0.0,0.0,0.0,0.0,0.0,0.0,0.0,2110751,-1378795,164328665,35362,-42709,64384,61,092afe00,43.51542063111,-79.68396590287,153.3999,-37.1,SOL_COMPUTED,SINGLE,good,1.4813,1.4116,2.8715,16,14,0.0,0.0,0,0,0,0,0,0,0,0,0,—,—,0.0,0.0,0.0,0.0
2026-05-25 08:40:57.614348,1779712857.614348,2420,132076.0,,,,,,,,,,,,,,,,0.0000,,,,0.0,0.0,0.0,0.0,0.0,0.0,0.0,0.0,0.0,2041956,-1361743,164338060,18226,-25564,60717,61,0924fe00,43.51542357321,-79.68396588713,153.7005,-37.1,SOL_COMPUTED,SINGLE,good,1.4639,1.4047,2.8722,16,14,0.0,0.0,0,0,0,0,0,0,0,0,0,—,—,0.0,0.0,0.0,0.0
2026-05-25 08:40:58.620198,1779712858.620198,2420,132077.0,,,,,,,,,,,,,,,,0.0000,,,,0.0,0.0,0.0,0.0,0.0,0.0,0.0,0.0,0.0,2219951,-1459576,164333684,58152,-55078,62798,61,091efe00,43.5154177868,-79.68395146368,158.7124,-37.1,SOL_COMPUTED,SINGLE,good,1.4335,1.3803,2.6564,16,15,0.0,0.0,0,0,0,0,0,0,0,0,0,—,—,0.0,0.0,0.0,0.0
2026-05-25 08:40:59.611737,1779712859.611737,2420,132078.0,,,,,,,,,,,,,,,,0.0000,,,,0.0,0.0,0.0,0.0,0.0,0.0,0.0,0.0,0.0,2075989,-1189178,164254820,59867,-20168,72847,61,0919fe00,43.51542283061,-79.68395042563,159.232,-37.1,SOL_COMPUTED,SINGLE,good,1.4307,1.3783,2.6536,16,14,0.0,0.0,0,0,0,0,0,0,0,0,0,SPECTRUMANALYSIS,L5,1187.979,0.586,-59.887,-109.565
2026-05-25 08:41:00.624797,1779712860.624797,2420,132079.0,,,,,,,,,,,,,,,,0.0000,,,,0.0,0.0,0.0,0.0,0.0,0.0,0.0,0.0,0.0,1991612,-1428089,164259244,35662,22812,48069,61,0913fe00,43.5153822223,-79.68397726062,156.4609,-37.1,SOL_COMPUTED,SINGLE,good,1.6094,1.4167,2.7053,16,13,0.0,0.0,0,0,0,0,0,0,0,0,0,SPECTRUMANALYSIS,L5,1187.979,0.586,-59.887,-109.565
2026-05-25 08:41:01.608321,1779712861.608321,2420,132080.0,,,,,,,,,,,,,,,,0.0000,,,,0.0,0.0,0.0,0.0,0.0,0.0,0.0,0.0,0.0,2116707,-1326059,164360268,10430,-44881,82846,61,090dfe00,43.5153822494,-79.68398027862,156.5338,-37.1,SOL_COMPUTED,SINGLE,good,1.608,1.4139,2.7053,16,13,0.0,0.0,0,0,0,0,0,0,0,0,0,SPECTRUMANALYSIS,L5,1187.979,0.586,-59.887,-109.565
2026-05-25 08:41:02.613546,1779712862.613546,2420,132081.0,,,,,,,,,,,,,,,,0.0000,,,,0.0,0.0,0.0,0.0,0.0,0.0,0.0,0.0,0.0,1983431,-1419463,164289437,64248,-80782,111581,61,0907fe00,43.5153809331,-79.68398522664,156.6653,-37.1,SOL_COMPUTED,SINGLE,good,1.609,1.4138,2.702,16,13,0.0,0.0,0,0,0,0,0,0,0,0,0,—,—,0.0,0.0,0.0,0.0
2026-05-25 08:41:03.612514,1779712863.612514,2420,132082.0,,,,,,,,,,,,,,,,0.0000,,,,0.0,0.0,0.0,0.0,0.0,0.0,0.0,0.0,0.0,2150431,-1368219,164322172,48993,-18187,99619,61,0901fe00,43.51538097078,-79.68398770419,156.7912,-37.1,SOL_COMPUTED,SINGLE,good,1.6094,1.4166,2.6992,16,13,0.0,0.0,0,0,0,0,0,0,0,0,0,—,—,0.0,0.0,0.0,0.0
2026-05-25 08:41:04.613057,1779712864.613057,2420,132083.0,,,,,,,,,,,,,,,,0.0000,,,,0.0,0.0,0.0,0.0,0.0,0.0,0.0,0.0,0.0,1868240,-1165628,164094030,51493,-13745,105265,61,08fbfe00,43.51538189699,-79.68398923691,156.8444,-37.1,SOL_COMPUTED,SINGLE,good,1.607,1.4148,2.7041,15,13,0.0,0.0,0,0,0,0,0,0,0,0,0,—,—,0.0,0.0,0.0,0.0
2026-05-25 08:41:05.611429,1779712865.611429,2420,132084.0,,,,,,,,,,,,,,,,0.0000,,,,0.0,0.0,0.0,0.0,0.0,0.0,0.0,0.0,0.0,1990385,-1288576,164250264,37067,5370,125276,61,08f5fe00,43.51536270758,-79.68401812079,157.3256,-37.1,SOL_COMPUTED,SINGLE,good,1.6848,1.5068,2.6977,15,12,0.0,0.0,0,0,0,0,0,0,0,0,0,—,—,0.0,0.0,0.0,0.0
2026-05-25 08:41:06.612860,1779712866.612860,2420,132085.0,,,,,,,,,,,,,,,,0.0000,,,,0.0,0.0,0.0,0.0,0.0,0.0,0.0,0.0,0.0,2079615,-1301543,164337892,48438,5760,82037,61,08f0fe00,43.51536328928,-79.6840192347,157.4229,-37.1,SOL_COMPUTED,SINGLE,good,1.6812,1.5038,2.6921,15,12,0.0,0.0,0,0,0,0,0,0,0,0,0,—,—,0.0,0.0,0.0,0.0
2026-05-25 08:41:07.612034,1779712867.612034,2420,132086.0,,,,,,,,,,,,,,,,0.0000,,,,0.0,0.0,0.0,0.0,0.0,0.0,0.0,0.0,0.0,2120946,-1388617,164314815,28832,9307,80882,61,08eafe00,43.51536363747,-79.68401977908,157.5617,-37.1,SOL_COMPUTED,SINGLE,good,1.6862,1.512,2.7028,15,12,0.0,0.0,0,0,0,0,0,0,0,0,0,—,—,0.0,0.0,0.0,0.0
2026-05-25 08:41:08.610578,1779712868.610578,2420,132087.0,,,,,,,,,,,,,,,,0.0000,,,,0.0,0.0,0.0,0.0,0.0,0.0,0.0,0.0,0.0,2029495,-1403474,164235376,52397,-11179,76073,61,08e4fe00,43.51536427855,-79.68402064836,157.6789,-37.1,SOL_COMPUTED,SINGLE,good,1.685,1.5101,2.7002,16,12,0.0,0.0,0,0,0,0,0,0,0,0,0,—,—,0.0,0.0,0.0,0.0
2026-05-25 08:41:09.613788,1779712869.613788,2420,132088.0,,,,,,,,,,,,,,,,0.0000,,,,0.0,0.0,0.0,0.0,0.0,0.0,0.0,0.0,0.0,2208817,-1278915,164329632,56399,105517,112165,61,08defe00,43.51536478639,-79.68402127948,157.8313,-37.1,SOL_COMPUTED,SINGLE,good,1.6836,1.5081,2.698,16,12,0.0,0.0,0,0,0,0,0,0,0,0,0,—,—,0.0,0.0,0.0,0.0
2026-05-25 08:41:10.613067,1779712870.613067,2420,132089.0,,,,,,,,,,,,,,,,0.0000,,,,0.0,0.0,0.0,0.0,0.0,0.0,0.0,0.0,0.0,2084674,-990101,164354946,36946,-21810,39356,61,08d8fe00,43.5153651128,-79.68402165972,158.0089,-37.1,SOL_COMPUTED,SINGLE,good,1.6862,1.5148,2.7037,16,12,0.0,0.0,0,0,0,0,0,0,0,0,0,—,—,0.0,0.0,0.0,0.0
2026-05-25 08:41:11.619068,1779712871.619068,2420,132090.0,,,,,,,,,,,,,,,,0.0000,,,,0.0,0.0,0.0,0.0,0.0,0.0,0.0,0.0,0.0,2073346,-1323410,164259877,12161,-23535,75002,61,08d3fe00,43.51536574855,-79.68402254823,158.1577,-37.1,SOL_COMPUTED,SINGLE,good,1.6826,1.509,2.6965,16,12,0.0,0.0,0,0,0,0,0,0,0,0,0,—,—,0.0,0.0,0.0,0.0
2026-05-25 08:41:12.613994,1779712872.613994,2420,132091.0,,,,,,,,,,,,,,,,0.0000,,,,0.0,0.0,0.0,0.0,0.0,0.0,0.0,0.0,0.0,2027329,-1498378,164164539,49229,-3453,74447,61,08cdfe00,43.51536624066,-79.68402330347,158.3217,-37.1,SOL_COMPUTED,SINGLE,good,1.6827,1.5075,2.6971,15,12,0.0,0.0,0,0,0,0,0,0,0,0,0,—,—,0.0,0.0,0.0,0.0
2026-05-25 08:41:13.613312,1779712873.613312,2420,132092.0,,,,,,,,,,,,,,,,0.0000,,,,0.0,0.0,0.0,0.0,0.0,0.0,0.0,0.0,0.0,2136491,-1318664,164258745,59484,5133,52319,61,08c7fe00,43.51538030648,-79.68403154547,161.4495,-37.1,SOL_COMPUTED,SINGLE,good,1.6612,1.5056,2.6486,16,13,0.0,0.0,0,0,0,0,0,0,0,0,0,—,—,0.0,0.0,0.0,0.0
2026-05-25 08:41:14.622346,1779712874.622346,2420,132093.0,,,,,,,,,,,,,,,,0.0000,,,,0.0,0.0,0.0,0.0,0.0,0.0,0.0,0.0,0.0,2100956,-1430083,164358359,19599,-35791,73984,61,08c1fe00,43.51537928113,-79.68403105753,161.3579,-37.1,SOL_COMPUTED,SINGLE,good,1.6631,1.5085,2.6526,16,13,0.0,0.0,0,0,0,0,0,0,0,0,0,—,—,0.0,0.0,0.0,0.0
2026-05-25 08:41:15.634435,1779712875.634435,2420,132094.0,,,,,,,,,,,,,,,,0.0000,,,,0.0,0.0,0.0,0.0,0.0,0.0,0.0,0.0,0.0,2086424,-1408927,164313869,19454,-31144,84763,61,08bcfe00,43.51536731057,-79.68402494336,158.8122,-37.1,SOL_COMPUTED,SINGLE,good,1.6867,1.5129,2.7054,16,12,0.0,0.0,0,0,0,0,0,0,0,0,0,—,—,0.0,0.0,0.0,0.0
2026-05-25 08:41:16.614738,1779712876.614738,2420,132095.0,,,,,,,,,,,,,,,,0.0000,,,,0.0,0.0,0.0,0.0,0.0,0.0,0.0,0.0,0.0,2057827,-1319026,164324976,27882,-53786,47768,61,08b6fe00,43.51536778599,-79.68402582273,158.9711,-37.1,SOL_COMPUTED,SINGLE,good,1.6875,1.5136,2.709,16,12,0.0,0.0,0,0,0,0,0,0,0,0,0,—,—,0.0,0.0,0.0,0.0
2026-05-25 08:41:17.617310,1779712877.617310,2420,132096.0,,,,,,,,,,,,,,,,0.0000,,,,0.0,0.0,0.0,0.0,0.0,0.0,0.0,0.0,0.0,2063811,-1415495,164316154,18757,-26949,83112,61,08b0fe00,43.51536821083,-79.68402683597,159.1556,-37.1,SOL_COMPUTED,SINGLE,good,1.6867,1.5116,2.7058,16,12,0.0,0.0,0,0,0,0,0,0,0,0,0,—,—,0.0,0.0,0.0,0.0
2026-05-25 08:41:18.614347,1779712878.614347,2420,132097.0,,,,,,,,,,,,,,,,0.0000,,,,0.0,0.0,0.0,0.0,0.0,0.0,0.0,0.0,0.0,2106107,-1376843,164287030,19705,-14949,76864,61,08aafe00,43.51536877244,-79.6840281989,159.3246,-37.1,SOL_COMPUTED,SINGLE,good,1.686,1.5111,2.7027,16,12,0.0,0.0,0,0,0,0,0,0,0,0,0,—,—,0.0,0.0,0.0,0.0
2026-05-25 08:41:19.612091,1779712879.612091,2420,132098.0,,,,,,,,,,,,,,,,0.0000,,,,0.0,0.0,0.0,0.0,0.0,0.0,0.0,0.0,0.0,2097819,-1342414,164325621,52720,-67076,61830,61,08a5fe00,43.51536929001,-79.68402967673,159.4884,-37.1,SOL_COMPUTED,SINGLE,good,1.6838,1.5094,2.6985,16,12,0.0,0.0,0,0,0,0,0,0,0,0,0,—,—,0.0,0.0,0.0,0.0
2026-05-25 08:41:20.617099,1779712880.617099,2420,132099.0,,,,,,,,,,,,,,,,0.0000,,,,0.0,0.0,0.0,0.0,0.0,0.0,0.0,0.0,0.0,2058974,-1370817,164293485,39271,-21442,106214,61,089ffe00,43.51536976232,-79.68403092093,159.6447,-37.1,SOL_COMPUTED,SINGLE,good,1.682,1.5172,2.6975,16,12,0.0,0.0,0,0,0,0,0,0,0,0,0,—,—,0.0,0.0,0.0,0.0
2026-05-25 08:41:21.612957,1779712881.612957,2420,132100.0,,,,,,,,,,,,,,,,0.0000,,,,0.0,0.0,0.0,0.0,0.0,0.0,0.0,0.0,0.0,2035338,-1374908,164322511,37555,-7665,104432,61,0899fe00,43.5153696225,-79.68403092298,159.7412,-37.1,SOL_COMPUTED,SINGLE,good,1.6926,1.5801,2.7316,16,12,0.0,0.0,0,0,0,0,0,0,0,0,0,—,—,0.0,0.0,0.0,0.0
2026-05-25 08:41:22.626299,1779712882.626299,2420,132101.0,,,,,,,,,,,,,,,,0.0000,,,,0.0,0.0,0.0,0.0,0.0,0.0,0.0,0.0,0.0,2144215,-1357632,164320715,-3081,-35812,94045,61,0894fe00,43.51537012411,-79.68403502062,160.088,-37.1,SOL_COMPUTED,SINGLE,good,1.686,1.5403,2.7104,16,12,0.0,0.0,0,0,0,0,0,0,0,0,0,—,—,0.0,0.0,0.0,0.0
2026-05-25 08:41:23.610492,1779712883.610492,2420,132102.0,,,,,,,,,,,,,,,,0.0000,,,,0.0,0.0,0.0,0.0,0.0,0.0,0.0,0.0,0.0,2100264,-1321597,164323479,21521,-1437,69083,61,088efe00,43.51536657531,-79.68402366914,161.064,-37.1,SOL_COMPUTED,SINGLE,good,1.6816,1.4743,2.6989,16,13,0.0,0.0,0,0,0,0,0,0,0,0,0,—,—,0.0,0.0,0.0,0.0
2026-05-25 08:41:24.611691,1779712884.611691,2420,132103.0,,,,,,,,,,,,,,,,0.0000,,,,0.0,0.0,0.0,0.0,0.0,0.0,0.0,0.0,0.0,2156689,-1372558,164292347,-9067,-57981,93122,61,0888fe00,43.51536612129,-79.68402498965,161.3842,-37.1,SOL_COMPUTED,SINGLE,good,1.6946,1.4889,2.7273,16,13,0.0,0.0,0,0,0,0,0,0,0,0,0,—,—,0.0,0.0,0.0,0.0
2026-05-25 08:41:25.620549,1779712885.620549,2420,132104.0,,,,,,,,,,,,,,,,0.0000,,,,0.0,0.0,0.0,0.0,0.0,0.0,0.0,0.0,0.0,2120556,-1427564,164236481,64272,-14237,65147,61,0882fe00,43.51536687009,-79.68402708087,161.4609,-37.1,SOL_COMPUTED,SINGLE,good,1.6895,1.4898,2.7218,16,13,0.0,0.0,0,0,0,0,0,0,0,0,0,—,—,0.0,0.0,0.0,0.0
2026-05-25 08:41:26.626100,1779712886.626100,2420,132105.0,,,,,,,,,,,,,,,,0.0000,,,,0.0,0.0,0.0,0.0,0.0,0.0,0.0,0.0,0.0,2163108,-1324374,164418464,35990,-26780,87793,61,087cfe00,43.51536744909,-79.68403063438,161.7593,-37.1,SOL_COMPUTED,SINGLE,good,1.6813,1.4718,2.7059,17,14,0.0,0.0,0,0,0,0,0,0,0,0,0,—,—,0.0,0.0,0.0,0.0
2026-05-25 08:41:27.614047,1779712887.614047,2420,132106.0,,,,,,,,,,,,,,,,0.0000,,,,0.0,0.0,0.0,0.0,0.0,0.0,0.0,0.0,0.0,2160603,-1383062,164373250,-47447,-89487,90887,61,0876fe00,43.51536810667,-79.68403262939,162.0722,-37.1,SOL_COMPUTED,SINGLE,good,1.5819,1.4449,2.5742,17,14,0.0,0.0,0,0,0,0,0,0,0,0,0,—,—,0.0,0.0,0.0,0.0
2026-05-25 08:41:28.610247,1779712888.610247,2420,132107.0,,,,,,,,,,,,,,,,0.0000,,,,0.0,0.0,0.0,0.0,0.0,0.0,0.0,0.0,0.0,2505067,-2038429,164302997,15235,49163,172625,61,0871fe00,43.51533886483,-79.68407823496,164.1612,-37.1,SOL_COMPUTED,SINGLE,good,1.5293,1.3753,2.5871,17,15,0.0,0.0,0,0,0,0,0,0,0,0,0,—,—,0.0,0.0,0.0,0.0
2026-05-25 08:41:29.611811,1779712889.611811,2420,132108.0,,,,,,,,,,,,,,,,0.0000,,,,0.0,0.0,0.0,0.0,0.0,0.0,0.0,0.0,0.0,1892385,-1072852,164135178,53394,-53614,76448,61,086bfe00,43.51533624838,-79.68408251199,163.6087,-37.1,SOL_COMPUTED,SINGLE,good,1.5192,1.3701,2.5721,17,15,0.0,0.0,0,0,0,0,0,0,0,0,0,—,—,0.0,0.0,0.0,0.0
2026-05-25 08:41:30.610858,1779712890.610858,2420,132109.0,,,,,,,,,,,,,,,,0.0000,,,,0.0,0.0,0.0,0.0,0.0,0.0,0.0,0.0,0.0,2291589,-1588766,164401538,79571,87994,87855,61,0865fe00,43.51533715114,-79.68408436111,163.9858,-37.1,SOL_COMPUTED,SINGLE,good,1.5173,1.3651,2.5719,17,15,0.0,0.0,0,0,0,0,0,0,0,0,0,—,—,0.0,0.0,0.0,0.0
2026-05-25 08:41:31.611873,1779712891.611873,2420,132110.0,,,,,,,,,,,,,,,,0.0000,,,,0.0,0.0,0.0,0.0,0.0,0.0,0.0,0.0,0.0,2831355,-1705146,164605319,-59603,-206336,100180,61,0860fe00,43.51533734776,-79.68408649429,164.3447,-37.1,SOL_COMPUTED,SINGLE,good,1.5154,1.3644,2.5676,17,15,0.0,0.0,0,0,0,0,0,0,0,0,0,—,—,0.0,0.0,0.0,0.0
2026-05-25 08:41:32.611376,1779712892.611376,2420,132111.0,,,,,,,,,,,,,,,,0.0000,,,,0.0,0.0,0.0,0.0,0.0,0.0,0.0,0.0,0.0,2662494,-1656264,164463959,105535,-14612,98073,61,085afe00,43.51533816292,-79.68408780082,164.5104,-37.1,SOL_COMPUTED,SINGLE,good,1.5156,1.365,2.5699,17,15,0.0,0.0,0,0,0,0,0,0,0,0,0,—,—,0.0,0.0,0.0,0.0
2026-05-25 08:41:33.613135,1779712893.613135,2420,132112.0,,,,,,,,,,,,,,,,0.0000,,,,0.0,0.0,0.0,0.0,0.0,0.0,0.0,0.0,0.0,2308462,-1689660,164444688,68886,14657,91334,61,0854fe00,43.51533959182,-79.68408927552,164.7852,-37.1,SOL_COMPUTED,SINGLE,good,1.5194,1.3641,2.5857,17,15,0.0,0.0,0,0,0,0,0,0,0,0,0,—,—,0.0,0.0,0.0,0.0
2026-05-25 08:41:34.627264,1779712894.627264,2420,132113.0,,,,,,,,,,,,,,,,0.0000,,,,0.0,0.0,0.0,0.0,0.0,0.0,0.0,0.0,0.0,2426054,-1376038,164345006,-21585,-74283,65445,61,084ffe00,43.51534675329,-79.68409239493,163.5612,-37.1,SOL_COMPUTED,SINGLE,good,1.5635,1.3727,2.7294,16,14,0.0,0.0,0,0,0,0,0,0,0,0,0,—,—,0.0,0.0,0.0,0.0
2026-05-25 08:41:35.612173,1779712895.612173,2420,132114.0,,,,,,,,,,,,,,,,0.0000,,,,0.0,0.0,0.0,0.0,0.0,0.0,0.0,0.0,0.0,2057231,-1414254,164717775,153211,25838,44816,61,0848fe00,43.5153431215,-79.68409091379,168.5146,-37.1,SOL_COMPUTED,SINGLE,good,1.4778,1.3528,2.5028,17,16,0.0,0.0,0,0,0,0,0,0,0,0,0,—,—,0.0,0.0,0.0,0.0
2026-05-25 08:41:36.613913,1779712896.613913,2420,132115.0,,,,,,,,,,,,,,,,0.0000,,,,0.0,0.0,0.0,0.0,0.0,0.0,0.0,0.0,0.0,2215292,-1374667,164450686,-10962,64329,77066,61,0843fe00,43.51534978415,-79.68409454735,167.652,-37.1,SOL_COMPUTED,SINGLE,good,1.4757,1.3517,2.4969,17,16,0.0,0.0,0,0,0,0,0,0,0,0,0,—,—,0.0,0.0,0.0,0.0
2026-05-25 08:41:37.612092,1779712897.612092,2420,132116.0,,,,,,,,,,,,,,,,0.0000,,,,0.0,0.0,0.0,0.0,0.0,0.0,0.0,0.0,0.0,2168233,-1237343,164330057,-2087,-63565,81192,61,083dfe00,43.51534200103,-79.68408989835,170.2654,-37.1,SOL_COMPUTED,SINGLE,good,1.4764,1.3538,2.4973,17,16,0.0,0.0,0,0,0,0,0,0,0,0,0,—,—,0.0,0.0,0.0,0.0
2026-05-25 08:41:38.609870,1779712898.609870,2420,132117.0,,,,,,,,,,,,,,,,0.0000,,,,0.0,0.0,0.0,0.0,0.0,0.0,0.0,0.0,0.0,1993985,-1447365,164249892,11236,-23366,86470,61,0837fe00,43.51534194981,-79.68408989182,170.8051,-37.1,SOL_COMPUTED,SINGLE,good,1.4765,1.3536,2.4971,17,16,0.0,0.0,0,0,0,0,0,0,0,0,0,—,—,0.0,0.0,0.0,0.0
2026-05-25 08:41:39.611654,1779712899.611654,2420,132118.0,,,,,,,,,,,,,,,,0.0000,,,,0.0,0.0,0.0,0.0,0.0,0.0,0.0,0.0,0.0,2067130,-1376027,164289918,17741,-9793,119810,61,0832fe00,43.51534284046,-79.68408962199,171.1433,-37.1,SOL_COMPUTED,SINGLE,good,1.4761,1.3562,2.4937,17,16,0.0,0.0,0,0,0,0,0,0,0,0,0,—,—,0.0,0.0,0.0,0.0
2026-05-25 08:41:40.612134,1779712900.612134,2420,132119.0,,,,,,,,,,,,,,,,0.0000,,,,0.0,0.0,0.0,0.0,0.0,0.0,0.0,0.0,0.0,2080379,-1373541,164357539,42200,-11250,75724,61,082cfe00,43.51534382112,-79.68408894797,171.1499,-37.1,SOL_COMPUTED,SINGLE,good,1.477,1.3661,2.4929,17,16,0.0,0.0,0,0,0,0,0,0,0,0,0,—,—,0.0,0.0,0.0,0.0
2026-05-25 08:41:41.629124,1779712901.629124,2420,132120.0,,,,,,,,,,,,,,,,0.0000,,,,0.0,0.0,0.0,0.0,0.0,0.0,0.0,0.0,0.0,2120186,-1359236,164319570,24098,-55483,127899,61,0826fe00,43.5153451374,-79.68409125188,171.2974,-37.1,SOL_COMPUTED,SINGLE,good,1.4756,1.3568,2.4912,17,16,0.0,0.0,0,0,0,0,0,0,0,0,0,—,—,0.0,0.0,0.0,0.0
2026-05-25 08:41:42.615016,1779712902.615016,2420,132121.0,,,,,,,,,,,,,,,,0.0000,,,,0.0,0.0,0.0,0.0,0.0,0.0,0.0,0.0,0.0,2077264,-1356488,164352723,36115,-58755,90757,61,0820fe00,43.51534602331,-79.6840913582,171.3074,-37.1,SOL_COMPUTED,SINGLE,good,1.4788,1.3632,2.4959,17,16,0.0,0.0,0,0,0,0,0,0,0,0,0,—,—,0.0,0.0,0.0,0.0
2026-05-25 08:41:43.611559,1779712903.611559,2420,132122.0,,,,,,,,,,,,,,,,0.0000,,,,0.0,0.0,0.0,0.0,0.0,0.0,0.0,0.0,0.0,2128149,-1402895,164320120,22823,-59466,105685,61,081bfe00,43.5153467597,-79.68409230705,171.5222,-37.1,SOL_COMPUTED,SINGLE,good,1.4771,1.358,2.4948,17,16,0.0,0.0,0,0,0,0,0,0,0,0,0,—,—,0.0,0.0,0.0,0.0
2026-05-25 08:41:44.610824,1779712904.610824,2420,132123.0,,,,,,,,,,,,,,,,0.0000,,,,0.0,0.0,0.0,0.0,0.0,0.0,0.0,0.0,0.0,2178967,-1423838,164384742,24634,-43930,65463,61,0815fe00,43.51534738595,-79.68409181219,171.5827,-37.1,SOL_COMPUTED,SINGLE,good,1.4784,1.3603,2.4963,17,16,0.0,0.0,0,0,0,0,0,0,0,0,0,—,—,0.0,0.0,0.0,0.0
2026-05-25 08:41:45.609876,1779712905.609876,2420,132124.0,,,,,,,,,,,,,,,,0.0000,,,,0.0,0.0,0.0,0.0,0.0,0.0,0.0,0.0,0.0,-1870724,-1185189,169283505,7188747,72681123,-2286884,61,080ffe00,43.51534771326,-79.68409058748,171.6365,-37.1,SOL_COMPUTED,SINGLE,good,1.4777,1.364,2.4921,17,16,0.0,0.0,0,0,0,0,0,0,0,0,0,—,—,0.0,0.0,0.0,0.0
2026-05-25 08:41:46.609007,1779712906.609007,2420,132125.0,,,,,,,,,,,,,,,,0.0000,,,,0.0,0.0,0.0,0.0,0.0,0.0,0.0,0.0,0.0,-137898868,2141132,88969388,8297886,163922811,-6395677,61,0809fe00,43.51534831361,-79.68408590497,171.1777,-37.1,SOL_COMPUTED,SINGLE,good,1.4891,1.3976,2.5061,17,16,0.0,0.0,0,0,0,0,0,0,0,0,0,—,—,0.0,0.0,0.0,0.0
2026-05-25 08:41:47.607590,1779712907.607590,2420,132126.0,,,,,,,,,,,,,,,,0.0000,,,,0.0,0.0,0.0,0.0,0.0,0.0,0.0,0.0,0.0,-91759602,1033133,117226575,-4121634,-431749580,-3569101,61,0804fe00,43.51534710419,-79.68408590112,172.2075,-37.1,SOL_COMPUTED,SINGLE,good,1.4903,1.3865,2.5078,17,16,0.0,0.0,0,0,0,0,0,0,0,0,0,—,—,0.0,0.0,0.0,0.0
2026-05-25 08:41:48.608155,1779712908.608155,2420,132127.0,,,,,,,,,,,,,,,,0.0000,,,,0.0,0.0,0.0,0.0,0.0,0.0,0.0,0.0,0.0,2787749,-1062463,165062271,-104272,96176,283102,61,07fefe00,43.51534593303,-79.68408675867,173.1693,-37.1,SOL_COMPUTED,SINGLE,good,1.4847,1.3771,2.5009,17,16,0.0,0.0,0,0,0,0,0,0,0,0,0,—,—,0.0,0.0,0.0,0.0
2026-05-25 08:41:49.608876,1779712909.608876,2420,132128.0,,,,,,,,,,,,,,,,0.0000,,,,0.0,0.0,0.0,0.0,0.0,0.0,0.0,0.0,0.0,2158073,-1019908,164482120,39461,-185454,-20958,61,07f9fe00,43.51534856302,-79.68408949524,172.9973,-37.1,SOL_COMPUTED,SINGLE,good,1.4818,1.3714,2.499,17,16,0.0,0.0,0,0,0,0,0,0,0,0,0,—,—,0.0,0.0,0.0,0.0
2026-05-25 08:41:50.607942,1779712910.607942,2420,132129.0,,,,,,,,,,,,,,,,0.0000,,,,0.0,0.0,0.0,0.0,0.0,0.0,0.0,0.0,0.0,1853019,-1467648,164164986,24966,4444,86460,61,07f3fe00,43.51535026312,-79.68408880797,172.6868,-37.1,SOL_COMPUTED,SINGLE,good,1.4835,1.3774,2.5009,17,16,0.0,0.0,0,0,0,0,0,0,0,0,0,—,—,0.0,0.0,0.0,0.0
2026-05-25 08:41:51.606884,1779712911.606884,2420,132130.0,,,,,,,,,,,,,,,,0.0000,,,,0.0,0.0,0.0,0.0,0.0,0.0,0.0,0.0,0.0,2090823,-1314495,164380832,20587,-6031,58233,61,07edfe00,43.51535124296,-79.68408956768,172.6677,-37.1,SOL_COMPUTED,SINGLE,good,1.4826,1.3713,2.4969,17,16,0.0,0.0,0,0,0,0,0,0,0,0,0,—,—,0.0,0.0,0.0,0.0
2026-05-25 08:41:52.611764,1779712912.611764,2420,132131.0,,,,,,,,,,,,,,,,0.0000,,,,0.0,0.0,0.0,0.0,0.0,0.0,0.0,0.0,0.0,2049542,-1356498,164261337,48266,-69206,56864,61,07e7fe00,43.51535241252,-79.68408933378,172.5245,-37.1,SOL_COMPUTED,SINGLE,good,1.4842,1.3704,2.4975,17,16,0.0,0.0,0,0,0,0,0,0,0,0,0,—,—,0.0,0.0,0.0,0.0
2026-05-25 08:41:53.608425,1779712913.608425,2420,132132.0,,,,,,,,,,,,,,,,0.0000,,,,0.0,0.0,0.0,0.0,0.0,0.0,0.0,0.0,0.0,2034146,-1332808,164261171,98470,22075,52766,61,07e2fe00,43.51535215347,-79.68408993587,172.8874,-37.1,SOL_COMPUTED,SINGLE,good,1.4819,1.3572,2.4937,17,16,0.0,0.0,0,0,0,0,0,0,0,0,0,—,—,0.0,0.0,0.0,0.0
2026-05-25 08:41:54.610060,1779712914.610060,2420,132133.0,,,,,,,,,,,,,,,,0.0000,,,,0.0,0.0,0.0,0.0,0.0,0.0,0.0,0.0,0.0,2467595,-1352271,164739275,-30876,-416778,18686,61,07dcfe00,43.51535128551,-79.68409018592,173.3377,-37.1,SOL_COMPUTED,SINGLE,good,1.4804,1.3515,2.4971,17,16,0.0,0.0,0,0,0,0,0,0,0,0,0,—,—,0.0,0.0,0.0,0.0
2026-05-25 08:41:55.610784,1779712915.610784,2420,132134.0,,,,,,,,,,,,,,,,0.0000,,,,0.0,0.0,0.0,0.0,0.0,0.0,0.0,0.0,0.0,4427550,-2241636,165131385,-121084,-377336,127664,61,07d6fe00,43.51535233973,-79.68408798406,173.1263,-37.1,SOL_COMPUTED,SINGLE,good,1.4958,1.3555,2.5056,17,16,0.0,0.0,0,0,0,0,0,0,0,0,0,—,—,0.0,0.0,0.0,0.0
2026-05-25 08:41:56.621358,1779712916.621358,2420,132135.0,,,,,,,,,,,,,,,,0.0000,,,,0.0,0.0,0.0,0.0,0.0,0.0,0.0,0.0,0.0,1882322,-1339133,164219243,-70918,-318678,93585,61,07d1fe00,43.51535187736,-79.68408628997,173.3994,-37.1,SOL_COMPUTED,SINGLE,good,1.487,1.3491,2.4922,17,16,0.0,0.0,0,0,0,0,0,0,0,0,0,—,—,0.0,0.0,0.0,0.0
2026-05-25 08:41:57.608636,1779712917.608636,2420,132136.0,,,,,,,,,,,,,,,,0.0000,,,,0.0,0.0,0.0,0.0,0.0,0.0,0.0,0.0,0.0,2140284,-974622,164361898,49845,-9034,49872,61,07cbfe00,43.51535120478,-79.68408387483,173.8446,-37.1,SOL_COMPUTED,SINGLE,good,1.4819,1.3512,2.4901,17,16,0.0,0.0,0,0,0,0,0,0,0,0,0,—,—,0.0,0.0,0.0,0.0
2026-05-25 08:41:58.609973,1779712918.609973,2420,132137.0,,,,,,,,,,,,,,,,0.0000,,,,0.0,0.0,0.0,0.0,0.0,0.0,0.0,0.0,0.0,2139040,-1096663,164291893,5849,-101628,71572,61,07c5fe00,43.51535097083,-79.68408010678,173.8904,-37.1,SOL_COMPUTED,SINGLE,good,1.5023,1.3692,2.5116,17,16,0.0,0.0,0,0,0,0,0,0,0,0,0,—,—,0.0,0.0,0.0,0.0
2026-05-25 08:41:59.609993,1779712919.609993,2420,132138.0,,,,,,,,,,,,,,,,0.0000,,,,0.0,0.0,0.0,0.0,0.0,0.0,0.0,0.0,0.0,2762034,-2219942,164816697,-28832,235084,203753,61,07bffe00,43.51533906227,-79.68408317661,172.4566,-37.1,SOL_COMPUTED,SINGLE,good,1.9607,1.3739,2.8676,16,15,0.0,0.0,0,0,0,0,0,0,0,0,0,—,—,0.0,0.0,0.0,0.0
2026-05-25 08:42:00.612837,1779712920.612837,2420,132139.0,,,,,,,,,,,,,,,,0.0000,,,,0.0,0.0,0.0,0.0,0.0,0.0,0.0,0.0,0.0,2060648,-1062743,164386669,47556,-71938,72100,61,07bafe00,43.51543236902,-79.68401337217,176.8178,-37.1,SOL_COMPUTED,SINGLE,good,1.6175,1.4102,2.7157,16,15,0.0,0.0,0,0,0,0,0,0,0,0,0,—,—,0.0,0.0,0.0,0.0
2026-05-25 08:42:01.609064,1779712921.609064,2420,132140.0,,,,,,,,,,,,,,,,0.0000,,,,0.0,0.0,0.0,0.0,0.0,0.0,0.0,0.0,0.0,2042522,-1542719,164349007,25696,-112771,87727,61,07b5fe00,43.51543206846,-79.68401296442,176.7371,-37.1,SOL_COMPUTED,SINGLE,good,1.6182,1.4086,2.7182,16,15,0.0,0.0,0,0,0,0,0,0,0,0,0,—,—,0.0,0.0,0.0,0.0
2026-05-25 08:42:02.610905,1779712922.610905,2420,132141.0,,,,,,,,,,,,,,,,0.0000,,,,0.0,0.0,0.0,0.0,0.0,0.0,0.0,0.0,0.0,2053374,-1238896,164222150,48541,-108124,72638,61,07affe00,43.51543183258,-79.68401262835,176.6976,-37.1,SOL_COMPUTED,SINGLE,good,1.617,1.4043,2.7155,16,15,0.0,0.0,0,0,0,0,0,0,0,0,0,—,—,0.0,0.0,0.0,0.0
2026-05-25 08:42:03.613465,1779712923.613465,2420,132142.0,,,,,,,,,,,,,,,,0.0000,,,,0.0,0.0,0.0,0.0,0.0,0.0,0.0,0.0,0.0,2233216,-1533692,164387535,30202,62024,107855,61,07a9fe00,43.51543126399,-79.68401133514,176.585,-37.1,SOL_COMPUTED,SINGLE,good,1.619,1.408,2.7199,16,15,0.0,0.0,0,0,0,0,0,0,0,0,0,—,—,0.0,0.0,0.0,0.0
2026-05-25 08:42:04.613096,1779712924.613096,2420,132143.0,,,,,,,,,,,,,,,,0.0000,,,,0.0,0.0,0.0,0.0,0.0,0.0,0.0,0.0,0.0,1771003,-2014451,164204037,-4552,140540,107655,61,07a4fe00,43.51543103994,-79.68401141083,176.5805,-37.1,SOL_COMPUTED,SINGLE,good,1.6176,1.4021,2.7189,16,15,0.0,0.0,0,0,0,0,0,0,0,0,0,—,—,0.0,0.0,0.0,0.0
2026-05-25 08:42:05.615234,1779712925.615234,2420,132144.0,,,,,,,,,,,,,,,,0.0000,,,,0.0,0.0,0.0,0.0,0.0,0.0,0.0,0.0,0.0,1805464,-1002591,164116738,-14268,53693,120947,61,079efe00,43.51543078619,-79.68401085794,176.4913,-37.1,SOL_COMPUTED,SINGLE,good,1.618,1.4016,2.7208,16,15,0.0,0.0,0,0,0,0,0,0,0,0,0,—,—,0.0,0.0,0.0,0.0
2026-05-25 08:42:06.614222,1779712926.614222,2420,132145.0,,,,,,,,,,,,,,,,0.0000,,,,0.0,0.0,0.0,0.0,0.0,0.0,0.0,0.0,0.0,2007330,-1359573,164333241,41762,-54139,114733,61,0799fe00,43.51543042395,-79.68400954167,176.4307,-37.1,SOL_COMPUTED,SINGLE,good,1.6174,1.4005,2.7161,16,15,0.0,0.0,0,0,0,0,0,0,0,0,0,—,—,0.0,0.0,0.0,0.0
2026-05-25 08:42:07.613251,1779712927.613251,2420,132146.0,,,,,,,,,,,,,,,,0.0000,,,,0.0,0.0,0.0,0.0,0.0,0.0,0.0,0.0,0.0,2173765,-1580007,164409476,12377,-67660,76999,61,0793fe00,43.51543015925,-79.68400887341,176.3782,-37.1,SOL_COMPUTED,SINGLE,good,1.617,1.3996,2.7153,16,15,0.0,0.0,0,0,0,0,0,0,0,0,0,—,—,0.0,0.0,0.0,0.0
2026-05-25 08:42:08.611798,1779712928.611798,2420,132147.0,,,,,,,,,,,,,,,,0.0000,,,,0.0,0.0,0.0,0.0,0.0,0.0,0.0,0.0,0.0,1920191,-1571414,164171311,74776,20399,128642,61,078dfe00,43.51542977308,-79.68400814237,176.3267,-37.1,SOL_COMPUTED,SINGLE,good,1.6171,1.399,2.7164,16,15,0.0,0.0,0,0,0,0,0,0,0,0,0,—,—,0.0,0.0,0.0,0.0
2026-05-25 08:42:09.616541,1779712929.616541,2420,132148.0,,,,,,,,,,,,,,,,0.0000,,,,0.0,0.0,0.0,0.0,0.0,0.0,0.0,0.0,0.0,2365683,-1559560,164508930,8332,6674,106460,61,0787fe00,43.51542944079,-79.68400744747,176.2565,-37.1,SOL_COMPUTED,SINGLE,good,1.6174,1.3988,2.7168,16,15,0.0,0.0,0,0,0,0,0,0,0,0,0,—,—,0.0,0.0,0.0,0.0
2026-05-25 08:42:10.615029,1779712930.615029,2420,132149.0,,,,,,,,,,,,,,,,0.0000,,,,0.0,0.0,0.0,0.0,0.0,0.0,0.0,0.0,0.0,2376174,-1370434,164651939,-8197,211860,202246,61,0782fe00,43.51542913073,-79.68400660131,176.1683,-37.1,SOL_COMPUTED,SINGLE,good,1.6165,1.3974,2.712,16,15,0.0,0.0,0,0,0,0,0,0,0,0,0,—,—,0.0,0.0,0.0,0.0
2026-05-25 08:42:11.629632,1779712931.629632,2420,132150.0,,,,,,,,,,,,,,,,0.0000,,,,0.0,0.0,0.0,0.0,0.0,0.0,0.0,0.0,0.0,1833347,-1560809,164170891,24493,-48227,74805,61,077dfe00,43.51542850065,-79.68400605998,176.1586,-37.1,SOL_COMPUTED,SINGLE,good,1.622,1.4044,2.7258,16,15,0.0,0.0,0,0,0,0,0,0,0,0,0,—,—,0.0,0.0,0.0,0.0
2026-05-25 08:42:12.616043,1779712932.616043,2420,132151.0,,,,,,,,,,,,,,,,0.0000,,,,0.0,0.0,0.0,0.0,0.0,0.0,0.0,0.0,0.0,1933403,-1366805,164158668,49895,-133866,52568,61,0777fe00,43.51542813628,-79.6840064239,176.0646,-37.1,SOL_COMPUTED,SINGLE,good,1.6199,1.4018,2.7271,16,15,0.0,0.0,0,0,0,0,0,0,0,0,0,—,—,0.0,0.0,0.0,0.0
2026-05-25 08:42:13.613265,1779712933.613265,2420,132152.0,,,,,,,,,,,,,,,,0.0000,,,,0.0,0.0,0.0,0.0,0.0,0.0,0.0,0.0,0.0,2347455,-1677147,164550159,49463,-177262,3424,61,0771fe00,43.51542793918,-79.68400581754,176.0087,-37.1,SOL_COMPUTED,SINGLE,good,1.6183,1.3983,2.7193,16,15,0.0,0.0,0,0,0,0,0,0,0,0,0,—,—,0.0,0.0,0.0,0.0
2026-05-25 08:42:14.615776,1779712934.615776,2420,132153.0,,,,,,,,,,,,,,,,0.0000,,,,0.0,0.0,0.0,0.0,0.0,0.0,0.0,0.0,0.0,2075543,-1482762,164365072,31077,-8980,96448,61,076cfe00,43.51542745711,-79.68400529104,175.9276,-37.1,SOL_COMPUTED,SINGLE,good,1.6171,1.3972,2.7127,16,15,0.0,0.0,0,0,0,0,0,0,0,0,0,—,—,0.0,0.0,0.0,0.0
2026-05-25 08:42:15.613281,1779712935.613281,2420,132154.0,,,,,,,,,,,,,,,,0.0000,,,,0.0,0.0,0.0,0.0,0.0,0.0,0.0,0.0,0.0,1941049,-1340103,164202116,59230,-20419,70696,61,0766fe00,43.51542718491,-79.68400523268,175.779,-37.1,SOL_COMPUTED,SINGLE,good,1.6166,1.3953,2.7121,16,15,0.0,0.0,0,0,0,0,0,0,0,0,0,—,—,0.0,0.0,0.0,0.0
2026-05-25 08:42:16.613640,1779712936.613640,2420,132155.0,,,,,,,,,,,,,,,,0.0000,,,,0.0,0.0,0.0,0.0,0.0,0.0,0.0,0.0,0.0,1983076,-1421082,164234179,51857,-76990,23958,61,0761fe00,43.5154264369,-79.68400449733,175.6318,-37.1,SOL_COMPUTED,SINGLE,good,1.6181,1.3961,2.7126,16,15,0.0,0.0,0,0,0,0,0,0,0,0,0,—,—,0.0,0.0,0.0,0.0
2026-05-25 08:42:17.612496,1779712937.612496,2420,132156.0,,,,,,,,,,,,,,,,0.0000,,,,0.0,0.0,0.0,0.0,0.0,0.0,0.0,0.0,0.0,2828421,-923944,163996399,123077,82515,103133,61,075bfe00,43.51546382176,-79.68398445447,178.8672,-37.1,SOL_COMPUTED,SINGLE,good,1.4208,1.32,2.556,17,17,0.0,0.0,0,0,0,0,0,0,0,0,0,—,—,0.0,0.0,0.0,0.0
2026-05-25 08:42:18.616007,1779712938.616007,2420,132157.0,,,,,,,,,,,,,,,,0.0000,,,,0.0,0.0,0.0,0.0,0.0,0.0,0.0,0.0,0.0,1798023,-1434200,164221896,72047,-29085,45345,61,0755fe00,43.5154488668,-79.68398763163,176.8709,-37.1,SOL_COMPUTED,SINGLE,good,1.4012,1.3188,2.5357,17,17,0.0,0.0,0,0,0,0,0,0,0,0,0,—,—,0.0,0.0,0.0,0.0
2026-05-25 08:42:19.617225,1779712939.617225,2420,132158.0,,,,,,,,,,,,,,,,0.0000,,,,0.0,0.0,0.0,0.0,0.0,0.0,0.0,0.0,0.0,2174086,-1184725,164385377,20334,-13879,102259,61,0750fe00,43.51545847364,-79.68398661931,178.3555,-37.1,SOL_COMPUTED,SINGLE,good,1.4132,1.3228,2.5543,17,17,0.0,0.0,0,0,0,0,0,0,0,0,0,—,—,0.0,0.0,0.0,0.0
2026-05-25 08:42:20.615186,1779712940.615186,2420,132159.0,,,,,,,,,,,,,,,,0.0000,,,,0.0,0.0,0.0,0.0,0.0,0.0,0.0,0.0,0.0,1601213,-1423139,164055923,-27299,-189559,-15399,61,074afe00,43.5154297311,-79.68399352697,174.4733,-37.1,SOL_COMPUTED,SINGLE,good,1.5619,1.3221,2.7332,16,16,0.0,0.0,0,0,0,0,0,0,0,0,0,—,—,0.0,0.0,0.0,0.0
2026-05-25 08:42:21.614486,1779712941.614486,2420,132160.0,,,,,,,,,,,,,,,,0.0000,,,,0.0,0.0,0.0,0.0,0.0,0.0,0.0,0.0,0.0,2213004,-960871,164400407,124086,283101,-26207,61,0745fe00,43.51543419013,-79.68398441488,173.8458,-37.1,SOL_COMPUTED,SINGLE,good,1.5613,1.3208,2.7142,16,16,0.0,0.0,0,0,0,0,0,0,0,0,0,—,—,0.0,0.0,0.0,0.0
2026-05-25 08:42:22.620611,1779712942.620611,2420,132161.0,,,,,,,,,,,,,,,,0.0000,,,,0.0,0.0,0.0,0.0,0.0,0.0,0.0,0.0,0.0,1917127,-1363227,164275418,37942,-43867,77752,61,073ffe00,43.51543419331,-79.68398257545,173.546,-37.1,SOL_COMPUTED,SINGLE,good,1.5658,1.3251,2.733,16,16,0.0,0.0,0,0,0,0,0,0,0,0,0,—,—,0.0,0.0,0.0,0.0
2026-05-25 08:42:23.610935,1779712943.610935,2420,132162.0,,,,,,,,,,,,,,,,0.0000,,,,0.0,0.0,0.0,0.0,0.0,0.0,0.0,0.0,0.0,2227419,-1690425,164370866,66584,-57218,26961,61,073afe00,43.51543228211,-79.68398339714,173.3273,-37.1,SOL_COMPUTED,SINGLE,good,1.5654,1.324,2.7311,16,16,0.0,0.0,0,0,0,0,0,0,0,0,0,—,—,0.0,0.0,0.0,0.0
2026-05-25 08:42:24.612611,1779712944.612611,2420,132163.0,,,,,,,,,,,,,,,,0.0000,,,,0.0,0.0,0.0,0.0,0.0,0.0,0.0,0.0,0.0,2077445,-1420790,164367066,3391,-36391,71478,61,0734fe00,43.51544792187,-79.68398284147,175.7906,-37.1,SOL_COMPUTED,SINGLE,good,1.4586,1.3245,2.614,17,17,0.0,0.0,0,0,0,0,0,0,0,0,0,—,—,0.0,0.0,0.0,0.0
2026-05-25 08:42:25.611840,1779712945.611840,2420,132164.0,,,,,,,,,,,,,,,,0.0000,,,,0.0,0.0,0.0,0.0,0.0,0.0,0.0,0.0,0.0,2086131,-1259844,164336346,54703,-42066,118658,61,072ffe00,43.51542859197,-79.68398480225,172.679,-37.1,SOL_COMPUTED,SINGLE,good,1.5699,1.3288,2.7356,16,16,0.0,0.0,0,0,0,0,0,0,0,0,0,—,—,0.0,0.0,0.0,0.0
2026-05-25 08:42:26.624057,1779712946.624057,2420,132165.0,,,,,,,,,,,,,,,,0.0000,,,,0.0,0.0,0.0,0.0,0.0,0.0,0.0,0.0,0.0,2107372,-1291696,164411901,-3724,56501,98670,61,0729fe00,43.51543037768,-79.68398301306,172.546,-37.1,SOL_COMPUTED,SINGLE,good,1.5618,1.327,2.7313,17,17,0.0,0.0,0,0,0,0,0,0,0,0,0,—,—,0.0,0.0,0.0,0.0
2026-05-25 08:42:27.614335,1779712947.614335,2420,132166.0,,,,,,,,,,,,,,,,0.0000,,,,0.0,0.0,0.0,0.0,0.0,0.0,0.0,0.0,0.0,1978691,-1363046,164247495,35005,-60906,75094,61,0724fe00,43.5154317411,-79.68397563001,171.5036,-37.1,SOL_COMPUTED,SINGLE,good,1.5725,1.3331,2.7543,17,16,0.0,0.0,0,0,0,0,0,0,0,0,0,—,—,0.0,0.0,0.0,0.0
2026-05-25 08:42:28.611783,1779712948.611783,2420,132167.0,,,,,,,,,,,,,,,,0.0000,,,,0.0,0.0,0.0,0.0,0.0,0.0,0.0,0.0,0.0,1465831,-652333,163525751,169794,-437532,17070,61,071efe00,43.51543319547,-79.68397163161,171.0174,-37.1,SOL_COMPUTED,SINGLE,good,1.5753,1.3352,2.7499,17,16,0.0,0.0,0,0,0,0,0,0,0,0,0,—,—,0.0,0.0,0.0,0.0
2026-05-25 08:42:29.624306,1779712949.624306,2420,132168.0,,,,,,,,,,,,,,,,0.0000,,,,0.0,0.0,0.0,0.0,0.0,0.0,0.0,0.0,0.0,2081467,-1329019,164283224,60343,-3244,29982,61,0719fe00,43.51543627424,-79.68396691912,170.6386,-37.1,SOL_COMPUTED,SINGLE,good,1.575,1.3334,2.7777,17,16,0.0,0.0,0,0,0,0,0,0,0,0,0,—,—,0.0,0.0,0.0,0.0
2026-05-25 08:42:30.620412,1779712950.620412,2420,132169.0,,,,,,,,,,,,,,,,0.0000,,,,0.0,0.0,0.0,0.0,0.0,0.0,0.0,0.0,0.0,2476222,-1372536,163525331,-45343,-74041,42166,61,0713fe00,43.51543410426,-79.68397162868,170.9382,-37.1,SOL_COMPUTED,SINGLE,good,1.5784,1.3314,2.8047,17,16,0.0,0.0,0,0,0,0,0,0,0,0,0,—,—,0.0,0.0,0.0,0.0
2026-05-25 08:42:31.613558,1779712951.613558,2420,132170.0,,,,,,,,,,,,,,,,0.0000,,,,0.0,0.0,0.0,0.0,0.0,0.0,0.0,0.0,0.0,728541,-2166992,163654354,-109064,65051,146041,61,070efe00,43.51544259431,-79.68398343072,175.8673,-37.1,SOL_COMPUTED,SINGLE,good,1.6159,1.3338,3.0473,16,15,0.0,0.0,0,0,0,0,0,0,0,0,0,—,—,0.0,0.0,0.0,0.0
2026-05-25 08:42:32.631988,1779712952.631988,2420,132171.0,,,,,,,,,,,,,,,,0.0000,,,,0.0,0.0,0.0,0.0,0.0,0.0,0.0,0.0,0.0,2166184,-1268729,164361341,27679,-158321,23584,61,0708fe00,43.51543328783,-79.68398608483,174.453,-37.1,SOL_COMPUTED,SINGLE,good,1.4111,1.3277,2.8028,16,16,0.0,0.0,0,0,0,0,0,0,0,0,0,—,—,0.0,0.0,0.0,0.0
2026-05-25 08:42:33.621976,1779712953.621976,2420,132172.0,,,,,,,,,,,,,,,,0.0000,,,,0.0,0.0,0.0,0.0,0.0,0.0,0.0,0.0,0.0,1320064,-1187165,163770876,107592,-108646,-102862,61,0703fe00,43.5154258499,-79.68398994236,172.4349,-37.1,SOL_COMPUTED,SINGLE,good,1.4157,1.3416,2.8731,17,16,0.0,0.0,0,0,0,0,0,0,0,0,0,—,—,0.0,0.0,0.0,0.0
2026-05-25 08:42:34.611015,1779712954.611015,2420,132173.0,,,,,,,,,,,,,,,,0.0000,,,,0.0,0.0,0.0,0.0,0.0,0.0,0.0,0.0,0.0,2302723,-1446384,164498421,-1353,-2058,99209,61,06fefe00,43.5154212566,-79.68399477188,170.9425,-37.1,SOL_COMPUTED,SINGLE,good,1.4154,1.3432,2.9499,17,16,0.0,0.0,0,0,0,0,0,0,0,0,0,—,—,0.0,0.0,0.0,0.0
2026-05-25 08:42:35.609749,1779712955.609749,2420,132174.0,,,,,,,,,,,,,,,,0.0000,,,,0.0,0.0,0.0,0.0,0.0,0.0,0.0,0.0,0.0,162420,-526192,162858390,202901,508284,95445,61,06f8fe00,43.51542305961,-79.68399050463,172.0623,-37.1,SOL_COMPUTED,SINGLE,good,1.3977,1.3298,2.8126,17,16,0.0,0.0,0,0,0,0,0,0,0,0,0,—,—,0.0,0.0,0.0,0.0
2026-05-25 08:42:36.626278,1779712956.626278,2420,132175.0,,,,,,,,,,,,,,,,0.0000,,,,0.0,0.0,0.0,0.0,0.0,0.0,0.0,0.0,0.0,1853498,-1506228,164276676,85652,-20675,68285,61,06f2fe00,43.51542757491,-79.68398469601,172.2103,-37.1,SOL_COMPUTED,SINGLE,good,1.3926,1.3285,2.8018,17,16,0.0,0.0,0,0,0,0,0,0,0,0,0,—,—,0.0,0.0,0.0,0.0
2026-05-25 08:42:37.612931,1779712957.612931,2420,132176.0,,,,,,,,,,,,,,,,0.0000,,,,0.0,0.0,0.0,0.0,0.0,0.0,0.0,0.0,0.0,1569269,-1092050,163978602,20019,-8796,107109,61,06edfe00,43.51542796369,-79.68398584843,172.5118,-37.1,SOL_COMPUTED,SINGLE,good,1.4041,1.344,2.8262,17,16,0.0,0.0,0,0,0,0,0,0,0,0,0,—,—,0.0,0.0,0.0,0.0
2026-05-25 08:42:38.611442,1779712958.611442,2420,132177.0,,,,,,,,,,,,,,,,0.0000,,,,0.0,0.0,0.0,0.0,0.0,0.0,0.0,0.0,0.0,1846936,-1081543,164055751,52165,209016,69160,61,06e8fe00,43.51542462604,-79.68398748209,172.4389,-37.1,SOL_COMPUTED,SINGLE,good,1.3929,1.3334,2.7871,17,16,0.0,0.0,0,0,0,0,0,0,0,0,0,—,—,0.0,0.0,0.0,0.0
2026-05-25 08:42:39.612705,1779712959.612705,2420,132178.0,,,,,,,,,,,,,,,,0.0000,,,,0.0,0.0,0.0,0.0,0.0,0.0,0.0,0.0,0.0,2491575,-1603861,164741877,10187,-131230,25047,61,06e3fe00,43.51542439535,-79.68398367006,171.7618,-37.1,SOL_COMPUTED,SINGLE,good,1.3803,1.3251,2.7637,17,16,0.0,0.0,0,0,0,0,0,0,0,0,0,—,—,0.0,0.0,0.0,0.0
2026-05-25 08:42:40.614317,1779712960.614317,2420,132179.0,,,,,,,,,,,,,,,,0.0000,,,,0.0,0.0,0.0,0.0,0.0,0.0,0.0,0.0,0.0,2094614,-1530880,164375215,121359,210911,53405,61,06ddfe00,43.51542695101,-79.68399046117,172.5346,-37.1,SOL_COMPUTED,SINGLE,good,1.39,1.3438,2.8131,17,16,0.0,0.0,0,0,0,0,0,0,0,0,0,—,—,0.0,0.0,0.0,0.0
2026-05-25 08:42:41.623159,1779712961.623159,2420,132180.0,,,,,,,,,,,,,,,,0.0000,,,,0.0,0.0,0.0,0.0,0.0,0.0,0.0,0.0,0.0,-72411380,-296666,139754409,1929198,111561662,574071,61,06d8fe00,43.51542073112,-79.6839927417,171.0697,-37.1,SOL_COMPUTED,SINGLE,good,1.4007,1.3492,2.8817,17,16,0.0,0.0,0,0,0,0,0,0,0,0,0,—,—,0.0,0.0,0.0,0.0
2026-05-25 08:42:42.614755,1779712962.614755,2420,132181.0,,,,,,,,,,,,,,,,0.0000,,,,0.0,0.0,0.0,0.0,0.0,0.0,0.0,0.0,0.0,-9291974,-826845,164007846,-4824467,-63925706,5648,61,06d2fe00,43.51541780253,-79.68399615414,170.9756,-37.1,SOL_COMPUTED,SINGLE,good,1.3934,1.3478,2.8599,17,16,0.0,0.0,0,0,0,0,0,0,0,0,0,—,—,0.0,0.0,0.0,0.0
2026-05-25 08:42:43.610488,1779712963.610488,2420,132182.0,,,,,,,,,,,,,,,,0.0000,,,,0.0,0.0,0.0,0.0,0.0,0.0,0.0,0.0,0.0,1936260,-1287400,164408834,-130013,-150909,22752,61,06cdfe00,43.51542191498,-79.68399995113,171.6183,-37.1,SOL_COMPUTED,SINGLE,good,1.3976,1.357,2.8519,17,16,0.0,0.0,0,0,0,0,0,0,0,0,0,—,—,0.0,0.0,0.0,0.0
2026-05-25 08:42:44.612979,1779712964.612979,2420,132183.0,,,,,,,,,,,,,,,,0.0000,,,,0.0,0.0,0.0,0.0,0.0,0.0,0.0,0.0,0.0,2115053,-1367937,164310104,-20736,-148145,55913,61,06c7fe00,43.5154463306,-79.68399899711,175.8626,-37.1,SOL_COMPUTED,SINGLE,good,1.624,1.3453,3.1137,16,15,0.0,0.0,0,0,0,0,0,0,0,0,0,—,—,0.0,0.0,0.0,0.0
2026-05-25 08:42:45.612443,1779712965.612443,2420,132184.0,,,,,,,,,,,,,,,,0.0000,,,,0.0,0.0,0.0,0.0,0.0,0.0,0.0,0.0,0.0,1913538,-1172817,164394499,-97219,35945,133968,61,06c2fe00,43.5154425817,-79.68400000711,175.5062,-37.1,SOL_COMPUTED,SINGLE,good,1.6198,1.3396,3.0805,16,15,0.0,0.0,0,0,0,0,0,0,0,0,0,—,—,0.0,0.0,0.0,0.0
2026-05-25 08:42:46.615716,1779712966.615716,2420,132185.0,,,,,,,,,,,,,,,,0.0000,,,,0.0,0.0,0.0,0.0,0.0,0.0,0.0,0.0,0.0,1997230,-1640055,164261242,235363,640133,205964,61,06bdfe00,43.51541413874,-79.68400076434,170.902,-37.1,SOL_COMPUTED,SINGLE,good,1.4152,1.3393,2.8557,17,16,0.0,0.0,0,0,0,0,0,0,0,0,0,—,—,0.0,0.0,0.0,0.0
2026-05-25 08:42:47.609854,1779712967.609854,2420,132186.0,,,,,,,,,,,,,,,,0.0000,,,,0.0,0.0,0.0,0.0,0.0,0.0,0.0,0.0,0.0,1759138,-1289247,164015422,-20806,-46117,92438,61,06b7fe00,43.51542313443,-79.68401913029,178.0682,-37.1,SOL_COMPUTED,SINGLE,good,1.4715,1.5665,3.4414,15,14,0.0,0.0,0,0,0,0,0,0,0,0,0,—,—,0.0,0.0,0.0,0.0
2026-05-25 08:42:48.612846,1779712968.612846,2420,132187.0,,,,,,,,,,,,,,,,0.0000,,,,0.0,0.0,0.0,0.0,0.0,0.0,0.0,0.0,0.0,-21608059,-385402,166263839,4519641,189207256,922031,61,06b2fe00,43.51539006702,-79.68398238112,166.7199,-37.1,SOL_COMPUTED,SINGLE,good,1.4235,1.3817,2.9752,17,16,0.0,0.0,0,0,0,0,0,0,0,0,0,—,—,0.0,0.0,0.0,0.0
2026-05-25 08:42:49.613159,1779712969.613159,2420,132188.0,,,,,,,,,,,,,,,,0.0000,,,,0.0,0.0,0.0,0.0,0.0,0.0,0.0,0.0,0.0,-31766335,-860008,162558280,-2249172,-115857730,-632970,61,06acfe00,43.5153871499,-79.68396999007,163.8237,-37.1,SOL_COMPUTED,SINGLE,good,1.416,1.3703,2.9134,17,16,0.0,0.0,0,0,0,0,0,0,0,0,0,—,—,0.0,0.0,0.0,0.0
2026-05-25 08:42:50.613823,1779712970.613823,2420,132189.0,,,,,,,,,,,,,,,,0.0000,,,,0.0,0.0,0.0,0.0,0.0,0.0,0.0,0.0,0.0,4816380,-4059504,178170427,-35998886,77452533,1361576,61,06a7fe00,43.51539057502,-79.68397629185,166.148,-37.1,SOL_COMPUTED,SINGLE,good,1.4128,1.3619,2.8592,17,16,0.0,0.0,0,0,0,0,0,0,0,0,0,—,—,0.0,0.0,0.0,0.0
2026-05-25 08:42:51.612436,1779712971.612436,2420,132190.0,,,,,,,,,,,,,,,,0.0000,,,,0.0,0.0,0.0,0.0,0.0,0.0,0.0,0.0,0.0,-12976412,-1255888,166447365,-4636688,-87911121,-926244,61,06a2fe00,43.51538059181,-79.68394398779,164.5803,-37.1,SOL_COMPUTED,SINGLE,good,1.4077,1.3575,2.8443,17,16,0.0,0.0,0,0,0,0,0,0,0,0,0,—,—,0.0,0.0,0.0,0.0
2026-05-25 08:42:52.614134,1779712972.614134,2420,132191.0,,,,,,,,,,,,,,,,0.0000,,,,0.0,0.0,0.0,0.0,0.0,0.0,0.0,0.0,0.0,1900713,-1314174,164206020,-50672,-86883,68078,61,069dfe00,43.51540249087,-79.68402390577,174.8684,-37.1,SOL_COMPUTED,SINGLE,good,1.4452,1.5474,3.0236,17,15,0.0,0.0,0,0,0,0,0,0,0,0,0,—,—,0.0,0.0,0.0,0.0
2026-05-25 08:42:53.612659,1779712973.612659,2420,132192.0,,,,,,,,,,,,,,,,0.0000,,,,0.0,0.0,0.0,0.0,0.0,0.0,0.0,0.0,0.0,1954147,-1673763,164681666,-142587,-447923,89169,61,0697fe00,43.51539864882,-79.68404197739,177.7377,-37.1,SOL_COMPUTED,SINGLE,good,1.4408,1.5746,2.6011,16,15,0.0,0.0,0,0,0,0,0,0,0,0,0,—,—,0.0,0.0,0.0,0.0
2026-05-25 08:42:54.611874,1779712974.611874,2420,132193.0,,,,,,,,,,,,,,,,0.0000,,,,0.0,0.0,0.0,0.0,0.0,0.0,0.0,0.0,0.0,2119745,-967598,164299181,53999,13784,-15875,61,0692fe00,43.51539317647,-79.68404722429,178.175,-37.1,SOL_COMPUTED,SINGLE,good,1.4223,1.5339,2.5746,17,15,0.0,0.0,0,0,0,0,0,0,0,0,0,—,—,0.0,0.0,0.0,0.0
2026-05-25 08:42:55.632941,1779712975.632941,2420,132194.0,,,,,,,,,,,,,,,,0.0000,,,,0.0,0.0,0.0,0.0,0.0,0.0,0.0,0.0,0.0,2019449,-1045430,164348056,-43361,-68885,111226,61,068dfe00,43.5154063351,-79.68404631619,179.7968,-37.1,SOL_COMPUTED,SINGLE,good,1.4526,1.6441,2.5744,16,14,0.0,0.0,0,0,0,0,0,0,0,0,0,—,—,0.0,0.0,0.0,0.0
2026-05-25 08:42:56.614388,1779712976.614388,2420,132195.0,,,,,,,,,,,,,,,,0.0000,,,,0.0,0.0,0.0,0.0,0.0,0.0,0.0,0.0,0.0,1373210,-734947,163532387,81698,-178289,-176421,61,0687fe00,43.51539783514,-79.68404697936,177.7117,-37.1,SOL_COMPUTED,SINGLE,good,1.4337,1.618,2.5597,16,14,0.0,0.0,0,0,0,0,0,0,0,0,0,—,—,0.0,0.0,0.0,0.0
2026-05-25 08:42:57.619331,1779712977.619331,2420,132196.0,,,,,,,,,,,,,,,,0.0000,,,,0.0,0.0,0.0,0.0,0.0,0.0,0.0,0.0,0.0,1515681,-1078950,163872728,105780,-208953,-34470,61,0682fe00,43.51539772464,-79.68405177881,178.539,-37.1,SOL_COMPUTED,SINGLE,good,1.4335,1.6192,2.5612,16,14,0.0,0.0,0,0,0,0,0,0,0,0,0,—,—,0.0,0.0,0.0,0.0
2026-05-25 08:42:58.614461,1779712978.614461,2420,132197.0,,,,,,,,,,,,,,,,0.0000,,,,0.0,0.0,0.0,0.0,0.0,0.0,0.0,0.0,0.0,1920799,-1355662,164308803,47549,-51212,34000,61,067dfe00,43.51539640255,-79.68403950665,179.1636,-37.1,SOL_COMPUTED,SINGLE,good,1.4223,1.5412,2.5612,17,15,0.0,0.0,0,0,0,0,0,0,0,0,0,—,—,0.0,0.0,0.0,0.0
2026-05-25 08:42:59.611614,1779712979.611614,2420,132198.0,,,,,,,,,,,,,,,,0.0000,,,,0.0,0.0,0.0,0.0,0.0,0.0,0.0,0.0,0.0,2425772,-1584417,164532825,33102,4030,68933,61,0677fe00,43.51539379575,-79.68403864285,178.7419,-37.1,SOL_COMPUTED,SINGLE,good,1.4536,1.5614,2.6358,16,14,0.0,0.0,0,0,0,0,0,0,0,0,0,—,—,0.0,0.0,0.0,0.0
2026-05-25 08:43:00.613171,1779712980.613171,2420,132199.0,,,,,,,,,,,,,,,,0.0000,,,,0.0,0.0,0.0,0.0,0.0,0.0,0.0,0.0,0.0,1940360,-1368788,164374538,-13109,-5963,76405,61,0672fe00,43.51539201091,-79.68403587023,178.8262,-37.1,SOL_COMPUTED,SINGLE,good,1.4549,1.5634,2.634,16,14,0.0,0.0,0,0,0,0,0,0,0,0,0,—,—,0.0,0.0,0.0,0.0
2026-05-25 08:43:01.614910,1779712981.614910,2420,132200.0,,,,,,,,,,,,,,,,0.0000,,,,0.0,0.0,0.0,0.0,0.0,0.0,0.0,0.0,0.0,2183084,-1120880,164445277,32404,-119799,54755,61,066dfe00,43.51538668705,-79.68403608233,178.6227,-37.1,SOL_COMPUTED,SINGLE,good,1.4567,1.5663,2.6389,15,14,0.0,0.0,0,0,0,0,0,0,0,0,0,—,—,0.0,0.0,0.0,0.0
2026-05-25 08:43:02.616896,1779712982.616896,2420,132201.0,,,,,,,,,,,,,,,,0.0000,,,,0.0,0.0,0.0,0.0,0.0,0.0,0.0,0.0,0.0,2455570,-1173414,164332311,-36090,-35512,74502,61,0667fe00,43.51538014148,-79.68403107522,177.5437,-37.1,SOL_COMPUTED,SINGLE,good,1.4362,1.5412,2.5793,17,15,0.0,0.0,0,0,0,0,0,0,0,0,0,—,—,0.0,0.0,0.0,0.0
2026-05-25 08:43:03.612840,1779712983.612840,2420,132202.0,,,,,,,,,,,,,,,,0.0000,,,,0.0,0.0,0.0,0.0,0.0,0.0,0.0,0.0,0.0,2312293,-1536307,164482999,-62147,-51909,100422,61,0662fe00,43.51538097942,-79.68403395212,177.9447,-37.1,SOL_COMPUTED,SINGLE,good,1.4449,1.5397,2.5776,17,15,0.0,0.0,0,0,0,0,0,0,0,0,0,—,—,0.0,0.0,0.0,0.0
2026-05-25 08:43:04.611959,1779712984.611959,2420,132203.0,,,,,,,,,,,,,,,,0.0000,,,,0.0,0.0,0.0,0.0,0.0,0.0,0.0,0.0,0.0,2484548,-1079587,164437977,-10750,-56619,104859,61,065dfe00,43.51540567974,-79.68403373098,182.4956,-37.1,SOL_COMPUTED,SINGLE,good,1.7072,1.5725,2.9003,15,13,0.0,0.0,0,0,0,0,0,0,0,0,0,—,—,0.0,0.0,0.0,0.0
2026-05-25 08:43:05.629016,1779712985.629016,2420,132204.0,,,,,,,,,,,,,,,,0.0000,,,,0.0,0.0,0.0,0.0,0.0,0.0,0.0,0.0,0.0,2044463,-1680218,164296467,-3674,-31304,88138,61,0657fe00,43.51538678756,-79.6840350083,179.4769,-37.1,SOL_COMPUTED,SINGLE,good,1.4799,1.5725,2.6465,16,14,0.0,0.0,0,0,0,0,0,0,0,0,0,—,—,0.0,0.0,0.0,0.0
2026-05-25 08:43:06.613200,1779712986.613200,2420,132205.0,,,,,,,,,,,,,,,,0.0000,,,,0.0,0.0,0.0,0.0,0.0,0.0,0.0,0.0,0.0,2125491,-1586726,164284895,-43867,-58290,148399,61,0652fe00,43.51536025992,-79.68403735812,175.2019,-37.1,SOL_COMPUTED,SINGLE,good,1.4775,1.5643,2.6433,16,14,0.0,0.0,0,0,0,0,0,0,0,0,0,—,—,0.0,0.0,0.0,0.0
2026-05-25 08:43:07.612168,1779712987.612168,2420,132206.0,,,,,,,,,,,,,,,,0.0000,,,,0.0,0.0,0.0,0.0,0.0,0.0,0.0,0.0,0.0,2030027,-1045418,164242616,-224,20065,66151,61,064dfe00,43.51536547068,-79.68403533974,175.9974,-37.1,SOL_COMPUTED,SINGLE,good,1.4397,1.5445,2.5619,17,15,0.0,0.0,0,0,0,0,0,0,0,0,0,SPECTRUMANALYSIS,L5,1187.942,0.659,-59.516,-110.23
2026-05-25 08:43:08.611481,1779712988.611481,2420,132207.0,,,,,,,,,,,,,,,,0.0000,,,,0.0,0.0,0.0,0.0,0.0,0.0,0.0,0.0,0.0,2190702,-1090767,164234153,-12614,-49086,65499,61,0648fe00,43.51540239506,-79.68403060435,181.2223,-37.1,SOL_COMPUTED,SINGLE,good,1.6332,1.5376,2.7673,16,14,0.0,0.0,0,0,0,0,0,0,0,0,0,SPECTRUMANALYSIS,L5,1187.942,0.659,-59.516,-110.23
2026-05-25 08:43:09.620378,1779712989.620378,2420,132208.0,,,,,,,,,,,,,,,,0.0000,,,,0.0,0.0,0.0,0.0,0.0,0.0,0.0,0.0,0.0,1900930,-1548241,164053694,73712,-52907,34988,61,0643fe00,43.51540227565,-79.68402924492,181.1234,-37.1,SOL_COMPUTED,SINGLE,good,1.6341,1.5406,2.7728,16,14,0.0,0.0,0,0,0,0,0,0,0,0,0,SPECTRUMANALYSIS,L5,1187.942,0.659,-59.516,-110.23
2026-05-25 08:43:10.612195,1779712990.612195,2420,132209.0,,,,,,,,,,,,,,,,0.0000,,,,0.0,0.0,0.0,0.0,0.0,0.0,0.0,0.0,0.0,1873959,-1263761,164273042,39806,142883,90187,61,063dfe00,43.51540219515,-79.68402747595,180.35,-37.1,SOL_COMPUTED,SINGLE,good,1.636,1.5445,2.7936,16,14,0.0,0.0,0,0,0,0,0,0,0,0,0,—,—,0.0,0.0,0.0,0.0
2026-05-25 08:43:11.618342,1779712991.618342,2420,132210.0,,,,,,,,,,,,,,,,0.0000,,,,0.0,0.0,0.0,0.0,0.0,0.0,0.0,0.0,0.0,2256421,-1428907,164379761,9906,-9711,35780,61,0638fe00,43.51539938934,-79.68402855757,180.0939,-37.1,SOL_COMPUTED,SINGLE,good,1.5969,1.5392,2.7435,17,15,0.0,0.0,0,0,0,0,0,0,0,0,0,—,—,0.0,0.0,0.0,0.0
2026-05-25 08:43:12.621070,1779712992.621070,2420,132211.0,,,,,,,,,,,,,,,,0.0000,,,,0.0,0.0,0.0,0.0,0.0,0.0,0.0,0.0,0.0,2278035,-1154641,164458676,9332,35865,45176,61,0633fe00,43.51539021231,-79.68403393628,179.4604,-37.1,SOL_COMPUTED,SINGLE,good,1.4683,1.5351,2.594,17,15,0.0,0.0,0,0,0,0,0,0,0,0,0,—,—,0.0,0.0,0.0,0.0
2026-05-25 08:43:13.612106,1779712993.612106,2420,132212.0,,,,,,,,,,,,,,,,0.0000,,,,0.0,0.0,0.0,0.0,0.0,0.0,0.0,0.0,0.0,2118879,-1403004,164394002,36684,-18724,77431,61,062dfe00,43.51538961774,-79.68402897778,178.9928,-37.1,SOL_COMPUTED,SINGLE,good,1.5422,1.5622,2.7266,16,14,0.0,0.0,0,0,0,0,0,0,0,0,0,—,—,0.0,0.0,0.0,0.0
2026-05-25 08:43:14.613280,1779712994.613280,2420,132213.0,,,,,,,,,,,,,,,,0.0000,,,,0.0,0.0,0.0,0.0,0.0,0.0,0.0,0.0,0.0,2177350,-1405675,164317173,11734,-104346,68263,61,0628fe00,43.51537567124,-79.68401600778,175.7622,-37.1,SOL_COMPUTED,SINGLE,good,1.4073,1.4662,2.5832,17,16,0.0,0.0,0,0,0,0,0,0,0,0,0,—,—,0.0,0.0,0.0,0.0
2026-05-25 08:43:15.615438,1779712995.615438,2420,132214.0,,,,,,,,,,,,,,,,0.0000,,,,0.0,0.0,0.0,0.0,0.0,0.0,0.0,0.0,0.0,2012453,-1356347,164347992,66248,-113978,37731,61,0623fe00,43.51538361913,-79.6840160755,176.7938,-37.1,SOL_COMPUTED,SINGLE,good,1.3991,1.4683,2.5704,17,16,0.0,0.0,0,0,0,0,0,0,0,0,0,—,—,0.0,0.0,0.0,0.0
2026-05-25 08:43:16.613950,1779712996.613950,2420,132215.0,,,,,,,,,,,,,,,,0.0000,,,,0.0,0.0,0.0,0.0,0.0,0.0,0.0,0.0,0.0,2156348,-1393100,164353469,20449,18542,57480,61,061efe00,43.5153852493,-79.6840205579,177.0542,-37.1,SOL_COMPUTED,SINGLE,good,1.3928,1.4661,2.5619,17,16,0.0,0.0,0,0,0,0,0,0,0,0,0,—,—,0.0,0.0,0.0,0.0
2026-05-25 08:43:17.616235,1779712997.616235,2420,132216.0,,,,,,,,,,,,,,,,0.0000,,,,0.0,0.0,0.0,0.0,0.0,0.0,0.0,0.0,0.0,1995978,-1548882,164363721,-717,-131059,15623,61,0618fe00,43.51538683613,-79.68401991955,177.1794,-37.1,SOL_COMPUTED,SINGLE,good,1.3833,1.4633,2.5555,17,16,0.0,0.0,0,0,0,0,0,0,0,0,0,—,—,0.0,0.0,0.0,0.0
2026-05-25 08:43:18.632482,1779712998.632482,2420,132217.0,,,,,,,,,,,,,,,,0.0000,,,,0.0,0.0,0.0,0.0,0.0,0.0,0.0,0.0,0.0,1765555,-1537682,164224926,35142,-92084,37711,61,0613fe00,43.51539015498,-79.68401991766,177.8112,-37.1,SOL_COMPUTED,SINGLE,good,1.3804,1.4636,2.552,17,16,0.0,0.0,0,0,0,0,0,0,0,0,0,—,—,0.0,0.0,0.0,0.0
2026-05-25 08:43:19.620187,1779712999.620187,2420,132218.0,,,,,,,,,,,,,,,,0.0000,,,,0.0,0.0,0.0,0.0,0.0,0.0,0.0,0.0,0.0,2988477,-1584339,164828262,71998,-54689,75314,61,060efe00,43.51538764272,-79.68401437553,177.109,-37.1,SOL_COMPUTED,SINGLE,good,1.375,1.464,2.5441,17,16,0.0,0.0,0,0,0,0,0,0,0,0,0,—,—,0.0,0.0,0.0,0.0
2026-05-25 08:43:20.612825,1779713000.612825,2420,132219.0,,,,,,,,,,,,,,,,0.0000,,,,0.0,0.0,0.0,0.0,0.0,0.0,0.0,0.0,0.0,2568622,-1513197,164633394,49151,324432,155473,61,0609fe00,43.51539366767,-79.68401426199,178.0613,-37.1,SOL_COMPUTED,SINGLE,good,1.372,1.4661,2.547,17,16,0.0,0.0,0,0,0,0,0,0,0,0,0,—,—,0.0,0.0,0.0,0.0
2026-05-25 08:43:21.643689,1779713001.643689,2420,132220.0,,,,,,,,,,,,,,,,0.0000,,,,0.0,0.0,0.0,0.0,0.0,0.0,0.0,0.0,0.0,2105152,-1660141,164302927,24784,161741,75282,61,0604fe00,43.51538938978,-79.68401413994,177.2535,-37.1,SOL_COMPUTED,SINGLE,good,1.3694,1.4668,2.5424,17,16,0.0,0.0,0,0,0,0,0,0,0,0,0,—,—,0.0,0.0,0.0,0.0
2026-05-25 08:43:22.629904,1779713002.629904,2420,132221.0,,,,,,,,,,,,,,,,0.0000,,,,0.0,0.0,0.0,0.0,0.0,0.0,0.0,0.0,0.0,2212731,-1394777,164448839,26226,-81571,54924,61,05fefe00,43.51538983006,-79.68401249298,177.1675,-37.1,SOL_COMPUTED,SINGLE,good,1.3711,1.4701,2.5504,17,16,0.0,0.0,0,0,0,0,0,0,0,0,0,—,—,0.0,0.0,0.0,0.0
2026-05-25 08:43:23.623505,1779713003.623505,2420,132222.0,,,,,,,,,,,,,,,,0.0000,,,,0.0,0.0,0.0,0.0,0.0,0.0,0.0,0.0,0.0,2101275,-1182624,164326723,-23312,-40521,76960,61,05f9fe00,43.51539065545,-79.68400808896,177.2258,-37.1,SOL_COMPUTED,SINGLE,good,1.374,1.4841,2.5552,17,16,0.0,0.0,0,0,0,0,0,0,0,0,0,—,—,0.0,0.0,0.0,0.0
2026-05-25 08:43:24.627027,1779713004.627027,2420,132223.0,,,,,,,,,,,,,,,,0.0000,,,,0.0,0.0,0.0,0.0,0.0,0.0,0.0,0.0,0.0,2070783,-1188426,164352997,-7690,-149876,56779,61,05f4fe00,43.51539041359,-79.68400587111,177.117,-37.1,SOL_COMPUTED,SINGLE,good,1.3958,1.4891,2.6188,16,15,0.0,0.0,0,0,0,0,0,0,0,0,0,—,—,0.0,0.0,0.0,0.0
2026-05-25 08:43:25.623273,1779713005.623273,2420,132224.0,,,,,,,,,,,,,,,,0.0000,,,,0.0,0.0,0.0,0.0,0.0,0.0,0.0,0.0,0.0,2091266,-1317725,164340021,-19677,-24462,75714,61,05effe00,43.51539231781,-79.68400741042,177.7797,-37.1,SOL_COMPUTED,SINGLE,good,1.3661,1.469,2.5504,17,16,0.0,0.0,0,0,0,0,0,0,0,0,0,—,—,0.0,0.0,0.0,0.0
2026-05-25 08:43:26.619991,1779713006.619991,2420,132225.0,,,,,,,,,,,,,,,,0.0000,,,,0.0,0.0,0.0,0.0,0.0,0.0,0.0,0.0,0.0,2864027,-1683588,164935600,186418,279051,117109,61,05eafe00,43.51538744513,-79.68400370992,176.9505,-37.1,SOL_COMPUTED,SINGLE,good,1.3635,1.4673,2.5458,17,16,0.0,0.0,0,0,0,0,0,0,0,0,0,—,—,0.0,0.0,0.0,0.0
2026-05-25 08:43:27.623786,1779713007.623786,2420,132226.0,,,,,,,,,,,,,,,,0.0000,,,,0.0,0.0,0.0,0.0,0.0,0.0,0.0,0.0,0.0,2484822,-1538011,164890413,-22721,-185240,24436,61,05e5fe00,43.51538486138,-79.68400207658,176.6894,-37.1,SOL_COMPUTED,SINGLE,good,1.3639,1.4692,2.5464,17,16,0.0,0.0,0,0,0,0,0,0,0,0,0,—,—,0.0,0.0,0.0,0.0
2026-05-25 08:43:28.614793,1779713008.614793,2420,132227.0,,,,,,,,,,,,,,,,0.0000,,,,0.0,0.0,0.0,0.0,0.0,0.0,0.0,0.0,0.0,1772429,-1614037,164154181,-18189,-32316,107133,61,05dffe00,43.51538465558,-79.68400406097,177.037,-37.1,SOL_COMPUTED,SINGLE,good,1.3627,1.4685,2.546,17,16,0.0,0.0,0,0,0,0,0,0,0,0,0,—,—,0.0,0.0,0.0,0.0
2026-05-25 08:43:29.616994,1779713009.616994,2420,132228.0,,,,,,,,,,,,,,,,0.0000,,,,0.0,0.0,0.0,0.0,0.0,0.0,0.0,0.0,0.0,2082802,-1451702,164478554,-15436,-264494,52132,61,05dbfe00,43.5153847925,-79.68400529954,177.4385,-37.1,SOL_COMPUTED,SINGLE,good,1.3619,1.4692,2.5479,17,16,0.0,0.0,0,0,0,0,0,0,0,0,0,—,—,0.0,0.0,0.0,0.0
2026-05-25 08:43:30.622225,1779713010.622225,2420,132229.0,,,,,,,,,,,,,,,,0.0000,,,,0.0,0.0,0.0,0.0,0.0,0.0,0.0,0.0,0.0,1963146,-1339305,164271478,29288,1892,86081,61,05d5fe00,43.51538362181,-79.68400588627,177.725,-37.1,SOL_COMPUTED,SINGLE,good,1.364,1.4723,2.5499,17,16,0.0,0.0,0,0,0,0,0,0,0,0,0,—,—,0.0,0.0,0.0,0.0
2026-05-25 08:43:31.641644,1779713011.641644,2420,132230.0,,,,,,,,,,,,,,,,0.0000,,,,0.0,0.0,0.0,0.0,0.0,0.0,0.0,0.0,0.0,2116186,-1329079,164350225,29488,-73699,68293,61,05d0fe00,43.51538367693,-79.68400728593,178.1059,-37.1,SOL_COMPUTED,SINGLE,good,1.3693,1.4786,2.5632,17,16,0.0,0.0,0,0,0,0,0,0,0,0,0,—,—,0.0,0.0,0.0,0.0
2026-05-25 08:43:32.615790,1779713012.615790,2420,132231.0,,,,,,,,,,,,,,,,0.0000,,,,0.0,0.0,0.0,0.0,0.0,0.0,0.0,0.0,0.0,2703785,-1871728,164615208,40698,-204964,88807,61,05cafe00,43.51538220203,-79.68400852315,178.5857,-37.1,SOL_COMPUTED,SINGLE,good,1.3724,1.4799,2.5642,17,16,0.0,0.0,0,0,0,0,0,0,0,0,0,—,—,0.0,0.0,0.0,0.0
2026-05-25 08:43:33.638102,1779713013.638102,2420,132232.0,,,,,,,,,,,,,,,,0.0000,,,,0.0,0.0,0.0,0.0,0.0,0.0,0.0,0.0,0.0,2803256,-1040821,164988238,-147540,-140946,228212,61,05c5fe00,43.51538109625,-79.68400989011,178.995,-37.1,SOL_COMPUTED,SINGLE,good,1.3675,1.479,2.5482,17,16,0.0,0.0,0,0,0,0,0,0,0,0,0,—,—,0.0,0.0,0.0,0.0
2026-05-25 08:43:34.618722,1779713014.618722,2420,132233.0,,,,,,,,,,,,,,,,0.0000,,,,0.0,0.0,0.0,0.0,0.0,0.0,0.0,0.0,0.0,2161373,-1609946,164231328,45850,-66196,43521,61,05c1fe00,43.51537898464,-79.68400857915,179.0247,-37.1,SOL_COMPUTED,SINGLE,good,1.3656,1.4758,2.5443,17,16,0.0,0.0,0,0,0,0,0,0,0,0,0,—,—,0.0,0.0,0.0,0.0
2026-05-25 08:43:35.639704,1779713015.639704,2420,132234.0,,,,,,,,,,,,,,,,0.0000,,,,0.0,0.0,0.0,0.0,0.0,0.0,0.0,0.0,0.0,2186630,-1434713,164369405,38184,28588,88144,61,05bbfe00,43.51537815035,-79.68401448129,178.4375,-37.1,SOL_COMPUTED,SINGLE,good,1.3761,1.5413,2.5461,16,15,0.0,0.0,0,0,0,0,0,0,0,0,0,—,—,0.0,0.0,0.0,0.0
2026-05-25 08:43:36.628473,1779713016.628473,2420,132235.0,,,,,,,,,,,,,,,,0.0000,,,,0.0,0.0,0.0,0.0,0.0,0.0,0.0,0.0,0.0,2151985,-1314374,164284477,-34110,-69684,109408,61,05b6fe00,43.51537940755,-79.68401500801,179.1947,-37.1,SOL_COMPUTED,SINGLE,good,1.3958,1.498,2.6203,17,15,0.0,0.0,0,0,0,0,0,0,0,0,0,—,—,0.0,0.0,0.0,0.0
2026-05-25 08:43:37.663000,1779713017.663000,2420,132236.0,,,,,,,,,,,,,,,,0.0000,,,,0.0,0.0,0.0,0.0,0.0,0.0,0.0,0.0,0.0,2112837,-1152406,164322453,-44275,30792,108297,61,05b2fe00,43.51537965811,-79.68401944623,179.4227,-37.1,SOL_COMPUTED,SINGLE,good,1.3969,1.4988,2.6221,17,15,0.0,0.0,0,0,0,0,0,0,0,0,0,SPECTRUMANALYSIS,L5,1188.015,0.659,-60.824,-111.189
2026-05-25 08:43:38.625141,1779713018.625141,2420,132237.0,,,,,,,,,,,,,,,,0.0000,,,,0.0,0.0,0.0,0.0,0.0,0.0,0.0,0.0,0.0,2912004,-906255,164765098,30181,-104972,133856,61,05acfe00,43.51538015119,-79.68402523083,179.4784,-37.1,SOL_COMPUTED,SINGLE,good,1.3963,1.4985,2.6222,17,15,0.0,0.0,0,0,0,0,0,0,0,0,0,SPECTRUMANALYSIS,L5,1188.015,0.659,-60.824,-111.189
2026-05-25 08:43:39.645389,1779713019.645389,2420,132238.0,,,,,,,,,,,,,,,,0.0000,,,,0.0,0.0,0.0,0.0,0.0,0.0,0.0,0.0,0.0,2363541,-1527386,164450989,49670,-2191,34510,61,05a7fe00,43.51540284382,-79.68399026999,170.0445,-37.1,SOL_COMPUTED,SINGLE,good,1.4499,1.5975,3.0376,17,14,0.0,0.0,0,0,0,0,0,0,0,0,0,SPECTRUMANALYSIS,L5,1188.015,0.659,-60.824,-111.189
2026-05-25 08:43:40.617437,1779713020.617437,2420,132239.0,,,,,,,,,,,,,,,,0.0000,,,,0.0,0.0,0.0,0.0,0.0,0.0,0.0,0.0,0.0,2154560,-1500002,164344597,-55057,-67436,83271,61,05a2fe00,43.51540291209,-79.68399120118,170.0707,-37.1,SOL_COMPUTED,SINGLE,good,1.4498,1.5995,3.0375,17,14,0.0,0.0,0,0,0,0,0,0,0,0,0,—,—,0.0,0.0,0.0,0.0
2026-05-25 08:43:41.618602,1779713021.618602,2420,132240.0,,,,,,,,,,,,,,,,0.0000,,,,0.0,0.0,0.0,0.0,0.0,0.0,0.0,0.0,0.0,2052595,-1288825,164278803,25765,-43174,82124,61,059dfe00,43.51540255609,-79.68399023579,170.151,-37.1,SOL_COMPUTED,SINGLE,good,1.4499,1.5991,3.0381,17,14,0.0,0.0,0,0,0,0,0,0,0,0,0,—,—,0.0,0.0,0.0,0.0
2026-05-25 08:43:42.616300,1779713022.616300,2420,132241.0,,,,,,,,,,,,,,,,0.0000,,,,0.0,0.0,0.0,0.0,0.0,0.0,0.0,0.0,0.0,2061576,-1233013,164291416,-4381,-40860,64647,61,0598fe00,43.51540532734,-79.68400352016,169.8281,-37.1,SOL_COMPUTED,SINGLE,good,1.4504,1.598,3.0391,17,14,0.0,0.0,0,0,0,0,0,0,0,0,0,—,—,0.0,0.0,0.0,0.0
2026-05-25 08:43:43.619256,1779713023.619256,2420,132242.0,,,,,,,,,,,,,,,,0.0000,,,,0.0,0.0,0.0,0.0,0.0,0.0,0.0,0.0,0.0,2207860,-1099487,164351564,-2190,23434,76932,61,0593fe00,43.51539797513,-79.68396918886,170.8841,-37.1,SOL_COMPUTED,SINGLE,good,1.4551,1.6548,3.0431,17,13,0.0,0.0,0,0,0,0,0,0,0,0,0,—,—,0.0,0.0,0.0,0.0
2026-05-25 08:43:44.623173,1779713024.623173,2420,132243.0,,,,,,,,,,,,,,,,0.0000,,,,0.0,0.0,0.0,0.0,0.0,0.0,0.0,0.0,0.0,2043129,-1400651,164286826,52630,-60382,103825,61,058efe00,43.51539756939,-79.68396810121,171.0082,-37.1,SOL_COMPUTED,SINGLE,good,1.4557,1.6566,3.0431,17,13,0.0,0.0,0,0,0,0,0,0,0,0,0,—,—,0.0,0.0,0.0,0.0
2026-05-25 08:43:45.617294,1779713025.617294,2420,132244.0,,,,,,,,,,,,,,,,0.0000,,,,0.0,0.0,0.0,0.0,0.0,0.0,0.0,0.0,0.0,2151813,-1367799,164364574,41732,-6714,96975,61,0589fe00,43.51539729376,-79.68396751617,171.0898,-37.1,SOL_COMPUTED,SINGLE,good,1.454,1.6544,3.0412,17,13,0.0,0.0,0,0,0,0,0,0,0,0,0,—,—,0.0,0.0,0.0,0.0
2026-05-25 08:43:46.619326,1779713026.619326,2420,132245.0,,,,,,,,,,,,,,,,0.0000,,,,0.0,0.0,0.0,0.0,0.0,0.0,0.0,0.0,0.0,1953865,-1244215,164210261,-154286,-178507,44517,61,0584fe00,43.51539682817,-79.68396673023,171.23,-37.1,SOL_COMPUTED,SINGLE,good,1.4538,1.6535,3.0371,17,13,0.0,0.0,0,0,0,0,0,0,0,0,0,—,—,0.0,0.0,0.0,0.0
2026-05-25 08:43:47.632637,1779713027.632637,2420,132246.0,,,,,,,,,,,,,,,,0.0000,,,,0.0,0.0,0.0,0.0,0.0,0.0,0.0,0.0,0.0,2597931,-1380100,164578920,114720,184192,41433,61,057ffe00,43.51539654372,-79.68396634762,171.3711,-37.1,SOL_COMPUTED,SINGLE,good,1.453,1.6509,3.0346,16,13,0.0,0.0,0,0,0,0,0,0,0,0,0,—,—,0.0,0.0,0.0,0.0
2026-05-25 08:43:48.619119,1779713028.619119,2420,132247.0,,,,,,,,,,,,,,,,0.0000,,,,0.0,0.0,0.0,0.0,0.0,0.0,0.0,0.0,0.0,1963127,-1588709,164132469,-83320,-25911,40108,61,057afe00,43.51539632321,-79.68396586669,171.489,-37.1,SOL_COMPUTED,SINGLE,good,1.4573,1.662,3.0468,16,13,0.0,0.0,0,0,0,0,0,0,0,0,0,—,—,0.0,0.0,0.0,0.0
2026-05-25 08:43:49.615378,1779713029.615378,2420,132248.0,,,,,,,,,,,,,,,,0.0000,,,,0.0,0.0,0.0,0.0,0.0,0.0,0.0,0.0,0.0,1735564,-1129838,164190074,-18352,73136,163301,61,0575fe00,43.51539604219,-79.68396558646,171.6585,-37.1,SOL_COMPUTED,SINGLE,good,1.4543,1.6552,3.0388,16,13,0.0,0.0,0,0,0,0,0,0,0,0,0,—,—,0.0,0.0,0.0,0.0
2026-05-25 08:43:50.621960,1779713030.621960,2420,132249.0,,,,,,,,,,,,,,,,0.0000,,,,0.0,0.0,0.0,0.0,0.0,0.0,0.0,0.0,0.0,2044551,-1296935,164286059,23225,99866,51657,61,056ffe00,43.51539592213,-79.68396548972,171.7576,-37.1,SOL_COMPUTED,SINGLE,good,1.452,1.6509,3.0336,16,13,0.0,0.0,0,0,0,0,0,0,0,0,0,—,—,0.0,0.0,0.0,0.0
2026-05-25 08:43:51.619307,1779713031.619307,2420,132250.0,,,,,,,,,,,,,,,,0.0000,,,,0.0,0.0,0.0,0.0,0.0,0.0,0.0,0.0,0.0,2125935,-1393986,164337011,-3690,-9003,72722,61,056afe00,43.51539566671,-79.68396519535,171.9177,-37.1,SOL_COMPUTED,SINGLE,good,1.4539,1.6505,3.0326,16,13,0.0,0.0,0,0,0,0,0,0,0,0,0,—,—,0.0,0.0,0.0,0.0
2026-05-25 08:43:52.636781,1779713032.636781,2420,132251.0,,,,,,,,,,,,,,,,0.0000,,,,0.0,0.0,0.0,0.0,0.0,0.0,0.0,0.0,0.0,1941628,-1193628,164377282,30705,16390,97487,61,0565fe00,43.51539565984,-79.68396495135,172.0095,-37.1,SOL_COMPUTED,SINGLE,good,1.4545,1.6514,3.0326,16,13,0.0,0.0,0,0,0,0,0,0,0,0,0,—,—,0.0,0.0,0.0,0.0
2026-05-25 08:43:53.634458,1779713033.634458,2420,132252.0,,,,,,,,,,,,,,,,0.0000,,,,0.0,0.0,0.0,0.0,0.0,0.0,0.0,0.0,0.0,3564217,-1537011,165196108,26993,-362753,32289,61,0560fe00,43.51539549636,-79.68396456235,172.1436,-37.1,SOL_COMPUTED,SINGLE,good,1.4551,1.653,3.0355,16,13,0.0,0.0,0,0,0,0,0,0,0,0,0,—,—,0.0,0.0,0.0,0.0
2026-05-25 08:43:54.620282,1779713034.620282,2420,132253.0,,,,,,,,,,,,,,,,0.0000,,,,0.0,0.0,0.0,0.0,0.0,0.0,0.0,0.0,0.0,1688072,-1290072,164173966,-21415,-127,84878,61,055cfe00,43.51539546438,-79.68396442301,172.2735,-37.1,SOL_COMPUTED,SINGLE,good,1.4549,1.6557,3.0389,16,13,0.0,0.0,0,0,0,0,0,0,0,0,0,—,—,0.0,0.0,0.0,0.0
2026-05-25 08:43:55.617400,1779713035.617400,2420,132254.0,,,,,,,,,,,,,,,,0.0000,,,,0.0,0.0,0.0,0.0,0.0,0.0,0.0,0.0,0.0,2248769,-1354732,164401762,-17129,-62279,75858,61,0556fe00,43.51539540322,-79.68396307446,172.3088,-37.1,SOL_COMPUTED,SINGLE,good,1.4579,1.6751,3.0522,16,13,0.0,0.0,0,0,0,0,0,0,0,0,0,—,—,0.0,0.0,0.0,0.0
2026-05-25 08:43:56.616046,1779713036.616046,2420,132255.0,,,,,,,,,,,,,,,,0.0000,,,,0.0,0.0,0.0,0.0,0.0,0.0,0.0,0.0,0.0,2058668,-1614374,164157590,34819,-11911,98044,61,0552fe00,43.51539564691,-79.68396374596,172.415,-37.1,SOL_COMPUTED,SINGLE,good,1.4545,1.67,3.048,16,13,0.0,0.0,0,0,0,0,0,0,0,0,0,—,—,0.0,0.0,0.0,0.0
