sys_datetime,unix_timestamp,gps_week,gps_seconds,ins_status,pose_quality,ins_lat,ins_lon,ins_height_m,ins_undulation_m,roll_deg,pitch_deg,azimuth_deg,roll_sig_deg,pitch_sig_deg,azimuth_sig_deg,vel_n_ms,vel_e_ms,vel_u_ms,speed_2d_ms,vel_n_sig_ms,vel_e_sig_ms,vel_u_sig_ms,veh_lat_acc_ms2,veh_long_acc_ms2,veh_vert_acc_ms2,veh_pitch_rate_degs,veh_roll_rate_degs,veh_yaw_rate_degs,veh_pitch_rate_rads,veh_roll_rate_rads,veh_yaw_rate_rads,raw_accel_x_lsb,raw_accel_y_lsb,raw_accel_z_lsb,raw_gyro_x_lsb,raw_gyro_y_lsb,raw_gyro_z_lsb,raw_accel_x_ms2,raw_accel_y_ms2,raw_accel_z_ms2,raw_gyro_x_degs,raw_gyro_y_degs,raw_gyro_z_degs,imu_type,imu_status_hex,gnss_lat,gnss_lon,gnss_height_m,gnss_undulation_m,gnss_sol_status,gnss_pos_type,gnss_sol_quality,gnss_lat_sig_m,gnss_lon_sig_m,gnss_height_sig_m,gnss_num_svs,gnss_num_used,gnss_diff_age_s,gnss_sol_age_s,ext_pos_update,ext_vel_update,ext_att_update,ext_phase_update,ext_zero_vel,ext_wheel_sensor,ext_heading_update,ext_ins_enabled,ext_heading_align,spec_analysis_type,spec_band_id,spec_center_freq_hz,spec_bandwidth_hz,spec_power_dbm,spec_noise_dbm
2026-05-25 11:32:40.655741,1779723160.655741,0,18.0,,,,,,,,,,,,,,,,0.0000,,,,0.0,0.0,0.0,0.0,0.0,0.0,0.0,0.0,0.0,-12539090,-2801736,163807459,-18175,-31445,47477,-0.7505277523712159,-0.1676980245629883,9.804702257094423,-0.0042019426345825195,-0.00726988094329834,0.010976375816345215,61,fa38fe00,0.0,0.0,0.0,0.0,INSUFFICIENT_OBS,NONE,bad,0.0,0.0,0.0,0,0,0.0,0.0,0,0,0,0,0,0,0,0,0,—,—,0.0,0.0,0.0,0.0
2026-05-25 11:32:41.599547,1779723161.599547,0,19.0,,,,,,,,,,,,,,,,0.0000,,,,0.0,0.0,0.0,0.0,0.0,0.0,0.0,0.0,0.0,-12674205,-2947964,163769941,-14222,6440,75405,-0.7586150663040162,-0.17645050757202152,9.80245661564728,-0.0032880345611572266,0.0014888864135742187,0.017433149070739746,61,fa36fe00,0.0,0.0,0.0,0.0,INSUFFICIENT_OBS,NONE,bad,0.0,0.0,0.0,0,0,0.0,0.0,0,0,0,0,0,0,0,0,0,—,—,0.0,0.0,0.0,0.0
2026-05-25 11:32:42.603693,1779723162.603693,0,20.0,,,,,,,,,,,,,,,,0.0000,,,,0.0,0.0,0.0,0.0,0.0,0.0,0.0,0.0,0.0,-12697402,-3022389,163790738,-21643,18446,38391,-0.7600035237017824,-0.18090521903594972,9.803701420945435,-0.0050037218399047855,0.004264596084594727,0.008875751289367675,61,fa34fe00,0.0,0.0,0.0,0.0,INSUFFICIENT_OBS,NONE,bad,0.0,0.0,0.0,0,0,0.0,0.0,0,0,0,0,0,0,0,0,0,—,—,0.0,0.0,0.0,0.0
2026-05-25 11:32:43.603868,1779723163.603868,0,21.0,,,,,,,,,,,,,,,,0.0000,,,,0.0,0.0,0.0,0.0,0.0,0.0,0.0,0.0,0.0,-12717230,-2512092,163966294,-18189,23311,1280,-0.7611903294647218,-0.15036137092163088,9.814209332611696,-0.0042051793441772465,0.005389352668762207,0.000295927734375,61,fa32fe00,0.0,0.0,0.0,0.0,INSUFFICIENT_OBS,NONE,bad,0.0,0.0,0.0,0,0,0.0,0.0,0,0,0,0,0,0,0,0,0,—,—,0.0,0.0,0.0,0.0
2026-05-25 11:32:44.605500,1779723164.605500,0,22.0,,,,,,,,,,,,,,,,0.0000,,,,0.0,0.0,0.0,0.0,0.0,0.0,0.0,0.0,0.0,-12688476,-2911834,163805194,-38055,130264,22530,-0.7594692576013184,-0.17428794492248537,9.804566685425417,-0.008798070259094239,0.03011619561767578,0.005208790512084961,61,fa2ffe00,0.0,0.0,0.0,0.0,INSUFFICIENT_OBS,NONE,bad,0.0,0.0,0.0,0,0,0.0,0.0,0,0,0,0,0,0,0,0,0,—,—,0.0,0.0,0.0,0.0
2026-05-25 11:32:45.603369,1779723165.603369,0,23.0,,,,,,,,,,,,,,,,0.0000,,,,0.0,0.0,0.0,0.0,0.0,0.0,0.0,0.0,0.0,-12851570,-3117372,163740085,-33500,20143,14089,-0.7692312557403566,-0.18659043044311527,9.800669583528139,-0.007744983673095703,0.004656931526184082,0.003257285820007324,61,fa2dfe00,0.0,0.0,0.0,0.0,INSUFFICIENT_OBS,NONE,bad,0.0,0.0,0.0,0,0,0.0,0.0,0,0,0,0,0,0,0,0,0,—,—,0.0,0.0,0.0,0.0
2026-05-25 11:32:46.605951,1779723166.605951,0,24.0,,,,,,,,,,,,,,,,0.0000,,,,0.0,0.0,0.0,0.0,0.0,0.0,0.0,0.0,0.0,-12754719,-3489746,163740618,10514,38891,114019,-0.7634342351156618,-0.20887889166809084,9.800701486265261,0.0024307689056396486,0.00899134806060791,0.026360456520080566,61,fa2bfe00,0.0,0.0,0.0,0.0,INSUFFICIENT_OBS,NONE,bad,0.0,0.0,0.0,0,0,0.0,0.0,0,0,0,0,0,0,0,0,0,—,—,0.0,0.0,0.0,0.0
2026-05-25 11:32:47.607728,1779723167.607728,0,25.0,,,,,,,,,,,,,,,,0.0000,,,,0.0,0.0,0.0,0.0,0.0,0.0,0.0,0.0,0.0,-12387883,-2937799,163984337,32118,34675,99171,-0.7414772511105348,-0.1758420810751343,9.81528929712555,0.007425474197387695,0.008016636085510254,0.022927694801330566,61,fa28fe00,0.0,0.0,0.0,0.0,INSUFFICIENT_OBS,NONE,bad,0.0,0.0,0.0,0,0,0.0,0.0,0,0,0,0,0,0,0,0,0,—,—,0.0,0.0,0.0,0.0
2026-05-25 11:32:48.601684,1779723168.601684,0,26.0,,,,,,,,,,,,,,,,0.0000,,,,0.0,0.0,0.0,0.0,0.0,0.0,0.0,0.0,0.0,-12727654,-2680082,163438514,-73827,-35186,45998,-0.7618142584173585,-0.1604164193438721,9.782619038806764,-0.017068325660705565,-0.008134775985717773,0.010634440567016602,61,fa26fe00,0.0,0.0,0.0,0.0,INSUFFICIENT_OBS,NONE,bad,0.0,0.0,0.0,0,0,0.0,0.0,0,0,0,0,0,0,0,0,0,—,—,0.0,0.0,0.0,0.0
2026-05-25 11:32:49.602962,1779723169.602962,0,27.0,,,,,,,,,,,,,,,,0.0000,,,,0.0,0.0,0.0,0.0,0.0,0.0,0.0,0.0,0.0,-12616963,-3289108,163947384,-273727,6088,21627,-0.7551888440182496,-0.1968696958508301,9.813077473776858,-0.06328391480255127,0.0014075062866210938,0.005000022743225098,61,fa24fe00,0.0,0.0,0.0,0.0,INSUFFICIENT_OBS,NONE,bad,0.0,0.0,0.0,0,0,0.0,0.0,0,0,0,0,0,0,0,0,0,—,—,0.0,0.0,0.0,0.0
2026-05-25 11:32:50.016840,1779723170.016840,2420,142388.0,,,,,,,,,,,,,,,,0.0000,,,,0.0,0.0,0.0,0.0,0.0,0.0,0.0,0.0,0.0,-12646172,-2453316,163843206,-170827,21906,-27133,-0.7569371499255372,-0.1468433310021973,9.806841895263062,-0.039494099281311035,0.005064525741577148,-0.006272974388122559,61,fa22fe00,0.0,0.0,0.0,0.0,INSUFFICIENT_OBS,NONE,bad,0.0,0.0,0.0,0,0,0.0,0.0,0,0,0,0,0,0,0,0,0,—,—,0.0,0.0,0.0,0.0
2026-05-25 11:32:51.016051,1779723171.016051,2420,142389.0,,,,,,,,,,,,,,,,0.0000,,,,0.0,0.0,0.0,0.0,0.0,0.0,0.0,0.0,0.0,-12732959,-2989239,163524771,-171147,-39300,4626,-0.7621317894125367,-0.17892102441009525,9.787781955121767,-0.039568081214904786,-0.009085906219482421,0.0010695013275146485,61,fa20fe00,0.0,0.0,0.0,0.0,INSUFFICIENT_OBS,NONE,bad,0.0,0.0,0.0,2,0,0.0,0.0,0,0,0,0,0,0,0,0,0,—,—,0.0,0.0,0.0,0.0
2026-05-25 11:32:52.013930,1779723172.013930,2420,142390.0,,,,,,,,,,,,,,,,0.0000,,,,0.0,0.0,0.0,0.0,0.0,0.0,0.0,0.0,0.0,-12648653,-2992049,163662151,20456,-112808,18100,-0.7570856502835084,-0.1790892170767212,9.796004840723572,0.0047292951049804684,-0.026080481140136717,0.004184603118896484,61,fa1efe00,0.0,0.0,0.0,0.0,INSUFFICIENT_OBS,NONE,bad,0.0,0.0,0.0,3,0,0.0,0.0,0,0,0,0,0,0,0,0,0,—,—,0.0,0.0,0.0,0.0
2026-05-25 11:32:53.012129,1779723173.012129,2420,142391.0,,,,,,,,,,,,,,,,0.0000,,,,0.0,0.0,0.0,0.0,0.0,0.0,0.0,0.0,0.0,-12919726,-2994098,163811871,17065,53332,-26170,-0.7733107359490968,-0.17921186005676273,9.804966337537538,0.003945317802429199,0.01233001400756836,-0.006050335006713867,61,fa1bfe00,0.0,0.0,0.0,0.0,INSUFFICIENT_OBS,NONE,bad,0.0,0.0,0.0,3,0,0.0,0.0,0,0,0,0,0,0,0,0,0,—,—,0.0,0.0,0.0,0.0
2026-05-25 11:32:54.019410,1779723174.019410,2420,142392.0,,,,,,,,,,,,,,,,0.0000,,,,0.0,0.0,0.0,0.0,0.0,0.0,0.0,0.0,0.0,-12804760,-2962626,163938366,-47871,58288,14334,-0.7664294412475587,-0.17732810219055178,9.812537701012575,-0.01106746607208252,0.013475809204101562,0.003313928237915039,61,fa19fe00,0.0,0.0,0.0,0.0,INSUFFICIENT_OBS,NONE,bad,0.0,0.0,0.0,3,0,0.0,0.0,0,0,0,0,0,0,0,0,0,STATISTICANALYSIS,L5,1.104,0.0,0.637,0.405
2026-05-25 11:32:55.023016,1779723175.023016,2420,142393.0,,,,,,,,,,,,,,,,0.0000,,,,0.0,0.0,0.0,0.0,0.0,0.0,0.0,0.0,0.0,-12679277,-2884164,163865568,-42962,69520,94628,-0.758918651074524,-0.1726317559240723,9.808180373701173,-0.009932536972045899,0.01607257507324219,0.021877382537841796,61,fa16fe00,0.0,0.0,0.0,0.0,INSUFFICIENT_OBS,NONE,bad,0.0,0.0,0.0,3,0,0.0,0.0,0,0,0,0,0,0,0,0,0,STATISTICANALYSIS,L5,1.427,0.0,0.637,0.405
2026-05-25 11:32:56.026836,1779723176.026836,2420,142394.0,,,,,,,,,,,,,,,,0.0000,,,,0.0,0.0,0.0,0.0,0.0,0.0,0.0,0.0,0.0,-12634100,-3214651,163604102,849,-80205,72132,-0.756214579864502,-0.19241306902557376,9.792530315419313,0.00019628331756591796,-0.018542878074645996,0.01667645260620117,61,fa13fe00,43.51555770289,-79.68420508048,134.2602,0.0,SOL_COMPUTED,SINGLE,good,103.449,31.2909,363.4081,6,6,0.0,0.0,0,0,0,0,0,0,0,0,0,STATISTICANALYSIS,L5,1.537,0.0,0.637,0.405
2026-05-25 11:32:57.036988,1779723177.036988,2420,142395.0,,,,,,,,,,,,,,,,0.0000,,,,0.0,0.0,0.0,0.0,0.0,0.0,0.0,0.0,0.0,-12693697,-2844903,163974892,-59418,15035,12898,-0.7597817607730104,-0.17028178713958741,9.814723966258546,-0.013737057907104493,0.003475994911193848,0.002981934310913086,61,fa11fe00,43.51555317261,-79.68420487262,135.4514,0.0,SOL_COMPUTED,SINGLE,good,103.5073,31.2946,363.7715,6,6,0.0,0.0,0,0,0,0,0,0,0,0,0,—,—,0.0,0.0,0.0,0.0
2026-05-25 11:32:58.024688,1779723178.024688,2420,142396.0,,,,,,,,,,,,,,,,0.0000,,,,0.0,0.0,0.0,0.0,0.0,0.0,0.0,0.0,0.0,-12782815,-3018403,163500024,-69099,-29555,62488,-0.7651159223617555,-0.18066663684051515,9.786300722409669,-0.01597524259185791,-0.006832925148010254,0.014446822082519531,61,fa0efe00,43.51553105009,-79.68420509365,166.0213,-37.1,SOL_COMPUTED,SINGLE,good,7.2583,1.9905,24.496,7,6,0.0,0.0,0,0,0,0,0,0,0,0,0,STATISTICANALYSIS,L5,1.271,0.0,0.444,0.632
2026-05-25 11:32:59.030277,1779723179.030277,2420,142397.0,,,,,,,,,,,,,,,,0.0000,,,,0.0,0.0,0.0,0.0,0.0,0.0,0.0,0.0,0.0,-12589529,-2843318,163908568,4945,-95609,38266,-0.7535467808096314,-0.17018691689880375,9.810754140485841,0.001143252067565918,-0.022104183403015138,0.008846852096557617,61,fa0cfe00,43.51552795847,-79.6842075747,167.537,-37.1,SOL_COMPUTED,SINGLE,good,2.3743,1.728,6.4649,7,7,0.0,0.0,0,0,0,0,0,0,0,0,0,STATISTICANALYSIS,L5,1.246,0.0,0.444,0.632
2026-05-25 11:33:00.035013,1779723180.035013,2420,142398.0,,,,,,,,,,,,,,,,0.0000,,,,0.0,0.0,0.0,0.0,0.0,0.0,0.0,0.0,0.0,-12914749,-2999772,163619695,45098,-14594,21893,-0.7730128374075318,-0.1795514775622559,9.793463635081483,0.01042636637878418,-0.003374038558959961,0.0050615202255249025,61,fa09fe00,43.51552858392,-79.6842088447,167.5213,-37.1,SOL_COMPUTED,SINGLE,good,2.3629,1.7179,6.4446,7,7,0.0,0.0,0,0,0,0,0,0,0,0,0,STATISTICANALYSIS,L5,1.123,0.0,0.444,0.632
2026-05-25 11:33:01.024116,1779723181.024116,2420,142399.0,,,,,,,,,,,,,,,,0.0000,,,,0.0,0.0,0.0,0.0,0.0,0.0,0.0,0.0,0.0,-12488079,-2841215,163853805,-45947,-25325,33195,-0.7474744868490601,-0.170061041746521,9.807476298847963,-0.010622649696350097,-0.0058549764633178715,0.00767446964263916,61,fa06fe00,43.51552779031,-79.68420954562,167.914,-37.1,SOL_COMPUTED,SINGLE,good,2.3503,1.7067,6.4283,7,7,0.0,0.0,0,0,0,0,0,0,0,0,0,STATISTICANALYSIS,L5,1.776,0.0,0.425,0.457
2026-05-25 11:33:02.028054,1779723182.028054,2420,142400.0,,,,,,,,,,,,,,,,0.0000,,,,0.0,0.0,0.0,0.0,0.0,0.0,0.0,0.0,0.0,-12730038,-2538338,163832257,-42523,-50117,83061,-0.7619569528363038,-0.1519323263409424,9.806186542413636,-0.009831043006896972,-0.011586726768493653,0.019203166831970216,61,fa04fe00,43.51552817625,-79.68420949617,167.7212,-37.1,SOL_COMPUTED,SINGLE,good,2.3523,1.7101,6.42,7,7,0.0,0.0,0,0,0,0,0,0,0,0,0,—,—,0.0,0.0,0.0,0.0
2026-05-25 11:33:03.027028,1779723183.027028,2420,142401.0,,,,,,,,,,,,,,,,0.0000,,,,0.0,0.0,0.0,0.0,0.0,0.0,0.0,0.0,0.0,-12958825,-3023187,163476991,-66760,-55030,75982,-0.7756510082168581,-0.18095298335906984,9.78492208123871,-0.015434480895996094,-0.012722580642700196,0.017566547744750978,61,fa01fe00,43.51552823288,-79.6842095103,167.6572,-37.1,SOL_COMPUTED,SINGLE,good,2.343,1.704,6.3996,7,7,0.0,0.0,0,0,0,0,0,0,0,0,0,—,—,0.0,0.0,0.0,0.0
2026-05-25 11:33:04.021880,1779723184.021880,2420,142402.0,,,,,,,,,,,,,,,,0.0000,,,,0.0,0.0,0.0,0.0,0.0,0.0,0.0,0.0,0.0,-12858414,-3018540,163583921,221834,126098,101950,-0.7696409036444093,-0.1806748369812012,9.791322380826722,0.051286588302612304,0.02915304331970215,0.02357018165588379,61,f9fefe00,43.51552793625,-79.68420940249,167.7068,-37.1,SOL_COMPUTED,SINGLE,good,2.3276,1.6898,6.3848,7,7,0.0,0.0,0,0,0,0,0,0,0,0,0,—,—,0.0,0.0,0.0,0.0
2026-05-25 11:33:05.030756,1779723185.030756,2420,142403.0,,,,,,,,,,,,,,,,0.0000,,,,0.0,0.0,0.0,0.0,0.0,0.0,0.0,0.0,0.0,-13033586,-2825206,163526680,152482,98901,-1045,-0.7801258309747315,-0.169102822387085,9.787896218395998,0.03525285374450684,0.02286527254486084,-0.00024159725189208984,61,f9fcfe00,43.51552831105,-79.68420981074,167.562,-37.1,SOL_COMPUTED,SINGLE,good,2.3232,1.685,6.3815,7,7,0.0,0.0,0,0,0,0,0,0,0,0,0,—,—,0.0,0.0,0.0,0.0
2026-05-25 11:33:06.031200,1779723186.031200,2420,142404.0,,,,,,,,,,,,,,,,0.0000,,,,0.0,0.0,0.0,0.0,0.0,0.0,0.0,0.0,0.0,-12889474,-2829463,163870600,53486,-18389,92141,-0.7715000012335206,-0.1693576252987671,9.808481564270021,0.012365617813110352,-0.0042514180526733395,0.02130240419769287,61,f9f9fe00,43.51552844428,-79.68420999252,167.4903,-37.1,SOL_COMPUTED,SINGLE,good,2.32,1.6845,6.3659,7,7,0.0,0.0,0,0,0,0,0,0,0,0,0,STATISTICANALYSIS,L2,1.36,0.0,0.829,0.411
2026-05-25 11:33:07.025334,1779723187.025334,2420,142405.0,,,,,,,,,,,,,,,,0.0000,,,,0.0,0.0,0.0,0.0,0.0,0.0,0.0,0.0,0.0,-12710951,-2790179,163804235,-123132,43783,19158,-0.7608144996591187,-0.16700627984832767,9.804509284440615,-0.028467323272705077,0.010122346870422363,0.004429205886840821,61,f9f6fe00,43.51552802797,-79.68420957939,167.524,-37.1,SOL_COMPUTED,SINGLE,good,2.3078,1.6717,6.363,7,7,0.0,0.0,0,0,0,0,0,0,0,0,0,—,—,0.0,0.0,0.0,0.0
2026-05-25 11:33:08.021273,1779723188.021273,2420,142406.0,,,,,,,,,,,,,,,,0.0000,,,,0.0,0.0,0.0,0.0,0.0,0.0,0.0,0.0,0.0,-12714793,-3207455,163737409,-3162,-61211,19432,-0.7610444627285767,-0.19198235214691164,9.800509411437075,-0.0007310339813232421,-0.014151587928771973,0.004492552917480469,61,f9f3fe00,43.51552776764,-79.68420942812,167.6235,-37.1,SOL_COMPUTED,SINGLE,good,2.2929,1.6567,6.3624,7,7,0.0,0.0,0,0,0,0,0,0,0,0,0,—,—,0.0,0.0,0.0,0.0
2026-05-25 11:33:09.021496,1779723189.021496,2420,142407.0,,,,,,,,,,,,,,,,0.0000,,,,0.0,0.0,0.0,0.0,0.0,0.0,0.0,0.0,0.0,-12667571,-3000867,163950434,-17026,67503,89570,-0.7582179879586793,-0.17961701883270267,9.813260031653444,-0.003936301254272461,0.015606257698059083,0.020708005599975585,61,f9f1fe00,43.51552750731,-79.68420934896,167.6696,-37.1,SOL_COMPUTED,SINGLE,good,2.3082,1.6714,6.3677,8,7,0.0,0.0,0,0,0,0,0,0,0,0,0,—,—,0.0,0.0,0.0,0.0
2026-05-25 11:33:10.023197,1779723190.023197,2420,142408.0,,,,,,,,,,,,,,,,0.0000,,,,0.0,0.0,0.0,0.0,0.0,0.0,0.0,0.0,0.0,-12651876,-2871337,163796704,-661,-6184,65893,-0.7572785630822755,-0.17186399530670168,9.804058516123048,-0.00015281893157958985,-0.0014297008666992188,0.015234036094665527,61,f9edfe00,43.51552739872,-79.68420936166,167.6426,-37.1,SOL_COMPUTED,SINGLE,good,2.2941,1.6571,6.3615,9,8,0.0,0.0,0,0,0,0,0,0,0,0,0,—,—,0.0,0.0,0.0,0.0
2026-05-25 11:33:11.021973,1779723191.021973,2420,142409.0,,,,,,,,,,,,,,,,0.0000,,,,0.0,0.0,0.0,0.0,0.0,0.0,0.0,0.0,0.0,-12803961,-3163445,163603847,20471,32672,-43202,-0.7663816170693971,-0.18934813177032472,9.79251505238373,0.004732763008117676,0.007553555419921875,-0.009988023422241211,61,f9eafe00,43.51552743001,-79.68420928895,167.6082,-37.1,SOL_COMPUTED,SINGLE,good,2.2941,1.657,6.3588,9,8,0.0,0.0,0,0,0,0,0,0,0,0,0,—,—,0.0,0.0,0.0,0.0
2026-05-25 11:33:12.028112,1779723192.028112,2420,142410.0,,,,,,,,,,,,,,,,0.0000,,,,0.0,0.0,0.0,0.0,0.0,0.0,0.0,0.0,0.0,-12832350,-3124558,163681371,157736,-118847,22936,-0.7680808418426515,-0.18702054877136234,9.797155254621279,0.03646754461669922,-0.02747665894317627,0.005302655090332032,61,f9e8fe00,43.51552737342,-79.68420910289,167.6236,-37.1,SOL_COMPUTED,SINGLE,good,2.3038,1.6683,6.3645,9,8,0.0,0.0,0,0,0,0,0,0,0,0,0,—,—,0.0,0.0,0.0,0.0
2026-05-25 11:33:13.037094,1779723193.037094,2420,142411.0,,,,,,,,,,,,,,,,0.0000,,,,0.0,0.0,0.0,0.0,0.0,0.0,0.0,0.0,0.0,-13118328,-3045744,163682202,-33667,-10947,94790,-0.7851980669018556,-0.18230313353027347,9.797204994160769,-0.007783592994689941,-0.0025308757095336915,0.021914835891723633,61,f9e4fe00,43.515527301,-79.68420895242,167.6773,-37.1,SOL_COMPUTED,SINGLE,good,2.2998,1.6649,6.3633,9,8,0.0,0.0,0,0,0,0,0,0,0,0,0,—,—,0.0,0.0,0.0,0.0
2026-05-25 11:33:14.034013,1779723194.034013,2420,142412.0,,,,,,,,,,,,,,,,0.0000,,,,0.0,0.0,0.0,0.0,0.0,0.0,0.0,0.0,0.0,-12652056,-3014721,163719801,-64893,47692,40687,-0.7572893369897462,-0.18044625057769778,9.799455483866273,-0.015002842552185059,0.011026082427978515,0.009406571662902832,61,f9e2fe00,43.51552719334,-79.68420880088,167.7078,-37.1,SOL_COMPUTED,SINGLE,good,2.2999,1.6638,6.3671,11,8,0.0,0.0,0,0,0,0,0,0,0,0,0,—,—,0.0,0.0,0.0,0.0
2026-05-25 11:33:15.027248,1779723195.027248,2420,142413.0,,,,,,,,,,,,,,,,0.0000,,,,0.0,0.0,0.0,0.0,0.0,0.0,0.0,0.0,0.0,-12719179,-3329597,163980334,8316,-81209,26753,-0.7613069869406129,-0.19929316662628177,9.81504969739441,0.0019226054992675782,-0.018774996391296386,0.00618512084197998,61,f9dffe00,43.51553095997,-79.6842204399,172.4783,-37.1,SOL_COMPUTED,SINGLE,good,2.3063,1.5902,5.7072,11,10,0.0,0.0,0,0,0,0,0,0,0,0,0,—,—,0.0,0.0,0.0,0.0
2026-05-25 11:33:16.038906,1779723196.038906,2420,142414.0,,,,,,,,,,,,,,,,0.0000,,,,0.0,0.0,0.0,0.0,0.0,0.0,0.0,0.0,0.0,-12795745,-2933276,163693795,-17284,16301,-595,-0.765889848048401,-0.17557135672241214,9.797898893656923,-0.003995949188232422,0.003768685935974121,-0.0001375601577758789,61,f9dcfe00,43.51553003715,-79.68421780356,171.5242,-37.1,SOL_COMPUTED,SINGLE,good,2.3014,1.5761,5.6299,11,10,0.0,0.0,0,0,0,0,0,0,0,0,0,—,—,0.0,0.0,0.0,0.0
2026-05-25 11:33:17.019952,1779723197.019952,2420,142415.0,,,,,,,,,,,,,,,,0.0000,,,,0.0,0.0,0.0,0.0,0.0,0.0,0.0,0.0,0.0,-12780202,-2909234,163960087,-96913,-3679,43683,-0.7649595211383058,-0.17413232181457522,9.813837812369082,-0.02240565978240967,-0.0008505610427856445,0.010099227516174316,61,f9d8fe00,43.51552916897,-79.68421497525,170.3862,-37.1,SOL_COMPUTED,SINGLE,good,2.3032,1.5725,5.5883,12,10,0.0,0.0,0,0,0,0,0,0,0,0,0,—,—,0.0,0.0,0.0,0.0
2026-05-25 11:33:18.030718,1779723198.030718,2420,142416.0,,,,,,,,,,,,,,,,0.0000,,,,0.0,0.0,0.0,0.0,0.0,0.0,0.0,0.0,0.0,-12802872,-3231677,163734640,22881,-8212,4922,-0.7663164349291993,-0.19343216096221927,9.80034367282715,0.005289939445495605,-0.0018985613708496095,0.0011379346160888672,61,f9d6fe00,43.51553036756,-79.68421398775,170.1697,-37.1,SOL_COMPUTED,SINGLE,good,2.1578,1.5695,5.4884,12,11,0.0,0.0,0,0,0,0,0,0,0,0,0,—,—,0.0,0.0,0.0,0.0
2026-05-25 11:33:19.024085,1779723199.024085,2420,142417.0,,,,,,,,,,,,,,,,0.0000,,,,0.0,0.0,0.0,0.0,0.0,0.0,0.0,0.0,0.0,-13061267,-2229930,163869667,-38785,-81229,-211307,-0.7817826783786012,-0.13347255270080569,9.808425719516297,-0.00896684154510498,-0.018779620262145996,-0.04885281388092041,61,f9d3fe00,43.51553023564,-79.68421223301,169.4307,-37.1,SOL_COMPUTED,SINGLE,good,2.1561,1.5604,5.428,15,11,0.0,0.0,0,0,0,0,0,0,0,0,0,—,—,0.0,0.0,0.0,0.0
2026-05-25 11:33:20.045635,1779723200.045635,2420,142418.0,,,,,,,,,,,,,,,,0.0000,,,,0.0,0.0,0.0,0.0,0.0,0.0,0.0,0.0,0.0,-12232467,-2999613,163957090,53969,-256181,-143465,-0.7321748199801636,-0.17954196061065678,9.813658426809694,0.012477284294128418,-0.05922739290618897,-0.03316818157196045,61,f9cffe00,43.51552924055,-79.68420960095,168.5319,-37.1,SOL_COMPUTED,SINGLE,good,2.1627,1.5206,5.3155,15,13,0.0,0.0,0,0,0,0,0,0,0,0,0,—,—,0.0,0.0,0.0,0.0
2026-05-25 11:33:21.029362,1779723201.029362,2420,142419.0,,,,,,,,,,,,,,,,0.0000,,,,0.0,0.0,0.0,0.0,0.0,0.0,0.0,0.0,0.0,-13173755,-3476114,163636589,-31704,7878,93628,-0.7885156522872926,-0.2080629477423096,9.79447482615265,-0.007329760070800781,0.0018213427276611328,0.02164618899536133,61,f9ccfe00,43.51552844736,-79.68421133641,169.8037,-37.1,SOL_COMPUTED,SINGLE,good,2.1134,1.4723,4.8364,17,14,0.0,0.0,0,0,0,0,0,0,0,0,0,—,—,0.0,0.0,0.0,0.0
2026-05-25 11:33:22.024639,1779723202.024639,2420,142420.0,,,,,,,,,,,,,,,,0.0000,,,,0.0,0.0,0.0,0.0,0.0,0.0,0.0,0.0,0.0,-12444511,-3333102,164046598,-298915,38323,94928,-0.744866722400818,-0.19950295854675296,9.819015931864625,-0.06910721775054932,0.008860030128479003,0.021946740600585938,61,f9c9fe00,43.51548738288,-79.68418024776,181.8033,-37.1,SOL_COMPUTED,SINGLE,good,1.8088,1.3139,4.0243,18,17,0.0,0.0,0,0,0,0,0,0,0,0,0,—,—,0.0,0.0,0.0,0.0
2026-05-25 11:33:23.025734,1779723203.025734,2420,142421.0,,,,,,,,,,,,,,,,0.0000,,,,0.0,0.0,0.0,0.0,0.0,0.0,0.0,0.0,0.0,-12862232,-2885304,163738543,114450,-43973,80728,-0.7698694301928712,-0.17269999067138675,9.80057728705414,0.02646010093688965,-0.010166273643493652,0.018663792297363282,61,f9c6fe00,43.51548795586,-79.6841715129,180.3805,-37.1,SOL_COMPUTED,SINGLE,good,1.7428,1.2743,3.6937,18,17,0.0,0.0,0,0,0,0,0,0,0,0,0,—,—,0.0,0.0,0.0,0.0
2026-05-25 11:33:24.044536,1779723204.044536,2420,142422.0,,,,,,,,,,,,,,,,0.0000,,,,0.0,0.0,0.0,0.0,0.0,0.0,0.0,0.0,0.0,-12703076,-3109195,163601733,-126607,61283,89207,-0.7603431412072755,-0.18610099576873781,9.792388518825991,-0.02927072083282471,0.014168233863830567,0.020624082344055175,61,f9c3fe00,43.51548866936,-79.68416738103,179.8496,-37.1,SOL_COMPUTED,SINGLE,good,1.7002,1.2453,3.514,18,17,0.0,0.0,0,0,0,0,0,0,0,0,0,—,—,0.0,0.0,0.0,0.0
2026-05-25 11:33:25.026069,1779723205.026069,2420,142423.0,,,,,,,,,,,,,,,,0.0000,,,,0.0,0.0,0.0,0.0,0.0,0.0,0.0,0.0,0.0,-12747475,-3073466,163777728,-95312,56887,45274,-0.7630006451950074,-0.18396243499084475,9.80292270685547,-0.022035518920898438,0.013151907051086426,0.010467056442260743,61,f9c0fe00,43.51548722493,-79.68416187153,180.1907,-37.1,SOL_COMPUTED,SINGLE,good,1.6575,1.209,3.3778,18,17,0.0,0.0,0,0,0,0,0,0,0,0,0,—,—,0.0,0.0,0.0,0.0
2026-05-25 11:33:26.030994,1779723206.030994,2420,142424.0,,,,,,,,,,,,,,,,0.0000,,,,0.0,0.0,0.0,0.0,0.0,0.0,0.0,0.0,0.0,-12628071,-3032661,163806305,38432,-31216,23455,-0.755853713819275,-0.18152005002227786,9.804633184376527,0.008885230224609375,-0.0072169376220703125,0.005422644538879394,61,f9bcfe00,43.51548547946,-79.68415824516,180.0731,-37.1,SOL_COMPUTED,SINGLE,good,1.662,1.2131,3.3867,18,17,0.0,0.0,0,0,0,0,0,0,0,0,0,—,—,0.0,0.0,0.0,0.0
2026-05-25 11:33:27.027962,1779723207.027962,2420,142425.0,,,,,,,,,,,,,,,,0.0000,,,,0.0,0.0,0.0,0.0,0.0,0.0,0.0,0.0,0.0,-12711818,-2911291,163882758,88754,65087,116510,-0.7608663939801027,-0.17425544363494874,9.809209281864625,0.020519351669311525,0.01504769409942627,0.026936359634399415,61,f9bafe00,43.51548106566,-79.68415274477,180.1959,-37.1,SOL_COMPUTED,SINGLE,good,1.6545,1.2057,3.3599,18,17,0.0,0.0,0,0,0,0,0,0,0,0,0,—,—,0.0,0.0,0.0,0.0
2026-05-25 11:33:28.021011,1779723208.021011,2420,142426.0,,,,,,,,,,,,,,,,0.0000,,,,0.0,0.0,0.0,0.0,0.0,0.0,0.0,0.0,0.0,-12781516,-2851352,163748411,35087,24147,88646,-0.7650381706628419,-0.17066779230224613,9.8011679366037,0.008111887825012208,0.005582630470275879,0.020494382766723634,61,f9b6fe00,43.5154815722,-79.68415025879,179.5144,-37.1,SOL_COMPUTED,SINGLE,good,1.6509,1.2093,3.3242,18,17,0.0,0.0,0,0,0,0,0,0,0,0,0,—,—,0.0,0.0,0.0,0.0
2026-05-25 11:33:29.022220,1779723209.022220,2420,142427.0,,,,,,,,,,,,,,,,0.0000,,,,0.0,0.0,0.0,0.0,0.0,0.0,0.0,0.0,0.0,-12839370,-2752668,163774482,-204736,-67285,54260,-0.7685010242340089,-0.16476105738647465,9.802728417390748,-0.04733364111328125,-0.01555585750579834,0.012544561614990235,61,f9b3fe00,43.51548290188,-79.68415093449,178.9644,-37.1,SOL_COMPUTED,SINGLE,good,1.6324,1.191,3.2604,18,17,0.0,0.0,0,0,0,0,0,0,0,0,0,—,—,0.0,0.0,0.0,0.0
2026-05-25 11:33:30.023084,1779723210.023084,2420,142428.0,,,,,,,,,,,,,,,,0.0000,,,,0.0,0.0,0.0,0.0,0.0,0.0,0.0,0.0,0.0,-12725950,-3280921,163683502,-110814,99304,-63372,-0.7617122654266358,-0.19637966262603762,9.797282805714723,-0.025619481216430665,0.02295844354248047,-0.014651197174072267,61,f9b0fe00,43.51548288879,-79.68414697705,179.2165,-37.1,SOL_COMPUTED,SINGLE,good,1.6353,1.1996,3.2955,18,17,0.0,0.0,0,0,0,0,0,0,0,0,0,—,—,0.0,0.0,0.0,0.0
2026-05-25 11:33:31.023627,1779723211.023627,2420,142429.0,,,,,,,,,,,,,,,,0.0000,,,,0.0,0.0,0.0,0.0,0.0,0.0,0.0,0.0,0.0,-12523294,-3301179,163949254,-45889,-67754,119816,-0.7495822821356202,-0.19759220605682376,9.813189402704468,-0.01060924047088623,-0.01566428727722168,0.027700685485839843,61,f9acfe00,43.51548763778,-79.68415622079,179.1765,-37.1,SOL_COMPUTED,SINGLE,good,1.658,1.2232,3.3845,19,17,0.0,0.0,0,0,0,0,0,0,0,0,0,STATISTICANALYSIS,L5,2.639,0.0,0.428,0.518
2026-05-25 11:33:32.021790,1779723212.021790,2420,142430.0,,,,,,,,,,,,,,,,0.0000,,,,0.0,0.0,0.0,0.0,0.0,0.0,0.0,0.0,0.0,-12692259,-2793047,164007305,-105281,1944,43650,-0.7596956892233278,-0.16717794410736087,9.816664047718813,-0.02434028734588623,0.0004494402465820313,0.010091598129272461,61,f9a9fe00,43.51548800247,-79.68416747246,180.0988,-37.1,SOL_COMPUTED,SINGLE,good,1.6662,1.2387,3.5559,19,17,0.0,0.0,0,0,0,0,0,0,0,0,0,STATISTICANALYSIS,L5,2.1,0.0,0.428,0.518
2026-05-25 11:33:33.025946,1779723213.025946,2420,142431.0,,,,,,,,,,,,,,,,0.0000,,,,0.0,0.0,0.0,0.0,0.0,0.0,0.0,0.0,0.0,-12704221,-3104355,163823502,-1938,-54748,-23800,-0.7604116752297975,-0.18581129736785892,9.80566251152527,-0.00044805308532714846,-0.012657384063720703,-0.0055024063110351564,61,f9a6fe00,43.51549496293,-79.68417761669,175.6997,-37.1,SOL_COMPUTED,SINGLE,good,1.6525,1.1937,3.2637,19,18,0.0,0.0,0,0,0,0,0,0,0,0,0,STATISTICANALYSIS,L5,4.278,0.0,0.428,0.518
2026-05-25 11:33:34.022540,1779723214.022540,2420,142432.0,,,,,,,,,,,,,,,,0.0000,,,,0.0,0.0,0.0,0.0,0.0,0.0,0.0,0.0,0.0,-12773671,-3219622,163766881,-44443,55898,75667,-0.7645686078622438,-0.19271060843688967,9.802273459220277,-0.010274934608459473,0.012923256637573242,0.01749372177886963,61,f9a2fe00,43.5154971415,-79.68417497392,174.4067,-37.1,SOL_COMPUTED,SINGLE,good,1.6399,1.1817,3.2299,19,18,0.0,0.0,0,0,0,0,0,0,0,0,0,—,—,0.0,0.0,0.0,0.0
2026-05-25 11:33:35.020690,1779723215.020690,2420,142433.0,,,,,,,,,,,,,,,,0.0000,,,,0.0,0.0,0.0,0.0,0.0,0.0,0.0,0.0,0.0,-12752517,-3126535,163827181,21852,6164,18245,-0.7633024343142701,-0.18713888218841557,9.805882718222962,0.005052041290283203,0.0014250769958496093,0.0042181261825561525,61,f99ffe00,43.51550089595,-79.68417936427,173.7717,-37.1,SOL_COMPUTED,SINGLE,good,1.6558,1.1893,3.3114,19,18,0.0,0.0,0,0,0,0,0,0,0,0,0,—,—,0.0,0.0,0.0,0.0
2026-05-25 11:33:36.025747,1779723216.025747,2420,142434.0,,,,,,,,,,,,,,,,0.0000,,,,0.0,0.0,0.0,0.0,0.0,0.0,0.0,0.0,0.0,-12404541,-3273928,163816579,-45474,-57834,16452,-0.7424743163919069,-0.1959610963208008,9.805248135072938,-0.010513295150756836,-0.01337084733581543,0.003803596160888672,61,f99cfe00,43.51550861761,-79.6841793319,171.4331,-37.1,SOL_COMPUTED,SINGLE,good,1.6652,1.1956,3.3029,19,18,0.0,0.0,0,0,0,0,0,0,0,0,0,—,—,0.0,0.0,0.0,0.0
2026-05-25 11:33:37.022316,1779723217.022316,2420,142435.0,,,,,,,,,,,,,,,,0.0000,,,,0.0,0.0,0.0,0.0,0.0,0.0,0.0,0.0,0.0,-12700652,-3169803,163751245,-70207,-31436,54796,-0.7601980525866701,-0.18972869012420657,9.801337565791322,-0.01623140503692627,-0.007267800201416015,0.012668481353759765,61,f999fe00,43.51550891656,-79.68418457308,171.8757,-37.1,SOL_COMPUTED,SINGLE,good,1.6647,1.1945,3.3074,20,18,0.0,0.0,0,0,0,0,0,0,0,0,0,—,—,0.0,0.0,0.0,0.0
2026-05-25 11:33:38.036188,1779723218.036188,2420,142436.0,,,,,,,,,,,,,,,,0.0000,,,,0.0,0.0,0.0,0.0,0.0,0.0,0.0,0.0,0.0,-12490587,-2953609,163810323,-199194,99058,-23059,-0.747624603293152,-0.17678838928131105,9.80487368193329,-0.046052366500854494,0.022901569931030274,-0.005331091896057129,61,f995fe00,43.51550808308,-79.68418688382,172.2274,-37.1,SOL_COMPUTED,SINGLE,good,1.6484,1.182,3.2288,20,19,0.0,0.0,0,0,0,0,0,0,0,0,0,—,—,0.0,0.0,0.0,0.0
2026-05-25 11:33:39.050211,1779723219.050211,2420,142437.0,,,,,,,,,,,,,,,,0.0000,,,,0.0,0.0,0.0,0.0,0.0,0.0,0.0,0.0,0.0,-12982994,-2580816,163775868,-193938,-146557,155634,-0.7770976447149659,-0.15447484879394532,9.802811376478273,-0.04483721324157715,-0.03388303200531006,0.03598157579040527,61,f991fe00,43.51550868677,-79.68418560269,171.9355,-37.1,SOL_COMPUTED,SINGLE,good,1.64,1.1747,3.1902,20,19,0.0,0.0,0,0,0,0,0,0,0,0,0,—,—,0.0,0.0,0.0,0.0
2026-05-25 11:33:40.032597,1779723220.032597,2420,142438.0,,,,,,,,,,,,,,,,0.0000,,,,0.0,0.0,0.0,0.0,0.0,0.0,0.0,0.0,0.0,-12760186,-3285763,163759803,-88281,25539,95380,-0.7637614626275636,-0.19666948073699955,9.801849805236513,-0.02040999712371826,0.0059044518814086915,0.022051240081787108,61,f98efe00,43.51551637654,-79.68418165217,168.9555,-37.1,SOL_COMPUTED,SINGLE,good,1.6673,1.1975,3.3041,21,19,0.0,0.0,0,0,0,0,0,0,0,0,0,—,—,0.0,0.0,0.0,0.0
2026-05-25 11:33:41.024287,1779723221.024287,2420,142439.0,,,,,,,,,,,,,,,,0.0000,,,,0.0,0.0,0.0,0.0,0.0,0.0,0.0,0.0,0.0,-12722997,-2957041,163873691,21539,-39336,46001,-0.7615355134890748,-0.17699381178375245,9.80866657620331,0.004979677711486817,-0.00909422918701172,0.010635134147644044,61,f98bfe00,43.51551899311,-79.68418519733,168.9838,-37.1,SOL_COMPUTED,SINGLE,good,1.6531,1.1908,3.2849,21,20,0.0,0.0,0,0,0,0,0,0,0,0,0,—,—,0.0,0.0,0.0,0.0
2026-05-25 11:33:42.028691,1779723222.028691,2420,142440.0,,,,,,,,,,,,,,,,0.0000,,,,0.0,0.0,0.0,0.0,0.0,0.0,0.0,0.0,0.0,-12792464,-3002306,163823483,-38793,59713,12804,-0.7656934636572267,-0.17970315023742678,9.805661374279481,-0.008968691093444824,0.01380526000213623,0.002960202117919922,61,f987fe00,43.51551513876,-79.68418999554,170.7465,-37.1,SOL_COMPUTED,SINGLE,good,1.6541,1.1917,3.2832,21,20,0.0,0.0,0,0,0,0,0,0,0,0,0,—,—,0.0,0.0,0.0,0.0
2026-05-25 11:33:43.024560,1779723223.024560,2420,142441.0,,,,,,,,,,,,,,,,0.0000,,,,0.0,0.0,0.0,0.0,0.0,0.0,0.0,0.0,0.0,-13069447,-2639107,163685257,-55066,39343,24702,-0.7822722926181032,-0.15796385901824953,9.797387851312562,-0.012730903610229492,0.009095847541809083,0.005710942886352539,61,f984fe00,43.51551500588,-79.68419094924,171.1279,-37.1,SOL_COMPUTED,SINGLE,good,1.6575,1.1933,3.2887,21,20,0.0,0.0,0,0,0,0,0,0,0,0,0,STATISTICANALYSIS,L5,1.936,0.0,0.368,0.51
2026-05-25 11:33:44.022493,1779723224.022493,2420,142442.0,,,,,,,,,,,,,,,,0.0000,,,,0.0,0.0,0.0,0.0,0.0,0.0,0.0,0.0,0.0,-12439280,-4208568,163778656,78478,73946,43238,-0.744553620678711,-0.25190401231201176,9.802978252333986,0.018143606826782226,0.01709583769226074,0.009996346389770507,61,f980fe00,43.51551884883,-79.68419571358,170.3208,-37.1,SOL_COMPUTED,SINGLE,good,1.7168,1.2211,3.379,19,18,0.0,0.0,0,0,0,0,0,0,0,0,0,STATISTICANALYSIS,L5,2.342,0.0,0.368,0.51
2026-05-25 11:33:45.031147,1779723225.031147,2420,142443.0,,,,,,,,,,,,,,,,0.0000,,,,0.0,0.0,0.0,0.0,0.0,0.0,0.0,0.0,0.0,-12859086,-3069870,163982024,290871,32276,47884,-0.7696811262322999,-0.18374719626159672,9.815150852414552,0.06724749689483643,0.007462002777099609,0.011070471588134765,61,f97dfe00,43.51551901692,-79.68419416521,170.1839,-37.1,SOL_COMPUTED,SINGLE,good,1.7058,1.2206,3.3306,18,17,0.0,0.0,0,0,0,0,0,0,0,0,0,STATISTICANALYSIS,L2,1.456,0.0,0.585,0.399
2026-05-25 11:33:46.022796,1779723226.022796,2420,142444.0,,,,,,,,,,,,,,,,0.0000,,,,0.0,0.0,0.0,0.0,0.0,0.0,0.0,0.0,0.0,-12725275,-1869868,163819991,192081,113597,-79406,-0.7616718632736207,-0.11192102674682619,9.80545236047455,0.04440788683319092,0.026262892845153808,-0.0183581544342041,61,f979fe00,43.51551642055,-79.6841923944,170.8385,-37.1,SOL_COMPUTED,SINGLE,good,1.6867,1.2077,3.3447,20,18,0.0,0.0,0,0,0,0,0,0,0,0,0,STATISTICANALYSIS,L5,1.128,0.0,0.477,0.467
2026-05-25 11:33:47.053102,1779723227.053102,2420,142445.0,,,,,,,,,,,,,,,,0.0000,,,,0.0,0.0,0.0,0.0,0.0,0.0,0.0,0.0,0.0,-12602292,-2976121,163762738,-56392,54640,-12831,-0.7543107107043459,-0.178135845975647,9.802025479783326,-0.013037466247558594,0.012632415161132813,-0.0029664443435668945,61,f976fe00,43.51551388659,-79.68419155983,171.5958,-37.1,SOL_COMPUTED,SINGLE,good,1.6783,1.1788,3.2416,20,18,0.0,0.0,0,0,0,0,0,0,0,0,0,STATISTICANALYSIS,L5,2.133,0.0,0.477,0.467
2026-05-25 11:33:48.026311,1779723228.026311,2420,142446.0,,,,,,,,,,,,,,,,0.0000,,,,0.0,0.0,0.0,0.0,0.0,0.0,0.0,0.0,0.0,-12794246,-2954978,163766995,2274,-2845,68582,-0.7658001253411866,-0.17687033083312992,9.802280282695008,0.0005257341156005859,-0.0006577456283569336,0.015855715530395508,61,f972fe00,43.51551401591,-79.68418947967,171.5181,-37.1,SOL_COMPUTED,SINGLE,good,1.6814,1.1835,3.2255,20,18,0.0,0.0,0,0,0,0,0,0,0,0,0,—,—,0.0,0.0,0.0,0.0
2026-05-25 11:33:49.025829,1779723229.025829,2420,142447.0,,,,,,,,,,,,,,,,0.0000,,,,0.0,0.0,0.0,0.0,0.0,0.0,0.0,0.0,0.0,-12794361,-3079686,163826978,-58571,-19383,82569,-0.7658070086709596,-0.18433473334899905,9.805870567649537,-0.013541236976623535,-0.004481224433898926,0.019089419609069826,61,f96ffe00,43.51550981031,-79.68418624387,172.2414,-37.1,SOL_COMPUTED,SINGLE,good,1.676,1.1713,3.203,20,18,0.0,0.0,0,0,0,0,0,0,0,0,0,STATISTICANALYSIS,L5,1.1,0.0,0.492,0.558
2026-05-25 11:33:50.024848,1779723230.024848,2420,142448.0,,,,,,,,,,,,,,,,0.0000,,,,0.0,0.0,0.0,0.0,0.0,0.0,0.0,0.0,0.0,-12593098,-2857202,163944597,-24220,-58470,-12330,-0.7537604034527589,-0.17101794429504397,9.812910657776186,-0.005599507598876953,-0.013517886428833007,-0.0028506163787841796,61,f96bfe00,43.5155084438,-79.68418352421,172.0633,-37.1,SOL_COMPUTED,SINGLE,good,1.6722,1.1661,3.1747,21,19,0.0,0.0,0,0,0,0,0,0,0,0,0,STATISTICANALYSIS,L5,1.83,0.0,0.492,0.558
2026-05-25 11:33:51.020812,1779723231.020812,2420,142449.0,,,,,,,,,,,,,,,,0.0000,,,,0.0,0.0,0.0,0.0,0.0,0.0,0.0,0.0,0.0,-12843001,-3212444,163638678,-44750,-22176,14097,-0.7687183578897095,-0.19228096894897465,9.794599863334351,-0.010345911026000977,-0.005126947998046875,0.003259135368347168,61,f968fe00,43.51553084631,-79.68417789348,168.6226,-37.1,SOL_COMPUTED,SINGLE,good,2.7543,1.9825,8.3623,21,9,0.0,0.0,0,0,0,0,0,0,0,0,0,STATISTICANALYSIS,L5,1.335,0.0,0.492,0.558
2026-05-25 11:33:52.021432,1779723232.021432,2420,142450.0,,,,,,,,,,,,,,,,0.0000,,,,0.0,0.0,0.0,0.0,0.0,0.0,0.0,0.0,0.0,-12642054,-3262673,163368211,27483,-34573,82552,-0.7566906668646242,-0.19528742782867434,9.778411049823916,0.006353892127990723,-0.007993054344177247,0.019085489318847657,61,f964fe00,43.51553070177,-79.68417738709,168.5986,-37.1,SOL_COMPUTED,SINGLE,good,2.7514,1.9797,8.3615,21,9,0.0,0.0,0,0,0,0,0,0,0,0,0,SPECTRUMANALYSIS,L5,1176.736,2.271,-61.653,-120.361
2026-05-25 11:33:53.020946,1779723233.020946,2420,142451.0,,,,,,,,,,,,,,,,0.0000,,,,0.0,0.0,0.0,0.0,0.0,0.0,0.0,0.0,0.0,-12881606,-2854285,163725372,-109876,36376,28216,-0.7710290617669678,-0.1708433471389771,9.799788936302491,-0.025402621673583984,0.008409896301269532,0.006523356994628906,61,f960fe00,43.51553109882,-79.68417737372,168.4921,-37.1,SOL_COMPUTED,SINGLE,good,2.7567,1.9844,8.3691,21,9,0.0,0.0,0,0,0,0,0,0,0,0,0,SPECTRUMANALYSIS,L5,1176.736,2.271,-61.653,-120.361
2026-05-25 11:33:54.023410,1779723234.023410,2420,142452.0,,,,,,,,,,,,,,,,0.0000,,,,0.0,0.0,0.0,0.0,0.0,0.0,0.0,0.0,0.0,-12490140,-3564487,163836705,-65565,54563,-35932,-0.7475978480895997,-0.2133525173251343,9.806452777638246,-0.015158204612731934,0.012614613258361817,-0.008307246368408202,61,f95dfe00,43.51553123797,-79.68417714844,168.4368,-37.1,SOL_COMPUTED,SINGLE,good,2.7594,1.9878,8.3715,21,10,0.0,0.0,0,0,0,0,0,0,0,0,0,STATISTICANALYSIS,L2,1.299,0.0,1.408,0.38
2026-05-25 11:33:55.021346,1779723235.021346,2420,142453.0,,,,,,,,,,,,,,,,0.0000,,,,0.0,0.0,0.0,0.0,0.0,0.0,0.0,0.0,0.0,-12758575,-2549659,163827965,-109994,-22116,-39634,-0.7636650361557008,-0.15260994526580812,9.805929644575501,-0.02542990251159668,-0.005113076385498047,-0.009163124862670898,61,f95afe00,43.51553126602,-79.68417700045,168.4387,-37.1,SOL_COMPUTED,SINGLE,good,2.7573,1.9847,8.373,21,10,0.0,0.0,0,0,0,0,0,0,0,0,0,STATISTICANALYSIS,L5,1.779,0.0,0.59,0.43
2026-05-25 11:33:56.028404,1779723236.028404,2420,142454.0,,,,,,,,,,,,,,,,0.0000,,,,0.0,0.0,0.0,0.0,0.0,0.0,0.0,0.0,0.0,-12828715,-3161714,163849456,13759,39428,116853,-0.7678632687667848,-0.18924452269348147,9.807215989272462,0.0031809919509887697,0.009115498992919921,0.027015659019470215,61,f956fe00,43.51553139246,-79.68417670115,168.388,-37.1,SOL_COMPUTED,SINGLE,good,2.7584,1.9867,8.3715,21,10,0.0,0.0,0,0,0,0,0,0,0,0,0,STATISTICANALYSIS,L2,1.014,0.0,1.408,0.38
2026-05-25 11:33:57.021392,1779723237.021392,2420,142455.0,,,,,,,,,,,,,,,,0.0000,,,,0.0,0.0,0.0,0.0,0.0,0.0,0.0,0.0,0.0,-12936297,-3380677,163692177,-95746,-41148,18634,-0.7743025938418581,-0.2023505621463013,9.79780204819977,-0.022135856918334963,-0.009513151885986329,0.004308060470581055,61,f952fe00,43.5155316823,-79.68417677088,168.3314,-37.1,SOL_COMPUTED,SINGLE,good,2.7663,1.9967,8.3737,22,10,0.0,0.0,0,0,0,0,0,0,0,0,0,STATISTICANALYSIS,L2,1.324,0.0,0.781,0.351
2026-05-25 11:33:58.027288,1779723238.027288,2420,142456.0,,,,,,,,,,,,,,,,0.0000,,,,0.0,0.0,0.0,0.0,0.0,0.0,0.0,0.0,0.0,-12767311,-3064139,163612599,23804,-33805,21400,-0.7641879297982789,-0.18340416701873782,9.793038903706972,0.005503331085205078,-0.007815497703552245,0.004947541809082031,61,f94ffe00,43.51553192547,-79.68417656005,168.2276,-37.1,SOL_COMPUTED,SINGLE,good,2.7678,1.9975,8.3782,21,10,0.0,0.0,0,0,0,0,0,0,0,0,0,STATISTICANALYSIS,L5,1.692,0.0,0.52,0.458
2026-05-25 11:33:59.022370,1779723239.022370,2420,142457.0,,,,,,,,,,,,,,,,0.0000,,,,0.0,0.0,0.0,0.0,0.0,0.0,0.0,0.0,0.0,-12951670,-2805083,163755329,102661,14234,67648,-0.7752227453948975,-0.16789835938690187,9.801582013780823,0.023734560264587402,0.003290808883666992,0.01563978076171875,61,f94bfe00,43.515532067,-79.6841764102,168.1495,-37.1,SOL_COMPUTED,SINGLE,good,2.7626,1.9918,8.3756,21,10,0.0,0.0,0,0,0,0,0,0,0,0,0,STATISTICANALYSIS,L2,1.114,0.0,0.781,0.351
2026-05-25 11:34:00.027912,1779723240.027912,2420,142458.0,,,,,,,,,,,,,,,,0.0000,,,,0.0,0.0,0.0,0.0,0.0,0.0,0.0,0.0,0.0,-12445891,-3037868,164030908,-99105,-5435,12610,-0.7449493223580934,-0.1818317152233887,9.818076806263429,-0.022912436027526857,-0.0012565369033813477,0.002915350570678711,61,f947fe00,43.51553229859,-79.68417642923,168.0546,-37.1,SOL_COMPUTED,SINGLE,good,2.7626,1.9926,8.3757,21,10,0.0,0.0,0,0,0,0,0,0,0,0,0,STATISTICANALYSIS,L2,1.977,0.0,2.199,0.297
2026-05-25 11:34:01.034394,1779723241.034394,2420,142459.0,,,,,,,,,,,,,,,,0.0000,,,,0.0,0.0,0.0,0.0,0.0,0.0,0.0,0.0,0.0,-12521381,-2980586,163787157,-127270,-51482,115560,-0.7494677794412232,-0.17840309873596194,9.80348708004181,-0.029424002151489256,-0.011902305953979493,0.02671672576904297,61,f943fe00,43.51553244711,-79.68417619876,167.9764,-37.1,SOL_COMPUTED,SINGLE,good,2.768,1.9979,8.3845,21,10,0.0,0.0,0,0,0,0,0,0,0,0,0,STATISTICANALYSIS,L5,1.438,0.0,0.377,0.572
2026-05-25 11:34:02.020400,1779723242.020400,2420,142460.0,,,,,,,,,,,,,,,,0.0000,,,,0.0,0.0,0.0,0.0,0.0,0.0,0.0,0.0,0.0,-12823445,-3164673,163782039,-33518,14020,21226,-0.7675478326980592,-0.18942163376129154,9.803180741939393,-0.007749145156860352,0.0032413334655761717,0.00490731413269043,61,f940fe00,43.51553221212,-79.68417587582,167.9575,-37.1,SOL_COMPUTED,SINGLE,good,2.7604,1.9899,8.3805,21,10,0.0,0.0,0,0,0,0,0,0,0,0,0,STATISTICANALYSIS,L2,1.472,0.0,2.199,0.297
2026-05-25 11:34:03.022317,1779723243.022317,2420,142461.0,,,,,,,,,,,,,,,,0.0000,,,,0.0,0.0,0.0,0.0,0.0,0.0,0.0,0.0,0.0,-12701327,-3084773,163731361,22398,19914,61290,-0.7602384547396852,-0.18463921594512941,9.800147408146058,0.005178272964477539,0.0046039882049560546,0.01416985221862793,61,f93dfe00,43.51553225859,-79.68417557217,167.9297,-37.1,SOL_COMPUTED,SINGLE,good,2.7597,1.9898,8.379,21,10,0.0,0.0,0,0,0,0,0,0,0,0,0,STATISTICANALYSIS,L2,2.205,0.0,1.15,0.373
2026-05-25 11:34:04.025239,1779723244.025239,2420,142462.0,,,,,,,,,,,,,,,,0.0000,,,,0.0,0.0,0.0,0.0,0.0,0.0,0.0,0.0,0.0,-12802553,-3192936,163883497,-115254,-35538,31460,-0.7662973411709596,-0.19111331679931642,9.809253514740297,-0.026645980545043944,-0.0082161561126709,0.007273348846435547,61,f939fe00,43.51553210095,-79.68417522843,167.8669,-37.1,SOL_COMPUTED,SINGLE,good,2.7573,1.9869,8.3801,21,10,0.0,0.0,0,0,0,0,0,0,0,0,0,STATISTICANALYSIS,L2,1.945,0.0,1.15,0.373
2026-05-25 11:34:05.026116,1779723245.026116,2420,142463.0,,,,,,,,,,,,,,,,0.0000,,,,0.0,0.0,0.0,0.0,0.0,0.0,0.0,0.0,0.0,-12640027,-3175250,163737361,14134,25522,97757,-0.7565693406954958,-0.19005472053527836,9.800506538395082,0.003267689529418945,0.005900521591186523,0.022600787132263184,61,f936fe00,43.51553235568,-79.68417495529,167.7505,-37.1,SOL_COMPUTED,SINGLE,good,2.7535,1.9831,8.3789,21,10,0.0,0.0,0,0,0,0,0,0,0,0,0,STATISTICANALYSIS,L2,2.552,0.0,1.15,0.373
2026-05-25 11:34:06.020081,1779723246.020081,2420,142464.0,,,,,,,,,,,,,,,,0.0000,,,,0.0,0.0,0.0,0.0,0.0,0.0,0.0,0.0,0.0,-12809489,-2880949,163688320,-19928,-2842,48271,-0.7667124957388307,-0.17243932196563724,9.797571187304689,-0.0046072249145507815,-0.0006570520477294922,0.011159943489074706,61,f932fe00,43.51553381327,-79.68418092437,168.9609,-37.1,SOL_COMPUTED,SINGLE,good,2.7552,1.9197,8.269,21,11,0.0,0.0,0,0,0,0,0,0,0,0,0,STATISTICANALYSIS,L2,1.198,0.0,1.224,0.382
2026-05-25 11:34:07.033403,1779723247.033403,2420,142465.0,,,,,,,,,,,,,,,,0.0000,,,,0.0,0.0,0.0,0.0,0.0,0.0,0.0,0.0,0.0,-12856792,-2803519,163890743,23349,3979,49096,-0.76954381876709,-0.16780474610198978,9.809687224371034,0.005398138023376465,0.0009199191055297852,0.011350678161621094,61,f92efe00,43.5155385018,-79.68418459074,165.4786,-37.1,SOL_COMPUTED,SINGLE,good,2.6462,1.8484,6.8958,21,12,0.0,0.0,0,0,0,0,0,0,0,0,0,STATISTICANALYSIS,L2,1.14,0.0,1.224,0.382
2026-05-25 11:34:08.024989,1779723248.024989,2420,142466.0,,,,,,,,,,,,,,,,0.0000,,,,0.0,0.0,0.0,0.0,0.0,0.0,0.0,0.0,0.0,-12708165,-2907575,163905582,-1451,28807,23329,-0.7606477435134888,-0.17403302230072024,9.810575413331911,-0.00033546183013916016,0.0066599923782348636,0.005393514152526855,61,f92afe00,43.5155386216,-79.68418435452,165.4008,-37.1,SOL_COMPUTED,SINGLE,good,2.6465,1.8489,6.8993,21,12,0.0,0.0,0,0,0,0,0,0,0,0,0,STATISTICANALYSIS,L2,1.855,0.0,1.224,0.382
2026-05-25 11:34:09.021115,1779723249.021115,2420,142467.0,,,,,,,,,,,,,,,,0.0000,,,,0.0,0.0,0.0,0.0,0.0,0.0,0.0,0.0,0.0,-12689060,-2936315,163806015,13478,-16338,11668,-0.7595042129455567,-0.1757532561935425,9.80461582641449,0.003116026565551758,-0.0037772400970458985,0.0026975662536621093,61,f927fe00,43.51553750338,-79.68418156758,165.64,-37.1,SOL_COMPUTED,SINGLE,good,2.6108,1.6659,6.7705,21,12,0.0,0.0,0,0,0,0,0,0,0,0,0,STATISTICANALYSIS,L2,1.029,0.0,1.045,0.429
2026-05-25 11:34:10.026370,1779723250.026370,2420,142468.0,,,,,,,,,,,,,,,,0.0000,,,,0.0,0.0,0.0,0.0,0.0,0.0,0.0,0.0,0.0,-12830152,-3013859,163928544,-9884,-39955,23805,-0.7679492804614259,-0.1803946555319214,9.811949804794923,-0.0022851169738769533,-0.009237337989807129,0.005503562278747559,61,f923fe00,43.51553303253,-79.68418011194,164.8914,-37.1,SOL_COMPUTED,SINGLE,good,2.5334,1.6607,6.7093,22,12,0.0,0.0,0,0,0,0,0,0,0,0,0,STATISTICANALYSIS,L2,1.245,0.0,1.045,0.429
2026-05-25 11:34:11.018719,1779723251.018719,2420,142469.0,,,,,,,,,,,,,,,,0.0000,,,,0.0,0.0,0.0,0.0,0.0,0.0,0.0,0.0,0.0,-12739217,-3024930,163706663,32847,5874,6746,-0.7625063622622682,-0.18105731069641115,9.798669108330994,0.0075940142898559574,0.0013580308685302734,0.0015596316375732422,61,f91ffe00,43.51553321049,-79.68418015607,164.8588,-37.1,SOL_COMPUTED,SINGLE,good,2.541,1.6657,6.7173,22,12,0.0,0.0,0,0,0,0,0,0,0,0,0,STATISTICANALYSIS,L5,4.957,0.0,0.533,0.528
2026-05-25 11:34:12.020869,1779723252.020869,2420,142470.0,,,,,,,,,,,,,,,,0.0000,,,,0.0,0.0,0.0,0.0,0.0,0.0,0.0,0.0,0.0,-12684683,-3122627,163989801,21140,3560,113253,-0.7592422274288941,-0.18690496868621828,9.815616345072328,0.004887431488037109,0.0008230490112304688,0.026183362266540527,61,f91bfe00,43.51553330791,-79.68418005051,164.8201,-37.1,SOL_COMPUTED,SINGLE,good,2.542,1.6654,6.7183,22,12,0.0,0.0,0,0,0,0,0,0,0,0,0,STATISTICANALYSIS,L5,1.692,0.0,0.533,0.528
2026-05-25 11:34:13.022923,1779723253.022923,2420,142471.0,,,,,,,,,,,,,,,,0.0000,,,,0.0,0.0,0.0,0.0,0.0,0.0,0.0,0.0,0.0,-12856674,-2787771,163922784,-25980,-9014,75215,-0.7695367558721925,-0.16686214890838624,9.811605039755861,-0.006006408233642578,-0.0020839785919189455,0.01738922229766846,61,f918fe00,43.51553334993,-79.68418023692,164.818,-37.1,SOL_COMPUTED,SINGLE,good,2.5429,1.667,6.722,21,12,0.0,0.0,0,0,0,0,0,0,0,0,0,STATISTICANALYSIS,L5,1.428,0.0,0.604,0.46
2026-05-25 11:34:14.022744,1779723254.022744,2420,142472.0,,,,,,,,,,,,,,,,0.0000,,,,0.0,0.0,0.0,0.0,0.0,0.0,0.0,0.0,0.0,-12888741,-2885201,163640622,-107936,-2514,14914,-0.7714561274880982,-0.17269382560211183,9.794716221535035,-0.024954106201171875,-0.0005812205657958984,0.003448020492553711,61,f914fe00,43.51553353142,-79.6841804244,164.7889,-37.1,SOL_COMPUTED,SINGLE,good,2.5469,1.6701,6.7242,21,12,0.0,0.0,0,0,0,0,0,0,0,0,0,STATISTICANALYSIS,L5,2.508,0.0,0.604,0.46
2026-05-25 11:34:15.023284,1779723255.023284,2420,142473.0,,,,,,,,,,,,,,,,0.0000,,,,0.0,0.0,0.0,0.0,0.0,0.0,0.0,0.0,0.0,-12520723,-3739789,163982445,-59568,115359,-52930,-0.7494283948239137,-0.2238452258108521,9.815176051387025,-0.013771736938476562,0.026670255867004396,-0.01223707420349121,61,f910fe00,43.51553041041,-79.68417825974,164.4238,-37.1,SOL_COMPUTED,SINGLE,good,2.5086,1.6441,6.6717,21,12,0.0,0.0,0,0,0,0,0,0,0,0,0,STATISTICANALYSIS,L5,2.462,0.0,0.604,0.46
2026-05-25 11:34:16.020405,1779723256.020405,2420,142474.0,,,,,,,,,,,,,,,,0.0000,,,,0.0,0.0,0.0,0.0,0.0,0.0,0.0,0.0,0.0,-12722632,-3108026,163870975,168804,-22461,87992,-0.7615136663989259,-0.18603102522521975,9.808504009910585,0.039026394744873044,-0.005192838157653808,0.020343182189941408,61,f90dfe00,43.51553039315,-79.68417829508,164.4208,-37.1,SOL_COMPUTED,SINGLE,good,2.5099,1.645,6.6732,21,12,0.0,0.0,0,0,0,0,0,0,0,0,0,STATISTICANALYSIS,L5,3.888,0.0,0.445,0.355
2026-05-25 11:34:17.022935,1779723257.022935,2420,142475.0,,,,,,,,,,,,,,,,0.0000,,,,0.0,0.0,0.0,0.0,0.0,0.0,0.0,0.0,0.0,-13002713,-2905386,163852690,105924,45637,2890,-0.7782779262783814,-0.17390199961486819,9.807409560476685,0.024488944793701173,0.010550979698181152,0.0006681493377685547,61,f909fe00,43.51553055164,-79.68417824317,164.348,-37.1,SOL_COMPUTED,SINGLE,good,2.5084,1.6446,6.6745,21,12,0.0,0.0,0,0,0,0,0,0,0,0,0,STATISTICANALYSIS,L5,3.13,0.0,0.445,0.355
2026-05-25 11:34:18.020766,1779723258.020766,2420,142476.0,,,,,,,,,,,,,,,,0.0000,,,,0.0,0.0,0.0,0.0,0.0,0.0,0.0,0.0,0.0,-12672714,-2870802,163769993,12513,17927,8079,-0.7585258224371338,-0.17183197285949708,9.802459728109437,0.0028929247970581056,0.0041446066360473635,0.001867812629699707,61,f905fe00,43.51553045038,-79.68417831786,164.373,-37.1,SOL_COMPUTED,SINGLE,good,2.503,1.6406,6.6713,22,12,0.0,0.0,0,0,0,0,0,0,0,0,0,STATISTICANALYSIS,L5,3.38,0.0,0.445,0.355
2026-05-25 11:34:19.019594,1779723259.019594,2420,142477.0,,,,,,,,,,,,,,,,0.0000,,,,0.0,0.0,0.0,0.0,0.0,0.0,0.0,0.0,0.0,-12607544,-3013400,163774889,-37605,10151,24242,-0.7546250693823243,-0.1803671820678711,9.802752778392641,-0.008694033164978028,0.0023468456497192382,0.005604593856811523,61,f901fe00,43.51553059178,-79.6841786085,164.3826,-37.1,SOL_COMPUTED,SINGLE,good,2.5062,1.6432,6.6735,22,12,0.0,0.0,0,0,0,0,0,0,0,0,0,STATISTICANALYSIS,L5,3.302,0.0,0.445,0.355
2026-05-25 11:34:20.026342,1779723260.026342,2420,142478.0,,,,,,,,,,,,,,,,0.0000,,,,0.0,0.0,0.0,0.0,0.0,0.0,0.0,0.0,0.0,-12701282,-2960311,163833929,29005,14720,43048,-0.7602357612628174,-0.17718953776947025,9.80628662004303,0.0067057686996459965,0.0034031689453125,0.009952419616699218,61,f8fefe00,43.5155306656,-79.68417850974,164.36,-37.1,SOL_COMPUTED,SINGLE,good,2.5013,1.6392,6.6712,22,12,0.0,0.0,0,0,0,0,0,0,0,0,0,STATISTICANALYSIS,L5,4.506,0.0,0.814,0.313
2026-05-25 11:34:21.040078,1779723261.040078,2420,142479.0,,,,,,,,,,,,,,,,0.0000,,,,0.0,0.0,0.0,0.0,0.0,0.0,0.0,0.0,0.0,-12698859,-3036595,163809904,-79619,-7400,50940,-0.7600907324972536,-0.18175551975555423,9.8048486026709,-0.01840739865875244,-0.0017108322143554687,0.011776999053955078,61,f8fafe00,43.51553063371,-79.68417869648,164.3593,-37.1,SOL_COMPUTED,SINGLE,good,2.5057,1.644,6.6723,23,12,0.0,0.0,0,0,0,0,0,0,0,0,0,STATISTICANALYSIS,L5,4.233,0.0,0.814,0.313
2026-05-25 11:34:22.023446,1779723262.023446,2420,142480.0,,,,,,,,,,,,,,,,0.0000,,,,0.0,0.0,0.0,0.0,0.0,0.0,0.0,0.0,0.0,-12692045,-3314022,163981490,-156133,-89623,88539,-0.7596828802444459,-0.19836092435485841,9.815118889822388,-0.03609694136810303,-0.02072025885772705,0.02046964505767822,61,f8f6fe00,43.51553055958,-79.68417867792,164.3432,-37.1,SOL_COMPUTED,SINGLE,good,2.5051,1.6424,6.6743,23,12,0.0,0.0,0,0,0,0,0,0,0,0,0,STATISTICANALYSIS,L2,1.57,0.0,1.138,0.39
2026-05-25 11:34:23.022023,1779723263.022023,2420,142481.0,,,,,,,,,,,,,,,,0.0000,,,,0.0,0.0,0.0,0.0,0.0,0.0,0.0,0.0,0.0,-12545591,-3143594,163885433,-10869,-35224,110827,-0.7509168699960328,-0.18815994934143068,9.80936939410065,-0.002512842613220215,-0.00814356134033203,0.02562248673248291,61,f8f3fe00,43.5155261951,-79.68418494553,169.0425,-37.1,SOL_COMPUTED,SINGLE,good,2.4649,1.5773,5.2048,22,13,0.0,0.0,0,0,0,0,0,0,0,0,0,STATISTICANALYSIS,L2,1.734,0.0,1.138,0.39
2026-05-25 11:34:24.022498,1779723264.022498,2420,142482.0,,,,,,,,,,,,,,,,0.0000,,,,0.0,0.0,0.0,0.0,0.0,0.0,0.0,0.0,0.0,-12769938,-2966722,163795032,16740,-11120,28478,-0.7643451689923096,-0.1775732684405518,9.803958438493654,0.003870179901123047,-0.0025708721923828125,0.006583929702758789,61,f8effe00,43.51552710681,-79.6841860397,168.9609,-37.1,SOL_COMPUTED,SINGLE,good,2.4026,1.5217,5.1926,22,13,0.0,0.0,0,0,0,0,0,0,0,0,0,STATISTICANALYSIS,L2,1.274,0.0,1.138,0.39
2026-05-25 11:34:25.035613,1779723265.035613,2420,142483.0,,,,,,,,,,,,,,,,0.0000,,,,0.0,0.0,0.0,0.0,0.0,0.0,0.0,0.0,0.0,-12648899,-2693757,163927697,-77907,31177,26863,-0.7571003746237184,-0.16123493703643801,9.811899107574769,-0.01801159531402588,0.007207921073913574,0.006210552131652832,61,f8ebfe00,43.51552836605,-79.6841870386,168.9267,-37.1,SOL_COMPUTED,SINGLE,good,2.3899,1.5262,5.1997,21,13,0.0,0.0,0,0,0,0,0,0,0,0,0,STATISTICANALYSIS,L2,1.429,0.0,1.107,0.327
2026-05-25 11:34:26.021260,1779723266.021260,2420,142484.0,,,,,,,,,,,,,,,,0.0000,,,,0.0,0.0,0.0,0.0,0.0,0.0,0.0,0.0,0.0,-12922837,-3454760,163587514,22830,17958,41791,-0.7734969449832154,-0.20678480318603518,9.791537439990845,0.005278148574829102,0.004151773635864258,0.00966180933380127,61,f8e7fe00,43.51552849974,-79.68418713557,168.8821,-37.1,SOL_COMPUTED,SINGLE,good,2.3921,1.5269,5.2021,21,13,0.0,0.0,0,0,0,0,0,0,0,0,0,STATISTICANALYSIS,L2,1.705,0.0,1.107,0.327
2026-05-25 11:34:27.021986,1779723267.021986,2420,142485.0,,,,,,,,,,,,,,,,0.0000,,,,0.0,0.0,0.0,0.0,0.0,0.0,0.0,0.0,0.0,-12687854,-3051405,163980873,65110,38087,25786,-0.759432027765503,-0.18264197292022707,9.81508195926178,0.015053011550903321,0.008805468452453613,0.005961556686401367,61,f8e3fe00,43.51552873255,-79.68418735072,168.8515,-37.1,SOL_COMPUTED,SINGLE,good,2.4018,1.5344,5.2127,21,13,0.0,0.0,0,0,0,0,0,0,0,0,0,STATISTICANALYSIS,L2,1.104,0.0,1.107,0.327
2026-05-25 11:34:28.021263,1779723268.021263,2420,142486.0,,,,,,,,,,,,,,,,0.0000,,,,0.0,0.0,0.0,0.0,0.0,0.0,0.0,0.0,0.0,-12814911,-2834226,163724663,115739,8773,109355,-0.7670370297738649,-0.16964271486145022,9.799746499078065,0.026758109413146974,0.0020282609481811526,0.02528216983795166,61,f8e0fe00,43.51552893408,-79.68418736591,168.8115,-37.1,SOL_COMPUTED,SINGLE,good,2.3988,1.5326,5.2063,21,13,0.0,0.0,0,0,0,0,0,0,0,0,0,STATISTICANALYSIS,L5,1.274,0.0,0.495,0.408
2026-05-25 11:34:29.018518,1779723269.018518,2420,142487.0,,,,,,,,,,,,,,,,0.0000,,,,0.0,0.0,0.0,0.0,0.0,0.0,0.0,0.0,0.0,-12864296,-2920413,163666249,28136,19268,57212,-0.7699929709985353,-0.17480144132354739,9.796250126683656,0.006504861511230468,0.004454637176513672,0.013227044952392578,61,f8dcfe00,43.51552885672,-79.68418724045,168.8182,-37.1,SOL_COMPUTED,SINGLE,good,2.3984,1.5317,5.2039,21,13,0.0,0.0,0,0,0,0,0,0,0,0,0,STATISTICANALYSIS,L5,4.388,0.0,0.518,0.333
2026-05-25 11:34:30.023857,1779723270.023857,2420,142488.0,,,,,,,,,,,,,,,,0.0000,,,,0.0,0.0,0.0,0.0,0.0,0.0,0.0,0.0,0.0,-12564880,-3158507,163748833,73156,16201,80623,-0.7520714138916017,-0.18905256757537844,9.801193195431214,0.01691319479370117,0.003745566581726074,0.018639516975402833,61,f8d9fe00,43.5155288197,-79.68418736149,168.8177,-37.1,SOL_COMPUTED,SINGLE,good,2.3977,1.5316,5.2035,21,13,0.0,0.0,0,0,0,0,0,0,0,0,0,STATISTICANALYSIS,L5,4.079,0.0,0.518,0.333
2026-05-25 11:34:31.021349,1779723271.021349,2420,142489.0,,,,,,,,,,,,,,,,0.0000,,,,0.0,0.0,0.0,0.0,0.0,0.0,0.0,0.0,0.0,-12594200,-2992354,163873765,43066,-62261,73486,-0.7538263637084962,-0.17910747286437992,9.80867100547638,0.009956581100463867,-0.014394341148376465,0.016989488662719727,61,f8d4fe00,43.51552882495,-79.68418736616,168.7575,-37.1,SOL_COMPUTED,SINGLE,good,2.3887,1.5264,5.1985,21,13,0.0,0.0,0,0,0,0,0,0,0,0,0,STATISTICANALYSIS,L5,3.307,0.0,0.518,0.333
2026-05-25 11:34:32.023322,1779723272.023322,2420,142490.0,,,,,,,,,,,,,,,,0.0000,,,,0.0,0.0,0.0,0.0,0.0,0.0,0.0,0.0,0.0,-12759787,-3141603,163720952,-44237,-35283,43700,-0.7637375804660035,-0.18804077795379642,9.799524377019045,-0.010227308738708496,-0.00815720175933838,0.010103157806396484,61,f8d1fe00,43.51552828772,-79.68418755826,168.6306,-37.1,SOL_COMPUTED,SINGLE,good,2.375,1.5202,5.1858,22,13,0.0,0.0,0,0,0,0,0,0,0,0,0,STATISTICANALYSIS,L5,2.817,0.0,1.392,0.248
2026-05-25 11:34:33.024403,1779723273.024403,2420,142491.0,,,,,,,,,,,,,,,,0.0000,,,,0.0,0.0,0.0,0.0,0.0,0.0,0.0,0.0,0.0,-12913525,-2906946,163763075,11454,-8141,47304,-0.772939574836731,-0.17399537347961427,9.802045650932314,0.002648090835571289,-0.001882146629333496,0.010936379333496093,61,f8cdfe00,43.51552826155,-79.68418768497,168.6771,-37.1,SOL_COMPUTED,SINGLE,good,2.372,1.5183,5.1786,22,13,0.0,0.0,0,0,0,0,0,0,0,0,0,STATISTICANALYSIS,L5,3.959,0.0,1.392,0.248
2026-05-25 11:34:34.024971,1779723274.024971,2420,142492.0,,,,,,,,,,,,,,,,0.0000,,,,0.0,0.0,0.0,0.0,0.0,0.0,0.0,0.0,0.0,-12730066,-3036348,163863771,-40159,57669,83596,-0.7619586287774659,-0.18174073556030276,9.808072814191592,-0.009284501472473145,0.013332700401306153,0.019326855377197267,61,f8c9fe00,43.515528393,-79.68418758272,168.6271,-37.1,SOL_COMPUTED,SINGLE,good,2.381,1.5262,5.1858,24,13,0.0,0.0,0,0,0,0,0,0,0,0,0,STATISTICANALYSIS,L5,1.916,0.0,1.392,0.248
2026-05-25 11:34:35.019018,1779723275.019018,2420,142493.0,,,,,,,,,,,,,,,,0.0000,,,,0.0,0.0,0.0,0.0,0.0,0.0,0.0,0.0,0.0,-12608945,-2634422,164060931,-137602,13562,42975,-0.7547089262954713,-0.15768343814880373,9.819873834174501,-0.03181269383239746,0.0031354468231201173,0.009935542488098144,61,f8c6fe00,43.51552827589,-79.6841874195,168.6264,-37.1,SOL_COMPUTED,SINGLE,good,2.3831,1.5277,5.1859,24,13,0.0,0.0,0,0,0,0,0,0,0,0,0,STATISTICANALYSIS,L5,2.172,0.0,0.544,0.396
2026-05-25 11:34:36.023412,1779723276.023412,2420,142494.0,,,,,,,,,,,,,,,,0.0000,,,,0.0,0.0,0.0,0.0,0.0,0.0,0.0,0.0,0.0,-12413694,-2822868,163918004,38481,-58059,15801,-0.7430221695867921,-0.16896288130004886,9.811318932657471,0.008896558708190918,-0.013422865882873536,0.0036530891647338867,61,f8c2fe00,43.51552810604,-79.68418728853,168.6227,-37.1,SOL_COMPUTED,SINGLE,good,2.3754,1.5216,5.1833,24,13,0.0,0.0,0,0,0,0,0,0,0,0,0,STATISTICANALYSIS,L5,2.259,0.0,0.544,0.396
2026-05-25 11:34:37.020280,1779723277.020280,2420,142495.0,,,,,,,,,,,,,,,,0.0000,,,,0.0,0.0,0.0,0.0,0.0,0.0,0.0,0.0,0.0,-12691448,-3178175,163834882,32639,-22815,-57824,-0.759647146784668,-0.19022979653167726,9.806343661897584,0.0075459260330200196,-0.005274680671691894,-0.013368535400390624,61,f8befe00,43.51552809053,-79.68418739005,168.6629,-37.1,SOL_COMPUTED,SINGLE,good,2.3743,1.5207,5.1828,23,13,0.0,0.0,0,0,0,0,0,0,0,0,0,STATISTICANALYSIS,L2,1.984,0.0,1.16,0.364
2026-05-25 11:34:38.024456,1779723278.024456,2420,142496.0,,,,,,,,,,,,,,,,0.0000,,,,0.0,0.0,0.0,0.0,0.0,0.0,0.0,0.0,0.0,-12705048,-3290011,163591521,21178,54494,40158,-0.7604611753491212,-0.19692374495330814,9.791777279142153,0.004896216842651367,0.012598660903930664,0.009284270278930664,61,f8bafe00,43.51552822447,-79.68418760187,168.6506,-37.1,SOL_COMPUTED,SINGLE,good,2.3774,1.5233,5.1866,24,13,0.0,0.0,0,0,0,0,0,0,0,0,0,STATISTICANALYSIS,L2,2.346,0.0,1.16,0.364
2026-05-25 11:34:39.023462,1779723279.023462,2420,142497.0,,,,,,,,,,,,,,,,0.0000,,,,0.0,0.0,0.0,0.0,0.0,0.0,0.0,0.0,0.0,-12571480,-2942141,163817121,-10737,3742,75996,-0.7524664571655274,-0.17610197166534428,9.805280576505433,-0.002482325065612793,0.0008651262359619141,0.0175697844543457,61,f8b6fe00,43.51552840968,-79.68418784797,168.6326,-37.1,SOL_COMPUTED,SINGLE,good,2.391,1.5347,5.1889,23,13,0.0,0.0,0,0,0,0,0,0,0,0,0,STATISTICANALYSIS,L2,1.884,0.0,1.16,0.364
2026-05-25 11:34:40.022737,1779723280.022737,2420,142498.0,,,,,,,,,,,,,,,,0.0000,,,,0.0,0.0,0.0,0.0,0.0,0.0,0.0,0.0,0.0,-12620582,-2896920,163724578,44534,-62193,74980,-0.7554054594134523,-0.17339526683349613,9.799741411399538,0.010295973220825195,-0.014378619987487793,0.017334891815185546,61,f8b2fe00,43.51552868759,-79.68420078226,172.5399,-37.1,SOL_COMPUTED,SINGLE,good,2.3896,1.4232,4.7147,23,14,0.0,0.0,0,0,0,0,0,0,0,0,0,STATISTICANALYSIS,L2,1.519,0.0,0.657,0.366
2026-05-25 11:34:41.035329,1779723281.035329,2420,142499.0,,,,,,,,,,,,,,,,0.0000,,,,0.0,0.0,0.0,0.0,0.0,0.0,0.0,0.0,0.0,-12662512,-3064332,163725449,-43462,-25655,23687,-0.757915181303711,-0.18341571904174808,9.799793545140687,-0.010048133743286133,-0.0059312703323364255,0.005476281440734863,61,f8aefe00,43.51552870379,-79.68420096676,172.5931,-37.1,SOL_COMPUTED,SINGLE,good,2.3831,1.4166,4.7085,23,14,0.0,0.0,0,0,0,0,0,0,0,0,0,STATISTICANALYSIS,L2,1.615,0.0,0.657,0.366
2026-05-25 11:34:42.024003,1779723282.024003,2420,142500.0,,,,,,,,,,,,,,,,0.0000,,,,0.0,0.0,0.0,0.0,0.0,0.0,0.0,0.0,0.0,-12767693,-2996405,163794863,-3819,-11360,41961,-0.7642107944241334,-0.17934994563751222,9.803948322991639,-0.0008829281387329102,-0.002626358642578125,0.009701112236022949,61,f8abfe00,43.51552878469,-79.68420079572,172.5759,-37.1,SOL_COMPUTED,SINGLE,good,2.3854,1.4192,4.7154,23,14,0.0,0.0,0,0,0,0,0,0,0,0,0,STATISTICANALYSIS,L2,1.332,0.0,0.657,0.366
2026-05-25 11:34:43.020173,1779723283.020173,2420,142501.0,,,,,,,,,,,,,,,,0.0000,,,,0.0,0.0,0.0,0.0,0.0,0.0,0.0,0.0,0.0,-12735243,-3159229,163769266,19269,39037,58540,-0.7622684983273317,-0.18909578291534426,9.802416213494265,0.004454868370056152,0.009025102317810058,0.01353406997680664,61,f8a7fe00,43.51552877877,-79.68420044009,172.5194,-37.1,SOL_COMPUTED,SINGLE,good,2.3829,1.4192,4.7221,23,14,0.0,0.0,0,0,0,0,0,0,0,0,0,STATISTICANALYSIS,L2,1.307,0.0,0.651,0.405
2026-05-25 11:34:44.025350,1779723284.025350,2420,142502.0,,,,,,,,,,,,,,,,0.0000,,,,0.0,0.0,0.0,0.0,0.0,0.0,0.0,0.0,0.0,-12720539,-2963064,163797661,-13180,-35690,12820,-0.7613883897970583,-0.1773543186987305,9.804115797397767,-0.003047130889892578,-0.00825129753112793,0.0029639012145996095,61,f8a3fe00,43.51552899846,-79.6842005123,172.4973,-37.1,SOL_COMPUTED,SINGLE,good,2.3846,1.422,4.72,23,14,0.0,0.0,0,0,0,0,0,0,0,0,0,STATISTICANALYSIS,L2,1.104,0.0,0.651,0.405
2026-05-25 11:34:45.034300,1779723285.034300,2420,142503.0,,,,,,,,,,,,,,,,0.0000,,,,0.0,0.0,0.0,0.0,0.0,0.0,0.0,0.0,0.0,-12699305,-2944611,163841488,-10563,32649,32060,-0.7601174278457643,-0.1762498136178589,9.806739064301759,-0.0024420973892211916,0.0075482379684448245,0.007412064971923828,61,f89ffe00,43.51552921195,-79.68420030728,172.3935,-37.1,SOL_COMPUTED,SINGLE,good,2.3914,1.4279,4.7314,23,14,0.0,0.0,0,0,0,0,0,0,0,0,0,STATISTICANALYSIS,L2,1.286,0.0,0.651,0.405
2026-05-25 11:34:46.022629,1779723286.022629,2420,142504.0,,,,,,,,,,,,,,,,0.0000,,,,0.0,0.0,0.0,0.0,0.0,0.0,0.0,0.0,0.0,-12695672,-3074913,163879094,-50821,33373,31029,-0.7598999744799806,-0.1840490452359009,9.808989972992554,-0.011749487022399903,0.007715622093200683,0.007173704429626465,61,f89bfe00,43.51552938125,-79.6842000245,172.2954,-37.1,SOL_COMPUTED,SINGLE,good,2.3902,1.4271,4.7385,24,14,0.0,0.0,0,0,0,0,0,0,0,0,0,STATISTICANALYSIS,L2,1.438,0.0,1.099,0.323
2026-05-25 11:34:47.027868,1779723287.027868,2420,142505.0,,,,,,,,,,,,,,,,0.0000,,,,0.0,0.0,0.0,0.0,0.0,0.0,0.0,0.0,0.0,-12904762,-3031445,163641801,25347,-13030,-6971,-0.7724150651080324,-0.1814472662918091,9.794786790628969,0.0058600627212524415,-0.003012451858520508,-0.0016116501846313476,61,f897fe00,43.51552951884,-79.68419968874,172.1851,-37.1,SOL_COMPUTED,SINGLE,good,2.396,1.433,4.7393,24,14,0.0,0.0,0,0,0,0,0,0,0,0,0,STATISTICANALYSIS,L5,1.828,0.0,0.487,0.511
2026-05-25 11:34:48.043187,1779723288.043187,2420,142506.0,,,,,,,,,,,,,,,,0.0000,,,,0.0,0.0,0.0,0.0,0.0,0.0,0.0,0.0,0.0,-12625614,-2930900,163849614,37140,-22419,65249,-0.7557066499822999,-0.17542914114379884,9.80722544636902,0.00858652816772461,-0.005183128028869629,0.015085147453308105,61,f894fe00,43.51553227146,-79.68420279608,170.8209,-37.1,SOL_COMPUTED,SINGLE,good,2.3976,1.4343,4.6852,24,14,0.0,0.0,0,0,0,0,0,0,0,0,0,STATISTICANALYSIS,L2,1.471,0.0,1.099,0.323
2026-05-25 11:34:49.028002,1779723289.028002,2420,142507.0,,,,,,,,,,,,,,,,0.0000,,,,0.0,0.0,0.0,0.0,0.0,0.0,0.0,0.0,0.0,-12689530,-2812004,163739975,-54501,44124,16155,-0.7595323448150636,-0.1683126161291504,9.800662999473573,-0.012600279258728028,0.010201183868408204,0.0037349316787719726,61,f890fe00,43.5155343607,-79.68421212082,172.8882,-37.1,SOL_COMPUTED,SINGLE,good,2.3912,1.3826,4.5742,24,15,0.0,0.0,0,0,0,0,0,0,0,0,0,STATISTICANALYSIS,L2,1.373,0.0,0.963,0.465
2026-05-25 11:34:50.023787,1779723290.023787,2420,142508.0,,,,,,,,,,,,,,,,0.0000,,,,0.0,0.0,0.0,0.0,0.0,0.0,0.0,0.0,0.0,-12620147,-3023994,163926410,-7340,-43343,32321,-0.755379422470398,-0.1810012863775635,9.811822074136353,-0.0016969606018066407,-0.010020621711730958,0.007472406486511231,61,f88cfe00,43.51553424909,-79.68421202499,172.907,-37.1,SOL_COMPUTED,SINGLE,good,2.3872,1.3813,4.5795,24,15,0.0,0.0,0,0,0,0,0,0,0,0,0,STATISTICANALYSIS,L2,1.966,0.0,0.963,0.465
2026-05-25 11:34:51.022625,1779723291.022625,2420,142509.0,,,,,,,,,,,,,,,,0.0000,,,,0.0,0.0,0.0,0.0,0.0,0.0,0.0,0.0,0.0,-13002095,-3080260,163842895,100784,162501,95846,-0.778240935862732,-0.1843690901428223,9.806823280345155,0.023300609985351564,0.03756918184661865,0.02215897627258301,61,f888fe00,43.51553450553,-79.68421262267,173.0134,-37.1,SOL_COMPUTED,SINGLE,good,2.3863,1.3781,4.5651,24,15,0.0,0.0,0,0,0,0,0,0,0,0,0,STATISTICANALYSIS,L2,1.246,0.0,0.963,0.465
2026-05-25 11:34:52.024923,1779723292.024923,2420,142510.0,,,,,,,,,,,,,,,,0.0000,,,,0.0,0.0,0.0,0.0,0.0,0.0,0.0,0.0,0.0,-12544645,-2927960,164071985,37405,-69628,-19396,-0.7508602471267701,-0.17525316732177737,9.820535471803286,0.008647794456481934,-0.01609754397583008,-0.004484229949951172,61,f885fe00,43.51553420461,-79.68421165408,172.8656,-37.1,SOL_COMPUTED,SINGLE,good,2.3805,1.3777,4.5862,23,15,0.0,0.0,0,0,0,0,0,0,0,0,0,STATISTICANALYSIS,L2,1.102,0.0,0.992,0.477
2026-05-25 11:34:53.025717,1779723293.025717,2420,142511.0,,,,,,,,,,,,,,,,0.0000,,,,0.0,0.0,0.0,0.0,0.0,0.0,0.0,0.0,0.0,-12776221,-3309426,163692695,-18767,34341,-12688,-0.7647212382180787,-0.19808583058410648,9.797833053111269,-0.004338809211730957,0.007939417442321777,-0.0029333836669921875,61,f880fe00,43.51553401082,-79.68421212561,173.0843,-37.1,SOL_COMPUTED,SINGLE,good,2.3683,1.3618,4.5468,24,15,0.0,0.0,0,0,0,0,0,0,0,0,0,STATISTICANALYSIS,L2,1.804,0.0,0.992,0.477
2026-05-25 11:34:54.024660,1779723294.024660,2420,142512.0,,,,,,,,,,,,,,,,0.0000,,,,0.0,0.0,0.0,0.0,0.0,0.0,0.0,0.0,0.0,-12721559,-3264362,163842061,86468,-23405,75742,-0.7614494419393922,-0.19538852299377443,9.806773361240541,0.01999084323120117,-0.005411084861755371,0.017511061294555662,61,f87dfe00,43.51553427412,-79.6842120293,172.9742,-37.1,SOL_COMPUTED,SINGLE,good,2.373,1.3673,4.558,24,15,0.0,0.0,0,0,0,0,0,0,0,0,0,STATISTICANALYSIS,L2,1.733,0.0,0.992,0.477
2026-05-25 11:34:55.024185,1779723295.024185,2420,142513.0,,,,,,,,,,,,,,,,0.0000,,,,0.0,0.0,0.0,0.0,0.0,0.0,0.0,0.0,0.0,-12878965,-3056401,163622147,-2912,-3859,12431,-0.770870984602356,-0.1829410087075806,9.793610399643251,-0.000673235595703125,-0.0008921758804321289,0.002873966926574707,61,f879fe00,43.51553515476,-79.68421176049,172.6318,-37.1,SOL_COMPUTED,SINGLE,good,2.3872,1.3858,4.5986,24,15,0.0,0.0,0,0,0,0,0,0,0,0,0,STATISTICANALYSIS,L5,3.558,0.0,0.539,0.581
2026-05-25 11:34:56.038910,1779723296.038910,2420,142514.0,,,,,,,,,,,,,,,,0.0000,,,,0.0,0.0,0.0,0.0,0.0,0.0,0.0,0.0,0.0,-12787597,-3029285,163712061,-43832,29006,81139,-0.7654021491702272,-0.18131797940216068,9.798992205845034,-0.010133675354003906,0.006705999893188477,0.018758812843322755,61,f875fe00,43.51553518942,-79.68421124412,172.5013,-37.1,SOL_COMPUTED,SINGLE,good,2.3852,1.3868,4.6096,22,15,0.0,0.0,0,0,0,0,0,0,0,0,0,STATISTICANALYSIS,L5,1.722,0.0,0.472,0.631
2026-05-25 11:34:57.023687,1779723297.023687,2420,142515.0,,,,,,,,,,,,,,,,0.0000,,,,0.0,0.0,0.0,0.0,0.0,0.0,0.0,0.0,0.0,-12699425,-3030781,163738694,59503,-39246,46091,-0.7601246104507448,-0.18140752254425052,9.800586325165407,0.013756709358215331,-0.009073421768188476,0.010655941566467285,61,f872fe00,43.51553533914,-79.68421115221,172.4812,-37.1,SOL_COMPUTED,SINGLE,good,2.386,1.387,4.6085,22,15,0.0,0.0,0,0,0,0,0,0,0,0,0,STATISTICANALYSIS,L5,2.688,0.0,0.472,0.631
2026-05-25 11:34:58.026076,1779723298.026076,2420,142516.0,,,,,,,,,,,,,,,,0.0000,,,,0.0,0.0,0.0,0.0,0.0,0.0,0.0,0.0,0.0,-12796360,-2888622,163722125,-36646,8730,17477,-0.7659266588989259,-0.17289858969909672,9.799594586982728,-0.008472318557739257,0.002018319625854492,0.004040569541931153,61,f86dfe00,43.51553585815,-79.68421200459,172.6261,-37.1,SOL_COMPUTED,SINGLE,good,2.3925,1.3852,4.587,22,15,0.0,0.0,0,0,0,0,0,0,0,0,0,STATISTICANALYSIS,L5,1.416,0.0,0.472,0.631
2026-05-25 11:34:59.025336,1779723299.025336,2420,142517.0,,,,,,,,,,,,,,,,0.0000,,,,0.0,0.0,0.0,0.0,0.0,0.0,0.0,0.0,0.0,-12683789,-2633681,163852776,-92059,20432,19,-0.7591887170217897,-0.15763908556304934,9.807414708010255,-0.021283446327209472,0.004723746459960937,4.392677307128906e-06,61,f86afe00,43.51553594007,-79.68421069798,172.2625,-37.1,SOL_COMPUTED,SINGLE,good,2.3912,1.3934,4.6238,22,15,0.0,0.0,0,0,0,0,0,0,0,0,0,STATISTICANALYSIS,L5,1.758,0.0,0.502,0.52
2026-05-25 11:35:00.042095,1779723300.042095,2420,142518.0,,,,,,,,,,,,,,,,0.0000,,,,0.0,0.0,0.0,0.0,0.0,0.0,0.0,0.0,0.0,-12711635,-3108946,163873313,7441,71356,79154,-0.7608554405075074,-0.18608609186340336,9.80864395099762,0.001720311149597168,0.016497046417236327,0.018299893661499023,61,f866fe00,43.51553542743,-79.68421091104,172.5156,-37.1,SOL_COMPUTED,SINGLE,good,2.3732,1.3768,4.5899,22,15,0.0,0.0,0,0,0,0,0,0,0,0,0,STATISTICANALYSIS,L5,1.583,0.0,0.502,0.52
2026-05-25 11:35:01.032393,1779723301.032393,2420,142519.0,,,,,,,,,,,,,,,,0.0000,,,,0.0,0.0,0.0,0.0,0.0,0.0,0.0,0.0,0.0,-12753646,-2440509,163716192,-3368,-43766,73235,-0.7633700106561281,-0.14607676748565676,9.799239467021486,-0.0007786598510742187,-0.010118416580200195,0.01693145908355713,61,f862fe00,43.51553523995,-79.68420981227,172.2953,-37.1,SOL_COMPUTED,SINGLE,good,2.367,1.3784,4.6102,24,15,0.0,0.0,0,0,0,0,0,0,0,0,0,STATISTICANALYSIS,L5,1.694,0.0,0.502,0.52
2026-05-25 11:35:02.022970,1779723302.022970,2420,142520.0,,,,,,,,,,,,,,,,0.0000,,,,0.0,0.0,0.0,0.0,0.0,0.0,0.0,0.0,0.0,-12741131,-2855559,163687202,-71486,9529,61882,-0.7626209248117066,-0.17091960246185306,9.797504269368288,-0.016527101577758788,0.002203043266296387,0.014306718795776368,61,f85ffe00,43.51553516926,-79.68420997551,172.4246,-37.1,SOL_COMPUTED,SINGLE,good,2.3658,1.3743,4.5967,24,15,0.0,0.0,0,0,0,0,0,0,0,0,0,STATISTICANALYSIS,L5,3.231,0.0,0.681,0.363
2026-05-25 11:35:03.022116,1779723303.022116,2420,142521.0,,,,,,,,,,,,,,,,0.0000,,,,0.0,0.0,0.0,0.0,0.0,0.0,0.0,0.0,0.0,-12904501,-2588172,163437072,17015,101596,4478,-0.7723994429421999,-0.15491514247924806,9.782532727836916,0.003933758125305176,0.023488339141845702,0.001035284683227539,61,f85bfe00,43.51553560483,-79.68421021005,172.3855,-37.1,SOL_COMPUTED,SINGLE,good,2.3754,1.3809,4.5991,25,15,0.0,0.0,0,0,0,0,0,0,0,0,0,STATISTICANALYSIS,L5,2.595,0.0,0.681,0.363
2026-05-25 11:35:04.023030,1779723304.023030,2420,142522.0,,,,,,,,,,,,,,,,0.0000,,,,0.0,0.0,0.0,0.0,0.0,0.0,0.0,0.0,0.0,-12577910,-3115407,163844184,-37875,-56319,-37187,-0.7528513250823976,-0.1864728152865601,9.806900433493654,-0.008756455421447753,-0.01302058911895752,-0.008597394264221191,61,f857fe00,43.51553594452,-79.68421062167,172.5237,-37.1,SOL_COMPUTED,SINGLE,good,2.3744,1.384,4.4357,24,15,0.0,0.0,0,0,0,0,0,0,0,0,0,STATISTICANALYSIS,L5,2.551,0.0,0.681,0.363
2026-05-25 11:35:05.031330,1779723305.031330,2420,142523.0,,,,,,,,,,,,,,,,0.0000,,,,0.0,0.0,0.0,0.0,0.0,0.0,0.0,0.0,0.0,-12669829,-3009661,163816979,-41421,12779,39866,-0.7583531406423951,-0.180143384067688,9.80527207708954,-0.009576267723083495,0.00295442227935791,0.009216761764526368,61,f853fe00,43.51553606021,-79.68421076468,172.5909,-37.1,SOL_COMPUTED,SINGLE,good,2.377,1.3836,4.4276,24,15,0.0,0.0,0,0,0,0,0,0,0,0,0,STATISTICANALYSIS,L5,1.937,0.0,2.061,0.263
2026-05-25 11:35:06.026087,1779723306.026087,2420,142524.0,,,,,,,,,,,,,,,,0.0000,,,,0.0,0.0,0.0,0.0,0.0,0.0,0.0,0.0,0.0,-12720747,-2940701,163768665,-60532,17683,21554,-0.761400839645691,-0.17601578040557864,9.80238024061432,-0.013994607513427735,0.004088195411682129,0.004983145614624023,61,f84ffe00,43.51553572174,-79.68421051608,172.7083,-37.1,SOL_COMPUTED,SINGLE,good,2.3662,1.3735,4.409,24,15,0.0,0.0,0,0,0,0,0,0,0,0,0,—,—,0.0,0.0,0.0,0.0
2026-05-25 11:35:07.025190,1779723307.025190,2420,142525.0,,,,,,,,,,,,,,,,0.0000,,,,0.0,0.0,0.0,0.0,0.0,0.0,0.0,0.0,0.0,-12585610,-3451825,163678636,103283,48222,136,-0.7533122089019777,-0.20660912863922123,9.796991551082765,0.023878362648010253,0.011148615005493164,3.144232177734375e-05,61,f84bfe00,43.51554020862,-79.68421354867,171.2072,-37.1,SOL_COMPUTED,SINGLE,good,2.1926,1.3541,4.2018,24,16,0.0,0.0,0,0,0,0,0,0,0,0,0,STATISTICANALYSIS,L5,2.986,0.0,2.061,0.263
2026-05-25 11:35:08.023484,1779723308.023484,2420,142526.0,,,,,,,,,,,,,,,,0.0000,,,,0.0,0.0,0.0,0.0,0.0,0.0,0.0,0.0,0.0,-12417307,-1854645,163871822,249307,-96810,-49081,-0.7432384258517457,-0.11100985345001223,9.808554707130739,0.05763816849517822,-0.02238184684753418,-0.011347210258483887,61,f847fe00,43.51555274297,-79.6842138024,168.2229,-37.1,SOL_COMPUTED,SINGLE,good,1.9028,1.3478,3.5234,25,16,0.0,0.0,0,0,0,0,0,0,0,0,0,STATISTICANALYSIS,L5,1.462,0.0,0.358,0.611
2026-05-25 11:35:09.025762,1779723309.025762,2420,142527.0,,,,,,,,,,,,,,,,0.0000,,,,0.0,0.0,0.0,0.0,0.0,0.0,0.0,0.0,0.0,-12872256,-3018987,163500458,-51023,1211,96316,-0.7704694171289064,-0.18070159218475346,9.786326699497682,-0.011796188117980957,0.00027997537994384767,0.022267637237548828,61,f844fe00,43.51555267567,-79.68421352992,168.188,-37.1,SOL_COMPUTED,SINGLE,good,1.9048,1.3495,3.5265,25,16,0.0,0.0,0,0,0,0,0,0,0,0,0,STATISTICANALYSIS,L5,4.132,0.0,0.358,0.611
2026-05-25 11:35:10.022087,1779723310.022087,2420,142528.0,,,,,,,,,,,,,,,,0.0000,,,,0.0,0.0,0.0,0.0,0.0,0.0,0.0,0.0,0.0,-12738442,-3024886,163805658,-30724,-36080,58577,-0.7624599746051026,-0.18105467707458497,9.804594458164674,-0.007103190399169922,-0.008341463012695312,0.013542624137878418,61,f840fe00,43.51555317453,-79.68421226292,168.2359,-37.1,SOL_COMPUTED,SINGLE,good,1.9164,1.3447,3.5271,25,16,0.0,0.0,0,0,0,0,0,0,0,0,0,STATISTICANALYSIS,L5,2.537,0.0,0.358,0.611
2026-05-25 11:35:11.025775,1779723311.025775,2420,142529.0,,,,,,,,,,,,,,,,0.0000,,,,0.0,0.0,0.0,0.0,0.0,0.0,0.0,0.0,0.0,-12839907,-3185625,163702201,-132579,48601,4551,-0.7685331663912965,-0.19067571659088137,9.798402035135805,-0.030651408668518065,0.011236237358093261,0.0010521618118286133,61,f83cfe00,43.51555240355,-79.68421197099,168.12,-37.1,SOL_COMPUTED,SINGLE,good,1.9026,1.3487,3.5281,25,16,0.0,0.0,0,0,0,0,0,0,0,0,0,STATISTICANALYSIS,L5,1.847,0.0,0.703,0.377
2026-05-25 11:35:12.021972,1779723312.021972,2420,142530.0,,,,,,,,,,,,,,,,0.0000,,,,0.0,0.0,0.0,0.0,0.0,0.0,0.0,0.0,0.0,-12864212,-3094919,163732847,17873,140086,11690,-0.7699879431750489,-0.18524650519622807,9.800236352737734,0.004132122184753418,0.03238697859191895,0.0027026525115966798,61,f839fe00,43.5155524204,-79.68421143789,167.9616,-37.1,SOL_COMPUTED,SINGLE,good,1.9131,1.3613,3.5378,25,16,0.0,0.0,0,0,0,0,0,0,0,0,0,STATISTICANALYSIS,L5,2.52,0.0,0.703,0.377
2026-05-25 11:35:13.021559,1779723313.021559,2420,142531.0,,,,,,,,,,,,,,,,0.0000,,,,0.0,0.0,0.0,0.0,0.0,0.0,0.0,0.0,0.0,-12279451,-2992417,163957661,-5449,82706,20327,-0.7349870492501832,-0.17911124373199466,9.813692604038392,-0.0012597736129760743,0.01912109312438965,0.004699471138000488,61,f835fe00,43.51555344494,-79.68421282544,167.9845,-37.1,SOL_COMPUTED,SINGLE,good,1.9239,1.3704,3.5318,25,16,0.0,0.0,0,0,0,0,0,0,0,0,0,STATISTICANALYSIS,L5,2.452,0.0,0.703,0.377
2026-05-25 11:35:14.024923,1779723314.024923,2420,142532.0,,,,,,,,,,,,,,,,0.0000,,,,0.0,0.0,0.0,0.0,0.0,0.0,0.0,0.0,0.0,-12848344,-3149336,163847806,33353,37568,-36001,-0.7690381633764649,-0.18850363698974612,9.807117228453981,0.007710998222351074,0.00868547900390625,-0.008323198722839355,61,f831fe00,43.51555244865,-79.68421160921,168.1617,-37.1,SOL_COMPUTED,SINGLE,good,1.9032,1.3481,3.5219,25,16,0.0,0.0,0,0,0,0,0,0,0,0,0,—,—,0.0,0.0,0.0,0.0
2026-05-25 11:35:15.020411,1779723315.020411,2420,142533.0,,,,,,,,,,,,,,,,0.0000,,,,0.0,0.0,0.0,0.0,0.0,0.0,0.0,0.0,0.0,-12582318,-2746111,163887615,157986,76298,-20088,-0.7531151661053468,-0.16436858787933353,9.80949999780121,0.036525343002319334,0.017639604904174804,-0.0046442158813476565,61,f82dfe00,43.5155522883,-79.68421195315,168.2698,-37.1,SOL_COMPUTED,SINGLE,good,1.8973,1.3426,3.5121,25,16,0.0,0.0,0,0,0,0,0,0,0,0,0,—,—,0.0,0.0,0.0,0.0
2026-05-25 11:35:16.025647,1779723316.025647,2420,142534.0,,,,,,,,,,,,,,,,0.0000,,,,0.0,0.0,0.0,0.0,0.0,0.0,0.0,0.0,0.0,-12954135,-2231194,163746438,356641,96439,-105586,-0.7753702880722046,-0.13354820947326662,9.801049842606814,0.08245309618377686,0.022296074043273925,-0.024410801376342772,61,f829fe00,43.51555198864,-79.68421261978,168.2821,-37.1,SOL_COMPUTED,SINGLE,good,1.8972,1.3439,3.4936,25,16,0.0,0.0,0,0,0,0,0,0,0,0,0,—,—,0.0,0.0,0.0,0.0
2026-05-25 11:35:17.024853,1779723317.024853,2420,142535.0,,,,,,,,,,,,,,,,0.0000,,,,0.0,0.0,0.0,0.0,0.0,0.0,0.0,0.0,0.0,-12410674,-2619870,163693467,-31747,-8889,-2675,-0.7428414073614503,-0.15681242758483888,9.79787926120331,-0.007339701393127442,-0.0020550793991088866,-0.0006184427261352539,61,f825fe00,43.51555095899,-79.68421117975,168.2916,-37.1,SOL_COMPUTED,SINGLE,good,1.8883,1.3354,3.4967,25,16,0.0,0.0,0,0,0,0,0,0,0,0,0,—,—,0.0,0.0,0.0,0.0
2026-05-25 11:35:18.022099,1779723318.022099,2420,142536.0,,,,,,,,,,,,,,,,0.0000,,,,0.0,0.0,0.0,0.0,0.0,0.0,0.0,0.0,0.0,-12662699,-3038965,163847248,-159345,-90771,1621,-0.7579263741964722,-0.1818973762039185,9.807083829340822,-0.036839535026550296,-0.02098566904449463,0.00037476473236083987,61,f822fe00,43.51555120774,-79.68421181324,168.3308,-37.1,SOL_COMPUTED,SINGLE,good,1.8865,1.3347,3.4902,25,16,0.0,0.0,0,0,0,0,0,0,0,0,0,—,—,0.0,0.0,0.0,0.0
2026-05-25 11:35:19.023003,1779723319.023003,2420,142537.0,,,,,,,,,,,,,,,,0.0000,,,,0.0,0.0,0.0,0.0,0.0,0.0,0.0,0.0,0.0,-12761375,-3340645,163624310,-18074,52756,9450,-0.7638326302719117,-0.19995444512481692,9.793739866098024,-0.004178592086791992,0.01219684652709961,0.00218477897644043,61,f81efe00,43.51555121843,-79.68421194832,168.4243,-37.1,SOL_COMPUTED,SINGLE,good,1.8819,1.329,3.4837,25,16,0.0,0.0,0,0,0,0,0,0,0,0,0,—,—,0.0,0.0,0.0,0.0
2026-05-25 11:35:20.031851,1779723320.031851,2420,142538.0,,,,,,,,,,,,,,,,0.0000,,,,0.0,0.0,0.0,0.0,0.0,0.0,0.0,0.0,0.0,-12522612,-3076059,163685068,-24803,6447,4026,-0.7495414609973146,-0.18411763911346438,9.797376538709718,-0.005734293434143067,0.001490504768371582,0.0009307852020263672,61,f81afe00,43.51555089299,-79.68421156867,168.4833,-37.1,SOL_COMPUTED,SINGLE,good,1.8767,1.3234,3.4815,25,16,0.0,0.0,0,0,0,0,0,0,0,0,0,—,—,0.0,0.0,0.0,0.0
2026-05-25 11:35:21.026045,1779723321.026045,2420,142539.0,,,,,,,,,,,,,,,,0.0000,,,,0.0,0.0,0.0,0.0,0.0,0.0,0.0,0.0,0.0,-11826702,-3541909,165117005,102443,-117044,-116675,-0.7078877390643311,-0.21200111019805912,9.883085187275697,0.02368416007232666,-0.027059816986083986,-0.02697450656890869,61,f816fe00,43.51555136379,-79.68421190453,168.3443,-37.1,SOL_COMPUTED,SINGLE,good,1.8924,1.3405,3.4955,25,16,0.0,0.0,0,0,0,0,0,0,0,0,0,—,—,0.0,0.0,0.0,0.0
2026-05-25 11:35:22.037801,1779723322.037801,2420,142540.0,,,,,,,,,,,,,,,,0.0000,,,,0.0,0.0,0.0,0.0,0.0,0.0,0.0,0.0,0.0,-12796984,-4220568,163188606,-106244,127226,181706,-0.7659640084448244,-0.2526222728100586,9.767660785094606,-0.02456292672729492,0.029413829635620118,0.04200925382995605,61,f812fe00,43.51555000718,-79.68421001468,168.3298,-37.1,SOL_COMPUTED,SINGLE,good,1.873,1.3229,3.4948,25,16,0.0,0.0,0,0,0,0,0,0,0,0,0,—,—,0.0,0.0,0.0,0.0
2026-05-25 11:35:23.028748,1779723323.028748,2420,142541.0,,,,,,,,,,,,,,,,0.0000,,,,0.0,0.0,0.0,0.0,0.0,0.0,0.0,0.0,0.0,-13052608,-2256390,163463944,-287341,622108,-336050,-0.7812643935742188,-0.13505631709899904,9.784141152512209,-0.06643138368988037,0.14382735232543944,-0.07769258995056152,61,f80efe00,43.51554776225,-79.68420631474,167.8241,-37.1,SOL_COMPUTED,SINGLE,good,1.8733,1.334,3.5359,25,16,0.0,0.0,0,0,0,0,0,0,0,0,0,—,—,0.0,0.0,0.0,0.0
2026-05-25 11:35:24.032743,1779723324.032743,2420,142542.0,,,,,,,,,,,,,,,,0.0000,,,,0.0,0.0,0.0,0.0,0.0,0.0,0.0,0.0,0.0,-13211484,-2828123,163348197,-441626,-14319,-78951,-0.7907739231481935,-0.16927741954315187,9.777213111023256,-0.1021010793914795,-0.003310460334777832,-0.01825296137237549,61,f80bfe00,43.51554961544,-79.68420944679,168.4144,-37.1,SOL_COMPUTED,SINGLE,good,1.8683,1.3163,3.4908,25,16,0.0,0.0,0,0,0,0,0,0,0,0,0,—,—,0.0,0.0,0.0,0.0
2026-05-25 11:35:25.026314,1779723325.026314,2420,142543.0,,,,,,,,,,,,,,,,0.0000,,,,0.0,0.0,0.0,0.0,0.0,0.0,0.0,0.0,0.0,-12658291,-3734726,163229939,196583,77501,-119970,-0.7576625331735231,-0.2235421797357178,9.770134773525086,0.045448720161437986,0.01791773073577881,-0.027736289291381836,61,f807fe00,43.51554632795,-79.6842028926,167.0135,-37.1,SOL_COMPUTED,SINGLE,good,1.8629,1.3291,3.5524,25,16,0.0,0.0,0,0,0,0,0,0,0,0,0,STATISTICANALYSIS,L2,1.136,0.0,1.328,0.343
2026-05-25 11:35:26.024111,1779723326.024111,2420,142544.0,,,,,,,,,,,,,,,,0.0000,,,,0.0,0.0,0.0,0.0,0.0,0.0,0.0,0.0,0.0,-11964759,-3755892,162571653,-173139,35359,274485,-0.716151146529236,-0.2248090715441895,9.730733037673646,-0.04002861875152588,0.008174772468566894,0.06345915950775147,61,f803fe00,43.51554494636,-79.68419858908,165.779,-37.1,SOL_COMPUTED,SINGLE,good,1.8797,1.3409,3.5505,24,16,0.0,0.0,0,0,0,0,0,0,0,0,0,—,—,0.0,0.0,0.0,0.0
2026-05-25 11:35:27.025474,1779723327.025474,2420,142545.0,,,,,,,,,,,,,,,,0.0000,,,,0.0,0.0,0.0,0.0,0.0,0.0,0.0,0.0,0.0,-13195441,-3039555,163592066,-97758,169236,255619,-0.7898136687173463,-0.18193269067840578,9.791809900139771,-0.022601018325805664,0.03912627035522461,0.05909746213531494,61,f7fffe00,43.51554561239,-79.68419956431,166.1209,-37.1,SOL_COMPUTED,SINGLE,good,1.9069,1.3757,3.5737,24,16,0.0,0.0,0,0,0,0,0,0,0,0,0,STATISTICANALYSIS,L2,1.335,0.0,1.328,0.343
2026-05-25 11:35:28.021052,1779723328.021052,2420,142546.0,,,,,,,,,,,,,,,,0.0000,,,,0.0,0.0,0.0,0.0,0.0,0.0,0.0,0.0,0.0,-12838635,-1036573,165912261,909984,-56561,-19262,-0.7684570307785036,-0.06204411993682862,9.930685268161927,0.21038242456054687,-0.013076537956237793,-0.004453250015258789,61,f7fcfe00,43.51554785991,-79.68420427938,167.3271,-37.1,SOL_COMPUTED,SINGLE,good,1.8583,1.3241,3.5225,25,16,0.0,0.0,0,0,0,0,0,0,0,0,0,—,—,0.0,0.0,0.0,0.0
2026-05-25 11:35:29.022931,1779723329.022931,2420,142547.0,,,,,,,,,,,,,,,,0.0000,,,,0.0,0.0,0.0,0.0,0.0,0.0,0.0,0.0,0.0,-11795394,-4765547,164006916,14639,10879,-86597,-0.7060137974249269,-0.28524201347381595,9.816640764107667,0.003384442268371582,0.0025151545486450195,-0.02002066719818115,61,f7f8fe00,43.51554968729,-79.68420723374,167.7648,-37.1,SOL_COMPUTED,SINGLE,good,1.8564,1.3195,3.5127,25,16,0.0,0.0,0,0,0,0,0,0,0,0,0,—,—,0.0,0.0,0.0,0.0
2026-05-25 11:35:30.019746,1779723330.019746,2420,142548.0,,,,,,,,,,,,,,,,0.0000,,,,0.0,0.0,0.0,0.0,0.0,0.0,0.0,0.0,0.0,-12262638,-3541242,164161443,449223,144540,80957,-0.733980706437378,-0.21196118688537602,9.82588998410614,0.10385745673370361,0.03341671463012695,0.01871673561859131,61,f7f4fe00,43.51555014182,-79.6842083737,167.9986,-37.1,SOL_COMPUTED,SINGLE,good,1.8489,1.3083,3.4958,25,16,0.0,0.0,0,0,0,0,0,0,0,0,0,—,—,0.0,0.0,0.0,0.0
2026-05-25 11:35:31.023523,1779723331.023523,2420,142549.0,,,,,,,,,,,,,,,,0.0000,,,,0.0,0.0,0.0,0.0,0.0,0.0,0.0,0.0,0.0,-13245817,-3516834,163574766,353278,17284,-40991,-0.792828926288147,-0.21050024503234865,9.790774407921754,0.08167559230041505,0.003995949188232422,-0.009476854499816894,61,f7f0fe00,43.5155521458,-79.68421159614,168.5222,-37.1,SOL_COMPUTED,SINGLE,good,1.8547,1.3139,3.49,25,16,0.0,0.0,0,0,0,0,0,0,0,0,0,—,—,0.0,0.0,0.0,0.0
2026-05-25 11:35:32.024125,1779723332.024125,2420,142550.0,,,,,,,,,,,,,,,,0.0000,,,,0.0,0.0,0.0,0.0,0.0,0.0,0.0,0.0,0.0,-12601747,-4110223,164102056,340438,271029,-68054,-0.7542780897067262,-0.2460175682553101,9.82233537275635,0.07870706721496581,0.06266015462493897,-0.01573364533996582,61,f7ecfe00,43.5155517499,-79.68421181853,168.7787,-37.1,SOL_COMPUTED,SINGLE,good,1.8292,1.2855,3.4683,26,16,0.0,0.0,0,0,0,0,0,0,0,0,0,—,—,0.0,0.0,0.0,0.0
2026-05-25 11:35:33.027892,1779723333.027892,2420,142551.0,,,,,,,,,,,,,,,,0.0000,,,,0.0,0.0,0.0,0.0,0.0,0.0,0.0,0.0,0.0,-12503535,-3108391,164009872,581052,199751,78106,-0.7483996063705446,-0.18605287231536868,9.816817695610354,0.13433547024536133,0.04618114130401611,0.01805760282897949,61,f7e9fe00,43.51555226841,-79.68421229503,168.8346,-37.1,SOL_COMPUTED,SINGLE,good,1.8355,1.2918,3.4713,26,16,0.0,0.0,0,0,0,0,0,0,0,0,0,—,—,0.0,0.0,0.0,0.0
2026-05-25 11:35:34.021757,1779723334.021757,2420,142552.0,,,,,,,,,,,,,,,,0.0000,,,,0.0,0.0,0.0,0.0,0.0,0.0,0.0,0.0,0.0,-13165856,-3440884,163303443,639073,330591,244048,-0.7880428573144532,-0.20595425463012698,9.77453435849579,0.14774955077362062,0.07643050440216065,0.05642232165527344,61,f7e5fe00,43.51555264702,-79.68421283773,168.902,-37.1,SOL_COMPUTED,SINGLE,good,1.8354,1.2917,3.4688,26,16,0.0,0.0,0,0,0,0,0,0,0,0,0,—,—,0.0,0.0,0.0,0.0
2026-05-25 11:35:35.027225,1779723335.027225,2420,142553.0,,,,,,,,,,,,,,,,0.0000,,,,0.0,0.0,0.0,0.0,0.0,0.0,0.0,0.0,0.0,-12975446,-3106207,163800199,54018,-90914,-4905,-0.7766458588616945,-0.18592214890472414,9.804267709493104,0.01248861277770996,-0.021018729721069336,-0.0011340043258666992,61,f7e1fe00,43.51555333956,-79.68421409137,169.0866,-37.1,SOL_COMPUTED,SINGLE,good,1.8297,1.2842,3.4597,26,16,0.0,0.0,0,0,0,0,0,0,0,0,0,—,—,0.0,0.0,0.0,0.0
2026-05-25 11:35:36.024653,1779723336.024653,2420,142554.0,,,,,,,,,,,,,,,,0.0000,,,,0.0,0.0,0.0,0.0,0.0,0.0,0.0,0.0,0.0,-12974623,-3905029,164123592,-8719,30733,26316,-0.7765965981625367,-0.23373567286895755,9.823624410930178,-0.002015776496887207,0.007105271141052246,0.006084089263916016,61,f7defe00,43.51555453304,-79.68421554999,169.1545,-37.1,SOL_COMPUTED,SINGLE,good,1.8461,1.3034,3.473,27,16,0.0,0.0,0,0,0,0,0,0,0,0,0,—,—,0.0,0.0,0.0,0.0
2026-05-25 11:35:37.036601,1779723337.036601,2420,142555.0,,,,,,,,,,,,,,,,0.0000,,,,0.0,0.0,0.0,0.0,0.0,0.0,0.0,0.0,0.0,-12711647,-2943036,164013932,90503,-72280,58805,-0.7608561587680055,-0.17615554192749025,9.81706070707886,0.020923709175109863,-0.01671066925048828,0.013595336265563964,61,f7dafe00,43.51555664845,-79.68421983228,170.0478,-37.1,SOL_COMPUTED,SINGLE,good,1.8319,1.2837,3.4534,27,16,0.0,0.0,0,0,0,0,0,0,0,0,0,—,—,0.0,0.0,0.0,0.0
2026-05-25 11:35:38.020680,1779723338.020680,2420,142556.0,,,,,,,,,,,,,,,,0.0000,,,,0.0,0.0,0.0,0.0,0.0,0.0,0.0,0.0,0.0,-14161617,-2671801,163216328,-285820,230743,-73653,-0.8476441732974245,-0.15992075974517825,9.769320086555178,-0.06607973831176758,0.0533462915725708,-0.017028097984313966,61,f7d6fe00,43.51555499008,-79.68421674346,169.477,-37.1,SOL_COMPUTED,SINGLE,good,1.8415,1.2998,3.4846,27,16,0.0,0.0,0,0,0,0,0,0,0,0,0,—,—,0.0,0.0,0.0,0.0
2026-05-25 11:35:39.035362,1779723339.035362,2420,142557.0,,,,,,,,,,,,,,,,0.0000,,,,0.0,0.0,0.0,0.0,0.0,0.0,0.0,0.0,0.0,-12330695,-4098310,163957278,263431,17787,169578,-0.7380542609970094,-0.24530451514587406,9.813669679557497,0.06090354608917237,0.004112239540100098,0.03920533854675293,61,f7d2fe00,43.51555705246,-79.68422066799,170.0913,-37.1,SOL_COMPUTED,SINGLE,good,1.8409,1.2945,3.4681,27,16,0.0,0.0,0,0,0,0,0,0,0,0,0,—,—,0.0,0.0,0.0,0.0
2026-05-25 11:35:40.035506,1779723340.035506,2420,142558.0,,,,,,,,,,,,,,,,0.0000,,,,0.0,0.0,0.0,0.0,0.0,0.0,0.0,0.0,0.0,-12880026,-3617456,163621224,183803,42640,2849,-0.7709344908013918,-0.21652297901855472,9.793555153439943,0.0424940666885376,0.009858092651367188,0.0006586704025268555,61,f7cefe00,43.51555780159,-79.68422204305,170.3927,-37.1,SOL_COMPUTED,SINGLE,good,1.8333,1.2858,3.4549,27,16,0.0,0.0,0,0,0,0,0,0,0,0,0,—,—,0.0,0.0,0.0,0.0
2026-05-25 11:35:41.018969,1779723341.018969,2420,142559.0,,,,,,,,,,,,,,,,0.0000,,,,0.0,0.0,0.0,0.0,0.0,0.0,0.0,0.0,0.0,-13119177,-2864486,163937538,145377,47634,23941,-0.7852488838320923,-0.17145392841735843,9.812488141038209,0.03361022362518311,0.011012673202514648,0.005535004600524902,61,f7cbfe00,43.51555763201,-79.68422148492,170.1196,-37.1,SOL_COMPUTED,SINGLE,good,1.8476,1.3017,3.4692,27,16,0.0,0.0,0,0,0,0,0,0,0,0,0,STATISTICANALYSIS,L5,1.904,0.0,1.286,0.452
2026-05-25 11:35:42.024349,1779723342.024349,2420,142560.0,,,,,,,,,,,,,,,,0.0000,,,,0.0,0.0,0.0,0.0,0.0,0.0,0.0,0.0,0.0,-13179931,-3216036,163866136,7978,7159,-1312,-0.7888853170236207,-0.19249596825805668,9.808214371364748,0.0018444620819091798,0.0016551145706176758,-0.000303325927734375,61,f7c6fe00,43.51555727759,-79.68422109139,170.1769,-37.1,SOL_COMPUTED,SINGLE,good,1.8399,1.2946,3.4716,27,16,0.0,0.0,0,0,0,0,0,0,0,0,0,STATISTICANALYSIS,L5,1.605,0.0,1.286,0.452
2026-05-25 11:35:43.029606,1779723343.029606,2420,142561.0,,,,,,,,,,,,,,,,0.0000,,,,0.0,0.0,0.0,0.0,0.0,0.0,0.0,0.0,0.0,-13142825,-3712054,163851672,129682,-138645,199616,-0.7866643358535768,-0.22218514623474125,9.807348628044435,0.02998164097595215,-0.03205382869720459,0.04614993017578125,61,f7c3fe00,43.51555512783,-79.68421763553,169.6261,-37.1,SOL_COMPUTED,SINGLE,good,1.8378,1.297,3.4913,27,16,0.0,0.0,0,0,0,0,0,0,0,0,0,STATISTICANALYSIS,L5,1.452,0.0,1.286,0.452
2026-05-25 11:35:44.027409,1779723344.027409,2420,142562.0,,,,,,,,,,,,,,,,0.0000,,,,0.0,0.0,0.0,0.0,0.0,0.0,0.0,0.0,0.0,-12901217,-3388402,163997086,-14050,-88637,113822,-0.772202878985901,-0.20281294234191896,9.816052389049684,-0.003248269271850586,-0.02049230202484131,0.026314911392211916,61,f7bffe00,43.51555600623,-79.68421945994,170.0455,-37.1,SOL_COMPUTED,SINGLE,good,1.8307,1.2867,3.4732,27,16,0.0,0.0,0,0,0,0,0,0,0,0,0,STATISTICANALYSIS,L5,2.998,0.0,1.286,0.452
2026-05-25 11:35:45.024348,1779723345.024348,2420,142563.0,,,,,,,,,,,,,,,,0.0000,,,,0.0,0.0,0.0,0.0,0.0,0.0,0.0,0.0,0.0,-13024798,-3478111,163655512,-38186,-67514,18939,-0.7795998248699952,-0.2081824782601929,9.795607463103028,-0.00882835661315918,-0.015608800827026367,0.004378574501037597,61,f7bbfe00,43.51555390219,-79.68421583014,169.3292,-37.1,SOL_COMPUTED,SINGLE,good,1.839,1.3005,3.4967,27,16,0.0,0.0,0,0,0,0,0,0,0,0,0,STATISTICANALYSIS,L5,1.116,0.0,0.519,0.629
2026-05-25 11:35:46.023986,1779723346.023986,2420,142564.0,,,,,,,,,,,,,,,,0.0000,,,,0.0,0.0,0.0,0.0,0.0,0.0,0.0,0.0,0.0,-13317563,-3780615,163766807,-86257,194881,-9423,-0.7971232860958863,-0.22628886773529056,9.802269029947206,-0.019942061393737793,0.04505522875213623,-0.002178536750793457,61,f7b8fe00,43.51555162687,-79.68421177404,168.4446,-37.1,SOL_COMPUTED,SINGLE,good,1.8477,1.3165,3.5193,27,16,0.0,0.0,0,0,0,0,0,0,0,0,0,STATISTICANALYSIS,L5,1.672,0.0,0.519,0.629
2026-05-25 11:35:47.035965,1779723347.035965,2420,142565.0,,,,,,,,,,,,,,,,0.0000,,,,0.0,0.0,0.0,0.0,0.0,0.0,0.0,0.0,0.0,-12790722,-3471963,163850015,-45295,-32040,-37173,-0.7655891961749268,-0.2078144894650269,9.807249448240663,-0.010471911506652831,-0.007407441101074219,-0.008594157554626464,61,f7b4fe00,43.51555207737,-79.68421285098,168.697,-37.1,SOL_COMPUTED,SINGLE,good,1.846,1.3144,3.5017,27,16,0.0,0.0,0,0,0,0,0,0,0,0,0,STATISTICANALYSIS,L2,1.053,0.0,0.986,0.337
2026-05-25 11:35:48.025908,1779723348.025908,2420,142566.0,,,,,,,,,,,,,,,,0.0000,,,,0.0,0.0,0.0,0.0,0.0,0.0,0.0,0.0,0.0,-12931683,-3705049,163880877,28685,134416,22535,-0.774026422680359,-0.2217658616690064,9.809096694531556,0.006631786766052246,0.031076111206054687,0.005209946479797363,61,f7b0fe00,43.51555280853,-79.68421585218,168.9838,-37.1,SOL_COMPUTED,SINGLE,good,1.8626,1.3354,3.4996,27,16,0.0,0.0,0,0,0,0,0,0,0,0,0,STATISTICANALYSIS,L2,1.21,0.0,0.986,0.337
2026-05-25 11:35:49.021895,1779723349.021895,2420,142567.0,,,,,,,,,,,,,,,,0.0000,,,,0.0,0.0,0.0,0.0,0.0,0.0,0.0,0.0,0.0,-12725627,-4824081,164548616,613146,1415905,-476881,-0.7616929322482301,-0.2887455684732056,9.849064240090334,0.1417553957977295,0.3273480927658081,-0.11025180773162842,61,f7acfe00,43.51554734844,-79.68420717648,167.2997,-37.1,SOL_COMPUTED,SINGLE,good,1.8442,1.3168,3.4746,27,17,0.0,0.0,0,0,0,0,0,0,0,0,0,STATISTICANALYSIS,L2,1.9,0.0,0.986,0.337
2026-05-25 11:35:50.025236,1779723350.025236,2420,142568.0,,,,,,,,,,,,,,,,0.0000,,,,0.0,0.0,0.0,0.0,0.0,0.0,0.0,0.0,0.0,-14666923,-3694179,163855820,502130,292401,-881814,-0.8778892848995973,-0.22111523736785893,9.807596906756594,0.11608921348571777,0.06760122301483154,-0.20386970246887207,61,f7a9fe00,43.51554981903,-79.68421107221,167.8692,-37.1,SOL_COMPUTED,SINGLE,good,1.8301,1.3055,3.467,27,17,0.0,0.0,0,0,0,0,0,0,0,0,0,STATISTICANALYSIS,L5,1.233,0.0,0.804,0.596
2026-05-25 11:35:51.021774,1779723351.021774,2420,142569.0,,,,,,,,,,,,,,,,0.0000,,,,0.0,0.0,0.0,0.0,0.0,0.0,0.0,0.0,0.0,-13123411,-3655129,163636240,-77999,4665,44750,-0.7855023100778199,-0.21877789799713138,9.794453936743166,-0.018032865119934082,0.0010785178756713867,0.010345911026000977,61,f7a5fe00,43.51554861539,-79.68420954999,167.6845,-37.1,SOL_COMPUTED,SINGLE,good,1.8463,1.3258,3.4848,27,17,0.0,0.0,0,0,0,0,0,0,0,0,0,—,—,0.0,0.0,0.0,0.0
2026-05-25 11:35:52.022172,1779723352.022172,2420,142570.0,,,,,,,,,,,,,,,,0.0000,,,,0.0,0.0,0.0,0.0,0.0,0.0,0.0,0.0,0.0,-13124403,-3776603,163950143,376852,26047,98719,-0.7855616862789918,-0.2260487293087769,9.813242613836366,0.0871257488708496,0.006021898200988769,0.022823195320129396,61,f7a1fe00,43.51554838722,-79.68420869198,167.3114,-37.1,SOL_COMPUTED,SINGLE,good,1.8455,1.3302,3.5086,27,17,0.0,0.0,0,0,0,0,0,0,0,0,0,—,—,0.0,0.0,0.0,0.0
2026-05-25 11:35:53.021888,1779723353.021888,2420,142571.0,,,,,,,,,,,,,,,,0.0000,,,,0.0,0.0,0.0,0.0,0.0,0.0,0.0,0.0,0.0,-13648096,-3423759,163567809,68598,20982,118690,-0.816907352529297,-0.20492923704437258,9.790357996398011,0.015859414627075196,0.004850902908325195,0.027440361557006836,61,f79dfe00,43.51554839633,-79.68420871033,167.3094,-37.1,SOL_COMPUTED,SINGLE,good,1.8385,1.311,3.4634,27,17,0.0,0.0,0,0,0,0,0,0,0,0,0,—,—,0.0,0.0,0.0,0.0
2026-05-25 11:35:54.024051,1779723354.024051,2420,142572.0,,,,,,,,,,,,,,,,0.0000,,,,0.0,0.0,0.0,0.0,0.0,0.0,0.0,0.0,0.0,-13404704,-3883394,163551614,-45169,79476,31019,-0.8023391142675782,-0.23244070904602054,9.789388644000855,-0.010442781120300292,0.018374337982177736,0.00717139249420166,61,f799fe00,43.51554792719,-79.68420794037,167.111,-37.1,SOL_COMPUTED,SINGLE,good,1.8364,1.3135,3.4701,27,17,0.0,0.0,0,0,0,0,0,0,0,0,0,—,—,0.0,0.0,0.0,0.0
2026-05-25 11:35:55.050244,1779723355.050244,2420,142573.0,,,,,,,,,,,,,,,,0.0000,,,,0.0,0.0,0.0,0.0,0.0,0.0,0.0,0.0,0.0,-13390845,-3647678,163664643,-20470,161164,-7996,-0.8015095832473756,-0.21833191808288577,9.796153999487,-0.004732531814575195,0.037260076080322266,-0.001848623565673828,61,f796fe00,43.51555014148,-79.68421213825,167.7871,-37.1,SOL_COMPUTED,SINGLE,good,1.8309,1.2988,3.4381,27,17,0.0,0.0,0,0,0,0,0,0,0,0,0,—,—,0.0,0.0,0.0,0.0
2026-05-25 11:35:56.022162,1779723356.022162,2420,142574.0,,,,,,,,,,,,,,,,0.0000,,,,0.0,0.0,0.0,0.0,0.0,0.0,0.0,0.0,0.0,-13041307,-3878457,163841304,-115667,-16193,-3622,-0.7805879717501832,-0.23214520470611574,9.806728050974122,-0.026741463478088378,-0.0037437170333862306,-0.0008373830108642578,61,f792fe00,43.51555114102,-79.68421415145,168.1133,-37.1,SOL_COMPUTED,SINGLE,good,1.8379,1.309,3.4549,27,17,0.0,0.0,0,0,0,0,0,0,0,0,0,STATISTICANALYSIS,L2,1.383,0.0,1.186,0.332
2026-05-25 11:35:57.029523,1779723357.029523,2420,142575.0,,,,,,,,,,,,,,,,0.0000,,,,0.0,0.0,0.0,0.0,0.0,0.0,0.0,0.0,0.0,-13421500,-4040261,163684830,-24597,-10431,36199,-0.8033444395446778,-0.2418299898416138,9.79736229320984,-0.00568666756439209,-0.0024115798416137696,0.008368975044250488,61,f78efe00,43.51554865436,-79.68420977862,167.3177,-37.1,SOL_COMPUTED,SINGLE,good,1.8373,1.31,3.4609,28,17,0.0,0.0,0,0,0,0,0,0,0,0,0,STATISTICANALYSIS,L2,2.634,0.0,1.186,0.332
2026-05-25 11:35:58.035950,1779723358.035950,2420,142576.0,,,,,,,,,,,,,,,,0.0000,,,,0.0,0.0,0.0,0.0,0.0,0.0,0.0,0.0,0.0,-13274737,-3830349,163760499,-198041,830,-1929,-0.7945599340884401,-0.22926569836944583,9.801891464345399,-0.045785800346374514,0.00019189064025878905,-0.0004459723434448242,61,f78bfe00,43.51554776483,-79.6842078733,166.8316,-37.1,SOL_COMPUTED,SINGLE,good,1.8532,1.3292,3.4886,28,17,0.0,0.0,0,0,0,0,0,0,0,0,0,STATISTICANALYSIS,L2,1.918,0.0,1.186,0.332
2026-05-25 11:35:59.026708,1779723359.026708,2420,142577.0,,,,,,,,,,,,,,,,0.0000,,,,0.0,0.0,0.0,0.0,0.0,0.0,0.0,0.0,0.0,-13084438,-3824498,163904798,-3475,4607,50301,-0.7831695795452882,-0.22891548652160648,9.810528486979372,-0.0008033975601196289,0.0010651086502075195,0.011629266380310059,61,f786fe00,43.51554940915,-79.68421124977,167.5292,-37.1,SOL_COMPUTED,SINGLE,good,1.8446,1.3159,3.4672,28,17,0.0,0.0,0,0,0,0,0,0,0,0,0,STATISTICANALYSIS,L2,2.496,0.0,1.321,0.402
2026-05-25 11:36:00.031303,1779723360.031303,2420,142578.0,,,,,,,,,,,,,,,,0.0000,,,,0.0,0.0,0.0,0.0,0.0,0.0,0.0,0.0,0.0,-13470011,-3797196,163665169,133243,75545,34005,-0.8062480674630739,-0.22728132417846683,9.796185483238832,0.030804921180725097,0.017465516166687012,0.00786173641204834,61,f783fe00,43.51554699832,-79.6842070735,166.7586,-37.1,SOL_COMPUTED,SINGLE,good,1.8537,1.3316,3.5065,28,17,0.0,0.0,0,0,0,0,0,0,0,0,0,STATISTICANALYSIS,L2,1.732,0.0,1.321,0.402
2026-05-25 11:36:01.024589,1779723361.024589,2420,142579.0,,,,,,,,,,,,,,,,0.0000,,,,0.0,0.0,0.0,0.0,0.0,0.0,0.0,0.0,0.0,-13187700,-3762351,163595280,-91650,150501,5427,-0.7893503308410645,-0.22519567525726322,9.792002274243165,-0.02118888816833496,0.03479485933685303,0.001254687355041504,61,f77ffe00,43.5155512614,-79.68421486422,168.1558,-37.1,SOL_COMPUTED,SINGLE,good,1.8416,1.3061,3.4571,28,17,0.0,0.0,0,0,0,0,0,0,0,0,0,STATISTICANALYSIS,L2,1.257,0.0,1.321,0.402
2026-05-25 11:36:02.025680,1779723362.025680,2420,142580.0,,,,,,,,,,,,,,,,0.0000,,,,0.0,0.0,0.0,0.0,0.0,0.0,0.0,0.0,0.0,-13000524,-4746775,163813213,-82261,117304,-47958,-0.7781469035925294,-0.2841184146347046,9.805046663003237,-0.01901821199798584,0.027119927307128908,-0.01108757991027832,61,f77cfe00,43.51555685799,-79.68422330828,166.7123,-37.1,SOL_COMPUTED,SINGLE,good,1.8145,1.27,3.3594,28,18,0.0,0.0,0,0,0,0,0,0,0,0,0,STATISTICANALYSIS,L2,1.754,0.0,1.202,0.349
2026-05-25 11:36:03.026653,1779723363.026653,2420,142581.0,,,,,,,,,,,,,,,,0.0000,,,,0.0,0.0,0.0,0.0,0.0,0.0,0.0,0.0,0.0,-13594509,-3561373,163858652,63434,-54762,60349,-0.8136999004202272,-0.21316612872589114,9.807766416234132,0.014665531173706055,-0.01266062077331543,0.013952299095153808,61,f778fe00,43.51555352591,-79.68421862328,165.9151,-37.1,SOL_COMPUTED,SINGLE,good,1.8378,1.2912,3.4541,28,18,0.0,0.0,0,0,0,0,0,0,0,0,0,STATISTICANALYSIS,L2,1.502,0.0,1.202,0.349
2026-05-25 11:36:20.564504,1779723380.564504,0,3.0,,,,,,,,,,,,,,,,0.0000,,,,0.0,0.0,0.0,0.0,0.0,0.0,0.0,0.0,0.0,-13475012,-3819205,163905464,162984,-5166,157526,-0.8065474025256348,-0.2285986737869263,9.810568350437013,0.03768084832763672,-0.0011943458404541016,0.03641899397277832,61,f776fe00,0.0,0.0,0.0,0.0,INSUFFICIENT_OBS,NONE,bad,0.0,0.0,0.0,0,0,0.0,0.0,0,0,0,0,0,0,0,0,0,—,—,0.0,0.0,0.0,0.0
2026-05-25 11:36:21.400545,1779723381.400545,0,4.0,,,,,,,,,,,,,,,,0.0000,,,,0.0,0.0,0.0,0.0,0.0,0.0,0.0,0.0,0.0,-13475012,-3819205,163905464,162984,-5166,157526,-0.8065474025256348,-0.2285986737869263,9.810568350437013,0.03768084832763672,-0.0011943458404541016,0.03641899397277832,61,f776fe00,0.0,0.0,0.0,0.0,INSUFFICIENT_OBS,NONE,bad,0.0,0.0,0.0,0,0,0.0,0.0,0,0,0,0,0,0,0,0,0,—,—,0.0,0.0,0.0,0.0
2026-05-25 11:36:22.401125,1779723382.401125,0,5.0,,,,,,,,,,,,,,,,0.0000,,,,0.0,0.0,0.0,0.0,0.0,0.0,0.0,0.0,0.0,-13475012,-3819205,163905464,162984,-5166,157526,-0.8065474025256348,-0.2285986737869263,9.810568350437013,0.03768084832763672,-0.0011943458404541016,0.03641899397277832,61,f776fe00,0.0,0.0,0.0,0.0,INSUFFICIENT_OBS,NONE,bad,0.0,0.0,0.0,0,0,0.0,0.0,0,0,0,0,0,0,0,0,0,—,—,0.0,0.0,0.0,0.0
2026-05-25 11:36:23.409503,1779723383.409503,0,6.0,,,,,,,,,,,,,,,,0.0000,,,,0.0,0.0,0.0,0.0,0.0,0.0,0.0,0.0,0.0,-13447744,-3995330,164074024,-119253,51119,76741,-0.8049152752539064,-0.2391406429718018,9.820657516232911,-0.02757052352142334,0.011818382698059082,0.017742023643493653,61,f768fe00,0.0,0.0,0.0,0.0,INSUFFICIENT_OBS,NONE,bad,0.0,0.0,0.0,0,0,0.0,0.0,0,0,0,0,0,0,0,0,0,—,—,0.0,0.0,0.0,0.0
2026-05-25 11:36:24.405994,1779723384.405994,0,7.0,,,,,,,,,,,,,,,,0.0000,,,,0.0,0.0,0.0,0.0,0.0,0.0,0.0,0.0,0.0,-13468694,-3829382,163130766,126801,-81355,16195,-0.8061692383734133,-0.22920781854431155,9.764198769494019,0.029315572380065918,-0.018808750648498535,0.0037441794204711915,61,f764fe00,0.0,0.0,0.0,0.0,INSUFFICIENT_OBS,NONE,bad,0.0,0.0,0.0,0,0,0.0,0.0,0,0,0,0,0,0,0,0,0,—,—,0.0,0.0,0.0,0.0
2026-05-25 11:36:25.406242,1779723385.406242,0,8.0,,,,,,,,,,,,,,,,0.0000,,,,0.0,0.0,0.0,0.0,0.0,0.0,0.0,0.0,0.0,-13839634,-3382412,164818093,142045,-58389,19345,-0.8283718674688721,-0.20245441064331057,9.865193797109681,0.03283988674163819,-0.01349915975189209,0.004472439079284668,61,f760fe00,0.0,0.0,0.0,0.0,INSUFFICIENT_OBS,NONE,bad,0.0,0.0,0.0,0,0,0.0,0.0,0,0,0,0,0,0,0,0,0,—,—,0.0,0.0,0.0,0.0
2026-05-25 11:36:26.403473,1779723386.403473,0,9.0,,,,,,,,,,,,,,,,0.0000,,,,0.0,0.0,0.0,0.0,0.0,0.0,0.0,0.0,0.0,-13500503,-3753009,164803336,-68093,65702,31902,-0.8080731673886109,-0.22463650945953373,9.864310516262208,-0.01574266188812256,0.015189878128051757,0.007375536392211914,61,f75dfe00,0.0,0.0,0.0,0.0,INSUFFICIENT_OBS,NONE,bad,0.0,0.0,0.0,0,0,0.0,0.0,0,0,0,0,0,0,0,0,0,—,—,0.0,0.0,0.0,0.0
2026-05-25 11:36:27.440019,1779723387.440019,0,10.0,,,,,,,,,,,,,,,,0.0000,,,,0.0,0.0,0.0,0.0,0.0,0.0,0.0,0.0,0.0,-12949044,-4053745,161485208,-10785,-53227,31563,-0.7750655660559083,-0.24263707522125247,9.665703827106935,-0.0024934223556518555,-0.01230573868560791,0.007297161781311035,61,f759fe00,0.0,0.0,0.0,0.0,INSUFFICIENT_OBS,NONE,bad,0.0,0.0,0.0,0,0,0.0,0.0,0,0,0,0,0,0,0,0,0,—,—,0.0,0.0,0.0,0.0
2026-05-25 11:36:28.405999,1779723388.405999,0,11.0,,,,,,,,,,,,,,,,0.0000,,,,0.0,0.0,0.0,0.0,0.0,0.0,0.0,0.0,0.0,-13498355,-6986635,163526467,381490,162329,-56783,-0.8079445987594606,-0.4181853278976441,9.787883469272158,0.08819802452087402,0.03752941655731201,-0.013127862922668458,61,f756fe00,0.0,0.0,0.0,0.0,INSUFFICIENT_OBS,NONE,bad,0.0,0.0,0.0,0,0,0.0,0.0,0,0,0,0,0,0,0,0,0,STATISTICANALYSIS,L5,1.514,0.0,0.32,0.605
2026-05-25 11:36:29.405759,1779723389.405759,0,12.0,,,,,,,,,,,,,,,,0.0000,,,,0.0,0.0,0.0,0.0,0.0,0.0,0.0,0.0,0.0,-13022140,-4314000,162566455,121135,-17970,64324,-0.7794407301696779,-0.2582146490478516,9.730421911167909,0.028005629768371582,-0.004154547958374023,0.014871293426513672,61,f752fe00,0.0,0.0,0.0,0.0,INSUFFICIENT_OBS,NONE,bad,0.0,0.0,0.0,0,0,0.0,0.0,0,0,0,0,0,0,0,0,0,—,—,0.0,0.0,0.0,0.0
2026-05-25 11:36:30.402354,1779723390.402354,0,13.0,,,,,,,,,,,,,,,,0.0000,,,,0.0,0.0,0.0,0.0,0.0,0.0,0.0,0.0,0.0,-12341285,-5380095,162817591,-177854,-680134,155249,-0.7386881258865358,-0.3220258095199585,9.745453666871034,-0.04111869630432129,-0.15724258882141112,0.03589256627655029,61,f74ffe00,0.0,0.0,0.0,0.0,INSUFFICIENT_OBS,NONE,bad,0.0,0.0,0.0,0,0,0.0,0.0,0,0,0,0,0,0,0,0,0,STATISTICANALYSIS,L5,2.793,0.0,0.32,0.605
2026-05-25 11:36:31.409098,1779723391.409098,0,14.0,,,,,,,,,,,,,,,,0.0000,,,,0.0,0.0,0.0,0.0,0.0,0.0,0.0,0.0,0.0,-13031656,-4190627,163748721,-178734,-52170,-27892,-0.780010310744629,-0.25083015301239014,9.801186491666567,-0.0413221466217041,-0.012061367111206055,-0.006448450286865234,61,f74cfe00,0.0,0.0,0.0,0.0,INSUFFICIENT_OBS,NONE,bad,0.0,0.0,0.0,0,0,0.0,0.0,0,0,0,0,0,0,0,0,0,STATISTICANALYSIS,L5,2.311,0.0,1.636,0.328
2026-05-25 11:36:32.404695,1779723392.404695,0,15.0,,,,,,,,,,,,,,,,0.0000,,,,0.0,0.0,0.0,0.0,0.0,0.0,0.0,0.0,0.0,-11734306,-4530450,166137809,-117563,330740,318760,-0.7023573726495362,-0.2711702727813721,9.944185453063051,-0.02717980643463135,0.07646495223999024,0.07369525360107422,61,f748fe00,0.0,0.0,0.0,0.0,INSUFFICIENT_OBS,NONE,bad,0.0,0.0,0.0,0,0,0.0,0.0,0,0,0,0,0,0,0,0,0,STATISTICANALYSIS,L5,3.59,0.0,1.636,0.328
2026-05-25 11:36:33.402243,1779723393.402243,0,16.0,,,,,,,,,,,,,,,,0.0000,,,,0.0,0.0,0.0,0.0,0.0,0.0,0.0,0.0,0.0,-1649576,-3171554,164730134,-113789,-183051,3887645,-0.09873543994384767,-0.1898334963018799,9.85992900751404,-0.02630728200531006,-0.04232020914459229,0.898798419456482,61,f745fe00,0.0,0.0,0.0,0.0,INSUFFICIENT_OBS,NONE,bad,0.0,0.0,0.0,0,0,0.0,0.0,0,0,0,0,0,0,0,0,0,STATISTICANALYSIS,L5,3.988,0.0,1.636,0.328
2026-05-25 11:36:34.408268,1779723394.408268,0,17.0,,,,,,,,,,,,,,,,0.0000,,,,0.0,0.0,0.0,0.0,0.0,0.0,0.0,0.0,0.0,-12514958,-3249380,165100212,171188,-776891,5255971,-0.7490833305096437,-0.19449177476196292,9.882080041563722,0.03957756015014648,-0.17961218241119384,1.2151465546646119,61,f742fe00,0.0,0.0,0.0,0.0,INSUFFICIENT_OBS,NONE,bad,0.0,0.0,0.0,0,0,0.0,0.0,0,0,0,0,0,0,0,0,0,STATISTICANALYSIS,L5,1.089,0.0,1.222,0.477
2026-05-25 11:36:35.423894,1779723395.423894,0,18.0,,,,,,,,,,,,,,,,0.0000,,,,0.0,0.0,0.0,0.0,0.0,0.0,0.0,0.0,0.0,-11816592,-2667281,164292363,1317573,-387445,-4761226,-0.7072826045947267,-0.15965021495758058,9.833726206139833,0.3046143693466187,-0.08957478206634521,-1.1007647054901124,61,f73efe00,0.0,0.0,0.0,0.0,INSUFFICIENT_OBS,NONE,bad,0.0,0.0,0.0,0,0,0.0,0.0,0,0,0,0,0,0,0,0,0,STATISTICANALYSIS,L5,1.645,0.0,1.222,0.477
2026-05-25 11:36:36.554765,1779723396.554765,0,19.0,,,,,,,,,,,,,,,,0.0000,,,,0.0,0.0,0.0,0.0,0.0,0.0,0.0,0.0,0.0,-4407280,-7068396,163169240,168493,201180,-36974546,-0.263797927319336,-0.42307913594604496,9.766501632360841,0.03895449355316162,0.0465115168762207,-8.548276271347046,61,f73bfe00,0.0,0.0,0.0,0.0,INSUFFICIENT_OBS,NONE,bad,0.0,0.0,0.0,0,0,0.0,0.0,0,0,0,0,0,0,0,0,0,STATISTICANALYSIS,L5,2.787,0.0,1.222,0.477
2026-05-25 11:36:38.043912,1779723398.043912,0,20.0,,,,,,,,,,,,,,,,0.0000,,,,0.0,0.0,0.0,0.0,0.0,0.0,0.0,0.0,0.0,-14025278,-12728773,162491008,-2032308,7595714,-75572074,-0.8394835967938233,-0.7618812362088013,9.725906027851563,-0.4698564859313965,1.7560800273284911,-17.47177550065613,61,f737fe00,0.0,0.0,0.0,0.0,INSUFFICIENT_OBS,NONE,bad,0.0,0.0,0.0,0,0,0.0,0.0,0,0,0,0,0,0,0,0,0,STATISTICANALYSIS,L5,5.758,0.0,0.681,0.316
2026-05-25 11:36:39.620356,1779723399.620356,0,21.0,,,,,,,,,,,,,,,,0.0000,,,,0.0,0.0,0.0,0.0,0.0,0.0,0.0,0.0,0.0,-17433783,-21220858,164349649,11467516,-4513109,-94863969,-1.0434998050350954,-1.270175336338501,9.837155062047426,2.651215647491455,-1.0434016573104858,-21.931937046867372,61,f734fe00,0.0,0.0,0.0,0.0,INSUFFICIENT_OBS,NONE,bad,0.0,0.0,0.0,0,0,0.0,0.0,0,0,0,0,0,0,0,0,0,STATISTICANALYSIS,L5,2.066,0.0,0.681,0.316
2026-05-25 11:36:41.025010,1779723401.025010,0,22.0,,,,,,,,,,,,,,,,0.0000,,,,0.0,0.0,0.0,0.0,0.0,0.0,0.0,0.0,0.0,-6360022,-15653075,162749114,3487935,452722,-97515149,-0.3806793807757569,-0.9369154537887574,9.741354973193971,0.8063880485916137,0.10466640293884277,-22.54487274282074,61,f730fe00,0.0,0.0,0.0,0.0,INSUFFICIENT_OBS,NONE,bad,0.0,0.0,0.0,0,0,0.0,0.0,0,0,0,0,0,0,0,0,0,STATISTICANALYSIS,L5,4.457,0.0,0.681,0.316
2026-05-25 11:36:42.432021,1779723402.432021,0,23.0,,,,,,,,,,,,,,,,0.0000,,,,0.0,0.0,0.0,0.0,0.0,0.0,0.0,0.0,0.0,-5687344,-21345260,164324388,2962615,6713045,-88034609,-0.3404162111669922,-1.27762142321167,9.835643063843996,0.6849374568557739,1.5520126543807984,-20.353033115592957,61,f72dfe00,0.0,0.0,0.0,0.0,INSUFFICIENT_OBS,NONE,bad,0.0,0.0,0.0,0,0,0.0,0.0,0,0,0,0,0,0,0,0,0,STATISTICANALYSIS,L5,4.332,0.0,0.503,0.4
2026-05-25 11:36:43.780649,1779723403.780649,0,24.0,,,,,,,,,,,,,,,,0.0000,,,,0.0,0.0,0.0,0.0,0.0,0.0,0.0,0.0,0.0,3571111,-17581084,163993144,6813691,1233488,-71286772,0.21374899712005618,-1.0523165125036622,9.815816440476075,1.5752813596572877,0.28517446032714844,-16.48104135067749,61,f729fe00,0.0,0.0,0.0,0.0,INSUFFICIENT_OBS,NONE,bad,0.0,0.0,0.0,0,0,0.0,0.0,0,0,0,0,0,0,0,0,0,STATISTICANALYSIS,L5,3.304,0.0,0.503,0.4
2026-05-25 11:36:45.140145,1779723405.140145,0,25.0,,,,,,,,,,,,,,,,0.0000,,,,0.0,0.0,0.0,0.0,0.0,0.0,0.0,0.0,0.0,4519659,-12282687,164447858,3801934,174457,-38843741,0.27052437702850346,-0.7351807401644899,9.843033365818483,0.8789825897369384,0.04033333184051514,-8.980422084983825,61,f726fe00,0.0,0.0,0.0,0.0,INSUFFICIENT_OBS,NONE,bad,0.0,0.0,0.0,0,0,0.0,0.0,0,0,0,0,0,0,0,0,0,STATISTICANALYSIS,L2,2.858,0.0,1.53,0.49
2026-05-25 11:36:46.402557,1779723406.402557,0,26.0,,,,,,,,,,,,,,,,0.0000,,,,0.0,0.0,0.0,0.0,0.0,0.0,0.0,0.0,0.0,5197663,-5367415,166456591,3999973,2406874,-2950872,0.31110633458831793,-0.321266847593689,9.963266162903748,0.9247679276962281,0.5564537263641357,-0.6822225510864258,61,f722fe00,0.0,0.0,0.0,0.0,INSUFFICIENT_OBS,NONE,bad,0.0,0.0,0.0,0,0,0.0,0.0,0,0,0,0,0,0,0,0,0,STATISTICANALYSIS,L5,1.683,0.0,0.434,0.362
2026-05-25 11:36:47.601915,1779723407.601915,0,27.0,,,,,,,,,,,,,,,,0.0000,,,,0.0,0.0,0.0,0.0,0.0,0.0,0.0,0.0,0.0,3570291,-4888657,164110133,3396970,1401653,21349656,0.21369991598602298,-0.29261076763336186,9.822818821926576,0.7853575279998779,0.32405312239837647,4.935902601379395,61,f71ffe00,0.0,0.0,0.0,0.0,INSUFFICIENT_OBS,NONE,bad,0.0,0.0,0.0,0,0,0.0,0.0,0,0,0,0,0,0,0,0,0,STATISTICANALYSIS,L5,2.183,0.0,0.434,0.362
2026-05-25 11:36:48.708775,1779723408.708775,0,28.0,,,,,,,,,,,,,,,,0.0000,,,,0.0,0.0,0.0,0.0,0.0,0.0,0.0,0.0,0.0,-519550,4379814,164446883,789954,-1005227,35498261,-0.031097686813354498,0.2621539487493897,9.842975007153017,0.18263226365661622,-0.23240199112701415,8.206968712486267,61,f71cfe00,0.0,0.0,0.0,0.0,INSUFFICIENT_OBS,NONE,bad,0.0,0.0,0.0,0,0,0.0,0.0,0,0,0,0,0,0,0,0,0,STATISTICANALYSIS,L2,1.428,0.0,1.887,0.466
2026-05-25 11:36:50.415644,1779723410.415644,0,29.0,,,,,,,,,,,,,,,,0.0000,,,,0.0,0.0,0.0,0.0,0.0,0.0,0.0,0.0,0.0,-7308399,-531200,160962003,-6922363,-1344384,35754449,-0.437444525472107,-0.031794998046875,9.634387370116883,-1.6004056243057252,-0.3108128994140625,8.266197723747254,61,f719fe00,0.0,0.0,0.0,0.0,INSUFFICIENT_OBS,NONE,bad,0.0,0.0,0.0,0,0,0.0,0.0,0,0,0,0,0,0,0,0,0,STATISTICANALYSIS,L2,1.264,0.0,1.887,0.466
2026-05-25 11:36:51.737743,1779723411.737743,0,30.0,,,,,,,,,,,,,,,,0.0000,,,,0.0,0.0,0.0,0.0,0.0,0.0,0.0,0.0,0.0,-6678929,-2285111,170348585,-7778579,-1162090,16784150,-0.39976757249664313,-0.13677541374603275,10.196221625306704,-1.798357234474182,-0.2686677037811279,3.8803870960235596,61,f715fe00,0.0,0.0,0.0,0.0,INSUFFICIENT_OBS,NONE,bad,0.0,0.0,0.0,0,0,0.0,0.0,0,0,0,0,0,0,0,0,0,STATISTICANALYSIS,L2,1.171,0.0,1.887,0.466
2026-05-25 11:36:53.113980,1779723413.113980,0,31.0,,,,,,,,,,,,,,,,0.0000,,,,0.0,0.0,0.0,0.0,0.0,0.0,0.0,0.0,0.0,-9237697,-2827131,164603823,5328535,3399999,497786,-0.5529227373355103,-0.16921804334198,9.85236865736664,1.2319228828811646,0.7860578132400513,0.11508490873718262,61,f711fe00,0.0,0.0,0.0,0.0,INSUFFICIENT_OBS,NONE,bad,0.0,0.0,0.0,0,0,0.0,0.0,0,0,0,0,0,0,0,0,0,STATISTICANALYSIS,L2,1.666,0.0,1.725,0.472
2026-05-25 11:36:54.144009,1779723414.144009,0,32.0,,,,,,,,,,,,,,,,0.0000,,,,0.0,0.0,0.0,0.0,0.0,0.0,0.0,0.0,0.0,-7092436,-17412694,165961976,-8345042,-650444,6408985,-0.42451805114379887,-1.0422375220648195,9.933660961550295,-1.929319822128296,-0.15037845254516602,1.481715945854187,61,f70efe00,0.0,0.0,0.0,0.0,INSUFFICIENT_OBS,NONE,bad,0.0,0.0,0.0,0,0,0.0,0.0,0,0,0,0,0,0,0,0,0,STATISTICANALYSIS,L2,1.367,0.0,1.725,0.472
2026-05-25 11:36:55.193429,1779723415.193429,2420,142628.0,,,,,,,,,,,,,,,,0.0000,,,,0.0,0.0,0.0,0.0,0.0,0.0,0.0,0.0,0.0,-10712977,-4560504,166709185,-5471345,-4818109,10422109,-0.6412256829653932,-0.2729691561987305,9.978385187257386,-1.2649396326828002,-1.1139156877670289,2.409524299827576,61,f70cfe00,0.0,0.0,0.0,0.0,INSUFFICIENT_OBS,NONE,bad,0.0,0.0,0.0,3,0,0.0,0.0,0,0,0,0,0,0,0,0,0,STATISTICANALYSIS,L2,2.849,0.0,1.725,0.472
2026-05-25 11:36:56.727857,1779723416.727857,2420,142629.0,,,,,,,,,,,,,,,,0.0000,,,,0.0,0.0,0.0,0.0,0.0,0.0,0.0,0.0,0.0,-8532566,-8035273,159910784,3429628,-275387,24602603,-0.5107170920648194,-0.4809515989102173,9.571466613242189,0.7929078467102051,-0.06366769608306885,5.687962941810608,61,f709fe00,0.0,0.0,0.0,0.0,COV_TRACE,NONE,bad,0.0,0.0,0.0,5,5,0.0,0.0,0,0,0,0,0,0,0,0,0,STATISTICANALYSIS,L2,3.082,0.0,1.174,0.501
2026-05-25 11:36:58.101887,1779723418.101887,2420,142630.0,,,,,,,,,,,,,,,,0.0000,,,,0.0,0.0,0.0,0.0,0.0,0.0,0.0,0.0,0.0,-7609780,4549229,164958152,1488553,-798301,43653109,-0.45548369773559577,0.272294290605774,9.873577034367678,0.3441438412399292,-0.1845620361557007,10.092316909996033,61,f705fe00,43.51538233968,-79.68448478901,75.6977,0.0,SOL_COMPUTED,SINGLE,good,194.3009,215.1463,831.0898,8,8,0.0,0.0,0,0,0,0,0,0,0,0,0,STATISTICANALYSIS,L2,1.083,0.0,1.174,0.501
2026-05-25 11:36:59.695109,1779723419.695109,2420,142631.0,,,,,,,,,,,,,,,,0.0000,,,,0.0,0.0,0.0,0.0,0.0,0.0,0.0,0.0,0.0,-8037090,3852484,164798149,-1536846,-1784598,40679536,-0.48106035552063,0.23059058971313479,9.864000048161929,-0.3553088709869385,-0.4125875335235596,9.404846034301757,61,f702fe00,43.51538233968,-79.68448478901,75.6977,0.0,COV_TRACE,SINGLE,bad,194.3009,215.1463,831.0898,7,7,0.0,1.0,0,0,0,0,0,0,0,0,0,STATISTICANALYSIS,L5,3.446,0.0,0.757,0.488
2026-05-25 11:37:01.212795,1779723421.212795,2420,142632.0,,,,,,,,,,,,,,,,0.0000,,,,0.0,0.0,0.0,0.0,0.0,0.0,0.0,0.0,0.0,-7727880,4605066,164592774,1414707,-1537376,32361459,-0.46255257813720707,0.27563641655822757,9.851707319013062,0.3270711229019165,-0.35543140356445313,7.481760346046448,61,f6fffe00,43.51538233968,-79.68448478901,75.6977,0.0,COV_TRACE,SINGLE,bad,194.3009,215.1463,831.0898,7,7,0.0,2.0,0,0,0,0,0,0,0,0,0,STATISTICANALYSIS,L2,1.618,0.0,1.882,0.501
2026-05-25 11:37:02.547942,1779723422.547942,2420,142633.0,,,,,,,,,,,,,,,,0.0000,,,,0.0,0.0,0.0,0.0,0.0,0.0,0.0,0.0,0.0,-8418342,14859091,164005367,1323563,-1393630,42143995,-0.5038802098040772,0.8893915085153199,9.816548048648379,0.30599921866607666,-0.32219825660705564,9.743419498329162,61,f6fbfe00,43.51538233968,-79.68448478901,75.6977,0.0,COV_TRACE,SINGLE,bad,194.3009,215.1463,831.0898,7,7,0.0,3.0,0,0,0,0,0,0,0,0,0,STATISTICANALYSIS,L2,1.116,0.0,1.882,0.501
2026-05-25 11:37:03.846387,1779723423.846387,2420,142634.0,,,,,,,,,,,,,,,,0.0000,,,,0.0,0.0,0.0,0.0,0.0,0.0,0.0,0.0,0.0,-9161521,10208662,167062011,1773846,1188727,43338633,-0.5483632196939088,0.6110398877093507,9.999503602131044,0.4101017405548096,0.27482600617218017,10.019612089530945,61,f6f8fe00,43.5151251835,-79.68458750384,135.412,0.0,SOL_COMPUTED,SINGLE,good,63.6315,39.1713,282.6777,9,9,0.0,0.0,0,0,0,0,0,0,0,0,0,STATISTICANALYSIS,L2,1.359,0.0,1.882,0.501
2026-05-25 11:37:05.252601,1779723425.252601,2420,142635.0,,,,,,,,,,,,,,,,0.0000,,,,0.0,0.0,0.0,0.0,0.0,0.0,0.0,0.0,0.0,-7744311,6552056,164217209,-3857734,672490,44331202,-0.4635360563241578,0.39217358381591805,9.829227860350649,-0.8918831894073487,0.15547534538269042,10.249087632797242,61,f6f5fe00,43.51510894142,-79.68455726097,162.2014,-37.1,SOL_COMPUTED,SINGLE,good,6.4925,2.4165,17.1561,9,9,0.0,0.0,0,0,0,0,0,0,0,0,0,STATISTICANALYSIS,L2,1.593,0.0,2.955,0.331
2026-05-25 11:37:06.810616,1779723426.810616,2420,142636.0,,,,,,,,,,,,,,,,0.0000,,,,0.0,0.0,0.0,0.0,0.0,0.0,0.0,0.0,0.0,-8094846,2627716,163294930,-7086042,-385946,27399876,-0.48451734329772955,0.15728205024047853,9.774024812527466,-1.6382471521453859,-0.08922822294616699,6.3346743959655765,61,f6f1fe00,43.51508555886,-79.68453321479,162.5599,-37.1,SOL_COMPUTED,SINGLE,good,6.5535,2.4574,17.4111,9,9,0.0,0.0,0,0,0,0,0,0,0,0,0,STATISTICANALYSIS,L2,2.015,0.0,2.955,0.331
2026-05-25 11:37:07.947473,1779723427.947473,2420,142637.0,,,,,,,,,,,,,,,,0.0000,,,,0.0,0.0,0.0,0.0,0.0,0.0,0.0,0.0,0.0,-10134772,2140192,162327428,-1639438,-2426404,17737076,-0.6066171986926271,0.12810128098632814,9.716114940162354,-0.3790274788970947,-0.5609689362487793,4.100697433685303,61,f6eefe00,43.51503456038,-79.68452280531,172.3026,-37.1,SOL_COMPUTED,SINGLE,good,6.7134,2.4992,18.2791,8,8,0.0,0.0,0,0,0,0,0,0,0,0,0,STATISTICANALYSIS,L2,2.342,0.0,2.955,0.331
2026-05-25 11:37:08.983827,1779723428.983827,2420,142638.0,,,,,,,,,,,,,,,,0.0000,,,,0.0,0.0,0.0,0.0,0.0,0.0,0.0,0.0,0.0,-9203752,731860,164227684,4235982,-273246,12373813,-0.5508909579516602,0.043805510675048835,9.829854841910402,0.9793316844635009,-0.06317271070861817,2.8607456614608764,61,f6ebfe00,43.51500949856,-79.68449777934,171.4994,-37.1,SOL_COMPUTED,SINGLE,good,6.7166,2.5058,18.3756,8,8,0.0,0.0,0,0,0,0,0,0,0,0,0,STATISTICANALYSIS,L2,1.025,0.0,1.56,0.41
2026-05-25 11:37:10.067611,1779723430.067611,2420,142639.0,,,,,,,,,,,,,,,,0.0000,,,,0.0,0.0,0.0,0.0,0.0,0.0,0.0,0.0,0.0,-7361435,6376752,165600975,856265,-166465,12242603,-0.4406189974533082,0.3816807556201172,9.912053231712342,0.19796293865203857,-0.03848563304901123,2.830410756752014,61,f6e7fe00,43.51499637453,-79.68446530718,167.034,-37.1,SOL_COMPUTED,SINGLE,good,7.3616,2.5118,18.2947,7,7,0.0,0.0,0,0,0,0,0,0,0,0,0,STATISTICANALYSIS,L2,1.529,0.0,1.56,0.41
2026-05-25 11:37:11.111122,1779723431.111122,2420,142640.0,,,,,,,,,,,,,,,,0.0000,,,,0.0,0.0,0.0,0.0,0.0,0.0,0.0,0.0,0.0,-6894299,6581663,163939372,-2529165,-1369861,8336013,-0.4126585527853394,0.39394571202972417,9.812597915184327,-0.5847266158676148,-0.3167030172958374,1.9272323756332397,61,f6e4fe00,43.5149804688,-79.68443403529,165.327,-37.1,SOL_COMPUTED,SINGLE,good,7.371,2.5165,18.3403,8,7,0.0,0.0,0,0,0,0,0,0,0,0,0,STATISTICANALYSIS,L2,2.711,0.0,1.56,0.41
2026-05-25 11:37:12.242322,1779723432.242322,2420,142641.0,,,,,,,,,,,,,,,,0.0000,,,,0.0,0.0,0.0,0.0,0.0,0.0,0.0,0.0,0.0,-7886309,4823289,163317834,960337,-23170,5634758,-0.47203535250762946,0.28869816328033454,9.775395732398072,0.22202371300506593,-0.005356754379272461,1.3027196630401612,61,f6e1fe00,43.51495921397,-79.6844016654,160.2511,-37.1,SOL_COMPUTED,SINGLE,good,6.7417,2.5262,15.9005,9,8,0.0,0.0,0,0,0,0,0,0,0,0,0,STATISTICANALYSIS,L2,1.646,0.0,1.56,0.41
2026-05-25 11:37:13.226728,1779723433.226728,2420,142642.0,,,,,,,,,,,,,,,,0.0000,,,,0.0,0.0,0.0,0.0,0.0,0.0,0.0,0.0,0.0,-5338352,5780722,166866180,2820247,-1957810,6457948,-0.319527280522461,0.346005355232544,9.987782129498292,0.6520228945999146,-0.45263302940368655,1.4930358752746582,61,f6ddfe00,43.51492863746,-79.68437634783,162.9581,-37.1,SOL_COMPUTED,SINGLE,good,7.5789,2.7591,18.1974,8,7,0.0,0.0,0,0,0,0,0,0,0,0,0,STATISTICANALYSIS,L2,2.046,0.0,0.844,0.353
2026-05-25 11:37:14.280860,1779723434.280860,2420,142643.0,,,,,,,,,,,,,,,,0.0000,,,,0.0,0.0,0.0,0.0,0.0,0.0,0.0,0.0,0.0,-1789081,3466365,163400247,-837107,4554182,7567576,-0.1070855175088501,0.207479420942688,9.780328565933534,-0.19353373276519775,1.0528974696807862,1.7495747034301758,61,f6dafe00,43.5149228759,-79.68433702663,160.2612,-37.1,SOL_COMPUTED,SINGLE,good,7.6069,2.7666,18.2586,9,8,0.0,0.0,0,0,0,0,0,0,0,0,0,STATISTICANALYSIS,L2,3.158,0.0,0.844,0.353
2026-05-25 11:37:15.299724,1779723435.299724,2420,142644.0,,,,,,,,,,,,,,,,0.0000,,,,0.0,0.0,0.0,0.0,0.0,0.0,0.0,0.0,0.0,1286252,11396321,163776640,3167178,2359613,6321818,0.07698866684448244,0.6821272664468385,9.802857584570313,0.7322311014862061,0.5455272883529663,1.461563498336792,61,f6d6fe00,43.51488109859,-79.68431228919,165.7115,-37.1,SOL_COMPUTED,SINGLE,good,7.2772,2.6649,17.2974,9,8,0.0,0.0,0,0,0,0,0,0,0,0,0,STATISTICANALYSIS,L2,2.351,0.0,0.844,0.353
2026-05-25 11:37:16.402852,1779723436.402852,2420,142645.0,,,,,,,,,,,,,,,,0.0000,,,,0.0,0.0,0.0,0.0,0.0,0.0,0.0,0.0,0.0,-1334421,6709973,162831379,-3794991,3514247,3284722,-0.07987182433868409,0.4016257124050904,9.74627894818329,-0.8773774129714966,0.8124712130813598,0.7594065152435303,61,f6d3fe00,43.51482291383,-79.68429170507,174.3539,-37.1,SOL_COMPUTED,SINGLE,good,7.4944,2.7262,17.9317,10,7,0.0,0.0,0,0,0,0,0,0,0,0,0,STATISTICANALYSIS,L2,1.443,0.0,1.327,0.446
2026-05-25 11:37:17.379436,1779723437.379436,2420,142646.0,,,,,,,,,,,,,,,,0.0000,,,,0.0,0.0,0.0,0.0,0.0,0.0,0.0,0.0,0.0,-5222289,-167455,162477939,-3751672,-5588892,180161,-0.3125803248403931,-0.010023025975036622,9.72512378231415,-0.8673623399047852,-1.292115740020752,0.04165205980682373,61,f6d0fe00,43.5148051237,-79.68424210207,165.0098,-37.1,SOL_COMPUTED,SINGLE,good,4.8958,2.401,6.73,12,10,0.0,0.0,0,0,0,0,0,0,0,0,0,STATISTICANALYSIS,L2,2.477,0.0,1.327,0.446
2026-05-25 11:37:18.410721,1779723438.410721,2420,142647.0,,,,,,,,,,,,,,,,0.0000,,,,0.0,0.0,0.0,0.0,0.0,0.0,0.0,0.0,0.0,-2278604,4335609,164515990,-4251022,-1958288,-1069166,-0.13638593699096682,0.2595080566397095,9.847111409506226,-0.9828088353424073,-0.4527435399169922,-0.24718427503967286,61,f6ccfe00,43.51477302694,-79.68419675552,168.437,-37.1,SOL_COMPUTED,SINGLE,good,2.5328,1.8878,5.5036,12,11,0.0,0.0,0,0,0,0,0,0,0,0,0,STATISTICANALYSIS,L2,2.528,0.0,1.327,0.446
2026-05-25 11:37:19.429475,1779723439.429475,2420,142648.0,,,,,,,,,,,,,,,,0.0000,,,,0.0,0.0,0.0,0.0,0.0,0.0,0.0,0.0,0.0,-7596266,-1225703,164219038,1591298,3235423,-840035,-0.454674816704712,-0.07336450393646242,9.82933733522156,0.36789782176208496,0.7480089047927857,-0.19421066745758056,61,f6c9fe00,43.51474617293,-79.68413601587,167.0975,-37.1,SOL_COMPUTED,SINGLE,good,2.2463,1.82,4.5317,12,11,0.0,0.0,0,0,0,0,0,0,0,0,0,STATISTICANALYSIS,L2,1.046,0.0,2.186,0.464
2026-05-25 11:37:20.404009,1779723440.404009,2420,142649.0,,,,,,,,,,,,,,,,0.0000,,,,0.0,0.0,0.0,0.0,0.0,0.0,0.0,0.0,0.0,-10570343,2590526,166225232,2206135,-6223381,111908,-0.632688318975525,0.15505604124694827,9.949418160356446,0.5100441658401489,-1.438805499595642,0.025872406951904296,61,f6c6fe00,43.51472820886,-79.68409621124,165.3477,-37.1,SOL_COMPUTED,SINGLE,good,2.2726,1.8277,4.6195,12,11,0.0,0.0,0,0,0,0,0,0,0,0,0,STATISTICANALYSIS,L2,1.637,0.0,2.186,0.464
2026-05-25 11:37:21.492963,1779723441.492963,2420,142650.0,,,,,,,,,,,,,,,,0.0000,,,,0.0,0.0,0.0,0.0,0.0,0.0,0.0,0.0,0.0,-7658810,15247146,159588245,-7138373,-10197676,-2525003,-0.4584183904205323,0.9126185566461182,9.55216102801056,-1.6503457414169311,-2.3576368395080567,-0.5837643883438111,61,f6c2fe00,43.51470049533,-79.68405814175,164.0705,-37.1,SOL_COMPUTED,SINGLE,good,2.3549,1.8382,4.8803,13,11,0.0,0.0,0,0,0,0,0,0,0,0,0,STATISTICANALYSIS,L2,1.977,0.0,2.186,0.464
2026-05-25 11:37:22.629000,1779723442.629000,2420,142651.0,,,,,,,,,,,,,,,,0.0000,,,,0.0,0.0,0.0,0.0,0.0,0.0,0.0,0.0,0.0,-8375346,-15378711,162047452,113958,8115225,-15250796,-0.5013066824395752,-0.9204933851815797,9.699356965062258,0.02634635371398926,1.876187615776062,-3.525885552886963,61,f6bffe00,43.51467462819,-79.68401502612,163.5584,-37.1,SOL_COMPUTED,SINGLE,good,2.2673,1.8256,4.4544,16,12,0.0,0.0,0,0,0,0,0,0,0,0,0,STATISTICANALYSIS,L2,1.445,0.0,2.172,0.46
2026-05-25 11:37:23.701566,1779723443.701566,2420,142652.0,,,,,,,,,,,,,,,,0.0000,,,,0.0,0.0,0.0,0.0,0.0,0.0,0.0,0.0,0.0,-14694100,-11352529,161404546,-1163700,531971,-26337805,-0.879515965362549,-0.6795060944692994,9.660875799749148,-0.2690399253845215,0.12298825998687744,-6.089130439109803,61,f6bbfe00,43.51464784939,-79.68397260275,164.3758,-37.1,SOL_COMPUTED,SINGLE,good,2.1121,1.6423,3.9159,17,15,0.0,0.0,0,0,0,0,0,0,0,0,0,STATISTICANALYSIS,L5,2.432,0.0,0.632,0.325
2026-05-25 11:37:25.007525,1779723445.007525,2420,142653.0,,,,,,,,,,,,,,,,0.0000,,,,0.0,0.0,0.0,0.0,0.0,0.0,0.0,0.0,0.0,-8257417,-13101803,162383869,-3741164,3291275,-34971703,-0.4942480372500611,-0.7842089623410036,9.719493218559878,-0.8649329581604004,0.7609215265274047,-8.085231903144836,61,f6b8fe00,43.51462118151,-79.68395153522,161.7928,-37.1,SOL_COMPUTED,SINGLE,good,2.9076,1.9162,6.0965,19,15,0.0,0.0,0,0,0,0,0,0,0,0,0,STATISTICANALYSIS,L2,1.222,0.0,2.172,0.46
2026-05-25 11:37:26.016400,1779723446.016400,2420,142654.0,,,,,,,,,,,,,,,,0.0000,,,,0.0,0.0,0.0,0.0,0.0,0.0,0.0,0.0,0.0,-16360763,-21489849,165432336,5258178,1689371,-48866146,-0.9792741484005739,-1.2862758038076785,9.901959337368165,1.2156567988128661,0.39057166605377197,-11.297537401107789,61,f6b5fe00,43.51459572096,-79.68392246836,161.228,-37.1,SOL_COMPUTED,SINGLE,good,2.639,1.55,5.0354,19,18,0.0,0.0,0,0,0,0,0,0,0,0,0,STATISTICANALYSIS,L2,1.218,0.0,1.342,0.425
2026-05-25 11:37:27.105807,1779723447.105807,2420,142655.0,,,,,,,,,,,,,,,,0.0000,,,,0.0,0.0,0.0,0.0,0.0,0.0,0.0,0.0,0.0,-13661451,-21967573,165112814,4674708,2238655,-52990702,-0.8177067166085816,-1.3148699936550905,9.882834334796755,1.0807623025817872,0.5175625798416138,-12.251108113906861,61,f6b2fe00,43.51456865202,-79.68391669092,161.0935,-37.1,SOL_COMPUTED,SINGLE,good,2.6566,1.506,5.0763,19,18,0.0,0.0,0,0,0,0,0,0,0,0,0,STATISTICANALYSIS,L2,3.25,0.0,1.342,0.425
2026-05-25 11:37:28.495692,1779723448.495692,2420,142656.0,,,,,,,,,,,,,,,,0.0000,,,,0.0,0.0,0.0,0.0,0.0,0.0,0.0,0.0,0.0,-7785581,-14246670,163842308,1292296,345126,-67844873,-0.466006273887024,-0.8527350241424562,9.806788145435792,0.29877049017333984,0.07979090254211425,-15.685296528007507,61,f6aefe00,43.51453860786,-79.68392051967,160.9018,-37.1,SOL_COMPUTED,SINGLE,good,2.6883,1.5162,5.1921,18,17,0.0,0.0,0,0,0,0,0,0,0,0,0,STATISTICANALYSIS,L5,5.774,0.0,0.44,0.466
2026-05-25 11:37:29.796160,1779723449.796160,2420,142657.0,,,,,,,,,,,,,,,,0.0000,,,,0.0,0.0,0.0,0.0,0.0,0.0,0.0,0.0,0.0,-9558455,-17649141,161801182,2444140,5185097,-67911151,-0.5721217207382203,-1.0563900670632935,9.684616463991091,0.5650693849182129,1.1987609435348512,-15.700619573616027,61,f6aafe00,43.51449742607,-79.68392003584,164.9267,-37.1,SOL_COMPUTED,SINGLE,good,2.0119,1.3838,3.8386,22,18,0.0,0.0,0,0,0,0,0,0,0,0,0,STATISTICANALYSIS,L2,1.505,0.0,1.728,0.382
2026-05-25 11:37:30.895619,1779723450.895619,2420,142658.0,,,,,,,,,,,,,,,,0.0000,,,,0.0,0.0,0.0,0.0,0.0,0.0,0.0,0.0,0.0,-10793653,-25405830,162607371,1261924,2990501,-72190436,-0.6460545482937623,-1.5206670090911867,9.732870940046084,0.291748679901123,0.6913845199813843,-16.68996263204956,61,f6a7fe00,43.51448559167,-79.68394166087,160.0945,-37.1,SOL_COMPUTED,SINGLE,good,1.9966,1.4972,4.3228,20,20,0.0,0.0,0,0,0,0,0,0,0,0,0,STATISTICANALYSIS,L2,2.045,0.0,1.728,0.382
2026-05-25 11:37:32.052267,1779723452.052267,2420,142659.0,,,,,,,,,,,,,,,,0.0000,,,,0.0,0.0,0.0,0.0,0.0,0.0,0.0,0.0,0.0,-12831332,-32063431,162504592,-1548081,811043,-92015550,-0.7680199094104005,-1.9191579932626346,9.726719098735353,-0.35790633043670655,0.1875079042739868,-21.273400967788696,61,f6a4fe00,43.51447177637,-79.68397586628,160.8863,-37.1,SOL_COMPUTED,SINGLE,good,2.3279,1.7411,5.083,19,19,0.0,0.0,0,0,0,0,0,0,0,0,0,STATISTICANALYSIS,L2,1.157,0.0,1.728,0.382
2026-05-25 11:37:33.198702,1779723453.198702,2420,142660.0,,,,,,,,,,,,,,,,0.0000,,,,0.0,0.0,0.0,0.0,0.0,0.0,0.0,0.0,0.0,-9631739,-25558840,165769115,8865655,3550660,-98411426,-0.5765081375997926,-1.5298254289916995,9.92211725839081,2.0496821858596803,0.8208896635437012,-22.752086197494506,61,f6a0fe00,43.51445585151,-79.68400889514,163.4796,-37.1,SOL_COMPUTED,SINGLE,good,3.583,1.7882,4.9023,18,18,0.0,0.0,0,0,0,0,0,0,0,0,0,STATISTICANALYSIS,L2,1.129,0.0,0.975,0.424
2026-05-25 11:37:34.376138,1779723454.376138,2420,142661.0,,,,,,,,,,,,,,,,0.0000,,,,0.0,0.0,0.0,0.0,0.0,0.0,0.0,0.0,0.0,-2515611,-11486198,165219495,2744852,-983606,-74031497,-0.15057200081268313,-0.6875068580120851,9.889219730479432,0.6345920574645996,-0.22740335554504396,-17.115604046562193,61,f69dfe00,43.5144576962,-79.6840446577,161.0458,-37.1,SOL_COMPUTED,SINGLE,good,2.3914,1.6766,4.4529,21,21,0.0,0.0,0,0,0,0,0,0,0,0,0,STATISTICANALYSIS,L2,1.347,0.0,0.975,0.424
2026-05-25 11:37:35.319343,1779723455.319343,2420,142662.0,,,,,,,,,,,,,,,,0.0000,,,,0.0,0.0,0.0,0.0,0.0,0.0,0.0,0.0,0.0,-3959831,-5046963,164311776,2531108,-4232828,-17112451,-0.2370158488534546,-0.30208617983367925,9.834888172060548,0.5851758249206543,-0.9786025000305176,-3.95628816721344,61,f699fe00,43.51446320084,-79.68407701752,163.3681,-37.1,SOL_COMPUTED,SINGLE,good,2.3382,1.8645,4.6954,19,19,0.0,0.0,0,0,0,0,0,0,0,0,0,STATISTICANALYSIS,L2,2.22,0.0,0.975,0.424
2026-05-25 11:37:36.353048,1779723456.353048,2420,142663.0,,,,,,,,,,,,,,,,0.0000,,,,0.0,0.0,0.0,0.0,0.0,0.0,0.0,0.0,0.0,-6834538,1974675,164500751,1529501,5405580,38194692,-0.40908155565002446,0.1181942540817261,9.846199278528749,0.35361075441741946,1.2497351893615722,8.83036614743042,61,f696fe00,43.51447201938,-79.68411502562,163.8549,-37.1,SOL_COMPUTED,SINGLE,good,2.1844,1.4478,3.7998,20,20,0.0,0.0,0,0,0,0,0,0,0,0,0,STATISTICANALYSIS,L2,1.402,0.0,1.148,0.5
2026-05-25 11:37:37.258815,1779723457.258815,2420,142664.0,,,,,,,,,,,,,,,,0.0000,,,,0.0,0.0,0.0,0.0,0.0,0.0,0.0,0.0,0.0,-2858877,13881078,165665882,-2323966,-3257854,62418423,-0.171118201489563,0.83085249980896,9.915938242891237,-0.5372859321441651,-0.7531948071441651,14.430736329414367,61,f693fe00,43.51446590623,-79.6841452499,164.5077,-37.1,SOL_COMPUTED,SINGLE,good,2.1604,1.7959,4.1905,18,18,0.0,0.0,0,0,0,0,0,0,0,0,0,STATISTICANALYSIS,L2,1.671,0.0,1.148,0.5
2026-05-25 11:37:38.393457,1779723458.393457,2420,142665.0,,,,,,,,,,,,,,,,0.0000,,,,0.0,0.0,0.0,0.0,0.0,0.0,0.0,0.0,0.0,3582793,17394139,168703333,-2873954,-400490,68989834,0.21444822371490482,1.0411269117697146,10.097744998562318,-0.6644396061859131,-0.09259070182800293,15.950004117599487,61,f690fe00,43.51445682309,-79.68417945224,164.3892,-37.1,SOL_COMPUTED,SINGLE,good,2.3066,1.9232,4.5526,22,22,0.0,0.0,0,0,0,0,0,0,0,0,0,STATISTICANALYSIS,L2,1.715,0.0,1.148,0.5
2026-05-25 11:37:39.368958,1779723459.368958,2420,142666.0,,,,,,,,,,,,,,,,0.0000,,,,0.0,0.0,0.0,0.0,0.0,0.0,0.0,0.0,0.0,-4704265,1753244,167230610,-1568517,-169227,31370173,-0.28157397682037355,0.10494049238647463,10.009595102273561,-0.3626310016708374,-0.03912418961334228,7.252581424095154,61,f68cfe00,43.51446171795,-79.68421404323,157.7621,-37.1,SOL_COMPUTED,SINGLE,good,2.6376,1.6982,4.9265,18,18,0.0,0.0,0,0,0,0,0,0,0,0,0,STATISTICANALYSIS,L2,1.259,0.0,1.21,0.413
2026-05-25 11:37:40.329585,1779723460.329585,2420,142667.0,,,,,,,,,,,,,,,,0.0000,,,,0.0,0.0,0.0,0.0,0.0,0.0,0.0,0.0,0.0,-10409557,12691912,166015140,-1847724,-2184416,78289910,-0.623064466272278,0.7596749195239259,9.936843094976808,-0.4271818570861816,-0.5050228732910156,18.100121633377075,61,f689fe00,43.51445229392,-79.68425768068,158.6054,-37.1,SOL_COMPUTED,SINGLE,good,3.1493,1.8408,7.0892,19,19,0.0,0.0,0,0,0,0,0,0,0,0,0,STATISTICANALYSIS,L5,1.968,0.0,0.741,0.302
2026-05-25 11:37:41.394476,1779723461.394476,2420,142668.0,,,,,,,,,,,,,,,,0.0000,,,,0.0,0.0,0.0,0.0,0.0,0.0,0.0,0.0,0.0,-25354274,1109048,163053958,-6832503,-618087,68481509,-1.5175811225714113,0.06638211406982422,9.759601423466188,-1.57963057257843,-0.1428977230911255,15.832482660118103,61,f686fe00,43.51442865778,-79.68425806842,160.3625,-37.1,SOL_COMPUTED,SINGLE,good,2.3517,1.77,4.7786,20,20,0.0,0.0,0,0,0,0,0,0,0,0,0,STATISTICANALYSIS,L5,2.728,0.0,0.741,0.302
2026-05-25 11:37:42.279300,1779723462.279300,2420,142669.0,,,,,,,,,,,,,,,,0.0000,,,,0.0,0.0,0.0,0.0,0.0,0.0,0.0,0.0,0.0,-706479,-3488474,163912709,314585,-3493072,38044839,-0.04228632986663819,-0.20880275605529788,9.811002000212708,0.07273002056121826,-0.8075756898193359,8.795721101509095,61,f682fe00,43.51440925894,-79.68425534989,163.9864,-37.1,SOL_COMPUTED,SINGLE,good,2.0872,1.8944,4.6243,17,17,0.0,0.0,0,0,0,0,0,0,0,0,0,STATISTICANALYSIS,L2,1.462,0.0,1.076,0.477
2026-05-25 11:37:43.266297,1779723463.266297,2420,142670.0,,,,,,,,,,,,,,,,0.0000,,,,0.0,0.0,0.0,0.0,0.0,0.0,0.0,0.0,0.0,2643028,-3769866,164061874,526008,-1459583,63143614,0.15819855063598634,-0.22564548589416508,9.819930277478639,0.12160965289306641,-0.33744616431427005,14.59839580567932,61,f67ffe00,43.51439877105,-79.68425801649,163.6456,-37.1,SOL_COMPUTED,SINGLE,good,2.3192,1.8237,5.6386,18,18,0.0,0.0,0,0,0,0,0,0,0,0,0,STATISTICANALYSIS,L2,1.177,0.0,1.076,0.477
2026-05-25 11:37:44.190089,1779723464.190089,2420,142671.0,,,,,,,,,,,,,,,,0.0000,,,,0.0,0.0,0.0,0.0,0.0,0.0,0.0,0.0,0.0,9960295,9593212,165637681,-962833,-860799,111297232,0.59617387061615,0.5742021024157715,9.914250270865786,-0.22260077208709717,-0.19901117017364503,25.731201334350587,61,f67bfe00,43.51437465977,-79.68425169761,168.0864,-37.1,SOL_COMPUTED,SINGLE,good,2.0659,1.5525,4.0815,21,21,0.0,0.0,0,0,0,0,0,0,0,0,0,—,—,0.0,0.0,0.0,0.0
2026-05-25 11:37:45.277537,1779723465.277537,2420,142672.0,,,,,,,,,,,,,,,,0.0000,,,,0.0,0.0,0.0,0.0,0.0,0.0,0.0,0.0,0.0,9943760,9119554,163885307,-2466360,-583053,97895211,0.5951841675048829,0.5458512831671143,9.809361852365418,-0.5702065054321289,-0.13479808852386474,22.632740622962952,61,f678fe00,43.51436867875,-79.68422300291,163.9146,-37.1,SOL_COMPUTED,SINGLE,good,2.3426,1.63,4.8462,20,19,0.0,0.0,0,0,0,0,0,0,0,0,0,STATISTICANALYSIS,L5,2.293,0.0,1.075,0.315
2026-05-25 11:37:46.428831,1779723466.428831,2420,142673.0,,,,,,,,,,,,,,,,0.0000,,,,0.0,0.0,0.0,0.0,0.0,0.0,0.0,0.0,0.0,-6584142,19472336,163872182,-820712,3654379,81577576,-0.39409409267761236,1.1655174794580079,9.808576254945681,-0.18974331463623048,0.844868826576233,18.860208782409668,61,f675fe00,43.51435735026,-79.68418935491,161.4941,-37.1,SOL_COMPUTED,SINGLE,good,2.5981,1.9251,6.0359,20,19,0.0,0.0,0,0,0,0,0,0,0,0,0,STATISTICANALYSIS,L5,5.7,0.0,1.139,0.306
2026-05-25 11:37:47.456693,1779723467.456693,2420,142674.0,,,,,,,,,,,,,,,,0.0000,,,,0.0,0.0,0.0,0.0,0.0,0.0,0.0,0.0,0.0,-13282664,21495572,166026019,-4740049,-4195105,91105854,-0.7950344050024415,1.2866183542102052,9.937494257973329,-1.0958687198410033,-0.9698811860275268,21.063085126968385,61,f672fe00,43.51433249242,-79.68413637849,163.226,-37.1,SOL_COMPUTED,SINGLE,good,2.3193,1.82,4.271,21,20,0.0,0.0,0,0,0,0,0,0,0,0,0,STATISTICANALYSIS,L5,4.033,0.0,1.139,0.306
2026-05-25 11:37:48.527150,1779723468.527150,2420,142675.0,,,,,,,,,,,,,,,,0.0000,,,,0.0,0.0,0.0,0.0,0.0,0.0,0.0,0.0,0.0,-13508071,30082046,163832335,-14061431,-906875,114485247,-0.8085261503427125,1.8005621118524173,9.806191211106874,-3.25091204523468,-0.2096636438369751,26.468249815681457,61,f66ffe00,43.51434276768,-79.68409591581,162.8811,-37.1,SOL_COMPUTED,SINGLE,good,1.9122,1.6147,3.5455,22,21,0.0,0.0,0,0,0,0,0,0,0,0,0,STATISTICANALYSIS,L5,2.147,0.0,1.139,0.306
2026-05-25 11:37:49.650878,1779723469.650878,2420,142676.0,,,,,,,,,,,,,,,,0.0000,,,,0.0,0.0,0.0,0.0,0.0,0.0,0.0,0.0,0.0,-12518053,20188059,162878032,8845487,-2423501,114413527,-0.7492685818630983,1.2083571093283083,9.749071365434572,2.045019474494934,-0.5602977813949584,26.451668614814757,61,f66bfe00,43.51436546432,-79.68405353033,163.3632,-37.1,SOL_COMPUTED,SINGLE,good,1.9084,1.5272,3.6067,20,19,0.0,0.0,0,0,0,0,0,0,0,0,0,STATISTICANALYSIS,L5,5.499,0.0,0.812,0.268
2026-05-25 11:37:50.662783,1779723470.662783,2420,142677.0,,,,,,,,,,,,,,,,0.0000,,,,0.0,0.0,0.0,0.0,0.0,0.0,0.0,0.0,0.0,-22228556,34610004,163218246,-5884764,2411387,108773854,-1.3304911419519045,2.0715832258703615,9.769434888524781,-1.3605194358215331,0.5574971028213501,25.147812635513304,61,f667fe00,43.51439573117,-79.68404135465,162.174,-37.1,SOL_COMPUTED,SINGLE,good,3.0323,2.0657,5.0466,18,17,0.0,0.0,0,0,0,0,0,0,0,0,0,STATISTICANALYSIS,L5,2.958,0.0,0.812,0.268
2026-05-25 11:37:51.673992,1779723471.673992,2420,142678.0,,,,,,,,,,,,,,,,0.0000,,,,0.0,0.0,0.0,0.0,0.0,0.0,0.0,0.0,0.0,-16477269,26265760,165220320,-15546572,-1599729,123280646,-0.9862476198660279,1.5721381549316409,9.889269110888673,-3.5942670541076662,-0.3698470145187378,28.50168926802063,61,f664fe00,43.51442133707,-79.68402616412,161.4987,-37.1,SOL_COMPUTED,SINGLE,good,2.822,1.6325,4.3685,21,20,0.0,0.0,0,0,0,0,0,0,0,0,0,STATISTICANALYSIS,L5,3.446,0.0,0.812,0.268
2026-05-25 11:37:52.581537,1779723472.581537,2420,142679.0,,,,,,,,,,,,,,,,0.0000,,,,0.0,0.0,0.0,0.0,0.0,0.0,0.0,0.0,0.0,3937230,24442356,168570134,-6532904,-4894166,144712112,0.23566306506042484,1.4629982328332523,10.08977236688904,-1.5103652184448242,-1.131499575027466,33.456505813110354,61,f661fe00,43.51445638222,-79.6840418074,162.141,-37.1,SOL_COMPUTED,SINGLE,good,2.0791,1.4646,3.9667,22,21,0.0,0.0,0,0,0,0,0,0,0,0,0,STATISTICANALYSIS,L5,4.103,0.0,0.585,0.505
2026-05-25 11:37:53.593881,1779723473.593881,2420,142680.0,,,,,,,,,,,,,,,,0.0000,,,,0.0,0.0,0.0,0.0,0.0,0.0,0.0,0.0,0.0,-5588844,28748826,161685800,-5362412,1197186,133253611,-0.3345204895788575,1.7207621734185794,9.677710269592286,-1.2397550265197754,0.2767816723480225,30.807374375404358,61,f65efe00,43.5144678557,-79.6840910326,162.2845,-37.1,SOL_COMPUTED,SINGLE,good,2.3018,1.5042,4.1541,21,20,0.0,0.0,0,0,0,0,0,0,0,0,0,STATISTICANALYSIS,L5,3.089,0.0,0.585,0.505
2026-05-25 11:37:54.453844,1779723474.453844,2420,142681.0,,,,,,,,,,,,,,,,0.0000,,,,0.0,0.0,0.0,0.0,0.0,0.0,0.0,0.0,0.0,-703955,16180930,165542756,-7830643,-4777058,100115919,-0.04213525574188233,0.9685102367218019,9.908568531051026,-1.8103940950698854,-1.104424961654663,23.146153972297668,61,f65afe00,43.51447423839,-79.68413943752,163.6252,-37.1,SOL_COMPUTED,SINGLE,good,2.6913,1.6506,4.8277,19,19,0.0,0.0,0,0,0,0,0,0,0,0,0,STATISTICANALYSIS,L2,2.127,0.0,1.617,0.448
2026-05-25 11:37:55.521122,1779723475.521122,2420,142682.0,,,,,,,,,,,,,,,,0.0000,,,,0.0,0.0,0.0,0.0,0.0,0.0,0.0,0.0,0.0,-22171,-1343009,165045968,1741913,-2216975,54913393,-0.0013270461251831058,-0.08038585943511964,9.878833264692384,0.40271903716278074,-0.5125503038406372,12.695621857292176,61,f657fe00,43.51445181991,-79.68417995268,164.1935,-37.1,SOL_COMPUTED,SINGLE,good,2.5287,1.8166,4.8094,19,19,0.0,0.0,0,0,0,0,0,0,0,0,0,STATISTICANALYSIS,L2,1.645,0.0,1.617,0.448
2026-05-25 11:37:56.476848,1779723476.476848,2420,142683.0,,,,,,,,,,,,,,,,0.0000,,,,0.0,0.0,0.0,0.0,0.0,0.0,0.0,0.0,0.0,-11295651,-14955818,158964726,6490052,-2707246,-46671647,-0.6761016594186402,-0.8951811071148683,9.514840272387087,1.5004581127624512,-0.6258977931060791,-10.790183403327942,61,f654fe00,43.51444220802,-79.68422924163,163.5562,-37.1,SOL_COMPUTED,SINGLE,good,2.3222,1.6951,4.5393,20,20,0.0,0.0,0,0,0,0,0,0,0,0,0,STATISTICANALYSIS,L5,1.737,0.0,0.921,0.311
2026-05-25 11:37:57.416260,1779723477.416260,2420,142684.0,,,,,,,,,,,,,,,,0.0000,,,,0.0,0.0,0.0,0.0,0.0,0.0,0.0,0.0,0.0,-7764794,-19135327,159870827,-2307370,5294313,-63459603,-0.4647620671392823,-1.145345791775818,9.569074985348816,-0.5334490441131592,1.224010977470398,-14.671450421974182,61,f650fe00,43.5144438002,-79.68427257552,162.2248,-37.1,SOL_COMPUTED,SINGLE,good,2.4026,1.8097,5.3605,20,20,0.0,0.0,0,0,0,0,0,0,0,0,0,STATISTICANALYSIS,L5,3.896,0.0,0.921,0.311
2026-05-25 11:37:58.549311,1779723478.549311,2420,142685.0,,,,,,,,,,,,,,,,0.0000,,,,0.0,0.0,0.0,0.0,0.0,0.0,0.0,0.0,0.0,-9408252,-14129711,162975358,-87586,4080723,-62180223,-0.563131313939209,-0.8457344383432008,9.754896817203981,-0.020249317611694337,0.9434368062515259,-14.37566602759552,61,f64dfe00,43.514439458,-79.68432000045,163.8338,-37.1,SOL_COMPUTED,SINGLE,good,2.5612,1.9352,4.6739,17,17,0.0,0.0,0,0,0,0,0,0,0,0,0,—,—,0.0,0.0,0.0,0.0
2026-05-25 11:37:59.535164,1779723479.535164,2420,142686.0,,,,,,,,,,,,,,,,0.0000,,,,0.0,0.0,0.0,0.0,0.0,0.0,0.0,0.0,0.0,-12030110,-17248668,164898001,436664,365051,-74418594,-0.7200627333465577,-1.0324197390270997,9.869976693766176,0.10095389703369141,0.0843974338760376,-17.205098373275757,61,f64afe00,43.51441737625,-79.68435073076,168.2594,-37.1,SOL_COMPUTED,SINGLE,good,3.6164,1.5859,4.294,18,18,0.0,0.0,0,0,0,0,0,0,0,0,0,—,—,0.0,0.0,0.0,0.0
2026-05-25 11:38:00.628655,1779723480.628655,2420,142687.0,,,,,,,,,,,,,,,,0.0000,,,,0.0,0.0,0.0,0.0,0.0,0.0,0.0,0.0,0.0,-15670570,-13461021,162113052,4871012,2804959,-78835940,-0.9379626177398683,-0.8057099706399538,9.703283455784913,1.126146519744873,0.6484884077224732,-18.226360243377684,61,f646fe00,43.51443262632,-79.68435319713,158.2575,-37.1,SOL_COMPUTED,SINGLE,good,4.7413,1.7635,7.0786,14,14,0.0,0.0,0,0,0,0,0,0,0,0,0,—,—,0.0,0.0,0.0,0.0
2026-05-25 11:38:01.802188,1779723481.802188,2420,142688.0,,,,,,,,,,,,,,,,0.0000,,,,0.0,0.0,0.0,0.0,0.0,0.0,0.0,0.0,0.0,-17964476,-14683778,165193340,6422412,1854769,-85257866,-1.075264456575928,-0.8788981416241456,9.887654221868898,1.4848201815490722,0.4288106155929565,-19.711068064865113,61,f643fe00,43.51446920343,-79.684372742,162.4561,-37.1,SOL_COMPUTED,SINGLE,good,4.682,1.8214,7.1049,18,18,0.0,0.0,0,0,0,0,0,0,0,0,0,—,—,0.0,0.0,0.0,0.0
2026-05-25 11:38:02.916796,1779723482.916796,2420,142689.0,,,,,,,,,,,,,,,,0.0000,,,,0.0,0.0,0.0,0.0,0.0,0.0,0.0,0.0,0.0,-10067378,-9561877,164968181,4320461,2104488,-91443823,-0.6025833280255127,-0.5723265446902467,9.87417732057892,0.9988626837387085,0.4865440358276367,-21.141221377326964,61,f640fe00,43.51449035511,-79.68437444455,163.1765,-37.1,SOL_COMPUTED,SINGLE,good,4.2077,1.7464,5.3394,17,17,0.0,0.0,0,0,0,0,0,0,0,0,0,—,—,0.0,0.0,0.0,0.0
2026-05-25 11:38:04.024330,1779723484.024330,2420,142690.0,,,,,,,,,,,,,,,,0.0000,,,,0.0,0.0,0.0,0.0,0.0,0.0,0.0,0.0,0.0,-11476393,-12014425,161958921,7242999,3474445,-86136020,-0.6869199793301393,-0.7191239070205689,9.694057938382874,1.6745345969924927,0.8032692477035522,-19.914091598968508,61,f63dfe00,43.51450796907,-79.68436467858,162.6812,-37.1,SOL_COMPUTED,SINGLE,good,4.3923,2.0648,6.5816,15,15,0.0,0.0,0,0,0,0,0,0,0,0,0,—,—,0.0,0.0,0.0,0.0
2026-05-25 11:38:05.123698,1779723485.123698,2420,142691.0,,,,,,,,,,,,,,,,0.0000,,,,0.0,0.0,0.0,0.0,0.0,0.0,0.0,0.0,0.0,-6658544,-13082857,162921601,4418385,243505,-75603977,-0.39854742747558597,-0.7830749487246705,9.751679189737855,1.0215020801925658,0.056296783561706545,-17.479151268241882,61,f63afe00,43.51452807229,-79.68434629079,164.2582,-37.1,SOL_COMPUTED,SINGLE,good,3.5582,2.0165,4.6938,16,16,0.0,0.0,0,0,0,0,0,0,0,0,0,STATISTICANALYSIS,L5,5.981,0.0,0.629,0.406
2026-05-25 11:38:06.273412,1779723486.273412,2420,142692.0,,,,,,,,,,,,,,,,0.0000,,,,0.0,0.0,0.0,0.0,0.0,0.0,0.0,0.0,0.0,-4263038,-8614631,163110093,3308190,1108524,-37062714,-0.2551643164227295,-0.5156290960458375,9.76296138622101,0.7648321652984619,0.25628359048461913,-8.568660143600464,61,f636fe00,43.51455796093,-79.68432517995,168.3582,-37.1,SOL_COMPUTED,SINGLE,good,2.6456,1.7301,4.2589,20,19,0.0,0.0,0,0,0,0,0,0,0,0,0,STATISTICANALYSIS,L5,3.796,0.0,0.629,0.406
2026-05-25 11:38:07.223101,1779723487.223101,2420,142693.0,,,,,,,,,,,,,,,,0.0000,,,,0.0,0.0,0.0,0.0,0.0,0.0,0.0,0.0,0.0,-9597099,-7664990,165241270,-665819,1585039,-28525207,-0.5744347589620973,-0.4587882945770264,9.89052307400818,-0.15393305326080323,0.3664507813796997,-6.594843656318664,61,f633fe00,43.51456085415,-79.68430268142,166.3413,-37.1,SOL_COMPUTED,SINGLE,good,2.3895,1.5495,3.5875,22,22,0.0,0.0,0,0,0,0,0,0,0,0,0,STATISTICANALYSIS,L5,3.186,0.0,0.629,0.406
2026-05-25 11:38:08.187628,1779723488.187628,2420,142694.0,,,,,,,,,,,,,,,,0.0000,,,,0.0,0.0,0.0,0.0,0.0,0.0,0.0,0.0,0.0,-14233387,-7359476,162877441,-1100070,1047289,-30542242,-0.8519399696261598,-0.440501741427002,9.749035991105043,-0.25432908027648926,0.24212645391082763,-7.061169123275757,61,f62ffe00,43.51456578187,-79.68427260026,165.5489,-37.1,SOL_COMPUTED,SINGLE,good,2.0704,1.5225,3.3477,20,19,0.0,0.0,0,0,0,0,0,0,0,0,0,STATISTICANALYSIS,L5,3.645,0.0,0.402,0.364
2026-05-25 11:38:09.158513,1779723489.158513,2420,142695.0,,,,,,,,,,,,,,,,0.0000,,,,0.0,0.0,0.0,0.0,0.0,0.0,0.0,0.0,0.0,-14203266,-13079912,165859392,3456497,-418700,-27799512,-0.8501370759210206,-0.7828986756274415,9.927520791972658,0.7991197860031128,-0.09680073623657226,-6.4270676585083,61,f62cfe00,43.51457242891,-79.68424902539,164.4256,-37.1,SOL_COMPUTED,SINGLE,good,1.8833,1.456,3.2921,21,20,0.0,0.0,0,0,0,0,0,0,0,0,0,STATISTICANALYSIS,L5,2.394,0.0,0.402,0.364
2026-05-25 11:38:10.179564,1779723490.179564,2420,142696.0,,,,,,,,,,,,,,,,0.0000,,,,0.0,0.0,0.0,0.0,0.0,0.0,0.0,0.0,0.0,-13599020,-7685038,161754768,196653,308811,-23036514,-0.8139699065124513,-0.45998826844909674,9.681838352094728,0.04546490370941162,0.07139510904693604,-5.325893278060913,61,f628fe00,43.51458132621,-79.68422799897,162.8797,-37.1,SOL_COMPUTED,SINGLE,good,1.767,1.4249,3.2645,23,22,0.0,0.0,0,0,0,0,0,0,0,0,0,STATISTICANALYSIS,L5,3.304,0.0,0.402,0.364
2026-05-25 11:38:11.093536,1779723491.093536,2420,142697.0,,,,,,,,,,,,,,,,0.0000,,,,0.0,0.0,0.0,0.0,0.0,0.0,0.0,0.0,0.0,-12488227,-5592656,164807919,3179377,-1190156,-9125419,-0.7474833453952028,-0.33474865699707035,9.864584831917421,0.7350514315109253,-0.2751563817443848,-2.1097379452285767,61,f625fe00,43.51459167119,-79.68418785579,163.2331,-37.1,SOL_COMPUTED,SINGLE,good,1.7999,1.5267,3.5476,25,23,0.0,0.0,0,0,0,0,0,0,0,0,0,STATISTICANALYSIS,L5,2.283,0.0,0.434,0.273
2026-05-25 11:38:12.094460,1779723492.094460,2420,142698.0,,,,,,,,,,,,,,,,0.0000,,,,0.0,0.0,0.0,0.0,0.0,0.0,0.0,0.0,0.0,-9912341,-3236755,162103177,216992,-2278544,1005769,-0.5933035819558716,-0.1937361048629761,9.702692387250062,0.050167149169921876,-0.5267846590576172,0.2325272980270386,61,f622fe00,43.51459324428,-79.68417408384,162.58,-37.1,SOL_COMPUTED,SINGLE,good,2.0572,1.3839,3.0981,24,22,0.0,0.0,0,0,0,0,0,0,0,0,0,STATISTICANALYSIS,L5,1.61,0.0,0.434,0.273
2026-05-25 11:38:13.086700,1779723493.086700,2420,142699.0,,,,,,,,,,,,,,,,0.0000,,,,0.0,0.0,0.0,0.0,0.0,0.0,0.0,0.0,0.0,-5396950,-1356846,164233707,-2482947,-1194480,10801701,-0.3230346662445069,-0.08121407364440919,9.83021534882538,-0.5740413127212525,-0.2761560626220703,2.4972835190048217,61,f61ffe00,43.51459746218,-79.68415252285,161.4294,-37.1,SOL_COMPUTED,SINGLE,good,1.9169,1.471,3.2461,24,22,0.0,0.0,0,0,0,0,0,0,0,0,0,STATISTICANALYSIS,L5,3.521,0.0,0.434,0.273
2026-05-25 11:38:14.005502,1779723494.005502,2420,142700.0,,,,,,,,,,,,,,,,0.0000,,,,0.0,0.0,0.0,0.0,0.0,0.0,0.0,0.0,0.0,-2122440,-7591519,165877351,-2118852,-3602516,9173070,-0.1270387342895508,-0.45439068482269296,9.928595728663026,-0.4898648998718262,-0.8328784358825684,2.1207545487213135,61,f61bfe00,43.51459737123,-79.68412808356,161.7541,-37.1,SOL_COMPUTED,SINGLE,good,1.7517,1.3159,2.9925,25,23,0.0,0.0,0,0,0,0,0,0,0,0,0,STATISTICANALYSIS,L5,4.3,0.0,0.546,0.328
2026-05-25 11:38:14.948228,1779723494.948228,2420,142701.0,,,,,,,,,,,,,,,,0.0000,,,,0.0,0.0,0.0,0.0,0.0,0.0,0.0,0.0,0.0,-5730070,-14993817,164177796,185991,-2601662,-16143197,-0.34297357767028813,-0.8974555388369753,9.826868793599855,0.04299991815948486,-0.6014874541168213,-3.7322029013900755,61,f618fe00,43.51460549114,-79.68410506344,161.9577,-37.1,SOL_COMPUTED,SINGLE,good,1.75,1.4204,3.3246,24,22,0.0,0.0,0,0,0,0,0,0,0,0,0,STATISTICANALYSIS,L5,6.362,0.0,0.546,0.328
2026-05-25 11:38:15.723341,1779723495.723341,2420,142702.0,,,,,,,,,,,,,,,,0.0000,,,,0.0,0.0,0.0,0.0,0.0,0.0,0.0,0.0,0.0,-5501448,-10259982,161269906,1025471,357970,-41028758,-0.32928939837158205,-0.6141116484393312,9.652816916961061,0.23708227320098876,0.08276035240173339,-9.485583905593872,61,f615fe00,43.51462395578,-79.68408788818,163.4314,-37.1,SOL_COMPUTED,SINGLE,good,6.7421,2.7163,18.1491,25,9,0.0,0.0,0,0,0,0,0,0,0,0,0,STATISTICANALYSIS,L2,1.995,0.0,2.148,0.407
2026-05-25 11:38:16.668098,1779723496.668098,2420,142703.0,,,,,,,,,,,,,,,,0.0000,,,,0.0,0.0,0.0,0.0,0.0,0.0,0.0,0.0,0.0,-4927765,-11133189,165330445,-1115252,4063839,-23581889,-0.2949515785964966,-0.6663774896658327,9.895860647334292,-0.2578390606384277,0.9395333344802856,-5.451980456291198,61,f612fe00,43.51461231099,-79.68404868445,162.7883,-37.1,SOL_COMPUTED,SINGLE,good,1.9068,1.2361,3.1177,23,22,0.0,0.0,0,0,0,0,0,0,0,0,0,STATISTICANALYSIS,L2,1.328,0.0,2.148,0.407
2026-05-25 11:38:17.663514,1779723497.663514,2420,142704.0,,,,,,,,,,,,,,,,0.0000,,,,0.0,0.0,0.0,0.0,0.0,0.0,0.0,0.0,0.0,-7154339,9078112,163927785,-192015,-170028,37984639,-0.4282232577780152,0.5433707705371095,9.811904374818422,-0.04439262805938721,-0.03930937564086914,8.78180325025177,61,f60efe00,43.51460996842,-79.68401967303,163.6941,-37.1,SOL_COMPUTED,SINGLE,good,1.9062,1.2299,3.116,23,22,0.0,0.0,0,0,0,0,0,0,0,0,0,STATISTICANALYSIS,L2,1.285,0.0,2.148,0.407
2026-05-25 11:38:18.730145,1779723498.730145,2420,142705.0,,,,,,,,,,,,,,,,0.0000,,,,0.0,0.0,0.0,0.0,0.0,0.0,0.0,0.0,0.0,-13735246,18043613,163460145,-3466817,-1370697,91876694,-0.8221237193963624,1.0800012049954226,9.783913763209535,-0.8015057033615113,-0.31689629509735107,21.241298357254028,61,f60bfe00,43.51461111567,-79.68399872892,161.4366,-37.1,SOL_COMPUTED,SINGLE,good,2.196,1.3527,3.3197,22,21,0.0,0.0,0,0,0,0,0,0,0,0,0,STATISTICANALYSIS,L5,3.537,0.0,0.437,0.418
2026-05-25 11:38:19.707024,1779723499.707024,2420,142706.0,,,,,,,,,,,,,,,,0.0000,,,,0.0,0.0,0.0,0.0,0.0,0.0,0.0,0.0,0.0,-9748471,8768090,162802095,-5906979,-4586600,111586630,-0.5834951363046266,0.5248143908599854,9.74452615314789,-1.3656554003677368,-1.060392301940918,25.798108283157347,61,f608fe00,43.51462901257,-79.68398399712,161.6869,-37.1,SOL_COMPUTED,SINGLE,good,2.0506,1.3242,3.3333,22,21,0.0,0.0,0,0,0,0,0,0,0,0,0,STATISTICANALYSIS,L2,1.177,0.0,1.283,0.587
2026-05-25 11:38:20.700088,1779723500.700088,2420,142707.0,,,,,,,,,,,,,,,,0.0000,,,,0.0,0.0,0.0,0.0,0.0,0.0,0.0,0.0,0.0,-10650651,5141778,165515067,-5821420,-2806961,106719078,-0.6374951576486207,0.3077613355938721,9.906911204806825,-1.3458747120666503,-0.6489512571945191,24.672761693069457,61,f605fe00,43.51465489312,-79.68397363778,162.4773,-37.1,SOL_COMPUTED,SINGLE,good,2.2556,1.2789,3.6919,22,21,0.0,0.0,0,0,0,0,0,0,0,0,0,STATISTICANALYSIS,L2,1.173,0.0,1.283,0.587
2026-05-25 11:38:21.604308,1779723501.604308,2420,142708.0,,,,,,,,,,,,,,,,0.0000,,,,0.0,0.0,0.0,0.0,0.0,0.0,0.0,0.0,0.0,-7668869,3118314,164401503,-66817,-1586359,103961377,-0.45902047228302006,0.18664681389221194,9.840258785369569,-0.01544765892791748,-0.36675595685577395,24.035199029777527,61,f601fe00,43.51466710081,-79.68398237048,161.5844,-37.1,SOL_COMPUTED,SINGLE,good,2.4707,1.3291,3.8468,20,20,0.0,0.0,0,0,0,0,0,0,0,0,0,STATISTICANALYSIS,L2,1.39,0.0,1.283,0.587
2026-05-25 11:38:22.408180,1779723502.408180,2420,142709.0,,,,,,,,,,,,,,,,0.0000,,,,0.0,0.0,0.0,0.0,0.0,0.0,0.0,0.0,0.0,-7901549,6947779,164720075,-4001530,-1644869,101401222,-0.472947543340149,0.41585960040496833,9.859326925651551,-0.9251278960418701,-0.38028309102630614,23.443307726028443,61,f5fffe00,43.51467809837,-79.68399864095,170.9098,-37.1,SOL_COMPUTED,SINGLE,good,6.4506,2.5867,16.6486,21,9,0.0,0.0,0,0,0,0,0,0,0,0,0,STATISTICANALYSIS,L2,1.374,0.0,1.146,0.455
2026-05-25 11:38:23.526831,1779723503.526831,2420,142710.0,,,,,,,,,,,,,,,,0.0000,,,,0.0,0.0,0.0,0.0,0.0,0.0,0.0,0.0,0.0,-9989378,3673777,162846905,-4286730,2107308,104531420,-0.597914634788208,0.2198940748110962,9.747208257557679,-0.9910642943572998,0.48719600161743165,24.166989290313722,61,f5fbfe00,43.51469087982,-79.684010137,163.6528,-37.1,SOL_COMPUTED,SINGLE,good,2.0236,1.1793,3.3108,21,21,0.0,0.0,0,0,0,0,0,0,0,0,0,STATISTICANALYSIS,L5,2.316,0.0,0.874,0.344
2026-05-25 11:38:24.506524,1779723504.506524,2420,142711.0,,,,,,,,,,,,,,,,0.0000,,,,0.0,0.0,0.0,0.0,0.0,0.0,0.0,0.0,0.0,-10376076,10269199,162927015,-6344752,-2172203,110527293,-0.6210604596276856,0.6146633323568726,9.752003244932558,-1.466865691040039,-0.5021993065567016,25.553196409446716,61,f5f8fe00,43.51470557036,-79.68403528667,161.7761,-37.1,SOL_COMPUTED,SINGLE,good,2.63,1.3578,4.363,19,19,0.0,0.0,0,0,0,0,0,0,0,0,0,STATISTICANALYSIS,L5,3.796,0.0,0.874,0.344
2026-05-25 11:38:25.546536,1779723505.546536,2420,142712.0,,,,,,,,,,,,,,,,0.0000,,,,0.0,0.0,0.0,0.0,0.0,0.0,0.0,0.0,0.0,-9930785,12034810,164688243,-5440209,-2804730,112439198,-0.5944075483413697,0.7203440520416261,9.857421619970399,-1.2577411905441285,-0.6484354644012451,25.995216499282837,61,f5f4fe00,43.51468872237,-79.68406467105,164.4041,-37.1,SOL_COMPUTED,SINGLE,good,2.1967,1.8792,4.4687,18,18,0.0,0.0,0,0,0,0,0,0,0,0,0,—,—,0.0,0.0,0.0,0.0
2026-05-25 11:38:26.531413,1779723506.531413,2420,142713.0,,,,,,,,,,,,,,,,0.0000,,,,0.0,0.0,0.0,0.0,0.0,0.0,0.0,0.0,0.0,-9402087,10061617,163705221,-3452228,840800,112979692,-0.5627623076083375,0.6022385031314088,9.798582797361146,-0.7981328207702637,0.19438753051757812,26.120175221832277,61,f5f1fe00,43.51466525762,-79.68409677598,175.554,-37.1,SOL_COMPUTED,SINGLE,good,6.284,2.5657,15.7159,20,9,0.0,0.0,0,0,0,0,0,0,0,0,0,STATISTICANALYSIS,L5,2.597,0.0,0.815,0.29
2026-05-25 11:38:27.602846,1779723507.602846,2420,142714.0,,,,,,,,,,,,,,,,0.0000,,,,0.0,0.0,0.0,0.0,0.0,0.0,0.0,0.0,0.0,-4613521,6624662,165218523,-2067576,-732496,90014645,-0.2761424909341431,0.39651941895935067,9.889161551379091,-0.47801021978759767,-0.16934834509277344,20.810804652671813,61,f5effe00,43.51463337164,-79.68411253555,174.4333,-37.1,SOL_COMPUTED,SINGLE,good,6.7339,2.6826,15.7509,19,9,0.0,0.0,0,0,0,0,0,0,0,0,0,STATISTICANALYSIS,L5,4.244,0.0,0.815,0.29
2026-05-25 11:38:28.601993,1779723508.601993,2420,142715.0,,,,,,,,,,,,,,,,0.0000,,,,0.0,0.0,0.0,0.0,0.0,0.0,0.0,0.0,0.0,-2116162,-306159,166106707,99828,-1964821,8388610,-0.12666296433898927,-0.018325159651794435,9.942323841562196,0.023079588958740235,-0.45425392733001707,1.939392462387085,61,f5ebfe00,43.51461879188,-79.68411610284,171.653,-37.1,SOL_COMPUTED,SINGLE,good,6.7039,2.7181,15.6562,20,9,0.0,0.0,0,0,0,0,0,0,0,0,0,STATISTICANALYSIS,L5,2.816,0.0,0.815,0.29
2026-05-25 11:38:29.544986,1779723509.544986,2420,142716.0,,,,,,,,,,,,,,,,0.0000,,,,0.0,0.0,0.0,0.0,0.0,0.0,0.0,0.0,0.0,-6584422,-11461301,163312531,2162244,165328,-50555446,-0.39411085208923347,-0.6860166470437623,9.775078321112977,0.4998968500671387,0.03822276599121094,-11.688092652420044,61,f5e8fe00,43.51460384394,-79.6841288538,171.0607,-37.1,SOL_COMPUTED,SINGLE,good,6.6855,2.7265,15.6093,20,9,0.0,0.0,0,0,0,0,0,0,0,0,0,STATISTICANALYSIS,L5,2.849,0.0,0.316,0.391
2026-05-25 11:38:30.452314,1779723510.452314,2420,142717.0,,,,,,,,,,,,,,,,0.0000,,,,0.0,0.0,0.0,0.0,0.0,0.0,0.0,0.0,0.0,-7956936,-10138266,163928590,1707523,-3019397,-52723958,-0.47626273452392587,-0.6068263322076417,9.811952558126832,0.39476829123687746,-0.6980650885848999,-12.18943862361145,61,f5e5fe00,43.51458455458,-79.68415279939,170.8435,-37.1,SOL_COMPUTED,SINGLE,good,6.6667,2.7039,15.5704,21,9,0.0,0.0,0,0,0,0,0,0,0,0,0,STATISTICANALYSIS,L5,4.546,0.0,0.316,0.391
2026-05-25 11:38:31.432246,1779723511.432246,2420,142718.0,,,,,,,,,,,,,,,,0.0000,,,,0.0,0.0,0.0,0.0,0.0,0.0,0.0,0.0,0.0,-8613763,6165914,165346368,-227458,-1410643,20327578,-0.5155771418698121,0.36906103837951665,9.896813719160157,-0.05258682078552246,-0.32613155234527585,4.699604767868042,61,f5e2fe00,43.5145671016,-79.68416871665,170.0942,-37.1,SOL_COMPUTED,SINGLE,good,6.6795,2.6987,15.6505,21,9,0.0,0.0,0,0,0,0,0,0,0,0,0,STATISTICANALYSIS,L2,2.517,0.0,1.847,0.47
2026-05-25 11:38:32.362982,1779723512.362982,2420,142719.0,,,,,,,,,,,,,,,,0.0000,,,,0.0,0.0,0.0,0.0,0.0,0.0,0.0,0.0,0.0,-8976164,18070717,160276157,-7563183,-2096745,77411561,-0.5372686687658692,1.0816235160403445,9.593336029321595,-1.7485590701980591,-0.48475390422821046,17.897053016532897,61,f5defe00,43.51456622948,-79.68416028385,162.7232,-37.1,SOL_COMPUTED,SINGLE,good,2.0252,1.3453,3.7331,20,20,0.0,0.0,0,0,0,0,0,0,0,0,0,STATISTICANALYSIS,L2,3.011,0.0,1.847,0.47
2026-05-25 11:38:33.264521,1779723513.264521,2420,142720.0,,,,,,,,,,,,,,,,0.0000,,,,0.0,0.0,0.0,0.0,0.0,0.0,0.0,0.0,0.0,-6465376,5908590,162655956,-4447659,-2217928,85228698,-0.38698534881835944,0.3536588996795655,9.735778997237551,-1.0282700399551392,-0.5127706312866211,19.70432461161804,61,f5dbfe00,43.5145270063,-79.68417772148,170.2869,-37.1,SOL_COMPUTED,SINGLE,good,6.6034,2.6914,15.3913,21,10,0.0,0.0,0,0,0,0,0,0,0,0,0,STATISTICANALYSIS,L2,2.172,0.0,1.847,0.47
2026-05-25 11:38:34.363990,1779723514.363990,2420,142721.0,,,,,,,,,,,,,,,,0.0000,,,,0.0,0.0,0.0,0.0,0.0,0.0,0.0,0.0,0.0,-11869429,2328793,163436962,-4462690,-1351454,69758053,-0.7104451654226686,0.13939000166900636,9.78252614378235,-1.031745110092163,-0.3124474377593994,16.12761138961029,61,f5d8fe00,43.5145192682,-79.68416609065,168.9179,-37.1,SOL_COMPUTED,SINGLE,good,6.1472,2.5591,15.3312,22,10,0.0,0.0,0,0,0,0,0,0,0,0,0,STATISTICANALYSIS,L2,1.404,0.0,2.386,0.519
2026-05-25 11:38:35.377308,1779723515.377308,2420,142722.0,,,,,,,,,,,,,,,,0.0000,,,,0.0,0.0,0.0,0.0,0.0,0.0,0.0,0.0,0.0,-10976023,-5813266,163523335,-3508420,-877897,40027803,-0.6569703122128296,-0.34795327770324713,9.787696003282166,-0.8111240483093262,-0.20296411736297607,9.254169573280334,61,f5d4fe00,43.5145042692,-79.68415378742,168.9563,-37.1,SOL_COMPUTED,SINGLE,good,4.4425,2.4741,12.4056,23,11,0.0,0.0,0,0,0,0,0,0,0,0,0,STATISTICANALYSIS,L2,2.306,0.0,2.386,0.519
2026-05-25 11:38:36.226348,1779723516.226348,2420,142723.0,,,,,,,,,,,,,,,,0.0000,,,,0.0,0.0,0.0,0.0,0.0,0.0,0.0,0.0,0.0,-6669168,-1656972,163471412,-351433,-1095652,26081196,-0.3991833274365235,-0.09917812783081056,9.78458814996216,-0.08124904021453858,-0.25330766720581055,6.029804095367432,61,f5d1fe00,43.51449755836,-79.68414301061,167.4588,-37.1,SOL_COMPUTED,SINGLE,good,5.1236,2.4774,13.6747,24,11,0.0,0.0,0,0,0,0,0,0,0,0,0,STATISTICANALYSIS,L2,1.531,0.0,2.386,0.519
2026-05-25 11:38:37.180886,1779723517.180886,2420,142724.0,,,,,,,,,,,,,,,,0.0000,,,,0.0,0.0,0.0,0.0,0.0,0.0,0.0,0.0,0.0,-496874,-2516089,165840136,-1787935,2031757,28377408,-0.02974041389221192,-0.150600611522522,9.926368223293458,-0.4133590263748169,0.4697290982894897,6.560673481933594,61,f5cefe00,43.51448100494,-79.68413469906,169.9349,-37.1,SOL_COMPUTED,SINGLE,good,4.217,2.4041,12.3825,23,11,0.0,0.0,0,0,0,0,0,0,0,0,0,STATISTICANALYSIS,L2,1.936,0.0,1.212,0.471
2026-05-25 11:38:38.237503,1779723518.237503,2420,142725.0,,,,,,,,,,,,,,,,0.0000,,,,0.0,0.0,0.0,0.0,0.0,0.0,0.0,0.0,0.0,-5267367,-2757586,162940624,-2434883,4547830,25638253,-0.3152784704013062,-0.16505542448059085,9.752817812192385,-0.5629292262954712,1.0514289282989502,5.927398534080505,61,f5cbfe00,43.51448205493,-79.68411637832,166.6509,-37.1,SOL_COMPUTED,SINGLE,good,4.1813,2.4098,12.3196,24,11,0.0,0.0,0,0,0,0,0,0,0,0,0,STATISTICANALYSIS,L2,1.313,0.0,1.212,0.471
2026-05-25 11:38:39.216546,1779723519.216546,2420,142726.0,,,,,,,,,,,,,,,,0.0000,,,,0.0,0.0,0.0,0.0,0.0,0.0,0.0,0.0,0.0,-4192115,-11349127,162739009,-344910,1360472,-4556629,-0.25091921731414796,-0.6793024676181031,9.740750137999575,-0.07974096473693848,0.3145323411254883,-1.053463200279236,61,f5c8fe00,43.51448486434,-79.68409256358,164.9645,-37.1,SOL_COMPUTED,SINGLE,good,4.1899,2.4397,12.3143,21,11,0.0,0.0,0,0,0,0,0,0,0,0,0,STATISTICANALYSIS,L2,2.17,0.0,1.212,0.471
2026-05-25 11:38:40.282414,1779723520.282414,2420,142727.0,,,,,,,,,,,,,,,,0.0000,,,,0.0,0.0,0.0,0.0,0.0,0.0,0.0,0.0,0.0,-4962953,-13721851,162302437,612910,386684,-41206306,-0.29705775779693605,-0.8213219611154176,9.71461910282013,0.1417008341217041,0.08939884378051757,-9.526631856674195,61,f5c4fe00,43.51446955807,-79.68407529252,164.043,-37.1,SOL_COMPUTED,SINGLE,good,4.202,2.4375,12.386,21,11,0.0,0.0,0,0,0,0,0,0,0,0,0,STATISTICANALYSIS,L2,1.668,0.0,2.093,0.413
2026-05-25 11:38:41.164836,1779723521.164836,2420,142728.0,,,,,,,,,,,,,,,,0.0000,,,,0.0,0.0,0.0,0.0,0.0,0.0,0.0,0.0,0.0,-3143784,-23756109,166306398,-3026670,-353364,-47571588,-0.18817132179931642,-1.421922890166321,9.954276354655153,-0.6997465592193604,-0.08169547494506836,-10.998243951141358,61,f5c1fe00,43.51444573836,-79.6840618762,165.2127,-37.1,SOL_COMPUTED,SINGLE,good,4.1614,2.4341,12.3217,22,11,0.0,0.0,0,0,0,0,0,0,0,0,0,STATISTICANALYSIS,L2,1.319,0.0,2.093,0.413
2026-05-25 11:38:42.034502,1779723522.034502,2420,142729.0,,,,,,,,,,,,,,,,0.0000,,,,0.0,0.0,0.0,0.0,0.0,0.0,0.0,0.0,0.0,-1156671,-23250435,164609874,-275145,4947238,-57013240,-0.06923259071136476,-1.3916557519088748,9.85273084022278,-0.06361174724578858,1.1437694787139892,-13.18109292388916,61,f5befe00,43.51440029906,-79.68405742781,171.9854,-37.1,SOL_COMPUTED,SINGLE,good,5.9468,2.3853,16.5026,22,11,0.0,0.0,0,0,0,0,0,0,0,0,0,STATISTICANALYSIS,L2,2.604,0.0,2.093,0.413
2026-05-25 11:38:42.958893,1779723522.958893,2420,142730.0,,,,,,,,,,,,,,,,0.0000,,,,0.0,0.0,0.0,0.0,0.0,0.0,0.0,0.0,0.0,757101,-22928799,164134150,9192194,758037,-47186596,0.04531631177764893,-1.3724042157797243,9.824256360458376,2.12517589402771,0.1752532593612671,-10.909236286834718,61,f5bbfe00,43.51439200867,-79.68404106927,163.0473,-37.1,SOL_COMPUTED,SINGLE,good,1.9589,1.4658,4.2192,20,19,0.0,0.0,0,0,0,0,0,0,0,0,0,STATISTICANALYSIS,L5,3.267,0.0,0.579,0.388
2026-05-25 11:38:43.895406,1779723523.895406,2420,142731.0,,,,,,,,,,,,,,,,0.0000,,,,0.0,0.0,0.0,0.0,0.0,0.0,0.0,0.0,0.0,470336,-3603661,167251866,7035750,-674394,-1097529,0.028151980800781254,-0.21569727872100833,10.010867381035768,1.626619966506958,-0.15591553788757323,-0.25374161748504637,61,f5b8fe00,43.5143598977,-79.68404657249,164.4106,-37.1,SOL_COMPUTED,SINGLE,good,4.0119,2.2696,11.8451,21,12,0.0,0.0,0,0,0,0,0,0,0,0,0,STATISTICANALYSIS,L5,1.453,0.0,0.378,0.659
2026-05-25 11:38:44.795409,1779723524.795409,2420,142732.0,,,,,,,,,,,,,,,,0.0000,,,,0.0,0.0,0.0,0.0,0.0,0.0,0.0,0.0,0.0,-9141075,-2597462,158503731,8980514,-3036815,36124949,-0.5471394235153199,-0.15547119581481936,9.487247397528993,2.0762368449554445,-0.7020920177078247,8.351854931236268,61,f5b5fe00,43.51432378951,-79.68404358311,163.4136,-37.1,SOL_COMPUTED,SINGLE,good,4.0151,2.2533,11.8338,22,12,0.0,0.0,0,0,0,0,0,0,0,0,0,STATISTICANALYSIS,L5,2.506,0.0,0.378,0.659
2026-05-25 11:38:45.731306,1779723525.731306,2420,142733.0,,,,,,,,,,,,,,,,0.0000,,,,0.0,0.0,0.0,0.0,0.0,0.0,0.0,0.0,0.0,-13204046,7737090,165705650,-3826503,5844892,45274431,-0.7903287213494874,0.46310384306945807,9.918318558181763,-0.8846627838821411,1.351301286895752,10.467156086677551,61,f5b1fe00,43.51429632988,-79.68403221113,163.3516,-37.1,SOL_COMPUTED,SINGLE,good,3.9982,2.2358,11.7904,21,12,0.0,0.0,0,0,0,0,0,0,0,0,0,STATISTICANALYSIS,L5,3.678,0.0,0.378,0.659
2026-05-25 11:38:46.691807,1779723526.691807,2420,142734.0,,,,,,,,,,,,,,,,0.0000,,,,0.0,0.0,0.0,0.0,0.0,0.0,0.0,0.0,0.0,-17233384,1747393,162712371,-1811691,1771173,39104575,-1.031504914572754,0.10459028053863527,9.739155719403993,-0.4188512601699829,0.4094837602157593,9.040725221443177,61,f5affe00,43.51425552224,-79.68401666906,167.0539,-37.1,SOL_COMPUTED,SINGLE,good,5.7644,2.3192,15.9493,22,11,0.0,0.0,0,0,0,0,0,0,0,0,0,STATISTICANALYSIS,L5,2.13,0.0,0.534,0.296
2026-05-25 11:38:47.631945,1779723527.631945,2420,142735.0,,,,,,,,,,,,,,,,0.0000,,,,0.0,0.0,0.0,0.0,0.0,0.0,0.0,0.0,0.0,-27608636,-1406930,161074584,2808572,3059108,27016812,-1.6525160536462404,-0.08421185354309083,9.641125910544435,0.6493237099914551,0.7072460153503418,6.2461124728088375,61,f5abfe00,43.51424666866,-79.68399682255,163.3791,-37.1,SOL_COMPUTED,SINGLE,good,4.0043,2.2363,11.8502,22,12,0.0,0.0,0,0,0,0,0,0,0,0,0,STATISTICANALYSIS,L5,1.802,0.0,0.534,0.296
2026-05-25 11:38:48.652571,1779723528.652571,2420,142736.0,,,,,,,,,,,,,,,,0.0000,,,,0.0,0.0,0.0,0.0,0.0,0.0,0.0,0.0,0.0,-5009059,-6305501,162894955,-1785263,3307326,17197009,-0.29981743434051517,-0.3774160240579224,9.750084292301942,-0.4127412772293091,0.7646324140777588,3.9758374307785034,61,f5a8fe00,43.51423241063,-79.68397985876,163.4034,-37.1,SOL_COMPUTED,SINGLE,good,4.0076,2.2363,11.8801,21,12,0.0,0.0,0,0,0,0,0,0,0,0,0,STATISTICANALYSIS,L5,2.086,0.0,0.534,0.296
2026-05-25 11:38:49.540412,1779723529.540412,2420,142737.0,,,,,,,,,,,,,,,,0.0000,,,,0.0,0.0,0.0,0.0,0.0,0.0,0.0,0.0,0.0,547990,-16697249,169236248,-5839627,-10578187,8660502,0.03279996419372559,-0.9994145318960572,10.129642648005373,-1.3500840528945923,-2.4456085255508424,2.0022521370391844,61,f5a5fe00,43.51421830046,-79.68396430939,164.0797,-37.1,SOL_COMPUTED,SINGLE,good,4.0296,2.2455,12.0208,23,12,0.0,0.0,0,0,0,0,0,0,0,0,0,STATISTICANALYSIS,L5,1.569,0.0,0.809,0.353
2026-05-25 11:38:50.486803,1779723530.486803,2420,142738.0,,,,,,,,,,,,,,,,0.0000,,,,0.0,0.0,0.0,0.0,0.0,0.0,0.0,0.0,0.0,20120672,9914202,191460166,12778902,2737515,2722219,1.2043236576464846,0.5934149721881105,11.459856182274782,2.954399622390747,0.6328957904434204,0.6293594540176392,61,f5a1fe00,43.51420130358,-79.68394861122,164.9085,-37.1,SOL_COMPUTED,SINGLE,good,4.0205,2.2733,12.0075,23,12,0.0,0.0,0,0,0,0,0,0,0,0,0,STATISTICANALYSIS,L5,4.083,0.0,0.809,0.353
2026-05-25 11:38:51.316639,1779723531.316639,2420,142739.0,,,,,,,,,,,,,,,,0.0000,,,,0.0,0.0,0.0,0.0,0.0,0.0,0.0,0.0,0.0,4182016,249960,165551048,135740,10753979,3849359,0.25031474125000003,0.014961366174316409,9.909064849055177,0.031382211456298825,2.4862505007705686,0.8899469434890747,61,f59efe00,43.51417162133,-79.68392878623,168.3746,-37.1,SOL_COMPUTED,SINGLE,good,4.1033,2.2626,12.1303,22,12,0.0,0.0,0,0,0,0,0,0,0,0,0,STATISTICANALYSIS,L5,1.93,0.0,0.809,0.353
2026-05-25 11:38:52.208918,1779723532.208918,2420,142740.0,,,,,,,,,,,,,,,,0.0000,,,,0.0,0.0,0.0,0.0,0.0,0.0,0.0,0.0,0.0,-23018146,43473205,179714283,3677214,-26141405,5839193,-1.3777520841729738,2.602090489582825,10.756805867809755,0.8501481311187744,-6.043724027366638,1.3499837148971559,61,f59bfe00,43.51414444357,-79.68390230582,170.5078,-37.1,SOL_COMPUTED,SINGLE,good,4.1733,2.2632,12.3011,24,12,0.0,0.0,0,0,0,0,0,0,0,0,0,STATISTICANALYSIS,L5,5.033,0.0,0.586,0.311
2026-05-25 11:38:53.221077,1779723533.221077,2420,142741.0,,,,,,,,,,,,,,,,0.0000,,,,0.0,0.0,0.0,0.0,0.0,0.0,0.0,0.0,0.0,-3262403,-909748,159819010,3616283,25359757,-1712943,-0.1952712669674683,-0.054453004298095714,9.56597347666321,0.836061277381897,5.863012057273865,-0.3960213602371216,61,f598fe00,43.51414210128,-79.68387176675,165.8096,-37.1,SOL_COMPUTED,SINGLE,good,4.0278,2.2631,11.9529,22,11,0.0,0.0,0,0,0,0,0,0,0,0,0,STATISTICANALYSIS,L5,2.925,0.0,0.586,0.311
2026-05-25 11:38:54.298660,1779723534.298660,2420,142742.0,,,,,,,,,,,,,,,,0.0000,,,,0.0,0.0,0.0,0.0,0.0,0.0,0.0,0.0,0.0,-8555406,16569291,158717357,-14463276,19298337,1223081,-0.5120841812127687,0.9917556004953004,9.500033990625306,-3.3438160143127442,4.461650895011902,0.2827684291305542,61,f595fe00,43.51411911583,-79.68384711156,166.9097,-37.1,SOL_COMPUTED,SINGLE,good,4.0208,2.2544,11.8818,23,12,0.0,0.0,0,0,0,0,0,0,0,0,0,STATISTICANALYSIS,L5,2.834,0.0,0.586,0.311
2026-05-25 11:38:55.241102,1779723535.241102,2420,142743.0,,,,,,,,,,,,,,,,0.0000,,,,0.0,0.0,0.0,0.0,0.0,0.0,0.0,0.0,0.0,-23249461,5149624,163582040,-1150857,-232744,15839493,-1.3915974530984498,0.30823095824951174,9.791209793493653,-0.26607070671844485,-0.05380890985107422,3.6619884977645873,61,f592fe00,43.51410393184,-79.6838214221,166.0537,-37.1,SOL_COMPUTED,SINGLE,good,4.0507,2.2826,12.247,21,12,0.0,0.0,0,0,0,0,0,0,0,0,0,STATISTICANALYSIS,L5,4.45,0.0,0.659,0.368
2026-05-25 11:38:56.254283,1779723536.254283,2420,142744.0,,,,,,,,,,,,,,,,0.0000,,,,0.0,0.0,0.0,0.0,0.0,0.0,0.0,0.0,0.0,-11009594,11877465,165848633,-24891506,14073931,45441882,-0.6589797058111573,0.710926160536194,9.926876811581117,-5.7547554498138425,3.253801964515686,10.505869676559449,61,f58ffe00,43.51408336774,-79.68379351445,167.9718,-37.1,SOL_COMPUTED,SINGLE,good,4.0524,2.2993,12.2693,23,12,0.0,0.0,0,0,0,0,0,0,0,0,0,STATISTICANALYSIS,L5,4.635,0.0,0.659,0.368
2026-05-25 11:38:57.204165,1779723537.204165,2420,142745.0,,,,,,,,,,,,,,,,0.0000,,,,0.0,0.0,0.0,0.0,0.0,0.0,0.0,0.0,0.0,-20070758,20672545,158845337,-21024040,-23743919,93283944,-1.2013360531048585,1.2373560389663698,9.507694238836976,-4.8606222848510745,-5.4894407459793095,21.56664546990967,61,f58cfe00,43.51408281733,-79.68373183558,163.2659,-37.1,SOL_COMPUTED,SINGLE,good,4.1379,2.6199,13.1903,20,11,0.0,0.0,0,0,0,0,0,0,0,0,0,STATISTICANALYSIS,L5,1.24,0.0,0.659,0.368
2026-05-25 11:38:58.211866,1779723538.211866,2420,142746.0,,,,,,,,,,,,,,,,0.0000,,,,0.0,0.0,0.0,0.0,0.0,0.0,0.0,0.0,0.0,-15375748,16279387,164726881,-950107,-11741182,103951537,-0.9203160346936037,0.974403384543152,9.859734299064026,-0.21965860306549073,-2.714485459487915,24.032924085319518,61,f588fe00,43.51408945185,-79.68371369296,161.6464,-37.1,SOL_COMPUTED,SINGLE,good,4.0994,2.4363,12.6554,21,12,0.0,0.0,0,0,0,0,0,0,0,0,0,STATISTICANALYSIS,L5,1.88,0.0,0.924,0.356
2026-05-25 11:38:59.120913,1779723539.120913,2420,142747.0,,,,,,,,,,,,,,,,0.0000,,,,0.0,0.0,0.0,0.0,0.0,0.0,0.0,0.0,0.0,-11912355,22116380,163606230,-2672532,-3146014,92768189,-0.7130145029342653,1.3237768428161623,9.792657686947633,-0.6178721404724121,-0.7273381213531495,21.447406244407652,61,f585fe00,43.51411162502,-79.6836755914,158.3351,-37.1,SOL_COMPUTED,SINGLE,good,3.7899,2.4247,11.9516,22,12,0.0,0.0,0,0,0,0,0,0,0,0,0,STATISTICANALYSIS,L5,1.504,0.0,0.924,0.356
2026-05-25 11:39:00.009865,1779723540.009865,2420,142748.0,,,,,,,,,,,,,,,,0.0000,,,,0.0,0.0,0.0,0.0,0.0,0.0,0.0,0.0,0.0,-9703752,632592,161954457,-5190480,-41451,43104901,-0.5808184787036134,0.037863820415039065,9.693790745477601,-1.2000054583740234,-0.00958320352935791,9.9655747604599,61,f582fe00,43.51413428668,-79.68362542696,158.4506,-37.1,SOL_COMPUTED,SINGLE,good,3.785,2.4035,11.8394,20,12,0.0,0.0,0,0,0,0,0,0,0,0,0,STATISTICANALYSIS,L2,1.262,0.0,0.89,0.441
2026-05-25 11:39:00.925505,1779723540.925505,2420,142749.0,,,,,,,,,,,,,,,,0.0000,,,,0.0,0.0,0.0,0.0,0.0,0.0,0.0,0.0,0.0,-7710996,-10277871,163888430,2827965,-1500267,-6926250,-0.46154198561645515,-0.6151823952767945,9.809548779660036,0.6538072463607788,-0.34685204239654543,-1.6013042736053467,61,f57ffe00,43.51415158191,-79.68359683365,161.7728,-37.1,SOL_COMPUTED,SINGLE,good,3.7943,2.4134,11.8345,22,12,0.0,0.0,0,0,0,0,0,0,0,0,0,STATISTICANALYSIS,L5,1.188,0.0,0.639,0.299
2026-05-25 11:39:01.767036,1779723541.767036,2420,142750.0,,,,,,,,,,,,,,,,0.0000,,,,0.0,0.0,0.0,0.0,0.0,0.0,0.0,0.0,0.0,135491,-17928880,162729990,-2672180,-3325085,-28463921,0.008109819428405763,-1.0731338565185549,9.74021030538025,-0.617790760345459,-0.7687381801986695,-6.5806747288742065,61,f57cfe00,43.51416921757,-79.68357253013,163.6022,-37.1,SOL_COMPUTED,SINGLE,good,3.8263,2.4335,11.972,20,12,0.0,0.0,0,0,0,0,0,0,0,0,0,STATISTICANALYSIS,L5,2.519,0.0,0.639,0.299
2026-05-25 11:39:02.745705,1779723542.745705,2420,142751.0,,,,,,,,,,,,,,,,0.0000,,,,0.0,0.0,0.0,0.0,0.0,0.0,0.0,0.0,0.0,-11072670,-7060009,167692047,7388689,-7138183,-12031361,-0.6627551224090578,-0.4225771317129517,10.037214433059999,1.7082171841964722,-1.65030181464386,-2.781572970451355,61,f579fe00,43.51419037868,-79.6835271066,163.3473,-37.1,SOL_COMPUTED,SINGLE,good,3.7131,2.3388,11.4924,19,12,0.0,0.0,0,0,0,0,0,0,0,0,0,STATISTICANALYSIS,L2,1.247,0.0,0.674,0.388
2026-05-25 11:39:03.671944,1779723543.671944,2420,142752.0,,,,,,,,,,,,,,,,0.0000,,,,0.0,0.0,0.0,0.0,0.0,0.0,0.0,0.0,0.0,-13145039,-629214,164916653,-1579794,752506,5954571,-0.7867968549154665,-0.037661630084838874,9.871093110000306,-0.3652381712493897,0.17397452787780762,1.3766583634414673,61,f576fe00,43.51420930443,-79.68349427124,163.6127,-37.1,SOL_COMPUTED,SINGLE,good,3.7326,2.3478,11.4846,20,12,0.0,0.0,0,0,0,0,0,0,0,0,0,STATISTICANALYSIS,L5,1.792,0.0,0.535,0.451
2026-05-25 11:39:04.570468,1779723544.570468,2420,142753.0,,,,,,,,,,,,,,,,0.0000,,,,0.0,0.0,0.0,0.0,0.0,0.0,0.0,0.0,0.0,-7826080,-11360486,165774247,646831,3119729,7576049,-0.4684303432128907,-0.679982361034546,9.922424434463808,0.1495431502761841,0.7212611990890503,1.7515336063156128,61,f573fe00,43.51422757657,-79.68346378878,163.9968,-37.1,SOL_COMPUTED,SINGLE,good,3.9114,2.4174,11.7883,19,12,0.0,0.0,0,0,0,0,0,0,0,0,0,STATISTICANALYSIS,L5,1.476,0.0,0.535,0.451
2026-05-25 11:39:05.582502,1779723545.582502,2420,142754.0,,,,,,,,,,,,,,,,0.0000,,,,0.0,0.0,0.0,0.0,0.0,0.0,0.0,0.0,0.0,-3529972,-5000613,164680943,3048668,-1863183,7600800,-0.21128662056762698,-0.2993118986599732,9.856984678167422,0.7048323547668457,-0.4307558780593872,1.757255877685547,61,f570fe00,43.51425449505,-79.68342932077,163.2841,-37.1,SOL_COMPUTED,SINGLE,good,4.0627,2.3216,11.6017,22,12,0.0,0.0,0,0,0,0,0,0,0,0,0,STATISTICANALYSIS,L2,1.192,0.0,0.699,0.464
2026-05-25 11:39:06.386058,1779723546.386058,2420,142755.0,,,,,,,,,,,,,,,,0.0000,,,,0.0,0.0,0.0,0.0,0.0,0.0,0.0,0.0,0.0,-8126939,1547143,162087768,-3903200,-509997,23498046,-0.48643827114471444,0.09260430847747804,9.701770080915528,-0.9023946350097656,-0.11790801308441162,5.432596496109009,61,f56dfe00,43.51427415121,-79.68340177798,162.9717,-37.1,SOL_COMPUTED,SINGLE,good,3.9976,2.3555,11.4679,21,12,0.0,0.0,0,0,0,0,0,0,0,0,0,STATISTICANALYSIS,L5,2.338,0.0,0.429,0.563
2026-05-25 11:39:07.349677,1779723547.349677,2420,142756.0,,,,,,,,,,,,,,,,0.0000,,,,0.0,0.0,0.0,0.0,0.0,0.0,0.0,0.0,0.0,-14730354,3492498,161104988,-2590614,-674870,63879962,-0.8816859500372316,0.2090436127423096,9.64294574322632,-0.5989332278594971,-0.15602558601379393,14.76863470829773,61,f56afe00,43.51429790565,-79.68338130061,163.0221,-37.1,SOL_COMPUTED,SINGLE,good,5.453,2.2778,12.7628,17,11,0.0,0.0,0,0,0,0,0,0,0,0,0,STATISTICANALYSIS,L5,2.637,0.0,0.429,0.563
2026-05-25 11:39:08.165227,1779723548.165227,2420,142757.0,,,,,,,,,,,,,,,,0.0000,,,,0.0,0.0,0.0,0.0,0.0,0.0,0.0,0.0,0.0,-12921304,13918319,165292730,-1578919,-5034019,97829034,-0.77340518720459,0.8330815614096071,9.89360321444397,-0.3650358768997192,-1.1638326855239869,22.617440927902223,61,f566fe00,43.51432084061,-79.68336577754,163.6166,-37.1,SOL_COMPUTED,SINGLE,good,6.5461,2.4286,13.0308,22,11,0.0,0.0,0,0,0,0,0,0,0,0,0,STATISTICANALYSIS,L5,3.027,0.0,0.429,0.563
2026-05-25 11:39:09.158959,1779723549.158959,2420,142758.0,,,,,,,,,,,,,,,,0.0000,,,,0.0,0.0,0.0,0.0,0.0,0.0,0.0,0.0,0.0,-17129707,28074732,164176668,-3417375,-1258995,131111382,-1.0252993234347536,1.6804142490710452,9.826801277113038,-0.7900750322341918,-0.29107151401519776,30.312104864089967,61,f563fe00,43.5143437653,-79.68336723245,164.9641,-37.1,SOL_COMPUTED,SINGLE,good,5.3848,2.326,13.2419,20,11,0.0,0.0,0,0,0,0,0,0,0,0,0,STATISTICANALYSIS,L5,2.276,0.0,0.647,0.405
2026-05-25 11:39:09.965672,1779723549.965672,2420,142759.0,,,,,,,,,,,,,,,,0.0000,,,,0.0,0.0,0.0,0.0,0.0,0.0,0.0,0.0,0.0,-14979741,16696290,162395666,-7223726,-5016127,138430440,-0.8966130192727663,0.999357130911255,9.7201993284845,-1.6700788038482666,-1.1596961706619262,32.00422381072998,61,f560fe00,43.51436337632,-79.68339325337,164.0154,-37.1,SOL_COMPUTED,SINGLE,good,5.4056,2.3111,13.1029,21,11,0.0,0.0,0,0,0,0,0,0,0,0,0,STATISTICANALYSIS,L5,1.337,0.0,0.647,0.405
2026-05-25 11:39:10.781775,1779723550.781775,2420,142760.0,,,,,,,,,,,,,,,,0.0000,,,,0.0,0.0,0.0,0.0,0.0,0.0,0.0,0.0,0.0,-10712653,20318545,163246307,-14650933,-14157890,134756900,-0.6412062899319458,1.216167354273987,9.771114480844423,-3.3872011009140013,-3.273212743148804,31.15492508468628,61,f55dfe00,43.51436517599,-79.68342845947,166.5411,-37.1,SOL_COMPUTED,SINGLE,good,5.1612,2.484,12.8841,21,12,0.0,0.0,0,0,0,0,0,0,0,0,0,STATISTICANALYSIS,L5,2.321,0.0,0.647,0.405
2026-05-25 11:39:11.784594,1779723551.784594,2420,142761.0,,,,,,,,,,,,,,,,0.0000,,,,0.0,0.0,0.0,0.0,0.0,0.0,0.0,0.0,0.0,-7858544,20642826,161307860,820183,340080,138233897,-0.4703734772802735,1.2355772069879152,9.6550886552063,0.1896210132522583,0.07862429992675782,31.95878433831024,61,f55afe00,43.51435641155,-79.68346387673,169.4104,-37.1,SOL_COMPUTED,SINGLE,good,5.9038,2.4134,12.9711,19,11,0.0,0.0,0,0,0,0,0,0,0,0,0,STATISTICANALYSIS,L5,7.724,0.0,0.647,0.422
2026-05-25 11:39:12.769810,1779723552.769810,2420,142762.0,,,,,,,,,,,,,,,,0.0000,,,,0.0,0.0,0.0,0.0,0.0,0.0,0.0,0.0,0.0,-8318456,12998605,164705253,-8088991,-3096157,136055646,-0.49790152912841806,0.7780320417678834,9.858439754226382,-1.8701224843826294,-0.7158115049057007,31.455186773208617,61,f557fe00,43.51432410175,-79.68348532701,168.2222,-37.1,SOL_COMPUTED,SINGLE,good,6.9411,2.5553,18.6517,18,10,0.0,0.0,0,0,0,0,0,0,0,0,0,—,—,0.0,0.0,0.0,0.0
2026-05-25 11:39:13.758946,1779723553.758946,2420,142763.0,,,,,,,,,,,,,,,,0.0000,,,,0.0,0.0,0.0,0.0,0.0,0.0,0.0,0.0,0.0,-11398343,8143028,165925582,-3763780,-4283142,135096558,-0.6822482933407594,0.48740127890747076,9.9314825971698,-0.8701616313171386,-0.9902347719268799,31.23345182093811,61,f554fe00,43.51430261002,-79.68348913489,170.017,-37.1,SOL_COMPUTED,SINGLE,good,5.2454,2.4201,16.0852,18,11,0.0,0.0,0,0,0,0,0,0,0,0,0,STATISTICANALYSIS,L5,1.495,0.0,0.647,0.422
2026-05-25 11:39:14.773431,1779723554.773431,2420,142764.0,,,,,,,,,,,,,,,,0.0000,,,,0.0,0.0,0.0,0.0,0.0,0.0,0.0,0.0,0.0,5303625,569038,162202133,-2974571,-5395270,80873308,0.3174486944961548,0.03405979310729981,9.708615402737124,-0.6877016068496704,-1.2473515839385987,18.697386568634034,61,f551fe00,43.51431731016,-79.68345647227,167.6494,-37.1,SOL_COMPUTED,SINGLE,good,5.298,2.4432,16.076,19,12,0.0,0.0,0,0,0,0,0,0,0,0,0,STATISTICANALYSIS,L5,1.569,0.0,0.558,0.369
2026-05-25 11:39:15.715774,1779723555.715774,2420,142765.0,,,,,,,,,,,,,,,,0.0000,,,,0.0,0.0,0.0,0.0,0.0,0.0,0.0,0.0,0.0,-9272168,-11122411,160379769,-1401152,1008052,-20210553,-0.5549860004711915,-0.6657323720285035,9.599537729881899,-0.32393729443359376,0.2330551128845215,-4.6725493435592655,61,f54dfe00,43.51429249664,-79.68343550794,163.4863,-37.1,SOL_COMPUTED,SINGLE,good,5.9967,2.8007,17.0437,21,11,0.0,0.0,0,0,0,0,0,0,0,0,0,STATISTICANALYSIS,L5,2.684,0.0,0.558,0.369
2026-05-25 11:39:16.829689,1779723556.829689,2420,142766.0,,,,,,,,,,,,,,,,0.0000,,,,0.0,0.0,0.0,0.0,0.0,0.0,0.0,0.0,0.0,-16681799,-23543535,163132892,5074739,1505660,-97787130,-0.9984897715048219,-1.4091992645736697,9.764326021312257,1.1732468865737915,0.3480988691711426,-22.60775299369812,61,f54bfe00,43.51424981143,-79.6834504719,163.4344,-37.1,SOL_COMPUTED,SINGLE,good,5.2362,2.5816,15.9328,20,11,0.0,0.0,0,0,0,0,0,0,0,0,0,STATISTICANALYSIS,L5,1.175,0.0,0.558,0.369
2026-05-25 11:39:17.805253,1779723557.805253,2420,142767.0,,,,,,,,,,,,,,,,0.0000,,,,0.0,0.0,0.0,0.0,0.0,0.0,0.0,0.0,0.0,-12768456,-26024173,162608985,5784628,3634822,-129591806,-0.7642564638208009,-1.5576779550198367,9.73296754608307,1.337368639251709,0.8403473744659424,-29.960788705581667,61,f548fe00,43.51423047957,-79.6834676424,164.6324,-37.1,SOL_COMPUTED,SINGLE,good,5.0158,2.341,15.0806,17,12,0.0,0.0,0,0,0,0,0,0,0,0,0,STATISTICANALYSIS,L5,1.576,0.0,0.64,0.385
2026-05-25 11:39:18.752688,1779723558.752688,2420,142768.0,,,,,,,,,,,,,,,,0.0000,,,,0.0,0.0,0.0,0.0,0.0,0.0,0.0,0.0,0.0,-13126564,-25353272,160857222,907529,6162524,-128144485,-0.7856910330236817,-1.5175211478198245,9.628115699013064,0.20981484441375733,1.4247357541809083,-29.62617743648529,61,f545fe00,43.51421368123,-79.68349008828,167.7519,-37.1,SOL_COMPUTED,SINGLE,good,5.239,2.421,15.2923,17,11,0.0,0.0,0,0,0,0,0,0,0,0,0,STATISTICANALYSIS,L5,2.123,0.0,0.64,0.385
2026-05-25 11:39:19.759110,1779723559.759110,2420,142769.0,,,,,,,,,,,,,,,,0.0000,,,,0.0,0.0,0.0,0.0,0.0,0.0,0.0,0.0,0.0,-12789548,-25466933,166516147,1693234,4751676,-130560288,-0.7655189263562013,-1.5243243316922,9.966830889755556,0.39146476670837405,1.0985568071594238,-30.184695489990233,61,f542fe00,43.51422200693,-79.6835179978,164.8643,-37.1,SOL_COMPUTED,SINGLE,good,5.2764,2.4678,15.469,17,11,0.0,0.0,0,0,0,0,0,0,0,0,0,STATISTICANALYSIS,L2,1.494,0.0,1.03,0.454
2026-05-25 11:39:20.693400,1779723560.693400,2420,142770.0,,,,,,,,,,,,,,,,0.0000,,,,0.0,0.0,0.0,0.0,0.0,0.0,0.0,0.0,0.0,-23060098,-37853623,169817656,9742917,-9675045,-135271690,-1.3802631228741458,-2.2657301757382204,10.164442847976076,2.252499495323181,-2.2368079272079466,-31.2739412084198,61,f53ffe00,43.5142284126,-79.68354395227,166.1588,-37.1,SOL_COMPUTED,SINGLE,good,6.2435,2.8236,16.1111,18,12,0.0,0.0,0,0,0,0,0,0,0,0,0,STATISTICANALYSIS,L2,2.896,0.0,1.03,0.454
2026-05-25 11:39:21.727093,1779723561.727093,2420,142771.0,,,,,,,,,,,,,,,,0.0000,,,,0.0,0.0,0.0,0.0,0.0,0.0,0.0,0.0,0.0,-3874676,-28994813,164059257,3117091,6688336,-134438644,-0.23191889279418948,-1.7354857355130007,9.819773636835023,0.7206513105239868,1.5463000931396484,-31.081346352630614,61,f53cfe00,43.51425046199,-79.68355379544,166.7671,-37.1,SOL_COMPUTED,SINGLE,good,5.6798,2.3179,15.1295,17,11,0.0,0.0,0,0,0,0,0,0,0,0,0,STATISTICANALYSIS,L2,1.943,0.0,1.03,0.454
2026-05-25 11:39:22.531445,1779723562.531445,2420,142772.0,,,,,,,,,,,,,,,,0.0000,,,,0.0,0.0,0.0,0.0,0.0,0.0,0.0,0.0,0.0,-9078319,-28542821,164170771,9067367,5665417,-132788608,-0.5433831605307008,-1.7084317355935672,9.82644831193329,2.0963166977005003,1.3098078258590697,-30.699868684570312,61,f539fe00,43.51427309641,-79.68355234124,168.6486,-37.1,SOL_COMPUTED,SINGLE,good,5.1699,2.2772,15.2671,19,12,0.0,0.0,0,0,0,0,0,0,0,0,0,STATISTICANALYSIS,L2,3.81,0.0,1.03,0.454
2026-05-25 11:39:23.500628,1779723563.500628,2420,142773.0,,,,,,,,,,,,,,,,0.0000,,,,0.0,0.0,0.0,0.0,0.0,0.0,0.0,0.0,0.0,-9027805,-27607879,162490171,9867661,6901618,-143580894,-0.5403596429641725,-1.652470743379822,9.725855929181826,2.2813395025863645,1.5956095142669677,-33.19497551637268,61,f536fe00,43.51427136942,-79.68353049432,172.673,-37.1,SOL_COMPUTED,SINGLE,good,10.4144,4.1861,30.5793,19,11,0.0,0.0,0,0,0,0,0,0,0,0,0,STATISTICANALYSIS,L2,1.508,0.0,1.37,0.465
2026-05-25 11:39:24.430626,1779723564.430626,2420,142774.0,,,,,,,,,,,,,,,,0.0000,,,,0.0,0.0,0.0,0.0,0.0,0.0,0.0,0.0,0.0,-15776948,-26695700,160923855,7423806,8438916,-144969877,-0.9443298773449709,-1.5978722314758302,9.632104019993593,1.7163360078277587,1.9510228847351074,-33.51609941658783,61,f533fe00,43.51428318819,-79.68350443457,162.3919,-37.1,SOL_COMPUTED,SINGLE,good,2.3125,1.3328,3.718,20,20,0.0,0.0,0,0,0,0,0,0,0,0,0,STATISTICANALYSIS,L2,2.396,0.0,1.37,0.465
2026-05-25 11:39:25.496558,1779723565.496558,2420,142775.0,,,,,,,,,,,,,,,,0.0000,,,,0.0,0.0,0.0,0.0,0.0,0.0,0.0,0.0,0.0,-7795799,-20849162,163635694,734592,2552053,-92498258,-0.4666178727011109,-1.2479274568316652,9.794421255890505,0.1698329267578125,0.5900181736679078,-21.38499994029236,61,f530fe00,43.51430908878,-79.68348467677,166.4575,-37.1,SOL_COMPUTED,SINGLE,good,3.5503,2.2974,11.1838,22,13,0.0,0.0,0,0,0,0,0,0,0,0,0,STATISTICANALYSIS,L2,2.548,0.0,1.37,0.465
2026-05-25 11:39:26.452979,1779723566.452979,2420,142776.0,,,,,,,,,,,,,,,,0.0000,,,,0.0,0.0,0.0,0.0,0.0,0.0,0.0,0.0,0.0,-4818409,78268,164845871,2370821,273384,1968853,-0.28840607067779545,0.004684734388427735,9.866856450452577,0.5481185055770874,0.06320461541748047,0.4551860996932983,61,f52dfe00,43.51429656865,-79.68344321909,165.9405,-37.1,SOL_COMPUTED,SINGLE,good,3.4521,2.265,10.8663,19,13,0.0,0.0,0,0,0,0,0,0,0,0,0,STATISTICANALYSIS,L5,2.919,0.0,0.737,0.428
2026-05-25 11:39:27.474067,1779723567.474067,2420,142777.0,,,,,,,,,,,,,,,,0.0000,,,,0.0,0.0,0.0,0.0,0.0,0.0,0.0,0.0,0.0,-10435433,10606337,163601954,-3895490,1167210,80347104,-0.624613275326233,0.6348427413394165,9.792401746790162,-0.9006121327972412,0.26985141471862795,18.57573160180664,61,f52afe00,43.5142952272,-79.68340859568,165.6231,-37.1,SOL_COMPUTED,SINGLE,good,3.4494,2.2728,10.879,19,13,0.0,0.0,0,0,0,0,0,0,0,0,0,STATISTICANALYSIS,L5,3.059,0.0,0.487,0.494
2026-05-25 11:39:28.449634,1779723568.449634,2420,142778.0,,,,,,,,,,,,,,,,0.0000,,,,0.0,0.0,0.0,0.0,0.0,0.0,0.0,0.0,0.0,-16017107,17229007,162725560,-3956180,424844,113535247,-0.9587046042575075,1.0312429290560914,9.739945147546388,-0.9146432688903808,0.09822118936157227,26.24861595032501,61,f527fe00,43.51430128735,-79.68337438007,166.1973,-37.1,SOL_COMPUTED,SINGLE,good,3.4027,2.2286,10.6484,21,13,0.0,0.0,0,0,0,0,0,0,0,0,0,STATISTICANALYSIS,L5,2.972,0.0,0.487,0.494
2026-05-25 11:39:29.457751,1779723569.457751,2420,142779.0,,,,,,,,,,,,,,,,0.0000,,,,0.0,0.0,0.0,0.0,0.0,0.0,0.0,0.0,0.0,-11392671,21048363,161013304,-10053864,-6394587,135016067,-0.6819087955453492,1.259850640954285,9.637457993601076,-2.3243884337768557,-1.4783872212295532,31.214842821510317,61,f524fe00,43.51432231252,-79.68335429909,167.0118,-37.1,SOL_COMPUTED,SINGLE,good,3.5485,2.25,10.906,17,13,0.0,0.0,0,0,0,0,0,0,0,0,0,—,—,0.0,0.0,0.0,0.0
2026-05-25 11:39:30.469257,1779723570.469257,2420,142780.0,,,,,,,,,,,,,,,,0.0000,,,,0.0,0.0,0.0,0.0,0.0,0.0,0.0,0.0,0.0,-13628411,19101257,168494753,-9676157,-5205997,131573645,-0.8157291060372927,1.14330653051178,10.085260434005434,-2.237065014427185,-1.203592888572693,30.418977084617616,61,f521fe00,43.51436515098,-79.6833682667,163.9127,-37.1,SOL_COMPUTED,SINGLE,good,4.7724,3.645,14.7149,20,12,0.0,0.0,0,0,0,0,0,0,0,0,0,STATISTICANALYSIS,L5,1.699,0.0,0.731,0.446
2026-05-25 11:39:31.448661,1779723571.448661,2420,142781.0,,,,,,,,,,,,,,,,0.0000,,,,0.0,0.0,0.0,0.0,0.0,0.0,0.0,0.0,0.0,-10801748,8627083,163053238,-10310915,-5784829,125134525,-0.6465390748547364,0.5163744110226441,9.759558327836306,-2.3838169650650025,-1.3374151091537476,28.930294121360777,61,f51efe00,43.51439271768,-79.68338791097,163.3181,-37.1,SOL_COMPUTED,SINGLE,good,4.0524,2.3415,11.5838,22,13,0.0,0.0,0,0,0,0,0,0,0,0,0,STATISTICANALYSIS,L5,2.331,0.0,0.731,0.446
2026-05-25 11:39:32.496297,1779723572.496297,2420,142782.0,,,,,,,,,,,,,,,,0.0000,,,,0.0,0.0,0.0,0.0,0.0,0.0,0.0,0.0,0.0,-9506892,12069644,166879587,-7286127,-6928211,128308945,-0.5690354152331544,0.7224290425573732,9.988584606039735,-1.6845055120925903,-1.6017576441421508,29.664199526481628,61,f51bfe00,43.51439109752,-79.68340998364,166.8278,-37.1,SOL_COMPUTED,SINGLE,good,3.4632,2.2063,10.7703,22,13,0.0,0.0,0,0,0,0,0,0,0,0,0,STATISTICANALYSIS,L5,4.9,0.0,0.731,0.446
2026-05-25 11:39:33.394739,1779723573.394739,2420,142783.0,,,,,,,,,,,,,,,,0.0000,,,,0.0,0.0,0.0,0.0,0.0,0.0,0.0,0.0,0.0,-7859720,12360309,163789164,-674612,-7201528,127020086,-0.4704438668090821,0.739826808196106,9.803607209110108,-0.15596593807983397,-1.6649467695922853,29.366223648513795,61,f518fe00,43.51436238865,-79.68343683499,166.2248,-37.1,SOL_COMPUTED,SINGLE,good,3.7132,2.8468,11.9433,19,12,0.0,0.0,0,0,0,0,0,0,0,0,0,STATISTICANALYSIS,L5,3.031,0.0,0.776,0.447
2026-05-25 11:39:34.382687,1779723574.382687,2420,142784.0,,,,,,,,,,,,,,,,0.0000,,,,0.0,0.0,0.0,0.0,0.0,0.0,0.0,0.0,0.0,-7266960,13129815,165547916,-2982053,-4885244,128442349,-0.4349641924072266,0.785885621763611,9.908877383065187,-0.6894313969345093,-1.1294368662414551,29.695041669822693,61,f515fe00,43.51436407434,-79.68346449841,166.9923,-37.1,SOL_COMPUTED,SINGLE,good,3.7271,3.18,11.5911,20,12,0.0,0.0,0,0,0,0,0,0,0,0,0,STATISTICANALYSIS,L5,1.21,0.0,0.776,0.447
2026-05-25 11:39:35.464691,1779723575.464691,2420,142785.0,,,,,,,,,,,,,,,,0.0000,,,,0.0,0.0,0.0,0.0,0.0,0.0,0.0,0.0,0.0,642429,12127426,165962413,-3185713,-2072098,141053601,0.038452614458312995,0.7258875865655519,9.933687118203432,-0.7365162737960815,-0.4790556769866943,32.61068169481659,61,f512fe00,43.51435125988,-79.68347908578,165.0782,-37.1,SOL_COMPUTED,SINGLE,good,5.1033,2.59,15.8914,18,11,0.0,0.0,0,0,0,0,0,0,0,0,0,STATISTICANALYSIS,L5,1.525,0.0,0.776,0.447
2026-05-25 11:39:36.464611,1779723576.464611,2420,142786.0,,,,,,,,,,,,,,,,0.0000,,,,0.0,0.0,0.0,0.0,0.0,0.0,0.0,0.0,0.0,-3995443,10215512,166641561,-9393450,-6714915,142241757,-0.23914740659149172,0.6114498947436524,9.974337549930727,-2.1717049816131593,-1.5524449863052368,32.885375689476014,61,f50ffe00,43.51433479214,-79.68347663109,160.467,-37.1,SOL_COMPUTED,SINGLE,good,5.1251,2.7364,15.7234,20,11,0.0,0.0,0,0,0,0,0,0,0,0,0,—,—,0.0,0.0,0.0,0.0
2026-05-25 11:39:37.419019,1779723577.419019,2420,142787.0,,,,,,,,,,,,,,,,0.0000,,,,0.0,0.0,0.0,0.0,0.0,0.0,0.0,0.0,0.0,-5538183,-10445824,164624779,-485743,-4533121,44919013,-0.3314881733212281,-0.6252352290625001,9.853622979616395,-0.11230064490509033,-1.048028302482605,10.384985740196228,61,f50cfe00,43.51429762148,-79.68346746469,164.253,-37.1,SOL_COMPUTED,SINGLE,good,3.6889,2.7341,11.3824,20,13,0.0,0.0,0,0,0,0,0,0,0,0,0,—,—,0.0,0.0,0.0,0.0
2026-05-25 11:39:38.349846,1779723578.349846,2420,142788.0,,,,,,,,,,,,,,,,0.0000,,,,0.0,0.0,0.0,0.0,0.0,0.0,0.0,0.0,0.0,-7961125,-10417531,163184385,-362640,-857917,-37891391,-0.4765134672927857,-0.6235417503732301,9.767408136964418,-0.08384002624511719,-0.1983448703842163,-8.760244914802552,61,f509fe00,43.51427923795,-79.68346037424,162.7665,-37.1,SOL_COMPUTED,SINGLE,good,4.9129,2.3501,14.9548,22,12,0.0,0.0,0,0,0,0,0,0,0,0,0,—,—,0.0,0.0,0.0,0.0
2026-05-25 11:39:39.380998,1779723579.380998,2420,142789.0,,,,,,,,,,,,,,,,0.0000,,,,0.0,0.0,0.0,0.0,0.0,0.0,0.0,0.0,0.0,-8952383,-21187869,164805455,1699690,1516188,-81171161,-0.5358452560238648,-1.2682007783743288,9.864437349095155,0.39295735221862793,0.35053287478637696,-18.766248258842467,61,f506fe00,43.51426440493,-79.6834451088,158.643,-37.1,SOL_COMPUTED,SINGLE,good,4.884,2.3094,14.8607,17,12,0.0,0.0,0,0,0,0,0,0,0,0,0,—,—,0.0,0.0,0.0,0.0
2026-05-25 11:39:40.417981,1779723580.417981,2420,142790.0,,,,,,,,,,,,,,,,0.0000,,,,0.0,0.0,0.0,0.0,0.0,0.0,0.0,0.0,0.0,-10783240,-31739125,162347607,4841714,4148554,-131161764,-0.6454312777465822,-1.8997466441726687,9.717322755044862,1.1193730113372802,0.9591188954315185,-30.323752857147216,61,f503fe00,43.51422835786,-79.6834595074,166.4594,-37.1,SOL_COMPUTED,SINGLE,good,4.8785,2.3274,14.778,16,12,0.0,0.0,0,0,0,0,0,0,0,0,0,—,—,0.0,0.0,0.0,0.0
2026-05-25 11:39:41.347872,1779723581.347872,2420,142791.0,,,,,,,,,,,,,,,,0.0000,,,,0.0,0.0,0.0,0.0,0.0,0.0,0.0,0.0,0.0,-14463579,-26166533,163360239,2359231,6944732,-137757157,-0.865718121340027,-1.5661989187283327,9.777933885433045,0.5454389724197388,1.6055771926574707,-31.848565128868103,61,f500fe00,43.51421149446,-79.68348655639,168.4008,-37.1,SOL_COMPUTED,SINGLE,good,4.9948,2.3466,14.9502,15,11,0.0,0.0,0,0,0,0,0,0,0,0,0,—,—,0.0,0.0,0.0,0.0
2026-05-25 11:39:42.384458,1779723582.384458,2420,142792.0,,,,,,,,,,,,,,,,0.0000,,,,0.0,0.0,0.0,0.0,0.0,0.0,0.0,0.0,0.0,-18507748,-32976337,163512338,4921391,5300723,-137048941,-1.1077820246838381,-1.9738000197817995,9.787037777390749,1.1377938192214967,1.2254929280776978,-31.684830162986756,61,f4fdfe00,43.51421533687,-79.68351697988,167.4246,-37.1,SOL_COMPUTED,SINGLE,good,5.002,2.3491,14.9934,18,12,0.0,0.0,0,0,0,0,0,0,0,0,0,—,—,0.0,0.0,0.0,0.0
2026-05-25 11:39:43.332100,1779723583.332100,2420,142793.0,,,,,,,,,,,,,,,,0.0000,,,,0.0,0.0,0.0,0.0,0.0,0.0,0.0,0.0,0.0,-27023686,-31070025,167446595,15136542,-11850044,-128779109,-1.6175038471185306,-1.859697635902405,10.022522893412782,3.4994707658843995,-2.739653650909424,-29.772898407188414,61,f4fafe00,43.51423550921,-79.68353383967,162.2841,-37.1,SOL_COMPUTED,SINGLE,good,4.9968,2.5018,15.5113,17,12,0.0,0.0,0,0,0,0,0,0,0,0,0,—,—,0.0,0.0,0.0,0.0
2026-05-25 11:39:44.353387,1779723584.353387,2420,142794.0,,,,,,,,,,,,,,,,0.0000,,,,0.0,0.0,0.0,0.0,0.0,0.0,0.0,0.0,0.0,3832337,-22968009,165356917,4136107,4204153,-129409726,0.2293846901919556,-1.3747511319570924,9.897445129992983,0.9562412294082642,0.9719730251998902,-29.91869298536682,61,f4f7fe00,43.51424847034,-79.68355223718,165.9724,-37.1,SOL_COMPUTED,SINGLE,good,3.76,2.2184,10.9117,18,12,0.0,0.0,0,0,0,0,0,0,0,0,0,—,—,0.0,0.0,0.0,0.0
2026-05-25 11:39:45.317072,1779723585.317072,2420,142795.0,,,,,,,,,,,,,,,,0.0000,,,,0.0,0.0,0.0,0.0,0.0,0.0,0.0,0.0,0.0,-5546985,-32644600,165040302,5662473,5382702,-135993674,-0.33201501739654543,-1.9539438878784183,9.878494126027222,1.3091271920700074,1.2444459434967041,-31.44085924699402,61,f4f5fe00,43.51427466294,-79.68355793263,163.8307,-37.1,SOL_COMPUTED,SINGLE,good,3.3708,2.1804,10.2452,20,13,0.0,0.0,0,0,0,0,0,0,0,0,0,—,—,0.0,0.0,0.0,0.0
2026-05-25 11:39:46.231525,1779723586.231525,2420,142796.0,,,,,,,,,,,,,,,,0.0000,,,,0.0,0.0,0.0,0.0,0.0,0.0,0.0,0.0,0.0,-11216873,-26490570,162330498,11250071,6753232,-144433079,-0.6713863989590455,-1.585594166812134,9.716298695139772,2.6009437676467897,1.561303629272461,-33.3919951853714,61,f4f2fe00,43.51430746568,-79.68353601386,164.7362,-37.1,SOL_COMPUTED,SINGLE,good,3.8514,2.2639,10.8778,18,12,0.0,0.0,0,0,0,0,0,0,0,0,0,—,—,0.0,0.0,0.0,0.0
2026-05-25 11:39:47.141167,1779723587.141167,2420,142797.0,,,,,,,,,,,,,,,,0.0000,,,,0.0,0.0,0.0,0.0,0.0,0.0,0.0,0.0,0.0,-16625418,-26209519,161391201,7720196,3063264,-145842932,-0.9951150844097901,-1.5687718475424197,9.660077034220278,1.784859461883545,0.7082068557128907,-33.717944094818115,61,f4effe00,43.51429829447,-79.68350625253,165.7377,-37.1,SOL_COMPUTED,SINGLE,good,3.6388,2.2376,10.599,18,13,0.0,0.0,0,0,0,0,0,0,0,0,0,—,—,0.0,0.0,0.0,0.0
2026-05-25 11:39:48.146950,1779723588.146950,2420,142798.0,,,,,,,,,,,,,,,,0.0000,,,,0.0,0.0,0.0,0.0,0.0,0.0,0.0,0.0,0.0,-8238141,-18950982,164995288,3557445,-728265,-79408148,-0.4930942714700318,-1.1343118141497803,9.875799811188966,0.8224583117294312,-0.16837016521453857,-18.35865103793335,61,f4ecfe00,43.51429836391,-79.68347566842,166.4082,-37.1,SOL_COMPUTED,SINGLE,good,3.7433,2.2782,12.3582,19,12,0.0,0.0,0,0,0,0,0,0,0,0,0,STATISTICANALYSIS,L5,1.393,0.0,0.314,0.54
2026-05-25 11:39:49.075335,1779723589.075335,2420,142799.0,,,,,,,,,,,,,,,,0.0000,,,,0.0,0.0,0.0,0.0,0.0,0.0,0.0,0.0,0.0,-5861594,-200607,167404534,1695569,1224856,15223103,-0.3508459521490479,-0.012007340310974123,10.020005330512086,0.3920046036300659,0.28317879766845705,3.5194831101150514,61,f4e9fe00,43.51429585883,-79.6834457033,162.8471,-37.1,SOL_COMPUTED,SINGLE,good,3.7153,2.2381,11.2386,21,13,0.0,0.0,0,0,0,0,0,0,0,0,0,STATISTICANALYSIS,L5,12.45,0.0,0.314,0.54
2026-05-25 11:39:50.078703,1779723590.078703,2420,142800.0,,,,,,,,,,,,,,,,0.0000,,,,0.0,0.0,0.0,0.0,0.0,0.0,0.0,0.0,0.0,-13492050,20013717,163449244,-5124680,1879397,94618953,-0.8075672127227784,1.1979218616824343,9.783261283402101,-1.1847929232788086,0.43450445015716554,21.875290929862977,61,f4e6fe00,43.51429136277,-79.68340744195,163.3303,-37.1,SOL_COMPUTED,SINGLE,good,3.4393,2.2339,10.7805,20,13,0.0,0.0,0,0,0,0,0,0,0,0,0,STATISTICANALYSIS,L2,2.35,0.0,0.936,0.205
2026-05-25 11:39:51.087501,1779723591.087501,2420,142801.0,,,,,,,,,,,,,,,,0.0000,,,,0.0,0.0,0.0,0.0,0.0,0.0,0.0,0.0,0.0,-12650464,12713843,165449236,-212803,-3433621,114664778,-0.7571940477636719,0.760987600439148,9.902970887569582,-0.049198679420471195,-0.7938310025253296,26.50975622355652,61,f4e3fe00,43.51432381447,-79.68337458472,167.1482,-37.1,SOL_COMPUTED,SINGLE,good,3.7497,2.1846,10.779,21,12,0.0,0.0,0,0,0,0,0,0,0,0,0,STATISTICANALYSIS,L5,1.708,0.0,0.458,0.517
2026-05-25 11:39:51.992279,1779723591.992279,2420,142802.0,,,,,,,,,,,,,,,,0.0000,,,,0.0,0.0,0.0,0.0,0.0,0.0,0.0,0.0,0.0,-10650829,14699338,163842024,-8315389,-7421109,116535304,-0.6375058118460084,0.8798294860699464,9.806771146604005,-1.9224642400131227,-1.715712478843689,26.94220975579834,61,f4e0fe00,43.51433101238,-79.68336727587,170.6828,-37.1,SOL_COMPUTED,SINGLE,good,3.4217,2.1984,10.5985,19,13,0.0,0.0,0,0,0,0,0,0,0,0,0,STATISTICANALYSIS,L2,1.048,0.0,0.936,0.205
2026-05-25 11:39:53.074569,1779723593.074569,2420,142803.0,,,,,,,,,,,,,,,,0.0000,,,,0.0,0.0,0.0,0.0,0.0,0.0,0.0,0.0,0.0,-13025842,13255526,163694669,-16262248,-6854184,129917382,-0.7796623135333253,0.7934100588861085,9.797951206963198,-3.759726723815918,-1.5846430797729492,30.036059774368287,61,f4ddfe00,43.51435593965,-79.68336460489,170.3515,-37.1,SOL_COMPUTED,SINGLE,good,4.6698,3.6058,14.9417,21,12,0.0,0.0,0,0,0,0,0,0,0,0,0,STATISTICANALYSIS,L5,3.66,0.0,0.458,0.517
2026-05-25 11:39:54.057612,1779723594.057612,2420,142804.0,,,,,,,,,,,,,,,,0.0000,,,,0.0,0.0,0.0,0.0,0.0,0.0,0.0,0.0,0.0,-2265451,8225922,166460210,-3669905,-5293598,125770927,-0.13559866363006592,0.49236290271789557,9.963482778298951,-0.8484583375167847,-1.2238456740875243,29.077426154182433,61,f4dafe00,43.5143810761,-79.68337911364,169.5603,-37.1,SOL_COMPUTED,SINGLE,good,4.8882,3.602,14.8405,22,13,0.0,0.0,0,0,0,0,0,0,0,0,0,—,—,0.0,0.0,0.0,0.0
2026-05-25 11:39:54.945193,1779723594.945193,2420,142805.0,,,,,,,,,,,,,,,,0.0000,,,,0.0,0.0,0.0,0.0,0.0,0.0,0.0,0.0,0.0,-7206957,14808123,163442346,38189,-9823979,152206148,-0.43137271035186775,0.8863408167599488,9.782848403325808,0.008829050193786622,-2.271240506263733,35.18907854342651,61,f4d7fe00,43.51438619669,-79.68341365377,164.6609,-37.1,SOL_COMPUTED,SINGLE,good,3.9386,2.3854,11.9346,20,12,0.0,0.0,0,0,0,0,0,0,0,0,0,—,—,0.0,0.0,0.0,0.0
2026-05-25 11:39:55.920863,1779723595.920863,2420,142806.0,,,,,,,,,,,,,,,,0.0000,,,,0.0,0.0,0.0,0.0,0.0,0.0,0.0,0.0,0.0,-10885191,14571981,163177596,-5288331,-1908205,140285445,-0.6515335590829469,0.8722065275491334,9.767001781087648,-1.2226279776992799,-0.44116467372894286,32.433088987998964,61,f4d5fe00,43.51436462418,-79.68343883712,163.6821,-37.1,SOL_COMPUTED,SINGLE,good,3.121,1.6307,3.9384,18,17,0.0,0.0,0,0,0,0,0,0,0,0,0,—,—,0.0,0.0,0.0,0.0
2026-05-25 11:39:56.878484,1779723596.878484,2420,142807.0,,,,,,,,,,,,,,,,0.0000,,,,0.0,0.0,0.0,0.0,0.0,0.0,0.0,0.0,0.0,-4488908,16083300,164780038,-2473338,-2141548,142614413,-0.2686837746472168,0.9626665890197755,9.86291601350525,-0.5718197739715576,-0.4951120685119629,32.971531350242614,61,f4d2fe00,43.51434749815,-79.68348257206,170.7691,-37.1,SOL_COMPUTED,SINGLE,good,5.7256,3.1483,17.2724,18,12,0.0,0.0,0,0,0,0,0,0,0,0,0,—,—,0.0,0.0,0.0,0.0
2026-05-25 11:39:57.898131,1779723597.898131,2420,142808.0,,,,,,,,,,,,,,,,0.0000,,,,0.0,0.0,0.0,0.0,0.0,0.0,0.0,0.0,0.0,-4311540,18402651,161419833,3543698,-3219106,159376585,-0.258067405645752,1.101491439386902,9.661790803768618,0.8192800941009521,-0.7442365197601318,36.84683727458954,61,f4cffe00,43.51433293063,-79.68348996247,165.1967,-37.1,SOL_COMPUTED,SINGLE,good,5.4709,2.5567,16.3007,18,12,0.0,0.0,0,0,0,0,0,0,0,0,0,—,—,0.0,0.0,0.0,0.0
2026-05-25 11:39:58.811519,1779723598.811519,2420,142809.0,,,,,,,,,,,,,,,,0.0000,,,,0.0,0.0,0.0,0.0,0.0,0.0,0.0,0.0,0.0,-8985459,21649476,168539067,2774541,-561956,97872010,-0.537825021376648,1.2958302845178225,10.087912850314638,0.6414559625473022,-0.1299205983581543,22.627376701583863,61,f4ccfe00,43.51430422754,-79.68346868192,167.8292,-37.1,SOL_COMPUTED,SINGLE,good,5.3516,2.4346,16.0845,18,12,0.0,0.0,0,0,0,0,0,0,0,0,0,—,—,0.0,0.0,0.0,0.0
2026-05-25 11:39:59.847149,1779723599.847149,2420,142810.0,,,,,,,,,,,,,,,,0.0000,,,,0.0,0.0,0.0,0.0,0.0,0.0,0.0,0.0,0.0,-8731272,-22204748,163345517,-1062127,7349298,-21364079,-0.5226106479418946,-1.3290661131237795,9.777052699512025,-0.24555690369415284,1.699110239364624,-4.93923710584259,61,f4c9fe00,43.51427072638,-79.68344518223,170.4191,-37.1,SOL_COMPUTED,SINGLE,good,5.3027,2.4046,15.9638,20,12,0.0,0.0,0,0,0,0,0,0,0,0,0,STATISTICANALYSIS,L5,2.349,0.0,0.791,0.505
2026-05-25 11:40:01.013061,1779723601.013061,2420,142811.0,,,,,,,,,,,,,,,,0.0000,,,,0.0,0.0,0.0,0.0,0.0,0.0,0.0,0.0,0.0,-14086080,-28669144,161847100,6238563,2081495,-93252016,-0.8431229030273438,-1.7159928040014651,9.687364887786867,1.4423154799575806,0.4812282027053833,-21.55926392248535,61,f4c6fe00,43.51424778276,-79.68344226528,166.4647,-37.1,SOL_COMPUTED,SINGLE,good,5.2124,2.3877,15.8496,19,12,0.0,0.0,0,0,0,0,0,0,0,0,0,STATISTICANALYSIS,L5,2.836,0.0,0.791,0.505
2026-05-25 11:40:01.995574,1779723601.995574,2420,142812.0,,,,,,,,,,,,,,,,0.0000,,,,0.0,0.0,0.0,0.0,0.0,0.0,0.0,0.0,0.0,-14363173,-21350074,163757932,9960198,2197250,-122044834,-0.8597083160427857,-1.2779095653814698,9.801737816453858,2.30273345942688,0.5079900112152099,-28.215977513900757,61,f4c3fe00,43.51422129124,-79.68344952846,170.0941,-37.1,SOL_COMPUTED,SINGLE,good,5.1095,2.3646,15.4456,17,12,0.0,0.0,0,0,0,0,0,0,0,0,0,STATISTICANALYSIS,L2,1.339,0.0,1.119,0.472
2026-05-25 11:40:03.020299,1779723603.020299,2420,142813.0,,,,,,,,,,,,,,,,0.0000,,,,0.0,0.0,0.0,0.0,0.0,0.0,0.0,0.0,0.0,-14664642,-19568085,161269393,5773299,7843876,-131752007,-0.8777527555499269,-1.1712485398269654,9.65278621132477,1.3347494476089476,1.8134534792175292,-30.460213227241518,61,f4c1fe00,43.51421621982,-79.68347230385,169.1595,-37.1,SOL_COMPUTED,SINGLE,good,5.3914,2.4112,15.5785,15,11,0.0,0.0,0,0,0,0,0,0,0,0,0,STATISTICANALYSIS,L5,5.506,0.0,0.543,0.324
2026-05-25 11:40:03.984891,1779723603.984891,2420,142814.0,,,,,,,,,,,,,,,,0.0000,,,,0.0,0.0,0.0,0.0,0.0,0.0,0.0,0.0,0.0,-12501224,-15629879,163316458,5383825,1357727,-133713370,-0.748261281369629,-0.9355270562460328,9.775313371860964,1.2447055738449098,0.3138977148513794,-30.913667687301636,61,f4befe00,43.51420410674,-79.68349909694,170.0919,-37.1,SOL_COMPUTED,SINGLE,good,5.069,2.3314,15.2048,17,12,0.0,0.0,0,0,0,0,0,0,0,0,0,STATISTICANALYSIS,L5,3.413,0.0,0.543,0.324
2026-05-25 11:40:05.019967,1779723605.019967,2420,142815.0,,,,,,,,,,,,,,,,0.0000,,,,0.0,0.0,0.0,0.0,0.0,0.0,0.0,0.0,0.0,-15818386,-26134770,162348317,-8440657,-3482143,-129970439,-0.9468101505548097,-1.5642977430450442,9.71736525212433,-1.951425392692566,-0.8050489755935669,-30.04832621015167,61,f4bbfe00,43.51421540364,-79.6835319705,169.876,-37.1,SOL_COMPUTED,SINGLE,good,5.085,2.4079,15.8699,17,12,0.0,0.0,0,0,0,0,0,0,0,0,0,STATISTICANALYSIS,L5,2.614,0.0,0.543,0.324
2026-05-25 11:40:06.003512,1779723606.003512,2420,142816.0,,,,,,,,,,,,,,,,0.0000,,,,0.0,0.0,0.0,0.0,0.0,0.0,0.0,0.0,0.0,-7826465,-24898460,167372392,5898406,-4787118,-120550687,-0.4684533874038697,-1.4902983566833499,10.018081469768068,1.3636733781280517,-1.1067507686920166,-27.87054037598419,61,f4b8fe00,43.51423880295,-79.68354694894,167.7288,-37.1,SOL_COMPUTED,SINGLE,good,4.3753,2.235,13.3446,17,13,0.0,0.0,0,0,0,0,0,0,0,0,0,STATISTICANALYSIS,L5,3.937,0.0,0.414,0.423
2026-05-25 11:40:06.983084,1779723606.983084,2420,142817.0,,,,,,,,,,,,,,,,0.0000,,,,0.0,0.0,0.0,0.0,0.0,0.0,0.0,0.0,0.0,-10785759,-16424300,162619983,12029482,9610559,-108308194,-0.6455820525961304,-0.9830771581726075,9.73362583182953,2.781138557785034,2.221899180427551,-25.04015505052185,61,f4b5fe00,43.51426980684,-79.68355754142,165.0248,-37.1,SOL_COMPUTED,SINGLE,good,3.4504,2.2444,10.631,18,13,0.0,0.0,0,0,0,0,0,0,0,0,0,STATISTICANALYSIS,L5,4.04,0.0,0.414,0.423
2026-05-25 11:40:07.943469,1779723607.943469,2420,142818.0,,,,,,,,,,,,,,,,0.0000,,,,0.0,0.0,0.0,0.0,0.0,0.0,0.0,0.0,0.0,4575369,-28136762,162967410,1899941,6146640,-141559732,0.2738589013906861,-1.6841270572955325,9.754421089334107,0.4392540902938843,1.4210634759521485,-32.72769591366577,61,f4b2fe00,43.51428267856,-79.68354566581,166.2829,-37.1,SOL_COMPUTED,SINGLE,good,3.3843,2.1857,10.4338,19,13,0.0,0.0,0,0,0,0,0,0,0,0,0,STATISTICANALYSIS,L5,2.336,0.0,0.414,0.423
2026-05-25 11:40:08.838701,1779723608.838701,2420,142819.0,,,,,,,,,,,,,,,,0.0000,,,,0.0,0.0,0.0,0.0,0.0,0.0,0.0,0.0,0.0,-16500886,-39137883,163755270,4868414,6681569,-163651351,-0.9876612163812257,-2.3425996113400274,9.801578482333376,1.1255458789215087,1.5447356064376832,-37.8351355694046,61,f4affe00,43.51429376899,-79.68351828648,164.0239,-37.1,SOL_COMPUTED,SINGLE,good,3.3727,2.1954,10.4833,18,13,0.0,0.0,0,0,0,0,0,0,0,0,0,STATISTICANALYSIS,L5,2.483,0.0,0.622,0.436
2026-05-25 11:40:09.818179,1779723609.818179,2420,142820.0,,,,,,,,,,,,,,,,0.0000,,,,0.0,0.0,0.0,0.0,0.0,0.0,0.0,0.0,0.0,-6743599,-29358743,163758592,1456405,-673678,-113527694,-0.40363839803070073,-1.7572687807675174,9.801777320781252,0.33671143123626707,-0.15575000331115724,-26.246869745498657,61,f4adfe00,43.51430917939,-79.68348194757,166.1453,-37.1,SOL_COMPUTED,SINGLE,good,3.3988,2.1823,10.6364,18,13,0.0,0.0,0,0,0,0,0,0,0,0,0,STATISTICANALYSIS,L5,2.349,0.0,0.622,0.436
2026-05-25 11:40:10.860342,1779723610.860342,2420,142821.0,,,,,,,,,,,,,,,,0.0000,,,,0.0,0.0,0.0,0.0,0.0,0.0,0.0,0.0,0.0,-8208477,-2421864,163912017,2771358,-1579888,-3815520,-0.4913187315188599,-0.14496077023681642,9.810960580523988,0.6407200735015869,-0.3652599034423828,-0.8821235852050782,61,f4aafe00,43.51430542638,-79.68344233555,167.1785,-37.1,SOL_COMPUTED,SINGLE,good,3.4742,2.2029,11.6015,18,13,0.0,0.0,0,0,0,0,0,0,0,0,0,STATISTICANALYSIS,L5,1.818,0.0,0.622,0.436
2026-05-25 11:40:11.803937,1779723611.803937,2420,142822.0,,,,,,,,,,,,,,,,0.0000,,,,0.0,0.0,0.0,0.0,0.0,0.0,0.0,0.0,0.0,-14680222,19127022,165137791,-3105547,2336027,96090051,-0.8786852970965577,1.1448486956561281,9.884329334168397,-0.7179824122695923,0.540074357460022,22.215399287818908,61,f4a8fe00,43.51430134399,-79.68340679828,162.7039,-37.1,SOL_COMPUTED,SINGLE,good,3.4096,2.2005,10.7106,19,13,0.0,0.0,0,0,0,0,0,0,0,0,0,—,—,0.0,0.0,0.0,0.0
2026-05-25 11:40:12.704323,1779723612.704323,2420,142823.0,,,,,,,,,,,,,,,,0.0000,,,,0.0,0.0,0.0,0.0,0.0,0.0,0.0,0.0,0.0,-18793503,19589625,162712956,-36734,-3018119,124194241,-1.1248859020687867,1.1725378174209597,9.739190734603273,-0.008492663589477539,-0.6977696232376098,28.712906532463073,61,f4a5fe00,43.51433323452,-79.68337645544,166.2274,-37.1,SOL_COMPUTED,SINGLE,good,3.734,2.1876,11.4117,21,12,0.0,0.0,0,0,0,0,0,0,0,0,0,—,—,0.0,0.0,0.0,0.0
2026-05-25 11:40:13.644459,1779723613.644459,2420,142824.0,,,,,,,,,,,,,,,,0.0000,,,,0.0,0.0,0.0,0.0,0.0,0.0,0.0,0.0,0.0,-14848134,22453058,165898813,-6784410,376388,140061140,-0.8887356768255616,1.3439287184796145,9.929880337563784,-1.568511781539917,0.08701847506713867,32.38123112045288,61,f4a2fe00,43.51434630197,-79.68336371092,167.4618,-37.1,SOL_COMPUTED,SINGLE,good,3.3981,2.1849,10.6986,17,13,0.0,0.0,0,0,0,0,0,0,0,0,0,—,—,0.0,0.0,0.0,0.0
2026-05-25 11:40:14.638008,1779723614.638008,2420,142825.0,,,,,,,,,,,,,,,,0.0000,,,,0.0,0.0,0.0,0.0,0.0,0.0,0.0,0.0,0.0,-10795112,8316267,161203865,-9589231,-4735193,128240072,-0.6461418767993165,0.497770506442566,9.648864030165102,-2.216968284553528,-1.0947460439987182,29.648276533630373,61,f49ffe00,43.51436263092,-79.68336991947,167.6066,-37.1,SOL_COMPUTED,SINGLE,good,3.3566,2.1534,10.6675,20,13,0.0,0.0,0,0,0,0,0,0,0,0,0,—,—,0.0,0.0,0.0,0.0
2026-05-25 11:40:15.785168,1779723615.785168,2420,142826.0,,,,,,,,,,,,,,,,0.0000,,,,0.0,0.0,0.0,0.0,0.0,0.0,0.0,0.0,0.0,-5677243,12393237,163511334,-2242658,-3018096,134240035,-0.3398116153927613,0.7417977150027467,9.786977682929079,-0.518488047592163,-0.6977643057861328,31.03542923435211,61,f49cfe00,43.51437837813,-79.68338963221,165.4765,-37.1,SOL_COMPUTED,SINGLE,good,3.5393,2.1838,10.9312,21,13,0.0,0.0,0,0,0,0,0,0,0,0,0,—,—,0.0,0.0,0.0,0.0
2026-05-25 11:40:16.791431,1779723616.791431,2420,142827.0,,,,,,,,,,,,,,,,0.0000,,,,0.0,0.0,0.0,0.0,0.0,0.0,0.0,0.0,0.0,-5563432,17491326,164802698,1500087,-9358291,142350316,-0.3329994532641602,1.0469440436883546,9.864272328745729,0.3468104275588989,-2.1635764478530883,32.91047382925415,61,f499fe00,43.51438983609,-79.68342725477,169.0298,-37.1,SOL_COMPUTED,SINGLE,good,4.0123,2.241,12.3877,19,12,0.0,0.0,0,0,0,0,0,0,0,0,0,—,—,0.0,0.0,0.0,0.0
2026-05-25 11:40:17.874108,1779723617.874108,2420,142828.0,,,,,,,,,,,,,,,,0.0000,,,,0.0,0.0,0.0,0.0,0.0,0.0,0.0,0.0,0.0,-9785182,19741188,163565514,-2966557,-3499234,145115662,-0.5856924747332765,1.1816096270764163,9.79022062907776,-0.685848821800232,-0.8090003044281006,33.54980396717834,61,f497fe00,43.51437552879,-79.68346109851,167.9687,-37.1,SOL_COMPUTED,SINGLE,good,4.6141,3.2789,11.3539,15,10,0.0,0.0,0,0,0,0,0,0,0,0,0,—,—,0.0,0.0,0.0,0.0
2026-05-25 11:40:18.928500,1779723618.928500,2420,142829.0,,,,,,,,,,,,,,,,0.0000,,,,0.0,0.0,0.0,0.0,0.0,0.0,0.0,0.0,0.0,-8930886,22241612,161935154,-9263131,-2395662,149539753,-0.5345585521966554,1.3312726093737794,9.692635363611451,-2.141576070350647,-0.5538615843658448,34.5726252377243,61,f494fe00,43.51435614638,-79.68348478458,163.1507,-37.1,SOL_COMPUTED,SINGLE,good,5.264,3.1655,16.6462,16,11,0.0,0.0,0,0,0,0,0,0,0,0,0,—,—,0.0,0.0,0.0,0.0
2026-05-25 11:40:19.975822,1779723619.975822,2420,142830.0,,,,,,,,,,,,,,,,0.0000,,,,0.0,0.0,0.0,0.0,0.0,0.0,0.0,0.0,0.0,-4947963,18876163,163194215,-10384117,-5122287,135647381,-0.29616053072479254,1.1298335197994998,9.767996512022401,-2.4007407947616577,-1.1842396771316528,31.36079854158783,61,f491fe00,43.51432842368,-79.68348494901,161.5697,-37.1,SOL_COMPUTED,SINGLE,good,5.1858,2.6121,16.2999,17,10,0.0,0.0,0,0,0,0,0,0,0,0,0,—,—,0.0,0.0,0.0,0.0
2026-05-25 11:40:20.930173,1779723620.930173,2420,142831.0,,,,,,,,,,,,,,,,0.0000,,,,0.0,0.0,0.0,0.0,0.0,0.0,0.0,0.0,0.0,-2890971,-1145695,163634280,-6448706,-4974686,53083699,-0.1730391891915894,-0.06857562177581789,9.794336620861818,-1.4908991845550537,-1.1501152790679932,12.272608419776917,61,f48efe00,43.51431007868,-79.68346870309,163.119,-37.1,SOL_COMPUTED,SINGLE,good,5.1993,2.6037,16.2442,18,11,0.0,0.0,0,0,0,0,0,0,0,0,0,—,—,0.0,0.0,0.0,0.0
2026-05-25 11:40:21.809710,1779723621.809710,2420,142832.0,,,,,,,,,,,,,,,,0.0000,,,,0.0,0.0,0.0,0.0,0.0,0.0,0.0,0.0,0.0,-12816484,-8876943,157944560,1373299,2874807,-31159218,-0.7671311817541505,-0.5313297916928101,9.453778194116213,0.3174978606948853,0.664636814277649,-7.2038099903411865,61,f48bfe00,43.51427979661,-79.68345422328,161.8026,-37.1,SOL_COMPUTED,SINGLE,good,4.9892,2.3608,15.5207,21,12,0.0,0.0,0,0,0,0,0,0,0,0,0,—,—,0.0,0.0,0.0,0.0
2026-05-25 11:40:22.641009,1779723622.641009,2420,142833.0,,,,,,,,,,,,,,,,0.0000,,,,0.0,0.0,0.0,0.0,0.0,0.0,0.0,0.0,0.0,-12246847,-24321080,164175467,5776738,282479,-96263043,-0.7330355354769899,-1.4557392528198245,9.826729391208191,1.335544522201538,0.06530732068634033,-22.25539392111969,61,f489fe00,43.51424597566,-79.68347012303,164.9223,-37.1,SOL_COMPUTED,SINGLE,good,4.884,2.268,15.0903,17,12,0.0,0.0,0,0,0,0,0,0,0,0,0,—,—,0.0,0.0,0.0,0.0
2026-05-25 11:40:23.500175,1779723623.500175,2420,142834.0,,,,,,,,,,,,,,,,0.0000,,,,0.0,0.0,0.0,0.0,0.0,0.0,0.0,0.0,0.0,-12541119,-22129395,160983129,3144687,3705521,-123796124,-0.7506491982504273,-1.3245558561813355,9.635651867723695,0.7270313275222778,0.856692526725769,-28.620864452911377,61,f486fe00,43.51422613063,-79.68348058027,164.562,-37.1,SOL_COMPUTED,SINGLE,good,4.8985,2.2984,14.9879,17,12,0.0,0.0,0,0,0,0,0,0,0,0,0,STATISTICANALYSIS,L5,1.508,0.0,0.787,0.34
2026-05-25 11:40:24.585578,1779723624.585578,2420,142835.0,,,,,,,,,,,,,,,,0.0000,,,,0.0,0.0,0.0,0.0,0.0,0.0,0.0,0.0,0.0,-18532485,-25058345,162233485,10142974,5579730,-140315742,-1.10926265884552,-1.4998682799942018,9.710491977998354,2.3449900903472902,1.289997544784546,-32.44009345875549,61,f484fe00,43.51420714596,-79.68350973247,166.3396,-37.1,SOL_COMPUTED,SINGLE,good,4.219,2.2552,13.0358,15,12,0.0,0.0,0,0,0,0,0,0,0,0,0,STATISTICANALYSIS,L5,3.856,0.0,0.787,0.34
2026-05-25 11:40:25.599630,1779723625.599630,2420,142836.0,,,,,,,,,,,,,,,,0.0000,,,,0.0,0.0,0.0,0.0,0.0,0.0,0.0,0.0,0.0,-17844043,-20640765,163424533,3778776,3539872,-138469900,-1.068055934362488,-1.2354538457473756,9.781782205471497,0.8736286096801757,0.8183955476074218,-32.01334670791626,61,f481fe00,43.51421599288,-79.68352816471,165.1775,-37.1,SOL_COMPUTED,SINGLE,good,3.5141,2.3837,11.0456,18,13,0.0,0.0,0,0,0,0,0,0,0,0,0,STATISTICANALYSIS,L2,1.06,0.0,0.97,0.364
2026-05-25 11:40:26.606029,1779723626.606029,2420,142837.0,,,,,,,,,,,,,,,,0.0000,,,,0.0,0.0,0.0,0.0,0.0,0.0,0.0,0.0,0.0,-9139641,-17324545,159661112,12723287,-13969717,-130340940,-0.5470535913858033,-1.0369613600112917,9.556522485319826,2.941541793525696,-3.2297083606796266,-30.133983648834228,61,f47efe00,43.51422477806,-79.6835564383,165.6181,-37.1,SOL_COMPUTED,SINGLE,good,4.2169,2.5195,12.6039,18,13,0.0,0.0,0,0,0,0,0,0,0,0,0,STATISTICANALYSIS,L2,1.212,0.0,0.97,0.364
2026-05-25 11:40:27.595936,1779723627.595936,2420,142838.0,,,,,,,,,,,,,,,,0.0000,,,,0.0,0.0,0.0,0.0,0.0,0.0,0.0,0.0,0.0,1142281,-27682310,165869442,13416439,10351966,-132721723,0.06837127666412354,-1.6569258139739993,9.928122335139772,3.1017940598831175,2.3933076911773683,-30.684405304481505,61,f47cfe00,43.51425141691,-79.68355302615,165.0839,-37.1,SOL_COMPUTED,SINGLE,good,3.4209,2.314,10.6059,18,13,0.0,0.0,0,0,0,0,0,0,0,0,0,STATISTICANALYSIS,L5,1.689,0.0,0.633,0.419
2026-05-25 11:40:28.629518,1779723628.629518,2420,142839.0,,,,,,,,,,,,,,,,0.0000,,,,0.0,0.0,0.0,0.0,0.0,0.0,0.0,0.0,0.0,-6694314,-21470340,159907433,7949527,3896376,-146774248,-0.40068844231018075,-1.2851080918029787,9.57126603899811,1.8378793081741334,0.9008169702758789,-33.93325834002685,61,f479fe00,43.51427106994,-79.68354869568,164.9483,-37.1,SOL_COMPUTED,SINGLE,good,3.3473,2.2675,10.4152,18,13,0.0,0.0,0,0,0,0,0,0,0,0,0,STATISTICANALYSIS,L2,1.706,0.0,0.764,0.391
2026-05-25 11:40:29.522800,1779723629.522800,2420,142840.0,,,,,,,,,,,,,,,,0.0000,,,,0.0,0.0,0.0,0.0,0.0,0.0,0.0,0.0,0.0,-15891542,-26133707,163374113,7816924,6761430,-144633026,-0.9511889059710694,-1.5642341171359255,9.77876431427887,1.8072223508605958,1.5631989539337159,-33.43822164060974,61,f476fe00,43.51429344605,-79.68352994911,164.5291,-37.1,SOL_COMPUTED,SINGLE,good,3.5939,2.3067,10.996,18,13,0.0,0.0,0,0,0,0,0,0,0,0,0,STATISTICANALYSIS,L2,1.387,0.0,0.764,0.391
2026-05-25 11:40:30.451716,1779723630.451716,2420,142841.0,,,,,,,,,,,,,,,,0.0000,,,,0.0,0.0,0.0,0.0,0.0,0.0,0.0,0.0,0.0,-10217324,-22192705,163711641,5749452,2979468,-118819651,-0.6115583520788576,-1.328345278858948,9.798967066727602,1.3292361752014161,0.6888337616271972,-27.47033603098297,61,f473fe00,43.51429660741,-79.68350426536,165.7219,-37.1,SOL_COMPUTED,SINGLE,good,3.3344,2.252,10.5458,20,13,0.0,0.0,0,0,0,0,0,0,0,0,0,STATISTICANALYSIS,L2,1.98,0.0,0.764,0.391
2026-05-25 11:40:31.374727,1779723631.374727,2420,142842.0,,,,,,,,,,,,,,,,0.0000,,,,0.0,0.0,0.0,0.0,0.0,0.0,0.0,0.0,0.0,-8501771,-12879028,164466947,5679028,-1240045,-63346609,-0.5088738560617067,-0.7708747554699709,9.844175938705751,1.3129546011657716,-0.2866903963851929,-14.645326938835144,61,f471fe00,43.514299778,-79.68347149081,168.7588,-37.1,SOL_COMPUTED,SINGLE,good,3.458,2.2794,11.6373,22,13,0.0,0.0,0,0,0,0,0,0,0,0,0,STATISTICANALYSIS,L2,1.06,0.0,1.034,0.444
2026-05-25 11:40:32.475680,1779723632.475680,2420,142843.0,,,,,,,,,,,,,,,,0.0000,,,,0.0,0.0,0.0,0.0,0.0,0.0,0.0,0.0,0.0,-7862057,-2979498,168238789,2096690,-236869,-4635508,-0.4705837480410767,-0.17833797645080568,10.069939698161928,0.484741188583374,-0.05476258321380615,-1.0716995157165528,61,f46efe00,43.51430206099,-79.68343638869,165.9825,-37.1,SOL_COMPUTED,SINGLE,good,3.4535,2.2423,10.7618,20,13,0.0,0.0,0,0,0,0,0,0,0,0,0,STATISTICANALYSIS,L2,1.222,0.0,1.034,0.444
2026-05-25 11:40:33.327092,1779723633.327092,2420,142844.0,,,,,,,,,,,,,,,,0.0000,,,,0.0,0.0,0.0,0.0,0.0,0.0,0.0,0.0,0.0,-6668911,10904785,163651242,-3764932,677308,61072222,-0.399167944690857,0.6527063587661744,9.795351882075806,-0.8704279662780762,0.15658923587036133,14.119503351333618,61,f46bfe00,43.51429796349,-79.68340309774,166.9334,-37.1,SOL_COMPUTED,SINGLE,good,3.4737,2.2468,11.311,20,13,0.0,0.0,0,0,0,0,0,0,0,0,0,STATISTICANALYSIS,L2,2.026,0.0,1.034,0.444
2026-05-25 11:40:34.320027,1779723634.320027,2420,142845.0,,,,,,,,,,,,,,,,0.0000,,,,0.0,0.0,0.0,0.0,0.0,0.0,0.0,0.0,0.0,-17196971,12647798,163370800,-7413391,-2556181,112828195,-1.0293254129464724,0.7570344742230226,9.778566014526369,-1.7139281270828246,-0.5909725406112671,26.085150093727112,61,f468fe00,43.51430374845,-79.6833738118,165.5969,-37.1,SOL_COMPUTED,SINGLE,good,5.3149,2.2775,12.6535,19,11,0.0,0.0,0,0,0,0,0,0,0,0,0,STATISTICANALYSIS,L2,1.212,0.0,0.938,0.494
2026-05-25 11:40:35.335428,1779723635.335428,2420,142846.0,,,,,,,,,,,,,,,,0.0000,,,,0.0,0.0,0.0,0.0,0.0,0.0,0.0,0.0,0.0,-9314524,8554620,162600819,-281858,-5738383,122389589,-0.5575212206091309,0.5120371351501466,9.732478769814149,-0.06516374949645996,-1.3266770938796997,28.29568264363861,61,f465fe00,43.51432436267,-79.68335759227,166.2976,-37.1,SOL_COMPUTED,SINGLE,good,4.8264,2.2567,12.6093,19,12,0.0,0.0,0,0,0,0,0,0,0,0,0,STATISTICANALYSIS,L2,1.968,0.0,0.938,0.494
2026-05-25 11:40:36.231777,1779723636.231777,2420,142847.0,,,,,,,,,,,,,,,,0.0000,,,,0.0,0.0,0.0,0.0,0.0,0.0,0.0,0.0,0.0,-10461441,6973041,165963601,-2021632,-4679829,114934360,-0.6261699852456666,0.41737165846344,9.933758225992738,-0.467388263671875,-1.0819462447128296,26.572081841125488,61,f463fe00,43.51434326224,-79.68335448231,168.9976,-37.1,SOL_COMPUTED,SINGLE,good,3.8106,2.2195,10.9943,19,12,0.0,0.0,0,0,0,0,0,0,0,0,0,STATISTICANALYSIS,L5,3.996,0.0,0.489,0.345
2026-05-25 11:40:37.321468,1779723637.321468,2420,142848.0,,,,,,,,,,,,,,,,0.0000,,,,0.0,0.0,0.0,0.0,0.0,0.0,0.0,0.0,0.0,-8600296,8969158,165267768,-7552871,-7438364,109898877,-0.514771074025879,0.5368493243450928,9.89210911289795,-1.7461750023880005,-1.7197017234191894,25.40791068825531,61,f460fe00,43.51437287799,-79.6833575492,170.7843,-37.1,SOL_COMPUTED,SINGLE,good,3.7823,2.1792,10.9723,20,12,0.0,0.0,0,0,0,0,0,0,0,0,0,STATISTICANALYSIS,L2,1.372,0.0,0.938,0.494
2026-05-25 11:40:38.310289,1779723638.310289,2420,142849.0,,,,,,,,,,,,,,,,0.0000,,,,0.0,0.0,0.0,0.0,0.0,0.0,0.0,0.0,0.0,-3232488,4991908,164729071,-4449026,-3420267,121823638,-0.19348070340087895,0.2987908605236817,9.859865381604921,-1.02858608152771,-0.7907436439590454,28.164838427078248,61,f45dfe00,43.51438008714,-79.68337828837,167.1178,-37.1,SOL_COMPUTED,SINGLE,good,3.4181,2.1662,10.7542,20,13,0.0,0.0,0,0,0,0,0,0,0,0,0,STATISTICANALYSIS,L5,2.281,0.0,0.489,0.345
2026-05-25 11:40:39.232100,1779723639.232100,2420,142850.0,,,,,,,,,,,,,,,,0.0000,,,,0.0,0.0,0.0,0.0,0.0,0.0,0.0,0.0,0.0,-10981233,10364186,163134877,-4585771,-8600152,131091668,-0.657282156979065,0.6203487831842042,9.764444833569643,-1.0602006424942017,-1.9882996067504883,30.307547114593508,61,f45bfe00,43.51438096944,-79.68341657888,168.9742,-37.1,SOL_COMPUTED,SINGLE,good,3.9631,2.7616,12.41,19,12,0.0,0.0,0,0,0,0,0,0,0,0,0,STATISTICANALYSIS,L5,1.032,0.0,0.517,0.438
2026-05-25 11:40:40.379643,1779723640.379643,2420,142851.0,,,,,,,,,,,,,,,,0.0000,,,,0.0,0.0,0.0,0.0,0.0,0.0,0.0,0.0,0.0,-4010299,18516153,165853751,-2411943,-7013703,136446417,-0.24003661308807375,1.1082851063076784,9.927183149683534,-0.5576256464309692,-1.6215228424758912,31.545530504997252,61,f459fe00,43.5143738425,-79.68344511617,168.1544,-37.1,SOL_COMPUTED,SINGLE,good,3.6946,3.1169,11.3823,19,11,0.0,0.0,0,0,0,0,0,0,0,0,0,STATISTICANALYSIS,L5,1.986,0.0,0.517,0.438
2026-05-25 11:40:41.281400,1779723641.281400,2420,142852.0,,,,,,,,,,,,,,,,0.0000,,,,0.0,0.0,0.0,0.0,0.0,0.0,0.0,0.0,0.0,-3418734,18818178,167414249,-4142781,-1659391,155385666,-0.20462846546081545,1.1263628252178957,10.020586822240297,-0.9577842151107788,-0.38364048365020753,35.92416257322693,61,f456fe00,43.51435334648,-79.68347332387,165.4312,-37.1,SOL_COMPUTED,SINGLE,good,5.0717,2.337,15.3721,18,12,0.0,0.0,0,0,0,0,0,0,0,0,0,STATISTICANALYSIS,L5,1.334,0.0,0.517,0.438
2026-05-25 11:40:42.338253,1779723642.338253,2420,142853.0,,,,,,,,,,,,,,,,0.0000,,,,0.0,0.0,0.0,0.0,0.0,0.0,0.0,0.0,0.0,-13930187,22088225,163442494,-10437968,-6537212,150535809,-0.8337919210421754,1.3220916241226197,9.78285726187195,-2.4131907982177734,-1.51136120022583,34.80290695287323,61,f453fe00,43.51433225835,-79.68348111601,161.4068,-37.1,SOL_COMPUTED,SINGLE,good,5.1205,2.3201,15.2293,17,11,0.0,0.0,0,0,0,0,0,0,0,0,0,STATISTICANALYSIS,L5,3.574,0.0,0.452,0.511
2026-05-25 11:40:43.218834,1779723643.218834,2420,142854.0,,,,,,,,,,,,,,,,0.0000,,,,0.0,0.0,0.0,0.0,0.0,0.0,0.0,0.0,0.0,-5638557,-676570,162177776,-9298245,-5665597,76338695,-0.33749606325714115,-0.04049612543029786,9.707157513491213,-2.149694200401306,-1.3098494406967163,17.649013325386047,61,f450fe00,43.51430342518,-79.68346327498,164.0672,-37.1,SOL_COMPUTED,SINGLE,good,5.1698,2.4995,16.211,16,11,0.0,0.0,0,0,0,0,0,0,0,0,0,STATISTICANALYSIS,L5,2.863,0.0,0.452,0.511
2026-05-25 11:40:44.216673,1779723644.216673,2420,142855.0,,,,,,,,,,,,,,,,0.0000,,,,0.0,0.0,0.0,0.0,0.0,0.0,0.0,0.0,0.0,-5849240,-11732926,163912964,-1763296,1647308,-12533227,-0.35010650296630863,-0.7022747726922608,9.811017263248292,-0.40766264868164065,0.380846972076416,-2.897601148841858,61,f44efe00,43.51427415645,-79.68344581964,166.8659,-37.1,SOL_COMPUTED,SINGLE,good,5.1854,2.4744,16.2432,15,11,0.0,0.0,0,0,0,0,0,0,0,0,0,STATISTICANALYSIS,L5,2.051,0.0,0.452,0.511
2026-05-25 11:40:45.228076,1779723645.228076,2420,142856.0,,,,,,,,,,,,,,,,0.0000,,,,0.0,0.0,0.0,0.0,0.0,0.0,0.0,0.0,0.0,-5560584,-20914845,162582933,4557750,3881899,-85752641,-0.33282898610595707,-1.2518589155227662,9.731408202541811,1.0537223682403565,0.8974699813613891,-19.825456849845885,61,f44bfe00,43.51426639156,-79.68342608684,161.3732,-37.1,SOL_COMPUTED,SINGLE,good,5.094,2.4663,15.9585,18,11,0.0,0.0,0,0,0,0,0,0,0,0,0,STATISTICANALYSIS,L5,3.71,0.0,0.301,0.548
2026-05-25 11:40:46.086029,1779723646.086029,2420,142857.0,,,,,,,,,,,,,,,,0.0000,,,,0.0,0.0,0.0,0.0,0.0,0.0,0.0,0.0,0.0,-7434538,-33669691,163524740,2757398,2148207,-122909137,-0.44499458055236824,-2.015300752228699,9.78778009961548,0.6374926116485595,0.4966515863113403,-28.415798786247255,61,f448fe00,43.51424378469,-79.68344824187,163.6587,-37.1,SOL_COMPUTED,SINGLE,good,4.8668,2.2539,14.7937,16,12,0.0,0.0,0,0,0,0,0,0,0,0,0,STATISTICANALYSIS,L5,2.832,0.0,0.301,0.548
2026-05-25 11:40:46.979737,1779723646.979737,2420,142858.0,,,,,,,,,,,,,,,,0.0000,,,,0.0,0.0,0.0,0.0,0.0,0.0,0.0,0.0,0.0,-10840972,-23153184,167488417,6319394,9656560,-133494511,-0.6488868290026857,-1.3858347892675784,10.025026150958558,1.4610030851898193,2.2325343145751955,-30.8630688997879,61,f445fe00,43.51422304727,-79.6834683874,167.3619,-37.1,SOL_COMPUTED,SINGLE,good,4.9766,2.3114,15.0285,16,11,0.0,0.0,0,0,0,0,0,0,0,0,0,STATISTICANALYSIS,L5,2.494,0.0,0.301,0.548
2026-05-25 11:40:48.047955,1779723648.047955,2420,142859.0,,,,,,,,,,,,,,,,0.0000,,,,0.0,0.0,0.0,0.0,0.0,0.0,0.0,0.0,0.0,-18482625,-23058768,163855747,13257573,926140,-140154544,-1.1062782864761354,-1.3801835156689455,9.807592537338563,3.0650652665634155,0.21411758743286133,-32.40282552209473,61,f443fe00,43.51420609195,-79.68350195581,167.4255,-37.1,SOL_COMPUTED,SINGLE,good,4.3697,2.2853,13.2764,18,13,0.0,0.0,0,0,0,0,0,0,0,0,0,STATISTICANALYSIS,L5,1.713,0.0,0.406,0.375
2026-05-25 11:40:49.139127,1779723649.139127,2420,142860.0,,,,,,,,,,,,,,,,0.0000,,,,0.0,0.0,0.0,0.0,0.0,0.0,0.0,0.0,0.0,-17893323,-26652184,163824767,-7483162,-4890928,-138072745,-1.0710055908078004,-1.5952675794897464,9.805738228152773,-1.7300587317352294,-1.130750970336914,-31.92152703655243,61,f440fe00,43.51422269497,-79.68353012433,165.5167,-37.1,SOL_COMPUTED,SINGLE,good,3.8507,2.6761,11.4623,18,12,0.0,0.0,0,0,0,0,0,0,0,0,0,—,—,0.0,0.0,0.0,0.0
2026-05-25 11:40:50.238245,1779723650.238245,2420,142861.0,,,,,,,,,,,,,,,,0.0000,,,,0.0,0.0,0.0,0.0,0.0,0.0,0.0,0.0,0.0,282133,-35835772,167605087,3368624,-5060715,-139793646,0.016887082424621586,-2.144951620384522,10.03200943865082,0.7788041158447265,-1.1700046283340455,-32.31938823500061,61,f43efe00,43.51425010887,-79.68354766343,162.6863,-37.1,SOL_COMPUTED,SINGLE,good,4.0502,2.5633,11.3746,18,12,0.0,0.0,0,0,0,0,0,0,0,0,0,STATISTICANALYSIS,L2,2.3,0.0,0.865,0.401
2026-05-25 11:40:51.205196,1779723651.205196,2420,142862.0,,,,,,,,,,,,,,,,0.0000,,,,0.0,0.0,0.0,0.0,0.0,0.0,0.0,0.0,0.0,-6150151,-30121266,159630699,2831058,3299009,-151869073,-0.36811754336029057,-1.8029096265802005,9.554702113942568,0.6545223279876708,0.7627095773849487,-35.11114898009491,61,f43cfe00,43.51426990418,-79.68354030695,167.813,-37.1,SOL_COMPUTED,SINGLE,good,3.6679,2.3178,11.0409,19,13,0.0,0.0,0,0,0,0,0,0,0,0,0,STATISTICANALYSIS,L2,1.765,0.0,0.865,0.401
2026-05-25 11:40:52.235406,1779723652.235406,2420,142863.0,,,,,,,,,,,,,,,,0.0000,,,,0.0,0.0,0.0,0.0,0.0,0.0,0.0,0.0,0.0,-18331256,-23996111,161802983,11365676,5583142,-145038512,-1.0972180886987306,-1.4362882198373415,9.684724262920838,2.627670897125244,1.2907863771514894,-33.53196738537598,61,f439fe00,43.51429927051,-79.68352195423,168.2112,-37.1,SOL_COMPUTED,SINGLE,good,5.0344,2.3437,15.0388,19,13,0.0,0.0,0,0,0,0,0,0,0,0,0,STATISTICANALYSIS,L2,1.578,0.0,0.865,0.401
2026-05-25 11:40:53.205492,1779723653.205492,2420,142864.0,,,,,,,,,,,,,,,,0.0000,,,,0.0,0.0,0.0,0.0,0.0,0.0,0.0,0.0,0.0,-13967402,-21961616,164129507,2438331,1464591,-133935727,-0.8360194264117433,-1.3145134371728517,9.823978453500672,0.5637263816299438,0.3386039815750122,-30.965075189826965,61,f436fe00,43.51430992864,-79.6834947735,168.9328,-37.1,SOL_COMPUTED,SINGLE,good,3.8645,2.3145,10.8483,16,12,0.0,0.0,0,0,0,0,0,0,0,0,0,STATISTICANALYSIS,L2,1.608,0.0,0.903,0.405
2026-05-25 11:40:54.175923,1779723654.175923,2420,142865.0,,,,,,,,,,,,,,,,0.0000,,,,0.0,0.0,0.0,0.0,0.0,0.0,0.0,0.0,0.0,-7124303,-14169511,162044611,5201620,356223,-82355094,-0.4264254517514039,-0.8481166689950562,9.699186916889344,1.2025809544372559,0.08235645728302002,-19.039965923171998,61,f433fe00,43.51430641662,-79.68346122855,167.4135,-37.1,SOL_COMPUTED,SINGLE,good,3.4171,2.2859,10.8874,21,13,0.0,0.0,0,0,0,0,0,0,0,0,0,SPECTRUMANALYSIS,L5,1197.866,2.637,-57.828,-115.183
2026-05-25 11:40:55.008290,1779723655.008290,2420,142866.0,,,,,,,,,,,,,,,,0.0000,,,,0.0,0.0,0.0,0.0,0.0,0.0,0.0,0.0,0.0,-4766231,-1033727,164268023,-2673256,-212751,-3506095,-0.28528295432220463,-0.061873772488708505,9.832269334429627,-0.6180395245971679,-0.04918665735626221,-0.8105865233230591,61,f431fe00,43.5143036811,-79.68342791814,165.6755,-37.1,SOL_COMPUTED,SINGLE,good,3.4205,2.2757,10.7148,19,13,0.0,0.0,0,0,0,0,0,0,0,0,0,STATISTICANALYSIS,L2,1.746,0.0,0.903,0.405
2026-05-25 11:40:55.990406,1779723655.990406,2420,142867.0,,,,,,,,,,,,,,,,0.0000,,,,0.0,0.0,0.0,0.0,0.0,0.0,0.0,0.0,0.0,-10746851,10371632,165120687,-1417855,1942735,69110954,-0.6432532126412964,0.6207944638232423,9.883305573538514,-0.32779892017364504,0.4491477867507935,15.978006279464722,61,f42efe00,43.51430726093,-79.68339195991,165.637,-37.1,SOL_COMPUTED,SINGLE,good,3.4378,2.277,10.7757,21,13,0.0,0.0,0,0,0,0,0,0,0,0,0,SPECTRUMANALYSIS,L5,1197.866,2.637,-57.828,-115.183
2026-05-25 11:40:56.862457,1779723656.862457,2420,142868.0,,,,,,,,,,,,,,,,0.0000,,,,0.0,0.0,0.0,0.0,0.0,0.0,0.0,0.0,0.0,-14894878,14686643,164440352,-777292,-2680587,116915918,-0.8915335408856202,0.8790696263180543,9.842584093876955,-0.1797048910217285,-0.6197344044570923,27.030205254776,61,f42bfe00,43.51430332816,-79.68337041503,162.604,-37.1,SOL_COMPUTED,SINGLE,good,5.3927,2.2919,12.5709,21,11,0.0,0.0,0,0,0,0,0,0,0,0,0,STATISTICANALYSIS,L5,3.129,0.0,0.432,0.551
2026-05-25 11:40:57.819752,1779723657.819752,2420,142869.0,,,,,,,,,,,,,,,,0.0000,,,,0.0,0.0,0.0,0.0,0.0,0.0,0.0,0.0,0.0,-13891607,18619177,163803307,2915002,-5363084,133067535,-0.8314827135409547,1.1144516121035768,9.8044537389621,0.6739296387176513,-1.2399103885803222,30.76435480579376,61,f429fe00,43.51432339655,-79.68335634629,164.8393,-37.1,SOL_COMPUTED,SINGLE,good,5.392,2.2801,12.5298,19,11,0.0,0.0,0,0,0,0,0,0,0,0,0,STATISTICANALYSIS,L5,1.094,0.0,0.432,0.551
2026-05-25 11:40:58.663166,1779723658.663166,2420,142870.0,,,,,,,,,,,,,,,,0.0000,,,,0.0,0.0,0.0,0.0,0.0,0.0,0.0,0.0,0.0,-12035158,22732724,164475403,-6476012,-1973241,139547821,-0.7203648815960695,1.360668138516846,9.844682072936708,-1.4972121554260254,-0.45620057695770266,32.26255508242035,61,f426fe00,43.51436902707,-79.68335224615,169.7965,-37.1,SOL_COMPUTED,SINGLE,good,3.8719,2.317,11.2165,19,12,0.0,0.0,0,0,0,0,0,0,0,0,0,STATISTICANALYSIS,L5,1.449,0.0,0.432,0.551
2026-05-25 11:40:59.587265,1779723659.587265,2420,142871.0,,,,,,,,,,,,,,,,0.0000,,,,0.0,0.0,0.0,0.0,0.0,0.0,0.0,0.0,0.0,-5937446,16239414,165729779,-7395610,-4044356,139167899,-0.3553860767572022,0.9720107989691164,9.919762800478212,-1.7098172747039795,-0.9350289906921386,32.17471956937408,61,f423fe00,43.51440178944,-79.68336413104,166.4171,-37.1,SOL_COMPUTED,SINGLE,good,4.1048,2.2885,11.2992,21,13,0.0,0.0,0,0,0,0,0,0,0,0,0,—,—,0.0,0.0,0.0,0.0
2026-05-25 11:41:00.603383,1779723660.603383,2420,142872.0,,,,,,,,,,,,,,,,0.0000,,,,0.0,0.0,0.0,0.0,0.0,0.0,0.0,0.0,0.0,-13621315,8858332,163399048,-7930018,-5558957,144049669,-0.8153043746627808,0.5302158295153809,9.78025679973877,-1.833368953353882,-1.2851949613265992,33.303353269248966,61,f421fe00,43.51439170925,-79.68340207685,164.8761,-37.1,SOL_COMPUTED,SINGLE,good,3.8258,2.1989,11.1395,21,13,0.0,0.0,0,0,0,0,0,0,0,0,0,—,—,0.0,0.0,0.0,0.0
2026-05-25 11:41:01.553149,1779723661.553149,2420,142873.0,,,,,,,,,,,,,,,,0.0000,,,,0.0,0.0,0.0,0.0,0.0,0.0,0.0,0.0,0.0,-6101728,18559191,165155555,-2044669,-5895355,147317670,-0.36521918268554693,1.1108611475839234,9.885392599125673,-0.47271426930999755,-1.3629680066299439,34.058893997268676,61,f41efe00,43.51438488073,-79.68342939738,163.4307,-37.1,SOL_COMPUTED,SINGLE,good,3.6486,3.1163,11.3113,16,11,0.0,0.0,0,0,0,0,0,0,0,0,0,—,—,0.0,0.0,0.0,0.0
2026-05-25 11:41:02.453652,1779723662.453652,2420,142874.0,,,,,,,,,,,,,,,,0.0000,,,,0.0,0.0,0.0,0.0,0.0,0.0,0.0,0.0,0.0,-12307477,10705964,165978009,-9407215,-836406,148852371,-0.7366645466433717,0.6408059195593263,9.934620617430726,-2.174887360725403,-0.19337166609191894,34.41370695810699,61,f41cfe00,43.51435056105,-79.68347996622,167.0665,-37.1,SOL_COMPUTED,SINGLE,good,5.1217,2.9701,15.9447,18,11,0.0,0.0,0,0,0,0,0,0,0,0,0,—,—,0.0,0.0,0.0,0.0
2026-05-25 11:41:03.487589,1779723663.487589,2420,142875.0,,,,,,,,,,,,,,,,0.0000,,,,0.0,0.0,0.0,0.0,0.0,0.0,0.0,0.0,0.0,-15017007,20302488,165330502,647947,-2727339,135142452,-0.8988435772494509,1.2152062618725588,9.895864059071657,0.14980116226959228,-0.6305431649551392,31.244062217376708,61,f419fe00,43.51433494891,-79.68348103291,164.0479,-37.1,SOL_COMPUTED,SINGLE,good,4.9565,2.3821,15.1926,17,11,0.0,0.0,0,0,0,0,0,0,0,0,0,—,—,0.0,0.0,0.0,0.0
2026-05-25 11:41:04.525698,1779723664.525698,2420,142876.0,,,,,,,,,,,,,,,,0.0000,,,,0.0,0.0,0.0,0.0,0.0,0.0,0.0,0.0,0.0,-14564369,14580705,163112901,132592,-5417218,125025969,-0.8717509109732057,0.8727287029312135,9.763129459177552,0.030654414184570312,-1.25242581980896,28.905196675163268,61,f417fe00,43.51433667952,-79.68344473235,162.6599,-37.1,SOL_COMPUTED,SINGLE,good,4.9325,2.3048,15.157,20,12,0.0,0.0,0,0,0,0,0,0,0,0,0,STATISTICANALYSIS,L2,1.066,0.0,1.288,0.277
2026-05-25 11:41:05.474357,1779723665.474357,2420,142877.0,,,,,,,,,,,,,,,,0.0000,,,,0.0,0.0,0.0,0.0,0.0,0.0,0.0,0.0,0.0,306731,-6032681,164287166,42270,-3467737,47621566,0.01835939673553467,-0.3610863716348267,9.833415139489137,0.009772551040649414,-0.8017184014205933,11.009798542007447,61,f414fe00,43.51429910511,-79.68344273495,166.1699,-37.1,SOL_COMPUTED,SINGLE,good,4.9695,2.2945,15.3184,18,12,0.0,0.0,0,0,0,0,0,0,0,0,0,STATISTICANALYSIS,L2,1.21,0.0,1.288,0.277
2026-05-25 11:41:06.402566,1779723666.402566,2420,142878.0,,,,,,,,,,,,,,,,0.0000,,,,0.0,0.0,0.0,0.0,0.0,0.0,0.0,0.0,0.0,-5541257,-18243663,164762694,-278754,4412966,-34331758,-0.3316721677188111,-1.091975206048279,9.861877887665406,-0.06444612474060059,1.0202492423858642,-7.937280751602173,61,f412fe00,43.51427920049,-79.68343044973,165.3916,-37.1,SOL_COMPUTED,SINGLE,good,5.0458,2.2767,16.0137,22,12,0.0,0.0,0,0,0,0,0,0,0,0,0,STATISTICANALYSIS,L2,1.075,0.0,1.288,0.277
2026-05-25 11:41:07.270151,1779723667.270151,2420,142879.0,,,,,,,,,,,,,,,,0.0000,,,,0.0,0.0,0.0,0.0,0.0,0.0,0.0,0.0,0.0,-4946547,-17706599,163111760,3607238,2725814,-82377729,-0.29607577598602297,-1.059829218038025,9.763061164575197,0.8339701317901611,0.6301905948028564,-19.045198989006042,61,f40ffe00,43.51426070688,-79.68342771438,165.8248,-37.1,SOL_COMPUTED,SINGLE,good,5.0395,2.2697,15.9946,22,12,0.0,0.0,0,0,0,0,0,0,0,0,0,STATISTICANALYSIS,L2,2.357,0.0,1.43,0.283
2026-05-25 11:41:08.211859,1779723668.211859,2420,142880.0,,,,,,,,,,,,,,,,0.0000,,,,0.0,0.0,0.0,0.0,0.0,0.0,0.0,0.0,0.0,1682598,-22088715,161654376,7517021,3597418,-100803580,0.10071197312438966,-1.3221209530929567,9.675829384768068,1.7378867138900758,0.831699811203003,-23.30513675491333,61,f40cfe00,43.51424288898,-79.68342955515,166.432,-37.1,SOL_COMPUTED,SINGLE,good,4.9764,2.255,15.6516,17,12,0.0,0.0,0,0,0,0,0,0,0,0,0,—,—,0.0,0.0,0.0,0.0
2026-05-25 11:41:09.225711,1779723669.225711,2420,142881.0,,,,,,,,,,,,,,,,0.0000,,,,0.0,0.0,0.0,0.0,0.0,0.0,0.0,0.0,0.0,-12413329,-26507145,165011547,8739494,3301259,-126136827,-0.7430003224966432,-1.5865862641250612,9.876772994308778,2.020514577346802,0.7632297628555298,-29.16201987137604,61,f40afe00,43.51421551437,-79.68344162307,169.5709,-37.1,SOL_COMPUTED,SINGLE,good,5.2321,2.4031,15.6257,19,12,0.0,0.0,0,0,0,0,0,0,0,0,0,—,—,0.0,0.0,0.0,0.0
2026-05-25 11:41:10.082782,1779723670.082782,2420,142882.0,,,,,,,,,,,,,,,,0.0000,,,,0.0,0.0,0.0,0.0,0.0,0.0,0.0,0.0,0.0,-13285234,-21159427,163624092,3830078,8808301,-134664689,-0.7951882324591065,-1.2664983812838746,9.793726817698976,0.8854893007965088,2.0364223114242552,-31.13360649694061,61,f407fe00,43.51420770057,-79.68345261974,170.5796,-37.1,SOL_COMPUTED,SINGLE,good,3.5301,2.2907,11.1061,16,12,0.0,0.0,0,0,0,0,0,0,0,0,0,STATISTICANALYSIS,L2,1.071,0.0,1.205,0.385
2026-05-25 11:41:11.029198,1779723671.029198,2420,142883.0,,,,,,,,,,,,,,,,0.0000,,,,0.0,0.0,0.0,0.0,0.0,0.0,0.0,0.0,0.0,-15668098,-27612730,162588397,11761427,3230966,-135103579,-0.9378146560772707,-1.6527611001861575,9.731735250488589,2.719165972755432,0.7469784751739502,-31.235075030799866,61,f405fe00,43.51421681858,-79.68347872125,163.707,-37.1,SOL_COMPUTED,SINGLE,good,5.2962,2.5546,18.3718,14,10,0.0,0.0,0,0,0,0,0,0,0,0,0,STATISTICANALYSIS,L5,1.766,0.0,0.288,0.445
2026-05-25 11:41:12.063566,1779723672.063566,2420,142884.0,,,,,,,,,,,,,,,,0.0000,,,,0.0,0.0,0.0,0.0,0.0,0.0,0.0,0.0,0.0,-18370892,-31086916,159787307,3247376,4313158,-137644676,-1.0995905031237794,-1.8607086474084475,9.56407589228241,0.7507723612060547,0.9971742772979736,-31.82256024801636,61,f402fe00,43.51425125131,-79.68352738546,168.425,-37.1,SOL_COMPUTED,SINGLE,good,6.0275,3.1286,17.7699,16,10,0.0,0.0,0,0,0,0,0,0,0,0,0,STATISTICANALYSIS,L2,1.338,0.0,1.205,0.385
2026-05-25 11:41:13.095016,1779723673.095016,2420,142885.0,,,,,,,,,,,,,,,,0.0000,,,,0.0,0.0,0.0,0.0,0.0,0.0,0.0,0.0,0.0,2132939,-23183037,163191990,925431,-5261032,-127348797,0.12766715237030032,-1.3876216418215945,9.767863334555056,0.21395367121124267,-1.2163166251831055,-29.44221950905609,61,f400fe00,43.51426727944,-79.683525647,167.1428,-37.1,SOL_COMPUTED,SINGLE,good,3.7649,2.1903,10.8,19,12,0.0,0.0,0,0,0,0,0,0,0,0,0,STATISTICANALYSIS,L2,1.073,0.0,0.631,0.383
2026-05-25 11:41:14.096342,1779723674.096342,2420,142886.0,,,,,,,,,,,,,,,,0.0000,,,,0.0,0.0,0.0,0.0,0.0,0.0,0.0,0.0,0.0,-8905701,-22903537,160300479,7570244,7121332,-141213713,-0.5330511029763795,-1.3708921577212527,9.594791823641053,1.7501915278015137,1.6464059722595215,-32.64769855529022,61,f3fdfe00,43.51426918329,-79.68352210292,166.0076,-37.1,SOL_COMPUTED,SINGLE,good,4.9963,2.2082,12.1692,19,13,0.0,0.0,0,0,0,0,0,0,0,0,0,STATISTICANALYSIS,L2,1.687,0.0,0.631,0.383
2026-05-25 11:41:15.091352,1779723675.091352,2420,142887.0,,,,,,,,,,,,,,,,0.0000,,,,0.0,0.0,0.0,0.0,0.0,0.0,0.0,0.0,0.0,-15107372,-14353274,159893841,7013034,9312948,-136156704,-0.9042523780749513,-0.8591158109869386,9.570452489273988,1.6213681739959718,2.1530934390563963,-31.478550730224608,61,f3fbfe00,43.51429153157,-79.68350048891,166.9749,-37.1,SOL_COMPUTED,SINGLE,good,3.7579,2.1914,10.7984,18,13,0.0,0.0,0,0,0,0,0,0,0,0,0,STATISTICANALYSIS,L5,1.405,0.0,0.584,0.33
2026-05-25 11:41:15.985980,1779723675.985980,2420,142888.0,,,,,,,,,,,,,,,,0.0000,,,,0.0,0.0,0.0,0.0,0.0,0.0,0.0,0.0,0.0,-10522023,-24796080,163979491,-2285940,4629382,-126730105,-0.6297961233700562,-1.48417039753418,9.814999239594423,-0.5284945664978027,1.0702832240753173,-29.299181913871767,61,f3f8fe00,43.51429166812,-79.68347918493,164.9198,-37.1,SOL_COMPUTED,SINGLE,good,3.62,2.1603,10.5452,17,12,0.0,0.0,0,0,0,0,0,0,0,0,0,STATISTICANALYSIS,L2,1.298,0.0,0.967,0.433
2026-05-25 11:41:17.009761,1779723677.009761,2420,142889.0,,,,,,,,,,,,,,,,0.0000,,,,0.0,0.0,0.0,0.0,0.0,0.0,0.0,0.0,0.0,-3621022,-12568061,164110369,4641927,-359695,-67754943,-0.21673642209655763,-0.7522618127786256,9.822832947716371,1.073183547065735,-0.0831591612625122,-15.664505292732239,61,f3f6fe00,43.51429472439,-79.68344861192,167.8194,-37.1,SOL_COMPUTED,SINGLE,good,3.4186,2.1956,10.7295,22,13,0.0,0.0,0,0,0,0,0,0,0,0,0,STATISTICANALYSIS,L2,1.286,0.0,0.967,0.433
2026-05-25 11:41:18.055418,1779723678.055418,2420,142890.0,,,,,,,,,,,,,,,,0.0000,,,,0.0,0.0,0.0,0.0,0.0,0.0,0.0,0.0,0.0,-4216377,1649268,164485890,240955,2832483,16616708,-0.25237142033111576,0.09871700459106447,9.84530977275696,0.05570724002838135,0.6548517787857056,3.841675586883545,61,f3f3fe00,43.51429850875,-79.68341753555,168.9731,-37.1,SOL_COMPUTED,SINGLE,good,3.3888,2.1976,10.6037,20,13,0.0,0.0,0,0,0,0,0,0,0,0,0,STATISTICANALYSIS,L2,1.839,0.0,0.967,0.433
2026-05-25 11:41:19.147702,1779723679.147702,2420,142891.0,,,,,,,,,,,,,,,,0.0000,,,,0.0,0.0,0.0,0.0,0.0,0.0,0.0,0.0,0.0,-11373783,10182477,164305528,-2938197,-1865869,83379357,-0.6807782535214234,0.6094725834475709,9.834514197761232,-0.6792921729354858,-0.43137686391448976,19.27676891457367,61,f3f1fe00,43.51430321597,-79.68338291101,165.4124,-37.1,SOL_COMPUTED,SINGLE,good,3.425,2.2105,10.6764,19,13,0.0,0.0,0,0,0,0,0,0,0,0,0,STATISTICANALYSIS,L2,1.541,0.0,0.927,0.401
2026-05-25 11:41:20.102616,1779723680.102616,2420,142892.0,,,,,,,,,,,,,,,,0.0000,,,,0.0,0.0,0.0,0.0,0.0,0.0,0.0,0.0,0.0,-13707333,16140689,162325001,-6366334,-3179601,118710363,-0.8204529856228638,0.9661016099966432,9.715969671976625,-1.4718553100738525,-0.735103218864441,27.445069351112366,61,f3eefe00,43.51430655204,-79.68336266571,166.1416,-37.1,SOL_COMPUTED,SINGLE,good,5.0826,2.2039,12.9697,21,11,0.0,0.0,0,0,0,0,0,0,0,0,0,STATISTICANALYSIS,L5,1.846,0.0,0.596,0.331
2026-05-25 11:41:21.041560,1779723681.041560,2420,142893.0,,,,,,,,,,,,,,,,0.0000,,,,0.0,0.0,0.0,0.0,0.0,0.0,0.0,0.0,0.0,-9930180,14686273,165431514,-3967525,-4192928,122448120,-0.5943713360412598,0.8790474799526978,9.90191013652405,-0.9172661596298218,-0.9693778776855468,28.309214632873534,61,f3ebfe00,43.51431418287,-79.68335127301,166.9901,-37.1,SOL_COMPUTED,SINGLE,good,5.2337,2.2421,12.5365,18,11,0.0,0.0,0,0,0,0,0,0,0,0,0,STATISTICANALYSIS,L5,1.501,0.0,0.596,0.331
2026-05-25 11:41:22.066257,1779723682.066257,2420,142894.0,,,,,,,,,,,,,,,,0.0000,,,,0.0,0.0,0.0,0.0,0.0,0.0,0.0,0.0,0.0,-11972591,16059759,163129560,-6610934,-4245228,122970334,-0.7166199312142946,0.961257541487732,9.764126584313967,-1.528405250564575,-0.9814692999572754,28.42994713746643,61,f3e9fe00,43.51436152838,-79.68334717092,171.0176,-37.1,SOL_COMPUTED,SINGLE,good,3.7231,2.1736,10.8891,20,12,0.0,0.0,0,0,0,0,0,0,0,0,0,STATISTICANALYSIS,L2,1.263,0.0,0.702,0.373
2026-05-25 11:41:22.957953,1779723682.957953,2420,142895.0,,,,,,,,,,,,,,,,0.0000,,,,0.0,0.0,0.0,0.0,0.0,0.0,0.0,0.0,0.0,-7078046,10615293,163380084,-8714308,-6573174,113139903,-0.42365673709655766,0.6353788030911256,9.77912170873169,-2.0146917367858888,-1.5196753824005127,26.157214970466615,61,f3e7fe00,43.51438497554,-79.68336299304,170.6339,-37.1,SOL_COMPUTED,SINGLE,good,3.7174,2.166,10.8641,19,12,0.0,0.0,0,0,0,0,0,0,0,0,0,STATISTICANALYSIS,L2,1.352,0.0,0.702,0.373
2026-05-25 11:41:23.886542,1779723683.886542,2420,142896.0,,,,,,,,,,,,,,,,0.0000,,,,0.0,0.0,0.0,0.0,0.0,0.0,0.0,0.0,0.0,-12117711,-618724,163637449,-5493196,-2869497,72689113,-0.7253060948373414,-0.037033750699462895,9.794526301488343,-1.2699914427795411,-0.6634091765670777,16.805253534233092,61,f3e4fe00,43.51439337065,-79.68338930156,169.0968,-37.1,SOL_COMPUTED,SINGLE,good,3.6941,2.1414,10.7406,19,12,0.0,0.0,0,0,0,0,0,0,0,0,0,STATISTICANALYSIS,L5,3.982,0.0,0.472,0.617
2026-05-25 11:41:24.851907,1779723684.851907,2420,142897.0,,,,,,,,,,,,,,,,0.0000,,,,0.0,0.0,0.0,0.0,0.0,0.0,0.0,0.0,0.0,-11195430,-2590389,165024020,-3670741,-5615055,78649269,-0.6701029273040773,-0.15504784110626224,9.877519566241457,-0.8486516153182984,-1.2981644566726684,18.183203113609313,61,f3e1fe00,43.51439148081,-79.68341537332,166.572,-37.1,SOL_COMPUTED,SINGLE,good,4.421,2.189,11.5154,18,12,0.0,0.0,0,0,0,0,0,0,0,0,0,STATISTICANALYSIS,L2,1.163,0.0,0.567,0.33
2026-05-25 11:41:25.899988,1779723685.899988,2420,142898.0,,,,,,,,,,,,,,,,0.0000,,,,0.0,0.0,0.0,0.0,0.0,0.0,0.0,0.0,0.0,-20448381,-7425590,162714146,-3871864,-2266476,51542392,-1.2239386934426881,-0.4444589976409913,9.739261962102663,-0.8951499541625977,-0.5239946153869629,11.916268194396972,61,f3dffe00,43.51440132511,-79.68344609773,168.7035,-37.1,SOL_COMPUTED,SINGLE,good,3.8876,2.7619,11.8136,18,12,0.0,0.0,0,0,0,0,0,0,0,0,0,STATISTICANALYSIS,L2,1.151,0.0,0.567,0.33
2026-05-25 11:41:26.888245,1779723686.888245,2420,142899.0,,,,,,,,,,,,,,,,0.0000,,,,0.0,0.0,0.0,0.0,0.0,0.0,0.0,0.0,0.0,-15656414,-11132238,162489367,837602,-97825,2570556,-0.937115309772339,-0.6663205675213624,9.725807805728456,0.19364817356872557,-0.022616508293151854,0.5942959477844239,61,f3ddfe00,43.51438557923,-79.68345157266,169.045,-37.1,SOL_COMPUTED,SINGLE,good,3.977,2.7747,11.7368,19,12,0.0,0.0,0,0,0,0,0,0,0,0,0,STATISTICANALYSIS,L2,1.291,0.0,0.567,0.33
2026-05-25 11:41:27.869760,1779723687.869760,2420,142900.0,,,,,,,,,,,,,,,,0.0000,,,,0.0,0.0,0.0,0.0,0.0,0.0,0.0,0.0,0.0,-5648289,-6823724,164021811,36346,-181687,105236,-0.33807857252105716,-0.40843428323120123,9.817532304950868,0.008402960494995117,-0.042004861152648926,0.02432988363647461,61,f3dafe00,43.51437479673,-79.68344740149,167.349,-37.1,SOL_COMPUTED,SINGLE,good,4.9967,2.7555,15.6083,21,12,0.0,0.0,0,0,0,0,0,0,0,0,0,STATISTICANALYSIS,L2,1.777,0.0,1.027,0.375
2026-05-25 11:41:28.924932,1779723688.924932,2420,142901.0,,,,,,,,,,,,,,,,0.0000,,,,0.0,0.0,0.0,0.0,0.0,0.0,0.0,0.0,0.0,-4950556,-8442641,164090589,356927,1127272,1743284,-0.29631573484741214,-0.5053346274575806,9.821649014995424,0.08251921753692627,0.260618007019043,0.4030360035095215,61,f3d8fe00,43.51436628719,-79.68344453815,167.6211,-37.1,SOL_COMPUTED,SINGLE,good,3.523,2.7449,10.9577,20,12,0.0,0.0,0,0,0,0,0,0,0,0,0,STATISTICANALYSIS,L2,1.86,0.0,1.027,0.375
2026-05-25 11:41:29.989671,1779723689.989671,2420,142902.0,,,,,,,,,,,,,,,,0.0000,,,,0.0,0.0,0.0,0.0,0.0,0.0,0.0,0.0,0.0,-4201419,-8434180,164924694,133391,173740,319574,-0.25147610862030034,-0.5048281939514161,9.87157440438904,0.030839137825012207,0.04016756607055664,0.07388344514465332,61,f3d5fe00,43.51438279294,-79.68345178181,167.8923,-37.1,SOL_COMPUTED,SINGLE,good,3.5596,2.7618,10.9621,20,12,0.0,0.0,0,0,0,0,0,0,0,0,0,STATISTICANALYSIS,L2,2.345,0.0,1.027,0.375
2026-05-25 11:41:30.876321,1779723690.876321,2420,142903.0,,,,,,,,,,,,,,,,0.0000,,,,0.0,0.0,0.0,0.0,0.0,0.0,0.0,0.0,0.0,-2801292,-9605703,164425567,2295,-114802,54979,-0.16767144892456057,-0.5749497517391968,9.84169913708832,0.0005305891799926758,-0.026541481063842774,0.012710789772033692,61,f3d3fe00,43.51437796417,-79.68345292199,166.7942,-37.1,SOL_COMPUTED,SINGLE,good,3.6565,2.7843,11.0997,20,12,0.0,0.0,0,0,0,0,0,0,0,0,0,—,—,0.0,0.0,0.0,0.0
2026-05-25 11:41:48.399536,1779723708.399536,2420,142926.0,,,,,,,,,,,,,,,,0.0000,,,,0.0,0.0,0.0,0.0,0.0,0.0,0.0,0.0,0.0,-2980084,-7367973,165205947,28237,52274,38630,-0.17837305150512697,-0.4410103297146607,9.888408814377138,0.006528212059020996,0.012085411239624023,0.008931006546020508,61,f39bfe00,43.51440984529,-79.68348157976,159.8334,-37.1,SOL_COMPUTED,SINGLE,good,3.3213,2.277,10.4075,22,13,0.0,0.0,0,0,0,0,0,0,0,0,0,—,—,0.0,0.0,0.0,0.0
2026-05-25 11:41:49.510236,1779723709.510236,2420,142927.0,,,,,,,,,,,,,,,,0.0000,,,,0.0,0.0,0.0,0.0,0.0,0.0,0.0,0.0,0.0,-2640746,-7711020,163802250,-337823,17751,-35689,-0.15806196143127443,-0.46154342213745125,9.80439047218323,-0.0781024961013794,0.004103916572570801,-0.008251066337585449,61,f399fe00,43.5144120201,-79.68348383975,159.5969,-37.1,SOL_COMPUTED,SINGLE,good,3.4127,2.3909,10.7968,22,13,0.0,0.0,0,0,0,0,0,0,0,0,0,—,—,0.0,0.0,0.0,0.0
2026-05-25 11:41:50.555085,1779723710.555085,2420,142928.0,,,,,,,,,,,,,,,,0.0000,,,,0.0,0.0,0.0,0.0,0.0,0.0,0.0,0.0,0.0,-3390887,-8350820,164729028,-471941,49459,17782,-0.2029616821200562,-0.49983867769165047,9.859862807838136,-0.10910971163177491,0.011434601417541504,0.004111083572387695,61,f396fe00,43.51440905747,-79.6834814362,160.1407,-37.1,SOL_COMPUTED,SINGLE,good,3.294,2.2643,10.3594,21,13,0.0,0.0,0,0,0,0,0,0,0,0,0,—,—,0.0,0.0,0.0,0.0
2026-05-25 11:41:51.530057,1779723711.530057,2420,142929.0,,,,,,,,,,,,,,,,0.0000,,,,0.0,0.0,0.0,0.0,0.0,0.0,0.0,0.0,0.0,-3083526,-9008830,164352102,-61868,105548,-70284,-0.18456457670837406,-0.5392238935516358,9.837301886464235,-0.014303482086181641,0.024402016021728517,-0.016249206939697267,61,f394fe00,43.51439927329,-79.68346568174,162.766,-37.1,SOL_COMPUTED,SINGLE,good,3.3906,2.6963,10.6524,21,12,0.0,0.0,0,0,0,0,0,0,0,0,0,—,—,0.0,0.0,0.0,0.0
2026-05-25 11:41:52.497769,1779723712.497769,2420,142930.0,,,,,,,,,,,,,,,,0.0000,,,,0.0,0.0,0.0,0.0,0.0,0.0,0.0,0.0,0.0,-264177,-13664288,164635575,-1078599,-203471,-897775,-0.015812325299377445,-0.8178765253613283,9.854269174644472,-0.24936512372589112,-0.04704118128204346,-0.20755978260040284,61,f391fe00,43.51438883511,-79.68344415083,164.9536,-37.1,SOL_COMPUTED,SINGLE,good,3.5789,3.0861,11.1391,19,11,0.0,0.0,0,0,0,0,0,0,0,0,0,—,—,0.0,0.0,0.0,0.0
2026-05-25 11:41:53.571159,1779723713.571159,2420,142931.0,,,,,,,,,,,,,,,,0.0000,,,,0.0,0.0,0.0,0.0,0.0,0.0,0.0,0.0,0.0,-4005253,-10058195,164436544,1767349,140330,1350997,-0.23973458454864505,-0.6020336791793824,9.842356165878908,0.40859967610931397,0.03244338981628418,0.3123417823104858,61,f38ffe00,43.51439135148,-79.68344618403,162.8294,-37.1,SOL_COMPUTED,SINGLE,good,3.4487,2.7499,10.7603,19,13,0.0,0.0,0,0,0,0,0,0,0,0,0,—,—,0.0,0.0,0.0,0.0
2026-05-25 11:41:54.509656,1779723714.509656,2420,142932.0,,,,,,,,,,,,,,,,0.0000,,,,0.0,0.0,0.0,0.0,0.0,0.0,0.0,0.0,0.0,-3634042,-9625320,163005845,21929,-237777,-114648,-0.2175157347369385,-0.576123928088379,9.75672161785431,0.0050698431930541995,-0.05497250695037842,-0.02650587725830078,61,f38cfe00,43.51436902983,-79.68343626914,169.0626,-37.1,SOL_COMPUTED,SINGLE,good,2.6973,2.3842,6.5013,19,13,0.0,0.0,0,0,0,0,0,0,0,0,0,—,—,0.0,0.0,0.0,0.0
2026-05-25 11:41:55.444608,1779723715.444608,2420,142933.0,,,,,,,,,,,,,,,,0.0000,,,,0.0,0.0,0.0,0.0,0.0,0.0,0.0,0.0,0.0,-2392493,-9759324,163314102,-442344,-185376,-36183,-0.1432027678128052,-0.5841447430700685,9.77517235338318,-0.10226707635498047,-0.04285773413085937,-0.008365275947570801,61,f38bfe00,43.51437053272,-79.68343550578,168.4898,-37.1,SOL_COMPUTED,SINGLE,good,2.6918,2.3782,6.4796,19,13,0.0,0.0,0,0,0,0,0,0,0,0,0,—,—,0.0,0.0,0.0,0.0
2026-05-25 11:41:56.553966,1779723716.553966,2420,142934.0,,,,,,,,,,,,,,,,0.0000,,,,0.0,0.0,0.0,0.0,0.0,0.0,0.0,0.0,0.0,-3358893,-8865404,164109528,72096,-13727,160934,-0.2010466799221802,-0.5306391243688966,9.822782609626467,0.016668129638671876,-0.0031735937576293947,0.03720690156555176,61,f388fe00,43.51437073451,-79.68343527289,168.386,-37.1,SOL_COMPUTED,SINGLE,good,2.728,2.4025,6.5829,19,13,0.0,0.0,0,0,0,0,0,0,0,0,0,—,—,0.0,0.0,0.0,0.0
2026-05-25 11:41:57.543053,1779723717.543053,2420,142935.0,,,,,,,,,,,,,,,,0.0000,,,,0.0,0.0,0.0,0.0,0.0,0.0,0.0,0.0,0.0,-3872963,-9215376,164003431,-445888,87309,8654,-0.23181636110809328,-0.5515867129541017,9.816432169288026,-0.10308642626953125,0.020185277000427247,0.0020007489166259766,61,f386fe00,43.51437102391,-79.68343491955,168.3286,-37.1,SOL_COMPUTED,SINGLE,good,2.6952,2.4043,6.5579,20,14,0.0,0.0,0,0,0,0,0,0,0,0,0,—,—,0.0,0.0,0.0,0.0
2026-05-25 11:41:58.438502,1779723718.438502,2420,142936.0,,,,,,,,,,,,,,,,0.0000,,,,0.0,0.0,0.0,0.0,0.0,0.0,0.0,0.0,0.0,-1864893,-8521636,165352812,47498,18962,-277703,-0.11162324791534425,-0.5100628764611818,9.897199425047608,0.010981230880737304,0.004383891952514649,-0.06420314032745361,61,f383fe00,43.51437529183,-79.68343561548,168.7385,-37.1,SOL_COMPUTED,SINGLE,good,2.3746,2.3728,6.5444,20,15,0.0,0.0,0,0,0,0,0,0,0,0,0,—,—,0.0,0.0,0.0,0.0
2026-05-25 11:41:59.211882,1779723719.211882,2420,142937.0,,,,,,,,,,,,,,,,0.0000,,,,0.0,0.0,0.0,0.0,0.0,0.0,0.0,0.0,0.0,-3259692,-8508517,164149780,-26002,-146269,165108,-0.1951089999499512,-0.5092776381716919,9.825191894757081,-0.006011494491577149,-0.03381644826507568,0.038171903411865236,61,f381fe00,43.514380546,-79.68343734546,168.972,-37.1,SOL_COMPUTED,SINGLE,good,2.3384,2.3793,6.5472,20,15,0.0,0.0,0,0,0,0,0,0,0,0,0,—,—,0.0,0.0,0.0,0.0
2026-05-25 11:42:00.064980,1779723720.064980,2420,142938.0,,,,,,,,,,,,,,,,0.0000,,,,0.0,0.0,0.0,0.0,0.0,0.0,0.0,0.0,0.0,-2897279,-8661263,164018745,-8249,53219,-29379,-0.17341675479339602,-0.5184202563412477,9.817348789393618,-0.0019071155319213867,0.012303889137268067,-0.0067922350845336914,61,f37ffe00,43.5143922566,-79.6834417778,163.9862,-37.1,SOL_COMPUTED,SINGLE,good,2.0794,2.3493,5.3521,20,16,0.0,0.0,0,0,0,0,0,0,0,0,0,—,—,0.0,0.0,0.0,0.0
2026-05-25 11:42:01.222116,1779723721.222116,2420,142939.0,,,,,,,,,,,,,,,,0.0000,,,,0.0,0.0,0.0,0.0,0.0,0.0,0.0,0.0,0.0,-3386356,-8676106,164291743,242333,-45999,85627,-0.20269047892700198,-0.5193086847222901,9.833689096014101,0.05602582472991943,-0.010634671760559083,0.019796409461975098,61,f37cfe00,43.51439273249,-79.68344176665,163.3859,-37.1,SOL_COMPUTED,SINGLE,good,2.035,2.3254,5.1802,20,16,0.0,0.0,0,0,0,0,0,0,0,0,0,—,—,0.0,0.0,0.0,0.0
2026-05-25 11:42:02.208052,1779723722.208052,2420,142940.0,,,,,,,,,,,,,,,,0.0000,,,,0.0,0.0,0.0,0.0,0.0,0.0,0.0,0.0,0.0,-3411231,-8061062,163666243,268362,-74956,26507,-0.20417937308441164,-0.4824952005755616,9.796249767553407,0.062043561447143555,-0.017329343170166017,0.006128247230529785,61,f37afe00,43.51439341748,-79.68344121059,163.5951,-37.1,SOL_COMPUTED,SINGLE,good,2.0575,2.3357,5.2723,20,16,0.0,0.0,0,0,0,0,0,0,0,0,0,—,—,0.0,0.0,0.0,0.0
2026-05-25 11:42:03.181469,1779723723.181469,2420,142941.0,,,,,,,,,,,,,,,,0.0000,,,,0.0,0.0,0.0,0.0,0.0,0.0,0.0,0.0,0.0,-2675265,-8794237,164969531,84024,202846,79210,-0.16012809760894778,-0.526379420630188,9.87425812488495,0.019425806213378905,0.04689668531799317,0.01831284049987793,61,f378fe00,43.51439619866,-79.68344324419,163.5741,-37.1,SOL_COMPUTED,SINGLE,good,2.036,2.3378,5.1553,20,16,0.0,0.0,0,0,0,0,0,0,0,0,0,—,—,0.0,0.0,0.0,0.0
2026-05-25 11:42:04.071660,1779723724.071660,2420,142942.0,,,,,,,,,,,,,,,,0.0000,,,,0.0,0.0,0.0,0.0,0.0,0.0,0.0,0.0,0.0,-3342901,-8432459,164153802,-9731,-4191,-12778,-0.20008947809844974,-0.5047251834249878,9.82543263173401,-0.0022497443618774413,-0.0009689321365356445,-0.0029541910858154295,61,f375fe00,43.51439710193,-79.68344420425,164.1626,-37.1,SOL_COMPUTED,SINGLE,good,2.0508,2.3197,5.2246,21,17,0.0,0.0,0,0,0,0,0,0,0,0,0,—,—,0.0,0.0,0.0,0.0
2026-05-25 11:42:05.050392,1779723725.050392,2420,142943.0,,,,,,,,,,,,,,,,0.0000,,,,0.0,0.0,0.0,0.0,0.0,0.0,0.0,0.0,0.0,-3222647,-8719428,164276728,34581,-22602,-3674,-0.192891669937439,-0.5219017248303224,9.832790372565919,0.00799490389251709,-0.005225436447143555,-0.0008494050750732422,61,f373fe00,43.51439703435,-79.68344576403,164.2054,-37.1,SOL_COMPUTED,SINGLE,good,2.0561,2.2486,5.2636,22,17,0.0,0.0,0,0,0,0,0,0,0,0,0,STATISTICANALYSIS,L2,2.004,0.0,0.988,0.291
2026-05-25 11:42:06.055923,1779723726.055923,2420,142944.0,,,,,,,,,,,,,,,,0.0000,,,,0.0,0.0,0.0,0.0,0.0,0.0,0.0,0.0,0.0,-3040040,-8669836,164389197,-41961,-39119,32090,-0.18196172037353517,-0.5189333936120606,9.839522209228821,-0.009701112236022949,-0.009044060188293457,0.007419000778198242,61,f371fe00,43.51439507379,-79.68344632551,164.6175,-37.1,SOL_COMPUTED,SINGLE,good,2.0602,2.182,5.311,22,17,0.0,0.0,0,0,0,0,0,0,0,0,0,—,—,0.0,0.0,0.0,0.0
2026-05-25 11:42:07.077840,1779723727.077840,2420,142945.0,,,,,,,,,,,,,,,,0.0000,,,,0.0,0.0,0.0,0.0,0.0,0.0,0.0,0.0,0.0,-3040272,-8892615,164081884,-28699,8070,9134,-0.1819756067431641,-0.5322678399032593,9.821127976859133,-0.006635023475646973,0.0018657318878173828,0.0021117218170166015,61,f36efe00,43.51439708588,-79.68345369043,163.5402,-37.1,SOL_COMPUTED,SINGLE,good,2.0163,2.1406,5.0809,22,17,0.0,0.0,0,0,0,0,0,0,0,0,0,STATISTICANALYSIS,L2,1.777,0.0,0.988,0.291
2026-05-25 11:42:08.047048,1779723728.047048,2420,142946.0,,,,,,,,,,,,,,,,0.0000,,,,0.0,0.0,0.0,0.0,0.0,0.0,0.0,0.0,0.0,-3168590,-8506710,163950643,72089,-14895,-26898,-0.18965608595886232,-0.5091694801116944,9.813272541357119,0.016666511283874513,-0.003443627815246582,-0.006218643905639649,61,f36cfe00,43.51439650879,-79.6834524823,163.1285,-37.1,SOL_COMPUTED,SINGLE,good,2.0183,2.1194,5.0889,22,17,0.0,0.0,0,0,0,0,0,0,0,0,0,STATISTICANALYSIS,L2,1.017,0.0,1.237,0.275
2026-05-25 11:42:09.028072,1779723729.028072,2420,142947.0,,,,,,,,,,,,,,,,0.0000,,,,0.0,0.0,0.0,0.0,0.0,0.0,0.0,0.0,0.0,-2885466,-8752610,164367899,-28330,-52168,49944,-0.1727096871881104,-0.523887834817505,9.838247416554871,-0.006549713058471679,-0.012060904724121094,0.01154673028564453,61,f36afe00,43.51439200778,-79.68344181642,163.4402,-37.1,SOL_COMPUTED,SINGLE,good,2.1008,2.2927,5.4012,22,17,0.0,0.0,0,0,0,0,0,0,0,0,0,—,—,0.0,0.0,0.0,0.0
2026-05-25 11:42:10.069183,1779723730.069183,2420,142948.0,,,,,,,,,,,,,,,,0.0000,,,,0.0,0.0,0.0,0.0,0.0,0.0,0.0,0.0,0.0,-2981546,-8697492,164050580,99071,-47100,11436,-0.1784605595758057,-0.5205887446398927,9.819254274639894,0.02290457544708252,-0.010889215850830079,0.002643929351806641,61,f367fe00,43.51439268683,-79.68344415093,162.7019,-37.1,SOL_COMPUTED,SINGLE,good,1.9787,2.2978,4.6377,21,17,0.0,0.0,0,0,0,0,0,0,0,0,0,—,—,0.0,0.0,0.0,0.0
2026-05-25 11:42:11.058716,1779723731.058716,2420,142949.0,,,,,,,,,,,,,,,,0.0000,,,,0.0,0.0,0.0,0.0,0.0,0.0,0.0,0.0,0.0,-4366846,-8851679,163465968,235987,194338,-501515,-0.261377748571167,-0.5298176139242554,9.784262299116213,0.05455867050933838,0.04492969065856934,-0.11594702945709229,61,f365fe00,43.51439253846,-79.6834691209,163.5379,-37.1,SOL_COMPUTED,SINGLE,good,1.9524,1.9723,4.5721,22,18,0.0,0.0,0,0,0,0,0,0,0,0,0,—,—,0.0,0.0,0.0,0.0
2026-05-25 11:42:12.036711,1779723732.036711,2420,142950.0,,,,,,,,,,,,,,,,0.0000,,,,0.0,0.0,0.0,0.0,0.0,0.0,0.0,0.0,0.0,-3305973,-8783338,164285222,-152513,213969,41851,-0.1978791511257935,-0.525727060532837,9.833298781288454,-0.03526002074432373,0.04946825109100342,0.009675680946350098,61,f362fe00,43.51439486698,-79.68346862611,163.6063,-37.1,SOL_COMPUTED,SINGLE,good,1.9565,1.9764,4.6005,22,18,0.0,0.0,0,0,0,0,0,0,0,0,0,—,—,0.0,0.0,0.0,0.0
2026-05-25 11:42:13.094353,1779723733.094353,2420,142951.0,,,,,,,,,,,,,,,,0.0000,,,,0.0,0.0,0.0,0.0,0.0,0.0,0.0,0.0,0.0,-3569973,-9204158,164120045,-1322219,733635,45305,-0.21368088208282474,-0.5509152590985108,9.823412105097963,-0.3056884945449829,0.16961167453765869,0.010474223442077636,61,f360fe00,43.51439414212,-79.68345603608,162.0489,-37.1,SOL_COMPUTED,SINGLE,good,2.0693,2.3132,4.9329,20,17,0.0,0.0,0,0,0,0,0,0,0,0,0,—,—,0.0,0.0,0.0,0.0
2026-05-25 11:42:14.030161,1779723734.030161,2420,142952.0,,,,,,,,,,,,,,,,0.0000,,,,0.0,0.0,0.0,0.0,0.0,0.0,0.0,0.0,0.0,-663220,-6863835,164483368,-141116,-467563,8723772,-0.039697060626220707,-0.4108351288009644,9.845158818342286,-0.03262510794067383,-0.10809754630279542,2.0168797524719237,61,f35efe00,43.51438669825,-79.68345480546,161.9354,-37.1,SOL_COMPUTED,SINGLE,good,2.3295,2.3567,4.9542,19,16,0.0,0.0,0,0,0,0,0,0,0,0,0,—,—,0.0,0.0,0.0,0.0
2026-05-25 11:42:15.105806,1779723735.105806,2420,142953.0,,,,,,,,,,,,,,,,0.0000,,,,0.0,0.0,0.0,0.0,0.0,0.0,0.0,0.0,0.0,1130351,-6628196,163841540,-757801,-1168068,20347594,0.06765720601898194,-0.39673094667602543,9.806742176763917,-0.1751986976852417,-0.2700497787780762,4.704232337814331,61,f35cfe00,43.51438617454,-79.68346048347,162.3234,-37.1,SOL_COMPUTED,SINGLE,good,2.3792,2.3844,5.069,17,16,0.0,0.0,0,0,0,0,0,0,0,0,0,STATISTICANALYSIS,L5,1.266,0.0,0.547,0.376
2026-05-25 11:42:16.203269,1779723736.203269,2420,142954.0,,,,,,,,,,,,,,,,0.0000,,,,0.0,0.0,0.0,0.0,0.0,0.0,0.0,0.0,0.0,12242353,-348364,164973718,-30907,-3820882,60388129,0.7327665469204713,-0.0208513416784668,9.874508737943726,-0.007145498817443848,-0.8833632449798584,13.961345467277527,61,f359fe00,43.51436402476,-79.68346222429,166.8112,-37.1,SOL_COMPUTED,SINGLE,good,2.6412,2.413,5.7257,17,16,0.0,0.0,0,0,0,0,0,0,0,0,0,STATISTICANALYSIS,L5,1.162,0.0,0.547,0.376
2026-05-25 11:42:17.238525,1779723737.238525,2420,142955.0,,,,,,,,,,,,,,,,0.0000,,,,0.0,0.0,0.0,0.0,0.0,0.0,0.0,0.0,0.0,4997729,9262882,164342890,-1891563,-2920388,120933940,0.2991392767202759,0.5544301865557862,9.836750501821902,-0.4373171507949829,-0.6751748471374511,27.95914599472046,61,f357fe00,43.51436345305,-79.6834816744,162.7813,-37.1,SOL_COMPUTED,SINGLE,good,2.2451,2.2046,5.0939,18,17,0.0,0.0,0,0,0,0,0,0,0,0,0,STATISTICANALYSIS,L5,1.918,0.0,0.547,0.376
2026-05-25 11:42:18.293548,1779723738.293548,2420,142956.0,,,,,,,,,,,,,,,,0.0000,,,,0.0,0.0,0.0,0.0,0.0,0.0,0.0,0.0,0.0,-11557541,11707052,167958904,-8416351,-1103923,136510695,-0.6917770962380982,0.7007260833483888,10.053187169870608,-1.9458060024490356,-0.2552198689956665,31.560391163520812,61,f355fe00,43.51432315277,-79.68349344019,168.1986,-37.1,SOL_COMPUTED,SINGLE,good,2.7131,2.3202,6.4304,16,15,0.0,0.0,0,0,0,0,0,0,0,0,0,STATISTICANALYSIS,L5,1.626,0.0,0.706,0.329
2026-05-25 11:42:19.177169,1779723739.177169,2420,142957.0,,,,,,,,,,,,,,,,0.0000,,,,0.0,0.0,0.0,0.0,0.0,0.0,0.0,0.0,0.0,-13566379,11213722,163594666,-8830958,-5829408,134001549,-0.8120161781027223,0.6711977957232667,9.791965523247683,-2.0416604635162354,-1.3477214860839843,30.980292811180114,61,f352fe00,43.5143245386,-79.68348582092,160.7724,-37.1,SOL_COMPUTED,SINGLE,good,2.252,2.1484,5.1524,18,17,0.0,0.0,0,0,0,0,0,0,0,0,0,STATISTICANALYSIS,L5,1.007,0.0,0.706,0.329
2026-05-25 11:42:20.234722,1779723740.234722,2420,142958.0,,,,,,,,,,,,,,,,0.0000,,,,0.0,0.0,0.0,0.0,0.0,0.0,0.0,0.0,0.0,-1298262,8065248,161690864,-7195278,-5294818,67438007,-0.07770752589294434,0.48274575377929696,9.678013375522463,-1.6635018099517822,-1.2241277302093505,15.591231736152649,61,f350fe00,43.51430720617,-79.68346394175,161.0878,-37.1,SOL_COMPUTED,SINGLE,good,2.3752,2.4021,5.3765,18,17,0.0,0.0,0,0,0,0,0,0,0,0,0,STATISTICANALYSIS,L5,1.158,0.0,0.706,0.329
2026-05-25 11:42:21.322930,1779723741.322930,2420,142959.0,,,,,,,,,,,,,,,,0.0000,,,,0.0,0.0,0.0,0.0,0.0,0.0,0.0,0.0,0.0,-6359882,-18583537,164873259,-311014,4087766,-26235531,-0.38067100106994634,-1.1123183784243775,9.868495760329287,-0.0719044284210205,0.9450651023712158,-6.065485350746155,61,f34efe00,43.51427476302,-79.68343963716,164.5268,-37.1,SOL_COMPUTED,SINGLE,good,2.2384,2.199,5.3601,19,17,0.0,0.0,0,0,0,0,0,0,0,0,0,—,—,0.0,0.0,0.0,0.0
2026-05-25 11:42:22.392081,1779723742.392081,2420,142960.0,,,,,,,,,,,,,,,,0.0000,,,,0.0,0.0,0.0,0.0,0.0,0.0,0.0,0.0,0.0,-8481958,-17364100,162586005,6671810,1295260,-83762361,-0.5076879481243897,-1.0393289261779786,9.73159207722931,1.5424793886566162,0.29945574783325196,-19.36531696611786,61,f34cfe00,43.51426216939,-79.6834306641,162.2702,-37.1,SOL_COMPUTED,SINGLE,good,4.2119,2.2548,10.4751,17,15,0.0,0.0,0,0,0,0,0,0,0,0,0,—,—,0.0,0.0,0.0,0.0
2026-05-25 11:42:23.528727,1779723743.528727,2420,142961.0,,,,,,,,,,,,,,,,0.0000,,,,0.0,0.0,0.0,0.0,0.0,0.0,0.0,0.0,0.0,-9737580,-31372274,165004556,6436812,1933858,-114510756,-0.5828432550476075,-1.8777887623419192,9.876354547713625,1.488149368560791,0.44709548167419433,-26.47414733175659,61,f349fe00,43.51425183638,-79.68343805841,159.3971,-37.1,SOL_COMPUTED,SINGLE,good,2.3512,2.2369,5.4376,19,17,0.0,0.0,0,0,0,0,0,0,0,0,0,—,—,0.0,0.0,0.0,0.0
2026-05-25 11:42:24.697986,1779723744.697986,2420,142962.0,,,,,,,,,,,,,,,,0.0000,,,,0.0,0.0,0.0,0.0,0.0,0.0,0.0,0.0,0.0,-12543288,-19531917,162815581,7635700,4842652,-126037447,-0.7507790238354494,-1.1690837026858523,9.74533335823761,1.7653245323181153,1.1195898708801268,-29.139043857124328,61,f346fe00,43.51420747428,-79.68346415515,167.5964,-37.1,SOL_COMPUTED,SINGLE,good,2.2937,2.692,5.3807,16,16,0.0,0.0,0,0,0,0,0,0,0,0,0,—,—,0.0,0.0,0.0,0.0
2026-05-25 11:42:25.716636,1779723745.716636,2420,142963.0,,,,,,,,,,,,,,,,0.0000,,,,0.0,0.0,0.0,0.0,0.0,0.0,0.0,0.0,0.0,-9821872,-22540123,163910967,881938,6847193,-125450101,-0.5878885562060547,-1.349139997668152,9.810897732730409,0.20389837046813966,1.5830268057174683,-29.003253254722594,61,f344fe00,43.51420250981,-79.6834929394,165.7044,-37.1,SOL_COMPUTED,SINGLE,good,4.1557,2.2037,11.1435,16,15,0.0,0.0,0,0,0,0,0,0,0,0,0,—,—,0.0,0.0,0.0,0.0
2026-05-25 11:42:26.980378,1779723746.980378,2420,142964.0,,,,,,,,,,,,,,,,0.0000,,,,0.0,0.0,0.0,0.0,0.0,0.0,0.0,0.0,0.0,-14585340,-32294078,163231140,-342065,8136720,-144948036,-0.8730061310485842,-1.932963379020386,9.770206659429933,-0.07908321910858154,1.8811571209716798,-33.511049918426515,61,f342fe00,43.51423596952,-79.68351887702,156.4558,-37.1,SOL_COMPUTED,SINGLE,good,2.544,2.2129,6.2912,17,16,0.0,0.0,0,0,0,0,0,0,0,0,0,—,—,0.0,0.0,0.0,0.0
2026-05-25 11:42:27.867464,1779723747.867464,2420,142965.0,,,,,,,,,,,,,,,,0.0000,,,,0.0,0.0,0.0,0.0,0.0,0.0,0.0,0.0,0.0,-18389696,-34795133,162762562,8168277,-5356567,-141506492,-1.100716017324219,-2.082664129848938,9.742159903792116,1.888452895591736,-1.238403700263977,-32.71538716946411,61,f33ffe00,43.51423473202,-79.68354382285,164.2712,-37.1,SOL_COMPUTED,SINGLE,good,2.2328,2.0102,5.365,19,17,0.0,0.0,0,0,0,0,0,0,0,0,0,—,—,0.0,0.0,0.0,0.0
2026-05-25 11:42:28.931176,1779723748.931176,2420,142966.0,,,,,,,,,,,,,,,,0.0000,,,,0.0,0.0,0.0,0.0,0.0,0.0,0.0,0.0,0.0,-10509139,-15378847,162940131,16822480,4400906,-125657524,-0.62902495101532,-0.9205015254672243,9.752788303656923,3.889248744506836,1.0174610482635498,-29.05120811288452,61,f33efe00,43.51427627853,-79.68354369062,164.0785,-37.1,SOL_COMPUTED,SINGLE,good,2.2621,1.9509,5.392,20,18,0.0,0.0,0,0,0,0,0,0,0,0,0,—,—,0.0,0.0,0.0,0.0
2026-05-25 11:42:30.065142,1779723750.065142,2420,142967.0,,,,,,,,,,,,,,,,0.0000,,,,0.0,0.0,0.0,0.0,0.0,0.0,0.0,0.0,0.0,-12411471,-19320523,166375016,7666864,5493885,-119424721,-0.7428891118295289,-1.1564307060421755,9.958383487893068,1.7725294478759765,1.27015073513031,-27.610224307731627,61,f33bfe00,43.51428759947,-79.68353642409,162.5798,-37.1,SOL_COMPUTED,SINGLE,good,2.0855,1.7668,4.7997,21,18,0.0,0.0,0,0,0,0,0,0,0,0,0,—,—,0.0,0.0,0.0,0.0
2026-05-25 11:42:31.068913,1779723751.068913,2420,142968.0,,,,,,,,,,,,,,,,0.0000,,,,0.0,0.0,0.0,0.0,0.0,0.0,0.0,0.0,0.0,-11788378,-20952281,163470295,2531044,5360768,-116440634,-0.7055938544537355,-1.2540996488565066,9.7845212918808,0.5851610285339356,1.2393749443359374,-26.920322663131714,61,f339fe00,43.51429507605,-79.68351982815,161.99,-37.1,SOL_COMPUTED,SINGLE,good,2.3324,1.8306,5.4921,18,17,0.0,0.0,0,0,0,0,0,0,0,0,0,STATISTICANALYSIS,L5,1.689,0.0,0.954,0.325
2026-05-25 11:42:32.213722,1779723752.213722,2420,142969.0,,,,,,,,,,,,,,,,0.0000,,,,0.0,0.0,0.0,0.0,0.0,0.0,0.0,0.0,0.0,-12434607,-14372639,161183223,2535937,3238049,-120032733,-0.7442739180697633,-0.8602749038656617,9.647628502398378,0.5862922585372925,0.7486160190353394,-27.750792755882262,61,f336fe00,43.51428545543,-79.68348178697,170.6979,-37.1,SOL_COMPUTED,SINGLE,good,2.9158,1.865,7.0154,17,16,0.0,0.0,0,0,0,0,0,0,0,0,0,STATISTICANALYSIS,L5,1.691,0.0,0.954,0.325
2026-05-25 11:42:33.361708,1779723753.361708,2420,142970.0,,,,,,,,,,,,,,,,0.0000,,,,0.0,0.0,0.0,0.0,0.0,0.0,0.0,0.0,0.0,1818922,-12181259,166606226,4368322,-1698490,-95163103,0.10887165180236819,-0.7291097630148317,9.972222572039186,1.0099278378753662,-0.3926799199676514,-22.001094896003725,61,f334fe00,43.51428354211,-79.68345831369,171.706,-37.1,SOL_COMPUTED,SINGLE,good,2.868,1.887,7.203,19,16,0.0,0.0,0,0,0,0,0,0,0,0,0,STATISTICANALYSIS,L5,1.062,0.0,0.954,0.325
2026-05-25 11:42:34.562360,1779723754.562360,2420,142971.0,,,,,,,,,,,,,,,,0.0000,,,,0.0,0.0,0.0,0.0,0.0,0.0,0.0,0.0,0.0,-2451401,-2650411,162988141,2601121,1518870,-5824041,-0.1467287085977173,-0.1586404604074097,9.755661944199526,0.6013623784103393,0.35115293586730956,-1.3464806703414918,61,f332fe00,43.51428190558,-79.68342991655,170.7951,-37.1,SOL_COMPUTED,SINGLE,good,2.4831,1.9014,6.8857,19,15,0.0,0.0,0,0,0,0,0,0,0,0,0,STATISTICANALYSIS,L5,1.237,0.0,0.412,0.485
2026-05-25 11:42:35.629718,1779723755.629718,2420,142972.0,,,,,,,,,,,,,,,,0.0000,,,,0.0,0.0,0.0,0.0,0.0,0.0,0.0,0.0,0.0,-10464261,9211566,163918942,-3057183,2159321,70903035,-0.6263387764627076,0.5513586652459718,9.811375076686403,-0.7068009677810669,0.49922107134246824,16.392323834266662,61,f32ffe00,43.51428149697,-79.68340413099,172.3548,-37.1,SOL_COMPUTED,SINGLE,good,2.4818,1.8939,6.9679,19,15,0.0,0.0,0,0,0,0,0,0,0,0,0,STATISTICANALYSIS,L5,1.629,0.0,0.412,0.485
2026-05-25 11:42:36.701339,1779723756.701339,2420,142973.0,,,,,,,,,,,,,,,,0.0000,,,,0.0,0.0,0.0,0.0,0.0,0.0,0.0,0.0,0.0,-15011618,19512880,163673449,-12030780,-4061366,127253937,-0.8985210184307862,1.1679442422607424,9.796681082982484,-2.781438647003174,-0.9389615928497315,29.420288489616393,61,f32dfe00,43.51427174897,-79.68337716866,167.6752,-37.1,SOL_COMPUTED,SINGLE,good,4.2931,1.8675,8.074,20,15,0.0,0.0,0,0,0,0,0,0,0,0,0,—,—,0.0,0.0,0.0,0.0
2026-05-25 11:42:37.731497,1779723757.731497,2420,142974.0,,,,,,,,,,,,,,,,0.0000,,,,0.0,0.0,0.0,0.0,0.0,0.0,0.0,0.0,0.0,-10388643,8989035,163359041,-2294698,-6206689,119631959,-0.6218126579342652,0.538039063005066,9.777862179093324,-0.5305193595428467,-1.434946416984558,27.658136395088196,61,f32afe00,43.5142836252,-79.6833640484,165.8565,-37.1,SOL_COMPUTED,SINGLE,good,4.8404,1.8897,8.4954,17,14,0.0,0.0,0,0,0,0,0,0,0,0,0,—,—,0.0,0.0,0.0,0.0
2026-05-25 11:42:38.821788,1779723758.821788,2420,142975.0,,,,,,,,,,,,,,,,0.0000,,,,0.0,0.0,0.0,0.0,0.0,0.0,0.0,0.0,0.0,-9617052,14838308,164909798,-4224762,-4127457,114389398,-0.5756290466052247,0.8881475411877443,9.870682803690798,-0.9767376929168701,-0.9542414052658081,26.446090145828247,61,f328fe00,43.51431999141,-79.68335485903,171.6167,-37.1,SOL_COMPUTED,SINGLE,good,3.2598,1.9493,7.6882,16,14,0.0,0.0,0,0,0,0,0,0,0,0,0,—,—,0.0,0.0,0.0,0.0
2026-05-25 11:42:39.962765,1779723759.962765,2420,142976.0,,,,,,,,,,,,,,,,0.0000,,,,0.0,0.0,0.0,0.0,0.0,0.0,0.0,0.0,0.0,-10442067,5290366,162901223,-3888139,-6864503,108877408,-0.6250103536715699,0.31665507650085456,9.75045946370209,-0.8989126290664673,-1.5870287659378053,25.17175365161133,61,f326fe00,43.51433895653,-79.68336630949,168.5901,-37.1,SOL_COMPUTED,SINGLE,good,4.5662,1.824,8.2493,15,13,0.0,0.0,0,0,0,0,0,0,0,0,0,—,—,0.0,0.0,0.0,0.0
2026-05-25 11:42:40.935319,1779723760.935319,2420,142977.0,,,,,,,,,,,,,,,,0.0000,,,,0.0,0.0,0.0,0.0,0.0,0.0,0.0,0.0,0.0,-8457254,6600702,164874027,-5185727,-3324930,106141815,-0.5062092891790773,0.39508529216491706,9.86854172900116,-1.1989065954666138,-0.7687023451995849,24.539302215156557,61,f323fe00,43.51436556862,-79.68339781681,159.2981,-37.1,SOL_COMPUTED,SINGLE,good,4.4646,1.7953,7.0773,15,15,0.0,0.0,0,0,0,0,0,0,0,0,0,—,—,0.0,0.0,0.0,0.0
2026-05-25 11:42:42.130495,1779723762.130495,2420,142978.0,,,,,,,,,,,,,,,,0.0000,,,,0.0,0.0,0.0,0.0,0.0,0.0,0.0,0.0,0.0,-946949,11393317,164746257,-2219397,-7962052,131122254,-0.056679671697082525,0.6819474619021607,9.860894050348207,-0.513110254600525,-1.8407750072937012,30.314618400283813,61,f321fe00,43.51435382972,-79.68342124985,168.7591,-37.1,SOL_COMPUTED,SINGLE,good,4.8492,1.9051,8.4854,16,14,0.0,0.0,0,0,0,0,0,0,0,0,0,—,—,0.0,0.0,0.0,0.0
2026-05-25 11:42:43.208381,1779723763.208381,2420,142979.0,,,,,,,,,,,,,,,,0.0000,,,,0.0,0.0,0.0,0.0,0.0,0.0,0.0,0.0,0.0,-4146714,18587990,165717072,-658038,-3273532,139304581,-0.24820173857482913,1.1125849129241945,9.919002222465823,-0.1521341363067627,-0.7568194595031739,32.2063195651474,61,f31ffe00,43.51435147334,-79.68345633705,169.3691,-37.1,SOL_COMPUTED,SINGLE,good,2.9975,2.07,7.239,19,17,0.0,0.0,0,0,0,0,0,0,0,0,0,—,—,0.0,0.0,0.0,0.0
2026-05-25 11:42:44.291722,1779723764.291722,2420,142980.0,,,,,,,,,,,,,,,,0.0000,,,,0.0,0.0,0.0,0.0,0.0,0.0,0.0,0.0,0.0,-10852410,15316524,163969616,-8562572,-1241322,148764519,-0.6495714509674073,0.9167711797155763,9.814408171059572,-1.9796113534240722,-0.28698563053894044,34.393396143013,61,f31dfe00,43.51432408793,-79.6834755792,165.9613,-37.1,SOL_COMPUTED,SINGLE,good,2.7841,1.8965,6.5868,18,16,0.0,0.0,0,0,0,0,0,0,0,0,0,STATISTICANALYSIS,L5,1.254,0.0,0.635,0.425
2026-05-25 11:42:45.454425,1779723765.454425,2420,142981.0,,,,,,,,,,,,,,,,0.0000,,,,0.0,0.0,0.0,0.0,0.0,0.0,0.0,0.0,0.0,-16616971,23021142,162359380,-7403693,-2721580,138808566,-0.9946094888742066,1.3779314098773194,9.718027428448488,-1.7116860121078492,-0.6292117213439942,32.09164410017395,61,f31bfe00,43.51430460674,-79.68348150847,164.8241,-37.1,SOL_COMPUTED,SINGLE,good,2.6203,1.8796,6.1518,20,18,0.0,0.0,0,0,0,0,0,0,0,0,0,STATISTICANALYSIS,L5,1.559,0.0,0.635,0.425
2026-05-25 11:42:46.602021,1779723766.602021,2420,142982.0,,,,,,,,,,,,,,,,0.0000,,,,0.0,0.0,0.0,0.0,0.0,0.0,0.0,0.0,0.0,-7427454,3922122,167420410,-10122162,-6918849,86825756,-0.44457056743835455,0.23475877509338383,10.020955589151002,-2.3401784903411866,-1.5995932101974488,20.073554108184815,61,f318fe00,43.51427642601,-79.68348255066,167.7595,-37.1,SOL_COMPUTED,SINGLE,good,3.7968,1.9843,9.9142,18,16,0.0,0.0,0,0,0,0,0,0,0,0,0,STATISTICANALYSIS,L5,1.258,0.0,0.635,0.425
2026-05-25 11:42:47.558808,1779723767.558808,2420,142983.0,,,,,,,,,,,,,,,,0.0000,,,,0.0,0.0,0.0,0.0,0.0,0.0,0.0,0.0,0.0,-4427264,-11358661,168427439,1204625,2059496,-3051879,-0.26499407046875006,-0.6798731255838014,10.08123135174164,0.27850152111053467,0.4761421759643555,-0.7055747172317505,61,f316fe00,43.51425937821,-79.68347729356,166.9928,-37.1,SOL_COMPUTED,SINGLE,good,3.8802,1.8866,10.3488,19,16,0.0,0.0,0,0,0,0,0,0,0,0,0,STATISTICANALYSIS,L5,1.088,0.0,0.37,0.547
2026-05-25 11:42:48.626725,1779723768.626725,2420,142984.0,,,,,,,,,,,,,,,,0.0000,,,,0.0,0.0,0.0,0.0,0.0,0.0,0.0,0.0,0.0,-12371410,-20409152,161742373,4897026,3658901,-78342057,-0.7404912590118409,-1.2215906400195313,9.681096448855287,1.13216078855896,0.8459142837753296,-18.112177683036805,61,f313fe00,43.51428152592,-79.68346452017,155.4717,-37.1,SOL_COMPUTED,SINGLE,good,2.3418,2.0163,5.9618,20,17,0.0,0.0,0,0,0,0,0,0,0,0,0,STATISTICANALYSIS,L5,1.171,0.0,0.37,0.547
2026-05-25 11:42:49.691344,1779723769.691344,2420,142985.0,,,,,,,,,,,,,,,,0.0000,,,,0.0,0.0,0.0,0.0,0.0,0.0,0.0,0.0,0.0,-14327850,-23244437,162801447,4035119,3796784,-124440825,-0.8575940564117432,-1.3912967413699342,9.744487367080994,0.9328934559402465,0.8777919429931641,-28.769915160942077,61,f311fe00,43.51422401294,-79.6834662758,167.2071,-37.1,SOL_COMPUTED,SINGLE,good,3.8135,2.1102,9.7461,15,14,0.0,0.0,0,0,0,0,0,0,0,0,0,STATISTICANALYSIS,L5,1.524,0.0,0.37,0.547
2026-05-25 11:42:50.761250,1779723770.761250,2420,142986.0,,,,,,,,,,,,,,,,0.0000,,,,0.0,0.0,0.0,0.0,0.0,0.0,0.0,0.0,0.0,-8191735,-12541318,161832650,4840311,3314275,-118912655,-0.4903166384140015,-0.7506611094036866,9.686499982437136,1.11904864679718,0.7662389780044556,-27.491837955207824,61,f30ffe00,43.51424265263,-79.68347586465,157.6247,-37.1,SOL_COMPUTED,SINGLE,good,2.4581,2.2286,5.9189,17,16,0.0,0.0,0,0,0,0,0,0,0,0,0,—,—,0.0,0.0,0.0,0.0
2026-05-25 11:42:51.802839,1779723771.802839,2420,142987.0,,,,,,,,,,,,,,,,0.0000,,,,0.0,0.0,0.0,0.0,0.0,0.0,0.0,0.0,0.0,-14133247,-22640443,161351564,7008819,6225270,-121397649,-0.8459460857699587,-1.3551446554318238,9.657704559940187,1.6203936932144165,1.4392422241973877,-28.066352521110534,61,f30dfe00,43.51424063255,-79.68349889911,157.1523,-37.1,SOL_COMPUTED,SINGLE,good,2.2695,2.1263,5.545,18,17,0.0,0.0,0,0,0,0,0,0,0,0,0,—,—,0.0,0.0,0.0,0.0
2026-05-25 11:42:52.904379,1779723772.904379,2420,142988.0,,,,,,,,,,,,,,,,0.0000,,,,0.0,0.0,0.0,0.0,0.0,0.0,0.0,0.0,0.0,-17314331,-18161853,165452278,-1884226,903320,-122814845,-1.0363500006173707,-1.0870784651028444,9.903152966605836,-0.4356208837738037,0.20884175079345704,-28.393999084739686,61,f30afe00,43.51423206578,-79.68353602106,161.5629,-37.1,SOL_COMPUTED,SINGLE,good,2.1438,2.1546,5.2058,18,17,0.0,0.0,0,0,0,0,0,0,0,0,0,—,—,0.0,0.0,0.0,0.0
2026-05-25 11:42:54.042041,1779723774.042041,2420,142989.0,,,,,,,,,,,,,,,,0.0000,,,,0.0,0.0,0.0,0.0,0.0,0.0,0.0,0.0,0.0,-7497956,-18081849,159750249,7235631,-4971444,-116785838,-0.44879046757446295,-1.0822898223623658,9.561857784154359,1.6728311629714965,-1.1493657496032714,-27.000131598770142,61,f308fe00,43.5142154716,-79.68355736474,168.1689,-37.1,SOL_COMPUTED,SINGLE,good,5.1549,5.8793,9.3141,15,13,0.0,0.0,0,0,0,0,0,0,0,0,0,—,—,0.0,0.0,0.0,0.0
2026-05-25 11:42:55.116366,1779723775.116366,2420,142990.0,,,,,,,,,,,,,,,,0.0000,,,,0.0,0.0,0.0,0.0,0.0,0.0,0.0,0.0,0.0,1397733,-22391820,169809473,-1026386,2396629,-109633950,0.0836613667263794,-1.3402633154479981,10.163953054171449,-0.2372938152923584,0.5540851485214233,-25.346661276626588,61,f306fe00,43.51426956513,-79.68355898319,159.4665,-37.1,SOL_COMPUTED,SINGLE,good,4.5938,3.717,6.9266,16,14,0.0,0.0,0,0,0,0,0,0,0,0,0,—,—,0.0,0.0,0.0,0.0
2026-05-25 11:42:56.378588,1779723776.378588,2420,142991.0,,,,,,,,,,,,,,,,0.0000,,,,0.0,0.0,0.0,0.0,0.0,0.0,0.0,0.0,0.0,-10442420,-14205575,160583292,8527422,6157700,-122621187,-0.6250314825012208,-0.8502752812118531,9.611719607493898,1.9714849004058839,1.4236204765319824,-28.349226605690003,61,f303fe00,43.51427787851,-79.68354833384,162.0081,-37.1,SOL_COMPUTED,SINGLE,good,2.814,2.3532,5.2049,20,16,0.0,0.0,0,0,0,0,0,0,0,0,0,—,—,0.0,0.0,0.0,0.0
2026-05-25 11:42:57.415438,1779723777.415438,2420,142992.0,,,,,,,,,,,,,,,,0.0000,,,,0.0,0.0,0.0,0.0,0.0,0.0,0.0,0.0,0.0,-8197911,-19824663,160979411,-1880579,2677424,-124955338,-0.4906863031503297,-1.1866060266659548,9.635429326679384,-0.43477772092437744,0.6190031392822266,-28.888867244064333,61,f301fe00,43.51429387203,-79.68353198387,162.2604,-37.1,SOL_COMPUTED,SINGLE,good,3.0062,2.0387,5.8285,19,16,0.0,0.0,0,0,0,0,0,0,0,0,0,—,—,0.0,0.0,0.0,0.0
2026-05-25 11:42:58.424448,1779723778.424448,2420,142993.0,,,,,,,,,,,,,,,,0.0000,,,,0.0,0.0,0.0,0.0,0.0,0.0,0.0,0.0,0.0,-8797708,-25025870,160452372,3503984,5095757,-132698258,-0.5265871774792481,-1.4979244875213624,9.603883385460206,0.8100984737548829,1.178106112449646,-30.6789803480072,61,f2fffe00,43.51428713574,-79.68350712001,166.6687,-37.1,SOL_COMPUTED,SINGLE,good,2.7041,1.839,5.9271,20,17,0.0,0.0,0,0,0,0,0,0,0,0,0,—,—,0.0,0.0,0.0,0.0
2026-05-25 11:42:59.546821,1779723779.546821,2420,142994.0,,,,,,,,,,,,,,,,0.0000,,,,0.0,0.0,0.0,0.0,0.0,0.0,0.0,0.0,0.0,998879,-8134470,170730127,-5707495,-5886889,-108380415,0.059787944002380376,-0.48688903946228035,10.219058837552186,-1.319535987739563,-1.3610107220993042,-25.056852079353334,61,f2fcfe00,43.51430989537,-79.683479683,161.5809,-37.1,SOL_COMPUTED,SINGLE,good,2.1922,1.8233,5.1263,21,17,0.0,0.0,0,0,0,0,0,0,0,0,0,—,—,0.0,0.0,0.0,0.0
2026-05-25 11:43:00.606740,1779723780.606740,2420,142995.0,,,,,,,,,,,,,,,,0.0000,,,,0.0,0.0,0.0,0.0,0.0,0.0,0.0,0.0,0.0,-2809253,1670750,168739331,1621400,-3470028,-15125713,-0.16814795490997317,0.10000281059265138,10.099899660346376,0.37485720977783205,-0.8022480658264161,-3.4969671710128782,61,f2fafe00,43.51431026059,-79.68345027832,162.2432,-37.1,SOL_COMPUTED,SINGLE,good,2.4217,1.8648,5.5172,22,17,0.0,0.0,0,0,0,0,0,0,0,0,0,—,—,0.0,0.0,0.0,0.0
2026-05-25 11:43:01.564840,1779723781.564840,2420,142996.0,,,,,,,,,,,,,,,,0.0000,,,,0.0,0.0,0.0,0.0,0.0,0.0,0.0,0.0,0.0,-9946133,9796677,163434296,544987,1515895,70872812,-0.5953262035183716,0.5863805084353638,9.7823665702417,0.12599747513580323,0.3504651350784302,16.385336471832275,61,f2f8fe00,43.51430488523,-79.68341793129,162.6016,-37.1,SOL_COMPUTED,SINGLE,good,2.2172,1.8801,5.4551,21,16,0.0,0.0,0,0,0,0,0,0,0,0,0,STATISTICANALYSIS,L5,1.199,0.0,0.637,0.345
2026-05-25 11:43:02.470137,1779723782.470137,2420,142997.0,,,,,,,,,,,,,,,,0.0000,,,,0.0,0.0,0.0,0.0,0.0,0.0,0.0,0.0,0.0,-19193829,23926107,162266695,-9159538,-2759546,134823498,-1.1488474314138795,1.432098127511902,9.712479763926698,-2.117626037704468,-0.6379892153778076,31.170322112228394,61,f2f5fe00,43.51430136547,-79.68337273783,171.2839,-37.1,SOL_COMPUTED,SINGLE,good,2.8593,1.937,7.2261,21,16,0.0,0.0,0,0,0,0,0,0,0,0,0,STATISTICANALYSIS,L5,1.01,0.0,0.637,0.345
2026-05-25 11:43:03.627019,1779723783.627019,2420,142998.0,,,,,,,,,,,,,,,,0.0000,,,,0.0,0.0,0.0,0.0,0.0,0.0,0.0,0.0,0.0,-14815096,10732104,164075565,-8499700,-4346998,124665377,-0.8867581859643556,0.6423705303442384,9.820749752851869,-1.9650757530212402,-1.0049978667755126,28.82183013329315,61,f2f3fe00,43.51431654956,-79.68337429068,163.3205,-37.1,SOL_COMPUTED,SINGLE,good,4.7286,2.0844,11.1897,20,15,0.0,0.0,0,0,0,0,0,0,0,0,0,—,—,0.0,0.0,0.0,0.0
2026-05-25 11:43:04.661333,1779723784.661333,2420,142999.0,,,,,,,,,,,,,,,,0.0000,,,,0.0,0.0,0.0,0.0,0.0,0.0,0.0,0.0,0.0,-11740419,16611381,166962661,-8223425,-5295674,116799580,-0.7027232665182496,0.9942748991921998,9.993557003757632,-1.9012027570724488,-1.224325631881714,27.003308660430907,61,f2f1fe00,43.51430823738,-79.68335315945,168.3419,-37.1,SOL_COMPUTED,SINGLE,good,2.9905,2.347,7.2577,19,13,0.0,0.0,0,0,0,0,0,0,0,0,0,STATISTICANALYSIS,L5,1.161,0.0,0.61,0.494
2026-05-25 11:43:05.738226,1779723785.738226,2420,143000.0,,,,,,,,,,,,,,,,0.0000,,,,0.0,0.0,0.0,0.0,0.0,0.0,0.0,0.0,0.0,-1756153,17498121,165642452,-8470931,-6293303,122969294,-0.10511461070220948,1.0473507586953736,9.914535839268801,-1.9584245459976197,-1.4549710144729615,28.42970669618225,61,f2effe00,43.51431147925,-79.68336105554,166.944,-37.1,SOL_COMPUTED,SINGLE,good,5.9162,2.1,11.5827,18,13,0.0,0.0,0,0,0,0,0,0,0,0,0,STATISTICANALYSIS,L5,2.03,0.0,0.61,0.494
2026-05-25 11:43:06.841943,1779723786.841943,2420,143001.0,,,,,,,,,,,,,,,,0.0000,,,,0.0,0.0,0.0,0.0,0.0,0.0,0.0,0.0,0.0,-12821220,10602983,166774470,-7887113,-6529557,132065520,-0.767414655230713,0.6346419875302125,9.98229282364197,-1.8234495944137574,-1.509591413658142,30.532695408325196,61,f2ecfe00,43.51436047774,-79.68339836563,165.4681,-37.1,SOL_COMPUTED,SINGLE,good,2.4295,1.7941,6.5901,20,16,0.0,0.0,0,0,0,0,0,0,0,0,0,—,—,0.0,0.0,0.0,0.0
2026-05-25 11:43:07.974806,1779723787.974806,2420,143002.0,,,,,,,,,,,,,,,,0.0000,,,,0.0,0.0,0.0,0.0,0.0,0.0,0.0,0.0,0.0,-8039416,12207629,165295400,-1710902,-9322729,131201639,-0.48119957834716803,0.7306881404592896,9.893763027404786,-0.39554949421691893,-2.155354743095398,30.332971699653626,61,f2eafe00,43.51436950159,-79.68343854533,171.5294,-37.1,SOL_COMPUTED,SINGLE,good,2.5621,1.9008,7.4518,19,16,0.0,0.0,0,0,0,0,0,0,0,0,0,STATISTICANALYSIS,L5,1.856,0.0,0.582,0.5
2026-05-25 11:43:08.910022,1779723788.910022,2420,143003.0,,,,,,,,,,,,,,,,0.0000,,,,0.0,0.0,0.0,0.0,0.0,0.0,0.0,0.0,0.0,-4584128,11881843,166627935,-2694917,-3703153,129427277,-0.2743831716992188,0.711188205907898,9.973521965135195,-0.6230474079208375,-0.8561450604171753,29.922750663230897,61,f2e8fe00,43.51434514507,-79.68346864008,173.7247,-37.1,SOL_COMPUTED,SINGLE,good,3.0413,2.2223,8.0172,18,16,0.0,0.0,0,0,0,0,0,0,0,0,0,STATISTICANALYSIS,L5,1.459,0.0,0.582,0.5
2026-05-25 11:43:09.858569,1779723789.858569,2420,143004.0,,,,,,,,,,,,,,,,0.0000,,,,0.0,0.0,0.0,0.0,0.0,0.0,0.0,0.0,0.0,-2833792,14128854,164612433,-8469563,-2520489,134492504,-0.16961673777343753,0.845683142572632,9.852884009273987,-1.9581082732315063,-0.5827207806930542,31.093798436828614,61,f2e6fe00,43.51432272849,-79.68351160241,170.2288,-37.1,SOL_COMPUTED,SINGLE,good,2.8997,1.9805,6.5516,20,17,0.0,0.0,0,0,0,0,0,0,0,0,0,STATISTICANALYSIS,L5,4.662,0.0,0.582,0.5
2026-05-25 11:43:10.787624,1779723790.787624,2420,143005.0,,,,,,,,,,,,,,,,0.0000,,,,0.0,0.0,0.0,0.0,0.0,0.0,0.0,0.0,0.0,-14656710,22581114,162023114,-4210420,-2647501,141583567,-0.8772779853607179,1.3515935156744388,9.697900213062136,-0.9734219151306153,-0.6120851349105835,32.73320641175079,61,f2e3fe00,43.51430815381,-79.68351197145,165.465,-37.1,SOL_COMPUTED,SINGLE,good,3.8439,1.9058,9.6739,18,16,0.0,0.0,0,0,0,0,0,0,0,0,0,STATISTICANALYSIS,L5,2.205,0.0,0.529,0.482
2026-05-25 11:43:11.811516,1779723791.811516,2420,143006.0,,,,,,,,,,,,,,,,0.0000,,,,0.0,0.0,0.0,0.0,0.0,0.0,0.0,0.0,0.0,-4843449,-8401904,164539374,-7311215,-5655935,83852443,-0.28990484091705326,-0.502896312631836,9.848511059796754,-1.6903056956863403,-1.30761564868927,19.386143342811586,61,f2e1fe00,43.5142729551,-79.68348712421,170.1978,-37.1,SOL_COMPUTED,SINGLE,good,2.5352,2.0387,6.4273,19,17,0.0,0.0,0,0,0,0,0,0,0,0,0,—,—,0.0,0.0,0.0,0.0
2026-05-25 11:43:12.806460,1779723792.806460,2420,143007.0,,,,,,,,,,,,,,,,0.0000,,,,0.0,0.0,0.0,0.0,0.0,0.0,0.0,0.0,0.0,-6193260,-15635131,167312860,580530,6111973,-16270774,-0.3706978343444825,-0.9358414149240114,10.014518179437257,0.13421478721618652,1.413048689414978,-3.7616978799591063,61,f2dffe00,43.51427440997,-79.6834756657,164.1811,-37.1,SOL_COMPUTED,SINGLE,good,3.9599,1.893,10.3524,18,15,0.0,0.0,0,0,0,0,0,0,0,0,0,STATISTICANALYSIS,L2,1.188,-4.307,1.297,0.283
2026-05-25 11:43:13.758535,1779723793.758535,2420,143008.0,,,,,,,,,,,,,,,,0.0000,,,,0.0,0.0,0.0,0.0,0.0,0.0,0.0,0.0,0.0,-11074286,-21358381,164564740,5557137,1645536,-80995908,-0.6628518481561281,-1.278406781211243,9.850029342779543,1.2847741890792848,0.38043729711914065,-18.72573089694214,61,f2ddfe00,43.51425615695,-79.68346216194,163.385,-37.1,SOL_COMPUTED,SINGLE,good,3.8204,1.866,9.8986,19,16,0.0,0.0,0,0,0,0,0,0,0,0,0,—,—,0.0,0.0,0.0,0.0
2026-05-25 11:43:14.645556,1779723794.645556,2420,143009.0,,,,,,,,,,,,,,,,0.0000,,,,0.0,0.0,0.0,0.0,0.0,0.0,0.0,0.0,0.0,-11521269,-15509307,164887293,2199534,2911813,-109174667,-0.6896060341726685,-0.9283102141818239,9.869335765981752,0.5085180572662353,0.6731923625106812,-25.24047801285553,61,f2dafe00,43.51421661228,-79.68345224575,166.8138,-37.1,SOL_COMPUTED,SINGLE,good,2.5157,2.0955,6.3628,17,15,0.0,0.0,0,0,0,0,0,0,0,0,0,STATISTICANALYSIS,L2,1.241,-4.307,1.297,0.283
2026-05-25 11:43:15.706793,1779723795.706793,2420,143010.0,,,,,,,,,,,,,,,,0.0000,,,,0.0,0.0,0.0,0.0,0.0,0.0,0.0,0.0,0.0,-11228349,-16034534,163674713,8015455,3994306,-120592021,-0.6720732954153443,-0.9597476980657961,9.796756739754946,1.8531214360427857,0.9234577538909912,-27.88009652986908,61,f2d8fe00,43.51420288621,-79.68347855135,167.519,-37.1,SOL_COMPUTED,SINGLE,good,2.5614,2.1614,6.3591,19,17,0.0,0.0,0,0,0,0,0,0,0,0,0,STATISTICANALYSIS,L2,1.076,-2.723,1.185,0.309
2026-05-25 11:43:16.792714,1779723796.792714,2420,143011.0,,,,,,,,,,,,,,,,0.0000,,,,0.0,0.0,0.0,0.0,0.0,0.0,0.0,0.0,0.0,-13475469,-22322517,161451697,7544421,7618049,-120865243,-0.8065747562796022,-1.336115181506653,9.663698024811097,1.7442214169540404,1.7612437350997925,-27.94326369193268,61,f2d5fe00,43.514201024,-79.68349626029,166.6218,-37.1,SOL_COMPUTED,SINGLE,good,2.4103,1.9817,5.8954,19,17,0.0,0.0,0,0,0,0,0,0,0,0,0,—,—,0.0,0.0,0.0,0.0
2026-05-25 11:43:17.822361,1779723797.822361,2420,143012.0,,,,,,,,,,,,,,,,0.0000,,,,0.0,0.0,0.0,0.0,0.0,0.0,0.0,0.0,0.0,-15724193,-22005711,164970195,3730684,2511292,-123886807,-0.9411722246304323,-1.3171527452279665,9.874297868632508,0.8625100498352051,0.5805944936828613,-28.641829776924133,61,f2d3fe00,43.51420547679,-79.68351850621,166.8449,-37.1,SOL_COMPUTED,SINGLE,good,2.4116,1.9894,5.8671,18,17,0.0,0.0,0,0,0,0,0,0,0,0,0,STATISTICANALYSIS,L2,1.472,-2.723,1.185,0.309
2026-05-25 11:43:18.824365,1779723798.824365,2420,143013.0,,,,,,,,,,,,,,,,0.0000,,,,0.0,0.0,0.0,0.0,0.0,0.0,0.0,0.0,0.0,-16005871,-25751885,164874488,4770492,-7349984,-119884296,-0.9580320730111695,-1.541380145478821,9.868569322175295,1.1029069448547364,-1.6992688381347656,-27.71647508001709,61,f2d1fe00,43.51421977856,-79.68356142351,169.5227,-37.1,SOL_COMPUTED,SINGLE,good,3.357,2.8992,6.8155,16,14,0.0,0.0,0,0,0,0,0,0,0,0,0,—,—,0.0,0.0,0.0,0.0
2026-05-25 11:43:19.849198,1779723799.849198,2420,143014.0,,,,,,,,,,,,,,,,0.0000,,,,0.0,0.0,0.0,0.0,0.0,0.0,0.0,0.0,0.0,-6627690,-8613212,166015057,9543709,5836698,-107513023,-0.39670066002502447,-0.5155441617419434,9.936838127008363,2.206443892112732,1.349406887008667,-24.856316650154113,61,f2cefe00,43.51422566427,-79.68353785115,166.9456,-37.1,SOL_COMPUTED,SINGLE,good,3.2321,2.1988,6.4123,19,15,0.0,0.0,0,0,0,0,0,0,0,0,0,STATISTICANALYSIS,L5,1.708,0.0,1.599,0.313
2026-05-25 11:43:20.840757,1779723800.840757,2420,143015.0,,,,,,,,,,,,,,,,0.0000,,,,0.0,0.0,0.0,0.0,0.0,0.0,0.0,0.0,0.0,169663,-13010970,163551557,2422451,1813165,-104701789,0.010155185906677248,-0.7787721493560792,9.78938523226349,0.560055028175354,0.4191920394515991,-24.206377502952577,61,f2cdfe00,43.51424696905,-79.6835451659,170.0713,-37.1,SOL_COMPUTED,SINGLE,good,3.8612,2.2867,10.3515,17,14,0.0,0.0,0,0,0,0,0,0,0,0,0,—,—,0.0,0.0,0.0,0.0
2026-05-25 11:43:21.841642,1779723801.841642,2420,143016.0,,,,,,,,,,,,,,,,0.0000,,,,0.0,0.0,0.0,0.0,0.0,0.0,0.0,0.0,0.0,-4726052,-21280289,164118487,7062039,4225802,-117084151,-0.2828780386096192,-1.27373258131012,9.8233188509433,1.632697813545227,0.9769781342010498,-27.06909963800812,61,f2cafe00,43.51426955901,-79.68353896101,166.0525,-37.1,SOL_COMPUTED,SINGLE,good,2.7928,2.0007,5.8641,20,15,0.0,0.0,0,0,0,0,0,0,0,0,0,STATISTICANALYSIS,L5,2.327,0.0,1.599,0.313
2026-05-25 11:43:22.841377,1779723802.841377,2420,143017.0,,,,,,,,,,,,,,,,0.0000,,,,0.0,0.0,0.0,0.0,0.0,0.0,0.0,0.0,0.0,-7963041,-19415163,163355572,7490943,4801274,-123992365,-0.4766281495523072,-1.1620953871701052,9.777654541954346,1.73185764868927,1.11002354447937,-28.666234104881287,61,f2c7fe00,43.51427519571,-79.68351076216,165.4914,-37.1,SOL_COMPUTED,SINGLE,good,2.4608,1.9859,5.9723,19,16,0.0,0.0,0,0,0,0,0,0,0,0,0,STATISTICANALYSIS,L5,1.116,0.0,0.515,0.501
2026-05-25 11:43:23.772875,1779723803.772875,2420,143018.0,,,,,,,,,,,,,,,,0.0000,,,,0.0,0.0,0.0,0.0,0.0,0.0,0.0,0.0,0.0,-13245281,-15511357,163935700,-3512272,639587,-125352836,-0.792796843985901,-0.9284329170169069,9.812378127471925,-0.812014605834961,0.14786838425445556,-28.980766214813233,61,f2c6fe00,43.51425917103,-79.68347524472,167.3706,-37.1,SOL_COMPUTED,SINGLE,good,4.1685,2.0124,6.6839,17,14,0.0,0.0,0,0,0,0,0,0,0,0,0,—,—,0.0,0.0,0.0,0.0
2026-05-25 11:43:24.767627,1779723804.767627,2420,143019.0,,,,,,,,,,,,,,,,0.0000,,,,0.0,0.0,0.0,0.0,0.0,0.0,0.0,0.0,0.0,-7216719,-23085835,164664292,7282233,-2410540,-116294452,-0.43195701526702884,-1.3818036120773318,9.85598803187134,1.6836052444381715,-0.5573012818908691,-26.886526328704836,61,f2c3fe00,43.5142613219,-79.6834523489,172.1482,-37.1,SOL_COMPUTED,SINGLE,good,3.7893,1.9119,8.158,22,16,0.0,0.0,0,0,0,0,0,0,0,0,0,—,—,0.0,0.0,0.0,0.0
2026-05-25 11:43:25.821503,1779723805.821503,2420,143020.0,,,,,,,,,,,,,,,,0.0000,,,,0.0,0.0,0.0,0.0,0.0,0.0,0.0,0.0,0.0,-3183165,-9331405,164124032,5385003,2105672,-62666358,-0.19052847318878177,-0.5585316335647584,9.82365074714844,1.2449779198379516,0.4868177689819336,-14.488057300369263,61,f2c1fe00,43.51425558299,-79.68342852817,168.8857,-37.1,SOL_COMPUTED,SINGLE,good,2.5148,1.9367,7.1523,20,16,0.0,0.0,0,0,0,0,0,0,0,0,0,STATISTICANALYSIS,L5,1.049,0.0,0.442,0.48
2026-05-25 11:43:26.935461,1779723806.935461,2420,143021.0,,,,,,,,,,,,,,,,0.0000,,,,0.0,0.0,0.0,0.0,0.0,0.0,0.0,0.0,0.0,-9752738,-2834254,164647550,424944,-444286,-10315164,-0.5837505377667237,-0.16964439080261232,9.85498593876648,0.09824430871582031,-0.10271605421447753,-2.384799306427002,61,f2bffe00,43.51423814939,-79.68341802944,172.4894,-37.1,SOL_COMPUTED,SINGLE,good,2.9032,1.9659,7.3501,17,15,0.0,0.0,0,0,0,0,0,0,0,0,0,—,—,0.0,0.0,0.0,0.0
2026-05-25 11:43:27.894452,1779723807.894452,2420,143022.0,,,,,,,,,,,,,,,,0.0000,,,,0.0,0.0,0.0,0.0,0.0,0.0,0.0,0.0,0.0,-29321724,-2740914,163314105,1100825,-558568,-2349549,-1.7550530069860841,-0.16405752122863773,9.775172532948305,0.254503631401062,-0.12913731463623046,-0.5432005565414428,61,f2bdfe00,43.51422298374,-79.68339499021,171.097,-37.1,SOL_COMPUTED,SINGLE,good,3.5635,2.4458,7.8289,18,14,0.0,0.0,0,0,0,0,0,0,0,0,0,STATISTICANALYSIS,L5,2.011,0.0,0.442,0.48
2026-05-25 11:43:28.999675,1779723808.999675,2420,143023.0,,,,,,,,,,,,,,,,0.0000,,,,0.0,0.0,0.0,0.0,0.0,0.0,0.0,0.0,0.0,-13447306,-4441971,163722435,403760,-739141,469957,-0.8048890587457277,-0.265874358564148,9.799613142045594,0.09334670471191406,-0.17088462618255615,0.10865102364349365,61,f2bbfe00,43.51422118556,-79.68337917857,169.2007,-37.1,SOL_COMPUTED,SINGLE,good,3.3088,2.4066,7.5146,20,13,0.0,0.0,0,0,0,0,0,0,0,0,0,—,—,0.0,0.0,0.0,0.0
2026-05-25 11:43:29.958479,1779723809.958479,2420,143024.0,,,,,,,,,,,,,,,,0.0000,,,,0.0,0.0,0.0,0.0,0.0,0.0,0.0,0.0,0.0,-4660868,-4870492,165124030,4782,211127,5316,-0.27897644758422857,-0.2915235008044434,9.883505668942263,0.0011055675201416017,0.048811199043273926,0.0012290248718261718,61,f2b9fe00,43.51421480198,-79.68338896886,169.3383,-37.1,SOL_COMPUTED,SINGLE,good,3.2013,1.9372,7.4321,22,15,0.0,0.0,0,0,0,0,0,0,0,0,0,—,—,0.0,0.0,0.0,0.0
2026-05-25 11:43:30.998321,1779723810.998321,2420,143025.0,,,,,,,,,,,,,,,,0.0000,,,,0.0,0.0,0.0,0.0,0.0,0.0,0.0,0.0,0.0,-5195396,-5138707,165021974,314993,-384976,124891,-0.31097064320922857,-0.3075775207614136,9.877397102826539,0.07282434752655029,-0.08900396520996094,0.028873992713928223,61,f2b6fe00,43.5142174165,-79.68339829039,170.1468,-37.1,SOL_COMPUTED,SINGLE,good,3.3947,1.9275,7.5592,22,15,0.0,0.0,0,0,0,0,0,0,0,0,0,—,—,0.0,0.0,0.0,0.0
2026-05-25 11:43:32.100098,1779723812.100098,2420,143026.0,,,,,,,,,,,,,,,,0.0000,,,,0.0,0.0,0.0,0.0,0.0,0.0,0.0,0.0,0.0,-5403346,-3239219,163985341,-756584,-28785,35732,-0.32341749908996587,-0.19388358768524172,9.81534939158722,-0.17491733514404298,-0.006654906120300293,0.00826100765991211,61,f2b4fe00,43.51422579341,-79.68339962543,172.4596,-37.1,SOL_COMPUTED,SINGLE,good,2.8127,1.9059,7.1948,22,15,0.0,0.0,0,0,0,0,0,0,0,0,0,—,—,0.0,0.0,0.0,0.0
2026-05-25 11:43:33.006101,1779723813.006101,2420,143027.0,,,,,,,,,,,,,,,,0.0000,,,,0.0,0.0,0.0,0.0,0.0,0.0,0.0,0.0,0.0,-4175901,-4249253,163886335,-734839,-115624,76134,-0.24994872767120366,-0.25433921467559817,9.809423383348085,-0.1698900315628052,-0.02673152215576172,0.017601689163208006,61,f2b2fe00,43.51423405289,-79.68341067269,165.4454,-37.1,SOL_COMPUTED,SINGLE,good,3.8245,2.1462,10.7237,21,15,0.0,0.0,0,0,0,0,0,0,0,0,0,—,—,0.0,0.0,0.0,0.0
2026-05-25 11:43:33.888171,1779723813.888171,2420,143028.0,,,,,,,,,,,,,,,,0.0000,,,,0.0,0.0,0.0,0.0,0.0,0.0,0.0,0.0,0.0,-3966665,-4935197,164372006,-237230,129853,56446,-0.2374248982070923,-0.29539642126495363,9.838493241210328,-0.0548460440826416,0.030021175071716307,0.01304995069885254,61,f2affe00,43.51421708683,-79.68338998562,176.4632,-37.1,SOL_COMPUTED,SINGLE,good,2.8069,1.8649,6.824,21,14,0.0,0.0,0,0,0,0,0,0,0,0,0,—,—,0.0,0.0,0.0,0.0
2026-05-25 11:43:34.762565,1779723814.762565,2420,143029.0,,,,,,,,,,,,,,,,0.0000,,,,0.0,0.0,0.0,0.0,0.0,0.0,0.0,0.0,0.0,-4065660,-5509521,163617875,-421957,-84063,79060,-0.24335024804077152,-0.3297726081216431,9.793354698905945,-0.09755373360443115,-0.019434822761535644,0.01827816146850586,61,f2adfe00,43.51421960946,-79.68338359062,176.8082,-37.1,SOL_COMPUTED,SINGLE,good,2.8764,1.9599,7.1172,19,14,0.0,0.0,0,0,0,0,0,0,0,0,0,—,—,0.0,0.0,0.0,0.0
2026-05-25 11:43:35.796688,1779723815.796688,2420,143030.0,,,,,,,,,,,,,,,,0.0000,,,,0.0,0.0,0.0,0.0,0.0,0.0,0.0,0.0,0.0,-3842029,-5503392,164485069,-48815,51737,33749,-0.22996480525421145,-0.3294057565722657,9.845260631767884,-0.011285712776184082,0.011961260307312012,0.00780255086517334,61,f2abfe00,43.51421518916,-79.6833810178,180.0947,-37.1,SOL_COMPUTED,SINGLE,good,2.7976,1.9525,7.2666,21,15,0.0,0.0,0,0,0,0,0,0,0,0,0,—,—,0.0,0.0,0.0,0.0
2026-05-25 11:43:36.870029,1779723816.870029,2420,143031.0,,,,,,,,,,,,,,,,0.0000,,,,0.0,0.0,0.0,0.0,0.0,0.0,0.0,0.0,0.0,-3890311,-4951000,165186747,42307,23232,9756,-0.23285472636810306,-0.29634231048583987,9.887259597580263,0.009781105201721192,0.00537108837890625,0.0022555242004394533,61,f2a9fe00,43.51421842017,-79.68338940069,179.3696,-37.1,SOL_COMPUTED,SINGLE,good,2.8151,1.8994,6.3705,22,16,0.0,0.0,0,0,0,0,0,0,0,0,0,—,—,0.0,0.0,0.0,0.0
2026-05-25 11:43:37.816080,1779723817.816080,2420,143032.0,,,,,,,,,,,,,,,,0.0000,,,,0.0,0.0,0.0,0.0,0.0,0.0,0.0,0.0,0.0,-4280961,-5178262,164340780,51400,-5578,21264,-0.256237098331604,-0.30994508692810063,9.836624207684327,0.011883348083496094,-0.0012895975799560547,0.004916099487304687,61,f2a7fe00,43.51423321604,-79.68339282649,176.2685,-37.1,SOL_COMPUTED,SINGLE,good,2.7992,1.8529,6.1557,23,16,0.0,0.0,0,0,0,0,0,0,0,0,0,STATISTICANALYSIS,L5,3.934,0.0,0.505,0.384
2026-05-25 11:43:38.778035,1779723818.778035,2420,143033.0,,,,,,,,,,,,,,,,0.0000,,,,0.0,0.0,0.0,0.0,0.0,0.0,0.0,0.0,0.0,-3814413,-5381974,164217149,-26720,139069,82391,-0.2283118484280396,-0.3221382771429444,9.829224269048158,-0.006177491455078125,0.03215185475921631,0.0190482671585083,61,f2a4fe00,43.51422449906,-79.68339035797,179.1791,-37.1,SOL_COMPUTED,SINGLE,good,2.7993,1.8361,6.1294,22,16,0.0,0.0,0,0,0,0,0,0,0,0,0,STATISTICANALYSIS,L5,1.972,0.0,0.505,0.384
2026-05-25 11:43:39.825364,1779723819.825364,2420,143034.0,,,,,,,,,,,,,,,,0.0000,,,,0.0,0.0,0.0,0.0,0.0,0.0,0.0,0.0,0.0,-3968598,-5255809,164578395,-36023,61551,48106,-0.23754059800231936,-0.31458666583160405,9.850846663371279,-0.008328284980773926,0.014230193733215333,0.01112179655456543,61,f2a2fe00,43.51421860206,-79.68339370825,177.9661,-37.1,SOL_COMPUTED,SINGLE,good,2.776,1.7806,5.9899,23,16,0.0,0.0,0,0,0,0,0,0,0,0,0,STATISTICANALYSIS,L2,1.961,-1.771,2.331,0.568
2026-05-25 11:43:40.689693,1779723820.689693,2420,143035.0,,,,,,,,,,,,,,,,0.0000,,,,0.0,0.0,0.0,0.0,0.0,0.0,0.0,0.0,0.0,-4048940,-5022871,164220024,-46811,130828,37900,-0.2423494717468262,-0.3006441521737671,9.829396352292482,-0.010822400917053223,0.030246588775634766,0.008762235260009766,61,f2a0fe00,43.51423015755,-79.68339072443,176.596,-37.1,SOL_COMPUTED,SINGLE,good,3.8043,1.8214,6.1082,22,15,0.0,0.0,0,0,0,0,0,0,0,0,0,STATISTICANALYSIS,L5,3.227,0.0,0.63,0.418
2026-05-25 11:43:41.683317,1779723821.683317,2420,143036.0,,,,,,,,,,,,,,,,0.0000,,,,0.0,0.0,0.0,0.0,0.0,0.0,0.0,0.0,0.0,-4110174,-4890514,164397057,327364,215016,109176,-0.2460146353582764,-0.2927219184454346,9.839992669855043,0.07568444284057617,0.049710310729980466,0.025240786193847658,61,f29efe00,43.51422659968,-79.68338963718,176.564,-37.1,SOL_COMPUTED,SINGLE,good,2.7804,1.7878,5.9834,21,16,0.0,0.0,0,0,0,0,0,0,0,0,0,STATISTICANALYSIS,L5,2.028,0.0,0.63,0.418
2026-05-25 11:43:42.548704,1779723822.548704,2420,143037.0,,,,,,,,,,,,,,,,0.0000,,,,0.0,0.0,0.0,0.0,0.0,0.0,0.0,0.0,0.0,-2819947,-5376444,165922843,232391,22805,1685,-0.16878804472381595,-0.3218072787634278,9.931318654211122,0.053727298530578615,0.00527236873626709,0.00038956111907958985,61,f29cfe00,43.51422667293,-79.68338732636,175.9957,-37.1,SOL_COMPUTED,SINGLE,good,2.7697,1.7569,5.9484,21,16,0.0,0.0,0,0,0,0,0,0,0,0,0,STATISTICANALYSIS,L5,1.406,0.0,0.63,0.418
2026-05-25 11:43:43.671469,1779723823.671469,2420,143038.0,,,,,,,,,,,,,,,,0.0000,,,,0.0,0.0,0.0,0.0,0.0,0.0,0.0,0.0,0.0,-3515066,-5165506,163942482,-40846,-12665,220548,-0.21039442131896977,-0.3091815760186768,9.812784064363404,-0.009443331436157226,-0.0029280662155151366,0.05098927340698242,61,f299fe00,43.51421821773,-79.68338769232,177.9174,-37.1,SOL_COMPUTED,SINGLE,good,3.6969,1.8304,6.2035,23,16,0.0,0.0,0,0,0,0,0,0,0,0,0,STATISTICANALYSIS,L5,1.423,0.0,0.641,0.499
2026-05-25 11:43:44.655129,1779723824.655129,2420,143039.0,,,,,,,,,,,,,,,,0.0000,,,,0.0,0.0,0.0,0.0,0.0,0.0,0.0,0.0,0.0,-3550261,-4375142,165015286,68981,-132233,12538,-0.21250101950469974,-0.26187430599548345,9.876996792308962,0.015947961753845215,-0.030571415702819824,0.002898704635620117,61,f297fe00,43.51421013625,-79.68338790771,178.5727,-37.1,SOL_COMPUTED,SINGLE,good,3.1828,1.849,6.1531,23,16,0.0,0.0,0,0,0,0,0,0,0,0,0,STATISTICANALYSIS,L5,2.458,0.0,0.641,0.499
2026-05-25 11:43:45.754802,1779723825.754802,2420,143040.0,,,,,,,,,,,,,,,,0.0000,,,,0.0,0.0,0.0,0.0,0.0,0.0,0.0,0.0,0.0,-4055898,-4366483,163881095,-64786,390371,-123989,-0.2427659431256104,-0.26135602119110113,9.809109742930604,-0.01497810484313965,0.09025125437164307,-0.02866545613861084,61,f295fe00,43.51420757869,-79.68337667751,177.0627,-37.1,SOL_COMPUTED,SINGLE,good,2.8653,1.7348,5.8641,22,16,0.0,0.0,0,0,0,0,0,0,0,0,0,STATISTICANALYSIS,L5,1.678,0.0,0.641,0.499
2026-05-25 11:43:46.711233,1779723826.711233,2420,143041.0,,,,,,,,,,,,,,,,0.0000,,,,0.0,0.0,0.0,0.0,0.0,0.0,0.0,0.0,0.0,-3268329,-4276029,163825813,124110,162198,-27284,-0.19562596794342044,-0.25594189326690675,9.805800836526185,0.028693430557250977,0.03749913020324707,-0.0063078846130371095,61,f293fe00,43.51421166536,-79.68338064358,175.8167,-37.1,SOL_COMPUTED,SINGLE,good,3.005,1.8228,5.9957,20,15,0.0,0.0,0,0,0,0,0,0,0,0,0,STATISTICANALYSIS,L5,2.625,0.0,0.362,0.49
2026-05-25 11:43:47.722182,1779723827.722182,2420,143042.0,,,,,,,,,,,,,,,,0.0000,,,,0.0,0.0,0.0,0.0,0.0,0.0,0.0,0.0,0.0,-3198133,-5099331,164104121,76716,-148281,18791,-0.19142438345001223,-0.3052206686471558,9.822458973417055,0.01773624380493164,-0.034281609672546384,0.004344357856750488,61,f291fe00,43.51421695274,-79.68338237598,173.3777,-37.1,SOL_COMPUTED,SINGLE,good,3.3727,1.8313,7.2226,22,16,0.0,0.0,0,0,0,0,0,0,0,0,0,STATISTICANALYSIS,L5,4.508,0.0,0.362,0.49
2026-05-25 11:43:48.681333,1779723828.681333,2420,143043.0,,,,,,,,,,,,,,,,0.0000,,,,0.0,0.0,0.0,0.0,0.0,0.0,0.0,0.0,0.0,-3742982,-5022355,163913547,-100015,36523,39662,-0.22403634295837405,-0.30061326697235113,9.811052158737489,-0.023122822151184084,0.00844388175201416,0.009169598281860352,61,f28ffe00,43.51420207399,-79.68337455177,176.9929,-37.1,SOL_COMPUTED,SINGLE,good,3.2262,1.8684,6.1999,22,16,0.0,0.0,0,0,0,0,0,0,0,0,0,STATISTICANALYSIS,L5,1.267,0.0,0.362,0.49
2026-05-25 11:43:49.734233,1779723829.734233,2420,143044.0,,,,,,,,,,,,,,,,0.0000,,,,0.0,0.0,0.0,0.0,0.0,0.0,0.0,0.0,0.0,-3222682,-4725139,164997575,-48313,-193054,-103611,-0.19289376486389162,-0.2828233909567261,9.875936699668886,-0.011169653617858887,-0.04463283815002442,-0.02395419412994385,61,f28cfe00,43.51422015213,-79.68338410838,177.4587,-37.1,SOL_COMPUTED,SINGLE,good,2.6727,1.7469,5.8055,21,15,0.0,0.0,0,0,0,0,0,0,0,0,0,STATISTICANALYSIS,L5,2.422,0.0,0.548,0.486
2026-05-25 11:43:50.702214,1779723830.702214,2420,143045.0,,,,,,,,,,,,,,,,0.0000,,,,0.0,0.0,0.0,0.0,0.0,0.0,0.0,0.0,0.0,-3547082,-3955861,164593617,154391,168824,40217,-0.21231074032775882,-0.23677822433868412,9.85175777681305,0.03569420221710205,0.039031018615722654,0.009297910697937012,61,f28afe00,43.5142119992,-79.68337929171,176.2466,-37.1,SOL_COMPUTED,SINGLE,good,2.7764,1.7654,5.8105,21,15,0.0,0.0,0,0,0,0,0,0,0,0,0,—,—,0.0,0.0,0.0,0.0
2026-05-25 11:43:51.651207,1779723831.651207,2420,143046.0,,,,,,,,,,,,,,,,0.0000,,,,0.0,0.0,0.0,0.0,0.0,0.0,0.0,0.0,0.0,-3129918,-5960866,166412507,2131909,1340590,165813,-0.18734137179382326,-0.35678788182922366,9.96062751325409,0.4928835939559936,0.3099357511138916,0.03833489485931396,61,f288fe00,43.51419817839,-79.68337449544,175.6303,-37.1,SOL_COMPUTED,SINGLE,good,2.6943,1.7447,5.7624,23,16,0.0,0.0,0,0,0,0,0,0,0,0,0,—,—,0.0,0.0,0.0,0.0
2026-05-25 11:43:52.641940,1779723832.641940,2420,143047.0,,,,,,,,,,,,,,,,0.0000,,,,0.0,0.0,0.0,0.0,0.0,0.0,0.0,0.0,0.0,-3501101,-5380955,165775051,-348802,-333750,-87960,-0.2095585456643677,-0.3220772848556519,9.922472557917176,-0.08064077000427246,-0.07716084480285644,-0.020335783996582032,61,f286fe00,43.51421825958,-79.68338005789,174.9775,-37.1,SOL_COMPUTED,SINGLE,good,3.2897,1.8521,7.2188,24,17,0.0,0.0,0,0,0,0,0,0,0,0,0,STATISTICANALYSIS,L5,2.09,0.0,1.116,0.326
2026-05-25 11:43:53.651586,1779723833.651586,2420,143048.0,,,,,,,,,,,,,,,,0.0000,,,,0.0,0.0,0.0,0.0,0.0,0.0,0.0,0.0,0.0,-3809129,-2711429,163457011,-464829,-326345,-79690,-0.22799557438873294,-0.16229269532989504,9.783726177509461,-0.1074654631576538,-0.07544885662078857,-0.018423813400268555,61,f284fe00,43.51421364142,-79.68337671025,174.8067,-37.1,SOL_COMPUTED,SINGLE,good,2.6717,1.7588,5.6994,22,16,0.0,0.0,0,0,0,0,0,0,0,0,0,—,—,0.0,0.0,0.0,0.0
2026-05-25 11:43:54.626248,1779723834.626248,2420,143049.0,,,,,,,,,,,,,,,,0.0000,,,,0.0,0.0,0.0,0.0,0.0,0.0,0.0,0.0,0.0,-4407292,-2551208,162976850,-2186488,-782570,-65052,-0.263798645579834,-0.15270266072509767,9.754986120925905,-0.5055019063110352,-0.18092513053894044,-0.015039602325439452,61,f282fe00,43.5142388576,-79.68338691196,169.8991,-37.1,SOL_COMPUTED,SINGLE,good,2.3065,1.753,4.7813,22,17,0.0,0.0,0,0,0,0,0,0,0,0,0,—,—,0.0,0.0,0.0,0.0
2026-05-25 11:43:55.710892,1779723835.710892,2420,143050.0,,,,,,,,,,,,,,,,0.0000,,,,0.0,0.0,0.0,0.0,0.0,0.0,0.0,0.0,0.0,-4143832,-1401325,163426625,443112,-52619,-52883,-0.24802923634521487,-0.08387636603546143,9.781907422218325,0.10244463299560547,-0.012165173011779785,-0.012226208106994629,61,f280fe00,43.51422717743,-79.68337992955,172.1735,-37.1,SOL_COMPUTED,SINGLE,good,2.2891,1.755,4.8426,22,17,0.0,0.0,0,0,0,0,0,0,0,0,0,—,—,0.0,0.0,0.0,0.0
2026-05-25 11:43:56.804381,1779723836.804381,2420,143051.0,,,,,,,,,,,,,,,,0.0000,,,,0.0,0.0,0.0,0.0,0.0,0.0,0.0,0.0,0.0,-3342962,-4759883,164806034,-1997779,-840710,-196631,-0.20009312925598147,-0.28490299451873785,9.864472005164187,-0.46187360410308836,-0.19436672309875488,-0.04545981745147705,61,f27dfe00,43.51424582782,-79.68337474182,166.89,-37.1,SOL_COMPUTED,SINGLE,good,2.2241,1.753,4.7575,22,17,0.0,0.0,0,0,0,0,0,0,0,0,0,—,—,0.0,0.0,0.0,0.0
2026-05-25 11:43:57.757747,1779723837.757747,2420,143052.0,,,,,,,,,,,,,,,,0.0000,,,,0.0,0.0,0.0,0.0,0.0,0.0,0.0,0.0,0.0,-4032496,-4766132,164523049,-750816,-233533,-8963,-0.24136521544433598,-0.28527702867309573,9.847533926244203,-0.17358381079101562,-0.05399132155609131,-0.0020721877212524415,61,f27bfe00,43.5142548042,-79.6833845159,168.9712,-37.1,SOL_COMPUTED,SINGLE,good,2.3567,1.78,4.8385,23,17,0.0,0.0,0,0,0,0,0,0,0,0,0,—,—,0.0,0.0,0.0,0.0
2026-05-25 11:43:58.841176,1779723838.841176,2420,143053.0,,,,,,,,,,,,,,,,0.0000,,,,0.0,0.0,0.0,0.0,0.0,0.0,0.0,0.0,0.0,-3979400,-5807931,164690479,136494,-333815,47040,-0.23818715216064457,-0.34763395105682376,9.857555455843203,0.031556531387329105,-0.07717587238311767,0.01087534423828125,61,f279fe00,43.51425774577,-79.68339225049,169.4362,-37.1,SOL_COMPUTED,SINGLE,good,2.2192,1.7409,4.6683,23,17,0.0,0.0,0,0,0,0,0,0,0,0,0,—,—,0.0,0.0,0.0,0.0
2026-05-25 11:43:59.865714,1779723839.865714,2420,143054.0,,,,,,,,,,,,,,,,0.0000,,,,0.0,0.0,0.0,0.0,0.0,0.0,0.0,0.0,0.0,-3428522,-5581260,163429966,-81731,-142299,100031,-0.20521432660705569,-0.3340665489440918,9.78210739791199,-0.01889567942047119,-0.032898609901428226,0.02312652124786377,61,f277fe00,43.51424728998,-79.68338910253,169.1685,-37.1,SOL_COMPUTED,SINGLE,good,2.2554,1.7665,4.6645,22,16,0.0,0.0,0,0,0,0,0,0,0,0,0,—,—,0.0,0.0,0.0,0.0
2026-05-25 11:44:00.978284,1779723840.978284,2420,143055.0,,,,,,,,,,,,,,,,0.0000,,,,0.0,0.0,0.0,0.0,0.0,0.0,0.0,0.0,0.0,-3740774,-4788243,163659179,2266,-96924,-16218,-0.22390418302673343,-0.2866004834957886,9.795826951540224,0.0005238845672607421,-0.02240820291137695,-0.003749496871948242,61,f275fe00,43.51425214717,-79.68340113421,170.8378,-37.1,SOL_COMPUTED,SINGLE,good,2.2561,1.7937,4.7739,22,16,0.0,0.0,0,0,0,0,0,0,0,0,0,—,—,0.0,0.0,0.0,0.0
2026-05-25 11:44:02.027331,1779723842.027331,2420,143056.0,,,,,,,,,,,,,,,,0.0000,,,,0.0,0.0,0.0,0.0,0.0,0.0,0.0,0.0,0.0,-3635861,-6406870,164757218,126117,576531,136441,-0.2176246110574341,-0.38348346976013187,9.861550121458132,0.029157435997009276,0.13329024423980712,0.031544278129577635,61,f273fe00,43.51425502227,-79.68339151716,167.1072,-37.1,SOL_COMPUTED,SINGLE,good,2.2996,1.8576,4.8802,22,17,0.0,0.0,0,0,0,0,0,0,0,0,0,—,—,0.0,0.0,0.0,0.0
2026-05-25 11:44:03.047344,1779723843.047344,2420,143057.0,,,,,,,,,,,,,,,,0.0000,,,,0.0,0.0,0.0,0.0,0.0,0.0,0.0,0.0,0.0,-3432744,-4598903,164699699,235856,346758,17394,-0.20546703459228519,-0.275267529937439,9.858107319325867,0.05452838415527344,0.08016821040344238,0.004021380477905273,61,f271fe00,43.51425696872,-79.68339676228,169.2282,-37.1,SOL_COMPUTED,SINGLE,good,2.2907,1.8251,4.7381,22,17,0.0,0.0,0,0,0,0,0,0,0,0,0,—,—,0.0,0.0,0.0,0.0
2026-05-25 11:44:03.960729,1779723843.960729,2420,143058.0,,,,,,,,,,,,,,,,0.0000,,,,0.0,0.0,0.0,0.0,0.0,0.0,0.0,0.0,0.0,-3851628,-5451266,164758876,139135,-18515,74092,-0.23053935379760745,-0.32628575267883303,9.861649361116944,0.03216711353302002,-0.0042805484390258785,0.01712959194946289,61,f26ffe00,43.51426209443,-79.68339801557,170.1149,-37.1,SOL_COMPUTED,SINGLE,good,2.214,1.8499,4.7764,22,17,0.0,0.0,0,0,0,0,0,0,0,0,0,—,—,0.0,0.0,0.0,0.0
2026-05-25 11:44:04.750024,1779723844.750024,2420,143059.0,,,,,,,,,,,,,,,,0.0000,,,,0.0,0.0,0.0,0.0,0.0,0.0,0.0,0.0,0.0,-2868416,-4843088,166347680,587361,117246,-68454,-0.17168915873046878,-0.2898832332470703,9.956747290478518,0.13579407030487062,0.02710651808166504,-0.015826122756958008,61,f26cfe00,43.51425248726,-79.68339658781,170.8513,-37.1,SOL_COMPUTED,SINGLE,good,2.3792,1.8755,4.842,22,17,0.0,0.0,0,0,0,0,0,0,0,0,0,—,—,0.0,0.0,0.0,0.0
2026-05-25 11:44:05.675764,1779723845.675764,2420,143060.0,,,,,,,,,,,,,,,,0.0000,,,,0.0,0.0,0.0,0.0,0.0,0.0,0.0,0.0,0.0,-4477555,692227,161402363,1025557,-366260,-63844,-0.268004240361023,0.041433275815124515,9.660745136193544,0.2371021558456421,-0.08467694686889649,-0.014760320526123047,61,f26afe00,43.51425226267,-79.68339428137,170.2135,-37.1,SOL_COMPUTED,SINGLE,good,2.2423,1.7583,4.6452,21,16,0.0,0.0,0,0,0,0,0,0,0,0,0,—,—,0.0,0.0,0.0,0.0
2026-05-25 11:44:06.809004,1779723846.809004,2420,143061.0,,,,,,,,,,,,,,,,0.0000,,,,0.0,0.0,0.0,0.0,0.0,0.0,0.0,0.0,0.0,-4190145,-2729447,164322102,212162,213844,117880,-0.2508013028823853,-0.16337116346771244,9.835506235219118,0.049050484359741214,0.04943935189819336,0.027253094787597656,61,f268fe00,43.51425981736,-79.68339968652,168.2041,-37.1,SOL_COMPUTED,SINGLE,good,2.3649,1.8314,4.903,20,15,0.0,0.0,0,0,0,0,0,0,0,0,0,—,—,0.0,0.0,0.0,0.0
2026-05-25 11:44:07.679951,1779723847.679951,2420,143062.0,,,,,,,,,,,,,,,,0.0000,,,,0.0,0.0,0.0,0.0,0.0,0.0,0.0,0.0,0.0,-4062721,-3864627,164632600,-248231,-69530,31303,-0.24317433407379155,-0.23131740948211674,9.854091105895998,-0.057389404243469236,-0.016074887008666994,0.007237051460266113,61,f266fe00,43.51424771253,-79.68339632259,170.6505,-37.1,SOL_COMPUTED,SINGLE,good,2.3637,1.7825,4.8695,22,16,0.0,0.0,0,0,0,0,0,0,0,0,0,—,—,0.0,0.0,0.0,0.0
2026-05-25 11:44:08.853687,1779723848.853687,2420,143063.0,,,,,,,,,,,,,,,,0.0000,,,,0.0,0.0,0.0,0.0,0.0,0.0,0.0,0.0,0.0,-3712937,-4719321,163750080,-139555,52333,51487,-0.22223799823638918,-0.2824751543252564,9.80126783466797,-0.032264214820861815,0.01209905165863037,0.011903461921691895,61,f264fe00,43.51425028685,-79.6833983339,169.3954,-37.1,SOL_COMPUTED,SINGLE,good,2.164,1.7243,4.7558,24,18,0.0,0.0,0,0,0,0,0,0,0,0,0,—,—,0.0,0.0,0.0,0.0
2026-05-25 11:44:09.820591,1779723849.820591,2420,143064.0,,,,,,,,,,,,,,,,0.0000,,,,0.0,0.0,0.0,0.0,0.0,0.0,0.0,0.0,0.0,-3788622,-4228959,164453499,152025,67884,-31080,-0.22676812705261234,-0.2531245164633179,9.843371008107606,0.03514719829559326,0.01569434243774414,-0.0071854953002929685,61,f261fe00,43.51425043763,-79.68339669418,168.2606,-37.1,SOL_COMPUTED,SINGLE,good,2.2863,1.7489,4.8548,24,18,0.0,0.0,0,0,0,0,0,0,0,0,0,—,—,0.0,0.0,0.0,0.0
2026-05-25 11:44:10.707657,1779723850.707657,2420,143065.0,,,,,,,,,,,,,,,,0.0000,,,,0.0,0.0,0.0,0.0,0.0,0.0,0.0,0.0,0.0,-4142758,-4423107,165057286,24810,78167,1868,-0.24796495203063967,-0.2647452530612183,9.879510704052125,0.00573591178894043,0.018071705635070802,0.0004318695373535156,61,f260fe00,43.51425104334,-79.68338892513,167.1852,-37.1,SOL_COMPUTED,SINGLE,good,2.1035,1.5403,4.6545,24,18,0.0,0.0,0,0,0,0,0,0,0,0,0,—,—,0.0,0.0,0.0,0.0
2026-05-25 11:44:11.645761,1779723851.645761,2420,143066.0,,,,,,,,,,,,,,,,0.0000,,,,0.0,0.0,0.0,0.0,0.0,0.0,0.0,0.0,0.0,-3773203,-4367801,163449233,185699,66844,-6751,-0.22584522216766362,-0.2614349101358033,9.783260624996645,0.04293240964508056,0.015453901153564454,-0.0015607876052856446,61,f25dfe00,43.51424903672,-79.68338924027,167.9578,-37.1,SOL_COMPUTED,SINGLE,good,2.0771,1.5346,4.6196,24,18,0.0,0.0,0,0,0,0,0,0,0,0,0,—,—,0.0,0.0,0.0,0.0
2026-05-25 11:44:12.539952,1779723852.539952,2420,143067.0,,,,,,,,,,,,,,,,0.0000,,,,0.0,0.0,0.0,0.0,0.0,0.0,0.0,0.0,0.0,-3140572,-3735533,167912953,1087569,-974029,-472465,-0.1879790674060059,-0.22359048275421145,10.050436770858461,0.25143892980194094,-0.2251892149887085,-0.10923085704803467,61,f25bfe00,43.51424521303,-79.68339101919,169.1894,-37.1,SOL_COMPUTED,SINGLE,good,2.1984,1.5837,4.6341,23,17,0.0,0.0,0,0,0,0,0,0,0,0,0,—,—,0.0,0.0,0.0,0.0
2026-05-25 11:44:13.584284,1779723853.584284,2420,143068.0,,,,,,,,,,,,,,,,0.0000,,,,0.0,0.0,0.0,0.0,0.0,0.0,0.0,0.0,0.0,-3491232,-4914461,164381183,389086,33888,882675,-0.20896783625976564,-0.29415526712432866,9.83904253092621,0.08995417066955566,0.007834686767578125,0.20406876010894776,61,f259fe00,43.51424647316,-79.68337605897,166.6686,-37.1,SOL_COMPUTED,SINGLE,good,2.1163,1.4037,4.2539,22,17,0.0,0.0,0,0,0,0,0,0,0,0,0,—,—,0.0,0.0,0.0,0.0
2026-05-25 11:44:14.514360,1779723854.514360,2420,143069.0,,,,,,,,,,,,,,,,0.0000,,,,0.0,0.0,0.0,0.0,0.0,0.0,0.0,0.0,0.0,-4186660,-4498775,162643959,3910666,-1070742,38047,-0.2505927080627442,-0.2692743643417359,9.735060916304628,0.9041207259979248,-0.24754863606262206,0.008796220710754395,61,f257fe00,43.51424207275,-79.6833728643,168.2332,-37.1,SOL_COMPUTED,SINGLE,good,2.0523,1.3895,4.1839,23,18,0.0,0.0,0,0,0,0,0,0,0,0,0,—,—,0.0,0.0,0.0,0.0
2026-05-25 11:44:15.430689,1779723855.430689,2420,143070.0,,,,,,,,,,,,,,,,0.0000,,,,0.0,0.0,0.0,0.0,0.0,0.0,0.0,0.0,0.0,-3892810,-4212171,165343845,-1313531,-104750,169151,-0.23300430411682133,-0.25211967002655034,9.896662704890444,-0.3036798850479126,-0.024217523574829102,0.03910661890411377,61,f255fe00,43.51424642294,-79.68337351409,165.7161,-37.1,SOL_COMPUTED,SINGLE,good,2.1466,1.4332,4.4169,22,17,0.0,0.0,0,0,0,0,0,0,0,0,0,—,—,0.0,0.0,0.0,0.0
2026-05-25 11:44:16.487016,1779723856.487016,2420,143071.0,,,,,,,,,,,,,,,,0.0000,,,,0.0,0.0,0.0,0.0,0.0,0.0,0.0,0.0,0.0,-3601721,-3975022,163422232,90853,-189102,27061,-0.21558115994049076,-0.23792510678894047,9.781644479020997,0.021004626914978026,-0.0437191612701416,0.006256328453063965,61,f253fe00,43.51424628169,-79.68337494025,165.5608,-37.1,SOL_COMPUTED,SINGLE,good,2.0669,1.3959,4.2361,23,18,0.0,0.0,0,0,0,0,0,0,0,0,0,—,—,0.0,0.0,0.0,0.0
2026-05-25 11:44:17.395847,1779723857.395847,2420,143072.0,,,,,,,,,,,,,,,,0.0000,,,,0.0,0.0,0.0,0.0,0.0,0.0,0.0,0.0,0.0,-2912241,-2909481,165210407,318766,-170882,42307,-0.17431230592437746,-0.1741471060098267,9.888675767862246,0.0736966407623291,-0.03950681492614746,0.009781105201721192,61,f251fe00,43.51424557912,-79.68337537302,165.5003,-37.1,SOL_COMPUTED,SINGLE,good,2.0304,1.3882,4.1931,22,18,0.0,0.0,0,0,0,0,0,0,0,0,0,—,—,0.0,0.0,0.0,0.0
2026-05-25 11:44:18.428482,1779723858.428482,2420,143073.0,,,,,,,,,,,,,,,,0.0000,,,,0.0,0.0,0.0,0.0,0.0,0.0,0.0,0.0,0.0,-3663897,-2526153,163697761,-107826,202379,3117,-0.21930270700103763,-0.1512029926602173,9.798136278751528,-0.024928674911499023,0.046788717933654786,0.0007206302719116211,61,f24efe00,43.514242832,-79.683375118,165.9259,-37.1,SOL_COMPUTED,SINGLE,good,2.0656,1.4055,4.2136,23,18,0.0,0.0,0,0,0,0,0,0,0,0,0,—,—,0.0,0.0,0.0,0.0
2026-05-25 11:44:19.372274,1779723859.372274,2420,143074.0,,,,,,,,,,,,,,,,0.0000,,,,0.0,0.0,0.0,0.0,0.0,0.0,0.0,0.0,0.0,-3412776,-3857306,164350396,-234155,46877,-5017,-0.2042718491235352,-0.23087921072326664,9.837199773763428,-0.05413512393951416,0.010837659690856934,-0.0011598980026245116,61,f24dfe00,43.51424266494,-79.68337384045,164.4544,-37.1,SOL_COMPUTED,SINGLE,good,2.1055,1.4613,4.3821,22,18,0.0,0.0,0,0,0,0,0,0,0,0,0,—,—,0.0,0.0,0.0,0.0
2026-05-25 11:44:20.308509,1779723860.308509,2420,143075.0,,,,,,,,,,,,,,,,0.0000,,,,0.0,0.0,0.0,0.0,0.0,0.0,0.0,0.0,0.0,-3429094,-2315979,164781279,534757,22129,149481,-0.20524856369079592,-0.13862301916717532,9.862990293611757,0.12363236519622803,0.005116081901550293,0.03455904192352295,61,f24afe00,43.51424398177,-79.68337640042,164.9294,-37.1,SOL_COMPUTED,SINGLE,good,2.0234,1.4117,4.1997,24,19,0.0,0.0,0,0,0,0,0,0,0,0,0,—,—,0.0,0.0,0.0,0.0
2026-05-25 11:44:21.401760,1779723861.401760,2420,143076.0,,,,,,,,,,,,,,,,0.0000,,,,0.0,0.0,0.0,0.0,0.0,0.0,0.0,0.0,0.0,-3654767,-3278860,164489833,-286720,49564,41232,-0.21875623047210696,-0.19625630138549807,9.84554578118561,-0.0662878125,0.011458876739501953,0.009532572143554687,61,f248fe00,43.51424482066,-79.68338362245,166.1383,-37.1,SOL_COMPUTED,SINGLE,good,2.0417,1.4317,4.3453,24,19,0.0,0.0,0,0,0,0,0,0,0,0,0,—,—,0.0,0.0,0.0,0.0
2026-05-25 11:44:22.466868,1779723862.466868,2420,143077.0,,,,,,,,,,,,,,,,0.0000,,,,0.0,0.0,0.0,0.0,0.0,0.0,0.0,0.0,0.0,-3334501,-3457007,163592733,19025,50668,4125,-0.1995866957498169,-0.20691929746429447,9.791849823452456,0.004398457145690918,0.01171411441040039,0.0009536733627319336,61,f246fe00,43.51424130727,-79.68337917184,164.8988,-37.1,SOL_COMPUTED,SINGLE,good,2.1003,1.4662,4.4622,23,19,0.0,0.0,0,0,0,0,0,0,0,0,0,—,—,0.0,0.0,0.0,0.0
2026-05-25 11:44:23.428075,1779723863.428075,2420,143078.0,,,,,,,,,,,,,,,,0.0000,,,,0.0,0.0,0.0,0.0,0.0,0.0,0.0,0.0,0.0,-4031023,-3133938,165439511,-274623,-31299,78331,-0.2412770489682007,-0.18758198906066897,9.902388797290955,-0.06349106421661377,-0.007236126686096192,0.018109621376037596,61,f244fe00,43.51423969279,-79.68338014745,164.7454,-37.1,SOL_COMPUTED,SINGLE,good,2.2451,1.5315,4.553,22,18,0.0,0.0,0,0,0,0,0,0,0,0,0,—,—,0.0,0.0,0.0,0.0
2026-05-25 11:44:24.417544,1779723864.417544,2420,143079.0,,,,,,,,,,,,,,,,0.0000,,,,0.0,0.0,0.0,0.0,0.0,0.0,0.0,0.0,0.0,-2858125,-2660481,164003104,47524,29799,63331,-0.17107319049835207,-0.15924320067535402,9.816412596689455,0.010987241912841797,0.006889336372375488,0.014641718238830566,61,f242fe00,43.51423958269,-79.68338146505,164.9004,-37.1,SOL_COMPUTED,SINGLE,good,2.2171,1.5107,4.4547,22,18,0.0,0.0,0,0,0,0,0,0,0,0,0,—,—,0.0,0.0,0.0,0.0
2026-05-25 11:44:25.453099,1779723865.453099,2420,143080.0,,,,,,,,,,,,,,,,0.0000,,,,0.0,0.0,0.0,0.0,0.0,0.0,0.0,0.0,0.0,-3778635,-3423206,164710980,-27775,88283,7073,-0.2261703547531128,-0.20489613720642091,9.858782544049074,-0.00642140064239502,0.02041045951080322,0.0016352319259643555,61,f240fe00,43.5142394444,-79.68338228165,164.7645,-37.1,SOL_COMPUTED,SINGLE,good,2.185,1.4973,4.4057,23,19,0.0,0.0,0,0,0,0,0,0,0,0,0,—,—,0.0,0.0,0.0,0.0
2026-05-25 11:44:26.502052,1779723866.502052,2420,143081.0,,,,,,,,,,,,,,,,0.0000,,,,0.0,0.0,0.0,0.0,0.0,0.0,0.0,0.0,0.0,-2994721,-1967276,163832911,-20030,285706,-4035,-0.17924914974761966,-0.11775138662963869,9.80622568761078,-0.0046308066558837895,0.0660533822479248,-0.0009328659439086914,61,f23efe00,43.51423621865,-79.68337350422,163.3469,-37.1,SOL_COMPUTED,SINGLE,good,2.2508,1.4303,4.3544,23,19,0.0,0.0,0,0,0,0,0,0,0,0,0,—,—,0.0,0.0,0.0,0.0
2026-05-25 11:44:27.275434,1779723867.275434,2420,143082.0,,,,,,,,,,,,,,,,0.0000,,,,0.0,0.0,0.0,0.0,0.0,0.0,0.0,0.0,0.0,-3497712,-2859658,164079935,598591,82604,172885,-0.20935569692871098,-0.17116494827697756,9.821011319383242,0.13839037378692626,0.01909751138305664,0.03996989559173584,61,f23cfe00,43.51423518215,-79.68337335794,163.4782,-37.1,SOL_COMPUTED,SINGLE,good,2.1887,1.3978,4.3066,23,19,0.0,0.0,0,0,0,0,0,0,0,0,0,—,—,0.0,0.0,0.0,0.0
2026-05-25 11:44:28.388930,1779723868.388930,2420,143083.0,,,,,,,,,,,,,,,,0.0000,,,,0.0,0.0,0.0,0.0,0.0,0.0,0.0,0.0,0.0,-3290005,-2762549,164708185,-197767,-50619,22215,-0.1969233858230591,-0.16535248505157474,9.85861524920807,-0.045722453315734865,-0.011702785926818848,0.005135964546203613,61,f23afe00,43.51423628741,-79.68337842396,163.8367,-37.1,SOL_COMPUTED,SINGLE,good,2.1446,1.3752,4.245,24,19,0.0,0.0,0,0,0,0,0,0,0,0,0,—,—,0.0,0.0,0.0,0.0
2026-05-25 11:44:29.359115,1779723869.359115,2420,143084.0,,,,,,,,,,,,,,,,0.0000,,,,0.0,0.0,0.0,0.0,0.0,0.0,0.0,0.0,0.0,-2608029,-2567381,163741262,216843,154706,21327,-0.15610368403839114,-0.15367069631134037,9.800740032911989,0.050132701332092286,0.0357670281829834,0.004930664680480957,61,f238fe00,43.51423522291,-79.68338078701,164.1602,-37.1,SOL_COMPUTED,SINGLE,good,2.2142,1.3834,4.2787,23,19,0.0,0.0,0,0,0,0,0,0,0,0,0,—,—,0.0,0.0,0.0,0.0
2026-05-25 11:44:30.277197,1779723870.277197,2420,143085.0,,,,,,,,,,,,,,,,0.0000,,,,0.0,0.0,0.0,0.0,0.0,0.0,0.0,0.0,0.0,-3115154,-2859536,164753695,116425,236039,78285,-0.18645767196105958,-0.17115764596191407,9.861339252146912,0.026916708183288573,0.054570692573547366,0.018098986473083497,61,f235fe00,43.51423601467,-79.68338083075,163.7635,-37.1,SOL_COMPUTED,SINGLE,good,2.1199,1.3616,4.2029,24,19,0.0,0.0,0,0,0,0,0,0,0,0,0,—,—,0.0,0.0,0.0,0.0
2026-05-25 11:44:31.387935,1779723871.387935,2420,143086.0,,,,,,,,,,,,,,,,0.0000,,,,0.0,0.0,0.0,0.0,0.0,0.0,0.0,0.0,0.0,-3193171,-2798177,163638292,149260,47524,11598,-0.19112738273406985,-0.1674850004702759,9.794576759288331,0.034507948150634765,0.010987241912841797,0.0026813827056884764,61,f233fe00,43.51423559864,-79.68338257676,163.8308,-37.1,SOL_COMPUTED,SINGLE,good,2.1259,1.3616,4.1966,25,19,0.0,0.0,0,0,0,0,0,0,0,0,0,—,—,0.0,0.0,0.0,0.0
2026-05-25 11:44:32.403004,1779723872.403004,2420,143087.0,,,,,,,,,,,,,,,,0.0000,,,,0.0,0.0,0.0,0.0,0.0,0.0,0.0,0.0,0.0,-3421880,-2925579,164197424,-294487,134773,-56997,-0.20481676942138674,-0.17511065246795657,9.828043628354493,-0.0680834927444458,0.031158647300720214,-0.013177338340759277,61,f231fe00,43.5142356095,-79.68338419477,163.515,-37.1,SOL_COMPUTED,SINGLE,good,2.194,1.3658,4.2613,24,19,0.0,0.0,0,0,0,0,0,0,0,0,0,—,—,0.0,0.0,0.0,0.0
2026-05-25 11:44:33.372039,1779723873.372039,2420,143088.0,,,,,,,,,,,,,,,,0.0000,,,,0.0,0.0,0.0,0.0,0.0,0.0,0.0,0.0,0.0,-3604368,-3048834,164495897,-419425,243776,42858,-0.2157395962353516,-0.18248808560852053,9.845908742157288,-0.0969683515548706,0.05635943701171875,0.00990849284362793,61,f22ffe00,43.51423313988,-79.6833837878,163.3706,-37.1,SOL_COMPUTED,SINGLE,good,2.2366,1.3843,4.494,24,19,0.0,0.0,0,0,0,0,0,0,0,0,0,—,—,0.0,0.0,0.0,0.0
2026-05-25 11:44:34.281429,1779723874.281429,2420,143089.0,,,,,,,,,,,,,,,,0.0000,,,,0.0,0.0,0.0,0.0,0.0,0.0,0.0,0.0,0.0,-3785978,-3487790,163670584,650300,-229447,-33128,-0.22660987032287602,-0.2087618152069092,9.796509598288576,0.15034516067504883,-0.05304666474151611,-0.007658979675292969,61,f22dfe00,43.51423170351,-79.6833826597,164.0684,-37.1,SOL_COMPUTED,SINGLE,good,2.2016,1.3827,4.4543,25,19,0.0,0.0,0,0,0,0,0,0,0,0,0,—,—,0.0,0.0,0.0,0.0
2026-05-25 11:44:35.415431,1779723875.415431,2420,143090.0,,,,,,,,,,,,,,,,0.0000,,,,0.0,0.0,0.0,0.0,0.0,0.0,0.0,0.0,0.0,-3386330,-2814642,164191906,149675,51262,13845,-0.20268892269592287,-0.16847051372863772,9.827713348235475,0.03460389347076416,0.011851443374633789,0.0032008745956420897,61,f22bfe00,43.51423024055,-79.6833826138,163.4022,-37.1,SOL_COMPUTED,SINGLE,good,2.1495,1.3527,4.2357,25,19,0.0,0.0,0,0,0,0,0,0,0,0,0,—,—,0.0,0.0,0.0,0.0
2026-05-25 11:44:36.514064,1779723876.514064,2420,143091.0,,,,,,,,,,,,,,,,0.0000,,,,0.0,0.0,0.0,0.0,0.0,0.0,0.0,0.0,0.0,-3927976,-3325770,164770213,-175206,-3235,4976,-0.2351091665063477,-0.19906410138244632,9.862327937722474,-0.04050649580383301,-0.0007479111099243164,0.0011504190673828124,61,f229fe00,43.51422928623,-79.68337830794,162.0545,-37.1,SOL_COMPUTED,SINGLE,good,2.1263,1.3715,4.3088,24,19,0.0,0.0,0,0,0,0,0,0,0,0,0,—,—,0.0,0.0,0.0,0.0
2026-05-25 11:44:37.611809,1779723877.611809,2420,143092.0,,,,,,,,,,,,,,,,0.0000,,,,0.0,0.0,0.0,0.0,0.0,0.0,0.0,0.0,0.0,-2911541,-3260634,163990824,-175822,55131,-64978,-0.17427040739532473,-0.19516538339904788,9.815677576779786,-0.040648911026000975,0.012745931190490722,-0.015022494003295899,61,f227fe00,43.5142298731,-79.68338440068,164.6912,-37.1,SOL_COMPUTED,SINGLE,good,2.1093,1.356,4.2157,24,19,0.0,0.0,0,0,0,0,0,0,0,0,0,—,—,0.0,0.0,0.0,0.0
2026-05-25 11:44:38.568858,1779723878.568858,2420,143093.0,,,,,,,,,,,,,,,,0.0000,,,,0.0,0.0,0.0,0.0,0.0,0.0,0.0,0.0,0.0,-3776193,-4261907,165027548,-239026,122281,4810,-0.22602418874176028,-0.2550966203707886,9.877730734827882,-0.05526126768493653,0.0282705775680542,0.0011120409393310547,61,f224fe00,43.51422841341,-79.68338190068,163.0084,-37.1,SOL_COMPUTED,SINGLE,good,2.1122,1.3668,4.2361,25,19,0.0,0.0,0,0,0,0,0,0,0,0,0,—,—,0.0,0.0,0.0,0.0
2026-05-25 11:44:39.595522,1779723879.595522,2420,143094.0,,,,,,,,,,,,,,,,0.0000,,,,0.0,0.0,0.0,0.0,0.0,0.0,0.0,0.0,0.0,-3279708,-3710795,164545781,-174203,5301,44674,-0.19630705846069338,-0.22210978873748782,9.84889455104767,-0.0402746086807251,0.0012255569686889648,0.01032834031677246,61,f223fe00,43.51422827334,-79.68338135909,161.5888,-37.1,SOL_COMPUTED,SINGLE,good,2.1386,1.3822,4.2816,25,19,0.0,0.0,0,0,0,0,0,0,0,0,0,—,—,0.0,0.0,0.0,0.0
2026-05-25 11:44:40.572921,1779723880.572921,2420,143095.0,,,,,,,,,,,,,,,,0.0000,,,,0.0,0.0,0.0,0.0,0.0,0.0,0.0,0.0,0.0,-3545654,-3532376,163836386,-198833,95248,21919,-0.21222526732849123,-0.21143051208740238,9.806433683880007,-0.045968905632019046,0.022020722534179686,0.0050675312576293945,61,f220fe00,43.51422682302,-79.6833814115,162.4437,-37.1,SOL_COMPUTED,SINGLE,good,2.1383,1.3642,4.1719,25,19,0.0,0.0,0,0,0,0,0,0,0,0,0,—,—,0.0,0.0,0.0,0.0
2026-05-25 11:44:41.430623,1779723881.430623,2420,143096.0,,,,,,,,,,,,,,,,0.0000,,,,0.0,0.0,0.0,0.0,0.0,0.0,0.0,0.0,0.0,-4233582,-2972987,161937055,377366,64884,-104785,-0.25340122632019046,-0.17794826027557376,9.692749148045351,0.08724458235168457,0.015000761810302734,-0.02422561534881592,61,f21efe00,43.51422236068,-79.68337355686,162.2353,-37.1,SOL_COMPUTED,SINGLE,good,2.2352,1.3768,4.2107,23,19,0.0,0.0,0,0,0,0,0,0,0,0,0,—,—,0.0,0.0,0.0,0.0
2026-05-25 11:44:42.590755,1779723882.590755,2420,143097.0,,,,,,,,,,,,,,,,0.0000,,,,0.0,0.0,0.0,0.0,0.0,0.0,0.0,0.0,0.0,-3798761,-5070032,165002017,-683920,-282261,-254522,-0.22737499731842045,-0.30346697578613285,9.876202575763246,-0.1581178875732422,-0.06525692049407959,-0.05884384281921387,61,f21cfe00,43.51422276656,-79.6833734811,161.0216,-37.1,SOL_COMPUTED,SINGLE,good,2.3553,1.4419,4.4366,23,19,0.0,0.0,0,0,0,0,0,0,0,0,0,—,—,0.0,0.0,0.0,0.0
2026-05-25 11:44:43.632120,1779723883.632120,2420,143098.0,,,,,,,,,,,,,,,,0.0000,,,,0.0,0.0,0.0,0.0,0.0,0.0,0.0,0.0,0.0,-3004689,-3054761,163613155,113413,-50687,156407,-0.1798457848013306,-0.18284284643951418,9.793072183110048,0.026220353233337403,-0.01171850708770752,0.036160288398742677,61,f21afe00,43.51422468276,-79.68337867645,163.5159,-37.1,SOL_COMPUTED,SINGLE,good,2.1842,1.3526,4.1899,23,19,0.0,0.0,0,0,0,0,0,0,0,0,0,—,—,0.0,0.0,0.0,0.0
2026-05-25 11:44:44.582596,1779723884.582596,2420,143099.0,,,,,,,,,,,,,,,,0.0000,,,,0.0,0.0,0.0,0.0,0.0,0.0,0.0,0.0,0.0,-3809603,-3340779,163979441,159486,36046,21475,-0.22802394567840578,-0.19996246570037846,9.814996246842348,0.036872133316040036,0.008333602432250977,0.004964881324768067,61,f218fe00,43.51422634556,-79.68338145428,161.8664,-37.1,SOL_COMPUTED,SINGLE,good,2.2869,1.412,4.2891,23,19,0.0,0.0,0,0,0,0,0,0,0,0,0,—,—,0.0,0.0,0.0,0.0
2026-05-25 11:44:45.546223,1779723885.546223,2420,143100.0,,,,,,,,,,,,,,,,0.0000,,,,0.0,0.0,0.0,0.0,0.0,0.0,0.0,0.0,0.0,-3107159,-3120134,164514372,161844,175164,-82303,-0.18597913090423587,-0.18675575006774905,9.847014564049074,0.03741728768920898,0.04049678567504883,-0.01902792212677002,61,f216fe00,43.51422592936,-79.68338173105,162.1408,-37.1,SOL_COMPUTED,SINGLE,good,2.1693,1.3831,4.201,23,19,0.0,0.0,0,0,0,0,0,0,0,0,0,—,—,0.0,0.0,0.0,0.0
2026-05-25 11:44:46.570546,1779723886.570546,2420,143101.0,,,,,,,,,,,,,,,,0.0000,,,,0.0,0.0,0.0,0.0,0.0,0.0,0.0,0.0,0.0,-3614043,-4129301,164259140,251676,-92983,162858,-0.21631869376190188,-0.24715948273712163,9.831737642095948,0.058185865997314457,-0.021497069160461426,0.03765171794128418,61,f214fe00,43.51422367089,-79.68338180433,161.8761,-37.1,SOL_COMPUTED,SINGLE,good,2.3467,1.4044,4.2753,23,19,0.0,0.0,0,0,0,0,0,0,0,0,0,—,—,0.0,0.0,0.0,0.0
2026-05-25 11:44:47.658432,1779723887.658432,2420,143102.0,,,,,,,,,,,,,,,,0.0000,,,,0.0,0.0,0.0,0.0,0.0,0.0,0.0,0.0,0.0,-3711089,-3017366,165122220,-154177,-160224,84470,-0.22212738611968996,-0.1806045671624756,9.88339733131714,-0.035644726799011234,-0.03704275415039063,0.019528918533325196,61,f212fe00,43.51422313705,-79.68337996739,161.7584,-37.1,SOL_COMPUTED,SINGLE,good,2.3429,1.3936,4.3082,23,19,0.0,0.0,0,0,0,0,0,0,0,0,0,—,—,0.0,0.0,0.0,0.0
2026-05-25 11:44:48.626210,1779723888.626210,2420,143103.0,,,,,,,,,,,,,,,,0.0000,,,,0.0,0.0,0.0,0.0,0.0,0.0,0.0,0.0,0.0,-2901773,-3717631,163723352,28620,44159,-51531,-0.17368574334991457,-0.22251895780120853,9.799668029118653,0.006616759185791015,0.01020927564239502,-0.011913634437561035,61,f210fe00,43.5142243142,-79.68337808133,161.6469,-37.1,SOL_COMPUTED,SINGLE,good,2.1981,1.3827,4.2475,24,19,0.0,0.0,0,0,0,0,0,0,0,0,0,—,—,0.0,0.0,0.0,0.0
2026-05-25 11:44:49.672789,1779723889.672789,2420,143104.0,,,,,,,,,,,,,,,,0.0000,,,,0.0,0.0,0.0,0.0,0.0,0.0,0.0,0.0,0.0,-2830075,-3859375,163765561,1204691,704776,83680,-0.1693942565841675,-0.23100305080413822,9.802194450565493,0.2785167798843384,0.16293966009521485,0.019346275634765625,61,f20dfe00,43.51422200856,-79.68337963586,161.9646,-37.1,SOL_COMPUTED,SINGLE,good,2.3194,1.4195,4.3211,24,19,0.0,0.0,0,0,0,0,0,0,0,0,0,—,—,0.0,0.0,0.0,0.0
2026-05-25 11:44:50.657988,1779723890.657988,2420,143105.0,,,,,,,,,,,,,,,,0.0000,,,,0.0,0.0,0.0,0.0,0.0,0.0,0.0,0.0,0.0,-3080991,-2471643,164600886,-38816,30566,-55979,-0.18441284417816164,-0.14794029434783937,9.852192863109742,-0.008974008544921875,0.007066661819458008,-0.01294198331451416,61,f20cfe00,43.51422270375,-79.68337530727,160.9094,-37.1,SOL_COMPUTED,SINGLE,good,2.045,1.4011,4.3348,24,20,0.0,0.0,0,0,0,0,0,0,0,0,0,—,—,0.0,0.0,0.0,0.0
2026-05-25 11:44:51.869285,1779723891.869285,2420,143106.0,,,,,,,,,,,,,,,,0.0000,,,,0.0,0.0,0.0,0.0,0.0,0.0,0.0,0.0,0.0,-3339083,-3397003,164144517,-337307,-100218,-16823,-0.19986095154998781,-0.20332775555389407,9.824876877673647,-0.07798320023345948,-0.023169754440307617,-0.003889368965148926,61,f209fe00,43.5142247878,-79.68337766678,161.4149,-37.1,SOL_COMPUTED,SINGLE,good,2.0016,1.344,4.0438,24,20,0.0,0.0,0,0,0,0,0,0,0,0,0,—,—,0.0,0.0,0.0,0.0
2026-05-25 11:44:52.924574,1779723892.924574,2420,143107.0,,,,,,,,,,,,,,,,0.0000,,,,0.0,0.0,0.0,0.0,0.0,0.0,0.0,0.0,0.0,-3142231,-3300441,164621407,-126538,117598,106523,-0.18807836691986088,-0.19754803303619387,9.853421148416444,-0.029254768478393554,0.027187898208618163,0.024627429725646972,61,f207fe00,43.51422471165,-79.68337776703,160.9172,-37.1,SOL_COMPUTED,SINGLE,good,2.072,1.3856,4.2412,24,20,0.0,0.0,0,0,0,0,0,0,0,0,0,—,—,0.0,0.0,0.0,0.0
2026-05-25 11:44:53.875114,1779723893.875114,2420,143108.0,,,,,,,,,,,,,,,,0.0000,,,,0.0,0.0,0.0,0.0,0.0,0.0,0.0,0.0,0.0,-4023353,-4066481,164154772,-266515,10978,-35753,-0.24081796079986575,-0.24339938902984623,9.82549069112427,-0.06161654697418213,0.002538042709350586,-0.008265862724304199,61,f205fe00,43.51422050266,-79.68338170525,161.9642,-37.1,SOL_COMPUTED,SINGLE,good,2.3555,1.3905,4.2173,24,20,0.0,0.0,0,0,0,0,0,0,0,0,0,—,—,0.0,0.0,0.0,0.0
2026-05-25 11:44:54.787699,1779723894.787699,2420,143109.0,,,,,,,,,,,,,,,,0.0000,,,,0.0,0.0,0.0,0.0,0.0,0.0,0.0,0.0,0.0,-3198372,-3650913,163698133,201978,-36172,-47301,-0.19143868880493167,-0.21852554914215092,9.798158544826967,0.04669600932312012,-0.008362732818603516,-0.010935685752868652,61,f203fe00,43.51422329579,-79.68337715886,160.7283,-37.1,SOL_COMPUTED,SINGLE,good,2.0833,1.3075,4.0032,23,20,0.0,0.0,0,0,0,0,0,0,0,0,0,—,—,0.0,0.0,0.0,0.0
2026-05-25 11:44:55.763856,1779723895.763856,2420,143110.0,,,,,,,,,,,,,,,,0.0000,,,,0.0,0.0,0.0,0.0,0.0,0.0,0.0,0.0,0.0,-3677277,-3519733,164815459,33676,368877,39609,-0.2201035674563599,-0.2106737647976685,9.86503613893036,0.007785673736572266,0.08528198036956787,0.009157345024108888,61,f201fe00,43.51422078916,-79.68338205138,161.8401,-37.1,SOL_COMPUTED,SINGLE,good,2.2744,1.3894,4.2184,23,19,0.0,0.0,0,0,0,0,0,0,0,0,0,—,—,0.0,0.0,0.0,0.0
2026-05-25 11:44:56.759478,1779723896.759478,2420,143111.0,,,,,,,,,,,,,,,,0.0000,,,,0.0,0.0,0.0,0.0,0.0,0.0,0.0,0.0,0.0,-3014547,-3335374,163336088,152092,-113603,41025,-0.1804358358004761,-0.19963894920104983,9.776488326325685,0.03516268826293945,-0.02626428000640869,0.009484715080261231,61,f1fffe00,43.51422309564,-79.6833795209,160.9421,-37.1,SOL_COMPUTED,SINGLE,good,2.0946,1.3447,4.203,23,19,0.0,0.0,0,0,0,0,0,0,0,0,0,—,—,0.0,0.0,0.0,0.0
2026-05-25 11:44:57.810177,1779723897.810177,2420,143112.0,,,,,,,,,,,,,,,,0.0000,,,,0.0,0.0,0.0,0.0,0.0,0.0,0.0,0.0,0.0,-3578652,-3667251,164316617,147586,81292,-5880,-0.21420036398803713,-0.21950346081024172,9.835177930316469,0.034120930160522464,0.018794185455322264,-0.0013594180297851562,61,f1fdfe00,43.51422281907,-79.68338144924,161.3653,-37.1,SOL_COMPUTED,SINGLE,good,2.1624,1.3578,4.1203,24,20,0.0,0.0,0,0,0,0,0,0,0,0,0,—,—,0.0,0.0,0.0,0.0
2026-05-25 11:44:58.761174,1779723898.761174,2420,143113.0,,,,,,,,,,,,,,,,0.0000,,,,0.0,0.0,0.0,0.0,0.0,0.0,0.0,0.0,0.0,-3181265,-1374788,164280577,157564,64188,11777,-0.19041474860992436,-0.08228799279907227,9.833020754620668,0.03642777932739258,0.014839851104736328,0.0027227663497924803,61,f1fbfe00,43.51422384699,-79.68338007971,160.9664,-37.1,SOL_COMPUTED,SINGLE,good,2.0953,1.3263,4.0673,24,20,0.0,0.0,0,0,0,0,0,0,0,0,0,—,—,0.0,0.0,0.0,0.0
2026-05-25 11:44:59.673040,1779723899.673040,2420,143114.0,,,,,,,,,,,,,,,,0.0000,,,,0.0,0.0,0.0,0.0,0.0,0.0,0.0,0.0,0.0,-3800181,-3295940,163177772,13480,312391,-47693,-0.227459991477356,-0.1972786254943848,9.767012315574952,0.003116488952636719,0.07222278192901611,-0.011026313621520996,61,f1f9fe00,43.5142239907,-79.68337827151,160.5167,-37.1,SOL_COMPUTED,SINGLE,good,2.0336,1.3087,4.0633,24,20,0.0,0.0,0,0,0,0,0,0,0,0,0,—,—,0.0,0.0,0.0,0.0
2026-05-25 11:45:00.639647,1779723900.639647,2420,143115.0,,,,,,,,,,,,,,,,0.0000,,,,0.0,0.0,0.0,0.0,0.0,0.0,0.0,0.0,0.0,-3218922,-5023122,163382265,-2728589,346728,-102767,-0.19266870990783694,-0.3006591757891846,9.77925225257721,-0.6308321568832398,0.08016127459716797,-0.02375906678009033,61,f1f7fe00,43.51422871989,-79.68337373054,162.8591,-37.1,SOL_COMPUTED,SINGLE,good,2.2044,1.3729,4.1133,24,20,0.0,0.0,0,0,0,0,0,0,0,0,0,—,—,0.0,0.0,0.0,0.0
2026-05-25 11:45:01.702151,1779723901.702151,2420,143116.0,,,,,,,,,,,,,,,,0.0000,,,,0.0,0.0,0.0,0.0,0.0,0.0,0.0,0.0,0.0,-3761380,-5066231,165116656,-488611,12449,59639,-0.22513755601196292,-0.3032394667733765,9.883064297866213,-0.11296370798492432,0.0028781284103393556,0.013788151679992675,61,f1f5fe00,43.51422977728,-79.68337338693,162.6449,-37.1,SOL_COMPUTED,SINGLE,good,2.1027,1.399,4.1234,24,20,0.0,0.0,0,0,0,0,0,0,0,0,0,—,—,0.0,0.0,0.0,0.0
2026-05-25 11:45:02.676661,1779723902.676661,2420,143117.0,,,,,,,,,,,,,,,,0.0000,,,,0.0,0.0,0.0,0.0,0.0,0.0,0.0,0.0,0.0,-2878223,-3936124,163073268,195310,54434,115009,-0.17227615712249758,-0.23559686538452151,9.760757224317627,0.04515441078186035,0.012584789291381836,0.02658933812713623,61,f1f3fe00,43.51423244108,-79.68337958036,163.3626,-37.1,SOL_COMPUTED,SINGLE,good,2.0629,1.4113,4.1272,24,20,0.0,0.0,0,0,0,0,0,0,0,0,0,—,—,0.0,0.0,0.0,0.0
2026-05-25 11:45:03.634038,1779723903.634038,2420,143118.0,,,,,,,,,,,,,,,,0.0000,,,,0.0,0.0,0.0,0.0,0.0,0.0,0.0,0.0,0.0,-3870516,-4100348,164447821,-58800,23811,24219,-0.23166989582153324,-0.24542649972045902,9.843031151181947,-0.013594180297851562,0.005504949440002441,0.005599276405334473,61,f1f1fe00,43.51423349074,-79.68337703878,162.7287,-37.1,SOL_COMPUTED,SINGLE,good,2.0374,1.4084,4.0993,24,20,0.0,0.0,0,0,0,0,0,0,0,0,0,—,—,0.0,0.0,0.0,0.0
2026-05-25 11:45:04.574933,1779723904.574933,2420,143119.0,,,,,,,,,,,,,,,,0.0000,,,,0.0,0.0,0.0,0.0,0.0,0.0,0.0,0.0,0.0,-3271083,-4062974,164813731,-65078,28626,56244,-0.1957908087277222,-0.24318947739929203,9.86493270941864,-0.015045613357543945,0.006618146347045898,0.013003249603271485,61,f1effe00,43.51423425582,-79.68337445586,161.9528,-37.1,SOL_COMPUTED,SINGLE,good,2.0382,1.4162,4.1213,24,20,0.0,0.0,0,0,0,0,0,0,0,0,0,—,—,0.0,0.0,0.0,0.0
2026-05-25 11:45:05.489767,1779723905.489767,2420,143120.0,,,,,,,,,,,,,,,,0.0000,,,,0.0,0.0,0.0,0.0,0.0,0.0,0.0,0.0,0.0,-3832154,-4445045,163859192,97141,39641,26394,-0.22937373671936037,-0.26605835296173097,9.807798737956544,0.022458371910095216,0.009164743217468262,0.006102122360229492,61,f1edfe00,43.51423486052,-79.68336941091,161.9522,-37.1,SOL_COMPUTED,SINGLE,good,2.0496,1.4344,4.17,24,20,0.0,0.0,0,0,0,0,0,0,0,0,0,—,—,0.0,0.0,0.0,0.0
2026-05-25 11:45:06.467100,1779723906.467100,2420,143121.0,,,,,,,,,,,,,,,,0.0000,,,,0.0,0.0,0.0,0.0,0.0,0.0,0.0,0.0,0.0,-3259751,-3335903,164383180,109696,-77209,-44800,-0.19511253139739992,-0.19967061251800539,9.839162061444092,0.0253610068359375,-0.01785022222137451,-0.010357470703125,61,f1eafe00,43.5142341021,-79.68337401361,163.7195,-37.1,SOL_COMPUTED,SINGLE,good,2.1102,1.4537,4.2337,24,20,0.0,0.0,0,0,0,0,0,0,0,0,0,—,—,0.0,0.0,0.0,0.0
2026-05-25 11:45:07.488867,1779723907.488867,2420,143122.0,,,,,,,,,,,,,,,,0.0000,,,,0.0,0.0,0.0,0.0,0.0,0.0,0.0,0.0,0.0,-3842583,-4477057,163904783,-5478,-3560,-1329,-0.22999796494720462,-0.267974432550354,9.810527589153748,-0.0012664782257080078,-0.0008230490112304688,-0.00030725621795654295,61,f1e9fe00,43.51423961812,-79.68337325796,163.1349,-37.1,SOL_COMPUTED,SINGLE,good,2.0118,1.462,4.1221,23,19,0.0,0.0,0,0,0,0,0,0,0,0,0,—,—,0.0,0.0,0.0,0.0
2026-05-25 11:45:08.440255,1779723908.440255,2420,143123.0,,,,,,,,,,,,,,,,0.0000,,,,0.0,0.0,0.0,0.0,0.0,0.0,0.0,0.0,0.0,-3286432,-4107579,163618381,31688,56121,105013,-0.19670952375976566,-0.24585931152557378,9.793384985556948,0.007326060974121093,0.012974812797546387,0.024278327476501466,61,f1e6fe00,43.51423806723,-79.68337694923,163.7555,-37.1,SOL_COMPUTED,SINGLE,good,2.0614,1.4755,4.128,23,19,0.0,0.0,0,0,0,0,0,0,0,0,0,—,—,0.0,0.0,0.0,0.0
2026-05-25 11:45:09.327521,1779723909.327521,2420,143124.0,,,,,,,,,,,,,,,,0.0000,,,,0.0,0.0,0.0,0.0,0.0,0.0,0.0,0.0,0.0,-3483407,-4438419,164633846,55216,-33447,64859,-0.2084994705599976,-0.2656617534567261,9.854165685277712,0.012765582641601563,-0.007732730415344238,0.014994981971740722,61,f1e5fe00,43.51423870118,-79.68337565652,163.8776,-37.1,SOL_COMPUTED,SINGLE,good,2.0151,1.4628,4.0923,23,19,0.0,0.0,0,0,0,0,0,0,0,0,0,—,—,0.0,0.0,0.0,0.0
2026-05-25 11:45:10.299701,1779723910.299701,2420,143125.0,,,,,,,,,,,,,,,,0.0000,,,,0.0,0.0,0.0,0.0,0.0,0.0,0.0,0.0,0.0,-2698566,-4909932,164075728,362777,-5933,142703,-0.16152277993103029,-0.2938841836413575,9.820759509223635,0.08387169976043701,-0.0013716712875366211,0.03299201209259033,61,f1e2fe00,43.51425408252,-79.68338100043,162.0859,-37.1,SOL_COMPUTED,SINGLE,good,2.0118,1.448,4.0266,23,19,0.0,0.0,0,0,0,0,0,0,0,0,0,—,—,0.0,0.0,0.0,0.0
2026-05-25 11:45:11.359442,1779723911.359442,2420,143126.0,,,,,,,,,,,,,,,,0.0000,,,,0.0,0.0,0.0,0.0,0.0,0.0,0.0,0.0,0.0,-3406657,-4632448,164284671,150522,158783,123283,-0.2039055961245728,-0.27727536730468755,9.833265801160584,0.034799714401245116,0.03670960425567627,0.028502233497619628,61,f1e0fe00,43.51424510587,-79.68338563524,159.7976,-37.1,SOL_COMPUTED,SINGLE,good,2.093,1.461,4.107,23,19,0.0,0.0,0,0,0,0,0,0,0,0,0,—,—,0.0,0.0,0.0,0.0
2026-05-25 11:45:12.329579,1779723912.329579,2420,143127.0,,,,,,,,,,,,,,,,0.0000,,,,0.0,0.0,0.0,0.0,0.0,0.0,0.0,0.0,0.0,-3435654,-3555929,164298139,-163537,166551,32414,-0.20564121276306155,-0.2128402778799439,9.83407192885956,-0.037808698356628416,0.03850551569366455,0.007493907485961914,61,f1defe00,43.51424177395,-79.68338558317,159.8188,-37.1,SOL_COMPUTED,SINGLE,good,2.179,1.5591,4.221,23,19,0.0,0.0,0,0,0,0,0,0,0,0,0,—,—,0.0,0.0,0.0,0.0
2026-05-25 11:45:13.344565,1779723913.344565,2420,143128.0,,,,,,,,,,,,,,,,0.0000,,,,0.0,0.0,0.0,0.0,0.0,0.0,0.0,0.0,0.0,-3233289,-3960672,163789025,150014,26865,1359,-0.19352864728912356,-0.2370661869433594,9.803598889259339,0.03468226808166504,0.006211014518737793,0.000314192024230957,61,f1dcfe00,43.51424493648,-79.68338590697,159.4274,-37.1,SOL_COMPUTED,SINGLE,good,2.0916,1.4367,4.0844,23,19,0.0,0.0,0,0,0,0,0,0,0,0,0,—,—,0.0,0.0,0.0,0.0
2026-05-25 11:45:14.297766,1779723914.297766,2420,143129.0,,,,,,,,,,,,,,,,0.0000,,,,0.0,0.0,0.0,0.0,0.0,0.0,0.0,0.0,0.0,-3732879,-4413752,164523844,5917,3474,2399,-0.2234316274740601,-0.26418530914794924,9.847581511002199,0.0013679721908569336,0.0008031663665771484,0.0005546333084106446,61,f1dafe00,43.51424247607,-79.68339424893,161.4451,-37.1,SOL_COMPUTED,SINGLE,good,2.1268,1.4754,4.2484,23,19,0.0,0.0,0,0,0,0,0,0,0,0,0,—,—,0.0,0.0,0.0,0.0
2026-05-25 11:45:15.244514,1779723915.244514,2420,143130.0,,,,,,,,,,,,,,,,0.0000,,,,0.0,0.0,0.0,0.0,0.0,0.0,0.0,0.0,0.0,-2909937,-3924360,164333543,25461,-1689,-12460,-0.17417439990875247,-0.23489273067626956,9.836191036748964,0.0058864187850952146,-0.0003904858932495117,-0.0028806715393066406,61,f1d8fe00,43.51424370174,-79.68339273212,161.4277,-37.1,SOL_COMPUTED,SINGLE,good,2.107,1.4417,4.1944,23,19,0.0,0.0,0,0,0,0,0,0,0,0,0,—,—,0.0,0.0,0.0,0.0
2026-05-25 11:45:16.362234,1779723916.362234,2420,143131.0,,,,,,,,,,,,,,,,0.0000,,,,0.0,0.0,0.0,0.0,0.0,0.0,0.0,0.0,0.0,-3774760,-4135836,164787485,77728,-31875,-15521,-0.22593841646728519,-0.24755063543334965,9.86336175399933,0.017970211669921875,-0.007369294166564942,-0.0035883549728393553,61,f1d6fe00,43.51424503254,-79.68338779453,160.5121,-37.1,SOL_COMPUTED,SINGLE,good,2.1262,1.4176,4.0942,23,19,0.0,0.0,0,0,0,0,0,0,0,0,0,—,—,0.0,0.0,0.0,0.0
2026-05-25 11:45:17.418610,1779723917.418610,2420,143132.0,,,,,,,,,,,,,,,,0.0000,,,,0.0,0.0,0.0,0.0,0.0,0.0,0.0,0.0,0.0,-3274885,-3716905,163928767,-20600,70621,-30286,-0.19601837759552004,-0.2224755030410767,9.811963152469179,-0.004762586975097656,0.016327119163513183,-0.007001927627563477,61,f1d4fe00,43.51424447298,-79.6833840952,159.1576,-37.1,SOL_COMPUTED,SINGLE,good,2.0941,1.4185,4.1065,23,19,0.0,0.0,0,0,0,0,0,0,0,0,0,—,—,0.0,0.0,0.0,0.0
2026-05-25 11:45:18.494772,1779723918.494772,2420,143133.0,,,,,,,,,,,,,,,,0.0000,,,,0.0,0.0,0.0,0.0,0.0,0.0,0.0,0.0,0.0,-3278897,-3904279,164371045,84686,-80000,45526,-0.19625851602203373,-0.23369078158782963,9.838435720515443,0.019578856338500976,-0.0184954833984375,0.01052531721496582,61,f1d2fe00,43.51424374362,-79.68338226622,158.7004,-37.1,SOL_COMPUTED,SINGLE,good,2.1559,1.4248,4.1343,23,19,0.0,0.0,0,0,0,0,0,0,0,0,0,—,—,0.0,0.0,0.0,0.0
2026-05-25 11:45:19.595141,1779723919.595141,2420,143134.0,,,,,,,,,,,,,,,,0.0000,,,,0.0,0.0,0.0,0.0,0.0,0.0,0.0,0.0,0.0,-3338759,-3889404,164973899,-115700,45052,7096,-0.19984155851654056,-0.232800437845459,9.874519571706239,-0.026749092864990234,0.010415731475830078,0.0016405493774414063,61,f1d0fe00,43.51424419737,-79.68338579321,159.7602,-37.1,SOL_COMPUTED,SINGLE,good,2.1838,1.415,4.0941,23,19,0.0,0.0,0,0,0,0,0,0,0,0,0,—,—,0.0,0.0,0.0,0.0
2026-05-25 11:45:20.726075,1779723920.726075,2420,143135.0,,,,,,,,,,,,,,,,0.0000,,,,0.0,0.0,0.0,0.0,0.0,0.0,0.0,0.0,0.0,-3384188,-4086928,163809547,94058,-57066,-5592,-0.2025607131970215,-0.2446232450634766,9.804827234421083,0.02174560221862793,-0.01319329069519043,-0.0012928342895507812,61,f1cefe00,43.51424489124,-79.68338665525,159.7149,-37.1,SOL_COMPUTED,SINGLE,good,2.156,1.407,4.0705,23,19,0.0,0.0,0,0,0,0,0,0,0,0,0,—,—,0.0,0.0,0.0,0.0
2026-05-25 11:45:21.678661,1779723921.678661,2420,143136.0,,,,,,,,,,,,,,,,0.0000,,,,0.0,0.0,0.0,0.0,0.0,0.0,0.0,0.0,0.0,-3533434,-3920938,164442976,-217917,127585,-10646,-0.2114938387213135,-0.2346879067242432,9.84274115350586,-0.05038100319671631,0.029496828117370606,-0.00246128645324707,61,f1ccfe00,43.51424504364,-79.68338818346,159.8251,-37.1,SOL_COMPUTED,SINGLE,good,2.1576,1.3942,4.0207,23,19,0.0,0.0,0,0,0,0,0,0,0,0,0,—,—,0.0,0.0,0.0,0.0
2026-05-25 11:45:22.594657,1779723922.594657,2420,143137.0,,,,,,,,,,,,,,,,0.0000,,,,0.0,0.0,0.0,0.0,0.0,0.0,0.0,0.0,0.0,-3472219,-4004171,163694096,-122282,-99058,-10372,-0.20782981235565187,-0.23966982139373783,9.797916910024416,-0.02827080876159668,-0.022901569931030274,-0.0023979394226074217,61,f1c9fe00,43.51424708354,-79.68338630247,159.3689,-37.1,SOL_COMPUTED,SINGLE,good,2.0594,1.3904,4.0014,23,19,0.0,0.0,0,0,0,0,0,0,0,0,0,—,—,0.0,0.0,0.0,0.0
2026-05-25 11:45:23.591531,1779723923.591531,2420,143138.0,,,,,,,,,,,,,,,,0.0000,,,,0.0,0.0,0.0,0.0,0.0,0.0,0.0,0.0,0.0,-3248958,-3714057,164249395,-5146,-3087,-126415,-0.19446651593444828,-0.22230503588287356,9.831154354716492,-0.001189721969604492,-0.000713694465637207,-0.029226331672668457,61,f1c8fe00,43.51424824115,-79.68338791303,159.9181,-37.1,SOL_COMPUTED,SINGLE,good,1.9644,1.3692,3.9354,23,19,0.0,0.0,0,0,0,0,0,0,0,0,0,—,—,0.0,0.0,0.0,0.0
2026-05-25 11:45:24.466646,1779723924.466646,2420,143139.0,,,,,,,,,,,,,,,,0.0000,,,,0.0,0.0,0.0,0.0,0.0,0.0,0.0,0.0,0.0,-3362224,-4844771,164368617,167138,25284,25249,-0.20124605706542972,-0.28998396928192144,9.838290392474672,0.03864122630310059,0.005845497528076172,0.005837405754089356,61,f1c5fe00,43.51425608072,-79.68339172043,157.9355,-37.1,SOL_COMPUTED,SINGLE,good,2.0338,1.4024,4.1677,22,18,0.0,0.0,0,0,0,0,0,0,0,0,0,—,—,0.0,0.0,0.0,0.0
2026-05-25 11:45:25.404371,1779723925.404371,2420,143140.0,,,,,,,,,,,,,,,,0.0000,,,,0.0,0.0,0.0,0.0,0.0,0.0,0.0,0.0,0.0,-3190184,-3988026,165158094,17565,66641,42289,-0.19094859572509768,-0.23870346174865725,9.885544571076052,0.004060914573669434,0.015406968864440918,0.009776943717956543,61,f1c4fe00,43.51424544943,-79.68338544057,160.1426,-37.1,SOL_COMPUTED,SINGLE,good,2.0186,1.3953,4.1068,23,19,0.0,0.0,0,0,0,0,0,0,0,0,0,—,—,0.0,0.0,0.0,0.0
2026-05-25 11:45:26.572792,1779723926.572792,2420,143141.0,,,,,,,,,,,,,,,,0.0000,,,,0.0,0.0,0.0,0.0,0.0,0.0,0.0,0.0,0.0,-3040227,-3539930,163918784,134745,55007,-39347,-0.18197291326629642,-0.21188265707092288,9.811365619589845,0.031152173881530763,0.012717263191223144,-0.009096772315979005,61,f1c1fe00,43.51424560691,-79.68338432975,160.2209,-37.1,SOL_COMPUTED,SINGLE,good,1.9709,1.3713,3.9743,23,19,0.0,0.0,0,0,0,0,0,0,0,0,0,—,—,0.0,0.0,0.0,0.0
2026-05-25 11:45:27.531835,1779723927.531835,2420,143142.0,,,,,,,,,,,,,,,,0.0000,,,,0.0,0.0,0.0,0.0,0.0,0.0,0.0,0.0,0.0,-3524149,-3778954,164993272,-107892,73483,16924,-0.21093808466094974,-0.22618944851135256,9.875679143425295,-0.024943933685302736,0.016988795082092285,0.003912719512939453,61,f1c0fe00,43.51424390614,-79.68338390145,160.895,-37.1,SOL_COMPUTED,SINGLE,good,2.0255,1.3767,3.9711,23,19,0.0,0.0,0,0,0,0,0,0,0,0,0,—,—,0.0,0.0,0.0,0.0
2026-05-25 11:45:28.526583,1779723928.526583,2420,143143.0,,,,,,,,,,,,,,,,0.0000,,,,0.0,0.0,0.0,0.0,0.0,0.0,0.0,0.0,0.0,-2894715,-3984463,163733203,-641422,16716,18211,-0.17326328646698,-0.23849019823577886,9.800257661132509,-0.14829262440490723,0.0038646312561035154,0.0042102656021118165,61,f1bdfe00,43.51424478287,-79.68338695919,162.4452,-37.1,SOL_COMPUTED,SINGLE,good,1.9285,1.3594,3.8794,23,19,0.0,0.0,0,0,0,0,0,0,0,0,0,—,—,0.0,0.0,0.0,0.0
2026-05-25 11:45:29.480698,1779723929.480698,2420,143144.0,,,,,,,,,,,,,,,,0.0000,,,,0.0,0.0,0.0,0.0,0.0,0.0,0.0,0.0,0.0,-3137543,-5035718,164184333,-829565,-71689,-3413,-0.18779776648529056,-0.3014131098919678,9.827260066006167,-0.19179007106781007,-0.016574033866882325,-0.0007890635604858398,61,f1bbfe00,43.51424310865,-79.68338883661,163.0496,-37.1,SOL_COMPUTED,SINGLE,good,1.9361,1.3561,3.8857,23,19,0.0,0.0,0,0,0,0,0,0,0,0,0,—,—,0.0,0.0,0.0,0.0
2026-05-25 11:45:30.566491,1779723930.566491,2420,143145.0,,,,,,,,,,,,,,,,0.0000,,,,0.0,0.0,0.0,0.0,0.0,0.0,0.0,0.0,0.0,-3143417,-4371364,164150280,140164,25838,68868,-0.1881493549990845,-0.2616481736486817,9.825221822277834,0.03240501168823242,0.005973578750610352,0.015921836883544923,61,f1b9fe00,43.51424181721,-79.68338930761,163.6205,-37.1,SOL_COMPUTED,SINGLE,good,1.968,1.3525,3.8801,23,19,0.0,0.0,0,0,0,0,0,0,0,0,0,—,—,0.0,0.0,0.0,0.0
2026-05-25 11:45:31.584307,1779723931.584307,2420,143146.0,,,,,,,,,,,,,,,,0.0000,,,,0.0,0.0,0.0,0.0,0.0,0.0,0.0,0.0,0.0,-3538270,-3813626,164236579,-152776,48741,6505,-0.2117832977020264,-0.228264742510376,9.830387252504579,-0.03532082464599609,0.011268604454040527,0.0015039139938354492,61,f1b7fe00,43.51424051037,-79.68338516192,162.9405,-37.1,SOL_COMPUTED,SINGLE,good,1.9658,1.3542,3.8734,23,19,0.0,0.0,0,0,0,0,0,0,0,0,0,—,—,0.0,0.0,0.0,0.0
2026-05-25 11:45:32.502893,1779723932.502893,2420,143147.0,,,,,,,,,,,,,,,,0.0000,,,,0.0,0.0,0.0,0.0,0.0,0.0,0.0,0.0,0.0,-3494637,-3961007,163241315,-167257,134795,-23555,-0.20917164267608646,-0.23708623838226323,9.770815684477235,-0.03866873833465576,0.031163733558654785,-0.005445763893127441,61,f1b5fe00,43.5142420935,-79.68338325699,162.1882,-37.1,SOL_COMPUTED,SINGLE,good,1.9378,1.3365,3.8269,23,20,0.0,0.0,0,0,0,0,0,0,0,0,0,—,—,0.0,0.0,0.0,0.0
2026-05-25 11:45:33.502658,1779723933.502658,2420,143148.0,,,,,,,,,,,,,,,,0.0000,,,,0.0,0.0,0.0,0.0,0.0,0.0,0.0,0.0,0.0,-3023096,-4000572,164181915,-86915,59662,43341,-0.180947536550293,-0.23945440309936528,9.82711533651581,-0.02009418674468994,0.013793469131469727,0.010020159324645997,61,f1b3fe00,43.5142441123,-79.68338310093,162.8461,-37.1,SOL_COMPUTED,SINGLE,good,1.9569,1.3344,3.8521,23,20,0.0,0.0,0,0,0,0,0,0,0,0,0,STATISTICANALYSIS,L5,1.379,0.384,0.5,0.53
2026-05-25 11:45:34.451746,1779723934.451746,2420,143149.0,,,,,,,,,,,,,,,,0.0000,,,,0.0,0.0,0.0,0.0,0.0,0.0,0.0,0.0,0.0,-3252907,-3783409,164907571,-9286,-13028,-15741,-0.1947028834933472,-0.22645610272125247,9.870549506513369,-0.002146863235473633,-0.003011989471435547,-0.0036392175521850587,61,f1b1fe00,43.51424056515,-79.68338396332,161.6798,-37.1,SOL_COMPUTED,SINGLE,good,1.9285,1.3267,3.8196,23,20,0.0,0.0,0,0,0,0,0,0,0,0,0,—,—,0.0,0.0,0.0,0.0
2026-05-25 11:45:35.331542,1779723935.331542,2420,143150.0,,,,,,,,,,,,,,,,0.0000,,,,0.0,0.0,0.0,0.0,0.0,0.0,0.0,0.0,0.0,-3239818,-4070565,164119472,-19308,23175,75297,-0.19391944085510257,-0.2436438370193482,9.823377808159181,-0.004463884918212891,0.005357910346984863,0.017408180168151856,61,f1affe00,43.51424008286,-79.68338252302,161.5696,-37.1,SOL_COMPUTED,SINGLE,good,1.9668,1.3271,3.8312,23,20,0.0,0.0,0,0,0,0,0,0,0,0,0,—,—,0.0,0.0,0.0,0.0
2026-05-25 11:45:36.372651,1779723936.372651,2420,143151.0,,,,,,,,,,,,,,,,0.0000,,,,0.0,0.0,0.0,0.0,0.0,0.0,0.0,0.0,0.0,-3406517,-4193001,164119338,149808,-78991,-33659,-0.20389721641876224,-0.25097224888092046,9.82336978758362,0.03463464221191406,-0.018262209114074706,-0.007781743446350097,61,f1adfe00,43.51424030375,-79.68337982681,161.8716,-37.1,SOL_COMPUTED,SINGLE,good,2.005,1.3408,3.8714,24,20,0.0,0.0,0,0,0,0,0,0,0,0,0,—,—,0.0,0.0,0.0,0.0
2026-05-25 11:45:37.555306,1779723937.555306,2420,143152.0,,,,,,,,,,,,,,,,0.0000,,,,0.0,0.0,0.0,0.0,0.0,0.0,0.0,0.0,0.0,-3493516,-3601135,165145723,-84305,35171,-9717,-0.20910454517456056,-0.21554608488616947,9.884804104357606,-0.019490771598815917,0.008131308082580566,-0.002246507652282715,61,f1abfe00,43.51423763598,-79.68337845731,161.7659,-37.1,SOL_COMPUTED,SINGLE,good,2.021,1.3412,3.8796,24,20,0.0,0.0,0,0,0,0,0,0,0,0,0,—,—,0.0,0.0,0.0,0.0
2026-05-25 11:45:38.502916,1779723938.502916,2420,143153.0,,,,,,,,,,,,,,,,0.0000,,,,0.0,0.0,0.0,0.0,0.0,0.0,0.0,0.0,0.0,-3045282,-3983032,163811834,51554,41035,-45769,-0.18227548050109865,-0.23840454567138675,9.804964122901003,0.011918951889038087,0.009487027015686034,-0.010581497245788574,61,f1a9fe00,43.51424050555,-79.68338015101,161.4486,-37.1,SOL_COMPUTED,SINGLE,good,1.8909,1.311,3.7723,24,20,0.0,0.0,0,0,0,0,0,0,0,0,0,—,—,0.0,0.0,0.0,0.0
2026-05-25 11:45:39.392120,1779723939.392120,2420,143154.0,,,,,,,,,,,,,,,,0.0000,,,,0.0,0.0,0.0,0.0,0.0,0.0,0.0,0.0,0.0,-3326038,-3591284,165067658,-396964,69280,-26548,-0.19908014253356937,-0.2149564528723145,9.880131520542603,-0.09177551339721679,0.016017088623046877,-0.006137726165771485,61,f1a7fe00,43.51423977581,-79.68337789158,162.0825,-37.1,SOL_COMPUTED,SINGLE,good,1.9556,1.3293,3.8323,25,20,0.0,0.0,0,0,0,0,0,0,0,0,0,—,—,0.0,0.0,0.0,0.0
2026-05-25 11:45:40.393892,1779723940.393892,2420,143155.0,,,,,,,,,,,,,,,,0.0000,,,,0.0,0.0,0.0,0.0,0.0,0.0,0.0,0.0,0.0,-3253937,-4309120,164511271,-209565,75041,6305,-0.1947645341860962,-0.25792255644531253,9.84682895356537,-0.04845007472991943,0.017348994621276856,0.0014576752853393555,61,f1a5fe00,43.51424155724,-79.68337795608,161.6583,-37.1,SOL_COMPUTED,SINGLE,good,1.9279,1.3245,3.8078,25,20,0.0,0.0,0,0,0,0,0,0,0,0,0,—,—,0.0,0.0,0.0,0.0
2026-05-25 11:45:41.510845,1779723941.510845,2420,143156.0,,,,,,,,,,,,,,,,0.0000,,,,0.0,0.0,0.0,0.0,0.0,0.0,0.0,0.0,0.0,-3414896,-4411348,164140969,-186963,82880,-7389,-0.20439874181152345,-0.26404141762817385,9.824664511986391,-0.04322463828277588,0.01916132080078125,-0.0017082890853881835,61,f1a3fe00,43.51424172972,-79.68337867627,161.238,-37.1,SOL_COMPUTED,SINGLE,good,1.9184,1.3241,3.805,25,20,0.0,0.0,0,0,0,0,0,0,0,0,0,—,—,0.0,0.0,0.0,0.0
2026-05-25 11:45:42.551009,1779723942.551009,2420,143157.0,,,,,,,,,,,,,,,,0.0000,,,,0.0,0.0,0.0,0.0,0.0,0.0,0.0,0.0,0.0,-2969439,-4308197,164681962,-21589,28850,29007,-0.1777358945883179,-0.25786731024200443,9.857045670454713,-0.00499123738861084,0.006669933700561523,0.006706231086730957,61,f1a1fe00,43.51424414163,-79.68337867848,161.1239,-37.1,SOL_COMPUTED,SINGLE,good,1.902,1.3192,3.7899,25,20,0.0,0.0,0,0,0,0,0,0,0,0,0,—,—,0.0,0.0,0.0,0.0
2026-05-25 11:45:43.574564,1779723943.574564,2420,143158.0,,,,,,,,,,,,,,,,0.0000,,,,0.0,0.0,0.0,0.0,0.0,0.0,0.0,0.0,0.0,-3545727,-4660786,163493785,168880,9925,8312,-0.21222963674652104,-0.27897153947082526,9.785927286805727,0.03904396545410156,0.0022945959091186523,0.0019216807250976562,61,f19ffe00,43.51424500863,-79.68337890592,160.9317,-37.1,SOL_COMPUTED,SINGLE,good,1.9244,1.3219,3.8156,24,20,0.0,0.0,0,0,0,0,0,0,0,0,0,—,—,0.0,0.0,0.0,0.0
2026-05-25 11:45:44.641445,1779723944.641445,2420,143159.0,,,,,,,,,,,,,,,,0.0000,,,,0.0,0.0,0.0,0.0,0.0,0.0,0.0,0.0,0.0,-2984620,-3257094,163914602,69667,137256,-107442,-0.1786445539733887,-0.19495349655212404,9.811115305806275,0.016106560523986818,0.03173270086669922,-0.024839896591186524,61,f19dfe00,43.51424494844,-79.68337909913,160.7581,-37.1,SOL_COMPUTED,SINGLE,good,1.9405,1.3366,3.8608,24,20,0.0,0.0,0,0,0,0,0,0,0,0,0,—,—,0.0,0.0,0.0,0.0
2026-05-25 11:45:45.577448,1779723945.577448,2420,143160.0,,,,,,,,,,,,,,,,0.0000,,,,0.0,0.0,0.0,0.0,0.0,0.0,0.0,0.0,0.0,-3655149,-6136721,164777980,-795732,128541,182216,-0.21877909509796145,-0.3673136901528931,9.862792831829836,-0.18396809994506835,0.029717849143981935,0.04212716253662109,61,f19bfe00,43.51424384635,-79.68337803109,160.4723,-37.1,SOL_COMPUTED,SINGLE,good,2.0114,1.355,3.9442,24,20,0.0,0.0,0,0,0,0,0,0,0,0,0,—,—,0.0,0.0,0.0,0.0
2026-05-25 11:45:46.674718,1779723946.674718,2420,143161.0,,,,,,,,,,,,,,,,0.0000,,,,0.0,0.0,0.0,0.0,0.0,0.0,0.0,0.0,0.0,-3470940,-5172514,163756054,106524,75066,49433,-0.2077532577575684,-0.30960104014953616,9.801625408685915,0.024627660919189453,0.01735477445983887,0.011428590385437011,61,f199fe00,43.51423584601,-79.68337827223,160.8758,-37.1,SOL_COMPUTED,SINGLE,good,2.083,1.4355,4.164,24,20,0.0,0.0,0,0,0,0,0,0,0,0,0,—,—,0.0,0.0,0.0,0.0
2026-05-25 11:45:47.715682,1779723947.715682,2420,143162.0,,,,,,,,,,,,,,,,0.0000,,,,0.0,0.0,0.0,0.0,0.0,0.0,0.0,0.0,0.0,-3513365,-4217147,164715216,323433,-6361,-34662,-0.21029260789337162,-0.2524175087130738,9.859036090004885,0.07477562102508545,-0.0014706221237182618,-0.008013630569458008,61,f197fe00,43.51423295249,-79.6833717517,162.6704,-37.1,SOL_COMPUTED,SINGLE,good,2.1392,1.3949,4.152,24,20,0.0,0.0,0,0,0,0,0,0,0,0,0,—,—,0.0,0.0,0.0,0.0
2026-05-25 11:45:48.805441,1779723948.805441,2420,143163.0,,,,,,,,,,,,,,,,0.0000,,,,0.0,0.0,0.0,0.0,0.0,0.0,0.0,0.0,0.0,-3630878,-3886981,164007678,77300,-51969,2120,-0.21732635338562015,-0.23265540907989504,9.816686373649294,0.017871260833740233,-0.01201489720916748,0.0004901303100585938,61,f195fe00,43.5142391162,-79.68337352735,161.7384,-37.1,SOL_COMPUTED,SINGLE,good,2.0782,1.3961,4.0906,23,19,0.0,0.0,0,0,0,0,0,0,0,0,0,STATISTICANALYSIS,L5,1.013,-1.639,1.363,0.436
2026-05-25 11:45:49.795301,1779723949.795301,2420,143164.0,,,,,,,,,,,,,,,,0.0000,,,,0.0,0.0,0.0,0.0,0.0,0.0,0.0,0.0,0.0,-3822001,-4080094,163682228,61599,-14774,54584,-0.22876602848297123,-0.2442141957098389,9.797206550391847,0.014241291023254395,-0.0034156533966064454,0.012619468322753907,61,f193fe00,43.51423057909,-79.68337549304,161.1687,-37.1,SOL_COMPUTED,SINGLE,good,2.2389,1.4848,4.3125,24,20,0.0,0.0,0,0,0,0,0,0,0,0,0,STATISTICANALYSIS,L5,2.383,-1.639,1.363,0.436
2026-05-25 11:45:50.614342,1779723950.614342,2420,143165.0,,,,,,,,,,,,,,,,0.0000,,,,0.0,0.0,0.0,0.0,0.0,0.0,0.0,0.0,0.0,-3277942,-4206046,163878414,-9055,88725,-34879,-0.19620135445739748,-0.2517530578973389,9.808949271564332,-0.0020934575271606445,0.02051264705657959,-0.00806379956817627,61,f191fe00,43.51424081099,-79.68337648626,161.7829,-37.1,SOL_COMPUTED,SINGLE,good,2.0634,1.4298,4.1071,24,20,0.0,0.0,0,0,0,0,0,0,0,0,0,—,—,0.0,0.0,0.0,0.0
2026-05-25 11:45:51.614697,1779723951.614697,2420,143166.0,,,,,,,,,,,,,,,,0.0000,,,,0.0,0.0,0.0,0.0,0.0,0.0,0.0,0.0,0.0,-3522694,-3939465,164558360,-33902,113227,71226,-0.21085099557556156,-0.23579684107818608,9.849647467614748,-0.007837923477172852,0.026177351234436035,0.016466991256713866,61,f18ffe00,43.51424412346,-79.68337338575,162.722,-37.1,SOL_COMPUTED,SINGLE,good,2.0632,1.4219,4.0512,23,20,0.0,0.0,0,0,0,0,0,0,0,0,0,—,—,0.0,0.0,0.0,0.0
2026-05-25 11:45:52.536989,1779723952.536989,2420,143167.0,,,,,,,,,,,,,,,,0.0000,,,,0.0,0.0,0.0,0.0,0.0,0.0,0.0,0.0,0.0,-3356227,-3919595,164671811,-116594,105932,6336,-0.2008871063815308,-0.23460752140350344,9.856438081928408,-0.026955779891967773,0.024490794342041017,0.00146484228515625,61,f18dfe00,43.51420902665,-79.68335136597,169.3917,-37.1,SOL_COMPUTED,SINGLE,good,2.5023,1.5668,4.7285,23,20,0.0,0.0,0,0,0,0,0,0,0,0,0,—,—,0.0,0.0,0.0,0.0
2026-05-25 11:45:53.607412,1779723953.607412,2420,143168.0,,,,,,,,,,,,,,,,0.0000,,,,0.0,0.0,0.0,0.0,0.0,0.0,0.0,0.0,0.0,-3594983,-4351005,163789271,-42019,53910,-23307,-0.21517785667083744,-0.26042958485870366,9.80361361359955,-0.009714521461486816,0.01246364387512207,-0.005388427894592285,61,f18afe00,43.51424985155,-79.68338088714,160.5954,-37.1,SOL_COMPUTED,SINGLE,good,2.0619,1.4121,4.0308,23,20,0.0,0.0,0,0,0,0,0,0,0,0,0,—,—,0.0,0.0,0.0,0.0
2026-05-25 11:45:54.617027,1779723954.617027,2420,143169.0,,,,,,,,,,,,,,,,0.0000,,,,0.0,0.0,0.0,0.0,0.0,0.0,0.0,0.0,0.0,-3192006,-3351667,164372281,-206259,61807,-4903,-0.1910576516107178,-0.20061416739227297,9.838509701346743,-0.047685748878479005,0.014289379280090332,-0.0011335419387817384,61,f189fe00,43.51424395059,-79.68337642387,161.3637,-37.1,SOL_COMPUTED,SINGLE,good,2.0278,1.4381,4.1329,22,19,0.0,0.0,0,0,0,0,0,0,0,0,0,—,—,0.0,0.0,0.0,0.0
2026-05-25 11:45:55.676372,1779723955.676372,2420,143170.0,,,,,,,,,,,,,,,,0.0000,,,,0.0,0.0,0.0,0.0,0.0,0.0,0.0,0.0,0.0,-3578171,-3280454,164942808,-51839,88539,-29840,-0.21417157371307377,-0.1963517103216553,9.872658618610842,-0.01198484204864502,0.02046964505767822,-0.006898815307617188,61,f187fe00,43.51424688476,-79.68338271446,159.5671,-37.1,SOL_COMPUTED,SINGLE,good,2.1348,1.4551,4.2003,23,20,0.0,0.0,0,0,0,0,0,0,0,0,0,—,—,0.0,0.0,0.0,0.0
2026-05-25 11:45:56.844042,1779723956.844042,2420,143171.0,,,,,,,,,,,,,,,,0.0000,,,,0.0,0.0,0.0,0.0,0.0,0.0,0.0,0.0,0.0,-3350868,-4281331,163363565,-78117,49958,5481,-0.20056634321411135,-0.2562592446969605,9.778132963301088,-0.018060145957946777,0.011549966995239257,0.0012671718063354492,61,f185fe00,43.51426706795,-79.68339161792,154.946,-37.1,SOL_COMPUTED,SINGLE,good,2.1203,1.4606,4.1782,22,19,0.0,0.0,0,0,0,0,0,0,0,0,0,—,—,0.0,0.0,0.0,0.0
2026-05-25 11:45:57.712148,1779723957.712148,2420,143172.0,,,,,,,,,,,,,,,,0.0000,,,,0.0,0.0,0.0,0.0,0.0,0.0,0.0,0.0,0.0,-3338967,-4063904,164426287,-38687,-7551,14671,-0.19985400836517336,-0.24324514258789065,9.841742232718202,-0.008944184577941895,-0.0017457424392700194,0.003391840461730957,61,f182fe00,43.51425187508,-79.6833853499,159.0583,-37.1,SOL_COMPUTED,SINGLE,good,2.1257,1.4364,4.09,22,19,0.0,0.0,0,0,0,0,0,0,0,0,0,—,—,0.0,0.0,0.0,0.0
2026-05-25 11:45:58.597809,1779723958.597809,2420,143173.0,,,,,,,,,,,,,,,,0.0000,,,,0.0,0.0,0.0,0.0,0.0,0.0,0.0,0.0,0.0,-3553879,-4156428,163834744,-43621,102998,-38576,-0.21271757504486086,-0.24878317044799808,9.806335401901856,-0.010084893516540527,0.02381247248840332,-0.008918522094726563,61,f180fe00,43.51424684937,-79.6833870369,161.3859,-37.1,SOL_COMPUTED,SINGLE,good,2.1758,1.4743,4.2026,22,19,0.0,0.0,0,0,0,0,0,0,0,0,0,—,—,0.0,0.0,0.0,0.0
2026-05-25 11:45:59.619729,1779723959.619729,2420,143174.0,,,,,,,,,,,,,,,,0.0000,,,,0.0,0.0,0.0,0.0,0.0,0.0,0.0,0.0,0.0,-3348914,-4700475,164203309,-478137,-113124,110754,-0.20044938646301272,-0.2813471262130738,9.828395875273744,-0.11054218682098389,-0.026153538299560547,0.025605609603881835,61,f17ffe00,43.51425578781,-79.68339607648,158.9997,-37.1,SOL_COMPUTED,SINGLE,good,2.0458,1.3798,4.0702,23,20,0.0,0.0,0,0,0,0,0,0,0,0,0,—,—,0.0,0.0,0.0,0.0
2026-05-25 11:46:00.540497,1779723960.540497,2420,143175.0,,,,,,,,,,,,,,,,0.0000,,,,0.0,0.0,0.0,0.0,0.0,0.0,0.0,0.0,0.0,-2146131,-3826213,164511522,409241,116238,146067,-0.12845676007781984,-0.22901813791778566,9.846843977180788,0.09461387651824951,0.026873474990844727,0.03376974716949463,61,f17cfe00,43.51425198745,-79.68339080383,158.7016,-37.1,SOL_COMPUTED,SINGLE,good,2.0962,1.3901,4.1329,24,21,0.0,0.0,0,0,0,0,0,0,0,0,0,—,—,0.0,0.0,0.0,0.0
2026-05-25 11:46:01.505801,1779723961.505801,2420,143176.0,,,,,,,,,,,,,,,,0.0000,,,,0.0,0.0,0.0,0.0,0.0,0.0,0.0,0.0,0.0,-3651283,-4596417,164029615,-64452,678143,-85069,-0.21854769550750736,-0.2751187303042603,9.817999413694764,-0.014900886199951172,0.1567822824783325,-0.019667403465270995,61,f17afe00,43.51424651913,-79.68338957961,159.4236,-37.1,SOL_COMPUTED,SINGLE,good,2.208,1.5615,4.4479,24,21,0.0,0.0,0,0,0,0,0,0,0,0,0,—,—,0.0,0.0,0.0,0.0
2026-05-25 11:46:02.497395,1779723962.497395,2420,143177.0,,,,,,,,,,,,,,,,0.0000,,,,0.0,0.0,0.0,0.0,0.0,0.0,0.0,0.0,0.0,-3288698,-4163166,163460909,261504,-7606,-34150,-0.1968451552838135,-0.2491864737176514,9.783959492461245,0.0604580361328125,-0.0017584580841064454,-0.007895259475708008,61,f179fe00,43.51424024008,-79.6833824118,160.9403,-37.1,SOL_COMPUTED,SINGLE,good,2.0024,1.343,4.0076,24,21,0.0,0.0,0,0,0,0,0,0,0,0,0,—,—,0.0,0.0,0.0,0.0
2026-05-25 11:46:03.444112,1779723963.444112,2420,143178.0,,,,,,,,,,,,,,,,0.0000,,,,0.0,0.0,0.0,0.0,0.0,0.0,0.0,0.0,0.0,-3803227,-3845802,164677654,-101602,55150,-34988,-0.22764230993377688,-0.2301906383258057,9.856787814935915,-0.023489726303100585,0.012750323867797852,-0.00808899966430664,61,f177fe00,43.51423812553,-79.68338129806,160.067,-37.1,SOL_COMPUTED,SINGLE,good,2.3046,1.3922,4.1878,24,21,0.0,0.0,0,0,0,0,0,0,0,0,0,—,—,0.0,0.0,0.0,0.0
2026-05-25 11:46:04.468059,1779723964.468059,2420,143179.0,,,,,,,,,,,,,,,,0.0000,,,,0.0,0.0,0.0,0.0,0.0,0.0,0.0,0.0,0.0,-3301284,-4642486,163143513,-8364,60156,2603,-0.19759849083618167,-0.2778761922113038,9.76496174170807,-0.0019337027893066407,0.013907678741455078,0.0006017967910766602,61,f174fe00,43.51425337678,-79.68339223064,160.5552,-37.1,SOL_COMPUTED,SINGLE,good,2.0968,1.3324,3.9719,24,21,0.0,0.0,0,0,0,0,0,0,0,0,0,—,—,0.0,0.0,0.0,0.0
2026-05-25 11:46:05.366186,1779723965.366186,2420,143180.0,,,,,,,,,,,,,,,,0.0000,,,,0.0,0.0,0.0,0.0,0.0,0.0,0.0,0.0,0.0,-3392845,-4471055,163379634,-102229,-57733,-41528,-0.20307887829132082,-0.2676151825912476,9.779094773963013,-0.02363468465423584,-0.013347496788024903,-0.009601005432128907,61,f173fe00,43.51425475122,-79.68338684548,159.4521,-37.1,SOL_COMPUTED,SINGLE,good,2.1097,1.376,4.0205,23,20,0.0,0.0,0,0,0,0,0,0,0,0,0,—,—,0.0,0.0,0.0,0.0
2026-05-25 11:46:06.405432,1779723966.405432,2420,143181.0,,,,,,,,,,,,,,,,0.0000,,,,0.0,0.0,0.0,0.0,0.0,0.0,0.0,0.0,0.0,-3277878,-4608670,164816810,144857,45079,34518,-0.19619752373474125,-0.2758521341278077,9.865117003091433,0.033490002983093264,0.010421973701477051,0.00798033869934082,61,f171fe00,43.51425434857,-79.68338653443,158.7699,-37.1,SOL_COMPUTED,SINGLE,good,2.1004,1.3626,3.998,23,20,0.0,0.0,0,0,0,0,0,0,0,0,0,—,—,0.0,0.0,0.0,0.0
2026-05-25 11:46:07.439496,1779723967.439496,2420,143182.0,,,,,,,,,,,,,,,,0.0000,,,,0.0,0.0,0.0,0.0,0.0,0.0,0.0,0.0,0.0,-3666986,-4575421,164220900,-13452,61448,64085,-0.21948759922424319,-0.27386201385284425,9.82944878530884,-0.003110015533447266,0.014206380798339843,0.014816038169860839,61,f16efe00,43.51420372272,-79.6833510491,166.8883,-37.1,SOL_COMPUTED,SINGLE,good,2.8306,1.5887,4.989,23,20,0.0,0.0,0,0,0,0,0,0,0,0,0,—,—,0.0,0.0,0.0,0.0
2026-05-25 11:46:08.382398,1779723968.382398,2420,143183.0,,,,,,,,,,,,,,,,0.0000,,,,0.0,0.0,0.0,0.0,0.0,0.0,0.0,0.0,0.0,-3257343,-4347304,163577131,60036,181911,-3572,-0.19496840045745853,-0.2602080613500977,9.79091596509491,0.013879935516357422,0.04205664850616455,-0.0008258233337402344,61,f16dfe00,43.51426449907,-79.68338470864,157.927,-37.1,SOL_COMPUTED,SINGLE,good,2.1905,1.3616,4.0403,23,20,0.0,0.0,0,0,0,0,0,0,0,0,0,—,—,0.0,0.0,0.0,0.0
2026-05-25 11:46:09.244219,1779723969.244219,2420,143184.0,,,,,,,,,,,,,,,,0.0000,,,,0.0,0.0,0.0,0.0,0.0,0.0,0.0,0.0,0.0,-3541332,-4388951,164949378,6797,37513,-12158,-0.21196657383911136,-0.2627008442636109,9.873051866233522,0.0015714225082397461,0.008672763359069824,-0.002810851089477539,61,f16bfe00,43.51426138066,-79.6833876299,157.88,-37.1,SOL_COMPUTED,SINGLE,good,2.1728,1.3572,4.013,23,20,0.0,0.0,0,0,0,0,0,0,0,0,0,—,—,0.0,0.0,0.0,0.0
2026-05-25 11:46:10.213561,1779723970.213561,2420,143185.0,,,,,,,,,,,,,,,,0.0000,,,,0.0,0.0,0.0,0.0,0.0,0.0,0.0,0.0,0.0,-3137382,-4340931,162945456,-116056,39885,73103,-0.18778812982360843,-0.2598266051705933,9.753107031752931,-0.02683139776611328,0.009221154441833496,0.016900941535949707,61,f168fe00,43.51421241269,-79.68335940836,165.2189,-37.1,SOL_COMPUTED,SINGLE,good,2.8519,1.5406,4.9437,23,20,0.0,0.0,0,0,0,0,0,0,0,0,0,—,—,0.0,0.0,0.0,0.0
2026-05-25 11:46:11.237263,1779723971.237263,2420,143186.0,,,,,,,,,,,,,,,,0.0000,,,,0.0,0.0,0.0,0.0,0.0,0.0,0.0,0.0,0.0,-3504799,-4078235,164577595,5621,20587,-73478,-0.20977988960784916,-0.24410292518768315,9.850798779338074,0.001299538902282715,0.00475958145904541,-0.016987639114379883,61,f166fe00,43.51423525301,-79.68336980643,161.7629,-37.1,SOL_COMPUTED,SINGLE,good,2.3927,1.4039,4.2873,23,20,0.0,0.0,0,0,0,0,0,0,0,0,0,—,—,0.0,0.0,0.0,0.0
2026-05-25 11:46:12.206995,1779723972.206995,2420,143187.0,,,,,,,,,,,,,,,,0.0000,,,,0.0,0.0,0.0,0.0,0.0,0.0,0.0,0.0,0.0,-3361284,-4267330,164540394,20594,-77445,32623,-0.20118979332641604,-0.2554212142608643,9.848572111939088,0.004761199813842773,-0.0179047838973999,0.007542226936340332,61,f164fe00,43.51424109178,-79.6833773137,161.7848,-37.1,SOL_COMPUTED,SINGLE,good,2.2574,1.341,4.1526,24,21,0.0,0.0,0,0,0,0,0,0,0,0,0,—,—,0.0,0.0,0.0,0.0
2026-05-25 11:46:13.115353,1779723973.115353,2420,143188.0,,,,,,,,,,,,,,,,0.0000,,,,0.0,0.0,0.0,0.0,0.0,0.0,0.0,0.0,0.0,-3937627,-4516079,163237940,17986,26802,93351,-0.2356868275119019,-0.27031009597991945,9.770613673712159,0.004158247055053711,0.006196449325561524,0.021582148384094238,61,f162fe00,43.51425789182,-79.68338295489,157.765,-37.1,SOL_COMPUTED,SINGLE,good,2.2091,1.3685,4.1052,24,21,0.0,0.0,0,0,0,0,0,0,0,0,0,—,—,0.0,0.0,0.0,0.0
2026-05-25 11:46:13.986354,1779723973.986354,2420,143189.0,,,,,,,,,,,,,,,,0.0000,,,,0.0,0.0,0.0,0.0,0.0,0.0,0.0,0.0,0.0,-3113754,-4126332,164391249,151055,11059,21168,-0.18637387490295412,-0.24698177311889652,9.839645031773989,0.03492294055938721,0.002556769386291504,0.004893904907226562,61,f160fe00,43.5142621554,-79.68338244155,159.2508,-37.1,SOL_COMPUTED,SINGLE,good,2.1864,1.305,3.9959,24,21,0.0,0.0,0,0,0,0,0,0,0,0,0,STATISTICANALYSIS,L2,1.342,0.894,0.988,0.313
2026-05-25 11:46:14.926550,1779723974.926550,2420,143190.0,,,,,,,,,,,,,,,,0.0000,,,,0.0,0.0,0.0,0.0,0.0,0.0,0.0,0.0,0.0,-3440999,-4971498,163866788,-177732,15880,83452,-0.20596113795989993,-0.29756921912658696,9.808253396851809,-0.04109049069213867,0.0036713534545898437,0.01929356350708008,61,f15efe00,43.51427534467,-79.68338781308,156.4225,-37.1,SOL_COMPUTED,SINGLE,good,2.0758,1.2723,4.0402,24,21,0.0,0.0,0,0,0,0,0,0,0,0,0,—,—,0.0,0.0,0.0,0.0
2026-05-25 11:46:15.955902,1779723975.955902,2420,143191.0,,,,,,,,,,,,,,,,0.0000,,,,0.0,0.0,0.0,0.0,0.0,0.0,0.0,0.0,0.0,-3512864,-5146959,162650092,118103,556,225173,-0.21026262051757816,-0.30807144456390384,9.735428007274171,0.0273046509475708,0.00012854360961914063,0.05205854354095459,61,f15cfe00,43.51425155875,-79.6833740101,159.5824,-37.1,SOL_COMPUTED,SINGLE,good,2.0398,1.2912,3.9613,24,21,0.0,0.0,0,0,0,0,0,0,0,0,0,—,—,0.0,0.0,0.0,0.0
2026-05-25 11:46:16.895859,1779723976.895859,2420,143192.0,,,,,,,,,,,,,,,,0.0000,,,,0.0,0.0,0.0,0.0,0.0,0.0,0.0,0.0,0.0,-3528333,-3074981,164933428,73395,117237,-152588,-0.21118851815460207,-0.18405311537872318,9.872097178321535,0.016968450050354005,0.027104437339782714,-0.035277360260009764,61,f15afe00,43.51425010033,-79.6833761891,159.7671,-37.1,SOL_COMPUTED,SINGLE,good,2.049,1.2621,3.9403,24,21,0.0,0.0,0,0,0,0,0,0,0,0,0,—,—,0.0,0.0,0.0,0.0
2026-05-25 11:46:17.765474,1779723977.765474,2420,143193.0,,,,,,,,,,,,,,,,0.0000,,,,0.0,0.0,0.0,0.0,0.0,0.0,0.0,0.0,0.0,-3521440,-4410678,163825140,-122768,34612,-58510,-0.21077593735351566,-0.26400131475036626,9.805760554083253,-0.028383168823242187,0.008002070892333984,-0.013527134170532227,61,f159fe00,43.51425191264,-79.683375674,157.7447,-37.1,SOL_COMPUTED,SINGLE,good,2.2821,1.2859,4.0221,24,21,0.0,0.0,0,0,0,0,0,0,0,0,0,—,—,0.0,0.0,0.0,0.0
2026-05-25 11:46:18.746520,1779723978.746520,2420,143194.0,,,,,,,,,,,,,,,,0.0000,,,,0.0,0.0,0.0,0.0,0.0,0.0,0.0,0.0,0.0,-3093635,-4357596,163836553,40312,-41648,33473,-0.18516965132293703,-0.2608240894372559,9.806443679671938,0.009319874084472657,-0.009628748657226563,0.00773874144744873,61,f156fe00,43.51422004657,-79.68336308607,164.9644,-37.1,SOL_COMPUTED,SINGLE,good,2.5642,1.3627,4.6768,23,20,0.0,0.0,0,0,0,0,0,0,0,0,0,—,—,0.0,0.0,0.0,0.0
2026-05-25 11:46:19.687255,1779723979.687255,2420,143195.0,,,,,,,,,,,,,,,,0.0000,,,,0.0,0.0,0.0,0.0,0.0,0.0,0.0,0.0,0.0,-3368595,-4026204,164786158,73792,-81648,-31584,-0.2016273935348511,-0.2409886075231934,9.863282326359254,0.01706023388671875,-0.018876490356445313,-0.007302016845703125,61,f154fe00,43.51423079593,-79.68336838615,163.2806,-37.1,SOL_COMPUTED,SINGLE,good,2.1254,1.2995,3.4238,24,22,0.0,0.0,0,0,0,0,0,0,0,0,0,—,—,0.0,0.0,0.0,0.0
2026-05-25 11:46:20.827229,1779723980.827229,2420,143196.0,,,,,,,,,,,,,,,,0.0000,,,,0.0,0.0,0.0,0.0,0.0,0.0,0.0,0.0,0.0,-3287982,-4644717,163283895,8698,-5660,36655,-0.19680229907409671,-0.27800972880889896,9.773364312144471,0.002010921432495117,-0.0013085554504394532,0.008474399299621582,61,f153fe00,43.51423911795,-79.68337502647,162.8871,-37.1,SOL_COMPUTED,SINGLE,good,1.9857,1.252,3.3218,24,22,0.0,0.0,0,0,0,0,0,0,0,0,0,—,—,0.0,0.0,0.0,0.0
2026-05-25 11:46:21.768134,1779723981.768134,2420,143197.0,,,,,,,,,,,,,,,,0.0000,,,,0.0,0.0,0.0,0.0,0.0,0.0,0.0,0.0,0.0,-3466339,-3853797,164582220,97131,48279,22851,-0.20747786471160892,-0.23066917938262943,9.851075608905031,0.02245605997467041,0.01116179303741455,0.005283003639221191,61,f150fe00,43.51425196365,-79.68338118748,162.3018,-37.1,SOL_COMPUTED,SINGLE,good,2.078,1.2955,3.3977,23,21,0.0,0.0,0,0,0,0,0,0,0,0,0,—,—,0.0,0.0,0.0,0.0
2026-05-25 11:46:22.671667,1779723982.671667,2420,143198.0,,,,,,,,,,,,,,,,0.0000,,,,0.0,0.0,0.0,0.0,0.0,0.0,0.0,0.0,0.0,-3469722,-4227324,164228408,-116726,123854,-50993,-0.20768035431701662,-0.253026653470459,9.82989817696045,-0.026986297439575195,0.028634245010375977,-0.011789252311706543,61,f14ffe00,43.51425231925,-79.68338244029,161.0535,-37.1,SOL_COMPUTED,SINGLE,good,2.0861,1.2752,3.3837,23,21,0.0,0.0,0,0,0,0,0,0,0,0,0,—,—,0.0,0.0,0.0,0.0
2026-05-25 11:46:23.700579,1779723983.700579,2420,143199.0,,,,,,,,,,,,,,,,0.0000,,,,0.0,0.0,0.0,0.0,0.0,0.0,0.0,0.0,0.0,-3714786,-4304504,163735064,-107077,140357,-18753,-0.2223486702081299,-0.2576462655737305,9.800369051364747,-0.024755510948181153,0.03244963204193115,-0.00433557250213623,61,f14cfe00,43.51423798858,-79.68337492573,162.1979,-37.1,SOL_COMPUTED,SINGLE,good,2.1181,1.2994,3.4195,24,21,0.0,0.0,0,0,0,0,0,0,0,0,0,—,—,0.0,0.0,0.0,0.0
2026-05-25 11:46:24.717699,1779723984.717699,2420,143200.0,,,,,,,,,,,,,,,,0.0000,,,,0.0,0.0,0.0,0.0,0.0,0.0,0.0,0.0,0.0,-3354346,-4111527,163795961,-6195,2582,12601,-0.20077451904846194,-0.24609561922943118,9.80401404382721,-0.0014322439956665038,0.0005969417266845703,0.0029132698287963866,61,f14afe00,43.51424464019,-79.68338028485,160.2694,-37.1,SOL_COMPUTED,SINGLE,good,2.0277,1.2534,3.3307,24,21,0.0,0.0,0,0,0,0,0,0,0,0,0,—,—,0.0,0.0,0.0,0.0
2026-05-25 11:46:25.808927,1779723985.808927,2420,143201.0,,,,,,,,,,,,,,,,0.0000,,,,0.0,0.0,0.0,0.0,0.0,0.0,0.0,0.0,0.0,-3681945,-4476299,163691692,-103067,51776,-47711,-0.22038297079010014,-0.2679290624288941,9.79777301850464,-0.023828424842834473,0.01197027685546875,-0.011030475105285644,61,f148fe00,43.51424802284,-79.68338098712,160.5672,-37.1,SOL_COMPUTED,SINGLE,good,1.9952,1.2378,3.3018,24,21,0.0,0.0,0,0,0,0,0,0,0,0,0,—,—,0.0,0.0,0.0,0.0
2026-05-25 11:46:27.000563,1779723987.000563,2420,143202.0,,,,,,,,,,,,,,,,0.0000,,,,0.0,0.0,0.0,0.0,0.0,0.0,0.0,0.0,0.0,-3310409,-4180701,163381326,7355,58332,510,-0.1981446680899048,-0.2502360318704224,9.779196048693239,0.0017004285049438477,0.013485981719970704,0.00011790870666503906,61,f146fe00,43.51425103449,-79.68338143389,160.9241,-37.1,SOL_COMPUTED,SINGLE,good,1.9249,1.245,3.276,24,21,0.0,0.0,0,0,0,0,0,0,0,0,0,—,—,0.0,0.0,0.0,0.0
2026-05-25 11:46:28.061433,1779723988.061433,2420,143203.0,,,,,,,,,,,,,,,,0.0000,,,,0.0,0.0,0.0,0.0,0.0,0.0,0.0,0.0,0.0,-3652466,-4071344,164255160,-108220,130591,11762,-0.21861850402160649,-0.24369046409667972,9.831499419030763,-0.02501976516723633,0.030191795906066896,0.0027192984466552733,61,f144fe00,43.51424640625,-79.68337795295,160.8959,-37.1,SOL_COMPUTED,SINGLE,good,2.0327,1.2389,3.3165,25,22,0.0,0.0,0,0,0,0,0,0,0,0,0,—,—,0.0,0.0,0.0,0.0
2026-05-25 11:46:29.114970,1779723989.114970,2420,143204.0,,,,,,,,,,,,,,,,0.0000,,,,0.0,0.0,0.0,0.0,0.0,0.0,0.0,0.0,0.0,-3228694,-4398954,163213067,-31261,28987,-313,-0.19325361337341312,-0.2632995742437744,9.769124899264833,-0.007227341331481934,0.006701607215881348,-7.236357879638673e-05,61,f142fe00,43.51425559279,-79.68337900599,161.7065,-37.1,SOL_COMPUTED,SINGLE,good,2.1196,1.2413,3.3553,25,22,0.0,0.0,0,0,0,0,0,0,0,0,0,—,—,0.0,0.0,0.0,0.0
2026-05-25 11:46:30.120412,1779723990.120412,2420,143205.0,,,,,,,,,,,,,,,,0.0000,,,,0.0,0.0,0.0,0.0,0.0,0.0,0.0,0.0,0.0,-3693531,-5037920,164536199,-173961,-121305,10804,-0.2210764513009644,-0.3015449106933594,9.848321020039979,-0.040218659843444825,-0.028044932670593263,0.0024978150329589845,61,f140fe00,43.51424635445,-79.68337940969,161.0775,-37.1,SOL_COMPUTED,SINGLE,good,1.8715,1.2198,3.2271,25,22,0.0,0.0,0,0,0,0,0,0,0,0,0,—,—,0.0,0.0,0.0,0.0
2026-05-25 11:46:31.138830,1779723991.138830,2420,143206.0,,,,,,,,,,,,,,,,0.0000,,,,0.0,0.0,0.0,0.0,0.0,0.0,0.0,0.0,0.0,-2752385,-3764582,164511695,553599,149177,10808,-0.16474411840972902,-0.22532921185485844,9.846854332102968,0.12798851392364502,0.03448875908660889,0.002498739807128906,61,f13efe00,43.5142410403,-79.6833786017,160.236,-37.1,SOL_COMPUTED,SINGLE,good,1.8856,1.2325,3.2624,26,22,0.0,0.0,0,0,0,0,0,0,0,0,0,—,—,0.0,0.0,0.0,0.0
2026-05-25 11:46:32.145573,1779723992.145573,2420,143207.0,,,,,,,,,,,,,,,,0.0000,,,,0.0,0.0,0.0,0.0,0.0,0.0,0.0,0.0,0.0,-3505017,-4215837,163567673,-70985,26590,45150,-0.209792938006897,-0.2523390986087036,9.790349856112368,-0.016411273612976073,0.006147436294555664,0.010438388442993165,61,f13cfe00,43.51422228558,-79.68336476203,162.9965,-37.1,SOL_COMPUTED,SINGLE,good,2.0836,1.3096,3.4139,26,22,0.0,0.0,0,0,0,0,0,0,0,0,0,—,—,0.0,0.0,0.0,0.0
2026-05-25 11:46:33.079181,1779723993.079181,2420,143208.0,,,,,,,,,,,,,,,,0.0000,,,,0.0,0.0,0.0,0.0,0.0,0.0,0.0,0.0,0.0,-3744745,-4209164,163168447,62252,-71197,-56084,-0.22414186739654543,-0.2519396859167481,9.76645416731293,0.014392260406494141,-0.016460286643981935,-0.012966258636474609,61,f13afe00,43.51423225903,-79.68336892179,162.6802,-37.1,SOL_COMPUTED,SINGLE,good,1.9692,1.2572,3.3093,25,22,0.0,0.0,0,0,0,0,0,0,0,0,0,—,—,0.0,0.0,0.0,0.0
2026-05-25 11:46:34.116916,1779723994.116916,2420,143209.0,,,,,,,,,,,,,,,,0.0000,,,,0.0,0.0,0.0,0.0,0.0,0.0,0.0,0.0,0.0,-3600415,-3735032,164237933,290038,153916,-61445,-0.21550298925628666,-0.223560495378418,9.830468296230775,0.0670549126739502,0.03558438528442383,-0.014205687217712402,61,f138fe00,43.51423458021,-79.6833684916,162.2799,-37.1,SOL_COMPUTED,SINGLE,good,1.9744,1.2595,3.3138,25,22,0.0,0.0,0,0,0,0,0,0,0,0,0,—,—,0.0,0.0,0.0,0.0
2026-05-25 11:46:35.077916,1779723995.077916,2420,143210.0,,,,,,,,,,,,,,,,0.0000,,,,0.0,0.0,0.0,0.0,0.0,0.0,0.0,0.0,0.0,-3296561,-4202661,163627493,-102323,86406,-34738,-0.1973157954751587,-0.25155044858184816,9.79393038469513,-0.023656416847229005,0.019976509231567383,-0.008031201278686523,61,f136fe00,43.51423395548,-79.6833720826,161.0135,-37.1,SOL_COMPUTED,SINGLE,good,1.9948,1.2563,3.3361,25,22,0.0,0.0,0,0,0,0,0,0,0,0,0,—,—,0.0,0.0,0.0,0.0
2026-05-25 11:46:36.109751,1779723996.109751,2420,143211.0,,,,,,,,,,,,,,,,0.0000,,,,0.0,0.0,0.0,0.0,0.0,0.0,0.0,0.0,0.0,-3381777,-4181737,164527136,113326,-51753,-27778,-0.2024164026919556,-0.25029804169342046,9.847778553798829,0.0262002393951416,-0.011964959403991698,-0.006422094223022461,61,f134fe00,43.51423886689,-79.68337532483,160.9863,-37.1,SOL_COMPUTED,SINGLE,good,1.9624,1.2466,3.2976,25,22,0.0,0.0,0,0,0,0,0,0,0,0,0,—,—,0.0,0.0,0.0,0.0
2026-05-25 11:46:37.024454,1779723997.024454,2420,143212.0,,,,,,,,,,,,,,,,0.0000,,,,0.0,0.0,0.0,0.0,0.0,0.0,0.0,0.0,0.0,-3038617,-3995350,164288134,20668,24192,-61051,-0.1818765466494751,-0.23914184007263187,9.833473079169313,0.004778308135986328,0.0055930341796875,-0.014114596961975097,61,f133fe00,43.51424726279,-79.68337981518,160.6289,-37.1,SOL_COMPUTED,SINGLE,good,1.9715,1.2397,3.2787,25,22,0.0,0.0,0,0,0,0,0,0,0,0,0,—,—,0.0,0.0,0.0,0.0
2026-05-25 11:46:38.021405,1779723998.021405,2420,143213.0,,,,,,,,,,,,,,,,0.0000,,,,0.0,0.0,0.0,0.0,0.0,0.0,0.0,0.0,0.0,-3395720,-4010616,164866831,-120438,25732,-41973,-0.20325096153564456,-0.2400555871362305,9.8681110121225,-0.027844487869262694,0.005949072235107422,-0.009703886558532715,61,f130fe00,43.51424788194,-79.68338125102,162.2572,-37.1,SOL_COMPUTED,SINGLE,good,1.991,1.2529,3.33,25,22,0.0,0.0,0,0,0,0,0,0,0,0,0,—,—,0.0,0.0,0.0,0.0
2026-05-25 11:46:39.043995,1779723999.043995,2420,143214.0,,,,,,,,,,,,,,,,0.0000,,,,0.0,0.0,0.0,0.0,0.0,0.0,0.0,0.0,0.0,-3020921,-4246577,163633717,-49076,88359,5252,-0.180817351835022,-0.2541790425845337,9.79430292247345,-0.011346054290771485,0.02042803022003174,0.0012142284851074218,61,f12efe00,43.51424095486,-79.68337601051,161.9983,-37.1,SOL_COMPUTED,SINGLE,good,2.1177,1.3011,3.4423,25,22,0.0,0.0,0,0,0,0,0,0,0,0,0,—,—,0.0,0.0,0.0,0.0
2026-05-25 11:46:40.056182,1779724000.056182,2420,143215.0,,,,,,,,,,,,,,,,0.0000,,,,0.0,0.0,0.0,0.0,0.0,0.0,0.0,0.0,0.0,-3899481,-4890132,164023957,307212,85945,441338,-0.23340359709869388,-0.2926990538195801,9.817660753869935,0.07102543057250976,0.019869929008483885,0.10203449565124512,61,f12cfe00,43.51424654378,-79.68337853533,161.5043,-37.1,SOL_COMPUTED,SINGLE,good,1.9675,1.236,3.2775,25,22,0.0,0.0,0,0,0,0,0,0,0,0,0,—,—,0.0,0.0,0.0,0.0
2026-05-25 11:46:41.063776,1779724001.063776,2420,143216.0,,,,,,,,,,,,,,,,0.0000,,,,0.0,0.0,0.0,0.0,0.0,0.0,0.0,0.0,0.0,-3506062,-4156630,165013696,181503,20221,167190,-0.2098554865252686,-0.24879526116638187,9.87690162279297,0.04196232154083252,0.004674964622497559,0.03865324836730957,61,f12afe00,43.51424629118,-79.68337875787,161.7357,-37.1,SOL_COMPUTED,SINGLE,good,1.9599,1.2367,3.2915,25,22,0.0,0.0,0,0,0,0,0,0,0,0,0,—,—,0.0,0.0,0.0,0.0
2026-05-25 11:46:42.126272,1779724002.126272,2420,143217.0,,,,,,,,,,,,,,,,0.0000,,,,0.0,0.0,0.0,0.0,0.0,0.0,0.0,0.0,0.0,-3203902,-3639891,164257035,-31702,19240,103026,-0.19176968718444826,-0.21786582687469486,9.831611647233583,-0.00732929768371582,0.004448163757324219,0.023818945907592773,61,f128fe00,43.51424535187,-79.68337850265,161.7344,-37.1,SOL_COMPUTED,SINGLE,good,1.9305,1.2227,3.2535,25,22,0.0,0.0,0,0,0,0,0,0,0,0,0,—,—,0.0,0.0,0.0,0.0
2026-05-25 11:46:43.145976,1779724003.145976,2420,143218.0,,,,,,,,,,,,,,,,0.0000,,,,0.0,0.0,0.0,0.0,0.0,0.0,0.0,0.0,0.0,-3138406,-3969812,164520944,-66884,87963,36842,-0.1878494213861084,-0.2376132620227051,9.847407931381838,-0.015463148895263672,0.020336477577209473,0.008517632492065429,61,f126fe00,43.51424725479,-79.68338033066,162.2731,-37.1,SOL_COMPUTED,SINGLE,good,1.867,1.2117,3.3003,25,22,0.0,0.0,0,0,0,0,0,0,0,0,0,—,—,0.0,0.0,0.0,0.0
2026-05-25 11:46:44.190967,1779724004.190967,2420,143219.0,,,,,,,,,,,,,,,,0.0000,,,,0.0,0.0,0.0,0.0,0.0,0.0,0.0,0.0,0.0,-3761879,-4789313,163253799,-1028367,-320752,104417,-0.22516742367767337,-0.2866645283901978,9.77156291481537,-0.2377518097000122,-0.07415579113769531,0.024140536125183104,61,f124fe00,43.51424862892,-79.68338145973,162.5813,-37.1,SOL_COMPUTED,SINGLE,good,1.8635,1.2109,3.2802,25,22,0.0,0.0,0,0,0,0,0,0,0,0,0,—,—,0.0,0.0,0.0,0.0
2026-05-25 11:46:45.227141,1779724005.227141,2420,143220.0,,,,,,,,,,,,,,,,0.0000,,,,0.0,0.0,0.0,0.0,0.0,0.0,0.0,0.0,0.0,-663714,-4983626,164527006,1412687,400197,138491,-0.039726629016723636,-0.2982951410699463,9.847770772643434,0.32660411194610595,0.09252296212005615,0.032018224891662596,61,f122fe00,43.51422777017,-79.68336755526,164.7033,-37.1,SOL_COMPUTED,SINGLE,good,2.1322,1.3195,3.4642,25,22,0.0,0.0,0,0,0,0,0,0,0,0,0,—,—,0.0,0.0,0.0,0.0
2026-05-25 11:46:46.252279,1779724006.252279,2420,143221.0,,,,,,,,,,,,,,,,0.0000,,,,0.0,0.0,0.0,0.0,0.0,0.0,0.0,0.0,0.0,-4411227,-3139387,166006372,-264128,-1306472,213184,-0.2640341751681519,-0.18790813918182375,9.936318285972902,-0.06106468798828125,-0.30204788983154296,0.04928676416015625,61,f120fe00,43.51423857326,-79.68337499973,162.3696,-37.1,SOL_COMPUTED,SINGLE,good,1.9961,1.2554,3.3559,25,22,0.0,0.0,0,0,0,0,0,0,0,0,0,—,—,0.0,0.0,0.0,0.0
2026-05-25 11:46:47.226225,1779724007.226225,2420,143222.0,,,,,,,,,,,,,,,,0.0000,,,,0.0,0.0,0.0,0.0,0.0,0.0,0.0,0.0,0.0,-2355324,-6171232,163936791,-949471,-98673,427217,-0.14097801577514651,-0.36937934749023443,9.812443429322206,-0.21951156397247315,-0.022812560417175293,0.09876981163787842,61,f11ffe00,43.51423948239,-79.68337643229,163.2579,-37.1,SOL_COMPUTED,SINGLE,good,2.0252,1.2766,3.3827,24,21,0.0,0.0,0,0,0,0,0,0,0,0,0,—,—,0.0,0.0,0.0,0.0
2026-05-25 11:46:48.069504,1779724008.069504,2420,143223.0,,,,,,,,,,,,,,,,0.0000,,,,0.0,0.0,0.0,0.0,0.0,0.0,0.0,0.0,0.0,-1732684,-7379922,165420837,-152095,-225087,217032,-0.10370987273315431,-0.44172553760559086,9.901271064245911,-0.0351633818435669,-0.05203866089630127,0.050176396911621096,61,f11dfe00,43.51424848678,-79.68338365843,161.3738,-37.1,SOL_COMPUTED,SINGLE,good,1.9494,1.2169,3.2612,25,22,0.0,0.0,0,0,0,0,0,0,0,0,0,—,—,0.0,0.0,0.0,0.0
2026-05-25 11:46:49.150962,1779724009.150962,2420,143224.0,,,,,,,,,,,,,,,,0.0000,,,,0.0,0.0,0.0,0.0,0.0,0.0,0.0,0.0,0.0,-2945751,-6269483,162190947,-816664,341790,-42507,-0.17631804836517337,-0.37526016517303473,9.70794586424286,-0.18880744317626952,0.07901964088439942,-0.009827343910217286,61,f11afe00,43.5142482544,-79.68338435233,161.5921,-37.1,SOL_COMPUTED,SINGLE,good,1.9541,1.2202,3.2586,24,22,0.0,0.0,0,0,0,0,0,0,0,0,0,—,—,0.0,0.0,0.0,0.0
2026-05-25 11:46:50.262022,1779724010.262022,2420,143225.0,,,,,,,,,,,,,,,,0.0000,,,,0.0,0.0,0.0,0.0,0.0,0.0,0.0,0.0,0.0,-3187184,-7830674,165300421,-278005,58160,-53663,-0.19076903060058598,-0.46870531727355963,9.894063559568178,-0.06427296077728271,0.013446216430664062,-0.012406539070129395,61,f119fe00,43.51424777299,-79.68338413041,161.2749,-37.1,SOL_COMPUTED,SINGLE,good,1.922,1.2178,3.2401,25,22,0.0,0.0,0,0,0,0,0,0,0,0,0,—,—,0.0,0.0,0.0,0.0
2026-05-25 11:46:51.327742,1779724011.327742,2420,143226.0,,,,,,,,,,,,,,,,0.0000,,,,0.0,0.0,0.0,0.0,0.0,0.0,0.0,0.0,0.0,-2802253,-6946418,164551306,-468419,-17592,-505141,-0.16772896961944583,-0.4157781376934815,9.84922525015198,-0.10829544797515869,-0.004067156799316406,-0.11678533724212646,61,f116fe00,43.51424936937,-79.68338493512,161.3657,-37.1,SOL_COMPUTED,SINGLE,good,1.874,1.25,3.2248,24,21,0.0,0.0,0,0,0,0,0,0,0,0,0,—,—,0.0,0.0,0.0,0.0
2026-05-25 11:46:52.199002,1779724012.199002,2420,143227.0,,,,,,,,,,,,,,,,0.0000,,,,0.0,0.0,0.0,0.0,0.0,0.0,0.0,0.0,0.0,-4203815,-4081629,164846668,309376,241745,-9300,-0.2516195212997437,-0.24430607319854739,9.866904154920656,0.0715257333984375,0.055889882926940915,-0.0021500999450683594,61,f114fe00,43.51424921101,-79.68338493316,161.1239,-37.1,SOL_COMPUTED,SINGLE,good,1.8701,1.241,3.3426,25,22,0.0,0.0,0,0,0,0,0,0,0,0,0,—,—,0.0,0.0,0.0,0.0
2026-05-25 11:46:53.253031,1779724013.253031,2420,143228.0,,,,,,,,,,,,,,,,0.0000,,,,0.0,0.0,0.0,0.0,0.0,0.0,0.0,0.0,0.0,-3475731,-5025477,164062486,14634,-105893,-14155,-0.2080400232614136,-0.3008001344119263,9.819966908764039,0.0033832863006591795,-0.024481777793884277,-0.003272544593811035,61,f112fe00,43.51425133888,-79.68338789547,162.1134,-37.1,SOL_COMPUTED,SINGLE,good,1.845,1.2261,3.2567,25,22,0.0,0.0,0,0,0,0,0,0,0,0,0,—,—,0.0,0.0,0.0,0.0
2026-05-25 11:46:54.248731,1779724014.248731,2420,143229.0,,,,,,,,,,,,,,,,0.0000,,,,0.0,0.0,0.0,0.0,0.0,0.0,0.0,0.0,0.0,-3754957,-4873626,163531187,-184888,-108360,-33794,-0.22475310708038335,-0.29171108650451666,9.788165985068055,-0.042744911682128905,-0.025052132263183594,-0.007812954574584962,61,f110fe00,43.51425036713,-79.68338789663,162.0734,-37.1,SOL_COMPUTED,SINGLE,good,1.894,1.2443,3.2862,25,22,0.0,0.0,0,0,0,0,0,0,0,0,0,—,—,0.0,0.0,0.0,0.0
2026-05-25 11:46:55.208442,1779724015.208442,2420,143230.0,,,,,,,,,,,,,,,,0.0000,,,,0.0,0.0,0.0,0.0,0.0,0.0,0.0,0.0,0.0,-4030820,-4287978,164650635,-109943,208131,-61328,-0.2412648983947754,-0.25665710115783696,9.85517059156952,-0.025418111640930177,0.048118543190002444,-0.014178637573242187,61,f10efe00,43.51424912892,-79.68338647593,161.4617,-37.1,SOL_COMPUTED,SINGLE,good,1.8556,1.2191,3.2195,26,22,0.0,0.0,0,0,0,0,0,0,0,0,0,—,—,0.0,0.0,0.0,0.0
2026-05-25 11:46:56.317953,1779724016.317953,2420,143231.0,,,,,,,,,,,,,,,,0.0000,,,,0.0,0.0,0.0,0.0,0.0,0.0,0.0,0.0,0.0,-4622356,-5081084,164526876,-2575,208822,-110104,-0.27667131022583014,-0.304128493704834,9.847762991488038,-0.000595323371887207,0.04827829792785644,-0.02545533380126953,61,f10cfe00,43.51422426775,-79.68336996422,165.2136,-37.1,SOL_COMPUTED,SINGLE,good,2.078,1.3158,3.4494,26,22,0.0,0.0,0,0,0,0,0,0,0,0,0,—,—,0.0,0.0,0.0,0.0
2026-05-25 11:46:57.389498,1779724017.389498,2420,143232.0,,,,,,,,,,,,,,,,0.0000,,,,0.0,0.0,0.0,0.0,0.0,0.0,0.0,0.0,0.0,1861270,-6644968,165241159,-437299,-784790,108475,0.1114063930999756,-0.39773483543212895,9.890516430098574,-0.1011007049331665,-0.18143838020324707,0.025078719520568848,61,f10afe00,43.51424296152,-79.68338342317,162.7,-37.1,SOL_COMPUTED,SINGLE,good,1.835,1.2172,3.216,26,22,0.0,0.0,0,0,0,0,0,0,0,0,0,—,—,0.0,0.0,0.0,0.0
2026-05-25 11:46:58.435875,1779724018.435875,2420,143233.0,,,,,,,,,,,,,,,,0.0000,,,,0.0,0.0,0.0,0.0,0.0,0.0,0.0,0.0,0.0,-3748591,-8045342,166698398,2909366,-645135,-663862,-0.22437206988616948,-0.48155427932312017,9.977739530924683,0.6726266319122315,-0.1491510460281372,-0.15348060749816894,61,f108fe00,43.51424509992,-79.68338606788,163.3476,-37.1,SOL_COMPUTED,SINGLE,good,1.8168,1.2034,3.1842,26,22,0.0,0.0,0,0,0,0,0,0,0,0,0,—,—,0.0,0.0,0.0,0.0
2026-05-25 11:46:59.439924,1779724019.439924,2420,143234.0,,,,,,,,,,,,,,,,0.0000,,,,0.0,0.0,0.0,0.0,0.0,0.0,0.0,0.0,0.0,-3265559,-3958747,164803636,-459721,-350288,-114021,-0.19546016947845463,-0.23695096598846438,9.864328472774659,-0.10628452654266357,-0.08098432360839844,-0.026360918907165527,61,f106fe00,43.51424794062,-79.68338809306,162.7172,-37.1,SOL_COMPUTED,SINGLE,good,1.7831,1.1862,3.1455,26,22,0.0,0.0,0,0,0,0,0,0,0,0,0,—,—,0.0,0.0,0.0,0.0
2026-05-25 11:47:00.441655,1779724020.441655,2420,143235.0,,,,,,,,,,,,,,,,0.0000,,,,0.0,0.0,0.0,0.0,0.0,0.0,0.0,0.0,0.0,-3814524,-5263585,164558899,230326,-163349,-18538,-0.2283184923376465,-0.3150520986343384,9.849679729482117,0.053249883865356444,-0.03776523397064209,-0.00428586589050293,61,f104fe00,43.51425224077,-79.68339016602,160.9796,-37.1,SOL_COMPUTED,SINGLE,good,1.7524,1.1736,3.1216,26,22,0.0,0.0,0,0,0,0,0,0,0,0,0,STATISTICANALYSIS,L2,1.0,2.756,0.95,0.514
2026-05-25 11:47:01.385272,1779724021.385272,2420,143236.0,,,,,,,,,,,,,,,,0.0000,,,,0.0,0.0,0.0,0.0,0.0,0.0,0.0,0.0,0.0,-3410023,-4395958,163456575,448099,101141,122669,-0.20410706819427493,-0.2631202485394287,9.783700080711366,0.10359759519195556,0.02338314608001709,0.02836028066253662,61,f102fe00,43.51425201124,-79.68338673581,159.0016,-37.1,SOL_COMPUTED,SINGLE,good,1.8426,1.2081,3.0541,26,22,0.0,0.0,0,0,0,0,0,0,0,0,0,—,—,0.0,0.0,0.0,0.0
2026-05-25 11:47:02.445913,1779724022.445913,2420,143237.0,,,,,,,,,,,,,,,,0.0000,,,,0.0,0.0,0.0,0.0,0.0,0.0,0.0,0.0,0.0,-3458237,-4731548,164291665,191550,89198,-11533,-0.20699291916534426,-0.28320700191772463,9.833684427320863,0.04428512306213379,0.02062200160217285,-0.0026663551254272463,61,f100fe00,43.51425615058,-79.68339002058,159.9358,-37.1,SOL_COMPUTED,SINGLE,good,1.788,1.1945,3.0236,26,22,0.0,0.0,0,0,0,0,0,0,0,0,0,—,—,0.0,0.0,0.0,0.0
2026-05-25 11:47:03.547476,1779724023.547476,2420,143238.0,,,,,,,,,,,,,,,,0.0000,,,,0.0,0.0,0.0,0.0,0.0,0.0,0.0,0.0,0.0,-3427644,-4024312,164527649,149832,1977,-7362,-0.20516177388061527,-0.240875361784668,9.84780925943512,0.034640190856933595,0.0004570696334838867,-0.001702046859741211,61,f0fefe00,43.51425975336,-79.68339169353,160.3003,-37.1,SOL_COMPUTED,SINGLE,good,1.8428,1.2138,3.1062,26,22,0.0,0.0,0,0,0,0,0,0,0,0,0,STATISTICANALYSIS,L2,1.682,2.472,0.924,0.39
2026-05-25 11:47:04.525043,1779724024.525043,2420,143239.0,,,,,,,,,,,,,,,,0.0000,,,,0.0,0.0,0.0,0.0,0.0,0.0,0.0,0.0,0.0,-3274631,-4116941,164076856,81893,22652,-72590,-0.19600317441497805,-0.24641967442413334,9.82082702571045,0.018933132774353028,0.005236996124267578,-0.016782339248657227,61,f0fcfe00,43.51425512163,-79.68338888016,160.3031,-37.1,SOL_COMPUTED,SINGLE,good,1.8107,1.2056,3.0405,26,22,0.0,0.0,0,0,0,0,0,0,0,0,0,—,—,0.0,0.0,0.0,0.0
2026-05-25 11:47:05.587878,1779724025.587878,2420,143240.0,,,,,,,,,,,,,,,,0.0000,,,,0.0,0.0,0.0,0.0,0.0,0.0,0.0,0.0,0.0,-3631833,-4661784,164124518,-61917,39836,-21095,-0.21738351495025637,-0.27903127480224615,9.82367983669861,-0.014314810569763184,0.009209825958251953,-0.004877027778625489,61,f0fafe00,43.5142568743,-79.68339035143,159.7585,-37.1,SOL_COMPUTED,SINGLE,good,1.7618,1.1802,2.9985,26,22,0.0,0.0,0,0,0,0,0,0,0,0,0,—,—,0.0,0.0,0.0,0.0
2026-05-25 11:47:06.653864,1779724026.653864,2420,143241.0,,,,,,,,,,,,,,,,0.0000,,,,0.0,0.0,0.0,0.0,0.0,0.0,0.0,0.0,0.0,-2750872,-2964390,160552715,1806188,269939,534140,-0.16465355773193363,-0.17743368648376467,9.609889419889832,0.4175790021057129,0.06240815366363525,0.12348971878051758,61,f0f8fe00,43.51426624116,-79.68339880049,158.0662,-37.1,SOL_COMPUTED,SINGLE,good,1.8219,1.1964,3.0397,24,20,0.0,0.0,0,0,0,0,0,0,0,0,0,—,—,0.0,0.0,0.0,0.0
2026-05-25 11:47:07.676201,1779724027.676201,2420,143242.0,,,,,,,,,,,,,,,,0.0000,,,,0.0,0.0,0.0,0.0,0.0,0.0,0.0,0.0,0.0,-3794889,-4260950,164760358,505426,268887,255129,-0.22714323859771732,-0.25503933909606935,9.861738066288453,0.1168512274017334,0.0621649380569458,0.058984177299499514,61,f0f7fe00,43.51426470711,-79.68339798711,158.5158,-37.1,SOL_COMPUTED,SINGLE,good,1.8473,1.1907,3.0489,25,21,0.0,0.0,0,0,0,0,0,0,0,0,0,—,—,0.0,0.0,0.0,0.0
2026-05-25 11:47:08.671771,1779724028.671771,2420,143243.0,,,,,,,,,,,,,,,,0.0000,,,,0.0,0.0,0.0,0.0,0.0,0.0,0.0,0.0,0.0,-3657937,-3768637,164413253,188616,7443,59518,-0.21894597095367435,-0.22557192404815676,9.84096208210724,0.043606801208496096,0.001720773536682129,0.013760177261352539,61,f0f5fe00,43.51426264157,-79.68339580644,158.8853,-37.1,SOL_COMPUTED,SINGLE,good,1.8205,1.1834,3.0347,24,20,0.0,0.0,0,0,0,0,0,0,0,0,0,—,—,0.0,0.0,0.0,0.0
2026-05-25 11:47:09.703223,1779724029.703223,2420,143244.0,,,,,,,,,,,,,,,,0.0000,,,,0.0,0.0,0.0,0.0,0.0,0.0,0.0,0.0,0.0,-3927029,-3614634,163745341,218165,-5840,13423,-0.2350524837820435,-0.2163540680914307,9.800984181626283,0.050438339195251466,-0.0013501702880859374,0.003103310920715332,61,f0f2fe00,43.51425872369,-79.6833938479,159.6088,-37.1,SOL_COMPUTED,SINGLE,good,1.8234,1.1874,3.0312,25,21,0.0,0.0,0,0,0,0,0,0,0,0,0,—,—,0.0,0.0,0.0,0.0
2026-05-25 11:47:10.657436,1779724030.657436,2420,143245.0,,,,,,,,,,,,,,,,0.0000,,,,0.0,0.0,0.0,0.0,0.0,0.0,0.0,0.0,0.0,-3450073,-4418854,163888937,-99254,31153,55644,-0.20650426260650637,-0.2644906895697022,9.809579126166078,-0.022946883865356444,0.007202372428894043,0.012864533477783203,61,f0f0fe00,43.51426025581,-79.68339559569,159.2599,-37.1,SOL_COMPUTED,SINGLE,good,1.8526,1.1949,3.051,26,22,0.0,0.0,0,0,0,0,0,0,0,0,0,—,—,0.0,0.0,0.0,0.0
2026-05-25 11:47:11.606074,1779724031.606074,2420,143246.0,,,,,,,,,,,,,,,,0.0000,,,,0.0,0.0,0.0,0.0,0.0,0.0,0.0,0.0,0.0,-3767565,-4145013,164914505,-49286,4898,-28827,-0.22550775944366458,-0.248099925149231,9.870964541371157,-0.011394604934692383,0.001132385971069336,-0.006664616249084473,61,f0eefe00,43.51426156526,-79.68339695737,159.0766,-37.1,SOL_COMPUTED,SINGLE,good,1.8508,1.1934,3.0496,26,22,0.0,0.0,0,0,0,0,0,0,0,0,0,—,—,0.0,0.0,0.0,0.0
2026-05-25 11:47:12.591613,1779724032.591613,2420,143247.0,,,,,,,,,,,,,,,,0.0000,,,,0.0,0.0,0.0,0.0,0.0,0.0,0.0,0.0,0.0,-3860641,-4947157,164440587,12956,112877,-3081,-0.23107882728668216,-0.2961122875613404,9.842598159811708,0.002995343536376953,0.02609643349456787,-0.0007123073043823243,61,f0ecfe00,43.51426090946,-79.68339655628,159.7964,-37.1,SOL_COMPUTED,SINGLE,good,1.8571,1.1945,3.0587,25,21,0.0,0.0,0,0,0,0,0,0,0,0,0,—,—,0.0,0.0,0.0,0.0
2026-05-25 11:47:13.668770,1779724033.668770,2420,143248.0,,,,,,,,,,,,,,,,0.0000,,,,0.0,0.0,0.0,0.0,0.0,0.0,0.0,0.0,0.0,-4154805,-5757591,163510612,-547334,319746,-32887,-0.24868602571563725,-0.34462084826751715,9.786934467589113,-0.12654008638000488,0.07392321043395995,-0.0076032620315551755,61,f0eafe00,43.5142649428,-79.68339974069,158.5942,-37.1,SOL_COMPUTED,SINGLE,good,1.8758,1.2063,3.0807,26,22,0.0,0.0,0,0,0,0,0,0,0,0,0,—,—,0.0,0.0,0.0,0.0
2026-05-25 11:47:14.635708,1779724034.635708,2420,143249.0,,,,,,,,,,,,,,,,0.0000,,,,0.0,0.0,0.0,0.0,0.0,0.0,0.0,0.0,0.0,-3159785,-2279723,164172879,-1528093,-88530,-442828,-0.18912906231842044,-0.1364529147824097,9.82657448636078,-0.3532852339096069,-0.020467564315795897,-0.10237897402954102,61,f0e8fe00,43.51423358447,-79.68337412095,162.2106,-37.1,SOL_COMPUTED,SINGLE,good,1.9967,1.2898,3.202,24,20,0.0,0.0,0,0,0,0,0,0,0,0,0,—,—,0.0,0.0,0.0,0.0
2026-05-25 11:47:15.620490,1779724035.620490,2420,143250.0,,,,,,,,,,,,,,,,0.0000,,,,0.0,0.0,0.0,0.0,0.0,0.0,0.0,0.0,0.0,-4295456,-2825460,165136714,-177911,-202112,859476,-0.25710469715820317,-0.16911802556762698,9.884264870288698,-0.04113187433624268,-0.0467269892578125,0.19870530111694337,61,f0e6fe00,43.51426235331,-79.68340135845,158.3111,-37.1,SOL_COMPUTED,SINGLE,good,1.8036,1.1877,3.0678,25,21,0.0,0.0,0,0,0,0,0,0,0,0,0,—,—,0.0,0.0,0.0,0.0
2026-05-25 11:47:16.771638,1779724036.771638,2420,143251.0,,,,,,,,,,,,,,,,0.0000,,,,0.0,0.0,0.0,0.0,0.0,0.0,0.0,0.0,0.0,-3323896,-4772674,163618923,-140008,-68599,552073,-0.198951933034668,-0.2856686003546143,9.793417426989443,-0.03236894549560547,-0.015859645820617677,0.12763571257781983,61,f0e4fe00,43.51426143107,-79.683400917,158.2501,-37.1,SOL_COMPUTED,SINGLE,good,1.8508,1.1987,3.1128,25,21,0.0,0.0,0,0,0,0,0,0,0,0,0,—,—,0.0,0.0,0.0,0.0
2026-05-25 11:47:17.798966,1779724037.798966,2420,143252.0,,,,,,,,,,,,,,,,0.0000,,,,0.0,0.0,0.0,0.0,0.0,0.0,0.0,0.0,0.0,-13129665,-5153842,163780168,548034,1800092,1053829,-0.7858766435073854,-0.30848342681457525,9.80306875315674,0.12670192185974122,0.416169646270752,0.24363845967864992,61,f0e2fe00,43.51426237204,-79.68340502813,158.3503,-37.1,SOL_COMPUTED,SINGLE,good,1.9474,1.2016,3.1272,25,21,0.0,0.0,0,0,0,0,0,0,0,0,0,—,—,0.0,0.0,0.0,0.0
2026-05-25 11:47:19.021192,1779724039.021192,2420,143253.0,,,,,,,,,,,,,,,,0.0000,,,,0.0,0.0,0.0,0.0,0.0,0.0,0.0,0.0,0.0,-7514316,-3839025,163623310,-250471,-141056,13072997,-0.44976969605346684,-0.22978500070953373,9.79368001105652,-0.05790727777862549,-0.032611236328125,3.0223924872665404,61,f0e0fe00,43.51422954066,-79.68337853322,162.9544,-37.1,SOL_COMPUTED,SINGLE,good,2.118,1.4066,3.2095,25,21,0.0,0.0,0,0,0,0,0,0,0,0,0,—,—,0.0,0.0,0.0,0.0
2026-05-25 11:47:20.038615,1779724040.038615,2420,143254.0,,,,,,,,,,,,,,,,0.0000,,,,0.0,0.0,0.0,0.0,0.0,0.0,0.0,0.0,0.0,-7780412,-4574936,164458741,-1419823,-225629,30831728,-0.4656968831774903,-0.2738329841577149,9.84368476823517,-0.3282539090652466,-0.052163967796325685,7.128096417114258,61,f0defe00,43.5142608031,-79.68341666961,159.3708,-37.1,SOL_COMPUTED,SINGLE,good,1.8845,1.2824,3.214,25,21,0.0,0.0,0,0,0,0,0,0,0,0,0,—,—,0.0,0.0,0.0,0.0
2026-05-25 11:47:20.954632,1779724040.954632,2420,143255.0,,,,,,,,,,,,,,,,0.0000,,,,0.0,0.0,0.0,0.0,0.0,0.0,0.0,0.0,0.0,-7053821,-5708551,163686520,-4834688,-642637,47041980,-0.42220674871612557,-0.3416855570321656,9.797463448229982,-1.1177486455078125,-0.148573524559021,10.87580200149536,61,f0dcfe00,43.51423120019,-79.68338458226,166.5677,-37.1,SOL_COMPUTED,SINGLE,good,2.4426,1.3754,4.6693,22,18,0.0,0.0,0,0,0,0,0,0,0,0,0,—,—,0.0,0.0,0.0,0.0
2026-05-25 11:47:22.080556,1779724042.080556,2420,143256.0,,,,,,,,,,,,,,,,0.0000,,,,0.0,0.0,0.0,0.0,0.0,0.0,0.0,0.0,0.0,2676105,-11006084,164335277,-1213823,-1089610,33883313,0.16017837584381106,-0.6587696146154786,9.836294825390931,-0.28062803931427,-0.25191079582214354,7.833603163444519,61,f0dafe00,43.51423749288,-79.68337768027,169.8283,-37.1,SOL_COMPUTED,SINGLE,good,2.4684,1.8881,5.4376,19,16,0.0,0.0,0,0,0,0,0,0,0,0,0,—,—,0.0,0.0,0.0,0.0
2026-05-25 11:47:23.158401,1779724043.158401,2420,143257.0,,,,,,,,,,,,,,,,0.0000,,,,0.0,0.0,0.0,0.0,0.0,0.0,0.0,0.0,0.0,-10123877,-3035904,163802938,3612900,2000317,1657796,-0.605965078015442,-0.18171415992187503,9.804431652451784,0.8352791496276856,0.4624603733139038,0.3832717299499512,61,f0d8fe00,43.51425528658,-79.68340450752,162.6871,-37.1,SOL_COMPUTED,SINGLE,good,2.0644,1.516,4.2465,24,19,0.0,0.0,0,0,0,0,0,0,0,0,0,—,—,0.0,0.0,0.0,0.0
2026-05-25 11:47:24.143473,1779724044.143473,2420,143258.0,,,,,,,,,,,,,,,,0.0000,,,,0.0,0.0,0.0,0.0,0.0,0.0,0.0,0.0,0.0,-4886282,-7181229,164780582,1291470,36487,1538082,-0.29246861190979007,-0.4298327598440552,9.86294857464783,0.298579524307251,0.008435558784484863,0.35559462620544435,61,f0d6fe00,43.51425472149,-79.68340018344,163.1147,-37.1,SOL_COMPUTED,SINGLE,good,2.0037,1.4472,4.1272,23,19,0.0,0.0,0,0,0,0,0,0,0,0,0,—,—,0.0,0.0,0.0,0.0
2026-05-25 11:47:25.162314,1779724045.162314,2420,143259.0,,,,,,,,,,,,,,,,0.0000,,,,0.0,0.0,0.0,0.0,0.0,0.0,0.0,0.0,0.0,4981718,-6104309,165541722,-431122,-1026325,-1028656,0.29818093765075687,-0.3653736685476685,9.908506640938112,-0.09967262242126465,-0.23727971248626709,-0.23781862463378906,61,f0d4fe00,43.51425954379,-79.68340203593,162.0842,-37.1,SOL_COMPUTED,SINGLE,good,2.1232,1.5245,4.4626,23,19,0.0,0.0,0,0,0,0,0,0,0,0,0,—,—,0.0,0.0,0.0,0.0
2026-05-25 11:47:26.068118,1779724046.068118,2420,143260.0,,,,,,,,,,,,,,,,0.0000,,,,0.0,0.0,0.0,0.0,0.0,0.0,0.0,0.0,0.0,3964185,1404528,163091961,1784128,2417240,42284243,0.23727645770416264,0.08406808173339846,9.76187609460846,0.4124788725585938,0.5588502786254883,9.775843930274963,61,f0d2fe00,43.5142549688,-79.6833851654,162.6449,-37.1,SOL_COMPUTED,SINGLE,good,2.011,1.4467,4.1346,22,18,0.0,0.0,0,0,0,0,0,0,0,0,0,—,—,0.0,0.0,0.0,0.0
2026-05-25 11:47:27.138606,1779724047.138606,2420,143261.0,,,,,,,,,,,,,,,,0.0000,,,,0.0,0.0,0.0,0.0,0.0,0.0,0.0,0.0,0.0,-204883,7061803,164587696,-2346837,-1246958,83624588,-0.012263280468444826,0.4226845116574097,9.851403375112307,-0.5425735596542358,-0.28828863734436033,19.333464738189697,61,f0d0fe00,43.51426588567,-79.68336305992,162.0725,-37.1,SOL_COMPUTED,SINGLE,good,2.1769,1.4751,4.3486,22,17,0.0,0.0,0,0,0,0,0,0,0,0,0,—,—,0.0,0.0,0.0,0.0
2026-05-25 11:47:28.177699,1779724048.177699,2420,143262.0,,,,,,,,,,,,,,,,0.0000,,,,0.0,0.0,0.0,0.0,0.0,0.0,0.0,0.0,0.0,-4358202,15571353,166924474,-2635801,-2067384,123892908,-0.2608603615924073,0.9320239800869752,9.991271319287721,-0.609380170463562,-0.4779658306274414,28.64324028872681,61,f0cefe00,43.51427969709,-79.68336553921,153.0445,-37.1,SOL_COMPUTED,SINGLE,good,3.1181,1.3537,4.4569,22,18,0.0,0.0,0,0,0,0,0,0,0,0,0,—,—,0.0,0.0,0.0,0.0
2026-05-25 11:47:29.042750,1779724049.042750,2420,143263.0,,,,,,,,,,,,,,,,0.0000,,,,0.0,0.0,0.0,0.0,0.0,0.0,0.0,0.0,0.0,-7893236,21326045,166634186,-6027124,-2127229,148721623,-0.47244996838012704,1.2764713085891726,9.973896118999635,-1.3934321485290528,-0.49180160817718505,34.383478864814755,61,f0ccfe00,43.51429447967,-79.68335074666,154.9668,-37.1,SOL_COMPUTED,SINGLE,good,2.2106,1.3633,4.0222,22,18,0.0,0.0,0,0,0,0,0,0,0,0,0,—,—,0.0,0.0,0.0,0.0
2026-05-25 11:47:30.069965,1779724050.069965,2420,143264.0,,,,,,,,,,,,,,,,0.0000,,,,0.0,0.0,0.0,0.0,0.0,0.0,0.0,0.0,0.0,-16019980,14694871,160837505,-12192661,-4750092,131357580,-0.9588765677917482,0.8795621135995485,9.62693553715973,-2.8188644888534546,-1.0981905965881347,30.36902425186157,61,f0cafe00,43.51434734158,-79.68335923049,157.546,-37.1,SOL_COMPUTED,SINGLE,good,2.2783,1.3996,4.1005,21,17,0.0,0.0,0,0,0,0,0,0,0,0,0,—,—,0.0,0.0,0.0,0.0
2026-05-25 11:47:31.127789,1779724051.127789,2420,143265.0,,,,,,,,,,,,,,,,0.0000,,,,0.0,0.0,0.0,0.0,0.0,0.0,0.0,0.0,0.0,-9087269,21253811,164647299,-5295157,-5394440,127198371,-0.5439188631521608,1.2721477395211793,9.854970915151064,-1.2242061048202515,-1.2471596932983398,29.407441989234925,61,f0c8fe00,43.51437704714,-79.6833871798,154.7901,-37.1,SOL_COMPUTED,SINGLE,good,2.1874,1.3471,4.1049,23,19,0.0,0.0,0,0,0,0,0,0,0,0,0,STATISTICANALYSIS,L2,1.548,-0.378,1.361,0.406
2026-05-25 11:47:31.987855,1779724051.987855,2420,143266.0,,,,,,,,,,,,,,,,0.0000,,,,0.0,0.0,0.0,0.0,0.0,0.0,0.0,0.0,0.0,-20992323,34070474,165536110,-3240665,-6503182,154825131,-1.256496364428406,2.039289635327759,9.908170734445191,-0.7492208213424683,-1.5034936839752198,35.79457050089264,61,f0c6fe00,43.51436948031,-79.68342480356,153.1161,-37.1,SOL_COMPUTED,SINGLE,good,2.888,1.374,4.3295,22,20,0.0,0.0,0,0,0,0,0,0,0,0,0,STATISTICANALYSIS,L2,1.322,-0.378,1.361,0.406
2026-05-25 11:47:32.996059,1779724052.996059,2420,143267.0,,,,,,,,,,,,,,,,0.0000,,,,0.0,0.0,0.0,0.0,0.0,0.0,0.0,0.0,0.0,-11201687,8892043,164483120,9133080,1230268,144979795,-0.6704774402987672,0.5322336028195191,9.845143974291993,2.1115091189575197,0.2844300171203613,33.518392394142154,61,f0c4fe00,43.51434043426,-79.68344348634,165.5618,-37.1,SOL_COMPUTED,SINGLE,good,2.3747,1.5109,5.4139,22,18,0.0,0.0,0,0,0,0,0,0,0,0,0,—,—,0.0,0.0,0.0,0.0
2026-05-25 11:47:33.976135,1779724053.976135,2420,143268.0,,,,,,,,,,,,,,,,0.0000,,,,0.0,0.0,0.0,0.0,0.0,0.0,0.0,0.0,0.0,-4277167,19087135,163173900,-2416101,-1216770,135969214,-0.2560100083041382,1.1424612576156619,9.766780556854249,-0.558586949180603,-0.28130936668395995,31.435204252944946,61,f0c2fe00,43.51435054757,-79.6834812517,155.7313,-37.1,SOL_COMPUTED,SINGLE,good,1.9852,1.3729,4.0921,24,20,0.0,0.0,0,0,0,0,0,0,0,0,0,—,—,0.0,0.0,0.0,0.0
2026-05-25 11:47:35.018184,1779724055.018184,2420,143269.0,,,,,,,,,,,,,,,,0.0000,,,,0.0,0.0,0.0,0.0,0.0,0.0,0.0,0.0,0.0,-13351355,18300600,163625539,1050054,670019,145824969,-0.7991459076583863,1.095383172546387,9.793813427944032,0.24276570405578612,0.1549040661392212,33.71379116521454,61,f0c0fe00,43.51428193328,-79.68345519933,167.9352,-37.1,SOL_COMPUTED,SINGLE,good,2.3606,1.5124,5.1071,21,18,0.0,0.0,0,0,0,0,0,0,0,0,0,—,—,0.0,0.0,0.0,0.0
2026-05-25 11:47:35.948337,1779724055.948337,2420,143270.0,,,,,,,,,,,,,,,,0.0000,,,,0.0,0.0,0.0,0.0,0.0,0.0,0.0,0.0,0.0,-3244435,-5662631,165960108,5657126,-3510406,62547286,-0.1941957915817261,-0.3389370135263062,9.933549152332764,1.3078910001983644,-0.8115831986846924,14.460528622879028,61,f0befe00,43.51430092442,-79.68347427704,155.4342,-37.1,SOL_COMPUTED,SINGLE,good,2.0479,1.4251,4.1866,21,18,0.0,0.0,0,0,0,0,0,0,0,0,0,—,—,0.0,0.0,0.0,0.0
2026-05-25 11:47:37.048172,1779724057.048172,2420,143271.0,,,,,,,,,,,,,,,,0.0000,,,,0.0,0.0,0.0,0.0,0.0,0.0,0.0,0.0,0.0,-6591788,-9771005,164461601,-3884098,1703699,-28013440,-0.3945517443249512,-0.5848439098098756,9.843855953653872,-0.8979783759613037,0.39388420713043215,-6.476526430664062,61,f0bcfe00,43.51427294616,-79.68346565486,155.2045,-37.1,SOL_COMPUTED,SINGLE,good,2.0348,1.4828,4.2581,23,19,0.0,0.0,0,0,0,0,0,0,0,0,0,—,—,0.0,0.0,0.0,0.0
2026-05-25 11:47:38.022138,1779724058.022138,2420,143272.0,,,,,,,,,,,,,,,,0.0000,,,,0.0,0.0,0.0,0.0,0.0,0.0,0.0,0.0,0.0,379102,-23050879,164664651,3963041,-147680,-103793766,0.02269116594421387,-1.3797113192465211,9.85600951983124,0.9162294877853393,-0.034142662353515624,-23.996448448928835,61,f0bafe00,43.51423871536,-79.68345468819,158.0015,-37.1,SOL_COMPUTED,SINGLE,good,3.1147,1.7372,7.4263,18,15,0.0,0.0,0,0,0,0,0,0,0,0,0,—,—,0.0,0.0,0.0,0.0
2026-05-25 11:47:38.975680,1779724058.975680,2420,143273.0,,,,,,,,,,,,,,,,0.0000,,,,0.0,0.0,0.0,0.0,0.0,0.0,0.0,0.0,0.0,-13732910,-21906567,161772443,7994513,3355076,-134876205,-0.8219838980194093,-1.3112184769931032,9.682896289953309,1.8482797808761597,0.7756719057312012,-31.18250763027191,61,f0b8fe00,43.51421625028,-79.68346675544,159.1089,-37.1,SOL_COMPUTED,SINGLE,good,3.0493,1.728,6.9603,19,18,0.0,0.0,0,0,0,0,0,0,0,0,0,—,—,0.0,0.0,0.0,0.0
2026-05-25 11:47:40.085999,1779724060.085999,2420,143274.0,,,,,,,,,,,,,,,,0.0000,,,,0.0,0.0,0.0,0.0,0.0,0.0,0.0,0.0,0.0,-18205632,-20101370,161979181,10989055,4795610,-135982581,-1.089698858964844,-1.2031683356353762,9.695270601523744,2.5405985539627074,1.1087140642547608,-31.43829461702728,61,f0b6fe00,43.51422579392,-79.68349218595,158.2285,-37.1,SOL_COMPUTED,SINGLE,good,2.1642,1.3885,4.4137,21,19,0.0,0.0,0,0,0,0,0,0,0,0,0,—,—,0.0,0.0,0.0,0.0
2026-05-25 11:47:40.958842,1779724060.958842,2420,143275.0,,,,,,,,,,,,,,,,0.0000,,,,0.0,0.0,0.0,0.0,0.0,0.0,0.0,0.0,0.0,-19667382,-19396053,164781810,-6343266,88868,-136754402,-1.1771919658831789,-1.1609515573269655,9.863022076638796,-1.4665221374359132,0.020545707733154298,-31.616734648178102,61,f0b4fe00,43.51421722556,-79.68352810691,161.8873,-37.1,SOL_COMPUTED,SINGLE,good,1.9476,1.5671,4.2695,21,18,0.0,0.0,0,0,0,0,0,0,0,0,0,—,—,0.0,0.0,0.0,0.0
2026-05-25 11:47:41.964734,1779724061.964734,2420,143276.0,,,,,,,,,,,,,,,,0.0000,,,,0.0,0.0,0.0,0.0,0.0,0.0,0.0,0.0,0.0,1102642,-26065030,162000989,8308539,-8944429,-130664108,0.0659986826739502,-1.5601234524505618,9.696575920268861,1.9208805642471314,-2.067894225975037,-30.208698003570557,61,f0b2fe00,43.51420100365,-79.68356503854,171.1375,-37.1,SOL_COMPUTED,SINGLE,good,2.7541,2.4885,5.4455,18,15,0.0,0.0,0,0,0,0,0,0,0,0,0,—,—,0.0,0.0,0.0,0.0
2026-05-25 11:47:43.100691,1779724063.100691,2420,143277.0,,,,,,,,,,,,,,,,0.0000,,,,0.0,0.0,0.0,0.0,0.0,0.0,0.0,0.0,0.0,-3685360,-21114420,166858585,14519456,13889600,-142932099,-0.22058737575683596,-1.2638044854309083,9.98732753045807,3.356804467529297,3.2111858276367187,-33.044978301979064,61,f0affe00,43.51427039157,-79.68358641514,159.9093,-37.1,SOL_COMPUTED,SINGLE,good,2.2555,2.4339,4.6897,20,17,0.0,0.0,0,0,0,0,0,0,0,0,0,—,—,0.0,0.0,0.0,0.0
2026-05-25 11:47:44.141746,1779724064.141746,2420,143278.0,,,,,,,,,,,,,,,,0.0000,,,,0.0,0.0,0.0,0.0,0.0,0.0,0.0,0.0,0.0,-11978758,-28794713,164517161,3499310,8147199,-149609540,-0.7169890572552491,-1.723508741708069,9.847181499759827,0.8090178751373291,1.8835797981033324,-34.58875954147339,61,f0aefe00,43.51427515367,-79.68355346148,161.2593,-37.1,SOL_COMPUTED,SINGLE,good,2.243,1.7144,4.9132,22,18,0.0,0.0,0,0,0,0,0,0,0,0,0,—,—,0.0,0.0,0.0,0.0
2026-05-25 11:47:45.162527,1779724065.162527,2420,143279.0,,,,,,,,,,,,,,,,0.0000,,,,0.0,0.0,0.0,0.0,0.0,0.0,0.0,0.0,0.0,-14713603,-26813788,163033845,1159410,6814407,-140429729,-0.8806833182369996,-1.6049403936169435,9.75839755901642,0.2680481050872803,1.5754468942337037,-32.46644651708221,61,f0abfe00,43.51429534221,-79.68353485195,160.3219,-37.1,SOL_COMPUTED,SINGLE,good,2.3184,1.7231,5.162,21,17,0.0,0.0,0,0,0,0,0,0,0,0,0,—,—,0.0,0.0,0.0,0.0
2026-05-25 11:47:46.091403,1779724066.091403,2420,143280.0,,,,,,,,,,,,,,,,0.0000,,,,0.0,0.0,0.0,0.0,0.0,0.0,0.0,0.0,0.0,-14571176,-20475142,158559027,6509273,1299661,-114014341,-0.8721583442407228,-1.2255404742083742,9.490557141903993,1.5049018838424684,0.3004732306137085,-26.35937938936615,61,f0aafe00,43.51430562914,-79.68347701229,148.6071,-37.1,SOL_COMPUTED,SINGLE,good,2.2288,1.5653,4.1623,22,19,0.0,0.0,0,0,0,0,0,0,0,0,0,—,—,0.0,0.0,0.0,0.0
2026-05-25 11:47:47.124357,1779724067.124357,2420,143281.0,,,,,,,,,,,,,,,,0.0000,,,,0.0,0.0,0.0,0.0,0.0,0.0,0.0,0.0,0.0,-8027087,-11401345,163656466,3023982,-570522,-71126898,-0.4804616255404664,-0.682427978175354,9.795664564812624,0.6991251109771729,-0.131901002243042,-16.444079514266967,61,f0a7fe00,43.51431590933,-79.68347421461,151.5684,-37.1,SOL_COMPUTED,SINGLE,good,2.3663,1.3757,3.8703,25,21,0.0,0.0,0,0,0,0,0,0,0,0,0,—,—,0.0,0.0,0.0,0.0
2026-05-25 11:47:48.011262,1779724068.011262,2420,143282.0,,,,,,,,,,,,,,,,0.0000,,,,0.0,0.0,0.0,0.0,0.0,0.0,0.0,0.0,0.0,-5621336,-3707311,165148315,722492,-1621915,7364275,-0.3364652995874024,-0.22190125377288822,9.884959248625185,0.16703548489379882,-0.3749762744522095,1.702572825050354,61,f0a5fe00,43.51431378198,-79.68345721104,153.4597,-37.1,SOL_COMPUTED,SINGLE,good,2.1455,1.3995,3.5345,24,20,0.0,0.0,0,0,0,0,0,0,0,0,0,—,—,0.0,0.0,0.0,0.0
2026-05-25 11:47:49.029584,1779724069.029584,2420,143283.0,,,,,,,,,,,,,,,,0.0000,,,,0.0,0.0,0.0,0.0,0.0,0.0,0.0,0.0,0.0,-11420130,5825744,163680179,-4020937,1370599,71022028,-0.683552355130005,0.3487001489111329,9.797083907411805,-0.9296146691207886,0.316873638130188,16.41983424746704,61,f0a3fe00,43.5143122764,-79.68341131818,153.3426,-37.1,SOL_COMPUTED,SINGLE,good,2.1552,1.3048,3.5334,24,20,0.0,0.0,0,0,0,0,0,0,0,0,0,—,—,0.0,0.0,0.0,0.0
2026-05-25 11:47:50.075643,1779724070.075643,2420,143284.0,,,,,,,,,,,,,,,,0.0000,,,,0.0,0.0,0.0,0.0,0.0,0.0,0.0,0.0,0.0,-11218690,11114959,163571657,-3236553,-1380818,103183329,-0.6714951555694582,0.6652863322592164,9.790588318597718,-0.7482701534957886,-0.3192362049407959,23.855319356437683,61,f0a1fe00,43.51432163041,-79.68338030155,151.755,-37.1,SOL_COMPUTED,SINGLE,good,2.1458,1.3359,3.6686,25,22,0.0,0.0,0,0,0,0,0,0,0,0,0,—,—,0.0,0.0,0.0,0.0
2026-05-25 11:47:51.049011,1779724071.049011,2420,143285.0,,,,,,,,,,,,,,,,0.0000,,,,0.0,0.0,0.0,0.0,0.0,0.0,0.0,0.0,0.0,-9587541,21704301,162087630,-8834092,-2681982,133709396,-0.5738626644754029,1.2991118371682742,9.7017618209198,-2.042385024078369,-0.6200569194488526,30.912748924163818,61,f09ffe00,43.51434549326,-79.68337757813,152.268,-37.1,SOL_COMPUTED,SINGLE,good,2.1109,1.3003,3.5878,25,22,0.0,0.0,0,0,0,0,0,0,0,0,0,—,—,0.0,0.0,0.0,0.0
2026-05-25 11:47:52.152333,1779724072.152333,2420,143286.0,,,,,,,,,,,,,,,,0.0000,,,,0.0,0.0,0.0,0.0,0.0,0.0,0.0,0.0,0.0,-16167802,17121898,169289744,-7856985,-5059024,130662871,-0.9677244597369387,1.0248319154156496,10.132844653305666,-1.8164841953659057,-1.169613680053711,30.20841201715851,61,f09dfe00,43.51433901793,-79.68337315813,154.4068,-37.1,SOL_COMPUTED,SINGLE,good,3.3516,1.3866,4.2722,19,18,0.0,0.0,0,0,0,0,0,0,0,0,0,—,—,0.0,0.0,0.0,0.0
2026-05-25 11:47:53.250752,1779724073.250752,2420,143287.0,,,,,,,,,,,,,,,,0.0000,,,,0.0,0.0,0.0,0.0,0.0,0.0,0.0,0.0,0.0,-6174218,14535446,166066807,-11069495,-4997610,122500810,-0.36955807464416507,0.8700197236077882,9.939935625406191,-2.5591957625198365,-1.1554151598358153,28.32139622062683,61,f09bfe00,43.51436094146,-79.68336586907,159.3631,-37.1,SOL_COMPUTED,SINGLE,good,2.8584,1.4444,4.3057,22,21,0.0,0.0,0,0,0,0,0,0,0,0,0,—,—,0.0,0.0,0.0,0.0
2026-05-25 11:47:54.149749,1779724074.149749,2420,143288.0,,,,,,,,,,,,,,,,0.0000,,,,0.0,0.0,0.0,0.0,0.0,0.0,0.0,0.0,0.0,-14253337,12800271,165879294,-8060466,-4158961,132944771,-0.8531340777041627,0.7661607519662477,9.928712027008668,-1.863527688583374,-0.9615249266281128,30.73597256174469,61,f099fe00,43.51438788639,-79.6834113434,154.8386,-37.1,SOL_COMPUTED,SINGLE,good,2.0944,1.2852,3.5991,21,20,0.0,0.0,0,0,0,0,0,0,0,0,0,—,—,0.0,0.0,0.0,0.0
2026-05-25 11:47:55.150703,1779724075.150703,2420,143289.0,,,,,,,,,,,,,,,,0.0000,,,,0.0,0.0,0.0,0.0,0.0,0.0,0.0,0.0,0.0,-9526748,12007145,165711486,-2164925,-7845336,124961570,-0.570223896937256,0.7186881623184205,9.918667872203981,-0.5005166799545289,-1.8137910217895508,28.89030804222107,61,f097fe00,43.51440114572,-79.6834478654,151.9794,-37.1,SOL_COMPUTED,SINGLE,good,3.5003,1.3972,4.3201,24,20,0.0,0.0,0,0,0,0,0,0,0,0,0,—,—,0.0,0.0,0.0,0.0
2026-05-25 11:47:56.153647,1779724076.153647,2420,143290.0,,,,,,,,,,,,,,,,0.0000,,,,0.0,0.0,0.0,0.0,0.0,0.0,0.0,0.0,0.0,-4546684,11213950,164345870,-3357090,-5065926,128830984,-0.2721419595251465,0.6712114426727296,9.836928869845583,-0.7761375295257569,-1.1712093778839112,29.78489157220459,61,f095fe00,43.51437666755,-79.68345780006,155.4071,-37.1,SOL_COMPUTED,SINGLE,good,1.9983,1.2947,3.5997,23,21,0.0,0.0,0,0,0,0,0,0,0,0,0,—,—,0.0,0.0,0.0,0.0
2026-05-25 11:47:57.183004,1779724077.183004,2420,143291.0,,,,,,,,,,,,,,,,0.0000,,,,0.0,0.0,0.0,0.0,0.0,0.0,0.0,0.0,0.0,-4197683,16542925,165380781,-8881484,-1808064,136105853,-0.25125249018524176,0.9901774624710085,9.898873510703432,-2.0533417484436036,-0.41801272119140626,31.466794307395936,61,f093fe00,43.51435416111,-79.68347204085,156.2832,-37.1,SOL_COMPUTED,SINGLE,good,1.9721,1.3097,3.6707,23,22,0.0,0.0,0,0,0,0,0,0,0,0,0,—,—,0.0,0.0,0.0,0.0
2026-05-25 11:47:58.224427,1779724078.224427,2420,143292.0,,,,,,,,,,,,,,,,0.0000,,,,0.0,0.0,0.0,0.0,0.0,0.0,0.0,0.0,0.0,-11206538,15090644,161701525,-4518352,-2326194,109343051,-0.6707677971051026,0.903251122940674,9.678651490119936,-1.044613805053711,-0.5378010313568116,25.27940730631256,61,f091fe00,43.51432118412,-79.68347696273,158.42,-37.1,SOL_COMPUTED,SINGLE,good,2.3334,1.7574,4.3516,24,20,0.0,0.0,0,0,0,0,0,0,0,0,0,—,—,0.0,0.0,0.0,0.0
2026-05-25 11:47:59.284082,1779724079.284082,2420,143293.0,,,,,,,,,,,,,,,,0.0000,,,,0.0,0.0,0.0,0.0,0.0,0.0,0.0,0.0,0.0,-8118488,-2093998,163963434,-1349187,-3008786,44307531,-0.4859324361889649,-0.1253363371990967,9.814038147192994,-0.3119233219985962,-0.6956118939056396,10.243615050453187,61,f08ffe00,43.51431035931,-79.68349302471,159.0121,-37.1,SOL_COMPUTED,SINGLE,good,2.0884,1.5153,4.1671,20,19,0.0,0.0,0,0,0,0,0,0,0,0,0,—,—,0.0,0.0,0.0,0.0
2026-05-25 11:48:00.277370,1779724080.277370,2420,143294.0,,,,,,,,,,,,,,,,0.0000,,,,0.0,0.0,0.0,0.0,0.0,0.0,0.0,0.0,0.0,-7104810,-6275350,165894188,638981,1501756,-6991391,-0.4252586974273682,-0.3756113347015381,9.929603507996827,0.1477282809677124,0.34719628958129883,-1.616364452156067,61,f08dfe00,43.51424468093,-79.68346225272,171.1316,-37.1,SOL_COMPUTED,SINGLE,good,2.4521,1.6217,5.1644,19,18,0.0,0.0,0,0,0,0,0,0,0,0,0,—,—,0.0,0.0,0.0,0.0
2026-05-25 11:48:01.342408,1779724081.342408,2420,143295.0,,,,,,,,,,,,,,,,0.0000,,,,0.0,0.0,0.0,0.0,0.0,0.0,0.0,0.0,0.0,4703368,-9013450,164250493,-177659,466602,-49047453,0.28152028684814456,-0.5395004238433838,9.831220075552064,-0.0410736135635376,0.10787536930847168,-11.339454408714294,61,f08bfe00,43.51426907855,-79.68349309192,159.575,-37.1,SOL_COMPUTED,SINGLE,good,2.0649,1.3956,4.1983,22,19,0.0,0.0,0,0,0,0,0,0,0,0,0,—,—,0.0,0.0,0.0,0.0
2026-05-25 11:48:02.411759,1779724082.411759,2420,143296.0,,,,,,,,,,,,,,,,0.0000,,,,0.0,0.0,0.0,0.0,0.0,0.0,0.0,0.0,0.0,5097587,-11068644,163246006,5282454,-1171039,-75577172,0.305116281454773,-0.662514146011963,9.77109646447693,1.2212692532501221,-0.27073665479278564,-17.472954125335693,61,f089fe00,43.51419704382,-79.6834697836,170.5941,-37.1,SOL_COMPUTED,SINGLE,good,2.4275,1.5795,5.7885,19,17,0.0,0.0,0,0,0,0,0,0,0,0,0,—,—,0.0,0.0,0.0,0.0
2026-05-25 11:48:03.268361,1779724083.268361,2420,143297.0,,,,,,,,,,,,,,,,0.0000,,,,0.0,0.0,0.0,0.0,0.0,0.0,0.0,0.0,0.0,2865238,-23025675,164890124,4641581,4542173,-84780034,0.17149893940856936,-1.3782027327804567,9.86950521560425,1.0731035541000367,1.0501210664291383,-19.600596392074586,61,f087fe00,43.51423111503,-79.68351769001,154.7659,-37.1,SOL_COMPUTED,SINGLE,good,2.0898,1.7317,4.6599,18,16,0.0,0.0,0,0,0,0,0,0,0,0,0,—,—,0.0,0.0,0.0,0.0
2026-05-25 11:48:04.276786,1779724084.276786,2420,143298.0,,,,,,,,,,,,,,,,0.0000,,,,0.0,0.0,0.0,0.0,0.0,0.0,0.0,0.0,0.0,7010581,-17445245,166561346,4483038,-6477177,-54640299,0.41961861672149664,-1.0441858635208132,9.969536277776491,1.0364494362945558,-1.4974814959030152,-12.632484288002015,61,f085fe00,43.51413372463,-79.68352567113,174.0509,-37.1,SOL_COMPUTED,SINGLE,good,2.4417,1.7556,5.7686,20,18,0.0,0.0,0,0,0,0,0,0,0,0,0,—,—,0.0,0.0,0.0,0.0
2026-05-25 11:48:05.325392,1779724085.325392,2420,143299.0,,,,,,,,,,,,,,,,0.0000,,,,0.0,0.0,0.0,0.0,0.0,0.0,0.0,0.0,0.0,-9814084,-2972836,158860578,-3769242,-8896221,-10271353,-0.5874224051428224,-0.17793922216430666,9.508606489524537,-0.871424410446167,-2.0567488476791382,-2.37467048613739,61,f083fe00,43.51419096609,-79.68356225171,154.5057,-37.1,SOL_COMPUTED,SINGLE,good,1.9493,1.4115,3.8474,22,21,0.0,0.0,0,0,0,0,0,0,0,0,0,—,—,0.0,0.0,0.0,0.0
2026-05-25 11:48:06.391887,1779724086.391887,2420,143300.0,,,,,,,,,,,,,,,,0.0000,,,,0.0,0.0,0.0,0.0,0.0,0.0,0.0,0.0,0.0,-15596558,-1997081,158450106,-382846,403130,-6061440,-0.9335326264080812,-0.11953536614166262,9.484037670928346,-0.08851152296447753,0.09320105278015137,-1.4013657861328126,61,f081fe00,43.51415667306,-79.68361221898,153.6513,-37.1,SOL_COMPUTED,SINGLE,good,1.9247,1.3887,3.852,22,20,0.0,0.0,0,0,0,0,0,0,0,0,0,STATISTICANALYSIS,L5,2.037,0.393,0.532,0.537
2026-05-25 11:48:07.361498,1779724087.361498,2420,143301.0,,,,,,,,,,,,,,,,0.0000,,,,0.0,0.0,0.0,0.0,0.0,0.0,0.0,0.0,0.0,-17160722,-11877050,165363723,-8576491,-1764641,-22438969,-1.0271557275469971,-0.7109013206939698,9.897852503405458,-1.9828293363418579,-0.40797360399627686,-5.1877447327194215,61,f07ffe00,43.51414057029,-79.68365191196,152.6882,-37.1,SOL_COMPUTED,SINGLE,good,1.9328,1.3909,3.8581,23,20,0.0,0.0,0,0,0,0,0,0,0,0,0,STATISTICANALYSIS,L5,1.64,0.393,0.532,0.537
2026-05-25 11:48:08.370777,1779724088.370777,2420,143302.0,,,,,,,,,,,,,,,,0.0000,,,,0.0,0.0,0.0,0.0,0.0,0.0,0.0,0.0,0.0,-27561947,-18560527,170413525,2066650,-10658807,-41548044,-1.6497214816134647,-1.1109411139193728,10.200108611701967,0.4777961345672607,-2.4642473489456176,-9.605639475494385,61,f07dfe00,43.51412925544,-79.68368022088,153.2248,-37.1,SOL_COMPUTED,SINGLE,good,1.9281,1.3577,3.8234,23,21,0.0,0.0,0,0,0,0,0,0,0,0,0,—,—,0.0,0.0,0.0,0.0
2026-05-25 11:48:09.361640,1779724089.361640,2420,143303.0,,,,,,,,,,,,,,,,0.0000,,,,0.0,0.0,0.0,0.0,0.0,0.0,0.0,0.0,0.0,-1712833,4481090,164173703,-3479215,-4264532,24277383,-0.10252169030426027,0.2682158279327393,9.826623806914979,-0.8043720409011841,-0.9859322601013184,5.61277417792511,61,f07cfe00,43.51410290517,-79.68370048702,156.5242,-37.1,SOL_COMPUTED,SINGLE,good,1.8991,1.3325,3.8211,23,21,0.0,0.0,0,0,0,0,0,0,0,0,0,—,—,0.0,0.0,0.0,0.0
2026-05-25 11:48:10.388169,1779724090.388169,2420,143304.0,,,,,,,,,,,,,,,,0.0000,,,,0.0,0.0,0.0,0.0,0.0,0.0,0.0,0.0,0.0,939317,-894601,161925692,-2568599,337895,53860598,0.056222858020324715,-0.053546379984436045,9.692069015208741,-0.5938435020217896,0.078119142036438,12.45222245173645,61,f079fe00,43.5141175201,-79.68372212877,147.5556,-37.1,SOL_COMPUTED,SINGLE,good,2.0704,1.4527,4.5063,22,19,0.0,0.0,0,0,0,0,0,0,0,0,0,—,—,0.0,0.0,0.0,0.0
2026-05-25 11:48:11.472001,1779724091.472001,2420,143305.0,,,,,,,,,,,,,,,,0.0000,,,,0.0,0.0,0.0,0.0,0.0,0.0,0.0,0.0,0.0,7313769,-9458398,162099177,206178,-3848030,109914451,0.43776594704498295,-0.5661328048504639,9.702452967084048,0.04766702220153809,-0.8896396872711182,25.4115112964859,61,f078fe00,43.51411841411,-79.68372655206,151.9155,-37.1,SOL_COMPUTED,SINGLE,good,1.9852,1.4565,3.905,21,19,0.0,0.0,0,0,0,0,0,0,0,0,0,—,—,0.0,0.0,0.0,0.0
2026-05-25 11:48:12.465116,1779724092.465116,2420,143306.0,,,,,,,,,,,,,,,,0.0000,,,,0.0,0.0,0.0,0.0,0.0,0.0,0.0,0.0,0.0,-7362087,2156616,165454860,-671400,528295,114320002,-0.4406580229403687,0.1290843401879883,9.903307512323,-0.15522334442138672,0.12213839252471924,26.430046238754272,61,f075fe00,43.51405793865,-79.68376041202,160.954,-37.1,SOL_COMPUTED,SINGLE,good,1.9076,1.5195,4.2046,19,17,0.0,0.0,0,0,0,0,0,0,0,0,0,—,—,0.0,0.0,0.0,0.0
2026-05-25 11:48:13.631584,1779724093.631584,2420,143307.0,,,,,,,,,,,,,,,,0.0000,,,,0.0,0.0,0.0,0.0,0.0,0.0,0.0,0.0,0.0,-11214514,1122423,162536915,-7915199,-7669242,113557909,-0.6712452009161378,0.06718267524993897,9.728653793241884,-1.8299428962478639,-1.773079226119995,26.253855258384704,61,f074fe00,43.514053581,-79.68373773729,154.1045,-37.1,SOL_COMPUTED,SINGLE,good,2.1003,1.635,4.4734,20,18,0.0,0.0,0,0,0,0,0,0,0,0,0,—,—,0.0,0.0,0.0,0.0
2026-05-25 11:48:14.771718,1779724094.771718,2420,143308.0,,,,,,,,,,,,,,,,0.0000,,,,0.0,0.0,0.0,0.0,0.0,0.0,0.0,0.0,0.0,-23273485,-9358620,164019959,-6804443,-3178390,86808607,-1.3930354106155398,-0.5601605885192872,9.817421453414003,-1.5731432817764281,-0.7348232434844971,20.069589370124817,61,f072fe00,43.51403514393,-79.68371116535,156.2049,-37.1,SOL_COMPUTED,SINGLE,good,1.8761,1.3575,3.983,22,20,0.0,0.0,0,0,0,0,0,0,0,0,0,—,—,0.0,0.0,0.0,0.0
2026-05-25 11:48:15.706497,1779724095.706497,2420,143309.0,,,,,,,,,,,,,,,,0.0000,,,,0.0,0.0,0.0,0.0,0.0,0.0,0.0,0.0,0.0,-30271225,-11942567,162858320,2709625,-4088501,38824083,-1.8118854287490846,-0.7148228434481813,9.747891502856447,0.6264478025436402,-0.945235029624939,8.975877282325744,61,f070fe00,43.51402882463,-79.68369319667,155.6974,-37.1,SOL_COMPUTED,SINGLE,good,2.7862,1.4186,5.5673,19,18,0.0,0.0,0,0,0,0,0,0,0,0,0,STATISTICANALYSIS,L5,3.45,-4.365,0.439,0.408
2026-05-25 11:48:16.810528,1779724096.810528,2420,143310.0,,,,,,,,,,,,,,,,0.0000,,,,0.0,0.0,0.0,0.0,0.0,0.0,0.0,0.0,0.0,-24838215,-11352451,162898959,192447,-783963,2213850,-1.486692389707947,-0.6795014257760621,9.750323951888124,0.04449250366973877,-0.18124718314361574,0.5118278240203857,61,f06efe00,43.51400389914,-79.68366831496,160.1353,-37.1,SOL_COMPUTED,SINGLE,good,2.2424,1.371,4.4666,22,21,0.0,0.0,0,0,0,0,0,0,0,0,0,STATISTICANALYSIS,L5,3.125,-4.365,0.439,0.408
2026-05-25 11:48:17.871286,1779724097.871286,2420,143311.0,,,,,,,,,,,,,,,,0.0000,,,,0.0,0.0,0.0,0.0,0.0,0.0,0.0,0.0,0.0,-11183076,-10596483,163177474,1245519,-19104,2462770,-0.669363478121338,-0.6342529297604371,9.766994478772585,0.28795594983673095,-0.004416721435546875,0.5693765206146241,61,f06bfe00,43.51401759806,-79.68366416589,157.4536,-37.1,SOL_COMPUTED,SINGLE,good,1.988,1.3127,3.9893,23,21,0.0,0.0,0,0,0,0,0,0,0,0,0,STATISTICANALYSIS,L5,3.987,-4.365,0.439,0.408
2026-05-25 11:48:18.814325,1779724098.814325,2420,143312.0,,,,,,,,,,,,,,,,0.0000,,,,0.0,0.0,0.0,0.0,0.0,0.0,0.0,0.0,0.0,-34888651,-14404737,163070225,-7489091,2774318,-24116357,-2.0882616536203007,-0.8621961309878541,9.760575085426332,-1.7314294782485962,0.6414044063873291,-5.57554600655365,61,f06afe00,43.51402490596,-79.68366961419,156.4709,-37.1,SOL_COMPUTED,SINGLE,good,1.8902,1.2982,3.8124,22,20,0.0,0.0,0,0,0,0,0,0,0,0,0,—,—,0.0,0.0,0.0,0.0
2026-05-25 11:48:19.837174,1779724099.837174,2420,143313.0,,,,,,,,,,,,,,,,0.0000,,,,0.0,0.0,0.0,0.0,0.0,0.0,0.0,0.0,0.0,-13350842,-13634778,164077189,-293937,3108642,-31981284,-0.7991152020220949,-0.8161102030865479,9.820846957439272,-0.06795633629608154,0.7186979562835694,-7.393866341033935,61,f068fe00,43.51402513854,-79.68369953168,159.1473,-37.1,SOL_COMPUTED,SINGLE,good,1.7539,1.1805,3.2219,25,23,0.0,0.0,0,0,0,0,0,0,0,0,0,—,—,0.0,0.0,0.0,0.0
2026-05-25 11:48:20.859536,1779724100.859536,2420,143314.0,,,,,,,,,,,,,,,,0.0000,,,,0.0,0.0,0.0,0.0,0.0,0.0,0.0,0.0,0.0,-11519251,-12955080,163324555,1762126,2629924,-5672144,-0.6894852466989136,-0.7754268510864258,9.77579801813202,0.4073921522369385,0.6080214460144043,-1.311363064819336,61,f066fe00,43.51401695226,-79.68371299335,162.2451,-37.1,SOL_COMPUTED,SINGLE,good,2.1297,1.3396,3.7881,22,20,0.0,0.0,0,0,0,0,0,0,0,0,0,STATISTICANALYSIS,L2,1.1,3.994,1.362,0.353
2026-05-25 11:48:21.826907,1779724101.826907,2420,143315.0,,,,,,,,,,,,,,,,0.0000,,,,0.0,0.0,0.0,0.0,0.0,0.0,0.0,0.0,0.0,-24318834,-10037970,161871922,2574336,290712,3138767,-1.4556048183966066,-0.6008231109649659,9.688850609627076,0.595169859375,0.06721073712158203,0.7256626617507934,61,f064fe00,43.51401419127,-79.68371624448,164.1101,-37.1,SOL_COMPUTED,SINGLE,good,2.3837,1.2754,4.6414,20,18,0.0,0.0,0,0,0,0,0,0,0,0,0,—,—,0.0,0.0,0.0,0.0
2026-05-25 11:48:22.782908,1779724102.782908,2420,143316.0,,,,,,,,,,,,,,,,0.0000,,,,0.0,0.0,0.0,0.0,0.0,0.0,0.0,0.0,0.0,-26313713,-12332871,162666922,1673678,5173791,4803215,-1.5750083837368776,-0.7381845055673218,9.736435367622683,0.386943545791626,1.196147069343567,1.1104722911453246,61,f062fe00,43.5140522593,-79.68372981828,157.9461,-37.1,SOL_COMPUTED,SINGLE,good,2.3633,1.2797,4.5287,22,19,0.0,0.0,0,0,0,0,0,0,0,0,0,—,—,0.0,0.0,0.0,0.0
2026-05-25 11:48:23.647104,1779724103.647104,2420,143317.0,,,,,,,,,,,,,,,,0.0000,,,,0.0,0.0,0.0,0.0,0.0,0.0,0.0,0.0,0.0,-9338531,-11826123,163261265,-1374340,4175228,3371956,-0.5589581605905152,-0.7078530829953004,9.772009792555238,-0.3177385331726074,0.9652857519836425,0.7795744527282715,61,f060fe00,43.51408653182,-79.68375084618,152.77,-37.1,SOL_COMPUTED,SINGLE,good,1.8643,1.2037,3.7291,24,21,0.0,0.0,0,0,0,0,0,0,0,0,0,—,—,0.0,0.0,0.0,0.0
2026-05-25 11:48:24.728414,1779724104.728414,2420,143318.0,,,,,,,,,,,,,,,,0.0000,,,,0.0,0.0,0.0,0.0,0.0,0.0,0.0,0.0,0.0,-5691916,-9420036,162307575,470753,633984,2799380,-0.3406898684167481,-0.5638366457482911,9.714926638023378,0.10883505370330811,0.1465730068359375,0.6471985789489746,61,f05efe00,43.51406825767,-79.68375313409,159.1598,-37.1,SOL_COMPUTED,SINGLE,good,2.253,1.2998,4.3415,22,19,0.0,0.0,0,0,0,0,0,0,0,0,0,—,—,0.0,0.0,0.0,0.0
2026-05-25 11:48:25.640777,1779724105.640777,2420,143319.0,,,,,,,,,,,,,,,,0.0000,,,,0.0,0.0,0.0,0.0,0.0,0.0,0.0,0.0,0.0,-3327030,-10215744,163293816,-157133,473919,69257,-0.19913951873474123,-0.6114637811132814,9.773958134011233,-0.036328134910583496,0.10956701245880127,0.016011771171569825,61,f05dfe00,43.51409011204,-79.6837659712,156.7725,-37.1,SOL_COMPUTED,SINGLE,good,1.9408,1.2215,3.8679,24,21,0.0,0.0,0,0,0,0,0,0,0,0,0,—,—,0.0,0.0,0.0,0.0
2026-05-25 11:48:26.592729,1779724106.592729,2420,143320.0,,,,,,,,,,,,,,,,0.0000,,,,0.0,0.0,0.0,0.0,0.0,0.0,0.0,0.0,0.0,-15016952,-8941857,162573750,1060819,-894057,1251690,-0.8988402852221681,-0.5352152218569947,9.73085855369568,0.2452545025405884,-0.20670020500946046,0.28938264518737794,61,f05afe00,43.51407798696,-79.6837620728,159.9187,-37.1,SOL_COMPUTED,SINGLE,good,2.0156,1.178,3.6272,25,22,0.0,0.0,0,0,0,0,0,0,0,0,0,—,—,0.0,0.0,0.0,0.0
2026-05-25 11:48:27.660768,1779724107.660768,2420,143321.0,,,,,,,,,,,,,,,,0.0000,,,,0.0,0.0,0.0,0.0,0.0,0.0,0.0,0.0,0.0,-11040482,3524114,164494637,-3880777,-2293187,52168639,-0.66082850833313,0.2109359897344971,9.845833324804994,-0.8972105822067261,-0.5301700261001587,12.061052456794739,61,f058fe00,43.51405271811,-79.68375446405,160.999,-37.1,SOL_COMPUTED,SINGLE,good,2.0489,1.3476,4.0398,24,20,0.0,0.0,0,0,0,0,0,0,0,0,0,STATISTICANALYSIS,L5,1.145,1.957,0.42,0.609
2026-05-25 11:48:28.670090,1779724108.670090,2420,143322.0,,,,,,,,,,,,,,,,0.0000,,,,0.0,0.0,0.0,0.0,0.0,0.0,0.0,0.0,0.0,-1876280,10912522,163622062,-1686849,-5947332,105423429,-0.11230481727294923,0.6531694572222901,9.793605311964724,-0.38998859593963625,-1.374984753387451,24.37321601094818,61,f057fe00,43.51406262162,-79.68372636576,159.0985,-37.1,SOL_COMPUTED,SINGLE,good,2.2646,1.3526,3.9507,24,21,0.0,0.0,0,0,0,0,0,0,0,0,0,—,—,0.0,0.0,0.0,0.0
2026-05-25 11:48:29.584167,1779724109.584167,2420,143323.0,,,,,,,,,,,,,,,,0.0000,,,,0.0,0.0,0.0,0.0,0.0,0.0,0.0,0.0,0.0,5701555,29979325,169221103,-8236200,-4829170,153333892,0.34126681116180424,1.7944137421340944,10.128736143401795,-1.9041562545776367,-1.1164729195404053,35.449805673797606,61,f055fe00,43.51409671534,-79.6837282588,149.5783,-37.1,SOL_COMPUTED,SINGLE,good,2.0258,1.4893,3.9914,22,19,0.0,0.0,0,0,0,0,0,0,0,0,0,STATISTICANALYSIS,L5,1.789,1.957,0.42,0.609
2026-05-25 11:48:30.549885,1779724110.549885,2420,143324.0,,,,,,,,,,,,,,,,0.0000,,,,0.0,0.0,0.0,0.0,0.0,0.0,0.0,0.0,0.0,-9679474,-7304586,160531162,-15980578,-14977161,53311114,-0.5793653180059816,-0.4372162981988526,9.6085993641803,-3.6946064387054443,-3.46262290789032,12.325185299240113,61,f052fe00,43.51410071486,-79.68367376397,152.6295,-37.1,SOL_COMPUTED,SINGLE,good,2.0321,1.4651,4.0108,20,18,0.0,0.0,0,0,0,0,0,0,0,0,0,STATISTICANALYSIS,L5,1.481,1.223,0.404,0.495
2026-05-25 11:48:31.530699,1779724111.530699,2420,143325.0,,,,,,,,,,,,,,,,0.0000,,,,0.0,0.0,0.0,0.0,0.0,0.0,0.0,0.0,0.0,-9409501,-11610688,164915697,-5640321,2654423,3642991,-0.5632060728860474,-0.6949582121289063,9.871035888580629,-1.30400579271698,0.6136854566116333,0.8422359945144653,61,f051fe00,43.51411567796,-79.68362266916,157.6325,-37.1,SOL_COMPUTED,SINGLE,good,2.1066,1.4594,4.3249,23,20,0.0,0.0,0,0,0,0,0,0,0,0,0,—,—,0.0,0.0,0.0,0.0
2026-05-25 11:48:32.511288,1779724112.511288,2420,143326.0,,,,,,,,,,,,,,,,0.0000,,,,0.0,0.0,0.0,0.0,0.0,0.0,0.0,0.0,0.0,-11192558,-25084450,160246154,973322,823445,-55759330,-0.669931023624878,-1.5014307958526614,9.591540198511353,0.2250257611541748,0.1903751665878296,-12.891197029037476,61,f04ffe00,43.51416035597,-79.68359090559,150.6556,-37.1,SOL_COMPUTED,SINGLE,good,2.02,1.3765,3.8802,23,20,0.0,0.0,0,0,0,0,0,0,0,0,0,STATISTICANALYSIS,L2,1.485,4.638,1.258,0.416
2026-05-25 11:48:33.489499,1779724113.489499,2420,143327.0,,,,,,,,,,,,,,,,0.0000,,,,0.0,0.0,0.0,0.0,0.0,0.0,0.0,0.0,0.0,-9537988,-7229180,164391220,-6144659,-1516923,-29565856,-0.5708966676037599,-0.43270286893920906,9.839643295977785,-1.4206054815444946,-0.3507028020401001,-6.835434985107422,61,f04dfe00,43.514175816,-79.68355160628,150.4734,-37.1,SOL_COMPUTED,SINGLE,good,1.9702,1.3832,3.8607,21,20,0.0,0.0,0,0,0,0,0,0,0,0,0,STATISTICANALYSIS,L5,1.831,2.592,0.412,0.578
2026-05-25 11:48:34.507049,1779724114.507049,2420,143328.0,,,,,,,,,,,,,,,,0.0000,,,,0.0,0.0,0.0,0.0,0.0,0.0,0.0,0.0,0.0,-12476866,1390884,164668847,-3666249,-8431063,29581456,-0.7468033322686769,0.08325141954711915,9.856260671585389,-0.8476130939254761,-1.9492073218460082,6.839041604370117,61,f04bfe00,43.51418675459,-79.6835106711,151.1853,-37.1,SOL_COMPUTED,SINGLE,good,2.2304,1.6252,3.9421,20,19,0.0,0.0,0,0,0,0,0,0,0,0,0,STATISTICANALYSIS,L5,1.145,2.592,0.412,0.578
2026-05-25 11:48:35.537078,1779724115.537078,2420,143329.0,,,,,,,,,,,,,,,,0.0000,,,,0.0,0.0,0.0,0.0,0.0,0.0,0.0,0.0,0.0,-15436113,-4643536,163529148,-3706667,460218,49487336,-0.923929184273987,-0.27793904000488284,9.78804394063843,-0.8569574745254517,0.10639942973327637,11.44115251776123,61,f049fe00,43.51423973092,-79.68350846996,146.1093,-37.1,SOL_COMPUTED,SINGLE,good,2.9603,1.7056,4.288,19,18,0.0,0.0,0,0,0,0,0,0,0,0,0,—,—,0.0,0.0,0.0,0.0
2026-05-25 11:48:36.555339,1779724116.555339,2420,143330.0,,,,,,,,,,,,,,,,0.0000,,,,0.0,0.0,0.0,0.0,0.0,0.0,0.0,0.0,0.0,-27381940,-9845988,162947721,-1778658,2311506,33683462,-1.638947155157471,-0.589332020386963,9.753242603421937,-0.41121424388122557,0.5344052606048584,7.787398902786255,61,f047fe00,43.51421329719,-79.6834508336,157.1088,-37.1,SOL_COMPUTED,SINGLE,good,2.2347,1.591,3.3743,22,21,0.0,0.0,0,0,0,0,0,0,0,0,0,—,—,0.0,0.0,0.0,0.0
2026-05-25 11:48:37.594161,1779724117.594161,2420,143331.0,,,,,,,,,,,,,,,,0.0000,,,,0.0,0.0,0.0,0.0,0.0,0.0,0.0,0.0,0.0,-24729145,-9650653,162112260,881271,340080,10004195,-1.4801640003311158,-0.5776402358547974,9.703236050592043,0.20374416437530518,0.07862429992675782,2.312905281715393,61,f045fe00,43.51418561778,-79.6834170358,159.0771,-37.1,SOL_COMPUTED,SINGLE,good,3.6398,1.7766,4.2626,20,19,0.0,0.0,0,0,0,0,0,0,0,0,0,—,—,0.0,0.0,0.0,0.0
2026-05-25 11:48:38.586747,1779724118.586747,2420,143332.0,,,,,,,,,,,,,,,,0.0000,,,,0.0,0.0,0.0,0.0,0.0,0.0,0.0,0.0,0.0,-4992576,-9515551,162846904,-456663,-1020981,323552,-0.2988308436914063,-0.5695537000375367,9.747208197702639,-0.1055775366897583,-0.23604421419525146,0.07480313305664063,61,f043fe00,43.51420013267,-79.68341605556,160.1679,-37.1,SOL_COMPUTED,SINGLE,good,3.7176,1.7554,4.3348,21,20,0.0,0.0,0,0,0,0,0,0,0,0,0,—,—,0.0,0.0,0.0,0.0
2026-05-25 11:48:39.606565,1779724119.606565,2420,143333.0,,,,,,,,,,,,,,,,0.0000,,,,0.0,0.0,0.0,0.0,0.0,0.0,0.0,0.0,0.0,-8283129,-10387258,163405999,245329,341949,-9133,-0.49578703007720953,-0.6217297587017823,9.780672852132264,0.05671848058319092,0.0790564006576538,-0.002111490623474121,61,f041fe00,43.51420610722,-79.68342328489,160.0171,-37.1,SOL_COMPUTED,SINGLE,good,3.6208,1.6491,4.1587,21,20,0.0,0.0,0,0,0,0,0,0,0,0,0,—,—,0.0,0.0,0.0,0.0
2026-05-25 11:48:40.572257,1779724120.572257,2420,143334.0,,,,,,,,,,,,,,,,0.0000,,,,0.0,0.0,0.0,0.0,0.0,0.0,0.0,0.0,0.0,-6898467,-9200766,163305610,-438423,191922,188059,-0.4129080285983277,-0.5507122307977296,9.774664064370729,-0.10136056647491455,0.044371127059936524,0.04347802640533447,61,f03ffe00,43.51420331192,-79.68342415621,159.0792,-37.1,SOL_COMPUTED,SINGLE,good,3.5898,1.6569,4.096,21,20,0.0,0.0,0,0,0,0,0,0,0,0,0,—,—,0.0,0.0,0.0,0.0
2026-05-25 11:48:41.445342,1779724121.445342,2420,143335.0,,,,,,,,,,,,,,,,0.0000,,,,0.0,0.0,0.0,0.0,0.0,0.0,0.0,0.0,0.0,-7111078,-10222897,163649533,46654,28848,542864,-0.4256338688275147,-0.6118919242251588,9.795249589809877,0.010786103530883788,0.006669471313476562,0.1255066512451172,61,f03efe00,43.51420285034,-79.68342537681,157.2165,-37.1,SOL_COMPUTED,SINGLE,good,3.5294,1.6376,4.0346,20,19,0.0,0.0,0,0,0,0,0,0,0,0,0,—,—,0.0,0.0,0.0,0.0
2026-05-25 11:48:42.489492,1779724122.489492,2420,143336.0,,,,,,,,,,,,,,,,0.0000,,,,0.0,0.0,0.0,0.0,0.0,0.0,0.0,0.0,0.0,-9112677,-10310581,163924567,-47200,371380,-205909,-0.545439660046692,-0.6171402536843873,9.811711761294863,-0.010912335205078125,0.08586065780639648,-0.04760483113861084,61,f03bfe00,43.51420163863,-79.68342286992,157.2496,-37.1,SOL_COMPUTED,SINGLE,good,3.5153,1.6526,4.0276,20,19,0.0,0.0,0,0,0,0,0,0,0,0,0,—,—,0.0,0.0,0.0,0.0
2026-05-25 11:48:43.356677,1779724123.356677,2420,143337.0,,,,,,,,,,,,,,,,0.0000,,,,0.0,0.0,0.0,0.0,0.0,0.0,0.0,0.0,0.0,-7581180,-10306592,163617719,44948,-3011,-72532,-0.4537718435485841,-0.6169014919238283,9.79334536151947,0.01039168734741211,-0.0006961237564086914,-0.01676893002319336,61,f03afe00,43.51420343618,-79.68342098005,157.1413,-37.1,SOL_COMPUTED,SINGLE,good,3.4405,1.6332,3.9442,21,20,0.0,0.0,0,0,0,0,0,0,0,0,0,—,—,0.0,0.0,0.0,0.0
2026-05-25 11:48:44.332737,1779724124.332737,2420,143338.0,,,,,,,,,,,,,,,,0.0000,,,,0.0,0.0,0.0,0.0,0.0,0.0,0.0,0.0,0.0,-7248900,-10268585,163786941,81967,64244,-39097,-0.4338832103576661,-0.6146265813613893,9.803474151352846,0.01895024109649658,0.014852797943115234,-0.009038973930358886,61,f038fe00,43.51421167303,-79.68342005014,158.4976,-37.1,SOL_COMPUTED,SINGLE,good,2.9219,1.6046,3.6366,21,20,0.0,0.0,0,0,0,0,0,0,0,0,0,—,—,0.0,0.0,0.0,0.0
2026-05-25 11:48:45.247114,1779724125.247114,2420,143339.0,,,,,,,,,,,,,,,,0.0000,,,,0.0,0.0,0.0,0.0,0.0,0.0,0.0,0.0,0.0,-7628988,-10998577,164194173,163017,-34740,134559,-0.4566333933728028,-0.6583202828189088,9.827849039614565,0.03768847771453857,-0.008031663665771484,0.031109171882629395,61,f036fe00,43.51421708185,-79.68341928126,159.3193,-37.1,SOL_COMPUTED,SINGLE,good,2.6788,1.5904,3.4828,21,20,0.0,0.0,0,0,0,0,0,0,0,0,0,—,—,0.0,0.0,0.0,0.0
2026-05-25 11:48:46.045136,1779724126.045136,2420,143340.0,,,,,,,,,,,,,,,,0.0000,,,,0.0,0.0,0.0,0.0,0.0,0.0,0.0,0.0,0.0,-7213883,-11147207,163914113,-53814,-101302,160606,-0.4317872663693238,-0.6672165376376343,9.81108603669098,-0.012441449295043946,-0.023420368240356447,0.03713107008361816,61,f034fe00,43.51421925037,-79.68341855103,159.1825,-37.1,SOL_COMPUTED,SINGLE,good,2.631,1.5921,3.4643,21,20,0.0,0.0,0,0,0,0,0,0,0,0,0,—,—,0.0,0.0,0.0,0.0
2026-05-25 11:48:47.045192,1779724127.045192,2420,143341.0,,,,,,,,,,,,,,,,0.0000,,,,0.0,0.0,0.0,0.0,0.0,0.0,0.0,0.0,0.0,-7754619,-11248651,163790685,150318,-17716,-12677,-0.46415304209198005,-0.6732884724679566,9.803698248628237,0.0347525509185791,-0.004095824798583984,-0.0029308405380249025,61,f032fe00,43.51419515135,-79.68341225492,156.0816,-37.1,SOL_COMPUTED,SINGLE,good,3.646,1.7444,4.071,19,18,0.0,0.0,0,0,0,0,0,0,0,0,0,—,—,0.0,0.0,0.0,0.0
2026-05-25 11:48:48.020894,1779724128.020894,2420,143342.0,,,,,,,,,,,,,,,,0.0000,,,,0.0,0.0,0.0,0.0,0.0,0.0,0.0,0.0,0.0,-7575171,-10362496,164066291,267082,73098,-104149,-0.4534121746041871,-0.6202476281640625,9.820194657196962,0.061747633712768556,0.016899785568237305,-0.024078576255798338,61,f030fe00,43.51419848911,-79.68341398168,155.9045,-37.1,SOL_COMPUTED,SINGLE,good,3.6023,1.7433,4.037,19,18,0.0,0.0,0,0,0,0,0,0,0,0,0,—,—,0.0,0.0,0.0,0.0
2026-05-25 11:48:48.941441,1779724128.941441,2420,143343.0,,,,,,,,,,,,,,,,0.0000,,,,0.0,0.0,0.0,0.0,0.0,0.0,0.0,0.0,0.0,-7452707,-11125213,163665565,371419,152652,-12123,-0.4460820868014527,-0.6659000858547974,9.796209185835268,0.08586967435455323,0.035292156646728516,-0.0028027593154907227,61,f02efe00,43.51419449586,-79.68341514554,155.9984,-37.1,SOL_COMPUTED,SINGLE,good,3.4357,1.6529,3.9341,21,19,0.0,0.0,0,0,0,0,0,0,0,0,0,—,—,0.0,0.0,0.0,0.0
2026-05-25 11:48:50.012570,1779724130.012570,2420,143344.0,,,,,,,,,,,,,,,,0.0000,,,,0.0,0.0,0.0,0.0,0.0,0.0,0.0,0.0,0.0,-7347819,-10666557,164104106,367100,104025,-43001,-0.43980401120819096,-0.6384472119387818,9.822458075591433,0.08487114944458007,0.02404990825653076,-0.009941553520202637,61,f02cfe00,43.51417787621,-79.68340491836,156.0867,-37.1,SOL_COMPUTED,SINGLE,good,3.5001,1.7059,4.0523,21,19,0.0,0.0,0,0,0,0,0,0,0,0,0,—,—,0.0,0.0,0.0,0.0
2026-05-25 11:48:51.071458,1779724131.071458,2420,143345.0,,,,,,,,,,,,,,,,0.0000,,,,0.0,0.0,0.0,0.0,0.0,0.0,0.0,0.0,0.0,-7648041,-9853220,163908258,190272,-78367,156224,-0.4577738114785767,-0.5897648920471192,9.810735585422975,0.04398965771484375,-0.018117944343566894,0.03611797998046875,61,f02bfe00,43.5141768086,-79.68340382234,156.566,-37.1,SOL_COMPUTED,SINGLE,good,3.6325,1.754,4.0618,20,18,0.0,0.0,0,0,0,0,0,0,0,0,0,—,—,0.0,0.0,0.0,0.0
2026-05-25 11:48:52.105602,1779724132.105602,2420,143346.0,,,,,,,,,,,,,,,,0.0000,,,,0.0,0.0,0.0,0.0,0.0,0.0,0.0,0.0,0.0,-7039826,-9744454,163990244,-536428,-89864,-132853,-0.4213690774102784,-0.5832546986029054,9.815642860855714,-0.12401868960571288,-0.020775976501464843,-0.030714755699157714,61,f029fe00,43.51418057906,-79.68340859836,155.3673,-37.1,SOL_COMPUTED,SINGLE,good,3.4182,1.6435,3.8926,21,19,0.0,0.0,0,0,0,0,0,0,0,0,0,—,—,0.0,0.0,0.0,0.0
2026-05-25 11:48:53.208750,1779724133.208750,2420,143347.0,,,,,,,,,,,,,,,,0.0000,,,,0.0,0.0,0.0,0.0,0.0,0.0,0.0,0.0,0.0,-7629352,-9260520,163692541,1005864,-133850,-157829,-0.4566551806079102,-0.554288808947754,9.797823835434876,0.2325492614135742,-0.03094525566101074,-0.0364890456161499,61,f027fe00,43.51417092053,-79.68339886725,154.4518,-37.1,SOL_COMPUTED,SINGLE,good,3.4859,1.6832,4.0836,20,18,0.0,0.0,0,0,0,0,0,0,0,0,0,—,—,0.0,0.0,0.0,0.0
2026-05-25 11:48:54.237067,1779724134.237067,2420,143348.0,,,,,,,,,,,,,,,,0.0000,,,,0.0,0.0,0.0,0.0,0.0,0.0,0.0,0.0,0.0,-6324875,-9670320,162614379,-330047,369695,-174386,-0.3785756556320191,-0.5788174049560547,9.733290404176943,-0.07630473511505127,0.0854710966873169,-0.040316917098999025,61,f025fe00,43.5141730368,-79.68340164479,154.462,-37.1,SOL_COMPUTED,SINGLE,good,3.6,1.7559,4.0574,20,18,0.0,0.0,0,0,0,0,0,0,0,0,0,—,—,0.0,0.0,0.0,0.0
2026-05-25 11:48:55.170241,1779724135.170241,2420,143349.0,,,,,,,,,,,,,,,,0.0000,,,,0.0,0.0,0.0,0.0,0.0,0.0,0.0,0.0,0.0,-7931614,-9681113,163605099,-245662,262566,194501,-0.47474708516296393,-0.5794634204190064,9.792589990895692,-0.056795468032836915,0.060703563674926755,0.04496737520599365,61,f023fe00,43.51417006434,-79.68340063236,154.5023,-37.1,SOL_COMPUTED,SINGLE,good,3.6351,1.761,4.1626,20,18,0.0,0.0,0,0,0,0,0,0,0,0,0,—,—,0.0,0.0,0.0,0.0
2026-05-25 11:48:56.159798,1779724136.159798,2420,143350.0,,,,,,,,,,,,,,,,0.0000,,,,0.0,0.0,0.0,0.0,0.0,0.0,0.0,0.0,0.0,-8206824,-10203252,164119415,422474,-47710,339140,-0.491219791135254,-0.6107160719348146,9.823374396421816,0.09767326066589356,-0.011030243911743164,0.07840697799682617,61,f022fe00,43.51417672977,-79.68340246973,155.0197,-37.1,SOL_COMPUTED,SINGLE,good,3.6012,1.7494,4.0445,21,19,0.0,0.0,0,0,0,0,0,0,0,0,0,—,—,0.0,0.0,0.0,0.0
2026-05-25 11:48:57.378545,1779724137.378545,2420,143351.0,,,,,,,,,,,,,,,,0.0000,,,,0.0,0.0,0.0,0.0,0.0,0.0,0.0,0.0,0.0,-6917765,-10287652,163941940,77412,43051,52301,-0.4140631111892701,-0.6157678374377442,9.812751622930909,0.01789715451049805,0.00995311319732666,0.012091653465270996,61,f020fe00,43.51416994782,-79.68339538343,155.5969,-37.1,SOL_COMPUTED,SINGLE,good,3.612,1.7591,4.0491,21,19,0.0,0.0,0,0,0,0,0,0,0,0,0,—,—,0.0,0.0,0.0,0.0
2026-05-25 11:48:58.425031,1779724138.425031,2420,143352.0,,,,,,,,,,,,,,,,0.0000,,,,0.0,0.0,0.0,0.0,0.0,0.0,0.0,0.0,0.0,-6405155,-9843399,163073206,-35183,-197960,97733,-0.3833808183639527,-0.5891770556845094,9.760753513305055,-0.008134082405090332,-0.0457670736694336,0.022595238487243652,61,f01efe00,43.51417576196,-79.68339955716,155.4191,-37.1,SOL_COMPUTED,SINGLE,good,3.6021,1.7558,4.0061,21,19,0.0,0.0,0,0,0,0,0,0,0,0,0,—,—,0.0,0.0,0.0,0.0
2026-05-25 11:48:59.428817,1779724139.428817,2420,143353.0,,,,,,,,,,,,,,,,0.0000,,,,0.0,0.0,0.0,0.0,0.0,0.0,0.0,0.0,0.0,-7563520,-11056924,164090885,-162069,-60506,46057,-0.45271480351562504,-0.6618126449255372,9.821666732087708,-0.03746930623626709,-0.013988596481323242,0.01064808098602295,61,f01cfe00,43.51419299598,-79.68340274482,157.0768,-37.1,SOL_COMPUTED,SINGLE,good,3.0184,1.7108,3.6795,21,19,0.0,0.0,0,0,0,0,0,0,0,0,0,—,—,0.0,0.0,0.0,0.0
2026-05-25 11:49:00.486551,1779724140.486551,2420,143354.0,,,,,,,,,,,,,,,,0.0000,,,,0.0,0.0,0.0,0.0,0.0,0.0,0.0,0.0,0.0,-7744504,-11110618,164355796,1314718,2661,-220392,-0.463547608347168,-0.665026501524048,9.83752299098755,0.30395431178283694,0.0006152060165405274,-0.05095320721435547,61,f01bfe00,43.51421743171,-79.68342604919,156.1729,-37.1,SOL_COMPUTED,SINGLE,good,3.8906,1.9354,4.0658,20,18,0.0,0.0,0,0,0,0,0,0,0,0,0,—,—,0.0,0.0,0.0,0.0
2026-05-25 11:49:01.463083,1779724141.463083,2420,143355.0,,,,,,,,,,,,,,,,0.0000,,,,0.0,0.0,0.0,0.0,0.0,0.0,0.0,0.0,0.0,-7623953,-9807368,164269692,117971,-168615,-63996,-0.45633202323883065,-0.5870204186840822,9.832369232493898,0.027274133399963377,-0.03898269916534424,-0.014795461944580078,61,f019fe00,43.51417391207,-79.68339830938,154.2588,-37.1,SOL_COMPUTED,SINGLE,good,3.6527,1.7654,4.171,19,17,0.0,0.0,0,0,0,0,0,0,0,0,0,—,—,0.0,0.0,0.0,0.0
2026-05-25 11:49:02.524146,1779724142.524146,2420,143356.0,,,,,,,,,,,,,,,,0.0000,,,,0.0,0.0,0.0,0.0,0.0,0.0,0.0,0.0,0.0,-7466743,-10035587,163662853,117822,37515,-16391,-0.4469222121640015,-0.6006804764010621,9.79604685896271,0.02723968556213379,0.008673225746154785,-0.0037894933547973635,61,f017fe00,43.51418131167,-79.68340132475,155.1666,-37.1,SOL_COMPUTED,SINGLE,good,3.538,1.7406,3.9888,21,19,0.0,0.0,0,0,0,0,0,0,0,0,0,—,—,0.0,0.0,0.0,0.0
2026-05-25 11:49:03.444029,1779724143.444029,2420,143357.0,,,,,,,,,,,,,,,,0.0000,,,,0.0,0.0,0.0,0.0,0.0,0.0,0.0,0.0,0.0,-7786974,-9943701,164273019,14517,-17610,55794,-0.4660896519598389,-0.5951806360574342,9.83256837021698,0.003356236656188965,-0.004071318283081055,0.012899212509155274,61,f015fe00,43.51419940877,-79.68340847482,156.8167,-37.1,SOL_COMPUTED,SINGLE,good,2.9653,1.6708,3.7234,22,20,0.0,0.0,0,0,0,0,0,0,0,0,0,—,—,0.0,0.0,0.0,0.0
2026-05-25 11:49:04.467999,1779724144.467999,2420,143358.0,,,,,,,,,,,,,,,,0.0000,,,,0.0,0.0,0.0,0.0,0.0,0.0,0.0,0.0,0.0,-7832567,-10259045,163620714,129040,-76420,118565,-0.46881862286712656,-0.6140555642654419,9.793524627368775,0.02983321472167969,-0.01766781051635742,0.027411462364196778,61,f013fe00,43.51422700426,-79.68343342608,156.7911,-37.1,SOL_COMPUTED,SINGLE,good,3.8598,1.872,4.0902,21,19,0.0,0.0,0,0,0,0,0,0,0,0,0,—,—,0.0,0.0,0.0,0.0
2026-05-25 11:49:05.531753,1779724145.531753,2420,143359.0,,,,,,,,,,,,,,,,0.0000,,,,0.0,0.0,0.0,0.0,0.0,0.0,0.0,0.0,0.0,-7394077,-9652146,163300386,108722,47214,10014,-0.4425727857180787,-0.5777295994317628,9.774351381633913,0.025135824325561523,0.010915571914672852,0.0023151721343994142,61,f011fe00,43.51420969899,-79.68342039873,156.5293,-37.1,SOL_COMPUTED,SINGLE,good,3.6993,1.7966,4.0823,21,19,0.0,0.0,0,0,0,0,0,0,0,0,0,—,—,0.0,0.0,0.0,0.0
2026-05-25 11:49:06.654499,1779724146.654499,2420,143360.0,,,,,,,,,,,,,,,,0.0000,,,,0.0,0.0,0.0,0.0,0.0,0.0,0.0,0.0,0.0,-7687080,-9346138,164032080,6689,44976,8793,-0.4601104924438477,-0.5594134778912354,9.818146956372072,0.0015464536056518554,0.010398160766601562,0.0020328848190307616,61,f00ffe00,43.51420892554,-79.68341972149,156.473,-37.1,SOL_COMPUTED,SINGLE,good,3.7006,1.7997,4.0722,21,19,0.0,0.0,0,0,0,0,0,0,0,0,0,—,—,0.0,0.0,0.0,0.0
2026-05-25 11:49:07.679711,1779724147.679711,2420,143361.0,,,,,,,,,,,,,,,,0.0000,,,,0.0,0.0,0.0,0.0,0.0,0.0,0.0,0.0,0.0,-8110075,-9803868,164361616,50021,17365,-13196,-0.48542887572479254,-0.5868109260388185,9.837871347329102,0.011564532188415527,0.00401467586517334,-0.0030508299865722654,61,f00efe00,43.51421110596,-79.68342038578,156.6993,-37.1,SOL_COMPUTED,SINGLE,good,3.6729,1.7913,4.0829,20,19,0.0,0.0,0,0,0,0,0,0,0,0,0,—,—,0.0,0.0,0.0,0.0
2026-05-25 11:49:08.721754,1779724148.721754,2420,143362.0,,,,,,,,,,,,,,,,0.0000,,,,0.0,0.0,0.0,0.0,0.0,0.0,0.0,0.0,0.0,-7697155,-10212469,163551172,87570,-71833,-21803,-0.4607135319869996,-0.611267755852356,9.789362188072511,0.02024561851501465,-0.016607325736999513,-0.0050407128067016605,61,f00cfe00,43.51420779845,-79.68342647501,155.7764,-37.1,SOL_COMPUTED,SINGLE,good,3.809,1.7712,4.234,21,19,0.0,0.0,0,0,0,0,0,0,0,0,0,—,—,0.0,0.0,0.0,0.0
2026-05-25 11:49:09.637838,1779724149.637838,2420,143363.0,,,,,,,,,,,,,,,,0.0000,,,,0.0,0.0,0.0,0.0,0.0,0.0,0.0,0.0,0.0,-7746514,-10203569,163684731,75149,37387,12339,-0.4636679169805909,-0.6107350459829712,9.797356367560731,0.017373963523864746,0.008643632972717285,0.002852697120666504,61,f00afe00,43.51420914483,-79.68342400271,156.0504,-37.1,SOL_COMPUTED,SINGLE,good,3.6074,1.7406,4.0474,21,19,0.0,0.0,0,0,0,0,0,0,0,0,0,—,—,0.0,0.0,0.0,0.0
2026-05-25 11:49:10.517597,1779724150.517597,2420,143364.0,,,,,,,,,,,,,,,,0.0000,,,,0.0,0.0,0.0,0.0,0.0,0.0,0.0,0.0,0.0,-7791431,-10091787,164377433,-17967,44326,42723,-0.46635642587982185,-0.6040443297335816,9.838818074520571,-0.004153854377746582,0.010247884963989257,0.009877281715393066,61,f008fe00,43.51420996281,-79.68342502495,155.9418,-37.1,SOL_COMPUTED,SINGLE,good,3.5881,1.7278,4.011,21,19,0.0,0.0,0,0,0,0,0,0,0,0,0,—,—,0.0,0.0,0.0,0.0
2026-05-25 11:49:11.641645,1779724151.641645,2420,143365.0,,,,,,,,,,,,,,,,0.0000,,,,0.0,0.0,0.0,0.0,0.0,0.0,0.0,0.0,0.0,-7543827,-9972647,163885044,105192,39609,-6228,-0.4515360781832886,-0.5969132000888062,9.809346110489503,0.024319711120605467,0.009157345024108888,-0.0014398733825683593,61,f007fe00,43.51421438853,-79.68342582427,156.4802,-37.1,SOL_COMPUTED,SINGLE,good,3.6152,1.7473,4.0161,21,19,0.0,0.0,0,0,0,0,0,0,0,0,0,—,—,0.0,0.0,0.0,0.0
2026-05-25 11:49:12.836213,1779724152.836213,2420,143366.0,,,,,,,,,,,,,,,,0.0000,,,,0.0,0.0,0.0,0.0,0.0,0.0,0.0,0.0,0.0,-7325957,-10123558,163475228,144849,-32738,-32148,-0.4384954602908326,-0.6059459842572023,9.78481655680054,0.03348815343475342,-0.007568814193725586,-0.007432410003662109,61,f005fe00,43.5142121631,-79.68343604234,159.3285,-37.1,SOL_COMPUTED,SINGLE,good,3.6324,1.7462,4.0083,21,19,0.0,0.0,0,0,0,0,0,0,0,0,0,—,—,0.0,0.0,0.0,0.0
2026-05-25 11:49:13.944032,1779724153.944032,2420,143367.0,,,,,,,,,,,,,,,,0.0000,,,,0.0,0.0,0.0,0.0,0.0,0.0,0.0,0.0,0.0,-8261486,-10139507,164426859,-242325,81039,9290,-0.4944915874139405,-0.606900612314148,9.841776469801943,-0.05602397518157959,0.018735693489074706,0.0021477880096435545,61,f003fe00,43.51420659623,-79.68343457915,158.9132,-37.1,SOL_COMPUTED,SINGLE,good,3.6038,1.7303,3.9958,21,19,0.0,0.0,0,0,0,0,0,0,0,0,0,—,—,0.0,0.0,0.0,0.0
2026-05-25 11:49:14.998785,1779724154.998785,2420,143368.0,,,,,,,,,,,,,,,,0.0000,,,,0.0,0.0,0.0,0.0,0.0,0.0,0.0,0.0,0.0,-8560339,-9082237,163872185,102160,190450,220260,-0.5123794461325074,-0.5436176725833131,9.808576434510805,0.023618732299804688,0.044030810165405276,0.050922689666748046,61,f001fe00,43.51420454013,-79.68343320413,158.8034,-37.1,SOL_COMPUTED,SINGLE,good,3.5978,1.7126,4.0015,21,19,0.0,0.0,0,0,0,0,0,0,0,0,0,—,—,0.0,0.0,0.0,0.0
2026-05-25 11:49:15.905197,1779724155.905197,2420,143369.0,,,,,,,,,,,,,,,,0.0000,,,,0.0,0.0,0.0,0.0,0.0,0.0,0.0,0.0,0.0,-7679929,-9691054,163631197,30169,48515,-204324,-0.4596824690420533,-0.5800584393865967,9.794152087768861,0.006974877983093262,0.011216354713439942,-0.0472383893737793,61,effffe00,43.51420856386,-79.68343513542,158.8315,-37.1,SOL_COMPUTED,SINGLE,good,3.7522,1.7496,4.1465,21,19,0.0,0.0,0,0,0,0,0,0,0,0,0,—,—,0.0,0.0,0.0,0.0
2026-05-25 11:49:17.077487,1779724157.077487,2420,143370.0,,,,,,,,,,,,,,,,0.0000,,,,0.0,0.0,0.0,0.0,0.0,0.0,0.0,0.0,0.0,-6283327,-8041794,157034946,1581165,1261568,1154958,-0.3760887983676148,-0.4813419136358643,9.399333210393678,0.3655551375961304,0.291666375,0.26701883143615723,61,effdfe00,43.51415445393,-79.68339761719,154.4602,-37.1,SOL_COMPUTED,SINGLE,good,4.6363,2.6891,6.4452,20,18,0.0,0.0,0,0,0,0,0,0,0,0,0,—,—,0.0,0.0,0.0,0.0
2026-05-25 11:49:17.985044,1779724157.985044,2420,143371.0,,,,,,,,,,,,,,,,0.0000,,,,0.0,0.0,0.0,0.0,0.0,0.0,0.0,0.0,0.0,-7415479,-9783083,164225939,-176805,-11369,-408372,-0.4438538033163453,-0.5855668390011598,9.829750394862977,-0.04087617427825928,-0.0026284393844604494,-0.09441296932983398,61,effcfe00,43.51414532987,-79.68338504112,153.4342,-37.1,SOL_COMPUTED,SINGLE,good,3.855,1.9199,4.5943,21,19,0.0,0.0,0,0,0,0,0,0,0,0,0,—,—,0.0,0.0,0.0,0.0
2026-05-25 11:49:19.103031,1779724159.103031,2420,143372.0,,,,,,,,,,,,,,,,0.0000,,,,0.0,0.0,0.0,0.0,0.0,0.0,0.0,0.0,0.0,-7468442,-12217400,161803818,1185706,-122121,-317493,-0.4470239058795167,-0.7312729840698243,9.684774241880495,0.2741275704803467,-0.028233586601257323,-0.07340233138275147,61,effafe00,43.51415047752,-79.68338724705,153.8408,-37.1,SOL_COMPUTED,SINGLE,good,3.6877,1.8076,4.2706,21,19,0.0,0.0,0,0,0,0,0,0,0,0,0,—,—,0.0,0.0,0.0,0.0
2026-05-25 11:49:20.389079,1779724160.389079,2420,143373.0,,,,,,,,,,,,,,,,0.0000,,,,0.0,0.0,0.0,0.0,0.0,0.0,0.0,0.0,0.0,-7552886,-10387046,163081998,484168,-69775,8874,-0.45207830500427254,-0.6217170694329834,9.761279758829957,0.1119365150756836,-0.016131529426574708,0.0020516114959716796,61,eff8fe00,43.5141448691,-79.68338345536,153.3885,-37.1,SOL_COMPUTED,SINGLE,good,3.7284,1.8366,4.3206,21,19,0.0,0.0,0,0,0,0,0,0,0,0,0,—,—,0.0,0.0,0.0,0.0
2026-05-25 11:49:21.566402,1779724161.566402,2420,143374.0,,,,,,,,,,,,,,,,0.0000,,,,0.0,0.0,0.0,0.0,0.0,0.0,0.0,0.0,0.0,-7150729,-10048664,166879068,-235961,-39010,61816,-0.4280071810781861,-0.6014632007788087,9.988553541273195,-0.05455265947723389,-0.009018860092163086,0.014291460021972657,61,eff6fe00,43.51413877049,-79.68337801379,154.4575,-37.1,SOL_COMPUTED,SINGLE,good,3.9986,2.1036,4.728,19,17,0.0,0.0,0,0,0,0,0,0,0,0,0,—,—,0.0,0.0,0.0,0.0
2026-05-25 11:49:22.634835,1779724162.634835,2420,143375.0,,,,,,,,,,,,,,,,0.0000,,,,0.0,0.0,0.0,0.0,0.0,0.0,0.0,0.0,0.0,-7019401,-8491461,164582079,161684,-104881,39147,-0.4201465381875611,-0.5082567505838014,9.851067169344178,0.03738029672241211,-0.024247809928894044,0.00905053360748291,61,eff5fe00,43.51413879611,-79.68337986749,154.6606,-37.1,SOL_COMPUTED,SINGLE,good,4.2359,2.0581,4.8044,17,16,0.0,0.0,0,0,0,0,0,0,0,0,0,—,—,0.0,0.0,0.0,0.0
2026-05-25 11:49:24.258466,1779724164.258466,2420,143376.0,,,,,,,,,,,,,,,,0.0000,,,,0.0,0.0,0.0,0.0,0.0,0.0,0.0,0.0,0.0,-6925326,-9150431,164546761,-463887,11559,-101776,-0.41451567515808113,-0.5476994272836304,9.848953208988343,-0.10724767884063721,0.0026723661575317383,-0.023529953979492188,61,eff3fe00,43.51414657569,-79.68338695694,155.3303,-37.1,SOL_COMPUTED,SINGLE,good,4.0852,1.9328,4.5581,17,16,0.0,0.0,0,0,0,0,0,0,0,0,0,—,—,0.0,0.0,0.0,0.0
2026-05-25 11:49:25.725872,1779724165.725872,2420,143377.0,,,,,,,,,,,,,,,,0.0000,,,,0.0,0.0,0.0,0.0,0.0,0.0,0.0,0.0,0.0,-7112715,-8565191,164469412,-365938,101923,37954,-0.4257318515304566,-0.5126698627938844,9.844323481383059,-0.08460250254821777,0.023563939430236817,0.00877471971130371,61,eff1fe00,43.51414465915,-79.6833874803,153.3256,-37.1,SOL_COMPUTED,SINGLE,good,4.1316,1.9154,4.658,16,15,0.0,0.0,0,0,0,0,0,0,0,0,0,—,—,0.0,0.0,0.0,0.0
2026-05-25 11:49:26.768219,1779724166.768219,2420,143378.0,,,,,,,,,,,,,,,,0.0000,,,,0.0,0.0,0.0,0.0,0.0,0.0,0.0,0.0,0.0,-7289694,-8987571,164126526,423529,-113769,-48267,-0.43632493692077645,-0.5379514352243043,9.82380002562195,0.09791716985321045,-0.02630265813446045,-0.011159018714904784,61,eff0fe00,43.51414705816,-79.6833870139,153.2263,-37.1,SOL_COMPUTED,SINGLE,good,4.0772,1.8749,4.5968,16,15,0.0,0.0,0,0,0,0,0,0,0,0,0,—,—,0.0,0.0,0.0,0.0
2026-05-25 11:49:27.967562,1779724167.967562,2420,143379.0,,,,,,,,,,,,,,,,0.0000,,,,0.0,0.0,0.0,0.0,0.0,0.0,0.0,0.0,0.0,-7538450,-9759288,164173446,53146,75358,-80772,-0.45121423762512214,-0.5841425882885743,9.826608424169313,0.012287012008666992,0.017422282974243163,-0.018673964813232424,61,efeefe00,43.51414506782,-79.6833860876,152.8883,-37.1,SOL_COMPUTED,SINGLE,good,4.0343,1.8378,4.5144,17,16,0.0,0.0,0,0,0,0,0,0,0,0,0,SPECTRUMANALYSIS,L5,1213.357,2.124,-68.334,-129.225
2026-05-25 11:49:29.224876,1779724169.224876,2420,143380.0,,,,,,,,,,,,,,,,0.0000,,,,0.0,0.0,0.0,0.0,0.0,0.0,0.0,0.0,0.0,-7132822,-8661839,164331760,34536,18570,-34319,-0.42693535684997563,-0.5184547328451539,9.836084315209963,0.007984500183105469,0.004293264083862305,-0.007934331184387206,61,efecfe00,43.5141327064,-79.68338239124,151.8542,-37.1,SOL_COMPUTED,SINGLE,good,4.0953,1.8584,4.5714,18,17,0.0,0.0,0,0,0,0,0,0,0,0,0,SPECTRUMANALYSIS,L5,1213.357,2.124,-68.334,-129.225
2026-05-25 11:49:30.465300,1779724170.465300,2420,143381.0,,,,,,,,,,,,,,,,0.0000,,,,0.0,0.0,0.0,0.0,0.0,0.0,0.0,0.0,0.0,-7537836,-8662028,164345627,21834,-104072,-14203,-0.45117748662963875,-0.5184660454479981,9.836914325070497,0.005047879806518555,-0.024060774353027344,-0.0032836418838500976,61,efeafe00,43.51413756171,-79.68338253113,153.0282,-37.1,SOL_COMPUTED,SINGLE,good,4.1789,1.8886,4.5799,18,17,0.0,0.0,0,0,0,0,0,0,0,0,0,STATISTICANALYSIS,L2,1.27,-1.207,0.975,0.427
2026-05-25 11:49:31.835436,1779724171.835436,2420,143382.0,,,,,,,,,,,,,,,,0.0000,,,,0.0,0.0,0.0,0.0,0.0,0.0,0.0,0.0,0.0,-6994480,-9023955,163715758,271392,-32177,-33678,-0.41865489069824224,-0.5401292010543824,9.799213489933473,0.06274407788085938,-0.007439114616394043,-0.007786136123657227,61,efe8fe00,43.5141468311,-79.68338720906,153.6775,-37.1,SOL_COMPUTED,SINGLE,good,3.9754,1.6817,4.2527,18,18,0.0,0.0,0,0,0,0,0,0,0,0,0,STATISTICANALYSIS,L2,1.446,-1.207,0.975,0.427
2026-05-25 11:49:33.101995,1779724173.101995,2420,143383.0,,,,,,,,,,,,,,,,0.0000,,,,0.0,0.0,0.0,0.0,0.0,0.0,0.0,0.0,0.0,-7810580,-9205765,164243524,216295,-1415,35139,-0.46750259006958017,-0.5510114461502076,9.830802945767823,0.05000600727081299,-0.0003271388626098633,0.008123909889221192,61,efe7fe00,43.514153669,-79.68338973176,154.6378,-37.1,SOL_COMPUTED,SINGLE,good,3.9811,1.6807,4.2251,18,18,0.0,0.0,0,0,0,0,0,0,0,0,0,—,—,0.0,0.0,0.0,0.0
2026-05-25 11:49:34.093035,1779724174.093035,2420,143384.0,,,,,,,,,,,,,,,,0.0000,,,,0.0,0.0,0.0,0.0,0.0,0.0,0.0,0.0,0.0,-7215685,-9400625,163881786,-110018,36559,32598,-0.4318951251541138,-0.5626747995376588,9.809151102764284,-0.02543545115661621,0.008452204719543457,0.00753644709777832,61,efe5fe00,43.51415900692,-79.68339008639,155.5318,-37.1,SOL_COMPUTED,SINGLE,good,3.9155,1.6532,4.2055,18,18,0.0,0.0,0,0,0,0,0,0,0,0,0,STATISTICANALYSIS,L2,2.069,-1.34,0.88,0.483
2026-05-25 11:49:34.890133,1779724174.890133,2420,143385.0,,,,,,,,,,,,,,,,0.0000,,,,0.0,0.0,0.0,0.0,0.0,0.0,0.0,0.0,0.0,-7000310,-9240491,164180866,18366,85966,31992,-0.41900384559021003,-0.5530899723214723,9.827052548577273,0.004246100601196289,0.019874784072875976,0.007396343811035156,61,efe4fe00,43.51414940854,-79.68338629043,154.4706,-37.1,SOL_COMPUTED,SINGLE,good,3.989,1.6767,4.2638,18,18,0.0,0.0,0,0,0,0,0,0,0,0,0,STATISTICANALYSIS,L2,1.551,-1.34,0.88,0.483
2026-05-25 11:49:35.796331,1779724175.796331,2420,143386.0,,,,,,,,,,,,,,,,0.0000,,,,0.0,0.0,0.0,0.0,0.0,0.0,0.0,0.0,0.0,-7387502,-8920283,164057952,256071,54197,-30273,-0.4421792388201905,-0.5339239091915894,9.81969552600586,0.05920196161651611,0.012529996421813966,-0.00699892211151123,61,efe2fe00,43.51414997899,-79.68338967031,154.1865,-37.1,SOL_COMPUTED,SINGLE,good,3.9129,1.6623,4.2146,18,18,0.0,0.0,0,0,0,0,0,0,0,0,0,STATISTICANALYSIS,L2,1.498,-1.34,0.88,0.483
2026-05-25 11:49:36.751992,1779724176.751992,2420,143387.0,,,,,,,,,,,,,,,,0.0000,,,,0.0,0.0,0.0,0.0,0.0,0.0,0.0,0.0,0.0,-7395068,-8637314,164228639,131404,-36315,-68741,-0.44263210206420905,-0.5169867879522706,9.829912003475037,0.030379756256103514,-0.008395793495178223,-0.015892475303649903,61,efe0fe00,43.51414744762,-79.68338866023,154.0922,-37.1,SOL_COMPUTED,SINGLE,good,3.9481,1.6766,4.2295,18,18,0.0,0.0,0,0,0,0,0,0,0,0,0,—,—,0.0,0.0,0.0,0.0
2026-05-25 11:49:37.601489,1779724177.601489,2420,143388.0,,,,,,,,,,,,,,,,0.0000,,,,0.0,0.0,0.0,0.0,0.0,0.0,0.0,0.0,0.0,-7798904,-8814086,163993377,42500,129038,5859,-0.46680372260498054,-0.5275674833489991,9.815830386700746,0.009825725555419922,0.029832752334594728,0.0013545629653930664,61,efdefe00,43.51414097856,-79.68338580694,152.9963,-37.1,SOL_COMPUTED,SINGLE,good,3.9813,1.677,4.3176,17,17,0.0,0.0,0,0,0,0,0,0,0,0,0,—,—,0.0,0.0,0.0,0.0
2026-05-25 11:49:38.504778,1779724178.504778,2420,143389.0,,,,,,,,,,,,,,,,0.0000,,,,0.0,0.0,0.0,0.0,0.0,0.0,0.0,0.0,0.0,-7295322,-9071365,163920622,327664,-21323,-64871,-0.4366618010943604,-0.5429669285720826,9.81147563315613,0.07575380090332032,-0.004929739906311036,-0.014997756294250488,61,efddfe00,43.5141350558,-79.6833766182,154.3217,-37.1,SOL_COMPUTED,SINGLE,good,4.0618,1.7522,4.3664,16,16,0.0,0.0,0,0,0,0,0,0,0,0,0,—,—,0.0,0.0,0.0,0.0
2026-05-25 11:49:39.372373,1779724179.372373,2420,143390.0,,,,,,,,,,,,,,,,0.0000,,,,0.0,0.0,0.0,0.0,0.0,0.0,0.0,0.0,0.0,-6916503,-9142462,164111182,172767,95279,12399,-0.41398757412689213,-0.5472224424578859,9.822881609865114,0.03994261475372315,0.02202788953399658,0.002866568733215332,61,efdbfe00,43.51414193807,-79.68338241325,154.0622,-37.1,SOL_COMPUTED,SINGLE,good,3.9774,1.6974,4.2943,16,16,0.0,0.0,0,0,0,0,0,0,0,0,0,—,—,0.0,0.0,0.0,0.0
2026-05-25 11:49:40.350951,1779724180.350951,2420,143391.0,,,,,,,,,,,,,,,,0.0000,,,,0.0,0.0,0.0,0.0,0.0,0.0,0.0,0.0,0.0,-7270284,-8687727,164124394,-80446,107225,-128,-0.4351631505651856,-0.520004260159607,9.823672414673464,-0.01859859571838379,0.024789727592468263,-2.95927734375e-05,61,efd9fe00,43.51414477026,-79.68338383015,154.2095,-37.1,SOL_COMPUTED,SINGLE,good,3.9945,1.702,4.3042,16,16,0.0,0.0,0,0,0,0,0,0,0,0,0,—,—,0.0,0.0,0.0,0.0
2026-05-25 11:49:41.207167,1779724181.207167,2420,143392.0,,,,,,,,,,,,,,,,0.0000,,,,0.0,0.0,0.0,0.0,0.0,0.0,0.0,0.0,0.0,-7603399,-9108372,165007464,40376,-107689,-73483,-0.45510176271575936,-0.5451819840930177,9.876528606174318,0.009334670471191407,-0.0248970013961792,-0.016988795082092285,61,efd7fe00,43.51414978111,-79.68338778266,153.9678,-37.1,SOL_COMPUTED,SINGLE,good,3.9622,1.6847,4.2914,16,16,0.0,0.0,0,0,0,0,0,0,0,0,0,—,—,0.0,0.0,0.0,0.0
2026-05-25 11:49:42.238544,1779724182.238544,2420,143393.0,,,,,,,,,,,,,,,,0.0000,,,,0.0,0.0,0.0,0.0,0.0,0.0,0.0,0.0,0.0,-7448198,-9239527,164025293,-17682,-20759,-35142,-0.4458122004193116,-0.5530322720614624,9.817740720205384,-0.004087964218139648,-0.004799346748352051,-0.008124603469848633,61,efd6fe00,43.51415228257,-79.68338989221,153.9732,-37.1,SOL_COMPUTED,SINGLE,good,3.9555,1.6678,4.2715,16,16,0.0,0.0,0,0,0,0,0,0,0,0,0,—,—,0.0,0.0,0.0,0.0
2026-05-25 11:49:43.203011,1779724183.203011,2420,143394.0,,,,,,,,,,,,,,,,0.0000,,,,0.0,0.0,0.0,0.0,0.0,0.0,0.0,0.0,0.0,-7431108,-9390917,163954257,146528,53571,36386,-0.4447892777600098,-0.5620937267947389,9.813488857477113,0.03387632739257813,0.012385269264221191,0.008412208236694335,61,efd4fe00,43.51415393814,-79.68339122661,154.099,-37.1,SOL_COMPUTED,SINGLE,good,3.9347,1.6605,4.2612,16,16,0.0,0.0,0,0,0,0,0,0,0,0,0,STATISTICANALYSIS,L5,1.107,-6.005,0.496,0.567
2026-05-25 11:49:44.118377,1779724184.118377,2420,143395.0,,,,,,,,,,,,,,,,0.0000,,,,0.0,0.0,0.0,0.0,0.0,0.0,0.0,0.0,0.0,-7370282,-8689812,163801434,117564,92684,-5870,-0.4411485350054932,-0.5201290579211426,9.804341630469361,0.02718003762817383,0.021427942291259765,-0.0013571060943603516,61,efd3fe00,43.51415543634,-79.68339199923,154.3107,-37.1,SOL_COMPUTED,SINGLE,good,3.9339,1.6581,4.2578,16,16,0.0,0.0,0,0,0,0,0,0,0,0,0,STATISTICANALYSIS,L5,1.038,-6.005,0.496,0.567
2026-05-25 11:49:45.234274,1779724185.234274,2420,143396.0,,,,,,,,,,,,,,,,0.0000,,,,0.0,0.0,0.0,0.0,0.0,0.0,0.0,0.0,0.0,-7061117,-8648910,164297219,32575,-7989,14344,-0.42264345109893803,-0.5176808670135499,9.834016862221375,0.00753112964630127,-0.0018470052108764648,0.0033162401733398436,61,efd0fe00,43.51415744586,-79.68339199901,154.6218,-37.1,SOL_COMPUTED,SINGLE,good,3.896,1.6557,4.1551,17,17,0.0,0.0,0,0,0,0,0,0,0,0,0,STATISTICANALYSIS,L5,1.379,-6.005,0.496,0.567
2026-05-25 11:49:46.067068,1779724186.067068,2420,143397.0,,,,,,,,,,,,,,,,0.0000,,,,0.0,0.0,0.0,0.0,0.0,0.0,0.0,0.0,0.0,-6483308,-8195488,165083768,134422,-402663,-82409,-0.38805866942260747,-0.4905412743847657,9.881095785261232,0.03107749836730957,-0.09309308539581299,-0.01905242864227295,61,efcffe00,43.51416044986,-79.68339354552,154.7232,-37.1,SOL_COMPUTED,SINGLE,good,3.8804,1.6455,4.1483,17,17,0.0,0.0,0,0,0,0,0,0,0,0,0,—,—,0.0,0.0,0.0,0.0
2026-05-25 11:49:46.991737,1779724186.991737,2420,143398.0,,,,,,,,,,,,,,,,0.0000,,,,0.0,0.0,0.0,0.0,0.0,0.0,0.0,0.0,0.0,-7579226,-8526731,164657389,-545700,89565,-91719,-0.4536548867974854,-0.5103678378976441,9.855574852519839,-0.1261623161315918,0.020706849632263182,-0.021204840522766114,61,efcdfe00,43.51415962156,-79.68339217429,154.9104,-37.1,SOL_COMPUTED,SINGLE,good,3.8702,1.6263,4.1125,18,18,0.0,0.0,0,0,0,0,0,0,0,0,0,—,—,0.0,0.0,0.0,0.0
2026-05-25 11:49:47.941356,1779724187.941356,2420,143399.0,,,,,,,,,,,,,,,,0.0000,,,,0.0,0.0,0.0,0.0,0.0,0.0,0.0,0.0,0.0,-7810106,-8921158,163640399,-341736,296802,6096,-0.4674742187799073,-0.5339762823529054,9.79470287386078,-0.07900715643310546,0.06861870579528809,0.0014093558349609376,61,efccfe00,43.51415713113,-79.68338957976,155.3115,-37.1,SOL_COMPUTED,SINGLE,good,3.8737,1.6298,4.1219,18,18,0.0,0.0,0,0,0,0,0,0,0,0,0,—,—,0.0,0.0,0.0,0.0
2026-05-25 11:49:48.833185,1779724188.833185,2420,143400.0,,,,,,,,,,,,,,,,0.0000,,,,0.0,0.0,0.0,0.0,0.0,0.0,0.0,0.0,0.0,-7138402,-8318293,163553120,495733,321622,87783,-0.42726934798156746,-0.4978917727566529,9.78947878569336,0.11461026839447022,0.07435692951965332,0.020294862739562988,61,efcafe00,43.51416069733,-79.68339136277,155.4857,-37.1,SOL_COMPUTED,SINGLE,good,3.8367,1.6088,4.0852,18,18,0.0,0.0,0,0,0,0,0,0,0,0,0,—,—,0.0,0.0,0.0,0.0
2026-05-25 11:49:49.780198,1779724189.780198,2420,143401.0,,,,,,,,,,,,,,,,0.0000,,,,0.0,0.0,0.0,0.0,0.0,0.0,0.0,0.0,0.0,-6505841,-9412298,164229470,-625025,715066,-203015,-0.38940738307281497,-0.5633734874371339,9.829961743014527,-0.14450174388885498,0.16531864164733887,-0.04693575702667236,61,efc8fe00,43.51416061486,-79.68339049104,155.1538,-37.1,SOL_COMPUTED,SINGLE,good,3.6815,1.6141,4.0634,18,18,0.0,0.0,0,0,0,0,0,0,0,0,0,—,—,0.0,0.0,0.0,0.0
2026-05-25 11:49:50.694383,1779724190.694383,2420,143402.0,,,,,,,,,,,,,,,,0.0000,,,,0.0,0.0,0.0,0.0,0.0,0.0,0.0,0.0,0.0,-6901484,-8160072,165055147,77744,194404,-22473,-0.41308861125854496,-0.48842144823486333,9.879382674118348,0.017973910766601563,0.044944949432373045,-0.005195612480163574,61,efc7fe00,43.51416589706,-79.68339469059,156.3762,-37.1,SOL_COMPUTED,SINGLE,good,3.7816,1.6141,4.0834,19,19,0.0,0.0,0,0,0,0,0,0,0,0,0,—,—,0.0,0.0,0.0,0.0
2026-05-25 11:49:51.577901,1779724191.577901,2420,143403.0,,,,,,,,,,,,,,,,0.0000,,,,0.0,0.0,0.0,0.0,0.0,0.0,0.0,0.0,0.0,-6307447,-8771748,164387979,-73294,-87695,-215757,-0.37753250196868904,-0.5250333406018067,9.839449305788271,-0.016945099502563475,-0.020274517707824707,-0.049881625144958495,61,efc5fe00,43.51419147017,-79.68340987654,156.965,-37.1,SOL_COMPUTED,SINGLE,good,3.9569,1.6476,4.1828,18,18,0.0,0.0,0,0,0,0,0,0,0,0,0,—,—,0.0,0.0,0.0,0.0
2026-05-25 11:49:52.594442,1779724192.594442,2420,143404.0,,,,,,,,,,,,,,,,0.0000,,,,0.0,0.0,0.0,0.0,0.0,0.0,0.0,0.0,0.0,-7442675,-9232494,163538407,134048,126408,-145242,-0.44548162102508554,-0.5526113115545656,9.788598138467714,0.030991031982421875,0.029224713317871093,-0.033579012496948245,61,efc3fe00,43.5141899342,-79.68340807732,157.1585,-37.1,SOL_COMPUTED,SINGLE,good,3.9223,1.6493,4.1089,18,18,0.0,0.0,0,0,0,0,0,0,0,0,0,—,—,0.0,0.0,0.0,0.0
2026-05-25 11:49:53.572471,1779724193.572471,2420,143405.0,,,,,,,,,,,,,,,,0.0000,,,,0.0,0.0,0.0,0.0,0.0,0.0,0.0,0.0,0.0,-7741218,-8695436,164366983,-39778,89386,-57866,-0.4633509246807862,-0.5204656826745606,9.838192589336854,-0.009196416732788086,0.02066546598815918,-0.013378245529174805,61,efc2fe00,43.51416256592,-79.68339324427,156.2169,-37.1,SOL_COMPUTED,SINGLE,good,3.8889,1.6287,4.1366,18,18,0.0,0.0,0,0,0,0,0,0,0,0,0,—,—,0.0,0.0,0.0,0.0
2026-05-25 11:49:54.487327,1779724194.487327,2420,143406.0,,,,,,,,,,,,,,,,0.0000,,,,0.0,0.0,0.0,0.0,0.0,0.0,0.0,0.0,0.0,-7498465,-8344936,164758721,-119463,101862,-33432,-0.44882093379058846,-0.4994864906274415,9.861640083585511,-0.02761907416534424,0.023549836624145507,-0.007729262512207031,61,efc0fe00,43.51416312824,-79.68339427281,156.2289,-37.1,SOL_COMPUTED,SINGLE,good,3.8981,1.6292,4.1485,18,18,0.0,0.0,0,0,0,0,0,0,0,0,0,—,—,0.0,0.0,0.0,0.0
2026-05-25 11:49:55.539528,1779724195.539528,2420,143407.0,,,,,,,,,,,,,,,,0.0000,,,,0.0,0.0,0.0,0.0,0.0,0.0,0.0,0.0,0.0,-6756473,-9463489,163256801,99466,534201,-14575,-0.40440897183502206,-0.5664375268667603,9.771742599649965,0.022995896896362306,0.12350382158660889,-0.003369645881652832,61,efbefe00,43.51416297976,-79.68339557953,156.2022,-37.1,SOL_COMPUTED,SINGLE,good,3.8649,1.6345,4.1066,17,17,0.0,0.0,0,0,0,0,0,0,0,0,0,—,—,0.0,0.0,0.0,0.0
2026-05-25 11:49:56.366760,1779724196.366760,2420,143408.0,,,,,,,,,,,,,,,,0.0000,,,,0.0,0.0,0.0,0.0,0.0,0.0,0.0,0.0,0.0,-6882932,-9848131,164478828,120924,-32247,-61388,-0.4119781805285645,-0.5894602897409058,9.844887076453858,0.027956847930908205,-0.007455298164367676,-0.014192509185791015,61,efbdfe00,43.51416444655,-79.68339632893,156.1836,-37.1,SOL_COMPUTED,SINGLE,good,3.8854,1.64,4.149,17,17,0.0,0.0,0,0,0,0,0,0,0,0,0,—,—,0.0,0.0,0.0,0.0
2026-05-25 11:49:57.193960,1779724197.193960,2420,143409.0,,,,,,,,,,,,,,,,0.0000,,,,0.0,0.0,0.0,0.0,0.0,0.0,0.0,0.0,0.0,-7262669,-9748757,164808926,-715724,466082,-44961,-0.4347073544241334,-0.5835122548464967,9.864645105944215,-0.16547076699829102,0.10775514866638183,-0.010394692863464356,61,efbbfe00,43.51416371072,-79.6833933481,156.602,-37.1,SOL_COMPUTED,SINGLE,good,3.8966,1.6758,4.1601,17,17,0.0,0.0,0,0,0,0,0,0,0,0,0,—,—,0.0,0.0,0.0,0.0
2026-05-25 11:49:58.182671,1779724198.182671,2420,143410.0,,,,,,,,,,,,,,,,0.0000,,,,0.0,0.0,0.0,0.0,0.0,0.0,0.0,0.0,0.0,-4175700,-5788174,161714344,795986,4738211,-825013,-0.24993669680786137,-0.3464513950018311,9.679418771896975,0.1840268231048584,1.0954437861099242,-0.19073767806243896,61,efbafe00,43.51416676112,-79.68339717881,156.8345,-37.1,SOL_COMPUTED,SINGLE,good,3.8438,1.6359,4.1014,17,17,0.0,0.0,0,0,0,0,0,0,0,0,0,—,—,0.0,0.0,0.0,0.0
2026-05-25 11:49:59.132369,1779724199.132369,2420,143411.0,,,,,,,,,,,,,,,,0.0000,,,,0.0,0.0,0.0,0.0,0.0,0.0,0.0,0.0,0.0,21478950,23978034,145005554,-48474365,9511452,157341460,1.2856234437103273,1.4352062202520754,8.67931345296692,-11.206960163841247,2.1989862820129393,36.376329516448976,61,efb8fe00,43.51416626164,-79.68339550535,156.9548,-37.1,SOL_COMPUTED,SINGLE,good,3.8471,1.6291,4.0851,18,18,0.0,0.0,0,0,0,0,0,0,0,0,0,—,—,0.0,0.0,0.0,0.0
2026-05-25 11:50:00.105591,1779724200.105591,2420,143412.0,,,,,,,,,,,,,,,,0.0000,,,,0.0,0.0,0.0,0.0,0.0,0.0,0.0,0.0,0.0,-2789242,7268146,165329058,407269,-644951,106415,-0.1669501956744385,0.43503518048645023,9.895777628391725,0.09415796285247803,-0.1491085064163208,0.024602460823059082,61,efb6fe00,43.51416576584,-79.68339503405,156.9993,-37.1,SOL_COMPUTED,SINGLE,good,3.8533,1.613,4.0644,18,18,0.0,0.0,0,0,0,0,0,0,0,0,0,—,—,0.0,0.0,0.0,0.0
2026-05-25 11:50:01.055677,1779724201.055677,2420,143413.0,,,,,,,,,,,,,,,,0.0000,,,,0.0,0.0,0.0,0.0,0.0,0.0,0.0,0.0,0.0,-2523565,7185862,163990922,81071,-46221,-18558,-0.1510480878128052,0.43011006825134285,9.815683442573853,0.01874309168243408,-0.010685996726989746,-0.004290489761352539,61,efb5fe00,43.51416560586,-79.68339516599,157.1289,-37.1,SOL_COMPUTED,SINGLE,good,3.8687,1.6159,4.0732,18,18,0.0,0.0,0,0,0,0,0,0,0,0,0,—,—,0.0,0.0,0.0,0.0
2026-05-25 11:50:02.000638,1779724202.000638,2420,143414.0,,,,,,,,,,,,,,,,0.0000,,,,0.0,0.0,0.0,0.0,0.0,0.0,0.0,0.0,0.0,-2648638,7682632,164024570,80324,-128717,-6326,-0.15853433741882325,0.45984425721923833,9.817697445010378,0.018570390106201172,-0.029758539207458495,-0.0014625303497314453,61,efb2fe00,43.51416825028,-79.6833947163,157.3489,-37.1,SOL_COMPUTED,SINGLE,good,3.8026,1.6093,4.0178,19,18,0.0,0.0,0,0,0,0,0,0,0,0,0,—,—,0.0,0.0,0.0,0.0
2026-05-25 11:50:02.918393,1779724202.918393,2420,143415.0,,,,,,,,,,,,,,,,0.0000,,,,0.0,0.0,0.0,0.0,0.0,0.0,0.0,0.0,0.0,-2859468,7275800,164327278,28956,74311,-62185,-0.17115357581909182,0.43549331097412114,9.835816044913942,0.006694440216064453,0.017180223335266115,-0.01437677043914795,61,efb1fe00,43.51416915125,-79.68339715304,157.1388,-37.1,SOL_COMPUTED,SINGLE,good,3.8197,1.599,4.037,19,18,0.0,0.0,0,0,0,0,0,0,0,0,0,—,—,0.0,0.0,0.0,0.0
2026-05-25 11:50:03.903881,1779724203.903881,2420,143416.0,,,,,,,,,,,,,,,,0.0000,,,,0.0,0.0,0.0,0.0,0.0,0.0,0.0,0.0,0.0,-2182792,5690482,164394162,-1605924,1827669,-67710,-0.13065110575439454,0.3406040362872315,9.83981938950989,-0.3712792585144043,0.42254527059173586,-0.01565411476135254,61,efb0fe00,43.51416816853,-79.68339675365,157.0727,-37.1,SOL_COMPUTED,SINGLE,good,3.8438,1.6015,4.0608,19,18,0.0,0.0,0,0,0,0,0,0,0,0,0,—,—,0.0,0.0,0.0,0.0
2026-05-25 11:50:04.845726,1779724204.845726,2420,143417.0,,,,,,,,,,,,,,,,0.0000,,,,0.0,0.0,0.0,0.0,0.0,0.0,0.0,0.0,0.0,-2664985,7484527,164262514,110670,-86986,6113,-0.1595127877822876,0.447986674222107,9.831939593005982,0.025586189346313477,-0.020110601486206053,0.0014132861251831056,61,efaefe00,43.51416769874,-79.68339628447,157.1398,-37.1,SOL_COMPUTED,SINGLE,good,3.8198,1.6023,4.0304,19,18,0.0,0.0,0,0,0,0,0,0,0,0,0,—,—,0.0,0.0,0.0,0.0
2026-05-25 11:50:05.674862,1779724205.674862,2420,143418.0,,,,,,,,,,,,,,,,0.0000,,,,0.0,0.0,0.0,0.0,0.0,0.0,0.0,0.0,0.0,-3238318,6882919,163532036,-196204,443987,-25303,-0.1938296582928467,0.41197740241302494,9.788216801998292,-0.04536109780883789,0.10264692734527588,-0.005849890205383301,61,efacfe00,43.51416683472,-79.68339637701,157.02,-37.1,SOL_COMPUTED,SINGLE,good,3.834,1.606,4.0364,19,18,0.0,0.0,0,0,0,0,0,0,0,0,0,—,—,0.0,0.0,0.0,0.0
2026-05-25 11:50:06.589443,1779724206.589443,2420,143419.0,,,,,,,,,,,,,,,,0.0000,,,,0.0,0.0,0.0,0.0,0.0,0.0,0.0,0.0,0.0,-3101165,6862349,164321205,8101,218551,-23028,-0.18562035978546146,0.4107461842092896,9.835452545246888,0.0018728988876342773,0.050527579902648924,-0.005323924896240235,61,efabfe00,43.51415268613,-79.68338874159,156.7816,-37.1,SOL_COMPUTED,SINGLE,good,3.8075,1.6136,4.0249,19,18,0.0,0.0,0,0,0,0,0,0,0,0,0,—,—,0.0,0.0,0.0,0.0
2026-05-25 11:50:07.485790,1779724207.485790,2420,143420.0,,,,,,,,,,,,,,,,0.0000,,,,0.0,0.0,0.0,0.0,0.0,0.0,0.0,0.0,0.0,-3020088,7157313,163938771,153116,-67477,26688,-0.18076749258544925,0.4284012666714478,9.812561942304384,0.03539943045043945,-0.01560024666595459,0.00617009326171875,61,efa8fe00,43.51418805834,-79.68339415786,159.3425,-37.1,SOL_COMPUTED,SINGLE,good,3.2932,1.6042,3.6728,19,18,0.0,0.0,0,0,0,0,0,0,0,0,0,—,—,0.0,0.0,0.0,0.0
2026-05-25 11:50:08.503355,1779724208.503355,2420,143421.0,,,,,,,,,,,,,,,,0.0000,,,,0.0,0.0,0.0,0.0,0.0,0.0,0.0,0.0,0.0,-2970340,7468399,164297357,332838,-156626,48181,-0.1777898239807129,0.447021332112732,9.834025122217103,0.07694999629211426,-0.0362109197845459,0.011139136070251465,61,efa7fe00,43.51419497767,-79.68339670311,159.5645,-37.1,SOL_COMPUTED,SINGLE,good,3.365,1.6045,3.7613,19,18,0.0,0.0,0,0,0,0,0,0,0,0,0,—,—,0.0,0.0,0.0,0.0
2026-05-25 11:50:09.314483,1779724209.314483,2420,143422.0,,,,,,,,,,,,,,,,0.0000,,,,0.0,0.0,0.0,0.0,0.0,0.0,0.0,0.0,0.0,-3038624,7428502,164022046,181651,-137802,-123868,-0.18187696563476566,0.44463329552185066,9.817546370885621,0.04199653818511963,-0.03185893254089355,-0.028637481719970704,61,efa6fe00,43.51415129359,-79.68337440621,160.0185,-37.1,SOL_COMPUTED,SINGLE,good,3.6367,1.7247,3.9068,18,17,0.0,0.0,0,0,0,0,0,0,0,0,0,—,—,0.0,0.0,0.0,0.0
2026-05-25 11:50:10.287809,1779724210.287809,2420,143423.0,,,,,,,,,,,,,,,,0.0000,,,,0.0,0.0,0.0,0.0,0.0,0.0,0.0,0.0,0.0,-2543382,7457808,164451184,778929,-620963,123465,-0.1522342351702881,0.4463874073681641,9.843232443686524,0.18008335485076904,-0.1435626357192993,0.028544310722351075,61,efa4fe00,43.51416624407,-79.68337633708,161.322,-37.1,SOL_COMPUTED,SINGLE,good,3.5494,1.7469,3.8667,20,19,0.0,0.0,0,0,0,0,0,0,0,0,0,—,—,0.0,0.0,0.0,0.0
2026-05-25 11:50:11.257960,1779724211.257960,2420,143424.0,,,,,,,,,,,,,,,,0.0000,,,,0.0,0.0,0.0,0.0,0.0,0.0,0.0,0.0,0.0,-2504146,7257452,164463121,192559,-432910,141477,-0.14988576276184085,0.4343950906726075,9.843946933316957,0.04451839734649658,-0.10008599647521972,0.03270856880950928,61,efa2fe00,43.51422554288,-79.68342306529,160.1227,-37.1,SOL_COMPUTED,SINGLE,good,3.6774,1.7727,3.9918,19,18,0.0,0.0,0,0,0,0,0,0,0,0,0,—,—,0.0,0.0,0.0,0.0
2026-05-25 11:50:12.169020,1779724212.169020,2420,143425.0,,,,,,,,,,,,,,,,0.0000,,,,0.0,0.0,0.0,0.0,0.0,0.0,0.0,0.0,0.0,-3007413,7102168,163915767,36943,94622,131010,-0.18000882993438724,0.4251005604077149,9.811185036929627,0.008540983039855957,0.021875995376586913,0.03028866600036621,61,efa1fe00,43.51420690197,-79.6834043943,160.4452,-37.1,SOL_COMPUTED,SINGLE,good,3.3038,1.6603,3.819,21,20,0.0,0.0,0,0,0,0,0,0,0,0,0,—,—,0.0,0.0,0.0,0.0
2026-05-25 11:50:13.507141,1779724213.507141,2420,143426.0,,,,,,,,,,,,,,,,0.0000,,,,0.0,0.0,0.0,0.0,0.0,0.0,0.0,0.0,0.0,-2301763,7204232,164669142,12485,-6395,19344,-0.1377721198971558,0.43120960536376957,9.856278328822633,0.0028864513778686525,-0.0014784827041625977,0.004472207885742188,61,ef9ffe00,43.51421277201,-79.68340420957,162.3887,-37.1,SOL_COMPUTED,SINGLE,good,3.633,1.9159,3.81,20,19,0.0,0.0,0,0,0,0,0,0,0,0,0,—,—,0.0,0.0,0.0,0.0
2026-05-25 11:50:14.385923,1779724214.385923,2420,143427.0,,,,,,,,,,,,,,,,0.0000,,,,0.0,0.0,0.0,0.0,0.0,0.0,0.0,0.0,0.0,-2518714,6847116,164224144,-267226,122328,-39193,-0.15075773100646975,0.4098344123620606,9.829642955063479,-0.06178092558288574,0.028281443664550782,-0.009061168510437012,61,ef9efe00,43.51419474862,-79.68339247791,160.5974,-37.1,SOL_COMPUTED,SINGLE,good,3.1323,1.6315,3.7724,20,19,0.0,0.0,0,0,0,0,0,0,0,0,0,—,—,0.0,0.0,0.0,0.0
2026-05-25 11:50:15.372191,1779724215.372191,2420,143428.0,,,,,,,,,,,,,,,,0.0000,,,,0.0,0.0,0.0,0.0,0.0,0.0,0.0,0.0,0.0,-2776728,7194977,163351539,603840,-140895,75318,-0.16620116968505863,0.4306556469546509,9.777413146571963,0.13960390869140624,-0.032574014167785645,0.017413035232543946,61,ef9cfe00,43.51419269561,-79.68339452006,160.9467,-37.1,SOL_COMPUTED,SINGLE,good,3.1332,1.635,3.6794,21,20,0.0,0.0,0,0,0,0,0,0,0,0,0,STATISTICANALYSIS,L1,1.288,-0.641,0.582,0.209
2026-05-25 11:50:16.299958,1779724216.299958,2420,143429.0,,,,,,,,,,,,,,,,0.0000,,,,0.0,0.0,0.0,0.0,0.0,0.0,0.0,0.0,0.0,-3153089,6943758,163635604,251633,-29920,-8213,-0.18872827296051028,0.4156189232830811,9.794415868936769,0.05817592467498779,-0.006917310791015625,-0.0018987925643920898,61,ef9bfe00,43.5142279243,-79.68341636905,161.9457,-37.1,SOL_COMPUTED,SINGLE,good,3.2876,1.7286,3.6083,21,20,0.0,0.0,0,0,0,0,0,0,0,0,0,STATISTICANALYSIS,L1,1.14,-0.641,0.582,0.209
2026-05-25 11:50:17.239845,1779724217.239845,2420,143430.0,,,,,,,,,,,,,,,,0.0000,,,,0.0,0.0,0.0,0.0,0.0,0.0,0.0,0.0,0.0,-2786924,6925638,163435996,15425,267823,170025,-0.16681145168823244,0.41453434993103033,9.782468323812257,0.0035661603927612303,0.061918948127746586,0.0393086820602417,61,ef99fe00,43.51420465671,-79.68339869241,162.5024,-37.1,SOL_COMPUTED,SINGLE,good,3.4473,1.8017,3.66,21,20,0.0,0.0,0,0,0,0,0,0,0,0,0,STATISTICANALYSIS,L1,1.209,-0.641,0.582,0.209
2026-05-25 11:50:18.315998,1779724218.315998,2420,143431.0,,,,,,,,,,,,,,,,0.0000,,,,0.0,0.0,0.0,0.0,0.0,0.0,0.0,0.0,0.0,-1917502,7985081,164304071,-292046,333947,33525,-0.11477216179382325,0.4779473546670533,9.834426988965761,-0.06751914930725098,0.0772063899307251,0.007750763511657715,61,ef97fe00,43.5142089899,-79.68340566121,162.7142,-37.1,SOL_COMPUTED,SINGLE,good,3.5347,1.8864,3.6902,19,18,0.0,0.0,0,0,0,0,0,0,0,0,0,STATISTICANALYSIS,L1,1.352,-2.049,0.675,0.239
2026-05-25 11:50:19.265834,1779724219.265834,2420,143432.0,,,,,,,,,,,,,,,,0.0000,,,,0.0,0.0,0.0,0.0,0.0,0.0,0.0,0.0,0.0,-2319196,7154110,164739487,87109,29223,-207496,-0.13881557283569337,0.4282095509735108,9.860488831717225,0.02013903829193115,0.0067561688919067385,-0.04797173529052735,61,ef96fe00,43.51420757921,-79.68340490822,162.2866,-37.1,SOL_COMPUTED,SINGLE,good,3.5817,1.9612,3.5955,18,17,0.0,0.0,0,0,0,0,0,0,0,0,0,STATISTICANALYSIS,L1,1.876,-2.049,0.675,0.239
2026-05-25 11:50:20.248527,1779724220.248527,2420,143433.0,,,,,,,,,,,,,,,,0.0000,,,,0.0,0.0,0.0,0.0,0.0,0.0,0.0,0.0,0.0,-3053657,6957589,163939727,-272577,244680,-30873,-0.18277676647369387,0.41644677836212163,9.812619163724062,-0.06301804222869874,0.0565684359741211,-0.007137638236999512,61,ef94fe00,43.51419907794,-79.68339740854,162.6815,-37.1,SOL_COMPUTED,SINGLE,good,3.2888,1.7548,3.5125,21,20,0.0,0.0,0,0,0,0,0,0,0,0,0,—,—,0.0,0.0,0.0,0.0
2026-05-25 11:50:21.327327,1779724221.327327,2420,143434.0,,,,,,,,,,,,,,,,0.0000,,,,0.0,0.0,0.0,0.0,0.0,0.0,0.0,0.0,0.0,-2301787,7093431,163975410,575183,-1091957,-103861,-0.13777355641815187,0.4245776069100953,9.814754971170045,0.13297859534454345,-0.2524534070663452,-0.024011992515563966,61,ef92fe00,43.51420308012,-79.6833985662,162.5941,-37.1,SOL_COMPUTED,SINGLE,good,3.2789,1.7602,3.5136,20,19,0.0,0.0,0,0,0,0,0,0,0,0,0,—,—,0.0,0.0,0.0,0.0
2026-05-25 11:50:22.415048,1779724222.415048,2420,143435.0,,,,,,,,,,,,,,,,0.0000,,,,0.0,0.0,0.0,0.0,0.0,0.0,0.0,0.0,0.0,-2721219,6705088,163831538,225276,-347578,-95663,-0.1628786761862183,0.40133332052734383,9.806143506638795,0.05208235647583008,-0.08035778910827637,-0.02211666785430908,61,ef91fe00,43.51421592663,-79.6834088164,161.8455,-37.1,SOL_COMPUTED,SINGLE,good,3.2557,1.7488,3.4984,20,19,0.0,0.0,0,0,0,0,0,0,0,0,0,—,—,0.0,0.0,0.0,0.0
2026-05-25 11:50:23.406095,1779724223.406095,2420,143436.0,,,,,,,,,,,,,,,,0.0000,,,,0.0,0.0,0.0,0.0,0.0,0.0,0.0,0.0,0.0,-2460612,7014185,164105589,724350,-1389975,19241,-0.14728003338500978,0.4198343342910767,9.822546840617983,0.16746504249572755,-0.32135324420928957,0.004448394950866699,61,ef8ffe00,43.51422708766,-79.68341677615,161.4642,-37.1,SOL_COMPUTED,SINGLE,good,3.2438,1.742,3.4926,20,19,0.0,0.0,0,0,0,0,0,0,0,0,0,STATISTICANALYSIS,L5,1.31,-0.872,0.486,0.788
2026-05-25 11:50:24.337344,1779724224.337344,2420,143437.0,,,,,,,,,,,,,,,,0.0000,,,,0.0,0.0,0.0,0.0,0.0,0.0,0.0,0.0,0.0,-2912674,7080637,164876415,410036,-622659,-2978,-0.17433822315734865,0.4238118215090943,9.868684662840272,0.09479767538452148,-0.1439547399673462,-0.0006884943695068359,61,ef8dfe00,43.51423753178,-79.68342312592,161.8064,-37.1,SOL_COMPUTED,SINGLE,good,3.2335,1.7291,3.4897,20,19,0.0,0.0,0,0,0,0,0,0,0,0,0,—,—,0.0,0.0,0.0,0.0
2026-05-25 11:50:25.391755,1779724225.391755,2420,143438.0,,,,,,,,,,,,,,,,0.0000,,,,0.0,0.0,0.0,0.0,0.0,0.0,0.0,0.0,0.0,-2514593,7610057,164078172,589182,-367633,56230,-0.15051106838043216,0.4555002775820923,9.82090579494507,0.13621507374572753,-0.08499437560272217,0.013000012893676758,61,ef8cfe00,43.51423310961,-79.68341831626,162.3628,-37.1,SOL_COMPUTED,SINGLE,good,3.2055,1.7182,3.4757,21,20,0.0,0.0,0,0,0,0,0,0,0,0,0,—,—,0.0,0.0,0.0,0.0
2026-05-25 11:50:26.346939,1779724226.346939,2420,143439.0,,,,,,,,,,,,,,,,0.0000,,,,0.0,0.0,0.0,0.0,0.0,0.0,0.0,0.0,0.0,-2139776,7300221,163850162,298855,-122307,20429,-0.1280763812890625,0.43695503094268806,9.807258246931765,0.06909334613800049,-0.028276588600158692,0.004723052879333496,61,ef8afe00,43.51422860413,-79.68341686433,161.9868,-37.1,SOL_COMPUTED,SINGLE,good,3.1964,1.7003,3.4709,21,20,0.0,0.0,0,0,0,0,0,0,0,0,0,—,—,0.0,0.0,0.0,0.0
2026-05-25 11:50:27.217397,1779724227.217397,2420,143440.0,,,,,,,,,,,,,,,,0.0000,,,,0.0,0.0,0.0,0.0,0.0,0.0,0.0,0.0,0.0,-2278686,7663989,164482635,265242,-171054,-27249,-0.13639084510437013,0.458728379680481,9.845114944596864,0.06132223759460449,-0.039546580215454104,-0.006299792839050293,61,ef88fe00,43.51422965364,-79.68341650203,162.161,-37.1,SOL_COMPUTED,SINGLE,good,3.1656,1.6819,3.4526,21,20,0.0,0.0,0,0,0,0,0,0,0,0,0,—,—,0.0,0.0,0.0,0.0
2026-05-25 11:50:28.136097,1779724228.136097,2420,143441.0,,,,,,,,,,,,,,,,0.0000,,,,0.0,0.0,0.0,0.0,0.0,0.0,0.0,0.0,0.0,-2723649,7005415,164477928,107819,-224109,-19632,-0.16302412393707277,0.41930940557708746,9.844833206916505,0.02492705655670166,-0.05181255361175537,-0.004538791625976563,61,ef87fe00,43.51422914001,-79.68341754559,162.4253,-37.1,SOL_COMPUTED,SINGLE,good,3.1449,1.6687,3.4382,21,20,0.0,0.0,0,0,0,0,0,0,0,0,0,—,—,0.0,0.0,0.0,0.0
2026-05-25 11:50:29.211699,1779724229.211699,2420,143442.0,,,,,,,,,,,,,,,,0.0000,,,,0.0,0.0,0.0,0.0,0.0,0.0,0.0,0.0,0.0,-3050064,7199780,163848660,82021,-125230,12122,-0.18256170730957033,0.4309431307189942,9.807168344659425,0.018962725547790528,-0.0289523673248291,0.002802528121948242,61,ef85fe00,43.51422952399,-79.68341797491,162.707,-37.1,SOL_COMPUTED,SINGLE,good,3.142,1.6682,3.4363,21,20,0.0,0.0,0,0,0,0,0,0,0,0,0,—,—,0.0,0.0,0.0,0.0
2026-05-25 11:50:30.168866,1779724230.168866,2420,143443.0,,,,,,,,,,,,,,,,0.0000,,,,0.0,0.0,0.0,0.0,0.0,0.0,0.0,0.0,0.0,-3017012,6687316,163707468,296497,-240262,61596,-0.18058337847778322,0.4002695767297364,9.798717291639406,0.06854819176483154,-0.055547022903442385,0.014240597442626953,61,ef84fe00,43.51422838991,-79.68341741925,162.1993,-37.1,SOL_COMPUTED,SINGLE,good,3.1574,1.6684,3.4495,21,20,0.0,0.0,0,0,0,0,0,0,0,0,0,—,—,0.0,0.0,0.0,0.0
2026-05-25 11:50:31.023162,1779724231.023162,2420,143444.0,,,,,,,,,,,,,,,,0.0000,,,,0.0,0.0,0.0,0.0,0.0,0.0,0.0,0.0,0.0,-2575931,7145844,164506461,-348640,396914,37224,-0.15418245691619875,0.42771478920043954,9.846541050815736,-0.08060331665039062,0.09176395372009277,0.008605948425292968,61,ef82fe00,43.51422354412,-79.68341311001,162.2597,-37.1,SOL_COMPUTED,SINGLE,good,3.4086,1.7274,3.6793,18,17,0.0,0.0,0,0,0,0,0,0,0,0,0,—,—,0.0,0.0,0.0,0.0
2026-05-25 11:50:31.995777,1779724231.995777,2420,143445.0,,,,,,,,,,,,,,,,0.0000,,,,0.0,0.0,0.0,0.0,0.0,0.0,0.0,0.0,0.0,-3128730,6552640,163362055,657934,-162750,-149400,-0.18727026400451663,0.3922085391601563,9.778042582188418,0.15211009217834473,-0.03762674903869629,-0.034540315246582035,61,ef80fe00,43.51421240555,-79.68340494428,162.7998,-37.1,SOL_COMPUTED,SINGLE,good,3.69,1.9452,3.616,17,16,0.0,0.0,0,0,0,0,0,0,0,0,0,—,—,0.0,0.0,0.0,0.0
2026-05-25 11:50:32.943054,1779724232.943054,2420,143446.0,,,,,,,,,,,,,,,,0.0000,,,,0.0,0.0,0.0,0.0,0.0,0.0,0.0,0.0,0.0,-2842934,6624346,163925381,175369,-150892,-93529,-0.17016393256286624,0.3965005047662354,9.811760483298647,0.04054418035125732,-0.03488525601196289,-0.021623300834655763,61,ef7ffe00,43.51421203949,-79.68340397544,162.8237,-37.1,SOL_COMPUTED,SINGLE,good,3.6868,1.9526,3.6176,19,18,0.0,0.0,0,0,0,0,0,0,0,0,0,—,—,0.0,0.0,0.0,0.0
2026-05-25 11:50:33.903560,1779724233.903560,2420,143447.0,,,,,,,,,,,,,,,,0.0000,,,,0.0,0.0,0.0,0.0,0.0,0.0,0.0,0.0,0.0,-2679259,6739853,163924994,478295,-422107,-9083,-0.16036715864471437,0.4034141810452271,9.811737319397585,0.1105787154006958,-0.09758841263580323,-0.0020999309463500975,61,ef7dfe00,43.5142049477,-79.68339836874,163.1933,-37.1,SOL_COMPUTED,SINGLE,good,3.4842,1.8288,3.6129,20,19,0.0,0.0,0,0,0,0,0,0,0,0,0,—,—,0.0,0.0,0.0,0.0
2026-05-25 11:50:34.882673,1779724234.882673,2420,143448.0,,,,,,,,,,,,,,,,0.0000,,,,0.0,0.0,0.0,0.0,0.0,0.0,0.0,0.0,0.0,-2888829,7097616,163740363,-13812,75152,-30326,-0.172910979692688,0.42482810025878914,9.800686223229677,-0.0031932452087402342,0.017374657104492187,-0.007011175369262696,61,ef7cfe00,43.51420127524,-79.68339738138,163.4212,-37.1,SOL_COMPUTED,SINGLE,good,3.3971,1.8253,3.52,20,19,0.0,0.0,0,0,0,0,0,0,0,0,0,—,—,0.0,0.0,0.0,0.0
2026-05-25 11:50:35.685084,1779724235.685084,2420,143449.0,,,,,,,,,,,,,,,,0.0000,,,,0.0,0.0,0.0,0.0,0.0,0.0,0.0,0.0,0.0,-3125181,7106214,164501184,-5765,-47193,32262,-0.18705783846221927,0.4253427339056397,9.84622519576172,-0.0013328307723999024,-0.010910716850280762,0.007458766067504883,61,ef7bfe00,43.51422131752,-79.68341233933,163.4192,-37.1,SOL_COMPUTED,SINGLE,good,3.3647,1.8075,3.517,20,19,0.0,0.0,0,0,0,0,0,0,0,0,0,—,—,0.0,0.0,0.0,0.0
2026-05-25 11:50:36.681743,1779724236.681743,2420,143450.0,,,,,,,,,,,,,,,,0.0000,,,,0.0,0.0,0.0,0.0,0.0,0.0,0.0,0.0,0.0,-2471644,7080647,164247963,268250,-134423,30150,-0.14794035420288087,0.42381242005950936,9.83106864229706,0.06201766777038574,-0.03107772956085205,0.006970485305786133,61,ef78fe00,43.5142138111,-79.68340689398,162.9077,-37.1,SOL_COMPUTED,SINGLE,good,3.2338,1.7279,3.4877,20,19,0.0,0.0,0,0,0,0,0,0,0,0,0,—,—,0.0,0.0,0.0,0.0
2026-05-25 11:50:37.684412,1779724237.684412,2420,143451.0,,,,,,,,,,,,,,,,0.0000,,,,0.0,0.0,0.0,0.0,0.0,0.0,0.0,0.0,0.0,-1643183,8291008,164567873,-39944,101377,80522,-0.0983527866635132,0.4962586279492188,9.850216868624575,-0.009234794860839843,0.02343770775604248,0.018616166427612303,61,ef77fe00,43.51421547377,-79.68340796897,162.981,-37.1,SOL_COMPUTED,SINGLE,good,3.2196,1.7242,3.4786,20,19,0.0,0.0,0,0,0,0,0,0,0,0,0,—,—,0.0,0.0,0.0,0.0
2026-05-25 11:50:38.580574,1779724238.580574,2420,143452.0,,,,,,,,,,,,,,,,0.0000,,,,0.0,0.0,0.0,0.0,0.0,0.0,0.0,0.0,0.0,-2592227,7058549,163956927,-321146,453243,-81553,-0.15515785467254642,0.422489743352356,9.813648670437928,-0.07424688139343262,0.1047868547744751,-0.018854526969909666,61,ef75fe00,43.51421661987,-79.68340982679,162.7064,-37.1,SOL_COMPUTED,SINGLE,good,3.2574,1.7464,3.5073,20,19,0.0,0.0,0,0,0,0,0,0,0,0,0,—,—,0.0,0.0,0.0,0.0
2026-05-25 11:50:39.573691,1779724239.573691,2420,143453.0,,,,,,,,,,,,,,,,0.0000,,,,0.0,0.0,0.0,0.0,0.0,0.0,0.0,0.0,0.0,-2716345,6843464,164229473,-134429,-12484,-110008,-0.16258694271392823,0.40961582175048833,9.829961922579653,-0.031079116722106934,-0.002886220184326172,-0.025433139221191406,61,ef74fe00,43.51421529849,-79.68341007369,162.4323,-37.1,SOL_COMPUTED,SINGLE,good,3.2573,1.7307,3.5996,19,18,0.0,0.0,0,0,0,0,0,0,0,0,0,—,—,0.0,0.0,0.0,0.0
2026-05-25 11:50:40.531763,1779724240.531763,2420,143454.0,,,,,,,,,,,,,,,,0.0000,,,,0.0,0.0,0.0,0.0,0.0,0.0,0.0,0.0,0.0,-2444710,6760308,164475912,49808,-93942,-61219,-0.14632821851501468,0.40463851591918953,9.844712539152834,0.011515287963867188,-0.021718783767700197,-0.014153437477111817,61,ef72fe00,43.51421401226,-79.68340853239,162.506,-37.1,SOL_COMPUTED,SINGLE,good,3.385,1.7516,3.6639,18,17,0.0,0.0,0,0,0,0,0,0,0,0,0,—,—,0.0,0.0,0.0,0.0
2026-05-25 11:50:41.545726,1779724241.545726,2420,143455.0,,,,,,,,,,,,,,,,0.0000,,,,0.0,0.0,0.0,0.0,0.0,0.0,0.0,0.0,0.0,-2901052,7184441,163946471,-571620,377754,155191,-0.17364258786499026,0.4300250142373658,9.813022826123964,-0.13215485275268554,0.08733428544616699,0.03587915705108643,61,ef71fe00,43.51418152036,-79.68338773882,161.168,-37.1,SOL_COMPUTED,SINGLE,good,3.3289,1.7045,3.9335,20,19,0.0,0.0,0,0,0,0,0,0,0,0,0,—,—,0.0,0.0,0.0,0.0
2026-05-25 11:50:42.555230,1779724242.555230,2420,143456.0,,,,,,,,,,,,,,,,0.0000,,,,0.0,0.0,0.0,0.0,0.0,0.0,0.0,0.0,0.0,-2088104,6725357,164280581,-93787,136822,-78019,-0.12498355158447268,0.40254652236358646,9.833020994040833,-0.021682948768615724,0.031632362869262694,-0.018037488990783692,61,ef6ffe00,43.5141653048,-79.68337744232,161.1498,-37.1,SOL_COMPUTED,SINGLE,good,3.2947,1.7108,3.6877,20,19,0.0,0.0,0,0,0,0,0,0,0,0,0,—,—,0.0,0.0,0.0,0.0
2026-05-25 11:50:43.520998,1779724243.520998,2420,143457.0,,,,,,,,,,,,,,,,0.0000,,,,0.0,0.0,0.0,0.0,0.0,0.0,0.0,0.0,0.0,-2628851,6933321,164458134,2188,31877,98266,-0.15734998571258546,0.41499421621490484,9.843648436224976,0.0005058514709472656,0.007369756553649903,0.022718464645385742,61,ef6efe00,43.51419526194,-79.68340157741,160.0302,-37.1,SOL_COMPUTED,SINGLE,good,3.1211,1.5851,3.5865,21,20,0.0,0.0,0,0,0,0,0,0,0,0,0,—,—,0.0,0.0,0.0,0.0
2026-05-25 11:50:44.630874,1779724244.630874,2420,143458.0,,,,,,,,,,,,,,,,0.0000,,,,0.0,0.0,0.0,0.0,0.0,0.0,0.0,0.0,0.0,-2525509,7169904,164479083,121182,17752,16614,-0.1511644460134888,0.4291549014990235,9.844902339489442,0.028016495864868166,0.004104147766113281,0.003841049514770508,61,ef6cfe00,43.51417961658,-79.68340825867,158.2133,-37.1,SOL_COMPUTED,SINGLE,good,3.9554,1.5983,4.1391,20,19,0.0,0.0,0,0,0,0,0,0,0,0,0,STATISTICANALYSIS,L5,2.06,-8.139,0.528,0.507
2026-05-25 11:50:45.527554,1779724245.527554,2420,143459.0,,,,,,,,,,,,,,,,0.0000,,,,0.0,0.0,0.0,0.0,0.0,0.0,0.0,0.0,0.0,-1503300,8877407,164289117,-65570,153235,-1505,-0.08998008389282228,0.5313575644320679,9.833531916675112,-0.015159360580444335,0.03542694248199463,-0.00034794628143310546,61,ef6bfe00,43.51419780858,-79.68339794216,161.0724,-37.1,SOL_COMPUTED,SINGLE,good,3.1927,1.623,3.6212,21,20,0.0,0.0,0,0,0,0,0,0,0,0,0,STATISTICANALYSIS,L5,3.482,-8.139,0.528,0.507
2026-05-25 11:50:46.438226,1779724246.438226,2420,143460.0,,,,,,,,,,,,,,,,0.0000,,,,0.0,0.0,0.0,0.0,0.0,0.0,0.0,0.0,0.0,-2431242,7393361,164404345,-122228,-29853,-54003,-0.14552209081604006,0.4425299295083619,9.840428893397524,-0.028258324310302733,-0.006901820823669433,-0.012485144874572755,61,ef69fe00,43.5142030887,-79.68339928575,162.7475,-37.1,SOL_COMPUTED,SINGLE,good,3.2711,1.6766,3.6215,21,20,0.0,0.0,0,0,0,0,0,0,0,0,0,STATISTICANALYSIS,L2,1.352,-3.014,1.788,0.387
2026-05-25 11:50:47.547111,1779724247.547111,2420,143461.0,,,,,,,,,,,,,,,,0.0000,,,,0.0,0.0,0.0,0.0,0.0,0.0,0.0,0.0,0.0,-2754300,7249205,163948044,197316,-110397,15908,-0.164858740814209,0.43390146614532477,9.813116978104249,0.04561818502807617,-0.02552307350921631,0.0036778268737792967,61,ef67fe00,43.51420075096,-79.68339849374,162.8872,-37.1,SOL_COMPUTED,SINGLE,good,3.2202,1.6317,3.6938,20,19,0.0,0.0,0,0,0,0,0,0,0,0,0,STATISTICANALYSIS,L2,1.626,-3.014,1.788,0.387
2026-05-25 11:50:48.487903,1779724248.487903,2420,143462.0,,,,,,,,,,,,,,,,0.0000,,,,0.0,0.0,0.0,0.0,0.0,0.0,0.0,0.0,0.0,-3371675,7364247,163661108,160083,-181263,103915,-0.20181174706268312,0.4407873098300171,9.795942411915284,0.03701015586090088,-0.04190683509063721,0.02402447696685791,61,ef66fe00,43.5141972691,-79.68339630023,161.8408,-37.1,SOL_COMPUTED,SINGLE,good,3.3579,1.7002,3.6958,20,19,0.0,0.0,0,0,0,0,0,0,0,0,0,STATISTICANALYSIS,L2,3.034,-3.014,1.788,0.387
2026-05-25 11:50:49.563277,1779724249.563277,2420,143463.0,,,,,,,,,,,,,,,,0.0000,,,,0.0,0.0,0.0,0.0,0.0,0.0,0.0,0.0,0.0,-2832311,6848352,164003542,-314096,284538,-48878,-0.16952809245697023,0.4099083931933594,9.816438813197633,-0.07261696691894531,0.06578334819030762,-0.011300277969360352,61,ef64fe00,43.51419752334,-79.68339712069,161.5364,-37.1,SOL_COMPUTED,SINGLE,good,3.3564,1.7225,3.6594,19,18,0.0,0.0,0,0,0,0,0,0,0,0,0,SPECTRUMANALYSIS,L2,1221.03,12.158,-56.245,-123.576
2026-05-25 11:50:50.540911,1779724250.540911,2420,143464.0,,,,,,,,,,,,,,,,0.0000,,,,0.0,0.0,0.0,0.0,0.0,0.0,0.0,0.0,0.0,-2511085,7443198,164172346,-69568,78960,80135,-0.15030109689483645,0.44551292521179203,9.826542583623658,-0.01608367236328125,0.018255042114257814,0.018526694526672362,61,ef63fe00,43.51420730694,-79.683404659,162.6641,-37.1,SOL_COMPUTED,SINGLE,good,3.2561,1.6548,3.6936,20,19,0.0,0.0,0,0,0,0,0,0,0,0,0,SPECTRUMANALYSIS,L2,1221.03,12.158,-56.245,-123.576
2026-05-25 11:50:51.438568,1779724251.438568,2420,143465.0,,,,,,,,,,,,,,,,0.0000,,,,0.0,0.0,0.0,0.0,0.0,0.0,0.0,0.0,0.0,-2117392,7148273,163779430,209121,40571,-4713,-0.12673658604003907,0.4278601770962525,9.80302458013611,0.04834742479705811,0.009379753211975098,-0.0010896151657104492,61,ef61fe00,43.51420867575,-79.68340455289,162.3237,-37.1,SOL_COMPUTED,SINGLE,good,3.4128,1.7128,3.6506,20,19,0.0,0.0,0,0,0,0,0,0,0,0,0,SPECTRUMANALYSIS,L2,1221.03,12.158,-56.245,-123.576
2026-05-25 11:50:52.429453,1779724252.429453,2420,143466.0,,,,,,,,,,,,,,,,0.0000,,,,0.0,0.0,0.0,0.0,0.0,0.0,0.0,0.0,0.0,-1752114,7734581,164234578,152296,-81391,21992,-0.10487285618957522,0.4629536667703248,9.83026748256653,0.03520985174560547,-0.018817073616027833,0.005084408386230469,61,ef60fe00,43.51418827229,-79.68338925739,161.9247,-37.1,SOL_COMPUTED,SINGLE,good,3.2449,1.6473,3.6318,20,19,0.0,0.0,0,0,0,0,0,0,0,0,0,SPECTRUMANALYSIS,L5,1215.298,3.516,-67.036,-129.085
2026-05-25 11:50:53.292069,1779724253.292069,2420,143467.0,,,,,,,,,,,,,,,,0.0000,,,,0.0,0.0,0.0,0.0,0.0,0.0,0.0,0.0,0.0,-2211756,7588412,164900051,-173093,307,51332,-0.1323847471765137,0.4542047152087403,9.870099396601258,-0.040017983848571775,7.09764175415039e-05,0.011867626922607422,61,ef5ffe00,43.51418821035,-79.68339034757,162.3635,-37.1,SOL_COMPUTED,SINGLE,good,3.2328,1.6323,3.6195,20,19,0.0,0.0,0,0,0,0,0,0,0,0,0,STATISTICANALYSIS,L5,1.087,-0.751,0.492,0.775
2026-05-25 11:50:54.239931,1779724254.239931,2420,143468.0,,,,,,,,,,,,,,,,0.0000,,,,0.0,0.0,0.0,0.0,0.0,0.0,0.0,0.0,0.0,-2425487,7259227,164240417,-174029,87492,-20789,-0.14517762505218507,0.43450133337127694,9.830616976153872,-0.0402343810043335,0.02022758541870117,-0.004806282554626465,61,ef5dfe00,43.51420298963,-79.68340403774,161.4645,-37.1,SOL_COMPUTED,SINGLE,good,3.1239,1.5753,3.5653,20,19,0.0,0.0,0,0,0,0,0,0,0,0,0,—,—,0.0,0.0,0.0,0.0
2026-05-25 11:50:55.258253,1779724255.258253,2420,143469.0,,,,,,,,,,,,,,,,0.0000,,,,0.0,0.0,0.0,0.0,0.0,0.0,0.0,0.0,0.0,-3133795,6900028,163897192,100938,482810,70766,-0.1875734297897339,0.4130014623181153,9.810073229533693,0.023336213790893554,0.11162255424499512,0.01636064222717285,61,ef5bfe00,43.51419094245,-79.68339328026,161.902,-37.1,SOL_COMPUTED,SINGLE,good,3.1858,1.6346,3.6029,21,20,0.0,0.0,0,0,0,0,0,0,0,0,0,—,—,0.0,0.0,0.0,0.0
2026-05-25 11:50:56.246104,1779724256.246104,2420,143470.0,,,,,,,,,,,,,,,,0.0000,,,,0.0,0.0,0.0,0.0,0.0,0.0,0.0,0.0,0.0,-2093027,7578695,165444514,1026473,-1483324,131978,-0.1252782179537964,0.45362310377044684,9.9026882520636,0.2373139291305542,-0.34293493020629884,0.030512461349487305,61,ef5afe00,43.51419115377,-79.68339395626,161.7582,-37.1,SOL_COMPUTED,SINGLE,good,3.1765,1.6383,3.5899,20,19,0.0,0.0,0,0,0,0,0,0,0,0,0,—,—,0.0,0.0,0.0,0.0
2026-05-25 11:50:57.368521,1779724257.368521,2420,143471.0,,,,,,,,,,,,,,,,0.0000,,,,0.0,0.0,0.0,0.0,0.0,0.0,0.0,0.0,0.0,-1687330,7023352,164440787,980041,-1172812,13274,-0.10099520718078615,0.42038302545654305,9.84261013082001,0.22657915056610106,-0.2711465609436035,0.0030688630828857423,61,ef58fe00,43.51418523969,-79.68339012547,161.8147,-37.1,SOL_COMPUTED,SINGLE,good,3.1362,1.6141,3.5674,20,19,0.0,0.0,0,0,0,0,0,0,0,0,0,—,—,0.0,0.0,0.0,0.0
2026-05-25 11:50:58.361570,1779724258.361570,2420,143472.0,,,,,,,,,,,,,,,,0.0000,,,,0.0,0.0,0.0,0.0,0.0,0.0,0.0,0.0,0.0,-1775769,7692676,164603590,-53031,401024,-36848,-0.10628872719635012,0.4604454412561036,9.852354711141968,-0.012260424751281739,0.0927141591796875,-0.008519019653320312,61,ef57fe00,43.51418305245,-79.68338918447,161.6689,-37.1,SOL_COMPUTED,SINGLE,good,3.108,1.6003,3.5514,20,19,0.0,0.0,0,0,0,0,0,0,0,0,0,—,—,0.0,0.0,0.0,0.0
2026-05-25 11:50:59.445964,1779724259.445964,2420,143473.0,,,,,,,,,,,,,,,,0.0000,,,,0.0,0.0,0.0,0.0,0.0,0.0,0.0,0.0,0.0,-2426247,7298825,164331145,16770,-31049,-39077,-0.14522311488372805,0.43687147330474857,9.836047504359437,0.003877115707397461,-0.007178328300476074,-0.009034350059509278,61,ef55fe00,43.51423161167,-79.68342560963,162.5472,-37.1,SOL_COMPUTED,SINGLE,good,3.3768,1.7413,3.5752,19,18,0.0,0.0,0,0,0,0,0,0,0,0,0,—,—,0.0,0.0,0.0,0.0
2026-05-25 11:51:00.462557,1779724260.462557,2420,143474.0,,,,,,,,,,,,,,,,0.0000,,,,0.0,0.0,0.0,0.0,0.0,0.0,0.0,0.0,0.0,-2881029,6578655,164370215,86628,-99184,-2167,-0.17244411036895754,0.39376566806488045,9.838386040830995,0.020027834197998046,-0.022930700317382813,-0.0005009964065551758,61,ef54fe00,43.51420495172,-79.68340873766,160.8294,-37.1,SOL_COMPUTED,SINGLE,good,3.1109,1.5794,3.5552,20,19,0.0,0.0,0,0,0,0,0,0,0,0,0,—,—,0.0,0.0,0.0,0.0
2026-05-25 11:51:01.409579,1779724261.409579,2420,143475.0,,,,,,,,,,,,,,,,0.0000,,,,0.0,0.0,0.0,0.0,0.0,0.0,0.0,0.0,0.0,-2750105,7411073,163857548,42165,60078,-59051,-0.16460764891510013,0.44359008200347905,9.807700336268312,0.009748275718688965,0.013889645645141602,-0.01365220987701416,61,ef52fe00,43.51418067218,-79.6833880545,163.5232,-37.1,SOL_COMPUTED,SINGLE,good,3.356,1.7205,3.8141,21,19,0.0,0.0,0,0,0,0,0,0,0,0,0,—,—,0.0,0.0,0.0,0.0
2026-05-25 11:51:02.412155,1779724262.412155,2420,143476.0,,,,,,,,,,,,,,,,0.0000,,,,0.0,0.0,0.0,0.0,0.0,0.0,0.0,0.0,0.0,-2405842,7124437,164477237,59705,-10253,707,-0.14400177276184084,0.4264334723269654,9.844791847082826,0.013803410453796386,-0.002370427391052246,0.0001634538345336914,61,ef50fe00,43.51420587197,-79.68340765072,161.7317,-37.1,SOL_COMPUTED,SINGLE,good,3.1354,1.5897,3.6332,22,20,0.0,0.0,0,0,0,0,0,0,0,0,0,—,—,0.0,0.0,0.0,0.0
2026-05-25 11:51:03.401760,1779724263.401760,2420,143477.0,,,,,,,,,,,,,,,,0.0000,,,,0.0,0.0,0.0,0.0,0.0,0.0,0.0,0.0,0.0,-2227027,7665381,164437242,22541,-47469,21487,-0.13329879351531984,0.45881169789825443,9.842397944697877,0.005211333641052246,-0.010974526268005371,0.004967655647277832,61,ef4ffe00,43.51421608594,-79.68341582405,160.9295,-37.1,SOL_COMPUTED,SINGLE,good,3.1227,1.583,3.6379,22,20,0.0,0.0,0,0,0,0,0,0,0,0,0,—,—,0.0,0.0,0.0,0.0
2026-05-25 11:51:04.277855,1779724264.277855,2420,143478.0,,,,,,,,,,,,,,,,0.0000,,,,0.0,0.0,0.0,0.0,0.0,0.0,0.0,0.0,0.0,-1875611,8064939,163913850,-162937,730255,53198,-0.11226477425018312,0.48272725857147225,9.811070294815066,-0.03766998223114014,0.1688302403640747,0.012299034072875976,61,ef4efe00,43.51422170575,-79.68341899942,160.8142,-37.1,SOL_COMPUTED,SINGLE,good,3.1141,1.5789,3.6251,22,20,0.0,0.0,0,0,0,0,0,0,0,0,0,—,—,0.0,0.0,0.0,0.0
2026-05-25 11:51:05.252783,1779724265.252783,2420,143479.0,,,,,,,,,,,,,,,,0.0000,,,,0.0,0.0,0.0,0.0,0.0,0.0,0.0,0.0,0.0,-1771169,7518589,164211628,-9500,39752,-89075,-0.10601339400543214,0.45002545664581306,9.828893809364015,-0.002196338653564453,0.009190405700683593,-0.020593564796447753,61,ef4cfe00,43.5142304535,-79.68342658356,160.0515,-37.1,SOL_COMPUTED,SINGLE,good,3.3063,1.6131,3.8315,22,20,0.0,0.0,0,0,0,0,0,0,0,0,0,—,—,0.0,0.0,0.0,0.0
2026-05-25 11:51:06.118411,1779724266.118411,2420,143480.0,,,,,,,,,,,,,,,,0.0000,,,,0.0,0.0,0.0,0.0,0.0,0.0,0.0,0.0,0.0,-2312595,7333206,163997386,118091,-107832,-75338,-0.13842046970672608,0.4389293494866944,9.816070345562135,0.027301876625061037,-0.024930062072753906,-0.017417659103393556,61,ef4afe00,43.51418907385,-79.68339354747,162.2818,-37.1,SOL_COMPUTED,SINGLE,good,3.2851,1.7103,3.67,22,20,0.0,0.0,0,0,0,0,0,0,0,0,0,—,—,0.0,0.0,0.0,0.0
2026-05-25 11:51:07.074687,1779724267.074687,2420,143481.0,,,,,,,,,,,,,,,,0.0000,,,,0.0,0.0,0.0,0.0,0.0,0.0,0.0,0.0,0.0,-3063615,6739890,163225068,305704,-305118,-39130,-0.18337280297698977,0.40341639568176274,9.769843219617922,0.07067679071044922,-0.07054131129455567,-0.009046603317260742,61,ef49fe00,43.51419540142,-79.6833968704,162.5577,-37.1,SOL_COMPUTED,SINGLE,good,3.1581,1.6814,3.5995,23,21,0.0,0.0,0,0,0,0,0,0,0,0,0,—,—,0.0,0.0,0.0,0.0
2026-05-25 11:51:08.004836,1779724268.004836,2420,143482.0,,,,,,,,,,,,,,,,0.0000,,,,0.0,0.0,0.0,0.0,0.0,0.0,0.0,0.0,0.0,-2812507,7013626,163871101,33425,571633,39922,-0.16834272321502688,0.419800875322876,9.808511551645815,0.007727644157409668,0.1321578582687378,0.009229708602905274,61,ef47fe00,43.51419856359,-79.68340079562,162.1178,-37.1,SOL_COMPUTED,SINGLE,good,3.0336,1.611,3.5406,23,21,0.0,0.0,0,0,0,0,0,0,0,0,0,—,—,0.0,0.0,0.0,0.0
2026-05-25 11:51:09.024168,1779724269.024168,2420,143483.0,,,,,,,,,,,,,,,,0.0000,,,,0.0,0.0,0.0,0.0,0.0,0.0,0.0,0.0,0.0,-2687442,7194433,164104515,-168686,356042,-11476,-0.16085695244934084,0.4306230858120728,9.822482556303408,-0.03899911390686035,0.08231461125183105,-0.0026531770935058594,61,ef46fe00,43.51419107604,-79.68339724686,161.7478,-37.1,SOL_COMPUTED,SINGLE,good,3.0048,1.5905,3.5366,23,21,0.0,0.0,0,0,0,0,0,0,0,0,0,—,—,0.0,0.0,0.0,0.0
2026-05-25 11:51:09.969356,1779724269.969356,2420,143484.0,,,,,,,,,,,,,,,,0.0000,,,,0.0,0.0,0.0,0.0,0.0,0.0,0.0,0.0,0.0,-2110813,7824808,163676339,241415,4133,-24768,-0.1263427997219849,0.4683542076000977,9.79685406405243,0.055813589057922365,0.0009555229110717774,-0.00572620166015625,61,ef45fe00,43.51419516177,-79.6834012136,161.5669,-37.1,SOL_COMPUTED,SINGLE,good,2.9579,1.5622,3.5126,23,21,0.0,0.0,0,0,0,0,0,0,0,0,0,—,—,0.0,0.0,0.0,0.0
2026-05-25 11:51:10.818063,1779724270.818063,2420,143485.0,,,,,,,,,,,,,,,,0.0000,,,,0.0,0.0,0.0,0.0,0.0,0.0,0.0,0.0,0.0,-2335804,7493217,164373292,-95549,129215,-43406,-0.13980964536499024,0.44850681453277597,9.838570214793702,-0.02209031179046631,0.02987367359161377,-0.010035186904907227,61,ef43fe00,43.51418302174,-79.68339224897,162.1955,-37.1,SOL_COMPUTED,SINGLE,good,3.0449,1.6203,3.56,23,21,0.0,0.0,0,0,0,0,0,0,0,0,0,STATISTICANALYSIS,L5,9.804,-7.449,0.599,0.399
2026-05-25 11:51:11.724336,1779724271.724336,2420,143486.0,,,,,,,,,,,,,,,,0.0000,,,,0.0,0.0,0.0,0.0,0.0,0.0,0.0,0.0,0.0,-2698538,6885058,164161334,1566809,-1701299,174554,-0.1615211039898682,0.4121054323468018,9.825883459906617,0.36223612310028075,-0.393329342628479,0.04035575761413574,61,ef42fe00,43.51419249808,-79.68339765512,161.638,-37.1,SOL_COMPUTED,SINGLE,good,3.006,1.5935,3.5484,23,21,0.0,0.0,0,0,0,0,0,0,0,0,0,STATISTICANALYSIS,L5,3.497,-7.449,0.599,0.399
2026-05-25 11:51:12.743960,1779724272.743960,2420,143487.0,,,,,,,,,,,,,,,,0.0000,,,,0.0,0.0,0.0,0.0,0.0,0.0,0.0,0.0,0.0,-2889432,6411871,164068232,73170,67607,-4304,-0.17294707228271486,0.38378280482269295,9.82031083583252,0.016916431503295897,0.01563030182647705,-0.0009950570068359376,61,ef40fe00,43.51420552898,-79.68340898847,160.481,-37.1,SOL_COMPUTED,SINGLE,good,2.9361,1.5577,3.5266,23,21,0.0,0.0,0,0,0,0,0,0,0,0,0,STATISTICANALYSIS,L5,1.502,-7.449,0.599,0.399
2026-05-25 11:51:13.750718,1779724273.750718,2420,143488.0,,,,,,,,,,,,,,,,0.0000,,,,0.0,0.0,0.0,0.0,0.0,0.0,0.0,0.0,0.0,-3158751,6820205,163780055,336321,-87836,48538,-0.1890671722055054,0.408223653340149,9.80306198953705,0.07775524340057373,-0.020307115997314454,0.011221672164916992,61,ef3ffe00,43.51420325061,-79.68340646438,160.4602,-37.1,SOL_COMPUTED,SINGLE,good,3.0493,1.5754,3.589,22,20,0.0,0.0,0,0,0,0,0,0,0,0,0,STATISTICANALYSIS,L5,1.622,-0.555,0.493,0.649
2026-05-25 11:51:14.599851,1779724274.599851,2420,143489.0,,,,,,,,,,,,,,,,0.0000,,,,0.0,0.0,0.0,0.0,0.0,0.0,0.0,0.0,0.0,-2353828,7734114,163823194,146527,11579,-21677,-0.14088847263305665,0.46292571446594244,9.805644076172486,0.033876096199035644,0.002676990028381348,-0.0050115824203491215,61,ef3dfe00,43.5141988115,-79.683400724,161.3589,-37.1,SOL_COMPUTED,SINGLE,good,3.069,1.5826,3.6064,21,19,0.0,0.0,0,0,0,0,0,0,0,0,0,STATISTICANALYSIS,L5,3.541,-0.555,0.493,0.649
2026-05-25 11:51:15.641172,1779724275.641172,2420,143490.0,,,,,,,,,,,,,,,,0.0000,,,,0.0,0.0,0.0,0.0,0.0,0.0,0.0,0.0,0.0,-1587976,8018670,164111344,273992,-70388,-162537,-0.09504836938720704,0.479957825656128,9.822891306381837,0.0633451810913086,-0.016273251068115235,-0.03757750481414795,61,ef3cfe00,43.51419671848,-79.68339995789,161.0203,-37.1,SOL_COMPUTED,SINGLE,good,3.0531,1.5739,3.584,22,20,0.0,0.0,0,0,0,0,0,0,0,0,0,STATISTICANALYSIS,L5,2.728,-0.555,0.493,0.649
2026-05-25 11:51:16.840986,1779724276.840986,2420,143491.0,,,,,,,,,,,,,,,,0.0000,,,,0.0,0.0,0.0,0.0,0.0,0.0,0.0,0.0,0.0,-2381280,7655353,164599253,-211988,343089,-59652,-0.1425316132324219,0.4582114715420533,9.852095119826966,-0.04901025668334961,0.07931996129608154,-0.013791157196044922,61,ef3afe00,43.51419160874,-79.68339401217,161.7094,-37.1,SOL_COMPUTED,SINGLE,good,3.0568,1.5746,3.588,22,20,0.0,0.0,0,0,0,0,0,0,0,0,0,—,—,0.0,0.0,0.0,0.0
2026-05-25 11:51:17.866622,1779724277.866622,2420,143492.0,,,,,,,,,,,,,,,,0.0000,,,,0.0,0.0,0.0,0.0,0.0,0.0,0.0,0.0,0.0,-2417680,6703541,163969854,245507,-295054,-89857,-0.14471033674316408,0.40124072477813727,9.81442241655945,0.05675963303375244,-0.06821457948303222,-0.02077435814666748,61,ef39fe00,43.51418069445,-79.68338293581,163.2892,-37.1,SOL_COMPUTED,SINGLE,good,3.1938,1.678,3.6272,22,20,0.0,0.0,0,0,0,0,0,0,0,0,0,—,—,0.0,0.0,0.0,0.0
2026-05-25 11:51:18.900742,1779724278.900742,2420,143493.0,,,,,,,,,,,,,,,,0.0000,,,,0.0,0.0,0.0,0.0,0.0,0.0,0.0,0.0,0.0,-2582789,6920310,163884191,135689,-53253,-50615,-0.15459294279083255,0.41421544226989754,9.8092950541391,0.03137042058563232,-0.012311749717712402,-0.011701861152648926,61,ef37fe00,43.51419719175,-79.68339540889,162.7882,-37.1,SOL_COMPUTED,SINGLE,good,3.0676,1.6163,3.566,23,21,0.0,0.0,0,0,0,0,0,0,0,0,0,—,—,0.0,0.0,0.0,0.0
2026-05-25 11:51:19.901592,1779724279.901592,2420,143494.0,,,,,,,,,,,,,,,,0.0000,,,,0.0,0.0,0.0,0.0,0.0,0.0,0.0,0.0,0.0,-2708276,7202100,163890879,723668,-638498,34514,-0.16210397238403323,0.4310819944152833,9.809695364656678,0.16730736849975586,-0.14761661448669433,0.007979413925170898,61,ef36fe00,43.5141912572,-79.68338594683,164.0527,-37.1,SOL_COMPUTED,SINGLE,good,3.3507,1.7329,3.6182,21,19,0.0,0.0,0,0,0,0,0,0,0,0,0,—,—,0.0,0.0,0.0,0.0
2026-05-25 11:51:21.002717,1779724281.002717,2420,143495.0,,,,,,,,,,,,,,,,0.0000,,,,0.0,0.0,0.0,0.0,0.0,0.0,0.0,0.0,0.0,-2804185,7154143,164273306,-102684,-176447,44573,-0.16784460955963137,0.42821152618988045,9.832585548613894,-0.023739877716064454,-0.04079340699005127,0.010304989768981934,61,ef34fe00,43.51418897651,-79.68339031153,162.7227,-37.1,SOL_COMPUTED,SINGLE,good,3.2382,1.686,3.5932,22,20,0.0,0.0,0,0,0,0,0,0,0,0,0,—,—,0.0,0.0,0.0,0.0
2026-05-25 11:51:22.059376,1779724282.059376,2420,143496.0,,,,,,,,,,,,,,,,0.0000,,,,0.0,0.0,0.0,0.0,0.0,0.0,0.0,0.0,0.0,-2610174,7155841,163728942,325144,-109187,-56607,-0.15623207310241702,0.4283131600503541,9.80000261880066,0.07517119317626954,-0.02524332932281494,-0.013087172859191894,61,ef33fe00,43.5142036569,-79.68340298151,161.901,-37.1,SOL_COMPUTED,SINGLE,good,3.1451,1.6321,3.5818,22,20,0.0,0.0,0,0,0,0,0,0,0,0,0,STATISTICANALYSIS,L2,2.037,-0.174,1.395,0.242
2026-05-25 11:51:22.963527,1779724282.963527,2420,143497.0,,,,,,,,,,,,,,,,0.0000,,,,0.0,0.0,0.0,0.0,0.0,0.0,0.0,0.0,0.0,-2688342,6941525,164133756,105155,-62528,19404,-0.16091082198669435,0.4154852669754029,9.824232777572023,0.024311156959533693,-0.01445606982421875,0.004486079498291016,61,ef31fe00,43.51421220457,-79.683409703,161.2656,-37.1,SOL_COMPUTED,SINGLE,good,3.0757,1.5807,3.572,22,20,0.0,0.0,0,0,0,0,0,0,0,0,0,—,—,0.0,0.0,0.0,0.0
2026-05-25 11:51:23.952943,1779724283.952943,2420,143498.0,,,,,,,,,,,,,,,,0.0000,,,,0.0,0.0,0.0,0.0,0.0,0.0,0.0,0.0,0.0,-2270342,6957381,163719774,167348,129789,58937,-0.13589141463806154,0.4164343285134888,9.799453867780153,0.038689776947021484,0.03000637868499756,0.013625853813171386,61,ef30fe00,43.51420566878,-79.68340568773,161.3333,-37.1,SOL_COMPUTED,SINGLE,good,3.0731,1.5779,3.5778,22,20,0.0,0.0,0,0,0,0,0,0,0,0,0,STATISTICANALYSIS,L2,2.208,-0.174,1.395,0.242
2026-05-25 11:51:24.892141,1779724284.892141,2420,143499.0,,,,,,,,,,,,,,,,0.0000,,,,0.0,0.0,0.0,0.0,0.0,0.0,0.0,0.0,0.0,-2829476,6939267,164126706,84628,-133518,1893,-0.16935840341430666,0.41535011429168706,9.82381079952942,0.01956544711303711,-0.030868499404907226,0.00043764937591552735,61,ef2ffe00,43.51419925336,-79.68340402662,161.0031,-37.1,SOL_COMPUTED,SINGLE,good,3.0572,1.57,3.5771,22,20,0.0,0.0,0,0,0,0,0,0,0,0,0,—,—,0.0,0.0,0.0,0.0
2026-05-25 11:51:25.981613,1779724285.981613,2420,143500.0,,,,,,,,,,,,,,,,0.0000,,,,0.0,0.0,0.0,0.0,0.0,0.0,0.0,0.0,0.0,-2597014,6731405,164233819,48053,-16396,21425,-0.1554443807562256,0.4029085256546021,9.830222052590027,0.011109543296813965,-0.0037906493225097655,0.004953321647644043,61,ef2dfe00,43.51419946553,-79.68340085711,161.2857,-37.1,SOL_COMPUTED,SINGLE,good,3.0592,1.569,3.5809,22,20,0.0,0.0,0,0,0,0,0,0,0,0,0,STATISTICANALYSIS,L5,2.44,-2.59,0.704,0.517
2026-05-25 11:51:27.020515,1779724287.020515,2420,143501.0,,,,,,,,,,,,,,,,0.0000,,,,0.0,0.0,0.0,0.0,0.0,0.0,0.0,0.0,0.0,-2835066,7276968,163859320,550176,-279171,-134745,-0.1696929930963135,0.4355632216625977,9.807806399401857,0.12719713842773436,-0.06454253244781494,-0.031152173881530763,61,ef2cfe00,43.51418186123,-79.68338272011,163.537,-37.1,SOL_COMPUTED,SINGLE,good,3.2017,1.6804,3.6202,21,19,0.0,0.0,0,0,0,0,0,0,0,0,0,STATISTICANALYSIS,L5,2.419,-2.59,0.704,0.517
2026-05-25 11:51:28.122497,1779724288.122497,2420,143502.0,,,,,,,,,,,,,,,,0.0000,,,,0.0,0.0,0.0,0.0,0.0,0.0,0.0,0.0,0.0,-2607254,8172064,164597067,75944,-106687,83813,-0.15605729638122562,0.4891392298925782,9.851964276706239,0.01755776239013672,-0.02466534546661377,0.019377024375915528,61,ef2afe00,43.51416275488,-79.68336797887,164.4254,-37.1,SOL_COMPUTED,SINGLE,good,3.0464,1.5683,3.5801,22,20,0.0,0.0,0,0,0,0,0,0,0,0,0,—,—,0.0,0.0,0.0,0.0
2026-05-25 11:51:29.221363,1779724289.221363,2420,143503.0,,,,,,,,,,,,,,,,0.0000,,,,0.0,0.0,0.0,0.0,0.0,0.0,0.0,0.0,0.0,-2429621,7440350,164304915,48979,-32182,-28309,-0.14542506579376221,0.4453424580535889,9.83447750662079,0.011323628517150878,-0.007440270584106445,-0.00654485799407959,61,ef29fe00,43.51418490675,-79.68338352919,163.6691,-37.1,SOL_COMPUTED,SINGLE,good,3.2076,1.6803,3.6257,21,19,0.0,0.0,0,0,0,0,0,0,0,0,0,—,—,0.0,0.0,0.0,0.0
2026-05-25 11:51:30.164737,1779724290.164737,2420,143504.0,,,,,,,,,,,,,,,,0.0000,,,,0.0,0.0,0.0,0.0,0.0,0.0,0.0,0.0,0.0,-2223813,7174185,163855182,-134624,184441,-139708,-0.1331064194119263,0.42941114093170174,9.807558719240113,-0.031124199462890623,0.042641568168640134,-0.03229958743286133,61,ef28fe00,43.51417735659,-79.68338014276,163.4295,-37.1,SOL_COMPUTED,SINGLE,good,3.0382,1.5697,3.5596,22,20,0.0,0.0,0,0,0,0,0,0,0,0,0,—,—,0.0,0.0,0.0,0.0
2026-05-25 11:51:31.237591,1779724291.237591,2420,143505.0,,,,,,,,,,,,,,,,0.0000,,,,0.0,0.0,0.0,0.0,0.0,0.0,0.0,0.0,0.0,-2545837,7535954,163645102,142012,-122579,20187,-0.1523811792971802,0.45106483944152836,9.794984372120974,0.03283225735473633,-0.02833947324371338,0.004667104042053223,61,ef26fe00,43.51422417395,-79.68341731903,160.8632,-37.1,SOL_COMPUTED,SINGLE,good,3.0425,1.5701,3.5652,22,20,0.0,0.0,0,0,0,0,0,0,0,0,0,—,—,0.0,0.0,0.0,0.0
2026-05-25 11:51:32.325969,1779724292.325969,2420,143506.0,,,,,,,,,,,,,,,,0.0000,,,,0.0,0.0,0.0,0.0,0.0,0.0,0.0,0.0,0.0,-2274499,6879319,164568815,-186944,61171,-63314,-0.13614023204559328,0.4117619242636109,9.85027325207367,-0.04322024560546875,0.014142340187072755,-0.014637787948608398,61,ef25fe00,43.5142165967,-79.68341081018,161.7629,-37.1,SOL_COMPUTED,SINGLE,good,3.0513,1.5693,3.5811,22,20,0.0,0.0,0,0,0,0,0,0,0,0,0,—,—,0.0,0.0,0.0,0.0
2026-05-25 11:51:33.319550,1779724293.319550,2420,143507.0,,,,,,,,,,,,,,,,0.0000,,,,0.0,0.0,0.0,0.0,0.0,0.0,0.0,0.0,0.0,-2631724,6849129,164382227,91849,-78807,-29383,-0.1575219492468262,0.40995490056060796,9.83910501958954,0.021234895683288575,-0.018219669502258302,-0.006793159858703613,61,ef23fe00,43.51424154165,-79.68342718187,162.4312,-37.1,SOL_COMPUTED,SINGLE,good,3.3078,1.6877,3.6329,22,20,0.0,0.0,0,0,0,0,0,0,0,0,0,—,—,0.0,0.0,0.0,0.0
2026-05-25 11:51:34.369263,1779724294.369263,2420,143508.0,,,,,,,,,,,,,,,,0.0000,,,,0.0,0.0,0.0,0.0,0.0,0.0,0.0,0.0,0.0,-2401445,7695411,163695488,177223,98000,-19943,-0.14373859014434817,0.4606091447946168,9.79800022824219,0.04097281317901611,0.022656967163085937,-0.004610692817687988,61,ef21fe00,43.51421757299,-79.68340998004,161.9188,-37.1,SOL_COMPUTED,SINGLE,good,3.2258,1.6465,3.6365,22,20,0.0,0.0,0,0,0,0,0,0,0,0,0,—,—,0.0,0.0,0.0,0.0
2026-05-25 11:51:35.354402,1779724295.354402,2420,143509.0,,,,,,,,,,,,,,,,0.0000,,,,0.0,0.0,0.0,0.0,0.0,0.0,0.0,0.0,0.0,-2464923,7423472,164359387,-108278,148144,-70871,-0.14753806846893314,0.444332224663086,9.837737930441591,-0.025033174392700197,0.03424993615722656,-0.0163849175491333,61,ef20fe00,43.51421659668,-79.68341059577,161.7099,-37.1,SOL_COMPUTED,SINGLE,good,3.0914,1.5717,3.6327,22,20,0.0,0.0,0,0,0,0,0,0,0,0,0,—,—,0.0,0.0,0.0,0.0
2026-05-25 11:51:36.275339,1779724296.275339,2420,143510.0,,,,,,,,,,,,,,,,0.0000,,,,0.0,0.0,0.0,0.0,0.0,0.0,0.0,0.0,0.0,-2717925,7193842,164238513,19664,52786,-32854,-0.16268151367950442,0.430587711482544,9.830503012154848,0.004546189819335938,0.012203782333374023,-0.00759563264465332,61,ef1ffe00,43.5142131107,-79.68340877643,161.5184,-37.1,SOL_COMPUTED,SINGLE,good,3.0843,1.5646,3.631,22,20,0.0,0.0,0,0,0,0,0,0,0,0,0,—,—,0.0,0.0,0.0,0.0
2026-05-25 11:51:37.313055,1779724297.313055,2420,143511.0,,,,,,,,,,,,,,,,0.0000,,,,0.0,0.0,0.0,0.0,0.0,0.0,0.0,0.0,0.0,-2377942,7151556,163859653,111905,16054,17004,-0.14233181710388185,0.42805668119750984,9.807826331130677,0.025871713371276854,0.003711581130981445,0.00393121499633789,61,ef1efe00,43.51418983717,-79.68338861149,163.1865,-37.1,SOL_COMPUTED,SINGLE,good,3.2567,1.6685,3.7127,22,20,0.0,0.0,0,0,0,0,0,0,0,0,0,—,—,0.0,0.0,0.0,0.0
2026-05-25 11:51:38.278974,1779724298.278974,2420,143512.0,,,,,,,,,,,,,,,,0.0000,,,,0.0,0.0,0.0,0.0,0.0,0.0,0.0,0.0,0.0,-2366711,7052771,164044776,184775,-46243,15498,-0.14165958513275148,0.42214390092254644,9.818906875979005,0.04271878681182861,-0.010691082984924317,0.0035830375213623047,61,ef1cfe00,43.5142352808,-79.68342323259,162.2588,-37.1,SOL_COMPUTED,SINGLE,good,3.3063,1.6828,3.646,22,20,0.0,0.0,0,0,0,0,0,0,0,0,0,—,—,0.0,0.0,0.0,0.0
2026-05-25 11:51:39.182893,1779724299.182893,2420,143513.0,,,,,,,,,,,,,,,,0.0000,,,,0.0,0.0,0.0,0.0,0.0,0.0,0.0,0.0,0.0,-2430739,7014688,164018727,-127339,120216,-8593,-0.1454919837301636,0.41986444137695317,9.81734771200287,-0.02943995450592041,0.02779316290283203,-0.001986646110534668,61,ef1bfe00,43.51421459682,-79.68340921522,161.3623,-37.1,SOL_COMPUTED,SINGLE,good,3.0879,1.5645,3.6275,22,20,0.0,0.0,0,0,0,0,0,0,0,0,0,—,—,0.0,0.0,0.0,0.0
2026-05-25 11:51:40.112879,1779724300.112879,2420,143514.0,,,,,,,,,,,,,,,,0.0000,,,,0.0,0.0,0.0,0.0,0.0,0.0,0.0,0.0,0.0,-2860148,7069296,163780568,18221,127581,12,-0.17119427724731448,0.4231330054833985,9.80309269517334,0.0042125775375366215,0.029495903343200684,2.774322509765625e-06,61,ef19fe00,43.51421503889,-79.68341004353,161.4942,-37.1,SOL_COMPUTED,SINGLE,good,3.0894,1.5653,3.6281,22,20,0.0,0.0,0,0,0,0,0,0,0,0,0,—,—,0.0,0.0,0.0,0.0
2026-05-25 11:51:41.132223,1779724301.132223,2420,143515.0,,,,,,,,,,,,,,,,0.0000,,,,0.0,0.0,0.0,0.0,0.0,0.0,0.0,0.0,0.0,-2488715,7279685,164050579,131883,-107020,-54626,-0.14896213961639407,0.43572584781036383,9.819254214784852,0.03049049796295166,-0.024742332916259765,-0.012629178451538086,61,ef18fe00,43.51418712345,-79.68338749971,163.1506,-37.1,SOL_COMPUTED,SINGLE,good,3.2322,1.6676,3.6672,22,20,0.0,0.0,0,0,0,0,0,0,0,0,0,SPECTRUMANALYSIS,L5,1172.451,3.076,-58.19,-114.792
2026-05-25 11:51:42.040739,1779724302.040739,2420,143516.0,,,,,,,,,,,,,,,,0.0000,,,,0.0,0.0,0.0,0.0,0.0,0.0,0.0,0.0,0.0,-2730721,7430052,164577919,-238958,383634,-24520,-0.1634474187905884,0.4447260708361817,9.850818172371522,-0.05524554652404785,0.08869370347595215,-0.005668865661621093,61,ef16fe00,43.51418791628,-79.6833867916,163.1667,-37.1,SOL_COMPUTED,SINGLE,good,3.1315,1.6153,3.63,23,21,0.0,0.0,0,0,0,0,0,0,0,0,0,SPECTRUMANALYSIS,L5,1172.451,3.076,-58.19,-114.792
2026-05-25 11:51:43.031140,1779724303.031140,2420,143517.0,,,,,,,,,,,,,,,,0.0000,,,,0.0,0.0,0.0,0.0,0.0,0.0,0.0,0.0,0.0,-3221474,7134012,164090167,166264,-211850,-46600,-0.1928214599737549,0.4270065843493653,9.82162375616791,0.038439163146972655,-0.04897835197448731,-0.010773619079589843,61,ef15fe00,43.51419483363,-79.68339157521,163.414,-37.1,SOL_COMPUTED,SINGLE,good,3.0132,1.5791,3.5689,23,21,0.0,0.0,0,0,0,0,0,0,0,0,0,SPECTRUMANALYSIS,L5,1172.451,3.076,-58.19,-114.792
2026-05-25 11:51:44.136944,1779724304.136944,2420,143518.0,,,,,,,,,,,,,,,,0.0000,,,,0.0,0.0,0.0,0.0,0.0,0.0,0.0,0.0,0.0,-2561480,7055427,163773207,279881,-209946,3793,-0.1533174917114258,0.4223028759127808,9.80265210221283,0.06470667986297607,-0.04853815946960449,0.000876917106628418,61,ef14fe00,43.5141928805,-79.68339042045,163.3725,-37.1,SOL_COMPUTED,SINGLE,good,3.0022,1.5744,3.5531,23,21,0.0,0.0,0,0,0,0,0,0,0,0,0,—,—,0.0,0.0,0.0,0.0
2026-05-25 11:51:44.901189,1779724304.901189,2420,143519.0,,,,,,,,,,,,,,,,0.0000,,,,0.0,0.0,0.0,0.0,0.0,0.0,0.0,0.0,0.0,-2561610,6347765,164659140,-101873,-105768,159646,-0.15332527286682132,0.3799457375320435,9.855679658697511,-0.023552379753112793,-0.02445287860107422,0.036909124282836915,61,ef12fe00,43.51419247931,-79.68339139691,163.0785,-37.1,SOL_COMPUTED,SINGLE,good,3.4613,1.7306,3.8562,22,20,0.0,0.0,0,0,0,0,0,0,0,0,0,—,—,0.0,0.0,0.0,0.0
2026-05-25 11:51:45.737155,1779724305.737155,2420,143520.0,,,,,,,,,,,,,,,,0.0000,,,,0.0,0.0,0.0,0.0,0.0,0.0,0.0,0.0,0.0,-1663539,7466784,164421365,98358,-63548,-215154,-0.09957119588836671,0.4469246662207032,9.84144762620392,0.022739734451293944,-0.014691887237548829,-0.049742215438842774,61,ef11fe00,43.51418326215,-79.68338919301,161.9027,-37.1,SOL_COMPUTED,SINGLE,good,3.1989,1.6401,3.6676,22,20,0.0,0.0,0,0,0,0,0,0,0,0,0,—,—,0.0,0.0,0.0,0.0
2026-05-25 11:51:46.789640,1779724306.789640,2420,143521.0,,,,,,,,,,,,,,,,0.0000,,,,0.0,0.0,0.0,0.0,0.0,0.0,0.0,0.0,0.0,-1855134,8347025,164203331,-134956,268410,-60558,-0.11103912256530764,0.49961152780914314,9.828397192084656,-0.03120095571899414,0.06205465873718262,-0.014000618545532226,61,ef10fe00,43.51417522927,-79.68338310314,162.2512,-37.1,SOL_COMPUTED,SINGLE,good,3.2447,1.6751,3.6812,21,19,0.0,0.0,0,0,0,0,0,0,0,0,0,—,—,0.0,0.0,0.0,0.0
2026-05-25 11:51:47.759076,1779724307.759076,2420,143522.0,,,,,,,,,,,,,,,,0.0000,,,,0.0,0.0,0.0,0.0,0.0,0.0,0.0,0.0,0.0,-2679842,7177366,163983701,-22102,73358,-58722,-0.16040205413391115,0.4296015398187256,9.815251229319154,-0.00510983967590332,0.016959895889282227,-0.013576147201538087,61,ef0ffe00,43.51419010699,-79.68338534542,163.4437,-37.1,SOL_COMPUTED,SINGLE,good,3.2009,1.6844,3.7302,22,20,0.0,0.0,0,0,0,0,0,0,0,0,0,—,—,0.0,0.0,0.0,0.0
2026-05-25 11:51:48.795953,1779724308.795953,2420,143523.0,,,,,,,,,,,,,,,,0.0000,,,,0.0,0.0,0.0,0.0,0.0,0.0,0.0,0.0,0.0,-2274136,7172541,164111337,60987,11174,-70136,-0.13611850466552736,0.4293127392434693,9.822890887396547,0.014099800575256347,0.002583356643676758,-0.016214990295410157,61,ef0dfe00,43.51419025948,-79.68338871917,163.3579,-37.1,SOL_COMPUTED,SINGLE,good,3.1184,1.6622,3.5889,22,20,0.0,0.0,0,0,0,0,0,0,0,0,0,—,—,0.0,0.0,0.0,0.0
2026-05-25 11:51:49.801042,1779724309.801042,2420,143524.0,,,,,,,,,,,,,,,,0.0000,,,,0.0,0.0,0.0,0.0,0.0,0.0,0.0,0.0,0.0,-2787335,7194293,164287887,23475,-10967,-13915,-0.16683605211029054,0.4306147061062623,9.833458294974061,0.005427268409729004,-0.002535499580383301,-0.0032170581436157227,61,ef0cfe00,43.51418268165,-79.68338548946,162.9105,-37.1,SOL_COMPUTED,SINGLE,good,3.1404,1.6653,3.5689,22,20,0.0,0.0,0,0,0,0,0,0,0,0,0,—,—,0.0,0.0,0.0,0.0
2026-05-25 11:51:50.804176,1779724310.804176,2420,143525.0,,,,,,,,,,,,,,,,0.0000,,,,0.0,0.0,0.0,0.0,0.0,0.0,0.0,0.0,0.0,-2877274,7344722,163882319,219505,-31153,-30253,-0.17221935468811037,0.4396186401446534,9.809183005501405,0.050748138542175296,-0.007202372428894043,-0.006994298240661621,61,ef0bfe00,43.51418501365,-79.68338786475,162.6993,-37.1,SOL_COMPUTED,SINGLE,good,3.0974,1.6627,3.572,22,20,0.0,0.0,0,0,0,0,0,0,0,0,0,—,—,0.0,0.0,0.0,0.0
2026-05-25 11:51:51.794679,1779724311.794679,2420,143526.0,,,,,,,,,,,,,,,,0.0000,,,,0.0,0.0,0.0,0.0,0.0,0.0,0.0,0.0,0.0,-2059041,7381781,164475576,67128,-83359,10626,-0.12324398451324464,0.44183680812774667,9.844692427858888,0.015519560119628906,-0.019272062507629393,0.002456662582397461,61,ef09fe00,43.51418622047,-79.68339026882,162.5651,-37.1,SOL_COMPUTED,SINGLE,good,3.1563,1.6979,3.6023,22,20,0.0,0.0,0,0,0,0,0,0,0,0,0,—,—,0.0,0.0,0.0,0.0
2026-05-25 11:51:52.771264,1779724312.771264,2420,143527.0,,,,,,,,,,,,,,,,0.0000,,,,0.0,0.0,0.0,0.0,0.0,0.0,0.0,0.0,0.0,-2289836,7107226,164446689,24997,143734,8993,-0.1370582288171387,0.42540330720764163,9.842963395274964,0.005779144981384278,0.03323037263488769,0.0020791235275268555,61,ef08fe00,43.5141779419,-79.68338308262,162.6612,-37.1,SOL_COMPUTED,SINGLE,good,3.2063,1.6728,3.6363,21,19,0.0,0.0,0,0,0,0,0,0,0,0,0,—,—,0.0,0.0,0.0,0.0
2026-05-25 11:51:53.799310,1779724313.799310,2420,143528.0,,,,,,,,,,,,,,,,0.0000,,,,0.0,0.0,0.0,0.0,0.0,0.0,0.0,0.0,0.0,-2527913,7406194,164169429,15584,122098,-2194,-0.15130833753326417,0.4432980492559815,9.826367986467591,0.003602920166015625,0.028228269149780272,-0.0005072386322021484,61,ef06fe00,43.51419359164,-79.68339594869,162.5503,-37.1,SOL_COMPUTED,SINGLE,good,3.2233,1.6827,3.6415,21,19,0.0,0.0,0,0,0,0,0,0,0,0,0,—,—,0.0,0.0,0.0,0.0
2026-05-25 11:51:54.742766,1779724314.742766,2420,143529.0,,,,,,,,,,,,,,,,0.0000,,,,0.0,0.0,0.0,0.0,0.0,0.0,0.0,0.0,0.0,-1848469,7603389,163937810,172033,-78568,-75641,-0.1106401887136841,0.4551011641653443,9.812504421609498,0.03977291869354248,-0.01816441424560547,-0.017487710746765136,61,ef05fe00,43.51417046526,-79.68338193999,161.8736,-37.1,SOL_COMPUTED,SINGLE,good,3.2179,1.6675,3.6338,21,19,0.0,0.0,0,0,0,0,0,0,0,0,0,—,—,0.0,0.0,0.0,0.0
2026-05-25 11:51:55.779554,1779724315.779554,2420,143530.0,,,,,,,,,,,,,,,,0.0000,,,,0.0,0.0,0.0,0.0,0.0,0.0,0.0,0.0,0.0,-1835061,7305182,163958711,286573,-135642,-49862,-0.10983765231719972,0.43725197180358893,9.813755451831971,0.06625382704925536,-0.031359554489135744,-0.011527772415161133,61,ef03fe00,43.51416923872,-79.6833797291,161.8346,-37.1,SOL_COMPUTED,SINGLE,good,3.1906,1.6637,3.6024,22,20,0.0,0.0,0,0,0,0,0,0,0,0,0,—,—,0.0,0.0,0.0,0.0
2026-05-25 11:51:56.751461,1779724316.751461,2420,143531.0,,,,,,,,,,,,,,,,0.0000,,,,0.0,0.0,0.0,0.0,0.0,0.0,0.0,0.0,0.0,-1917659,7812987,164264707,-9158,-14450,-50870,-0.11478155903533938,0.46764666115448006,9.832070855112,-0.002117270462036133,-0.0033407466888427735,-0.011760815505981445,61,ef03fe00,43.51417001183,-79.68337984386,161.6451,-37.1,SOL_COMPUTED,SINGLE,good,3.285,1.6741,3.606,21,19,0.0,0.0,0,0,0,0,0,0,0,0,0,—,—,0.0,0.0,0.0,0.0
2026-05-25 11:51:57.796982,1779724317.796982,2420,143532.0,,,,,,,,,,,,,,,,0.0000,,,,0.0,0.0,0.0,0.0,0.0,0.0,0.0,0.0,0.0,-2698866,7232760,164244364,140214,-233119,-70781,-0.16154073644348146,0.432917149987793,9.830853224002688,0.032416571365356445,-0.053895607429504395,-0.01636411013031006,61,ef02fe00,43.51419960839,-79.68340416636,159.4697,-37.1,SOL_COMPUTED,SINGLE,good,3.1536,1.5993,3.6011,22,20,0.0,0.0,0,0,0,0,0,0,0,0,0,STATISTICANALYSIS,L2,3.367,1.061,1.484,0.272
2026-05-25 11:51:58.781390,1779724318.781390,2420,143533.0,,,,,,,,,,,,,,,,0.0000,,,,0.0,0.0,0.0,0.0,0.0,0.0,0.0,0.0,0.0,-2384801,6698500,165000474,478743,-1069025,68071,-0.14274236283355715,0.4009389955139161,9.876110219434205,0.11068229010772705,-0.2471516767501831,0.01573757563018799,61,ef00fe00,43.51416777107,-79.68337364338,162.5944,-37.1,SOL_COMPUTED,SINGLE,good,3.257,1.6723,3.6605,21,19,0.0,0.0,0,0,0,0,0,0,0,0,0,—,—,0.0,0.0,0.0,0.0
2026-05-25 11:51:59.728992,1779724319.728992,2420,143534.0,,,,,,,,,,,,,,,,0.0000,,,,0.0,0.0,0.0,0.0,0.0,0.0,0.0,0.0,0.0,-2788562,6897935,163218892,-269578,1002317,-78707,-0.16690949424621584,0.4128761857162476,9.769473554881593,-0.0623246927947998,0.23172921791839599,-0.018196550148010256,61,eefffe00,43.51423093592,-79.68342291772,161.2964,-37.1,SOL_COMPUTED,SINGLE,good,3.423,1.7416,3.6717,22,20,0.0,0.0,0,0,0,0,0,0,0,0,0,STATISTICANALYSIS,L2,1.806,1.061,1.484,0.272
2026-05-25 11:52:00.703789,1779724320.703789,2420,143535.0,,,,,,,,,,,,,,,,0.0000,,,,0.0,0.0,0.0,0.0,0.0,0.0,0.0,0.0,0.0,-2499558,7842659,163886253,172284,-19743,-30321,-0.14961114783142093,0.46942267994598397,9.809418475234681,0.03983094827270508,-0.004564454109191894,-0.007010019401550293,61,eefefe00,43.51420050432,-79.68340008929,161.4601,-37.1,SOL_COMPUTED,SINGLE,good,3.2292,1.6283,3.6603,22,20,0.0,0.0,0,0,0,0,0,0,0,0,0,—,—,0.0,0.0,0.0,0.0
2026-05-25 11:52:01.647424,1779724321.647424,2420,143536.0,,,,,,,,,,,,,,,,0.0000,,,,0.0,0.0,0.0,0.0,0.0,0.0,0.0,0.0,0.0,-2159640,7605682,164357724,-219736,64589,22635,-0.1292653418334961,0.4552384117755128,9.83763839150757,-0.05080154425048828,0.014932559715270997,0.00523306583404541,61,eefcfe00,43.51420069165,-79.68339871213,161.8168,-37.1,SOL_COMPUTED,SINGLE,good,3.2199,1.6193,3.6568,22,20,0.0,0.0,0,0,0,0,0,0,0,0,0,STATISTICANALYSIS,L5,1.625,-1.182,0.491,0.718
2026-05-25 11:52:02.658445,1779724322.658445,2420,143537.0,,,,,,,,,,,,,,,,0.0000,,,,0.0,0.0,0.0,0.0,0.0,0.0,0.0,0.0,0.0,-2622062,7356103,163873932,38641,-11895,25321,-0.15694362983581545,0.44029985037200936,9.808681001268312,0.008933549674987794,-0.0027500471878051757,0.0058540516891479495,61,eefbfe00,43.51417301959,-79.68337714107,163.0509,-37.1,SOL_COMPUTED,SINGLE,good,3.3371,1.7045,3.7064,21,19,0.0,0.0,0,0,0,0,0,0,0,0,0,STATISTICANALYSIS,L5,2.704,-1.182,0.491,0.718
2026-05-25 11:52:03.657497,1779724323.657497,2420,143538.0,,,,,,,,,,,,,,,,0.0000,,,,0.0,0.0,0.0,0.0,0.0,0.0,0.0,0.0,0.0,-2514911,7457574,164308929,80066,-46533,16343,-0.1505301022836304,0.4463734012884522,9.834717764757386,0.01851074217224121,-0.010758129112243652,0.003778396064758301,61,eefafe00,43.5141672422,-79.68337330474,162.8551,-37.1,SOL_COMPUTED,SINGLE,good,3.3275,1.6852,3.7312,21,19,0.0,0.0,0,0,0,0,0,0,0,0,0,—,—,0.0,0.0,0.0,0.0
2026-05-25 11:52:04.805821,1779724324.805821,2420,143539.0,,,,,,,,,,,,,,,,0.0000,,,,0.0,0.0,0.0,0.0,0.0,0.0,0.0,0.0,0.0,-2722139,7300336,163310467,244542,-6179,-2927,-0.16293374282440187,0.436961914272461,9.774954780307313,0.05653653126525879,-0.0014285448989868163,-0.0006767034988403321,61,eef9fe00,43.51416475893,-79.68338691011,161.799,-37.1,SOL_COMPUTED,SINGLE,good,4.0164,1.5482,4.2911,20,19,0.0,0.0,0,0,0,0,0,0,0,0,0,—,—,0.0,0.0,0.0,0.0
2026-05-25 11:52:05.810760,1779724325.810760,2420,143540.0,,,,,,,,,,,,,,,,0.0000,,,,0.0,0.0,0.0,0.0,0.0,0.0,0.0,0.0,0.0,-2344891,6855451,164195422,298523,-164717,-84837,-0.14035354812713624,0.4103333041329957,9.827923798561402,0.06901658988189698,-0.03808150673675537,-0.019613766563415527,61,eef8fe00,43.51415833036,-79.68338743706,160.871,-37.1,SOL_COMPUTED,SINGLE,good,4.5915,1.5385,4.8848,21,20,0.0,0.0,0,0,0,0,0,0,0,0,0,—,—,0.0,0.0,0.0,0.0
2026-05-25 11:52:06.868271,1779724326.868271,2420,143541.0,,,,,,,,,,,,,,,,0.0000,,,,0.0,0.0,0.0,0.0,0.0,0.0,0.0,0.0,0.0,-1878594,7114566,164181209,117557,67650,-37020,-0.11244332183898928,0.4258426432122803,9.827073078856507,0.027178419273376466,0.01564024314880371,-0.008558784942626954,61,eef6fe00,43.51414930452,-79.68339165318,157.9895,-37.1,SOL_COMPUTED,SINGLE,good,4.0155,1.5442,4.2254,21,20,0.0,0.0,0,0,0,0,0,0,0,0,0,—,—,0.0,0.0,0.0,0.0
2026-05-25 11:52:07.835418,1779724327.835418,2420,143542.0,,,,,,,,,,,,,,,,0.0000,,,,0.0,0.0,0.0,0.0,0.0,0.0,0.0,0.0,0.0,-2170808,7161435,164331606,-79279,186654,-32332,-0.12993380293701173,0.42864798915252694,9.836075097533572,-0.018328792854309082,0.04315319947814941,-0.007474949615478516,61,eef5fe00,43.51416197944,-79.68339938252,158.1723,-37.1,SOL_COMPUTED,SINGLE,good,3.9347,1.5256,4.1467,21,20,0.0,0.0,0,0,0,0,0,0,0,0,0,—,—,0.0,0.0,0.0,0.0
2026-05-25 11:52:08.783619,1779724328.783619,2420,143543.0,,,,,,,,,,,,,,,,0.0000,,,,0.0,0.0,0.0,0.0,0.0,0.0,0.0,0.0,0.0,-2413921,7156937,164253197,97491,-77927,-34667,-0.1444853416421509,0.42837876117584234,9.83138192358429,0.02253928964996338,-0.01801621918487549,-0.00801478653717041,61,eef4fe00,43.51417824928,-79.68340484608,159.7252,-37.1,SOL_COMPUTED,SINGLE,good,3.8158,1.5032,4.1189,22,21,0.0,0.0,0,0,0,0,0,0,0,0,0,—,—,0.0,0.0,0.0,0.0
2026-05-25 11:52:09.769143,1779724329.769143,2420,143544.0,,,,,,,,,,,,,,,,0.0000,,,,0.0,0.0,0.0,0.0,0.0,0.0,0.0,0.0,0.0,-2219092,7141705,164081060,5282,18428,-21117,-0.13282384376098635,0.42746704918365486,9.821078656304932,0.001221164291381836,0.004260434600830078,-0.004882114036560059,61,eef2fe00,43.51419051433,-79.68341001013,160.0554,-37.1,SOL_COMPUTED,SINGLE,good,3.6507,1.4739,3.9936,23,21,0.0,0.0,0,0,0,0,0,0,0,0,0,—,—,0.0,0.0,0.0,0.0
2026-05-25 11:52:10.677902,1779724330.677902,2420,143545.0,,,,,,,,,,,,,,,,0.0000,,,,0.0,0.0,0.0,0.0,0.0,0.0,0.0,0.0,0.0,-2648117,7490789,163643823,-53623,43364,-2110,-0.15850315294219974,0.44836148649200447,9.794907817522889,-0.012397291328430177,0.010025476776123046,-0.00048781837463378905,61,eef1fe00,43.51419699749,-79.68341483796,160.8143,-37.1,SOL_COMPUTED,SINGLE,good,3.6001,1.4676,3.951,23,21,0.0,0.0,0,0,0,0,0,0,0,0,0,—,—,0.0,0.0,0.0,0.0
2026-05-25 11:52:11.733276,1779724331.733276,2420,143546.0,,,,,,,,,,,,,,,,0.0000,,,,0.0,0.0,0.0,0.0,0.0,0.0,0.0,0.0,0.0,-2309083,7452045,164973121,-16694,-33018,-28235,-0.13821025880096438,0.44604246276397713,9.87447300448395,-0.0038595449981689454,-0.007633548385620117,-0.006527749671936035,61,eef1fe00,43.51422274512,-79.68342362743,163.5201,-37.1,SOL_COMPUTED,SINGLE,good,3.7707,1.5269,4.0646,23,21,0.0,0.0,0,0,0,0,0,0,0,0,0,—,—,0.0,0.0,0.0,0.0
2026-05-25 11:52:12.758378,1779724332.758378,2420,143547.0,,,,,,,,,,,,,,,,0.0000,,,,0.0,0.0,0.0,0.0,0.0,0.0,0.0,0.0,0.0,-2401415,7176851,164369628,22935,146735,-15194,-0.14373679449310306,0.4295707144723511,9.838350905921633,0.005302423896789551,0.03392418445587158,-0.0035127546844482423,61,eeeffe00,43.51420875647,-79.68341483373,163.3474,-37.1,SOL_COMPUTED,SINGLE,good,3.8119,1.5635,4.0812,22,20,0.0,0.0,0,0,0,0,0,0,0,0,0,—,—,0.0,0.0,0.0,0.0
2026-05-25 11:52:13.707996,1779724333.707996,2420,143548.0,,,,,,,,,,,,,,,,0.0000,,,,0.0,0.0,0.0,0.0,0.0,0.0,0.0,0.0,0.0,-2351134,7437689,164070764,250699,-59305,-4936,-0.14072722315124514,0.44518318378814703,9.820462388797608,0.05795998990631104,-0.0137109330368042,-0.0011411713256835937,61,eeeefe00,43.51419257474,-79.68340945175,161.2187,-37.1,SOL_COMPUTED,SINGLE,good,3.7265,1.4973,4.0524,23,21,0.0,0.0,0,0,0,0,0,0,0,0,0,—,—,0.0,0.0,0.0,0.0
2026-05-25 11:52:14.817303,1779724334.817303,2420,143549.0,,,,,,,,,,,,,,,,0.0000,,,,0.0,0.0,0.0,0.0,0.0,0.0,0.0,0.0,0.0,-1977617,7564267,164770194,-70191,257700,24313,-0.11837034761383058,0.4527595152316285,9.862326800476685,-0.01622770594024658,0.059578575897216796,0.005621008598327637,61,eeedfe00,43.51422449716,-79.68342807517,161.8098,-37.1,SOL_COMPUTED,SINGLE,good,3.9127,1.5918,4.0404,23,21,0.0,0.0,0,0,0,0,0,0,0,0,0,—,—,0.0,0.0,0.0,0.0
2026-05-25 11:52:15.844101,1779724335.844101,2420,143550.0,,,,,,,,,,,,,,,,0.0000,,,,0.0,0.0,0.0,0.0,0.0,0.0,0.0,0.0,0.0,-2905912,6946726,164306418,-181118,170720,-76436,-0.17393348336669925,0.4157965730462647,9.83456746874817,-0.04187331202697754,0.039469361572265625,-0.01767150961303711,61,eeecfe00,43.51420282547,-79.68341606923,160.5695,-37.1,SOL_COMPUTED,SINGLE,good,3.7313,1.4928,4.1287,23,21,0.0,0.0,0,0,0,0,0,0,0,0,0,—,—,0.0,0.0,0.0,0.0
2026-05-25 11:52:16.982976,1779724336.982976,2420,143551.0,,,,,,,,,,,,,,,,0.0000,,,,0.0,0.0,0.0,0.0,0.0,0.0,0.0,0.0,0.0,-2965185,7128166,163732176,330650,-14324,8816,-0.17748127124176027,0.42665667177673344,9.800196190004884,0.07644414482116699,-0.0033116163024902345,0.0020382022705078126,61,eeeafe00,43.51420683431,-79.68341750322,161.0592,-37.1,SOL_COMPUTED,SINGLE,good,3.7252,1.5024,4.0388,23,21,0.0,0.0,0,0,0,0,0,0,0,0,0,—,—,0.0,0.0,0.0,0.0
2026-05-25 11:52:17.855009,1779724337.855009,2420,143552.0,,,,,,,,,,,,,,,,0.0000,,,,0.0,0.0,0.0,0.0,0.0,0.0,0.0,0.0,0.0,-2217123,6964264,163897810,233572,-34182,4403,-0.13270598918426516,0.41684631076416023,9.810110219949342,0.05400033810424805,-0.007902657669067384,0.0010179451675415038,61,eee9fe00,43.51420216855,-79.68341286644,161.8546,-37.1,SOL_COMPUTED,SINGLE,good,3.9479,1.5909,4.2572,22,20,0.0,0.0,0,0,0,0,0,0,0,0,0,STATISTICANALYSIS,L5,1.211,-1.059,0.868,0.476
2026-05-25 11:52:19.034464,1779724339.034464,2420,143553.0,,,,,,,,,,,,,,,,0.0000,,,,0.0,0.0,0.0,0.0,0.0,0.0,0.0,0.0,0.0,-2406338,7136498,164079471,158256,168669,-11080,-0.14403146086242677,0.427155383982544,9.820983546643983,0.03658776525878906,0.03899518361663818,-0.002561624450683594,61,eee8fe00,43.514175638,-79.68339479609,161.7253,-37.1,SOL_COMPUTED,SINGLE,good,4.1583,1.5928,4.4053,20,18,0.0,0.0,0,0,0,0,0,0,0,0,0,STATISTICANALYSIS,L5,1.6,-1.059,0.868,0.476
2026-05-25 11:52:20.060563,1779724340.060563,2420,143554.0,,,,,,,,,,,,,,,,0.0000,,,,0.0,0.0,0.0,0.0,0.0,0.0,0.0,0.0,0.0,-2526791,7249497,163857865,51037,116114,-55802,-0.1512411801766968,0.4339189438174439,9.807719310316468,0.011799424827575684,0.02684480699157715,-0.012901062057495118,61,eee6fe00,43.51417996915,-79.68339656322,161.8624,-37.1,SOL_COMPUTED,SINGLE,good,4.034,1.4902,4.301,22,20,0.0,0.0,0,0,0,0,0,0,0,0,0,—,—,0.0,0.0,0.0,0.0
2026-05-25 11:52:21.060728,1779724341.060728,2420,143555.0,,,,,,,,,,,,,,,,0.0000,,,,0.0,0.0,0.0,0.0,0.0,0.0,0.0,0.0,0.0,-2564564,7343168,164190640,248107,-32885,-7563,-0.15350208465942386,0.43952562541015633,9.82763757175293,0.05736073624420166,-0.0076027996444702145,-0.0017485167617797852,61,eee6fe00,43.51417514898,-79.68339587328,161.6482,-37.1,SOL_COMPUTED,SINGLE,good,3.9914,1.4854,4.2788,22,20,0.0,0.0,0,0,0,0,0,0,0,0,0,—,—,0.0,0.0,0.0,0.0
2026-05-25 11:52:22.068809,1779724342.068809,2420,143556.0,,,,,,,,,,,,,,,,0.0000,,,,0.0,0.0,0.0,0.0,0.0,0.0,0.0,0.0,0.0,-2258623,6918000,163444526,232689,73566,-91980,-0.13518997340667727,0.4140771771240235,9.782978887316286,0.053796194206237796,0.017007984146118163,-0.021265182037353517,61,eee5fe00,43.51420176146,-79.68340875129,163.5523,-37.1,SOL_COMPUTED,SINGLE,good,4.231,1.5705,4.3063,22,20,0.0,0.0,0,0,0,0,0,0,0,0,0,—,—,0.0,0.0,0.0,0.0
2026-05-25 11:52:22.938153,1779724342.938153,2420,143557.0,,,,,,,,,,,,,,,,0.0000,,,,0.0,0.0,0.0,0.0,0.0,0.0,0.0,0.0,0.0,-5598131,3255375,162102274,-3530226,2302436,194361,-0.33507636334930424,0.19485060573577884,9.702638338147585,-0.8161654546966552,0.5323083351745606,0.04493500811004639,61,eee3fe00,43.51416600779,-79.68339888279,160.219,-37.1,SOL_COMPUTED,SINGLE,good,4.5906,1.4852,4.8598,22,20,0.0,0.0,0,0,0,0,0,0,0,0,0,—,—,0.0,0.0,0.0,0.0
2026-05-25 11:52:23.821431,1779724343.821431,2420,143558.0,,,,,,,,,,,,,,,,0.0000,,,,0.0,0.0,0.0,0.0,0.0,0.0,0.0,0.0,0.0,-3392644,5918362,164083018,-54854,85637,29144,-0.20306684742797854,0.35424380314514164,9.821195852476198,-0.012681890579223632,0.019798721397399903,0.006737904602050781,61,eee3fe00,43.51419027252,-79.68340434847,161.7473,-37.1,SOL_COMPUTED,SINGLE,good,3.6024,1.4747,3.9483,22,21,0.0,0.0,0,0,0,0,0,0,0,0,0,—,—,0.0,0.0,0.0,0.0
2026-05-25 11:52:24.762431,1779724344.762431,2420,143559.0,,,,,,,,,,,,,,,,0.0000,,,,0.0,0.0,0.0,0.0,0.0,0.0,0.0,0.0,0.0,-3184762,6258672,164160479,46474,-89875,14628,-0.1906240616900635,0.374613072319336,9.825832283846132,0.010744488693237304,-0.02077851963043213,0.003381899139404297,61,eee1fe00,43.51420554519,-79.68341264402,161.9733,-37.1,SOL_COMPUTED,SINGLE,good,3.5782,1.4771,3.9153,23,21,0.0,0.0,0,0,0,0,0,0,0,0,0,—,—,0.0,0.0,0.0,0.0
2026-05-25 11:52:25.888909,1779724345.888909,2420,143560.0,,,,,,,,,,,,,,,,0.0000,,,,0.0,0.0,0.0,0.0,0.0,0.0,0.0,0.0,0.0,-2953505,6768050,163834095,71485,50340,-19707,-0.17678216435699465,0.40510191365051273,9.806296555979921,0.016526870384216307,0.011638282928466796,-0.004556131141662598,61,eee0fe00,43.51418087994,-79.68340224789,160.3295,-37.1,SOL_COMPUTED,SINGLE,good,4.2838,1.7208,4.0243,22,20,0.0,0.0,0,0,0,0,0,0,0,0,0,—,—,0.0,0.0,0.0,0.0
2026-05-25 11:52:26.926294,1779724346.926294,2420,143561.0,,,,,,,,,,,,,,,,0.0000,,,,0.0,0.0,0.0,0.0,0.0,0.0,0.0,0.0,0.0,-3170554,6858435,164232921,-56158,72078,-59304,-0.189773641260376,0.4105119115768433,9.830168302762758,-0.012983366958618164,0.016663968154907227,-0.01371070184326172,61,eedffe00,43.51419592684,-79.68341497278,160.069,-37.1,SOL_COMPUTED,SINGLE,good,3.5746,1.4757,3.9211,23,21,0.0,0.0,0,0,0,0,0,0,0,0,0,STATISTICANALYSIS,L5,1.52,-1.718,0.488,0.569
2026-05-25 11:52:28.112819,1779724348.112819,2420,143562.0,,,,,,,,,,,,,,,,0.0000,,,,0.0,0.0,0.0,0.0,0.0,0.0,0.0,0.0,0.0,-3561520,6468360,164359957,52876,-6064,904,-0.2131749274169922,0.38716395626220707,9.837772047815248,0.012224589752197266,-0.0014019576416015626,0.00020899896240234375,61,eedefe00,43.51419143989,-79.68341710975,159.4362,-37.1,SOL_COMPUTED,SINGLE,good,3.5132,1.4671,3.8616,23,21,0.0,0.0,0,0,0,0,0,0,0,0,0,STATISTICANALYSIS,L5,5.842,-1.718,0.488,0.569
2026-05-25 11:52:29.157313,1779724349.157313,2420,143563.0,,,,,,,,,,,,,,,,0.0000,,,,0.0,0.0,0.0,0.0,0.0,0.0,0.0,0.0,0.0,-3079394,6411545,164229837,50090,118426,-21885,-0.1843172556768799,0.38376329207916265,9.82998370981476,0.01158048454284668,0.027379326461791993,-0.0050596706771850585,61,eeddfe00,43.51419988219,-79.68341908003,159.986,-37.1,SOL_COMPUTED,SINGLE,good,3.5427,1.4695,3.8882,23,21,0.0,0.0,0,0,0,0,0,0,0,0,0,SPECTRUMANALYSIS,L2,1229.966,2.49,-64.044,-126.355
2026-05-25 11:52:30.148628,1779724350.148628,2420,143564.0,,,,,,,,,,,,,,,,0.0000,,,,0.0,0.0,0.0,0.0,0.0,0.0,0.0,0.0,0.0,-2882633,6799285,164045431,23406,19830,42750,-0.1725401178555298,0.40697148587188725,9.818946081031191,0.005411316055297852,0.0045845679473876955,0.00988352394104004,61,eedbfe00,43.51419019232,-79.68341740729,159.1705,-37.1,SOL_COMPUTED,SINGLE,good,3.5569,1.4708,3.9023,23,21,0.0,0.0,0,0,0,0,0,0,0,0,0,SPECTRUMANALYSIS,L2,1229.966,2.49,-64.044,-126.355
2026-05-25 11:52:31.109113,1779724351.109113,2420,143565.0,,,,,,,,,,,,,,,,0.0000,,,,0.0,0.0,0.0,0.0,0.0,0.0,0.0,0.0,0.0,-2660376,6159972,164608925,-74420,-9335,-103628,-0.15923691589599612,0.36870537972290046,9.852674037788393,-0.017205423431396485,-0.002158191719055176,-0.023958124420166017,61,eedbfe00,43.51420810961,-79.68341584558,161.761,-37.1,SOL_COMPUTED,SINGLE,good,3.6763,1.5438,4.0438,22,20,0.0,0.0,0,0,0,0,0,0,0,0,0,SPECTRUMANALYSIS,L2,1229.966,2.49,-64.044,-126.355
2026-05-25 11:52:31.950095,1779724351.950095,2420,143566.0,,,,,,,,,,,,,,,,0.0000,,,,0.0,0.0,0.0,0.0,0.0,0.0,0.0,0.0,0.0,-2948249,6245565,164323514,332209,227894,246288,-0.17646756625885013,0.3738285522903443,9.83559075053772,0.07680457555389404,0.05268762117004395,0.056940195190429685,61,eedafe00,43.51417026733,-79.6834127134,158.7905,-37.1,SOL_COMPUTED,SINGLE,good,3.7029,1.6355,4.0367,23,21,0.0,0.0,0,0,0,0,0,0,0,0,0,—,—,0.0,0.0,0.0,0.0
2026-05-25 11:52:32.810318,1779724352.810318,2420,143567.0,,,,,,,,,,,,,,,,0.0000,,,,0.0,0.0,0.0,0.0,0.0,0.0,0.0,0.0,0.0,-3056194,6365397,163981123,115579,71391,-114225,-0.18292861871398927,0.3810011016238404,9.815096923022157,0.026721118446350098,0.016505138191223144,-0.02640808238983154,61,eed9fe00,43.51417362834,-79.68340919378,159.2587,-37.1,SOL_COMPUTED,SINGLE,good,3.7122,1.5741,3.9639,23,21,0.0,0.0,0,0,0,0,0,0,0,0,0,SPECTRUMANALYSIS,L5,1212.002,11.572,-59.012,-124.743
2026-05-25 11:52:33.750376,1779724353.750376,2420,143568.0,,,,,,,,,,,,,,,,0.0000,,,,0.0,0.0,0.0,0.0,0.0,0.0,0.0,0.0,0.0,-3048720,6451122,164244007,126004,796,-74398,-0.1824812621337891,0.3861321750567627,9.83083185575287,0.029131311126708984,0.00018403005981445313,-0.017200337173461915,61,eed8fe00,43.51417557913,-79.68340990703,158.9814,-37.1,SOL_COMPUTED,SINGLE,good,3.6087,1.5308,3.892,23,21,0.0,0.0,0,0,0,0,0,0,0,0,0,SPECTRUMANALYSIS,L5,1212.002,11.572,-59.012,-124.743
2026-05-25 11:52:34.820340,1779724354.820340,2420,143569.0,,,,,,,,,,,,,,,,0.0000,,,,0.0,0.0,0.0,0.0,0.0,0.0,0.0,0.0,0.0,-2884810,6375490,164340950,9855,38090,-15764,-0.1726704222808838,0.3816052185577393,9.836634383041384,0.0022784123611450193,0.008806162033081055,-0.003644535003662109,61,eed7fe00,43.51419607475,-79.68342353526,157.609,-37.1,SOL_COMPUTED,SINGLE,good,3.5784,1.5187,3.8801,23,21,0.0,0.0,0,0,0,0,0,0,0,0,0,SPECTRUMANALYSIS,L5,1212.002,11.572,-59.012,-124.743
2026-05-25 11:52:35.765493,1779724355.765493,2420,143570.0,,,,,,,,,,,,,,,,0.0000,,,,0.0,0.0,0.0,0.0,0.0,0.0,0.0,0.0,0.0,-3039422,6188090,164263241,96869,-78141,-40940,-0.18192472995788578,0.3703883837799073,9.831983107621156,0.022395487266540528,-0.01806569460296631,-0.00946506362915039,61,eed6fe00,43.51419056764,-79.68341815947,158.7575,-37.1,SOL_COMPUTED,SINGLE,good,4.5416,1.8672,3.9619,22,20,0.0,0.0,0,0,0,0,0,0,0,0,0,STATISTICANALYSIS,L5,2.921,-0.673,0.469,0.67
2026-05-25 11:52:36.849539,1779724356.849539,2420,143571.0,,,,,,,,,,,,,,,,0.0000,,,,0.0,0.0,0.0,0.0,0.0,0.0,0.0,0.0,0.0,-2023287,7745679,164926455,-784007,831983,-22144,-0.12110392735931398,0.46361793802093515,9.871679809117127,-0.18125735565948486,0.19234909705352785,-0.0051195498046875,61,eed4fe00,43.5141995907,-79.6834199987,159.391,-37.1,SOL_COMPUTED,SINGLE,good,3.6639,1.5056,3.9563,23,21,0.0,0.0,0,0,0,0,0,0,0,0,0,STATISTICANALYSIS,L5,2.467,-0.673,0.469,0.67
2026-05-25 11:52:37.975841,1779724357.975841,2420,143572.0,,,,,,,,,,,,,,,,0.0000,,,,0.0,0.0,0.0,0.0,0.0,0.0,0.0,0.0,0.0,-2546187,7272519,164133967,73370,-114167,-48176,-0.15240212856170657,0.43529692658294683,9.82424540698578,0.016962670211791993,-0.026394673164367676,-0.011137980102539063,61,eed3fe00,43.51424595851,-79.68343644682,161.6815,-37.1,SOL_COMPUTED,SINGLE,good,4.7569,1.8496,4.1714,22,20,0.0,0.0,0,0,0,0,0,0,0,0,0,STATISTICANALYSIS,L5,2.51,-0.673,0.469,0.67
2026-05-25 11:52:38.923520,1779724358.923520,2420,143573.0,,,,,,,,,,,,,,,,0.0000,,,,0.0,0.0,0.0,0.0,0.0,0.0,0.0,0.0,0.0,-2443901,6825615,163980787,-292976,169312,-279920,-0.14627979578643802,0.4085474691146851,9.815076811728211,-0.06773415930175782,0.03914384106445312,-0.06471569641113281,61,eed2fe00,43.5141907111,-79.68342078264,157.705,-37.1,SOL_COMPUTED,SINGLE,good,4.9391,1.7991,4.5264,20,18,0.0,0.0,0,0,0,0,0,0,0,0,0,STATISTICANALYSIS,L5,8.952,-0.651,0.607,0.775
2026-05-25 11:52:39.925370,1779724359.925370,2420,143574.0,,,,,,,,,,,,,,,,0.0000,,,,0.0,0.0,0.0,0.0,0.0,0.0,0.0,0.0,0.0,-2861623,7058634,163797784,80100,-163495,32988,-0.17128256343353274,0.42249483103088387,9.804123159567872,0.018518602752685548,-0.037798988227844235,0.007626612579345703,61,eed2fe00,43.51414196203,-79.68339169013,154.118,-37.1,SOL_COMPUTED,SINGLE,good,5.1002,1.8887,4.6674,20,18,0.0,0.0,0,0,0,0,0,0,0,0,0,STATISTICANALYSIS,L5,3.88,-0.651,0.607,0.775
2026-05-25 11:52:40.920063,1779724360.920063,2420,143575.0,,,,,,,,,,,,,,,,0.0000,,,,0.0,0.0,0.0,0.0,0.0,0.0,0.0,0.0,0.0,-2913166,6900712,164187261,13821,-55670,2626,-0.17436767183776858,0.413042403166504,9.82743532156769,0.0031953259506225587,-0.012870544509887696,0.0006071142425537109,61,eed1fe00,43.51413232935,-79.68338646864,151.06,-37.1,SOL_COMPUTED,SINGLE,good,5.0089,1.8435,4.7347,20,18,0.0,0.0,0,0,0,0,0,0,0,0,0,—,—,0.0,0.0,0.0,0.0
2026-05-25 11:52:41.975349,1779724361.975349,2420,143576.0,,,,,,,,,,,,,,,,0.0000,,,,0.0,0.0,0.0,0.0,0.0,0.0,0.0,0.0,0.0,-2410662,7102649,164459310,109242,-20893,34181,-0.14429027406188966,0.42512935068267826,9.843718825753786,0.025256044967651367,-0.004830326683044434,0.007902426475524903,61,eecffe00,43.51407198508,-79.68335431671,150.6284,-37.1,SOL_COMPUTED,SINGLE,good,5.0088,1.8255,4.8085,19,17,0.0,0.0,0,0,0,0,0,0,0,0,0,SPECTRUMANALYSIS,L5,1174.136,1.318,-66.953,-124.316
2026-05-25 11:52:42.911412,1779724362.911412,2420,143577.0,,,,,,,,,,,,,,,,0.0000,,,,0.0,0.0,0.0,0.0,0.0,0.0,0.0,0.0,0.0,-2771877,6908834,163950820,-264721,547056,38069,-0.16591081287872317,0.4135285458135987,9.813283135699464,-0.06120178575897217,0.1264758145751953,0.008801306968688964,61,eecefe00,43.51418899983,-79.68341792812,154.098,-37.1,SOL_COMPUTED,SINGLE,good,5.1142,1.8425,4.7104,20,18,0.0,0.0,0,0,0,0,0,0,0,0,0,SPECTRUMANALYSIS,L5,1174.136,1.318,-66.953,-124.316
2026-05-25 11:52:43.910414,1779724363.910414,2420,143578.0,,,,,,,,,,,,,,,,0.0000,,,,0.0,0.0,0.0,0.0,0.0,0.0,0.0,0.0,0.0,-2698641,7386784,163709616,396388,-348969,30446,-0.16152726905914308,0.4421362629003907,9.798845860268557,0.09164234591674805,-0.0806793793258667,0.007038918594360352,61,eecdfe00,43.51420555527,-79.68342497046,156.0443,-37.1,SOL_COMPUTED,SINGLE,good,5.0785,1.8268,4.6819,20,18,0.0,0.0,0,0,0,0,0,0,0,0,0,SPECTRUMANALYSIS,L5,1174.136,1.318,-66.953,-124.316
2026-05-25 11:52:44.883406,1779724364.883406,2420,143579.0,,,,,,,,,,,,,,,,0.0000,,,,0.0,0.0,0.0,0.0,0.0,0.0,0.0,0.0,0.0,-2327631,7404167,164366253,19680,16127,-56751,-0.13932045011077882,0.4431767230868531,9.838148895156557,0.004549888916015625,0.0037284582595825196,-0.013120464729309082,61,eeccfe00,43.51420240074,-79.68342385054,155.9193,-37.1,SOL_COMPUTED,SINGLE,good,4.954,1.7952,4.5987,20,18,0.0,0.0,0,0,0,0,0,0,0,0,0,—,—,0.0,0.0,0.0,0.0
2026-05-25 11:52:45.979608,1779724365.979608,2420,143580.0,,,,,,,,,,,,,,,,0.0000,,,,0.0,0.0,0.0,0.0,0.0,0.0,0.0,0.0,0.0,-2134296,7147442,164978955,-195466,139073,-43442,-0.12774837566162112,0.42781043755676273,9.874822198796084,-0.045190476974487304,0.03215277953338623,-0.010043509872436523,61,eecbfe00,43.51420300337,-79.6834246274,155.7475,-37.1,SOL_COMPUTED,SINGLE,good,4.8267,1.7493,4.4727,20,18,0.0,0.0,0,0,0,0,0,0,0,0,0,—,—,0.0,0.0,0.0,0.0
2026-05-25 11:52:47.147853,1779724367.147853,2420,143581.0,,,,,,,,,,,,,,,,0.0000,,,,0.0,0.0,0.0,0.0,0.0,0.0,0.0,0.0,0.0,-2565099,7468237,164294958,222432,-257024,54343,-0.15353410710662843,0.44701163559600837,9.833881529972535,0.05142484204101563,-0.0594222890625,0.012563750679016113,61,eecafe00,43.51419236561,-79.68341757141,155.8795,-37.1,SOL_COMPUTED,SINGLE,good,4.8489,1.7653,4.4318,20,18,0.0,0.0,0,0,0,0,0,0,0,0,0,—,—,0.0,0.0,0.0,0.0
2026-05-25 11:52:48.085849,1779724368.085849,2420,143582.0,,,,,,,,,,,,,,,,0.0000,,,,0.0,0.0,0.0,0.0,0.0,0.0,0.0,0.0,0.0,-2255052,7186125,164233694,-68960,260331,-34470,-0.13497623105346682,0.43012581012725837,9.83021457070984,-0.015943106689453125,0.060186846107482914,-0.007969241409301758,61,eec9fe00,43.51417743907,-79.68340849592,156.4382,-37.1,SOL_COMPUTED,SINGLE,good,4.8424,1.7685,4.4488,20,18,0.0,0.0,0,0,0,0,0,0,0,0,0,—,—,0.0,0.0,0.0,0.0
2026-05-25 11:52:49.209837,1779724369.209837,2420,143583.0,,,,,,,,,,,,,,,,0.0000,,,,0.0,0.0,0.0,0.0,0.0,0.0,0.0,0.0,0.0,-2151137,7211119,164363450,-130471,62061,78722,-0.1287563944155884,0.431621827034607,9.837981121475222,-0.03016405268096924,0.014348102439880371,0.01820001805114746,61,eec8fe00,43.5141901894,-79.68341305124,157.4789,-37.1,SOL_COMPUTED,SINGLE,good,4.9654,1.8117,4.4363,20,18,0.0,0.0,0,0,0,0,0,0,0,0,0,—,—,0.0,0.0,0.0,0.0
2026-05-25 11:52:50.412191,1779724370.412191,2420,143584.0,,,,,,,,,,,,,,,,0.0000,,,,0.0,0.0,0.0,0.0,0.0,0.0,0.0,0.0,0.0,-2307371,7026163,164483142,-51678,-92623,66158,-0.1381077869699097,0.4205512779782105,9.845145291102906,-0.011947619888305665,-0.021413839485168458,0.015295302383422851,61,eec8fe00,43.51421174724,-79.68342470201,158.5563,-37.1,SOL_COMPUTED,SINGLE,good,4.9753,1.8188,4.4546,21,19,0.0,0.0,0,0,0,0,0,0,0,0,0,—,—,0.0,0.0,0.0,0.0
2026-05-25 11:52:51.396803,1779724371.396803,2420,143585.0,,,,,,,,,,,,,,,,0.0000,,,,0.0,0.0,0.0,0.0,0.0,0.0,0.0,0.0,0.0,-2606076,7583248,164281594,-38606,39443,-26536,-0.155986787142334,0.4538956237744141,9.833081627197878,-0.008925457901000976,0.009118966896057129,-0.006134951843261719,61,eec6fe00,43.51422386355,-79.68343109325,158.0919,-37.1,SOL_COMPUTED,SINGLE,good,4.8919,1.7732,4.4082,21,19,0.0,0.0,0,0,0,0,0,0,0,0,0,—,—,0.0,0.0,0.0,0.0
2026-05-25 11:52:52.428519,1779724372.428519,2420,143586.0,,,,,,,,,,,,,,,,0.0000,,,,0.0,0.0,0.0,0.0,0.0,0.0,0.0,0.0,0.0,-2462802,6866042,164441303,-111223,71964,-117127,-0.14741111592590334,0.41096722887756354,9.842641016021425,-0.025714039375305177,0.016637612091064454,-0.027079006050109863,61,eec5fe00,43.51423125199,-79.68343209718,158.5737,-37.1,SOL_COMPUTED,SINGLE,good,4.8495,1.7627,4.3877,21,19,0.0,0.0,0,0,0,0,0,0,0,0,0,—,—,0.0,0.0,0.0,0.0
2026-05-25 11:52:53.328121,1779724373.328121,2420,143587.0,,,,,,,,,,,,,,,,0.0000,,,,0.0,0.0,0.0,0.0,0.0,0.0,0.0,0.0,0.0,-2510225,6752472,163881240,48599,213543,-73966,-0.1502496215591431,0.4041694918139649,9.809118421911622,0.0112357749710083,0.04936976264190674,-0.01710046156311035,61,eec5fe00,43.51423094496,-79.68343176138,158.2373,-37.1,SOL_COMPUTED,SINGLE,good,4.8223,1.7635,4.3623,21,19,0.0,0.0,0,0,0,0,0,0,0,0,0,—,—,0.0,0.0,0.0,0.0
2026-05-25 11:52:54.422983,1779724374.422983,2420,143588.0,,,,,,,,,,,,,,,,0.0000,,,,0.0,0.0,0.0,0.0,0.0,0.0,0.0,0.0,0.0,-2366733,7074940,164659616,6051,-40927,20860,-0.14166090194366457,0.42347082733764657,9.855708149697268,0.0013989521255493164,-0.009462058113098144,0.004822697296142578,61,eec4fe00,43.51418765865,-79.68342292787,154.4887,-37.1,SOL_COMPUTED,SINGLE,good,4.6552,1.7481,4.2961,22,20,0.0,0.0,0,0,0,0,0,0,0,0,0,—,—,0.0,0.0,0.0,0.0
2026-05-25 11:52:55.508668,1779724375.508668,2420,143589.0,,,,,,,,,,,,,,,,0.0000,,,,0.0,0.0,0.0,0.0,0.0,0.0,0.0,0.0,0.0,-2845482,6902557,164171320,331240,-412610,44749,-0.1703164432086182,0.41315283571807865,9.826481172351075,0.07658054901123047,-0.09539276756286622,0.010345679832458496,61,eec3fe00,43.5142184649,-79.68342190821,157.2812,-37.1,SOL_COMPUTED,SINGLE,good,4.7198,1.7857,4.1961,22,20,0.0,0.0,0,0,0,0,0,0,0,0,0,—,—,0.0,0.0,0.0,0.0
2026-05-25 11:52:56.513101,1779724376.513101,2420,143590.0,,,,,,,,,,,,,,,,0.0000,,,,0.0,0.0,0.0,0.0,0.0,0.0,0.0,0.0,0.0,-3356797,6896249,162736664,-1533231,3772954,-311241,-0.200921223755188,0.412775270116272,9.740609777927247,-0.3544731063308716,0.8722826008758545,-0.07195690935516358,61,eec2fe00,43.51425359657,-79.68343086017,159.8797,-37.1,SOL_COMPUTED,SINGLE,good,4.635,1.7543,4.1785,22,20,0.0,0.0,0,0,0,0,0,0,0,0,0,—,—,0.0,0.0,0.0,0.0
2026-05-25 11:52:57.534356,1779724377.534356,2420,143591.0,,,,,,,,,,,,,,,,0.0000,,,,0.0,0.0,0.0,0.0,0.0,0.0,0.0,0.0,0.0,-2900930,7242514,163681538,-68537,151021,-7340,-0.17363528554992677,0.4335009760626221,9.79716525041321,-0.015845311820983886,0.03491507997894287,-0.0016969606018066407,61,eec1fe00,43.5142707524,-79.68343730457,160.8749,-37.1,SOL_COMPUTED,SINGLE,good,4.4475,1.7256,4.0623,22,20,0.0,0.0,0,0,0,0,0,0,0,0,0,—,—,0.0,0.0,0.0,0.0
2026-05-25 11:52:58.540669,1779724378.540669,2420,143592.0,,,,,,,,,,,,,,,,0.0000,,,,0.0,0.0,0.0,0.0,0.0,0.0,0.0,0.0,0.0,-2346632,6958354,163965926,205296,64502,-29465,-0.14045775575439456,0.41649256746887214,9.814187305956422,0.04746310949707031,0.014912445877075195,-0.0068121177291870115,61,eec0fe00,43.51425426717,-79.6834357046,160.83,-37.1,SOL_COMPUTED,SINGLE,good,4.559,1.7879,4.1162,21,19,0.0,0.0,0,0,0,0,0,0,0,0,0,—,—,0.0,0.0,0.0,0.0
2026-05-25 11:52:59.550383,1779724379.550383,2420,143593.0,,,,,,,,,,,,,,,,0.0000,,,,0.0,0.0,0.0,0.0,0.0,0.0,0.0,0.0,0.0,-2602493,7097904,164429912,-6877,47802,13868,-0.15577232652862552,0.42484533851074224,9.841959207243654,-0.0015899179916381836,0.011051513717651368,0.0032061920471191407,61,eebffe00,43.51428727694,-79.68344109418,161.8701,-37.1,SOL_COMPUTED,SINGLE,good,4.3555,1.7274,3.9839,22,20,0.0,0.0,0,0,0,0,0,0,0,0,0,—,—,0.0,0.0,0.0,0.0
2026-05-25 11:53:00.475372,1779724380.475372,2420,143594.0,,,,,,,,,,,,,,,,0.0000,,,,0.0,0.0,0.0,0.0,0.0,0.0,0.0,0.0,0.0,-2202347,6930430,164281729,-165952,112294,7985,-0.13182157109100343,0.4148211752899171,9.83308970762848,-0.03836703076171875,0.025961647659301756,0.001846080436706543,61,eebefe00,43.51430832493,-79.68344810238,163.3842,-37.1,SOL_COMPUTED,SINGLE,good,4.4856,1.7419,4.0811,21,19,0.0,0.0,0,0,0,0,0,0,0,0,0,—,—,0.0,0.0,0.0,0.0
2026-05-25 11:53:01.456094,1779724381.456094,2420,143595.0,,,,,,,,,,,,,,,,0.0000,,,,0.0,0.0,0.0,0.0,0.0,0.0,0.0,0.0,0.0,-2202494,7269496,163505610,-6942,240692,18530,-0.13183036978210452,0.43511598479248054,9.78663507267151,-0.001604945571899414,0.055646436126708984,0.004284016342163086,61,eebefe00,43.51420510893,-79.68342761095,155.999,-37.1,SOL_COMPUTED,SINGLE,good,4.4487,1.7669,4.1199,21,19,0.0,0.0,0,0,0,0,0,0,0,0,0,—,—,0.0,0.0,0.0,0.0
2026-05-25 11:53:02.375332,1779724382.375332,2420,143596.0,,,,,,,,,,,,,,,,0.0000,,,,0.0,0.0,0.0,0.0,0.0,0.0,0.0,0.0,0.0,-2089862,7590872,164204738,129,92674,-30245,-0.12508877674743654,0.45435195861083993,9.828481408128052,2.982396697998047e-05,0.02142563035583496,-0.006992448692321777,61,eebdfe00,43.51419949556,-79.68342289643,156.2999,-37.1,SOL_COMPUTED,SINGLE,good,4.5811,1.834,4.1253,21,19,0.0,0.0,0,0,0,0,0,0,0,0,0,—,—,0.0,0.0,0.0,0.0
2026-05-25 11:53:03.415102,1779724383.415102,2420,143597.0,,,,,,,,,,,,,,,,0.0000,,,,0.0,0.0,0.0,0.0,0.0,0.0,0.0,0.0,0.0,-2185165,7241893,164487615,-103975,89669,-53797,-0.13079314176788331,0.4334638060818482,9.845413022703553,-0.02403834857940674,0.020730893760681154,-0.012437519004821778,61,eebbfe00,43.51421364587,-79.68342771925,156.8555,-37.1,SOL_COMPUTED,SINGLE,good,4.455,1.761,4.0871,21,19,0.0,0.0,0,0,0,0,0,0,0,0,0,—,—,0.0,0.0,0.0,0.0
2026-05-25 11:53:04.267633,1779724384.267633,2420,143598.0,,,,,,,,,,,,,,,,0.0000,,,,0.0,0.0,0.0,0.0,0.0,0.0,0.0,0.0,0.0,-1648598,7569993,164220931,184474,47083,-114742,-0.09867690171325685,0.45310224519927983,9.829450640815127,0.042649197555541994,0.01088528556060791,-0.026527609451293944,61,eebbfe00,43.51420224536,-79.68342258534,156.4633,-37.1,SOL_COMPUTED,SINGLE,good,4.5351,1.801,4.0833,21,19,0.0,0.0,0,0,0,0,0,0,0,0,0,—,—,0.0,0.0,0.0,0.0
2026-05-25 11:53:05.348780,1779724385.348780,2420,143599.0,,,,,,,,,,,,,,,,0.0000,,,,0.0,0.0,0.0,0.0,0.0,0.0,0.0,0.0,0.0,-2256393,7156079,164289182,-48048,95741,-70962,-0.13505649666412356,0.428327405550232,9.83353580725281,-0.011108387329101563,0.02213470095062256,-0.016405956161499022,61,eebafe00,43.51421061164,-79.68342599065,156.6096,-37.1,SOL_COMPUTED,SINGLE,good,4.4581,1.7563,4.0929,22,20,0.0,0.0,0,0,0,0,0,0,0,0,0,—,—,0.0,0.0,0.0,0.0
2026-05-25 11:53:06.239246,1779724386.239246,2420,143600.0,,,,,,,,,,,,,,,,0.0000,,,,0.0,0.0,0.0,0.0,0.0,0.0,0.0,0.0,0.0,-2119592,7307778,164320315,11981,115524,-55266,-0.12686826713134766,0.4374073554913331,9.83539927425995,0.002769929832458496,0.02670840280151367,-0.012777142318725586,61,eebafe00,43.51421419786,-79.68342482314,157.5009,-37.1,SOL_COMPUTED,SINGLE,good,4.505,1.7818,4.0907,21,19,0.0,0.0,0,0,0,0,0,0,0,0,0,—,—,0.0,0.0,0.0,0.0
2026-05-25 11:53:07.283162,1779724387.283162,2420,143601.0,,,,,,,,,,,,,,,,0.0000,,,,0.0,0.0,0.0,0.0,0.0,0.0,0.0,0.0,0.0,-1893066,7086448,164249831,1560,90685,40174,-0.1133095439996338,0.4241596391552735,9.831180451514589,0.00036066192626953126,0.02096578639984131,0.009287969375610352,61,eeb9fe00,43.51423368806,-79.68342916478,158.9402,-37.1,SOL_COMPUTED,SINGLE,good,4.5391,1.7588,4.147,21,19,0.0,0.0,0,0,0,0,0,0,0,0,0,—,—,0.0,0.0,0.0,0.0
2026-05-25 11:53:08.214411,1779724388.214411,2420,143602.0,,,,,,,,,,,,,,,,0.0000,,,,0.0,0.0,0.0,0.0,0.0,0.0,0.0,0.0,0.0,-2128758,7321158,163905574,-67615,150822,-8527,-0.12741689844177248,0.4382082159466553,9.810574934491578,-0.015632151374816893,0.03486907246398926,-0.001971387336730957,61,eeb7fe00,43.51422569954,-79.68342593327,158.812,-37.1,SOL_COMPUTED,SINGLE,good,4.9875,1.8319,4.3546,20,18,0.0,0.0,0,0,0,0,0,0,0,0,0,—,—,0.0,0.0,0.0,0.0
2026-05-25 11:53:09.117382,1779724389.117382,2420,143603.0,,,,,,,,,,,,,,,,0.0000,,,,0.0,0.0,0.0,0.0,0.0,0.0,0.0,0.0,0.0,-2046539,7365346,164196543,1434,129739,-34382,-0.12249567678436281,0.44085309052062993,9.827990896062929,0.00033153153991699217,0.029994819007873534,-0.007948896377563477,61,eeb7fe00,43.51419837982,-79.68341963719,156.6675,-37.1,SOL_COMPUTED,SINGLE,good,5.0184,1.8569,4.344,20,18,0.0,0.0,0,0,0,0,0,0,0,0,0,—,—,0.0,0.0,0.0,0.0
2026-05-25 11:53:10.136299,1779724390.136299,2420,143604.0,,,,,,,,,,,,,,,,0.0000,,,,0.0,0.0,0.0,0.0,0.0,0.0,0.0,0.0,0.0,-1909118,7599786,164972522,-169590,47661,-103250,-0.11427033712585451,0.4548855064508057,9.874437151314089,-0.03920811286926269,0.011018915428161621,-0.023870733261108397,61,eeb6fe00,43.51418642687,-79.68341153506,156.8692,-37.1,SOL_COMPUTED,SINGLE,good,4.8079,1.7459,4.3496,20,18,0.0,0.0,0,0,0,0,0,0,0,0,0,—,—,0.0,0.0,0.0,0.0
2026-05-25 11:53:11.093219,1779724391.093219,2420,143605.0,,,,,,,,,,,,,,,,0.0000,,,,0.0,0.0,0.0,0.0,0.0,0.0,0.0,0.0,0.0,-2250745,7085832,163338154,-142717,-221826,-142774,-0.13471843538970948,0.4241227684497071,9.776611986841433,-0.03299524880218506,-0.05128473875427246,-0.033008426834106444,61,eeb5fe00,43.51420048288,-79.68340712802,159.6164,-37.1,SOL_COMPUTED,SINGLE,good,5.3751,2.0158,4.3678,19,17,0.0,0.0,0,0,0,0,0,0,0,0,0,—,—,0.0,0.0,0.0,0.0
2026-05-25 11:53:12.032248,1779724392.032248,2420,143606.0,,,,,,,,,,,,,,,,0.0000,,,,0.0,0.0,0.0,0.0,0.0,0.0,0.0,0.0,0.0,-2467301,7336242,164356470,-40389,-110519,285,-0.14768040375762942,0.4391110693927003,9.837563333285523,-0.009337675987243652,-0.025551279121398925,6.58901596069336e-05,61,eeb4fe00,43.51425542301,-79.6834274024,162.3054,-37.1,SOL_COMPUTED,SINGLE,good,4.6872,1.7336,4.2452,20,18,0.0,0.0,0,0,0,0,0,0,0,0,0,—,—,0.0,0.0,0.0,0.0
2026-05-25 11:53:12.898527,1779724392.898527,2420,143607.0,,,,,,,,,,,,,,,,0.0000,,,,0.0,0.0,0.0,0.0,0.0,0.0,0.0,0.0,0.0,-2751169,6692431,164207685,-15288,209430,-2980,-0.1646713346792603,0.4005757352670289,9.828657800935366,-0.0035344868774414063,0.04841886360168457,-0.0006889567565917969,61,eeb4fe00,43.51418767016,-79.68341398353,156.7264,-37.1,SOL_COMPUTED,SINGLE,good,4.7908,1.742,4.3382,20,18,0.0,0.0,0,0,0,0,0,0,0,0,0,—,—,0.0,0.0,0.0,0.0
2026-05-25 11:53:13.878868,1779724393.878868,2420,143608.0,,,,,,,,,,,,,,,,0.0000,,,,0.0,0.0,0.0,0.0,0.0,0.0,0.0,0.0,0.0,-2205174,7104640,164350402,80677,-11394,4522,-0.13199078129333497,0.42524852207031255,9.837200132893678,0.018652001426696777,-0.002634219223022461,0.0010454571990966798,61,eeb3fe00,43.51427893137,-79.68342382484,165.9995,-37.1,SOL_COMPUTED,SINGLE,good,4.6616,1.7341,4.2361,20,18,0.0,0.0,0,0,0,0,0,0,0,0,0,—,—,0.0,0.0,0.0,0.0
2026-05-25 11:53:14.858388,1779724394.858388,2420,143609.0,,,,,,,,,,,,,,,,0.0000,,,,0.0,0.0,0.0,0.0,0.0,0.0,0.0,0.0,0.0,-1908400,7156652,163946176,396508,-147236,-32900,-0.1142273612060547,0.42836170248901373,9.81300516888672,0.0916700891418457,-0.0340400124206543,-0.007606267547607422,61,eeb2fe00,43.51427511369,-79.68342096769,166.0864,-37.1,SOL_COMPUTED,SINGLE,good,4.5828,1.7317,4.1621,20,18,0.0,0.0,0,0,0,0,0,0,0,0,0,—,—,0.0,0.0,0.0,0.0
2026-05-25 11:53:15.806751,1779724395.806751,2420,143610.0,,,,,,,,,,,,,,,,0.0000,,,,0.0,0.0,0.0,0.0,0.0,0.0,0.0,0.0,0.0,-2315825,7027186,164145677,21351,-36135,-21006,-0.1386138014907837,0.420612509685669,9.82494630952179,0.004936213325500489,-0.008354178657531738,-0.004856451553344726,61,eeb1fe00,43.51425787333,-79.68341592346,165.0833,-37.1,SOL_COMPUTED,SINGLE,good,4.6242,1.7308,4.2004,20,18,0.0,0.0,0,0,0,0,0,0,0,0,0,—,—,0.0,0.0,0.0,0.0
2026-05-25 11:53:16.764563,1779724396.764563,2420,143611.0,,,,,,,,,,,,,,,,0.0000,,,,0.0,0.0,0.0,0.0,0.0,0.0,0.0,0.0,0.0,-2371425,7028804,164427011,-396305,328692,-75364,-0.1419417417984009,0.4207093551428223,9.841785567768252,-0.09162315685272217,0.07599146786499024,-0.017423670135498046,61,eeb1fe00,43.51425664729,-79.68341791393,164.302,-37.1,SOL_COMPUTED,SINGLE,good,5.1442,1.9815,4.2863,20,18,0.0,0.0,0,0,0,0,0,0,0,0,0,—,—,0.0,0.0,0.0,0.0
2026-05-25 11:53:17.816517,1779724397.816517,2420,143612.0,,,,,,,,,,,,,,,,0.0000,,,,0.0,0.0,0.0,0.0,0.0,0.0,0.0,0.0,0.0,-2882169,6988162,164154305,82712,-93137,-52365,-0.172512345116272,0.41827672654602055,9.825462738819887,0.01912248028564453,-0.02153267296600342,-0.012106449851989746,61,eeb0fe00,43.5141802731,-79.68341045191,156.8808,-37.1,SOL_COMPUTED,SINGLE,good,5.1728,1.9521,4.3281,20,18,0.0,0.0,0,0,0,0,0,0,0,0,0,—,—,0.0,0.0,0.0,0.0
2026-05-25 11:53:18.858997,1779724398.858997,2420,143613.0,,,,,,,,,,,,,,,,0.0000,,,,0.0,0.0,0.0,0.0,0.0,0.0,0.0,0.0,0.0,-2355624,6860317,164302612,426117,-488037,14758,-0.14099597228759767,0.4106245587649537,9.834339660460207,0.0985154987411499,-0.11283100289154052,0.003411954299926758,61,eeaffe00,43.5141624031,-79.68340249384,156.2714,-37.1,SOL_COMPUTED,SINGLE,good,4.8204,1.7424,4.3606,20,18,0.0,0.0,0,0,0,0,0,0,0,0,0,—,—,0.0,0.0,0.0,0.0
2026-05-25 11:53:20.034756,1779724400.034756,2420,143614.0,,,,,,,,,,,,,,,,0.0000,,,,0.0,0.0,0.0,0.0,0.0,0.0,0.0,0.0,0.0,-2364130,6935885,164504933,113021,-48153,-36451,-0.1415050992706299,0.41514768454132084,9.846449592312318,0.02612972536468506,-0.011132662651062011,-0.008427235816955566,61,eeaefe00,43.51416642769,-79.68340517329,156.0051,-37.1,SOL_COMPUTED,SINGLE,good,4.8305,1.7424,4.3651,20,18,0.0,0.0,0,0,0,0,0,0,0,0,0,—,—,0.0,0.0,0.0,0.0
2026-05-25 11:53:20.847919,1779724400.847919,2420,143615.0,,,,,,,,,,,,,,,,0.0000,,,,0.0,0.0,0.0,0.0,0.0,0.0,0.0,0.0,0.0,-2490931,7388277,164402245,-187803,311781,-62114,-0.1490947783883667,0.442225626477356,9.840303197810366,-0.04341884085845947,0.07208175386810303,-0.014360355697631836,61,eeadfe00,43.51416859682,-79.68340555064,156.4087,-37.1,SOL_COMPUTED,SINGLE,good,4.7955,1.7348,4.3397,20,18,0.0,0.0,0,0,0,0,0,0,0,0,0,—,—,0.0,0.0,0.0,0.0
2026-05-25 11:53:21.896133,1779724401.896133,2420,143616.0,,,,,,,,,,,,,,,,0.0000,,,,0.0,0.0,0.0,0.0,0.0,0.0,0.0,0.0,0.0,-2685657,7446256,164479261,-18320,41983,-25195,-0.16075011120025637,0.445695961928711,9.84491299368683,-0.004235465698242188,0.00970619849395752,-0.0058249213027954105,61,eeadfe00,43.51415733045,-79.68339843591,156.2419,-37.1,SOL_COMPUTED,SINGLE,good,5.347,2.0168,4.3602,20,18,0.0,0.0,0,0,0,0,0,0,0,0,0,—,—,0.0,0.0,0.0,0.0
2026-05-25 11:53:22.832118,1779724402.832118,2420,143617.0,,,,,,,,,,,,,,,,0.0000,,,,0.0,0.0,0.0,0.0,0.0,0.0,0.0,0.0,0.0,-1545137,7437337,166396020,-252080,1099618,-39706,-0.09248423926422121,0.4451621148135377,9.959640683184816,-0.05827926818847656,0.2542245807952881,-0.009179770797729492,61,eeacfe00,43.51416738523,-79.68340315137,156.2294,-37.1,SOL_COMPUTED,SINGLE,good,5.1106,1.8916,4.3453,21,19,0.0,0.0,0,0,0,0,0,0,0,0,0,—,—,0.0,0.0,0.0,0.0
2026-05-25 11:53:23.774472,1779724403.774472,2420,143618.0,,,,,,,,,,,,,,,,0.0000,,,,0.0,0.0,0.0,0.0,0.0,0.0,0.0,0.0,0.0,-3152662,6259491,164018797,90954,-231255,92579,-0.1887027148577881,0.3746620935983277,9.817351901855774,0.021027977462768556,-0.0534646626663208,0.021403666969299316,61,eeabfe00,43.51416862052,-79.68340286983,156.6027,-37.1,SOL_COMPUTED,SINGLE,good,4.9569,1.8382,4.2962,21,19,0.0,0.0,0,0,0,0,0,0,0,0,0,—,—,0.0,0.0,0.0,0.0
2026-05-25 11:53:24.721620,1779724404.721620,2420,143619.0,,,,,,,,,,,,,,,,0.0000,,,,0.0,0.0,0.0,0.0,0.0,0.0,0.0,0.0,0.0,-1781633,7087211,165204279,228591,-1187202,39088,-0.10663971715972902,0.424205308551941,9.88830897616791,0.05284876306915283,-0.2744734360198975,0.009036893188476563,61,eeaafe00,43.51419328066,-79.68341689632,156.4087,-37.1,SOL_COMPUTED,SINGLE,good,4.9651,1.8285,4.3261,21,19,0.0,0.0,0,0,0,0,0,0,0,0,0,—,—,0.0,0.0,0.0,0.0
2026-05-25 11:53:25.812432,1779724405.812432,2420,143620.0,,,,,,,,,,,,,,,,0.0000,,,,0.0,0.0,0.0,0.0,0.0,0.0,0.0,0.0,0.0,-2392633,7257277,163686592,135445,45280,-3124,-0.14321114751861574,0.4343846160403443,9.79746775779297,0.03131400936126709,0.010468443603515626,-0.0007222486267089844,61,eeaafe00,43.51420908904,-79.68342639736,156.5404,-37.1,SOL_COMPUTED,SINGLE,good,4.888,1.791,4.3194,21,19,0.0,0.0,0,0,0,0,0,0,0,0,0,—,—,0.0,0.0,0.0,0.0
2026-05-25 11:53:26.854813,1779724406.854813,2420,143621.0,,,,,,,,,,,,,,,,0.0000,,,,0.0,0.0,0.0,0.0,0.0,0.0,0.0,0.0,0.0,-2021754,7349882,164384684,103996,-91488,3688,-0.1210121695806885,0.43992749215881355,9.839252083426516,0.02404320364379883,-0.021151434814453127,0.0008526417846679687,61,eea9fe00,43.51421409742,-79.6834301717,156.4234,-37.1,SOL_COMPUTED,SINGLE,good,4.8066,1.7595,4.2938,21,19,0.0,0.0,0,0,0,0,0,0,0,0,0,—,—,0.0,0.0,0.0,0.0
2026-05-25 11:53:28.068492,1779724408.068492,2420,143622.0,,,,,,,,,,,,,,,,0.0000,,,,0.0,0.0,0.0,0.0,0.0,0.0,0.0,0.0,0.0,-2350392,7343042,164172965,248353,-372158,-141199,-0.14068281071044925,0.43951808367492684,9.82657963389435,0.057417609855651856,-0.08604052638244629,-0.03264429700469971,61,eea8fe00,43.51421885103,-79.6834260162,157.501,-37.1,SOL_COMPUTED,SINGLE,good,4.7925,1.7392,4.3228,21,19,0.0,0.0,0,0,0,0,0,0,0,0,0,—,—,0.0,0.0,0.0,0.0
2026-05-25 11:53:28.923330,1779724408.923330,2420,143623.0,,,,,,,,,,,,,,,,0.0000,,,,0.0,0.0,0.0,0.0,0.0,0.0,0.0,0.0,0.0,-2417460,6808210,164041046,8796,5668,-51523,-0.14469716863403323,0.40750569211730964,9.818683616674196,0.002033578399658203,0.001310404998779297,-0.011911784889221191,61,eea8fe00,43.5141945375,-79.68341796181,156.3988,-37.1,SOL_COMPUTED,SINGLE,good,4.7549,1.7346,4.2864,21,19,0.0,0.0,0,0,0,0,0,0,0,0,0,—,—,0.0,0.0,0.0,0.0
2026-05-25 11:53:29.854951,1779724409.854951,2420,143624.0,,,,,,,,,,,,,,,,0.0000,,,,0.0,0.0,0.0,0.0,0.0,0.0,0.0,0.0,0.0,-3221588,6186871,163756495,109799,96400,-124165,-0.19282828344848635,0.37031542048431404,9.801651804759217,0.02538481977081299,0.022287057495117186,-0.0287061462020874,61,eea7fe00,43.51418716317,-79.68341249429,156.9138,-37.1,SOL_COMPUTED,SINGLE,good,4.8576,1.7795,4.323,20,18,0.0,0.0,0,0,0,0,0,0,0,0,0,—,—,0.0,0.0,0.0,0.0
2026-05-25 11:53:30.932199,1779724410.932199,2420,143625.0,,,,,,,,,,,,,,,,0.0000,,,,0.0,0.0,0.0,0.0,0.0,0.0,0.0,0.0,0.0,-3051326,7232423,164027856,-392670,491428,-36144,-0.18263724437194828,0.43289697883880623,9.817894128676759,-0.09078276832580566,0.1136149801940918,-0.008356259399414062,61,eea6fe00,43.51415031032,-79.68339437207,157.4414,-37.1,SOL_COMPUTED,SINGLE,good,5.1028,1.8809,4.5383,19,18,0.0,0.0,0,0,0,0,0,0,0,0,0,—,—,0.0,0.0,0.0,0.0
2026-05-25 11:53:31.907451,1779724411.907451,2420,143626.0,,,,,,,,,,,,,,,,0.0000,,,,0.0,0.0,0.0,0.0,0.0,0.0,0.0,0.0,0.0,-2525481,7117314,164162666,-69884,223736,18247,-0.15116277007232667,0.4260071248663331,9.8259631868219,-0.01615672952270508,0.05172631842041016,0.0042185885696411135,61,eea6fe00,43.51418647062,-79.68341724465,154.558,-37.1,SOL_COMPUTED,SINGLE,good,4.9691,1.8042,4.4866,18,18,0.0,0.0,0,0,0,0,0,0,0,0,0,—,—,0.0,0.0,0.0,0.0
2026-05-25 11:53:32.910774,1779724412.910774,2420,143627.0,,,,,,,,,,,,,,,,0.0000,,,,0.0,0.0,0.0,0.0,0.0,0.0,0.0,0.0,0.0,-2945748,6976160,164028066,-80809,160535,21599,-0.17631786880004885,0.4175583463378907,9.817906698235475,-0.0186825189743042,0.03711465534210205,0.004993549324035645,61,eea5fe00,43.5141916579,-79.68341922021,155.3567,-37.1,SOL_COMPUTED,SINGLE,good,4.9495,1.8159,4.3664,20,19,0.0,0.0,0,0,0,0,0,0,0,0,0,—,—,0.0,0.0,0.0,0.0
2026-05-25 11:53:33.937361,1779724413.937361,2420,143628.0,,,,,,,,,,,,,,,,0.0000,,,,0.0,0.0,0.0,0.0,0.0,0.0,0.0,0.0,0.0,-2808232,6738533,163934723,-57379,162041,77311,-0.16808684291259768,0.403335172390442,9.812319649096375,-0.013265654273986816,0.037462832817077636,0.01787380396270752,61,eea4fe00,43.51418495017,-79.68341477576,155.5622,-37.1,SOL_COMPUTED,SINGLE,good,5.1498,1.886,4.4368,20,19,0.0,0.0,0,0,0,0,0,0,0,0,0,—,—,0.0,0.0,0.0,0.0
2026-05-25 11:53:35.258296,1779724415.258296,2420,143629.0,,,,,,,,,,,,,,,,0.0000,,,,0.0,0.0,0.0,0.0,0.0,0.0,0.0,0.0,0.0,-2749467,7231826,164191592,66984,-116938,77917,-0.16456946139862064,0.43286124537902837,9.827694553752442,0.01548626824951172,-0.027035310470581053,0.018013907249450685,61,eea4fe00,43.51418888232,-79.68341490826,156.167,-37.1,SOL_COMPUTED,SINGLE,good,5.147,1.889,4.5036,20,19,0.0,0.0,0,0,0,0,0,0,0,0,0,STATISTICANALYSIS,L1,1.42,-2.886,0.374,0.25
2026-05-25 11:53:36.178014,1779724416.178014,2420,143630.0,,,,,,,,,,,,,,,,0.0000,,,,0.0,0.0,0.0,0.0,0.0,0.0,0.0,0.0,0.0,-2024367,7330497,164185499,49896,79129,-305,-0.1211685708041382,0.4387672021792603,9.827329856984559,0.011535632995605468,0.01829411382293701,-7.051403045654296e-05,61,eea3fe00,43.51419555799,-79.68341895543,158.8159,-37.1,SOL_COMPUTED,SINGLE,good,5.0567,1.844,4.5251,19,18,0.0,0.0,0,0,0,0,0,0,0,0,0,—,—,0.0,0.0,0.0,0.0
2026-05-25 11:53:37.155347,1779724417.155347,2420,143631.0,,,,,,,,,,,,,,,,0.0000,,,,0.0,0.0,0.0,0.0,0.0,0.0,0.0,0.0,0.0,-2754100,6348474,163545698,36619,36737,9236,-0.16484676980590823,0.3799881747564698,9.789034541575319,0.008466076332092285,0.00849335717010498,0.0021353035583496095,61,eea2fe00,43.51418923369,-79.68341279281,156.2776,-37.1,SOL_COMPUTED,SINGLE,good,5.0055,1.8253,4.5288,19,18,0.0,0.0,0,0,0,0,0,0,0,0,0,—,—,0.0,0.0,0.0,0.0
2026-05-25 11:53:38.104927,1779724418.104927,2420,143632.0,,,,,,,,,,,,,,,,0.0000,,,,0.0,0.0,0.0,0.0,0.0,0.0,0.0,0.0,0.0,-2120111,7256871,164137758,357375,-462091,-54402,-0.1268993318978882,0.4343603148934937,9.824472317448121,0.08262279224395752,-0.10683245523834228,-0.01257739109802246,61,eea1fe00,43.51419366103,-79.68341523406,156.4532,-37.1,SOL_COMPUTED,SINGLE,good,4.9106,1.7975,4.3681,20,19,0.0,0.0,0,0,0,0,0,0,0,0,0,STATISTICANALYSIS,L1,1.094,-3.554,0.365,0.287
2026-05-25 11:53:39.003649,1779724419.003649,2420,143633.0,,,,,,,,,,,,,,,,0.0000,,,,0.0,0.0,0.0,0.0,0.0,0.0,0.0,0.0,0.0,-2398554,7465052,164363526,-51522,-135990,-57461,-0.14356554921936038,0.4468209972888184,9.837985670458375,-0.011911553695678711,-0.03144000984191894,-0.013284612144470215,61,eea0fe00,43.51417674885,-79.68340818729,155.9214,-37.1,SOL_COMPUTED,SINGLE,good,4.8668,1.7825,4.3318,22,19,0.0,0.0,0,0,0,0,0,0,0,0,0,—,—,0.0,0.0,0.0,0.0
2026-05-25 11:53:39.970141,1779724419.970141,2420,143634.0,,,,,,,,,,,,,,,,0.0000,,,,0.0,0.0,0.0,0.0,0.0,0.0,0.0,0.0,0.0,-2380952,7081693,163807390,-105641,366358,-22209,-0.1425119807788086,0.4238750284329224,9.80469812709656,-0.0244235170211792,0.08469960383605957,-0.00513457738494873,61,eea0fe00,43.51417564419,-79.68341149988,154.5109,-37.1,SOL_COMPUTED,SINGLE,good,4.8909,1.7447,4.5346,21,18,0.0,0.0,0,0,0,0,0,0,0,0,0,STATISTICANALYSIS,L5,4.423,-1.252,0.282,0.789
2026-05-25 11:53:40.908117,1779724420.908117,2420,143635.0,,,,,,,,,,,,,,,,0.0000,,,,0.0,0.0,0.0,0.0,0.0,0.0,0.0,0.0,0.0,-2100054,7153403,164053289,238601,-292428,69271,-0.12569881933044436,0.4281672334591675,9.819416421947327,0.05516301042938233,-0.06760746524047852,0.016015007881164552,61,eea0fe00,43.51418203957,-79.68341278526,155.1007,-37.1,SOL_COMPUTED,SINGLE,good,4.8366,1.7365,4.3983,22,19,0.0,0.0,0,0,0,0,0,0,0,0,0,—,—,0.0,0.0,0.0,0.0
2026-05-25 11:53:41.856656,1779724421.856656,2420,143636.0,,,,,,,,,,,,,,,,0.0000,,,,0.0,0.0,0.0,0.0,0.0,0.0,0.0,0.0,0.0,-2680203,6751373,165165924,-185455,204757,-16349,-0.16042366180389406,0.4041037111233521,9.886013236051026,-0.04287599842071533,0.04733849617767334,-0.0037797832260131835,61,ee9ffe00,43.51419739028,-79.68341813371,155.9571,-37.1,SOL_COMPUTED,SINGLE,good,4.8619,1.7242,4.385,21,18,0.0,0.0,0,0,0,0,0,0,0,0,0,—,—,0.0,0.0,0.0,0.0
2026-05-25 11:53:42.918165,1779724422.918165,2420,143637.0,,,,,,,,,,,,,,,,0.0000,,,,0.0,0.0,0.0,0.0,0.0,0.0,0.0,0.0,0.0,-1768350,7426857,164298549,-240627,172138,130129,-0.10584466264343263,0.44453483397857674,9.834096469426576,-0.055631408546447755,0.039797194015502926,0.030084984489440917,61,ee9efe00,43.51421010666,-79.68342733227,156.0127,-37.1,SOL_COMPUTED,SINGLE,good,4.9214,1.7397,4.3599,21,19,0.0,0.0,0,0,0,0,0,0,0,0,0,STATISTICANALYSIS,L5,1.68,-1.412,0.522,0.672
2026-05-25 11:53:43.807446,1779724423.807446,2420,143638.0,,,,,,,,,,,,,,,,0.0000,,,,0.0,0.0,0.0,0.0,0.0,0.0,0.0,0.0,0.0,-1551151,7540166,163637366,258274,-150840,17170,-0.0928442074838257,0.4513169488763428,9.7945213335199,0.059711280990600586,-0.03487323394775391,0.003969593124389648,61,ee9efe00,43.51420208095,-79.68342195685,156.506,-37.1,SOL_COMPUTED,SINGLE,good,4.9404,1.7671,4.3487,21,19,0.0,0.0,0,0,0,0,0,0,0,0,0,—,—,0.0,0.0,0.0,0.0
2026-05-25 11:53:44.644489,1779724424.644489,2420,143639.0,,,,,,,,,,,,,,,,0.0000,,,,0.0,0.0,0.0,0.0,0.0,0.0,0.0,0.0,0.0,-2363823,6525752,163475604,-35458,-907928,50683,-0.1414867237728882,0.39059915680419927,9.784839062296143,-0.008197660629272461,-0.20990709063720703,0.011717582313537598,61,ee9dfe00,43.51427104139,-79.68343496492,162.3598,-37.1,SOL_COMPUTED,SINGLE,good,5.288,1.7376,4.7026,21,19,0.0,0.0,0,0,0,0,0,0,0,0,0,—,—,0.0,0.0,0.0,0.0
2026-05-25 11:53:45.610741,1779724425.610741,2420,143640.0,,,,,,,,,,,,,,,,0.0000,,,,0.0,0.0,0.0,0.0,0.0,0.0,0.0,0.0,0.0,-2264294,6993114,164255211,544016,-534904,152215,-0.1355294113470459,0.4185731287115479,9.83150247163788,0.12577298620605468,-0.12366635064697265,0.03519112506866455,61,ee9cfe00,43.51428187007,-79.68343525673,163.2318,-37.1,SOL_COMPUTED,SINGLE,good,5.2918,1.7385,4.6511,20,18,0.0,0.0,0,0,0,0,0,0,0,0,0,—,—,0.0,0.0,0.0,0.0
2026-05-25 11:53:46.672990,1779724426.672990,2420,143641.0,,,,,,,,,,,,,,,,0.0000,,,,0.0,0.0,0.0,0.0,0.0,0.0,0.0,0.0,0.0,-2261828,6868335,164031284,212611,-101966,2343,-0.13538180881469727,0.411104476487732,9.818099311759035,0.04915429026031494,-0.023573880752563475,0.0005416864700317382,61,ee9cfe00,43.51428597378,-79.68343375358,163.9308,-37.1,SOL_COMPUTED,SINGLE,good,5.1222,1.7365,4.5134,20,18,0.0,0.0,0,0,0,0,0,0,0,0,0,—,—,0.0,0.0,0.0,0.0
2026-05-25 11:53:47.690921,1779724427.690921,2420,143642.0,,,,,,,,,,,,,,,,0.0000,,,,0.0,0.0,0.0,0.0,0.0,0.0,0.0,0.0,0.0,-2475862,7277966,163727582,-599573,825905,-76941,-0.14819282276794435,0.4356229569940186,9.799921215944215,-0.13861740584564208,0.19094390270233155,-0.017788262351989746,61,ee9bfe00,43.51428618887,-79.68343078691,164.3829,-37.1,SOL_COMPUTED,SINGLE,good,5.1102,1.7353,4.5077,20,18,0.0,0.0,0,0,0,0,0,0,0,0,0,—,—,0.0,0.0,0.0,0.0
2026-05-25 11:53:48.718834,1779724428.718834,2420,143643.0,,,,,,,,,,,,,,,,0.0000,,,,0.0,0.0,0.0,0.0,0.0,0.0,0.0,0.0,0.0,-2338483,7163979,164198553,-202814,349183,-53833,-0.1399699970211792,0.42880026037811286,9.828111204696352,-0.04688928712463379,0.08072885474395752,-0.012445841972351074,61,ee9bfe00,43.51428355595,-79.68342815508,164.5743,-37.1,SOL_COMPUTED,SINGLE,good,5.136,1.7171,4.556,21,19,0.0,0.0,0,0,0,0,0,0,0,0,0,—,—,0.0,0.0,0.0,0.0
2026-05-25 11:53:49.834266,1779724429.834266,2420,143644.0,,,,,,,,,,,,,,,,0.0000,,,,0.0,0.0,0.0,0.0,0.0,0.0,0.0,0.0,0.0,-2355282,6549690,164160404,248195,-1159101,141911,-0.14097550186340335,0.3920319667877198,9.82582779471802,0.057381081275939945,-0.2679766662826538,0.0328089068069458,61,ee9afe00,43.51425437154,-79.68342565708,162.3041,-37.1,SOL_COMPUTED,SINGLE,good,3.5192,1.6817,3.6355,22,20,0.0,0.0,0,0,0,0,0,0,0,0,0,—,—,0.0,0.0,0.0,0.0
2026-05-25 11:53:50.753951,1779724430.753951,2420,143645.0,,,,,,,,,,,,,,,,0.0000,,,,0.0,0.0,0.0,0.0,0.0,0.0,0.0,0.0,0.0,-2341284,7043569,163620977,254503,-119795,28534,-0.14013765099243167,0.4215931148306275,9.793540369244692,0.05883945014190674,-0.027695830421447753,0.006596876541137695,61,ee99fe00,43.5142156285,-79.68342412862,157.4575,-37.1,SOL_COMPUTED,SINGLE,good,3.4509,1.6697,3.6057,22,20,0.0,0.0,0,0,0,0,0,0,0,0,0,—,—,0.0,0.0,0.0,0.0
2026-05-25 11:53:51.859553,1779724431.859553,2420,143646.0,,,,,,,,,,,,,,,,0.0000,,,,0.0,0.0,0.0,0.0,0.0,0.0,0.0,0.0,0.0,-2014958,7400074,164462569,-87305,281584,-64310,-0.12060539471862795,0.4429317364019776,9.843913893334047,-0.020184352226257325,0.06510040246582031,-0.014868056716918945,61,ee99fe00,43.51421339723,-79.68342509753,157.1535,-37.1,SOL_COMPUTED,SINGLE,good,3.4195,1.6813,3.5834,22,20,0.0,0.0,0,0,0,0,0,0,0,0,0,—,—,0.0,0.0,0.0,0.0
2026-05-25 11:53:52.751981,1779724432.751981,2420,143647.0,,,,,,,,,,,,,,,,0.0000,,,,0.0,0.0,0.0,0.0,0.0,0.0,0.0,0.0,0.0,-2180713,7412425,164515548,-197931,487805,-16272,-0.13052666712310793,0.44367100601959236,9.847084953577882,-0.04576036905670166,0.11277736598968506,-0.0037619813232421875,61,ee98fe00,43.51421649585,-79.68342323446,157.4735,-37.1,SOL_COMPUTED,SINGLE,good,3.421,1.6953,3.5829,20,18,0.0,0.0,0,0,0,0,0,0,0,0,0,—,—,0.0,0.0,0.0,0.0
2026-05-25 11:53:53.594008,1779724433.594008,2420,143648.0,,,,,,,,,,,,,,,,0.0000,,,,0.0,0.0,0.0,0.0,0.0,0.0,0.0,0.0,0.0,-2450712,6776192,163968200,203503,-81737,39990,-0.14668746847412112,0.40558925339843754,9.814323416320802,0.047048579475402835,-0.018897066581726074,0.009245429763793946,61,ee98fe00,43.51422003793,-79.68342226879,157.7779,-37.1,SOL_COMPUTED,SINGLE,good,3.3163,1.6749,3.5339,21,19,0.0,0.0,0,0,0,0,0,0,0,0,0,—,—,0.0,0.0,0.0,0.0
2026-05-25 11:53:54.621957,1779724434.621957,2420,143649.0,,,,,,,,,,,,,,,,0.0000,,,,0.0,0.0,0.0,0.0,0.0,0.0,0.0,0.0,0.0,-2416126,7163857,163864553,129320,-444895,64610,-0.144617322008667,0.4287929580630494,9.808119620834047,0.02989794891357422,-0.10285685108184814,0.014937414779663085,61,ee98fe00,43.51422454135,-79.68342595394,157.6247,-37.1,SOL_COMPUTED,SINGLE,good,3.2884,1.6802,3.5187,21,19,0.0,0.0,0,0,0,0,0,0,0,0,0,—,—,0.0,0.0,0.0,0.0
2026-05-25 11:53:55.661050,1779724435.661050,2420,143650.0,,,,,,,,,,,,,,,,0.0000,,,,0.0,0.0,0.0,0.0,0.0,0.0,0.0,0.0,0.0,-2222340,7045099,164393080,302136,-526358,27998,-0.13301825293579103,0.4216846930441285,9.839754626354981,0.0698518921508789,-0.12169057063293456,0.006472956802368164,61,ee97fe00,43.51422173312,-79.68342600627,157.557,-37.1,SOL_COMPUTED,SINGLE,good,3.2565,1.6832,3.4986,21,19,0.0,0.0,0,0,0,0,0,0,0,0,0,—,—,0.0,0.0,0.0,0.0
2026-05-25 11:53:56.783034,1779724436.783034,2420,143651.0,,,,,,,,,,,,,,,,0.0000,,,,0.0,0.0,0.0,0.0,0.0,0.0,0.0,0.0,0.0,-2306292,7215980,163997578,-430804,679783,-80559,-0.13804320338012696,0.4319127823913575,9.816081837730104,-0.09959910287475586,0.1571614398880005,-0.01862472058868408,61,ee96fe00,43.51424541949,-79.68343006227,159.2514,-37.1,SOL_COMPUTED,SINGLE,good,3.3285,1.6996,3.5084,21,19,0.0,0.0,0,0,0,0,0,0,0,0,0,—,—,0.0,0.0,0.0,0.0
2026-05-25 11:53:57.875679,1779724437.875679,2420,143652.0,,,,,,,,,,,,,,,,0.0000,,,,0.0,0.0,0.0,0.0,0.0,0.0,0.0,0.0,0.0,-2322734,7206883,163473642,514406,-847991,-1106,-0.1390273399725342,0.43136828107879643,9.784721626704714,0.11892734541320801,-0.19605004328155518,-0.00025570005798339845,61,ee96fe00,43.51423309636,-79.68342542152,158.9101,-37.1,SOL_COMPUTED,SINGLE,good,3.4214,1.7046,3.6824,19,17,0.0,0.0,0,0,0,0,0,0,0,0,0,—,—,0.0,0.0,0.0,0.0
2026-05-25 11:53:58.867235,1779724438.867235,2420,143653.0,,,,,,,,,,,,,,,,0.0000,,,,0.0,0.0,0.0,0.0,0.0,0.0,0.0,0.0,0.0,-2704999,7016766,164334912,27978,272340,-71700,-0.16190782741302492,0.41998882015319833,9.836272978300782,0.006468332931518554,0.06296324935913086,-0.01657657699584961,61,ee95fe00,43.51422332119,-79.68342352196,157.9663,-37.1,SOL_COMPUTED,SINGLE,good,3.2384,1.7177,3.4799,20,18,0.0,0.0,0,0,0,0,0,0,0,0,0,—,—,0.0,0.0,0.0,0.0
2026-05-25 11:54:00.077290,1779724440.077290,2420,143654.0,,,,,,,,,,,,,,,,0.0000,,,,0.0,0.0,0.0,0.0,0.0,0.0,0.0,0.0,0.0,-2618124,7599954,163771734,-246449,529148,-25194,-0.15670792068237308,0.45489556209777837,9.802563935736696,-0.05697741735076904,0.12233560061645508,-0.00582469010925293,61,ee95fe00,43.51422024385,-79.68341947337,158.3995,-37.1,SOL_COMPUTED,SINGLE,good,3.2649,1.7601,3.4843,20,19,0.0,0.0,0,0,0,0,0,0,0,0,0,—,—,0.0,0.0,0.0,0.0
2026-05-25 11:54:01.074709,1779724441.074709,2420,143655.0,,,,,,,,,,,,,,,,0.0000,,,,0.0,0.0,0.0,0.0,0.0,0.0,0.0,0.0,0.0,-3193453,7119933,163501294,-336130,83724,98693,-0.19114426185577396,0.4261638852200318,9.786376738312379,-0.07771108543395996,0.019356448150634767,0.022817184288024903,61,ee94fe00,43.5142199853,-79.68341992058,158.3579,-37.1,SOL_COMPUTED,SINGLE,good,3.2293,1.7377,3.471,21,19,0.0,0.0,0,0,0,0,0,0,0,0,0,—,—,0.0,0.0,0.0,0.0
2026-05-25 11:54:02.098019,1779724442.098019,2420,143656.0,,,,,,,,,,,,,,,,0.0000,,,,0.0,0.0,0.0,0.0,0.0,0.0,0.0,0.0,0.0,-2615718,6814166,164017452,60037,402005,-113462,-0.15656390945251467,0.4078621887445069,9.817271396824953,0.013880166709899902,0.09294096004486084,-0.026231681716918944,61,ee93fe00,43.51421426988,-79.68341481612,158.4176,-37.1,SOL_COMPUTED,SINGLE,good,3.2786,1.7891,3.4832,22,20,0.0,0.0,0,0,0,0,0,0,0,0,0,—,—,0.0,0.0,0.0,0.0
2026-05-25 11:54:03.074150,1779724443.074150,2420,143657.0,,,,,,,,,,,,,,,,0.0000,,,,0.0,0.0,0.0,0.0,0.0,0.0,0.0,0.0,0.0,-2253670,6653605,163899290,192209,-25230,-27903,-0.13489351138610842,0.3982518034255982,9.810198805410767,0.044437479606628416,-0.005833013076782226,-0.00645099341583252,61,ee92fe00,43.51421987329,-79.68341958939,158.5334,-37.1,SOL_COMPUTED,SINGLE,good,3.3146,1.7824,3.4933,21,19,0.0,0.0,0,0,0,0,0,0,0,0,0,—,—,0.0,0.0,0.0,0.0
2026-05-25 11:54:04.089301,1779724444.089301,2420,143658.0,,,,,,,,,,,,,,,,0.0000,,,,0.0,0.0,0.0,0.0,0.0,0.0,0.0,0.0,0.0,-2269353,7645077,164249660,183120,-174997,-12773,-0.13583221800201417,0.45759640113555916,9.83117021630249,0.04233616149902344,-0.04045817635345459,-0.0029530351181030275,61,ee92fe00,43.51422903151,-79.68342487776,158.9068,-37.1,SOL_COMPUTED,SINGLE,good,3.3411,1.7665,3.4872,21,19,0.0,0.0,0,0,0,0,0,0,0,0,0,—,—,0.0,0.0,0.0,0.0
2026-05-25 11:54:05.035096,1779724445.035096,2420,143659.0,,,,,,,,,,,,,,,,0.0000,,,,0.0,0.0,0.0,0.0,0.0,0.0,0.0,0.0,0.0,-2570034,7154877,164391566,331785,-593798,-37745,-0.15382949173645022,0.4282554597903443,9.839664005822145,0.07670654949188233,-0.13728226313781738,-0.008726400260925292,61,ee92fe00,43.51419364996,-79.68340025014,157.6895,-37.1,SOL_COMPUTED,SINGLE,good,3.2986,1.7298,3.5039,20,19,0.0,0.0,0,0,0,0,0,0,0,0,0,—,—,0.0,0.0,0.0,0.0
2026-05-25 11:54:06.078653,1779724446.078653,2420,143660.0,,,,,,,,,,,,,,,,0.0000,,,,0.0,0.0,0.0,0.0,0.0,0.0,0.0,0.0,0.0,-2097975,7104202,164046610,35109,69522,-17593,-0.12557438069915774,0.42522230556213386,9.819016650125123,0.008116974082946777,0.01607303746032715,-0.004067387992858887,61,ee92fe00,43.51418984272,-79.68339803195,157.7933,-37.1,SOL_COMPUTED,SINGLE,good,3.3523,1.757,3.5286,19,18,0.0,0.0,0,0,0,0,0,0,0,0,0,—,—,0.0,0.0,0.0,0.0
2026-05-25 11:54:07.209504,1779724447.209504,2420,143661.0,,,,,,,,,,,,,,,,0.0000,,,,0.0,0.0,0.0,0.0,0.0,0.0,0.0,0.0,0.0,-1944976,7611124,164702521,894638,-1503780,56910,-0.11641661920410158,0.45556414291137703,9.858276230252992,0.2068345284576416,-0.3476642253112793,0.013157224502563477,61,ee91fe00,43.51418950522,-79.68339708708,157.726,-37.1,SOL_COMPUTED,SINGLE,good,3.3211,1.7673,3.5066,20,19,0.0,0.0,0,0,0,0,0,0,0,0,0,—,—,0.0,0.0,0.0,0.0
2026-05-25 11:54:08.359370,1779724448.359370,2420,143662.0,,,,,,,,,,,,,,,,0.0000,,,,0.0,0.0,0.0,0.0,0.0,0.0,0.0,0.0,0.0,-2364571,7028404,164669532,286609,-656823,-18969,-0.14153149534393314,0.42068541312622076,9.85630167228882,0.06626215001678466,-0.15185323615264892,-0.004385510307312011,61,ee90fe00,43.51420526102,-79.68340540227,158.4919,-37.1,SOL_COMPUTED,SINGLE,good,3.2395,1.7378,3.4668,19,18,0.0,0.0,0,0,0,0,0,0,0,0,0,—,—,0.0,0.0,0.0,0.0
2026-05-25 11:54:09.315099,1779724449.315099,2420,143663.0,,,,,,,,,,,,,,,,0.0000,,,,0.0,0.0,0.0,0.0,0.0,0.0,0.0,0.0,0.0,-2336998,7304856,164280417,115153,385856,-17366,-0.13988111228454592,0.43723245906005864,9.833011177814027,0.026622629997253417,0.08920741552734375,-0.00401490705871582,61,ee90fe00,43.51419236496,-79.68339628496,158.5179,-37.1,SOL_COMPUTED,SINGLE,good,3.286,1.8047,3.472,19,18,0.0,0.0,0,0,0,0,0,0,0,0,0,—,—,0.0,0.0,0.0,0.0
2026-05-25 11:54:10.298250,1779724450.298250,2420,143664.0,,,,,,,,,,,,,,,,0.0000,,,,0.0,0.0,0.0,0.0,0.0,0.0,0.0,0.0,0.0,-2311670,7284093,163838152,166328,31380,-94515,-0.13836510379333497,0.43598968883331307,9.806539387883301,0.038453959533691406,0.007254853363037109,-0.021851257667541504,61,ee8ffe00,43.51422452142,-79.68342430415,158.5633,-37.1,SOL_COMPUTED,SINGLE,good,3.2293,1.7436,3.4446,21,20,0.0,0.0,0,0,0,0,0,0,0,0,0,—,—,0.0,0.0,0.0,0.0
2026-05-25 11:54:11.298478,1779724451.298478,2420,143665.0,,,,,,,,,,,,,,,,0.0000,,,,0.0,0.0,0.0,0.0,0.0,0.0,0.0,0.0,0.0,-2614005,7197794,164340261,-125804,123153,-61084,-0.15646137776641847,0.4308242586065674,9.836593142917787,-0.02908507241821289,0.028472178337097167,-0.014122226348876953,61,ee8efe00,43.51422015867,-79.68341913559,158.9473,-37.1,SOL_COMPUTED,SINGLE,good,3.3178,1.8089,3.4699,21,20,0.0,0.0,0,0,0,0,0,0,0,0,0,—,—,0.0,0.0,0.0,0.0
2026-05-25 11:54:12.353675,1779724452.353675,2420,143666.0,,,,,,,,,,,,,,,,0.0000,,,,0.0,0.0,0.0,0.0,0.0,0.0,0.0,0.0,0.0,-2812619,6940122,163970850,34524,-7528,-58754,-0.1683494269796753,0.41540129035217294,9.814482032180788,0.007981725860595703,-0.0017404249877929687,-0.013583545394897461,61,ee8efe00,43.51421666674,-79.68341845015,157.9324,-37.1,SOL_COMPUTED,SINGLE,good,3.2553,1.7627,3.5067,20,19,0.0,0.0,0,0,0,0,0,0,0,0,0,—,—,0.0,0.0,0.0,0.0
2026-05-25 11:54:13.444697,1779724453.444697,2420,143667.0,,,,,,,,,,,,,,,,0.0000,,,,0.0,0.0,0.0,0.0,0.0,0.0,0.0,0.0,0.0,-2879221,7574462,164476855,-45772,114893,-72770,-0.17233589245391848,0.45336973737976083,9.844768982456971,-0.010582190826416015,0.026562519676208495,-0.01682395408630371,61,ee8efe00,43.51420866053,-79.68342150954,157.2077,-37.1,SOL_COMPUTED,SINGLE,good,3.1986,1.7234,3.4658,21,20,0.0,0.0,0,0,0,0,0,0,0,0,0,—,—,0.0,0.0,0.0,0.0
2026-05-25 11:54:14.439477,1779724454.439477,2420,143668.0,,,,,,,,,,,,,,,,0.0000,,,,0.0,0.0,0.0,0.0,0.0,0.0,0.0,0.0,0.0,-1373144,7766227,164337379,-328579,245277,-103155,-0.08218959111083986,0.4648478394137574,9.836420640688173,-0.07596534299468995,0.056706458518981935,-0.023848769874572753,61,ee8cfe00,43.51420944052,-79.68342560801,156.9905,-37.1,SOL_COMPUTED,SINGLE,good,3.2137,1.721,3.4495,21,20,0.0,0.0,0,0,0,0,0,0,0,0,0,—,—,0.0,0.0,0.0,0.0
2026-05-25 11:54:15.455139,1779724455.455139,2420,143669.0,,,,,,,,,,,,,,,,0.0000,,,,0.0,0.0,0.0,0.0,0.0,0.0,0.0,0.0,0.0,-2339459,7432707,164299443,-74509,52328,-27214,-0.14002841554168702,0.4448849859713746,9.83414997983368,-0.017225999656677246,0.01209789569091797,-0.0062917010650634765,61,ee8cfe00,43.51423534012,-79.6834400971,158.7437,-37.1,SOL_COMPUTED,SINGLE,good,4.1534,2.1354,3.6358,20,18,0.0,0.0,0,0,0,0,0,0,0,0,0,—,—,0.0,0.0,0.0,0.0
2026-05-25 11:54:16.336168,1779724456.336168,2420,143670.0,,,,,,,,,,,,,,,,0.0000,,,,0.0,0.0,0.0,0.0,0.0,0.0,0.0,0.0,0.0,-2366719,7031757,163950410,106334,-18441,8021,-0.1416600639730835,0.4208861070803834,9.813258595132448,0.024583734146118166,-0.004263440116882324,0.0018544034042358398,61,ee8cfe00,43.51419764573,-79.6834068884,158.8036,-37.1,SOL_COMPUTED,SINGLE,good,3.3984,1.8474,3.4771,20,19,0.0,0.0,0,0,0,0,0,0,0,0,0,—,—,0.0,0.0,0.0,0.0
2026-05-25 11:54:17.442759,1779724457.442759,2420,143671.0,,,,,,,,,,,,,,,,0.0000,,,,0.0,0.0,0.0,0.0,0.0,0.0,0.0,0.0,0.0,-2789172,6494233,164145960,-98893,171688,54297,-0.16694600582153324,0.3887125857510377,9.824963248498536,-0.022863422996520995,0.03969315692138672,0.012553115776062012,61,ee8cfe00,43.51418693013,-79.68339583432,159.3839,-37.1,SOL_COMPUTED,SINGLE,good,3.7851,2.169,3.5229,20,18,0.0,0.0,0,0,0,0,0,0,0,0,0,—,—,0.0,0.0,0.0,0.0
2026-05-25 11:54:18.486081,1779724458.486081,2420,143672.0,,,,,,,,,,,,,,,,0.0000,,,,0.0,0.0,0.0,0.0,0.0,0.0,0.0,0.0,0.0,-1751343,8192579,165033215,20996,-256764,-79498,-0.1048267079525757,0.4903671560690308,9.878069933348085,0.004854139617919922,-0.05936217874145508,-0.018379424240112303,61,ee8bfe00,43.51420710494,-79.68341475398,158.7041,-37.1,SOL_COMPUTED,SINGLE,good,3.4867,1.9344,3.4858,21,19,0.0,0.0,0,0,0,0,0,0,0,0,0,—,—,0.0,0.0,0.0,0.0
2026-05-25 11:54:19.604628,1779724459.604628,2420,143673.0,,,,,,,,,,,,,,,,0.0000,,,,0.0,0.0,0.0,0.0,0.0,0.0,0.0,0.0,0.0,-2237705,6939990,164515135,-133031,-48196,131407,-0.13393792564849855,0.4153933894866944,9.847060233445742,-0.03075590814971924,-0.011142603973388673,0.030380449836730956,61,ee8afe00,43.51419742818,-79.68341025485,157.8368,-37.1,SOL_COMPUTED,SINGLE,good,3.4612,1.931,3.4626,21,19,0.0,0.0,0,0,0,0,0,0,0,0,0,—,—,0.0,0.0,0.0,0.0
2026-05-25 11:54:20.592628,1779724460.592628,2420,143674.0,,,,,,,,,,,,,,,,0.0000,,,,0.0,0.0,0.0,0.0,0.0,0.0,0.0,0.0,0.0,-2827368,7177378,163715370,43848,59545,6176,-0.16923222898681642,0.4296022580792237,9.79919026617737,0.010137374450683594,0.013766419486999512,0.001427851318359375,61,ee8afe00,43.51420967691,-79.6834187468,157.7394,-37.1,SOL_COMPUTED,SINGLE,good,3.4414,1.9273,3.5055,21,19,0.0,0.0,0,0,0,0,0,0,0,0,0,—,—,0.0,0.0,0.0,0.0
2026-05-25 11:54:21.391700,1779724461.391700,2420,143675.0,,,,,,,,,,,,,,,,0.0000,,,,0.0,0.0,0.0,0.0,0.0,0.0,0.0,0.0,0.0,-2804038,7330873,163972275,272786,-204774,53915,-0.1678358108685303,0.4387897076748658,9.81456732561493,0.06306636167907714,-0.04734242646789551,0.012464799842834473,61,ee89fe00,43.51420909103,-79.68342105704,157.5933,-37.1,SOL_COMPUTED,SINGLE,good,3.4654,1.9441,3.4817,21,19,0.0,0.0,0,0,0,0,0,0,0,0,0,—,—,0.0,0.0,0.0,0.0
2026-05-25 11:54:22.340314,1779724462.340314,2420,143676.0,,,,,,,,,,,,,,,,0.0000,,,,0.0,0.0,0.0,0.0,0.0,0.0,0.0,0.0,0.0,-2849265,6818284,163379414,82916,60141,45336,-0.17054287483062747,0.40810867180542,9.779081605853884,0.019169643768310547,0.013904210838317872,0.010481390441894532,61,ee89fe00,43.51421036381,-79.68342032268,157.6483,-37.1,SOL_COMPUTED,SINGLE,good,3.3704,1.8604,3.4607,21,19,0.0,0.0,0,0,0,0,0,0,0,0,0,—,—,0.0,0.0,0.0,0.0
2026-05-25 11:54:23.253577,1779724463.253577,2420,143677.0,,,,,,,,,,,,,,,,0.0000,,,,0.0,0.0,0.0,0.0,0.0,0.0,0.0,0.0,0.0,-2721792,7360554,163691614,200146,-159666,-27261,-0.16291297312500003,0.44056626516174324,9.797768349811403,0.0462724627532959,-0.036913748153686525,-0.006302567161560059,61,ee88fe00,43.51420429304,-79.68341462039,157.9465,-37.1,SOL_COMPUTED,SINGLE,good,3.4611,1.9365,3.4786,21,19,0.0,0.0,0,0,0,0,0,0,0,0,0,—,—,0.0,0.0,0.0,0.0
2026-05-25 11:54:24.122574,1779724464.122574,2420,143678.0,,,,,,,,,,,,,,,,0.0000,,,,0.0,0.0,0.0,0.0,0.0,0.0,0.0,0.0,0.0,-2503948,7386716,164310461,-73739,-37338,51396,-0.14987391146362306,0.44213219275756843,9.83480946268097,-0.017047980628967285,-0.008632304489135743,0.011882423309326172,61,ee88fe00,43.5142022925,-79.68341582665,157.4116,-37.1,SOL_COMPUTED,SINGLE,good,3.4077,1.8973,3.4543,21,19,0.0,0.0,0,0,0,0,0,0,0,0,0,—,—,0.0,0.0,0.0,0.0
2026-05-25 11:54:24.968092,1779724464.968092,2420,143679.0,,,,,,,,,,,,,,,,0.0000,,,,0.0,0.0,0.0,0.0,0.0,0.0,0.0,0.0,0.0,-2103944,7430856,165496472,-28322,-57483,-59581,-0.12593165544189455,0.44477419428955084,9.90579820031006,-0.006547863510131836,-0.013289698402404786,-0.013774742454528808,61,ee88fe00,43.51420729931,-79.6834154558,157.7456,-37.1,SOL_COMPUTED,SINGLE,good,3.5216,1.9004,3.6099,20,18,0.0,0.0,0,0,0,0,0,0,0,0,0,—,—,0.0,0.0,0.0,0.0
2026-05-25 11:54:25.974546,1779724465.974546,2420,143680.0,,,,,,,,,,,,,,,,0.0000,,,,0.0,0.0,0.0,0.0,0.0,0.0,0.0,0.0,0.0,-3286715,7006817,164023507,-198371,-97408,9070,-0.19672646273651126,0.41939332234527593,9.817633819101259,-0.045862094215393064,-0.0225201005859375,0.0020969254302978515,61,ee87fe00,43.51421153504,-79.68342198489,157.8825,-37.1,SOL_COMPUTED,SINGLE,good,3.3705,1.8572,3.4512,21,19,0.0,0.0,0,0,0,0,0,0,0,0,0,—,—,0.0,0.0,0.0,0.0
2026-05-25 11:54:27.201127,1779724467.201127,2420,143681.0,,,,,,,,,,,,,,,,0.0000,,,,0.0,0.0,0.0,0.0,0.0,0.0,0.0,0.0,0.0,-1880214,8116468,164539029,160207,-312749,66000,-0.1125402870062256,0.48581152900512703,9.848490409807436,0.037038823860168456,-0.07230554921722412,0.015258773803710938,61,ee87fe00,43.51417715679,-79.68338488176,159.0066,-37.1,SOL_COMPUTED,SINGLE,good,3.8341,2.1674,3.6808,19,17,0.0,0.0,0,0,0,0,0,0,0,0,0,—,—,0.0,0.0,0.0,0.0
2026-05-25 11:54:28.317846,1779724468.317846,2420,143682.0,,,,,,,,,,,,,,,,0.0000,,,,0.0,0.0,0.0,0.0,0.0,0.0,0.0,0.0,0.0,-2576212,6819859,163827340,108369,22756,22711,-0.15419927618286136,0.4082029434957886,9.805892235174563,0.02505421300506592,0.005261040252685547,0.005250636543273926,61,ee86fe00,43.51419988473,-79.683408038,159.3433,-37.1,SOL_COMPUTED,SINGLE,good,3.8244,2.1594,3.6503,19,17,0.0,0.0,0,0,0,0,0,0,0,0,0,—,—,0.0,0.0,0.0,0.0
2026-05-25 11:54:29.222167,1779724469.222167,2420,143683.0,,,,,,,,,,,,,,,,0.0000,,,,0.0,0.0,0.0,0.0,0.0,0.0,0.0,0.0,0.0,-2730109,6722233,163188989,2187009,-4821238,-102275,-0.163410787505188,0.40235953521392825,9.767683709575502,0.5056223581466674,-1.1146390923614502,-0.02364531955718994,61,ee86fe00,43.51420136473,-79.6834084063,159.5976,-37.1,SOL_COMPUTED,SINGLE,good,3.6434,2.0077,3.6313,21,18,0.0,0.0,0,0,0,0,0,0,0,0,0,—,—,0.0,0.0,0.0,0.0
2026-05-25 11:54:30.356383,1779724470.356383,2420,143684.0,,,,,,,,,,,,,,,,0.0000,,,,0.0,0.0,0.0,0.0,0.0,0.0,0.0,0.0,0.0,-1789759,7458078,164424092,-62951,100875,-58381,-0.10712609922698976,0.44640356822937016,9.841610850902102,-0.014553864692687988,0.023321648597717286,-0.013497310203552246,61,ee85fe00,43.51419647857,-79.68340297729,159.6753,-37.1,SOL_COMPUTED,SINGLE,good,3.7144,2.0395,3.6581,21,18,0.0,0.0,0,0,0,0,0,0,0,0,0,—,—,0.0,0.0,0.0,0.0
2026-05-25 11:54:31.117775,1779724471.117775,2420,143685.0,,,,,,,,,,,,,,,,0.0000,,,,0.0,0.0,0.0,0.0,0.0,0.0,0.0,0.0,0.0,-2471403,7296522,164836106,194512,-15898,-53308,-0.14792592913787844,0.4367336271441651,9.866271965972292,0.04496991833496094,-0.003675514938354492,-0.012324465362548827,61,ee85fe00,43.51419411333,-79.68340187662,159.8267,-37.1,SOL_COMPUTED,SINGLE,good,3.6316,1.9782,3.6339,21,18,0.0,0.0,0,0,0,0,0,0,0,0,0,—,—,0.0,0.0,0.0,0.0
2026-05-25 11:54:32.031287,1779724472.031287,2420,143686.0,,,,,,,,,,,,,,,,0.0000,,,,0.0,0.0,0.0,0.0,0.0,0.0,0.0,0.0,0.0,-1999314,7154440,164060413,66191,57475,-51983,-0.11966902244934084,0.4282293031372071,9.819842829263003,0.015302931770324707,0.013287848854064942,-0.012018133918762207,61,ee85fe00,43.51418569806,-79.68339715636,159.6777,-37.1,SOL_COMPUTED,SINGLE,good,3.5466,1.9202,3.6054,21,18,0.0,0.0,0,0,0,0,0,0,0,0,0,—,—,0.0,0.0,0.0,0.0
2026-05-25 11:54:33.033702,1779724473.033702,2420,143687.0,,,,,,,,,,,,,,,,0.0000,,,,0.0,0.0,0.0,0.0,0.0,0.0,0.0,0.0,0.0,-2365066,6826654,164335714,-49185,306050,-38519,-0.14156112358947756,0.40860965850280767,9.836320982044068,-0.011371254386901855,0.07075678367614746,-0.008905344062805175,61,ee84fe00,43.51417437766,-79.68338860666,159.6461,-37.1,SOL_COMPUTED,SINGLE,good,3.5173,1.8879,3.6042,21,18,0.0,0.0,0,0,0,0,0,0,0,0,0,—,—,0.0,0.0,0.0,0.0
2026-05-25 11:54:33.831606,1779724473.831606,2420,143688.0,,,,,,,,,,,,,,,,0.0000,,,,0.0,0.0,0.0,0.0,0.0,0.0,0.0,0.0,0.0,-2828936,7002170,163794673,231235,-196964,-45858,-0.16932608169189456,0.41911517596740727,9.803936950533753,0.05346003879547119,-0.045536804901123044,-0.010602073471069336,61,ee84fe00,43.51416761758,-79.68338301712,159.2621,-37.1,SOL_COMPUTED,SINGLE,good,3.5563,1.9239,3.5999,21,18,0.0,0.0,0,0,0,0,0,0,0,0,0,STATISTICANALYSIS,L5,1.251,-0.554,0.534,0.702
2026-05-25 11:54:34.666275,1779724474.666275,2420,143689.0,,,,,,,,,,,,,,,,0.0000,,,,0.0,0.0,0.0,0.0,0.0,0.0,0.0,0.0,0.0,-2324118,7098844,164445969,172288,-72247,6586,-0.1391101793499756,0.4249016022497559,9.842920299645082,0.039831873046875,-0.016703039863586427,0.0015226406707763672,61,ee83fe00,43.51416784345,-79.6833828495,159.2574,-37.1,SOL_COMPUTED,SINGLE,good,3.677,2.0245,3.6146,19,18,0.0,0.0,0,0,0,0,0,0,0,0,0,STATISTICANALYSIS,L5,1.387,-0.554,0.534,0.702
2026-05-25 11:54:35.671280,1779724475.671280,2420,143690.0,,,,,,,,,,,,,,,,0.0000,,,,0.0,0.0,0.0,0.0,0.0,0.0,0.0,0.0,0.0,-1895058,7324648,163878089,119226,14759,-59347,-0.11342877524230958,0.43841711004150397,9.808929818675844,0.027564281295776368,0.0034121854934692384,-0.01372064316558838,61,ee83fe00,43.51417005057,-79.68338640441,158.594,-37.1,SOL_COMPUTED,SINGLE,good,3.8478,2.1613,3.6228,20,18,0.0,0.0,0,0,0,0,0,0,0,0,0,STATISTICANALYSIS,L5,3.218,-0.554,0.534,0.702
2026-05-25 11:54:36.736377,1779724476.736377,2420,143691.0,,,,,,,,,,,,,,,,0.0000,,,,0.0,0.0,0.0,0.0,0.0,0.0,0.0,0.0,0.0,-2199318,7026855,164215997,-60353,111245,-75188,-0.1316402701702881,0.4205926976669312,9.829155316040346,-0.01395322386932373,0.025719125633239748,-0.017382980072021485,61,ee83fe00,43.514161439,-79.68337920197,159.2212,-37.1,SOL_COMPUTED,SINGLE,good,3.8914,2.1857,3.6319,19,17,0.0,0.0,0,0,0,0,0,0,0,0,0,SPECTRUMANALYSIS,L5,1176.699,1.025,-69.438,-127.634
2026-05-25 11:54:37.738538,1779724477.738538,2420,143692.0,,,,,,,,,,,,,,,,0.0000,,,,0.0,0.0,0.0,0.0,0.0,0.0,0.0,0.0,0.0,-2350913,7063212,164491874,-57604,45723,-36464,-0.14071399518707278,0.4227688474108887,9.845667945325319,-0.013317672821044922,0.010570862342834473,-0.008430241333007812,61,ee82fe00,43.5142565297,-79.68345902258,156.7302,-37.1,SOL_COMPUTED,SINGLE,good,3.6633,1.8566,3.6276,20,18,0.0,0.0,0,0,0,0,0,0,0,0,0,SPECTRUMANALYSIS,L5,1176.699,1.025,-69.438,-127.634
2026-05-25 11:54:38.827795,1779724478.827795,2420,143693.0,,,,,,,,,,,,,,,,0.0000,,,,0.0,0.0,0.0,0.0,0.0,0.0,0.0,0.0,0.0,-2132211,6899189,164302317,-66564,183949,28070,-0.12762357790008547,0.4129512439382935,9.834322003222963,-0.015389166961669922,0.042527820945739744,0.006489602737426758,61,ee82fe00,43.51415802288,-79.68337639551,159.068,-37.1,SOL_COMPUTED,SINGLE,good,3.9027,2.1875,3.6358,19,17,0.0,0.0,0,0,0,0,0,0,0,0,0,STATISTICANALYSIS,L2,2.777,-3.049,1.519,0.152
2026-05-25 11:54:39.826780,1779724479.826780,2420,143694.0,,,,,,,,,,,,,,,,0.0000,,,,0.0,0.0,0.0,0.0,0.0,0.0,0.0,0.0,0.0,-3343473,5776461,163811803,-131583,108712,126653,-0.20012371518218997,0.34575031290069586,9.804962267394716,-0.03042113990020752,0.02513351239013672,0.029281355735778808,61,ee82fe00,43.51415581303,-79.68337304036,159.0919,-37.1,SOL_COMPUTED,SINGLE,good,4.1134,2.1895,3.7072,19,17,0.0,0.0,0,0,0,0,0,0,0,0,0,STATISTICANALYSIS,L2,3.353,-3.049,1.519,0.152
2026-05-25 11:54:40.833232,1779724480.833232,2420,143695.0,,,,,,,,,,,,,,,,0.0000,,,,0.0,0.0,0.0,0.0,0.0,0.0,0.0,0.0,0.0,-2827123,5314022,163744870,-923450,1112974,-7506,-0.16921756450164796,0.31807100736267097,9.800955989901734,-0.21349567680358886,0.2573124017486572,-0.0017353387298583984,61,ee81fe00,43.51420779831,-79.68342476971,156.2585,-37.1,SOL_COMPUTED,SINGLE,good,3.6711,1.8344,3.6924,20,19,0.0,0.0,0,0,0,0,0,0,0,0,0,—,—,0.0,0.0,0.0,0.0
2026-05-25 11:54:41.808981,1779724481.808981,2420,143696.0,,,,,,,,,,,,,,,,0.0000,,,,0.0,0.0,0.0,0.0,0.0,0.0,0.0,0.0,0.0,-3278541,6312129,164217994,-105269,187467,11281,-0.19623720762725833,0.3778127432730103,9.82927484655823,-0.024337513023376466,0.04334115982818604,0.002608094352722168,61,ee81fe00,43.5142239176,-79.68342431103,157.9302,-37.1,SOL_COMPUTED,SINGLE,good,3.5365,1.8331,3.5469,19,18,0.0,0.0,0,0,0,0,0,0,0,0,0,—,—,0.0,0.0,0.0,0.0
2026-05-25 11:54:42.781757,1779724482.781757,2420,143697.0,,,,,,,,,,,,,,,,0.0000,,,,0.0,0.0,0.0,0.0,0.0,0.0,0.0,0.0,0.0,-2940485,6559235,164284580,54376,83597,-37333,-0.17600285171661378,0.39260328315887455,9.833260354351808,0.012571380065917969,0.019327086570739747,-0.00863114852142334,61,ee80fe00,43.51421081565,-79.68342052819,156.9537,-37.1,SOL_COMPUTED,SINGLE,good,3.5281,1.8468,3.5588,18,17,0.0,0.0,0,0,0,0,0,0,0,0,0,STATISTICANALYSIS,L5,1.138,-1.665,0.704,0.541
2026-05-25 11:54:43.803587,1779724483.803587,2420,143698.0,,,,,,,,,,,,,,,,0.0000,,,,0.0,0.0,0.0,0.0,0.0,0.0,0.0,0.0,0.0,-2841353,6622831,164483312,-115140,198651,-105922,-0.17006930174224855,0.396409824378357,9.845155466459962,-0.02661962448120117,0.045926828407287595,-0.024488482406616212,61,ee80fe00,43.51415549205,-79.68337168828,158.1461,-37.1,SOL_COMPUTED,SINGLE,good,5.6947,2.1996,4.6261,17,16,0.0,0.0,0,0,0,0,0,0,0,0,0,—,—,0.0,0.0,0.0,0.0
2026-05-25 11:54:44.758233,1779724484.758233,2420,143699.0,,,,,,,,,,,,,,,,0.0000,,,,0.0,0.0,0.0,0.0,0.0,0.0,0.0,0.0,0.0,-3081123,6263600,164256197,-60376,57195,-67827,-0.18442074504364017,0.37490803796386724,9.831561488708802,-0.013958541320800781,0.01322311466217041,-0.015681164405822755,61,ee80fe00,43.51415777514,-79.68337097826,158.2036,-37.1,SOL_COMPUTED,SINGLE,good,5.5438,2.146,4.5269,17,16,0.0,0.0,0,0,0,0,0,0,0,0,0,STATISTICANALYSIS,L5,1.226,-1.665,0.704,0.541
2026-05-25 11:54:45.859941,1779724485.859941,2420,143700.0,,,,,,,,,,,,,,,,0.0000,,,,0.0,0.0,0.0,0.0,0.0,0.0,0.0,0.0,0.0,-4421574,5145935,162682310,975501,-1016431,-8227,-0.2646534952825928,0.30801015300140383,9.737356417001344,0.22552953188323974,-0.23499228357696533,-0.0019020292739868165,61,ee80fe00,43.51417640175,-79.68338602241,157.9656,-37.1,SOL_COMPUTED,SINGLE,good,5.221,1.9809,4.4157,20,19,0.0,0.0,0,0,0,0,0,0,0,0,0,STATISTICANALYSIS,L5,1.823,-4.453,0.598,0.348
2026-05-25 11:54:46.999442,1779724486.999442,2420,143701.0,,,,,,,,,,,,,,,,0.0000,,,,0.0,0.0,0.0,0.0,0.0,0.0,0.0,0.0,0.0,-942462,8577423,164810760,610439,-429621,-247340,-0.0564111021258545,0.5134020096615601,9.864754880090333,0.14112955487823486,-0.09932560091400147,-0.05718341079711914,61,ee7ffe00,43.51415062959,-79.68338855613,155.501,-37.1,SOL_COMPUTED,SINGLE,good,5.2015,1.9945,4.4094,19,18,0.0,0.0,0,0,0,0,0,0,0,0,0,—,—,0.0,0.0,0.0,0.0
2026-05-25 11:54:48.115610,1779724488.115610,2420,143702.0,,,,,,,,,,,,,,,,0.0000,,,,0.0,0.0,0.0,0.0,0.0,0.0,0.0,0.0,0.0,-3146550,6925987,164021836,-250535,324292,50296,-0.18833688084411623,0.4145552393405152,9.817533801326906,-0.057922074165344235,0.07497421627807617,0.011628110412597656,61,ee7ffe00,43.51426605577,-79.68344812856,159.9262,-37.1,SOL_COMPUTED,SINGLE,good,6.3578,2.4515,4.5615,20,18,0.0,0.0,0,0,0,0,0,0,0,0,0,STATISTICANALYSIS,L5,2.361,-4.453,0.598,0.348
2026-05-25 11:54:49.230056,1779724489.230056,2420,143703.0,,,,,,,,,,,,,,,,0.0000,,,,0.0,0.0,0.0,0.0,0.0,0.0,0.0,0.0,0.0,-2723603,7460240,163888648,-22862,106581,278084,-0.16302137060516358,0.44653297482910165,9.809561828059083,-0.005285546768188477,0.02464083895111084,0.06429122506713868,61,ee7ffe00,43.51418444313,-79.68340929516,156.3336,-37.1,SOL_COMPUTED,SINGLE,good,5.2359,1.989,4.3891,19,18,0.0,0.0,0,0,0,0,0,0,0,0,0,—,—,0.0,0.0,0.0,0.0
2026-05-25 11:54:50.248731,1779724490.248731,2420,143704.0,,,,,,,,,,,,,,,,0.0000,,,,0.0,0.0,0.0,0.0,0.0,0.0,0.0,0.0,0.0,-1784046,6689063,163869527,-180258,674760,323160,-0.10678414737487794,0.4003741434872437,9.808417339810488,-0.041674485580444336,0.1560001547241211,0.07471250518798828,61,ee7ffe00,43.51418446162,-79.68340548957,156.9959,-37.1,SOL_COMPUTED,SINGLE,good,6.1137,2.0373,5.1127,19,17,0.0,0.0,0,0,0,0,0,0,0,0,0,—,—,0.0,0.0,0.0,0.0
2026-05-25 11:54:51.220946,1779724491.220946,2420,143705.0,,,,,,,,,,,,,,,,0.0000,,,,0.0,0.0,0.0,0.0,0.0,0.0,0.0,0.0,0.0,-2154303,7011750,163598792,15512,-71530,86948,-0.12894589547698976,0.41968858726501473,9.792212485148927,0.0035862742309570312,-0.01653727409362793,0.020101816131591798,61,ee7efe00,43.51422246071,-79.68342965607,157.7999,-37.1,SOL_COMPUTED,SINGLE,good,5.846,1.8902,5.081,19,17,0.0,0.0,0,0,0,0,0,0,0,0,0,—,—,0.0,0.0,0.0,0.0
2026-05-25 11:54:52.259736,1779724492.259736,2420,143706.0,,,,,,,,,,,,,,,,0.0000,,,,0.0,0.0,0.0,0.0,0.0,0.0,0.0,0.0,0.0,-2687897,7557605,163349871,-108826,191755,46968,-0.1608841864932251,0.45236076094512945,9.777313308362734,-0.02515986845397949,0.044332517738342285,0.010858698303222657,61,ee7efe00,43.51421792276,-79.68343207159,157.2015,-37.1,SOL_COMPUTED,SINGLE,good,5.8412,1.8992,5.0675,20,17,0.0,0.0,0,0,0,0,0,0,0,0,0,—,—,0.0,0.0,0.0,0.0
2026-05-25 11:54:53.293845,1779724493.293845,2420,143707.0,,,,,,,,,,,,,,,,0.0000,,,,0.0,0.0,0.0,0.0,0.0,0.0,0.0,0.0,0.0,-2062973,7789658,164269806,-47208,163458,-68530,-0.123479334536438,0.4662503028912354,9.832376055968629,-0.010914184753417969,0.03779043406677246,-0.015843693466186522,61,ee7dfe00,43.51409687132,-79.68336027309,154.7615,-37.1,SOL_COMPUTED,SINGLE,good,6.4631,2.2959,5.0566,20,17,0.0,0.0,0,0,0,0,0,0,0,0,0,—,—,0.0,0.0,0.0,0.0
2026-05-25 11:54:54.405767,1779724494.405767,2420,143708.0,,,,,,,,,,,,,,,,0.0000,,,,0.0,0.0,0.0,0.0,0.0,0.0,0.0,0.0,0.0,-2215711,6795256,164623892,-43689,176125,101899,-0.13262147386566164,0.406730329909668,9.853569888194581,-0.010100614677429199,0.04071896266937256,0.023558390785217286,61,ee7dfe00,43.51413241087,-79.68337264746,156.4816,-37.1,SOL_COMPUTED,SINGLE,good,6.0406,2.0522,5.0363,19,17,0.0,0.0,0,0,0,0,0,0,0,0,0,—,—,0.0,0.0,0.0,0.0
2026-05-25 11:54:55.397830,1779724495.397830,2420,143709.0,,,,,,,,,,,,,,,,0.0000,,,,0.0,0.0,0.0,0.0,0.0,0.0,0.0,0.0,0.0,-2248054,6975135,164320575,138578,-326877,156140,-0.13455736547302247,0.4174969949203492,9.835414836570742,0.032038338729858395,-0.07557185158538818,0.03609855972290039,61,ee7dfe00,43.51412503328,-79.68337787386,155.2779,-37.1,SOL_COMPUTED,SINGLE,good,5.9965,2.0312,5.0231,18,17,0.0,0.0,0,0,0,0,0,0,0,0,0,—,—,0.0,0.0,0.0,0.0
2026-05-25 11:54:56.306157,1779724496.306157,2420,143710.0,,,,,,,,,,,,,,,,0.0000,,,,0.0,0.0,0.0,0.0,0.0,0.0,0.0,0.0,0.0,-2713254,7007067,164480601,42650,-64907,54726,-0.16240193078063966,0.4194082861056519,9.844993199442445,0.009860404586791991,-0.015006079261779786,0.012652297805786132,61,ee7dfe00,43.51414739209,-79.68338563038,156.3494,-37.1,SOL_COMPUTED,SINGLE,good,5.9803,2.0169,5.0367,18,17,0.0,0.0,0,0,0,0,0,0,0,0,0,—,—,0.0,0.0,0.0,0.0
2026-05-25 11:54:57.298565,1779724497.298565,2420,143711.0,,,,,,,,,,,,,,,,0.0000,,,,0.0,0.0,0.0,0.0,0.0,0.0,0.0,0.0,0.0,-2560595,7061304,164329621,-171278,244735,-45991,-0.15326451999969484,0.4226546439916993,9.835956285276186,-0.03959836756896973,0.05658115161895752,-0.010632822212219239,61,ee7cfe00,43.51415850433,-79.68338945298,156.957,-37.1,SOL_COMPUTED,SINGLE,good,5.8576,1.9299,5.0455,18,17,0.0,0.0,0,0,0,0,0,0,0,0,0,—,—,0.0,0.0,0.0,0.0
2026-05-25 11:54:58.208141,1779724498.208141,2420,143712.0,,,,,,,,,,,,,,,,0.0000,,,,0.0,0.0,0.0,0.0,0.0,0.0,0.0,0.0,0.0,-2280659,6871662,164422486,-295644,412475,-26615,-0.13650893910125733,0.41130361421081546,9.841514723705446,-0.06835098367309571,0.09536155643463134,-0.006153216133117676,61,ee7cfe00,43.51416086572,-79.68339631078,156.3145,-37.1,SOL_COMPUTED,SINGLE,good,5.786,1.8869,5.0395,18,17,0.0,0.0,0,0,0,0,0,0,0,0,0,—,—,0.0,0.0,0.0,0.0
2026-05-25 11:54:59.128987,1779724499.128987,2420,143713.0,,,,,,,,,,,,,,,,0.0000,,,,0.0,0.0,0.0,0.0,0.0,0.0,0.0,0.0,0.0,-2908172,7147728,163944858,-21737,123990,66581,-0.17406875576049807,0.4278275560986329,9.812926279942017,-0.0050254540328979495,0.02866568733215332,0.01539309725189209,61,ee7bfe00,43.51416315009,-79.6834003668,156.1101,-37.1,SOL_COMPUTED,SINGLE,good,5.7526,1.8906,5.0054,19,17,0.0,0.0,0,0,0,0,0,0,0,0,0,—,—,0.0,0.0,0.0,0.0
2026-05-25 11:55:00.088606,1779724500.088606,2420,143714.0,,,,,,,,,,,,,,,,0.0000,,,,0.0,0.0,0.0,0.0,0.0,0.0,0.0,0.0,0.0,-1228484,8456415,164655204,-696377,1107595,-47816,-0.07353096080688477,0.5061590707992555,9.855444069254151,-0.16099786553192139,0.2560688116836548,-0.011054750427246093,61,ee7cfe00,43.51416897351,-79.68340626618,155.8945,-37.1,SOL_COMPUTED,SINGLE,good,5.6618,1.866,4.9724,19,17,0.0,0.0,0,0,0,0,0,0,0,0,0,—,—,0.0,0.0,0.0,0.0
2026-05-25 11:55:00.998846,1779724500.998846,2420,143715.0,,,,,,,,,,,,,,,,0.0000,,,,0.0,0.0,0.0,0.0,0.0,0.0,0.0,0.0,0.0,-2939620,7008507,164058224,-313389,312091,-44511,-0.17595107710571292,0.41949447736541756,9.81971180657715,-0.07245351308441163,0.07215342386627198,-0.010290655769348145,61,ee7cfe00,43.51420348237,-79.68341776769,157.9205,-37.1,SOL_COMPUTED,SINGLE,good,4.9993,1.8103,4.5554,20,18,0.0,0.0,0,0,0,0,0,0,0,0,0,—,—,0.0,0.0,0.0,0.0
2026-05-25 11:55:01.907239,1779724501.907239,2420,143716.0,,,,,,,,,,,,,,,,0.0000,,,,0.0,0.0,0.0,0.0,0.0,0.0,0.0,0.0,0.0,-3570975,5888776,164231715,6562,141144,-48032,-0.21374085683441166,0.3524729318872071,9.830096117582704,0.001517092025756836,0.032631581359863285,-0.011104688232421875,61,ee7bfe00,43.51419808807,-79.68341243611,158.0999,-37.1,SOL_COMPUTED,SINGLE,good,5.0991,1.8315,4.5942,22,19,0.0,0.0,0,0,0,0,0,0,0,0,0,—,—,0.0,0.0,0.0,0.0
2026-05-25 11:55:02.915622,1779724502.915622,2420,143717.0,,,,,,,,,,,,,,,,0.0000,,,,0.0,0.0,0.0,0.0,0.0,0.0,0.0,0.0,0.0,-3446971,6384065,163945211,204146,-48901,-40846,-0.20631859226776125,0.3821184755386353,9.812947408771668,0.04719723692321778,-0.011305595420837403,-0.009443331436157226,61,ee7bfe00,43.51421017531,-79.68341328345,159.2605,-37.1,SOL_COMPUTED,SINGLE,good,4.5572,1.8365,4.0902,21,19,0.0,0.0,0,0,0,0,0,0,0,0,0,—,—,0.0,0.0,0.0,0.0
2026-05-25 11:55:03.873168,1779724503.873168,2420,143718.0,,,,,,,,,,,,,,,,0.0000,,,,0.0,0.0,0.0,0.0,0.0,0.0,0.0,0.0,0.0,-2749049,6124603,164206842,134542,-31032,-80375,-0.164544441991272,0.36658836675994877,9.828607343135378,0.031105241592407226,-0.0071743980102539065,-0.018582180976867677,61,ee7afe00,43.51416694592,-79.68339003343,157.4325,-37.1,SOL_COMPUTED,SINGLE,good,4.549,1.8267,4.1,22,19,0.0,0.0,0,0,0,0,0,0,0,0,0,—,—,0.0,0.0,0.0,0.0
2026-05-25 11:55:04.813525,1779724504.813525,2420,143719.0,,,,,,,,,,,,,,,,0.0000,,,,0.0,0.0,0.0,0.0,0.0,0.0,0.0,0.0,0.0,-3172077,7157100,163808984,95106,-82679,14238,-0.18986480048858645,0.4283885175476075,9.804793536032717,0.021987893051147463,-0.019114850898742677,0.003291733657836914,61,ee7afe00,43.51415695092,-79.68337849983,158.0314,-37.1,SOL_COMPUTED,SINGLE,good,4.5039,1.879,3.9811,22,19,0.0,0.0,0,0,0,0,0,0,0,0,0,—,—,0.0,0.0,0.0,0.0
2026-05-25 11:55:05.674103,1779724505.674103,2420,143720.0,,,,,,,,,,,,,,,,0.0000,,,,0.0,0.0,0.0,0.0,0.0,0.0,0.0,0.0,0.0,-2826589,6644300,164117055,95695,56586,53189,-0.1691856019094849,0.3976948522644044,9.823233138523866,0.022124066047668457,0.013082317794799805,0.012296953330993652,61,ee7afe00,43.51420036745,-79.68340129248,160.0971,-37.1,SOL_COMPUTED,SINGLE,good,5.0956,2.048,4.1634,20,18,0.0,0.0,0,0,0,0,0,0,0,0,0,—,—,0.0,0.0,0.0,0.0
2026-05-25 11:55:06.584147,1779724506.584147,2420,143721.0,,,,,,,,,,,,,,,,0.0000,,,,0.0,0.0,0.0,0.0,0.0,0.0,0.0,0.0,0.0,-2765805,6387319,164347690,-51849,114344,13554,-0.16554737306671144,0.38231324384368903,9.837037806021119,-0.011987153984069824,0.02643559442138672,0.0031335972747802733,61,ee7afe00,43.5141979491,-79.68340039333,159.9947,-37.1,SOL_COMPUTED,SINGLE,good,5.3114,2.1067,4.2516,20,18,0.0,0.0,0,0,0,0,0,0,0,0,0,—,—,0.0,0.0,0.0,0.0
2026-05-25 11:55:07.592339,1779724507.592339,2420,143722.0,,,,,,,,,,,,,,,,0.0000,,,,0.0,0.0,0.0,0.0,0.0,0.0,0.0,0.0,0.0,-3662195,6063182,164184671,-212061,159462,99907,-0.21920083372039798,0.3629120102557374,9.827280297010194,-0.04902713381195068,0.03686658467102051,0.02309785324859619,61,ee7afe00,43.51412893526,-79.68336565166,155.9066,-37.1,SOL_COMPUTED,SINGLE,good,4.774,1.8581,4.2929,19,18,0.0,0.0,0,0,0,0,0,0,0,0,0,—,—,0.0,0.0,0.0,0.0
2026-05-25 11:55:08.603399,1779724508.603399,2420,143723.0,,,,,,,,,,,,,,,,0.0000,,,,0.0,0.0,0.0,0.0,0.0,0.0,0.0,0.0,0.0,-3460708,6205084,164286836,221089,80948,17437,-0.20714082097290043,0.37140556035522465,9.83339538732544,0.05111434911346435,0.018714654876708984,0.004031321800231934,61,ee79fe00,43.51421345918,-79.68341121541,159.8655,-37.1,SOL_COMPUTED,SINGLE,good,4.7926,1.896,4.1448,20,18,0.0,0.0,0,0,0,0,0,0,0,0,0,—,—,0.0,0.0,0.0,0.0
2026-05-25 11:55:09.575333,1779724509.575333,2420,143724.0,,,,,,,,,,,,,,,,0.0000,,,,0.0,0.0,0.0,0.0,0.0,0.0,0.0,0.0,0.0,-2763891,7030734,164261479,132217,-84439,-39578,-0.16543281051727296,0.42082487537292484,9.831877643038027,0.030567716606140136,-0.0195217515335083,-0.009150178024291992,61,ee7afe00,43.51419006104,-79.68339851757,158.0049,-37.1,SOL_COMPUTED,SINGLE,good,4.7735,1.9337,4.1001,20,19,0.0,0.0,0,0,0,0,0,0,0,0,0,—,—,0.0,0.0,0.0,0.0
2026-05-25 11:55:10.629526,1779724510.629526,2420,143725.0,,,,,,,,,,,,,,,,0.0000,,,,0.0,0.0,0.0,0.0,0.0,0.0,0.0,0.0,0.0,-3330414,6611858,164440215,-125973,132355,-54999,-0.19934206819519046,0.39575303500793463,9.842575893736269,-0.029124144126892088,0.03059962131500244,-0.0127154136428833,61,ee79fe00,43.51417840422,-79.68339532499,157.0154,-37.1,SOL_COMPUTED,SINGLE,good,4.4689,1.8718,3.9567,21,19,0.0,0.0,0,0,0,0,0,0,0,0,0,—,—,0.0,0.0,0.0,0.0
2026-05-25 11:55:11.635454,1779724511.635454,2420,143726.0,,,,,,,,,,,,,,,,0.0000,,,,0.0,0.0,0.0,0.0,0.0,0.0,0.0,0.0,0.0,-2989709,7094580,164172851,190779,-49186,39732,-0.1789491562796021,0.42464638035278324,9.826572810419618,0.04410687284088135,-0.011371485580444336,0.009185781829833985,61,ee79fe00,43.51414092446,-79.68337038096,156.679,-37.1,SOL_COMPUTED,SINGLE,good,4.5433,1.9592,3.8983,21,19,0.0,0.0,0,0,0,0,0,0,0,0,0,—,—,0.0,0.0,0.0,0.0
2026-05-25 11:55:12.606538,1779724512.606538,2420,143727.0,,,,,,,,,,,,,,,,0.0000,,,,0.0,0.0,0.0,0.0,0.0,0.0,0.0,0.0,0.0,-3044664,7070395,164478418,416321,-323207,80576,-0.18223849008544923,0.4231987861740113,9.844862535886842,0.09625072679901123,-0.07472337128448486,0.01862865087890625,61,ee79fe00,43.51415254031,-79.6833799803,156.3987,-37.1,SOL_COMPUTED,SINGLE,good,4.9436,2.0025,4.1142,20,18,0.0,0.0,0,0,0,0,0,0,0,0,0,—,—,0.0,0.0,0.0,0.0
2026-05-25 11:55:13.629101,1779724513.629101,2420,143728.0,,,,,,,,,,,,,,,,0.0000,,,,0.0,0.0,0.0,0.0,0.0,0.0,0.0,0.0,0.0,1655939,9508230,165959918,1032792,-280712,431144,0.09911629757293702,0.5691155012786866,9.933537779874879,0.23877484112548827,-0.06489880169677735,0.09967770867919921,61,ee79fe00,43.51417812452,-79.68339085624,157.5617,-37.1,SOL_COMPUTED,SINGLE,good,4.3609,1.8204,3.9135,21,19,0.0,0.0,0,0,0,0,0,0,0,0,0,—,—,0.0,0.0,0.0,0.0
2026-05-25 11:55:14.625750,1779724514.625750,2420,143729.0,,,,,,,,,,,,,,,,0.0000,,,,0.0,0.0,0.0,0.0,0.0,0.0,0.0,0.0,0.0,-2607822,7146494,163832571,-99173,177152,-126154,-0.15609129404479982,0.42775369497741705,9.806205336896669,-0.022928157188415527,0.0409563984375,-0.029165990158081054,61,ee79fe00,43.51418499474,-79.68339413023,157.9009,-37.1,SOL_COMPUTED,SINGLE,good,4.6451,1.8428,4.0819,20,18,0.0,0.0,0,0,0,0,0,0,0,0,0,—,—,0.0,0.0,0.0,0.0
2026-05-25 11:55:15.645304,1779724515.645304,2420,143730.0,,,,,,,,,,,,,,,,0.0000,,,,0.0,0.0,0.0,0.0,0.0,0.0,0.0,0.0,0.0,-2414105,6660354,164171288,-200968,42555,-74185,-0.1444963549697876,0.39865576510070805,9.826479256989748,-0.046462503845214845,0.009838441200256348,-0.017151092948913576,61,ee78fe00,43.51414928872,-79.68336675118,158.7267,-37.1,SOL_COMPUTED,SINGLE,good,5.2461,2.1449,4.1334,20,18,0.0,0.0,0,0,0,0,0,0,0,0,0,—,—,0.0,0.0,0.0,0.0
2026-05-25 11:55:16.763210,1779724516.763210,2420,143731.0,,,,,,,,,,,,,,,,0.0000,,,,0.0,0.0,0.0,0.0,0.0,0.0,0.0,0.0,0.0,-2562534,7109778,163471584,-161094,741082,20914,-0.15338057892517093,0.4255560572735596,9.784598445029298,-0.03724389253234863,0.17133337284851075,0.004835181747436523,61,ee78fe00,43.51416510036,-79.68337576363,159.3301,-37.1,SOL_COMPUTED,SINGLE,good,4.8396,1.8913,4.0922,22,20,0.0,0.0,0,0,0,0,0,0,0,0,0,—,—,0.0,0.0,0.0,0.0
2026-05-25 11:55:17.766828,1779724517.766828,2420,143732.0,,,,,,,,,,,,,,,,0.0000,,,,0.0,0.0,0.0,0.0,0.0,0.0,0.0,0.0,0.0,-2532471,7444669,164078456,-72501,382072,-5496,-0.151581156812439,0.4456009719778443,9.820922793776857,-0.016761763023376466,0.08833257916259765,-0.0012706397094726562,61,ee78fe00,43.51415245578,-79.68337319512,157.7287,-37.1,SOL_COMPUTED,SINGLE,good,4.4438,1.7837,3.9412,22,20,0.0,0.0,0,0,0,0,0,0,0,0,0,—,—,0.0,0.0,0.0,0.0
2026-05-25 11:55:18.828742,1779724518.828742,2420,143733.0,,,,,,,,,,,,,,,,0.0000,,,,0.0,0.0,0.0,0.0,0.0,0.0,0.0,0.0,0.0,-2245512,6596089,164678498,-118112,80901,48497,-0.13440521395751956,0.3948091808584595,9.856838332590943,-0.027306731689453124,0.018703788780212404,0.011212193229675293,61,ee78fe00,43.51418210335,-79.68339283073,157.6809,-37.1,SOL_COMPUTED,SINGLE,good,4.3412,1.7293,3.9281,22,20,0.0,0.0,0,0,0,0,0,0,0,0,0,—,—,0.0,0.0,0.0,0.0
2026-05-25 11:55:19.876548,1779724519.876548,2420,143734.0,,,,,,,,,,,,,,,,0.0000,,,,0.0,0.0,0.0,0.0,0.0,0.0,0.0,0.0,0.0,-2031152,7487455,164519265,66004,-32881,34650,-0.1215746872607422,0.44816192978363045,9.847307434767153,0.01525969857788086,-0.0076018748703002926,0.008010856246948242,61,ee78fe00,43.51418753491,-79.68339231546,158.6681,-37.1,SOL_COMPUTED,SINGLE,good,4.7353,1.7863,4.1534,21,19,0.0,0.0,0,0,0,0,0,0,0,0,0,—,—,0.0,0.0,0.0,0.0
2026-05-25 11:55:20.811924,1779724520.811924,2420,143735.0,,,,,,,,,,,,,,,,0.0000,,,,0.0,0.0,0.0,0.0,0.0,0.0,0.0,0.0,0.0,-2276987,7231095,163848290,142068,81559,-5429,-0.136289151388855,0.432817491343689,9.807146198294069,0.032845204193115235,0.01885591413116455,-0.0012551497421264648,61,ee78fe00,43.51418150898,-79.68338525363,159.3066,-37.1,SOL_COMPUTED,SINGLE,good,4.832,1.8563,4.1166,21,19,0.0,0.0,0,0,0,0,0,0,0,0,0,—,—,0.0,0.0,0.0,0.0
2026-05-25 11:55:21.865809,1779724521.865809,2420,143736.0,,,,,,,,,,,,,,,,0.0000,,,,0.0,0.0,0.0,0.0,0.0,0.0,0.0,0.0,0.0,-3408549,6240651,163119918,393066,-21468,42792,-0.20401884186309818,0.3735344246163941,9.763549462003786,0.09087432096862794,-0.004963262969970703,0.009893234069824218,61,ee78fe00,43.51419617802,-79.68339691087,158.8195,-37.1,SOL_COMPUTED,SINGLE,good,4.6955,1.7903,4.0968,21,19,0.0,0.0,0,0,0,0,0,0,0,0,0,STATISTICANALYSIS,L2,1.111,0.133,0.892,0.256
2026-05-25 11:55:22.810773,1779724522.810773,2420,143737.0,,,,,,,,,,,,,,,,0.0000,,,,0.0,0.0,0.0,0.0,0.0,0.0,0.0,0.0,0.0,-3572738,6810497,164371462,-153772,-43096,-37741,-0.21384638127258304,0.4076425805972291,9.838460680067751,-0.03555109341430664,-0.009963516906738282,-0.00872547548675537,61,ee78fe00,43.5142062273,-79.68340364301,158.9324,-37.1,SOL_COMPUTED,SINGLE,good,4.472,1.7236,4.0244,22,20,0.0,0.0,0,0,0,0,0,0,0,0,0,STATISTICANALYSIS,L2,1.577,0.133,0.892,0.256
2026-05-25 11:55:23.713050,1779724523.713050,2420,143738.0,,,,,,,,,,,,,,,,0.0000,,,,0.0,0.0,0.0,0.0,0.0,0.0,0.0,0.0,0.0,-2486982,7236099,164959488,92952,16478,15446,-0.1488584108294678,0.4331170059713746,9.873657000703126,0.02148990216064453,0.003809607192993164,0.0035710154571533203,61,ee77fe00,43.51419588857,-79.68339391189,159.3758,-37.1,SOL_COMPUTED,SINGLE,good,4.303,1.6957,3.9303,22,20,0.0,0.0,0,0,0,0,0,0,0,0,0,—,—,0.0,0.0,0.0,0.0
2026-05-25 11:55:24.654778,1779724524.654778,2420,143739.0,,,,,,,,,,,,,,,,0.0000,,,,0.0,0.0,0.0,0.0,0.0,0.0,0.0,0.0,0.0,-2873809,6936453,164120343,545325,-340902,57781,-0.17201195696929933,0.4151816822048951,9.823429941900331,0.12607561855316163,-0.07881434101867676,0.013358594078063965,61,ee77fe00,43.51418402758,-79.68338745611,159.2358,-37.1,SOL_COMPUTED,SINGLE,good,4.3374,1.7168,3.9541,21,19,0.0,0.0,0,0,0,0,0,0,0,0,0,STATISTICANALYSIS,L2,1.477,1.15,0.972,0.309
2026-05-25 11:55:25.691148,1779724525.691148,2420,143740.0,,,,,,,,,,,,,,,,0.0000,,,,0.0,0.0,0.0,0.0,0.0,0.0,0.0,0.0,0.0,-2287958,7297162,163964187,201519,731153,15194,-0.13694582104919437,0.4367719343707276,9.814083218039247,0.04658989148712158,0.16903785216522216,0.0035127546844482423,61,ee77fe00,43.51418131067,-79.68338931502,158.5193,-37.1,SOL_COMPUTED,SINGLE,good,4.2917,1.7086,3.932,21,19,0.0,0.0,0,0,0,0,0,0,0,0,0,STATISTICANALYSIS,L2,2.065,1.15,0.972,0.309
2026-05-25 11:55:26.811276,1779724526.811276,2420,143741.0,,,,,,,,,,,,,,,,0.0000,,,,0.0,0.0,0.0,0.0,0.0,0.0,0.0,0.0,0.0,-2368317,7104145,164002313,-186527,719742,-28448,-0.14175571232940676,0.42521889382476813,9.816365251351625,-0.04312383789825439,0.16639970265197754,-0.006576993896484375,61,ee77fe00,43.51417681234,-79.68338680247,158.5853,-37.1,SOL_COMPUTED,SINGLE,good,4.2612,1.7048,3.9187,20,19,0.0,0.0,0,0,0,0,0,0,0,0,0,STATISTICANALYSIS,L2,1.1,1.15,0.972,0.309
2026-05-25 11:55:27.827050,1779724527.827050,2420,143742.0,,,,,,,,,,,,,,,,0.0000,,,,0.0,0.0,0.0,0.0,0.0,0.0,0.0,0.0,0.0,-2354999,7303308,164569942,149934,-73259,9621,-0.14095856288665773,0.4371398034558106,9.850340708705446,0.0346637725982666,-0.01693700772857666,0.00222431307220459,61,ee77fe00,43.51417885403,-79.6833872364,158.863,-37.1,SOL_COMPUTED,SINGLE,good,4.2255,1.7041,3.8837,21,20,0.0,0.0,0,0,0,0,0,0,0,0,0,STATISTICANALYSIS,L2,1.63,-2.511,1.167,0.186
2026-05-25 11:55:28.863309,1779724528.863309,2420,143743.0,,,,,,,,,,,,,,,,0.0000,,,,0.0,0.0,0.0,0.0,0.0,0.0,0.0,0.0,0.0,-1676745,7500838,164576555,-57728,26080,-4577,-0.1003616415664673,0.44896296980407724,9.850736530094911,-0.0133463408203125,0.006029527587890625,-0.0010581728439331055,61,ee77fe00,43.51416082207,-79.68337591046,159.0355,-37.1,SOL_COMPUTED,SINGLE,good,4.4826,1.844,3.8866,22,20,0.0,0.0,0,0,0,0,0,0,0,0,0,STATISTICANALYSIS,L2,1.101,-2.511,1.167,0.186
2026-05-25 11:55:29.788657,1779724529.788657,2420,143744.0,,,,,,,,,,,,,,,,0.0000,,,,0.0,0.0,0.0,0.0,0.0,0.0,0.0,0.0,0.0,-2164097,7518534,164395526,18416,40700,-2867,-0.12953211575347903,0.45002216461853034,9.8399010317865,0.004257660278320313,0.009409577178955079,-0.000662831886291504,61,ee77fe00,43.51419151455,-79.68339863878,158.2836,-37.1,SOL_COMPUTED,SINGLE,good,4.3051,1.716,3.9493,21,19,0.0,0.0,0,0,0,0,0,0,0,0,0,—,—,0.0,0.0,0.0,0.0
2026-05-25 11:55:30.750634,1779724530.750634,2420,143745.0,,,,,,,,,,,,,,,,0.0000,,,,0.0,0.0,0.0,0.0,0.0,0.0,0.0,0.0,0.0,-2378753,6549026,164138826,105762,77535,18757,-0.14238035954254152,0.3919922230401612,9.824536242632448,0.024451491439819336,0.017925591316223146,0.004336497276306152,61,ee77fe00,43.5142553857,-79.68343458085,160.8401,-37.1,SOL_COMPUTED,SINGLE,good,4.8906,1.9385,4.0397,22,20,0.0,0.0,0,0,0,0,0,0,0,0,0,STATISTICANALYSIS,L2,2.014,-0.968,1.254,0.276
2026-05-25 11:55:31.727630,1779724531.727630,2420,143746.0,,,,,,,,,,,,,,,,0.0000,,,,0.0,0.0,0.0,0.0,0.0,0.0,0.0,0.0,0.0,-1923443,7752654,164054823,-106601,321867,-8243,-0.11512776059539796,0.4640354269354249,9.819508239580996,-0.024645462821960448,0.07441357193756104,-0.001905728370666504,61,ee76fe00,43.5141865973,-79.68339752402,157.966,-37.1,SOL_COMPUTED,SINGLE,good,4.5958,1.7414,4.118,21,19,0.0,0.0,0,0,0,0,0,0,0,0,0,—,—,0.0,0.0,0.0,0.0
2026-05-25 11:55:32.693870,1779724532.693870,2420,143747.0,,,,,,,,,,,,,,,,0.0000,,,,0.0,0.0,0.0,0.0,0.0,0.0,0.0,0.0,0.0,-2194366,7084654,164380586,-114895,30708,37368,-0.13134386800476075,0.42405225921081546,9.839006797466432,-0.026562982063293456,0.0070994913024902346,0.008639240295410156,61,ee77fe00,43.51413066951,-79.68335860928,158.7968,-37.1,SOL_COMPUTED,SINGLE,good,4.7111,1.9774,3.8755,22,20,0.0,0.0,0,0,0,0,0,0,0,0,0,—,—,0.0,0.0,0.0,0.0
2026-05-25 11:55:33.746054,1779724533.746054,2420,143748.0,,,,,,,,,,,,,,,,0.0000,,,,0.0,0.0,0.0,0.0,0.0,0.0,0.0,0.0,0.0,-2409609,7310618,164216819,37356,115875,-44552,-0.14422724670318607,0.43757734380920416,9.829204516884461,0.00863646597290039,0.026789551734924318,-0.010300134704589844,61,ee76fe00,43.5141395679,-79.68336423088,158.7323,-37.1,SOL_COMPUTED,SINGLE,good,4.5028,1.8538,3.9043,22,20,0.0,0.0,0,0,0,0,0,0,0,0,0,—,—,0.0,0.0,0.0,0.0
2026-05-25 11:55:34.759442,1779724534.759442,2420,143749.0,,,,,,,,,,,,,,,,0.0000,,,,0.0,0.0,0.0,0.0,0.0,0.0,0.0,0.0,0.0,-2687014,7072761,164293455,150853,-83600,-31223,-0.16083133449157716,0.42334040320220956,9.833791567845156,0.03487623946380615,-0.01932778015136719,-0.007218555976867676,61,ee76fe00,43.51413845339,-79.68336214314,158.7288,-37.1,SOL_COMPUTED,SINGLE,good,4.6125,1.9218,3.9031,21,19,0.0,0.0,0,0,0,0,0,0,0,0,0,—,—,0.0,0.0,0.0,0.0
2026-05-25 11:55:35.700383,1779724535.700383,2420,143750.0,,,,,,,,,,,,,,,,0.0000,,,,0.0,0.0,0.0,0.0,0.0,0.0,0.0,0.0,0.0,-3018766,6767202,164005556,171229,-89626,34451,-0.18068836422058107,0.40505115657531743,9.816559361251223,0.03958703908538819,-0.020720952438354492,0.007964848731994628,61,ee76fe00,43.51418955212,-79.68339763428,158.1728,-37.1,SOL_COMPUTED,SINGLE,good,4.6094,1.7491,4.1298,20,18,0.0,0.0,0,0,0,0,0,0,0,0,0,—,—,0.0,0.0,0.0,0.0
2026-05-25 11:55:36.790935,1779724536.790935,2420,143751.0,,,,,,,,,,,,,,,,0.0000,,,,0.0,0.0,0.0,0.0,0.0,0.0,0.0,0.0,0.0,-2636480,6646227,163994574,-54719,166935,35232,-0.15780661982421879,0.39781019292938236,9.815902033185425,-0.01265067945098877,0.03859429401397705,0.008145410888671874,61,ee77fe00,43.51411252785,-79.68335329551,157.4347,-37.1,SOL_COMPUTED,SINGLE,good,5.2201,2.06,4.1431,21,19,0.0,0.0,0,0,0,0,0,0,0,0,0,—,—,0.0,0.0,0.0,0.0
2026-05-25 11:55:37.807747,1779724537.807747,2420,143752.0,,,,,,,,,,,,,,,,0.0000,,,,0.0,0.0,0.0,0.0,0.0,0.0,0.0,0.0,0.0,-2737345,7010719,164016074,-157319,240834,-59887,-0.16384389858551027,0.4196268767172242,9.817188916577761,-0.03637113690948486,0.055679265609741214,-0.013845487678527831,61,ee76fe00,43.5141385885,-79.68336944904,157.3965,-37.1,SOL_COMPUTED,SINGLE,good,4.8991,1.9059,4.0996,20,18,0.0,0.0,0,0,0,0,0,0,0,0,0,—,—,0.0,0.0,0.0,0.0
2026-05-25 11:55:38.713699,1779724538.713699,2420,143753.0,,,,,,,,,,,,,,,,0.0000,,,,0.0,0.0,0.0,0.0,0.0,0.0,0.0,0.0,0.0,-2648548,6696108,164446332,221491,-139065,-19913,-0.15852895046508791,0.4007958222546387,9.842942027025147,0.051207288917541505,-0.032150929985046386,-0.004603757011413574,61,ee76fe00,43.51414816271,-79.68337570014,157.6045,-37.1,SOL_COMPUTED,SINGLE,good,4.7988,1.8552,4.0789,21,19,0.0,0.0,0,0,0,0,0,0,0,0,0,—,—,0.0,0.0,0.0,0.0
2026-05-25 11:55:39.705144,1779724539.705144,2420,143754.0,,,,,,,,,,,,,,,,0.0000,,,,0.0,0.0,0.0,0.0,0.0,0.0,0.0,0.0,0.0,-1589911,7141155,165032533,190227,-226377,-55139,-0.0951641888925171,0.4274341289108277,9.878029112209779,0.04397925400543213,-0.052336900566101074,-0.012747780738830566,61,ee76fe00,43.51415584165,-79.68337950047,157.8647,-37.1,SOL_COMPUTED,SINGLE,good,4.689,1.7995,4.0796,20,19,0.0,0.0,0,0,0,0,0,0,0,0,0,STATISTICANALYSIS,L2,2.076,2.085,1.382,0.278
2026-05-25 11:55:40.605705,1779724540.605705,2420,143755.0,,,,,,,,,,,,,,,,0.0000,,,,0.0,0.0,0.0,0.0,0.0,0.0,0.0,0.0,0.0,-2773187,6964193,162128355,-477821,1262947,34466,-0.1659892229830933,0.41684206105621346,9.704199417485048,-0.11046912966156006,0.29198519089508057,0.007968316635131836,61,ee76fe00,43.51416669404,-79.6833822724,158.8638,-37.1,SOL_COMPUTED,SINGLE,good,4.2918,1.7207,3.8986,21,20,0.0,0.0,0,0,0,0,0,0,0,0,0,STATISTICANALYSIS,L2,2.202,2.085,1.382,0.278
2026-05-25 11:55:41.608984,1779724541.608984,2420,143756.0,,,,,,,,,,,,,,,,0.0000,,,,0.0,0.0,0.0,0.0,0.0,0.0,0.0,0.0,0.0,-2117902,7097164,164998375,-159727,648249,-54904,-0.12676711211120606,0.42480104578002936,9.875984583702088,-0.03692785095977783,0.1498709827194214,-0.012693450256347657,61,ee76fe00,43.51414099615,-79.68336645074,158.5192,-37.1,SOL_COMPUTED,SINGLE,good,4.3129,1.7134,3.9244,20,19,0.0,0.0,0,0,0,0,0,0,0,0,0,—,—,0.0,0.0,0.0,0.0
2026-05-25 11:55:42.570359,1779724542.570359,2420,143757.0,,,,,,,,,,,,,,,,0.0000,,,,0.0,0.0,0.0,0.0,0.0,0.0,0.0,0.0,0.0,-2599225,6977913,163750041,47902,163232,-23631,-0.15557672025299074,0.41766327222564703,9.801265500321351,0.011074633071899414,0.037738184326171875,-0.005463334602355957,61,ee76fe00,43.51413388906,-79.68336108887,158.8976,-37.1,SOL_COMPUTED,SINGLE,good,4.2741,1.7218,3.8954,20,19,0.0,0.0,0,0,0,0,0,0,0,0,0,STATISTICANALYSIS,L2,1.229,3.056,1.06,0.357
2026-05-25 11:55:43.460521,1779724543.460521,2420,143758.0,,,,,,,,,,,,,,,,0.0000,,,,0.0,0.0,0.0,0.0,0.0,0.0,0.0,0.0,0.0,-2204978,7231710,163977402,-90049,271645,34028,-0.13197904970520022,0.43285430219421395,9.814874202412721,-0.02081874730682373,0.06280256984710693,0.00786705386352539,61,ee76fe00,43.51415645597,-79.68337313062,159.9156,-37.1,SOL_COMPUTED,SINGLE,good,4.418,1.775,3.9252,20,19,0.0,0.0,0,0,0,0,0,0,0,0,0,—,—,0.0,0.0,0.0,0.0
2026-05-25 11:55:44.426965,1779724544.426965,2420,143759.0,,,,,,,,,,,,,,,,0.0000,,,,0.0,0.0,0.0,0.0,0.0,0.0,0.0,0.0,0.0,-1451989,7086959,164557066,394158,-470875,-66041,-0.08690886185821535,0.424190225081482,9.849570015191041,0.0911267843170166,-0.10886325931549072,-0.015268252738952636,61,ee76fe00,43.51412748685,-79.68335543126,159.2922,-37.1,SOL_COMPUTED,SINGLE,good,4.2712,1.7173,3.8949,21,19,0.0,0.0,0,0,0,0,0,0,0,0,0,STATISTICANALYSIS,L2,1.456,3.056,1.06,0.357
2026-05-25 11:55:45.488924,1779724545.488924,2420,143760.0,,,,,,,,,,,,,,,,0.0000,,,,0.0,0.0,0.0,0.0,0.0,0.0,0.0,0.0,0.0,-2910758,7351484,163659192,-116128,101677,8084,-0.17422354089782718,0.44002337993530277,9.795827729655763,-0.026848043701171876,0.023507065818786622,0.0018689685974121093,61,ee76fe00,43.51412187069,-79.68335228,159.2323,-37.1,SOL_COMPUTED,SINGLE,good,4.2734,1.7315,3.8924,20,19,0.0,0.0,0,0,0,0,0,0,0,0,0,STATISTICANALYSIS,L2,1.025,1.172,1.317,0.309
2026-05-25 11:55:46.487670,1779724546.487670,2420,143761.0,,,,,,,,,,,,,,,,0.0000,,,,0.0,0.0,0.0,0.0,0.0,0.0,0.0,0.0,0.0,-2893285,7279630,164317460,-118611,429705,16483,-0.17317769375762943,0.4357225557830811,9.835228388116457,-0.027422097267150877,0.09934502117156982,0.0038107631607055665,61,ee76fe00,43.51415666922,-79.68337293939,160.2407,-37.1,SOL_COMPUTED,SINGLE,good,4.4222,1.7942,3.9215,20,19,0.0,0.0,0,0,0,0,0,0,0,0,0,—,—,0.0,0.0,0.0,0.0
2026-05-25 11:55:47.385540,1779724547.385540,2420,143762.0,,,,,,,,,,,,,,,,0.0000,,,,0.0,0.0,0.0,0.0,0.0,0.0,0.0,0.0,0.0,-2744800,7116046,164237981,354170,-171499,20801,-0.1642901179199219,0.42593122867370614,9.830471169272768,0.08188181694030762,-0.03964946134185791,0.004809056877136231,61,ee76fe00,43.51416663515,-79.68337866694,160.8364,-37.1,SOL_COMPUTED,SINGLE,good,4.4014,1.7824,3.9059,21,20,0.0,0.0,0,0,0,0,0,0,0,0,0,—,—,0.0,0.0,0.0,0.0
2026-05-25 11:55:48.301326,1779724548.301326,2420,143763.0,,,,,,,,,,,,,,,,0.0000,,,,0.0,0.0,0.0,0.0,0.0,0.0,0.0,0.0,0.0,-2325686,7474096,163765088,1165144,-910699,75929,-0.13920403205505372,0.44736232628417977,9.802166139130861,0.2693737688598633,-0.21054772794342042,0.01755429448699951,61,ee76fe00,43.51415757331,-79.68337495729,160.5107,-37.1,SOL_COMPUTED,SINGLE,good,4.4315,1.7942,3.9026,21,20,0.0,0.0,0,0,0,0,0,0,0,0,0,—,—,0.0,0.0,0.0,0.0
2026-05-25 11:55:49.317543,1779724549.317543,2420,143764.0,,,,,,,,,,,,,,,,0.0000,,,,0.0,0.0,0.0,0.0,0.0,0.0,0.0,0.0,0.0,-1735653,6420327,163230275,181077,-513324,-41567,-0.1038875823513794,0.38428893905364997,9.770154884819032,0.04186383309173584,-0.11867719400024414,-0.009610021980285644,61,ee76fe00,43.51416618662,-79.6833786857,161.6323,-37.1,SOL_COMPUTED,SINGLE,good,4.3428,1.7605,3.8878,20,19,0.0,0.0,0,0,0,0,0,0,0,0,0,—,—,0.0,0.0,0.0,0.0
2026-05-25 11:55:50.353348,1779724550.353348,2420,143765.0,,,,,,,,,,,,,,,,0.0000,,,,0.0,0.0,0.0,0.0,0.0,0.0,0.0,0.0,0.0,-2358143,6846289,164747675,554839,-766698,-9513,-0.141146747137146,0.4097849122427369,9.86097892479706,0.1282751939163208,-0.17725562663269043,-0.0021993441696166994,61,ee76fe00,43.51415719383,-79.68337639632,159.8372,-37.1,SOL_COMPUTED,SINGLE,good,4.2642,1.7366,3.8819,20,19,0.0,0.0,0,0,0,0,0,0,0,0,0,—,—,0.0,0.0,0.0,0.0
2026-05-25 11:55:51.404138,1779724551.404138,2420,143766.0,,,,,,,,,,,,,,,,0.0000,,,,0.0,0.0,0.0,0.0,0.0,0.0,0.0,0.0,0.0,-2423038,6760049,163878460,-24938,493980,-102721,-0.14503104005554202,0.40462301346344,9.808952024896241,-0.00576550456237793,0.11420498611450196,-0.023748431877136232,61,ee76fe00,43.51415680058,-79.68337586502,159.824,-37.1,SOL_COMPUTED,SINGLE,good,4.2928,1.7423,3.8963,20,19,0.0,0.0,0,0,0,0,0,0,0,0,0,—,—,0.0,0.0,0.0,0.0
2026-05-25 11:55:52.373038,1779724552.373038,2420,143767.0,,,,,,,,,,,,,,,,0.0000,,,,0.0,0.0,0.0,0.0,0.0,0.0,0.0,0.0,0.0,-1857857,7264394,164314049,333010,13556,54785,-0.11120210784332277,0.4348106043707276,9.835024222569887,0.0769897615814209,0.0031340596618652343,0.012665938224792481,61,ee76fe00,43.51415630931,-79.68337503641,160.1705,-37.1,SOL_COMPUTED,SINGLE,good,4.2078,1.706,3.8711,21,20,0.0,0.0,0,0,0,0,0,0,0,0,0,—,—,0.0,0.0,0.0,0.0
2026-05-25 11:55:53.408648,1779724553.408648,2420,143768.0,,,,,,,,,,,,,,,,0.0000,,,,0.0,0.0,0.0,0.0,0.0,0.0,0.0,0.0,0.0,-2138012,7208322,164662306,240460,-331273,19673,-0.12797079699584962,0.43145441248352057,9.855869159758912,0.055592799224853516,-0.07658817839813233,0.004548270561218262,61,ee76fe00,43.51415897138,-79.68337663256,160.3338,-37.1,SOL_COMPUTED,SINGLE,good,4.2367,1.7241,3.8647,21,20,0.0,0.0,0,0,0,0,0,0,0,0,0,—,—,0.0,0.0,0.0,0.0
2026-05-25 11:55:54.317232,1779724554.317232,2420,143769.0,,,,,,,,,,,,,,,,0.0000,,,,0.0,0.0,0.0,0.0,0.0,0.0,0.0,0.0,0.0,-2386698,6226848,164038567,-761010,1085407,-55135,-0.14285590784729005,0.37270824547851567,9.818535236026307,-0.17594059776306153,0.25093908936309817,-0.012746855964660644,61,ee76fe00,43.51416396894,-79.68337998921,160.2048,-37.1,SOL_COMPUTED,SINGLE,good,4.2123,1.7045,3.8822,21,19,0.0,0.0,0,0,0,0,0,0,0,0,0,—,—,0.0,0.0,0.0,0.0
2026-05-25 11:55:55.285873,1779724555.285873,2420,143770.0,,,,,,,,,,,,,,,,0.0000,,,,0.0,0.0,0.0,0.0,0.0,0.0,0.0,0.0,0.0,-2054011,7048842,164297131,132678,-32787,-70705,-0.12294291365448,0.4219087304644776,9.834011594977724,0.030674296829223634,-0.007580142677307129,-0.01634653942108154,61,ee76fe00,43.5141693921,-79.68338383322,160.134,-37.1,SOL_COMPUTED,SINGLE,good,4.224,1.6996,3.8928,21,19,0.0,0.0,0,0,0,0,0,0,0,0,0,—,—,0.0,0.0,0.0,0.0
2026-05-25 11:55:56.374690,1779724556.374690,2420,143771.0,,,,,,,,,,,,,,,,0.0000,,,,0.0,0.0,0.0,0.0,0.0,0.0,0.0,0.0,0.0,-2679710,6512830,164828619,-727866,889605,-92825,-0.16039415326843265,0.3898257099578858,9.865823831276552,-0.16827791899108888,0.20567093135833742,-0.02146054058074951,61,ee76fe00,43.51418240096,-79.68339188054,160.2488,-37.1,SOL_COMPUTED,SINGLE,good,4.1814,1.6949,3.8676,21,19,0.0,0.0,0,0,0,0,0,0,0,0,0,—,—,0.0,0.0,0.0,0.0
2026-05-25 11:55:57.347347,1779724557.347347,2420,143772.0,,,,,,,,,,,,,,,,0.0000,,,,0.0,0.0,0.0,0.0,0.0,0.0,0.0,0.0,0.0,-2979041,7031257,164236533,-127858,-109234,35247,-0.1783106226968384,0.4208561795596314,9.83038449917267,-0.029559943954467774,-0.025254195419311523,0.008148878791809082,61,ee76fe00,43.51418505976,-79.68339461694,160.0043,-37.1,SOL_COMPUTED,SINGLE,good,4.5558,1.7339,4.0933,20,18,0.0,0.0,0,0,0,0,0,0,0,0,0,—,—,0.0,0.0,0.0,0.0
2026-05-25 11:55:58.364307,1779724558.364307,2420,143773.0,,,,,,,,,,,,,,,,0.0000,,,,0.0,0.0,0.0,0.0,0.0,0.0,0.0,0.0,0.0,-2773592,7024672,163945908,-193944,204474,-81772,-0.16601346427490238,0.4204620341113282,9.812989127735596,-0.04483860040283203,0.047273068405151365,-0.01890515835571289,61,ee76fe00,43.51418636465,-79.68339530609,160.0552,-37.1,SOL_COMPUTED,SINGLE,good,4.6587,1.7841,4.1151,20,18,0.0,0.0,0,0,0,0,0,0,0,0,0,—,—,0.0,0.0,0.0,0.0
2026-05-25 11:55:59.226450,1779724559.226450,2420,143774.0,,,,,,,,,,,,,,,,0.0000,,,,0.0,0.0,0.0,0.0,0.0,0.0,0.0,0.0,0.0,-2605996,6636842,163713616,148230,43925,29176,-0.1559819987390137,0.39724845336486825,9.799085280434571,0.03426981880187988,0.01015517635345459,0.006745302795410156,61,ee76fe00,43.5142281471,-79.6834210915,160.2531,-37.1,SOL_COMPUTED,SINGLE,good,4.5743,1.7353,4.1242,20,18,0.0,0.0,0,0,0,0,0,0,0,0,0,—,—,0.0,0.0,0.0,0.0
2026-05-25 11:56:00.268668,1779724560.268668,2420,143775.0,,,,,,,,,,,,,,,,0.0000,,,,0.0,0.0,0.0,0.0,0.0,0.0,0.0,0.0,0.0,-1346130,7755644,164517957,507468,-327038,-62185,-0.08057266701965334,0.46421439350952154,9.847229144372864,0.11732332461547852,-0.07560907374572753,-0.01437677043914795,61,ee76fe00,43.51423935247,-79.68342459693,161.868,-37.1,SOL_COMPUTED,SINGLE,good,4.5529,1.7252,4.1007,20,18,0.0,0.0,0,0,0,0,0,0,0,0,0,—,—,0.0,0.0,0.0,0.0
2026-05-25 11:56:01.186347,1779724561.186347,2420,143776.0,,,,,,,,,,,,,,,,0.0000,,,,0.0,0.0,0.0,0.0,0.0,0.0,0.0,0.0,0.0,-2654688,7086826,163908837,-19697,66310,452,-0.1588964604199219,0.42418226436096196,9.810770241492007,-0.004553819206237793,0.015330443801879883,0.00010449948120117188,61,ee76fe00,43.51423285517,-79.68342139785,161.576,-37.1,SOL_COMPUTED,SINGLE,good,4.5419,1.7223,4.0956,20,18,0.0,0.0,0,0,0,0,0,0,0,0,0,—,—,0.0,0.0,0.0,0.0
2026-05-25 11:56:02.160408,1779724562.160408,2420,143777.0,,,,,,,,,,,,,,,,0.0000,,,,0.0,0.0,0.0,0.0,0.0,0.0,0.0,0.0,0.0,-2152148,7102911,164478585,18659,-557534,-6263,-0.12881690786254885,0.4251450327035523,9.844872531678773,0.004313840309143066,-0.12889826051330566,-0.0014479651565551758,61,ee76fe00,43.51422048915,-79.68341716498,159.8259,-37.1,SOL_COMPUTED,SINGLE,good,4.6113,1.7404,4.1579,20,18,0.0,0.0,0,0,0,0,0,0,0,0,0,—,—,0.0,0.0,0.0,0.0
2026-05-25 11:56:03.221033,1779724563.221033,2420,143778.0,,,,,,,,,,,,,,,,0.0000,,,,0.0,0.0,0.0,0.0,0.0,0.0,0.0,0.0,0.0,-2199489,7309949,164228752,142532,-166650,-5846,-0.13165050538238526,0.43753730078643804,9.829918767094728,0.03295247799682617,-0.03852840385437012,-0.0013515574493408204,61,ee77fe00,43.51423083858,-79.68341984074,161.5303,-37.1,SOL_COMPUTED,SINGLE,good,4.55,1.7314,4.094,20,18,0.0,0.0,0,0,0,0,0,0,0,0,0,—,—,0.0,0.0,0.0,0.0
2026-05-25 11:56:04.201674,1779724564.201674,2420,143779.0,,,,,,,,,,,,,,,,0.0000,,,,0.0,0.0,0.0,0.0,0.0,0.0,0.0,0.0,0.0,-1095217,6937680,165820323,83538,12165,-101792,-0.0655542589907837,0.41525512434082035,9.92518231535614,0.019313446151733398,0.002812469444274902,-0.023533653076171876,61,ee77fe00,43.51421792901,-79.68341591492,159.5508,-37.1,SOL_COMPUTED,SINGLE,good,4.5876,1.7342,4.1474,20,18,0.0,0.0,0,0,0,0,0,0,0,0,0,—,—,0.0,0.0,0.0,0.0
2026-05-25 11:56:05.160646,1779724565.160646,2420,143780.0,,,,,,,,,,,,,,,,0.0000,,,,0.0,0.0,0.0,0.0,0.0,0.0,0.0,0.0,0.0,-1943138,7461115,164239976,237879,-84572,-32259,-0.1163066056378174,0.44658534799041755,9.830590580080568,0.05499608869171142,-0.019552500274658203,-0.007458072486877442,61,ee77fe00,43.51423102943,-79.6834195439,161.5935,-37.1,SOL_COMPUTED,SINGLE,good,4.3086,1.7001,3.9693,21,19,0.0,0.0,0,0,0,0,0,0,0,0,0,—,—,0.0,0.0,0.0,0.0
2026-05-25 11:56:06.278599,1779724566.278599,2420,143781.0,,,,,,,,,,,,,,,,0.0000,,,,0.0,0.0,0.0,0.0,0.0,0.0,0.0,0.0,0.0,-1848929,8534810,165260441,-1726689,2157290,-217158,-0.11066772203277589,0.5108514067779542,9.89167055500885,-0.3991993466720581,0.49875151725769046,-0.05020552729797363,61,ee77fe00,43.51422499776,-79.68341754699,161.1386,-37.1,SOL_COMPUTED,SINGLE,good,4.2799,1.697,3.9476,21,19,0.0,0.0,0,0,0,0,0,0,0,0,0,—,—,0.0,0.0,0.0,0.0
2026-05-25 11:56:07.258957,1779724567.258957,2420,143782.0,,,,,,,,,,,,,,,,0.0000,,,,0.0,0.0,0.0,0.0,0.0,0.0,0.0,0.0,0.0,-2574935,6775405,164679794,388665,-224008,-179053,-0.15412284129486087,0.405542147480774,9.856915904724733,0.08985683818817139,-0.051789203063964846,-0.04139589736175537,61,ee77fe00,43.5142255626,-79.68341752679,161.1905,-37.1,SOL_COMPUTED,SINGLE,good,4.2546,1.6973,3.9195,21,19,0.0,0.0,0,0,0,0,0,0,0,0,0,—,—,0.0,0.0,0.0,0.0
2026-05-25 11:56:08.251566,1779724568.251566,2420,143783.0,,,,,,,,,,,,,,,,0.0000,,,,0.0,0.0,0.0,0.0,0.0,0.0,0.0,0.0,0.0,-3325836,6372214,163961072,111052,8833,-82739,-0.19906805181518558,0.3814091334417725,9.813896769584963,0.025674505279541016,0.0020421325607299806,-0.019128722511291503,61,ee76fe00,43.51422940373,-79.68341864088,161.5298,-37.1,SOL_COMPUTED,SINGLE,good,4.2589,1.7006,3.9177,21,19,0.0,0.0,0,0,0,0,0,0,0,0,0,—,—,0.0,0.0,0.0,0.0
2026-05-25 11:56:09.420969,1779724569.420969,2420,143784.0,,,,,,,,,,,,,,,,0.0000,,,,0.0,0.0,0.0,0.0,0.0,0.0,0.0,0.0,0.0,-3173790,6193705,164071907,122586,-39125,14636,-0.18996733217468265,0.3707244698379517,9.820530803110048,0.028341091598510743,-0.00904544734954834,0.0033837486877441405,61,ee77fe00,43.51422864436,-79.68341856836,161.5032,-37.1,SOL_COMPUTED,SINGLE,good,4.1983,1.6943,3.8857,21,19,0.0,0.0,0,0,0,0,0,0,0,0,0,—,—,0.0,0.0,0.0,0.0
2026-05-25 11:56:10.572857,1779724570.572857,2420,143785.0,,,,,,,,,,,,,,,,0.0000,,,,0.0,0.0,0.0,0.0,0.0,0.0,0.0,0.0,0.0,-3462207,6705836,164240941,132551,-173259,55560,-0.2072305436801148,0.4013780920983887,9.83064834019562,0.030644935249328615,-0.04005636197662354,0.012845113220214845,61,ee77fe00,43.51417536599,-79.68338481875,161.4992,-37.1,SOL_COMPUTED,SINGLE,good,4.6359,1.945,3.8907,21,19,0.0,0.0,0,0,0,0,0,0,0,0,0,—,—,0.0,0.0,0.0,0.0
2026-05-25 11:56:11.503858,1779724571.503858,2420,143786.0,,,,,,,,,,,,,,,,0.0000,,,,0.0,0.0,0.0,0.0,0.0,0.0,0.0,0.0,0.0,-2752819,5940159,164171433,275063,-173087,37410,-0.16477009549774171,0.3555484634848023,9.826487935970766,0.06359278937530517,-0.04001659668731689,0.008648950424194337,61,ee77fe00,43.51419685778,-79.68339852965,161.5516,-37.1,SOL_COMPUTED,SINGLE,good,4.3319,1.7939,3.8373,22,20,0.0,0.0,0,0,0,0,0,0,0,0,0,—,—,0.0,0.0,0.0,0.0
2026-05-25 11:56:12.460764,1779724572.460764,2420,143787.0,,,,,,,,,,,,,,,,0.0000,,,,0.0,0.0,0.0,0.0,0.0,0.0,0.0,0.0,0.0,-2844973,6677046,163876245,272124,-39979,64334,-0.1702859769924927,0.39965486545349127,9.80881944597931,0.06291331155395508,-0.00924288663482666,0.014873605361938477,61,ee78fe00,43.51420038722,-79.68340118674,161.4457,-37.1,SOL_COMPUTED,SINGLE,good,4.2789,1.7664,3.8358,22,20,0.0,0.0,0,0,0,0,0,0,0,0,0,—,—,0.0,0.0,0.0,0.0
2026-05-25 11:56:13.456072,1779724573.456072,2420,143788.0,,,,,,,,,,,,,,,,0.0000,,,,0.0,0.0,0.0,0.0,0.0,0.0,0.0,0.0,0.0,-2651587,7360088,164246230,-67472,131649,17391,-0.15871084993621828,0.4405383727124024,9.830964913510133,-0.015599090698242188,0.030436398674011232,0.004020686897277832,61,ee78fe00,43.51420486348,-79.68340334948,161.5537,-37.1,SOL_COMPUTED,SINGLE,good,4.3693,1.7934,3.8816,22,20,0.0,0.0,0,0,0,0,0,0,0,0,0,STATISTICANALYSIS,L2,1.344,1.819,1.132,0.24
2026-05-25 11:56:14.406045,1779724574.406045,2420,143789.0,,,,,,,,,,,,,,,,0.0000,,,,0.0,0.0,0.0,0.0,0.0,0.0,0.0,0.0,0.0,-3118105,6286112,164453515,14524,14668,-36142,-0.18663430418853763,0.3762554946582032,9.84337196578827,0.003357855010986328,0.0033911468811035155,-0.008355797012329101,61,ee77fe00,43.51420572298,-79.68340522471,161.3308,-37.1,SOL_COMPUTED,SINGLE,good,4.3238,1.7636,3.8684,21,20,0.0,0.0,0,0,0,0,0,0,0,0,0,STATISTICANALYSIS,L2,1.996,1.819,1.132,0.24
2026-05-25 11:56:15.388392,1779724575.388392,2420,143790.0,,,,,,,,,,,,,,,,0.0000,,,,0.0,0.0,0.0,0.0,0.0,0.0,0.0,0.0,0.0,-3340487,6432629,164098778,113622,-54031,-69385,-0.1999449880282593,0.385025275774231,9.822139167930299,0.02626867268371582,-0.012491618293762207,-0.016041363945007325,61,ee78fe00,43.51421034547,-79.68340983561,161.0646,-37.1,SOL_COMPUTED,SINGLE,good,4.1753,1.6925,3.8453,21,20,0.0,0.0,0,0,0,0,0,0,0,0,0,STATISTICANALYSIS,L2,1.655,1.819,1.132,0.24
2026-05-25 11:56:16.498061,1779724576.498061,2420,143791.0,,,,,,,,,,,,,,,,0.0000,,,,0.0,0.0,0.0,0.0,0.0,0.0,0.0,0.0,0.0,-3160056,6298967,164138916,143452,26995,61876,-0.189145283034668,0.3770249312167359,9.824541629586182,0.033165176055908206,0.006241069679260254,0.014305331634521485,61,ee78fe00,43.51421682734,-79.68341348454,160.9747,-37.1,SOL_COMPUTED,SINGLE,good,4.1564,1.6901,3.8395,21,20,0.0,0.0,0,0,0,0,0,0,0,0,0,STATISTICANALYSIS,L2,1.099,-0.324,1.28,0.233
2026-05-25 11:56:17.532263,1779724577.532263,2420,143792.0,,,,,,,,,,,,,,,,0.0000,,,,0.0,0.0,0.0,0.0,0.0,0.0,0.0,0.0,0.0,-3474532,6195852,164171166,-46376,39910,37315,-0.20796825706665042,0.3708529786120606,9.826471954674684,-0.01072183172607422,0.009226934280395508,0.008626987037658691,61,ee78fe00,43.51423466511,-79.68342468262,160.8531,-37.1,SOL_COMPUTED,SINGLE,good,4.1263,1.6749,3.8342,21,20,0.0,0.0,0,0,0,0,0,0,0,0,0,STATISTICANALYSIS,L2,1.464,-0.324,1.28,0.233
2026-05-25 11:56:18.511340,1779724578.511340,2420,143793.0,,,,,,,,,,,,,,,,0.0000,,,,0.0,0.0,0.0,0.0,0.0,0.0,0.0,0.0,0.0,-3446875,6748896,164239195,65980,8169,-25715,-0.20631284618377688,0.4039554501855469,9.830543833293154,0.015254149932861328,0.0018886200485229493,-0.0059451419448852535,61,ee78fe00,43.51424091577,-79.68342814052,160.7746,-37.1,SOL_COMPUTED,SINGLE,good,4.1266,1.6682,3.8461,21,20,0.0,0.0,0,0,0,0,0,0,0,0,0,—,—,0.0,0.0,0.0,0.0
2026-05-25 11:56:19.552097,1779724579.552097,2420,143794.0,,,,,,,,,,,,,,,,0.0000,,,,0.0,0.0,0.0,0.0,0.0,0.0,0.0,0.0,0.0,-3321424,6835117,164052102,154432,-141705,-30940,-0.19880397137207034,0.4091162117190552,9.819345374013063,0.03570368115234375,-0.032761280937194825,-0.0071531282043457035,61,ee78fe00,43.51427912745,-79.68342310435,166.2588,-37.1,SOL_COMPUTED,SINGLE,good,4.1176,1.6952,3.7927,21,20,0.0,0.0,0,0,0,0,0,0,0,0,0,STATISTICANALYSIS,L2,3.497,2.011,0.99,0.329
2026-05-25 11:56:20.567623,1779724580.567623,2420,143795.0,,,,,,,,,,,,,,,,0.0000,,,,0.0,0.0,0.0,0.0,0.0,0.0,0.0,0.0,0.0,-2679445,6590423,164046799,94042,-3997,-70814,-0.16037829168243412,0.3944700421932984,9.819027962727967,0.021741903121948243,-0.0009240805892944336,-0.016371739517211915,61,ee78fe00,43.51426384566,-79.68341410265,166.223,-37.1,SOL_COMPUTED,SINGLE,good,4.1534,1.7249,3.7872,21,20,0.0,0.0,0,0,0,0,0,0,0,0,0,STATISTICANALYSIS,L2,1.688,2.011,0.99,0.329
2026-05-25 11:56:21.441604,1779724581.441604,2420,143796.0,,,,,,,,,,,,,,,,0.0000,,,,0.0,0.0,0.0,0.0,0.0,0.0,0.0,0.0,0.0,-3114521,6599728,163998986,-20354,143291,-28091,-0.18641978371978762,0.39502699335449226,9.816166113628542,-0.004705713363647461,0.03312795389556885,-0.006494457801818848,61,ee79fe00,43.51426648053,-79.68341574631,166.2732,-37.1,SOL_COMPUTED,SINGLE,good,4.063,1.6729,3.777,21,20,0.0,0.0,0,0,0,0,0,0,0,0,0,STATISTICANALYSIS,L2,2.487,2.011,0.99,0.329
2026-05-25 11:56:22.334717,1779724582.334717,2420,143797.0,,,,,,,,,,,,,,,,0.0000,,,,0.0,0.0,0.0,0.0,0.0,0.0,0.0,0.0,0.0,-2957410,6247489,164088677,201698,138672,39759,-0.17701589829406741,0.37394371339019783,9.821534572156068,0.046631275131225586,0.03206007092285156,0.009192024055480957,61,ee79fe00,43.51426751354,-79.68341676706,166.1559,-37.1,SOL_COMPUTED,SINGLE,good,4.016,1.6618,3.7574,21,20,0.0,0.0,0,0,0,0,0,0,0,0,0,STATISTICANALYSIS,L2,1.076,-0.367,1.229,0.218
2026-05-25 11:56:23.356456,1779724583.356456,2420,143798.0,,,,,,,,,,,,,,,,0.0000,,,,0.0,0.0,0.0,0.0,0.0,0.0,0.0,0.0,0.0,-2990928,5921518,164352984,311042,-21118,143366,-0.17902211957519534,0.354432705656128,9.837354678610842,0.07191090184020996,-0.004882345230102539,0.033145293411254884,61,ee79fe00,43.51427030975,-79.68341829334,166.1726,-37.1,SOL_COMPUTED,SINGLE,good,4.008,1.6596,3.7508,21,20,0.0,0.0,0,0,0,0,0,0,0,0,0,—,—,0.0,0.0,0.0,0.0
2026-05-25 11:56:24.264108,1779724584.264108,2420,143799.0,,,,,,,,,,,,,,,,0.0000,,,,0.0,0.0,0.0,0.0,0.0,0.0,0.0,0.0,0.0,-3133030,6359949,164111842,120840,72487,37942,-0.18752764068298342,0.3806750113577271,9.822921114192507,0.027937427673339843,0.01675852631378174,0.008771945388793945,61,ee79fe00,43.51427591184,-79.68342117091,166.3752,-37.1,SOL_COMPUTED,SINGLE,good,4.0238,1.6605,3.7574,21,20,0.0,0.0,0,0,0,0,0,0,0,0,0,—,—,0.0,0.0,0.0,0.0
2026-05-25 11:56:25.137066,1779724585.137066,2420,143800.0,,,,,,,,,,,,,,,,0.0000,,,,0.0,0.0,0.0,0.0,0.0,0.0,0.0,0.0,0.0,-3179937,6970795,164590394,-65611,-87206,-495,-0.19033526111480717,0.41723722404022223,9.851564864014284,-0.015168839515686035,-0.02016146406555176,-0.00011444080352783204,61,ee79fe00,43.51431315187,-79.68342953791,167.9591,-37.1,SOL_COMPUTED,SINGLE,good,4.3113,1.6682,3.8265,21,20,0.0,0.0,0,0,0,0,0,0,0,0,0,—,—,0.0,0.0,0.0,0.0
2026-05-25 11:56:26.198400,1779724586.198400,2420,143801.0,,,,,,,,,,,,,,,,0.0000,,,,0.0,0.0,0.0,0.0,0.0,0.0,0.0,0.0,0.0,-781079,8736423,165387282,133189,204111,-85948,-0.046751515962829594,0.5229189612606813,9.899262628328248,0.030792436729431154,0.047189145149230956,-0.019870622589111327,61,ee79fe00,43.51430985574,-79.68342918516,168.7017,-37.1,SOL_COMPUTED,SINGLE,good,4.5974,1.7136,4.0322,20,19,0.0,0.0,0,0,0,0,0,0,0,0,0,—,—,0.0,0.0,0.0,0.0
2026-05-25 11:56:27.196584,1779724587.196584,2420,143802.0,,,,,,,,,,,,,,,,0.0000,,,,0.0,0.0,0.0,0.0,0.0,0.0,0.0,0.0,0.0,-2598023,7877970,163907797,-64056,-13199,142206,-0.15550477449310304,0.4715362213165284,9.810707992248842,-0.014809333557128906,-0.003051523567199707,0.032877108901977536,61,ee79fe00,43.51426063491,-79.68341092033,166.5708,-37.1,SOL_COMPUTED,SINGLE,good,4.1509,1.7351,3.76,21,20,0.0,0.0,0,0,0,0,0,0,0,0,0,—,—,0.0,0.0,0.0,0.0
2026-05-25 11:56:28.180029,1779724588.180029,2420,143803.0,,,,,,,,,,,,,,,,0.0000,,,,0.0,0.0,0.0,0.0,0.0,0.0,0.0,0.0,0.0,-3125543,6309508,164118224,20237,90160,62487,-0.18707950598724368,0.37765586320922856,9.823303109067384,0.004678663719177246,0.020844409790039063,0.01444659088897705,61,ee79fe00,43.51425620282,-79.68340966681,166.4736,-37.1,SOL_COMPUTED,SINGLE,good,4.133,1.7261,3.7593,21,20,0.0,0.0,0,0,0,0,0,0,0,0,0,—,—,0.0,0.0,0.0,0.0
2026-05-25 11:56:29.096295,1779724589.096295,2420,143804.0,,,,,,,,,,,,,,,,0.0000,,,,0.0,0.0,0.0,0.0,0.0,0.0,0.0,0.0,0.0,-3315318,6551831,164342590,16508,79938,1439,-0.19843849648864748,0.39216011643157966,9.83673254530945,0.003816542999267578,0.01848114939880371,0.00033268750762939454,61,ee79fe00,43.51425640649,-79.68340913935,166.5533,-37.1,SOL_COMPUTED,SINGLE,good,4.1023,1.7045,3.7632,21,20,0.0,0.0,0,0,0,0,0,0,0,0,0,—,—,0.0,0.0,0.0,0.0
2026-05-25 11:56:30.088352,1779724590.088352,2420,143805.0,,,,,,,,,,,,,,,,0.0000,,,,0.0,0.0,0.0,0.0,0.0,0.0,0.0,0.0,0.0,-3110738,6509194,164327922,24620,70249,12012,-0.18619335209777835,0.3896080770269776,9.83585459156067,0.00569198501586914,0.01624111516571045,0.0027770968322753907,61,ee7afe00,43.51425454356,-79.68340772861,166.5896,-37.1,SOL_COMPUTED,SINGLE,good,4.1103,1.7033,3.7732,21,20,0.0,0.0,0,0,0,0,0,0,0,0,0,—,—,0.0,0.0,0.0,0.0
2026-05-25 11:56:31.249302,1779724591.249302,2420,143806.0,,,,,,,,,,,,,,,,0.0000,,,,0.0,0.0,0.0,0.0,0.0,0.0,0.0,0.0,0.0,-3089492,6317290,164097765,70552,68542,15445,-0.18492167188598635,0.37812165514221197,9.822078534773256,0.016311166809082032,0.01584646778869629,0.0035707842636108398,61,ee7afe00,43.51423839956,-79.68339647663,166.808,-37.1,SOL_COMPUTED,SINGLE,good,4.3166,1.8299,3.7674,21,20,0.0,0.0,0,0,0,0,0,0,0,0,0,—,—,0.0,0.0,0.0,0.0
2026-05-25 11:56:32.317635,1779724592.317635,2420,143807.0,,,,,,,,,,,,,,,,0.0000,,,,0.0,0.0,0.0,0.0,0.0,0.0,0.0,0.0,0.0,-3183844,6690541,163683675,56013,95127,-28304,-0.19056911476196292,0.4004626092385865,9.797293160636903,0.012949843894958495,0.02199274811553955,-0.006543702026367187,61,ee7afe00,43.51428798918,-79.68342384624,167.7591,-37.1,SOL_COMPUTED,SINGLE,good,4.403,1.7054,3.9846,20,19,0.0,0.0,0,0,0,0,0,0,0,0,0,—,—,0.0,0.0,0.0,0.0
2026-05-25 11:56:33.378761,1779724593.378761,2420,143808.0,,,,,,,,,,,,,,,,0.0000,,,,0.0,0.0,0.0,0.0,0.0,0.0,0.0,0.0,0.0,-3181609,6685783,164532011,61623,-79836,-73475,-0.19043533874420168,0.4001778189511109,9.84807034712616,0.014246839668273927,-0.018457567657470704,-0.01698694553375244,61,ee7afe00,43.51428643501,-79.68342317814,167.6965,-37.1,SOL_COMPUTED,SINGLE,good,4.3917,1.7023,3.9832,20,19,0.0,0.0,0,0,0,0,0,0,0,0,0,—,—,0.0,0.0,0.0,0.0
2026-05-25 11:56:34.430395,1779724594.430395,2420,143809.0,,,,,,,,,,,,,,,,0.0000,,,,0.0,0.0,0.0,0.0,0.0,0.0,0.0,0.0,0.0,-6378003,3072774,164432099,-1532654,1309989,-173650,-0.3817556342770386,0.18392101530212404,9.842090110219424,-0.35433970765686035,0.30286099752044676,-0.0401467586517334,61,ee7bfe00,43.51428793562,-79.68342356541,167.7894,-37.1,SOL_COMPUTED,SINGLE,good,4.3961,1.7067,3.9775,20,19,0.0,0.0,0,0,0,0,0,0,0,0,0,—,—,0.0,0.0,0.0,0.0
2026-05-25 11:56:35.546146,1779724595.546146,2420,143810.0,,,,,,,,,,,,,,,,0.0000,,,,0.0,0.0,0.0,0.0,0.0,0.0,0.0,0.0,0.0,-3340412,6471946,164136686,4234620,-1598291,-400117,-0.1999404989001465,0.3873785964410401,9.82440815284363,0.9790167988586426,-0.3695145582046509,-0.09250446663665772,61,ee7bfe00,43.5142753845,-79.68341982887,166.2501,-37.1,SOL_COMPUTED,SINGLE,good,4.4776,1.7212,4.1413,20,18,0.0,0.0,0,0,0,0,0,0,0,0,0,—,—,0.0,0.0,0.0,0.0
2026-05-25 11:56:36.569326,1779724596.569326,2420,143811.0,,,,,,,,,,,,,,,,0.0000,,,,0.0,0.0,0.0,0.0,0.0,0.0,0.0,0.0,0.0,-3480457,6002964,164372474,471217,-251865,142551,-0.20832289818756106,0.35930765936645515,9.838521253369752,0.10894232750701904,-0.05822956157684326,0.032956870674133304,61,ee7bfe00,43.51426831489,-79.68341905535,165.4006,-37.1,SOL_COMPUTED,SINGLE,good,4.4327,1.7016,4.0563,20,19,0.0,0.0,0,0,0,0,0,0,0,0,0,—,—,0.0,0.0,0.0,0.0
2026-05-25 11:56:37.740186,1779724597.740186,2420,143812.0,,,,,,,,,,,,,,,,0.0000,,,,0.0,0.0,0.0,0.0,0.0,0.0,0.0,0.0,0.0,-3003867,8375506,164207417,48990,56967,223539,-0.17979658395721437,0.5013162592462159,9.828641759784242,0.011326171646118164,0.013170402534484864,0.051680773292541504,61,ee7bfe00,43.51427252126,-79.68341966634,166.1044,-37.1,SOL_COMPUTED,SINGLE,good,4.3953,1.6995,4.0092,21,19,0.0,0.0,0,0,0,0,0,0,0,0,0,—,—,0.0,0.0,0.0,0.0
2026-05-25 11:56:38.711485,1779724598.711485,2420,143813.0,,,,,,,,,,,,,,,,0.0000,,,,0.0,0.0,0.0,0.0,0.0,0.0,0.0,0.0,0.0,-3310229,6271410,164593015,-142520,-87626,-269487,-0.1981338941824341,0.37537550583801277,9.851721744078066,-0.032949703674316405,-0.020258565353393553,-0.06230365418243408,61,ee7bfe00,43.51427441169,-79.6834201255,166.3569,-37.1,SOL_COMPUTED,SINGLE,good,4.3842,1.6989,3.9908,21,19,0.0,0.0,0,0,0,0,0,0,0,0,0,—,—,0.0,0.0,0.0,0.0
2026-05-25 11:56:39.744348,1779724599.744348,2420,143814.0,,,,,,,,,,,,,,,,0.0000,,,,0.0,0.0,0.0,0.0,0.0,0.0,0.0,0.0,0.0,-3547993,6578223,164115928,182016,-40484,-85983,-0.21236526827056887,0.39373981068695074,9.82316568189209,0.042080923828125,-0.009359639373779297,-0.019878714363098144,61,ee7bfe00,43.51425403309,-79.68340563326,166.6515,-37.1,SOL_COMPUTED,SINGLE,good,4.7145,1.8711,4.0015,22,19,0.0,0.0,0,0,0,0,0,0,0,0,0,—,—,0.0,0.0,0.0,0.0
2026-05-25 11:56:40.594236,1779724600.594236,2420,143815.0,,,,,,,,,,,,,,,,0.0000,,,,0.0,0.0,0.0,0.0,0.0,0.0,0.0,0.0,0.0,-2990349,6590680,164224262,72844,-61510,-35085,-0.17898746350616457,0.3944854249389649,9.829650017958375,0.016841062408447266,-0.014220714797973632,-0.008111425437927247,61,ee7cfe00,43.51426750686,-79.68341122571,167.6124,-37.1,SOL_COMPUTED,SINGLE,good,4.6085,1.8199,3.9728,22,19,0.0,0.0,0,0,0,0,0,0,0,0,0,—,—,0.0,0.0,0.0,0.0
2026-05-25 11:56:41.468121,1779724601.468121,2420,143816.0,,,,,,,,,,,,,,,,0.0000,,,,0.0,0.0,0.0,0.0,0.0,0.0,0.0,0.0,0.0,-3475229,6697488,164346713,-135355,233904,-9404,-0.20800997603057864,0.4008784222119141,9.83697932764557,-0.031293201942443845,0.05407709436035156,-0.002174144073486328,61,ee7cfe00,43.51427545771,-79.68341746239,167.391,-37.1,SOL_COMPUTED,SINGLE,good,4.554,1.7892,3.977,22,19,0.0,0.0,0,0,0,0,0,0,0,0,0,—,—,0.0,0.0,0.0,0.0
2026-05-25 11:56:42.512640,1779724602.512640,2420,143817.0,,,,,,,,,,,,,,,,0.0000,,,,0.0,0.0,0.0,0.0,0.0,0.0,0.0,0.0,0.0,-4296488,6599479,163155789,160310,-294134,86835,-0.2571664675610352,0.3950120894491578,9.765696522197572,0.03706263679504394,-0.0680018814239502,0.020075691261291505,61,ee7cfe00,43.51426061153,-79.68340958458,167.0302,-37.1,SOL_COMPUTED,SINGLE,good,4.5648,1.8314,3.9244,23,20,0.0,0.0,0,0,0,0,0,0,0,0,0,—,—,0.0,0.0,0.0,0.0
2026-05-25 11:56:43.565875,1779724603.565875,2420,143818.0,,,,,,,,,,,,,,,,0.0000,,,,0.0,0.0,0.0,0.0,0.0,0.0,0.0,0.0,0.0,-2927897,7465190,164344820,271489,-770325,-51201,-0.17524939645416263,0.446829257284546,9.836866022052003,0.06276650365447999,-0.1780941656112671,-0.01183734056854248,61,ee7cfe00,43.5142497023,-79.68340435898,166.8772,-37.1,SOL_COMPUTED,SINGLE,good,4.1993,1.7291,3.7967,21,20,0.0,0.0,0,0,0,0,0,0,0,0,0,—,—,0.0,0.0,0.0,0.0
2026-05-25 11:56:44.592862,1779724604.592862,2420,143819.0,,,,,,,,,,,,,,,,0.0000,,,,0.0,0.0,0.0,0.0,0.0,0.0,0.0,0.0,0.0,-5338054,5709661,164454976,-214979,-517924,-68458,-0.3195094437200928,0.3417519961282349,9.843459414003908,-0.04970175656890869,-0.11974068429565429,-0.01582704753112793,61,ee7cfe00,43.51426516436,-79.68341312804,167.179,-37.1,SOL_COMPUTED,SINGLE,good,4.6216,1.8014,4.0044,20,19,0.0,0.0,0,0,0,0,0,0,0,0,0,—,—,0.0,0.0,0.0,0.0
2026-05-25 11:56:45.610389,1779724605.610389,2420,143820.0,,,,,,,,,,,,,,,,0.0000,,,,0.0,0.0,0.0,0.0,0.0,0.0,0.0,0.0,0.0,-3979623,6297880,161537010,1934225,-1721122,225065,-0.23820049983489994,0.37695986878662113,9.668804437966921,0.4471803297042847,-0.39791229222106933,0.0520335746383667,61,ee7cfe00,43.51424731175,-79.68340303928,166.659,-37.1,SOL_COMPUTED,SINGLE,good,4.6217,1.8071,4.0099,21,19,0.0,0.0,0,0,0,0,0,0,0,0,0,—,—,0.0,0.0,0.0,0.0
2026-05-25 11:56:46.703961,1779724606.703961,2420,143821.0,,,,,,,,,,,,,,,,0.0000,,,,0.0,0.0,0.0,0.0,0.0,0.0,0.0,0.0,0.0,-2854786,6347043,163568613,-1140257,1010459,348219,-0.17087333451477052,0.3799025221920777,9.790406119851381,-0.26362005516815185,0.23361159574127197,0.08050598416900635,61,ee7dfe00,43.51427043037,-79.68341727252,166.6817,-37.1,SOL_COMPUTED,SINGLE,good,4.4384,1.7717,3.9884,19,18,0.0,0.0,0,0,0,0,0,0,0,0,0,—,—,0.0,0.0,0.0,0.0
2026-05-25 11:56:47.726092,1779724607.726092,2420,143822.0,,,,,,,,,,,,,,,,0.0000,,,,0.0,0.0,0.0,0.0,0.0,0.0,0.0,0.0,0.0,-2497537,6626386,164149138,-1052356,969269,144646,-0.14949018079254153,0.39662260905090335,9.825153467820435,-0.24329791159057618,0.22408873372650145,0.03344122114562988,61,ee7efe00,43.51427767874,-79.68341899326,167.0824,-37.1,SOL_COMPUTED,SINGLE,good,4.4735,1.8026,3.9804,20,18,0.0,0.0,0,0,0,0,0,0,0,0,0,—,—,0.0,0.0,0.0,0.0
2026-05-25 11:56:48.674314,1779724608.674314,2420,143823.0,,,,,,,,,,,,,,,,0.0000,,,,0.0,0.0,0.0,0.0,0.0,0.0,0.0,0.0,0.0,-3216633,6132030,163280541,668041,-319500,-153320,-0.1925317017178345,0.3670329101531983,9.773163558335268,0.1544467653121948,-0.07386633682250976,-0.035446593933105466,61,ee7dfe00,43.51427824883,-79.68341605023,167.4803,-37.1,SOL_COMPUTED,SINGLE,good,4.5391,1.7806,4.0002,21,19,0.0,0.0,0,0,0,0,0,0,0,0,0,—,—,0.0,0.0,0.0,0.0
2026-05-25 11:56:49.606370,1779724609.606370,2420,143824.0,,,,,,,,,,,,,,,,0.0000,,,,0.0,0.0,0.0,0.0,0.0,0.0,0.0,0.0,0.0,-2130969,6408328,163203781,567450,-323065,-138236,-0.12754923793853762,0.3835707384106446,9.768569085349428,0.131190775680542,-0.07469054180145264,-0.03195927053833008,61,ee7dfe00,43.51430355099,-79.68342776498,167.8425,-37.1,SOL_COMPUTED,SINGLE,good,4.5192,1.7464,4.0068,20,18,0.0,0.0,0,0,0,0,0,0,0,0,0,—,—,0.0,0.0,0.0,0.0
2026-05-25 11:56:50.581262,1779724610.581262,2420,143825.0,,,,,,,,,,,,,,,,0.0000,,,,0.0,0.0,0.0,0.0,0.0,0.0,0.0,0.0,0.0,-1265063,8682389,163996581,81853,38045,206649,-0.07572039837005616,0.5196847539480591,9.816022162253725,0.018923885032653808,0.008795758323669434,0.047775914360046384,61,ee7dfe00,43.51427752659,-79.68341454526,167.5271,-37.1,SOL_COMPUTED,SINGLE,good,4.5097,1.7453,4.017,20,18,0.0,0.0,0,0,0,0,0,0,0,0,0,—,—,0.0,0.0,0.0,0.0
2026-05-25 11:56:51.583719,1779724611.583719,2420,143826.0,,,,,,,,,,,,,,,,0.0000,,,,0.0,0.0,0.0,0.0,0.0,0.0,0.0,0.0,0.0,-1857892,7876756,164505103,-359506,289913,102094,-0.11120420276977541,0.47146355729614264,9.846459767669375,-0.0831154656829834,0.06702601348114014,0.023603473526000975,61,ee7efe00,43.51426980179,-79.68340845004,167.5325,-37.1,SOL_COMPUTED,SINGLE,good,4.5701,1.7511,4.0553,20,18,0.0,0.0,0,0,0,0,0,0,0,0,0,—,—,0.0,0.0,0.0,0.0
2026-05-25 11:56:52.549046,1779724612.549046,2420,143827.0,,,,,,,,,,,,,,,,0.0000,,,,0.0,0.0,0.0,0.0,0.0,0.0,0.0,0.0,0.0,-2448100,7041385,163845091,-47693,157350,38558,-0.14653112710571292,0.421462391419983,9.806954722016298,-0.011026313621520996,0.03637830390930176,0.008914360610961914,61,ee7efe00,43.51426614568,-79.68340351903,167.6726,-37.1,SOL_COMPUTED,SINGLE,good,4.5494,1.7611,4.0344,21,19,0.0,0.0,0,0,0,0,0,0,0,0,0,—,—,0.0,0.0,0.0,0.0
2026-05-25 11:56:53.390595,1779724613.390595,2420,143828.0,,,,,,,,,,,,,,,,0.0000,,,,0.0,0.0,0.0,0.0,0.0,0.0,0.0,0.0,0.0,-2952298,6789317,164067905,-182302,190788,113275,-0.17670991932189944,0.4063748508181763,9.82029126323395,-0.04214704518127441,0.04410895358276367,0.0261884485244751,61,ee7efe00,43.51424981026,-79.68339958714,166.9042,-37.1,SOL_COMPUTED,SINGLE,good,4.4603,1.7414,4.0066,21,19,0.0,0.0,0,0,0,0,0,0,0,0,0,—,—,0.0,0.0,0.0,0.0
2026-05-25 11:56:54.334268,1779724614.334268,2420,143829.0,,,,,,,,,,,,,,,,0.0000,,,,0.0,0.0,0.0,0.0,0.0,0.0,0.0,0.0,0.0,-2911784,6644474,163915131,115614,-32913,7496,-0.17428495217041018,0.397705267041626,9.811146969123232,0.026729210220336915,-0.007609273063659668,0.0017330267944335937,61,ee7efe00,43.5142478885,-79.68340226006,166.7565,-37.1,SOL_COMPUTED,SINGLE,good,4.5304,1.7864,4.0379,21,19,0.0,0.0,0,0,0,0,0,0,0,0,0,—,—,0.0,0.0,0.0,0.0
2026-05-25 11:56:55.311297,1779724615.311297,2420,143830.0,,,,,,,,,,,,,,,,0.0000,,,,0.0,0.0,0.0,0.0,0.0,0.0,0.0,0.0,0.0,-2741329,7257913,164515797,33984,76695,30749,-0.16408236107086183,0.43442268384674076,9.847099857483217,0.00785688134765625,0.01773138874053955,0.007108970237731934,61,ee7ffe00,43.51424876978,-79.68340320796,166.7134,-37.1,SOL_COMPUTED,SINGLE,good,4.5208,1.7935,4.0355,21,19,0.0,0.0,0,0,0,0,0,0,0,0,0,—,—,0.0,0.0,0.0,0.0
2026-05-25 11:56:56.378302,1779724616.378302,2420,143831.0,,,,,,,,,,,,,,,,0.0000,,,,0.0,0.0,0.0,0.0,0.0,0.0,0.0,0.0,0.0,-3400094,7428678,163445760,-121350,138200,-80342,-0.20351276748718264,0.44464383000915536,9.783052748437502,-0.028055336380004882,0.03195094757080078,-0.01857455158996582,61,ee7ffe00,43.51426218918,-79.68340293432,167.5954,-37.1,SOL_COMPUTED,SINGLE,good,4.6007,1.8851,4.0612,19,17,0.0,0.0,0,0,0,0,0,0,0,0,0,—,—,0.0,0.0,0.0,0.0
2026-05-25 11:56:57.378831,1779724617.378831,2420,143832.0,,,,,,,,,,,,,,,,0.0000,,,,0.0,0.0,0.0,0.0,0.0,0.0,0.0,0.0,0.0,-3357215,6366605,164328956,176883,-70727,3913,-0.20094624316253665,0.3810734065139771,9.835916481673586,0.04089420737457276,-0.016351625679016112,0.0009046603317260742,61,ee7ffe00,43.51425648786,-79.68339365405,167.7203,-37.1,SOL_COMPUTED,SINGLE,good,4.7698,1.9236,4.0573,20,18,0.0,0.0,0,0,0,0,0,0,0,0,0,—,—,0.0,0.0,0.0,0.0
2026-05-25 11:56:58.275283,1779724618.275283,2420,143833.0,,,,,,,,,,,,,,,,0.0000,,,,0.0,0.0,0.0,0.0,0.0,0.0,0.0,0.0,0.0,-166402,7753162,165926793,-2001297,1456535,-521952,-0.00995999861633301,0.46406583329650886,9.931555081625062,-0.46268694298553464,0.3367414863967895,-0.12067193188476563,61,ee7ffe00,43.51424638272,-79.68339036237,167.224,-37.1,SOL_COMPUTED,SINGLE,good,4.6194,1.8548,4.0156,20,18,0.0,0.0,0,0,0,0,0,0,0,0,0,—,—,0.0,0.0,0.0,0.0
2026-05-25 11:56:59.231591,1779724619.231591,2420,143834.0,,,,,,,,,,,,,,,,0.0000,,,,0.0,0.0,0.0,0.0,0.0,0.0,0.0,0.0,0.0,-2172854,7020982,163952332,104361,220771,-172927,-0.13005626635192874,0.42024116900817876,9.813373636522218,0.0241275892868042,0.05104082956695557,-0.03997960572052002,61,ee7ffe00,43.51422332765,-79.68339204574,166.031,-37.1,SOL_COMPUTED,SINGLE,good,4.6,1.8594,4.0228,20,18,0.0,0.0,0,0,0,0,0,0,0,0,0,—,—,0.0,0.0,0.0,0.0
2026-05-25 11:57:00.264564,1779724620.264564,2420,143835.0,,,,,,,,,,,,,,,,0.0000,,,,0.0,0.0,0.0,0.0,0.0,0.0,0.0,0.0,0.0,-2243080,7080031,164323015,196240,-743,-22047,-0.13425964649658206,0.4237755493539429,9.835560882872011,0.045369420776367186,-0.0001717768020629883,-0.0050971240310668945,61,ee80fe00,43.51421336822,-79.68338369923,166.1843,-37.1,SOL_COMPUTED,SINGLE,good,4.7016,1.918,4.0306,20,18,0.0,0.0,0,0,0,0,0,0,0,0,0,—,—,0.0,0.0,0.0,0.0
2026-05-25 11:57:01.275643,1779724621.275643,2420,143836.0,,,,,,,,,,,,,,,,0.0000,,,,0.0,0.0,0.0,0.0,0.0,0.0,0.0,0.0,0.0,-2901610,7045315,164550549,20150,-19989,-20872,-0.17367598697814943,0.42169762173309333,9.84917993988556,0.0046585498809814455,-0.00462132772064209,-0.004825471618652343,61,ee80fe00,43.51423200164,-79.68339002731,167.0544,-37.1,SOL_COMPUTED,SINGLE,good,4.8999,2.0169,4.132,20,18,0.0,0.0,0,0,0,0,0,0,0,0,0,—,—,0.0,0.0,0.0,0.0
2026-05-25 11:57:02.146053,1779724622.146053,2420,143837.0,,,,,,,,,,,,,,,,0.0000,,,,0.0,0.0,0.0,0.0,0.0,0.0,0.0,0.0,0.0,-2767790,6667569,163859833,438347,-404628,-89839,-0.16566618532409672,0.39908761922515873,9.807837105038148,0.10134299576568603,-0.09354738070678711,-0.02077019666290283,61,ee80fe00,43.5142735976,-79.68342160436,166.4181,-37.1,SOL_COMPUTED,SINGLE,good,4.7405,1.8368,4.1737,18,17,0.0,0.0,0,0,0,0,0,0,0,0,0,—,—,0.0,0.0,0.0,0.0
2026-05-25 11:57:03.094867,1779724623.094867,2420,143838.0,,,,,,,,,,,,,,,,0.0000,,,,0.0,0.0,0.0,0.0,0.0,0.0,0.0,0.0,0.0,-1864013,7646264,164419050,-243921,130386,2511,-0.11157057547882082,0.45766744906982426,9.84130906178284,-0.05639296007537842,0.030144401229858397,0.0005805269851684571,61,ee80fe00,43.51426451796,-79.68342127157,165.8345,-37.1,SOL_COMPUTED,SINGLE,good,4.5642,1.8034,4.077,19,18,0.0,0.0,0,0,0,0,0,0,0,0,0,—,—,0.0,0.0,0.0,0.0
2026-05-25 11:57:04.062741,1779724624.062741,2420,143839.0,,,,,,,,,,,,,,,,0.0000,,,,0.0,0.0,0.0,0.0,0.0,0.0,0.0,0.0,0.0,-2044904,7474912,164765074,21502,5477,14981,-0.12239781379150393,0.4474111679980469,9.862020342664186,0.004971123550415039,0.0012662470321655273,0.0034635104598999024,61,ee81fe00,43.51427927397,-79.68341964751,167.0116,-37.1,SOL_COMPUTED,SINGLE,good,4.7619,1.8281,4.212,17,16,0.0,0.0,0,0,0,0,0,0,0,0,0,—,—,0.0,0.0,0.0,0.0
2026-05-25 11:57:05.012556,1779724625.012556,2420,143840.0,,,,,,,,,,,,,,,,0.0000,,,,0.0,0.0,0.0,0.0,0.0,0.0,0.0,0.0,0.0,-2231587,7092099,163892666,127976,52065,34440,-0.13357173250457766,0.4244978799948121,9.809802325615847,0.02958722479248047,0.012037091789245606,0.007962305603027344,61,ee81fe00,43.51428122327,-79.68342258288,166.9745,-37.1,SOL_COMPUTED,SINGLE,good,4.7327,1.8351,4.1584,18,17,0.0,0.0,0,0,0,0,0,0,0,0,0,—,—,0.0,0.0,0.0,0.0
2026-05-25 11:57:06.174071,1779724626.174071,2420,143841.0,,,,,,,,,,,,,,,,0.0000,,,,0.0,0.0,0.0,0.0,0.0,0.0,0.0,0.0,0.0,-14446135,13038206,192495314,1248904,-266291602,-15362352,-0.8646740099960328,0.7804023612664795,11.521815008777468,0.28873853997802734,-61.564898799179076,-3.551676579711914,61,ee81fe00,43.51425466072,-79.68341010292,166.398,-37.1,SOL_COMPUTED,SINGLE,good,4.8215,2.0407,4.1084,18,17,0.0,0.0,0,0,0,0,0,0,0,0,0,—,—,0.0,0.0,0.0,0.0
2026-05-25 11:57:07.239810,1779724627.239810,2420,143842.0,,,,,,,,,,,,,,,,0.0000,,,,0.0,0.0,0.0,0.0,0.0,0.0,0.0,0.0,0.0,-1297726,-20462044,182389165,-76083949,-147018154,-158725974,-0.07767544359069825,-1.224756492874756,10.916911040937807,-17.59011769521332,-33.9896478321991,-36.69642021272278,61,ee82fe00,43.51425998369,-79.68342132981,165.0918,-37.1,SOL_COMPUTED,SINGLE,good,5.2395,1.8983,4.5821,16,16,0.0,0.0,0,0,0,0,0,0,0,0,0,—,—,0.0,0.0,0.0,0.0
2026-05-25 11:57:08.362748,1779724628.362748,2420,143843.0,,,,,,,,,,,,,,,,0.0000,,,,0.0,0.0,0.0,0.0,0.0,0.0,0.0,0.0,0.0,-8622423,-26819961,162328869,-54458953,7164025,-21136248,-0.5160954865292359,-1.6053098787881472,9.716201191277163,-12.59055826384735,1.6562763181686402,-4.886564049865723,61,ee82fe00,43.51419606036,-79.68342035048,159.0589,-37.1,SOL_COMPUTED,SINGLE,good,6.3595,1.8818,5.532,16,16,0.0,0.0,0,0,0,0,0,0,0,0,0,—,—,0.0,0.0,0.0,0.0
2026-05-25 11:57:09.395042,1779724629.395042,2420,143844.0,,,,,,,,,,,,,,,,0.0000,,,,0.0,0.0,0.0,0.0,0.0,0.0,0.0,0.0,0.0,-2959324,-9590302,167685161,111607315,-6007774,-8232579,-0.1771304608435059,-0.5740279242449952,10.036802271244204,25.802890521583556,-1.3889585534820557,-1.903319102760315,61,ee82fe00,43.51431219345,-79.68341814601,170.185,-37.1,SOL_COMPUTED,SINGLE,good,4.9589,1.8406,4.3612,16,16,0.0,0.0,0,0,0,0,0,0,0,0,0,STATISTICANALYSIS,L1,2.745,-6.162,0.651,0.284
2026-05-25 11:57:10.389232,1779724630.389232,2420,143845.0,,,,,,,,,,,,,,,,0.0000,,,,0.0,0.0,0.0,0.0,0.0,0.0,0.0,0.0,0.0,-5634084,-4870616,163944354,-353725,844532,774581,-0.3372283316564942,-0.29153092282958987,9.8128961130011,-0.0817789358139038,0.19525034481811523,0.17907812532806397,61,ee83fe00,43.51431633244,-79.68341765635,170.6193,-37.1,SOL_COMPUTED,SINGLE,good,4.9424,1.8435,4.3473,16,16,0.0,0.0,0,0,0,0,0,0,0,0,0,STATISTICANALYSIS,L1,2.574,-6.162,0.651,0.284
2026-05-25 11:57:11.427366,1779724631.427366,2420,143846.0,,,,,,,,,,,,,,,,0.0000,,,,0.0,0.0,0.0,0.0,0.0,0.0,0.0,0.0,0.0,-11678580,-4360164,174776256,-227807101,-114960972,-9724684,-0.6990218906066895,-0.2609777971838379,10.461240056777346,-52.667530682395935,-26.57823436367798,-2.2482841434631347,61,ee83fe00,43.51431447514,-79.68341810229,170.4345,-37.1,SOL_COMPUTED,SINGLE,good,4.9054,1.8236,4.3206,16,16,0.0,0.0,0,0,0,0,0,0,0,0,0,STATISTICANALYSIS,L1,2.175,-6.162,0.651,0.284
2026-05-25 11:57:12.399218,1779724632.399218,2420,143847.0,,,,,,,,,,,,,,,,0.0000,,,,0.0,0.0,0.0,0.0,0.0,0.0,0.0,0.0,0.0,37815279,-74547229,174238603,-116840083,-26361599,-2270585,2.2634350940267947,-4.462027485796204,10.429058814147645,-27.012672692481996,-6.094631458259583,-0.5249445896530152,61,ee83fe00,43.51421270209,-79.68336353096,167.5207,-37.1,SOL_COMPUTED,SINGLE,good,5.2347,2.2606,4.4066,16,16,0.0,0.0,0,0,0,0,0,0,0,0,0,SPECTRUMANALYSIS,L5,1174.099,1.685,-67.427,-125.835
2026-05-25 11:57:13.493125,1779724633.493125,2420,143848.0,,,,,,,,,,,,,,,,0.0000,,,,0.0,0.0,0.0,0.0,0.0,0.0,0.0,0.0,0.0,-8210214,-34911170,155728927,70861848,2276770,-8724989,-0.4914226997259522,-2.0896095292999273,9.321161388943787,16.38280166583252,0.5263745217132568,-2.017161115013123,61,ee84fe00,43.51423534974,-79.68337763724,167.7204,-37.1,SOL_COMPUTED,SINGLE,good,5.3525,2.0348,4.4903,18,18,0.0,0.0,0,0,0,0,0,0,0,0,0,SPECTRUMANALYSIS,L5,1174.099,1.685,-67.427,-125.835
2026-05-25 11:57:14.383684,1779724634.383684,2420,143849.0,,,,,,,,,,,,,,,,0.0000,,,,0.0,0.0,0.0,0.0,0.0,0.0,0.0,0.0,0.0,-6986189,-6600220,165174701,-306175,430860,-234697,-0.4181586325491334,-0.3950564420349122,9.886538583750307,-0.07078568286895752,0.09961204971313477,-0.054260430839538576,61,ee84fe00,43.51424604868,-79.68337685861,168.5232,-37.1,SOL_COMPUTED,SINGLE,good,4.998,1.9389,4.2385,18,18,0.0,0.0,0,0,0,0,0,0,0,0,0,SPECTRUMANALYSIS,L5,1179.299,1.685,-67.259,-128.056
2026-05-25 11:57:15.385223,1779724635.385223,2420,143850.0,,,,,,,,,,,,,,,,0.0000,,,,0.0,0.0,0.0,0.0,0.0,0.0,0.0,0.0,0.0,-6397935,-6913012,164132326,212811,49602,49764,-0.38294866496429447,-0.413778620177002,9.824147184862673,0.04920052896881104,0.011467662094116211,0.011505115447998046,61,ee84fe00,43.51423901824,-79.68339421857,166.4962,-37.1,SOL_COMPUTED,SINGLE,good,4.8653,1.9255,4.2101,17,17,0.0,0.0,0,0,0,0,0,0,0,0,0,SPECTRUMANALYSIS,L5,1179.299,1.685,-67.259,-128.056
2026-05-25 11:57:16.582902,1779724636.582902,2420,143851.0,,,,,,,,,,,,,,,,0.0000,,,,0.0,0.0,0.0,0.0,0.0,0.0,0.0,0.0,0.0,-6269916,-7355363,164695398,339040,-91569,8515,-0.3752860824060059,-0.4402555576412964,9.85784988279236,0.07838385864257813,-0.021170161491394043,0.001968613014221191,61,ee84fe00,43.51424834505,-79.68338463212,167.3647,-37.1,SOL_COMPUTED,SINGLE,good,5.1136,1.967,4.2764,18,18,0.0,0.0,0,0,0,0,0,0,0,0,0,SPECTRUMANALYSIS,L5,1179.299,1.685,-67.259,-128.056
2026-05-25 11:57:17.604344,1779724637.604344,2420,143852.0,,,,,,,,,,,,,,,,0.0000,,,,0.0,0.0,0.0,0.0,0.0,0.0,0.0,0.0,0.0,-7079361,-8069292,163505993,155412,402289,108180,-0.4237354464761353,-0.4829878075671387,9.786657997152407,0.03593025082397461,0.09300661901092529,0.02501051742553711,61,ee84fe00,43.51424007068,-79.6834009961,165.0689,-37.1,SOL_COMPUTED,SINGLE,good,4.6162,1.7931,4.071,18,18,0.0,0.0,0,0,0,0,0,0,0,0,0,SPECTRUMANALYSIS,L5,1175.344,4.321,-63.765,-126.81
2026-05-25 11:57:18.594478,1779724638.594478,2420,143853.0,,,,,,,,,,,,,,,,0.0000,,,,0.0,0.0,0.0,0.0,0.0,0.0,0.0,0.0,0.0,-6908932,-8213085,164214436,-610448,290418,14433,-0.4135344116076661,-0.49159454355010995,9.829061882320557,-0.14113163562011719,0.06714276622009277,0.0033368163986206055,61,ee85fe00,43.5142543334,-79.68340445301,165.9322,-37.1,SOL_COMPUTED,SINGLE,good,4.5592,1.7852,4.0495,18,18,0.0,0.0,0,0,0,0,0,0,0,0,0,SPECTRUMANALYSIS,L5,1175.344,4.321,-63.765,-126.81
2026-05-25 11:57:19.712993,1779724639.712993,2420,143854.0,,,,,,,,,,,,,,,,0.0000,,,,0.0,0.0,0.0,0.0,0.0,0.0,0.0,0.0,0.0,-6900558,-8700764,164912799,-370681,-64774,34723,-0.41303318549011236,-0.5207845903356935,9.87086242867035,-0.08569905352020264,-0.014975330520629883,0.008027733375549316,61,ee85fe00,43.51426035145,-79.68340679558,166.0107,-37.1,SOL_COMPUTED,SINGLE,good,4.604,1.7623,4.0933,19,19,0.0,0.0,0,0,0,0,0,0,0,0,0,SPECTRUMANALYSIS,L5,1175.344,4.321,-63.765,-126.81
2026-05-25 11:57:20.697792,1779724640.697792,2420,143855.0,,,,,,,,,,,,,,,,0.0000,,,,0.0,0.0,0.0,0.0,0.0,0.0,0.0,0.0,0.0,-5827835,-8180354,165552430,-435359,-289891,258065,-0.34882530580291754,-0.48963542818664557,9.909147568722535,-0.1006521894607544,-0.06702092722320557,0.059662961540222166,61,ee86fe00,43.51425460914,-79.68340157581,165.6095,-37.1,SOL_COMPUTED,SINGLE,good,4.6004,1.7716,4.21,18,18,0.0,0.0,0,0,0,0,0,0,0,0,0,STATISTICANALYSIS,L5,2.896,-3.317,0.539,0.443
2026-05-25 11:57:21.714841,1779724641.714841,2420,143856.0,,,,,,,,,,,,,,,,0.0000,,,,0.0,0.0,0.0,0.0,0.0,0.0,0.0,0.0,0.0,-7063480,-8421930,164470333,-231058,-25345,8932,-0.4227848885620118,-0.5040949696929933,9.844378607876283,-0.053419117538452146,-0.0058596003341674805,0.002065020721435547,61,ee86fe00,43.5142654047,-79.68340454224,166.5999,-37.1,SOL_COMPUTED,SINGLE,good,4.4985,1.7468,4.0479,19,18,0.0,0.0,0,0,0,0,0,0,0,0,0,STATISTICANALYSIS,L5,5.501,-3.317,0.539,0.443
2026-05-25 11:57:22.823353,1779724642.823353,2420,143857.0,,,,,,,,,,,,,,,,0.0000,,,,0.0,0.0,0.0,0.0,0.0,0.0,0.0,0.0,0.0,-6853142,-8429853,164069466,47733,83496,-85270,-0.41019509884216315,-0.5045692011868287,9.820384696953736,0.011035561363220215,0.019303736022949217,-0.01971387336730957,61,ee86fe00,43.51424103909,-79.6834001163,165.2384,-37.1,SOL_COMPUTED,SINGLE,good,4.4668,1.7419,4.0291,19,18,0.0,0.0,0,0,0,0,0,0,0,0,0,STATISTICANALYSIS,L5,4.026,-3.317,0.539,0.443
2026-05-25 11:57:23.747982,1779724643.747982,2420,143858.0,,,,,,,,,,,,,,,,0.0000,,,,0.0,0.0,0.0,0.0,0.0,0.0,0.0,0.0,0.0,-6699984,-8411546,164022116,36244,22677,-7228,-0.4010278203955079,-0.5034734349420167,9.817550560738526,0.00837937875366211,0.00524277596282959,-0.001671066925048828,61,ee86fe00,43.51423304673,-79.68340041583,164.3019,-37.1,SOL_COMPUTED,SINGLE,good,4.6813,1.7762,4.1633,19,18,0.0,0.0,0,0,0,0,0,0,0,0,0,STATISTICANALYSIS,L5,3.453,-2.164,0.554,0.559
2026-05-25 11:57:24.683535,1779724644.683535,2420,143859.0,,,,,,,,,,,,,,,,0.0000,,,,0.0,0.0,0.0,0.0,0.0,0.0,0.0,0.0,0.0,-6790087,-8519236,163903406,82063,15502,-19826,-0.40642093920013433,-0.5099192243615723,9.810445168761598,0.01897243567657471,0.0035839622955322267,-0.0045836431732177736,61,ee87fe00,43.51425290697,-79.68340215868,166.2418,-37.1,SOL_COMPUTED,SINGLE,good,4.4527,1.724,4.043,19,18,0.0,0.0,0,0,0,0,0,0,0,0,0,STATISTICANALYSIS,L5,1.434,-2.164,0.554,0.559
2026-05-25 11:57:25.631678,1779724645.631678,2420,143860.0,,,,,,,,,,,,,,,,0.0000,,,,0.0,0.0,0.0,0.0,0.0,0.0,0.0,0.0,0.0,-6747699,-8461816,164483900,43235,29646,26069,-0.40388380370086674,-0.5064823478784181,9.845190661224366,0.009995652809143066,0.006853963760375977,0.00602698445892334,61,ee87fe00,43.51424565393,-79.68339886137,165.9926,-37.1,SOL_COMPUTED,SINGLE,good,4.5702,1.7603,4.0946,20,18,0.0,0.0,0,0,0,0,0,0,0,0,0,STATISTICANALYSIS,L5,1.754,-2.164,0.554,0.559
2026-05-25 11:57:26.780358,1779724646.780358,2420,143861.0,,,,,,,,,,,,,,,,0.0000,,,,0.0,0.0,0.0,0.0,0.0,0.0,0.0,0.0,0.0,-6927209,-8235539,164008605,97538,49504,-320,-0.414628382201233,-0.49293852865203863,9.816741859272767,0.022550155746459962,0.011445005126953125,-7.398193359375e-05,61,ee87fe00,43.51424176052,-79.68340308673,165.2375,-37.1,SOL_COMPUTED,SINGLE,good,4.5608,1.7703,4.0934,20,19,0.0,0.0,0,0,0,0,0,0,0,0,0,STATISTICANALYSIS,L5,2.295,-1.421,0.641,0.42
2026-05-25 11:57:27.646050,1779724647.646050,2420,143862.0,,,,,,,,,,,,,,,,0.0000,,,,0.0,0.0,0.0,0.0,0.0,0.0,0.0,0.0,0.0,-7024316,-8035260,163627514,-1940250,-146439,50560,-0.4204407257165528,-0.4809508207946778,9.793931641651003,-0.4485732707977295,-0.03385575116729737,0.0116891455078125,61,ee88fe00,43.5143049104,-79.68341034174,170.9149,-37.1,SOL_COMPUTED,SINGLE,good,4.5763,1.7647,4.0965,21,19,0.0,0.0,0,0,0,0,0,0,0,0,0,STATISTICANALYSIS,L1,1.909,-3.612,0.615,0.291
2026-05-25 11:57:28.714551,1779724648.714551,2420,143863.0,,,,,,,,,,,,,,,,0.0000,,,,0.0,0.0,0.0,0.0,0.0,0.0,0.0,0.0,0.0,-5884651,-9555237,162903854,971279,244919,182720,-0.3522260298410035,-0.5719291072146607,9.750616942316286,0.22455343274688722,0.056623691230773925,0.04224368408203125,61,ee88fe00,43.51427646491,-79.68340884964,167.7946,-37.1,SOL_COMPUTED,SINGLE,good,4.4714,1.7412,4.0339,20,19,0.0,0.0,0,0,0,0,0,0,0,0,0,STATISTICANALYSIS,L1,2.074,-3.612,0.615,0.291
2026-05-25 11:57:29.764955,1779724649.764955,2420,143864.0,,,,,,,,,,,,,,,,0.0000,,,,0.0,0.0,0.0,0.0,0.0,0.0,0.0,0.0,0.0,-6412527,-9571216,164050497,114676,-68500,-165417,-0.3838220697299195,-0.5728855309228517,9.819249306671448,0.026512350677490235,-0.01583675765991211,-0.0382433422164917,61,ee89fe00,43.51427804547,-79.68340770845,168.155,-37.1,SOL_COMPUTED,SINGLE,good,4.4827,1.7543,4.029,21,19,0.0,0.0,0,0,0,0,0,0,0,0,0,STATISTICANALYSIS,L1,1.231,-3.612,0.615,0.291
2026-05-25 11:57:30.684170,1779724650.684170,2420,143865.0,,,,,,,,,,,,,,,,0.0000,,,,0.0,0.0,0.0,0.0,0.0,0.0,0.0,0.0,0.0,-6844536,-7525028,163158155,-888589,119219,-227586,-0.40967998635498054,-0.4504108632580567,9.765838139225771,-0.20543603871917723,0.027562662940979005,-0.05261641355895996,61,ee89fe00,43.51428777754,-79.68341262601,168.429,-37.1,SOL_COMPUTED,SINGLE,good,4.4333,1.727,4.0255,21,19,0.0,0.0,0,0,0,0,0,0,0,0,0,STATISTICANALYSIS,L1,1.927,-0.674,0.452,0.382
2026-05-25 11:57:31.647929,1779724651.647929,2420,143866.0,,,,,,,,,,,,,,,,0.0000,,,,0.0,0.0,0.0,0.0,0.0,0.0,0.0,0.0,0.0,-6232108,-8438933,164110565,375652,3070,339365,-0.37302308299682624,-0.5051126849636841,9.822844679304506,0.08684831661987305,0.000709764175415039,0.07845899654388427,61,ee89fe00,43.51420187297,-79.68340616448,159.9531,-37.1,SOL_COMPUTED,SINGLE,good,5.3123,1.7454,4.7629,21,19,0.0,0.0,0,0,0,0,0,0,0,0,0,STATISTICANALYSIS,L1,1.007,-0.674,0.452,0.382
2026-05-25 11:57:32.704489,1779724652.704489,2420,143867.0,,,,,,,,,,,,,,,,0.0000,,,,0.0,0.0,0.0,0.0,0.0,0.0,0.0,0.0,0.0,-6886284,-8658840,164250815,150013,-114535,254738,-0.41217881462768563,-0.5182752275756837,9.831239348875428,0.03468203688812256,-0.026479752388000488,0.05889378062438965,61,ee8afe00,43.51424532652,-79.68340864813,164.4652,-37.1,SOL_COMPUTED,SINGLE,good,4.5617,1.7292,4.1291,21,19,0.0,0.0,0,0,0,0,0,0,0,0,0,—,—,0.0,0.0,0.0,0.0
2026-05-25 11:57:33.626595,1779724653.626595,2420,143868.0,,,,,,,,,,,,,,,,0.0000,,,,0.0,0.0,0.0,0.0,0.0,0.0,0.0,0.0,0.0,-7048549,-8899727,162885604,-654622,125957,-260954,-0.421891192937317,-0.5326935289584351,9.749524587808839,-0.1513443791656494,0.029120445030212404,-0.060330879684448245,61,ee8afe00,43.51424639947,-79.68340623319,164.9785,-37.1,SOL_COMPUTED,SINGLE,good,4.5034,1.7354,4.0695,21,19,0.0,0.0,0,0,0,0,0,0,0,0,0,—,—,0.0,0.0,0.0,0.0
2026-05-25 11:57:34.513985,1779724654.513985,2420,143869.0,,,,,,,,,,,,,,,,0.0000,,,,0.0,0.0,0.0,0.0,0.0,0.0,0.0,0.0,0.0,-6563052,-8352189,164320601,-351459,102744,-104585,-0.39283174985229496,-0.4999206192434693,9.83541639280182,-0.08125505124664306,0.02375374932861328,-0.024179376640319824,61,ee8afe00,43.51425616887,-79.6834080172,165.9327,-37.1,SOL_COMPUTED,SINGLE,good,4.3772,1.7216,3.9933,21,19,0.0,0.0,0,0,0,0,0,0,0,0,0,—,—,0.0,0.0,0.0,0.0
2026-05-25 11:57:35.574743,1779724655.574743,2420,143870.0,,,,,,,,,,,,,,,,0.0000,,,,0.0,0.0,0.0,0.0,0.0,0.0,0.0,0.0,0.0,-7016816,-8592826,164454008,-182155,-36333,-30076,-0.4199918129052735,-0.5143239568658448,9.843401474323732,-0.042113059730529784,-0.00839995497894287,-0.006953376983642578,61,ee8bfe00,43.5142518237,-79.68340386217,165.9985,-37.1,SOL_COMPUTED,SINGLE,good,4.3412,1.7276,3.9526,22,20,0.0,0.0,0,0,0,0,0,0,0,0,0,—,—,0.0,0.0,0.0,0.0
2026-05-25 11:57:36.731390,1779724656.731390,2420,143871.0,,,,,,,,,,,,,,,,0.0000,,,,0.0,0.0,0.0,0.0,0.0,0.0,0.0,0.0,0.0,-6320611,-9338499,164610536,145706,22134,55261,-0.3783204337350464,-0.5589562452291871,9.852770464260255,0.03368628630065918,0.005117237869262695,0.012775986351013183,61,ee8bfe00,43.514227836,-79.68339436306,165.6172,-37.1,SOL_COMPUTED,SINGLE,good,4.9253,1.9991,4.1937,19,18,0.0,0.0,0,0,0,0,0,0,0,0,0,—,—,0.0,0.0,0.0,0.0
2026-05-25 11:57:37.770919,1779724657.770919,2420,143872.0,,,,,,,,,,,,,,,,0.0000,,,,0.0,0.0,0.0,0.0,0.0,0.0,0.0,0.0,0.0,-6948553,-8952458,163788209,538630,93592,109851,-0.4159059282070923,-0.5358497451519776,9.803550047545473,0.12452777778625489,0.02163786602783203,0.02539684183502197,61,ee8bfe00,43.51419816318,-79.6834072869,159.3716,-37.1,SOL_COMPUTED,SINGLE,good,5.4833,1.7741,4.9035,19,18,0.0,0.0,0,0,0,0,0,0,0,0,0,—,—,0.0,0.0,0.0,0.0
2026-05-25 11:57:38.803425,1779724658.803425,2420,143873.0,,,,,,,,,,,,,,,,0.0000,,,,0.0,0.0,0.0,0.0,0.0,0.0,0.0,0.0,0.0,-6635210,-8898190,164544127,-178034,230022,-384403,-0.39715076993713383,-0.5326015317596436,9.848795550809022,-0.041160311141967776,0.05317960102844238,-0.08887149131011964,61,ee8cfe00,43.51429485578,-79.6834142928,169.1429,-37.1,SOL_COMPUTED,SINGLE,good,4.4673,1.7427,4.0367,20,19,0.0,0.0,0,0,0,0,0,0,0,0,0,—,—,0.0,0.0,0.0,0.0
2026-05-25 11:57:39.740417,1779724659.740417,2420,143874.0,,,,,,,,,,,,,,,,0.0000,,,,0.0,0.0,0.0,0.0,0.0,0.0,0.0,0.0,0.0,-7200563,-8526434,164202364,-75922,142869,-10346,-0.4309899972164918,-0.5103500609503174,9.828339312259523,-0.017552676132202148,0.03303039022064209,-0.0023919283905029297,61,ee8cfe00,43.51427611347,-79.68340250072,169.0537,-37.1,SOL_COMPUTED,SINGLE,good,4.6546,1.8578,4.0211,20,19,0.0,0.0,0,0,0,0,0,0,0,0,0,STATISTICANALYSIS,L5,4.916,-4.498,0.522,0.342
2026-05-25 11:57:40.746679,1779724660.746679,2420,143875.0,,,,,,,,,,,,,,,,0.0000,,,,0.0,0.0,0.0,0.0,0.0,0.0,0.0,0.0,0.0,-6555782,-10122778,164034687,-41614,123544,51007,-0.39239660370056156,-0.6058992973248292,9.818302998465272,-0.009620888076782226,0.02856257501220703,0.01179248902130127,61,ee8dfe00,43.51422995393,-79.68339249387,165.4408,-37.1,SOL_COMPUTED,SINGLE,good,4.8047,1.8578,4.1527,20,19,0.0,0.0,0,0,0,0,0,0,0,0,0,—,—,0.0,0.0,0.0,0.0
2026-05-25 11:57:41.634987,1779724661.634987,2420,143876.0,,,,,,,,,,,,,,,,0.0000,,,,0.0,0.0,0.0,0.0,0.0,0.0,0.0,0.0,0.0,-7032620,-8094630,164027728,273828,45462,-10481,-0.42093776198120125,-0.4845044146087647,9.817886467231446,0.0633072653503418,0.01051052082824707,-0.002423139518737793,61,ee8dfe00,43.51424070163,-79.68339990504,165.3464,-37.1,SOL_COMPUTED,SINGLE,good,4.7039,1.7883,4.1743,21,19,0.0,0.0,0,0,0,0,0,0,0,0,0,STATISTICANALYSIS,L2,2.092,3.116,0.689,0.444
2026-05-25 11:57:42.700633,1779724662.700633,2420,143877.0,,,,,,,,,,,,,,,,0.0000,,,,0.0,0.0,0.0,0.0,0.0,0.0,0.0,0.0,0.0,-7204426,-8474054,164592984,18246,-4678,-45283,-0.43122121724182133,-0.5072148538763428,9.851719888571779,0.004218357376098633,-0.0010815233917236327,-0.010469137184143067,61,ee8efe00,43.51422697586,-79.68339115182,165.2748,-37.1,SOL_COMPUTED,SINGLE,good,4.6079,1.7972,4.0835,22,19,0.0,0.0,0,0,0,0,0,0,0,0,0,STATISTICANALYSIS,L2,3.643,3.116,0.689,0.444
2026-05-25 11:57:43.625112,1779724663.625112,2420,143878.0,,,,,,,,,,,,,,,,0.0000,,,,0.0,0.0,0.0,0.0,0.0,0.0,0.0,0.0,0.0,-6731012,-8770025,164444685,-341790,189387,-24179,-0.4028850026232911,-0.5249302103652955,9.842843445771791,-0.07901964088439942,0.043785051429748534,-0.005590028663635254,61,ee8efe00,43.51422455548,-79.68338978926,165.2051,-37.1,SOL_COMPUTED,SINGLE,good,4.5638,1.7615,4.09,21,19,0.0,0.0,0,0,0,0,0,0,0,0,0,STATISTICANALYSIS,L2,37.433,3.116,0.689,0.444
2026-05-25 11:57:44.620122,1779724664.620122,2420,143879.0,,,,,,,,,,,,,,,,0.0000,,,,0.0,0.0,0.0,0.0,0.0,0.0,0.0,0.0,0.0,-6281131,-9381112,163894398,184912,-357200,373509,-0.37595735669647223,-0.5615068481127931,9.80990599454773,0.04275046032714844,-0.08258233337402343,0.0863528688583374,61,ee8efe00,43.51430486362,-79.6834046803,171.8874,-37.1,SOL_COMPUTED,SINGLE,good,4.4777,1.7511,4.031,22,19,0.0,0.0,0,0,0,0,0,0,0,0,0,STATISTICANALYSIS,L5,2.528,-5.477,0.651,0.423
2026-05-25 11:57:45.697704,1779724665.697704,2420,143880.0,,,,,,,,,,,,,,,,0.0000,,,,0.0,0.0,0.0,0.0,0.0,0.0,0.0,0.0,0.0,-6613093,-8470132,164800322,262873,-106460,-24353,-0.39582695598419193,-0.5069801024035645,9.864130113167116,0.060774540092468264,-0.024612864532470705,-0.005630256340026856,61,ee8ffe00,43.51430875488,-79.68340695027,171.9256,-37.1,SOL_COMPUTED,SINGLE,good,4.4789,1.7451,4.0412,22,19,0.0,0.0,0,0,0,0,0,0,0,0,0,STATISTICANALYSIS,L5,1.511,-1.49,0.599,0.428
2026-05-25 11:57:46.784447,1779724666.784447,2420,143881.0,,,,,,,,,,,,,,,,0.0000,,,,0.0,0.0,0.0,0.0,0.0,0.0,0.0,0.0,0.0,-2059577,-8001297,164587419,186436,-42594,4841239,-0.12327606681549073,-0.47891796402008063,9.85138679526581,0.04310279928588867,-0.009847457748413085,1.119263194404602,61,ee8ffe00,43.51431887459,-79.68341244284,172.315,-37.1,SOL_COMPUTED,SINGLE,good,4.4665,1.7447,4.0341,22,19,0.0,0.0,0,0,0,0,0,0,0,0,0,—,—,0.0,0.0,0.0,0.0
2026-05-25 11:57:47.782060,1779724667.782060,2420,143882.0,,,,,,,,,,,,,,,,0.0000,,,,0.0,0.0,0.0,0.0,0.0,0.0,0.0,0.0,0.0,1490255,-7624909,164661347,-77793,18116,19262571,0.08919927487640382,-0.4563892446585084,9.85581175877411,-0.017985239250183107,0.004188302215576172,4.453382026771545,61,ee8ffe00,43.51428713597,-79.68340856753,169.2181,-37.1,SOL_COMPUTED,SINGLE,good,4.6986,1.9006,4.1278,19,17,0.0,0.0,0,0,0,0,0,0,0,0,0,—,—,0.0,0.0,0.0,0.0
2026-05-25 11:57:48.800829,1779724668.800829,2420,143883.0,,,,,,,,,,,,,,,,0.0000,,,,0.0,0.0,0.0,0.0,0.0,0.0,0.0,0.0,0.0,-3240699,-4337688,164028152,1632357,-600862,33418118,-0.1939721731466675,-0.25963249527099613,9.817911845769045,0.3773903974227905,-0.1389154143218994,7.726053083450317,61,ee90fe00,43.51435338019,-79.68343789847,171.3109,-37.1,SOL_COMPUTED,SINGLE,good,5.9374,2.4335,4.3794,18,15,0.0,0.0,0,0,0,0,0,0,0,0,0,—,—,0.0,0.0,0.0,0.0
2026-05-25 11:57:49.937311,1779724669.937311,2420,143884.0,,,,,,,,,,,,,,,,0.0000,,,,0.0,0.0,0.0,0.0,0.0,0.0,0.0,0.0,0.0,-3166086,-3661975,165019933,753647,-2206098,34184876,-0.18950620893493655,-0.21918766561126712,9.87727493868683,0.17423831970977782,-0.5100356116790772,7.903322581695557,61,ee90fe00,43.51420957712,-79.68340239167,158.5627,-37.1,SOL_COMPUTED,SINGLE,good,5.6854,1.8341,5.0882,19,16,0.0,0.0,0,0,0,0,0,0,0,0,0,—,—,0.0,0.0,0.0,0.0
2026-05-25 11:57:50.901097,1779724670.901097,2420,143885.0,,,,,,,,,,,,,,,,0.0000,,,,0.0,0.0,0.0,0.0,0.0,0.0,0.0,0.0,0.0,9064240,-2633912,165678906,-766926,-3459864,16089669,0.5425404614013672,-0.15765291207763674,9.916717794951783,-0.17730833876037597,-0.7998982146606445,3.7198275734481814,61,ee91fe00,43.51416616101,-79.68336576215,157.019,-37.1,SOL_COMPUTED,SINGLE,good,6.6662,2.2817,5.7977,17,14,0.0,0.0,0,0,0,0,0,0,0,0,0,—,—,0.0,0.0,0.0,0.0
2026-05-25 11:57:51.853434,1779724671.853434,2420,143886.0,,,,,,,,,,,,,,,,0.0000,,,,0.0,0.0,0.0,0.0,0.0,0.0,0.0,0.0,0.0,1371513,2253949,165395272,-97800,1461785,-2870772,0.08209196753814699,0.134910210942688,9.899740870109865,-0.022610728454589845,0.337955252494812,-0.6637039483337402,61,ee91fe00,43.51426855175,-79.68340268855,157.4272,-37.1,SOL_COMPUTED,SINGLE,good,5.1818,1.8191,5.0744,21,17,0.0,0.0,0,0,0,0,0,0,0,0,0,—,—,0.0,0.0,0.0,0.0
2026-05-25 11:57:52.800372,1779724672.800372,2420,143887.0,,,,,,,,,,,,,,,,0.0000,,,,0.0,0.0,0.0,0.0,0.0,0.0,0.0,0.0,0.0,250549,-5229296,163152181,2909814,2760328,-12861956,0.01499662079376221,-0.312999729116211,9.765480565207826,0.6727302066192627,0.6381700087280273,-2.9736011708679198,61,ee91fe00,43.51424562303,-79.68335891903,158.8292,-37.1,SOL_COMPUTED,SINGLE,good,5.5935,2.152,5.0477,19,15,0.0,0.0,0,0,0,0,0,0,0,0,0,—,—,0.0,0.0,0.0,0.0
2026-05-25 11:57:53.771083,1779724673.771083,2420,143888.0,,,,,,,,,,,,,,,,0.0000,,,,0.0,0.0,0.0,0.0,0.0,0.0,0.0,0.0,0.0,-5139893,-8281714,163002612,756603,-4677067,-12106158,-0.30764850884063727,-0.4957023351934815,9.756528106505128,0.1749217278213501,-1.0813076881484986,-2.7988655538482665,61,ee92fe00,43.51432730706,-79.68338943802,157.4796,-37.1,SOL_COMPUTED,SINGLE,good,5.4868,2.1283,5.0993,23,17,0.0,0.0,0,0,0,0,0,0,0,0,0,—,—,0.0,0.0,0.0,0.0
2026-05-25 11:57:54.814625,1779724674.814625,2420,143889.0,,,,,,,,,,,,,,,,0.0000,,,,0.0,0.0,0.0,0.0,0.0,0.0,0.0,0.0,0.0,-7493255,-2208285,164536724,4574996,-4006069,-9197356,-0.4485090890243531,-0.13217699032745364,9.848352443936768,1.0577095320739747,-0.926177283531189,-2.126369315093994,61,ee93fe00,43.5143220959,-79.6833479051,158.3024,-37.1,SOL_COMPUTED,SINGLE,good,4.9561,1.9332,5.1888,23,16,0.0,0.0,0,0,0,0,0,0,0,0,0,STATISTICANALYSIS,L5,3.097,-1.14,0.607,0.366
2026-05-25 11:57:55.876153,1779724675.876153,2420,143890.0,,,,,,,,,,,,,,,,0.0000,,,,0.0,0.0,0.0,0.0,0.0,0.0,0.0,0.0,0.0,-6715791,-2170738,167827798,2030605,-6187307,6119891,-0.40197394903656014,-0.12992961308410647,10.045339814799195,0.46946276332855225,-1.4304654237442016,1.4148792798843384,61,ee93fe00,43.51435678592,-79.6833281815,159.8916,-37.1,SOL_COMPUTED,SINGLE,good,5.7546,1.9112,5.5756,23,15,0.0,0.0,0,0,0,0,0,0,0,0,0,STATISTICANALYSIS,L5,2.13,-1.14,0.607,0.366
2026-05-25 11:57:56.825780,1779724676.825780,2420,143891.0,,,,,,,,,,,,,,,,0.0000,,,,0.0,0.0,0.0,0.0,0.0,0.0,0.0,0.0,0.0,-1074164,12389351,166306599,7765639,-2147557,41519870,-0.06429413080200196,0.7415651183114625,9.954288385518495,1.795365590034485,-0.49650131050872803,9.59912582862854,61,ee93fe00,43.51440447003,-79.6833223303,160.8678,-37.1,SOL_COMPUTED,SINGLE,good,5.8241,2.039,5.4895,23,15,0.0,0.0,0,0,0,0,0,0,0,0,0,STATISTICANALYSIS,L2,2.136,3.8,0.928,0.499
2026-05-25 11:57:57.926937,1779724677.926937,2420,143892.0,,,,,,,,,,,,,,,,0.0000,,,,0.0,0.0,0.0,0.0,0.0,0.0,0.0,0.0,0.0,-5652788,19561460,160554160,5391115,5933722,57198660,-0.33834786035278325,1.1708520001770022,9.609975910424806,1.2463909747695923,1.371838209274292,13.223960830535889,61,ee93fe00,43.51443780665,-79.68332330591,154.5922,-37.1,SOL_COMPUTED,SINGLE,good,6.0818,2.3984,7.7043,23,15,0.0,0.0,0,0,0,0,0,0,0,0,0,SPECTRUMANALYSIS,L5,1173.147,1.392,-68.445,-127.083
2026-05-25 11:57:58.894103,1779724678.894103,2420,143893.0,,,,,,,,,,,,,,,,0.0000,,,,0.0,0.0,0.0,0.0,0.0,0.0,0.0,0.0,0.0,-5548991,25035240,165356384,-2628895,7580993,63914785,-0.3321350866098023,1.498485329260254,9.89741322725586,-0.6077835478591919,1.7526766271896361,14.776685561027527,61,ee94fe00,43.51452185205,-79.68333834868,162.5941,-37.1,SOL_COMPUTED,SINGLE,good,5.2543,2.3453,6.2133,22,14,0.0,0.0,0,0,0,0,0,0,0,0,0,SPECTRUMANALYSIS,L5,1173.147,1.392,-68.445,-127.083
2026-05-25 11:57:59.932855,1779724679.932855,2420,143894.0,,,,,,,,,,,,,,,,0.0000,,,,0.0,0.0,0.0,0.0,0.0,0.0,0.0,0.0,0.0,-8306158,18592050,161275732,-3248690,-1825642,39097512,-0.497165431828003,1.1128279243927004,9.653165632432863,-0.751076149520874,-0.42207664128112793,9.039092301452637,61,ee95fe00,43.51464376513,-79.68339801372,168.5654,-37.1,SOL_COMPUTED,SINGLE,good,5.8237,2.6505,6.1176,22,15,0.0,0.0,0,0,0,0,0,0,0,0,0,SPECTRUMANALYSIS,L5,1173.147,1.392,-68.445,-127.083
2026-05-25 11:58:00.939249,1779724680.939249,2420,143895.0,,,,,,,,,,,,,,,,0.0000,,,,0.0,0.0,0.0,0.0,0.0,0.0,0.0,0.0,0.0,-6367392,7419039,164699376,-1955404,4213758,13080902,-0.3811205124316407,0.4440668872640992,9.858087986147462,-0.4520767777404785,0.974193639175415,3.0242200722198485,61,ee95fe00,43.514576257,-79.68336337927,164.143,-37.1,SOL_COMPUTED,SINGLE,good,4.7377,2.3394,5.9454,26,16,0.0,0.0,0,0,0,0,0,0,0,0,0,STATISTICANALYSIS,L5,1.87,-3.563,1.374,0.289
2026-05-25 11:58:02.082058,1779724682.082058,2420,143896.0,,,,,,,,,,,,,,,,0.0000,,,,0.0,0.0,0.0,0.0,0.0,0.0,0.0,0.0,0.0,-2771450,3202771,163455627,-1760750,2677905,6553715,-0.165885254776001,0.19170199113250735,9.78364333813202,-0.40707402992248537,0.6191143433761597,1.5151765872573852,61,ee95fe00,43.51458361813,-79.68337835762,162.9981,-37.1,SOL_COMPUTED,SINGLE,good,4.85,2.3491,6.3514,25,15,0.0,0.0,0,0,0,0,0,0,0,0,0,—,—,0.0,0.0,0.0,0.0
2026-05-25 11:58:03.064426,1779724683.064426,2420,143897.0,,,,,,,,,,,,,,,,0.0000,,,,0.0,0.0,0.0,0.0,0.0,0.0,0.0,0.0,0.0,2150720,8191221,164273817,-1658284,2493492,5999113,0.12873143486328126,0.4902858729226685,9.832616134540102,-0.38338455239868163,0.576479248626709,1.3869561862106323,61,ee96fe00,43.51463420352,-79.68338885072,167.4295,-37.1,SOL_COMPUTED,SINGLE,good,4.972,2.3394,6.7564,25,15,0.0,0.0,0,0,0,0,0,0,0,0,0,—,—,0.0,0.0,0.0,0.0
2026-05-25 11:58:04.184355,1779724684.184355,2420,143898.0,,,,,,,,,,,,,,,,0.0000,,,,0.0,0.0,0.0,0.0,0.0,0.0,0.0,0.0,0.0,309266,-693291,163350838,-7785498,3404556,4539930,0.01851112926574707,-0.041496961579284675,9.777371188187868,-1.7999568625946045,0.7871113622131347,1.0496024993133546,61,ee96fe00,43.51466082163,-79.68340253186,168.6809,-37.1,SOL_COMPUTED,SINGLE,good,4.8909,2.3095,6.4504,26,16,0.0,0.0,0,0,0,0,0,0,0,0,0,STATISTICANALYSIS,L5,1.341,-1.746,0.604,0.295
2026-05-25 11:58:05.290454,1779724685.290454,2420,143899.0,,,,,,,,,,,,,,,,0.0000,,,,0.0,0.0,0.0,0.0,0.0,0.0,0.0,0.0,0.0,1793264,8321643,163600133,2480009,7763143,-6983158,0.10733589114746095,0.498092287145691,9.792292750759584,0.5733620660934449,1.7947885309524536,-1.614461035720825,61,ee97fe00,43.51467722631,-79.68342406389,168.4772,-37.1,SOL_COMPUTED,SINGLE,good,4.8014,2.2911,6.4601,25,16,0.0,0.0,0,0,0,0,0,0,0,0,0,STATISTICANALYSIS,L5,2.789,-1.746,0.604,0.295
2026-05-25 11:58:06.263690,1779724686.263690,2420,143900.0,,,,,,,,,,,,,,,,0.0000,,,,0.0,0.0,0.0,0.0,0.0,0.0,0.0,0.0,0.0,-21416339,-52479688,175036696,17395421,-3676811,-57979757,-1.2818758597067264,-3.141173903352051,10.476828703786623,4.021709003929138,-0.8500549601211548,-13.404545412986755,61,ee97fe00,43.51463060035,-79.68339620622,172.5291,-37.1,SOL_COMPUTED,SINGLE,good,5.2273,2.4995,6.1315,23,15,0.0,0.0,0,0,0,0,0,0,0,0,0,—,—,0.0,0.0,0.0,0.0
2026-05-25 11:58:07.386454,1779724687.386454,2420,143901.0,,,,,,,,,,,,,,,,0.0000,,,,0.0,0.0,0.0,0.0,0.0,0.0,0.0,0.0,0.0,2556571,-39364260,169224420,32001881,-2540794,-85765987,0.15302366331268313,-2.356149416070557,10.128934682574464,7.398628234428406,-0.5874151655731201,-19.82854235886383,61,ee98fe00,43.51474041272,-79.68343674142,170.031,-37.1,SOL_COMPUTED,SINGLE,good,4.726,2.3217,6.05,23,16,0.0,0.0,0,0,0,0,0,0,0,0,0,STATISTICANALYSIS,L5,1.812,-0.899,1.017,0.36
2026-05-25 11:58:08.343109,1779724688.343109,2420,143902.0,,,,,,,,,,,,,,,,0.0000,,,,0.0,0.0,0.0,0.0,0.0,0.0,0.0,0.0,0.0,5379442,-27826421,163999301,2347454,1847967,-101837669,0.3219867241778565,-1.6655515838601687,9.816184967966615,0.5427162060699463,0.4272380371170044,-23.544211454063415,61,ee98fe00,43.51462830198,-79.68340903308,151.445,-37.1,SOL_COMPUTED,SINGLE,good,6.8098,2.3907,8.0749,22,14,0.0,0.0,0,0,0,0,0,0,0,0,0,—,—,0.0,0.0,0.0,0.0
2026-05-25 11:58:09.231907,1779724689.231907,2420,143903.0,,,,,,,,,,,,,,,,0.0000,,,,0.0,0.0,0.0,0.0,0.0,0.0,0.0,0.0,0.0,7800725,-14556001,163314478,5667996,1162565,-53000777,0.46691271863555917,-0.871250043985901,9.775194858878786,1.310404074005127,0.2687775207138062,-12.25343738884735,61,ee99fe00,43.5146635446,-79.68338032041,151.3948,-37.1,SOL_COMPUTED,SINGLE,good,7.153,2.7448,10.7846,17,11,0.0,0.0,0,0,0,0,0,0,0,0,0,STATISTICANALYSIS,L5,3.689,-0.899,1.017,0.36
2026-05-25 11:58:10.509528,1779724690.509528,2420,143904.0,,,,,,,,,,,,,,,,0.0000,,,,0.0,0.0,0.0,0.0,0.0,0.0,0.0,0.0,0.0,9370039,-6793492,163589765,1808557,196337,-12737695,0.5608440732382203,-0.4066247456164551,9.791672173689271,0.4181266996078491,0.04539184654998779,-2.9448728300857545,61,ee99fe00,43.51464570142,-79.68333053153,150.709,-37.1,SOL_COMPUTED,SINGLE,good,6.8741,2.0306,6.8968,20,12,0.0,0.0,0,0,0,0,0,0,0,0,0,—,—,0.0,0.0,0.0,0.0
2026-05-25 11:58:11.505907,1779724691.505907,2420,143905.0,,,,,,,,,,,,,,,,0.0000,,,,0.0,0.0,0.0,0.0,0.0,0.0,0.0,0.0,0.0,6579524,479675,162223363,595513,969677,7566792,0.3938176820959473,0.028710967033386235,9.70988612526825,0.1376787600631714,0.2241830606918335,1.7493934476928712,61,ee99fe00,43.51474443729,-79.68328704093,151.4857,-37.1,SOL_COMPUTED,SINGLE,good,6.9696,2.0916,6.9414,20,12,0.0,0.0,0,0,0,0,0,0,0,0,0,—,—,0.0,0.0,0.0,0.0
2026-05-25 11:58:12.430708,1779724692.430708,2420,143906.0,,,,,,,,,,,,,,,,0.0000,,,,0.0,0.0,0.0,0.0,0.0,0.0,0.0,0.0,0.0,3789733,3206823,162659076,-549896,-913144,3062244,0.22683462600372317,0.1919445237606812,9.735965744967043,-0.12713240423583985,-0.21111299615478515,0.7079710382995605,61,ee9afe00,43.5147695182,-79.68316780412,157.1529,-37.1,SOL_COMPUTED,SINGLE,good,6.9589,2.7737,7.2811,19,11,0.0,0.0,0,0,0,0,0,0,0,0,0,—,—,0.0,0.0,0.0,0.0
2026-05-25 11:58:13.525513,1779724693.525513,2420,143907.0,,,,,,,,,,,,,,,,0.0000,,,,0.0,0.0,0.0,0.0,0.0,0.0,0.0,0.0,0.0,8064920,6075952,163720090,-994710,2415873,2953565,0.48272612132568365,0.36367635913574226,9.799472781973268,-0.22997052864074707,0.5585342370529175,0.6828451552963257,61,ee9afe00,43.51489890451,-79.683149906,155.5453,-37.1,SOL_COMPUTED,SINGLE,good,6.4472,1.9563,6.111,23,14,0.0,0.0,0,0,0,0,0,0,0,0,0,—,—,0.0,0.0,0.0,0.0
2026-05-25 11:58:14.599008,1779724694.599008,2420,143908.0,,,,,,,,,,,,,,,,0.0000,,,,0.0,0.0,0.0,0.0,0.0,0.0,0.0,0.0,0.0,937941,2178271,163168914,-1258575,-2322098,1951942,0.05614049748321534,0.1303805011117554,9.766482119617311,-0.29097441272735597,-0.5368540626068116,0.45127638569641115,61,ee9bfe00,43.51495388347,-79.68307546743,154.488,-37.1,SOL_COMPUTED,SINGLE,good,6.5087,1.9537,6.1662,19,13,0.0,0.0,0,0,0,0,0,0,0,0,0,—,—,0.0,0.0,0.0,0.0
2026-05-25 11:58:15.623246,1779724695.623246,2420,143909.0,,,,,,,,,,,,,,,,0.0000,,,,-0.0067265104413848,-0.0013992118368226,0.0022539577499801,-0.0037882238175092372,-8.241934504072625e-05,0.002753917228196843,-6.61169784181e-05,-1.4384889383e-06,4.80649229595e-05,-6118115,32609,169382389,-1595453,120028,1177373,-0.3662000272506714,0.0019518130484008792,10.138389923625795,-0.36885843093109133,0.027749698516845705,0.27220103469085694,61,ee9bfe00,43.51498822197,-79.68294002912,159.5164,-37.1,SOL_COMPUTED,SINGLE,good,6.6483,2.4085,6.2591,20,13,0.0,0.0,0,0,0,0,0,0,0,0,0,—,—,0.0,0.0,0.0,0.0
2026-05-25 11:58:16.632007,1779724696.632007,2420,143910.0,,,,,,,,,,,,,,,,0.0000,,,,-0.0100789699635759,0.0011348729763711,-0.0007602367184981,-0.002578692870179521,0.0008184941537280718,0.0011554742873029291,-4.50066809824e-05,1.42854178909e-05,2.01668307356e-05,-14081699,3081242,161751852,-1153555,100414,466503,-0.8428606780905152,0.18442786779357911,9.681663814793703,-0.26669446689605714,0.023215068374633788,0.10785248114776612,61,ee9cfe00,43.51510046733,-79.68290155097,157.6538,-37.1,SOL_COMPUTED,SINGLE,good,6.2674,1.9184,5.9374,21,14,0.0,0.0,0,0,0,0,0,0,0,0,0,STATISTICANALYSIS,L5,4.363,-0.798,1.731,0.349
2026-05-25 11:58:17.676259,1779724697.676259,2420,143911.0,,,,,,,,,,,,,,,,0.0000,,,,-0.0107262076970241,3.9197413746e-06,-0.0008852898234199,0.001570122625432835,0.0017158102314642387,-0.0005712489931738145,2.74038094739e-05,2.99465378785e-05,-9.9701757796e-06,-14042093,266305,162877741,744034,868246,-324316,-0.8404900593167115,0.015939696827697757,9.749053947617494,0.17201585618591309,0.20073286848449706,-0.0749797649230957,61,ee9cfe00,43.5151693308,-79.68283503488,156.8407,-37.1,SOL_COMPUTED,INS_PSRSP,good,2.3485,1.3361,2.3836,21,14,0.0,0.0,0,0,0,0,0,0,0,0,0,—,—,0.0,0.0,0.0,0.0
2026-05-25 11:58:18.731171,1779724698.731171,2420,143912.0,,,,,,,,,,,,,,,,0.0000,,,,-0.0155988492945084,0.0018847274402284,0.0017644253694358,-0.00012160519196430944,0.0005175503019310175,-0.004796427748078085,-2.1224109873e-06,9.0329568134e-06,-8.37134565381e-05,-23610216,1768450,166768445,-35547,180760,-2041830,-1.4131904585961916,0.10585064814758302,9.981932197016908,-0.008218236854553222,0.04179054473876953,-0.4720579108428955,61,ee9cfe00,43.51526260525,-79.68276850467,156.7234,-37.1,SOL_COMPUTED,INS_PSRSP,good,2.9825,1.5263,2.3002,22,15,0.0,0.0,0,0,0,0,0,0,0,0,0,STATISTICANALYSIS,L5,1.135,-0.798,1.731,0.349
2026-05-25 11:58:19.645807,1779724699.645807,2420,143913.0,,,,,,,,,,,,,,,,0.0000,,,,-0.021732846045437,-0.0007956595999883,0.0001662280450815,-0.006324735941691536,-0.005711603850330737,-0.005720581702373309,-0.0001103874665019,-9.9686292758e-05,-9.98429858359e-05,-33316476,-3908610,164602695,-2437036,-2631381,-2548583,-1.9941590537438967,-0.23395001377258304,9.852301140879824,-0.5634269859924317,-0.6083582950057983,-0.5892159320755005,61,ee9dfe00,43.51537002987,-79.68272306504,156.2793,-37.1,SOL_COMPUTED,INS_PSRSP,good,3.4639,1.5926,2.3008,23,15,0.0,0.0,0,0,0,0,0,0,0,0,0,STATISTICANALYSIS,L5,3.922,-1.143,0.746,0.384
2026-05-25 11:58:20.692063,1779724700.692063,2420,143914.0,,,,,,,,,,,,,,,,0.0000,,,,-0.0243905982382941,-0.0009333627781446,0.0004770127071319,0.0005549006835540936,-0.009743696494299528,-0.036262039098611684,9.6848439496e-06,-0.0001700595851408,-0.0006328919757586,-39090071,-1682340,164874382,222579,-4166757,-15705370,-2.3397378220956426,-0.10069653052368166,9.868562977540895,0.051458827491760256,-0.9633273114852905,-3.6309801262664796,61,ee9dfe00,43.5154479828,-79.6826854744,155.7296,-37.1,SOL_COMPUTED,INS_PSRSP,good,3.7377,1.6493,2.4275,20,13,0.0,0.0,0,0,0,0,0,0,0,0,0,—,—,0.0,0.0,0.0,0.0
2026-05-25 11:58:21.586906,1779724701.586906,2420,143915.0,,,,,,,,,,,,,,,,0.0000,,,,-0.0247011438898334,-0.0181337861338431,-4.92781600377e-05,0.010904664050995055,0.010099358644750396,-0.06671528688175049,0.000190322291514,0.0001762670606909,-0.0011644014175008,-41589339,-26609389,164271639,5294517,4375052,-28850539,-2.489331611965027,-1.5927060829885866,9.832485770259707,1.224058140953064,1.0114837704162598,-6.67005831388092,61,ee9dfe00,43.51550300091,-79.68265453729,155.2434,-37.1,SOL_COMPUTED,INS_PSRSP,good,3.8951,1.6503,2.6487,19,12,0.0,0.0,0,0,0,0,0,0,0,0,0,—,—,0.0,0.0,0.0,0.0
2026-05-25 11:58:22.580705,1779724702.580705,2420,143916.0,,,,,,,,,,,,,,,,0.0000,,,,-0.0142599670413436,-0.0008201707200093,0.000144360981661,0.013429796147164143,0.0074683854763889675,-0.060835325001825154,0.00023439416064,0.0001303479163713,-0.0010617767228042,-28508873,4922211,163764564,5863973,3314610,-26353924,-1.7063997766445926,0.2946191436959839,9.802134775089113,1.3557126908798218,0.7663164278411865,-6.092857047821045,61,ee9efe00,43.51552170205,-79.68261055161,155.4012,-37.1,SOL_COMPUTED,INS_PSRSP,good,4.1743,1.8324,2.961,18,11,0.0,0.0,0,0,0,0,0,0,0,0,0,STATISTICANALYSIS,L5,2.728,-2.466,0.977,0.378
2026-05-25 11:58:23.653887,1779724703.653887,2420,143917.0,,,,,,,,,,,,,,,,0.0000,,,,0.0022462640118936,-0.0087495146301079,0.0020101011471871,0.0012854823322436732,-0.0011097593723499398,-0.07663565516356932,2.24358991739e-05,-1.93689549524e-05,-0.0013375445070292,-6251505,-10052746,166945147,691348,-369805,-33197960,-0.3741840912368775,-0.6017075290582277,9.992508702560732,0.1598351932067871,-0.08549652797698974,-7.6751539755249025,61,ee9ffe00,43.5155096956,-79.68255280507,156.4736,-37.1,SOL_COMPUTED,INS_PSRSP,good,4.28,1.8338,3.2006,23,14,0.0,0.0,0,0,0,0,0,0,0,0,0,STATISTICANALYSIS,L5,1.265,-2.466,0.977,0.378
2026-05-25 11:58:24.593773,1779724704.593773,2420,143918.0,,,,,,,,,,,,,,,,0.0000,,,,0.0185156977169909,-0.0108472083686191,0.0010608388058902,-0.002980729003956113,0.0017048591537932878,-0.1329784787286431,-5.20235352288e-05,2.97554055165e-05,-0.0023209122881114,18056744,-16209205,164501941,-1220515,813560,-57614609,1.0807871615454103,-0.9702026380203248,9.846270506028139,-0.2821751865005493,0.18808981842041014,-13.320125553337098,61,ee9ffe00,43.51549034792,-79.6825048115,157.8803,-37.1,SOL_COMPUTED,INS_PSRSP,good,4.3077,1.8091,3.4274,23,15,0.0,0.0,0,0,0,0,0,0,0,0,0,STATISTICANALYSIS,L5,2.344,-2.466,0.977,0.378
2026-05-25 11:58:25.591851,1779724705.591851,2420,143919.0,,,,,,,,,,,,,,,,0.0000,,,,0.0126790312033627,-0.0107672980062179,0.0011198254245472,0.007349983837773462,0.007868929614212922,-0.1550591191966972,0.0001282814179377,0.0001373387303759,-0.0027062921652286,4479898,-19552980,164385361,3223508,3378796,-67081644,0.26814448072326663,-1.170344429425049,9.839292605289613,0.7452542337341309,0.7811558165588379,-15.508842911773682,61,ee9ffe00,43.51546402166,-79.68246504428,159.5151,-37.1,SOL_COMPUTED,INS_PSRSP,good,4.6497,1.7994,3.7161,21,13,0.0,0.0,0,0,0,0,0,0,0,0,0,STATISTICANALYSIS,L5,3.478,-0.969,0.828,0.426
2026-05-25 11:58:26.569493,1779724706.569493,2420,143920.0,,,,,,,,,,,,,,,,0.0000,,,,0.0128673377331968,-0.0117313082436379,0.0019556455507935,0.011848425867039485,-0.0008195107054405755,-0.16747248200302878,0.0002067940425586,-1.43031600653e-05,-0.002922946217444,5132494,-24298897,164622722,5115296,-300404,-72506785,0.30720564138854983,-1.4544114884341433,9.853499857796022,1.182623403076172,-0.06945146493530273,-16.763100478019716,61,eea0fe00,43.51551354749,-79.68245778759,165.1335,-37.1,SOL_COMPUTED,INS_PSRSP,good,4.9202,2.0325,4.0109,20,11,0.0,0.0,0,0,0,0,0,0,0,0,0,STATISTICANALYSIS,L5,1.588,-0.969,0.828,0.426
2026-05-25 11:58:27.709046,1779724707.709046,2420,143921.0,,,,,,,,,,,,,,,,0.0000,,,,0.0144635669337681,-0.0153694534652773,0.0014683341601019,0.015619004035692058,-0.0022626874608397134,-0.162635723322773,0.0002726030463055,-3.94913461353e-05,-0.002838528853349,10559835,-32069382,163312124,6777218,-1028764,-70314373,0.632059362199402,-1.9195141906146242,9.775053960111086,1.5668490375823976,-0.23784359353637696,-16.256228981163027,61,eea0fe00,43.51558530265,-79.68248560621,169.4541,-37.1,SOL_COMPUTED,INS_PSRSP,good,4.6906,1.9643,4.2607,20,11,0.0,0.0,0,0,0,0,0,0,0,0,0,STATISTICANALYSIS,L5,1.626,-0.969,0.828,0.426
2026-05-25 11:58:28.988686,1779724708.988686,2420,143922.0,,,,,,,,,,,,,,,,0.0000,,,,0.0140175942181356,-0.001884208152523,0.0032944990118509,0.0075369191791061765,0.007031630149422511,-0.07528825572128675,0.0001315440551323,0.0001227250978901,-0.0013140279504218,13545389,-9172439,166992679,3311314,3022444,-32389895,0.8107598207815553,-0.5490167170370485,9.995353732393495,0.7655544139251709,0.6987695353088379,-7.4883345656204225,61,eea1fe00,43.51560697771,-79.68247430001,174.1863,-37.1,SOL_COMPUTED,INS_PSRSP,good,4.8745,2.2165,4.3668,20,11,0.0,0.0,0,0,0,0,0,0,0,0,0,—,—,0.0,0.0,0.0,0.0
2026-05-25 11:58:29.892896,1779724709.892896,2420,143923.0,,,,,,,,,,,,,,,,0.0000,,,,0.0163447673259307,0.001340098257963,0.0020019933170607,0.0010928594779396137,0.0012425732685559378,-0.011175423625917287,1.90739961517e-05,2.16869947336e-05,-0.0001950479375777,18303451,-6660679,165816473,611563,585801,-4876514,1.0955538192697145,-0.3986752179891968,9.924951873446352,0.1413894164199829,0.13543340837860107,-1.1274185466156006,61,eea1fe00,43.5155422998,-79.68244929249,171.2217,-37.1,SOL_COMPUTED,INS_PSRSP,good,5.069,2.4747,4.6248,18,10,0.0,0.0,0,0,0,0,0,0,0,0,0,—,—,0.0,0.0,0.0,0.0
2026-05-25 11:58:30.953479,1779724710.953479,2420,143924.0,,,,,,,,,,,,,,,,0.0000,,,,0.0147435332658965,0.0066270871869454,0.0006702495841381,0.006193204819459238,0.002338302054670081,-0.008271304092619518,0.0001080918153501,4.08110697602e-05,-0.0001443614898501,17331132,-262010,163869611,2569398,1144400,-3580922,1.0373556251696778,-0.01568261942443848,9.808422367633973,0.5940282256622315,0.26457789001464843,-0.8278860425262451,61,eea2fe00,43.51546150717,-79.68239581998,167.9991,-37.1,SOL_COMPUTED,INS_PSRSP,good,5.2261,2.6692,4.847,20,11,0.0,0.0,0,0,0,0,0,0,0,0,0,—,—,0.0,0.0,0.0,0.0
2026-05-25 11:58:32.099256,1779724712.099256,2420,143925.0,,,,,,,,,,,,,,,,0.0000,,,,0.010525468733801,0.0063865164165725,-4.63394652789e-05,0.0007457390950337195,0.009075903052588444,-0.006789125375526263,1.30156025692e-05,0.0001584043908597,-0.0001184925911338,11726835,-7847113,164343784,580261,3685868,-2927174,0.7019101956344606,-0.46968927430084234,9.836804012229006,0.13415259615325928,0.8521488800354003,-0.6767437265167237,61,eea1fe00,43.51519374158,-79.68217261226,155.9437,-37.1,SOL_COMPUTED,INS_PSRSP,good,2.2254,1.8089,3.9719,19,17,0.0,0.0,0,0,0,0,0,0,0,0,0,—,—,0.0,0.0,0.0,0.0
2026-05-25 11:58:33.092688,1779724713.092688,2420,143926.0,,,,,,,,,,,,,,,,0.0000,,,,0.0071402023441867,0.0104726941803463,0.0020614340110662,0.00224990110338053,-0.0019917453235788083,-0.005310008360392045,3.92681820983e-05,-3.47625137577e-05,-9.26771291974e-05,9471931,-4653526,166607872,1056749,-862517,-2309619,0.5669428231271363,-0.27853699186950687,9.972321093437502,0.24431354482269288,-0.19940836067962647,-0.5339689983901977,61,eea3fe00,43.51510150519,-79.68201381328,159.663,-37.1,SOL_COMPUTED,INS_PSRSP,good,2.0143,1.5529,3.5945,20,17,0.0,0.0,0,0,0,0,0,0,0,0,0,—,—,0.0,0.0,0.0,0.0
2026-05-25 11:58:34.021543,1779724714.021543,2420,143927.0,,,,,,,,,,,,,,,,0.0000,,,,0.0042113857138398,0.012199089385161,-0.0009799245138193,-0.001122812188948261,0.005659260518832981,-0.0026434790962343653,-1.95967695787e-05,9.87727292819e-05,-4.6137413937e-05,6229680,-3805074,161881964,-205833,2433281,-1121849,0.37287775495605474,-0.2277528621954346,9.689451673953858,-0.04758726042938233,0.5625588542404175,-0.2593642444381714,61,eea2fe00,43.51501580315,-79.68187525608,160.3527,-37.1,SOL_COMPUTED,INS_PSRSP,good,2.0011,1.4677,3.4476,19,16,0.0,0.0,0,0,0,0,0,0,0,0,0,—,—,0.0,0.0,0.0,0.0
2026-05-25 11:58:34.913448,1779724714.913448,2420,143928.0,,,,,,,,,,,,,,,,0.0000,,,,0.0025332709257205,0.0145978201793199,-0.0032916623462098,-0.0033897258143764392,0.004155896940042316,0.001337914501506465,-5.91618762008e-05,7.25340849774e-05,2.33510131615e-05,3994378,1267482,158172259,-1365236,1938669,592233,0.23908366097229009,0.07586518771545411,9.46740712721161,-0.3156337471618652,0.4482077538070679,0.13692044524383545,61,eea3fe00,43.51493092565,-79.68176824406,158.7645,-37.1,SOL_COMPUTED,INS_PSRSP,good,2.419,1.6898,3.5,20,9,0.0,0.0,0,0,0,0,0,0,0,0,0,STATISTICANALYSIS,L5,1.752,-1.171,0.703,0.386
2026-05-25 11:58:35.856451,1779724715.856451,2420,143929.0,,,,,,,,,,,,,,,,0.0000,,,,0.0005885230801092,0.01655542727961,-0.0023113711189282,0.016630495618876272,0.0010520689938870785,0.009912872457752946,0.0002902569047883,1.83620679015e-05,0.0001730122627183,2558044,6162744,160299295,7302989,364492,4248590,0.15311182978881838,0.36887129789794926,9.594720955271914,1.688403897605896,0.08426819668579101,0.9822465726470947,61,eea4fe00,43.51484363527,-79.68163452991,158.1266,-37.1,SOL_COMPUTED,INS_PSRSP,good,2.9381,1.8396,3.4691,24,13,0.0,0.0,0,0,0,0,0,0,0,0,0,STATISTICANALYSIS,L5,1.763,-1.171,0.703,0.386
2026-05-25 11:58:36.788093,1779724716.788093,2420,143930.0,,,,,,,,,,,,,,,,0.0000,,,,0.00208136701431,0.0133263832168251,0.0036487602221173,0.0011676806887687993,-0.016320786417239063,0.0031113316315802175,2.0379872631e-05,-0.000284851459496,5.43029810926e-05,4773064,683031,170850500,543394,-6789397,1334550,0.2856919438208008,0.0408828488534546,10.226263768463136,0.12562918382263183,-1.5696647437362672,0.30853934211730955,61,eea4fe00,43.51475092063,-79.68147221639,158.0604,-37.1,SOL_COMPUTED,INS_PSRSP,good,3.2581,1.8435,3.4615,24,13,0.0,0.0,0,0,0,0,0,0,0,0,0,—,—,0.0,0.0,0.0,0.0
2026-05-25 11:58:37.786855,1779724717.786855,2420,143931.0,,,,,,,,,,,,,,,,0.0000,,,,0.0020757953343098,0.0164020567554116,0.0020760794484695,-0.017668318764078036,-0.011587191884758858,0.0002556800581147933,-0.0003083703357255,-0.0002022346494497,4.4624588458e-06,5492395,7054085,167775635,-7859558,-4832833,112166,0.3287475306808472,0.42222255044708257,10.042217596269227,-1.817079056350708,-1.1173197814865112,0.025932054885864256,61,eea4fe00,43.51467027534,-79.68130823105,158.2555,-37.1,SOL_COMPUTED,INS_PSRSP,good,3.5421,1.9011,3.5942,24,13,0.0,0.0,0,0,0,0,0,0,0,0,0,STATISTICANALYSIS,L5,2.482,-1.179,1.004,0.333
2026-05-25 11:58:38.705437,1779724718.705437,2420,143932.0,,,,,,,,,,,,,,,,0.0000,,,,0.0016906684440113,0.0121438262632411,-0.002582503962555,0.0036033851537265113,0.00498025842783832,0.0001536856530497697,6.28909351501e-05,8.69219071661e-05,2.6823206588e-06,4901066,-1604501,160283946,1846276,2153518,23677,0.29335350884338385,-0.0960374739480591,9.593802240239869,0.42684708883666994,0.4978794552154541,0.005473969505310059,61,eea5fe00,43.51458589169,-79.68115196667,158.1527,-37.1,SOL_COMPUTED,INS_PSRSP,good,3.7349,1.9605,3.8058,24,12,0.0,0.0,0,0,0,0,0,0,0,0,0,STATISTICANALYSIS,L5,2.219,-1.179,1.004,0.333
2026-05-25 11:58:39.797653,1779724719.797653,2420,143933.0,,,,,,,,,,,,,,,,0.0000,,,,-0.0008024727231185,0.0113970971819857,-0.0005500713191198,-0.005987916056889041,-0.0023154060668131877,-0.008115687824474548,-0.0001045088505259,-4.04114593866e-05,-0.0001416454736013,759173,-2790669,162999175,-2515783,-1230370,-3510395,0.04544033142364503,-0.16703560881866458,9.75632238472748,-0.5816327838821411,-0.28445359886169436,-0.8115806555557251,61,eea5fe00,43.51449679092,-79.68099846578,158.7001,-37.1,SOL_COMPUTED,INS_PSRSP,good,3.8386,1.9897,3.9104,24,13,0.0,0.0,0,0,0,0,0,0,0,0,0,—,—,0.0,0.0,0.0,0.0
2026-05-25 11:58:40.724326,1779724720.724326,2420,143934.0,,,,,,,,,,,,,,,,0.0000,,,,-0.0021604022452314,0.0106887779169888,-0.001502290631031,0.00812529266789926,0.005086901523315607,0.004080488409291215,0.0001418131097432,8.87831803067e-05,7.12179578317e-05,-1090637,-2774375,161755913,3551817,2014367,1766534,-0.0652801229006958,-0.16606033077239993,9.68190688611725,0.821157154472351,0.4657086425857544,0.40841125337219236,61,eea6fe00,43.51440742898,-79.68084973358,159.6079,-37.1,SOL_COMPUTED,INS_PSRSP,good,3.8882,2.0063,3.989,24,13,0.0,0.0,0,0,0,0,0,0,0,0,0,SPECTRUMANALYSIS,L5,1179.226,0.952,-69.583,-127.929
2026-05-25 11:58:41.640657,1779724721.640657,2420,143935.0,,,,,,,,,,,,,,,,0.0000,,,,-0.0043812035358767,0.0123181477460202,0.0051144229634623,0.012911582934674171,-0.006742556924452055,-0.0012409634609183327,0.0002253496338547,-0.000117679818335,-2.165889829e-05,-2895309,1420516,170905312,5560673,-2889461,-535102,-0.17329884036163332,0.08502504413696291,10.229544542998049,1.2855916894454955,-0.6680247244491577,-0.1237121269683838,61,eea6fe00,43.51431434922,-79.68069965777,160.7429,-37.1,SOL_COMPUTED,INS_PSRSP,good,3.895,2.0054,4.0449,24,13,0.0,0.0,0,0,0,0,0,0,0,0,0,SPECTRUMANALYSIS,L5,1179.226,0.952,-69.583,-127.929
2026-05-25 11:58:42.527548,1779724722.527548,2420,143936.0,,,,,,,,,,,,,,,,0.0000,,,,-0.0088752644895776,0.0091331731381525,-0.004395829700951,-0.003303115764176997,0.02453393535277067,-0.0019408225718926635,-5.76502456595e-05,0.0004281979503779,-3.38737440766e-05,-12588221,-4224301,155442936,-1417216,10385954,-849494,-0.7534684904153444,-0.2528457116799927,9.304043385769043,-0.3276511875,2.4011654972991945,-0.1963975271759033,61,eea6fe00,43.51421632803,-79.68053960858,161.4795,-37.1,SOL_COMPUTED,INS_PSRSP,good,3.8917,2.0031,4.0772,24,13,0.0,0.0,0,0,0,0,0,0,0,0,0,SPECTRUMANALYSIS,L5,1179.226,0.952,-69.583,-127.929
2026-05-25 11:58:43.515498,1779724723.515498,2420,143937.0,,,,,,,,,,,,,,,,0.0000,,,,-0.0030370881389221,0.0099175889124323,0.0055923740676794,-0.008144765135573263,-0.006158024674916453,-0.003679791751339786,-0.0001421529684176,-0.0001074778059965,-6.42244818487e-05,-3140665,-3594770,173869327,-3451798,-2375147,-1632093,-0.18798463392486575,-0.2151651075469971,10.40695578384125,-0.798033407546997,-0.5491186488418579,-0.3773293623275757,61,eea7fe00,43.51411947168,-79.68037776357,162.3227,-37.1,SOL_COMPUTED,INS_PSRSP,good,3.8719,1.9947,4.0966,24,13,0.0,0.0,0,0,0,0,0,0,0,0,0,STATISTICANALYSIS,L5,1.437,-4.136,0.647,0.45
2026-05-25 11:58:44.501726,1779724724.501726,2420,143938.0,,,,,,,,,,,,,,,,0.0000,,,,-0.0046023937695896,0.0198773935025903,0.0009057281522306,0.025568951615640986,-0.010974128097925622,0.012038008938498025,0.0004462623919767,-0.0001915346678447,0.0002101028913616,-4673631,16693139,164553654,10933852,-4902468,5173406,-0.2797403774789429,0.9991685276754763,9.849365789789431,2.5278359768371583,-1.1334189438171387,1.196058059829712,61,eea8fe00,43.51402092628,-79.68021328121,163.0712,-37.1,SOL_COMPUTED,INS_PSRSP,good,3.8522,1.9873,4.1065,25,13,0.0,0.0,0,0,0,0,0,0,0,0,0,—,—,0.0,0.0,0.0,0.0
2026-05-25 11:58:45.377184,1779724725.377184,2420,143939.0,,,,,,,,,,,,,,,,0.0000,,,,-0.0009151016056312,0.0104157077418101,0.001289798907633,0.009499106522326278,-0.00013913516708791176,0.0031401962646873303,0.0001657906848125,-2.428366771e-06,5.48067639777e-05,698303,3473188,164724899,4162158,52462,1355435,0.04179695504730225,0.20788781189086916,9.859615666371766,0.9622640523834228,0.01212887562561035,0.3133678192520142,61,eea8fe00,43.51392070036,-79.68004810748,163.5427,-37.1,SOL_COMPUTED,INS_PSRSP,good,3.8365,1.9851,4.1119,25,13,0.0,0.0,0,0,0,0,0,0,0,0,0,STATISTICANALYSIS,L5,1.995,-4.136,0.647,0.45
2026-05-25 11:58:46.299118,1779724726.299118,2420,143940.0,,,,,,,,,,,,,,,,0.0000,,,,-0.0036107221546522,0.0120066451631248,-0.0011882322661342,-0.003440764353252748,0.0011010058118727285,0.005521561194184043,-6.00526667496e-05,1.92161765008e-05,9.6369422689e-05,-5529671,5212862,162710123,-1277339,-56276,2295909,-0.3309786872079468,0.3120160713641358,9.739021165270692,-0.29531252835845945,-0.013010647796630859,0.5307993349227905,61,eea8fe00,43.51382434353,-79.67988677679,164.6669,-37.1,SOL_COMPUTED,INS_PSRSP,good,3.8226,1.9832,4.1796,24,12,0.0,0.0,0,0,0,0,0,0,0,0,0,STATISTICANALYSIS,L5,1.072,-1.636,1.4,0.302
2026-05-25 11:58:47.355441,1779724727.355441,2420,143941.0,,,,,,,,,,,,,,,,0.0000,,,,0.0006530713150652,0.0121032362665511,-0.0015955375188711,-0.011053494314117507,0.001805979503004234,0.0013839710581063343,-0.0001929198696321,3.1520288551e-05,2.41548517163e-05,-131987,6441515,162367524,-4920754,760768,533544,-0.007900087362976075,0.38555714767303473,9.718514887906496,-1.1376465489349366,0.17588464892578126,0.12335192742919922,61,eea9fe00,43.51372644229,-79.67972875924,165.474,-37.1,SOL_COMPUTED,INS_PSRSP,good,3.808,1.9818,4.2423,23,12,0.0,0.0,0,0,0,0,0,0,0,0,0,STATISTICANALYSIS,L5,1.112,-1.636,1.4,0.302
2026-05-25 11:58:48.296748,1779724728.296748,2420,143942.0,,,,,,,,,,,,,,,,0.0000,,,,-0.0016939115878999,0.0084448878165105,0.000195893013133,0.0013068560286435475,-0.004572566476313469,-0.0014043826425676853,2.28089405494e-05,-7.98063402781e-05,-2.45111010707e-05,-4839606,820671,164714113,567373,-2309678,-682819,-0.28967481799255373,0.04912129676605225,9.858970069894106,0.13117297377777098,-0.5339826388092042,-0.15786334348297118,61,eea9fe00,43.51359140151,-79.67955679199,163.2308,-37.1,SOL_COMPUTED,INS_PSRSP,good,3.006,1.8245,3.9776,24,13,0.0,0.0,0,0,0,0,0,0,0,0,0,—,—,0.0,0.0,0.0,0.0
2026-05-25 11:58:49.235256,1779724729.235256,2420,143943.0,,,,,,,,,,,,,,,,0.0000,,,,-0.002303288081986,0.0083836462578269,-0.0006137844205019,0.0019708252771988913,-0.0018797926389226333,-0.0006308985588307756,3.43973900687e-05,-3.2808570804e-05,-1.10112570977e-05,-6054524,2466192,164456030,1044758,-843714,-192948,-0.36239378530639654,0.14761402451660158,9.843522501217652,0.24154130305480956,-0.19506122850036622,-0.044608331634521485,61,eeaafe00,43.51346995607,-79.67939513961,161.5694,-37.1,SOL_COMPUTED,INS_PSRSP,good,2.6767,1.7745,3.9014,24,13,0.0,0.0,0,0,0,0,0,0,0,0,0,STATISTICANALYSIS,L5,2.029,-5.101,0.565,0.481
2026-05-25 11:58:50.252646,1779724730.252646,2420,143944.0,,,,,,,,,,,,,,,,0.0000,,,,-0.0026737560751518,0.0083105603520453,0.0015351738181408,-0.0024312433122548097,-0.0014274837287746981,0.0020086549320588324,-4.2433200716e-05,-2.49142910858e-05,3.50576421009e-05,-7465158,894996,167753991,-919657,-855648,793333,-0.4468273419232178,0.053570022725830085,10.040922093750916,-0.21261875969696045,-0.19782029223632813,0.18341346663665772,61,eeaafe00,43.51335372438,-79.67923785651,159.891,-37.1,SOL_COMPUTED,INS_PSRSP,good,2.5077,1.7601,3.8754,24,13,0.0,0.0,0,0,0,0,0,0,0,0,0,STATISTICANALYSIS,L5,1.51,-5.101,0.565,0.481
2026-05-25 11:58:51.224152,1779724731.224152,2420,143945.0,,,,,,,,,,,,,,,,0.0000,,,,-0.0032050075843042,0.0035378464095324,-0.0034828384444497,0.007708777797786191,0.0025373456922946395,-0.0010299624945856677,0.0001345435538762,4.42850365919e-05,-1.79762367026e-05,-9463747,-3117656,159365365,3334882,743254,-506075,-0.5664529694674684,-0.18660742927490237,9.53882053636017,0.7710031833343506,0.1718355252227783,-0.11700127201080322,61,eeaafe00,43.51324087775,-79.67908041448,158.3703,-37.1,SOL_COMPUTED,INS_PSRSP,good,2.4254,1.7727,3.8735,24,13,0.0,0.0,0,0,0,0,0,0,0,0,0,—,—,0.0,0.0,0.0,0.0
2026-05-25 11:58:52.134818,1779724732.134818,2420,143946.0,,,,,,,,,,,,,,,,0.0000,,,,-0.0017528200495343,0.0064131281527517,-0.0010153567315743,0.0027510166446397823,0.0031627088039317425,-0.002755971591736501,4.80142982262e-05,5.51996819105e-05,-4.81007783673e-05,-8663337,1517421,163223152,955785,748973,-1217829,-0.5185443956973267,0.09082529693389894,9.7697285373584,0.22097131999969483,0.17315772109222413,-0.2815542006454468,61,eeabfe00,43.51314588104,-79.67894747378,158.5479,-37.1,SOL_COMPUTED,INS_PSRSP,good,2.3008,1.6855,3.832,23,14,0.0,0.0,0,0,0,0,0,0,0,0,0,STATISTICANALYSIS,L5,1.887,-3.332,0.688,0.357
2026-05-25 11:58:53.190538,1779724733.190538,2420,143947.0,,,,,,,,,,,,,,,,0.0000,,,,-0.0026549484295006,0.0035188567475421,0.0016967460614617,0.0012638821382075808,0.0014029408411613772,-0.002756639739874548,2.20589046689e-05,2.4485936889e-05,-4.81124397522e-05,-11495591,-1661665,168119790,284551,-258203,-1257395,-0.6880690764169313,-0.0994590275405884,10.062817008078005,0.06578635370635987,-0.059694866249084474,-0.290701604347229,61,eeabfe00,43.51302434562,-79.6787971493,159.7786,-37.1,SOL_COMPUTED,INS_PSRSP,good,2.3364,1.6946,3.8871,22,12,0.0,0.0,0,0,0,0,0,0,0,0,0,—,—,0.0,0.0,0.0,0.0
2026-05-25 11:58:54.191331,1779724734.191331,2420,143948.0,,,,,,,,,,,,,,,,0.0000,,,,0.0045167813946192,0.0023247294362202,-0.0007379550523174,-1.2729172873589275e-05,-0.004333638723465173,-0.005767735468647403,-2.221659777e-07,-7.56362643165e-05,-0.0001006659743121,-72329,-3388355,164452437,-591672,-1594156,-2469156,-0.004329255296936035,-0.2028101291549683,9.84330744205353,-0.1367907456665039,-0.36855857290649413,-0.5708529225769043,61,eeabfe00,43.51290531265,-79.67865213811,160.5974,-37.1,SOL_COMPUTED,INS_PSRSP,good,2.3834,1.7213,3.96,22,12,0.0,0.0,0,0,0,0,0,0,0,0,0,—,—,0.0,0.0,0.0,0.0
2026-05-25 11:58:55.195484,1779724735.195484,2420,143949.0,,,,,,,,,,,,,,,,0.0000,,,,0.0028583266180114,0.0036270164427826,0.0001343707299639,0.0036679210636937176,-0.007995656921273723,-2.6837537792029673e-05,6.40172992648e-05,-0.0001395505391363,-4.684033976e-07,-2624769,2842377,164450944,593683,-3845513,13148,-0.1571056574331665,0.17013059330474856,9.843218078476564,0.13725567588043214,-0.8890577731246948,0.003039732696533203,61,eeacfe00,43.51278556387,-79.67851551861,161.0116,-37.1,SOL_COMPUTED,INS_PSRSP,good,2.4325,1.7558,4.0434,22,12,0.0,0.0,0,0,0,0,0,0,0,0,0,STATISTICANALYSIS,L5,1.203,-1.177,0.527,0.474
2026-05-25 11:58:56.150061,1779724736.150061,2420,143950.0,,,,,,,,,,,,,,,,0.0000,,,,0.0036966689998882,0.0025725295710579,0.0045864760750791,0.013834659897887139,-0.01066906811793569,0.0042560559745110265,0.0002414603661121,-0.0001862103667778,7.42821899045e-05,-4423367,1202015,171549879,5741820,-5517460,1713489,-0.2647608153720093,0.07194665771331789,10.268125127535097,1.327471706085205,-1.2756011228942872,0.39614759191131593,61,eeacfe00,43.51266410612,-79.67838419381,161.1716,-37.1,SOL_COMPUTED,INS_PSRSP,good,2.4725,1.7836,4.1179,22,12,0.0,0.0,0,0,0,0,0,0,0,0,0,SPECTRUMANALYSIS,L1,1565.051,3.589,-74.13,-136.526
2026-05-25 11:58:57.292976,1779724737.292976,2420,143951.0,,,,,,,,,,,,,,,,0.0000,,,,0.005700307485013,0.0001972615946779,0.0037554435914905,0.011106624840563394,-0.005487316543020592,0.003414325615125139,0.0001938471722519,-9.5771740775e-05,5.95912237192e-05,-2285949,-1590543,169177190,4625512,-2324362,1427399,-0.13682557227081302,-0.09520201727874757,10.126107728964234,1.069388505065918,-0.5373774847869873,0.33000543134307864,61,eeadfe00,43.51254098258,-79.67825313296,161.3312,-37.1,SOL_COMPUTED,INS_PSRSP,good,2.5235,1.8248,4.2147,22,11,0.0,0.0,0,0,0,0,0,0,0,0,0,SPECTRUMANALYSIS,L1,1565.051,3.589,-74.13,-136.526
2026-05-25 11:58:58.375337,1779724738.375337,2420,143952.0,,,,,,,,,,,,,,,,0.0000,,,,0.0082481658801024,-0.0006331312531813,0.0048093499961192,-0.0016286245867236234,-0.013114936081745954,-4.396622150932646e-05,-2.84248613173e-05,-0.0002288988158154,-7.67355325e-07,2365128,-1918339,173273345,-764648,-5676512,-20402,0.1415648346020508,-0.11482226046356203,10.371283256495667,-0.17678167987060547,-1.3123729182128907,-0.004716810653686523,61,eeadfe00,43.51241241682,-79.678122591,160.7631,-37.1,SOL_COMPUTED,INS_PSRSP,good,2.5557,1.8285,4.2563,23,12,0.0,0.0,0,0,0,0,0,0,0,0,0,SPECTRUMANALYSIS,L1,1565.051,3.589,-74.13,-136.526
2026-05-25 11:58:59.365177,1779724739.365177,2420,143953.0,,,,,,,,,,,,,,,,0.0000,,,,0.0031601897364235,0.0020588675075096,-0.0012269600459043,-0.0034303231904296585,0.004930856845792209,-0.002379503566945044,-5.98704340806e-05,8.60596869037e-05,-4.15301718062e-05,-7351136,2812867,163072008,-2101530,1132122,-1206743,-0.44000255038085945,0.1683642710299683,9.760681806965334,-0.4858601653289795,0.26173929570007326,-0.2789911890335083,61,eeaefe00,43.51228381238,-79.67799282932,160.6687,-37.1,SOL_COMPUTED,INS_PSRSP,good,2.5838,1.8295,4.2993,22,12,0.0,0.0,0,0,0,0,0,0,0,0,0,SPECTRUMANALYSIS,L1,1565.051,3.589,-74.13,-136.526
2026-05-25 11:59:00.307778,1779724740.307778,2420,143954.0,,,,,,,,,,,,,,,,0.0000,,,,0.0042868548902837,0.0007012767327747,0.0007325774866153,0.005198690470510971,6.372267186420911e-05,-0.005699744539833122,9.07342655026e-05,1.1121704322e-06,-9.94793087428e-05,-7238035,-795227,165384324,1681315,-729993,-2585908,-0.43323288533172616,-0.04759834509002686,9.89908557711548,0.3887091708755493,-0.16876966765594484,-0.597845231048584,61,eeaefe00,43.51215666196,-79.67786341673,160.7444,-37.1,SOL_COMPUTED,INS_PSRSP,good,2.4634,1.812,4.3161,22,13,0.0,0.0,0,0,0,0,0,0,0,0,0,—,—,0.0,0.0,0.0,0.0
2026-05-25 11:59:01.271597,1779724741.271597,2420,143955.0,,,,,,,,,,,,,,,,0.0000,,,,0.0024740479585609,-0.00021905914083,0.0059261522068663,-0.0097524499830768,0.0058275914944892196,0.005251426148816194,-0.000170212362341,0.0001017106590402,9.16546767223e-05,-9338756,3189879,176235709,-4750247,1608854,2348662,-0.5589716279748536,0.190930339937439,10.548595676665347,-1.0982264315872192,0.3719566555938721,0.5429954878692627,61,eeaffe00,43.51202852671,-79.67773351253,160.8158,-37.1,SOL_COMPUTED,INS_PSRSP,good,2.3981,1.8053,4.3369,22,13,0.0,0.0,0,0,0,0,0,0,0,0,0,STATISTICANALYSIS,L2,1.647,2.868,1.104,0.497
2026-05-25 11:59:02.245628,1779724742.245628,2420,143956.0,,,,,,,,,,,,,,,,0.0000,,,,0.0011738603699191,0.00336548376312,-0.0017340162878561,0.006601947060445464,-0.00033516620783770605,0.002292455600794142,0.0001152257132473,-5.8497538682e-06,4.00108981897e-05,-11795559,9612668,161448526,1924905,-1097385,957307,-0.706023673506775,0.5753666421032716,9.663508224474489,0.4450256058883667,-0.2537083256149292,0.2213231965713501,61,eeaffe00,43.51189870534,-79.67759846577,160.6621,-37.1,SOL_COMPUTED,INS_PSRSP,good,2.3598,1.8076,4.3559,22,13,0.0,0.0,0,0,0,0,0,0,0,0,0,STATISTICANALYSIS,L5,1.869,-3.282,0.696,0.311
2026-05-25 11:59:03.294031,1779724743.294031,2420,143957.0,,,,,,,,,,,,,,,,0.0000,,,,0.0062032285339946,0.0003345890863302,-5.88501891986e-05,0.003316960148468589,0.006116380858068231,0.006045486511051223,5.78918757483e-05,0.0001067509842794,0.0001055136445029,-4594446,2352150,164482314,1211559,1909645,2428367,-0.2750007560174561,0.1407880358734131,9.845095731128541,0.28010461713409424,0.44149759243011477,0.5614227691726684,61,eeaffe00,43.51176927496,-79.67745982936,160.6062,-37.1,SOL_COMPUTED,INS_PSRSP,good,2.344,1.8193,4.3729,24,14,0.0,0.0,0,0,0,0,0,0,0,0,0,STATISTICANALYSIS,L2,1.174,2.868,1.104,0.497
2026-05-25 11:59:04.207092,1779724744.207092,2420,143958.0,,,,,,,,,,,,,,,,0.0000,,,,0.0050016129390494,0.0025959691642716,-0.0012405722466821,0.00806679318186636,0.006446166089583416,0.004340861363443033,0.0001407921011012,0.0001125068223938,7.57623231648e-05,-3751642,10972081,161643735,3521022,2822704,1856396,-0.22455468761779787,0.6567343636392213,9.675192467271424,0.8140375493316651,0.652590937133789,0.42918676748657225,61,eeb0fe00,43.51164235262,-79.67731837641,160.6116,-37.1,SOL_COMPUTED,INS_PSRSP,good,2.3444,1.841,4.3896,24,13,0.0,0.0,0,0,0,0,0,0,0,0,0,STATISTICANALYSIS,L2,1.156,3.151,1.269,0.488
2026-05-25 11:59:05.141581,1779724745.141581,2420,143959.0,,,,,,,,,,,,,,,,0.0000,,,,0.00092566758957,-0.0011966740643487,0.0026585757914451,-0.006087633296281482,-0.007045928202137464,-0.00207821348208663,-0.0001062492446743,-0.0001229746459866,-3.62716678218e-05,-10825903,1970937,168413529,-3173148,-3249076,-953944,-0.6479848733822633,0.11797051593658449,10.08039876811432,-0.7336113269348145,-0.7511653902282714,-0.2205456926879883,61,eeb0fe00,43.51152016237,-79.67717653702,160.4207,-37.1,SOL_COMPUTED,INS_PSRSP,good,2.3479,1.8534,4.3037,25,15,0.0,0.0,0,0,0,0,0,0,0,0,0,STATISTICANALYSIS,L5,1.337,-4.9,0.572,0.38
2026-05-25 11:59:06.252923,1779724746.252923,2420,143960.0,,,,,,,,,,,,,,,,0.0000,,,,0.0035200985750816,-0.0020499950623661,-0.0010553496188306,-0.0061256409166167885,0.018454601805549965,-0.004379136342988338,-0.00010691260279,0.0003220935636518,-7.6430347579e-05,-8365416,886597,161530164,-3323777,7703561,-2029251,-0.5007123218774415,0.053067300232238775,9.668394670352784,-0.768435779045105,1.7810135573043824,-0.4691497272720337,61,eeb1fe00,43.51140277929,-79.67703404112,160.4285,-37.1,SOL_COMPUTED,INS_PSRSP,good,2.3715,1.8766,4.2426,23,14,0.0,0.0,0,0,0,0,0,0,0,0,0,STATISTICANALYSIS,L5,2.734,-4.9,0.572,0.38
2026-05-25 11:59:07.322423,1779724747.322423,2420,143961.0,,,,,,,,,,,,,,,,0.0000,,,,0.0011842178654895,0.0026023932923145,-0.0031771539247029,0.004733751618439598,0.004302362275100176,0.0010546228267383304,8.26195517135e-05,7.50903873142e-05,1.84066406933e-05,-13078729,7262997,159889237,1278714,1861896,359762,-0.7828278671133424,0.43472698687774664,9.570176916662904,0.29563041947937013,0.4304583319702148,0.0831746512298584,61,eeb1fe00,43.5112804073,-79.67689687948,159.426,-37.1,SOL_COMPUTED,INS_PSRSP,good,2.5044,1.9356,4.218,21,12,0.0,0.0,0,0,0,0,0,0,0,0,0,STATISTICANALYSIS,L2,2.211,3.025,1.142,0.519
2026-05-25 11:59:08.286351,1779724748.286351,2420,143962.0,,,,,,,,,,,,,,,,0.0000,,,,-0.0022599425327743,-0.0015797294453219,-0.0027468683193486,-0.003046718002741431,0.006045783314235726,-0.0034933201356273655,-5.31752605277e-05,0.0001055188246957,-6.0969938193e-05,-18913977,3765627,160730787,-2190075,2200963,-1579957,-1.1320968783389285,0.22539176037323,9.620547926840516,-0.5063311975479126,0.50884843283844,-0.365275855796814,61,eeb2fe00,43.51117114286,-79.67675330259,159.7148,-37.1,SOL_COMPUTED,INS_PSRSP,good,2.6111,1.9706,4.2649,21,12,0.0,0.0,0,0,0,0,0,0,0,0,0,—,—,0.0,0.0,0.0,0.0
2026-05-25 11:59:09.250785,1779724749.250785,2420,143963.0,,,,,,,,,,,,,,,,0.0000,,,,-0.0026367181644067,0.0005004136182908,0.0015795007436939,0.0010277086127605053,-0.0019817509575071673,0.0036347258926314584,1.79368990438e-05,-3.45880791631e-05,6.3437934234e-05,-18679796,7054289,167313511,-50630,-1522092,1475784,-1.1180799648645021,0.4222347608755494,10.014557145069276,-0.011705329055786133,-0.35189784146118164,0.3411917308959961,61,eeb2fe00,43.51105496048,-79.67662077571,158.5839,-37.1,SOL_COMPUTED,INS_PSRSP,good,2.8264,2.0202,4.329,19,11,0.0,0.0,0,0,0,0,0,0,0,0,0,—,—,0.0,0.0,0.0,0.0
2026-05-25 11:59:10.244388,1779724750.244388,2420,143964.0,,,,,,,,,,,,,,,,0.0000,,,,-0.0057627499860484,-0.0039132688298787,-0.0007419567634148,-0.0029463255127974665,-0.012559212627257177,0.0008487498659494675,-5.14230810339e-05,-0.000219199611804,1.48134796867e-05,-24334972,34457,161874080,-1634531,-6280696,235190,-1.4565707590563968,0.0020624251651000978,9.688979776806642,-0.37789301218414306,-1.4520563574829102,0.05437440925598144,61,eeb2fe00,43.51095331054,-79.6764909946,157.6379,-37.1,SOL_COMPUTED,INS_PSRSP,good,2.9098,2.0568,4.3814,20,12,0.0,0.0,0,0,0,0,0,0,0,0,0,STATISTICANALYSIS,L2,1.075,-2.248,0.986,0.548
2026-05-25 11:59:11.280572,1779724751.280572,2420,143965.0,,,,,,,,,,,,,,,,0.0000,,,,-0.0077843436003232,0.0003513017150614,-0.0070442157418313,0.005570213386561413,0.011309993231343476,0.0009266665914065198,9.72185636343e-05,0.0001973966202655,1.61733830883e-05,-28299493,11056898,151483362,1454074,4630319,357596,-1.6938673280545047,0.6618110886944581,9.067042919661256,0.3361725190887451,1.0704998524246216,0.08267388601684571,61,eeb3fe00,43.51087335526,-79.67637342113,158.7615,-37.1,SOL_COMPUTED,INS_PSRSP,good,2.8032,2.0295,4.2354,20,13,0.0,0.0,0,0,0,0,0,0,0,0,0,—,—,0.0,0.0,0.0,0.0
2026-05-25 11:59:12.235011,1779724752.235011,2420,143966.0,,,,,,,,,,,,,,,,0.0000,,,,-0.0101625313569809,-0.0057032243761026,-0.0036592098501481,0.003180684249037075,-0.00764573988491438,-0.0003844972864645576,5.55134126121e-05,-0.000133443334743,-6.7107436138e-06,-31040631,1063853,157550201,945736,-3545570,-302489,-1.8579382568124392,0.06367696546905519,9.430173819803773,0.2186480560913086,-0.8197128884124756,-0.06993350347137452,61,eeb4fe00,43.51079379016,-79.67625332183,159.1341,-37.1,SOL_COMPUTED,INS_PSRSP,good,2.7427,2.0218,4.1555,20,13,0.0,0.0,0,0,0,0,0,0,0,0,0,—,—,0.0,0.0,0.0,0.0
2026-05-25 11:59:13.232033,1779724753.232033,2420,143967.0,,,,,,,,,,,,,,,,0.0000,,,,-0.0011935011070943,-0.0031973485440344,0.0024340108031609,0.006108475675820117,0.0011613007458226416,0.002467397503647526,0.0001066130128212,2.02685216205e-05,4.30642103942e-05,-15444270,3318048,168406296,2007830,258564,980916,-0.9244174218475343,0.19860190075195316,10.079965836599122,0.4641973303985596,0.05977832711791992,0.22678144491577149,61,eeb4fe00,43.51072767365,-79.67615206265,157.0208,-37.1,SOL_COMPUTED,INS_PSRSP,good,2.7621,1.9044,3.9212,18,12,0.0,0.0,0,0,0,0,0,0,0,0,0,—,—,0.0,0.0,0.0,0.0
2026-05-25 11:59:14.291014,1779724754.291014,2420,143968.0,,,,,,,,,,,,,,,,0.0000,,,,-0.005693537930061,0.0001425793645809,-0.00196242184851,-0.0028231335239655565,-0.00041548690460573,0.00031859146970339533,-4.92729752167e-05,-7.2516144843e-06,5.5604701151e-06,-23390813,11159727,160633040,-2226755,-304288,58426,-1.4000580829251101,0.6679659227572633,9.614697276098633,-0.5148113766860962,-0.07034942065429688,0.013507713912963867,61,eeb4fe00,43.51066471614,-79.67604879494,155.5182,-37.1,SOL_COMPUTED,INS_PSRSP,good,2.8042,1.8365,3.7532,18,12,0.0,0.0,0,0,0,0,0,0,0,0,0,—,—,0.0,0.0,0.0,0.0
2026-05-25 11:59:15.245601,1779724755.245601,2420,143969.0,,,,,,,,,,,,,,,,0.0000,,,,-0.0132717171892552,-0.0066279767960198,-0.0020700869130801,0.004626600175600926,0.0014609748420778895,0.003753416301952791,8.07494062377e-05,2.54988212831e-05,6.55094726672e-05,-35969487,-1795167,160316728,1795300,-242943,1495260,-2.152955137259217,-0.10744979529144288,9.595764408210451,0.41506176681518553,-0.05616685279083252,0.3456944563293457,61,eeb5fe00,43.51060883038,-79.67594538298,154.5569,-37.1,SOL_COMPUTED,INS_PSRSP,good,2.7332,1.7834,3.6122,19,13,0.0,0.0,0,0,0,0,0,0,0,0,0,—,—,0.0,0.0,0.0,0.0
2026-05-25 11:59:16.343568,1779724756.343568,2420,143970.0,,,,,,,,,,,,,,,,0.0000,,,,-0.0130517086796067,-0.0044012712697672,-0.0006888425379313,-0.009532391166013728,-0.010065694585042018,-0.0006387848085250681,-0.0001663716114352,-0.0001756795120094,-1.11488981205e-05,-34924606,2865133,162405401,-4746304,-4689711,-346440,-2.0904137416375734,0.17149265462921146,9.720782017313539,-1.0973148354492188,-1.0842308992996217,-0.08009469085693359,61,eeb5fe00,43.51055894991,-79.67584491783,153.8965,-37.1,SOL_COMPUTED,INS_PSRSP,good,2.6543,1.7414,3.4997,19,14,0.0,0.0,0,0,0,0,0,0,0,0,0,—,—,0.0,0.0,0.0,0.0
2026-05-25 11:59:17.532081,1779724757.532081,2420,143971.0,,,,,,,,,,,,,,,,0.0000,,,,-0.0112678288637642,-0.0048911060494623,-8.88172638767e-05,0.005029839255542316,-0.0022298548341852078,-0.0005736514260873766,8.77872558554e-05,-3.89183086981e-05,-1.0012106144e-05,-30775742,3088172,164196516,1484689,-1084429,-293236,-1.842083314723511,0.1848426632312012,9.827989279976808,0.34325050939178464,-0.25071298207855225,-0.06779426962280273,61,eeb6fe00,43.51052915142,-79.67574312177,153.9744,-37.1,SOL_COMPUTED,INS_PSRSP,good,2.5839,1.6832,3.3922,20,15,0.0,0.0,0,0,0,0,0,0,0,0,0,—,—,0.0,0.0,0.0,0.0
2026-05-25 11:59:18.592582,1779724758.592582,2420,143972.0,,,,,,,,,,,,,,,,0.0000,,,,-0.0294685742164418,-0.0034710770260035,-0.0015315027403252,0.003591292193715755,0.010585910588854028,0.00019685630681827513,6.26798731816e-05,0.0001847589940975,3.4357907073e-06,-62406738,6418653,161320595,890007,4237245,-31332,-3.7353578931134037,0.38418874171417244,9.655850909159852,0.20576387116241454,0.9796236819076538,-0.0072437560729980465,61,eeb6fe00,43.51049846064,-79.67566115486,153.4016,-37.1,SOL_COMPUTED,INS_PSRSP,good,2.4568,1.6684,3.3119,21,15,0.0,0.0,0,0,0,0,0,0,0,0,0,—,—,0.0,0.0,0.0,0.0
2026-05-25 11:59:19.717148,1779724759.717148,2420,143973.0,,,,,,,,,,,,,,,,0.0000,,,,-0.0269416660844421,-0.0049603010037791,-0.000325452756079,0.0009974051220125626,-0.0024436238505660068,-0.0011857190209711504,1.74080033554e-05,-4.26492818727e-05,-2.06947009195e-05,-57535110,4799160,163078668,-263577,-1267302,-589905,-3.443766396981812,0.28725392098388675,9.761080441541749,-0.06093730034637451,-0.292992038772583,-0.13638222667694092,61,eeb7fe00,43.5104905251,-79.67558460435,153.2359,-37.1,SOL_COMPUTED,INS_PSRSP,good,2.3613,1.6447,3.2443,23,16,0.0,0.0,0,0,0,0,0,0,0,0,0,—,—,0.0,0.0,0.0,0.0
2026-05-25 11:59:20.828075,1779724760.828075,2420,143974.0,,,,,,,,,,,,,,,,0.0000,,,,-0.0081333399596122,-0.0058564533258983,0.0001316084174358,0.0018729077938275016,-0.0015666110158250844,0.0006856446248413469,3.26884075886e-05,-2.73425203242e-05,1.19667562021e-05,-25621751,4027041,163799284,150131,-993460,202748,-1.5335909695077516,0.24103870619293216,9.804212942130128,0.03470931772613525,-0.2296815367126465,0.04687402835083008,61,eeb7fe00,43.51050206648,-79.67552460828,153.1954,-37.1,SOL_COMPUTED,INS_PSRSP,good,2.3025,1.6449,3.1908,23,16,0.0,0.0,0,0,0,0,0,0,0,0,0,—,—,0.0,0.0,0.0,0.0
2026-05-25 11:59:21.776416,1779724761.776416,2420,143975.0,,,,,,,,,,,,,,,,0.0000,,,,0.0084028578537285,-0.0076024865897474,0.0013016592168532,0.001543955257597942,-0.0046988626279638275,0.00012909493864393692,2.69471027486e-05,-8.2010623957e-05,2.253131727e-06,2070143,2046543,165771197,-50305,-2379235,-71766,0.12390849518402101,0.12249591620452882,9.92224187658722,-0.01163019115447998,-0.5500637680435181,-0.01659183576965332,61,eeb8fe00,43.51051005625,-79.67549643118,153.402,-37.1,SOL_COMPUTED,INS_PSRSP,good,2.267,1.6854,3.1516,23,16,0.0,0.0,0,0,0,0,0,0,0,0,0,—,—,0.0,0.0,0.0,0.0
2026-05-25 11:59:22.695246,1779724762.695246,2420,143976.0,,,,,,,,,,,,,,,,0.0000,,,,0.0178481958950858,-0.009114138599229,0.0012619539364594,0.0024909189603543515,-0.0072927123758841726,-0.0005430552304418248,4.34747372586e-05,-0.0001272818423603,-9.4781017914e-06,18054400,469417,165261555,353513,-3413955,-354657,1.0806468613281253,0.028096974017639165,9.891737233525086,0.08172992278289795,-0.7892843503189086,-0.08199440819549561,61,eeb8fe00,43.51050635891,-79.67550175032,153.7849,-37.1,SOL_COMPUTED,INS_PSRSP,good,2.2353,1.7395,3.116,24,17,0.0,0.0,0,0,0,0,0,0,0,0,0,—,—,0.0,0.0,0.0,0.0
2026-05-25 11:59:23.647417,1779724763.647417,2420,143977.0,,,,,,,,,,,,,,,,0.0000,,,,0.0177530468755621,-0.00980389498877,0.0011815151796157,0.002267410425168976,0.0031680070254847363,-0.0006420829643678205,3.95737774133e-05,5.52921533211e-05,-1.12064617992e-05,17898407,29920,164683922,279744,1085932,-437588,1.0713098938388064,0.0017908628417968753,9.85716298633606,0.06467500634765624,0.2510604659729004,-0.10116751986694336,61,eeb9fe00,43.51048532866,-79.67552995417,154.1326,-37.1,SOL_COMPUTED,INS_PSRSP,good,2.2064,1.7649,3.0827,24,17,0.0,0.0,0,0,0,0,0,0,0,0,0,—,—,0.0,0.0,0.0,0.0
2026-05-25 11:59:24.728587,1779724764.728587,2420,143978.0,,,,,,,,,,,,,,,,0.0000,,,,0.0146212931148517,-0.0088294261234407,0.0016370959151958,0.003520885816827607,-0.0004592097638614793,-0.001889528599149369,6.14510500905e-05,-8.0147223367e-06,-3.29784953658e-05,12477205,2586113,165294308,764273,-483945,-980369,0.7468236231277466,0.15479190094879153,9.893697665699465,0.17669498229217528,-0.11188495891571044,-0.22665498204803466,61,eeb9fe00,43.51044953056,-79.67556408365,154.3021,-37.1,SOL_COMPUTED,INS_PSRSP,good,2.185,1.7638,3.0568,24,17,0.0,0.0,0,0,0,0,0,0,0,0,0,—,—,0.0,0.0,0.0,0.0
2026-05-25 11:59:25.656309,1779724765.656309,2420,143979.0,,,,,,,,,,,,,,,,0.0000,,,,0.0052464147929117,-0.0115393406700858,0.0014850659504033,-0.003123343283264858,0.006657418219597374,-0.0029168957168657053,-5.45126239631e-05,0.0001161938676144,-5.09094341967e-05,-4333542,-1519639,165245180,-1996991,2500512,-1432417,-0.25938433626892093,-0.0909580554159546,9.89075710722046,-0.46169142359161375,0.5781022272949219,-0.3311655605392456,61,eebafe00,43.51040538717,-79.67559273963,154.1784,-37.1,SOL_COMPUTED,INS_PSRSP,good,2.1715,1.7331,3.0394,24,17,0.0,0.0,0,0,0,0,0,0,0,0,0,—,—,0.0,0.0,0.0,0.0
2026-05-25 11:59:26.582010,1779724766.582010,2420,143980.0,,,,,,,,,,,,,,,,0.0000,,,,0.0075678290307095,-0.0101556662648767,0.0008771663256158,0.011784772854341223,0.007110636681234337,-0.0009409993242025696,0.0002056830879082,0.0001241040220008,-1.64235364664e-05,-534994,1013761,163278693,4396543,2705931,-606469,-0.03202208807434082,0.06067870673004151,9.773052946218568,1.0164523508377075,0.6255937735977173,-0.14021171651458741,61,eebbfe00,43.51035995154,-79.67561503997,153.8331,-37.1,SOL_COMPUTED,INS_PSRSP,good,2.1669,1.6925,3.0282,24,17,0.0,0.0,0,0,0,0,0,0,0,0,0,—,—,0.0,0.0,0.0,0.0
2026-05-25 11:59:27.697610,1779724767.697610,2420,143981.0,,,,,,,,,,,,,,,,0.0000,,,,0.0087605261434118,-0.0110740098110965,0.0013579961979318,-0.0008214811426094165,0.00023631861342959226,-0.0026413308404392424,-1.43375506816e-05,4.1245378881e-06,-4.60999198002e-05,812515,-464060,164409358,-1040052,-274978,-1288119,0.04863311904754639,-0.027776330560302737,9.840728946720583,-0.2404533062438965,-0.06357313792419433,-0.2978047947463989,61,eebbfe00,43.51031227964,-79.67563286984,153.3255,-37.1,SOL_COMPUTED,INS_PSRSP,good,2.1654,1.655,3.023,24,17,0.0,0.0,0,0,0,0,0,0,0,0,0,—,—,0.0,0.0,0.0,0.0
2026-05-25 11:59:28.721911,1779724768.721911,2420,143982.0,,,,,,,,,,,,,,,,0.0000,,,,0.0052753434036984,-0.0086842120095606,0.0021467306946509,-0.0027983984495773815,-0.0038173663833327384,0.0014833993974076197,-4.88412667279e-05,-6.66256121442e-05,2.58902036069e-05,-5150512,3387659,165814046,-1982965,-1856398,477979,-0.30828410952636726,0.20276847004608156,9.924806605260622,-0.45844870296478274,-0.4291872298736572,0.11050565824127197,61,eebbfe00,43.51026312794,-79.67564495816,152.8138,-37.1,SOL_COMPUTED,INS_PSRSP,good,2.1724,1.6333,3.0232,22,16,0.0,0.0,0,0,0,0,0,0,0,0,0,STATISTICANALYSIS,L2,2.37,3.965,1.501,0.414
2026-05-25 11:59:29.590119,1779724769.590119,2420,143983.0,,,,,,,,,,,,,,,,0.0000,,,,-0.0288380991851905,-0.0071759890974953,-0.0001060147528461,0.0011240855324377243,0.012021815555594678,0.0009043486957169617,1.96189936151e-05,0.0002098202635129,1.57838623264e-05,-63193386,6000251,161670061,-202063,4877754,257518,-3.7824427418023685,0.35914527263885504,9.676768211094057,-0.046715660774230956,1.1277052266082763,0.05953649867248535,61,eebcfe00,43.51021525547,-79.67565243719,152.3088,-37.1,SOL_COMPUTED,INS_PSRSP,good,2.1738,1.6145,3.0217,24,18,0.0,0.0,0,0,0,0,0,0,0,0,0,—,—,0.0,0.0,0.0,0.0
2026-05-25 11:59:30.597503,1779724770.597503,2420,143984.0,,,,,,,,,,,,,,,,0.0000,,,,-0.0161793622851741,-0.0097518783511717,0.0009580299197972,-0.0076218914171926715,-0.0028747755091708574,0.0019532040169496783,-0.0001330271004597,-5.01742978908e-05,3.4089841059e-05,-41491895,845725,163990748,-3932778,-1510251,679879,-2.4834990973007205,0.05062090497589112,9.815673027796633,-0.909232877609253,-0.3491602787246704,0.15718363446807862,61,eebdfe00,43.51019212605,-79.67565087831,152.3594,-37.1,SOL_COMPUTED,INS_PSRSP,good,2.1766,1.6059,3.005,24,18,0.0,0.0,0,0,0,0,0,0,0,0,0,—,—,0.0,0.0,0.0,0.0
2026-05-25 11:59:31.671249,1779724771.671249,2420,143985.0,,,,,,,,,,,,,,,,0.0000,,,,0.0046049994998126,-0.0100781409721789,0.0017659582422292,0.0035870421898087485,-0.0004476084351684353,0.0009525043892136705,6.26056966202e-05,-7.8122409534e-06,1.66243377315e-05,-5956259,54434,165552684,886010,-476980,253489,-0.3565121296530152,0.0032581493292236333,9.909162771903077,0.20483979057312013,-0.11027469589233399,0.05860501988983154,61,eebdfe00,43.51018722879,-79.67564952961,152.6722,-37.1,SOL_COMPUTED,INS_PSRSP,good,2.1752,1.6058,2.9731,23,17,0.0,0.0,0,0,0,0,0,0,0,0,0,—,—,0.0,0.0,0.0,0.0
2026-05-25 11:59:32.849146,1779724772.849146,2420,143986.0,,,,,,,,,,,,,,,,0.0000,,,,0.0045435677983564,-0.010266590550192,0.0010390819888945,0.0017813701029664713,0.0007168721882868363,0.00034155234511653063,3.10907734934e-05,1.25117800016e-05,5.9612129902e-06,-6001450,-373493,164162913,128658,55742,-13606,-0.3592170388336182,-0.02235543901641846,9.825977971017153,0.02974489878845215,0.01288719044494629,-0.0031456193389892578,61,eebefe00,43.51018199479,-79.67565300349,152.888,-37.1,SOL_COMPUTED,INS_PSRSP,good,2.1656,1.6003,2.9342,24,17,0.0,0.0,0,0,0,0,0,0,0,0,0,—,—,0.0,0.0,0.0,0.0
2026-05-25 11:59:33.919870,1779724773.919870,2420,143987.0,,,,,,,,,,,,,,,,0.0000,,,,0.0042913870484384,-0.0097924572689355,0.0008419530807142,0.001615686566545388,0.0005593524470658268,0.00044695506335982365,2.81990502665e-05,9.7625418804e-06,7.8008374641e-06,-6382235,162356,163895633,57035,-642,25498,-0.38200894081268316,0.009717825118408204,9.809979915523988,0.013186123695373536,-0.00014842625427246095,0.005894972946166992,61,eebefe00,43.51017435059,-79.67565835582,153.0306,-37.1,SOL_COMPUTED,INS_PSRSP,good,2.1487,1.5842,2.8956,25,18,0.0,0.0,0,0,0,0,0,0,0,0,0,—,—,0.0,0.0,0.0,0.0
2026-05-25 11:59:34.906103,1779724774.906103,2420,143988.0,,,,,,,,,,,,,,,,0.0000,,,,0.0092083914261588,-0.0100720879601103,0.0013942239791287,0.0015531934910381667,0.0020589409044847154,-4.656888192701149e-05,2.71083403392e-05,3.59352978873e-05,-8.127803186e-07,2164467,-618433,164961644,40199,679936,-194130,0.12955426211883547,-0.03701633288238526,9.873786048172608,0.009293749214172363,0.1571968125,-0.044881602401733396,61,eebffe00,43.51016585693,-79.67566769281,153.1006,-37.1,SOL_COMPUTED,INS_PSRSP,good,2.1345,1.5742,2.8643,25,18,0.0,0.0,0,0,0,0,0,0,0,0,0,—,—,0.0,0.0,0.0,0.0
2026-05-25 11:59:35.970569,1779724775.970569,2420,143989.0,,,,,,,,,,,,,,,,0.0000,,,,0.028046434474842,-0.0130798460669195,0.0025674888820789,0.004179603659678546,-0.005807093156333786,0.0019277656807049819,7.29478452899e-05,-0.0001013528955482,3.36458583353e-05,33925210,-6596711,167027859,1325996,-2696804,607817,2.030594852578736,-0.39484641069427495,9.997459432753603,0.30656171255493164,-0.6234836701354981,0.14052336540985108,61,eec0fe00,43.5101523908,-79.67567890932,153.1699,-37.1,SOL_COMPUTED,INS_PSRSP,good,2.1226,1.5699,2.8378,25,18,0.0,0.0,0,0,0,0,0,0,0,0,0,—,—,0.0,0.0,0.0,0.0
2026-05-25 11:59:36.942426,1779724776.942426,2420,143990.0,,,,,,,,,,,,,,,,0.0000,,,,0.0273664975337899,-0.006752468113931,-0.0050004192400709,-0.0015244655290604283,-0.014610350701895078,-0.0007368057426578502,-2.66069428153e-05,-0.0002549987246195,-1.2859686157e-05,34645914,3988099,154498249,-1482126,-6775153,-526177,2.073732620410767,0.23870783116668703,9.247499106175844,-0.34265796034240725,-1.5663716229171754,-0.12164872460174561,61,eec0fe00,43.51012002169,-79.67569033161,153.2422,-37.1,SOL_COMPUTED,INS_PSRSP,good,2.1086,1.5689,2.8161,25,18,0.0,0.0,0,0,0,0,0,0,0,0,0,—,—,0.0,0.0,0.0,0.0
2026-05-25 11:59:38.205492,1779724778.205492,2420,143991.0,,,,,,,,,,,,,,,,0.0000,,,,0.0278474408610441,-0.015802979623789,0.0047736780354232,0.0122666027384378,0.0012950695254571349,0.008167436415759925,0.0002140926058202,2.26032272615e-05,0.0001425486569025,34354276,-10692044,170781455,4813821,442703,3336893,2.0562766158166506,-0.6399727373815919,10.2221310771225,1.1129243298568725,0.10235007483673096,0.7714681135482788,61,eec0fe00,43.51006293802,-79.67569736491,152.8268,-37.1,SOL_COMPUTED,INS_PSRSP,good,2.0987,1.5868,2.8255,24,17,0.0,0.0,0,0,0,0,0,0,0,0,0,STATISTICANALYSIS,L2,2.145,-2.59,0.856,0.425
2026-05-25 11:59:39.465431,1779724779.465431,2420,143992.0,,,,,,,,,,,,,,,,0.0000,,,,0.0298841845799436,-0.0056414985216409,-0.0099792976283653,-0.010250699882191867,0.02235701692196855,0.01631139035756079,-0.0001789084635783,0.000390203556213,0.0002846874673179,42547445,4638042,146283006,-4882928,9662519,6797983,2.546679086360169,0.2776101964068604,8.755775395446168,-1.1289014219970703,2.2339119968948364,1.5716497714920044,61,eec1fe00,43.50998629892,-79.67568569972,152.8108,-37.1,SOL_COMPUTED,INS_PSRSP,good,2.0864,1.622,2.8356,24,17,0.0,0.0,0,0,0,0,0,0,0,0,0,—,—,0.0,0.0,0.0,0.0
2026-05-25 11:59:40.429701,1779724780.429701,2420,143993.0,,,,,,,,,,,,,,,,0.0000,,,,0.0174039981356026,-0.0016154582483339,-0.0015864684695799,0.008285532099576708,-0.00275086044466795,0.036799309972309104,0.0001446098154175,-4.80115720224e-05,0.0006422691214797,18817356,10485238,160009352,3068801,-1091024,15633544,1.1263136243737795,0.6275943556683351,9.577366404973146,0.709486974357605,-0.25223770349121094,3.6143744188842772,61,eec1fe00,43.50989644824,-79.6756409368,153.3373,-37.1,SOL_COMPUTED,INS_PSRSP,good,2.0756,1.676,2.8471,24,17,0.0,0.0,0,0,0,0,0,0,0,0,0,—,—,0.0,0.0,0.0,0.0
2026-05-25 11:59:41.567279,1779724781.567279,2420,143994.0,,,,,,,,,,,,,,,,0.0000,,,,0.0146090884567971,-0.002807060661295,0.0006080495912882,-0.010885918308882173,-0.000805822365047113,0.02853815696001425,-0.0001899951165934,-1.40642534563e-05,0.0004980848014039,19272531,8471560,163946351,-5373542,-20271,12079508,1.1535581428903199,0.5070655754028321,9.813015643518984,-1.242328210647583,-0.004686524299621582,2.792704245941162,61,eec2fe00,43.50980242498,-79.67555193222,154.8089,-37.1,SOL_COMPUTED,INS_PSRSP,good,2.061,1.741,2.8603,23,17,0.0,0.0,0,0,0,0,0,0,0,0,0,STATISTICANALYSIS,L2,1.377,1.869,1.559,0.706
2026-05-25 11:59:42.562905,1779724782.562905,2420,143995.0,,,,,,,,,,,,,,,,0.0000,,,,0.004008355853459,-0.0016122628754209,0.0023706521332592,0.006571651704930449,-0.00015123628490613204,0.024044801457820317,0.0001146969595455,-2.6395711201e-06,0.0004196609534279,2563283,6726000,167008697,2631020,-337810,9903782,0.15342541035125734,0.4025850091552735,9.996312490448304,0.6082748341369629,-0.07809949058532716,2.2896904445343016,61,eec3fe00,43.50971016006,-79.67542352441,157.1941,-37.1,SOL_COMPUTED,INS_PSRSP,good,2.0811,1.8073,2.8763,20,16,0.0,0.0,0,0,0,0,0,0,0,0,0,STATISTICANALYSIS,L2,1.762,1.869,1.559,0.706
2026-05-25 11:59:43.602619,1779724783.602619,2420,143996.0,,,,,,,,,,,,,,,,0.0000,,,,0.0096974815993382,-0.0021566859348456,0.0010114633684071,-0.002405584632250012,-0.003537000724807188,0.0133314443128248,-4.19853722682e-05,-6.17323082934e-05,0.0002326775973054,15036179,3449629,165931716,-1426961,-1168400,5263417,0.8999911181051637,0.20647768696807864,9.931849747994386,-0.32990416857147215,-0.2701265350341797,1.2168680217819214,61,eec3fe00,43.50962664279,-79.67528608752,158.8306,-37.1,SOL_COMPUTED,INS_PSRSP,good,2.0909,1.8945,2.9181,19,14,0.0,0.0,0,0,0,0,0,0,0,0,0,—,—,0.0,0.0,0.0,0.0
2026-05-25 11:59:44.614157,1779724784.614157,2420,143997.0,,,,,,,,,,,,,,,,0.0000,,,,0.0060347410571529,-0.0003238396521559,-0.0030146877605418,0.013626545389478809,0.0040639905408821125,0.014398780827066285,0.0002378280827192,7.09300157084e-05,0.0002513061337057,10960242,4712052,157829220,5392201,2296640,5791277,0.6560257398028565,0.2820400680285645,9.446874513629151,1.246642050956726,0.5309683374023437,1.3389058451156617,61,eec4fe00,43.50954493203,-79.67511712622,161.5444,-37.1,SOL_COMPUTED,INS_PSRSP,good,2.1666,1.9575,2.9796,19,14,0.0,0.0,0,0,0,0,0,0,0,0,0,—,—,0.0,0.0,0.0,0.0
2026-05-25 11:59:45.665528,1779724785.665528,2420,143998.0,,,,,,,,,,,,,,,,0.0000,,,,0.0023036937342282,0.0024081483593762,-0.0005698104033611,-0.0015568804088919974,-0.002763933522549327,0.012609575332356763,-2.7172689195e-05,-4.82397402748e-05,0.0002200786068282,7322830,6555405,160604476,-1126688,-1246348,4925332,0.4383082935760499,0.39237403834991463,9.612987576693117,-0.2604829899902344,-0.2881476092834473,1.138704952972412,61,eec4fe00,43.50948442417,-79.67492744478,165.1861,-37.1,SOL_COMPUTED,INS_PSRSP,good,2.2006,1.99,3.0392,20,15,0.0,0.0,0,0,0,0,0,0,0,0,0,—,—,0.0,0.0,0.0,0.0
2026-05-25 11:59:46.685336,1779724786.685336,2420,143999.0,,,,,,,,,,,,,,,,0.0000,,,,0.0058259757104276,-0.0036922097076971,0.0073548064441554,-0.011029501014170181,-0.019108271185304376,0.01232960003505344,-0.0001925011075496,-0.000333502246548,0.000215192116066,17440728,-3560580,174168317,-4063297,-8074581,4626154,1.04391549829834,-0.21311866367797855,10.424851842700502,-0.9394080275802612,-1.8667909854354858,1.0695369313201903,61,eec6fe00,43.50943004971,-79.67472703976,168.3329,-37.1,SOL_COMPUTED,INS_PSRSP,good,2.2628,1.9576,3.0618,20,15,0.0,0.0,0,0,0,0,0,0,0,0,0,—,—,0.0,0.0,0.0,0.0
2026-05-25 11:59:47.665093,1779724787.665093,2420,144000.0,,,,,,,,,,,,,,,,0.0000,,,,-0.0022009162528476,0.0027287770301764,0.0004398128397032,0.0022001747798110925,0.002390870628321745,0.018621164992448595,3.84002940271e-05,4.17285644535e-05,0.0003250006396758,1466681,7384753,162377879,816717,1014981,7342760,0.08778825212799074,0.44201469731109627,9.719134686861269,0.188819696434021,0.23465705294036865,1.6975986959838867,61,eec6fe00,43.50938868442,-79.67452210527,171.3898,-37.1,SOL_COMPUTED,INS_PSRSP,good,2.3322,1.9164,3.0835,20,15,0.0,0.0,0,0,0,0,0,0,0,0,0,—,—,0.0,0.0,0.0,0.0
2026-05-25 11:59:48.744703,1779724788.744703,2420,144001.0,,,,,,,,,,,,,,,,0.0000,,,,-0.0031712571774092,0.0067764896953639,0.0018747964370952,-0.0056481318508307815,0.005241188054588669,0.03628061035138987,-9.85784973839e-05,9.14759882689e-05,0.0006332161052658,1210958,12502338,162763876,-2358102,2386071,15023057,0.07248194134948731,0.7483279598858643,9.742238553316652,-0.5451779549102783,0.5516442070999146,3.4732337667160036,61,eec7fe00,43.50936194895,-79.67431846661,174.6199,-37.1,SOL_COMPUTED,INS_PSRSP,good,2.4067,1.8672,3.0723,20,16,0.0,0.0,0,0,0,0,0,0,0,0,0,—,—,0.0,0.0,0.0,0.0
2026-05-25 11:59:49.798873,1779724789.798873,2420,144002.0,,,,,,,,,,,,,,,,0.0000,,,,-0.0036725160056946,0.0122704659084958,-0.0042529171583674,0.012664552508015866,0.004314093225249883,0.03384789674554028,0.0002210381395569,7.52951310187e-05,0.0005907572430856,544379,20271687,154068053,4833567,2726791,13967382,0.032583827638854986,1.213362666739197,9.22174970674103,1.117489477546692,0.6304164708938599,3.2291685237579344,61,eec7fe00,43.50934197056,-79.6741114148,177.3553,-37.1,SOL_COMPUTED,INS_PSRSP,good,2.4598,1.8109,3.043,21,17,0.0,0.0,0,0,0,0,0,0,0,0,0,—,—,0.0,0.0,0.0,0.0
2026-05-25 11:59:50.899316,1779724790.899316,2420,144003.0,,,,,,,,,,,,,,,,0.0000,,,,-0.0051687799516562,0.0147799853666425,-0.0002164425207398,-0.013989888870139813,0.0049724538213811635,0.022564406126215183,-0.0002441696227724,8.67856910866e-05,0.0003938231806602,-2518734,19848000,163718210,-6894619,2348329,9011028,-0.15075892810729982,1.1880028637695315,9.799360254495241,-1.5939913906631469,0.5429185004196166,2.0832914847106934,61,eec8fe00,43.50933401843,-79.67390788359,180.5785,-37.1,SOL_COMPUTED,INS_PSRSP,good,2.5527,1.7825,3.064,18,14,0.0,0.0,0,0,0,0,0,0,0,0,0,STATISTICANALYSIS,L2,1.547,2.888,0.932,0.55
2026-05-25 11:59:51.946245,1779724791.946245,2420,144004.0,,,,,,,,,,,,,,,,0.0000,,,,-0.007510851558152,0.0133835304384434,-0.0037392047110249,-0.0015670054426698832,0.007127134851236965,0.021518752632536556,-2.73494043713e-05,0.0001243919693879,0.0003755730843605,-5169709,16069628,157650494,-1022944,2144699,8423498,-0.3094331467581177,0.9618482508923342,9.436176861481325,-0.23649804711914063,0.49584055936431887,1.9474583426971435,61,eec8fe00,43.50931771923,-79.67369780219,183.4692,-37.1,SOL_COMPUTED,INS_PSRSP,good,2.5643,1.785,3.0869,19,15,0.0,0.0,0,0,0,0,0,0,0,0,0,STATISTICANALYSIS,L2,2.489,2.888,0.932,0.55
2026-05-25 11:59:52.934259,1779724792.934259,2420,144005.0,,,,,,,,,,,,,,,,0.0000,,,,-0.0097033973610566,0.008021337557806,0.0002753435795148,0.019036538681722736,0.0021121902923945724,0.025372320239545408,0.0003322502781798,3.6864675031e-05,0.0004428305270511,-9128264,6409574,160240087,7860715,555113,10304819,-0.5463726205786134,0.38364531779235844,9.59117705797455,1.817346547279358,0.12833854094696046,2.3824076092300417,61,eec9fe00,43.50929416125,-79.67347571371,185.5243,-37.1,SOL_COMPUTED,INS_PSRSP,good,2.5737,1.7976,3.0983,21,16,0.0,0.0,0,0,0,0,0,0,0,0,0,—,—,0.0,0.0,0.0,0.0
2026-05-25 11:59:53.835426,1779724793.835426,2420,144006.0,,,,,,,,,,,,,,,,0.0000,,,,-0.003126172780343,0.0044006867738839,0.0116964704174512,-0.006415088236755393,-0.011103730427377905,0.022143557151610746,-0.0001119644115375,-0.0001937966552119,0.0003864779803997,-1053588,-368205,178466721,-2627426,-4386309,8999706,-0.06306255346801759,-0.022038925556945803,10.682132992521058,-0.6074439245452881,-1.0140863161239624,2.0806739114227293,61,eecafe00,43.50926240038,-79.67325784232,187.591,-37.1,SOL_COMPUTED,INS_PSRSP,good,2.6209,1.856,3.1144,21,16,0.0,0.0,0,0,0,0,0,0,0,0,0,STATISTICANALYSIS,L2,2.635,3.552,0.911,0.468
2026-05-25 11:59:54.842081,1779724794.842081,2420,144007.0,,,,,,,,,,,,,,,,0.0000,,,,-0.0074130627988499,0.0131061083646606,-0.0048067950932744,0.009358342909713404,0.016506257125633854,0.023503061144679843,0.0001633338963054,0.0002880885340235,0.0004102058012728,-7809100,15226383,157416886,3435218,7977445,9497621,-0.46741400460815435,0.9113757864193727,9.42219424494568,0.7942002186126709,1.844333769493103,2.195788644126892,61,eecafe00,43.50924116415,-79.67302492411,188.5886,-37.1,SOL_COMPUTED,INS_PSRSP,good,2.6627,1.9591,3.1637,17,13,0.0,0.0,0,0,0,0,0,0,0,0,0,STATISTICANALYSIS,L2,1.972,3.552,0.911,0.468
2026-05-25 11:59:55.839372,1779724795.839372,2420,144008.0,,,,,,,,,,,,,,,,0.0000,,,,-0.0103255493265456,0.0192921057071899,0.0031525925914723,-0.010435594607780633,-0.014020091026976234,0.015614112349702017,-0.0001821354853094,-0.0002446967498504,0.000272517670279,-13681408,24286895,167014696,-5014322,-6125879,6053973,-0.8189012436718751,1.4536931082260134,9.996671560842287,-1.1592788663177491,-1.4162636668167115,1.399639463951111,61,eecbfe00,43.50922012823,-79.67277253451,188.6654,-37.1,SOL_COMPUTED,INS_PSRSP,good,2.7315,2.0335,3.2238,17,13,0.0,0.0,0,0,0,0,0,0,0,0,0,—,—,0.0,0.0,0.0,0.0
2026-05-25 11:59:56.937625,1779724796.937625,2420,144009.0,,,,,,,,,,,,,,,,0.0000,,,,-0.0114830988381567,0.009162567888562,0.0027982447856596,-0.032627268957034126,-0.0029474829662279227,-0.00037258556572979416,-0.0005694532692348,-5.14432824072e-05,-6.5028448674e-06,-19126258,4588358,168278708,-14425151,-1675248,-1075181,-1.144802966404419,0.2746363585247803,10.072329051563722,-3.3350017605056763,-0.3873065196533203,-0.24857490419769288,61,eecbfe00,43.5091975792,-79.6725161394,188.8554,-37.1,SOL_COMPUTED,INS_PSRSP,good,2.7506,2.0843,3.2756,19,14,0.0,0.0,0,0,0,0,0,0,0,0,0,STATISTICANALYSIS,L2,1.734,-0.421,0.918,0.473
2026-05-25 11:59:57.798711,1779724797.798711,2420,144010.0,,,,,,,,,,,,,,,,0.0000,,,,-0.005356735646392,0.0083359772425023,0.0063228316115011,-0.009132030316093552,-0.0004373915827495587,0.002022282326364399,-0.000159383996408,-7.6339232395e-06,3.5295485e-05,-8558928,6378257,175024460,-4391866,671059,368015,-0.5122949906689453,0.3817708374575806,10.476096317498781,-1.0153710586395264,0.15514450742340088,0.0850826915359497,61,eeccfe00,43.50917520793,-79.67225791835,188.9757,-37.1,SOL_COMPUTED,INS_PSRSP,good,2.7254,2.1052,3.3176,19,14,0.0,0.0,0,0,0,0,0,0,0,0,0,—,—,0.0,0.0,0.0,0.0
2026-05-25 11:59:58.785707,1779724798.785707,2420,144011.0,,,,,,,,,,,,,,,,0.0000,,,,-0.0099751252665563,0.0018360659148723,0.0040149287432999,0.01676957118410976,0.000452440491991153,0.005467756538814542,0.0002926842313107,7.8965762546e-06,9.54303542999e-05,-17001082,-4923367,171650570,7142463,-184683,1528587,-1.0176004687213136,-0.29468833612396245,10.274151991519167,1.6512913230056763,-0.04269751700592041,0.3533994435195923,61,eecdfe00,43.50915747893,-79.67200037333,188.6699,-37.1,SOL_COMPUTED,INS_PSRSP,good,2.6774,2.1042,3.3481,21,15,0.0,0.0,0,0,0,0,0,0,0,0,0,—,—,0.0,0.0,0.0,0.0
2026-05-25 11:59:59.757528,1779724799.757528,2420,144012.0,,,,,,,,,,,,,,,,0.0000,,,,-0.0109391475874175,0.0059210876691623,-0.0008610265414198,-0.003167634561046146,-0.00530460351638384,0.0022843282800758475,-5.52856525903e-05,-9.25827968739e-05,3.98690496838e-05,-18060889,3014085,164180965,-2269956,-1838456,276138,-1.081035260692444,0.1804081827713013,9.82705847422638,-0.524799168914795,-0.4250391553344727,0.06384132243347168,61,eecdfe00,43.50913806515,-79.67175266465,188.4184,-37.1,SOL_COMPUTED,INS_PSRSP,good,2.6966,2.1475,3.4098,21,15,0.0,0.0,0,0,0,0,0,0,0,0,0,—,—,0.0,0.0,0.0,0.0
2026-05-25 12:00:00.686154,1779724800.686154,2420,144013.0,,,,,,,,,,,,,,,,0.0000,,,,-0.0443072051170192,0.0145131420111175,0.0005338517439344,-0.004335853699095461,0.0075805123368229525,0.001741516858290477,-7.56749229341e-05,0.0001323048992658,3.03952031562e-05,-75874880,19284873,160420228,-2340369,3255187,-11812,-4.541494091503907,1.1542968738125612,9.601959405006104,-0.5410781998214722,0.7525782139663696,-0.0027308581237792968,61,eecefe00,43.50912967481,-79.67152403777,186.2226,-37.1,SOL_COMPUTED,INS_PSRSP,good,2.6187,2.0754,3.4037,21,16,0.0,0.0,0,0,0,0,0,0,0,0,0,—,—,0.0,0.0,0.0,0.0
2026-05-25 12:00:01.714248,1779724801.714248,2420,144014.0,,,,,,,,,,,,,,,,0.0000,,,,-0.0512086422506696,0.0059041274336957,-0.0027431905204851,0.0025423768081198933,-0.0007776318028401781,0.0058421447798311914,4.43728461281e-05,-1.35722353278e-05,0.0001019646617864,-88666092,2475385,160652282,817169,-554820,1810115,-5.307112616649171,0.148164271913147,9.615849006807252,0.18892419591522217,-0.12827080123901366,0.4184868991470337,61,eecffe00,43.50912097563,-79.6713310103,184.8977,-37.1,SOL_COMPUTED,INS_PSRSP,good,2.6382,2.0915,3.4579,19,15,0.0,0.0,0,0,0,0,0,0,0,0,0,—,—,0.0,0.0,0.0,0.0
2026-05-25 12:00:02.707689,1779724802.707689,2420,144015.0,,,,,,,,,,,,,,,,0.0000,,,,-0.0512800030004366,0.0107429250318125,-0.0039405474451237,-0.008881397297853855,-0.0006943772477103914,0.00491273874436016,-0.0001550096250255,-1.21191692235e-05,8.57434663795e-05,-90565838,11683089,158561937,-4336527,-143644,1382725,-5.420821992326051,0.6992917769888307,9.490731320074769,-1.0025770391921998,-0.033209565216064454,0.31967709102630615,61,eecffe00,43.5091273499,-79.6711948308,183.3307,-37.1,SOL_COMPUTED,INS_PSRSP,good,2.6847,2.1253,3.5183,19,14,0.0,0.0,0,0,0,0,0,0,0,0,0,—,—,0.0,0.0,0.0,0.0
2026-05-25 12:00:03.605785,1779724803.605785,2420,144016.0,,,,,,,,,,,,,,,,0.0000,,,,-0.0282278355050605,0.0049031547436603,-0.0007335051024606,0.000904152752963118,-0.003985205067555129,0.0027516323921033454,1.57804424802e-05,-6.95549497961e-05,4.80250450468e-05,-50560575,2014299,162711036,146627,-1675723,502039,-3.0263053150863652,0.12056595024627688,9.739075812923586,0.03389921555328369,-0.38741633658599856,0.11606817487335205,61,eed0fe00,43.50914592119,-79.67111993057,181.4013,-37.1,SOL_COMPUTED,INS_PSRSP,good,2.7112,2.1554,3.5775,21,16,0.0,0.0,0,0,0,0,0,0,0,0,0,—,—,0.0,0.0,0.0,0.0
2026-05-25 12:00:04.555826,1779724804.555826,2420,144017.0,,,,,,,,,,,,,,,,0.0000,,,,-0.0101551623122205,0.0040461844494946,-0.0005881669454952,0.0018753829749058326,0.000310178983902678,0.0027384250988126226,3.2731607648e-05,5.4136445396e-06,4.77945342936e-05,-20029438,775817,162945544,526434,232038,434684,-1.198862842789917,0.04643655873443604,9.753112298996584,0.12170814134216308,0.05364568721008301,0.10049613381958007,61,eed1fe00,43.50916292158,-79.67107989041,179.3648,-37.1,SOL_COMPUTED,INS_PSRSP,good,2.7023,2.1841,3.6379,21,16,0.0,0.0,0,0,0,0,0,0,0,0,0,—,—,0.0,0.0,0.0,0.0
2026-05-25 12:00:05.570491,1779724805.570491,2420,144018.0,,,,,,,,,,,,,,,,0.0000,,,,-0.0010535285743446,0.0025418467724404,-0.0001475507979027,-0.00044787502140107176,-0.002891158993030585,0.0015540521074501048,-7.8168937609e-06,-5.04602436271e-05,2.71233260226e-05,-4967659,-971642,163676553,-446690,-1147563,-110262,-0.29733943562225346,-0.05815767223693848,9.796866873031313,-0.10327184349060059,-0.26530915518951415,-0.025491862380981445,61,eed1fe00,43.50916899405,-79.67106052416,176.6163,-37.1,SOL_COMPUTED,INS_PSRSP,good,2.6582,2.1626,3.6645,23,18,0.0,0.0,0,0,0,0,0,0,0,0,0,—,—,0.0,0.0,0.0,0.0
2026-05-25 12:00:06.577310,1779724806.577310,2420,144019.0,,,,,,,,,,,,,,,,0.0000,,,,-0.0020549469048849,0.0020991349010182,-0.000163505338036,0.0010639980156554238,0.000133555931359834,0.002285557576592562,1.85702686079e-05,2.3309907378e-06,3.98905049555e-05,-6795089,-848026,163798756,173327,161253,177247,-0.4067203341177369,-0.05075863142639161,9.804181338668215,0.040072083137512204,0.037280652305603026,0.04097836182403564,61,eed2fe00,43.50917049881,-79.67105606065,174.1482,-37.1,SOL_COMPUTED,INS_PSRSP,good,2.5865,2.0859,3.6278,23,18,0.0,0.0,0,0,0,0,0,0,0,0,0,—,—,0.0,0.0,0.0,0.0
2026-05-25 12:00:07.361556,1779724807.361556,2420,144020.0,,,,,,,,,,,,,,,,0.0000,,,,0.0011674087198661,0.0011403889607636,0.0003530739382764,-0.0004320535903510809,0.0003107105626170888,-0.0018493116743372206,-7.5407576967e-06,5.4229223384e-06,-3.22765776128e-05,-1423686,-2049170,164688625,-484886,219194,-1671147,-0.08521478461853028,-0.12265315539855959,9.857444484596254,-0.11210251203918457,0.050676237350463865,-0.3863583949356079,61,eed3fe00,43.50916844113,-79.67105695224,172.0726,-37.1,SOL_COMPUTED,INS_PSRSP,good,2.5271,2.0257,3.5883,24,19,0.0,0.0,0,0,0,0,0,0,0,0,0,—,—,0.0,0.0,0.0,0.0
2026-05-25 12:00:08.435631,1779724808.435631,2420,144021.0,,,,,,,,,,,,,,,,0.0000,,,,0.0131267483227648,-0.0025325534108812,0.0008800371865216,0.0030279476508307426,-0.0035937992792327107,-0.05875173587838647,5.28476560851e-05,-6.27236300785e-05,-0.0010254112323414,19772526,-7279170,165430264,943035,-1454212,-26382846,1.1834853643670655,-0.43569502246398933,9.901835317722169,0.21802360233306886,-0.3362044237976074,-6.099543627456665,61,eed4fe00,43.50916380844,-79.67105649859,170.1441,-37.1,SOL_COMPUTED,INS_PSRSP,good,2.4889,1.9953,3.5794,23,18,0.0,0.0,0,0,0,0,0,0,0,0,0,STATISTICANALYSIS,L2,2.353,1.368,1.356,0.448
2026-05-25 12:00:09.489884,1779724809.489884,2420,144022.0,,,,,,,,,,,,,,,,0.0000,,,,0.0128763495211171,-0.0119193270124679,6.27903207459e-05,0.003389579486026239,-0.002057692039986796,-0.1726464154225761,5.91593222893e-05,-3.59135010899e-05,-0.0030132483908942,18816366,-20260419,164064283,1176537,-890302,-75646747,1.1262543678826906,-1.212688220131531,9.820074468273623,0.27200775688934326,-0.2058320732574463,-17.48903941605377,61,eed4fe00,43.50915280227,-79.67104403018,167.8377,-37.1,SOL_COMPUTED,INS_PSRSP,good,2.3831,1.8918,3.4445,24,19,0.0,0.0,0,0,0,0,0,0,0,0,0,—,—,0.0,0.0,0.0,0.0
2026-05-25 12:00:10.417240,1779724810.417240,2420,144023.0,,,,,,,,,,,,,,,,0.0000,,,,0.0145492936944158,-0.0189822308358043,0.0010276973499137,0.004496993114537121,-0.0010174791477987662,-0.184684947227908,7.84873362883e-05,-1.77583611995e-05,-0.0032233604080036,18405922,-27259876,165380025,1670213,-266896,-80758157,1.1016872252276613,-1.631641009371338,9.898828260292055,0.38614246016693116,-0.06170463171386719,-18.670764401023863,61,eed5fe00,43.50912578692,-79.67102376942,166.207,-37.1,SOL_COMPUTED,INS_PSRSP,good,2.423,1.9035,3.4797,22,17,0.0,0.0,0,0,0,0,0,0,0,0,0,STATISTICANALYSIS,L2,1.57,1.368,1.356,0.448
2026-05-25 12:00:11.452479,1779724811.452479,2420,144024.0,,,,,,,,,,,,,,,,0.0000,,,,0.0161440917976394,-0.0276244670312513,-0.0033597362832328,0.011631701601141095,-0.003998665862149114,-0.23994331374692895,0.0002030114905497,-6.97898849817e-05,-0.0041878008430357,14557773,-37633010,159196022,4521995,-1661278,-104715674,0.8713561071194459,-2.252525375466919,9.528684504066774,1.0454560431289672,-0.3840767458648682,-24.209587625289917,61,eed6fe00,43.50907364149,-79.67102106856,163.1984,-37.1,SOL_COMPUTED,INS_PSRSP,good,2.3262,1.8044,3.3607,23,20,0.0,0.0,0,0,0,0,0,0,0,0,0,—,—,0.0,0.0,0.0,0.0
2026-05-25 12:00:12.396370,1779724812.396370,2420,144025.0,,,,,,,,,,,,,,,,0.0000,,,,0.0156835316183302,-0.0351718145789158,0.0006708572991718,0.03192728614172163,0.007482485962977297,-0.21765996509357674,0.0005572362644002,0.0001305940162884,-0.0037988830406643,7540576,-48675655,164259242,13452329,3312724,-94945696,0.45134148944335944,-2.9134833502548223,9.831743747310181,3.1100915961227416,0.7658803968200684,-21.950831801513672,61,eed7fe00,43.50899488524,-79.67103168337,162.0745,-37.1,SOL_COMPUTED,INS_PSRSP,good,2.3298,1.7625,3.3525,21,18,0.0,0.0,0,0,0,0,0,0,0,0,0,—,—,0.0,0.0,0.0,0.0
2026-05-25 12:00:13.404244,1779724813.404244,2420,144026.0,,,,,,,,,,,,,,,,0.0000,,,,0.0210864647917774,-0.026219575713536,0.0011589144132595,0.01759404687733707,-0.0011268169446824604,-0.15887763851380318,0.0003070740467602,-1.9666665752e-05,-0.0027729378998632,13044000,-31885780,165045708,7238238,-455382,-69458281,0.7807491613769533,-1.9085246852844242,9.878817702381593,1.6734338845367431,-0.10528137776184082,-16.058306038993834,61,eed8fe00,43.50890706774,-79.67107852782,161.2352,-37.1,SOL_COMPUTED,INS_PSRSP,good,2.3394,1.7301,3.3488,21,18,0.0,0.0,0,0,0,0,0,0,0,0,0,—,—,0.0,0.0,0.0,0.0
2026-05-25 12:00:14.436019,1779724814.436019,2420,144027.0,,,,,,,,,,,,,,,,0.0000,,,,0.0248786495841898,0.0014339243612559,0.0015266537540462,-0.016688018619247198,-0.015250030816665778,0.006878958868118344,-0.0002912608705404,-0.0002661632487818,0.0001200604813581,19143930,17770342,164418879,-7656739,-6344595,2153818,1.145860724697876,1.0636445579486085,9.84129882657074,-1.7701886132583617,-1.4668293936538697,0.49794881327819823,61,eed8fe00,43.50881369996,-79.6711553195,160.2898,-37.1,SOL_COMPUTED,INS_PSRSP,good,2.3911,1.7268,3.3218,18,16,0.0,0.0,0,0,0,0,0,0,0,0,0,—,—,0.0,0.0,0.0,0.0
2026-05-25 12:00:15.554425,1779724815.554425,2420,144028.0,,,,,,,,,,,,,,,,0.0000,,,,0.0234255507257562,-0.004189560563753,0.001289792762237,0.011991388982717816,0.009909487052487299,0.019253352722401338,0.0002092892196361,0.0001729531762499,0.0003360343970542,15907981,7620575,164502909,4974259,4465895,7486652,0.9521728629983521,0.45612983290863046,9.846328445708314,1.150016559425354,1.0324860853958129,1.7308655971984863,61,eed9fe00,43.50870554137,-79.67125704863,159.276,-37.1,SOL_COMPUTED,INS_PSRSP,good,2.3394,1.7899,3.2372,17,15,0.0,0.0,0,0,0,0,0,0,0,0,0,—,—,0.0,0.0,0.0,0.0
2026-05-25 12:00:16.590922,1779724816.590922,2420,144029.0,,,,,,,,,,,,,,,,0.0000,,,,0.0158701339648645,-0.0067881840510963,-0.002176649199345,-0.004167962643253275,6.489012341392032e-05,-0.0019050617524377718,-7.2744671225e-05,1.1325463056e-06,-3.32496000339e-05,2285979,2760701,159010352,-2193247,233388,-1759485,0.13682736792205813,0.16524187293487552,9.517571218510744,-0.5070645434646607,0.05395779849243164,-0.40678157009124755,61,eed9fe00,43.5085850497,-79.67136564283,158.4893,-37.1,SOL_COMPUTED,INS_PSRSP,good,2.2929,1.8533,3.1848,20,17,0.0,0.0,0,0,0,0,0,0,0,0,0,—,—,0.0,0.0,0.0,0.0
2026-05-25 12:00:17.603128,1779724817.603128,2420,144030.0,,,,,,,,,,,,,,,,0.0000,,,,0.01548731266748,-0.0094366332713387,-0.0014693678790659,0.005539558356102955,-0.0006069333849404361,-0.004549565509696958,9.66835324205e-05,-1.05929859075e-05,-7.94048976795e-05,970769,-2218435,160117945,2155346,-202709,-2841586,0.058105418785705576,-0.1327845189987183,9.58386624349518,0.4983020770111084,-0.04686501180267334,-0.6569563336029053,61,eedafe00,43.50845253402,-79.67146586164,158.2601,-37.1,SOL_COMPUTED,INS_PSRSP,good,2.2661,1.8947,3.1349,19,17,0.0,0.0,0,0,0,0,0,0,0,0,0,—,—,0.0,0.0,0.0,0.0
2026-05-25 12:00:18.673852,1779724818.673852,2420,144031.0,,,,,,,,,,,,,,,,0.0000,,,,0.0169524458196813,-0.0102176597275598,0.0005895857381868,0.0024042751764052853,0.00463620852734362,-0.008369704908433214,4.19625179523e-05,8.09171036113e-05,-0.0001460789080727,3915981,-1209940,165571037,607654,2093729,-4554105,0.23439120528350835,-0.07242100891723634,9.910261291479799,0.14048568086242677,0.4840566245040894,-1.0528796677780152,61,eedbfe00,43.50831790965,-79.6715735578,157.2047,-37.1,SOL_COMPUTED,INS_PSRSP,good,2.261,1.9813,3.1203,17,15,0.0,0.0,0,0,0,0,0,0,0,0,0,—,—,0.0,0.0,0.0,0.0
2026-05-25 12:00:19.752867,1779724819.752867,2420,144032.0,,,,,,,,,,,,,,,,0.0000,,,,0.0170312855994877,-0.0063273456609005,0.0037859023568605,0.0012068561973336003,-0.026902549380273085,-0.0018418538131255854,2.10636142416e-05,-0.0004695380638668,-3.21464133795e-05,6977362,3850227,170089852,192214,-11562992,-1818487,0.41763029209777836,0.2304554968844605,10.180735150853273,0.04443863557434082,-2.67328908215332,-0.42042245148468016,61,eedcfe00,43.5081887136,-79.67168548209,155.6349,-37.1,SOL_COMPUTED,INS_PSRSP,good,2.3618,2.1147,3.1824,13,13,0.0,0.0,0,0,0,0,0,0,0,0,0,—,—,0.0,0.0,0.0,0.0
2026-05-25 12:00:20.725748,1779724820.725748,2420,144033.0,,,,,,,,,,,,,,,,0.0000,,,,0.0175823460139417,-0.0071527853875976,0.0029353726216128,0.0012023082864560863,-0.006472313353509571,-0.004174834001408924,2.09842382227e-05,-0.0001129631782397,-7.28645990489e-05,10674307,-260925,169355227,230474,-2781202,-2751654,0.6389110885104371,-0.01561767670440674,10.136764140988467,0.05328410050964356,-0.6429959427337647,-0.6361646359405517,61,eeddfe00,43.50804414965,-79.67179088391,155.6971,-37.1,SOL_COMPUTED,INS_PSRSP,good,2.357,2.1872,3.1634,18,16,0.0,0.0,0,0,0,0,0,0,0,0,0,STATISTICANALYSIS,L2,1.782,3.034,0.921,0.463
2026-05-25 12:00:21.755738,1779724821.755738,2420,144034.0,,,,,,,,,,,,,,,,0.0000,,,,0.0170602140391362,-0.0125508278894411,0.0008627616948678,-0.00022231223001968175,-0.005461792576090551,-0.009472489274820198,-3.8800803813e-06,-9.53262635139e-05,-0.0001653261262057,10274735,-10173464,164556148,-300693,-2345346,-4939998,0.6149946898666383,-0.6089331099584961,9.84951506826294,-0.06951827986907959,-0.5422288500823975,-1.1420956374664306,61,eeddfe00,43.5078891895,-79.67188699972,155.0165,-37.1,SOL_COMPUTED,INS_PSRSP,good,2.3504,2.2051,3.1151,19,17,0.0,0.0,0,0,0,0,0,0,0,0,0,STATISTICANALYSIS,L5,1.071,-5.864,0.699,0.399
2026-05-25 12:00:22.720537,1779724822.720537,2420,144035.0,,,,,,,,,,,,,,,,0.0000,,,,0.0157873744236713,-0.0069850353846673,-0.0018111835642773,0.0056102981354877015,-0.000733345172388321,-0.005585405106335584,9.79181744829e-05,-1.27992878118e-05,-9.74837091634e-05,6990424,-1389400,159852274,2215799,-528567,-3303132,0.4184121186499024,-0.08316259466552736,9.567964494763796,0.5122784202346802,-0.12220127716827392,-0.7636627883605958,61,eedefe00,43.50774305834,-79.67198036401,155.5706,-37.1,SOL_COMPUTED,INS_PSRSP,good,2.3683,2.2279,3.0874,19,17,0.0,0.0,0,0,0,0,0,0,0,0,0,STATISTICANALYSIS,L2,1.015,3.034,0.921,0.463
2026-05-25 12:00:23.735724,1779724823.735724,2420,144036.0,,,,,,,,,,,,,,,,0.0000,,,,0.0077003399573964,-0.0073160800970632,0.000263127646601,-0.006356217931119682,0.003876974482298004,-0.007149956461488686,-0.0001109369308725,6.7665969732e-05,-0.0001247902816274,-5825362,-1590296,164764275,-3064340,1393353,-3984651,-0.3486772842852784,-0.09518723308349611,9.861972518486024,-0.7084556199645996,0.32213421599578856,-0.9212255802383423,61,eedffe00,43.507597859,-79.67208374152,155.6909,-37.1,SOL_COMPUTED,INS_PSRSP,good,2.3916,2.2911,3.0773,17,16,0.0,0.0,0,0,0,0,0,0,0,0,0,—,—,0.0,0.0,0.0,0.0
2026-05-25 12:00:24.749962,1779724824.749962,2420,144037.0,,,,,,,,,,,,,,,,0.0000,,,,0.0107423608634716,-0.0068624647633462,-0.0010409296903942,0.01443346562188694,0.003762778671890329,-0.0056201959711254384,0.0002519114975757,6.56728768484e-05,-9.80909243036e-05,1740029,-404073,161541693,6112415,1556922,-3370587,0.1041495080130005,-0.024185806185607915,9.669084739126284,1.4131508769607544,0.35995031254577636,-0.7792579487686158,61,eee0fe00,43.50745947394,-79.67218274231,155.639,-37.1,SOL_COMPUTED,INS_PSRSP,good,2.4359,2.3443,3.0765,18,17,0.0,0.0,0,0,0,0,0,0,0,0,0,STATISTICANALYSIS,L5,3.07,-5.864,0.699,0.399
2026-05-25 12:00:25.737011,1779724825.737011,2420,144038.0,,,,,,,,,,,,,,,,0.0000,,,,0.0098643608870045,-0.0088880463953448,0.000430897024972,-0.014042588871612183,0.009280943446096184,-0.011218824277183136,-0.0002450894113139,0.000161983020826,-0.0001958054218398,-807912,-6326403,163319471,-6564284,4157253,-5695999,-0.048357606291503916,-0.3786671141354371,9.775493715101014,-1.5176200718078614,0.9611300480575562,-1.3168781867752075,61,eee0fe00,43.50732338889,-79.67226808361,155.3148,-37.1,SOL_COMPUTED,INS_PSRSP,good,2.4928,2.373,3.0792,18,17,0.0,0.0,0,0,0,0,0,0,0,0,0,—,—,0.0,0.0,0.0,0.0
2026-05-25 12:00:26.620007,1779724826.620007,2420,144039.0,,,,,,,,,,,,,,,,0.0000,,,,0.0060215650897808,-0.0097674612627221,-0.0020237273433044,0.01338118820760607,0.0031405038445261406,-0.004551864503124937,0.0002335457920521,5.48121322586e-05,-7.94450226843e-05,-5306902,-6617154,160630963,5867735,1113639,-2790753,-0.31764483946716315,-0.3960700273077393,9.614572957177431,1.3565824409866334,0.2574661454544067,-0.6452040722579956,61,eee1fe00,43.50719325777,-79.67235623332,155.1117,-37.1,SOL_COMPUTED,INS_PSRSP,good,2.4724,2.3843,3.072,18,17,0.0,0.0,0,0,0,0,0,0,0,0,0,—,—,0.0,0.0,0.0,0.0
2026-05-25 12:00:27.649800,1779724827.649800,2420,144040.0,,,,,,,,,,,,,,,,0.0000,,,,0.0080738854640243,0.0025295081137823,0.0011283993082571,0.00308419327254234,0.0007042940608218418,0.019977514325797356,5.38293273738e-05,1.22922502636e-05,0.00034867340135,-457982,13473282,165130376,1106713,575019,7748694,-0.027412531618041996,0.8064438533038332,9.883885509035647,0.255864898979187,0.13294067960357667,1.7914480154571533,61,eee1fe00,43.50706663302,-79.67244674672,155.007,-37.1,SOL_COMPUTED,INS_PSRSP,good,2.4674,2.4024,3.0697,18,17,0.0,0.0,0,0,0,0,0,0,0,0,0,—,—,0.0,0.0,0.0,0.0
2026-05-25 12:00:28.664450,1779724828.664450,2420,144041.0,,,,,,,,,,,,,,,,0.0000,,,,0.0041176107321553,-0.0116141977963339,-0.0027274896475265,-0.013271253655956014,-0.003906030888355473,-0.01709505744110686,-0.0002316270721641,-6.81730996865e-05,-0.0002983650381653,-6282530,-12646095,160036968,-6352879,-1721374,-8264830,-0.37604109389953616,-0.7569325410873414,9.579019361799318,-1.4687446009597778,-0.39797055299377443,-1.9107753256988524,61,eee3fe00,43.50694754546,-79.67254513908,154.8295,-37.1,SOL_COMPUTED,INS_PSRSP,good,2.4978,2.438,3.073,16,15,0.0,0.0,0,0,0,0,0,0,0,0,0,—,—,0.0,0.0,0.0,0.0
2026-05-25 12:00:29.607062,1779724829.607062,2420,144042.0,,,,,,,,,,,,,,,,0.0000,,,,-0.0003303384196396,-0.0099707083006611,-0.0024552619396674,-0.0004972372431488775,0.00458329821629237,-0.025354423580330958,-8.6784270565e-06,7.99936444752e-05,-0.0004425181714227,-12738855,-8536966,158879431,-529223,1785305,-11850721,-0.7624846947372438,-0.5109804542474365,9.50973493662201,-0.12235294013214111,0.41275098735809324,-2.7398101689376833,61,eee3fe00,43.50683095351,-79.67264138288,154.8413,-37.1,SOL_COMPUTED,INS_PSRSP,good,2.4768,2.4457,3.0666,17,16,0.0,0.0,0,0,0,0,0,0,0,0,0,—,—,0.0,0.0,0.0,0.0
2026-05-25 12:00:30.589163,1779724830.589163,2420,144043.0,,,,,,,,,,,,,,,,0.0000,,,,0.0002893293081586,-0.0091233073496061,0.000833344306152,-0.007422576281001608,0.0022457558186259646,-0.009590008316379453,-0.0001295483950841,3.91958332309e-05,-0.0001673772204147,-11586245,-6980652,166863382,-3493290,1119547,-4987254,-0.6934951753494264,-0.41782721518432625,9.987614655092164,-0.8076260900115967,0.25883203690338136,-1.1530209195098877,61,eee4fe00,43.50671902844,-79.67273779733,155.0691,-37.1,SOL_COMPUTED,INS_PSRSP,good,2.4637,2.4534,3.0621,18,17,0.0,0.0,0,0,0,0,0,0,0,0,0,—,—,0.0,0.0,0.0,0.0
2026-05-25 12:00:31.520939,1779724831.520939,2420,144044.0,,,,,,,,,,,,,,,,0.0000,,,,-0.0017479517392989,-0.0078369829551003,0.0008045797806059,-0.002298338887685857,-0.006922541550270135,-0.004328352720987735,-4.01135809168e-05,-0.0001208211426585,-7.5544006169e-05,-14671348,-5238535,167831835,-1435141,-2669991,-2584767,-0.878154143458252,-0.3135527298446656,10.045581449601746,-0.3317953317489624,-0.6172846776809693,-0.5975814392166138,61,eee5fe00,43.50661646511,-79.67283286134,155.1019,-37.1,SOL_COMPUTED,INS_PSRSP,good,2.4847,2.4561,3.07,18,18,0.0,0.0,0,0,0,0,0,0,0,0,0,—,—,0.0,0.0,0.0,0.0
2026-05-25 12:00:32.484685,1779724832.484685,2420,144045.0,,,,,,,,,,,,,,,,0.0000,,,,-0.0058974295475523,-0.0043225011453997,-0.0008625091387391,-0.004950856841506521,-0.00010572550372881414,-0.00045002725477234106,-8.64087526793e-05,-1.8452581434e-06,-7.8544573195e-06,-19243867,981368,163361484,-2213017,-328111,-1014666,-1.151842457980652,0.058739822370605474,9.778008404959719,-0.5116352397994995,-0.07585714441680909,-0.2345842269744873,61,eee6fe00,43.50651615019,-79.67291763276,155.4334,-37.1,SOL_COMPUTED,INS_PSRSP,good,2.4631,2.3956,3.0576,18,18,0.0,0.0,0,0,0,0,0,0,0,0,0,—,—,0.0,0.0,0.0,0.0
2026-05-25 12:00:33.411822,1779724833.411822,2420,144046.0,,,,,,,,,,,,,,,,0.0000,,,,-0.008379410553885,-0.0016319358197527,-0.0027198704521431,-0.0026796915911648715,0.0040183713689815066,-0.002714537690931101,-4.67694412039e-05,7.01338109567e-05,-4.73776203763e-05,-24877979,4482593,159191340,-1365861,2009721,-2012459,-1.4890724655783083,0.2683057900601197,9.528404262762452,-0.3157782431259155,0.46463451738739014,-0.4652675253067017,61,eee6fe00,43.50642909391,-79.6729965009,155.3235,-37.1,SOL_COMPUTED,INS_PSRSP,good,2.4441,2.3055,3.0407,21,19,0.0,0.0,0,0,0,0,0,0,0,0,0,—,—,0.0,0.0,0.0,0.0
2026-05-25 12:00:34.348418,1779724834.348418,2420,144047.0,,,,,,,,,,,,,,,,0.0000,,,,-0.0161883223700648,-0.003723538347755,0.0007571470768058,0.00028068459730421554,-0.0023090864907347026,0.00389287017971914,4.8988703826e-06,-4.03011619767e-05,6.79434019889e-05,-35190670,256632,165381304,304851,-1091687,782340,-2.1063390134002686,0.015360719011230472,9.898904814890138,0.07047958261871339,-0.2523909848098755,0.18087195602416992,61,eee8fe00,43.50635240058,-79.67306786509,155.1226,-37.1,SOL_COMPUTED,INS_PSRSP,good,2.4296,2.2105,3.0227,21,19,0.0,0.0,0,0,0,0,0,0,0,0,0,—,—,0.0,0.0,0.0,0.0
2026-05-25 12:00:35.325870,1779724835.325870,2420,144048.0,,,,,,,,,,,,,,,,0.0000,,,,-0.0163471085082706,-0.0035275091979349,0.0015050837634119,0.0042909728232662266,0.0004682897518132476,0.0018624531977797219,7.48916038797e-05,8.1731980225e-06,3.25059404656e-05,-35686503,1213970,166786210,1835094,455120,-135586,-2.136017118194275,0.07266222473449709,9.982995521829226,0.4242618826446533,0.10522080505371094,-0.031346607650756836,61,eee8fe00,43.50628948615,-79.67314046057,155.0845,-37.1,SOL_COMPUTED,INS_PSRSP,good,2.4359,2.1712,3.01,21,19,0.0,0.0,0,0,0,0,0,0,0,0,0,—,—,0.0,0.0,0.0,0.0
2026-05-25 12:00:36.460173,1779724836.460173,2420,144049.0,,,,,,,,,,,,,,,,0.0000,,,,-0.0216131456809377,0.0010985929418057,9.60335598083e-05,0.003095728316257998,0.002153705163538284,0.0007458490051837845,5.4030651866e-05,3.7589246221e-05,1.30175208632e-05,-43070719,9344063,164857305,1088827,981572,-496232,-2.5779996733480837,0.5592892786801148,9.867540832997133,0.25172977127838136,0.22693310787963866,-0.11472563397216796,61,eee9fe00,43.50624024914,-79.67320025426,154.8807,-37.1,SOL_COMPUTED,INS_PSRSP,good,2.4357,2.1413,2.9975,21,19,0.0,0.0,0,0,0,0,0,0,0,0,0,—,—,0.0,0.0,0.0,0.0
2026-05-25 12:00:37.416871,1779724837.416871,2420,144050.0,,,,,,,,,,,,,,,,0.0000,,,,-0.0270828820321686,0.0006944338787098,-0.0003988833210424,0.0008151530256438847,-0.0008385820316570573,0.0020358451501942963,1.42271042051e-05,-1.46360175005e-05,3.55322009317e-05,-52540892,7192559,163838338,177403,-265964,-28256,-3.144837271312256,0.4305109174642945,9.806550520921022,0.0410144280166626,-0.06148915933227539,-0.006532604736328125,61,eeeafe00,43.50620797875,-79.67324048732,154.4725,-37.1,SOL_COMPUTED,INS_PSRSP,good,2.4343,2.1087,2.9838,21,19,0.0,0.0,0,0,0,0,0,0,0,0,0,—,—,0.0,0.0,0.0,0.0
