sys_datetime,unix_timestamp,gps_week,gps_seconds,ins_status,pose_quality,ins_lat,ins_lon,ins_height_m,ins_undulation_m,roll_deg,pitch_deg,azimuth_deg,roll_sig_deg,pitch_sig_deg,azimuth_sig_deg,vel_n_ms,vel_e_ms,vel_u_ms,speed_2d_ms,vel_n_sig_ms,vel_e_sig_ms,vel_u_sig_ms,veh_lat_acc_ms2,veh_long_acc_ms2,veh_vert_acc_ms2,veh_pitch_rate_degs,veh_roll_rate_degs,veh_yaw_rate_degs,veh_pitch_rate_rads,veh_roll_rate_rads,veh_yaw_rate_rads,raw_accel_x_lsb,raw_accel_y_lsb,raw_accel_z_lsb,raw_gyro_x_lsb,raw_gyro_y_lsb,raw_gyro_z_lsb,raw_accel_x_ms2,raw_accel_y_ms2,raw_accel_z_ms2,raw_gyro_x_degs,raw_gyro_y_degs,raw_gyro_z_degs,imu_type,imu_status_hex,gnss_lat,gnss_lon,gnss_height_m,gnss_undulation_m,gnss_sol_status,gnss_pos_type,gnss_sol_quality,gnss_lat_sig_m,gnss_lon_sig_m,gnss_height_sig_m,gnss_num_svs,gnss_num_used,gnss_diff_age_s,gnss_sol_age_s,ext_pos_update,ext_vel_update,ext_att_update,ext_phase_update,ext_zero_vel,ext_wheel_sensor,ext_heading_update,ext_ins_enabled,ext_heading_align,spec_analysis_type,spec_band_id,spec_center_freq_hz,spec_bandwidth_hz,spec_power_dbm,spec_noise_dbm
2026-05-25 11:04:58.663598,1779721498.663598,2420,140712.0,,,,,,,,,,,,,,,,0.0000,,,,0.0,0.0,0.0,0.0,0.0,0.0,0.0,0.0,0.0,226591,-3692498,164192356,44601,-49139,-40587,0.013562613709411623,-0.22101462104309086,9.827740283004152,0.010311463188171386,-0.011360619483947754,-0.009383452308654784,61,ecacfe00,43.51535921529,-79.68384649211,167.9213,-37.1,SOL_COMPUTED,SINGLE,good,1.316,1.2453,2.1834,18,18,0.0,0.0,0,0,0,0,0,0,0,0,0,SPECTRUMANALYSIS,L2,1228.318,9.009,-57.699,-115.572
2026-05-25 11:04:58.826819,1779721498.826819,2420,140713.0,,,,,,,,,,,,,,,,0.0000,,,,0.0,0.0,0.0,0.0,0.0,0.0,0.0,0.0,0.0,-190920,-3709811,164279135,-19349,113648,29838,-0.011427524523925783,-0.222050891376648,9.832934443650819,-0.00447336385345459,0.026274683715820313,0.006898352920532227,61,ecabfe00,43.5153574855,-79.68384239165,167.7619,-37.1,SOL_COMPUTED,SINGLE,good,1.3118,1.2408,2.1823,18,18,0.0,0.0,0,0,0,0,0,0,0,0,0,SPECTRUMANALYSIS,L2,1228.318,9.009,-57.699,-115.572
2026-05-25 11:04:59.059920,1779721499.059920,2420,140714.0,,,,,,,,,,,,,,,,0.0000,,,,0.0,0.0,0.0,0.0,0.0,0.0,0.0,0.0,0.0,-637216,-3654050,164473865,20777,227912,-37185,-0.03814059012695313,-0.21871331440734867,9.844590015882876,0.004803508232116699,0.0526917826538086,-0.00859693187713623,61,ecabfe00,43.51535617057,-79.68383878416,167.645,-37.1,SOL_COMPUTED,SINGLE,good,1.3119,1.235,2.1816,18,18,0.0,0.0,0,0,0,0,0,0,0,0,0,SPECTRUMANALYSIS,L2,1228.318,9.009,-57.699,-115.572
2026-05-25 11:04:59.329255,1779721499.329255,2420,140715.0,,,,,,,,,,,,,,,,0.0000,,,,0.0,0.0,0.0,0.0,0.0,0.0,0.0,0.0,0.0,-607436,-3761737,164526840,106232,-115734,-20679,-0.0363581069909668,-0.22515892426177983,9.847760836706545,0.024560152404785155,-0.02675695344543457,-0.004780851264953613,61,ecabfe00,43.51535579202,-79.68383770319,167.5202,-37.1,SOL_COMPUTED,SINGLE,good,1.3156,1.2398,2.1886,18,18,0.0,0.0,0,0,0,0,0,0,0,0,0,SPECTRUMANALYSIS,L2,1232.822,6.152,-59.118,-116.603
2026-05-25 11:04:59.524379,1779721499.524379,2420,140717.0,,,,,,,,,,,,,,,,0.0000,,,,0.0,0.0,0.0,0.0,0.0,0.0,0.0,0.0,0.0,-806581,-3754869,164597002,-30222,274915,30203,-0.04827793923126222,-0.224747839836731,9.85196038612854,-0.006987131240844727,0.06355857273101807,0.006982738563537597,61,ecabfe00,43.51535830481,-79.68384326501,167.5381,-37.1,SOL_COMPUTED,SINGLE,good,1.3222,1.2595,2.1885,18,18,0.0,0.0,0,0,0,0,0,0,0,0,0,SPECTRUMANALYSIS,L2,1232.822,6.152,-59.118,-116.603
2026-05-25 11:05:00.020871,1779721500.020871,2420,140718.0,,,,,,,,,,,,,,,,0.0000,,,,0.0,0.0,0.0,0.0,0.0,0.0,0.0,0.0,0.0,-463335,-3784065,164416878,118655,-243680,-44566,-0.027732935655212405,-0.22649536762847905,9.841179056632692,0.02743226978302002,-0.05633724243164062,-0.01030337141418457,61,ecabfe00,43.51535494115,-79.68383538903,167.3177,-37.1,SOL_COMPUTED,SINGLE,good,1.3165,1.2446,2.1869,18,18,0.0,0.0,0,0,0,0,0,0,0,0,0,SPECTRUMANALYSIS,L2,1236.338,9.521,-55.977,-117.804
2026-05-25 11:05:01.023335,1779721501.023335,2420,140719.0,,,,,,,,,,,,,,,,0.0000,,,,0.0,0.0,0.0,0.0,0.0,0.0,0.0,0.0,0.0,-483857,-3604256,164467148,-129906,150646,-26003,-0.02896128081695557,-0.21573289247070315,9.844187969569093,-0.030033428329467773,0.0348283824005127,-0.006011725685119629,61,ecabfe00,43.5153533877,-79.68383166168,167.1951,-37.1,SOL_COMPUTED,SINGLE,good,1.3235,1.2441,2.196,18,18,0.0,0.0,0,0,0,0,0,0,0,0,0,SPECTRUMANALYSIS,L2,1236.338,9.521,-55.977,-117.804
2026-05-25 11:05:02.021302,1779721502.021302,2420,140720.0,,,,,,,,,,,,,,,,0.0000,,,,0.0,0.0,0.0,0.0,0.0,0.0,0.0,0.0,0.0,135169,-3455513,164173997,-45075,141707,-26822,0.008090546105041506,-0.20682987403228761,9.826641404297181,-0.010421048927307129,0.032761743324279786,-0.006201073196411133,61,ecabfe00,43.51535193478,-79.6838284892,167.1107,-37.1,SOL_COMPUTED,SINGLE,good,1.3153,1.2364,2.1877,18,18,0.0,0.0,0,0,0,0,0,0,0,0,0,SPECTRUMANALYSIS,L2,1236.338,9.521,-55.977,-117.804
2026-05-25 11:05:03.023795,1779721503.023795,2420,140721.0,,,,,,,,,,,,,,,,0.0000,,,,0.0,0.0,0.0,0.0,0.0,0.0,0.0,0.0,0.0,-494329,-3498445,164391537,54378,52412,9674,-0.02958808281158448,-0.20939957067413334,9.839662270025942,0.01257184245300293,0.012117315948486328,0.002236566329956055,61,ecabfe00,43.51535173142,-79.68382765991,167.0581,-37.1,SOL_COMPUTED,SINGLE,good,1.3243,1.2424,2.1969,18,18,0.0,0.0,0,0,0,0,0,0,0,0,0,SPECTRUMANALYSIS,L2,1227.183,3.809,-62.464,-125.573
2026-05-25 11:05:04.041933,1779721504.041933,2420,140722.0,,,,,,,,,,,,,,,,0.0000,,,,0.0,0.0,0.0,0.0,0.0,0.0,0.0,0.0,0.0,-548678,-3779327,164502964,8536,80628,-69036,-0.03284114446228028,-0.22621177444183352,9.846331737735596,0.001973468078613281,0.018640672943115236,-0.01596067739868164,61,ecabfe00,43.51535040158,-79.68382457314,166.9956,-37.1,SOL_COMPUTED,SINGLE,good,1.3201,1.2363,2.1917,18,18,0.0,0.0,0,0,0,0,0,0,0,0,0,SPECTRUMANALYSIS,L2,1227.183,3.809,-62.464,-125.573
2026-05-25 11:05:05.033514,1779721505.033514,2420,140723.0,,,,,,,,,,,,,,,,0.0000,,,,0.0,0.0,0.0,0.0,0.0,0.0,0.0,0.0,0.0,-345885,-3678838,164384412,190445,-49436,-10091,-0.020702961030578615,-0.2201970011761475,9.839235802855226,0.04402965419769287,-0.011429283966064453,-0.0023329740371704102,61,ecabfe00,43.51534962506,-79.68382259491,166.9028,-37.1,SOL_COMPUTED,SINGLE,good,1.3261,1.2387,2.2017,18,18,0.0,0.0,0,0,0,0,0,0,0,0,0,SPECTRUMANALYSIS,L2,1227.183,3.809,-62.464,-125.573
2026-05-25 11:05:06.033387,1779721506.033387,2420,140724.0,,,,,,,,,,,,,,,,0.0000,,,,0.0,0.0,0.0,0.0,0.0,0.0,0.0,0.0,0.0,-271344,-3823058,164295614,70846,84525,-11657,-0.01624130638183594,-0.22882929526184084,9.833920794879763,0.016379137710571288,0.01954163417816162,-0.0026950231246948243,61,ecabfe00,43.51534953777,-79.68382245656,166.9137,-37.1,SOL_COMPUTED,SINGLE,good,1.3217,1.2389,2.1943,18,18,0.0,0.0,0,0,0,0,0,0,0,0,0,SPECTRUMANALYSIS,L2,1221.616,10.547,-57.361,-123.763
2026-05-25 11:05:07.030150,1779721507.030150,2420,140725.0,,,,,,,,,,,,,,,,0.0000,,,,0.0,0.0,0.0,0.0,0.0,0.0,0.0,0.0,0.0,338841,-3734402,164030186,58006,39819,655,0.0202813421182251,-0.22352278670227055,9.818033590923463,0.013410612625122071,0.009205895668029785,0.00015143177032470704,61,ecaafe00,43.51534868365,-79.68382028621,166.8362,-37.1,SOL_COMPUTED,SINGLE,good,1.3195,1.2365,2.1939,18,18,0.0,0.0,0,0,0,0,0,0,0,0,0,SPECTRUMANALYSIS,L2,1221.616,10.547,-57.361,-123.763
2026-05-25 11:05:08.037455,1779721508.037455,2420,140726.0,,,,,,,,,,,,,,,,0.0000,,,,0.0,0.0,0.0,0.0,0.0,0.0,0.0,0.0,0.0,-81058,-3729747,164454041,-68683,-263362,-86415,-0.004851729954223633,-0.22324416148406986,9.843403449540101,-0.015879066078186035,-0.06088759373474121,-0.019978589973449708,61,ecabfe00,43.51534828754,-79.68381910028,166.7683,-37.1,SOL_COMPUTED,SINGLE,good,1.3223,1.2372,2.198,18,18,0.0,0.0,0,0,0,0,0,0,0,0,0,SPECTRUMANALYSIS,L2,1221.616,10.547,-57.361,-123.763
2026-05-25 11:05:09.035990,1779721509.035990,2420,140727.0,,,,,,,,,,,,,,,,0.0000,,,,0.0,0.0,0.0,0.0,0.0,0.0,0.0,0.0,0.0,55214,-4057948,164239881,83831,-128312,-65123,0.0033048362615966803,-0.2428886459606934,9.830584893851626,0.019381185859680176,-0.029664905822753905,-0.015056017066955566,61,ecaafe00,43.5153481768,-79.68381847733,166.7142,-37.1,SOL_COMPUTED,SINGLE,good,1.3212,1.2377,2.1976,18,18,0.0,0.0,0,0,0,0,0,0,0,0,0,SPECTRUMANALYSIS,L2,1237.437,14.063,-54.079,-115.068
2026-05-25 11:05:10.027968,1779721510.027968,2420,140728.0,,,,,,,,,,,,,,,,0.0000,,,,0.0,0.0,0.0,0.0,0.0,0.0,0.0,0.0,0.0,-379456,-3402691,164366327,126974,-89884,-25812,-0.022712354628906254,-0.2036682110299683,9.838153324429628,0.02935556886291504,-0.020780600372314453,-0.005967567718505859,61,ecabfe00,43.51534786174,-79.68381742163,166.6879,-37.1,SOL_COMPUTED,SINGLE,good,1.3183,1.2361,2.1948,18,18,0.0,0.0,0,0,0,0,0,0,0,0,0,SPECTRUMANALYSIS,L2,1237.437,14.063,-54.079,-115.068
2026-05-25 11:05:11.048980,1779721511.048980,2420,140729.0,,,,,,,,,,,,,,,,0.0000,,,,0.0,0.0,0.0,0.0,0.0,0.0,0.0,0.0,0.0,248397,-3471846,164035159,75412,180139,-10135,0.014867812744445803,-0.20780748642517094,9.818331250044862,0.01743476742553711,0.04164697354888916,-0.0023431465530395507,61,ecaafe00,43.51534756911,-79.68381664069,166.6045,-37.1,SOL_COMPUTED,SINGLE,good,1.3169,1.2349,2.2008,18,18,0.0,0.0,0,0,0,0,0,0,0,0,0,SPECTRUMANALYSIS,L2,1237.437,14.063,-54.079,-115.068
2026-05-25 11:05:12.049091,1779721512.049091,2420,140730.0,,,,,,,,,,,,,,,,0.0000,,,,0.0,0.0,0.0,0.0,0.0,0.0,0.0,0.0,0.0,-242072,-3755686,164341408,151933,-110287,-28921,-0.014489229606933596,-0.22479674140563968,9.836661796650391,0.03512592848968506,-0.025497642219543457,-0.006686348442077637,61,ecabfe00,43.51534779442,-79.68381674277,166.5535,-37.1,SOL_COMPUTED,SINGLE,good,1.323,1.2393,2.2093,18,18,0.0,0.0,0,0,0,0,0,0,0,0,0,SPECTRUMANALYSIS,L2,1234.141,11.133,-55.518,-115.619
2026-05-25 11:05:13.032194,1779721513.032194,2420,140731.0,,,,,,,,,,,,,,,,0.0000,,,,0.0,0.0,0.0,0.0,0.0,0.0,0.0,0.0,0.0,-447814,-3836960,164424205,75014,-23825,-65296,-0.026803925556030277,-0.22966140004882815,9.841617614521791,0.017342752395629882,-0.005508186149597168,-0.015096013549804688,61,ecaafe00,43.51534797467,-79.68381658238,166.5738,-37.1,SOL_COMPUTED,SINGLE,good,1.3248,1.2374,2.2073,18,18,0.0,0.0,0,0,0,0,0,0,0,0,0,SPECTRUMANALYSIS,L2,1234.141,11.133,-55.518,-115.619
2026-05-25 11:05:14.052198,1779721514.052198,2420,140732.0,,,,,,,,,,,,,,,,0.0000,,,,0.0,0.0,0.0,0.0,0.0,0.0,0.0,0.0,0.0,-119704,-3656107,164263337,21636,22440,-47463,-0.007164887888183594,-0.2188364362277222,9.831988853705141,0.005002103485107422,0.005187983093261719,-0.010973139106750488,61,ecabfe00,43.51534833226,-79.68381663272,166.575,-37.1,SOL_COMPUTED,SINGLE,good,1.3255,1.24,2.2083,18,18,0.0,0.0,0,0,0,0,0,0,0,0,0,SPECTRUMANALYSIS,L2,1234.141,11.133,-55.518,-115.619
2026-05-25 11:05:15.048778,1779721515.048778,2420,140733.0,,,,,,,,,,,,,,,,0.0000,,,,0.0,0.0,0.0,0.0,0.0,0.0,0.0,0.0,0.0,-435637,-3255539,164374657,44884,121955,-18862,-0.02607507071563721,-0.1948604219625855,9.838651916925356,0.01037689096069336,0.028195208473205568,-0.004360772598266602,61,ecaafe00,43.51534851563,-79.68381676138,166.5292,-37.1,SOL_COMPUTED,SINGLE,good,1.3252,1.2398,2.2139,18,18,0.0,0.0,0,0,0,0,0,0,0,0,0,SPECTRUMANALYSIS,L2,1241.135,8.716,-55.776,-117.58
2026-05-25 11:05:16.040770,1779721516.040770,2420,140734.0,,,,,,,,,,,,,,,,0.0000,,,,0.0,0.0,0.0,0.0,0.0,0.0,0.0,0.0,0.0,-336639,-3567341,164367044,141874,-47694,-4432,-0.0201495413168335,-0.21352334361358646,9.838196240494387,0.032800352645874026,-0.011026544815063476,-0.0010246497802734375,61,ecaafe00,43.515348497,-79.68381630455,166.5547,-37.1,SOL_COMPUTED,SINGLE,good,1.3244,1.2413,2.2147,18,18,0.0,0.0,0,0,0,0,0,0,0,0,0,SPECTRUMANALYSIS,L2,1241.135,8.716,-55.776,-117.58
2026-05-25 11:05:17.036090,1779721517.036090,2420,140735.0,,,,,,,,,,,,,,,,0.0000,,,,0.0,0.0,0.0,0.0,0.0,0.0,0.0,0.0,0.0,-242619,-3651838,164302794,78780,56270,-36427,-0.014521970314636232,-0.21858091505554203,9.83435055407776,0.01821342727661133,0.013009260635375977,-0.008421687171936035,61,ecaafe00,43.51534876623,-79.68381624831,166.6042,-37.1,SOL_COMPUTED,SINGLE,good,1.321,1.2386,2.207,18,18,0.0,0.0,0,0,0,0,0,0,0,0,0,SPECTRUMANALYSIS,L2,1241.135,8.716,-55.776,-117.58
2026-05-25 11:05:18.035304,1779721518.035304,2420,140736.0,,,,,,,,,,,,,,,,0.0000,,,,0.0,0.0,0.0,0.0,0.0,0.0,0.0,0.0,0.0,-201962,-3683611,164379894,52197,54379,-6067,-0.012088443892211916,-0.22048268928924564,9.838965377777711,0.012067609336853028,0.01257207364654541,-0.0014026512222290038,61,ecabfe00,43.51534883043,-79.68381616281,166.5504,-37.1,SOL_COMPUTED,SINGLE,good,1.3252,1.243,2.2222,18,18,0.0,0.0,0,0,0,0,0,0,0,0,0,SPECTRUMANALYSIS,L2,1238.718,10.913,-55.249,-118.152
2026-05-25 11:05:19.034186,1779721519.034186,2420,140737.0,,,,,,,,,,,,,,,,0.0000,,,,0.0,0.0,0.0,0.0,0.0,0.0,0.0,0.0,0.0,-509315,-3544014,164474903,32114,43387,-53267,-0.030485070463562015,-0.21212710506042484,9.844652145415957,0.007424549423217773,0.010030794227600098,-0.012314986427307129,61,ecaafe00,43.51534904321,-79.68381617078,166.5515,-37.1,SOL_COMPUTED,SINGLE,good,1.3305,1.244,2.228,18,18,0.0,0.0,0,0,0,0,0,0,0,0,0,SPECTRUMANALYSIS,L2,1238.718,10.913,-55.249,-118.152
2026-05-25 11:05:20.033903,1779721520.033903,2420,140738.0,,,,,,,,,,,,,,,,0.0000,,,,0.0,0.0,0.0,0.0,0.0,0.0,0.0,0.0,0.0,-420715,-3537765,164366288,97001,67270,1352,-0.025181913786315922,-0.21175307090606693,9.83815099008301,0.02242600481414795,0.015552389602661133,0.00031257366943359375,61,ecaafe00,43.51534918025,-79.68381614682,166.5762,-37.1,SOL_COMPUTED,SINGLE,good,1.3284,1.2439,2.2267,18,18,0.0,0.0,0,0,0,0,0,0,0,0,0,SPECTRUMANALYSIS,L2,1238.718,10.913,-55.249,-118.152
2026-05-25 11:05:21.046442,1779721521.046442,2420,140739.0,,,,,,,,,,,,,,,,0.0000,,,,0.0,0.0,0.0,0.0,0.0,0.0,0.0,0.0,0.0,-404925,-3783434,164490183,103650,-37187,-27579,-0.02423680268096924,-0.22645759909729007,9.845566730450136,0.023963210678100585,-0.008597394264221191,-0.006376086708068848,61,ecaafe00,43.51534955823,-79.68381584668,166.6572,-37.1,SOL_COMPUTED,SINGLE,good,1.3398,1.2451,2.2253,18,18,0.0,0.0,0,0,0,0,0,0,0,0,0,SPECTRUMANALYSIS,L2,1226.34,27.612,-51.62,-114.429
2026-05-25 11:05:22.027001,1779721522.027001,2420,140740.0,,,,,,,,,,,,,,,,0.0000,,,,0.0,0.0,0.0,0.0,0.0,0.0,0.0,0.0,0.0,-100279,-3816218,164243902,81056,-33490,-69738,-0.006002203706970216,-0.22841988677795413,9.830825570973513,0.018739623779296874,-0.007742671737670899,-0.01612297526550293,61,ecaafe00,43.51534953864,-79.68381602842,166.6852,-37.1,SOL_COMPUTED,SINGLE,good,1.3264,1.2376,2.2056,18,18,0.0,0.0,0,0,0,0,0,0,0,0,0,SPECTRUMANALYSIS,L2,1226.34,27.612,-51.62,-114.429
2026-05-25 11:05:23.031445,1779721523.031445,2420,140741.0,,,,,,,,,,,,,,,,0.0000,,,,0.0,0.0,0.0,0.0,0.0,0.0,0.0,0.0,0.0,-311851,-3701536,164358397,64096,96556,-16182,-0.018665854548034672,-0.22155559090820315,9.837678673950501,0.014818581298828125,0.02232312368774414,-0.0037411739044189455,61,ecaafe00,43.51534979693,-79.68381647037,166.5681,-37.1,SOL_COMPUTED,SINGLE,good,1.333,1.2436,2.2146,18,18,0.0,0.0,0,0,0,0,0,0,0,0,0,SPECTRUMANALYSIS,L2,1226.34,27.612,-51.62,-114.429
2026-05-25 11:05:24.029018,1779721524.029018,2420,140742.0,,,,,,,,,,,,,,,,0.0000,,,,0.0,0.0,0.0,0.0,0.0,0.0,0.0,0.0,0.0,-211596,-3681574,164353655,43222,89214,21976,-0.012665087362060548,-0.2203607645697022,9.83739484134369,0.009992647293090821,0.02062570069885254,0.005080709289550781,61,ecaafe00,43.51534981995,-79.68381721301,166.4833,-37.1,SOL_COMPUTED,SINGLE,good,1.3292,1.2374,2.2075,18,18,0.0,0.0,0,0,0,0,0,0,0,0,0,SPECTRUMANALYSIS,L2,1230.295,27.759,-51.322,-114.544
2026-05-25 11:05:25.026695,1779721525.026695,2420,140743.0,,,,,,,,,,,,,,,,0.0000,,,,0.0,0.0,0.0,0.0,0.0,0.0,0.0,0.0,0.0,-276597,-3596906,164373933,24836,45353,-15564,-0.01655572491485596,-0.21529295791564945,9.838608581875306,0.005741922821044922,0.0104853207321167,-0.0035982962951660157,61,ecaafe00,43.51535031838,-79.68381780517,166.2914,-37.1,SOL_COMPUTED,SINGLE,good,1.35,1.2448,2.231,18,18,0.0,0.0,0,0,0,0,0,0,0,0,0,SPECTRUMANALYSIS,L2,1230.295,27.759,-51.322,-114.544
2026-05-25 11:05:26.029583,1779721526.029583,2420,140744.0,,,,,,,,,,,,,,,,0.0000,,,,0.0,0.0,0.0,0.0,0.0,0.0,0.0,0.0,0.0,-376363,-3805262,164512777,-61353,245267,-16838,-0.02252722298553467,-0.22776411494323734,9.846919095257874,-0.0141844174118042,0.05670414658355713,-0.003892836868286133,61,ecaafe00,43.51535077035,-79.68381901069,166.1136,-37.1,SOL_COMPUTED,SINGLE,good,1.3619,1.2483,2.2427,18,18,0.0,0.0,0,0,0,0,0,0,0,0,0,SPECTRUMANALYSIS,L2,1230.295,27.759,-51.322,-114.544
2026-05-25 11:05:27.031187,1779721527.031187,2420,140745.0,,,,,,,,,,,,,,,,0.0000,,,,0.0,0.0,0.0,0.0,0.0,0.0,0.0,0.0,0.0,-328207,-3754747,164286771,35321,-22888,-31121,-0.01964484360687256,-0.2247405375216675,9.833391496747742,0.008165987113952637,-0.005291557800292969,-0.007194974235534668,61,ecaafe00,43.51535025113,-79.68381977494,165.9751,-37.1,SOL_COMPUTED,SINGLE,good,1.3394,1.2409,2.2173,18,18,0.0,0.0,0,0,0,0,0,0,0,0,0,SPECTRUMANALYSIS,L2,1235.715,10.767,-55.352,-115.536
2026-05-25 11:05:28.027974,1779721528.027974,2420,140746.0,,,,,,,,,,,,,,,,0.0000,,,,0.0,0.0,0.0,0.0,0.0,0.0,0.0,0.0,0.0,-536485,-3645226,164440801,73874,-22369,-40434,-0.03211133194122315,-0.2181851535211182,9.84261096879059,0.01707919175720215,-0.005171568351745605,-0.009348079696655274,61,ecaafe00,43.51534818456,-79.68382219186,166.0701,-37.1,SOL_COMPUTED,SINGLE,good,1.3476,1.2406,2.2215,18,18,0.0,0.0,0,0,0,0,0,0,0,0,0,SPECTRUMANALYSIS,L2,1235.715,10.767,-55.352,-115.536
2026-05-25 11:05:29.034664,1779721529.034664,2420,140747.0,,,,,,,,,,,,,,,,0.0000,,,,0.0,0.0,0.0,0.0,0.0,0.0,0.0,0.0,0.0,-267287,-3592059,164273739,65969,64635,-22254,-0.01599847447845459,-0.21500284052948002,9.832611465846865,0.015251606803894042,0.014943194618225098,-0.005144981094360352,61,ecaafe00,43.51535213014,-79.6838205613,165.3365,-37.1,SOL_COMPUTED,SINGLE,good,1.4322,1.2599,2.2952,17,17,0.0,0.0,0,0,0,0,0,0,0,0,0,SPECTRUMANALYSIS,L2,1235.715,10.767,-55.352,-115.536
2026-05-25 11:05:30.037374,1779721530.037374,2420,140748.0,,,,,,,,,,,,,,,,0.0000,,,,0.0,0.0,0.0,0.0,0.0,0.0,0.0,0.0,0.0,-1146959,-2837886,164726692,64094,-145423,-4480,-0.06865127854827882,-0.16986178431335452,9.859722986461183,0.014818118911743164,-0.033620858528137204,-0.0010357470703125,61,eca9fe00,43.51535203871,-79.68382164744,165.1134,-37.1,SOL_COMPUTED,SINGLE,good,1.4301,1.2594,2.2926,17,17,0.0,0.0,0,0,0,0,0,0,0,0,0,SPECTRUMANALYSIS,L2,1235.715,10.767,-55.352,-115.536
2026-05-25 11:05:31.048391,1779721531.048391,2420,140749.0,,,,,,,,,,,,,,,,0.0000,,,,0.0,0.0,0.0,0.0,0.0,0.0,0.0,0.0,0.0,-454165,-3478716,164333266,49331,49783,-89025,-0.027184064924621585,-0.20821869056030276,9.836174456902468,0.011405008644104004,0.011509508125305176,-0.020582005119323732,61,eca9fe00,43.51535209645,-79.68382267797,164.847,-37.1,SOL_COMPUTED,SINGLE,good,1.4314,1.2634,2.3009,17,17,0.0,0.0,0,0,0,0,0,0,0,0,0,SPECTRUMANALYSIS,L2,1229.307,32.959,-50.774,-114.026
2026-05-25 11:05:32.025092,1779721532.025092,2420,140750.0,,,,,,,,,,,,,,,,0.0000,,,,0.0,0.0,0.0,0.0,0.0,0.0,0.0,0.0,0.0,-445244,-3857560,164384837,120681,-60879,-624,-0.02665009809936524,-0.23089441390380863,9.839261241247865,0.027900667900085448,-0.014074831672668457,-0.0001442647705078125,61,eca9fe00,43.5153519897,-79.68382367518,164.5608,-37.1,SOL_COMPUTED,SINGLE,good,1.4301,1.2592,2.2923,17,17,0.0,0.0,0,0,0,0,0,0,0,0,0,SPECTRUMANALYSIS,L2,1229.307,32.959,-50.774,-114.026
2026-05-25 11:05:33.024385,1779721533.024385,2420,140751.0,,,,,,,,,,,,,,,,0.0000,,,,0.0,0.0,0.0,0.0,0.0,0.0,0.0,0.0,0.0,548598,-4188008,164578832,-147882,497518,-32306,0.032836356058959966,-0.25067339265869143,9.850872820024415,-0.03418936344909668,0.11502294886779785,-0.007468938583374023,61,eca9fe00,43.51534896194,-79.68382638832,164.6872,-37.1,SOL_COMPUTED,SINGLE,good,1.3832,1.2498,2.2523,18,18,0.0,0.0,0,0,0,0,0,0,0,0,0,SPECTRUMANALYSIS,L2,1229.307,32.959,-50.774,-114.026
2026-05-25 11:05:34.028514,1779721534.028514,2420,140752.0,,,,,,,,,,,,,,,,0.0000,,,,0.0,0.0,0.0,0.0,0.0,0.0,0.0,0.0,0.0,221598,-3915044,164166916,209302,-400148,-35501,0.01326375748718262,-0.23433512110961918,9.826217570748293,0.04838927082824707,-0.0925116336364746,-0.00820760195159912,61,eca9fe00,43.51535196418,-79.68382531156,164.0534,-37.1,SOL_COMPUTED,SINGLE,good,1.4314,1.2627,2.2959,17,17,0.0,0.0,0,0,0,0,0,0,0,0,0,SPECTRUMANALYSIS,L2,1229.856,3.296,-60.949,-115.842
2026-05-25 11:05:35.036453,1779721535.036453,2420,140753.0,,,,,,,,,,,,,,,,0.0000,,,,0.0,0.0,0.0,0.0,0.0,0.0,0.0,0.0,0.0,-1044694,-3974355,164541736,-34898,-46129,10280,-0.06253020272888185,-0.23788518347625737,9.848652437404786,-0.0080681922454834,-0.010664726921081544,0.0023766696166992187,61,eca9fe00,43.51534365196,-79.68383120132,164.9162,-37.1,SOL_COMPUTED,SINGLE,good,1.3627,1.2475,2.2393,18,18,0.0,0.0,0,0,0,0,0,0,0,0,0,SPECTRUMANALYSIS,L2,1229.856,3.296,-60.949,-115.842
2026-05-25 11:05:36.046944,1779721536.046944,2420,140754.0,,,,,,,,,,,,,,,,0.0000,,,,0.0,0.0,0.0,0.0,0.0,0.0,0.0,0.0,0.0,338092,-3549495,164136197,60004,-9786,8918,0.020236510692138675,-0.21245517054290775,9.824378883728334,0.013872537322998047,-0.0022624600067138673,0.0020617840118408205,61,eca9fe00,43.51535215744,-79.6838271363,163.5466,-37.1,SOL_COMPUTED,SINGLE,good,1.4301,1.2625,2.2967,17,17,0.0,0.0,0,0,0,0,0,0,0,0,0,SPECTRUMANALYSIS,L2,1229.856,3.296,-60.949,-115.842
2026-05-25 11:05:37.040446,1779721537.040446,2420,140755.0,,,,,,,,,,,,,,,,0.0000,,,,0.0,0.0,0.0,0.0,0.0,0.0,0.0,0.0,0.0,-6339,-3583482,164246602,37307,263475,-45037,-0.0003794211080932618,-0.214489463838501,9.830987179585573,0.008625137489318847,0.0609137186050415,-0.01041226357269287,61,eca9fe00,43.51534871103,-79.68383035052,163.7356,-37.1,SOL_COMPUTED,SINGLE,good,1.3465,1.2429,2.2222,18,18,0.0,0.0,0,0,0,0,0,0,0,0,0,SPECTRUMANALYSIS,L2,1221.543,8.936,-57.565,-124.233
2026-05-25 11:05:38.033527,1779721538.033527,2420,140756.0,,,,,,,,,,,,,,,,0.0000,,,,0.0,0.0,0.0,0.0,0.0,0.0,0.0,0.0,0.0,-1238894,-3780369,164691344,-89959,314131,-60660,-0.07415405178894044,-0.2262741433950806,9.857607230454104,-0.020797939888000487,0.07262505869293213,-0.014024200286865235,61,eca9fe00,43.51534282202,-79.68383513085,164.2991,-37.1,SOL_COMPUTED,SINGLE,good,1.3512,1.245,2.2303,18,18,0.0,0.0,0,0,0,0,0,0,0,0,0,SPECTRUMANALYSIS,L2,1221.543,8.936,-57.565,-124.233
2026-05-25 11:05:39.056696,1779721539.056696,2420,140757.0,,,,,,,,,,,,,,,,0.0000,,,,0.0,0.0,0.0,0.0,0.0,0.0,0.0,0.0,0.0,-513925,-3809728,164308918,-167331,494909,19384,-0.030761002204895024,-0.2280314275585938,9.83471710635193,-0.03868584665679932,0.11441976491546631,0.004481455627441407,61,eca9fe00,43.51533800701,-79.68383868783,164.6998,-37.1,SOL_COMPUTED,SINGLE,good,1.35,1.2431,2.2293,18,18,0.0,0.0,0,0,0,0,0,0,0,0,0,SPECTRUMANALYSIS,L2,1221.543,8.936,-57.565,-124.233
2026-05-25 11:05:40.044699,1779721540.044699,2420,140758.0,,,,,,,,,,,,,,,,0.0000,,,,0.0,0.0,0.0,0.0,0.0,0.0,0.0,0.0,0.0,-489355,-3734566,164422606,58601,87629,-807,-0.029290363835144047,-0.22353260292907717,9.841521906310426,0.013548172782897949,0.020259258934020995,-0.00018657318878173828,61,eca9fe00,43.51533776714,-79.68383974412,164.5218,-37.1,SOL_COMPUTED,SINGLE,good,1.3443,1.2413,2.2237,18,18,0.0,0.0,0,0,0,0,0,0,0,0,0,SPECTRUMANALYSIS,L2,1228.684,27.173,-51.728,-115.04
2026-05-25 11:05:41.048558,1779721541.048558,2420,140759.0,,,,,,,,,,,,,,,,0.0000,,,,0.0,0.0,0.0,0.0,0.0,0.0,0.0,0.0,0.0,-924200,-3882235,164459653,53212,-46599,-50997,-0.055318029357910165,-0.23237133705291751,9.843739356033021,0.012302270782470703,-0.010773387886047363,-0.011790177085876465,61,eca9fe00,43.51535248631,-79.68383189694,162.3778,-37.1,SOL_COMPUTED,SINGLE,good,1.4319,1.2597,2.2975,17,17,0.0,0.0,0,0,0,0,0,0,0,0,0,SPECTRUMANALYSIS,L2,1228.684,27.173,-51.728,-115.04
2026-05-25 11:05:42.046491,1779721542.046491,2420,140760.0,,,,,,,,,,,,,,,,0.0000,,,,0.0,0.0,0.0,0.0,0.0,0.0,0.0,0.0,0.0,318633,-3594626,164045073,59459,-9235,-19329,0.019071791439514162,-0.21515648842102053,9.818924652926333,0.013746536842346191,-0.002135072364807129,-0.00446873998260498,61,eca9fe00,43.51535270612,-79.68383258966,162.2054,-37.1,SOL_COMPUTED,SINGLE,good,1.4323,1.2596,2.3,17,17,0.0,0.0,0,0,0,0,0,0,0,0,0,SPECTRUMANALYSIS,L2,1228.684,27.173,-51.728,-115.04
2026-05-25 11:05:43.031820,1779721543.031820,2420,140761.0,,,,,,,,,,,,,,,,0.0000,,,,0.0,0.0,0.0,0.0,0.0,0.0,0.0,0.0,0.0,-1283140,-3940003,164677753,19139,109953,-33912,-0.07680239795532227,-0.23582904309051517,9.856793740585024,0.004424813209533691,0.025420423576354982,-0.007840235412597657,61,eca9fe00,43.5153527813,-79.68383350996,161.9692,-37.1,SOL_COMPUTED,SINGLE,good,1.4329,1.2602,2.3021,17,17,0.0,0.0,0,0,0,0,0,0,0,0,0,SPECTRUMANALYSIS,L2,1234.946,3.955,-60.725,-123.867
2026-05-25 11:05:44.101260,1779721544.101260,2420,140762.0,,,,,,,,,,,,,,,,0.0000,,,,0.0,0.0,0.0,0.0,0.0,0.0,0.0,0.0,0.0,-245162,-3804779,164385392,-188943,798423,-28173,-0.014674181685180665,-0.22773520495819094,9.8392944607959,-0.04368240149688721,0.1845902417678833,-0.006513415672302246,61,eca9fe00,43.51535276469,-79.68383449058,161.7289,-37.1,SOL_COMPUTED,SINGLE,good,1.4351,1.2636,2.3084,17,17,0.0,0.0,0,0,0,0,0,0,0,0,0,SPECTRUMANALYSIS,L2,1234.946,3.955,-60.725,-123.867
2026-05-25 11:05:45.035534,1779721545.035534,2420,140763.0,,,,,,,,,,,,,,,,0.0000,,,,0.0,0.0,0.0,0.0,0.0,0.0,0.0,0.0,0.0,-841441,-3601765,164685849,-4192,264792,-23886,-0.05036448597808839,-0.21558379356231694,9.857278327001039,-0.000969163330078125,0.06121820050048828,-0.0055222889556884765,61,eca9fe00,43.51535255855,-79.68383550242,161.5136,-37.1,SOL_COMPUTED,SINGLE,good,1.4391,1.2634,2.3128,17,17,0.0,0.0,0,0,0,0,0,0,0,0,0,SPECTRUMANALYSIS,L2,1234.946,3.955,-60.725,-123.867
2026-05-25 11:05:46.188557,1779721546.188557,2420,140764.0,,,,,,,,,,,,,,,,0.0000,,,,0.0,0.0,0.0,0.0,0.0,0.0,0.0,0.0,0.0,-721100,-3463783,164553024,-24083,252188,-8721,-0.043161470428466804,-0.20732487522552492,9.849328081113283,-0.005567834083557129,0.058304237091064456,-0.002016238883972168,61,eca9fe00,43.51535310144,-79.68383681575,161.1674,-37.1,SOL_COMPUTED,SINGLE,good,1.4317,1.2583,2.302,17,17,0.0,0.0,0,0,0,0,0,0,0,0,0,SPECTRUMANALYSIS,L2,1233.408,26.221,-51.049,-113.421
2026-05-25 11:05:47.376412,1779721547.376412,2420,140765.0,,,,,,,,,,,,,,,,0.0000,,,,0.0,0.0,0.0,0.0,0.0,0.0,0.0,0.0,0.0,-332831,-3503255,164361880,158737,-197261,-59488,-0.019921613318786623,-0.20968747342376712,9.83788714906006,0.03669896935272217,-0.04560546938323975,-0.013753241455078126,61,eca9fe00,43.51535323747,-79.68383790443,160.9065,-37.1,SOL_COMPUTED,SINGLE,good,1.4316,1.2567,2.3001,17,17,0.0,0.0,0,0,0,0,0,0,0,0,0,SPECTRUMANALYSIS,L2,1233.408,26.221,-51.049,-113.421
2026-05-25 11:05:48.432929,1779721548.432929,2420,140766.0,,,,,,,,,,,,,,,,0.0000,,,,0.0,0.0,0.0,0.0,0.0,0.0,0.0,0.0,0.0,-118844,-3841445,164284757,-64617,258437,3549,-0.007113412552490235,-0.22992984990997317,9.833270948694155,-0.014939033134460449,0.059748965538024904,0.0008205058822631836,61,eca8fe00,43.51535357044,-79.683838618,160.7066,-37.1,SOL_COMPUTED,SINGLE,good,1.4316,1.258,2.3055,17,17,0.0,0.0,0,0,0,0,0,0,0,0,0,SPECTRUMANALYSIS,L2,1233.408,26.221,-51.049,-113.421
2026-05-25 11:05:49.453488,1779721549.453488,2420,140767.0,,,,,,,,,,,,,,,,0.0000,,,,0.0,0.0,0.0,0.0,0.0,0.0,0.0,0.0,0.0,-233104,-3567270,164356981,78531,-15813,-18909,-0.013952449594726565,-0.21351909390563967,9.837593919211733,0.018155860084533692,-0.003655863487243652,-0.004371638694763183,61,eca9fe00,43.51535385673,-79.68383949557,160.4997,-37.1,SOL_COMPUTED,SINGLE,good,1.4311,1.258,2.3088,17,17,0.0,0.0,0,0,0,0,0,0,0,0,0,SPECTRUMANALYSIS,L2,1233.445,6.372,-57.91,-114.292
2026-05-25 11:05:50.835404,1779721550.835404,2420,140768.0,,,,,,,,,,,,,,,,0.0000,,,,0.0,0.0,0.0,0.0,0.0,0.0,0.0,0.0,0.0,-412402,-3580157,164473072,82477,69564,-4549,-0.02468433882629395,-0.21429044582550053,9.844542550834962,0.01906814980316162,0.016082747589111327,-0.0010516994247436523,61,eca9fe00,43.51535416585,-79.68384070401,160.2343,-37.1,SOL_COMPUTED,SINGLE,good,1.439,1.2667,2.3191,17,17,0.0,0.0,0,0,0,0,0,0,0,0,0,SPECTRUMANALYSIS,L2,1233.445,6.372,-57.91,-114.292
2026-05-25 11:05:51.947147,1779721551.947147,2420,140769.0,,,,,,,,,,,,,,,,0.0000,,,,0.0,0.0,0.0,0.0,0.0,0.0,0.0,0.0,0.0,-217796,-3621115,164331009,59397,-23289,-33785,-0.013036188619384768,-0.21674198861541752,9.836039364073793,0.013732202842712402,-0.005384266410827637,-0.007810873832702636,61,eca8fe00,43.51535414198,-79.68384258553,159.8619,-37.1,SOL_COMPUTED,SINGLE,good,1.4337,1.2586,2.3019,17,17,0.0,0.0,0,0,0,0,0,0,0,0,0,SPECTRUMANALYSIS,L2,1233.445,6.372,-57.91,-114.292
2026-05-25 11:05:52.828213,1779721552.828213,2420,140770.0,,,,,,,,,,,,,,,,0.0000,,,,0.0,0.0,0.0,0.0,0.0,0.0,0.0,0.0,0.0,-317540,-3696528,164410009,75348,95279,-25630,-0.019006369879150393,-0.2212558368603516,9.840767912352602,0.01741997103881836,0.02202788953399658,-0.005925490493774414,61,eca8fe00,43.51535442744,-79.68384385658,159.6043,-37.1,SOL_COMPUTED,SINGLE,good,1.4316,1.2548,2.2964,17,17,0.0,0.0,0,0,0,0,0,0,0,0,0,SPECTRUMANALYSIS,L2,1235.532,12.891,-54.072,-117.103
2026-05-25 11:05:53.536251,1779721553.536251,2420,140771.0,,,,,,,,,,,,,,,,0.0000,,,,0.0,0.0,0.0,0.0,0.0,0.0,0.0,0.0,0.0,15674,-3436849,164173894,60100,85934,2104,0.0009381679205322267,-0.20571273953765873,9.826635239227906,0.013894731903076172,0.019867385879516603,0.00048643121337890624,61,eca8fe00,43.51535482336,-79.68384504738,159.3608,-37.1,SOL_COMPUTED,SINGLE,good,1.4331,1.2546,2.2964,17,17,0.0,0.0,0,0,0,0,0,0,0,0,0,SPECTRUMANALYSIS,L2,1235.532,12.891,-54.072,-117.103
2026-05-25 11:05:54.183872,1779721554.183872,2420,140772.0,,,,,,,,,,,,,,,,0.0000,,,,0.0,0.0,0.0,0.0,0.0,0.0,0.0,0.0,0.0,-586455,-3503628,164427051,21844,139405,35009,-0.035102288365173345,-0.20970979935424808,9.841787961969912,0.005050191741943359,0.03222953578948975,0.00809385472869873,61,eca8fe00,43.51535535421,-79.683845517,159.2581,-37.1,SOL_COMPUTED,SINGLE,good,1.4357,1.2588,2.3076,17,17,0.0,0.0,0,0,0,0,0,0,0,0,0,SPECTRUMANALYSIS,L2,1235.532,12.891,-54.072,-117.103
2026-05-25 11:05:55.032196,1779721555.032196,2420,140773.0,,,,,,,,,,,,,,,,0.0000,,,,0.0,0.0,0.0,0.0,0.0,0.0,0.0,0.0,0.0,-399542,-3702671,164448234,136483,-188420,-63061,-0.023914602992553713,-0.22162352638031008,9.843055871314089,0.031553988258361816,-0.04356148727416992,-0.01457929598236084,61,eca8fe00,43.51535556649,-79.68384665731,159.0159,-37.1,SOL_COMPUTED,SINGLE,good,1.4356,1.2593,2.3092,17,17,0.0,0.0,0,0,0,0,0,0,0,0,0,SPECTRUMANALYSIS,L2,1237.144,5.273,-59.136,-120.145
2026-05-25 11:05:56.042619,1779721556.042619,2420,140774.0,,,,,,,,,,,,,,,,0.0000,,,,0.0,0.0,0.0,0.0,0.0,0.0,0.0,0.0,0.0,-416095,-3953750,164371730,73235,-190062,3118,-0.024905383494567876,-0.23665187034606938,9.838476721218873,0.01693145908355713,-0.04394110707092285,0.0007208614654541015,61,eca8fe00,43.5153557692,-79.68384802857,158.7342,-37.1,SOL_COMPUTED,SINGLE,good,1.434,1.2574,2.3056,17,17,0.0,0.0,0,0,0,0,0,0,0,0,0,SPECTRUMANALYSIS,L2,1237.144,5.273,-59.136,-120.145
2026-05-25 11:05:57.042665,1779721557.042665,2420,140775.0,,,,,,,,,,,,,,,,0.0000,,,,0.0,0.0,0.0,0.0,0.0,0.0,0.0,0.0,0.0,100045,-3410808,163914602,-1198,11965,-79986,0.0059881976272583015,-0.2041540544018555,9.811115305806275,-0.00027696986389160155,0.0027662307357788087,-0.018492246688842775,61,eca8fe00,43.5153562283,-79.68384866424,158.5708,-37.1,SOL_COMPUTED,SINGLE,good,1.4347,1.2581,2.3095,17,17,0.0,0.0,0,0,0,0,0,0,0,0,0,SPECTRUMANALYSIS,L2,1237.144,5.273,-59.136,-120.145
2026-05-25 11:05:58.044384,1779721558.044384,2420,140776.0,,,,,,,,,,,,,,,,0.0000,,,,0.0,0.0,0.0,0.0,0.0,0.0,0.0,0.0,0.0,-177160,-3587605,164318339,2786,198161,-8600,-0.010603919152832033,-0.21473624617462161,9.835281000697938,0.000644105209350586,0.045813543571472166,-0.001988264465332031,61,eca8fe00,43.51535687564,-79.68384909354,158.4923,-37.1,SOL_COMPUTED,SINGLE,good,1.4397,1.261,2.3198,17,17,0.0,0.0,0,0,0,0,0,0,0,0,0,SPECTRUMANALYSIS,L2,1227.878,15.894,-54.732,-115.332
2026-05-25 11:05:59.043862,1779721559.043862,2420,140777.0,,,,,,,,,,,,,,,,0.0000,,,,0.0,0.0,0.0,0.0,0.0,0.0,0.0,0.0,0.0,-575456,-3746795,164481619,69839,27096,-52572,-0.03444394276367188,-0.22426457023162846,9.845054131874695,0.016146325813293456,0.0062644202270507815,-0.012154306915283204,61,eca8fe00,43.51535733409,-79.68385103016,158.0346,-37.1,SOL_COMPUTED,SINGLE,good,1.4361,1.2554,2.3065,17,17,0.0,0.0,0,0,0,0,0,0,0,0,0,SPECTRUMANALYSIS,L2,1227.878,15.894,-54.732,-115.332
2026-05-25 11:06:00.034348,1779721560.034348,2420,140778.0,,,,,,,,,,,,,,,,0.0000,,,,0.0,0.0,0.0,0.0,0.0,0.0,0.0,0.0,0.0,-380122,-3682130,164376560,55432,124978,-23815,-0.022752218086547853,-0.22039404397277834,9.838765821069337,0.012815520446777343,0.028894106552124023,-0.005505874214172363,61,eca8fe00,43.51535813869,-79.68385151593,157.9218,-37.1,SOL_COMPUTED,SINGLE,good,1.438,1.2568,2.3129,17,17,0.0,0.0,0,0,0,0,0,0,0,0,0,SPECTRUMANALYSIS,L2,1227.878,15.894,-54.732,-115.332
2026-05-25 11:06:01.038721,1779721561.038721,2420,140779.0,,,,,,,,,,,,,,,,0.0000,,,,0.0,0.0,0.0,0.0,0.0,0.0,0.0,0.0,0.0,-172181,-3603062,164231398,35170,118805,-63502,-0.010305900901184084,-0.21566142555114748,9.830077143534547,0.008131076889038085,0.02746694881439209,-0.014681252334594727,61,eca8fe00,43.51535913192,-79.68385056532,158.1111,-37.1,SOL_COMPUTED,SINGLE,good,1.4442,1.2664,2.3382,17,17,0.0,0.0,0,0,0,0,0,0,0,0,0,SPECTRUMANALYSIS,L2,1231.394,20.142,-53.15,-116.611
2026-05-25 11:06:02.036421,1779721562.036421,2420,140780.0,,,,,,,,,,,,,,,,0.0000,,,,0.0,0.0,0.0,0.0,0.0,0.0,0.0,0.0,0.0,-426574,-3691746,164414342,10920,112415,-9648,-0.025532604474487307,-0.22096961005187993,9.841027264247439,0.0025246334838867185,0.025989622077941893,-0.0022305552978515624,61,eca8fe00,43.51535903999,-79.68385403796,157.2994,-37.1,SOL_COMPUTED,SINGLE,good,1.4399,1.258,2.3116,17,17,0.0,0.0,0,0,0,0,0,0,0,0,0,SPECTRUMANALYSIS,L2,1231.394,20.142,-53.15,-116.611
2026-05-25 11:06:03.039193,1779721563.039193,2420,140781.0,,,,,,,,,,,,,,,,0.0000,,,,0.0,0.0,0.0,0.0,0.0,0.0,0.0,0.0,0.0,-157101,-3681386,164275492,44955,88049,-56158,-0.009403286875305178,-0.22034951182189944,9.832716391734621,0.010393305702209473,0.020356360221862792,-0.012983366958618164,61,eca8fe00,43.51536006815,-79.68385331462,157.5331,-37.1,SOL_COMPUTED,SINGLE,good,1.438,1.2608,2.3255,17,17,0.0,0.0,0,0,0,0,0,0,0,0,0,SPECTRUMANALYSIS,L2,1231.394,20.142,-53.15,-116.611
2026-05-25 11:06:04.050748,1779721564.050748,2420,140782.0,,,,,,,,,,,,,,,,0.0000,,,,0.0,0.0,0.0,0.0,0.0,0.0,0.0,0.0,0.0,-337414,-3806252,164391876,25396,57264,-21245,-0.020195928973999026,-0.2278233714343262,9.839682560885011,0.005871391204833984,0.013239067016601562,-0.004911706809997559,61,eca8fe00,43.51536560179,-79.68383084361,163.0115,-37.1,SOL_COMPUTED,SINGLE,good,1.4447,1.2989,2.4981,17,16,0.0,0.0,0,0,0,0,0,0,0,0,0,SPECTRUMANALYSIS,L2,1234.946,11.865,-54.108,-114.987
2026-05-25 11:06:05.043548,1779721565.043548,2420,140783.0,,,,,,,,,,,,,,,,0.0000,,,,0.0,0.0,0.0,0.0,0.0,0.0,0.0,0.0,0.0,-243239,-3749677,164321133,61925,-6228,-34609,-0.014559080440368655,-0.2244370724612427,9.8354482356839,0.014316660118103028,-0.0014398733825683593,-0.008001377311706543,61,eca8fe00,43.51536615071,-79.68383148852,162.9645,-37.1,SOL_COMPUTED,SINGLE,good,1.4431,1.297,2.4955,17,16,0.0,0.0,0,0,0,0,0,0,0,0,0,SPECTRUMANALYSIS,L2,1234.946,11.865,-54.108,-114.987
2026-05-25 11:06:06.037695,1779721566.037695,2420,140784.0,,,,,,,,,,,,,,,,0.0000,,,,0.0,0.0,0.0,0.0,0.0,0.0,0.0,0.0,0.0,-350262,-3739829,164337985,58439,60926,-10365,-0.020964946547241212,-0.22384762001251224,9.836456912843325,0.013510719429016113,0.014085697769165038,-0.0023963210678100587,61,eca8fe00,43.515366809,-79.68383188158,162.9078,-37.1,SOL_COMPUTED,SINGLE,good,1.442,1.2975,2.4961,17,16,0.0,0.0,0,0,0,0,0,0,0,0,0,SPECTRUMANALYSIS,L2,1234.946,11.865,-54.108,-114.987
2026-05-25 11:06:07.037796,1779721567.037796,2420,140785.0,,,,,,,,,,,,,,,,0.0000,,,,0.0,0.0,0.0,0.0,0.0,0.0,0.0,0.0,0.0,-322970,-3671087,164294905,55873,50246,-42102,-0.019331382754516603,-0.2197330647494507,9.833878357655335,0.012917476799011231,0.011616550735473633,-0.009733710525512695,61,eca8fe00,43.51536690715,-79.68383248434,162.945,-37.1,SOL_COMPUTED,SINGLE,good,1.4413,1.2974,2.4945,18,17,0.0,0.0,0,0,0,0,0,0,0,0,0,SPECTRUMANALYSIS,L2,1240.403,9.595,-55.029,-114.353
2026-05-25 11:06:08.034933,1779721568.034933,2420,140786.0,,,,,,,,,,,,,,,,0.0000,,,,0.0,0.0,0.0,0.0,0.0,0.0,0.0,0.0,0.0,-350088,-3737520,164388817,53993,73880,17514,-0.020954531770019533,-0.2237094147216797,9.83949946431305,0.01248283293914795,0.01708057891845703,0.004049123703002929,61,eca8fe00,43.51536809322,-79.68383254748,162.8242,-37.1,SOL_COMPUTED,SINGLE,good,1.4394,1.2961,2.4922,17,16,0.0,0.0,0,0,0,0,0,0,0,0,0,SPECTRUMANALYSIS,L2,1240.403,9.595,-55.029,-114.353
2026-05-25 11:06:09.036686,1779721569.036686,2420,140787.0,,,,,,,,,,,,,,,,0.0000,,,,0.0,0.0,0.0,0.0,0.0,0.0,0.0,0.0,0.0,-237573,-3613864,164310840,43523,42319,-16273,-0.014219941775207521,-0.2163079797094727,9.8348321477417,0.010062236549377442,0.009783879524230958,-0.003762212516784668,61,eca7fe00,43.51535453018,-79.68384184623,164.5379,-37.1,SOL_COMPUTED,SINGLE,good,1.3748,1.2794,2.4447,18,17,0.0,0.0,0,0,0,0,0,0,0,0,0,SPECTRUMANALYSIS,L2,1240.403,9.595,-55.029,-114.353
2026-05-25 11:06:10.055835,1779721570.055835,2420,140788.0,,,,,,,,,,,,,,,,0.0000,,,,0.0,0.0,0.0,0.0,0.0,0.0,0.0,0.0,0.0,-339504,-3688965,164363312,60052,82598,-39620,-0.02032102601074219,-0.22080315318145755,9.837972861479493,0.01388363461303711,0.019096124221801757,-0.009159888153076171,61,eca7fe00,43.5153556362,-79.68384183853,164.4281,-37.1,SOL_COMPUTED,SINGLE,good,1.358,1.2763,2.4344,18,17,0.0,0.0,0,0,0,0,0,0,0,0,0,SPECTRUMANALYSIS,L2,1229.307,30.762,-50.841,-116.004
2026-05-25 11:06:11.029998,1779721571.029998,2420,140789.0,,,,,,,,,,,,,,,,0.0000,,,,0.0,0.0,0.0,0.0,0.0,0.0,0.0,0.0,0.0,-372261,-3699113,164373479,48153,102523,-15554,-0.022281697605285648,-0.22141056214263918,9.838581407686464,0.011132662651062011,0.023702655555725097,-0.0035959843597412108,61,eca7fe00,43.51535881913,-79.68384075434,164.0549,-37.1,SOL_COMPUTED,SINGLE,good,1.3748,1.2799,2.4461,18,17,0.0,0.0,0,0,0,0,0,0,0,0,0,SPECTRUMANALYSIS,L2,1229.307,30.762,-50.841,-116.004
2026-05-25 11:06:12.154224,1779721572.154224,2420,140790.0,,,,,,,,,,,,,,,,0.0000,,,,0.0,0.0,0.0,0.0,0.0,0.0,0.0,0.0,0.0,-346094,-3655740,164391202,56140,34301,-39752,-0.020715470734252932,-0.21881446942749028,9.839642218587038,0.012979205474853516,0.007930169700622559,-0.009190405700683593,61,eca8fe00,43.51535395102,-79.68384427975,164.6846,-37.1,SOL_COMPUTED,SINGLE,good,1.342,1.2737,2.4237,18,17,0.0,0.0,0,0,0,0,0,0,0,0,0,SPECTRUMANALYSIS,L2,1229.307,30.762,-50.841,-116.004
2026-05-25 11:06:13.072802,1779721573.072802,2420,140791.0,,,,,,,,,,,,,,,,0.0000,,,,0.0,0.0,0.0,0.0,0.0,0.0,0.0,0.0,0.0,-287174,-3625437,164391953,68930,100196,-45163,-0.017188811688842776,-0.2170006821047974,9.839687169723208,0.01593617088317871,0.023164668182373047,-0.010441393959045411,61,eca7fe00,43.51535826203,-79.68384251448,164.1688,-37.1,SOL_COMPUTED,SINGLE,good,1.3506,1.2756,2.4296,18,17,0.0,0.0,0,0,0,0,0,0,0,0,0,SPECTRUMANALYSIS,L2,1232.456,21.387,-51.608,-110.219
2026-05-25 11:06:14.023530,1779721574.023530,2420,140792.0,,,,,,,,,,,,,,,,0.0000,,,,0.0,0.0,0.0,0.0,0.0,0.0,0.0,0.0,0.0,-246669,-3616563,164372978,28895,41161,-19759,-0.014764383232727054,-0.21646952846649173,9.83855142031067,0.006680337409973145,0.009516157402038575,-0.004568153205871582,61,eca7fe00,43.51535781423,-79.68384373504,164.2401,-37.1,SOL_COMPUTED,SINGLE,good,1.336,1.2696,2.4173,18,17,0.0,0.0,0,0,0,0,0,0,0,0,0,SPECTRUMANALYSIS,L2,1232.456,21.387,-51.608,-110.219
2026-05-25 11:06:15.021508,1779721575.021508,2420,140793.0,,,,,,,,,,,,,,,,0.0000,,,,0.0,0.0,0.0,0.0,0.0,0.0,0.0,0.0,0.0,-429183,-3584595,164428576,67023,9764,-3407,-0.025688766277771,-0.21455608249969485,9.841879240908204,0.015495284797668457,0.002257373748779297,-0.0007876763992309571,61,eca7fe00,43.51535691512,-79.68384501855,164.3641,-37.1,SOL_COMPUTED,SINGLE,good,1.3328,1.2704,2.4164,18,17,0.0,0.0,0,0,0,0,0,0,0,0,0,SPECTRUMANALYSIS,L2,1232.456,21.387,-51.608,-110.219
2026-05-25 11:06:16.028814,1779721576.028814,2420,140794.0,,,,,,,,,,,,,,,,0.0000,,,,0.0,0.0,0.0,0.0,0.0,0.0,0.0,0.0,0.0,-430143,-3543734,164436421,76293,54386,15811,-0.02574622711761475,-0.21211034564880374,9.842348803708802,0.0176384489364624,0.012573692001342774,0.003655401100158691,61,eca7fe00,43.51535463227,-79.68384734532,164.6552,-37.1,SOL_COMPUTED,SINGLE,good,1.3312,1.2706,2.4154,18,17,0.0,0.0,0,0,0,0,0,0,0,0,0,SPECTRUMANALYSIS,L2,1229.673,14.355,-54.818,-115.812
2026-05-25 11:06:17.035546,1779721577.035546,2420,140795.0,,,,,,,,,,,,,,,,0.0000,,,,0.0,0.0,0.0,0.0,0.0,0.0,0.0,0.0,0.0,-288222,-3655955,164382134,77172,27990,-56574,-0.01725153977233887,-0.2188273382614136,9.83909945307068,0.017841668060302733,0.00647110725402832,-0.01307954347229004,61,eca7fe00,43.51537307894,-79.68383669567,162.3646,-37.1,SOL_COMPUTED,SINGLE,good,1.4395,1.2953,2.4927,17,16,0.0,0.0,0,0,0,0,0,0,0,0,0,SPECTRUMANALYSIS,L2,1229.673,14.355,-54.818,-115.812
2026-05-25 11:06:18.102782,1779721578.102782,2420,140796.0,,,,,,,,,,,,,,,,0.0000,,,,0.0,0.0,0.0,0.0,0.0,0.0,0.0,0.0,0.0,-364772,-3658738,164367006,86164,47509,-25037,-0.021833443199462895,-0.21899391484191896,9.838193966002809,0.01992056039428711,0.01098377400970459,-0.005788392723083496,61,eca7fe00,43.51537363913,-79.68383666242,162.2763,-37.1,SOL_COMPUTED,SINGLE,good,1.4529,1.3074,2.5113,17,16,0.0,0.0,0,0,0,0,0,0,0,0,0,SPECTRUMANALYSIS,L2,1229.673,14.355,-54.818,-115.812
2026-05-25 11:06:19.021676,1779721579.021676,2420,140797.0,,,,,,,,,,,,,,,,0.0000,,,,0.0,0.0,0.0,0.0,0.0,0.0,0.0,0.0,0.0,-242531,-3653605,164352355,58566,78681,13475,-0.01451670307098389,-0.2186866789138794,9.837317029789736,0.013540081008911133,0.018190539115905763,0.0031153329849243163,61,eca7fe00,43.51537371031,-79.68383794592,162.2629,-37.1,SOL_COMPUTED,SINGLE,good,1.439,1.2942,2.4925,17,16,0.0,0.0,0,0,0,0,0,0,0,0,0,SPECTRUMANALYSIS,L2,1232.273,18.384,-52.163,-115.778
2026-05-25 11:06:20.021284,1779721580.021284,2420,140798.0,,,,,,,,,,,,,,,,0.0000,,,,0.0,0.0,0.0,0.0,0.0,0.0,0.0,0.0,0.0,-355891,-3569011,164370383,28259,61138,-27143,-0.021301870575866702,-0.213623301532898,9.838396096477968,0.006533298316955567,0.014134710800170898,-0.006275286323547363,61,eca7fe00,43.51537405149,-79.68383846494,162.1943,-37.1,SOL_COMPUTED,SINGLE,good,1.4404,1.2958,2.4946,17,16,0.0,0.0,0,0,0,0,0,0,0,0,0,SPECTRUMANALYSIS,L2,1232.273,18.384,-52.163,-115.778
2026-05-25 11:06:21.025463,1779721581.025463,2420,140799.0,,,,,,,,,,,,,,,,0.0000,,,,0.0,0.0,0.0,0.0,0.0,0.0,0.0,0.0,0.0,-259790,-3530567,164283318,-5394,105949,-48700,-0.015549741232299807,-0.2113222343173218,9.83318481728943,-0.0012470579681396485,0.024494724632263185,-0.011259125518798829,61,eca7fe00,43.51537434678,-79.68383905476,162.1348,-37.1,SOL_COMPUTED,SINGLE,good,1.4448,1.2975,2.4975,17,16,0.0,0.0,0,0,0,0,0,0,0,0,0,SPECTRUMANALYSIS,L2,1232.273,18.384,-52.163,-115.778
2026-05-25 11:06:22.025264,1779721582.025264,2420,140800.0,,,,,,,,,,,,,,,,0.0000,,,,0.0,0.0,0.0,0.0,0.0,0.0,0.0,0.0,0.0,-429404,-4205234,164480488,267016,-275128,-13369,-0.025701994241943363,-0.25170445560363774,9.844986435822756,0.06173237493896484,-0.0636078169555664,-0.003090826469421387,61,eca7fe00,43.51537453043,-79.68383982792,162.0746,-37.1,SOL_COMPUTED,SINGLE,good,1.4441,1.2975,2.4978,17,16,0.0,0.0,0,0,0,0,0,0,0,0,0,SPECTRUMANALYSIS,L2,1224.692,15.234,-55.286,-115.424
2026-05-25 11:06:23.021883,1779721583.021883,2420,140801.0,,,,,,,,,,,,,,,,0.0000,,,,0.0,0.0,0.0,0.0,0.0,0.0,0.0,0.0,0.0,1712,-4237192,164149418,173423,-66158,-4632,0.00010247183105468751,-0.25361730302001956,9.825170227232057,0.04009427771759033,-0.015295302383422851,-0.0010708884887695312,61,eca7fe00,43.51537455003,-79.68384074503,162.0505,-37.1,SOL_COMPUTED,SINGLE,good,1.4396,1.2925,2.492,17,16,0.0,0.0,0,0,0,0,0,0,0,0,0,SPECTRUMANALYSIS,L2,1224.692,15.234,-55.286,-115.424
2026-05-25 11:06:24.023307,1779721584.023307,2420,140802.0,,,,,,,,,,,,,,,,0.0000,,,,0.0,0.0,0.0,0.0,0.0,0.0,0.0,0.0,0.0,-242137,-3460745,164353466,-59931,15895,-49152,-0.01449312018463135,-0.20714303560943606,9.837383528740846,-0.013855660194396973,0.0036748213577270507,-0.011363625,61,eca7fe00,43.51537245849,-79.68384577848,161.3662,-37.1,SOL_COMPUTED,SINGLE,good,1.4286,1.2507,2.2948,18,18,0.0,0.0,0,0,0,0,0,0,0,0,0,SPECTRUMANALYSIS,L2,1224.692,15.234,-55.286,-115.424
2026-05-25 11:06:25.028622,1779721585.028622,2420,140803.0,,,,,,,,,,,,,,,,0.0000,,,,0.0,0.0,0.0,0.0,0.0,0.0,0.0,0.0,0.0,-316745,-3375903,164398083,-10318,157629,-42536,-0.018958785121154786,-0.20206481417816166,9.840054081127626,-0.0023854549713134767,0.03644280690765381,-0.009834048522949218,61,eca7fe00,43.51535002799,-79.68386020377,164.0796,-37.1,SOL_COMPUTED,SINGLE,good,1.3797,1.2496,2.2583,18,18,0.0,0.0,0,0,0,0,0,0,0,0,0,SPECTRUMANALYSIS,L2,1237.656,0.879,-59.669,-109.592
2026-05-25 11:06:26.035053,1779721586.035053,2420,140804.0,,,,,,,,,,,,,,,,0.0000,,,,0.0,0.0,0.0,0.0,0.0,0.0,0.0,0.0,0.0,-378472,-3545278,164309952,114183,-33065,-44181,-0.02265345726806641,-0.21220276183288578,9.834778996464845,0.026398372261047364,-0.007644414482116699,-0.01021436190032959,61,eca7fe00,43.51534393776,-79.68386578328,164.5174,-37.1,SOL_COMPUTED,SINGLE,good,1.3489,1.2362,2.2258,18,18,0.0,0.0,0,0,0,0,0,0,0,0,0,SPECTRUMANALYSIS,L2,1237.656,0.879,-59.669,-109.592
2026-05-25 11:06:27.029135,1779721587.029135,2420,140805.0,,,,,,,,,,,,,,,,0.0000,,,,0.0,0.0,0.0,0.0,0.0,0.0,0.0,0.0,0.0,-295744,-3677219,164357593,8384,126431,-44336,-0.017701769394531254,-0.22010009586395266,9.837630550497133,0.00193832666015625,0.029230030769348145,-0.010250196899414062,61,eca6fe00,43.51535167521,-79.68386280253,163.1962,-37.1,SOL_COMPUTED,SINGLE,good,1.3505,1.2384,2.2294,18,18,0.0,0.0,0,0,0,0,0,0,0,0,0,SPECTRUMANALYSIS,L2,1237.656,0.879,-59.669,-109.592
2026-05-25 11:06:28.027071,1779721588.027071,2420,140806.0,,,,,,,,,,,,,,,,0.0000,,,,0.0,0.0,0.0,0.0,0.0,0.0,0.0,0.0,0.0,-311295,-3664951,164393503,62930,35975,1317,-0.0186325751449585,-0.21936579421478275,9.839779945037538,0.014549009628295898,0.008317187690734864,0.00030448189544677733,61,eca6fe00,43.51535047949,-79.68386469962,163.0701,-37.1,SOL_COMPUTED,SINGLE,good,1.3382,1.2353,2.2173,18,18,0.0,0.0,0,0,0,0,0,0,0,0,0,SPECTRUMANALYSIS,L2,1230.698,8.789,-55.97,-114.867
2026-05-25 11:06:29.021768,1779721589.021768,2420,140807.0,,,,,,,,,,,,,,,,0.0000,,,,0.0,0.0,0.0,0.0,0.0,0.0,0.0,0.0,0.0,-312105,-3595056,164387380,27800,67097,-34584,-0.01868105772857666,-0.21518222608886722,9.839413452618409,0.006427180480957031,0.015512393119812012,-0.00799559747314453,61,eca7fe00,43.51535134837,-79.68386551982,162.7014,-37.1,SOL_COMPUTED,SINGLE,good,1.3323,1.2332,2.2111,18,18,0.0,0.0,0,0,0,0,0,0,0,0,0,SPECTRUMANALYSIS,L2,1230.698,8.789,-55.97,-114.867
2026-05-25 11:06:30.023876,1779721590.023876,2420,140808.0,,,,,,,,,,,,,,,,0.0000,,,,0.0,0.0,0.0,0.0,0.0,0.0,0.0,0.0,0.0,-398290,-3543689,164376406,62235,54929,1232,-0.023839664480590824,-0.21210765217193606,9.838756603392946,0.014388330116271972,0.012699230094909668,0.0002848304443359375,61,eca6fe00,43.51535271843,-79.683865742,162.315,-37.1,SOL_COMPUTED,SINGLE,good,1.3372,1.2382,2.2191,18,18,0.0,0.0,0,0,0,0,0,0,0,0,0,SPECTRUMANALYSIS,L2,1230.698,8.789,-55.97,-114.867
2026-05-25 11:06:31.022784,1779721591.022784,2420,140809.0,,,,,,,,,,,,,,,,0.0000,,,,0.0,0.0,0.0,0.0,0.0,0.0,0.0,0.0,0.0,-327576,-3674949,164358263,56673,137538,-5709,-0.019607075075683596,-0.2199642249197388,9.837670653374941,0.013102431632995605,0.03179789744567871,-0.0013198839340209962,61,eca6fe00,43.51534927832,-79.68386862524,162.6109,-37.1,SOL_COMPUTED,SINGLE,good,1.3264,1.2339,2.209,18,18,0.0,0.0,0,0,0,0,0,0,0,0,0,SPECTRUMANALYSIS,L2,1231.541,16.04,-53.362,-115.949
2026-05-25 11:06:32.022580,1779721592.022580,2420,140810.0,,,,,,,,,,,,,,,,0.0000,,,,0.0,0.0,0.0,0.0,0.0,0.0,0.0,0.0,0.0,-391072,-3620839,164379731,65715,62113,-76526,-0.023407630791015627,-0.21672546862396244,9.838955621405946,0.015192883644104004,0.014360124504089355,-0.01769231703186035,61,eca7fe00,43.51534683939,-79.68387069932,162.8082,-37.1,SOL_COMPUTED,SINGLE,good,1.3225,1.2296,2.2024,18,18,0.0,0.0,0,0,0,0,0,0,0,0,0,SPECTRUMANALYSIS,L2,1231.541,16.04,-53.362,-115.949
2026-05-25 11:06:33.028318,1779721593.028318,2420,140811.0,,,,,,,,,,,,,,,,0.0000,,,,0.0,0.0,0.0,0.0,0.0,0.0,0.0,0.0,0.0,-332835,-3709010,164419321,33807,57538,-9889,-0.01992185273895264,-0.22200294748840335,9.841325282499087,0.007815960090637206,0.013302414047241211,-0.0022862729415893553,61,eca6fe00,43.51534828552,-79.68387034613,162.5475,-37.1,SOL_COMPUTED,SINGLE,good,1.3201,1.2287,2.2005,18,18,0.0,0.0,0,0,0,0,0,0,0,0,0,SPECTRUMANALYSIS,L2,1231.541,16.04,-53.362,-115.949
2026-05-25 11:06:34.026618,1779721594.026618,2420,140812.0,,,,,,,,,,,,,,,,0.0000,,,,0.0,0.0,0.0,0.0,0.0,0.0,0.0,0.0,0.0,-332785,-3605725,164339393,44342,68749,-47324,-0.019918859986877445,-0.2158208195266724,9.836541188741762,0.010251584060668945,0.015894324851989747,-0.010941003204345703,61,eca6fe00,43.51534828232,-79.68387076265,162.4748,-37.1,SOL_COMPUTED,SINGLE,good,1.3219,1.2308,2.2039,18,18,0.0,0.0,0,0,0,0,0,0,0,0,0,SPECTRUMANALYSIS,L2,1237.437,1.025,-59.332,-110.044
2026-05-25 11:06:35.024150,1779721595.024150,2420,140813.0,,,,,,,,,,,,,,,,0.0000,,,,0.0,0.0,0.0,0.0,0.0,0.0,0.0,0.0,0.0,-330669,-3638254,164422447,40154,69048,-14629,-0.01979220671905518,-0.21776784417175296,9.841512389358828,0.009283345504760742,0.015963451721191405,-0.0033821303329467775,61,eca6fe00,43.51534765887,-79.68387146394,162.4799,-37.1,SOL_COMPUTED,SINGLE,good,1.3177,1.2286,2.1988,18,18,0.0,0.0,0,0,0,0,0,0,0,0,0,SPECTRUMANALYSIS,L2,1237.437,1.025,-59.332,-110.044
2026-05-25 11:06:36.021848,1779721596.021848,2420,140814.0,,,,,,,,,,,,,,,,0.0000,,,,0.0,0.0,0.0,0.0,0.0,0.0,0.0,0.0,0.0,-322511,-3709065,164295074,59809,67819,-12434,-0.019303909290466312,-0.22200623951568607,9.83388847315735,0.013827454582214356,0.01567931485748291,-0.0028746605072021486,61,eca6fe00,43.5153478064,-79.68387174665,162.3919,-37.1,SOL_COMPUTED,SINGLE,good,1.3208,1.2315,2.2041,18,18,0.0,0.0,0,0,0,0,0,0,0,0,0,SPECTRUMANALYSIS,L2,1237.437,1.025,-59.332,-110.044
2026-05-25 11:06:37.024633,1779721597.024633,2420,140815.0,,,,,,,,,,,,,,,,0.0000,,,,0.0,0.0,0.0,0.0,0.0,0.0,0.0,0.0,0.0,-242645,-3722911,164328182,77070,68932,-29266,-0.014523526545715334,-0.22283499242034915,9.835870153871461,0.017818086318969726,0.01593663327026367,-0.006766110214233398,61,eca6fe00,43.51534598096,-79.68387319904,162.5393,-37.1,SOL_COMPUTED,SINGLE,good,1.3152,1.2269,2.195,18,18,0.0,0.0,0,0,0,0,0,0,0,0,0,SPECTRUMANALYSIS,L2,1226.853,12.231,-55.576,-114.341
2026-05-25 11:06:38.024365,1779721598.024365,2420,140816.0,,,,,,,,,,,,,,,,0.0000,,,,0.0,0.0,0.0,0.0,0.0,0.0,0.0,0.0,0.0,-322029,-3713450,164327113,38651,71469,-23130,-0.01927505916046143,-0.2222687038726807,9.835806168832093,0.008935861610412597,0.016523171287536623,-0.005347506637573243,61,eca6fe00,43.5153452521,-79.68387399575,162.5591,-37.1,SOL_COMPUTED,SINGLE,good,1.3197,1.229,2.1987,18,18,0.0,0.0,0,0,0,0,0,0,0,0,0,SPECTRUMANALYSIS,L2,1226.853,12.231,-55.576,-114.341
2026-05-25 11:06:39.021912,1779721599.021912,2420,140817.0,,,,,,,,,,,,,,,,0.0000,,,,0.0,0.0,0.0,0.0,0.0,0.0,0.0,0.0,0.0,-317090,-3690278,164359932,42281,71040,-58789,-0.018979435110473637,-0.2208817428509522,9.83777055143921,0.009775094169616699,0.0164239892578125,-0.013591637168884277,61,eca6fe00,43.51534645706,-79.68387353569,162.3199,-37.1,SOL_COMPUTED,SINGLE,good,1.3158,1.2282,2.1976,18,18,0.0,0.0,0,0,0,0,0,0,0,0,0,SPECTRUMANALYSIS,L2,1226.853,12.231,-55.576,-114.341
2026-05-25 11:06:40.024443,1779721600.024443,2420,140818.0,,,,,,,,,,,,,,,,0.0000,,,,0.0,0.0,0.0,0.0,0.0,0.0,0.0,0.0,0.0,-324549,-3670417,164358255,60552,40131,62,-0.019425893865051273,-0.2196929618716431,9.837670174534608,0.013999231384277343,0.00927802805328369,1.4333999633789063e-05,61,eca6fe00,43.51534583712,-79.68387419327,162.3257,-37.1,SOL_COMPUTED,SINGLE,good,1.3137,1.2264,2.1942,18,18,0.0,0.0,0,0,0,0,0,0,0,0,0,SPECTRUMANALYSIS,L2,1230.332,24.023,-52.658,-115.271
2026-05-25 11:06:41.032794,1779721601.032794,2420,140819.0,,,,,,,,,,,,,,,,0.0000,,,,0.0,0.0,0.0,0.0,0.0,0.0,0.0,0.0,0.0,-256426,-3612264,164370780,26551,68704,-47595,-0.015348388872680667,-0.21621221164306645,9.838419858929445,0.006138419746398926,0.015883921142578125,-0.01100365665435791,61,eca6fe00,43.51534474649,-79.6838752425,162.3659,-37.1,SOL_COMPUTED,SINGLE,good,1.3071,1.2245,2.1901,18,18,0.0,0.0,0,0,0,0,0,0,0,0,0,SPECTRUMANALYSIS,L2,1230.332,24.023,-52.658,-115.271
2026-05-25 11:06:42.029891,1779721602.029891,2420,140820.0,,,,,,,,,,,,,,,,0.0000,,,,0.0,0.0,0.0,0.0,0.0,0.0,0.0,0.0,0.0,-348970,-3645670,164342906,88276,42760,-11642,-0.020887613833618167,-0.21821172915954593,9.836751459502565,0.020408841156005858,0.009885835876464844,-0.0026915552215576173,61,eca6fe00,43.51534394778,-79.68387608148,162.3484,-37.1,SOL_COMPUTED,SINGLE,good,1.3109,1.2258,2.1937,18,18,0.0,0.0,0,0,0,0,0,0,0,0,0,SPECTRUMANALYSIS,L2,1230.332,24.023,-52.658,-115.271
2026-05-25 11:06:43.022679,1779721603.022679,2420,140821.0,,,,,,,,,,,,,,,,0.0000,,,,0.0,0.0,0.0,0.0,0.0,0.0,0.0,0.0,0.0,-327327,-3632877,164338058,28089,44071,-23501,-0.019592171170349122,-0.21744600361358646,9.836461282261354,0.006493995414733887,0.010188930610656738,-0.005433279441833496,61,eca6fe00,43.51534345192,-79.68387673403,162.3359,-37.1,SOL_COMPUTED,SINGLE,good,1.3129,1.2272,2.197,18,18,0.0,0.0,0,0,0,0,0,0,0,0,0,SPECTRUMANALYSIS,L2,1227.842,17.139,-53.983,-114.833
2026-05-25 11:06:44.025587,1779721604.025587,2420,140822.0,,,,,,,,,,,,,,,,0.0000,,,,0.0,0.0,0.0,0.0,0.0,0.0,0.0,0.0,0.0,-366882,-3637588,164314970,67276,55869,-1245,-0.021959737337036135,-0.21772798071411137,9.835079349063111,0.015553776763916016,0.012916552024841309,-0.0002878359603881836,61,eca6fe00,43.51534304565,-79.68387740242,162.2764,-37.1,SOL_COMPUTED,SINGLE,good,1.3138,1.2269,2.1963,18,18,0.0,0.0,0,0,0,0,0,0,0,0,0,SPECTRUMANALYSIS,L2,1227.842,17.139,-53.983,-114.833
2026-05-25 11:06:45.026024,1779721605.026024,2420,140823.0,,,,,,,,,,,,,,,,0.0000,,,,0.0,0.0,0.0,0.0,0.0,0.0,0.0,0.0,0.0,-378160,-3710469,164381995,22382,75153,-3595,-0.02263478249511719,-0.22209027599395756,9.839091133219911,0.005174573867797852,0.017374888298034668,-0.0008311407852172851,61,eca6fe00,43.51534219752,-79.68387825963,162.2836,-37.1,SOL_COMPUTED,SINGLE,good,1.3172,1.2281,2.1984,18,18,0.0,0.0,0,0,0,0,0,0,0,0,0,SPECTRUMANALYSIS,L2,1227.842,17.139,-53.983,-114.833
2026-05-25 11:06:46.040390,1779721606.040390,2420,140824.0,,,,,,,,,,,,,,,,0.0000,,,,0.0,0.0,0.0,0.0,0.0,0.0,0.0,0.0,0.0,-372012,-3753719,164389394,54089,1555,-53419,-0.022266793699951173,-0.2246790065390015,9.839534000671998,0.012505027519226074,0.0003595059585571289,-0.01235012784576416,61,eca6fe00,43.51534303328,-79.68387810209,162.0921,-37.1,SOL_COMPUTED,SINGLE,good,1.3151,1.2276,2.1987,18,18,0.0,0.0,0,0,0,0,0,0,0,0,0,SPECTRUMANALYSIS,L2,1233.262,2.637,-63.142,-125.947
2026-05-25 11:06:47.031492,1779721607.031492,2420,140825.0,,,,,,,,,,,,,,,,0.0000,,,,0.0,0.0,0.0,0.0,0.0,0.0,0.0,0.0,0.0,-292107,-3719331,164385786,50742,71737,-46307,-0.017484076608581544,-0.22262071137176517,9.839318043682253,0.011731222732543945,0.016585131156921385,-0.010705879371643067,61,eca6fe00,43.51534351911,-79.68387817101,161.9298,-37.1,SOL_COMPUTED,SINGLE,good,1.3176,1.229,2.2007,18,18,0.0,0.0,0,0,0,0,0,0,0,0,0,SPECTRUMANALYSIS,L2,1233.262,2.637,-63.142,-125.947
2026-05-25 11:06:48.026708,1779721608.026708,2420,140826.0,,,,,,,,,,,,,,,,0.0000,,,,0.0,0.0,0.0,0.0,0.0,0.0,0.0,0.0,0.0,-293088,-3676782,164366340,57328,28281,-26235,-0.017542794404296878,-0.22007393921081547,9.838154102545168,0.013253863403320312,0.006538384574890137,-0.006065362586975097,61,eca5fe00,43.51534393632,-79.68387819493,161.7821,-37.1,SOL_COMPUTED,SINGLE,good,1.3099,1.2248,2.1935,18,18,0.0,0.0,0,0,0,0,0,0,0,0,0,SPECTRUMANALYSIS,L2,1233.262,2.637,-63.142,-125.947
2026-05-25 11:06:49.025928,1779721609.025928,2420,140827.0,,,,,,,,,,,,,,,,0.0000,,,,0.0,0.0,0.0,0.0,0.0,0.0,0.0,0.0,0.0,-321020,-3655671,164325463,32753,43164,3723,-0.019214665423583986,-0.2188103394296265,9.835707408013612,0.007572282096862793,0.009979238067626952,0.0008607335586547851,61,eca6fe00,43.51534438548,-79.6838782754,161.6235,-37.1,SOL_COMPUTED,SINGLE,good,1.3213,1.2314,2.2066,18,18,0.0,0.0,0,0,0,0,0,0,0,0,0,SPECTRUMANALYSIS,L2,1238.096,6.299,-56.663,-114.105
2026-05-25 11:06:50.025944,1779721610.025944,2420,140828.0,,,,,,,,,,,,,,,,0.0000,,,,0.0,0.0,0.0,0.0,0.0,0.0,0.0,0.0,0.0,-365498,-3644690,164336482,59232,48205,-57546,-0.02187689795959473,-0.2181530712188721,9.836366950715943,0.013694055908203126,0.011144684715270995,-0.013304263595581055,61,eca6fe00,43.51534482545,-79.68387840742,161.4996,-37.1,SOL_COMPUTED,SINGLE,good,1.317,1.2289,2.2032,18,18,0.0,0.0,0,0,0,0,0,0,0,0,0,SPECTRUMANALYSIS,L2,1238.096,6.299,-56.663,-114.105
2026-05-25 11:06:51.038035,1779721611.038035,2420,140829.0,,,,,,,,,,,,,,,,0.0000,,,,0.0,0.0,0.0,0.0,0.0,0.0,0.0,0.0,0.0,-424494,-3691846,164383523,93579,68800,-8958,-0.025408105988159183,-0.2209755955560303,9.839182591723329,0.021634860511779784,0.01590611572265625,-0.002071031753540039,61,eca5fe00,43.51534448612,-79.6838788214,161.4514,-37.1,SOL_COMPUTED,SINGLE,good,1.313,1.227,2.1993,18,18,0.0,0.0,0,0,0,0,0,0,0,0,0,SPECTRUMANALYSIS,L2,1238.096,6.299,-56.663,-114.105
2026-05-25 11:06:52.027470,1779721612.027470,2420,140830.0,,,,,,,,,,,,,,,,0.0000,,,,0.0,0.0,0.0,0.0,0.0,0.0,0.0,0.0,0.0,-370538,-3642330,164407621,57098,103377,3669,-0.022178567368774417,-0.21801181332092287,9.84062497851349,0.013200688888549805,0.023900094841003416,0.0008482491073608399,61,eca5fe00,43.51534424197,-79.68387913505,161.3827,-37.1,SOL_COMPUTED,SINGLE,good,1.3116,1.2256,2.1961,18,18,0.0,0.0,0,0,0,0,0,0,0,0,0,SPECTRUMANALYSIS,L2,1229.05,7.251,-57.727,-114.905
2026-05-25 11:06:53.020891,1779721613.020891,2420,140831.0,,,,,,,,,,,,,,,,0.0000,,,,0.0,0.0,0.0,0.0,0.0,0.0,0.0,0.0,0.0,-647582,-3681732,164348149,-54132,237181,8157,-0.03876104748718262,-0.2203702216662598,9.83706527948517,-0.012514968841552735,0.05483471559906006,0.0018858457260131835,61,eca5fe00,43.51534381455,-79.68387970266,161.3424,-37.1,SOL_COMPUTED,SINGLE,good,1.3136,1.2265,2.1983,18,18,0.0,0.0,0,0,0,0,0,0,0,0,0,SPECTRUMANALYSIS,L2,1229.05,7.251,-57.727,-114.905
2026-05-25 11:06:54.026250,1779721614.026250,2420,140832.0,,,,,,,,,,,,,,,,0.0000,,,,0.0,0.0,0.0,0.0,0.0,0.0,0.0,0.0,0.0,-405760,-3712486,164376376,67791,43925,-24502,-0.024286781640625005,-0.22221100361267093,9.8387548077417,0.015672841438293457,0.01015517635345459,-0.005664704177856445,61,eca5fe00,43.51534343657,-79.68388023378,161.3013,-37.1,SOL_COMPUTED,SINGLE,good,1.3101,1.2242,2.1942,18,18,0.0,0.0,0,0,0,0,0,0,0,0,0,SPECTRUMANALYSIS,L2,1229.05,7.251,-57.727,-114.905
2026-05-25 11:06:55.026853,1779721615.026853,2420,140833.0,,,,,,,,,,,,,,,,0.0000,,,,0.0,0.0,0.0,0.0,0.0,0.0,0.0,0.0,0.0,-434724,-3586316,164352726,107807,-7947,12701,-0.026020423062744144,-0.21465909302612307,9.837339236010132,0.024924282234191894,-0.001837295082092285,0.0029363891830444335,61,eca5fe00,43.51534318751,-79.68388074285,161.2037,-37.1,SOL_COMPUTED,SINGLE,good,1.3177,1.2283,2.2041,18,18,0.0,0.0,0,0,0,0,0,0,0,0,0,SPECTRUMANALYSIS,L2,1227.366,4.761,-60.407,-123.545
2026-05-25 11:06:56.022165,1779721616.022165,2420,140834.0,,,,,,,,,,,,,,,,0.0000,,,,0.0,0.0,0.0,0.0,0.0,0.0,0.0,0.0,0.0,-194067,-3668508,164284461,-3016,108378,-22082,-0.011615888339538576,-0.21957869859741214,9.83325323160187,-0.0006972797241210938,0.025056293746948243,-0.005105215805053711,61,eca5fe00,43.51534277568,-79.68388138452,161.1496,-37.1,SOL_COMPUTED,SINGLE,good,1.3179,1.228,2.2057,18,18,0.0,0.0,0,0,0,0,0,0,0,0,0,SPECTRUMANALYSIS,L2,1227.366,4.761,-60.407,-123.545
2026-05-25 11:06:57.037402,1779721617.037402,2420,140835.0,,,,,,,,,,,,,,,,0.0000,,,,0.0,0.0,0.0,0.0,0.0,0.0,0.0,0.0,0.0,-482835,-3706716,164401825,88362,36008,-7498,-0.028900108964538578,-0.2218656400231934,9.840278058692933,0.02042872380065918,0.008324817077636718,-0.0017334891815185547,61,eca5fe00,43.51534206141,-79.6838821577,161.1065,-37.1,SOL_COMPUTED,SINGLE,good,1.3109,1.225,2.1998,18,18,0.0,0.0,0,0,0,0,0,0,0,0,0,SPECTRUMANALYSIS,L2,1227.366,4.761,-60.407,-123.545
2026-05-25 11:06:58.022289,1779721618.022289,2420,140836.0,,,,,,,,,,,,,,,,0.0000,,,,0.0,0.0,0.0,0.0,0.0,0.0,0.0,0.0,0.0,-454693,-3695814,164371404,97678,66969,-26621,-0.02721566838653565,-0.2212131003607178,9.838457208475344,0.022582522842407228,0.015482800346374512,-0.006154603294372558,61,eca5fe00,43.5153415096,-79.68388281291,161.0595,-37.1,SOL_COMPUTED,SINGLE,good,1.308,1.223,2.1968,18,18,0.0,0.0,0,0,0,0,0,0,0,0,0,SPECTRUMANALYSIS,L2,1227.366,4.761,-60.407,-123.545
2026-05-25 11:06:59.038996,1779721619.038996,2420,140837.0,,,,,,,,,,,,,,,,0.0000,,,,0.0,0.0,0.0,0.0,0.0,0.0,0.0,0.0,0.0,-334790,-3739877,164342652,63203,22248,-17856,-0.020038869345092775,-0.2238504930545044,9.836736256322023,0.014612125465393066,0.005143593933105469,-0.00412819189453125,61,eca5fe00,43.51534082263,-79.68388353549,161.034,-37.1,SOL_COMPUTED,SINGLE,good,1.3085,1.2238,2.1982,18,18,0.0,0.0,0,0,0,0,0,0,0,0,0,SPECTRUMANALYSIS,L2,1226.963,26.807,-51.804,-115.002
2026-05-25 11:07:00.025610,1779721620.025610,2420,140838.0,,,,,,,,,,,,,,,,0.0000,,,,0.0,0.0,0.0,0.0,0.0,0.0,0.0,0.0,0.0,9371,-3707578,164180915,-20569,123035,-9615,0.0005609015939331055,-0.22191723506896976,9.827055481474305,-0.004755419975280762,0.028444897499084472,-0.002222925910949707,61,eca5fe00,43.51534023572,-79.68388417523,160.9953,-37.1,SOL_COMPUTED,SINGLE,good,1.3115,1.2259,2.1993,18,18,0.0,0.0,0,0,0,0,0,0,0,0,0,SPECTRUMANALYSIS,L2,1226.963,26.807,-51.804,-115.002
2026-05-25 11:07:01.028088,1779721621.028088,2420,140839.0,,,,,,,,,,,,,,,,0.0000,,,,0.0,0.0,0.0,0.0,0.0,0.0,0.0,0.0,0.0,-470682,-3778248,164397370,78854,46262,-25701,-0.028172690645141607,-0.22614719085205082,9.840011404483034,0.01823053559875488,0.010695475662231446,-0.0059419052352905274,61,eca5fe00,43.51533970732,-79.68388491552,160.9914,-37.1,SOL_COMPUTED,SINGLE,good,1.3101,1.225,2.2046,18,18,0.0,0.0,0,0,0,0,0,0,0,0,0,SPECTRUMANALYSIS,L2,1226.963,26.807,-51.804,-115.002
2026-05-25 11:07:02.035184,1779721622.035184,2420,140840.0,,,,,,,,,,,,,,,,0.0000,,,,0.0,0.0,0.0,0.0,0.0,0.0,0.0,0.0,0.0,-482604,-3886786,164349655,14715,37642,-421,-0.028886282449951176,-0.2326437373468018,9.837155421177675,0.0034020129776000975,0.008702587326049805,-9.733248138427734e-05,61,eca5fe00,43.51533920734,-79.68388546914,160.9918,-37.1,SOL_COMPUTED,SINGLE,good,1.3116,1.2263,2.2036,18,18,0.0,0.0,0,0,0,0,0,0,0,0,0,SPECTRUMANALYSIS,L2,1222.495,18.018,-55.295,-115.818
2026-05-25 11:07:03.031428,1779721623.031428,2420,140841.0,,,,,,,,,,,,,,,,0.0000,,,,0.0,0.0,0.0,0.0,0.0,0.0,0.0,0.0,0.0,-427841,-3700994,164338450,35984,31161,-60299,-0.025608440812072756,-0.22152314947570803,9.836484745437623,0.008319268432617188,0.007204221977233887,-0.013940739418029785,61,eca5fe00,43.51533879941,-79.68388596836,161.023,-37.1,SOL_COMPUTED,SINGLE,good,1.3128,1.228,2.2109,18,18,0.0,0.0,0,0,0,0,0,0,0,0,0,SPECTRUMANALYSIS,L2,1222.495,18.018,-55.295,-115.818
2026-05-25 11:07:04.026712,1779721624.026712,2420,140842.0,,,,,,,,,,,,,,,,0.0000,,,,0.0,0.0,0.0,0.0,0.0,0.0,0.0,0.0,0.0,-171639,-3441777,164234444,98098,-44307,-40285,-0.010273459468688967,-0.20600770518218997,9.830259461990968,0.022679624130249022,-0.01024349228668213,-0.009313631858825683,61,eca5fe00,43.51533827186,-79.68388651855,161.0543,-37.1,SOL_COMPUTED,SINGLE,good,1.3116,1.2265,2.2031,18,18,0.0,0.0,0,0,0,0,0,0,0,0,0,SPECTRUMANALYSIS,L2,1222.495,18.018,-55.295,-115.818
2026-05-25 11:07:05.026283,1779721625.026283,2420,140843.0,,,,,,,,,,,,,,,,0.0000,,,,0.0,0.0,0.0,0.0,0.0,0.0,0.0,0.0,0.0,-428168,-3594547,164375709,32522,186866,-25819,-0.025628013410644534,-0.21515175987274174,9.838714884429017,0.007518876388549805,0.04320221250915527,-0.0059691860733032225,61,eca5fe00,43.51533799306,-79.68388682286,161.1544,-37.1,SOL_COMPUTED,SINGLE,good,1.3097,1.2258,2.2023,18,18,0.0,0.0,0,0,0,0,0,0,0,0,0,SPECTRUMANALYSIS,L2,1230.369,4.321,-59.881,-114.702
2026-05-25 11:07:06.020667,1779721626.020667,2420,140844.0,,,,,,,,,,,,,,,,0.0000,,,,0.0,0.0,0.0,0.0,0.0,0.0,0.0,0.0,0.0,-568833,-3680521,164393059,64034,-68357,-39544,-0.03404752282379151,-0.22029773721099857,9.83975336939911,0.014804247299194336,-0.015803696983337404,-0.009142317443847657,61,eca5fe00,43.51533788867,-79.68388692306,161.2493,-37.1,SOL_COMPUTED,SINGLE,good,1.3072,1.2239,2.1993,18,18,0.0,0.0,0,0,0,0,0,0,0,0,0,SPECTRUMANALYSIS,L2,1230.369,4.321,-59.881,-114.702
2026-05-25 11:07:07.034082,1779721627.034082,2420,140845.0,,,,,,,,,,,,,,,,0.0000,,,,0.0,0.0,0.0,0.0,0.0,0.0,0.0,0.0,0.0,-440665,-3823759,164349552,26091,12785,-38494,-0.026376021864318852,-0.22887125364593508,9.8371492561084,0.00603207071685791,0.002955809440612793,-0.008899564224243164,61,eca4fe00,43.51533781422,-79.68388672766,161.3652,-37.1,SOL_COMPUTED,SINGLE,good,1.3209,1.2342,2.2176,18,18,0.0,0.0,0,0,0,0,0,0,0,0,0,SPECTRUMANALYSIS,L2,1230.369,4.321,-59.881,-114.702
2026-05-25 11:07:08.021104,1779721628.021104,2420,140846.0,,,,,,,,,,,,,,,,0.0000,,,,0.0,0.0,0.0,0.0,0.0,0.0,0.0,0.0,0.0,-206267,-3656419,164228456,73548,-135384,-17241,-0.012346119845886232,-0.21885511100067143,9.829901050002443,0.017003822662353514,-0.03129990655517578,-0.003986007865905762,61,eca4fe00,43.51533727042,-79.68388708551,161.466,-37.1,SOL_COMPUTED,SINGLE,good,1.3114,1.2279,2.2059,18,18,0.0,0.0,0,0,0,0,0,0,0,0,0,SPECTRUMANALYSIS,L2,1233.225,4.175,-59.53,-113.798
2026-05-25 11:07:09.028828,1779721629.028828,2420,140847.0,,,,,,,,,,,,,,,,0.0000,,,,0.0,0.0,0.0,0.0,0.0,0.0,0.0,0.0,0.0,-379823,-3486737,164320323,89404,44120,-34617,-0.022734321429138185,-0.20869878784820559,9.835399753100281,0.02066962747192383,0.010200259094238282,-0.008003226860046387,61,eca4fe00,43.51533683819,-79.6838873607,161.5793,-37.1,SOL_COMPUTED,SINGLE,good,1.3067,1.2244,2.1962,18,18,0.0,0.0,0,0,0,0,0,0,0,0,0,SPECTRUMANALYSIS,L2,1233.225,4.175,-59.53,-113.798
2026-05-25 11:07:10.024429,1779721630.024429,2420,140848.0,,,,,,,,,,,,,,,,0.0000,,,,0.0,0.0,0.0,0.0,0.0,0.0,0.0,0.0,0.0,-386024,-3779654,164393669,56577,66733,-30073,-0.02310548254150391,-0.22623134704040532,9.839789880974427,0.013080237052917481,0.01542823867034912,-0.006952683403015136,61,eca4fe00,43.51533652686,-79.68388737468,161.6767,-37.1,SOL_COMPUTED,SINGLE,good,1.3035,1.2227,2.1936,18,18,0.0,0.0,0,0,0,0,0,0,0,0,0,SPECTRUMANALYSIS,L2,1233.225,4.175,-59.53,-113.798
2026-05-25 11:07:11.035966,1779721631.035966,2420,140849.0,,,,,,,,,,,,,,,,0.0000,,,,0.0,0.0,0.0,0.0,0.0,0.0,0.0,0.0,0.0,-411873,-3687794,164338141,37566,94963,-39159,-0.024652675509338383,-0.22073306292785647,9.8364662502298,0.008685016616821289,0.021954832374572755,-0.009053307929992677,61,eca5fe00,43.51533619859,-79.68388723424,161.7881,-37.1,SOL_COMPUTED,SINGLE,good,1.3068,1.2236,2.1963,18,18,0.0,0.0,0,0,0,0,0,0,0,0,0,SPECTRUMANALYSIS,L2,1223.337,3.589,-62.826,-125.89
2026-05-25 11:07:12.021603,1779721632.021603,2420,140850.0,,,,,,,,,,,,,,,,0.0000,,,,0.0,0.0,0.0,0.0,0.0,0.0,0.0,0.0,0.0,-577355,-3811196,164449442,86193,41579,-54953,-0.0345576074874878,-0.22811929475952153,9.843128176204225,0.019927265007019045,0.00961279630279541,-0.0127047787399292,61,eca4fe00,43.5153359583,-79.683887075,161.8965,-37.1,SOL_COMPUTED,SINGLE,good,1.3055,1.2236,2.1956,18,18,0.0,0.0,0,0,0,0,0,0,0,0,0,SPECTRUMANALYSIS,L2,1223.337,3.589,-62.826,-125.89
2026-05-25 11:07:13.021301,1779721633.021301,2420,140851.0,,,,,,,,,,,,,,,,0.0000,,,,0.0,0.0,0.0,0.0,0.0,0.0,0.0,0.0,0.0,-466914,-3676299,164398041,39065,11621,-35401,-0.027947156848754887,-0.22004502922576907,9.840051567215882,0.009031575736999512,0.0026867001571655273,-0.008184482597351075,61,eca4fe00,43.51533562343,-79.68388685673,162.022,-37.1,SOL_COMPUTED,SINGLE,good,1.3083,1.2254,2.2026,18,18,0.0,0.0,0,0,0,0,0,0,0,0,0,SPECTRUMANALYSIS,L2,1223.337,3.589,-62.826,-125.89
2026-05-25 11:07:14.026961,1779721634.026961,2420,140852.0,,,,,,,,,,,,,,,,0.0000,,,,0.0,0.0,0.0,0.0,0.0,0.0,0.0,0.0,0.0,-393268,-3870136,164295633,56862,-14051,-61973,-0.023539072462158205,-0.23164715090576174,9.83392193212555,0.013146127212524414,-0.0032485004653930666,-0.01432775740814209,61,eca4fe00,43.51533550075,-79.68388636149,162.1022,-37.1,SOL_COMPUTED,SINGLE,good,1.3115,1.228,2.2039,18,18,0.0,0.0,0,0,0,0,0,0,0,0,0,SPECTRUMANALYSIS,L2,1237.913,1.685,-59.635,-112.097
2026-05-25 11:07:15.021346,1779721635.021346,2420,140853.0,,,,,,,,,,,,,,,,0.0000,,,,0.0,0.0,0.0,0.0,0.0,0.0,0.0,0.0,0.0,-468238,-3539219,164344974,98265,16396,-54203,-0.028026404923706057,-0.2118401001364136,9.836875239728395,0.02271823345184326,0.0037906493225097655,-0.012531383583068849,61,eca4fe00,43.51533522585,-79.68388594321,162.2529,-37.1,SOL_COMPUTED,SINGLE,good,1.3064,1.2253,2.1999,18,18,0.0,0.0,0,0,0,0,0,0,0,0,0,SPECTRUMANALYSIS,L2,1237.913,1.685,-59.635,-112.097
2026-05-25 11:07:16.050804,1779721636.050804,2420,140854.0,,,,,,,,,,,,,,,,0.0000,,,,0.0,0.0,0.0,0.0,0.0,0.0,0.0,0.0,0.0,-409359,-3683206,164345396,27104,116581,-28669,-0.02450219993499756,-0.22045844799743655,9.83690049855591,0.006266269775390625,0.026952774375915527,-0.006628087669372559,61,eca4fe00,43.51533480201,-79.68388560663,162.3725,-37.1,SOL_COMPUTED,SINGLE,good,1.3051,1.2237,2.1976,18,18,0.0,0.0,0,0,0,0,0,0,0,0,0,SPECTRUMANALYSIS,L2,1237.913,1.685,-59.635,-112.097
2026-05-25 11:07:17.248056,1779721637.248056,2420,140855.0,,,,,,,,,,,,,,,,0.0000,,,,0.0,0.0,0.0,0.0,0.0,0.0,0.0,0.0,0.0,-535119,-3756820,164387979,39427,11747,-7400,-0.03202956995452881,-0.2248646170227051,9.839449305788271,0.00911526779937744,0.0027158305435180663,-0.0017108322143554687,61,eca4fe00,43.51533451299,-79.68388510847,162.4832,-37.1,SOL_COMPUTED,SINGLE,good,1.3049,1.2238,2.2034,18,18,0.0,0.0,0,0,0,0,0,0,0,0,0,SPECTRUMANALYSIS,L2,1237.107,2.271,-60.241,-114.397
2026-05-25 11:07:18.173107,1779721638.173107,2420,140856.0,,,,,,,,,,,,,,,,0.0000,,,,0.0,0.0,0.0,0.0,0.0,0.0,0.0,0.0,0.0,-351910,-3460148,164359036,76128,8252,-10936,-0.021063587655639652,-0.20710730214965822,9.837716921322023,0.017600302001953123,0.0019078091125488282,-0.0025283325805664065,61,eca4fe00,43.5153342292,-79.68388453732,162.5924,-37.1,SOL_COMPUTED,SINGLE,good,1.3051,1.2248,2.2034,18,18,0.0,0.0,0,0,0,0,0,0,0,0,0,SPECTRUMANALYSIS,L2,1237.107,2.271,-60.241,-114.397
2026-05-25 11:07:19.022490,1779721639.022490,2420,140857.0,,,,,,,,,,,,,,,,0.0000,,,,0.0,0.0,0.0,0.0,0.0,0.0,0.0,0.0,0.0,-233097,-3656129,164292694,69770,37271,-42639,-0.013952030609436037,-0.21883775303863529,9.833746018158571,0.016130373458862306,0.008616814521789551,-0.009857861457824708,61,eca4fe00,43.5153337581,-79.68388394721,162.6639,-37.1,SOL_COMPUTED,SINGLE,good,1.3072,1.2245,2.1976,18,18,0.0,0.0,0,0,0,0,0,0,0,0,0,SPECTRUMANALYSIS,L2,1237.107,2.271,-60.241,-114.397
2026-05-25 11:07:20.030065,1779721640.030065,2420,140858.0,,,,,,,,,,,,,,,,0.0000,,,,0.0,0.0,0.0,0.0,0.0,0.0,0.0,0.0,0.0,-280059,-3723333,164311591,98101,73219,-28907,-0.016762943068542483,-0.2228602512478638,9.83487709887787,0.022680317710876464,0.01692775998687744,-0.0066831117324829105,61,eca3fe00,43.51533359377,-79.68388306104,162.8029,-37.1,SOL_COMPUTED,SINGLE,good,1.3122,1.2287,2.2099,18,18,0.0,0.0,0,0,0,0,0,0,0,0,0,SPECTRUMANALYSIS,L2,1236.814,8.716,-55.81,-119.357
2026-05-25 11:07:21.024997,1779721641.024997,2420,140859.0,,,,,,,,,,,,,,,,0.0000,,,,0.0,0.0,0.0,0.0,0.0,0.0,0.0,0.0,0.0,-405371,-3833069,164395170,59162,47102,-4909,-0.024263498029479982,-0.22942850408233645,9.839879723391725,0.013677872360229493,0.010889678237915038,-0.0011349291000366211,61,eca4fe00,43.51533327191,-79.68388223072,162.9406,-37.1,SOL_COMPUTED,SINGLE,good,1.3037,1.2231,2.1991,18,18,0.0,0.0,0,0,0,0,0,0,0,0,0,SPECTRUMANALYSIS,L2,1236.814,8.716,-55.81,-119.357
2026-05-25 11:07:22.044285,1779721642.044285,2420,140860.0,,,,,,,,,,,,,,,,0.0000,,,,0.0,0.0,0.0,0.0,0.0,0.0,0.0,0.0,0.0,-463491,-3779202,164439392,63445,-2749,-36992,-0.027742273041687016,-0.22620429256164554,9.84252663303711,0.01466807430267334,-0.0006355510482788086,-0.0085523115234375,61,eca4fe00,43.51533305965,-79.68388139673,163.0387,-37.1,SOL_COMPUTED,SINGLE,good,1.3063,1.225,2.2015,18,18,0.0,0.0,0,0,0,0,0,0,0,0,0,SPECTRUMANALYSIS,L2,1236.814,8.716,-55.81,-119.357
2026-05-25 11:07:23.019958,1779721643.019958,2420,140861.0,,,,,,,,,,,,,,,,0.0000,,,,0.0,0.0,0.0,0.0,0.0,0.0,0.0,0.0,0.0,-394832,-3706635,164288438,61049,100005,-10766,-0.023632685747070316,-0.22186079176483156,9.83349127510193,0.014114134574890136,0.02312051021575928,-0.0024890296783447266,61,eca4fe00,43.51533256628,-79.68388054902,163.1384,-37.1,SOL_COMPUTED,SINGLE,good,1.3049,1.2244,2.2008,18,18,0.0,0.0,0,0,0,0,0,0,0,0,0,SPECTRUMANALYSIS,L2,1228.354,3.076,-62.811,-125.023
2026-05-25 11:07:24.020330,1779721644.020330,2420,140862.0,,,,,,,,,,,,,,,,0.0000,,,,0.0,0.0,0.0,0.0,0.0,0.0,0.0,0.0,0.0,-383593,-3762299,164355126,77437,35675,-33883,-0.022959974935607915,-0.22519256279510502,9.837482888109742,0.017902934349060057,0.008247829627990722,-0.007833530799865722,61,eca4fe00,43.51533222613,-79.6838797121,163.2078,-37.1,SOL_COMPUTED,SINGLE,good,1.3037,1.224,2.2015,18,18,0.0,0.0,0,0,0,0,0,0,0,0,0,SPECTRUMANALYSIS,L2,1228.354,3.076,-62.811,-125.023
2026-05-25 11:07:25.020814,1779721645.020814,2420,140863.0,,,,,,,,,,,,,,,,0.0000,,,,0.0,0.0,0.0,0.0,0.0,0.0,0.0,0.0,0.0,-469413,-3697368,164425555,32232,53020,-42481,-0.02809673459747315,-0.22130611509521486,9.841698418827821,0.007451830261230469,0.012257881622314453,-0.009821332878112793,61,eca4fe00,43.51533182752,-79.68387886998,163.2823,-37.1,SOL_COMPUTED,SINGLE,good,1.3048,1.2249,2.2046,18,18,0.0,0.0,0,0,0,0,0,0,0,0,0,SPECTRUMANALYSIS,L2,1228.354,3.076,-62.811,-125.023
2026-05-25 11:07:26.019880,1779721646.019880,2420,140864.0,,,,,,,,,,,,,,,,0.0000,,,,0.0,0.0,0.0,0.0,0.0,0.0,0.0,0.0,0.0,-413914,-3852091,164362376,50824,47221,-32961,-0.024774839649047854,-0.23056706668182375,9.837916837160646,0.011750180603027344,0.010917190269470215,-0.0076203703536987305,61,eca3fe00,43.51533145313,-79.68387792991,163.3581,-37.1,SOL_COMPUTED,SINGLE,good,1.3024,1.223,2.1981,18,18,0.0,0.0,0,0,0,0,0,0,0,0,0,SPECTRUMANALYSIS,L2,1231.248,0.659,-63.764,-113.739
2026-05-25 11:07:27.020697,1779721647.020697,2420,140865.0,,,,,,,,,,,,,,,,0.0000,,,,0.0,0.0,0.0,0.0,0.0,0.0,0.0,0.0,0.0,-372325,-3758378,164380613,48704,91921,-73550,-0.022285528327941898,-0.2249578711773682,9.839008413552552,0.01126005029296875,0.021251541618347167,-0.017004285049438475,61,eca3fe00,43.51533109487,-79.68387691274,163.4406,-37.1,SOL_COMPUTED,SINGLE,good,1.3022,1.2224,2.1984,18,18,0.0,0.0,0,0,0,0,0,0,0,0,0,SPECTRUMANALYSIS,L2,1231.248,0.659,-63.764,-113.739
2026-05-25 11:07:28.020909,1779721648.020909,2420,140866.0,,,,,,,,,,,,,,,,0.0000,,,,0.0,0.0,0.0,0.0,0.0,0.0,0.0,0.0,0.0,-517519,-3916274,164389338,45140,66594,-48424,-0.030976121224060064,-0.23440874281066898,9.839530648789674,0.01043607650756836,0.015396102767944337,-0.011195316101074219,61,eca4fe00,43.51533086399,-79.68387597605,163.5396,-37.1,SOL_COMPUTED,SINGLE,good,1.3021,1.2229,2.1974,18,18,0.0,0.0,0,0,0,0,0,0,0,0,0,SPECTRUMANALYSIS,L2,1231.248,0.659,-63.764,-113.739
2026-05-25 11:07:29.019843,1779721649.019843,2420,140867.0,,,,,,,,,,,,,,,,0.0000,,,,0.0,0.0,0.0,0.0,0.0,0.0,0.0,0.0,0.0,-342342,-3662287,164343579,96592,-39658,-19925,-0.020490894618530275,-0.21920634038421635,9.836791741945497,0.022331446655273438,-0.00916867350769043,-0.00460653133392334,61,eca3fe00,43.51533064797,-79.68387524213,163.5984,-37.1,SOL_COMPUTED,SINGLE,good,1.3102,1.2318,2.2133,18,18,0.0,0.0,0,0,0,0,0,0,0,0,0,SPECTRUMANALYSIS,L2,1229.307,4.395,-59.989,-115.56
2026-05-25 11:07:30.023846,1779721650.023846,2420,140868.0,,,,,,,,,,,,,,,,0.0000,,,,0.0,0.0,0.0,0.0,0.0,0.0,0.0,0.0,0.0,-370093,-3607208,164326302,113265,16750,1140,-0.02215193187530518,-0.21590958455322268,9.835757626393434,0.026186136589050293,0.0038724918365478514,0.0002635606384277344,61,eca3fe00,43.51533037179,-79.68387414478,163.6605,-37.1,SOL_COMPUTED,SINGLE,good,1.3055,1.2257,2.2003,18,18,0.0,0.0,0,0,0,0,0,0,0,0,0,SPECTRUMANALYSIS,L2,1229.307,4.395,-59.989,-115.56
2026-05-25 11:07:31.020226,1779721651.020226,2420,140869.0,,,,,,,,,,,,,,,,0.0000,,,,0.0,0.0,0.0,0.0,0.0,0.0,0.0,0.0,0.0,-403714,-3780093,164361705,87759,58637,-7815,-0.024164318225708012,-0.2262576234036255,9.837876674427797,0.020289314094543456,0.013556495750427246,-0.0018067775344848633,61,eca3fe00,43.51533007301,-79.68387316283,163.6912,-37.1,SOL_COMPUTED,SINGLE,good,1.3043,1.2246,2.199,18,18,0.0,0.0,0,0,0,0,0,0,0,0,0,SPECTRUMANALYSIS,L2,1229.307,4.395,-59.989,-115.56
2026-05-25 11:07:32.021529,1779721652.021529,2420,140870.0,,,,,,,,,,,,,,,,0.0000,,,,0.0,0.0,0.0,0.0,0.0,0.0,0.0,0.0,0.0,-429122,-3634043,164403929,41745,18248,-14934,-0.02568511512023926,-0.21751579459198,9.840403993700258,0.009651174430847167,0.004218819763183594,-0.0034526443634033204,61,eca4fe00,43.51532973814,-79.68387229301,163.7291,-37.1,SOL_COMPUTED,SINGLE,good,1.3053,1.2252,2.2007,18,18,0.0,0.0,0,0,0,0,0,0,0,0,0,SPECTRUMANALYSIS,L2,1225.974,1.831,-65.503,-125.316
2026-05-25 11:07:33.020378,1779721653.020378,2420,140871.0,,,,,,,,,,,,,,,,0.0000,,,,0.0,0.0,0.0,0.0,0.0,0.0,0.0,0.0,0.0,-554845,-3527671,164356961,60860,90318,8279,-0.03321027050323487,-0.2111488941171265,9.837592722110902,0.014070438995361327,0.020880938369750978,0.0019140513381958007,61,eca3fe00,43.51532939655,-79.6838711959,163.7655,-37.1,SOL_COMPUTED,SINGLE,good,1.3036,1.2238,2.1968,18,18,0.0,0.0,0,0,0,0,0,0,0,0,0,SPECTRUMANALYSIS,L2,1225.974,1.831,-65.503,-125.316
2026-05-25 11:07:34.020177,1779721654.020177,2420,140872.0,,,,,,,,,,,,,,,,0.0000,,,,0.0,0.0,0.0,0.0,0.0,0.0,0.0,0.0,0.0,-454474,-3564100,164347605,64693,99280,-15225,-0.027202560132446294,-0.2133293534240723,9.837032718342591,0.014956603843688965,0.022952894897460937,-0.003519921684265137,61,eca3fe00,43.51532898014,-79.68387012114,163.821,-37.1,SOL_COMPUTED,SINGLE,good,1.3072,1.2275,2.2011,18,18,0.0,0.0,0,0,0,0,0,0,0,0,0,SPECTRUMANALYSIS,L2,1225.974,1.831,-65.503,-125.316
2026-05-25 11:07:35.019922,1779721655.019922,2420,140873.0,,,,,,,,,,,,,,,,0.0000,,,,0.0,0.0,0.0,0.0,0.0,0.0,0.0,0.0,0.0,-359515,-3530656,164301851,241539,-25655,-37231,-0.02151878524627686,-0.21132756141601566,9.834294110773621,0.05584225705718994,-0.0059312703323364255,-0.008607566780090331,61,eca3fe00,43.51532849116,-79.68386912818,163.9279,-37.1,SOL_COMPUTED,SINGLE,good,1.3037,1.2274,2.198,18,18,0.0,0.0,0,0,0,0,0,0,0,0,0,SPECTRUMANALYSIS,L2,1231.138,0.293,-65.726,-115.069
2026-05-25 11:07:36.020704,1779721656.020704,2420,140874.0,,,,,,,,,,,,,,,,0.0000,,,,0.0,0.0,0.0,0.0,0.0,0.0,0.0,0.0,0.0,-136125,-3680224,164238558,11825,380598,-12683,-0.008147767524719239,-0.22027996026367191,9.830505705631715,0.002733863639831543,0.08799179988098145,-0.002932227699279785,61,eca3fe00,43.51532639681,-79.68386922453,164.6497,-37.1,SOL_COMPUTED,SINGLE,good,1.3061,1.2271,2.217,17,17,0.0,0.0,0,0,0,0,0,0,0,0,0,SPECTRUMANALYSIS,L2,1231.138,0.293,-65.726,-115.069
2026-05-25 11:07:37.019838,1779721657.019838,2420,140875.0,,,,,,,,,,,,,,,,0.0000,,,,0.0,0.0,0.0,0.0,0.0,0.0,0.0,0.0,0.0,-618825,-3997325,164546453,-20862,243169,-67042,-0.03703979605865479,-0.23926005377960208,9.84893477363556,-0.004823159683227539,0.056219102531433106,-0.015499677474975587,61,eca3fe00,43.51532581757,-79.68386825643,164.7448,-37.1,SOL_COMPUTED,SINGLE,good,1.3055,1.2261,2.2151,17,17,0.0,0.0,0,0,0,0,0,0,0,0,0,SPECTRUMANALYSIS,L2,1231.138,0.293,-65.726,-115.069
2026-05-25 11:07:38.019505,1779721658.019505,2420,140876.0,,,,,,,,,,,,,,,,0.0000,,,,0.0,0.0,0.0,0.0,0.0,0.0,0.0,0.0,0.0,-575589,-4000814,164462842,4214,83716,-11608,-0.0344519034841919,-0.23946888801940922,9.843930233760377,0.0009742495880126953,0.019354598602294923,-0.0026836946411132813,61,eca3fe00,43.51532508049,-79.68386729509,164.8506,-37.1,SOL_COMPUTED,SINGLE,good,1.3063,1.2262,2.2189,17,17,0.0,0.0,0,0,0,0,0,0,0,0,0,SPECTRUMANALYSIS,L2,1237.327,2.856,-53.272,-107.116
2026-05-25 11:07:39.020027,1779721659.020027,2420,140877.0,,,,,,,,,,,,,,,,0.0000,,,,0.0,0.0,0.0,0.0,0.0,0.0,0.0,0.0,0.0,-413659,-3516086,164468918,75082,-142672,-29410,-0.024759576613464358,-0.21045547346130375,9.844293912992555,0.017358473556518556,-0.03298484509277344,-0.006799402084350586,61,eca3fe00,43.51532427841,-79.68386637461,164.9376,-37.1,SOL_COMPUTED,SINGLE,good,1.3062,1.2271,2.2176,17,17,0.0,0.0,0,0,0,0,0,0,0,0,0,SPECTRUMANALYSIS,L2,1237.327,2.856,-53.272,-107.116
2026-05-25 11:07:40.021909,1779721660.021909,2420,140878.0,,,,,,,,,,,,,,,,0.0000,,,,0.0,0.0,0.0,0.0,0.0,0.0,0.0,0.0,0.0,-219160,-3941139,164277310,27580,-205131,-145629,-0.013117830895996095,-0.2358970384176636,9.832825208200074,0.006376317901611328,-0.047424962562561034,-0.033668484397888186,61,eca3fe00,43.51532379358,-79.68386597106,165.0356,-37.1,SOL_COMPUTED,SINGLE,good,1.307,1.2305,2.2194,17,17,0.0,0.0,0,0,0,0,0,0,0,0,0,SPECTRUMANALYSIS,L2,1237.327,2.856,-53.272,-107.116
2026-05-25 11:07:41.019903,1779721661.019903,2420,140879.0,,,,,,,,,,,,,,,,0.0000,,,,0.0,0.0,0.0,0.0,0.0,0.0,0.0,0.0,0.0,-234945,-3075738,164359144,-119988,551520,-32035,-0.014062642726135256,-0.18409842564514162,9.837723385666505,-0.027740450775146485,0.12750786254882812,-0.007406285133361817,61,eca3fe00,43.51532040103,-79.68386934177,166.578,-37.1,SOL_COMPUTED,SINGLE,good,1.3071,1.2385,2.1987,18,18,0.0,0.0,0,0,0,0,0,0,0,0,0,SPECTRUMANALYSIS,L2,1229.563,27.612,-50.532,-108.829
2026-05-25 11:07:42.021182,1779721662.021182,2420,140880.0,,,,,,,,,,,,,,,,0.0000,,,,0.0,0.0,0.0,0.0,0.0,0.0,0.0,0.0,0.0,-438055,-3291205,164299457,60317,34746,-10170,-0.026219800205993658,-0.19699521187286378,9.834150817804261,0.013944900901794434,0.008033050827026367,-0.002351238327026367,61,eca3fe00,43.51532218343,-79.68386419385,165.2515,-37.1,SOL_COMPUTED,SINGLE,good,1.305,1.227,2.2213,17,17,0.0,0.0,0,0,0,0,0,0,0,0,0,SPECTRUMANALYSIS,L2,1229.563,27.612,-50.532,-108.829
2026-05-25 11:07:43.022284,1779721663.022284,2420,140881.0,,,,,,,,,,,,,,,,0.0000,,,,0.0,0.0,0.0,0.0,0.0,0.0,0.0,0.0,0.0,-309159,-3473238,164320473,-54163,449365,-94309,-0.018504724776306155,-0.20789080464294438,9.835408731356507,-0.012522135841369629,0.10389028621673584,-0.02180363179779053,61,eca3fe00,43.51532168567,-79.68386367944,165.405,-37.1,SOL_COMPUTED,SINGLE,good,1.3092,1.2343,2.2299,17,17,0.0,0.0,0,0,0,0,0,0,0,0,0,SPECTRUMANALYSIS,L2,1229.563,27.612,-50.532,-108.829
2026-05-25 11:07:44.020660,1779721664.020660,2420,140882.0,,,,,,,,,,,,,,,,0.0000,,,,0.0,0.0,0.0,0.0,0.0,0.0,0.0,0.0,0.0,41339,-3519115,164367130,109755,-35465,-25619,0.0024743475607299807,-0.21063677438201908,9.838201388027956,0.025374647254943847,-0.008199278984069825,-0.0059229473648071285,61,eca2fe00,43.51532100153,-79.68386308092,165.4538,-37.1,SOL_COMPUTED,SINGLE,good,1.3112,1.2349,2.2336,17,17,0.0,0.0,0,0,0,0,0,0,0,0,0,SPECTRUMANALYSIS,L2,1237.107,2.856,-55.238,-107.665
2026-05-25 11:07:45.019595,1779721665.019595,2420,140883.0,,,,,,,,,,,,,,,,0.0000,,,,0.0,0.0,0.0,0.0,0.0,0.0,0.0,0.0,0.0,-847723,-3439233,164627818,-48682,258068,6887,-0.050740495348815924,-0.20585543395660402,9.853804879087527,-0.01125496403503418,0.05966365512084961,0.0015922299270629884,61,eca2fe00,43.515319396,-79.683865431,166.4237,-37.1,SOL_COMPUTED,SINGLE,good,1.31,1.2393,2.2046,18,18,0.0,0.0,0,0,0,0,0,0,0,0,0,SPECTRUMANALYSIS,L2,1237.107,2.856,-55.238,-107.665
2026-05-25 11:07:46.019433,1779721666.019433,2420,140884.0,,,,,,,,,,,,,,,,0.0000,,,,0.0,0.0,0.0,0.0,0.0,0.0,0.0,0.0,0.0,-328126,-3682468,164380521,35846,-116832,-70606,-0.019639995348510745,-0.22041427497680668,9.839002906888734,0.008287363723754883,-0.027010803955078124,-0.016323651260375976,61,eca3fe00,43.51531893662,-79.68386413817,166.5544,-37.1,SOL_COMPUTED,SINGLE,good,1.3073,1.2347,2.2077,18,18,0.0,0.0,0,0,0,0,0,0,0,0,0,SPECTRUMANALYSIS,L2,1237.107,2.856,-55.238,-107.665
2026-05-25 11:07:47.019758,1779721667.019758,2420,140885.0,,,,,,,,,,,,,,,,0.0000,,,,0.0,0.0,0.0,0.0,0.0,0.0,0.0,0.0,0.0,-370570,-3618769,164331786,66294,51417,-69176,-0.022180482730102542,-0.21660156868804933,9.83608587144104,0.015326744705200195,0.011887278373718262,-0.015993044494628905,61,eca2fe00,43.51531584705,-79.68386628972,165.2549,-37.1,SOL_COMPUTED,SINGLE,good,1.3713,1.3348,2.3488,16,16,0.0,0.0,0,0,0,0,0,0,0,0,0,SPECTRUMANALYSIS,L2,1237.51,2.197,-56.285,-107.928
2026-05-25 11:07:48.019808,1779721668.019808,2420,140886.0,,,,,,,,,,,,,,,,0.0000,,,,0.0,0.0,0.0,0.0,0.0,0.0,0.0,0.0,0.0,-197311,-3675887,164240885,63616,41998,-22903,-0.011810058094177248,-0.22002036894866947,9.830644988313296,0.0147076083984375,0.009709666397094727,-0.005295025703430176,61,eca2fe00,43.51532121809,-79.6838603646,166.6729,-37.1,SOL_COMPUTED,SINGLE,good,1.3602,1.3002,2.2385,17,17,0.0,0.0,0,0,0,0,0,0,0,0,0,SPECTRUMANALYSIS,L2,1237.51,2.197,-56.285,-107.928
2026-05-25 11:07:49.019971,1779721669.019971,2420,140887.0,,,,,,,,,,,,,,,,0.0000,,,,0.0,0.0,0.0,0.0,0.0,0.0,0.0,0.0,0.0,-312169,-3578567,164346580,31615,221191,20183,-0.018684888451232912,-0.2141952763095093,9.83697136692505,0.00730918384552002,0.05113793085479736,0.004666179267883301,61,eca2fe00,43.51532201305,-79.68386300364,165.7685,-37.1,SOL_COMPUTED,SINGLE,good,1.3506,1.3077,2.2601,16,16,0.0,0.0,0,0,0,0,0,0,0,0,0,SPECTRUMANALYSIS,L2,1237.51,2.197,-56.285,-107.928
2026-05-25 11:07:50.022461,1779721670.022461,2420,140888.0,,,,,,,,,,,,,,,,0.0000,,,,0.0,0.0,0.0,0.0,0.0,0.0,0.0,0.0,0.0,-266005,-3465352,164342798,33931,155133,-24013,-0.015921740315246586,-0.20741878778564457,9.836744995158082,0.007844628089904784,0.03586574782562256,-0.005551650535583496,61,eca3fe00,43.51532253965,-79.68386279205,165.5437,-37.1,SOL_COMPUTED,SINGLE,good,1.346,1.297,2.2359,17,17,0.0,0.0,0,0,0,0,0,0,0,0,0,SPECTRUMANALYSIS,L2,1237.546,4.028,-51.424,-106.079
2026-05-25 11:07:51.019252,1779721671.019252,2420,140889.0,,,,,,,,,,,,,,,,0.0000,,,,0.0,0.0,0.0,0.0,0.0,0.0,0.0,0.0,0.0,-421912,-3643767,164400863,24395,64437,-71569,-0.0252535602709961,-0.218097825015564,9.840220478143006,0.005639966468811035,0.014897418296813965,-0.01654629064178467,61,eca2fe00,43.51532633257,-79.68386162392,166.6298,-37.1,SOL_COMPUTED,SINGLE,good,1.684,1.3076,2.3359,16,16,0.0,0.0,0,0,0,0,0,0,0,0,0,SPECTRUMANALYSIS,L2,1237.546,4.028,-51.424,-106.079
2026-05-25 11:07:52.019125,1779721672.019125,2420,140890.0,,,,,,,,,,,,,,,,0.0000,,,,0.0,0.0,0.0,0.0,0.0,0.0,0.0,0.0,0.0,-451152,-3702928,164452733,81967,124544,-1690,-0.027003721684570315,-0.22163890912597659,9.843325159145815,0.01895024109649658,0.0287937685546875,-0.00039071708679199217,61,eca2fe00,43.51532601147,-79.68386212102,167.0005,-37.1,SOL_COMPUTED,SINGLE,good,2.1556,1.377,2.5272,15,15,0.0,0.0,0,0,0,0,0,0,0,0,0,SPECTRUMANALYSIS,L2,1237.546,4.028,-51.424,-106.079
2026-05-25 11:07:53.024809,1779721673.024809,2420,140891.0,,,,,,,,,,,,,,,,0.0000,,,,0.0,0.0,0.0,0.0,0.0,0.0,0.0,0.0,0.0,-299568,-3640611,164363924,55871,53544,-18625,-0.01793065507324219,-0.21790892250457766,9.838009492764893,0.01291701441192627,0.01237902703857422,-0.00430597972869873,61,eca2fe00,43.51532733099,-79.68386783884,166.6533,-37.1,SOL_COMPUTED,SINGLE,good,1.507,1.2495,2.2814,17,17,0.0,0.0,0,0,0,0,0,0,0,0,0,SPECTRUMANALYSIS,L2,1237.949,4.102,-48.244,-99.474
2026-05-25 11:07:54.022043,1779721674.022043,2420,140892.0,,,,,,,,,,,,,,,,0.0000,,,,0.0,0.0,0.0,0.0,0.0,0.0,0.0,0.0,0.0,-336356,-3660925,164351810,50317,147161,-49430,-0.020132602340087895,-0.21912481781768803,9.837284408792115,0.011632965476989747,0.034022672904968264,-0.01142789680480957,61,eca2fe00,43.51533707575,-79.68386969706,165.5178,-37.1,SOL_COMPUTED,SINGLE,good,1.3664,1.2436,2.2598,17,17,0.0,0.0,0,0,0,0,0,0,0,0,0,SPECTRUMANALYSIS,L2,1237.949,4.102,-48.244,-99.474
2026-05-25 11:07:55.019355,1779721675.019355,2420,140893.0,,,,,,,,,,,,,,,,0.0000,,,,0.0,0.0,0.0,0.0,0.0,0.0,0.0,0.0,0.0,-495311,-3434482,164335790,122645,-71120,-50283,-0.02964686046234131,-0.20557106265441896,9.836325531027223,0.02835473201751709,-0.016442484741210937,-0.01162510489654541,61,eca2fe00,43.5153374357,-79.68387007612,166.6681,-37.1,SOL_COMPUTED,SINGLE,good,1.3573,1.2305,2.2757,17,17,0.0,0.0,0,0,0,0,0,0,0,0,0,SPECTRUMANALYSIS,L2,1237.949,4.102,-48.244,-99.474
2026-05-25 11:07:56.021737,1779721676.021737,2420,140894.0,,,,,,,,,,,,,,,,0.0000,,,,0.0,0.0,0.0,0.0,0.0,0.0,0.0,0.0,0.0,234583,-3452128,164131634,66419,108692,48962,0.014040975201110842,-0.2066272647167969,9.824105765173952,0.015355643898010253,0.02512888851928711,0.011319698226928711,61,eca2fe00,43.51532519293,-79.68387446706,164.4117,-37.1,SOL_COMPUTED,SINGLE,good,1.3894,1.2367,2.5302,16,16,0.0,0.0,0,0,0,0,0,0,0,0,0,SPECTRUMANALYSIS,L2,1230.552,4.541,-59.368,-114.509
2026-05-25 11:07:57.026112,1779721677.026112,2420,140895.0,,,,,,,,,,,,,,,,0.0000,,,,0.0,0.0,0.0,0.0,0.0,0.0,0.0,0.0,0.0,33412,-3558814,164181307,58968,-84332,-65773,0.001999876646728516,-0.21301295967468264,9.827078944650575,0.013633020812988282,-0.01949701382446289,-0.01520629286956787,61,eca2fe00,43.51531723495,-79.68388450594,164.9037,-37.1,SOL_COMPUTED,SINGLE,good,1.3741,1.2303,2.4959,17,17,0.0,0.0,0,0,0,0,0,0,0,0,0,SPECTRUMANALYSIS,L2,1230.552,4.541,-59.368,-114.509
2026-05-25 11:07:58.021588,1779721678.021588,2420,140896.0,,,,,,,,,,,,,,,,0.0000,,,,0.0,0.0,0.0,0.0,0.0,0.0,0.0,0.0,0.0,-435449,-3678405,164442182,67946,157866,-20704,-0.026063817967834475,-0.2201710839431763,9.842693628602907,0.01570867643737793,0.03649759977722168,-0.004786631103515625,61,eca2fe00,43.51531549462,-79.68388498154,164.6284,-37.1,SOL_COMPUTED,SINGLE,good,1.3622,1.2293,2.4916,17,17,0.0,0.0,0,0,0,0,0,0,0,0,0,SPECTRUMANALYSIS,L2,1230.552,4.541,-59.368,-114.509
2026-05-25 11:07:59.020356,1779721679.020356,2420,140897.0,,,,,,,,,,,,,,,,0.0000,,,,0.0,0.0,0.0,0.0,0.0,0.0,0.0,0.0,0.0,-518799,-3448455,164448056,104605,26381,-2174,-0.031052735677185063,-0.20640741714935307,9.8430452171167,0.024184000511169434,0.006099116844177246,-0.000502614761352539,61,eca2fe00,43.5153146516,-79.68388517981,164.4838,-37.1,SOL_COMPUTED,SINGLE,good,1.3581,1.23,2.4898,17,17,0.0,0.0,0,0,0,0,0,0,0,0,0,SPECTRUMANALYSIS,L2,1230.479,2.637,-60.271,-114.427
2026-05-25 11:08:00.019894,1779721680.019894,2420,140898.0,,,,,,,,,,,,,,,,0.0000,,,,0.0,0.0,0.0,0.0,0.0,0.0,0.0,0.0,0.0,-255905,-3563284,164279961,65540,31107,-3477,-0.01531720439605713,-0.2132805117102051,9.832983883915102,0.015152424774169922,0.007191737525939941,-0.0008038599472045898,61,eca2fe00,43.51530544006,-79.68389192376,158.425,-37.1,SOL_COMPUTED,SINGLE,good,1.3425,1.2374,2.3487,18,18,0.0,0.0,0,0,0,0,0,0,0,0,0,SPECTRUMANALYSIS,L2,1230.479,2.637,-60.271,-114.427
2026-05-25 11:08:01.019293,1779721681.019293,2420,140899.0,,,,,,,,,,,,,,,,0.0000,,,,0.0,0.0,0.0,0.0,0.0,0.0,0.0,0.0,0.0,-314676,-3711962,164359362,-5648,62265,-48005,-0.018834945040283206,-0.22217963957092288,9.837736434065553,-0.0013057811279296875,0.014395265922546387,-0.011098446006774903,61,eca2fe00,43.51530801221,-79.68389059312,159.1977,-37.1,SOL_COMPUTED,SINGLE,good,1.3354,1.2327,2.3368,17,17,0.0,0.0,0,0,0,0,0,0,0,0,0,SPECTRUMANALYSIS,L2,1230.479,2.637,-60.271,-114.427
2026-05-25 11:08:02.022567,1779721682.022567,2420,140900.0,,,,,,,,,,,,,,,,0.0000,,,,0.0,0.0,0.0,0.0,0.0,0.0,0.0,0.0,0.0,-497683,-4139654,164406833,283171,96021,-109238,-0.02978883662078858,-0.24777916198181155,9.840577812740785,0.06546730661773682,0.02219943514251709,-0.025255120193481445,61,eca2fe00,43.51531693173,-79.68388632526,162.573,-37.1,SOL_COMPUTED,SINGLE,good,1.3366,1.2291,2.3168,17,17,0.0,0.0,0,0,0,0,0,0,0,0,0,SPECTRUMANALYSIS,L2,1237.803,3.516,-51.368,-103.81
2026-05-25 11:08:03.020945,1779721683.020945,2420,140901.0,,,,,,,,,,,,,,,,0.0000,,,,0.0,0.0,0.0,0.0,0.0,0.0,0.0,0.0,0.0,70844,-4332941,164221969,-423189,1288454,467384,0.004240370560302735,-0.2593483633889771,9.829512770348208,-0.09783856404876709,0.2978822445831299,0.1080561626586914,61,eca1fe00,43.51532455519,-79.68387767216,163.3402,-37.1,SOL_COMPUTED,SINGLE,good,1.3335,1.2274,2.3169,18,18,0.0,0.0,0,0,0,0,0,0,0,0,0,SPECTRUMANALYSIS,L2,1237.803,3.516,-51.368,-103.81
2026-05-25 11:08:04.019687,1779721684.019687,2420,140902.0,,,,,,,,,,,,,,,,0.0000,,,,0.0,0.0,0.0,0.0,0.0,0.0,0.0,0.0,0.0,-1117892,-3468406,164556808,330069,374257,15605,-0.06691147205688477,-0.20760158508239748,9.849554572590334,0.07630982137298584,0.0865258016281128,0.0036077752304077147,61,eca1fe00,43.51532930464,-79.68387410218,163.3097,-37.1,SOL_COMPUTED,SINGLE,good,1.3279,1.2264,2.2865,18,18,0.0,0.0,0,0,0,0,0,0,0,0,0,SPECTRUMANALYSIS,L2,1237.803,3.516,-51.368,-103.81
2026-05-25 11:08:05.023706,1779721685.023706,2420,140903.0,,,,,,,,,,,,,,,,0.0000,,,,0.0,0.0,0.0,0.0,0.0,0.0,0.0,0.0,0.0,-557208,-3412679,164361939,50784,442083,32614,-0.0333517079663086,-0.2042660431845093,9.837890680507508,0.011740932861328124,0.10220673484039307,0.007540146194458008,61,eca1fe00,43.51532673997,-79.68387306959,162.8761,-37.1,SOL_COMPUTED,SINGLE,good,1.3275,1.2266,2.2718,18,18,0.0,0.0,0,0,0,0,0,0,0,0,0,SPECTRUMANALYSIS,L2,1229.49,2.124,-64.405,-125.511
2026-05-25 11:08:06.021249,1779721686.021249,2420,140904.0,,,,,,,,,,,,,,,,0.0000,,,,0.0,0.0,0.0,0.0,0.0,0.0,0.0,0.0,0.0,-497365,-3350364,164343968,189474,82910,139500,-0.029769802717590336,-0.2005361762731934,9.836815025556643,0.04380516526794433,0.019168256607055664,0.03225149917602539,61,eca2fe00,43.51532730048,-79.68387193094,163.6083,-37.1,SOL_COMPUTED,SINGLE,good,1.3191,1.2255,2.2617,18,18,0.0,0.0,0,0,0,0,0,0,0,0,0,SPECTRUMANALYSIS,L2,1229.49,2.124,-64.405,-125.511
2026-05-25 11:08:07.021293,1779721687.021293,2420,140905.0,,,,,,,,,,,,,,,,0.0000,,,,0.0,0.0,0.0,0.0,0.0,0.0,0.0,0.0,0.0,-1218782,-4223163,164852121,-69096,-65533,-158103,-0.07295024719421388,-0.2527775966427613,9.867230544461977,-0.01597454901123047,-0.015150806419372559,-0.03655239264678955,61,eca1fe00,43.5153285318,-79.68386988217,164.1653,-37.1,SOL_COMPUTED,SINGLE,good,1.3175,1.2245,2.247,18,18,0.0,0.0,0,0,0,0,0,0,0,0,0,SPECTRUMANALYSIS,L2,1229.49,2.124,-64.405,-125.511
2026-05-25 11:08:08.019285,1779721688.019285,2420,140906.0,,,,,,,,,,,,,,,,0.0000,,,,0.0,0.0,0.0,0.0,0.0,0.0,0.0,0.0,0.0,-2401113,-5080808,164945568,-115481,304115,-52720,-0.14371871827056887,-0.30411197371337895,9.872823818525392,-0.026698461479187013,0.07030942417144775,-0.012188523559570312,61,eca1fe00,43.51532825012,-79.68386908421,164.7211,-37.1,SOL_COMPUTED,SINGLE,good,1.3118,1.2232,2.2422,18,18,0.0,0.0,0,0,0,0,0,0,0,0,0,SPECTRUMANALYSIS,L2,1236.704,2.197,-59.395,-112.858
2026-05-25 11:08:09.027945,1779721689.027945,2420,140907.0,,,,,,,,,,,,,,,,0.0000,,,,0.0,0.0,0.0,0.0,0.0,0.0,0.0,0.0,0.0,-561350,-4239528,164295303,-50020,329851,297339,-0.03359962754821778,-0.2537571243969727,9.833902179961854,-0.011564300994873046,0.0762594211807251,0.0687428567276001,61,eca1fe00,43.51532495475,-79.68386919685,164.7999,-37.1,SOL_COMPUTED,SINGLE,good,1.3165,1.2258,2.2414,18,18,0.0,0.0,0,0,0,0,0,0,0,0,0,SPECTRUMANALYSIS,L2,1236.704,2.197,-59.395,-112.858
2026-05-25 11:08:10.018710,1779721690.018710,2420,140908.0,,,,,,,,,,,,,,,,0.0000,,,,0.0,0.0,0.0,0.0,0.0,0.0,0.0,0.0,0.0,-407302,-2895517,164347858,-12156,282900,18534,-0.024379078114624027,-0.17331129021026614,9.837047861668092,-0.002810388702392578,0.0654046531677246,0.004284941116333008,61,eca1fe00,43.51532238427,-79.68386892901,164.1706,-37.1,SOL_COMPUTED,SINGLE,good,1.3093,1.2223,2.2285,18,18,0.0,0.0,0,0,0,0,0,0,0,0,0,SPECTRUMANALYSIS,L2,1236.704,2.197,-59.395,-112.858
2026-05-25 11:08:11.034318,1779721691.034318,2420,140909.0,,,,,,,,,,,,,,,,0.0000,,,,0.0,0.0,0.0,0.0,0.0,0.0,0.0,0.0,0.0,-40906,-3221726,164227649,307622,-131141,222376,-0.0024484303277587894,-0.1928365434442139,9.82985274698395,0.07112021992492676,-0.03031895235443115,0.05141189520263672,61,eca1fe00,43.51532196024,-79.68386792402,164.0274,-37.1,SOL_COMPUTED,SINGLE,good,1.3088,1.2234,2.2247,18,18,0.0,0.0,0,0,0,0,0,0,0,0,0,SPECTRUMANALYSIS,L2,1230.442,3.149,-61.586,-116.58
2026-05-25 11:08:12.021507,1779721692.021507,2420,140910.0,,,,,,,,,,,,,,,,0.0000,,,,0.0,0.0,0.0,0.0,0.0,0.0,0.0,0.0,0.0,-76588,-3893223,164103631,150634,-591233,-312525,-0.0045841779187011725,-0.23302902424896244,9.822429644446718,0.03482560807800293,-0.13668925170135499,-0.0722537618637085,61,eca1fe00,43.5153222294,-79.68386642249,164.3377,-37.1,SOL_COMPUTED,SINGLE,good,1.3082,1.2235,2.2142,18,18,0.0,0.0,0,0,0,0,0,0,0,0,0,SPECTRUMANALYSIS,L2,1230.442,3.149,-61.586,-116.58
2026-05-25 11:08:13.027041,1779721693.027041,2420,140911.0,,,,,,,,,,,,,,,,0.0000,,,,0.0,0.0,0.0,0.0,0.0,0.0,0.0,0.0,0.0,-971779,-1469921,164347232,-41269,-242905,-480871,-0.05816587237762452,-0.08798218246246339,9.837010392412111,-0.009541126304626465,-0.05615806743621826,-0.11117426996612549,61,eca1fe00,43.51532171647,-79.68386544326,165.2947,-37.1,SOL_COMPUTED,SINGLE,good,1.3245,1.2315,2.2216,18,18,0.0,0.0,0,0,0,0,0,0,0,0,0,SPECTRUMANALYSIS,L2,1230.442,3.149,-61.586,-116.58
2026-05-25 11:08:14.028602,1779721694.028602,2420,140912.0,,,,,,,,,,,,,,,,0.0000,,,,0.0,0.0,0.0,0.0,0.0,0.0,0.0,0.0,0.0,-993884,-2050204,164267383,470687,-626243,-397302,-0.05948896807006837,-0.12271504551147462,9.832231027203065,0.1088197949295044,-0.1447833376235962,-0.09185365681457519,61,eca1fe00,43.51532295731,-79.68386414994,165.9849,-37.1,INSUFFICIENT_OBS,SINGLE,bad,1.3217,1.2324,2.2224,1,0,0.0,0.5,0,0,0,0,0,0,0,0,0,SPECTRUMANALYSIS,L2,1230.845,0.879,-66.008,-118.341
2026-05-25 11:08:15.024240,1779721695.024240,2420,140913.0,,,,,,,,,,,,,,,,0.0000,,,,0.0,0.0,0.0,0.0,0.0,0.0,0.0,0.0,0.0,-1359030,-4372919,164793729,167558,301628,121120,-0.08134479705505372,-0.26174124823822026,9.863735488878481,0.03873832759094238,0.06973444583129883,0.028002161865234375,61,eca1fe00,43.51532295731,-79.68386414994,165.9849,-37.1,INSUFFICIENT_OBS,SINGLE,bad,1.3217,1.2324,2.2224,0,0,0.0,1.5,0,0,0,0,0,0,0,0,0,SPECTRUMANALYSIS,L2,1230.845,0.879,-66.008,-118.341
2026-05-25 11:08:16.017188,1779721696.017188,2420,140914.0,,,,,,,,,,,,,,,,0.0000,,,,0.0,0.0,0.0,0.0,0.0,0.0,0.0,0.0,0.0,175956,-5129734,164140545,39766,-675232,-149203,0.010531853682861329,-0.30704044147399906,9.824639133448793,0.00919364241027832,-0.15610927807617186,-0.03449477011871338,61,eca1fe00,43.51532295731,-79.68386414994,165.9849,-37.1,INSUFFICIENT_OBS,SINGLE,bad,1.3217,1.2324,2.2224,0,0,0.0,2.5,0,0,0,0,0,0,0,0,0,SPECTRUMANALYSIS,L2,1230.845,0.879,-66.008,-118.341
2026-05-25 11:08:17.017354,1779721697.017354,2420,140915.0,,,,,,,,,,,,,,,,0.0000,,,,0.0,0.0,0.0,0.0,0.0,0.0,0.0,0.0,0.0,2199726,-3405860,163570856,-63155,1483681,969517,0.1316646910272217,-0.20385789165649418,9.790540374709474,-0.014601028175354004,0.34301746630096436,0.22414606972503662,61,eca1fe00,43.51532295731,-79.68386414994,165.9849,-37.1,INSUFFICIENT_OBS,SINGLE,bad,1.3217,1.2324,2.2224,0,0,0.0,3.5,0,0,0,0,0,0,0,0,0,STATISTICANALYSIS,L2,-0.207,32.455,0.411,0.507
2026-05-25 11:08:18.017255,1779721698.017255,2420,140916.0,,,,,,,,,,,,,,,,0.0000,,,,0.0,0.0,0.0,0.0,0.0,0.0,0.0,0.0,0.0,-537898,-2511707,164261627,-244188,-261259,-101216,-0.032195907114868166,-0.15033832673065187,9.831886501584169,-0.05645468875122071,-0.060401393714904786,-0.023400485595703124,61,eca1fe00,43.51532295731,-79.68386414994,165.9849,-37.1,INSUFFICIENT_OBS,SINGLE,bad,1.3217,1.2324,2.2224,0,0,0.0,4.5,0,0,0,0,0,0,0,0,0,STATISTICANALYSIS,L2,-0.206,32.455,0.411,0.507
2026-05-25 11:08:19.019754,1779721699.019754,2420,140917.0,,,,,,,,,,,,,,,,0.0000,,,,0.0,0.0,0.0,0.0,0.0,0.0,0.0,0.0,0.0,29688,-3888403,164334190,-13934,352987,152483,0.001776976472167969,-0.23274052294891362,9.836229762960818,-0.0032214508209228517,0.08160831497955322,0.035253084938049316,61,eca1fe00,43.51532295731,-79.68386414994,165.9849,-37.1,INSUFFICIENT_OBS,SINGLE,bad,1.3217,1.2324,2.2224,0,0,0.0,5.5,0,0,0,0,0,0,0,0,0,STATISTICANALYSIS,L1,-0.227,24.64,0.259,0.472
2026-05-25 11:08:20.017521,1779721700.017521,2420,140918.0,,,,,,,,,,,,,,,,0.0000,,,,0.0,0.0,0.0,0.0,0.0,0.0,0.0,0.0,0.0,41013,-3658432,164316785,117122,-15190,-21922,0.0024548348171997076,-0.21897559919921877,9.835187985963442,0.02707785008239746,-0.0035118299102783203,-0.005068224838256836,61,eca1fe00,43.51532295731,-79.68386414994,165.9849,-37.1,INSUFFICIENT_OBS,SINGLE,bad,1.3217,1.2324,2.2224,0,0,0.0,6.5,0,0,0,0,0,0,0,0,0,STATISTICANALYSIS,L1,-0.229,24.64,0.259,0.472
2026-05-25 11:08:21.017511,1779721701.017511,2420,140919.0,,,,,,,,,,,,,,,,0.0000,,,,0.0,0.0,0.0,0.0,0.0,0.0,0.0,0.0,0.0,-15918,-3360486,164196456,-121887,102698,10024,-0.0009527725506591798,-0.20114202900329592,9.827985688674318,-0.028179487312316894,0.02374311442565918,0.0023174840698242188,61,eca0fe00,43.51532295731,-79.68386414994,165.9849,-37.1,INSUFFICIENT_OBS,SINGLE,bad,1.3217,1.2324,2.2224,0,0,0.0,7.5,0,0,0,0,0,0,0,0,0,STATISTICANALYSIS,L1,-0.223,24.64,0.259,0.472
2026-05-25 11:08:22.018592,1779721702.018592,2420,140920.0,,,,,,,,,,,,,,,,0.0000,,,,0.0,0.0,0.0,0.0,0.0,0.0,0.0,0.0,0.0,-120602,-3416668,164428255,122100,8631,-40165,-0.007218637715454102,-0.2045048049450684,9.841860027439882,0.028228731536865233,0.0019954314651489257,-0.009285888633728027,61,eca1fe00,43.51532295731,-79.68386414994,165.9849,-37.1,INSUFFICIENT_OBS,SINGLE,bad,1.3217,1.2324,2.2224,0,0,0.0,8.5,0,0,0,0,0,0,0,0,0,STATISTICANALYSIS,L1,-0.225,24.64,0.259,0.472
2026-05-25 11:08:23.017149,1779721703.017149,2420,140921.0,,,,,,,,,,,,,,,,0.0000,,,,0.0,0.0,0.0,0.0,0.0,0.0,0.0,0.0,0.0,-1299183,-3729843,164596321,-286705,553565,84651,-0.07776265238616945,-0.22324990756805424,9.851919624845277,-0.06628434459686279,0.1279806533432007,0.01957076456451416,61,eca1fe00,43.51532295731,-79.68386414994,165.9849,-37.1,INSUFFICIENT_OBS,SINGLE,bad,1.3217,1.2324,2.2224,0,0,0.0,9.5,0,0,0,0,0,0,0,0,0,STATISTICANALYSIS,L1,-0.224,24.843,0.375,0.386
2026-05-25 11:08:24.018719,1779721704.018719,2420,140922.0,,,,,,,,,,,,,,,,0.0000,,,,0.0,0.0,0.0,0.0,0.0,0.0,0.0,0.0,0.0,-154134,-3422485,164318498,-40575,134011,79566,-0.009225696967163088,-0.2048529817214966,9.835290517649538,-0.00938067798614502,0.030982477821350097,0.018395145401000977,61,eca0fe00,43.51532295731,-79.68386414994,165.9849,-37.1,INSUFFICIENT_OBS,SINGLE,bad,1.3217,1.2324,2.2224,0,0,0.0,10.5,0,0,0,0,0,0,0,0,0,STATISTICANALYSIS,L1,-0.223,24.843,0.375,0.386
2026-05-25 11:08:25.020459,1779721705.020459,2420,140923.0,,,,,,,,,,,,,,,,0.0000,,,,0.0,0.0,0.0,0.0,0.0,0.0,0.0,0.0,0.0,320516,-4062721,164435249,48544,333998,-196087,0.01918449848266602,-0.24317433407379155,9.842278653600161,0.011223059326171875,0.0772181808013916,-0.045334048164367674,61,eca0fe00,43.51532295731,-79.68386414994,165.9849,-37.1,INSUFFICIENT_OBS,SINGLE,bad,1.3217,1.2324,2.2224,0,0,0.0,11.5,0,0,0,0,0,0,0,0,0,STATISTICANALYSIS,L1,-0.224,24.843,0.375,0.386
2026-05-25 11:08:26.020125,1779721706.020125,2420,140924.0,,,,,,,,,,,,,,,,0.0000,,,,0.0,0.0,0.0,0.0,0.0,0.0,0.0,0.0,0.0,2108037,-4129895,163517886,-95491,536194,42519,0.12617664212677004,-0.24719503663177494,9.787369853161012,-0.022076902565002443,0.12396459031677245,0.00983011823272705,61,eca0fe00,43.51532295731,-79.68386414994,165.9849,-37.1,INSUFFICIENT_OBS,SINGLE,bad,1.3217,1.2324,2.2224,0,0,0.0,12.5,0,0,0,0,0,0,0,0,0,STATISTICANALYSIS,L1,-0.221,24.703,0.36,0.447
2026-05-25 11:08:27.366544,1779721707.366544,2420,140925.0,,,,,,,,,,,,,,,,0.0000,,,,0.0,0.0,0.0,0.0,0.0,0.0,0.0,0.0,0.0,-138129,-4130889,164427501,-13385,381632,48650,-0.008267717027893067,-0.24725453254302981,9.841814896738589,-0.0030945255661010743,0.08823085400390625,0.011247565841674806,61,eca1fe00,43.51532295731,-79.68386414994,165.9849,-37.1,INSUFFICIENT_OBS,SINGLE,bad,1.3217,1.2324,2.2224,0,0,0.0,13.5,0,0,0,0,0,0,0,0,0,STATISTICANALYSIS,L1,-0.22,24.703,0.36,0.447
2026-05-25 11:08:29.300513,1779721709.300513,2420,140926.0,,,,,,,,,,,,,,,,0.0000,,,,0.0,0.0,0.0,0.0,0.0,0.0,0.0,0.0,0.0,174548,-3372109,164104800,-43476,116776,-1389,0.01044757778442383,-0.20183772415069584,9.822499614990235,-0.01005137045288086,0.02699785711669922,-0.0003211278305053711,61,eca1fe00,43.51532295731,-79.68386414994,165.9849,-37.1,INSUFFICIENT_OBS,SINGLE,bad,1.3217,1.2324,2.2224,0,0,0.0,14.5,0,0,0,0,0,0,0,0,0,STATISTICANALYSIS,L1,-0.221,24.703,0.36,0.447
2026-05-25 11:08:31.528551,1779721711.528551,2420,140927.0,,,,,,,,,,,,,,,,0.0000,,,,0.0,0.0,0.0,0.0,0.0,0.0,0.0,0.0,0.0,-939891,-3668217,164653399,404984,-137860,119963,-0.05625721481414796,-0.21956128078033452,9.855336030904237,0.09362968560791016,-0.03187234176635742,0.027734670936584473,61,eca0fe00,43.51532295731,-79.68386414994,165.9849,-37.1,INSUFFICIENT_OBS,SINGLE,bad,1.3217,1.2324,2.2224,0,0,0.0,15.5,0,0,0,0,0,0,0,0,0,STATISTICANALYSIS,L1,-0.222,24.647,0.419,0.424
2026-05-25 11:08:33.658393,1779721713.658393,2420,140928.0,,,,,,,,,,,,,,,,0.0000,,,,0.0,0.0,0.0,0.0,0.0,0.0,0.0,0.0,0.0,286303,-3715175,164148640,171821,95756,2825,0.017136677947692875,-0.22237195381927494,9.825123660009767,0.03972390566253662,0.022138168853759764,0.0006531217575073242,61,eca0fe00,43.51532295731,-79.68386414994,165.9849,-37.1,INSUFFICIENT_OBS,SINGLE,bad,1.3217,1.2324,2.2224,0,0,0.0,16.5,0,0,0,0,0,0,0,0,0,STATISTICANALYSIS,L1,-0.229,24.647,0.419,0.424
2026-05-25 11:08:35.760165,1779721715.760165,2420,140929.0,,,,,,,,,,,,,,,,0.0000,,,,0.0,0.0,0.0,0.0,0.0,0.0,0.0,0.0,0.0,-192953,-3645256,164330300,2171,131781,-33576,-0.011549209823303224,-0.2181869491723633,9.835996926849367,0.0005019211807250977,0.030466916221618654,-0.007762554382324219,61,eca0fe00,43.51532295731,-79.68386414994,165.9849,-37.1,INSUFFICIENT_OBS,SINGLE,bad,1.3217,1.2324,2.2224,0,0,0.0,17.5,0,0,0,0,0,0,0,0,0,STATISTICANALYSIS,L1,-0.233,24.647,0.419,0.424
2026-05-25 11:08:38.058718,1779721718.058718,2420,140930.0,,,,,,,,,,,,,,,,0.0000,,,,0.0,0.0,0.0,0.0,0.0,0.0,0.0,0.0,0.0,-308150,-3694235,164356348,61472,117026,6199,-0.018444331039428715,-0.22111858925018313,9.837556030970461,0.014211929443359375,0.027055655502319337,0.0014331687698364258,61,eca0fe00,43.51532295731,-79.68386414994,165.9849,-37.1,INSUFFICIENT_OBS,SINGLE,bad,1.3217,1.2324,2.2224,0,0,0.0,18.5,0,0,0,0,0,0,0,0,0,STATISTICANALYSIS,L1,-0.228,24.656,0.277,0.376
2026-05-25 11:08:40.269250,1779721720.269250,2420,140931.0,,,,,,,,,,,,,,,,0.0000,,,,0.0,0.0,0.0,0.0,0.0,0.0,0.0,0.0,0.0,-430349,-3661809,164365308,9050,12866,-28971,-0.025758557256164553,-0.21917772967437749,9.838092332142335,0.002092301559448242,0.002974536117553711,-0.0066979081192016605,61,eca0fe00,43.51532295731,-79.68386414994,165.9849,-37.1,INSUFFICIENT_OBS,SINGLE,bad,1.3217,1.2324,2.2224,0,0,0.0,19.5,0,0,0,0,0,0,0,0,0,STATISTICANALYSIS,L1,-0.223,24.656,0.277,0.376
2026-05-25 11:08:41.618610,1779721721.618610,2420,140932.0,,,,,,,,,,,,,,,,0.0000,,,,0.0,0.0,0.0,0.0,0.0,0.0,0.0,0.0,0.0,-277359,-3620598,164396638,63041,5386,-8083,-0.016601334456481934,-0.21671104355895998,9.839967590592654,0.014574672111511231,0.0012452084197998048,-0.001868737403869629,61,eca0fe00,43.51532295731,-79.68386414994,165.9849,-37.1,INSUFFICIENT_OBS,SINGLE,bad,1.3217,1.2324,2.2224,0,0,0.0,20.5,0,0,0,0,0,0,0,0,0,STATISTICANALYSIS,L1,-0.22,24.656,0.277,0.376
2026-05-25 11:08:42.552718,1779721722.552718,2420,140933.0,,,,,,,,,,,,,,,,0.0000,,,,0.0,0.0,0.0,0.0,0.0,0.0,0.0,0.0,0.0,-320061,-3695084,164360163,69060,67678,-30053,-0.01915726443878174,-0.22116940618041994,9.837784377953797,0.01596622604370117,0.015646716567993164,-0.006948059532165527,61,eca0fe00,43.51532295731,-79.68386414994,165.9849,-37.1,INSUFFICIENT_OBS,SINGLE,bad,1.3217,1.2324,2.2224,0,0,0.0,21.5,0,0,0,0,0,0,0,0,0,STATISTICANALYSIS,L1,-0.233,24.73,0.302,0.405
2026-05-25 11:08:43.873615,1779721723.873615,2420,140934.0,,,,,,,,,,,,,,,,0.0000,,,,0.0,0.0,0.0,0.0,0.0,0.0,0.0,0.0,0.0,156490,-2927904,163726646,-51441,-1037430,-140395,0.009366715444946291,-0.17524981543945314,9.799865191625367,-0.011892827018737792,-0.2398471167755127,-0.03245841739654541,61,eca0fe00,43.51532295731,-79.68386414994,165.9849,-37.1,INSUFFICIENT_OBS,SINGLE,bad,1.3217,1.2324,2.2224,0,0,0.0,22.5,0,0,0,0,0,0,0,0,0,STATISTICANALYSIS,L1,-0.23,24.73,0.302,0.405
2026-05-25 11:08:44.527046,1779721724.527046,2420,140935.0,,,,,,,,,,,,,,,,0.0000,,,,0.0,0.0,0.0,0.0,0.0,0.0,0.0,0.0,0.0,-1346960,-4161219,164498605,-38368,600213,-29002,-0.08062234670410158,-0.2490699359518433,9.846070829609681,-0.008870433837890625,0.1387653697128296,-0.006705075119018555,61,eca0fe00,43.51532295731,-79.68386414994,165.9849,-37.1,INSUFFICIENT_OBS,SINGLE,bad,1.3217,1.2324,2.2224,0,0,0.0,23.5,0,0,0,0,0,0,0,0,0,STATISTICANALYSIS,L1,-0.223,24.73,0.302,0.405
2026-05-25 11:08:44.930884,1779721724.930884,2420,140936.0,,,,,,,,,,,,,,,,0.0000,,,,0.0,0.0,0.0,0.0,0.0,0.0,0.0,0.0,0.0,-172892,-3816617,164306834,142778,-82051,-6556,-0.01034845783569336,-0.22844376893951418,9.834592368445437,0.033009351608276366,-0.018969661354064943,-0.0015157048645019532,61,eca0fe00,43.51532295731,-79.68386414994,165.9849,-37.1,INSUFFICIENT_OBS,SINGLE,bad,1.3217,1.2324,2.2224,0,0,0.0,24.5,0,0,0,0,0,0,0,0,0,STATISTICANALYSIS,L1,-0.223,24.673,0.343,0.416
2026-05-25 11:08:45.419851,1779721725.419851,2420,140937.0,,,,,,,,,,,,,,,,0.0000,,,,0.0,0.0,0.0,0.0,0.0,0.0,0.0,0.0,0.0,695614,-3850191,163840524,-41317,419624,-61761,0.04163600484069825,-0.23045334210296634,9.806681364041749,-0.009552223594665527,0.09701435906982422,-0.01427874437713623,61,eca0fe00,43.51532295731,-79.68386414994,165.9849,-37.1,INSUFFICIENT_OBS,SINGLE,bad,1.3217,1.2324,2.2224,0,0,0.0,25.5,0,0,0,0,0,0,0,0,0,STATISTICANALYSIS,L1,-0.235,24.673,0.343,0.416
2026-05-25 11:08:45.798234,1779721725.798234,2420,140938.0,,,,,,,,,,,,,,,,0.0000,,,,0.0,0.0,0.0,0.0,0.0,0.0,0.0,0.0,0.0,-321063,-3509696,164289156,70316,10606,17145,-0.019217239190368655,-0.21007299974609378,9.83353425102173,0.01625660513305664,0.0024520387115478516,0.003963813285827637,61,ec9ffe00,43.51532295731,-79.68386414994,165.9849,-37.1,INSUFFICIENT_OBS,SINGLE,bad,1.3217,1.2324,2.2224,0,0,0.0,26.5,0,0,0,0,0,0,0,0,0,STATISTICANALYSIS,L1,-0.222,24.673,0.343,0.416
2026-05-25 11:08:46.144473,1779721726.144473,2420,140939.0,,,,,,,,,,,,,,,,0.0000,,,,0.0,0.0,0.0,0.0,0.0,0.0,0.0,0.0,0.0,-268596,-3485786,164353528,619,184691,-14154,-0.016076824727783205,-0.20864186570373539,9.837387239753419,0.00014310880279541014,0.04269936655426025,-0.0032723134002685546,61,eca0fe00,43.51532295731,-79.68386414994,165.9849,-37.1,INSUFFICIENT_OBS,SINGLE,bad,1.3217,1.2324,2.2224,0,0,0.0,27.5,0,0,0,0,0,0,0,0,0,STATISTICANALYSIS,L1,-0.218,24.686,0.308,0.45
2026-05-25 11:08:46.585411,1779721726.585411,2420,140940.0,,,,,,,,,,,,,,,,0.0000,,,,0.0,0.0,0.0,0.0,0.0,0.0,0.0,0.0,0.0,-365964,-3611432,164392610,74351,5534,-38364,-0.02190479040893555,-0.2161624122485352,9.839726494485475,0.01718947107696533,0.001279425064086914,-0.008869509063720703,61,eca0fe00,43.51532295731,-79.68386414994,165.9849,-37.1,INSUFFICIENT_OBS,SINGLE,bad,1.3217,1.2324,2.2224,0,0,0.0,28.5,0,0,0,0,0,0,0,0,0,STATISTICANALYSIS,L1,-0.226,24.686,0.308,0.45
2026-05-25 11:08:47.055806,1779721727.055806,2420,140941.0,,,,,,,,,,,,,,,,0.0000,,,,0.0,0.0,0.0,0.0,0.0,0.0,0.0,0.0,0.0,-505059,-3537329,164455571,41213,188752,-30287,-0.03023032740692139,-0.21172697410797123,9.843495027753603,0.009528179466247559,0.043638243530273436,-0.007002158821105957,61,eca0fe00,43.51532295731,-79.68386414994,165.9849,-37.1,INSUFFICIENT_OBS,SINGLE,bad,1.3217,1.2324,2.2224,0,0,0.0,29.5,0,0,0,0,0,0,0,0,0,STATISTICANALYSIS,L1,-0.222,24.686,0.308,0.45
2026-05-25 11:08:47.619902,1779721727.619902,2420,140942.0,,,,,,,,,,,,,,,,0.0000,,,,0.0,0.0,0.0,0.0,0.0,0.0,0.0,0.0,0.0,-447168,-3561007,164394630,111401,-33041,-38647,-0.026765259199218752,-0.21314422178070072,9.839847401669314,0.025755191825866698,-0.007638865837097168,-0.008934936836242675,61,eca0fe00,43.51532295731,-79.68386414994,165.9849,-37.1,INSUFFICIENT_OBS,SINGLE,bad,1.3217,1.2324,2.2224,0,0,0.0,30.5,0,0,0,0,0,0,0,0,0,STATISTICANALYSIS,L1,-0.218,24.739,0.418,0.441
2026-05-25 11:08:48.012423,1779721728.012423,2420,140943.0,,,,,,,,,,,,,,,,0.0000,,,,0.0,0.0,0.0,0.0,0.0,0.0,0.0,0.0,0.0,-422137,-3638292,164363807,49404,33762,-41232,-0.025267027655334475,-0.2177701186633301,9.838002489725039,0.011421885772705078,0.007805556381225586,-0.009532572143554687,61,eca0fe00,43.51532295731,-79.68386414994,165.9849,-37.1,INSUFFICIENT_OBS,SINGLE,bad,1.3217,1.2324,2.2224,0,0,0.0,31.5,0,0,0,0,0,0,0,0,0,STATISTICANALYSIS,L1,-0.218,24.739,0.418,0.441
2026-05-25 11:08:48.579411,1779721728.579411,2420,140944.0,,,,,,,,,,,,,,,,0.0000,,,,0.0,0.0,0.0,0.0,0.0,0.0,0.0,0.0,0.0,511191,-3691224,164064129,112297,-545776,-95589,0.030597358521423344,-0.22093836572021489,9.82006525059723,0.025962341239929198,-0.12617988684082032,-0.022099559532165528,61,eca0fe00,43.51532295731,-79.68386414994,165.9849,-37.1,INSUFFICIENT_OBS,SINGLE,bad,1.3217,1.2324,2.2224,0,0,0.0,32.5,0,0,0,0,0,0,0,0,0,STATISTICANALYSIS,L1,-0.229,24.739,0.418,0.441
2026-05-25 11:08:49.141864,1779721729.141864,2420,140945.0,,,,,,,,,,,,,,,,0.0000,,,,0.0,0.0,0.0,0.0,0.0,0.0,0.0,0.0,0.0,-237146,-3084002,164293526,-8278,104697,-14933,-0.014194383672485354,-0.18459306770812992,9.833795817553103,-0.0019138201446533202,0.024205270317077636,-0.00345241316986084,61,eca0fe00,43.51532295731,-79.68386414994,165.9849,-37.1,INSUFFICIENT_OBS,SINGLE,bad,1.3217,1.2324,2.2224,0,0,0.0,33.5,0,0,0,0,0,0,0,0,0,STATISTICANALYSIS,L1,-0.219,24.729,0.432,0.453
2026-05-25 11:08:49.632138,1779721729.632138,2420,140946.0,,,,,,,,,,,,,,,,0.0000,,,,0.0,0.0,0.0,0.0,0.0,0.0,0.0,0.0,0.0,-114449,-3234959,164167408,22333,84539,1304,-0.0068503496450805675,-0.19362860520843508,9.826247019428711,0.005163245384216308,0.019544870887756347,0.00030147637939453127,61,eca0fe00,43.51532295731,-79.68386414994,165.9849,-37.1,INSUFFICIENT_OBS,SINGLE,bad,1.3217,1.2324,2.2224,0,0,0.0,34.5,0,0,0,0,0,0,0,0,0,STATISTICANALYSIS,L1,-0.221,24.729,0.432,0.453
2026-05-25 11:08:50.035488,1779721730.035488,2420,140947.0,,,,,,,,,,,,,,,,0.0000,,,,0.0,0.0,0.0,0.0,0.0,0.0,0.0,0.0,0.0,-480834,-3583057,164419805,76920,40586,-85015,-0.02878033902648926,-0.21446402544586185,9.841354252339174,0.017783407287597655,0.009383221115112304,-0.019654919013977052,61,eca0fe00,43.51532295731,-79.68386414994,165.9849,-37.1,INSUFFICIENT_OBS,SINGLE,bad,1.3217,1.2324,2.2224,0,0,0.0,35.5,0,0,0,0,0,0,0,0,0,STATISTICANALYSIS,L1,-0.234,24.729,0.432,0.453
2026-05-25 11:08:50.532813,1779721730.532813,2420,140948.0,,,,,,,,,,,,,,,,0.0000,,,,0.0,0.0,0.0,0.0,0.0,0.0,0.0,0.0,0.0,-298306,-3658946,164363624,93508,74258,21927,-0.01785511801086426,-0.2190063646905518,9.837991536252442,0.021618445770263672,0.01716797007751465,0.0050693808059692385,61,eca0fe00,43.51532295731,-79.68386414994,165.9849,-37.1,INSUFFICIENT_OBS,SINGLE,bad,1.3217,1.2324,2.2224,0,0,0.0,36.5,0,0,0,0,0,0,0,0,0,STATISTICANALYSIS,L1,-0.222,24.757,0.337,0.477
2026-05-25 11:08:51.018619,1779721731.018619,2420,140949.0,,,,,,,,,,,,,,,,0.0000,,,,0.0,0.0,0.0,0.0,0.0,0.0,0.0,0.0,0.0,-255227,-3729784,164297161,33685,74807,-32479,-0.015276622677917483,-0.2232463761206055,9.834013390628968,0.00778775447845459,0.017294895332336427,-0.007508935066223145,61,eca0fe00,43.51532295731,-79.68386414994,165.9849,-37.1,INSUFFICIENT_OBS,SINGLE,bad,1.3217,1.2324,2.2224,0,0,0.0,37.5,0,0,0,0,0,0,0,0,0,STATISTICANALYSIS,L1,-0.224,24.757,0.337,0.477
2026-05-25 11:08:52.019477,1779721732.019477,2420,140950.0,,,,,,,,,,,,,,,,0.0000,,,,0.0,0.0,0.0,0.0,0.0,0.0,0.0,0.0,0.0,-312179,-3628930,164342470,105210,24325,-32809,-0.018685487001647953,-0.21720975576477053,9.836725362704469,0.024323872604370116,0.005623782920837403,-0.0075852289352416995,61,eca0fe00,43.51532295731,-79.68386414994,165.9849,-37.1,INSUFFICIENT_OBS,SINGLE,bad,1.3217,1.2324,2.2224,0,0,0.0,38.5,0,0,0,0,0,0,0,0,0,STATISTICANALYSIS,L1,-0.226,24.757,0.337,0.477
2026-05-25 11:08:53.016663,1779721733.016663,2420,140951.0,,,,,,,,,,,,,,,,0.0000,,,,0.0,0.0,0.0,0.0,0.0,0.0,0.0,0.0,0.0,-310062,-3749431,164327208,35765,121428,1749,-0.01855877387878418,-0.22442234812103273,9.835811855061037,0.008268637046813965,0.02807336947631836,0.00040435750579833983,61,eca0fe00,43.51532295731,-79.68386414994,165.9849,-37.1,INSUFFICIENT_OBS,SINGLE,bad,1.3217,1.2324,2.2224,0,0,0.0,39.5,0,0,0,0,0,0,0,0,0,STATISTICANALYSIS,L1,-0.219,24.724,0.332,0.455
2026-05-25 11:08:54.019164,1779721734.019164,2420,140952.0,,,,,,,,,,,,,,,,0.0000,,,,0.0,0.0,0.0,0.0,0.0,0.0,0.0,0.0,0.0,-455453,-3529698,164401244,57074,81859,-26694,-0.02726115821807862,-0.21127022028625492,9.84024328291382,0.013195140243530273,0.01892527219390869,-0.006171480422973633,61,eca0fe00,43.51532295731,-79.68386414994,165.9849,-37.1,INSUFFICIENT_OBS,SINGLE,bad,1.3217,1.2324,2.2224,0,0,0.0,40.5,0,0,0,0,0,0,0,0,0,STATISTICANALYSIS,L1,-0.209,24.724,0.332,0.455
2026-05-25 11:08:55.016527,1779721735.016527,2420,140953.0,,,,,,,,,,,,,,,,0.0000,,,,0.0,0.0,0.0,0.0,0.0,0.0,0.0,0.0,0.0,-271738,-3648838,164303662,37975,-142665,-71238,-0.01626488926818848,-0.2184013499310303,9.834402508253785,0.008779574775695801,-0.032983226737976074,-0.01646976557922363,61,eca0fe00,43.51532295731,-79.68386414994,165.9849,-37.1,INSUFFICIENT_OBS,SINGLE,bad,1.3217,1.2324,2.2224,0,0,0.0,41.5,0,0,0,0,0,0,0,0,0,STATISTICANALYSIS,L1,-0.227,24.724,0.332,0.455
2026-05-25 11:08:56.017250,1779721736.017250,2420,140954.0,,,,,,,,,,,,,,,,0.0000,,,,0.0,0.0,0.0,0.0,0.0,0.0,0.0,0.0,0.0,-403049,-3479328,164381035,-26843,158569,-31244,-0.024124514623107912,-0.20825532184570317,9.839033672380067,-0.006205928260803223,0.03666012883758545,-0.0072234110412597655,61,eca0fe00,43.51532295731,-79.68386414994,165.9849,-37.1,INSUFFICIENT_OBS,SINGLE,bad,1.3217,1.2324,2.2224,0,0,0.0,42.5,0,0,0,0,0,0,0,0,0,STATISTICANALYSIS,L1,-0.22,24.647,0.394,0.427
2026-05-25 11:08:57.017095,1779721737.017095,2420,140955.0,,,,,,,,,,,,,,,,0.0000,,,,0.0,0.0,0.0,0.0,0.0,0.0,0.0,0.0,0.0,-600000,-3655108,164493154,444844,-106059,14556,-0.03591302490234376,-0.2187766410412598,9.845744559778444,0.10284506021118164,-0.024520155921936036,0.003365253204345703,61,eca0fe00,43.51532295731,-79.68386414994,165.9849,-37.1,INSUFFICIENT_OBS,SINGLE,bad,1.3217,1.2324,2.2224,0,0,0.0,43.5,0,0,0,0,0,0,0,0,0,STATISTICANALYSIS,L1,-0.227,24.647,0.394,0.427
2026-05-25 11:08:58.016467,1779721738.016467,2420,140956.0,,,,,,,,,,,,,,,,0.0000,,,,0.0,0.0,0.0,0.0,0.0,0.0,0.0,0.0,0.0,315432,-3611943,164041263,104006,43060,-52634,0.01888019545166016,-0.2161929981747437,9.818696605218202,0.024045515579223634,0.009955193939208984,-0.012168640914916993,61,eca0fe00,43.51532295731,-79.68386414994,165.9849,-37.1,INSUFFICIENT_OBS,SINGLE,bad,1.3217,1.2324,2.2224,0,0,0.0,44.5,0,0,0,0,0,0,0,0,0,STATISTICANALYSIS,L1,-0.217,24.647,0.394,0.427
2026-05-25 11:08:59.025895,1779721739.025895,2420,140957.0,,,,,,,,,,,,,,,,0.0000,,,,0.0,0.0,0.0,0.0,0.0,0.0,0.0,0.0,0.0,-173654,-3414739,164185658,19726,361171,-2975,-0.010394067377319337,-0.20438934457000735,9.827339373936159,0.004560523818969727,0.08350040293121339,-0.0006878007888793946,61,eca0fe00,43.51532295731,-79.68386414994,165.9849,-37.1,INSUFFICIENT_OBS,SINGLE,bad,1.3217,1.2324,2.2224,0,0,0.0,45.5,0,0,0,0,0,0,0,0,0,STATISTICANALYSIS,L1,-0.228,24.676,0.365,0.451
2026-05-25 11:09:00.016624,1779721740.016624,2420,140958.0,,,,,,,,,,,,,,,,0.0000,,,,0.0,0.0,0.0,0.0,0.0,0.0,0.0,0.0,0.0,-453723,-3640714,164451353,-120470,928811,-37269,-0.02715760899627686,-0.21791508757385256,9.843242559188539,-0.02785188606262207,0.21473510538482665,-0.00861635213470459,61,eca0fe00,43.51532295731,-79.68386414994,165.9849,-37.1,INSUFFICIENT_OBS,SINGLE,bad,1.3217,1.2324,2.2224,0,0,0.0,46.5,0,0,0,0,0,0,0,0,0,STATISTICANALYSIS,L1,-0.229,24.676,0.365,0.451
2026-05-25 11:09:01.016807,1779721741.016807,2420,140959.0,,,,,,,,,,,,,,,,0.0000,,,,0.0,0.0,0.0,0.0,0.0,0.0,0.0,0.0,0.0,-535576,-3029193,164544321,-91440,527011,-13910,-0.032056923708496096,-0.1813124727383423,9.848807162687073,-0.021140337524414063,0.12184154001617431,-0.00321590217590332,61,ec9ffe00,43.51532295731,-79.68386414994,165.9849,-37.1,INSUFFICIENT_OBS,SINGLE,bad,1.3217,1.2324,2.2224,0,0,0.0,47.5,0,0,0,0,0,0,0,0,0,STATISTICANALYSIS,L1,-0.222,24.676,0.365,0.451
2026-05-25 11:09:02.016165,1779721742.016165,2420,140960.0,,,,,,,,,,,,,,,,0.0000,,,,0.0,0.0,0.0,0.0,0.0,0.0,0.0,0.0,0.0,-174012,-3223841,164267146,88498,24503,-49193,-0.010415495482177736,-0.19296313685699465,9.832216841558228,0.020460166122436525,0.005664935371398926,-0.011373103935241699,61,eca0fe00,43.51532295731,-79.68386414994,165.9849,-37.1,INSUFFICIENT_OBS,SINGLE,bad,1.3217,1.2324,2.2224,0,0,0.0,48.5,0,0,0,0,0,0,0,0,0,STATISTICANALYSIS,L1,-0.226,24.664,0.414,0.42
2026-05-25 11:09:03.024749,1779721743.024749,2420,140961.0,,,,,,,,,,,,,,,,0.0000,,,,0.0,0.0,0.0,0.0,0.0,0.0,0.0,0.0,0.0,-406678,-3609372,164380807,123992,-20601,-27846,-0.02434172856872559,-0.21603911086303715,9.839020025430605,0.028666149719238282,-0.004762818168640137,-0.006437815383911132,61,eca0fe00,43.51532295731,-79.68386414994,165.9849,-37.1,INSUFFICIENT_OBS,SINGLE,bad,1.3217,1.2324,2.2224,0,0,0.0,49.5,0,0,0,0,0,0,0,0,0,STATISTICANALYSIS,L1,-0.223,24.664,0.414,0.42
2026-05-25 11:09:04.019540,1779721744.019540,2420,140962.0,,,,,,,,,,,,,,,,0.0000,,,,0.0,0.0,0.0,0.0,0.0,0.0,0.0,0.0,0.0,-278659,-3627558,164345050,37847,102423,16126,-0.016679146010437015,-0.21712763464782717,9.836879788711549,0.008749982002258301,0.02367953620147705,0.003728227066040039,61,eca0fe00,43.51532295731,-79.68386414994,165.9849,-37.1,INSUFFICIENT_OBS,SINGLE,bad,1.3217,1.2324,2.2224,0,0,0.0,50.5,0,0,0,0,0,0,0,0,0,STATISTICANALYSIS,L1,-0.22,24.664,0.414,0.42
2026-05-25 11:09:05.016243,1779721745.016243,2420,140963.0,,,,,,,,,,,,,,,,0.0000,,,,0.0,0.0,0.0,0.0,0.0,0.0,0.0,0.0,0.0,-241412,-3456679,164283835,-23139,69440,-8443,-0.014449725279541017,-0.2068996650106812,9.833215762345887,-0.005349587379455566,0.01605407958984375,-0.0019519670791625977,61,eca0fe00,43.51532295731,-79.68386414994,165.9849,-37.1,INSUFFICIENT_OBS,SINGLE,bad,1.3217,1.2324,2.2224,0,0,0.0,51.5,0,0,0,0,0,0,0,0,0,STATISTICANALYSIS,L1,-0.221,24.687,0.355,0.443
2026-05-25 11:09:06.023701,1779721746.023701,2420,140964.0,,,,,,,,,,,,,,,,0.0000,,,,0.0,0.0,0.0,0.0,0.0,0.0,0.0,0.0,0.0,-354009,-3470614,164325709,71252,-23881,-24711,-0.02118922338775635,-0.20773374501403813,9.835722132353823,0.01647300228881836,-0.005521132987976074,-0.005713023628234864,61,eca0fe00,43.51532295731,-79.68386414994,165.9849,-37.1,INSUFFICIENT_OBS,SINGLE,bad,1.3217,1.2324,2.2224,0,0,0.0,52.5,0,0,0,0,0,0,0,0,0,STATISTICANALYSIS,L1,-0.231,24.687,0.355,0.443
2026-05-25 11:09:07.015761,1779721747.015761,2420,140965.0,,,,,,,,,,,,,,,,0.0000,,,,0.0,0.0,0.0,0.0,0.0,0.0,0.0,0.0,0.0,-203646,-3650190,164310062,34651,97793,-9678,-0.012189239782104493,-0.2184822739471436,9.83478558051941,0.008011087440490722,0.02260911009979248,-0.0022374911041259764,61,eca0fe00,43.51532295731,-79.68386414994,165.9849,-37.1,INSUFFICIENT_OBS,SINGLE,bad,1.3217,1.2324,2.2224,0,0,0.0,53.5,0,0,0,0,0,0,0,0,0,STATISTICANALYSIS,L1,-0.217,24.687,0.355,0.443
2026-05-25 11:09:08.016283,1779721748.016283,2420,140966.0,,,,,,,,,,,,,,,,0.0000,,,,0.0,0.0,0.0,0.0,0.0,0.0,0.0,0.0,0.0,-281823,-3663183,164355516,87779,39542,-48525,-0.016868527361755373,-0.21925997050140383,9.83750623157593,0.020293937965393066,0.009141855056762696,-0.011218666648864745,61,eca0fe00,43.51532295731,-79.68386414994,165.9849,-37.1,INSUFFICIENT_OBS,SINGLE,bad,1.3217,1.2324,2.2224,0,0,0.0,54.5,0,0,0,0,0,0,0,0,0,STATISTICANALYSIS,L1,-0.227,24.59,0.294,0.446
2026-05-25 11:09:09.021137,1779721749.021137,2420,140967.0,,,,,,,,,,,,,,,,0.0000,,,,0.0,0.0,0.0,0.0,0.0,0.0,0.0,0.0,0.0,-295405,-3675134,164388868,66047,73606,-11266,-0.01768147853546143,-0.21997529810241703,9.839502516920167,0.01526963990020752,0.017017231887817383,-0.002604626449584961,61,eca0fe00,43.51532295731,-79.68386414994,165.9849,-37.1,INSUFFICIENT_OBS,SINGLE,bad,1.3217,1.2324,2.2224,0,0,0.0,55.5,0,0,0,0,0,0,0,0,0,STATISTICANALYSIS,L1,-0.22,24.59,0.294,0.446
2026-05-25 11:09:10.015566,1779721750.015566,2420,140968.0,,,,,,,,,,,,,,,,0.0000,,,,0.0,0.0,0.0,0.0,0.0,0.0,0.0,0.0,0.0,-313109,-3641646,164334438,107359,78353,-13686,-0.018741152190246586,-0.21797087247253422,9.83624460701111,0.024820707527160646,0.018114707633972167,-0.0031641148223876953,61,eca0fe00,43.51532295731,-79.68386414994,165.9849,-37.1,INSUFFICIENT_OBS,SINGLE,bad,1.3217,1.2324,2.2224,0,0,0.0,56.5,0,0,0,0,0,0,0,0,0,STATISTICANALYSIS,L1,-0.221,24.59,0.294,0.446
2026-05-25 11:09:11.022152,1779721751.022152,2420,140969.0,,,,,,,,,,,,,,,,0.0000,,,,0.0,0.0,0.0,0.0,0.0,0.0,0.0,0.0,0.0,-312486,-3599998,164372072,88154,50437,-41456,-0.018703862499389653,-0.21547802970397953,9.838497191643068,0.02038063554382324,0.011660708702087403,-0.009584359497070313,61,eca0fe00,43.51532295731,-79.68386414994,165.9849,-37.1,INSUFFICIENT_OBS,SINGLE,bad,1.3217,1.2324,2.2224,0,0,0.0,57.5,0,0,0,0,0,0,0,0,0,STATISTICANALYSIS,L1,-0.221,24.712,0.307,0.408
2026-05-25 11:09:12.016085,1779721752.016085,2420,140970.0,,,,,,,,,,,,,,,,0.0000,,,,0.0,0.0,0.0,0.0,0.0,0.0,0.0,0.0,0.0,-271128,-3602362,164343557,67840,51603,-31421,-0.016228377692871096,-0.21561952702209475,9.836790425134584,0.015684169921875,0.01193028037261963,-0.007264332298278809,61,eca0fe00,43.51532295731,-79.68386414994,165.9849,-37.1,INSUFFICIENT_OBS,SINGLE,bad,1.3217,1.2324,2.2224,0,0,0.0,58.5,0,0,0,0,0,0,0,0,0,STATISTICANALYSIS,L1,-0.222,24.712,0.307,0.408
2026-05-25 11:09:13.016632,1779721753.016632,2420,140971.0,,,,,,,,,,,,,,,,0.0000,,,,0.0,0.0,0.0,0.0,0.0,0.0,0.0,0.0,0.0,-334223,-3612187,164312572,73567,56368,6936,-0.02000493153656006,-0.21620760280487064,9.834935816673585,0.017008215339660644,0.013031917602539063,0.0016035584106445313,61,eca0fe00,43.51532295731,-79.68386414994,165.9849,-37.1,INSUFFICIENT_OBS,SINGLE,bad,1.3217,1.2324,2.2224,0,0,0.0,59.5,0,0,0,0,0,0,0,0,0,STATISTICANALYSIS,L1,-0.227,24.712,0.307,0.408
2026-05-25 11:09:14.016358,1779721754.016358,2420,140972.0,,,,,,,,,,,,,,,,0.0000,,,,0.0,0.0,0.0,0.0,0.0,0.0,0.0,0.0,0.0,-304584,-3623950,164343441,72905,101062,-58044,-0.018230887961425784,-0.2169116776580811,9.83678348194977,0.016855165214538573,0.02336488179016113,-0.013419397979736328,61,eca0fe00,43.51532295731,-79.68386414994,165.9849,-37.1,INSUFFICIENT_OBS,SINGLE,bad,1.3217,1.2324,2.2224,0,0,0.0,60.5,0,0,0,0,0,0,0,0,0,STATISTICANALYSIS,L1,-0.226,24.736,0.346,0.448
2026-05-25 11:09:15.017152,1779721755.017152,2420,140973.0,,,,,,,,,,,,,,,,0.0000,,,,0.0,0.0,0.0,0.0,0.0,0.0,0.0,0.0,0.0,-243562,-3628854,164399951,57286,19643,-21615,-0.014578413618774416,-0.21720520678161623,9.840165890345155,0.013244153274536133,0.004541334754943848,-0.004997248420715332,61,eca0fe00,43.51532295731,-79.68386414994,165.9849,-37.1,INSUFFICIENT_OBS,SINGLE,bad,1.3217,1.2324,2.2224,0,0,0.0,61.5,0,0,0,0,0,0,0,0,0,STATISTICANALYSIS,L1,-0.226,24.736,0.346,0.448
2026-05-25 11:09:16.016226,1779721756.016226,2420,140974.0,,,,,,,,,,,,,,,,0.0000,,,,0.0,0.0,0.0,0.0,0.0,0.0,0.0,0.0,0.0,-329877,-3623410,164301259,60463,58251,-22089,-0.019744801526184085,-0.21687935593566898,9.834258676589052,0.013978655158996583,0.013467255043029785,-0.005106834159851074,61,eca0fe00,43.51532295731,-79.68386414994,165.9849,-37.1,INSUFFICIENT_OBS,SINGLE,bad,1.3217,1.2324,2.2224,0,0,0.0,62.5,0,0,0,0,0,0,0,0,0,STATISTICANALYSIS,L1,-0.222,24.736,0.346,0.448
2026-05-25 11:09:17.027537,1779721757.027537,2420,140975.0,,,,,,,,,,,,,,,,0.0000,,,,0.0,0.0,0.0,0.0,0.0,0.0,0.0,0.0,0.0,-341265,-3632249,164334604,91872,45154,-34500,-0.02042643073883057,-0.217408414647522,9.836254542948,0.021240213134765627,0.010439313217163087,-0.007976177215576172,61,eca0fe00,43.51532295731,-79.68386414994,165.9849,-37.1,INSUFFICIENT_OBS,SINGLE,bad,1.3217,1.2324,2.2224,0,0,0.0,63.5,0,0,0,0,0,0,0,0,0,STATISTICANALYSIS,L1,-0.227,24.678,0.336,0.422
2026-05-25 11:09:18.016065,1779721758.016065,2420,140976.0,,,,,,,,,,,,,,,,0.0000,,,,0.0,0.0,0.0,0.0,0.0,0.0,0.0,0.0,0.0,-337234,-3631754,164396679,54597,85654,-7911,-0.020185155066528324,-0.21737878640197758,9.839970044649354,0.012622473838806152,0.01980265168762207,-0.0018289721145629883,61,eca0fe00,43.51532295731,-79.68386414994,165.9849,-37.1,INSUFFICIENT_OBS,SINGLE,bad,1.3217,1.2324,2.2224,0,0,0.0,64.5,0,0,0,0,0,0,0,0,0,STATISTICANALYSIS,L1,-0.219,24.678,0.336,0.422
2026-05-25 11:09:19.016250,1779721759.016250,2420,140977.0,,,,,,,,,,,,,,,,0.0000,,,,0.0,0.0,0.0,0.0,0.0,0.0,0.0,0.0,0.0,-321455,-3598530,164317539,59205,36712,-26329,-0.019240702366638187,-0.2153901625030518,9.835233116664735,0.013687813682556152,0.008487577331542968,-0.006087094779968261,61,eca0fe00,43.51532295731,-79.68386414994,165.9849,-37.1,INSUFFICIENT_OBS,SINGLE,bad,1.3217,1.2324,2.2224,0,0,0.0,65.5,0,0,0,0,0,0,0,0,0,STATISTICANALYSIS,L1,-0.231,24.678,0.336,0.422
2026-05-25 11:09:20.015971,1779721760.015971,2420,140978.0,,,,,,,,,,,,,,,,0.0000,,,,0.0,0.0,0.0,0.0,0.0,0.0,0.0,0.0,0.0,-257484,-3632569,164327907,43229,72003,-15828,-0.0154117155065918,-0.21742756826080326,9.835853693735048,0.009994265647888183,0.01664662863922119,-0.003659331390380859,61,eca0fe00,43.51532295731,-79.68386414994,165.9849,-37.1,INSUFFICIENT_OBS,SINGLE,bad,1.3217,1.2324,2.2224,0,0,0.0,66.5,0,0,0,0,0,0,0,0,0,STATISTICANALYSIS,L1,-0.217,24.798,0.363,0.407
2026-05-25 11:09:21.017406,1779721761.017406,2420,140979.0,,,,,,,,,,,,,,,,0.0000,,,,0.0,0.0,0.0,0.0,0.0,0.0,0.0,0.0,0.0,-350372,-3704992,164355296,40565,77797,-54316,-0.020971530601806645,-0.22176244993164065,9.837493063466798,0.009378366050720215,0.01798616402435303,-0.012557508453369141,61,eca0fe00,43.51532295731,-79.68386414994,165.9849,-37.1,INSUFFICIENT_OBS,SINGLE,bad,1.3217,1.2324,2.2224,0,0,0.0,67.5,0,0,0,0,0,0,0,0,0,STATISTICANALYSIS,L1,-0.233,24.798,0.363,0.407
2026-05-25 11:09:22.015447,1779721762.015447,2420,140980.0,,,,,,,,,,,,,,,,0.0000,,,,0.0,0.0,0.0,0.0,0.0,0.0,0.0,0.0,0.0,-344582,-3642900,164429247,43170,72685,-41771,-0.020624969911499026,-0.21804593069458011,9.841919403641054,0.009980625228881835,0.01680430263519287,-0.00965718546295166,61,eca0fe00,43.51532295731,-79.68386414994,165.9849,-37.1,INSUFFICIENT_OBS,SINGLE,bad,1.3217,1.2324,2.2224,0,0,0.0,68.5,0,0,0,0,0,0,0,0,0,STATISTICANALYSIS,L1,-0.222,24.798,0.363,0.407
2026-05-25 11:09:23.016457,1779721763.016457,2420,140981.0,,,,,,,,,,,,,,,,0.0000,,,,0.0,0.0,0.0,0.0,0.0,0.0,0.0,0.0,0.0,-334243,-3620087,164348612,80370,72786,-10337,-0.02000612863739014,-0.21668045763275148,9.837092992369387,0.018581025009155275,0.016827653182983397,-0.0023898476486206056,61,eca0fe00,43.51532295731,-79.68386414994,165.9849,-37.1,INSUFFICIENT_OBS,SINGLE,bad,1.3217,1.2324,2.2224,0,0,0.0,69.5,0,0,0,0,0,0,0,0,0,STATISTICANALYSIS,L1,-0.225,24.53,0.258,0.446
2026-05-25 11:09:24.016652,1779721764.016652,2420,140982.0,,,,,,,,,,,,,,,,0.0000,,,,0.0,0.0,0.0,0.0,0.0,0.0,0.0,0.0,0.0,-284408,-3569643,164450353,11237,84803,-15212,-0.01702325264404297,-0.21366112991912845,9.843182704147035,0.0025979218368530274,0.01960590598297119,-0.003516916168212891,61,eca0fe00,43.51532295731,-79.68386414994,165.9849,-37.1,INSUFFICIENT_OBS,SINGLE,bad,1.3217,1.2324,2.2224,0,0,0.0,70.5,0,0,0,0,0,0,0,0,0,STATISTICANALYSIS,L1,-0.225,24.53,0.258,0.446
2026-05-25 11:09:25.015830,1779721765.015830,2420,140983.0,,,,,,,,,,,,,,,,0.0000,,,,0.0,0.0,0.0,0.0,0.0,0.0,0.0,0.0,0.0,-311540,-3579706,164383122,71178,36386,-42644,-0.018647239630126957,-0.21426345120178225,9.839158589851685,0.016455893966674805,0.008412208236694335,-0.00985901742553711,61,eca0fe00,43.51532295731,-79.68386414994,165.9849,-37.1,INSUFFICIENT_OBS,SINGLE,bad,1.3217,1.2324,2.2224,0,0,0.0,71.5,0,0,0,0,0,0,0,0,0,STATISTICANALYSIS,L1,-0.228,24.53,0.258,0.446
2026-05-25 11:09:26.015676,1779721766.015676,2420,140984.0,,,,,,,,,,,,,,,,0.0000,,,,0.0,0.0,0.0,0.0,0.0,0.0,0.0,0.0,0.0,-385936,-3582045,164326668,38940,67422,-35681,-0.023100215297851567,-0.2144034521438599,9.835779533338625,0.009002676544189453,0.015587531021118164,-0.008249216789245605,61,eca0fe00,43.51532295731,-79.68386414994,165.9849,-37.1,INSUFFICIENT_OBS,SINGLE,bad,1.3217,1.2324,2.2224,0,0,0.0,72.5,0,0,0,0,0,0,0,0,0,STATISTICANALYSIS,L1,-0.221,24.773,0.411,0.444
2026-05-25 11:09:27.015694,1779721767.015694,2420,140985.0,,,,,,,,,,,,,,,,0.0000,,,,0.0,0.0,0.0,0.0,0.0,0.0,0.0,0.0,0.0,-313713,-3566420,164383659,62609,87827,-46659,-0.018777304635314945,-0.21346821712036135,9.839190732008973,0.014474796501159667,0.02030503525543213,-0.01078725949859619,61,eca0fe00,43.51532295731,-79.68386414994,165.9849,-37.1,INSUFFICIENT_OBS,SINGLE,bad,1.3217,1.2324,2.2224,0,0,0.0,73.5,0,0,0,0,0,0,0,0,0,STATISTICANALYSIS,L1,-0.224,24.773,0.411,0.444
2026-05-25 11:09:28.018501,1779721768.018501,2420,140986.0,,,,,,,,,,,,,,,,0.0000,,,,0.0,0.0,0.0,0.0,0.0,0.0,0.0,0.0,0.0,-302133,-3628196,164348932,57126,32470,-12781,-0.01808418325469971,-0.21716582216430666,9.837112145982667,0.013207162307739257,0.00750685432434082,-0.002954884666442871,61,eca1fe00,43.51532295731,-79.68386414994,165.9849,-37.1,INSUFFICIENT_OBS,SINGLE,bad,1.3217,1.2324,2.2224,0,0,0.0,74.5,0,0,0,0,0,0,0,0,0,STATISTICANALYSIS,L1,-0.231,24.773,0.411,0.444
2026-05-25 11:09:29.019954,1779721769.019954,2420,140987.0,,,,,,,,,,,,,,,,0.0000,,,,0.0,0.0,0.0,0.0,0.0,0.0,0.0,0.0,0.0,-344161,-3610681,164393250,75531,74086,-21942,-0.02059977093902588,-0.21611746111236577,9.839764801712038,0.017462279457092285,0.017128204788208007,-0.005072848709106445,61,eca0fe00,43.51532295731,-79.68386414994,165.9849,-37.1,INSUFFICIENT_OBS,SINGLE,bad,1.3217,1.2324,2.2224,0,0,0.0,75.5,0,0,0,0,0,0,0,0,0,STATISTICANALYSIS,L1,-0.224,24.701,0.312,0.389
2026-05-25 11:09:30.016714,1779721770.016714,2420,140988.0,,,,,,,,,,,,,,,,0.0000,,,,0.0,0.0,0.0,0.0,0.0,0.0,0.0,0.0,0.0,-346858,-3643620,164320092,15960,48349,-38585,-0.020761199985961917,-0.21808902632446292,9.835385926585694,0.003689848937988281,0.011177976585388183,-0.008920602836608886,61,eca1fe00,43.51532295731,-79.68386414994,165.9849,-37.1,INSUFFICIENT_OBS,SINGLE,bad,1.3217,1.2324,2.2224,0,0,0.0,76.5,0,0,0,0,0,0,0,0,0,STATISTICANALYSIS,L1,-0.216,24.701,0.312,0.389
2026-05-25 11:09:31.017215,1779721771.017215,2420,140989.0,,,,,,,,,,,,,,,,0.0000,,,,0.0,0.0,0.0,0.0,0.0,0.0,0.0,0.0,0.0,-279811,-3593595,164362152,75500,65940,-48169,-0.016748099018249515,-0.21509477787323,9.83790342963135,0.01745511245727539,0.01524490219116211,-0.0111363617477417,61,eca1fe00,43.51532295731,-79.68386414994,165.9849,-37.1,INSUFFICIENT_OBS,SINGLE,bad,1.3217,1.2324,2.2224,0,0,0.0,77.5,0,0,0,0,0,0,0,0,0,STATISTICANALYSIS,L1,-0.224,24.701,0.312,0.389
2026-05-25 11:09:32.025607,1779721772.025607,2420,140990.0,,,,,,,,,,,,,,,,0.0000,,,,0.0,0.0,0.0,0.0,0.0,0.0,0.0,0.0,0.0,-212588,-3672841,164353387,46099,50862,-24374,-0.012724463563232424,-0.21983805049224855,9.837378800192567,0.010657791114807129,0.011758965957641601,-0.005635111404418945,61,eca1fe00,43.51532295731,-79.68386414994,165.9849,-37.1,INSUFFICIENT_OBS,SINGLE,bad,1.3217,1.2324,2.2224,0,0,0.0,78.5,0,0,0,0,0,0,0,0,0,STATISTICANALYSIS,L1,-0.221,24.669,0.336,0.433
2026-05-25 11:09:33.016571,1779721773.016571,2420,140991.0,,,,,,,,,,,,,,,,0.0000,,,,0.0,0.0,0.0,0.0,0.0,0.0,0.0,0.0,0.0,-288217,-3598572,164340150,69852,44245,-40469,-0.01725124049713135,-0.21539267641479495,9.83658649900818,0.016149331329345703,0.01022915828704834,-0.00935617147064209,61,eca0fe00,43.51532295731,-79.68386414994,165.9849,-37.1,INSUFFICIENT_OBS,SINGLE,bad,1.3217,1.2324,2.2224,0,0,0.0,79.5,0,0,0,0,0,0,0,0,0,STATISTICANALYSIS,L1,-0.222,24.669,0.336,0.433
2026-05-25 11:09:34.028541,1779721774.028541,2420,140992.0,,,,,,,,,,,,,,,,0.0000,,,,0.0,0.0,0.0,0.0,0.0,0.0,0.0,0.0,0.0,-352498,-3575869,164323003,61876,80778,-35961,-0.021098782420043947,-0.21403378740753176,9.835560164611513,0.014305331634521485,0.018675351974487303,-0.008313950981140137,61,eca1fe00,43.51532295731,-79.68386414994,165.9849,-37.1,INSUFFICIENT_OBS,SINGLE,bad,1.3217,1.2324,2.2224,0,0,0.0,80.5,0,0,0,0,0,0,0,0,0,STATISTICANALYSIS,L1,-0.232,24.669,0.336,0.433
2026-05-25 11:09:35.020629,1779721775.020629,2420,140993.0,,,,,,,,,,,,,,,,0.0000,,,,0.0,0.0,0.0,0.0,0.0,0.0,0.0,0.0,0.0,-312615,-3585702,164389379,102917,42085,-13315,-0.018711583799743654,-0.21462234203063968,9.839533102846376,0.023793745811462402,0.009729780235290527,-0.0030783420181274414,61,eca1fe00,43.51532295731,-79.68386414994,165.9849,-37.1,INSUFFICIENT_OBS,SINGLE,bad,1.3217,1.2324,2.2224,0,0,0.0,81.5,0,0,0,0,0,0,0,0,0,STATISTICANALYSIS,L1,-0.223,24.65,0.266,0.386
2026-05-25 11:09:36.017403,1779721776.017403,2420,140994.0,,,,,,,,,,,,,,,,0.0000,,,,0.0,0.0,0.0,0.0,0.0,0.0,0.0,0.0,0.0,-343020,-3617548,164362438,61108,41146,-38534,-0.020531476336669924,-0.21652848568237307,9.83792054817322,0.014127774993896485,0.009512689498901368,-0.008908811965942382,61,eca1fe00,43.51532295731,-79.68386414994,165.9849,-37.1,INSUFFICIENT_OBS,SINGLE,bad,1.3217,1.2324,2.2224,0,0,0.0,82.5,0,0,0,0,0,0,0,0,0,STATISTICANALYSIS,L1,-0.223,24.65,0.266,0.386
2026-05-25 11:09:37.016161,1779721777.016161,2420,140995.0,,,,,,,,,,,,,,,,0.0000,,,,0.0,0.0,0.0,0.0,0.0,0.0,0.0,0.0,0.0,-324432,-3610787,164354339,46999,12772,-19402,-0.019418890825195316,-0.21612380574676518,9.83743578219208,0.01086586530303955,0.002952803924560547,-0.004485617111206055,61,eca1fe00,43.51532295731,-79.68386414994,165.9849,-37.1,INSUFFICIENT_OBS,SINGLE,bad,1.3217,1.2324,2.2224,0,0,0.0,83.5,0,0,0,0,0,0,0,0,0,STATISTICANALYSIS,L1,-0.224,24.65,0.266,0.386
2026-05-25 11:09:38.016854,1779721778.016854,2420,140996.0,,,,,,,,,,,,,,,,0.0000,,,,0.0,0.0,0.0,0.0,0.0,0.0,0.0,0.0,0.0,-322500,-3633148,164359295,42674,50918,-23918,-0.019303250885009768,-0.217462224329834,9.837732423777773,0.009865953231811523,0.011771912796020507,-0.0055296871490478515,61,eca1fe00,43.51532295731,-79.68386414994,165.9849,-37.1,INSUFFICIENT_OBS,SINGLE,bad,1.3217,1.2324,2.2224,0,0,0.0,84.5,0,0,0,0,0,0,0,0,0,STATISTICANALYSIS,L1,-0.224,24.649,0.281,0.453
2026-05-25 11:09:39.016360,1779721779.016360,2420,140997.0,,,,,,,,,,,,,,,,0.0000,,,,0.0,0.0,0.0,0.0,0.0,0.0,0.0,0.0,0.0,-341054,-3652704,164388901,37474,62115,-23959,-0.020413801325073245,-0.2186327495214844,9.839504492136538,0.008663746810913087,0.014360586891174316,-0.005539166084289551,61,eca1fe00,43.51532295731,-79.68386414994,165.9849,-37.1,INSUFFICIENT_OBS,SINGLE,bad,1.3217,1.2324,2.2224,0,0,0.0,85.5,0,0,0,0,0,0,0,0,0,STATISTICANALYSIS,L1,-0.228,24.649,0.281,0.453
2026-05-25 11:09:40.019955,1779721780.019955,2420,140998.0,,,,,,,,,,,,,,,,0.0000,,,,0.0,0.0,0.0,0.0,0.0,0.0,0.0,0.0,0.0,-359613,-3639448,164360979,45055,46086,-19360,-0.02152465104034424,-0.21783931109130864,9.837833219667665,0.01041642505645752,0.010654785598754882,-0.004475906982421875,61,eca1fe00,43.51532295731,-79.68386414994,165.9849,-37.1,INSUFFICIENT_OBS,SINGLE,bad,1.3217,1.2324,2.2224,0,0,0.0,86.5,0,0,0,0,0,0,0,0,0,STATISTICANALYSIS,L1,-0.227,24.649,0.281,0.453
2026-05-25 11:09:41.027003,1779721781.027003,2420,140999.0,,,,,,,,,,,,,,,,0.0000,,,,0.0,0.0,0.0,0.0,0.0,0.0,0.0,0.0,0.0,-317457,-3686614,164369184,62379,82492,-25197,-0.019001401910705568,-0.22066243397888186,9.838324330283205,0.01442162198638916,0.019071617706298827,-0.0058253836898803715,61,eca1fe00,43.51532295731,-79.68386414994,165.9849,-37.1,INSUFFICIENT_OBS,SINGLE,bad,1.3217,1.2324,2.2224,0,0,0.0,87.5,0,0,0,0,0,0,0,0,0,STATISTICANALYSIS,L1,-0.225,24.594,0.272,0.421
2026-05-25 11:09:42.016304,1779721782.016304,2420,141000.0,,,,,,,,,,,,,,,,0.0000,,,,0.0,0.0,0.0,0.0,0.0,0.0,0.0,0.0,0.0,-340232,-3642443,164386914,27926,31222,206,-0.020364600480957035,-0.21801857694061283,9.839385560169069,0.00645631086730957,0.007218324783325195,4.762586975097656e-05,61,eca1fe00,43.51532295731,-79.68386414994,165.9849,-37.1,INSUFFICIENT_OBS,SINGLE,bad,1.3217,1.2324,2.2224,0,0,0.0,88.5,0,0,0,0,0,0,0,0,0,STATISTICANALYSIS,L1,-0.226,24.594,0.272,0.421
2026-05-25 11:09:43.018719,1779721783.018719,2420,141001.0,,,,,,,,,,,,,,,,0.0000,,,,0.0,0.0,0.0,0.0,0.0,0.0,0.0,0.0,0.0,-341839,-3690766,164386830,14903,66033,-11464,-0.02046078753265381,-0.2209109521112061,9.839380532345583,0.003445477363586426,0.015266403190612792,-0.002650402770996094,61,eca1fe00,43.51532295731,-79.68386414994,165.9849,-37.1,INSUFFICIENT_OBS,SINGLE,bad,1.3217,1.2324,2.2224,0,0,0.0,89.5,0,0,0,0,0,0,0,0,0,STATISTICANALYSIS,L1,-0.228,24.594,0.272,0.421
2026-05-25 11:09:44.016179,1779721784.016179,2420,141002.0,,,,,,,,,,,,,,,,0.0000,,,,0.0,0.0,0.0,0.0,0.0,0.0,0.0,0.0,0.0,-287131,-3667236,164356042,44458,30860,-37848,-0.017186237922058107,-0.21950256298461918,9.83753771532776,0.010278402511596679,0.0071346327209472656,-0.008750213195800782,61,eca1fe00,43.51532295731,-79.68386414994,165.9849,-37.1,INSUFFICIENT_OBS,SINGLE,bad,1.3217,1.2324,2.2224,0,0,0.0,90.5,0,0,0,0,0,0,0,0,0,STATISTICANALYSIS,L1,-0.225,24.696,0.283,0.411
2026-05-25 11:09:45.017103,1779721785.017103,2420,141003.0,,,,,,,,,,,,,,,,0.0000,,,,0.0,0.0,0.0,0.0,0.0,0.0,0.0,0.0,0.0,-287215,-3606721,164389959,43390,69590,-8723,-0.017191265745544436,-0.21588043514801028,9.839567818770448,0.010031487808227539,0.01608875862121582,-0.002016701271057129,61,eca1fe00,43.51532295731,-79.68386414994,165.9849,-37.1,INSUFFICIENT_OBS,SINGLE,bad,1.3217,1.2324,2.2224,0,0,0.0,91.5,0,0,0,0,0,0,0,0,0,STATISTICANALYSIS,L1,-0.224,24.696,0.283,0.411
2026-05-25 11:09:46.015958,1779721786.015958,2420,141004.0,,,,,,,,,,,,,,,,0.0000,,,,0.0,0.0,0.0,0.0,0.0,0.0,0.0,0.0,0.0,-367901,-3600869,164358093,15787,59950,-20449,-0.022020729624328616,-0.21553016344512943,9.837660478017884,0.00364985245513916,0.013860052871704102,-0.004727676750183106,61,eca1fe00,43.51532295731,-79.68386414994,165.9849,-37.1,INSUFFICIENT_OBS,SINGLE,bad,1.3217,1.2324,2.2224,0,0,0.0,92.5,0,0,0,0,0,0,0,0,0,STATISTICANALYSIS,L1,-0.219,24.696,0.283,0.411
2026-05-25 11:09:47.026386,1779721787.026386,2420,141005.0,,,,,,,,,,,,,,,,0.0000,,,,0.0,0.0,0.0,0.0,0.0,0.0,0.0,0.0,0.0,-324833,-3574350,164343142,52542,45190,-27668,-0.019442892696838382,-0.21394286759948733,9.83676558529236,0.012147371109008789,0.010447636184692383,-0.006396662933349609,61,eca1fe00,43.51532295731,-79.68386414994,165.9849,-37.1,INSUFFICIENT_OBS,SINGLE,bad,1.3217,1.2324,2.2224,0,0,0.0,93.5,0,0,0,0,0,0,0,0,0,STATISTICANALYSIS,L1,-0.219,24.609,0.288,0.438
2026-05-25 11:09:48.024728,1779721788.024728,2420,141006.0,,,,,,,,,,,,,,,,0.0000,,,,0.0,0.0,0.0,0.0,0.0,0.0,0.0,0.0,0.0,-314963,-3601955,164408894,55676,45873,-32561,-0.018852123437194827,-0.21559516602020268,9.840701173981325,0.012871931671142579,0.010605541374206544,-0.007527892936706543,61,eca2fe00,43.51532295731,-79.68386414994,165.9849,-37.1,INSUFFICIENT_OBS,SINGLE,bad,1.3217,1.2324,2.2224,0,0,0.0,94.5,0,0,0,0,0,0,0,0,0,STATISTICANALYSIS,L1,-0.23,24.609,0.288,0.438
2026-05-25 11:09:49.020208,1779721789.020208,2420,141007.0,,,,,,,,,,,,,,,,0.0000,,,,0.0,0.0,0.0,0.0,0.0,0.0,0.0,0.0,0.0,-318100,-3675102,164322891,15781,87646,-23814,-0.01903988870239258,-0.2199733827410889,9.835553460846864,0.003648465293884277,0.020263189224243163,-0.0055056430206298825,61,eca2fe00,43.51532295731,-79.68386414994,165.9849,-37.1,INSUFFICIENT_OBS,SINGLE,bad,1.3217,1.2324,2.2224,0,0,0.0,95.5,0,0,0,0,0,0,0,0,0,STATISTICANALYSIS,L1,-0.227,24.609,0.288,0.438
2026-05-25 11:09:50.015808,1779721790.015808,2420,141008.0,,,,,,,,,,,,,,,,0.0000,,,,0.0,0.0,0.0,0.0,0.0,0.0,0.0,0.0,0.0,-321751,-3674345,164406539,59201,75347,-30662,-0.019258419458923343,-0.21992807247467044,9.840560215358582,0.01368688890838623,0.01741973984527588,-0.007088856399536133,61,eca2fe00,43.51532295731,-79.68386414994,165.9849,-37.1,INSUFFICIENT_OBS,SINGLE,bad,1.3217,1.2324,2.2224,0,0,0.0,96.5,0,0,0,0,0,0,0,0,0,STATISTICANALYSIS,L1,-0.22,24.609,0.288,0.438
2026-05-25 11:09:51.017547,1779721791.017547,2420,141009.0,,,,,,,,,,,,,,,,0.0000,,,,0.0,0.0,0.0,0.0,0.0,0.0,0.0,0.0,0.0,-311201,-3650495,164383244,58528,79527,-20639,-0.018626948771057132,-0.21850052973480227,9.839165892166749,0.013531295654296876,0.018386128852844238,-0.004771603523254395,61,eca2fe00,43.51532295731,-79.68386414994,165.9849,-37.1,INSUFFICIENT_OBS,SINGLE,bad,1.3217,1.2324,2.2224,0,0,0.0,97.5,0,0,0,0,0,0,0,0,0,STATISTICANALYSIS,L1,-0.223,24.687,0.375,0.441
2026-05-25 11:09:52.015526,1779721792.015526,2420,141010.0,,,,,,,,,,,,,,,,0.0000,,,,0.0,0.0,0.0,0.0,0.0,0.0,0.0,0.0,0.0,-323398,-3606245,164429963,69771,11683,-36927,-0.019357000712280276,-0.21585194414825443,9.84196225985077,0.016130604652404786,0.0027010341567993163,-0.00853728394317627,61,eca2fe00,43.51532295731,-79.68386414994,165.9849,-37.1,INSUFFICIENT_OBS,SINGLE,bad,1.3217,1.2324,2.2224,0,0,0.0,98.5,0,0,0,0,0,0,0,0,0,STATISTICANALYSIS,L1,-0.216,24.687,0.375,0.441
2026-05-25 11:09:53.023891,1779721793.023891,2420,141011.0,,,,,,,,,,,,,,,,0.0000,,,,0.0,0.0,0.0,0.0,0.0,0.0,0.0,0.0,0.0,-294144,-3667317,164346066,65345,36878,-46886,-0.017606001328125002,-0.21950741124298098,9.836940601433717,0.01510734203338623,0.008525955459594727,-0.010839740432739258,61,eca2fe00,43.51532295731,-79.68386414994,165.9849,-37.1,INSUFFICIENT_OBS,SINGLE,bad,1.3217,1.2324,2.2224,0,0,0.0,99.5,0,0,0,0,0,0,0,0,0,STATISTICANALYSIS,L1,-0.223,24.687,0.375,0.441
2026-05-25 11:09:54.018538,1779721794.018538,2420,141012.0,,,,,,,,,,,,,,,,0.0000,,,,0.0,0.0,0.0,0.0,0.0,0.0,0.0,0.0,0.0,-283493,-3708140,164384994,137389,63659,-30001,-0.016968485281066897,-0.22195087360229496,9.839270638489381,0.031763449607849124,0.01471754972076416,-0.006936037467956543,61,eca2fe00,43.51532295731,-79.68386414994,165.9849,-37.1,INSUFFICIENT_OBS,SINGLE,bad,1.3217,1.2324,2.2224,0,0,0.0,100.5,0,0,0,0,0,0,0,0,0,STATISTICANALYSIS,L1,-0.224,24.603,0.325,0.451
2026-05-25 11:09:55.016522,1779721795.016522,2420,141013.0,,,,,,,,,,,,,,,,0.0000,,,,0.0,0.0,0.0,0.0,0.0,0.0,0.0,0.0,0.0,-335163,-3605926,164387207,56631,56029,-30316,-0.020061195275573734,-0.21583285039001468,9.839403097696229,0.013092721504211426,0.012953542991638183,-0.007008863433837891,61,eca1fe00,43.51532295731,-79.68386414994,165.9849,-37.1,INSUFFICIENT_OBS,SINGLE,bad,1.3217,1.2324,2.2224,0,0,0.0,101.5,0,0,0,0,0,0,0,0,0,STATISTICANALYSIS,L1,-0.228,24.603,0.325,0.451
2026-05-25 11:09:56.023770,1779721796.023770,2420,141014.0,,,,,,,,,,,,,,,,0.0000,,,,0.0,0.0,0.0,0.0,0.0,0.0,0.0,0.0,0.0,-315115,-3626421,164374797,48113,42918,-34862,-0.01886122140350342,-0.21705957946563723,9.838660296631167,0.011123414909362793,0.009922364456176757,-0.008059869277954101,61,eca2fe00,43.51532295731,-79.68386414994,165.9849,-37.1,INSUFFICIENT_OBS,SINGLE,bad,1.3217,1.2324,2.2224,0,0,0.0,102.5,0,0,0,0,0,0,0,0,0,STATISTICANALYSIS,L1,-0.232,24.603,0.325,0.451
2026-05-25 11:09:57.016472,1779721797.016472,2420,141015.0,,,,,,,,,,,,,,,,0.0000,,,,0.0,0.0,0.0,0.0,0.0,0.0,0.0,0.0,0.0,-340249,-3602350,164329154,88777,66717,-52293,-0.0203656180166626,-0.2156188087615967,9.835928332971804,0.020524669120788576,0.015424539573669434,-0.012089803916931152,61,eca2fe00,43.51532295731,-79.68386414994,165.9849,-37.1,INSUFFICIENT_OBS,SINGLE,bad,1.3217,1.2324,2.2224,0,0,0.0,103.5,0,0,0,0,0,0,0,0,0,STATISTICANALYSIS,L1,-0.216,24.598,0.36,0.432
2026-05-25 11:09:58.018288,1779721798.018288,2420,141016.0,,,,,,,,,,,,,,,,0.0000,,,,0.0,0.0,0.0,0.0,0.0,0.0,0.0,0.0,0.0,-334078,-3637035,164388395,52981,46233,-62897,-0.019996252555541993,-0.2176948808761597,9.839474205485535,0.012248865074157714,0.010688771049499512,-0.014541380241394043,61,eca1fe00,43.51532295731,-79.68386414994,165.9849,-37.1,INSUFFICIENT_OBS,SINGLE,bad,1.3217,1.2324,2.2224,0,0,0.0,104.5,0,0,0,0,0,0,0,0,0,STATISTICANALYSIS,L1,-0.224,24.598,0.36,0.432
2026-05-25 11:09:59.015864,1779721799.015864,2420,141017.0,,,,,,,,,,,,,,,,0.0000,,,,0.0,0.0,0.0,0.0,0.0,0.0,0.0,0.0,0.0,-306667,-3691187,164312786,30314,55333,-50142,-0.01835556601287842,-0.22093615108367923,9.834948625652467,0.00700840104675293,0.012792632286071777,-0.011592506607055663,61,eca2fe00,43.51532295731,-79.68386414994,165.9849,-37.1,INSUFFICIENT_OBS,SINGLE,bad,1.3217,1.2324,2.2224,0,0,0.0,105.5,0,0,0,0,0,0,0,0,0,STATISTICANALYSIS,L1,-0.219,24.598,0.36,0.432
2026-05-25 11:10:00.020659,1779721800.020659,2420,141018.0,,,,,,,,,,,,,,,,0.0000,,,,0.0,0.0,0.0,0.0,0.0,0.0,0.0,0.0,0.0,-328785,-3599776,164380928,72067,57251,-15528,-0.01967943982086182,-0.21546474188476566,9.839027267890627,0.01666142502593994,0.013236061500549316,-0.0035899733276367187,61,eca2fe00,43.51532295731,-79.68386414994,165.9849,-37.1,INSUFFICIENT_OBS,SINGLE,bad,1.3217,1.2324,2.2224,0,0,0.0,106.5,0,0,0,0,0,0,0,0,0,STATISTICANALYSIS,L1,-0.223,24.689,0.246,0.375
2026-05-25 11:10:01.015152,1779721801.015152,2420,141019.0,,,,,,,,,,,,,,,,0.0000,,,,0.0,0.0,0.0,0.0,0.0,0.0,0.0,0.0,0.0,-326296,-3599445,164338100,69372,65959,-6887,-0.019530460622558598,-0.21544492986602787,9.836463796173097,0.01603835842895508,0.015249294868469238,-0.0015922299270629884,61,eca2fe00,43.51532295731,-79.68386414994,165.9849,-37.1,INSUFFICIENT_OBS,SINGLE,bad,1.3217,1.2324,2.2224,0,0,0.0,107.5,0,0,0,0,0,0,0,0,0,STATISTICANALYSIS,L1,-0.224,24.689,0.246,0.375
2026-05-25 11:10:02.015477,1779721802.015477,2420,141020.0,,,,,,,,,,,,,,,,0.0000,,,,0.0,0.0,0.0,0.0,0.0,0.0,0.0,0.0,0.0,-352537,-3645394,164348415,59836,63745,-24564,-0.0211011167666626,-0.21819520916809085,9.83708120092621,0.013833696807861328,0.014737432365417481,-0.005679038177490234,61,eca2fe00,43.51532295731,-79.68386414994,165.9849,-37.1,INSUFFICIENT_OBS,SINGLE,bad,1.3217,1.2324,2.2224,0,0,0.0,108.5,0,0,0,0,0,0,0,0,0,STATISTICANALYSIS,L1,-0.222,24.689,0.246,0.375
2026-05-25 11:10:03.016115,1779721803.016115,2420,141021.0,,,,,,,,,,,,,,,,0.0000,,,,0.0,0.0,0.0,0.0,0.0,0.0,0.0,0.0,0.0,-347618,-3548537,164442969,62022,53732,-35666,-0.020806689817504886,-0.212397829413147,9.84274073452057,0.014339085891723632,0.012422491424560547,-0.008245748886108399,61,eca2fe00,43.51532295731,-79.68386414994,165.9849,-37.1,INSUFFICIENT_OBS,SINGLE,bad,1.3217,1.2324,2.2224,0,0,0.0,109.5,0,0,0,0,0,0,0,0,0,STATISTICANALYSIS,L1,-0.227,24.778,0.373,0.464
2026-05-25 11:10:04.022624,1779721804.022624,2420,141022.0,,,,,,,,,,,,,,,,0.0000,,,,0.0,0.0,0.0,0.0,0.0,0.0,0.0,0.0,0.0,-383863,-3626837,164327582,37414,13119,-25734,-0.022976135796813967,-0.21708447916290285,9.835834240846559,0.008649875198364259,0.0030330280838012694,-0.005949534622192383,61,eca2fe00,43.51532295731,-79.68386414994,165.9849,-37.1,INSUFFICIENT_OBS,SINGLE,bad,1.3217,1.2324,2.2224,0,0,0.0,110.5,0,0,0,0,0,0,0,0,0,STATISTICANALYSIS,L1,-0.223,24.778,0.373,0.464
2026-05-25 11:10:05.016137,1779721805.016137,2420,141023.0,,,,,,,,,,,,,,,,0.0000,,,,0.0,0.0,0.0,0.0,0.0,0.0,0.0,0.0,0.0,-334687,-3622325,164324829,61792,82095,-13869,-0.020032704275817874,-0.21681441321563724,9.835669459917298,0.014285911376953125,0.01897983386993408,-0.003206423240661621,61,eca2fe00,43.51532295731,-79.68386414994,165.9849,-37.1,INSUFFICIENT_OBS,SINGLE,bad,1.3217,1.2324,2.2224,0,0,0.0,111.5,0,0,0,0,0,0,0,0,0,STATISTICANALYSIS,L1,-0.233,24.778,0.373,0.464
2026-05-25 11:10:06.027150,1779721806.027150,2420,141024.0,,,,,,,,,,,,,,,,0.0000,,,,0.0,0.0,0.0,0.0,0.0,0.0,0.0,0.0,0.0,-258159,-3652801,164411007,57523,59289,-9947,-0.015452117659606936,-0.21863855546051028,9.840827647684023,0.013298946144104004,0.013707233940124512,-0.0022996821670532228,61,eca2fe00,43.51532295731,-79.68386414994,165.9849,-37.1,INSUFFICIENT_OBS,SINGLE,bad,1.3217,1.2324,2.2224,0,0,0.0,112.5,0,0,0,0,0,0,0,0,0,STATISTICANALYSIS,L1,-0.225,24.745,0.293,0.39
2026-05-25 11:10:07.029481,1779721807.029481,2420,141025.0,,,,,,,,,,,,,,,,0.0000,,,,0.0,0.0,0.0,0.0,0.0,0.0,0.0,0.0,0.0,-356543,-3594127,164367063,62076,39692,9375,-0.02134089606292725,-0.21512662075531008,9.838197377740174,0.014351570343017579,0.009176534088134765,0.0021674394607543944,61,eca2fe00,43.51532295731,-79.68386414994,165.9849,-37.1,INSUFFICIENT_OBS,SINGLE,bad,1.3217,1.2324,2.2224,0,0,0.0,113.5,0,0,0,0,0,0,0,0,0,STATISTICANALYSIS,L1,-0.224,24.745,0.293,0.39
2026-05-25 11:10:08.025350,1779721808.025350,2420,141026.0,,,,,,,,,,,,,,,,0.0000,,,,0.0,0.0,0.0,0.0,0.0,0.0,0.0,0.0,0.0,-392989,-3632205,164411250,69556,47179,-63983,-0.023522372905578615,-0.21740578102569583,9.840842192459109,0.016080898040771483,0.010907480140686035,-0.014792456428527832,61,eca2fe00,43.51532295731,-79.68386414994,165.9849,-37.1,INSUFFICIENT_OBS,SINGLE,bad,1.3217,1.2324,2.2224,0,0,0.0,114.5,0,0,0,0,0,0,0,0,0,STATISTICANALYSIS,L1,-0.225,24.745,0.293,0.39
2026-05-25 11:10:09.024262,1779721809.024262,2420,141027.0,,,,,,,,,,,,,,,,0.0000,,,,0.0,0.0,0.0,0.0,0.0,0.0,0.0,0.0,0.0,-322180,-3646421,164351011,93049,35746,-28350,-0.019284097271728518,-0.21825668029571535,9.837236584613954,0.021512327934265135,0.008264244369506835,-0.006554336929321289,61,eca2fe00,43.51532295731,-79.68386414994,165.9849,-37.1,INSUFFICIENT_OBS,SINGLE,bad,1.3217,1.2324,2.2224,0,0,0.0,115.5,0,0,0,0,0,0,0,0,0,STATISTICANALYSIS,L1,-0.223,24.439,0.205,0.441
2026-05-25 11:10:10.015380,1779721810.015380,2420,141028.0,,,,,,,,,,,,,,,,0.0000,,,,0.0,0.0,0.0,0.0,0.0,0.0,0.0,0.0,0.0,-296615,-3606440,164381752,60096,66537,-16352,-0.017753903135681155,-0.2158636158813477,9.839076588444826,0.01389380712890625,0.015382924736022948,-0.003780476806640625,61,eca3fe00,43.51532295731,-79.68386414994,165.9849,-37.1,INSUFFICIENT_OBS,SINGLE,bad,1.3217,1.2324,2.2224,0,0,0.0,116.5,0,0,0,0,0,0,0,0,0,STATISTICANALYSIS,L1,-0.223,24.439,0.205,0.441
2026-05-25 11:10:11.015387,1779721811.015387,2420,141029.0,,,,,,,,,,,,,,,,0.0000,,,,0.0,0.0,0.0,0.0,0.0,0.0,0.0,0.0,0.0,-310016,-3663243,164400742,86884,77586,-47699,-0.018556020546875003,-0.21926356180389409,9.840213235682985,0.020087019744873046,0.017937382186889648,-0.011027700782775878,61,eca2fe00,43.51532295731,-79.68386414994,165.9849,-37.1,INSUFFICIENT_OBS,SINGLE,bad,1.3217,1.2324,2.2224,0,0,0.0,117.5,0,0,0,0,0,0,0,0,0,STATISTICANALYSIS,L1,-0.227,24.439,0.205,0.441
2026-05-25 11:10:12.023481,1779721812.023481,2420,141030.0,,,,,,,,,,,,,,,,0.0000,,,,0.0,0.0,0.0,0.0,0.0,0.0,0.0,0.0,0.0,-333355,-3664113,164253136,44665,21957,-39459,-0.019952977360534672,-0.21931563569000248,9.83137827242676,0.010326259574890136,0.0050763166122436525,-0.009122665992736817,61,eca2fe00,43.51532295731,-79.68386414994,165.9849,-37.1,INSUFFICIENT_OBS,SINGLE,bad,1.3217,1.2324,2.2224,0,0,0.0,118.5,0,0,0,0,0,0,0,0,0,STATISTICANALYSIS,L1,-0.226,24.727,0.33,0.462
2026-05-25 11:10:13.015563,1779721813.015563,2420,141031.0,,,,,,,,,,,,,,,,0.0000,,,,0.0,0.0,0.0,0.0,0.0,0.0,0.0,0.0,0.0,-352060,-3604669,164370775,66027,4523,-20658,-0.021072565911865238,-0.21575761260284426,9.838419559654238,0.01526501602935791,0.0010456883926391602,-0.004775996200561523,61,eca2fe00,43.51532295731,-79.68386414994,165.9849,-37.1,INSUFFICIENT_OBS,SINGLE,bad,1.3217,1.2324,2.2224,0,0,0.0,119.5,0,0,0,0,0,0,0,0,0,STATISTICANALYSIS,L1,-0.231,24.727,0.33,0.462
2026-05-25 11:10:14.020395,1779721814.020395,2420,141032.0,,,,,,,,,,,,,,,,0.0000,,,,0.0,0.0,0.0,0.0,0.0,0.0,0.0,0.0,0.0,-363946,-3633050,164319957,71737,42483,-28885,-0.021784002935180666,-0.21745635853576664,9.835377846155092,0.016585131156921385,0.009821795265197754,-0.00667802547454834,61,eca2fe00,43.51532295731,-79.68386414994,165.9849,-37.1,INSUFFICIENT_OBS,SINGLE,bad,1.3217,1.2324,2.2224,0,0,0.0,120.5,0,0,0,0,0,0,0,0,0,STATISTICANALYSIS,L1,-0.22,24.727,0.33,0.462
2026-05-25 11:10:15.016406,1779721815.016406,2420,141033.0,,,,,,,,,,,,,,,,0.0000,,,,0.0,0.0,0.0,0.0,0.0,0.0,0.0,0.0,0.0,-338721,-3651946,164423449,77003,46982,-48734,-0.02027415951324463,-0.21858737940002446,9.841572364110414,0.017802596351623536,0.010861935012817382,-0.011266986099243164,61,eca2fe00,43.51532295731,-79.68386414994,165.9849,-37.1,INSUFFICIENT_OBS,SINGLE,bad,1.3217,1.2324,2.2224,0,0,0.0,121.5,0,0,0,0,0,0,0,0,0,STATISTICANALYSIS,L1,-0.223,24.589,0.327,0.435
2026-05-25 11:10:16.016142,1779721816.016142,2420,141034.0,,,,,,,,,,,,,,,,0.0000,,,,0.0,0.0,0.0,0.0,0.0,0.0,0.0,0.0,0.0,-316864,-3676907,164373711,24868,88358,-24148,-0.018965907871093753,-0.22008142109100345,9.838595294056093,0.005749321014404297,0.02042779902648926,-0.005582861663818359,61,eca2fe00,43.51532295731,-79.68386414994,165.9849,-37.1,INSUFFICIENT_OBS,SINGLE,bad,1.3217,1.2324,2.2224,0,0,0.0,122.5,0,0,0,0,0,0,0,0,0,STATISTICANALYSIS,L1,-0.227,24.589,0.327,0.435
2026-05-25 11:10:17.019809,1779721817.019809,2420,141035.0,,,,,,,,,,,,,,,,0.0000,,,,0.0,0.0,0.0,0.0,0.0,0.0,0.0,0.0,0.0,-243875,-3665368,164425935,52388,26333,9843,-0.014597148246765139,-0.21939075376708989,9.841721163743593,0.012111767303466798,0.006088019554138183,0.002275638038635254,61,eca3fe00,43.51532295731,-79.68386414994,165.9849,-37.1,INSUFFICIENT_OBS,SINGLE,bad,1.3217,1.2324,2.2224,0,0,0.0,123.5,0,0,0,0,0,0,0,0,0,STATISTICANALYSIS,L1,-0.23,24.589,0.327,0.435
2026-05-25 11:10:18.027934,1779721818.027934,2420,141036.0,,,,,,,,,,,,,,,,0.0000,,,,0.0,0.0,0.0,0.0,0.0,0.0,0.0,0.0,0.0,-394606,-3772754,164438788,65699,57842,-41226,-0.023619158507690433,-0.22581834725402836,9.842490480592042,0.015189184547424316,0.013372696884155273,-0.009531184982299806,61,eca2fe00,43.51532295731,-79.68386414994,165.9849,-37.1,INSUFFICIENT_OBS,SINGLE,bad,1.3217,1.2324,2.2224,0,0,0.0,124.5,0,0,0,0,0,0,0,0,0,STATISTICANALYSIS,L1,-0.223,24.829,0.343,0.419
2026-05-25 11:10:19.023958,1779721819.023958,2420,141037.0,,,,,,,,,,,,,,,,0.0000,,,,0.0,0.0,0.0,0.0,0.0,0.0,0.0,0.0,0.0,-357958,-3843052,164346821,93268,16157,-69865,-0.021425590946655276,-0.23002603696166996,9.836985791990053,0.02156295932006836,0.0037353940658569336,-0.01615233684539795,61,eca2fe00,43.51532295731,-79.68386414994,165.9849,-37.1,INSUFFICIENT_OBS,SINGLE,bad,1.3217,1.2324,2.2224,0,0,0.0,125.5,0,0,0,0,0,0,0,0,0,STATISTICANALYSIS,L1,-0.218,24.829,0.343,0.419
2026-05-25 11:10:20.014955,1779721820.014955,2420,141038.0,,,,,,,,,,,,,,,,0.0000,,,,0.0,0.0,0.0,0.0,0.0,0.0,0.0,0.0,0.0,-269133,-3725869,164326797,42915,85710,-20940,-0.016108966885070804,-0.22301204363311772,9.835787254638978,0.009921670875549316,0.019815598526000976,-0.004841192779541015,61,eca2fe00,43.51532295731,-79.68386414994,165.9849,-37.1,INSUFFICIENT_OBS,SINGLE,bad,1.3217,1.2324,2.2224,0,0,0.0,126.5,0,0,0,0,0,0,0,0,0,STATISTICANALYSIS,L1,-0.23,24.829,0.343,0.419
2026-05-25 11:10:21.018557,1779721821.018557,2420,141039.0,,,,,,,,,,,,,,,,0.0000,,,,0.0,0.0,0.0,0.0,0.0,0.0,0.0,0.0,0.0,-282814,-3604431,164378177,78118,39139,-21039,-0.016927843707885745,-0.21574336710296635,9.83886260667145,0.018060377151489258,0.009048684059143067,-0.004864080940246582,61,eca2fe00,43.51532295731,-79.68386414994,165.9849,-37.1,INSUFFICIENT_OBS,SINGLE,bad,1.3217,1.2324,2.2224,0,0,0.0,127.5,0,0,0,0,0,0,0,0,0,STATISTICANALYSIS,L1,-0.225,24.641,0.284,0.44
2026-05-25 11:10:22.017047,1779721822.017047,2420,141040.0,,,,,,,,,,,,,,,,0.0000,,,,0.0,0.0,0.0,0.0,0.0,0.0,0.0,0.0,0.0,-305063,-3600681,164330478,67809,67205,-51167,-0.018259558526306154,-0.2155189106973267,9.836007581046754,0.015677002922058106,0.015537362022399902,-0.011829479988098145,61,eca3fe00,43.51532295731,-79.68386414994,165.9849,-37.1,INSUFFICIENT_OBS,SINGLE,bad,1.3217,1.2324,2.2224,0,0,0.0,128.5,0,0,0,0,0,0,0,0,0,STATISTICANALYSIS,L1,-0.225,24.641,0.284,0.44
2026-05-25 11:10:23.015020,1779721823.015020,2420,141041.0,,,,,,,,,,,,,,,,0.0000,,,,0.0,0.0,0.0,0.0,0.0,0.0,0.0,0.0,0.0,-336393,-3653147,164396144,78247,38701,-26691,-0.02013481697662354,-0.21865926530487065,9.83993802220215,0.018090201118469238,0.008947421287536622,-0.006170786842346191,61,eca3fe00,43.51532295731,-79.68386414994,165.9849,-37.1,INSUFFICIENT_OBS,SINGLE,bad,1.3217,1.2324,2.2224,0,0,0.0,129.5,0,0,0,0,0,0,0,0,0,STATISTICANALYSIS,L1,-0.222,24.641,0.284,0.44
2026-05-25 11:10:24.014618,1779721824.014618,2420,141042.0,,,,,,,,,,,,,,,,0.0000,,,,0.0,0.0,0.0,0.0,0.0,0.0,0.0,0.0,0.0,-313314,-3606668,164410632,69215,66867,-34987,-0.018753422473754885,-0.21587726283081057,9.840805202043459,0.016002061042785645,0.015459218605041503,-0.00808876847076416,61,eca2fe00,43.51532295731,-79.68386414994,165.9849,-37.1,INSUFFICIENT_OBS,SINGLE,bad,1.3217,1.2324,2.2224,0,0,0.0,130.5,0,0,0,0,0,0,0,0,0,STATISTICANALYSIS,L1,-0.218,24.679,0.316,0.448
2026-05-25 11:10:25.014321,1779721825.014321,2420,141043.0,,,,,,,,,,,,,,,,0.0000,,,,0.0,0.0,0.0,0.0,0.0,0.0,0.0,0.0,0.0,-214407,-3655209,164351434,34678,55451,-26528,-0.01283333988372803,-0.2187826864004517,9.83726190329651,0.008017329666137695,0.012819913124084472,-0.006133102294921875,61,eca3fe00,43.51532295731,-79.68386414994,165.9849,-37.1,INSUFFICIENT_OBS,SINGLE,bad,1.3217,1.2324,2.2224,0,0,0.0,131.5,0,0,0,0,0,0,0,0,0,STATISTICANALYSIS,L1,-0.223,24.679,0.316,0.448
2026-05-25 11:10:26.014354,1779721826.014354,2420,141044.0,,,,,,,,,,,,,,,,0.0000,,,,0.0,0.0,0.0,0.0,0.0,0.0,0.0,0.0,0.0,-355353,-3647171,164406522,20417,55004,-16323,-0.0212696685635376,-0.2183015715768433,9.840559197822877,0.004720278556823731,0.012716569610595703,-0.0037737721939086915,61,eca3fe00,43.51532295731,-79.68386414994,165.9849,-37.1,INSUFFICIENT_OBS,SINGLE,bad,1.3217,1.2324,2.2224,0,0,0.0,132.5,0,0,0,0,0,0,0,0,0,STATISTICANALYSIS,L1,-0.228,24.679,0.316,0.448
2026-05-25 11:10:27.014692,1779721827.014692,2420,141045.0,,,,,,,,,,,,,,,,0.0000,,,,0.0,0.0,0.0,0.0,0.0,0.0,0.0,0.0,0.0,-349073,-3663872,164332342,32622,57573,-21758,-0.02089377890289307,-0.21930121062500002,9.836119150844118,0.007541995742797852,0.013310505821228027,-0.005030309097290039,61,eca3fe00,43.51532295731,-79.68386414994,165.9849,-37.1,INSUFFICIENT_OBS,SINGLE,bad,1.3217,1.2324,2.2224,0,0,0.0,133.5,0,0,0,0,0,0,0,0,0,STATISTICANALYSIS,L1,-0.221,24.738,0.37,0.431
2026-05-25 11:10:28.014326,1779721828.014326,2420,141046.0,,,,,,,,,,,,,,,,0.0000,,,,0.0,0.0,0.0,0.0,0.0,0.0,0.0,0.0,0.0,-366410,-3619744,164376582,73375,53662,-8098,-0.021931485757446294,-0.21665992735351566,9.83876713788025,0.016963826179504395,0.012406307876586914,-0.001872205307006836,61,eca2fe00,43.51532295731,-79.68386414994,165.9849,-37.1,INSUFFICIENT_OBS,SINGLE,bad,1.3217,1.2324,2.2224,0,0,0.0,134.5,0,0,0,0,0,0,0,0,0,STATISTICANALYSIS,L1,-0.22,24.738,0.37,0.431
2026-05-25 11:10:29.014107,1779721829.014107,2420,141047.0,,,,,,,,,,,,,,,,0.0000,,,,0.0,0.0,0.0,0.0,0.0,0.0,0.0,0.0,0.0,-181965,-3628149,164335544,67406,51116,-30409,-0.010891522627258302,-0.217163008977356,9.836310806687013,0.015583831924438477,0.01181768911743164,-0.007030364433288574,61,eca3fe00,43.51532295731,-79.68386414994,165.9849,-37.1,INSUFFICIENT_OBS,SINGLE,bad,1.3217,1.2324,2.2224,0,0,0.0,135.5,0,0,0,0,0,0,0,0,0,STATISTICANALYSIS,L1,-0.22,24.738,0.37,0.431
2026-05-25 11:10:30.013769,1779721830.013769,2420,141048.0,,,,,,,,,,,,,,,,0.0000,,,,0.0,0.0,0.0,0.0,0.0,0.0,0.0,0.0,0.0,-327572,-3617274,164361362,54353,106495,-13823,-0.01960683565551758,-0.216512085401001,9.83785614414856,0.012566062614440918,0.02462095630645752,-0.0031957883377075197,61,eca3fe00,43.51532295731,-79.68386414994,165.9849,-37.1,INSUFFICIENT_OBS,SINGLE,bad,1.3217,1.2324,2.2224,0,0,0.0,136.5,0,0,0,0,0,0,0,0,0,STATISTICANALYSIS,L1,-0.222,24.792,0.365,0.397
2026-05-25 11:10:31.014843,1779721831.014843,2420,141049.0,,,,,,,,,,,,,,,,0.0000,,,,0.0,0.0,0.0,0.0,0.0,0.0,0.0,0.0,0.0,-249190,-3599744,164304900,49979,62950,-1989,-0.0149152777923584,-0.21546282652343754,9.834476608795168,0.011554822059631348,0.014553633499145508,-0.00045984395599365233,61,eca3fe00,43.51532295731,-79.68386414994,165.9849,-37.1,INSUFFICIENT_OBS,SINGLE,bad,1.3217,1.2324,2.2224,0,0,0.0,137.5,0,0,0,0,0,0,0,0,0,STATISTICANALYSIS,L1,-0.216,24.792,0.365,0.397
2026-05-25 11:10:32.015089,1779721832.015089,2420,141050.0,,,,,,,,,,,,,,,,0.0000,,,,0.0,0.0,0.0,0.0,0.0,0.0,0.0,0.0,0.0,-294510,-3614238,164355688,53535,84055,-30648,-0.01762790827331543,-0.21633036549499515,9.837516526643068,0.012376946296691895,0.0194329732131958,-0.0070856196899414066,61,eca3fe00,43.51532295731,-79.68386414994,165.9849,-37.1,INSUFFICIENT_OBS,SINGLE,bad,1.3217,1.2324,2.2224,0,0,0.0,138.5,0,0,0,0,0,0,0,0,0,STATISTICANALYSIS,L1,-0.226,24.792,0.365,0.397
2026-05-25 11:10:33.014875,1779721833.014875,2420,141051.0,,,,,,,,,,,,,,,,0.0000,,,,0.0,0.0,0.0,0.0,0.0,0.0,0.0,0.0,0.0,-367206,-3680702,164336664,46308,55066,10120,-0.0219791303704834,-0.22030857097351078,9.836377844333498,0.010706110565185547,0.012730903610229492,0.0023396786499023437,61,eca3fe00,43.51532295731,-79.68386414994,165.9849,-37.1,INSUFFICIENT_OBS,SINGLE,bad,1.3217,1.2324,2.2224,0,0,0.0,139.5,0,0,0,0,0,0,0,0,0,STATISTICANALYSIS,L1,-0.227,24.751,0.401,0.43
2026-05-25 11:10:34.015421,1779721834.015421,2420,141052.0,,,,,,,,,,,,,,,,0.0000,,,,0.0,0.0,0.0,0.0,0.0,0.0,0.0,0.0,0.0,-311278,-3603730,164400864,40271,73332,-7174,-0.018631557609252933,-0.2157014087188721,9.840220537998048,0.009310395149230957,0.016953884857177734,-0.0016585824737548828,61,eca3fe00,43.51532295731,-79.68386414994,165.9849,-37.1,INSUFFICIENT_OBS,SINGLE,bad,1.3217,1.2324,2.2224,0,0,0.0,140.5,0,0,0,0,0,0,0,0,0,STATISTICANALYSIS,L1,-0.22,24.751,0.401,0.43
2026-05-25 11:10:35.015451,1779721835.015451,2420,141053.0,,,,,,,,,,,,,,,,0.0000,,,,0.0,0.0,0.0,0.0,0.0,0.0,0.0,0.0,0.0,-314867,-3623433,164376558,62798,67781,-43548,-0.01884637735321045,-0.21688073260162358,9.838765701359254,0.014518492080688476,0.015670529502868652,-0.010068016387939454,61,eca3fe00,43.51532295731,-79.68386414994,165.9849,-37.1,INSUFFICIENT_OBS,SINGLE,bad,1.3217,1.2324,2.2224,0,0,0.0,141.5,0,0,0,0,0,0,0,0,0,STATISTICANALYSIS,L1,-0.226,24.751,0.401,0.43
2026-05-25 11:10:36.014312,1779721836.014312,2420,141054.0,,,,,,,,,,,,,,,,0.0000,,,,0.0,0.0,0.0,0.0,0.0,0.0,0.0,0.0,0.0,-316375,-3688847,164359918,70564,88337,-59435,-0.018936638755798343,-0.22079609028656008,9.83776971346863,0.0163139411315918,0.020422943962097168,-0.01374098819732666,61,eca3fe00,43.51532295731,-79.68386414994,165.9849,-37.1,INSUFFICIENT_OBS,SINGLE,bad,1.3217,1.2324,2.2224,0,0,0.0,142.5,0,0,0,0,0,0,0,0,0,STATISTICANALYSIS,L1,-0.219,24.741,0.428,0.446
2026-05-25 11:10:37.013833,1779721837.013833,2420,141055.0,,,,,,,,,,,,,,,,0.0000,,,,0.0,0.0,0.0,0.0,0.0,0.0,0.0,0.0,0.0,-368323,-3619529,164338538,46662,71114,-30803,-0.022045988451843263,-0.21664705851959232,9.836490012681276,0.010787953079223632,0.016441097579956054,-0.007121454689025879,61,eca3fe00,43.51532295731,-79.68386414994,165.9849,-37.1,INSUFFICIENT_OBS,SINGLE,bad,1.3217,1.2324,2.2224,0,0,0.0,143.5,0,0,0,0,0,0,0,0,0,STATISTICANALYSIS,L1,-0.221,24.741,0.428,0.446
2026-05-25 11:10:38.014337,1779721838.014337,2420,141056.0,,,,,,,,,,,,,,,,0.0000,,,,0.0,0.0,0.0,0.0,0.0,0.0,0.0,0.0,0.0,-221076,-3222910,164361803,27349,71753,-12509,-0.01323251315551758,-0.19290741181335452,9.837882540221864,0.00632291219329834,0.016588830253601073,-0.0028920000228881836,61,eca3fe00,43.51532295731,-79.68386414994,165.9849,-37.1,INSUFFICIENT_OBS,SINGLE,bad,1.3217,1.2324,2.2224,0,0,0.0,144.5,0,0,0,0,0,0,0,0,0,STATISTICANALYSIS,L1,-0.229,24.741,0.428,0.446
2026-05-25 11:10:39.014250,1779721839.014250,2420,141057.0,,,,,,,,,,,,,,,,0.0000,,,,0.0,0.0,0.0,0.0,0.0,0.0,0.0,0.0,0.0,-326590,-3519891,164363547,63100,47182,8681,-0.019548058004760744,-0.2106832218942261,9.837986927414248,0.014588312530517579,0.010908173721313476,0.002006991142272949,61,eca3fe00,43.51532295731,-79.68386414994,165.9849,-37.1,INSUFFICIENT_OBS,SINGLE,bad,1.3217,1.2324,2.2224,0,0,0.0,145.5,0,0,0,0,0,0,0,0,0,STATISTICANALYSIS,L1,-0.223,24.585,0.285,0.427
2026-05-25 11:10:40.016168,1779721840.016168,2420,141058.0,,,,,,,,,,,,,,,,0.0000,,,,0.0,0.0,0.0,0.0,0.0,0.0,0.0,0.0,0.0,-281567,-3573135,164390753,35195,50833,-21062,-0.016853204471130374,-0.2138701437240601,9.839615343673403,0.008136856727600098,0.011752261344909668,-0.004869398391723633,61,eca3fe00,43.51532295731,-79.68386414994,165.9849,-37.1,INSUFFICIENT_OBS,SINGLE,bad,1.3217,1.2324,2.2224,0,0,0.0,146.5,0,0,0,0,0,0,0,0,0,STATISTICANALYSIS,L1,-0.224,24.585,0.285,0.427
2026-05-25 11:10:41.014422,1779721841.014422,2420,141059.0,,,,,,,,,,,,,,,,0.0000,,,,0.0,0.0,0.0,0.0,0.0,0.0,0.0,0.0,0.0,-307859,-3650945,164376473,114157,64163,-44628,-0.018426913222351078,-0.21852746450347904,9.838760613680726,0.02639236122894287,0.014834071266174316,-0.01031770541381836,61,eca3fe00,43.51532295731,-79.68386414994,165.9849,-37.1,INSUFFICIENT_OBS,SINGLE,bad,1.3217,1.2324,2.2224,0,0,0.0,147.5,0,0,0,0,0,0,0,0,0,STATISTICANALYSIS,L1,-0.219,24.585,0.285,0.427
2026-05-25 11:10:42.019617,1779721842.019617,2420,141060.0,,,,,,,,,,,,,,,,0.0000,,,,0.0,0.0,0.0,0.0,0.0,0.0,0.0,0.0,0.0,-329974,-3541319,164397827,103280,70858,-33710,-0.019750607465209964,-0.2119657957235718,9.840038758237,0.023877669067382812,0.016381912033081054,-0.007793534317016602,61,eca3fe00,43.51532295731,-79.68386414994,165.9849,-37.1,INSUFFICIENT_OBS,SINGLE,bad,1.3217,1.2324,2.2224,0,0,0.0,148.5,0,0,0,0,0,0,0,0,0,STATISTICANALYSIS,L1,-0.226,24.708,0.372,0.446
2026-05-25 11:10:43.014622,1779721843.014622,2420,141061.0,,,,,,,,,,,,,,,,0.0000,,,,0.0,0.0,0.0,0.0,0.0,0.0,0.0,0.0,0.0,-298116,-3638426,164347903,58624,20556,-27181,-0.01784374555297852,-0.21777813923889164,9.83705055514496,0.013553490234375,0.004752414459228515,-0.006284071678161621,61,eca4fe00,43.51532295731,-79.68386414994,165.9849,-37.1,INSUFFICIENT_OBS,SINGLE,bad,1.3217,1.2324,2.2224,0,0,0.0,149.5,0,0,0,0,0,0,0,0,0,STATISTICANALYSIS,L1,-0.228,24.708,0.372,0.446
2026-05-25 11:10:44.013696,1779721844.013696,2420,141062.0,,,,,,,,,,,,,,,,0.0000,,,,0.0,0.0,0.0,0.0,0.0,0.0,0.0,0.0,0.0,-298982,-3642398,164336632,55211,49659,-13183,-0.0178955800189209,-0.21801588346374515,9.836375928972169,0.01276442667388916,0.011480840126037598,-0.0030478244705200194,61,eca4fe00,43.51532295731,-79.68386414994,165.9849,-37.1,INSUFFICIENT_OBS,SINGLE,bad,1.3217,1.2324,2.2224,0,0,0.0,150.5,0,0,0,0,0,0,0,0,0,STATISTICANALYSIS,L1,-0.225,24.708,0.372,0.446
2026-05-25 11:10:45.014084,1779721845.014084,2420,141063.0,,,,,,,,,,,,,,,,0.0000,,,,0.0,0.0,0.0,0.0,0.0,0.0,0.0,0.0,0.0,-360945,-3618273,164306203,84913,31687,-19801,-0.021604377955627443,-0.2165718805874634,9.834554599914247,0.01963133727264404,0.007325829780578613,-0.004577863334655762,61,eca3fe00,43.51532295731,-79.68386414994,165.9849,-37.1,INSUFFICIENT_OBS,SINGLE,bad,1.3217,1.2324,2.2224,0,0,0.0,151.5,0,0,0,0,0,0,0,0,0,STATISTICANALYSIS,L1,-0.226,24.712,0.243,0.41
2026-05-25 11:10:46.015117,1779721846.015117,2420,141064.0,,,,,,,,,,,,,,,,0.0000,,,,0.0,0.0,0.0,0.0,0.0,0.0,0.0,0.0,0.0,-395500,-3673988,164385649,60455,55347,-12485,-0.023672668914794925,-0.21990670422485353,9.839309843541566,0.013976805610656739,0.012795868995666504,-0.0028864513778686525,61,eca3fe00,43.51532295731,-79.68386414994,165.9849,-37.1,INSUFFICIENT_OBS,SINGLE,bad,1.3217,1.2324,2.2224,0,0,0.0,152.5,0,0,0,0,0,0,0,0,0,STATISTICANALYSIS,L1,-0.229,24.712,0.243,0.41
2026-05-25 11:10:47.014139,1779721847.014139,2420,141065.0,,,,,,,,,,,,,,,,0.0000,,,,0.0,0.0,0.0,0.0,0.0,0.0,0.0,0.0,0.0,-326943,-3669758,164397821,97325,65986,-8529,-0.019569186834411625,-0.21965351739929204,9.840038399106751,0.02250091152191162,0.015255537094116211,-0.001971849723815918,61,eca4fe00,43.51532295731,-79.68386414994,165.9849,-37.1,INSUFFICIENT_OBS,SINGLE,bad,1.3217,1.2324,2.2224,0,0,0.0,153.5,0,0,0,0,0,0,0,0,0,STATISTICANALYSIS,L1,-0.222,24.712,0.243,0.41
2026-05-25 11:10:48.013936,1779721848.013936,2420,141066.0,,,,,,,,,,,,,,,,0.0000,,,,0.0,0.0,0.0,0.0,0.0,0.0,0.0,0.0,0.0,-324846,-3682289,164381261,82218,49660,-4636,-0.019443670812377932,-0.22040356092437746,9.839047199619447,0.01900827067565918,0.011481071319580078,-0.0010718132629394532,61,eca4fe00,43.51532295731,-79.68386414994,165.9849,-37.1,INSUFFICIENT_OBS,SINGLE,bad,1.3217,1.2324,2.2224,0,0,0.0,154.5,0,0,0,0,0,0,0,0,0,STATISTICANALYSIS,L1,-0.23,24.741,0.323,0.38
2026-05-25 11:10:49.013911,1779721849.013911,2420,141067.0,,,,,,,,,,,,,,,,0.0000,,,,0.0,0.0,0.0,0.0,0.0,0.0,0.0,0.0,0.0,-326537,-3679160,164420586,65695,37434,-9179,-0.019544885687561037,-0.22021627449951175,9.841400999126588,0.015188259773254395,0.008654499069213867,-0.0021221255264282225,61,eca4fe00,43.51532295731,-79.68386414994,165.9849,-37.1,INSUFFICIENT_OBS,SINGLE,bad,1.3217,1.2324,2.2224,0,0,0.0,155.5,0,0,0,0,0,0,0,0,0,STATISTICANALYSIS,L1,-0.223,24.741,0.323,0.38
2026-05-25 11:10:50.013358,1779721850.013358,2420,141068.0,,,,,,,,,,,,,,,,0.0000,,,,0.0,0.0,0.0,0.0,0.0,0.0,0.0,0.0,0.0,-390216,-3626075,164392976,91157,30288,-32051,-0.023356394875488285,-0.2170388696212769,9.839748401430665,0.02107490975189209,0.007002390014648438,-0.007409984230041504,61,eca4fe00,43.51532295731,-79.68386414994,165.9849,-37.1,INSUFFICIENT_OBS,SINGLE,bad,1.3217,1.2324,2.2224,0,0,0.0,156.5,0,0,0,0,0,0,0,0,0,STATISTICANALYSIS,L1,-0.227,24.741,0.323,0.38
2026-05-25 11:10:51.013713,1779721851.013713,2420,141069.0,,,,,,,,,,,,,,,,0.0000,,,,0.0,0.0,0.0,0.0,0.0,0.0,0.0,0.0,0.0,-284946,-3664201,164431165,88954,69480,-20232,-0.017055454656372072,-0.2193209029336548,9.842034205610657,0.020565590377807617,0.01606332733154297,-0.0046775077514648435,61,eca4fe00,43.51532295731,-79.68386414994,165.9849,-37.1,INSUFFICIENT_OBS,SINGLE,bad,1.3217,1.2324,2.2224,0,0,0.0,157.5,0,0,0,0,0,0,0,0,0,STATISTICANALYSIS,L1,-0.229,24.683,0.375,0.438
2026-05-25 11:10:52.014080,1779721852.014080,2420,141070.0,,,,,,,,,,,,,,,,0.0000,,,,0.0,0.0,0.0,0.0,0.0,0.0,0.0,0.0,0.0,-282297,-3647579,164399634,45792,44038,-52400,-0.016896898651428224,-0.2183259924337769,9.840146916296998,0.010586814697265625,0.010181301223754883,-0.012114541625976562,61,eca4fe00,43.51532295731,-79.68386414994,165.9849,-37.1,INSUFFICIENT_OBS,SINGLE,bad,1.3217,1.2324,2.2224,0,0,0.0,158.5,0,0,0,0,0,0,0,0,0,STATISTICANALYSIS,L1,-0.225,24.683,0.375,0.438
2026-05-25 11:10:53.014175,1779721853.014175,2420,141071.0,,,,,,,,,,,,,,,,0.0000,,,,0.0,0.0,0.0,0.0,0.0,0.0,0.0,0.0,0.0,-334720,-3649819,164405412,37214,56128,-30895,-0.020034679492187502,-0.21846006772674564,9.840492758726809,0.008603636489868165,0.01297643115234375,-0.007142724494934082,61,eca4fe00,43.51532295731,-79.68386414994,165.9849,-37.1,INSUFFICIENT_OBS,SINGLE,bad,1.3217,1.2324,2.2224,0,0,0.0,159.5,0,0,0,0,0,0,0,0,0,STATISTICANALYSIS,L1,-0.225,24.683,0.375,0.438
2026-05-25 11:10:54.013726,1779721854.013726,2420,141072.0,,,,,,,,,,,,,,,,0.0000,,,,0.0,0.0,0.0,0.0,0.0,0.0,0.0,0.0,0.0,-304467,-3667248,164319590,47505,67472,-5300,-0.018223884921569827,-0.21950328124511723,9.835355879354859,0.010982849235534668,0.015599090698242188,-0.0012253257751464843,61,eca4fe00,43.51532295731,-79.68386414994,165.9849,-37.1,INSUFFICIENT_OBS,SINGLE,bad,1.3217,1.2324,2.2224,0,0,0.0,160.5,0,0,0,0,0,0,0,0,0,STATISTICANALYSIS,L1,-0.223,24.62,0.317,0.433
2026-05-25 11:10:55.014429,1779721855.014429,2420,141073.0,,,,,,,,,,,,,,,,0.0000,,,,0.0,0.0,0.0,0.0,0.0,0.0,0.0,0.0,0.0,-280312,-3582160,164351171,74662,28276,-20305,-0.01677808639404297,-0.21441033547363283,9.837246161420595,0.01726137226867676,0.006537228607177734,-0.004694384880065918,61,eca4fe00,43.51532295731,-79.68386414994,165.9849,-37.1,INSUFFICIENT_OBS,SINGLE,bad,1.3217,1.2324,2.2224,0,0,0.0,161.5,0,0,0,0,0,0,0,0,0,STATISTICANALYSIS,L1,-0.228,24.62,0.317,0.433
2026-05-25 11:10:56.014708,1779721856.014708,2420,141074.0,,,,,,,,,,,,,,,,0.0000,,,,0.0,0.0,0.0,0.0,0.0,0.0,0.0,0.0,0.0,-285912,-3572140,164372501,88511,93958,-19065,-0.017113274626464847,-0.2138105879577637,9.838522869455874,0.02046317163848877,0.02172248286437988,-0.004407704887390136,61,eca4fe00,43.51532295731,-79.68386414994,165.9849,-37.1,INSUFFICIENT_OBS,SINGLE,bad,1.3217,1.2324,2.2224,0,0,0.0,162.5,0,0,0,0,0,0,0,0,0,STATISTICANALYSIS,L1,-0.222,24.62,0.317,0.433
2026-05-25 11:10:57.014504,1779721857.014504,2420,141075.0,,,,,,,,,,,,,,,,0.0000,,,,0.0,0.0,0.0,0.0,0.0,0.0,0.0,0.0,0.0,-307157,-3606276,164377308,56375,78719,-29125,-0.018384894983215334,-0.21585379965454105,9.838810592640382,0.013033535957336426,0.018199324470520018,-0.0067335119247436525,61,eca4fe00,43.51532295731,-79.68386414994,165.9849,-37.1,INSUFFICIENT_OBS,SINGLE,bad,1.3217,1.2324,2.2224,0,0,0.0,163.5,0,0,0,0,0,0,0,0,0,STATISTICANALYSIS,L1,-0.225,24.661,0.417,0.414
2026-05-25 11:10:58.013921,1779721858.013921,2420,141076.0,,,,,,,,,,,,,,,,0.0000,,,,0.0,0.0,0.0,0.0,0.0,0.0,0.0,0.0,0.0,-337942,-3659460,164346322,16451,32001,-15331,-0.02022753243591309,-0.2190371301818848,9.836955924324343,0.0038033649673461915,0.007398424552917481,-0.0035444281997680663,61,eca5fe00,43.51532295731,-79.68386414994,165.9849,-37.1,INSUFFICIENT_OBS,SINGLE,bad,1.3217,1.2324,2.2224,0,0,0.0,164.5,0,0,0,0,0,0,0,0,0,STATISTICANALYSIS,L1,-0.225,24.661,0.417,0.414
2026-05-25 11:10:59.014269,1779721859.014269,2420,141077.0,,,,,,,,,,,,,,,,0.0000,,,,0.0,0.0,0.0,0.0,0.0,0.0,0.0,0.0,0.0,-310057,-3614151,164332490,14403,74277,-48209,-0.018558474603576663,-0.2163251581063843,9.83612800939026,0.0033298805923461915,0.017172362754821778,-0.011145609489440917,61,eca4fe00,43.51532295731,-79.68386414994,165.9849,-37.1,INSUFFICIENT_OBS,SINGLE,bad,1.3217,1.2324,2.2224,0,0,0.0,165.5,0,0,0,0,0,0,0,0,0,STATISTICANALYSIS,L1,-0.219,24.661,0.417,0.414
2026-05-25 11:11:00.014596,1779721860.014596,2420,141078.0,,,,,,,,,,,,,,,,0.0000,,,,0.0,0.0,0.0,0.0,0.0,0.0,0.0,0.0,0.0,-365141,-3650160,164423597,14989,125785,-17244,-0.021855529709777836,-0.21848047829589848,9.841581222656556,0.003465360008239746,0.029080679740905762,-0.003986701446533203,61,eca4fe00,43.51532295731,-79.68386414994,165.9849,-37.1,INSUFFICIENT_OBS,SINGLE,bad,1.3217,1.2324,2.2224,0,0,0.0,166.5,0,0,0,0,0,0,0,0,0,STATISTICANALYSIS,L1,-0.221,24.696,0.371,0.448
2026-05-25 11:11:01.014927,1779721861.014927,2420,141079.0,,,,,,,,,,,,,,,,0.0000,,,,0.0,0.0,0.0,0.0,0.0,0.0,0.0,0.0,0.0,-426447,-3731478,164380700,77237,26914,-12427,-0.025525002884216313,-0.22334777056091312,9.839013620941163,0.017856695640563965,0.006222343002319336,-0.002873042152404785,61,eca5fe00,43.51532295731,-79.68386414994,165.9849,-37.1,INSUFFICIENT_OBS,SINGLE,bad,1.3217,1.2324,2.2224,0,0,0.0,167.5,0,0,0,0,0,0,0,0,0,STATISTICANALYSIS,L1,-0.23,24.696,0.371,0.448
2026-05-25 11:11:02.014268,1779721862.014268,2420,141080.0,,,,,,,,,,,,,,,,0.0000,,,,0.0,0.0,0.0,0.0,0.0,0.0,0.0,0.0,0.0,-344712,-3617632,164451847,78840,43662,-15967,-0.020632751066894533,-0.2165335135058594,9.843272127579041,0.018227298889160155,0.010094372451782227,-0.0036914672927856446,61,eca4fe00,43.51532295731,-79.68386414994,165.9849,-37.1,INSUFFICIENT_OBS,SINGLE,bad,1.3217,1.2324,2.2224,0,0,0.0,168.5,0,0,0,0,0,0,0,0,0,STATISTICANALYSIS,L1,-0.223,24.696,0.371,0.448
2026-05-25 11:11:03.018156,1779721863.018156,2420,141081.0,,,,,,,,,,,,,,,,0.0000,,,,0.0,0.0,0.0,0.0,0.0,0.0,0.0,0.0,0.0,-225357,-3566994,164375705,44622,78571,-39313,-0.013488752588195803,-0.2135025739141846,9.838714645008851,0.010316318252563477,0.01816510782623291,-0.009088911735534668,61,eca5fe00,43.51532295731,-79.68386414994,165.9849,-37.1,INSUFFICIENT_OBS,SINGLE,bad,1.3217,1.2324,2.2224,0,0,0.0,169.5,0,0,0,0,0,0,0,0,0,STATISTICANALYSIS,L1,-0.227,24.714,0.351,0.451
2026-05-25 11:11:04.013863,1779721864.013863,2420,141082.0,,,,,,,,,,,,,,,,0.0000,,,,0.0,0.0,0.0,0.0,0.0,0.0,0.0,0.0,0.0,-261370,-3572719,164357603,26885,60309,-42654,-0.01564431219787598,-0.21384524402679447,9.837631149047548,0.006215638389587402,0.01394305135345459,-0.009861329360961913,61,eca5fe00,43.51532295731,-79.68386414994,165.9849,-37.1,INSUFFICIENT_OBS,SINGLE,bad,1.3217,1.2324,2.2224,0,0,0.0,170.5,0,0,0,0,0,0,0,0,0,STATISTICANALYSIS,L1,-0.224,24.714,0.351,0.451
2026-05-25 11:11:05.013580,1779721865.013580,2420,141083.0,,,,,,,,,,,,,,,,0.0000,,,,0.0,0.0,0.0,0.0,0.0,0.0,0.0,0.0,0.0,-327630,-3588087,164410002,46668,86411,-50844,-0.019610307247924806,-0.2147650963046265,9.840767493367311,0.010789340240478515,0.019977665199279786,-0.011754804473876954,61,eca5fe00,43.51532295731,-79.68386414994,165.9849,-37.1,INSUFFICIENT_OBS,SINGLE,bad,1.3217,1.2324,2.2224,0,0,0.0,171.5,0,0,0,0,0,0,0,0,0,STATISTICANALYSIS,L1,-0.227,24.714,0.351,0.451
2026-05-25 11:11:06.013931,1779721866.013931,2420,141084.0,,,,,,,,,,,,,,,,0.0000,,,,0.0,0.0,0.0,0.0,0.0,0.0,0.0,0.0,0.0,-250875,-3629176,164359695,75922,28590,-24736,-0.015016133537292482,-0.2172244801049805,9.837756365794373,0.017552676132202148,0.006609823379516601,-0.005718803466796875,61,eca5fe00,43.51532295731,-79.68386414994,165.9849,-37.1,INSUFFICIENT_OBS,SINGLE,bad,1.3217,1.2324,2.2224,0,0,0.0,172.5,0,0,0,0,0,0,0,0,0,STATISTICANALYSIS,L1,-0.223,24.863,0.409,0.432
2026-05-25 11:11:07.013619,1779721867.013619,2420,141085.0,,,,,,,,,,,,,,,,0.0000,,,,0.0,0.0,0.0,0.0,0.0,0.0,0.0,0.0,0.0,-325153,-3656466,164337246,47835,42762,-7802,-0.01946204631011963,-0.2188579241876221,9.836412679967653,0.011059143104553222,0.009886298263549805,-0.0018037720184326171,61,eca5fe00,43.51532295731,-79.68386414994,165.9849,-37.1,INSUFFICIENT_OBS,SINGLE,bad,1.3217,1.2324,2.2224,0,0,0.0,173.5,0,0,0,0,0,0,0,0,0,STATISTICANALYSIS,L1,-0.234,24.863,0.409,0.432
2026-05-25 11:11:08.013987,1779721868.013987,2420,141086.0,,,,,,,,,,,,,,,,0.0000,,,,0.0,0.0,0.0,0.0,0.0,0.0,0.0,0.0,0.0,-330152,-3580685,164369216,50548,45607,-54629,-0.01976126166259766,-0.21432204928741458,9.838326245644533,0.011686371185302734,0.010544043891906739,-0.012629872032165528,61,eca5fe00,43.51532295731,-79.68386414994,165.9849,-37.1,INSUFFICIENT_OBS,SINGLE,bad,1.3217,1.2324,2.2224,0,0,0.0,174.5,0,0,0,0,0,0,0,0,0,STATISTICANALYSIS,L1,-0.228,24.863,0.409,0.432
2026-05-25 11:11:09.014146,1779721869.014146,2420,141087.0,,,,,,,,,,,,,,,,0.0000,,,,0.0,0.0,0.0,0.0,0.0,0.0,0.0,0.0,0.0,-407923,-3611533,164398606,24811,34968,-56326,-0.02441624809539795,-0.21616845760772707,9.840085385314332,0.00573614298248291,0.00808437579345703,-0.013022207473754883,61,eca4fe00,43.51532295731,-79.68386414994,165.9849,-37.1,INSUFFICIENT_OBS,SINGLE,bad,1.3217,1.2324,2.2224,0,0,0.0,175.5,0,0,0,0,0,0,0,0,0,STATISTICANALYSIS,L1,-0.217,24.843,0.414,0.381
2026-05-25 11:11:10.014048,1779721870.014048,2420,141088.0,,,,,,,,,,,,,,,,0.0000,,,,0.0,0.0,0.0,0.0,0.0,0.0,0.0,0.0,0.0,-360330,-3622130,164449418,62048,65729,-32577,-0.02156756710510254,-0.21680274148254397,9.843126739683228,0.014345096923828125,0.01519612035369873,-0.0075315920333862306,61,eca5fe00,43.51532295731,-79.68386414994,165.9849,-37.1,INSUFFICIENT_OBS,SINGLE,bad,1.3217,1.2324,2.2224,0,0,0.0,176.5,0,0,0,0,0,0,0,0,0,STATISTICANALYSIS,L1,-0.231,24.843,0.414,0.381
2026-05-25 11:11:11.013095,1779721871.013095,2420,141089.0,,,,,,,,,,,,,,,,0.0000,,,,0.0,0.0,0.0,0.0,0.0,0.0,0.0,0.0,0.0,-360710,-3635175,164377285,37335,38445,-25424,-0.021590312020874025,-0.21758355049896244,9.838809215974427,0.008631610908508301,0.008888235740661622,-0.005877864624023437,61,eca5fe00,43.51532295731,-79.68386414994,165.9849,-37.1,INSUFFICIENT_OBS,SINGLE,bad,1.3217,1.2324,2.2224,0,0,0.0,177.5,0,0,0,0,0,0,0,0,0,STATISTICANALYSIS,L1,-0.222,24.843,0.414,0.381
2026-05-25 11:11:12.013798,1779721872.013798,2420,141090.0,,,,,,,,,,,,,,,,0.0000,,,,0.0,0.0,0.0,0.0,0.0,0.0,0.0,0.0,0.0,-251271,-3706852,164454949,83252,30242,-30397,-0.01503983613372803,-0.22187378030883792,9.843457797917788,0.019247324798583983,0.006991755111694336,-0.007027590110778808,61,eca5fe00,43.51532295731,-79.68386414994,165.9849,-37.1,INSUFFICIENT_OBS,SINGLE,bad,1.3217,1.2324,2.2224,0,0,0.0,178.5,0,0,0,0,0,0,0,0,0,STATISTICANALYSIS,L1,-0.221,24.705,0.348,0.432
2026-05-25 11:11:13.013957,1779721873.013957,2420,141091.0,,,,,,,,,,,,,,,,0.0000,,,,0.0,0.0,0.0,0.0,0.0,0.0,0.0,0.0,0.0,-283915,-3503515,164384142,41023,68197,-3445,-0.016993744108581545,-0.20970303573455815,9.83921964199402,0.00948425269317627,0.015766706016540528,-0.0007964617538452148,61,eca5fe00,43.51532295731,-79.68386414994,165.9849,-37.1,INSUFFICIENT_OBS,SINGLE,bad,1.3217,1.2324,2.2224,0,0,0.0,179.5,0,0,0,0,0,0,0,0,0,STATISTICANALYSIS,L1,-0.219,24.705,0.348,0.432
2026-05-25 11:11:14.013726,1779721874.013726,2420,141092.0,,,,,,,,,,,,,,,,0.0000,,,,0.0,0.0,0.0,0.0,0.0,0.0,0.0,0.0,0.0,-308626,-3582248,164348068,41755,57463,-14553,-0.018472822039184572,-0.2144156027172852,9.837060431226808,0.009653486366271972,0.013285074531555176,-0.0033645596237182615,61,eca5fe00,43.51532295731,-79.68386414994,165.9849,-37.1,INSUFFICIENT_OBS,SINGLE,bad,1.3217,1.2324,2.2224,0,0,0.0,180.5,0,0,0,0,0,0,0,0,0,STATISTICANALYSIS,L1,-0.226,24.705,0.348,0.432
2026-05-25 11:11:15.013558,1779721875.013558,2420,141093.0,,,,,,,,,,,,,,,,0.0000,,,,0.0,0.0,0.0,0.0,0.0,0.0,0.0,0.0,0.0,-375999,-3587466,164446562,42351,57800,-15931,-0.02250543575042725,-0.21472792632385257,9.842955793684693,0.009791277717590332,0.013362986755371094,-0.0036831443252563476,61,eca5fe00,43.51532295731,-79.68386414994,165.9849,-37.1,INSUFFICIENT_OBS,SINGLE,bad,1.3217,1.2324,2.2224,0,0,0.0,181.5,0,0,0,0,0,0,0,0,0,STATISTICANALYSIS,L1,-0.23,24.805,0.407,0.466
2026-05-25 11:11:16.017775,1779721876.017775,2420,141094.0,,,,,,,,,,,,,,,,0.0000,,,,0.0,0.0,0.0,0.0,0.0,0.0,0.0,0.0,0.0,-347521,-3629784,164316383,65114,66186,-32895,-0.020800883878479007,-0.21726087197021487,9.835163924236756,0.015053936325073243,0.015301775802612305,-0.0076051115798950195,61,eca5fe00,43.51532295731,-79.68386414994,165.9849,-37.1,INSUFFICIENT_OBS,SINGLE,bad,1.3217,1.2324,2.2224,0,0,0.0,182.5,0,0,0,0,0,0,0,0,0,STATISTICANALYSIS,L1,-0.225,24.805,0.407,0.466
2026-05-25 11:11:17.015560,1779721877.015560,2420,141095.0,,,,,,,,,,,,,,,,0.0000,,,,0.0,0.0,0.0,0.0,0.0,0.0,0.0,0.0,0.0,-391284,-3598130,164434102,88775,45422,-52139,-0.023420320059814457,-0.21536622048645024,9.842209999867555,0.020524206733703615,0.010501273086547852,-0.01205420011138916,61,eca5fe00,43.51532295731,-79.68386414994,165.9849,-37.1,INSUFFICIENT_OBS,SINGLE,bad,1.3217,1.2324,2.2224,0,0,0.0,183.5,0,0,0,0,0,0,0,0,0,STATISTICANALYSIS,L1,-0.225,24.805,0.407,0.466
2026-05-25 11:11:18.015313,1779721878.015313,2420,141096.0,,,,,,,,,,,,,,,,0.0000,,,,0.0,0.0,0.0,0.0,0.0,0.0,0.0,0.0,0.0,-325446,-3597492,164436514,27908,54624,22017,-0.019479583837280275,-0.21532803296997075,9.842354370227662,0.006452149383544922,0.012628716064453125,0.0050901882247924805,61,eca5fe00,43.51532295731,-79.68386414994,165.9849,-37.1,INSUFFICIENT_OBS,SINGLE,bad,1.3217,1.2324,2.2224,0,0,0.0,184.5,0,0,0,0,0,0,0,0,0,STATISTICANALYSIS,L1,-0.224,24.77,0.42,0.44
2026-05-25 11:11:19.014152,1779721879.014152,2420,141097.0,,,,,,,,,,,,,,,,0.0000,,,,0.0,0.0,0.0,0.0,0.0,0.0,0.0,0.0,0.0,-320483,-3591019,164287271,35166,103623,-9807,-0.01918252326629639,-0.21494059128631596,9.833421424268495,0.008130152114868163,0.023956968452453615,-0.002267315071105957,61,eca5fe00,43.51532295731,-79.68386414994,165.9849,-37.1,INSUFFICIENT_OBS,SINGLE,bad,1.3217,1.2324,2.2224,0,0,0.0,185.5,0,0,0,0,0,0,0,0,0,STATISTICANALYSIS,L1,-0.225,24.77,0.42,0.44
2026-05-25 11:11:20.013957,1779721880.013957,2420,141098.0,,,,,,,,,,,,,,,,0.0000,,,,0.0,0.0,0.0,0.0,0.0,0.0,0.0,0.0,0.0,-331372,-3599775,164343149,36902,46286,-51920,-0.019834284813232423,-0.21546468202972416,9.836766004277651,0.008531504104614257,0.010701024307250976,-0.012003568725585938,61,eca6fe00,43.51532295731,-79.68386414994,165.9849,-37.1,INSUFFICIENT_OBS,SINGLE,bad,1.3217,1.2324,2.2224,0,0,0.0,186.5,0,0,0,0,0,0,0,0,0,STATISTICANALYSIS,L1,-0.224,24.77,0.42,0.44
2026-05-25 11:11:21.014544,1779721881.014544,2420,141099.0,,,,,,,,,,,,,,,,0.0000,,,,0.0,0.0,0.0,0.0,0.0,0.0,0.0,0.0,0.0,-292358,-3629517,164435529,65774,26426,-8489,-0.017499100223999024,-0.21724489067413333,9.842295413011781,0.015206524063110351,0.006109520553588867,-0.001962601982116699,61,eca5fe00,43.51532295731,-79.68386414994,165.9849,-37.1,INSUFFICIENT_OBS,SINGLE,bad,1.3217,1.2324,2.2224,0,0,0.0,187.5,0,0,0,0,0,0,0,0,0,STATISTICANALYSIS,L1,-0.229,24.775,0.434,0.438
2026-05-25 11:11:22.015018,1779721882.015018,2420,141100.0,,,,,,,,,,,,,,,,0.0000,,,,0.0,0.0,0.0,0.0,0.0,0.0,0.0,0.0,0.0,-266263,-3641226,164418345,10822,71089,-38285,-0.01593718291595459,-0.21794573335510256,9.841266863978579,0.002501976516723633,0.01643531774139404,-0.008851244773864746,61,eca5fe00,43.51532295731,-79.68386414994,165.9849,-37.1,INSUFFICIENT_OBS,SINGLE,bad,1.3217,1.2324,2.2224,0,0,0.0,188.5,0,0,0,0,0,0,0,0,0,STATISTICANALYSIS,L1,-0.217,24.775,0.434,0.438
2026-05-25 11:11:23.023139,1779721883.023139,2420,141101.0,,,,,,,,,,,,,,,,0.0000,,,,0.0,0.0,0.0,0.0,0.0,0.0,0.0,0.0,0.0,-315039,-3586131,164355859,68408,42457,-27125,-0.018856672420349125,-0.21464801984344486,9.837526761855164,0.015815487854003905,0.009815784233093261,-0.006271124839782715,61,eca6fe00,43.51532295731,-79.68386414994,165.9849,-37.1,INSUFFICIENT_OBS,SINGLE,bad,1.3217,1.2324,2.2224,0,0,0.0,189.5,0,0,0,0,0,0,0,0,0,STATISTICANALYSIS,L1,-0.222,24.775,0.434,0.438
2026-05-25 11:11:24.013533,1779721884.013533,2420,141102.0,,,,,,,,,,,,,,,,0.0000,,,,0.0,0.0,0.0,0.0,0.0,0.0,0.0,0.0,0.0,-411742,-3625062,164416132,70944,66635,-9531,-0.02464483449890137,-0.21697823646423342,9.84113440477173,0.016401794677734376,0.015405581703186035,-0.002203505653381348,61,eca5fe00,43.51532295731,-79.68386414994,165.9849,-37.1,INSUFFICIENT_OBS,SINGLE,bad,1.3217,1.2324,2.2224,0,0,0.0,190.5,0,0,0,0,0,0,0,0,0,STATISTICANALYSIS,L1,-0.225,24.775,0.434,0.438
2026-05-25 11:11:25.017435,1779721885.017435,2420,141103.0,,,,,,,,,,,,,,,,0.0000,,,,0.0,0.0,0.0,0.0,0.0,0.0,0.0,0.0,0.0,-306093,-3653001,164391742,53702,50761,-16585,-0.01832120921905518,-0.21865052646881106,9.83967454030945,0.012415555618286132,0.011735615409851075,-0.0038343449020385744,61,eca6fe00,43.51532295731,-79.68386414994,165.9849,-37.1,INSUFFICIENT_OBS,SINGLE,bad,1.3217,1.2324,2.2224,0,0,0.0,191.5,0,0,0,0,0,0,0,0,0,STATISTICANALYSIS,L1,-0.223,24.589,0.376,0.435
2026-05-25 11:11:26.014488,1779721886.014488,2420,141104.0,,,,,,,,,,,,,,,,0.0000,,,,0.0,0.0,0.0,0.0,0.0,0.0,0.0,0.0,0.0,-287718,-3625495,164354642,9180,66232,-17524,-0.0172213728314209,-0.21700415369720463,9.837453918269654,0.002122356719970703,0.015312410705566406,-0.004051435638427734,61,eca6fe00,43.51532295731,-79.68386414994,165.9849,-37.1,INSUFFICIENT_OBS,SINGLE,bad,1.3217,1.2324,2.2224,0,0,0.0,192.5,0,0,0,0,0,0,0,0,0,STATISTICANALYSIS,L1,-0.228,24.589,0.376,0.435
2026-05-25 11:11:27.015383,1779721887.015383,2420,141105.0,,,,,,,,,,,,,,,,0.0000,,,,0.0,0.0,0.0,0.0,0.0,0.0,0.0,0.0,0.0,-277597,-3684134,164346966,46917,57364,-24857,-0.016615579956359865,-0.22051399347595219,9.83699447097107,0.010846907432556152,0.01326218637084961,-0.005746777885437012,61,eca6fe00,43.51532295731,-79.68386414994,165.9849,-37.1,INSUFFICIENT_OBS,SINGLE,bad,1.3217,1.2324,2.2224,0,0,0.0,193.5,0,0,0,0,0,0,0,0,0,STATISTICANALYSIS,L1,-0.22,24.589,0.376,0.435
2026-05-25 11:11:28.019156,1779721888.019156,2420,141106.0,,,,,,,,,,,,,,,,0.0000,,,,0.0,0.0,0.0,0.0,0.0,0.0,0.0,0.0,0.0,-334036,-3601589,164416524,9990,53762,-32852,-0.01999373864379883,-0.21557325907501224,9.841157867947999,0.0023096234893798828,0.01242942723083496,-0.007595170257568359,61,eca6fe00,43.51532295731,-79.68386414994,165.9849,-37.1,INSUFFICIENT_OBS,SINGLE,bad,1.3217,1.2324,2.2224,0,0,0.0,194.5,0,0,0,0,0,0,0,0,0,STATISTICANALYSIS,L1,-0.226,24.721,0.354,0.45
2026-05-25 11:11:29.018009,1779721889.018009,2420,141107.0,,,,,,,,,,,,,,,,0.0000,,,,0.0,0.0,0.0,0.0,0.0,0.0,0.0,0.0,0.0,-275361,-3630835,164360326,51609,45614,-23207,-0.01648174408355713,-0.21732377961883548,9.837794134325563,0.011931667533874512,0.010545662246704102,-0.005365308540344238,61,eca6fe00,43.51532295731,-79.68386414994,165.9849,-37.1,INSUFFICIENT_OBS,SINGLE,bad,1.3217,1.2324,2.2224,0,0,0.0,195.5,0,0,0,0,0,0,0,0,0,STATISTICANALYSIS,L1,-0.219,24.721,0.354,0.45
2026-05-25 11:11:30.021872,1779721890.021872,2420,141108.0,,,,,,,,,,,,,,,,0.0000,,,,0.0,0.0,0.0,0.0,0.0,0.0,0.0,0.0,0.0,-281038,-3667684,164315717,51395,92062,9601,-0.016821541154174807,-0.21952937804321293,9.835124060779115,0.011882192115783691,0.021284139907836914,0.0022196892013549804,61,eca6fe00,43.51532295731,-79.68386414994,165.9849,-37.1,INSUFFICIENT_OBS,SINGLE,bad,1.3217,1.2324,2.2224,0,0,0.0,196.5,0,0,0,0,0,0,0,0,0,STATISTICANALYSIS,L1,-0.219,24.721,0.354,0.45
2026-05-25 11:11:31.014874,1779721891.014874,2420,141109.0,,,,,,,,,,,,,,,,0.0000,,,,0.0,0.0,0.0,0.0,0.0,0.0,0.0,0.0,0.0,-355810,-3542296,164427515,21580,77129,-17714,-0.021297022317504886,-0.2120242740991211,9.841815734709169,0.004989156646728516,0.017831726737976075,-0.004095362411499023,61,eca6fe00,43.51532295731,-79.68386414994,165.9849,-37.1,INSUFFICIENT_OBS,SINGLE,bad,1.3217,1.2324,2.2224,0,0,0.0,197.5,0,0,0,0,0,0,0,0,0,STATISTICANALYSIS,L1,-0.225,24.736,0.351,0.459
2026-05-25 11:11:32.013716,1779721892.013716,2420,141110.0,,,,,,,,,,,,,,,,0.0000,,,,0.0,0.0,0.0,0.0,0.0,0.0,0.0,0.0,0.0,-281617,-3455900,164328388,-24111,26517,-39002,-0.01685619722320557,-0.20685303793334964,9.83588248401001,-0.005574307502746582,0.00613055916595459,-0.009017010543823242,61,eca6fe00,43.51532295731,-79.68386414994,165.9849,-37.1,INSUFFICIENT_OBS,SINGLE,bad,1.3217,1.2324,2.2224,0,0,0.0,198.5,0,0,0,0,0,0,0,0,0,STATISTICANALYSIS,L1,-0.223,24.736,0.351,0.459
2026-05-25 11:11:33.014867,1779721893.014867,2420,141111.0,,,,,,,,,,,,,,,,0.0000,,,,0.0,0.0,0.0,0.0,0.0,0.0,0.0,0.0,0.0,-329173,-3646224,164388122,69402,85388,-7117,-0.019702663576965335,-0.2182448888525391,9.839457865059206,0.016045294235229494,0.019741154205322266,-0.001645404441833496,61,eca6fe00,43.51532295731,-79.68386414994,165.9849,-37.1,INSUFFICIENT_OBS,SINGLE,bad,1.3217,1.2324,2.2224,0,0,0.0,199.5,0,0,0,0,0,0,0,0,0,STATISTICANALYSIS,L1,-0.215,24.736,0.351,0.459
2026-05-25 11:11:34.031692,1779721894.031692,2420,141112.0,,,,,,,,,,,,,,,,0.0000,,,,0.0,0.0,0.0,0.0,0.0,0.0,0.0,0.0,0.0,-327697,-3593409,164342644,59553,76451,-28800,-0.01961431753570557,-0.2150836448355103,9.83673577748169,0.013768269035339356,0.017674977516174317,-0.0066583740234375,61,eca6fe00,43.51532295731,-79.68386414994,165.9849,-37.1,INSUFFICIENT_OBS,SINGLE,bad,1.3217,1.2324,2.2224,0,0,0.0,200.5,0,0,0,0,0,0,0,0,0,STATISTICANALYSIS,L1,-0.229,24.741,0.326,0.417
2026-05-25 11:11:35.027620,1779721895.027620,2420,141113.0,,,,,,,,,,,,,,,,0.0000,,,,0.0,0.0,0.0,0.0,0.0,0.0,0.0,0.0,0.0,-256981,-3634677,164311150,53508,67461,-33874,-0.015381608420715334,-0.2175537426882935,9.834850702804566,0.012370704071044921,0.015596547569274902,-0.007831450057983398,61,eca7fe00,43.51532295731,-79.68386414994,165.9849,-37.1,INSUFFICIENT_OBS,SINGLE,bad,1.3217,1.2324,2.2224,0,0,0.0,201.5,0,0,0,0,0,0,0,0,0,STATISTICANALYSIS,L1,-0.222,24.741,0.326,0.417
2026-05-25 11:11:36.014971,1779721896.014971,2420,141114.0,,,,,,,,,,,,,,,,0.0000,,,,0.0,0.0,0.0,0.0,0.0,0.0,0.0,0.0,0.0,-267920,-3646104,164313939,55389,48289,7798,-0.016036362719726565,-0.21823770624755862,9.835017638515321,0.012805579124450683,0.011164104972839355,0.0018028472442626954,61,eca6fe00,43.51532295731,-79.68386414994,165.9849,-37.1,INSUFFICIENT_OBS,SINGLE,bad,1.3217,1.2324,2.2224,0,0,0.0,202.5,0,0,0,0,0,0,0,0,0,STATISTICANALYSIS,L1,-0.224,24.741,0.326,0.417
2026-05-25 11:11:37.015259,1779721897.015259,2420,141115.0,,,,,,,,,,,,,,,,0.0000,,,,0.0,0.0,0.0,0.0,0.0,0.0,0.0,0.0,0.0,-1092259,-3321281,164398480,45876,-27632,-85112,-0.06537720777801515,-0.19879541210113527,9.840077843579103,0.010606234954833984,-0.0063883399658203124,-0.019677344787597657,61,eca7fe00,43.51532295731,-79.68386414994,165.9849,-37.1,INSUFFICIENT_OBS,SINGLE,bad,1.3217,1.2324,2.2224,0,0,0.0,203.5,0,0,0,0,0,0,0,0,0,STATISTICANALYSIS,L1,-0.224,24.744,0.399,0.444
2026-05-25 11:11:38.016026,1779721898.016026,2420,141116.0,,,,,,,,,,,,,,,,0.0000,,,,0.0,0.0,0.0,0.0,0.0,0.0,0.0,0.0,0.0,-1404603,-4035833,164760574,47195,-48466,-27207,-0.08407257086151124,-0.24156495171783451,9.861750994977418,0.010911179237365723,-0.011205026229858398,-0.006290082710266113,61,eca6fe00,43.51532295731,-79.68386414994,165.9849,-37.1,INSUFFICIENT_OBS,SINGLE,bad,1.3217,1.2324,2.2224,0,0,0.0,204.5,0,0,0,0,0,0,0,0,0,STATISTICANALYSIS,L1,-0.231,24.744,0.399,0.444
2026-05-25 11:11:39.030112,1779721899.030112,2420,141117.0,,,,,,,,,,,,,,,,0.0000,,,,0.0,0.0,0.0,0.0,0.0,0.0,0.0,0.0,0.0,-372028,-3933575,164453657,32895,-49785,-60459,-0.022267751380615236,-0.23544429488372806,9.843380465204165,0.0076051115798950195,-0.011509970512390137,-0.01397773038482666,61,eca6fe00,43.51532295731,-79.68386414994,165.9849,-37.1,INSUFFICIENT_OBS,SINGLE,bad,1.3217,1.2324,2.2224,0,0,0.0,205.5,0,0,0,0,0,0,0,0,0,STATISTICANALYSIS,L1,-0.235,24.744,0.399,0.444
2026-05-25 11:11:40.022065,1779721900.022065,2420,141118.0,,,,,,,,,,,,,,,,0.0000,,,,0.0,0.0,0.0,0.0,0.0,0.0,0.0,0.0,0.0,-299493,-3530708,164345619,93198,-25119,107413,-0.017926165945129396,-0.21133067387817386,9.836913846230164,0.021546775772094726,-0.005807350593566895,0.02483319197845459,61,eca6fe00,43.51532295731,-79.68386414994,165.9849,-37.1,INSUFFICIENT_OBS,SINGLE,bad,1.3217,1.2324,2.2224,0,0,0.0,206.5,0,0,0,0,0,0,0,0,0,STATISTICANALYSIS,L1,-0.228,24.657,0.36,0.431
2026-05-25 11:11:41.013987,1779721901.013987,2420,141119.0,,,,,,,,,,,,,,,,0.0000,,,,0.0,0.0,0.0,0.0,0.0,0.0,0.0,0.0,0.0,160809,-3483980,164389123,10336,-135104,-30013,0.009625229369201661,-0.20853376749877933,9.83951777995575,0.002389616455078125,-0.03123517236328125,-0.006938811790466308,61,eca6fe00,43.51532295731,-79.68386414994,165.9849,-37.1,INSUFFICIENT_OBS,SINGLE,bad,1.3217,1.2324,2.2224,0,0,0.0,207.5,0,0,0,0,0,0,0,0,0,STATISTICANALYSIS,L1,-0.22,24.657,0.36,0.431
2026-05-25 11:11:42.016660,1779721902.016660,2420,141120.0,,,,,,,,,,,,,,,,0.0000,,,,0.0,0.0,0.0,0.0,0.0,0.0,0.0,0.0,0.0,-4723056,51516646,144957262,240786,848294,7805666,-0.2826987129052735,3.083530984472046,8.676422933302614,0.05566816831970215,0.19612009492492677,1.8046195739593507,61,eca6fe00,43.51532295731,-79.68386414994,165.9849,-37.1,INSUFFICIENT_OBS,SINGLE,bad,1.3217,1.2324,2.2224,0,0,0.0,208.5,0,0,0,0,0,0,0,0,0,STATISTICANALYSIS,L1,-0.224,24.657,0.36,0.431
2026-05-25 11:11:43.018841,1779721903.018841,2420,141121.0,,,,,,,,,,,,,,,,0.0000,,,,0.0,0.0,0.0,0.0,0.0,0.0,0.0,0.0,0.0,-7408327,-164406,168896551,-10789203,-5444597,-28364071,-0.44342572005950937,-0.009840527953491213,10.10931006997162,-2.494394062110901,-1.2587556678085328,-6.557590053657532,61,eca7fe00,43.51532295731,-79.68386414994,165.9849,-37.1,INSUFFICIENT_OBS,SINGLE,bad,1.3217,1.2324,2.2224,0,0,0.0,209.5,0,0,0,0,0,0,0,0,0,STATISTICANALYSIS,L1,-0.223,24.676,0.345,0.418
2026-05-25 11:11:44.024420,1779721904.024420,2420,141122.0,,,,,,,,,,,,,,,,0.0000,,,,0.0,0.0,0.0,0.0,0.0,0.0,0.0,0.0,0.0,-388487,-4085920,164965248,102491,141323,231181,-0.02325290550872803,-0.24456291118164067,9.87400176574219,0.02369525736236572,0.03267296500396728,0.053447554344177244,61,eca7fe00,43.51532295731,-79.68386414994,165.9849,-37.1,INSUFFICIENT_OBS,SINGLE,bad,1.3217,1.2324,2.2224,0,0,0.0,210.5,0,0,0,0,0,0,0,0,0,STATISTICANALYSIS,L1,-0.219,24.676,0.345,0.418
2026-05-25 11:11:45.017060,1779721905.017060,2420,141123.0,,,,,,,,,,,,,,,,0.0000,,,,0.0,0.0,0.0,0.0,0.0,0.0,0.0,0.0,0.0,-215573,-3710825,164271230,-12676,99321,-75380,-0.012903130862121585,-0.22211158438873294,9.83246128954773,-0.002930609344482422,0.022962373832702637,-0.017427369232177733,61,eca7fe00,43.51532295731,-79.68386414994,165.9849,-37.1,INSUFFICIENT_OBS,SINGLE,bad,1.3217,1.2324,2.2224,0,0,0.0,211.5,0,0,0,0,0,0,0,0,0,STATISTICANALYSIS,L1,-0.232,24.676,0.345,0.418
2026-05-25 11:11:46.013537,1779721906.013537,2420,141124.0,,,,,,,,,,,,,,,,0.0000,,,,0.0,0.0,0.0,0.0,0.0,0.0,0.0,0.0,0.0,-202075,-3661978,164293034,102589,-31771,-28312,-0.012095207511901858,-0.21918784517639164,9.833766368872682,0.02371791432952881,-0.007345250038146973,-0.006545551574707031,61,eca6fe00,43.51532295731,-79.68386414994,165.9849,-37.1,INSUFFICIENT_OBS,SINGLE,bad,1.3217,1.2324,2.2224,0,0,0.0,212.5,0,0,0,0,0,0,0,0,0,STATISTICANALYSIS,L1,-0.224,24.592,0.252,0.46
2026-05-25 11:11:47.016381,1779721907.016381,2420,141125.0,,,,,,,,,,,,,,,,0.0000,,,,0.0,0.0,0.0,0.0,0.0,0.0,0.0,0.0,0.0,-249641,-3578401,164332501,54834,154163,-39349,-0.014942272416076662,-0.21418534037261966,9.836128667795716,0.012677266708374024,0.03564149008941651,-0.009097234703063966,61,eca7fe00,43.51532295731,-79.68386414994,165.9849,-37.1,INSUFFICIENT_OBS,SINGLE,bad,1.3217,1.2324,2.2224,0,0,0.0,213.5,0,0,0,0,0,0,0,0,0,STATISTICANALYSIS,L1,-0.226,24.592,0.252,0.46
2026-05-25 11:11:48.016484,1779721908.016484,2420,141126.0,,,,,,,,,,,,,,,,0.0000,,,,0.0,0.0,0.0,0.0,0.0,0.0,0.0,0.0,0.0,-371778,-3591920,164359656,84949,35488,-32113,-0.022252787620239262,-0.21499452067871097,9.837754031447755,0.01963966024017334,0.008204596435546874,-0.007424318229675293,61,eca7fe00,43.51532295731,-79.68386414994,165.9849,-37.1,INSUFFICIENT_OBS,SINGLE,bad,1.3217,1.2324,2.2224,0,0,0.0,214.5,0,0,0,0,0,0,0,0,0,STATISTICANALYSIS,L1,-0.222,24.592,0.252,0.46
2026-05-25 11:11:49.026565,1779721909.026565,2420,141127.0,,,,,,,,,,,,,,,,0.0000,,,,0.0,0.0,0.0,0.0,0.0,0.0,0.0,0.0,0.0,5700714,-3764710,164725727,896195,88569443,-513613,0.34121647307189945,-0.22533687330017094,9.859665226346133,0.2071944968032837,20.476683282691955,-0.118744008934021,61,eca7fe00,43.51532295731,-79.68386414994,165.9849,-37.1,INSUFFICIENT_OBS,SINGLE,bad,1.3217,1.2324,2.2224,0,0,0.0,215.5,0,0,0,0,0,0,0,0,0,STATISTICANALYSIS,L1,-0.221,24.705,0.358,0.457
2026-05-25 11:11:50.016247,1779721910.016247,2420,141128.0,,,,,,,,,,,,,,,,0.0000,,,,0.0,0.0,0.0,0.0,0.0,0.0,0.0,0.0,0.0,40138861,-3948587,162396186,-1423040,-134377031,1539527,2.402513191074524,-0.2363428387667847,9.72023045310608,-0.32899765869140624,-31.067101824897765,0.3559287008743286,61,eca7fe00,43.51532295731,-79.68386414994,165.9849,-37.1,INSUFFICIENT_OBS,SINGLE,bad,1.3217,1.2324,2.2224,0,0,0.0,216.5,0,0,0,0,0,0,0,0,0,STATISTICANALYSIS,L1,-0.229,24.705,0.358,0.457
2026-05-25 11:11:51.029569,1779721911.029569,2420,141129.0,,,,,,,,,,,,,,,,0.0000,,,,0.0,0.0,0.0,0.0,0.0,0.0,0.0,0.0,0.0,61861095,-4773419,152020081,-1442879,-76556660,-172643,3.702698408702088,-0.2857131923605347,9.09916825768219,-0.3335843073806763,-17.699405425872804,-0.039913946754455566,61,eca7fe00,43.51532295731,-79.68386414994,165.9849,-37.1,INSUFFICIENT_OBS,SINGLE,bad,1.3217,1.2324,2.2224,0,0,0.0,217.5,0,0,0,0,0,0,0,0,0,STATISTICANALYSIS,L1,-0.222,24.705,0.358,0.457
2026-05-25 11:11:52.013644,1779721912.013644,2420,141130.0,,,,,,,,,,,,,,,,0.0000,,,,0.0,0.0,0.0,0.0,0.0,0.0,0.0,0.0,0.0,53608118,25633756,159560441,-94232202,60046726,-150625925,3.208716127836304,1.534309529281006,9.550496818436585,-21.785876596115113,13.882415298294067,-34.8237411901474,61,eca7fe00,43.51532295731,-79.68386414994,165.9849,-37.1,INSUFFICIENT_OBS,SINGLE,bad,1.3217,1.2324,2.2224,0,0,0.0,218.5,0,0,0,0,0,0,0,0,0,STATISTICANALYSIS,L1,-0.222,24.655,0.295,0.429
2026-05-25 11:11:53.027532,1779721913.027532,2420,141131.0,,,,,,,,,,,,,,,,0.0000,,,,0.0,0.0,0.0,0.0,0.0,0.0,0.0,0.0,0.0,30296527,-8394788,174882690,38912,89067226,25027416,1.8133998810092167,-0.5024703841564943,10.467610668264772,0.008996203125,20.59176749784851,5.7861769641723635,61,eca7fe00,43.51532295731,-79.68386414994,165.9849,-37.1,INSUFFICIENT_OBS,SINGLE,bad,1.3217,1.2324,2.2224,0,0,0.0,219.5,0,0,0,0,0,0,0,0,0,STATISTICANALYSIS,L1,-0.226,24.655,0.295,0.429
2026-05-25 11:11:54.019561,1779721914.019561,2420,141132.0,,,,,,,,,,,,,,,,0.0000,,,,0.0,0.0,0.0,0.0,0.0,0.0,0.0,0.0,0.0,-4283435,-3771684,167889669,-547610,707409,7869,-0.2563851797042847,-0.22575430235961919,10.049043106072084,-0.1266038957977295,0.1635483926925659,0.0018192619857788086,61,eca7fe00,43.51532295731,-79.68386414994,165.9849,-37.1,INSUFFICIENT_OBS,SINGLE,bad,1.3217,1.2324,2.2224,0,0,0.0,220.5,0,0,0,0,0,0,0,0,0,STATISTICANALYSIS,L1,-0.232,24.655,0.295,0.429
2026-05-25 11:11:55.022074,1779721915.022074,2420,141133.0,,,,,,,,,,,,,,,,0.0000,,,,0.0,0.0,0.0,0.0,0.0,0.0,0.0,0.0,0.0,-1072075,-3448610,164389624,189329,99198,88448,-0.06416909362030031,-0.20641669468078616,9.839547767331544,0.043771642204284665,0.02293393702697754,0.0204486064453125,61,eca7fe00,43.51532295731,-79.68386414994,165.9849,-37.1,INSUFFICIENT_OBS,SINGLE,bad,1.3217,1.2324,2.2224,0,0,0.0,221.5,0,0,0,0,0,0,0,0,0,STATISTICANALYSIS,L1,-0.22,24.691,0.34,0.467
2026-05-25 11:11:56.020028,1779721916.020028,2420,141134.0,,,,,,,,,,,,,,,,0.0000,,,,0.0,0.0,0.0,0.0,0.0,0.0,0.0,0.0,0.0,-1119616,-3402985,164405732,45340,101576,-47679,-0.06701466214843751,-0.20368580841217043,9.840511912340089,0.010482315216064454,0.023483715270996092,-0.01102307691192627,61,eca7fe00,43.51532295731,-79.68386414994,165.9849,-37.1,INSUFFICIENT_OBS,SINGLE,bad,1.3217,1.2324,2.2224,0,0,0.0,222.5,0,0,0,0,0,0,0,0,0,STATISTICANALYSIS,L1,-0.234,24.691,0.34,0.467
2026-05-25 11:11:57.013922,1779721917.013922,2420,141135.0,,,,,,,,,,,,,,,,0.0000,,,,0.0,0.0,0.0,0.0,0.0,0.0,0.0,0.0,0.0,-1193864,-3492655,164434244,77581,-62,-34473,-0.07145877927001953,-0.2090530099838257,9.84221849928345,0.017936226219177245,-1.4333999633789063e-05,-0.007969934989929199,61,eca7fe00,43.51532295731,-79.68386414994,165.9849,-37.1,INSUFFICIENT_OBS,SINGLE,bad,1.3217,1.2324,2.2224,0,0,0.0,223.5,0,0,0,0,0,0,0,0,0,STATISTICANALYSIS,L1,-0.223,24.691,0.34,0.467
2026-05-25 11:11:58.024789,1779721918.024789,2420,141136.0,,,,,,,,,,,,,,,,0.0000,,,,0.0,0.0,0.0,0.0,0.0,0.0,0.0,0.0,0.0,-1099843,-3060284,164305619,243365,-109403,-119981,-0.06583114841278077,-0.18317342583374027,9.834519644570008,0.056264416465759276,-0.025293267127990723,-0.02773883242034912,61,eca7fe00,43.51532295731,-79.68386414994,165.9849,-37.1,INSUFFICIENT_OBS,SINGLE,bad,1.3217,1.2324,2.2224,0,0,0.0,224.5,0,0,0,0,0,0,0,0,0,STATISTICANALYSIS,L1,-0.224,24.796,0.416,0.437
2026-05-25 11:11:59.014533,1779721919.014533,2420,141137.0,,,,,,,,,,,,,,,,0.0000,,,,0.0,0.0,0.0,0.0,0.0,0.0,0.0,0.0,0.0,-230760,-1361057,164081688,98246,35229,-17575,-0.013812149377441409,-0.08146612322418215,9.821116245270998,0.022713840774536132,0.008144717308044433,-0.004063226509094239,61,eca8fe00,43.51532295731,-79.68386414994,165.9849,-37.1,INSUFFICIENT_OBS,SINGLE,bad,1.3217,1.2324,2.2224,0,0,0.0,225.5,0,0,0,0,0,0,0,0,0,STATISTICANALYSIS,L1,-0.234,24.796,0.416,0.437
2026-05-25 11:12:00.013270,1779721920.013270,2420,141138.0,,,,,,,,,,,,,,,,0.0000,,,,0.0,0.0,0.0,0.0,0.0,0.0,0.0,0.0,0.0,-1221510,-2827786,164628940,43037,81122,-73178,-0.07311353174743654,-0.16925724839416506,9.853872036444093,0.009949876487731933,0.018754882553100587,-0.01691828105163574,61,eca7fe00,43.51532295731,-79.68386414994,165.9849,-37.1,INSUFFICIENT_OBS,SINGLE,bad,1.3217,1.2324,2.2224,0,0,0.0,226.5,0,0,0,0,0,0,0,0,0,STATISTICANALYSIS,L1,-0.225,24.796,0.416,0.437
2026-05-25 11:12:01.013711,1779721921.013711,2420,141139.0,,,,,,,,,,,,,,,,0.0000,,,,0.0,0.0,0.0,0.0,0.0,0.0,0.0,0.0,0.0,-1009507,-3064148,164364233,166794,-249352,-82663,-0.060424083383483894,-0.18340470571411135,9.838027987972719,0.038561695724487303,-0.05764857220458985,-0.01911115180206299,61,eca8fe00,43.51532295731,-79.68386414994,165.9849,-37.1,INSUFFICIENT_OBS,SINGLE,bad,1.3217,1.2324,2.2224,0,0,0.0,227.5,0,0,0,0,0,0,0,0,0,STATISTICANALYSIS,L1,-0.226,24.787,0.39,0.4
2026-05-25 11:12:02.019761,1779721922.019761,2420,141140.0,,,,,,,,,,,,,,,,0.0000,,,,0.0,0.0,0.0,0.0,0.0,0.0,0.0,0.0,0.0,-1138240,-3604543,164336595,82498,26413,-22660,-0.06812940244140626,-0.21575007086761477,9.836373714335634,0.01907300486755371,0.006106515037536621,-0.005238845672607422,61,eca7fe00,43.51532295731,-79.68386414994,165.9849,-37.1,INSUFFICIENT_OBS,SINGLE,bad,1.3217,1.2324,2.2224,0,0,0.0,228.5,0,0,0,0,0,0,0,0,0,STATISTICANALYSIS,L1,-0.232,24.787,0.39,0.4
