sys_datetime,unix_timestamp,gps_week,gps_seconds,ins_status,pose_quality,ins_lat,ins_lon,ins_height_m,ins_undulation_m,roll_deg,pitch_deg,azimuth_deg,roll_sig_deg,pitch_sig_deg,azimuth_sig_deg,vel_n_ms,vel_e_ms,vel_u_ms,speed_2d_ms,vel_n_sig_ms,vel_e_sig_ms,vel_u_sig_ms,veh_lat_acc_ms2,veh_long_acc_ms2,veh_vert_acc_ms2,veh_pitch_rate_degs,veh_roll_rate_degs,veh_yaw_rate_degs,veh_pitch_rate_rads,veh_roll_rate_rads,veh_yaw_rate_rads,raw_accel_x_lsb,raw_accel_y_lsb,raw_accel_z_lsb,raw_gyro_x_lsb,raw_gyro_y_lsb,raw_gyro_z_lsb,raw_accel_x_ms2,raw_accel_y_ms2,raw_accel_z_ms2,raw_gyro_x_degs,raw_gyro_y_degs,raw_gyro_z_degs,imu_type,imu_status_hex,gnss_lat,gnss_lon,gnss_height_m,gnss_undulation_m,gnss_sol_status,gnss_pos_type,gnss_sol_quality,gnss_lat_sig_m,gnss_lon_sig_m,gnss_height_sig_m,gnss_num_svs,gnss_num_used,gnss_diff_age_s,gnss_sol_age_s,ext_pos_update,ext_vel_update,ext_att_update,ext_phase_update,ext_zero_vel,ext_wheel_sensor,ext_heading_update,ext_ins_enabled,ext_heading_align,spec_analysis_type,spec_band_id,spec_center_freq_hz,spec_bandwidth_hz,spec_power_dbm,spec_noise_dbm
2026-05-26 12:08:32.164359,1779811712.164359,0,3.0,INS_INACTIVE,bad,0.0,0.0,0.0,0.0,0.0,0.0,0.0,0.0,0.0,0.0,0.0,0.0,0.0,0.0000,0.0,0.0,0.0,0.0,0.0,0.0,0.0,0.0,0.0,0.0,0.0,0.0,,,,,,,,,,,,,,,,,,,,,,,,,,,,,0,0,0,0,0,0,0,0,0,—,—,0.0,0.0,0.0,0.0
2026-05-26 12:08:32.387757,1779811712.387757,0,4.0,INS_INACTIVE,bad,0.0,0.0,0.0,0.0,0.0,0.0,0.0,0.0,0.0,0.0,0.0,0.0,0.0,0.0000,0.0,0.0,0.0,0.0,0.0,0.0,0.0,0.0,0.0,0.0,0.0,0.0,,,,,,,,,,,,,,,0.0,0.0,0.0,0.0,INSUFFICIENT_OBS,NONE,bad,0.0,0.0,0.0,0,0,0.0,0.0,0,0,0,0,0,0,0,0,0,—,—,0.0,0.0,0.0,0.0
2026-05-26 12:08:32.853125,1779811712.853125,0,22.0,WAITING_INITIALPOS,bad,0.0,0.0,0.0,0.0,0.0,0.0,0.0,0.0,0.0,0.0,0.0,0.0,0.0,0.0000,0.0,0.0,0.0,0.0,0.0,0.0,0.0,0.0,0.0,0.0,0.0,0.0,-5453052,-5536079,162271150,39035,86859,116761,-0.326392653782959,-0.3313622383139039,9.712746418136598,0.009024639930725097,0.020081239906311034,0.026994389213562012,61,0933fe00,0.0,0.0,0.0,0.0,INSUFFICIENT_OBS,NONE,bad,0.0,0.0,0.0,0,0,0.0,0.0,0,0,0,0,0,0,0,0,0,—,—,0.0,0.0,0.0,0.0
2026-05-26 12:08:33.188169,1779811713.188169,0,23.0,WAITING_INITIALPOS,bad,0.0,0.0,0.0,0.0,0.0,0.0,0.0,0.0,0.0,0.0,0.0,0.0,0.0,0.0000,0.0,0.0,0.0,0.0,0.0,0.0,0.0,0.0,0.0,0.0,0.0,0.0,-6294958,-5474242,164246684,14961,-80382,124235,-0.37678497235534675,-0.3276609821124268,9.830992087698975,0.003458886589050293,-0.01858379933166504,0.028722329750061035,61,092dfe00,0.0,0.0,0.0,0.0,INSUFFICIENT_OBS,NONE,bad,0.0,0.0,0.0,0,0,0.0,0.0,0,0,0,0,0,0,0,0,0,—,—,0.0,0.0,0.0,0.0
2026-05-26 12:08:33.967934,1779811713.967934,0,24.0,WAITING_INITIALPOS,bad,0.0,0.0,0.0,0.0,0.0,0.0,0.0,0.0,0.0,0.0,0.0,0.0,0.0,0.0000,0.0,0.0,0.0,0.0,0.0,0.0,0.0,0.0,0.0,0.0,0.0,0.0,-6069943,-5331920,165378665,47593,-222111,69312,-0.36331669019134527,-0.3191422928955079,9.89874685743561,0.01100319426727295,-0.0513506289138794,0.01602448681640625,61,0927fe00,0.0,0.0,0.0,0.0,INSUFFICIENT_OBS,NONE,bad,0.0,0.0,0.0,0,0,0.0,0.0,0,0,0,0,0,0,0,0,0,—,—,0.0,0.0,0.0,0.0
2026-05-26 12:08:34.965731,1779811714.965731,0,25.0,WAITING_INITIALPOS,bad,0.0,0.0,0.0,0.0,0.0,0.0,0.0,0.0,0.0,0.0,0.0,0.0,0.0,0.0000,0.0,0.0,0.0,0.0,0.0,0.0,0.0,0.0,0.0,0.0,0.0,0.0,-5802821,-5152812,164660306,95659,-18161,118050,-0.34732809179473884,-0.3084217761218262,9.855749449675905,0.02211574308013916,-0.004198705924987793,0.027292397689819337,61,0920fe00,0.0,0.0,0.0,0.0,INSUFFICIENT_OBS,NONE,bad,0.0,0.0,0.0,0,0,0.0,0.0,0,0,0,0,0,0,0,0,0,—,—,0.0,0.0,0.0,0.0
2026-05-26 12:08:35.970971,1779811715.970971,0,26.0,WAITING_INITIALPOS,bad,0.0,0.0,0.0,0.0,0.0,0.0,0.0,0.0,0.0,0.0,0.0,0.0,0.0,0.0000,0.0,0.0,0.0,0.0,0.0,0.0,0.0,0.0,0.0,0.0,0.0,0.0,-5449408,-5137847,164764826,105396,29574,86154,-0.3261745420117188,-0.30752604542572026,9.862005498613893,0.024366874603271485,0.006837317825317383,0.019918248458862305,61,091afe00,0.0,0.0,0.0,0.0,INSUFFICIENT_OBS,NONE,bad,0.0,0.0,0.0,0,0,0.0,0.0,0,0,0,0,0,0,0,0,0,—,—,0.0,0.0,0.0,0.0
2026-05-26 12:08:36.966797,1779811716.966797,0,27.0,WAITING_INITIALPOS,bad,0.0,0.0,0.0,0.0,0.0,0.0,0.0,0.0,0.0,0.0,0.0,0.0,0.0,0.0000,0.0,0.0,0.0,0.0,0.0,0.0,0.0,0.0,0.0,0.0,0.0,0.0,-5299781,-5451481,162683357,121158,72145,42665,-0.3172186117166138,-0.3262986215127564,9.7374190852298,0.028010947219848634,0.016679458122253417,0.009863872489929199,61,0913fe00,0.0,0.0,0.0,0.0,INSUFFICIENT_OBS,NONE,bad,0.0,0.0,0.0,0,0,0.0,0.0,0,0,0,0,0,0,0,0,0,—,—,0.0,0.0,0.0,0.0
2026-05-26 12:08:37.968037,1779811717.968037,0,28.0,WAITING_INITIALPOS,bad,0.0,0.0,0.0,0.0,0.0,0.0,0.0,0.0,0.0,0.0,0.0,0.0,0.0,0.0000,0.0,0.0,0.0,0.0,0.0,0.0,0.0,0.0,0.0,0.0,0.0,0.0,-5338893,-5380140,162929157,85384,-2218,49785,-0.3195596620999146,-0.3220285029968262,9.752131454431458,0.019740229431152344,-0.0005127872772216796,0.011509970512390137,61,090dfe00,0.0,0.0,0.0,0.0,INSUFFICIENT_OBS,NONE,bad,0.0,0.0,0.0,0,0,0.0,0.0,0,0,0,0,0,0,0,0,0,—,—,0.0,0.0,0.0,0.0
2026-05-26 12:08:38.969479,1779811718.969479,0,29.0,WAITING_INITIALPOS,bad,0.0,0.0,0.0,0.0,0.0,0.0,0.0,0.0,0.0,0.0,0.0,0.0,0.0,0.0000,0.0,0.0,0.0,0.0,0.0,0.0,0.0,0.0,0.0,0.0,0.0,0.0,-5619238,-5283411,163463222,76617,-44248,92639,-0.3363397237103272,-0.31623878468719485,9.784097937172243,0.017713355644226075,-0.010229851867675782,0.021417538581848146,61,0906fe00,0.0,0.0,0.0,0.0,INSUFFICIENT_OBS,NONE,bad,0.0,0.0,0.0,0,0,0.0,0.0,0,0,0,0,0,0,0,0,0,—,—,0.0,0.0,0.0,0.0
2026-05-26 12:08:39.969530,1779811719.969530,0,30.0,WAITING_INITIALPOS,bad,0.0,0.0,0.0,0.0,0.0,0.0,0.0,0.0,0.0,0.0,0.0,0.0,0.0,0.0000,0.0,0.0,0.0,0.0,0.0,0.0,0.0,0.0,0.0,0.0,0.0,0.0,-5940351,-5212313,164561187,29633,-135015,55288,-0.35555995565277104,-0.3119832109463501,9.84981667781708,0.00685095824432373,-0.031214596138000487,0.012782228576660157,61,0900fe00,0.0,0.0,0.0,0.0,INSUFFICIENT_OBS,NONE,bad,0.0,0.0,0.0,0,0,0.0,0.0,0,0,0,0,0,0,0,0,0,—,—,0.0,0.0,0.0,0.0
2026-05-26 12:08:40.966896,1779811720.966896,0,31.0,WAITING_INITIALPOS,bad,0.0,0.0,0.0,0.0,0.0,0.0,0.0,0.0,0.0,0.0,0.0,0.0,0.0,0.0000,0.0,0.0,0.0,0.0,0.0,0.0,0.0,0.0,0.0,0.0,0.0,0.0,-5802213,-5459738,165064309,109601,142172,84980,-0.3472916999295044,-0.32679284459045416,9.879931066008607,0.025339043449401855,0.032869248321533207,0.019646827239990235,61,08fafe00,0.0,0.0,0.0,0.0,INSUFFICIENT_OBS,NONE,bad,0.0,0.0,0.0,0,0,0.0,0.0,0,0,0,0,0,0,0,0,0,—,—,0.0,0.0,0.0,0.0
2026-05-26 12:08:41.969125,1779811721.969125,0,32.0,WAITING_INITIALPOS,bad,0.0,0.0,0.0,0.0,0.0,0.0,0.0,0.0,0.0,0.0,0.0,0.0,0.0,0.0000,0.0,0.0,0.0,0.0,0.0,0.0,0.0,0.0,0.0,0.0,0.0,0.0,-5499573,-5645960,164006163,68993,103846,115603,-0.32917717016876225,-0.33793917012939456,9.816595693261416,0.01595073607635498,0.02400852461242676,0.02672666709136963,61,08f3fe00,0.0,0.0,0.0,0.0,INSUFFICIENT_OBS,NONE,bad,0.0,0.0,0.0,0,0,0.0,0.0,0,0,0,0,0,0,0,0,0,—,—,0.0,0.0,0.0,0.0
2026-05-26 12:08:42.973354,1779811722.973354,0,33.0,WAITING_INITIALPOS,bad,0.0,0.0,0.0,0.0,0.0,0.0,0.0,0.0,0.0,0.0,0.0,0.0,0.0,0.0000,0.0,0.0,0.0,0.0,0.0,0.0,0.0,0.0,0.0,0.0,0.0,0.0,-5545591,-5334032,163185651,27858,-31811,74698,-0.331931579468689,-0.3192687067431641,9.767483913446961,0.006440589706420898,-0.007354497779846192,0.017269695236206056,61,08edfe00,0.0,0.0,0.0,0.0,INSUFFICIENT_OBS,NONE,bad,0.0,0.0,0.0,0,0,0.0,0.0,0,0,0,0,0,0,0,0,0,—,—,0.0,0.0,0.0,0.0
2026-05-26 12:08:43.970721,1779811723.970721,0,34.0,WAITING_INITIALPOS,bad,0.0,0.0,0.0,0.0,0.0,0.0,0.0,0.0,0.0,0.0,0.0,0.0,0.0,0.0000,0.0,0.0,0.0,0.0,0.0,0.0,0.0,0.0,0.0,0.0,0.0,0.0,-6450332,-5359795,164778737,-29755,-161858,111841,-0.3860848895739747,-0.32081075217742927,9.862838142096253,-0.006879163856506347,-0.03742052439880371,0.025856916984558106,61,08e6fe00,0.0,0.0,0.0,0.0,INSUFFICIENT_OBS,NONE,bad,0.0,0.0,0.0,0,0,0.0,0.0,0,0,0,0,0,0,0,0,0,—,—,0.0,0.0,0.0,0.0
2026-05-26 12:08:44.971516,1779811724.971516,0,35.0,WAITING_INITIALPOS,bad,0.0,0.0,0.0,0.0,0.0,0.0,0.0,0.0,0.0,0.0,0.0,0.0,0.0,0.0000,0.0,0.0,0.0,0.0,0.0,0.0,0.0,0.0,0.0,0.0,0.0,0.0,-6032774,-5280287,164520752,24922,-130175,110424,-0.36109193815368656,-0.31605179753753665,9.847396439213869,0.005761805465698242,-0.03009561939239502,0.02552931573486328,61,08e0fe00,0.0,0.0,0.0,0.0,INSUFFICIENT_OBS,NONE,bad,0.0,0.0,0.0,0,0,0.0,0.0,0,0,0,0,0,0,0,0,0,—,—,0.0,0.0,0.0,0.0
2026-05-26 12:08:45.968864,1779811725.968864,0,36.0,WAITING_INITIALPOS,bad,0.0,0.0,0.0,0.0,0.0,0.0,0.0,0.0,0.0,0.0,0.0,0.0,0.0,0.0000,0.0,0.0,0.0,0.0,0.0,0.0,0.0,0.0,0.0,0.0,0.0,0.0,-5269574,-5490947,164182946,149683,163622,57529,-0.3154105704779053,-0.32866086058074956,9.8271770470636,0.034605743019104004,0.037828349807739255,0.013300333305358887,61,08d9fe00,0.0,0.0,0.0,0.0,INSUFFICIENT_OBS,NONE,bad,0.0,0.0,0.0,0,0,0.0,0.0,0,0,0,0,0,0,0,0,0,—,—,0.0,0.0,0.0,0.0
2026-05-26 12:08:46.972520,1779811726.972520,0,37.0,WAITING_INITIALPOS,bad,0.0,0.0,0.0,0.0,0.0,0.0,0.0,0.0,0.0,0.0,0.0,0.0,0.0,0.0000,0.0,0.0,0.0,0.0,0.0,0.0,0.0,0.0,0.0,0.0,0.0,0.0,-5252212,-5832790,162843167,-24452,39260,44933,-0.3143713672473145,-0.3491218875335694,9.746984519412537,-0.005653144500732422,0.009076658477783203,0.010388219444274902,61,08d2fe00,0.0,0.0,0.0,0.0,INSUFFICIENT_OBS,NONE,bad,0.0,0.0,0.0,0,0,0.0,0.0,0,0,0,0,0,0,0,0,0,—,—,0.0,0.0,0.0,0.0
2026-05-26 12:08:47.970448,1779811727.970448,0,38.0,WAITING_INITIALPOS,bad,0.0,0.0,0.0,0.0,0.0,0.0,0.0,0.0,0.0,0.0,0.0,0.0,0.0,0.0000,0.0,0.0,0.0,0.0,0.0,0.0,0.0,0.0,0.0,0.0,0.0,0.0,-6433066,-6313542,165455110,381029,-147370,-16212,-0.3850514324273682,-0.3778973184466553,9.903322476083375,0.08809144429779053,-0.03407099235534668,-0.0037481097106933595,61,08cbfe00,0.0,0.0,0.0,0.0,INSUFFICIENT_OBS,NONE,bad,0.0,0.0,0.0,0,0,0.0,0.0,0,0,0,0,0,0,0,0,0,—,—,0.0,0.0,0.0,0.0
2026-05-26 12:08:48.971188,1779811728.971188,0,39.0,WAITING_INITIALPOS,bad,0.0,0.0,0.0,0.0,0.0,0.0,0.0,0.0,0.0,0.0,0.0,0.0,0.0,0.0000,0.0,0.0,0.0,0.0,0.0,0.0,0.0,0.0,0.0,0.0,0.0,0.0,-5022650,-4516986,163110485,503131,-43848,100171,-0.30063092420959475,-0.2703643845025635,9.762984849397279,0.11632063822174073,-0.010137374450683594,0.023158888343811034,61,08c4fe00,0.0,0.0,0.0,0.0,INSUFFICIENT_OBS,NONE,bad,0.0,0.0,0.0,0,0,0.0,0.0,0,0,0,0,0,0,0,0,0,—,—,0.0,0.0,0.0,0.0
2026-05-26 12:08:50.011158,1779811730.011158,2420,230948.0,WAITING_INITIALPOS,bad,0.0,0.0,0.0,0.0,0.0,0.0,0.0,0.0,0.0,0.0,0.0,0.0,0.0,0.0000,0.0,0.0,0.0,0.0,0.0,0.0,0.0,0.0,0.0,0.0,0.0,0.0,-5804411,-4990599,165153467,-44115,-164924,85173,-0.34742326131073004,-0.2987125102743531,9.885267621799013,-0.01019910312652588,-0.038129363800048825,0.019691447593688963,61,08befe00,0.0,0.0,0.0,0.0,INSUFFICIENT_OBS,NONE,bad,0.0,0.0,0.0,0,0,0.0,0.0,0,0,0,0,0,0,0,0,0,—,—,0.0,0.0,0.0,0.0
2026-05-26 12:08:51.020422,1779811731.020422,2420,230949.0,WAITING_INITIALPOS,bad,0.0,0.0,0.0,0.0,0.0,0.0,0.0,0.0,0.0,0.0,0.0,0.0,0.0,0.0000,0.0,0.0,0.0,0.0,0.0,0.0,0.0,0.0,0.0,0.0,0.0,0.0,-4933293,-5782015,163508771,35455,-70433,167595,-0.2952824572659302,-0.34608274780120857,9.786824274457704,0.00819696704864502,-0.016283654777526857,0.03874688175201416,61,08b7fe00,0.0,0.0,0.0,0.0,INSUFFICIENT_OBS,NONE,bad,0.0,0.0,0.0,6,0,0.0,0.0,0,0,0,0,0,0,0,0,0,—,—,0.0,0.0,0.0,0.0
2026-05-26 12:08:52.012437,1779811732.012437,2420,230950.0,WAITING_INITIALPOS,bad,0.0,0.0,0.0,0.0,0.0,0.0,0.0,0.0,0.0,0.0,0.0,0.0,0.0,0.0000,0.0,0.0,0.0,0.0,0.0,0.0,0.0,0.0,0.0,0.0,0.0,0.0,-6118517,-5255650,164590151,112136,-52648,92948,-0.36622408897735603,-0.31457714888000493,9.851550319239198,0.025925119079589845,-0.01217187762451172,0.02148897738647461,61,08b1fe00,43.51487491016,-79.68445161299,139.5448,0.0,SOL_COMPUTED,SINGLE,good,28.2543,22.7307,58.0838,14,9,0.0,0.0,0,0,0,0,0,0,0,0,0,—,—,0.0,0.0,0.0,0.0
2026-05-26 12:08:53.014249,1779811733.014249,2420,230951.0,WAITING_INITIALPOS,bad,0.0,0.0,0.0,0.0,0.0,0.0,0.0,0.0,0.0,0.0,0.0,0.0,0.0,0.0000,0.0,0.0,0.0,0.0,0.0,0.0,0.0,0.0,0.0,0.0,0.0,0.0,-5051158,-5188442,163461616,144598,145670,113979,-0.3023372717327881,-0.3105544112506104,9.784001809975587,0.03343012385559082,0.03367796333312988,0.026351208778381346,61,08aafe00,43.51487453112,-79.68445576667,140.5294,0.0,SOL_COMPUTED,SINGLE,good,27.3435,17.8782,53.384,20,13,0.0,0.0,0,0,0,0,0,0,0,0,0,—,—,0.0,0.0,0.0,0.0
2026-05-26 12:08:54.013440,1779811734.013440,2420,230952.0,WAITING_AZIMUTH,bad,43.51486692844,-79.68445879115,163.9748,-37.1,1.990841852,-1.85710547,-0.0,3.0,3.0,180.0,-0.0044,0.0101,0.0179,0.0110,0.0951,0.0646,0.1847,0.0,0.0,0.0,0.0,0.0,0.0,0.0,0.0,0.0,-6428517,-5364488,164937290,-29054,-192228,74001,-0.3847791518435669,-0.32109165188720706,9.872328338491823,-0.006717097183227539,-0.04444187228393555,0.017108553337097168,61,08a3fe00,43.51486692927,-79.68445879376,163.9745,-37.1,SOL_COMPUTED,SINGLE,good,1.7375,1.1624,3.3236,20,13,0.0,0.0,0,0,0,0,0,0,0,0,0,—,—,0.0,0.0,0.0,0.0
2026-05-26 12:08:55.013204,1779811735.013204,2420,230953.0,WAITING_AZIMUTH,bad,43.5148669769,-79.68445866937,163.9675,-37.1,1.985057253,-1.859299558,-0.0,3.0,3.0,180.0,0.0193,0.0033,0.0039,0.0196,0.0951,0.0646,0.1847,0.0,0.0,0.0,0.0,0.0,0.0,0.0,0.0,0.0,-5253054,-5149110,163873488,140880,180720,83953,-0.3144217651922608,-0.3082001927581788,9.808654425629884,0.03257054626464844,0.04178129699707031,0.019409391471862793,61,089cfe00,43.51486697327,-79.68445867022,163.9674,-37.1,SOL_COMPUTED,SINGLE,good,1.7359,1.1621,3.3227,20,13,0.0,0.0,0,0,0,0,0,0,0,0,0,—,—,0.0,0.0,0.0,0.0
2026-05-26 12:08:56.012531,1779811736.012531,2420,230954.0,WAITING_AZIMUTH,bad,43.51486674097,-79.68445850692,163.9718,-37.1,1.987149303,-1.858469493,-0.0,3.0,3.0,180.0,0.0001,-0.0091,-0.0332,0.0091,0.0951,0.0646,0.1847,0.0,0.0,0.0,0.0,0.0,0.0,0.0,0.0,0.0,-5872272,-5071711,164220293,-156101,-33865,135040,-0.35148508428222663,-0.30356747240081794,9.829412453298646,-0.03608954317474365,-0.007829369316101075,0.0312203759765625,61,0895fe00,43.51486674096,-79.68445850442,163.9726,-37.1,SOL_COMPUTED,SINGLE,good,1.7354,1.1618,3.3222,20,13,0.0,0.0,0,0,0,0,0,0,0,0,0,—,—,0.0,0.0,0.0,0.0
2026-05-26 12:08:57.012806,1779811737.012806,2420,230955.0,WAITING_AZIMUTH,bad,43.51486675343,-79.68445868826,164.0733,-37.1,1.989068679,-1.855633486,-0.0,3.0,3.0,180.0,0.0089,0.0002,-0.0196,0.0089,0.0889,0.057,0.1736,0.0,0.0,0.0,0.0,0.0,0.0,0.0,0.0,0.0,-5379191,-6091351,163865090,-97911,138701,82435,-0.321971700562439,-0.3645980669198609,9.808151762991335,-0.022636390937805177,0.03206677553558349,0.019058439674377443,61,088ffe00,43.51486672345,-79.68445847547,164.0038,-37.1,SOL_COMPUTED,SINGLE,good,1.7349,1.1617,3.3217,24,13,0.0,0.0,0,0,0,0,0,0,0,0,0,—,—,0.0,0.0,0.0,0.0
2026-05-26 12:08:58.013614,1779811738.013614,2420,230956.0,WAITING_AZIMUTH,bad,43.51486354137,-79.68446275388,163.9937,-37.1,1.989052159,-1.858687955,-0.0,3.0,3.0,180.0,0.0079,0.0205,-0.0014,0.0220,0.0889,0.057,0.1737,0.0,0.0,0.0,0.0,0.0,0.0,0.0,0.0,0.0,-5469556,-4550603,163702408,-55656,-50850,64450,-0.3273805013879395,-0.27237653143280033,9.798414425129396,-0.012867307800292969,-0.011756191635131835,0.014900423812866211,61,0888fe00,43.51486353979,-79.68446275946,163.9937,-37.1,SOL_COMPUTED,SINGLE,good,1.5944,1.024,2.9444,24,16,0.0,0.0,0,0,0,0,0,0,0,0,0,—,—,0.0,0.0,0.0,0.0
2026-05-26 12:08:59.012650,1779811739.012650,2420,230957.0,WAITING_AZIMUTH,bad,43.51486349166,-79.68446255959,164.0237,-37.1,1.977451172,-1.856814144,-0.0,3.0,3.0,180.0,-0.0116,0.0057,-0.0075,0.0129,0.0889,0.057,0.1737,0.0,0.0,0.0,0.0,0.0,0.0,0.0,0.0,0.0,-5446209,-4955029,164022946,95658,184148,65587,-0.3259830657339478,-0.2965834664480591,9.817600240422975,0.02211551188659668,0.04257382846069336,0.015163290870666504,61,0881fe00,43.51486349398,-79.68446256111,164.0239,-37.1,SOL_COMPUTED,SINGLE,good,1.5939,1.024,2.9446,24,16,0.0,0.0,0,0,0,0,0,0,0,0,0,—,—,0.0,0.0,0.0,0.0
2026-05-26 12:09:00.015498,1779811740.015498,2420,230958.0,WAITING_AZIMUTH,bad,43.51486354822,-79.68446243895,164.0248,-37.1,1.98907224,-1.856551797,-0.0,3.0,3.0,180.0,0.0195,-0.0033,0.0002,0.0198,0.0889,0.057,0.1737,0.0,0.0,0.0,0.0,0.0,0.0,0.0,0.0,0.0,-6251139,-5257267,164564000,-109443,-175568,149634,-0.37416218429168707,-0.3146739344821167,9.84998505004883,-0.02530251486968994,-0.040590187866210936,0.034594414535522464,61,087afe00,43.51486354431,-79.68446243798,164.0248,-37.1,SOL_COMPUTED,SINGLE,good,1.5945,1.0242,2.9451,24,16,0.0,0.0,0,0,0,0,0,0,0,0,0,—,—,0.0,0.0,0.0,0.0
2026-05-26 12:09:01.016662,1779811741.016662,2420,230959.0,WAITING_AZIMUTH,bad,43.51486356643,-79.68446224933,164.026,-37.1,1.983622959,-1.874729568,-0.0,3.0,3.0,180.0,-0.0132,-0.0189,-0.0358,0.0231,0.0889,0.057,0.1737,0.0,0.0,0.0,0.0,0.0,0.0,0.0,0.0,0.0,-5615580,-5809546,163266442,19880,74088,74770,-0.3361207739685059,-0.3477306169488526,9.772319662105104,0.004596127624511719,0.017128667175292968,0.01728634117126465,61,0873fe00,43.51486356906,-79.68446224406,164.0268,-37.1,SOL_COMPUTED,SINGLE,good,1.5944,1.0242,2.945,24,16,0.0,0.0,0,0,0,0,0,0,0,0,0,—,—,0.0,0.0,0.0,0.0
2026-05-26 12:09:02.014455,1779811742.014455,2420,230960.0,WAITING_AZIMUTH,bad,43.51486362977,-79.68446217484,164.0397,-37.1,1.983938585,-1.867729534,-0.0,3.0,3.0,180.0,-0.0041,0.0032,0.0251,0.0052,0.0889,0.057,0.1737,0.0,0.0,0.0,0.0,0.0,0.0,0.0,0.0,0.0,-6089746,-4957798,165903336,153564,-122192,105460,-0.36450199957824714,-0.29674920505798347,9.930151061916506,0.0355030051574707,-0.02825000134277344,0.024381670989990233,61,086cfe00,43.51486363058,-79.68446217565,164.0391,-37.1,SOL_COMPUTED,SINGLE,good,1.5939,1.0239,2.944,24,16,0.0,0.0,0,0,0,0,0,0,0,0,0,—,—,0.0,0.0,0.0,0.0
2026-05-26 12:09:03.013785,1779811743.013785,2420,230961.0,WAITING_AZIMUTH,bad,43.51486357296,-79.68446207962,164.0762,-37.1,1.990229439,-1.851889097,-0.0,3.0,3.0,180.0,-0.0078,-0.0156,-0.0211,0.0174,0.0889,0.057,0.1737,0.0,0.0,0.0,0.0,0.0,0.0,0.0,0.0,0.0,-5812460,-5389108,163399836,44912,-21373,85963,-0.347905034539795,-0.32256528300903325,9.780303965511475,0.010383364379882812,-0.004941299583435059,0.019874090492248534,61,0865fe00,43.51486357451,-79.68446207524,164.0767,-37.1,SOL_COMPUTED,SINGLE,good,1.5945,1.0242,2.9455,24,16,0.0,0.0,0,0,0,0,0,0,0,0,0,—,—,0.0,0.0,0.0,0.0
2026-05-26 12:09:04.013122,1779811744.013122,2420,230962.0,WAITING_AZIMUTH,bad,43.51486360987,-79.68446184041,164.1207,-37.1,1.984405132,-1.869711968,-0.0,3.0,3.0,180.0,0.0113,0.0118,0.0098,0.0163,0.0889,0.057,0.1737,0.0,0.0,0.0,0.0,0.0,0.0,0.0,0.0,0.0,-5414487,-5526806,163416459,193385,97976,66924,-0.32408434410736087,-0.3308072025140381,9.781298935866396,0.04470936321258545,0.022651418518066405,0.015472396636962892,61,085efe00,43.5148636076,-79.68446184355,164.1205,-37.1,SOL_COMPUTED,SINGLE,good,1.5936,1.0239,2.9446,24,16,0.0,0.0,0,0,0,0,0,0,0,0,0,—,—,0.0,0.0,0.0,0.0
2026-05-26 12:09:05.017744,1779811745.017744,2420,230963.0,WAITING_AZIMUTH,bad,43.51486358726,-79.68446176969,164.1299,-37.1,1.976253378,-1.85882165,-0.0,3.0,3.0,180.0,0.0046,0.006,-0.0364,0.0076,0.0889,0.057,0.1737,0.0,0.0,0.0,0.0,0.0,0.0,0.0,0.0,0.0,-5401001,-5166224,164694988,49002,81909,111492,-0.3232771390176392,-0.3092245519384766,9.857825342225343,0.01132894596862793,0.018936831871032716,0.025776230438232423,61,0857fe00,43.51486358633,-79.68446177121,164.1307,-37.1,SOL_COMPUTED,SINGLE,good,1.5935,1.0239,2.9446,24,16,0.0,0.0,0,0,0,0,0,0,0,0,0,—,—,0.0,0.0,0.0,0.0
2026-05-26 12:09:06.012357,1779811746.012357,2420,230964.0,WAITING_AZIMUTH,bad,43.51486346533,-79.68446167825,164.1215,-37.1,1.987694662,-1.868894337,-0.0,3.0,3.0,180.0,0.0115,-0.0115,-0.0393,0.0163,0.0889,0.057,0.1737,0.0,0.0,0.0,0.0,0.0,0.0,0.0,0.0,0.0,-5996540,-5260945,165339136,62327,-161136,65419,-0.35892315057983404,-0.3148940813247681,9.896380847500001,0.014409599922180176,-0.03725360266113281,0.015124450355529786,61,0850fe00,43.51486346301,-79.68446167496,164.1224,-37.1,SOL_COMPUTED,SINGLE,good,1.5929,1.0235,2.9438,24,16,0.0,0.0,0,0,0,0,0,0,0,0,0,—,—,0.0,0.0,0.0,0.0
2026-05-26 12:09:07.021919,1779811747.021919,2420,230965.0,WAITING_AZIMUTH,bad,43.51486342195,-79.68446155923,164.1479,-37.1,1.980514745,-1.850573063,-0.0,3.0,3.0,180.0,0.0044,-0.0031,0.0034,0.0054,0.0889,0.057,0.1739,0.0,0.0,0.0,0.0,0.0,0.0,0.0,0.0,0.0,-5909321,-5241482,163630549,26300,-8604,26079,-0.35370265371490484,-0.3137291226519776,9.794113301701966,0.006080390167236328,-0.001989189239501953,0.006029296394348144,61,0849fe00,43.51486342125,-79.68446155843,164.1479,-37.1,SOL_COMPUTED,SINGLE,good,1.5929,1.0233,2.9441,24,16,0.0,0.0,0,0,0,0,0,0,0,0,0,—,—,0.0,0.0,0.0,0.0
2026-05-26 12:09:08.013341,1779811748.013341,2420,230966.0,WAITING_AZIMUTH,bad,43.51486336303,-79.68446141048,164.1158,-37.1,1.986188721,-1.849340182,-0.0,3.0,3.0,180.0,-0.0034,0.0166,0.0233,0.0169,0.0889,0.057,0.1739,0.0,0.0,0.0,0.0,0.0,0.0,0.0,0.0,0.0,-5155626,-5518609,162605162,-3716,30522,74863,-0.3085902082086182,-0.33031657073883064,9.7327387202594,-0.0008591152038574219,0.007056489303588868,0.01730784217071533,61,0843fe00,43.5148633637,-79.6844614149,164.1153,-37.1,SOL_COMPUTED,SINGLE,good,1.5928,1.0233,2.9441,24,16,0.0,0.0,0,0,0,0,0,0,0,0,0,—,—,0.0,0.0,0.0,0.0
2026-05-26 12:09:09.014664,1779811749.014664,2420,230967.0,WAITING_AZIMUTH,bad,43.51486331909,-79.68446137723,164.1239,-37.1,1.977193464,-1.867771345,-0.0,3.0,3.0,180.0,0.0058,-0.0166,-0.0233,0.0176,0.0889,0.057,0.1739,0.0,0.0,0.0,0.0,0.0,0.0,0.0,0.0,0.0,-5470976,-5302351,164537529,171885,120541,107568,-0.32746549554687504,-0.31737243917327884,9.84840062724518,0.03973870204925537,0.027868300804138185,0.024869026977539063,61,083cfe00,43.51486331818,-79.68446137354,164.1244,-37.1,SOL_COMPUTED,SINGLE,good,1.5937,1.0238,2.945,24,16,0.0,0.0,0,0,0,0,0,0,0,0,0,—,—,0.0,0.0,0.0,0.0
2026-05-26 12:09:10.021401,1779811750.021401,2420,230968.0,WAITING_AZIMUTH,bad,43.51486334188,-79.68446119005,164.1529,-37.1,1.997235502,-1.845404581,-0.0,3.0,3.0,180.0,0.0039,0.0059,0.0171,0.0071,0.0889,0.057,0.1739,0.0,0.0,0.0,0.0,0.0,0.0,0.0,0.0,0.0,-5342060,-6095135,165152557,121383,-281309,273537,-0.31974922301635744,-0.3648245583969117,9.885213153711245,0.028062965766906738,-0.06503682424163819,0.06323998802947998,61,0835fe00,43.51486334109,-79.68446119151,164.1525,-37.1,SOL_COMPUTED,SINGLE,good,1.5925,1.0231,2.9436,24,16,0.0,0.0,0,0,0,0,0,0,0,0,0,—,—,0.0,0.0,0.0,0.0
2026-05-26 12:09:11.019655,1779811751.019655,2420,230969.0,WAITING_AZIMUTH,bad,43.5148633333,-79.68446112753,164.1609,-37.1,1.971977908,-1.841875892,-0.0,3.0,3.0,180.0,-0.0037,-0.0069,0.0078,0.0078,0.0852,0.0546,0.1661,0.0,0.0,0.0,0.0,0.0,0.0,0.0,0.0,0.0,-5472671,-4409889,164598383,92183,-184891,53254,-0.3275669498422242,-0.26395408912261964,9.852043045940858,0.02131211432647705,-0.04274560526275635,0.012311980911254882,61,082dfe00,43.51486333656,-79.68446112249,164.1604,-37.1,SOL_COMPUTED,SINGLE,good,1.5922,1.0231,2.9432,24,16,0.0,0.0,0,0,0,0,0,0,0,0,0,—,—,0.0,0.0,0.0,0.0
2026-05-26 12:09:12.014723,1779811752.014723,2420,230970.0,WAITING_AZIMUTH,bad,43.51486398718,-79.68446067409,164.254,-37.1,1.994581213,-1.859698602,-0.0,3.0,3.0,180.0,-0.0032,0.0053,0.0253,0.0062,0.073,0.0463,0.144,0.0,0.0,0.0,0.0,0.0,0.0,0.0,0.0,0.0,-6125883,-5293820,163732248,160755,-128659,114532,-0.3666649812130738,-0.316861815814209,9.800200499567872,0.037165517921447754,-0.02974512998199463,0.026479058807373047,61,0826fe00,43.51486335289,-79.68446095573,164.1779,-37.1,SOL_COMPUTED,SINGLE,good,1.5763,1.005,2.9359,24,18,0.0,0.0,0,0,0,0,0,0,0,0,0,—,—,0.0,0.0,0.0,0.0
2026-05-26 12:09:13.018193,1779811753.018193,2420,230971.0,WAITING_AZIMUTH,bad,43.51488329474,-79.68445476804,165.8651,-37.1,1.977792756,-1.84459975,-0.0,3.0,3.0,180.0,0.0055,-0.0028,-0.0075,0.0062,0.073,0.0463,0.144,0.0,0.0,0.0,0.0,0.0,0.0,0.0,0.0,0.0,-5082843,-5102409,163230038,-29872,-52554,150793,-0.3042337787228394,-0.3054049024649048,9.770140699174195,-0.006906213500976563,-0.012150145431518555,0.03486236785125733,61,0820fe00,43.51488329362,-79.68445476709,165.8652,-37.1,SOL_COMPUTED,SINGLE,good,1.506,0.975,2.8721,24,23,0.0,0.0,0,0,0,0,0,0,0,0,0,—,—,0.0,0.0,0.0,0.0
2026-05-26 12:09:14.013587,1779811754.013587,2420,230972.0,WAITING_AZIMUTH,bad,43.51488333159,-79.68445459276,165.8599,-37.1,1.974975476,-1.849771403,-0.0,3.0,3.0,180.0,0.0116,-0.0108,-0.015,0.0158,0.073,0.0463,0.144,0.0,0.0,0.0,0.0,0.0,0.0,0.0,0.0,0.0,-5291770,-5508976,162776565,-62198,107629,90247,-0.31673911297912605,-0.32973998712402347,9.742998053938296,-0.014379775955200196,0.024883129783630373,0.020864523628234863,61,0819fe00,43.51488332925,-79.6844545896,165.8602,-37.1,SOL_COMPUTED,SINGLE,good,1.5059,0.9752,2.8727,24,23,0.0,0.0,0,0,0,0,0,0,0,0,0,—,—,0.0,0.0,0.0,0.0
2026-05-26 12:09:15.013151,1779811755.013151,2420,230973.0,WAITING_AZIMUTH,bad,43.51488341279,-79.68445446651,165.8379,-37.1,1.977848128,-1.857405368,-0.0,3.0,3.0,180.0,0.0032,-0.0081,-0.0084,0.0087,0.0729,0.0463,0.1439,0.0,0.0,0.0,0.0,0.0,0.0,0.0,0.0,0.0,-5496394,-5220209,164063756,104560,76735,58403,-0.3289868909918213,-0.312455826354065,9.82004292466675,0.02417359680175781,0.01774063648223877,0.013502396461486816,61,0811fe00,43.51488341213,-79.68445446409,165.8381,-37.1,SOL_COMPUTED,SINGLE,good,1.506,0.9751,2.8721,24,23,0.0,0.0,0,0,0,0,0,0,0,0,0,—,—,0.0,0.0,0.0,0.0
2026-05-26 12:09:16.013999,1779811756.013999,2420,230974.0,WAITING_AZIMUTH,bad,43.51488337538,-79.68445433359,165.8295,-37.1,1.982428492,-1.844850533,-0.0,3.0,3.0,180.0,-0.0055,-0.0088,-0.012,0.0104,0.073,0.0463,0.1439,0.0,0.0,0.0,0.0,0.0,0.0,0.0,0.0,0.0,-5252228,-5619005,163709783,31993,99226,49934,-0.31437232492797856,-0.3363257774856568,9.798855856060488,0.007396575004577637,0.022940410446166994,0.011544418350219727,61,080afe00,43.51488337647,-79.68445433097,165.8297,-37.1,SOL_COMPUTED,SINGLE,good,1.5058,0.9752,2.8722,25,23,0.0,0.0,0,0,0,0,0,0,0,0,0,—,—,0.0,0.0,0.0,0.0
2026-05-26 12:09:17.013241,1779811757.013241,2420,230975.0,WAITING_AZIMUTH,bad,43.51488333086,-79.6844542273,165.8259,-37.1,1.97688382,-1.866438527,-0.0,3.0,3.0,180.0,0.0012,-0.008,-0.0211,0.0081,0.073,0.0463,0.1439,0.0,0.0,0.0,0.0,0.0,0.0,0.0,0.0,0.0,-5682559,-5454688,164388851,82603,36460,63638,-0.34012980479339605,-0.3264905766308594,9.839501499384461,0.01909728018951416,0.00842931655883789,0.01471269465637207,61,0803fe00,43.51488333059,-79.68445422489,165.8264,-37.1,SOL_COMPUTED,SINGLE,good,1.5059,0.9751,2.8723,25,23,0.0,0.0,0,0,0,0,0,0,0,0,0,—,—,0.0,0.0,0.0,0.0
2026-05-26 12:09:18.015134,1779811758.015134,2420,230976.0,WAITING_AZIMUTH,bad,43.51486379715,-79.68446253949,163.9394,-37.1,1.979541636,-1.8532205,-0.0,3.0,3.0,180.0,0.0174,0.0078,0.0069,0.0191,0.0755,0.0469,0.1495,0.0,0.0,0.0,0.0,0.0,0.0,0.0,0.0,0.0,-5387112,-4950945,163774882,28045,110284,92439,-0.32244581234619146,-0.29633901845855715,9.80275235940735,0.006483822898864746,0.025496948638916016,0.02137129987335205,61,07fcfe00,43.51491587684,-79.68443717526,173.4591,-37.1,SOL_COMPUTED,SINGLE,good,1.4208,0.9566,2.671,25,24,0.0,0.0,0,0,0,0,0,0,0,0,0,—,—,0.0,0.0,0.0,0.0
2026-05-26 12:09:19.014379,1779811759.014379,2420,230977.0,WAITING_AZIMUTH,bad,43.51486375867,-79.68446255312,163.9261,-37.1,1.982402122,-1.857537502,-0.0,3.0,3.0,180.0,0.0053,0.0067,0.0066,0.0085,0.0755,0.0469,0.1495,0.0,0.0,0.0,0.0,0.0,0.0,0.0,0.0,0.0,-5316909,-5177474,163546469,107834,182744,61177,-0.3182438088674927,-0.30989792115539555,9.789080689812318,0.024930524459838867,0.04224923272705078,0.014143727348327638,61,07f5fe00,43.51491585874,-79.68443717087,173.448,-37.1,SOL_COMPUTED,SINGLE,good,1.4207,0.9567,2.6707,25,24,0.0,0.0,0,0,0,0,0,0,0,0,0,—,—,0.0,0.0,0.0,0.0
2026-05-26 12:09:20.012428,1779811760.012428,2420,230978.0,WAITING_AZIMUTH,bad,43.5148637052,-79.6844625396,163.9345,-37.1,1.979747927,-1.851866546,-0.0,3.0,3.0,180.0,-0.0091,-0.0022,0.0029,0.0094,0.0755,0.0469,0.1495,0.0,0.0,0.0,0.0,0.0,0.0,0.0,0.0,0.0,-5153560,-5494130,163140203,132096,122157,96759,-0.30846654769287113,-0.3288513791778565,9.764763621520693,0.0305397421875,0.02824190956878662,0.022370055976867677,61,07edfe00,43.51491585026,-79.68443713093,173.4691,-37.1,SOL_COMPUTED,SINGLE,good,1.4211,0.9567,2.671,25,24,0.0,0.0,0,0,0,0,0,0,0,0,0,—,—,0.0,0.0,0.0,0.0
2026-05-26 12:09:21.011314,1779811761.011314,2420,230979.0,WAITING_AZIMUTH,bad,43.51486356195,-79.68446244966,163.9247,-37.1,1.973355176,-1.843699475,-0.0,3.0,3.0,180.0,-0.0022,-0.0016,-0.0322,0.0027,0.0755,0.0469,0.1495,0.0,0.0,0.0,0.0,0.0,0.0,0.0,0.0,0.0,-5572144,-4781511,163680083,19436,171966,30861,-0.3335209103857422,-0.2861975393563843,9.797078161327821,0.004493477691650391,0.03975742872619629,0.007134863914489746,61,07e6fe00,43.51491573378,-79.68443704293,173.4749,-37.1,SOL_COMPUTED,SINGLE,good,1.4209,0.9566,2.6712,26,24,0.0,0.0,0,0,0,0,0,0,0,0,0,—,—,0.0,0.0,0.0,0.0
2026-05-26 12:09:22.014199,1779811762.014199,2420,230980.0,WAITING_AZIMUTH,bad,43.51486349702,-79.68446230416,163.9144,-37.1,1.986192669,-1.85578616,-0.0,3.0,3.0,180.0,0.0048,-0.0012,0.0053,0.0049,0.0755,0.0469,0.1495,0.0,0.0,0.0,0.0,0.0,0.0,0.0,0.0,0.0,-5174497,-5438698,163070356,-67987,-16694,43381,-0.30971973269683845,-0.325533494517212,9.760582926436769,-0.01571815537261963,-0.0038595449981689454,0.010029407066345215,61,07dffe00,43.51491559114,-79.68443693724,173.452,-37.1,SOL_COMPUTED,SINGLE,good,1.4209,0.9567,2.6716,26,24,0.0,0.0,0,0,0,0,0,0,0,0,0,—,—,0.0,0.0,0.0,0.0
2026-05-26 12:09:23.011963,1779811763.011963,2420,230981.0,WAITING_AZIMUTH,bad,43.514863451,-79.68446228301,163.9124,-37.1,1.978279978,-1.860455995,-0.0,3.0,3.0,180.0,-0.0037,-0.0073,-0.0293,0.0082,0.0755,0.0469,0.1495,0.0,0.0,0.0,0.0,0.0,0.0,0.0,0.0,0.0,-5822444,-5488766,163047712,8378,74474,21246,-0.34850262727417,-0.32853031673522953,9.759227568876954,0.0019369394989013672,0.01721790788269043,0.004911938003540039,61,07d8fe00,43.51491558206,-79.68443690642,173.4591,-37.1,SOL_COMPUTED,SINGLE,good,1.421,0.9567,2.6719,26,24,0.0,0.0,0,0,0,0,0,0,0,0,0,—,—,0.0,0.0,0.0,0.0
2026-05-26 12:09:24.013681,1779811764.013681,2420,230982.0,WAITING_AZIMUTH,bad,43.5148634984,-79.68446219773,163.9171,-37.1,1.974498759,-1.855329804,-0.0,3.0,3.0,180.0,-0.0098,0.0021,0.0129,0.0100,0.0755,0.0469,0.1495,0.0,0.0,0.0,0.0,0.0,0.0,0.0,0.0,0.0,-5566341,-5424058,163831944,743,113231,-639,-0.3331735715798951,-0.3246572167095948,9.806167807785647,0.0001717768020629883,0.026178276008605957,-0.00014773267364501954,61,07d0fe00,43.51491556694,-79.68443686661,173.4529,-37.1,SOL_COMPUTED,SINGLE,good,1.4213,0.9567,2.6724,26,24,0.0,0.0,0,0,0,0,0,0,0,0,0,—,—,0.0,0.0,0.0,0.0
2026-05-26 12:09:25.014316,1779811765.014316,2420,230983.0,WAITING_AZIMUTH,bad,43.51486346706,-79.68446218155,163.9187,-37.1,1.982663179,-1.871538165,-0.0,3.0,3.0,180.0,-0.0082,-0.0116,-0.0137,0.0142,0.0755,0.0469,0.1495,0.0,0.0,0.0,0.0,0.0,0.0,0.0,0.0,0.0,-6188558,-5854305,164404000,212085,-195187,181594,-0.3704163959393311,-0.3504096687515259,9.840408243408204,0.04903268245697021,-0.045125973976135256,0.04198336015319824,61,07c9fe00,43.51491550355,-79.68443687155,173.4525,-37.1,SOL_COMPUTED,SINGLE,good,1.4215,0.9567,2.6728,26,24,0.0,0.0,0,0,0,0,0,0,0,0,0,—,—,0.0,0.0,0.0,0.0
2026-05-26 12:09:26.015601,1779811766.015601,2420,230984.0,WAITING_AZIMUTH,bad,43.51486352452,-79.68446215929,163.8907,-37.1,1.979021177,-1.827361699,-0.0,3.0,3.0,180.0,0.0037,-0.0061,-0.0126,0.0071,0.0755,0.0469,0.1495,0.0,0.0,0.0,0.0,0.0,0.0,0.0,0.0,0.0,-6098096,-5142271,164368432,-87928,-59336,27611,-0.36500178917480475,-0.30779084412933355,9.838279319291994,-0.020328385803222656,-0.013718100036621094,0.006383484901428223,61,07c2fe00,43.51491552678,-79.68443685268,173.4227,-37.1,SOL_COMPUTED,SINGLE,good,1.4214,0.9567,2.6725,26,24,0.0,0.0,0,0,0,0,0,0,0,0,0,—,—,0.0,0.0,0.0,0.0
2026-05-26 12:09:27.016864,1779811767.016864,2420,230985.0,WAITING_AZIMUTH,bad,43.51486355094,-79.68446201782,163.9074,-37.1,1.983857819,-1.864533078,-0.0,3.0,3.0,180.0,-0.0213,0.0163,0.0406,0.0268,0.0755,0.0469,0.1495,0.0,0.0,0.0,0.0,0.0,0.0,0.0,0.0,0.0,-5406158,-5269673,164344856,126415,-12840,-28685,-0.32358581146667487,-0.3154164961270142,9.836868176833498,0.029226331672668457,-0.002968525085449219,-0.006631786766052246,61,07bbfe00,43.51491543472,-79.68443679456,173.4231,-37.1,SOL_COMPUTED,SINGLE,good,1.4214,0.9569,2.6732,26,24,0.0,0.0,0,0,0,0,0,0,0,0,0,—,—,0.0,0.0,0.0,0.0
2026-05-26 12:09:28.013913,1779811768.013913,2420,230986.0,WAITING_AZIMUTH,bad,43.51486359187,-79.68446186132,163.9263,-37.1,1.984371608,-1.852006858,-0.0,3.0,3.0,180.0,0.0009,0.0044,0.0246,0.0045,0.0755,0.0469,0.1495,0.0,0.0,0.0,0.0,0.0,0.0,0.0,0.0,0.0,-5285559,-5228210,163873325,122810,-54564,-9592,-0.31636735331634525,-0.31293472654113774,9.808644669258118,0.028392878952026367,-0.012614844451904297,-0.0022176084594726564,61,07b3fe00,43.51491546615,-79.68443664594,173.4344,-37.1,SOL_COMPUTED,SINGLE,good,1.4222,0.9571,2.6743,27,24,0.0,0.0,0,0,0,0,0,0,0,0,0,—,—,0.0,0.0,0.0,0.0
2026-05-26 12:09:29.016441,1779811769.016441,2420,230987.0,WAITING_AZIMUTH,bad,43.51486350236,-79.68446175119,163.9245,-37.1,1.965158362,-1.853081743,-0.0,3.0,3.0,180.0,-0.0125,-0.0052,0.0078,0.0135,0.0755,0.0469,0.1495,0.0,0.0,0.0,0.0,0.0,0.0,0.0,0.0,0.0,-6001967,-5379256,163673348,119180,-22494,69211,-0.35924798389007573,-0.32197559114013674,9.796675037623292,0.027553646392822265,-0.005200467544555664,0.016001136268615723,61,07acfe00,43.51499830922,-79.68438980258,175.8067,-37.1,SOL_COMPUTED,SINGLE,good,2.6262,1.768,4.9483,27,14,0.0,0.0,0,0,0,0,0,0,0,0,0,—,—,0.0,0.0,0.0,0.0
2026-05-26 12:09:30.014817,1779811770.014817,2420,230988.0,WAITING_AZIMUTH,bad,43.51486358353,-79.68446164317,163.9256,-37.1,1.983391489,-1.863753857,-0.0,3.0,3.0,180.0,-0.0016,0.0078,0.0159,0.0080,0.0755,0.0469,0.1495,0.0,0.0,0.0,0.0,0.0,0.0,0.0,0.0,0.0,-5684267,-6048687,163802059,180154,13332,92509,-0.34023203720428474,-0.36204441142913824,9.804379039870302,0.041650441452026364,0.0030822723083496094,0.021387483421325685,61,07a4fe00,43.51500099868,-79.68439333885,173.4385,-37.1,SOL_COMPUTED,SINGLE,good,2.1701,1.3628,3.6583,27,17,0.0,0.0,0,0,0,0,0,0,0,0,0,—,—,0.0,0.0,0.0,0.0
2026-05-26 12:09:31.020873,1779811771.020873,2420,230989.0,WAITING_AZIMUTH,bad,43.51486363735,-79.68446155208,163.9419,-37.1,1.972267214,-1.864999075,-0.0,3.0,3.0,180.0,-0.0043,0.0048,0.0506,0.0064,0.0755,0.0469,0.1495,0.0,0.0,0.0,0.0,0.0,0.0,0.0,0.0,0.0,-5398458,-5806240,164983427,347965,14152,49464,-0.3231249276470948,-0.34753273618164066,9.875089870541688,0.08044726100921631,0.0032718510131835936,0.011435757385253906,61,079dfe00,43.51499509474,-79.68439939817,174.3811,-37.1,SOL_COMPUTED,SINGLE,good,2.1166,1.3128,3.5958,27,18,0.0,0.0,0,0,0,0,0,0,0,0,0,—,—,0.0,0.0,0.0,0.0
2026-05-26 12:09:32.013150,1779811772.013150,2420,230990.0,WAITING_AZIMUTH,bad,43.51486362647,-79.68446146149,163.9482,-37.1,1.98241514,-1.82380179,-0.0,3.0,3.0,180.0,0.001,0.001,-0.01,0.0014,0.0756,0.0469,0.1495,0.0,0.0,0.0,0.0,0.0,0.0,0.0,0.0,0.0,-5518902,-5496709,164310485,119190,-62648,153553,-0.33033410826599124,-0.32900574532989507,9.834810899201967,0.02755595832824707,-0.014483813049316407,0.03550046202850342,61,0796fe00,43.51497221151,-79.68440818487,177.2453,-37.1,SOL_COMPUTED,SINGLE,good,1.8202,1.2769,3.3845,27,19,0.0,0.0,0,0,0,0,0,0,0,0,0,—,—,0.0,0.0,0.0,0.0
2026-05-26 12:09:33.014345,1779811773.014345,2420,230991.0,WAITING_AZIMUTH,bad,43.51486367459,-79.68446140606,163.9494,-37.1,1.976821422,-1.841802395,-0.0,3.0,3.0,180.0,0.0067,-0.006,-0.0143,0.0090,0.0756,0.0469,0.1495,0.0,0.0,0.0,0.0,0.0,0.0,0.0,0.0,0.0,-5549056,-5116724,163361616,-281265,31842,106319,-0.3321389771875001,-0.30626172738403323,9.778016305825197,-0.06502665172576905,0.007361664779663086,0.024580266242980958,61,078ffe00,43.51497231498,-79.6844081136,177.2694,-37.1,SOL_COMPUTED,SINGLE,good,1.821,1.2772,3.3858,27,19,0.0,0.0,0,0,0,0,0,0,0,0,0,—,—,0.0,0.0,0.0,0.0
2026-05-26 12:09:34.013258,1779811774.013258,2420,230992.0,WAITING_AZIMUTH,bad,43.51486375656,-79.68446134552,163.9351,-37.1,1.977884198,-1.859939559,-0.0,3.0,3.0,180.0,0.0161,-0.0179,-0.0276,0.0241,0.0756,0.0469,0.1495,0.0,0.0,0.0,0.0,0.0,0.0,0.0,0.0,0.0,-5766615,-5174907,163624305,-9281,90628,70018,-0.3451609801620484,-0.309744273263855,9.793739566822817,-0.0021457072677612305,0.02095260836791992,0.01618770945739746,61,0787fe00,43.51495393149,-79.68443435173,178.6095,-37.1,SOL_COMPUTED,SINGLE,good,1.7591,1.1792,3.3434,27,21,0.0,0.0,0,0,0,0,0,0,0,0,0,—,—,0.0,0.0,0.0,0.0
2026-05-26 12:09:35.014706,1779811775.014706,2420,230993.0,WAITING_AZIMUTH,bad,43.51486383141,-79.68446116528,163.9267,-37.1,1.970760565,-1.853318341,-0.0,3.0,3.0,180.0,0.012,0.0085,0.0414,0.0147,0.0756,0.0469,0.1495,0.0,0.0,0.0,0.0,0.0,0.0,0.0,0.0,0.0,-5057928,-3309947,164788691,-93652,-68488,102332,-0.3027424903637696,-0.19811701506073,9.863433939179384,-0.02165173764038086,-0.015833983337402345,0.02365849758911133,61,0780fe00,43.51494827552,-79.68442426688,174.8933,-37.1,SOL_COMPUTED,SINGLE,good,1.744,1.1414,3.0503,27,22,0.0,0.0,0,0,0,0,0,0,0,0,0,—,—,0.0,0.0,0.0,0.0
2026-05-26 12:09:36.021629,1779811776.021629,2420,230994.0,WAITING_AZIMUTH,bad,43.51486397919,-79.68446100225,163.8968,-37.1,1.981692968,-1.844151979,-0.0,3.0,3.0,180.0,-0.0106,0.0156,0.0268,0.0189,0.0756,0.0469,0.1495,0.0,0.0,0.0,0.0,0.0,0.0,0.0,0.0,0.0,-5368738,-5506646,164050274,-61290,22347,113238,-0.32134603581359866,-0.3296005248773194,9.819235958997194,-0.01416985221862793,0.005166482093811035,0.02617989436340332,61,0779fe00,43.51494851323,-79.68442410589,174.8738,-37.1,SOL_COMPUTED,SINGLE,good,1.7451,1.1415,3.0517,27,22,0.0,0.0,0,0,0,0,0,0,0,0,0,—,—,0.0,0.0,0.0,0.0
2026-05-26 12:09:37.025445,1779811777.025445,2420,230995.0,WAITING_AZIMUTH,bad,43.51486406481,-79.68446088201,163.8678,-37.1,1.968810231,-1.856884526,-0.0,3.0,3.0,180.0,-0.0071,-0.0109,-0.0466,0.0130,0.0755,0.047,0.1495,0.0,0.0,0.0,0.0,0.0,0.0,0.0,0.0,0.0,-6134992,-4931041,163899068,60759,140382,-13118,-0.36721020078613287,-0.2951476637124634,9.810185517591554,0.0140470884475708,0.03245541188049316,-0.003032796890258789,61,0771fe00,43.51494875907,-79.68442387202,174.8653,-37.1,SOL_COMPUTED,SINGLE,good,1.7453,1.1418,3.0521,27,22,0.0,0.0,0,0,0,0,0,0,0,0,0,—,—,0.0,0.0,0.0,0.0
2026-05-26 12:09:38.011887,1779811778.011887,2420,230996.0,WAITING_AZIMUTH,bad,43.51486422808,-79.68446063898,163.8409,-37.1,1.977635516,-1.848402506,-0.0,3.0,3.0,180.0,-0.0043,0.0122,-0.0108,0.0129,0.0755,0.0469,0.1494,0.0,0.0,0.0,0.0,0.0,0.0,0.0,0.0,0.0,-5533556,-5142563,164231690,-65889,-258398,90444,-0.3312112240441895,-0.3078083218014527,9.830094621206666,-0.015233111320495606,-0.05973994898986817,0.020910068756103517,61,076afe00,43.51494907142,-79.68442348724,174.8415,-37.1,SOL_COMPUTED,SINGLE,good,1.7454,1.1428,3.0529,27,22,0.0,0.0,0,0,0,0,0,0,0,0,0,—,—,0.0,0.0,0.0,0.0
2026-05-26 12:09:39.012241,1779811779.012241,2420,230997.0,WAITING_AZIMUTH,bad,43.51486443058,-79.68446041706,163.8206,-37.1,1.980398921,-1.856877535,-0.0,3.0,3.0,180.0,-0.0003,0.006,-0.027,0.0060,0.0687,0.0467,0.1494,0.0,0.0,0.0,0.0,0.0,0.0,0.0,0.0,0.0,-5177497,-5575674,163132845,-2516,-24565,130352,-0.3098992978213501,-0.333732198682251,9.764323208125306,-0.0005816829528808594,-0.005679269371032715,0.030136540649414064,61,0763fe00,43.51494921181,-79.68442319794,174.8125,-37.1,SOL_COMPUTED,SINGLE,good,1.7452,1.1434,3.0527,27,22,0.0,0.0,0,0,0,0,0,0,0,0,0,—,—,0.0,0.0,0.0,0.0
2026-05-26 12:09:40.023284,1779811780.023284,2420,230998.0,WAITING_AZIMUTH,bad,43.51486155421,-79.68446111884,163.611,-37.1,1.976439998,-1.851435986,-0.0,3.0,3.0,180.0,-0.0049,0.0061,0.0279,0.0078,0.0687,0.0466,0.1494,0.0,0.0,0.0,0.0,0.0,0.0,0.0,0.0,0.0,-5948047,-5775422,164486839,-2673,-170393,56393,-0.3560206000521851,-0.3456881235125733,9.845366575191347,-0.000617980339050293,-0.039393761283874514,0.013037697441101075,61,075bfe00,43.51494937797,-79.68442305823,174.7996,-37.1,SOL_COMPUTED,SINGLE,good,1.7458,1.1436,3.0536,27,22,0.0,0.0,0,0,0,0,0,0,0,0,0,—,—,0.0,0.0,0.0,0.0
2026-05-26 12:09:41.017129,1779811781.017129,2420,230999.0,WAITING_AZIMUTH,bad,43.51486147597,-79.6844611348,163.633,-37.1,1.970255946,-1.849789467,-0.0,3.0,3.0,180.0,0.004,-0.0016,-0.0422,0.0043,0.0685,0.046,0.1428,0.0,0.0,0.0,0.0,0.0,0.0,0.0,0.0,0.0,-5284005,-4928065,164496551,-130449,-138557,166004,-0.31627433858184817,-0.2949695351089478,9.845947887354432,-0.03015896642303467,-0.03203348366546631,0.03837905282592773,61,0754fe00,43.51494960559,-79.68442281264,174.7788,-37.1,SOL_COMPUTED,SINGLE,good,1.7469,1.1446,3.0556,27,22,0.0,0.0,0,0,0,0,0,0,0,0,0,—,—,0.0,0.0,0.0,0.0
2026-05-26 12:09:42.014678,1779811782.014678,2420,231000.0,WAITING_AZIMUTH,bad,43.51486097687,-79.68446136388,163.9193,-37.1,1.981663275,-1.855905241,-0.0,3.0,3.0,180.0,-0.0021,-0.0096,-0.003,0.0098,0.0682,0.0449,0.1362,0.0,0.0,0.0,0.0,0.0,0.0,0.0,0.0,0.0,-5421565,-5572405,163753870,60084,-122060,228598,-0.3245079980911255,-0.3335365325515747,9.80149468527527,0.013891032806396484,-0.028219483795166016,0.052850381423950196,61,074dfe00,43.51494980793,-79.68442252592,174.7774,-37.1,SOL_COMPUTED,SINGLE,good,1.7487,1.1451,3.0566,27,22,0.0,0.0,0,0,0,0,0,0,0,0,0,—,—,0.0,0.0,0.0,0.0
2026-05-26 12:09:43.014627,1779811783.014627,2420,231001.0,WAITING_AZIMUTH,bad,43.51486103647,-79.68446149684,163.8249,-37.1,1.971482029,-1.855581613,-0.0,3.0,3.0,180.0,0.0315,-0.0108,0.0001,0.0333,0.0682,0.0449,0.1362,0.0,0.0,0.0,0.0,0.0,0.0,0.0,0.0,0.0,-5860719,-5595542,164723726,250747,-97720,67920,-0.350793578987732,-0.3349213986468506,9.859545456408082,0.0579710871963501,-0.022592232971191405,0.015702665405273437,61,0745fe00,43.51494998386,-79.68442241017,174.7799,-37.1,SOL_COMPUTED,SINGLE,good,1.7495,1.1453,3.0576,27,22,0.0,0.0,0,0,0,0,0,0,0,0,0,—,—,0.0,0.0,0.0,0.0
2026-05-26 12:09:44.011715,1779811784.011715,2420,231002.0,WAITING_AZIMUTH,bad,43.5148610512,-79.68446143514,163.771,-37.1,1.970783864,-1.8439525,-0.0,3.0,3.0,180.0,0.0076,0.005,0.0048,0.0091,0.0682,0.045,0.1363,0.0,0.0,0.0,0.0,0.0,0.0,0.0,0.0,0.0,-5173757,-5266574,163063013,41605,107638,-53606,-0.3096754399661255,-0.3152310053533936,9.760143410867006,0.009618807334899903,0.024885210525512694,-0.012393361038208008,61,073efe00,43.51495023049,-79.68442209193,174.7535,-37.1,SOL_COMPUTED,SINGLE,good,1.7495,1.1462,3.058,27,22,0.0,0.0,0,0,0,0,0,0,0,0,0,—,—,0.0,0.0,0.0,0.0
2026-05-26 12:09:45.017904,1779811785.017904,2420,231003.0,WAITING_AZIMUTH,bad,43.51486101503,-79.68446138432,163.7248,-37.1,1.978887745,-1.84542753,-0.0,3.0,3.0,180.0,-0.0067,-0.0053,0.0121,0.0085,0.0682,0.045,0.1363,0.0,0.0,0.0,0.0,0.0,0.0,0.0,0.0,0.0,-6597282,-5335752,164593850,-140969,-3712,-43594,-0.3948805879229737,-0.3193716574145508,9.851771723037722,-0.0325911224899292,-0.0008581904296875,-0.010078651290893555,61,0736fe00,43.51495060519,-79.68442150991,174.6987,-37.1,SOL_COMPUTED,SINGLE,good,1.7502,1.1489,3.0595,27,22,0.0,0.0,0,0,0,0,0,0,0,0,0,—,—,0.0,0.0,0.0,0.0
2026-05-26 12:09:46.012125,1779811786.012125,2420,231004.0,WAITING_AZIMUTH,bad,43.51486079559,-79.68446156198,163.7464,-37.1,1.966211269,-1.867462604,-0.0,3.0,3.0,180.0,-0.0025,0.0128,-0.0236,0.0130,0.0682,0.045,0.1363,0.0,0.0,0.0,0.0,0.0,0.0,0.0,0.0,0.0,-5341980,-5604938,163413443,30390,104558,107464,-0.31974443461303714,-0.3354837966168213,9.78111841306122,0.007025971755981446,0.02417313441467285,0.024844982849121094,61,072ffe00,43.51495058492,-79.68442146452,174.7164,-37.1,SOL_COMPUTED,SINGLE,good,1.7493,1.1489,3.0593,27,22,0.0,0.0,0,0,0,0,0,0,0,0,0,—,—,0.0,0.0,0.0,0.0
2026-05-26 12:09:47.011356,1779811787.011356,2420,231005.0,WAITING_AZIMUTH,bad,43.51486067228,-79.68446175301,163.7201,-37.1,1.982073292,-1.85072219,-0.0,3.0,3.0,180.0,0.0132,0.0247,-0.0154,0.0280,0.0681,0.045,0.1363,0.0,0.0,0.0,0.0,0.0,0.0,0.0,0.0,0.0,-5988322,-5252610,165313049,24951,-183307,99683,-0.35843126184875496,-0.31439518955383305,9.894819409032289,0.005768510078430176,-0.04237939469146729,0.023046065895080566,61,0727fe00,43.51495068844,-79.68442145906,174.7177,-37.1,SOL_COMPUTED,SINGLE,good,1.7489,1.1493,3.059,27,22,0.0,0.0,0,0,0,0,0,0,0,0,0,—,—,0.0,0.0,0.0,0.0
2026-05-26 12:09:48.025795,1779811788.025795,2420,231006.0,WAITING_AZIMUTH,bad,43.51486062793,-79.68446169678,163.6686,-37.1,1.964921662,-1.850827057,-0.0,3.0,3.0,180.0,0.0009,0.0062,0.025,0.0063,0.0681,0.045,0.1363,0.0,0.0,0.0,0.0,0.0,0.0,0.0,0.0,0.0,-6040174,-4489271,164072402,198049,158911,37732,-0.3615348654608155,-0.26870550202728277,9.820560431355592,0.04578764989471436,0.03673919702911377,0.008723394744873048,61,071ffe00,43.51495099672,-79.68442093934,174.6726,-37.1,SOL_COMPUTED,SINGLE,good,1.7495,1.1512,3.0593,27,22,0.0,0.0,0,0,0,0,0,0,0,0,0,—,—,0.0,0.0,0.0,0.0
2026-05-26 12:09:49.019768,1779811789.019768,2420,231007.0,WAITING_AZIMUTH,bad,43.51486041675,-79.68446182268,163.6201,-37.1,1.977291773,-1.847778029,-0.0,3.0,3.0,180.0,0.0227,0.0162,-0.0261,0.0279,0.0682,0.0451,0.1364,0.0,0.0,0.0,0.0,0.0,0.0,0.0,0.0,0.0,-5178707,-5496298,164015032,126200,88643,90564,-0.3099717224215699,-0.328981144907837,9.817126547624513,0.029176625061035157,0.020493689186096193,0.020937811981201173,61,0719fe00,43.5149509237,-79.68442094209,174.697,-37.1,SOL_COMPUTED,SINGLE,good,1.7489,1.1508,3.0584,27,22,0.0,0.0,0,0,0,0,0,0,0,0,0,—,—,0.0,0.0,0.0,0.0
2026-05-26 12:09:50.013109,1779811790.013109,2420,231008.0,WAITING_AZIMUTH,bad,43.51486024272,-79.68446188646,163.6107,-37.1,1.979458423,-1.854255885,-0.0,3.0,3.0,180.0,0.0071,0.017,0.0038,0.0184,0.0681,0.045,0.1364,0.0,0.0,0.0,0.0,0.0,0.0,0.0,0.0,0.0,-5788659,-6242232,164726513,130967,-96760,53456,-0.3464804246969605,-0.37362905543701175,9.859712272408753,0.03027872467803955,-0.022370287170410157,0.012358682006835937,61,0711fe00,43.51495090353,-79.68442077153,174.6993,-37.1,SOL_COMPUTED,SINGLE,good,1.7482,1.1518,3.0585,27,22,0.0,0.0,0,0,0,0,0,0,0,0,0,—,—,0.0,0.0,0.0,0.0
2026-05-26 12:09:51.013814,1779811791.013814,2420,231009.0,WAITING_AZIMUTH,bad,43.51485999799,-79.68446229209,163.6223,-37.1,1.973565596,-1.848983511,-0.0,3.0,3.0,180.0,0.0076,0.0072,-0.0002,0.0105,0.0681,0.045,0.1364,0.0,0.0,0.0,0.0,0.0,0.0,0.0,0.0,0.0,-5830973,-5447595,164262124,-85575,111847,115883,-0.3490131309231568,-0.32606602482147223,9.831916249539796,-0.019784387397766112,0.02585830414581299,0.02679140128326416,61,070afe00,43.51493343968,-79.68442617726,174.6052,-37.1,SOL_COMPUTED,SINGLE,good,1.6576,1.1446,3.0575,27,23,0.0,0.0,0,0,0,0,0,0,0,0,0,—,—,0.0,0.0,0.0,0.0
2026-05-26 12:09:52.022428,1779811792.022428,2420,231010.0,WAITING_AZIMUTH,bad,43.5148598483,-79.68446236077,163.6197,-37.1,1.978532137,-1.858987811,-0.0,3.0,3.0,180.0,-0.0032,-0.0066,-0.0258,0.0073,0.0683,0.045,0.1362,0.0,0.0,0.0,0.0,0.0,0.0,0.0,0.0,0.0,-5562164,-5896514,164030323,650392,-176421,80230,-0.33292355707153326,-0.3529360901983643,9.81804179106415,0.15036643048095702,-0.040787395957946775,0.01854865791320801,61,0702fe00,43.51493344654,-79.68442608705,174.6079,-37.1,SOL_COMPUTED,SINGLE,good,1.6575,1.1455,3.0574,28,23,0.0,0.0,0,0,0,0,0,0,0,0,0,—,—,0.0,0.0,0.0,0.0
2026-05-26 12:09:53.025355,1779811793.025355,2420,231011.0,WAITING_AZIMUTH,bad,43.5148596828,-79.68446251532,163.5849,-37.1,1.974405604,-1.823751763,-0.0,3.0,3.0,180.0,0.0035,-0.0114,-0.0028,0.0119,0.0683,0.045,0.1362,0.0,0.0,0.0,0.0,0.0,0.0,0.0,0.0,0.0,-5847414,-4775492,164533005,-130738,46988,219363,-0.3499972076605225,-0.2858372718615723,9.848129843037416,-0.030225781356811525,0.010863322174072265,0.050715309059143066,61,06fafe00,43.51493337261,-79.68442612778,174.6288,-37.1,SOL_COMPUTED,SINGLE,good,1.6574,1.1453,3.0568,28,23,0.0,0.0,0,0,0,0,0,0,0,0,0,—,—,0.0,0.0,0.0,0.0
2026-05-26 12:09:54.015182,1779811794.015182,2420,231012.0,WAITING_AZIMUTH,bad,43.51485962698,-79.68446262364,163.5592,-37.1,1.977150215,-1.85693467,-0.0,3.0,3.0,180.0,-0.0054,-0.0013,-0.0233,0.0056,0.0683,0.045,0.1362,0.0,0.0,0.0,0.0,0.0,0.0,0.0,0.0,0.0,-5764060,-5602467,163379684,32513,31674,63131,-0.3450080505310059,-0.3353358948092652,9.77909776671509,0.007516795646667481,0.007322824264526367,0.014595479530334472,61,06f3fe00,43.51493343185,-79.68442608542,174.6239,-37.1,SOL_COMPUTED,SINGLE,good,1.6568,1.1461,3.0565,28,23,0.0,0.0,0,0,0,0,0,0,0,0,0,—,—,0.0,0.0,0.0,0.0
2026-05-26 12:09:55.013833,1779811795.013833,2420,231013.0,WAITING_AZIMUTH,bad,43.51485949174,-79.68446294052,163.545,-37.1,1.970201176,-1.853601006,-0.0,3.0,3.0,180.0,0.001,-0.0129,-0.0127,0.0129,0.0683,0.045,0.1362,0.0,0.0,0.0,0.0,0.0,0.0,0.0,0.0,0.0,-5706226,-6029547,164107384,152695,-81248,91335,-0.341546394060669,-0.3608987859347535,9.822654280417481,0.035302097969055174,-0.018784012939453126,0.021116062202453614,61,06ebfe00,43.51493324198,-79.68442650881,174.6424,-37.1,SOL_COMPUTED,SINGLE,good,1.6558,1.1447,3.0545,28,23,0.0,0.0,0,0,0,0,0,0,0,0,0,—,—,0.0,0.0,0.0,0.0
2026-05-26 12:09:56.013380,1779811796.013380,2420,231014.0,WAITING_AZIMUTH,bad,43.51485930922,-79.6844629325,163.5356,-37.1,1.974389676,-1.84886381,-0.0,3.0,3.0,180.0,-0.0044,-0.0071,0.0361,0.0084,0.0683,0.045,0.1362,0.0,0.0,0.0,0.0,0.0,0.0,0.0,0.0,0.0,-5872162,-5379782,164445194,65494,-40580,82001,-0.3514785002276612,-0.32200707489196784,9.842873911987917,0.015141789871215821,-0.009381833953857423,0.018958101676940918,61,06e4fe00,43.5149332293,-79.68442626138,174.6394,-37.1,SOL_COMPUTED,SINGLE,good,1.656,1.1465,3.0563,28,23,0.0,0.0,0,0,0,0,0,0,0,0,0,—,—,0.0,0.0,0.0,0.0
2026-05-26 12:09:57.013012,1779811797.013012,2420,231015.0,WAITING_AZIMUTH,bad,43.51485909018,-79.68446327435,163.5439,-37.1,1.978175989,-1.857453133,-0.0,3.0,3.0,180.0,0.0006,-0.0095,-0.008,0.0095,0.0683,0.045,0.1362,0.0,0.0,0.0,0.0,0.0,0.0,0.0,0.0,0.0,-5159014,-5761982,163821492,281062,-6409,89240,-0.30879299708923347,-0.3448836717547608,9.805542202891846,0.0649797194366455,-0.0014817194137573242,0.02063171173095703,61,06dcfe00,43.51493295252,-79.6844267851,174.7028,-37.1,SOL_COMPUTED,SINGLE,good,1.6556,1.1448,3.0554,28,23,0.0,0.0,0,0,0,0,0,0,0,0,0,—,—,0.0,0.0,0.0,0.0
2026-05-26 12:09:58.013240,1779811798.013240,2420,231016.0,WAITING_AZIMUTH,bad,43.51485902088,-79.68446313602,163.5173,-37.1,1.97234267,-1.837471873,-0.0,3.0,3.0,180.0,-0.0023,-0.003,0.0135,0.0038,0.0683,0.045,0.1362,0.0,0.0,0.0,0.0,0.0,0.0,0.0,0.0,0.0,-5537045,-5111024,164396418,118991,-149005,131061,-0.3314200582839966,-0.30592055364746096,9.839954422483522,0.02750995081329346,-0.03444899379730225,0.030300456871032715,61,06d5fe00,43.51493312654,-79.68442623164,174.6568,-37.1,SOL_COMPUTED,SINGLE,good,1.6554,1.1468,3.0552,28,23,0.0,0.0,0,0,0,0,0,0,0,0,0,—,—,0.0,0.0,0.0,0.0
2026-05-26 12:09:59.013480,1779811799.013480,2420,231017.0,WAITING_AZIMUTH,bad,43.51485883254,-79.68446333993,163.5232,-37.1,1.97010831,-1.830743557,-0.0,3.0,3.0,180.0,0.0016,-0.0109,0.0009,0.0110,0.0683,0.045,0.1362,0.0,0.0,0.0,0.0,0.0,0.0,0.0,0.0,0.0,-6010780,-5331737,165103710,-145989,-121511,97372,-0.35977548637084966,-0.31913133942291266,9.882289414498903,-0.03375171407318115,-0.028092558540344238,0.022511777618408203,61,06cdfe00,43.51493291698,-79.68442656394,174.6956,-37.1,SOL_COMPUTED,SINGLE,good,1.6552,1.1455,3.0544,28,23,0.0,0.0,0,0,0,0,0,0,0,0,0,—,—,0.0,0.0,0.0,0.0
2026-05-26 12:10:00.016321,1779811800.016321,2420,231018.0,WAITING_AZIMUTH,bad,43.51485852828,-79.68446379715,163.5356,-37.1,1.96219157,-1.864796189,-0.0,3.0,3.0,180.0,-0.006,0.0107,-0.0016,0.0123,0.0682,0.045,0.1362,0.0,0.0,0.0,0.0,0.0,0.0,0.0,0.0,0.0,-5894975,-4675256,163850539,63759,251943,17653,-0.3528439732894898,-0.27983764192138677,9.80728081228241,0.014740669075012208,0.05824759467315674,0.004081259605407715,61,06c6fe00,43.51493252763,-79.6844272382,174.7735,-37.1,SOL_COMPUTED,SINGLE,good,1.6543,1.1431,3.0524,28,23,0.0,0.0,0,0,0,0,0,0,0,0,0,—,—,0.0,0.0,0.0,0.0
2026-05-26 12:10:01.026940,1779811801.026940,2420,231019.0,WAITING_AZIMUTH,bad,43.51485837773,-79.68446403043,163.5392,-37.1,1.979094931,-1.835326802,-0.0,3.0,3.0,180.0,0.0034,0.0065,-0.0007,0.0073,0.0682,0.045,0.1362,0.0,0.0,0.0,0.0,0.0,0.0,0.0,0.0,0.0,-5613718,-5106780,163446328,36122,74916,47312,-0.3360093238812256,-0.3056665288513184,9.783086746101075,0.008351173141479493,0.017320095428466797,0.010938228881835937,61,06bffe00,43.51493232052,-79.6844275978,174.7865,-37.1,SOL_COMPUTED,SINGLE,good,1.654,1.1422,3.0518,29,23,0.0,0.0,0,0,0,0,0,0,0,0,0,—,—,0.0,0.0,0.0,0.0
2026-05-26 12:10:02.024339,1779811802.024339,2420,231020.0,WAITING_AZIMUTH,bad,43.51485830171,-79.684464114,163.5601,-37.1,1.967692394,-1.878737214,-0.0,3.0,3.0,180.0,-0.0003,-0.0045,0.0092,0.0045,0.0682,0.045,0.1362,0.0,0.0,0.0,0.0,0.0,0.0,0.0,0.0,0.0,-5536236,-5875629,163492439,603304,-31225,-52473,-0.33137163555542,-0.3516860176565552,9.785846721919862,0.13947998895263672,-0.007219018363952637,-0.012131418754577636,61,06b7fe00,43.51493215936,-79.68442770074,174.8098,-37.1,SOL_COMPUTED,SINGLE,good,1.6539,1.1422,3.0517,29,23,0.0,0.0,0,0,0,0,0,0,0,0,0,—,—,0.0,0.0,0.0,0.0
2026-05-26 12:10:03.014760,1779811803.014760,2420,231021.0,WAITING_AZIMUTH,bad,43.51485815821,-79.68446438596,163.5657,-37.1,1.977209469,-1.829599785,-0.0,3.0,3.0,180.0,0.0004,0.0151,-0.0043,0.0151,0.0682,0.045,0.1362,0.0,0.0,0.0,0.0,0.0,0.0,0.0,0.0,0.0,-5742227,-4798697,164074651,129619,-83144,76406,-0.34370123540985115,-0.2872262080996705,9.820695045343934,0.029967075782775878,-0.019222355895996093,0.017664573806762694,61,06affe00,43.51493189044,-79.68442817259,174.8342,-37.1,SOL_COMPUTED,SINGLE,good,1.6532,1.1407,3.0507,29,23,0.0,0.0,0,0,0,0,0,0,0,0,0,—,—,0.0,0.0,0.0,0.0
2026-05-26 12:10:04.013659,1779811804.013659,2420,231022.0,WAITING_AZIMUTH,bad,43.51485805817,-79.68446440034,163.5516,-37.1,1.974052087,-1.85151265,-0.0,3.0,3.0,180.0,-0.015,-0.0114,-0.0137,0.0188,0.0682,0.045,0.1362,0.0,0.0,0.0,0.0,0.0,0.0,0.0,0.0,0.0,-5485440,-5392285,165022724,129767,-84118,72315,-0.32833123886718757,-0.32275544247589116,9.877441994107667,0.030001292427062988,-0.01944753840637207,0.016718761024475098,61,06a8fe00,43.51493188027,-79.68442804324,174.831,-37.1,SOL_COMPUTED,SINGLE,good,1.6529,1.1411,3.0505,29,23,0.0,0.0,0,0,0,0,0,0,0,0,0,—,—,0.0,0.0,0.0,0.0
2026-05-26 12:10:05.014207,1779811805.014207,2420,231023.0,WAITING_AZIMUTH,bad,43.514857946,-79.68446461273,163.5546,-37.1,1.97135591,-1.838809528,-0.0,3.0,3.0,180.0,-0.0056,0.0037,0.0562,0.0067,0.0682,0.0449,0.1362,0.0,0.0,0.0,0.0,0.0,0.0,0.0,0.0,0.0,-5978252,-5258263,165395061,13133,-99652,23039,-0.3578285215808106,-0.3147335501034546,9.899728240696108,0.003036264793395996,-0.02303889889526367,0.005326468025207519,61,06a0fe00,43.51493016212,-79.68443004815,175.3723,-37.1,SOL_COMPUTED,SINGLE,good,1.6168,1.1101,2.8752,29,24,0.0,0.0,0,0,0,0,0,0,0,0,0,—,—,0.0,0.0,0.0,0.0
2026-05-26 12:10:06.022422,1779811806.022422,2420,231024.0,WAITING_AZIMUTH,bad,43.5148577762,-79.68446475378,163.5559,-37.1,1.983055946,-1.857895756,-0.0,3.0,3.0,180.0,0.0087,0.006,-0.0116,0.0106,0.0682,0.0449,0.1362,0.0,0.0,0.0,0.0,0.0,0.0,0.0,0.0,0.0,-6181528,-5035604,164320063,209823,-40997,95723,-0.3699956149975586,-0.3014062864172364,9.83538419078949,0.048509722663879394,-0.009478241661071777,0.02213053946685791,61,0699fe00,43.51492901473,-79.68443083224,175.3173,-37.1,SOL_COMPUTED,SINGLE,good,1.6117,1.108,2.8739,30,24,0.0,0.0,0,0,0,0,0,0,0,0,0,—,—,0.0,0.0,0.0,0.0
2026-05-26 12:10:07.023537,1779811807.023537,2420,231025.0,WAITING_AZIMUTH,bad,43.51485761774,-79.68446464191,163.5729,-37.1,1.964559999,-1.826041352,-0.0,3.0,3.0,180.0,0.0082,0.0034,-0.0322,0.0089,0.0682,0.0449,0.1362,0.0,0.0,0.0,0.0,0.0,0.0,0.0,0.0,0.0,-6679832,-4953534,165197924,-167285,6544,71743,-0.39982162159912116,-0.2964939831610108,9.887928597379151,-0.038675211753845216,0.0015129305419921875,0.016586518318176268,61,0691fe00,43.51492838477,-79.68443080234,175.3239,-37.1,SOL_COMPUTED,SINGLE,good,1.6095,1.1069,2.8708,30,24,0.0,0.0,0,0,0,0,0,0,0,0,0,—,—,0.0,0.0,0.0,0.0
2026-05-26 12:10:08.013401,1779811808.013401,2420,231026.0,WAITING_AZIMUTH,bad,43.51485749571,-79.68446468992,163.6049,-37.1,1.98155282,-1.8687892,-0.0,3.0,3.0,180.0,-0.0106,-0.0028,0.0108,0.0110,0.0682,0.045,0.1362,0.0,0.0,0.0,0.0,0.0,0.0,0.0,0.0,0.0,-6171177,-5263146,164918173,85588,50112,90913,-0.3693760554629517,-0.3150258222711182,9.871184089663393,0.01978739291381836,0.01158557080078125,0.021018498527526856,61,068afe00,43.51492826379,-79.68443090165,175.3661,-37.1,SOL_COMPUTED,SINGLE,good,1.6093,1.1063,2.8703,30,24,0.0,0.0,0,0,0,0,0,0,0,0,0,—,—,0.0,0.0,0.0,0.0
2026-05-26 12:10:09.014201,1779811809.014201,2420,231027.0,WAITING_AZIMUTH,bad,43.51485744297,-79.68446469176,163.5986,-37.1,1.978138615,-1.846657661,-0.0,3.0,3.0,180.0,0.0056,-0.0062,-0.0244,0.0084,0.0682,0.0449,0.1362,0.0,0.0,0.0,0.0,0.0,0.0,0.0,0.0,0.0,-5894739,-5162525,164978872,-83734,-136123,17824,-0.35282984749969487,-0.30900314813995367,9.874817230827638,-0.019358760086059572,-0.031470758583068845,0.004120793701171875,61,0682fe00,43.51492401562,-79.68443614405,175.3015,-37.1,SOL_COMPUTED,SINGLE,good,1.5272,1.0373,2.7439,30,24,0.0,0.0,0,0,0,0,0,0,0,0,0,—,—,0.0,0.0,0.0,0.0
2026-05-26 12:10:10.013121,1779811810.013121,2420,231028.0,WAITING_AZIMUTH,bad,43.51485739266,-79.68446461976,163.6017,-37.1,1.968199943,-1.854912516,-0.0,3.0,3.0,180.0,-0.0094,-0.008,0.0364,0.0123,0.0683,0.045,0.1362,0.0,0.0,0.0,0.0,0.0,0.0,0.0,0.0,0.0,-5595287,-5380949,164510078,-14623,-58152,104326,-0.33490613561126714,-0.32207692572540286,9.846757546500855,-0.0033807431716918945,-0.013444366882324218,0.024119497512817382,61,067afe00,43.51493410314,-79.68442801551,175.9728,-37.1,SOL_COMPUTED,SINGLE,good,1.4715,0.9914,2.5996,30,24,0.0,0.0,0,0,0,0,0,0,0,0,0,—,—,0.0,0.0,0.0,0.0
2026-05-26 12:10:11.013532,1779811811.013532,2420,231029.0,WAITING_AZIMUTH,bad,43.51485735607,-79.68446458242,163.6054,-37.1,1.967622187,-1.852676528,-0.0,3.0,3.0,180.0,0.0022,-0.0004,-0.0043,0.0022,0.0683,0.045,0.1362,0.0,0.0,0.0,0.0,0.0,0.0,0.0,0.0,0.0,-5538106,-5353381,164940648,89371,6290,82553,-0.3314835644830323,-0.3204268419412232,9.872529331721193,0.020661998085021973,0.0014542073822021485,0.019085720512390138,61,0673fe00,43.51493315084,-79.68442667181,175.5879,-37.1,SOL_COMPUTED,SINGLE,good,1.4411,0.9654,2.5318,30,24,0.0,0.0,0,0,0,0,0,0,0,0,0,—,—,0.0,0.0,0.0,0.0
2026-05-26 12:10:12.014992,1779811812.014992,2420,231030.0,WAITING_AZIMUTH,bad,43.51485759642,-79.68446459944,163.6129,-37.1,1.977611724,-1.847684952,-0.0,3.0,3.0,180.0,0.0109,0.002,-0.0032,0.0111,0.0653,0.0448,0.1342,0.0,0.0,0.0,0.0,0.0,0.0,0.0,0.0,0.0,-5719089,-5432273,164782025,-581,-136043,92389,-0.34231630945953373,-0.3251489258755494,9.86303494547272,-0.00013432344818115234,-0.03145226309967041,0.02135974019622803,61,066bfe00,43.51493299923,-79.68442633563,175.4852,-37.1,SOL_COMPUTED,SINGLE,good,1.4412,0.9631,2.5257,30,24,0.0,0.0,0,0,0,0,0,0,0,0,0,—,—,0.0,0.0,0.0,0.0
2026-05-26 12:10:13.015727,1779811813.015727,2420,231031.0,WAITING_AZIMUTH,bad,43.51486025807,-79.68446523874,163.6144,-37.1,1.973771897,-1.851046693,-0.0,3.0,3.0,180.0,0.0001,0.0043,0.0271,0.0043,0.0653,0.0448,0.1342,0.0,0.0,0.0,0.0,0.0,0.0,0.0,0.0,0.0,-5725080,-5080126,164502609,35706,-160892,56658,-0.34267490101318365,-0.3040711525750733,9.846310489195863,0.008254996627807617,-0.03719719143676758,0.013098963729858398,61,0664fe00,43.51493347115,-79.68442607231,175.4289,-37.1,SOL_COMPUTED,SINGLE,good,1.4135,0.9611,2.5036,30,24,0.0,0.0,0,0,0,0,0,0,0,0,0,—,—,0.0,0.0,0.0,0.0
2026-05-26 12:10:14.027478,1779811814.027478,2420,231032.0,WAITING_AZIMUTH,bad,43.51486034627,-79.68446516245,163.6287,-37.1,1.974232002,-1.847436549,-0.0,3.0,3.0,180.0,-0.0034,0.0015,-0.0099,0.0037,0.0653,0.0448,0.1342,0.0,0.0,0.0,0.0,0.0,0.0,0.0,0.0,0.0,-5263076,-4811652,164653327,-78061,-50483,162196,-0.31502163241821296,-0.2880016301623536,9.85533172134125,-0.018047199119567873,-0.011671343605041504,0.03749866781616211,61,065cfe00,43.51493329763,-79.68442609725,175.4131,-37.1,SOL_COMPUTED,SINGLE,good,1.4135,0.961,2.5035,30,24,0.0,0.0,0,0,0,0,0,0,0,0,0,—,—,0.0,0.0,0.0,0.0
2026-05-26 12:10:15.014264,1779811815.014264,2420,231033.0,WAITING_AZIMUTH,bad,43.51486037599,-79.68446513096,163.6435,-37.1,1.976100759,-1.85707536,-0.0,3.0,3.0,180.0,0.0101,0.0173,0.0069,0.0200,0.0653,0.0448,0.1342,0.0,0.0,0.0,0.0,0.0,0.0,0.0,0.0,0.0,-5613632,-4501103,164515192,179348,-95560,56803,-0.3360041763476563,-0.269413706878357,9.847063645183107,0.04146409945678711,-0.022092854919433594,0.013132486793518066,61,0655fe00,43.51493022162,-79.68443574113,175.0518,-37.1,SOL_COMPUTED,SINGLE,good,1.4001,0.9381,2.4815,30,25,0.0,0.0,0,0,0,0,0,0,0,0,0,—,—,0.0,0.0,0.0,0.0
2026-05-26 12:10:16.016302,1779811816.016302,2420,231034.0,WAITING_AZIMUTH,bad,43.5148602423,-79.68446485166,163.7031,-37.1,1.980908553,-1.856610709,-0.0,3.0,3.0,180.0,0.0052,0.0134,0.0268,0.0144,0.0637,0.0436,0.128,0.0,0.0,0.0,0.0,0.0,0.0,0.0,0.0,0.0,-5866940,-6753826,163079239,449444,-3223,66023,-0.35116593720092776,-0.4042505355401612,9.761114618770447,0.1039085505065918,-0.0007451367874145507,0.015264091255187988,61,064dfe00,43.51492905436,-79.68443437111,174.4811,-37.1,SOL_COMPUTED,SINGLE,good,1.3973,0.9331,2.4415,30,25,0.0,0.0,0,0,0,0,0,0,0,0,0,—,—,0.0,0.0,0.0,0.0
2026-05-26 12:10:17.013528,1779811817.013528,2420,231035.0,WAITING_AZIMUTH,bad,43.51485600602,-79.6844586879,165.2164,-37.1,1.969337304,-1.829376455,-0.0,3.0,3.0,180.0,0.002,0.0082,-0.019,0.0084,0.0637,0.0436,0.128,0.0,0.0,0.0,0.0,0.0,0.0,0.0,0.0,0.0,-5072615,-4302804,163814243,-455343,168383,80308,-0.30362158135833744,-0.25754451200317385,9.805108313695985,-0.10527236121368408,0.03892906226348877,0.018566691009521484,61,0646fe00,43.51492895362,-79.68443445491,174.4752,-37.1,SOL_COMPUTED,SINGLE,good,1.397,0.9327,2.4409,30,25,0.0,0.0,0,0,0,0,0,0,0,0,0,—,—,0.0,0.0,0.0,0.0
2026-05-26 12:10:18.015977,1779811818.015977,2420,231036.0,WAITING_AZIMUTH,bad,43.51485617803,-79.68445882324,165.1712,-37.1,1.973729299,-1.84634489,-0.0,3.0,3.0,180.0,-0.0082,-0.0005,0.0048,0.0082,0.0637,0.0436,0.128,0.0,0.0,0.0,0.0,0.0,0.0,0.0,0.0,0.0,-5348746,-4425825,163972337,-180778,123082,91947,-0.3201494138238526,-0.26490793906402593,9.814571036627504,-0.04179470622253418,0.028455763595581055,0.02125755265045166,61,063efe00,43.51492875877,-79.68443444202,174.4499,-37.1,SOL_COMPUTED,SINGLE,good,1.3971,0.933,2.4414,30,25,0.0,0.0,0,0,0,0,0,0,0,0,0,—,—,0.0,0.0,0.0,0.0
2026-05-26 12:10:19.014230,1779811819.014230,2420,231037.0,WAITING_AZIMUTH,bad,43.51485638376,-79.68445898243,165.1202,-37.1,1.979555846,-1.868611684,-0.0,3.0,3.0,180.0,0.0074,-0.0071,0.0059,0.0103,0.0637,0.0436,0.128,0.0,0.0,0.0,0.0,0.0,0.0,0.0,0.0,0.0,-5630140,-4909835,163638267,130189,17652,51415,-0.3369922633728028,-0.2938783777023316,9.794575262912295,0.030098856101989747,0.004081028411865234,0.011886815986633301,61,0636fe00,43.5149286649,-79.68443445574,174.4152,-37.1,SOL_COMPUTED,SINGLE,good,1.3971,0.9332,2.4413,31,25,0.0,0.0,0,0,0,0,0,0,0,0,0,—,—,0.0,0.0,0.0,0.0
2026-05-26 12:10:20.013963,1779811820.013963,2420,231038.0,WAITING_AZIMUTH,bad,43.51485655361,-79.68445928752,165.0337,-37.1,1.968508554,-1.843978171,-0.0,3.0,3.0,180.0,0.0111,-0.0175,-0.0308,0.0207,0.0638,0.0436,0.128,0.0,0.0,0.0,0.0,0.0,0.0,0.0,0.0,0.0,-5370314,-4958498,164518117,-274236,141611,80066,-0.3214403673590088,-0.2967911035870362,9.847238721179506,-0.06340159231567383,0.03273954874420166,0.01851074217224121,61,062ffe00,43.51492846758,-79.68443450442,174.4125,-37.1,SOL_COMPUTED,SINGLE,good,1.3972,0.9328,2.4413,31,25,0.0,0.0,0,0,0,0,0,0,0,0,0,—,—,0.0,0.0,0.0,0.0
2026-05-26 12:10:21.030066,1779811821.030066,2420,231039.0,WAITING_AZIMUTH,bad,43.51485685953,-79.68445950115,164.9607,-37.1,1.97891837,-1.850510256,-0.0,3.0,3.0,180.0,-0.0062,-0.0046,-0.0331,0.0077,0.0637,0.0422,0.1267,0.0,0.0,0.0,0.0,0.0,0.0,0.0,0.0,0.0,-6048219,-5739232,164083994,-183383,50037,21765,-0.3620163992697144,-0.3435219695605469,9.821254270996706,-0.0423969654006958,0.011568231285095215,0.0050319274520874025,61,0627fe00,43.51492805723,-79.68443470634,174.3463,-37.1,SOL_COMPUTED,SINGLE,good,1.3979,0.9331,2.4426,31,25,0.0,0.0,0,0,0,0,0,0,0,0,0,—,—,0.0,0.0,0.0,0.0
2026-05-26 12:10:22.013653,1779811822.013653,2420,231040.0,WAITING_AZIMUTH,bad,43.51485698698,-79.68446016666,164.9425,-37.1,1.969580675,-1.852513081,-0.0,3.0,3.0,180.0,0.0086,0.0016,0.0041,0.0087,0.0637,0.0422,0.1266,0.0,0.0,0.0,0.0,0.0,0.0,0.0,0.0,0.0,-5741533,-5851445,165048532,-153922,52909,156615,-0.3436596960110474,-0.35023848333282476,9.8789867330188,-0.03558577244567871,0.012232219139099122,0.03620837665557861,61,0620fe00,43.51492802383,-79.68443472986,174.3478,-37.1,SOL_COMPUTED,SINGLE,good,1.3973,0.9328,2.4418,31,25,0.0,0.0,0,0,0,0,0,0,0,0,0,—,—,0.0,0.0,0.0,0.0
2026-05-26 12:10:23.014705,1779811823.014705,2420,231041.0,WAITING_AZIMUTH,bad,43.51485703891,-79.68446041573,164.9039,-37.1,1.97815794,-1.839130246,-0.0,3.0,3.0,180.0,-0.0168,-0.0006,-0.002,0.0168,0.0637,0.0422,0.1266,0.0,0.0,0.0,0.0,0.0,0.0,0.0,0.0,0.0,-5259730,-5227677,164016368,-551771,-57636,101995,-0.31482135744934087,-0.3129028238040162,9.817206513959963,-0.12756589212799072,-0.013325071014404296,0.02358058536529541,61,0618fe00,43.51492793452,-79.68443474077,174.3355,-37.1,SOL_COMPUTED,SINGLE,good,1.3971,0.9328,2.4416,31,25,0.0,0.0,0,0,0,0,0,0,0,0,0,—,—,0.0,0.0,0.0,0.0
2026-05-26 12:10:24.013415,1779811824.013415,2420,231042.0,WAITING_AZIMUTH,bad,43.51485730691,-79.68446058161,164.8375,-37.1,1.974707621,-1.865790216,-0.0,3.0,3.0,180.0,0.008,0.0218,0.0264,0.0232,0.0637,0.0422,0.1267,0.0,0.0,0.0,0.0,0.0,0.0,0.0,0.0,0.0,-5518399,-4936054,163740611,179857,16179,25502,-0.33030400118011477,-0.29544771703552253,9.80070106727997,0.04158177696990967,0.003740480323791504,0.005895897720336914,61,0610fe00,43.51492791639,-79.68443470914,174.3392,-37.1,SOL_COMPUTED,SINGLE,good,1.3969,0.9328,2.4415,31,25,0.0,0.0,0,0,0,0,0,0,0,0,0,—,—,0.0,0.0,0.0,0.0
2026-05-26 12:10:25.014064,1779811825.014064,2420,231043.0,WAITING_AZIMUTH,bad,43.51485746876,-79.68446094732,164.7167,-37.1,1.975854652,-1.849774992,-0.0,3.0,3.0,180.0,0.0094,-0.0053,-0.0037,0.0108,0.0637,0.0422,0.1266,0.0,0.0,0.0,0.0,0.0,0.0,0.0,0.0,0.0,-5460758,-5336183,163601587,69261,-29943,126803,-0.32685389673278814,-0.319397454937439,9.79237977998993,0.016012695945739747,-0.006922628242492676,0.02931603476715088,61,0609fe00,43.51492779649,-79.68443476039,174.323,-37.1,SOL_COMPUTED,SINGLE,good,1.3971,0.9329,2.4419,31,25,0.0,0.0,0,0,0,0,0,0,0,0,0,—,—,0.0,0.0,0.0,0.0
2026-05-26 12:10:26.026725,1779811826.026725,2420,231044.0,WAITING_AZIMUTH,bad,43.51485769019,-79.68446130855,164.6133,-37.1,1.975896895,-1.847279947,-0.0,3.0,3.0,180.0,-0.0124,0.0016,-0.0128,0.0125,0.0637,0.0422,0.1266,0.0,0.0,0.0,0.0,0.0,0.0,0.0,0.0,0.0,-5807300,-5031762,165726168,29131,-78983,87153,-0.3475961825256348,-0.3011763233477784,9.919546663923342,0.0067348990859985355,-0.018260359565734862,0.020149210807800293,61,0601fe00,43.5149277592,-79.68443472826,174.3186,-37.1,SOL_COMPUTED,SINGLE,good,1.3969,0.9327,2.441,31,25,0.0,0.0,0,0,0,0,0,0,0,0,0,—,—,0.0,0.0,0.0,0.0
2026-05-26 12:10:27.014574,1779811827.014574,2420,231045.0,WAITING_AZIMUTH,bad,43.51485754714,-79.68446184675,164.4823,-37.1,1.976712385,-1.844700862,-0.0,3.0,3.0,180.0,-0.0348,-0.0055,-0.0145,0.0352,0.0638,0.0422,0.1267,0.0,0.0,0.0,0.0,0.0,0.0,0.0,0.0,0.0,-5844999,-5353913,165126759,-59196,-32727,141818,-0.34985265773529056,-0.32045868482330325,9.883669013350527,-0.013685732940673828,-0.0075662710647583006,0.03278740580749512,61,05f9fe00,43.51492757807,-79.68443476397,174.2979,-37.1,SOL_COMPUTED,SINGLE,good,1.3973,0.9329,2.4416,31,25,0.0,0.0,0,0,0,0,0,0,0,0,0,—,—,0.0,0.0,0.0,0.0
2026-05-26 12:10:28.020145,1779811828.020145,2420,231046.0,WAITING_AZIMUTH,bad,43.51485754618,-79.68446265123,164.3008,-37.1,1.976435902,-1.85689221,-0.0,3.0,3.0,180.0,0.0085,-0.0148,-0.03,0.0171,0.0673,0.0429,0.1294,0.0,0.0,0.0,0.0,0.0,0.0,0.0,0.0,0.0,-4966037,-5600370,163269605,61137,-64427,101071,-0.2972423507449341,-0.3352103787872315,9.77250898360138,0.014134479606628418,-0.01489510636138916,0.023366962532043456,61,05f2fe00,43.51492735151,-79.684434876,174.2498,-37.1,SOL_COMPUTED,SINGLE,good,1.3975,0.9331,2.4419,30,25,0.0,0.0,0,0,0,0,0,0,0,0,0,—,—,0.0,0.0,0.0,0.0
2026-05-26 12:10:29.014244,1779811829.014244,2420,231047.0,WAITING_AZIMUTH,bad,43.51485795682,-79.68446316502,164.1479,-37.1,1.977298721,-1.863107412,-0.0,3.0,3.0,180.0,-0.0097,0.0005,0.0154,0.0097,0.0673,0.0429,0.1295,0.0,0.0,0.0,0.0,0.0,0.0,0.0,0.0,0.0,-6225307,-4574222,163818811,420350,-69426,89300,-0.37261600885955815,-0.2737902476580811,9.805381731525575,0.09718220558166504,-0.016050842880249022,0.020645583343505858,61,05eafe00,43.51492645498,-79.68443390686,174.4295,-37.1,SOL_COMPUTED,SINGLE,good,1.3322,0.8922,2.3159,30,26,0.0,0.0,0,0,0,0,0,0,0,0,0,—,—,0.0,0.0,0.0,0.0
2026-05-26 12:10:30.013954,1779811830.013954,2420,231048.0,WAITING_AZIMUTH,bad,43.51485825073,-79.68446346022,164.0591,-37.1,1.963880266,-1.832755676,-0.0,3.0,3.0,180.0,-0.0124,0.007,-0.0034,0.0142,0.0673,0.0429,0.1295,0.0,0.0,0.0,0.0,0.0,0.0,0.0,0.0,0.0,-5840199,-5737385,164825364,-469974,1374,147439,-0.3495653535360718,-0.3434114172988892,9.865629003116457,-0.10865495393371583,0.00031765992736816406,0.034086944709777835,61,05e3fe00,43.51492657979,-79.68443433756,174.3279,-37.1,SOL_COMPUTED,SINGLE,good,1.3341,0.8931,2.3192,30,26,0.0,0.0,0,0,0,0,0,0,0,0,0,—,—,0.0,0.0,0.0,0.0
2026-05-26 12:10:31.014721,1779811831.014721,2420,231049.0,WAITING_AZIMUTH,bad,43.51485849894,-79.68446383191,163.9847,-37.1,1.980153314,-1.858865615,-0.0,3.0,3.0,180.0,-0.0092,0.0114,0.0211,0.0146,0.0673,0.0429,0.1295,0.0,0.0,0.0,0.0,0.0,0.0,0.0,0.0,0.0,-5289333,-5358089,163800725,76874,-64132,30724,-0.316593246242981,-0.3207086394766236,9.804299193244935,0.017772772384643556,-0.014826904266357422,0.007103190399169922,61,05dbfe00,43.51492695801,-79.68443455753,174.256,-37.1,SOL_COMPUTED,SINGLE,good,1.3334,0.893,2.3184,30,26,0.0,0.0,0,0,0,0,0,0,0,0,0,—,—,0.0,0.0,0.0,0.0
2026-05-26 12:10:32.013813,1779811832.013813,2420,231050.0,WAITING_AZIMUTH,bad,43.51485863163,-79.68446434064,163.8806,-37.1,1.976353741,-1.849047363,-0.0,3.0,3.0,180.0,-0.0106,0.0147,0.0291,0.0181,0.0673,0.0429,0.1295,0.0,0.0,0.0,0.0,0.0,0.0,0.0,0.0,0.0,-5951309,-5252260,164643081,-6507,47165,78406,-0.3562158471975709,-0.31437424028930666,9.854718446586,-0.0015043763809204102,0.01090424343109131,0.018126960891723633,61,05d3fe00,43.51492529089,-79.68443586325,174.1893,-37.1,SOL_COMPUTED,SINGLE,good,1.3262,0.8929,2.3238,30,26,0.0,0.0,0,0,0,0,0,0,0,0,0,—,—,0.0,0.0,0.0,0.0
2026-05-26 12:10:33.015301,1779811833.015301,2420,231051.0,WAITING_AZIMUTH,bad,43.51485890082,-79.6844646618,163.7928,-37.1,1.972267635,-1.848635307,-0.0,3.0,3.0,180.0,-0.0013,0.0042,-0.0119,0.0044,0.0673,0.0429,0.1295,0.0,0.0,0.0,0.0,0.0,0.0,0.0,0.0,0.0,-5321579,-5153656,164457697,4176,-73565,47951,-0.318523331911316,-0.30847229377685553,9.84362227957184,0.0009654642333984375,-0.017007752952575683,0.011085961555480956,61,05ccfe00,43.51492551287,-79.68443618808,174.0921,-37.1,SOL_COMPUTED,SINGLE,good,1.3254,0.8925,2.3224,30,26,0.0,0.0,0,0,0,0,0,0,0,0,0,—,—,0.0,0.0,0.0,0.0
2026-05-26 12:10:34.014588,1779811834.014588,2420,231052.0,WAITING_AZIMUTH,bad,43.51485905753,-79.68446501906,163.7151,-37.1,1.973894203,-1.851242131,-0.0,3.0,3.0,180.0,0.0013,0.0021,-0.0107,0.0025,0.0673,0.0429,0.1295,0.0,0.0,0.0,0.0,0.0,0.0,0.0,0.0,0.0,-5071529,-5444553,163060063,79508,63238,71206,-0.3035565787832642,-0.32588394578521734,9.75996683849457,0.01838173617553711,0.014620217239379884,0.01646236738586426,61,05c4fe00,43.5149258978,-79.68443643986,174.0294,-37.1,SOL_COMPUTED,SINGLE,good,1.322,0.8909,2.3165,30,26,0.0,0.0,0,0,0,0,0,0,0,0,0,—,—,0.0,0.0,0.0,0.0
2026-05-26 12:10:35.013430,1779811835.013430,2420,231053.0,WAITING_AZIMUTH,bad,43.51485915991,-79.68446541222,163.6436,-37.1,1.981132694,-1.84636642,-0.0,3.0,3.0,180.0,0.0136,0.0002,-0.0037,0.0136,0.0673,0.0429,0.1295,0.0,0.0,0.0,0.0,0.0,0.0,0.0,0.0,0.0,-6139200,-5272742,165358678,17275,-59907,42613,-0.3674620708007813,-0.3156001912493897,9.89755053472107,0.003993868446350098,-0.013850111549377441,0.009851850425720215,61,05bdfe00,43.51492610505,-79.68443680401,173.9588,-37.1,SOL_COMPUTED,SINGLE,good,1.3194,0.8893,2.3113,30,26,0.0,0.0,0,0,0,0,0,0,0,0,0,—,—,0.0,0.0,0.0,0.0
2026-05-26 12:10:36.013794,1779811836.013794,2420,231054.0,WAITING_AZIMUTH,bad,43.51485930915,-79.68446548753,163.6311,-37.1,1.973817807,-1.85087982,-0.0,3.0,3.0,180.0,0.0011,0.0091,0.004,0.0092,0.0673,0.0429,0.1295,0.0,0.0,0.0,0.0,0.0,0.0,0.0,0.0,0.0,-5589917,-5140326,164098316,56026,-19068,106859,-0.3345847140383912,-0.30767442607360845,9.822111514901124,0.012952849411010742,-0.004408398468017578,0.024705110755920412,61,05b5fe00,43.51492591066,-79.68443710506,173.9222,-37.1,SOL_COMPUTED,SINGLE,good,1.3209,0.8895,2.3136,30,26,0.0,0.0,0,0,0,0,0,0,0,0,0,—,—,0.0,0.0,0.0,0.0
2026-05-26 12:10:37.018804,1779811837.018804,2420,231055.0,WAITING_AZIMUTH,bad,43.5148594176,-79.68446572535,163.5824,-37.1,1.980455122,-1.851985777,-0.0,3.0,3.0,180.0,-0.0028,0.0048,0.0072,0.0056,0.0673,0.0429,0.1293,0.0,0.0,0.0,0.0,0.0,0.0,0.0,0.0,0.0,-5349769,-5490503,163036807,42271,25831,101665,-0.32021064553131107,-0.32863428494232183,9.758574849649355,0.009772782234191894,0.005971960395812988,0.023504291496276856,61,05adfe00,43.51492560845,-79.68443746946,173.7934,-37.1,SOL_COMPUTED,SINGLE,good,1.3232,0.8903,2.3157,30,26,0.0,0.0,0,0,0,0,0,0,0,0,0,—,—,0.0,0.0,0.0,0.0
2026-05-26 12:10:38.013018,1779811838.013018,2420,231056.0,WAITING_AZIMUTH,bad,43.51485947245,-79.68446602074,163.5311,-37.1,1.976539239,-1.8498238,-0.0,3.0,3.0,180.0,0.0073,-0.0018,-0.0119,0.0075,0.0673,0.0429,0.1293,0.0,0.0,0.0,0.0,0.0,0.0,0.0,0.0,0.0,-5798356,-5220134,163291132,54847,66467,83710,-0.34706083903442386,-0.3124513372259522,9.773797483079836,0.01268027222442627,0.015366741188049317,0.01935321144104004,61,05a6fe00,43.51492583668,-79.6844377167,173.797,-37.1,SOL_COMPUTED,SINGLE,good,1.3257,0.892,2.3217,30,26,0.0,0.0,0,0,0,0,0,0,0,0,0,—,—,0.0,0.0,0.0,0.0
2026-05-26 12:10:39.015314,1779811839.015314,2420,231057.0,WAITING_AZIMUTH,bad,43.51485868133,-79.68446471638,163.8671,-37.1,1.973081015,-1.852636559,-0.0,3.0,3.0,180.0,-0.0019,0.0081,0.037,0.0083,0.0673,0.0429,0.1293,0.0,0.0,0.0,0.0,0.0,0.0,0.0,0.0,0.0,-5937891,-5416013,164784495,36803,-10846,93127,-0.35541271225067145,-0.32417568290069587,9.863182787425233,0.008508615943908691,-0.002507525161743164,0.021530361030578614,61,059efe00,43.51491241975,-79.68443836935,174.3225,-37.1,SOL_COMPUTED,SINGLE,good,1.3841,0.9112,2.3644,29,25,0.0,0.0,0,0,0,0,0,0,0,0,0,—,—,0.0,0.0,0.0,0.0
2026-05-26 12:10:40.026264,1779811840.026264,2420,231058.0,WAITING_AZIMUTH,bad,43.51486241946,-79.68446259481,164.2745,-37.1,1.971773735,-1.856829469,-0.0,3.0,3.0,180.0,-0.0086,-0.0044,-0.0066,0.0097,0.065,0.0423,0.125,0.0,0.0,0.0,0.0,0.0,0.0,0.0,0.0,0.0,-5278888,-5299789,163569639,53773,-50164,77542,-0.3159680603344727,-0.31721909055694586,9.790467531123964,0.012431970359802246,-0.011597592864990234,0.01792720967102051,61,0597fe00,43.51491168747,-79.68443793933,174.392,-37.1,SOL_COMPUTED,SINGLE,good,1.3529,0.9108,2.3619,30,27,0.0,0.0,0,0,0,0,0,0,0,0,0,—,—,0.0,0.0,0.0,0.0
2026-05-26 12:10:41.013538,1779811841.013538,2420,231059.0,WAITING_AZIMUTH,bad,43.5148585938,-79.68446465319,163.8893,-37.1,1.97842013,-1.849462482,-0.0,3.0,3.0,180.0,0.0224,-0.0012,0.0024,0.0224,0.0673,0.0429,0.1293,0.0,0.0,0.0,0.0,0.0,0.0,0.0,0.0,0.0,-6188838,-5383138,164908225,2273,8302,14566,-0.3704331553509522,-0.32220794841125494,9.870588651710511,0.0005255029220581055,0.0019193687896728515,0.003367565139770508,61,058efe00,43.51491154159,-79.68443892189,174.5008,-37.1,SOL_COMPUTED,SINGLE,good,1.3528,0.8985,2.3558,29,27,0.0,0.0,0,0,0,0,0,0,0,0,0,—,—,0.0,0.0,0.0,0.0
2026-05-26 12:10:42.014917,1779811842.014917,2420,231060.0,WAITING_AZIMUTH,bad,43.51485852246,-79.68446467245,163.9142,-37.1,1.980862774,-1.851447043,-0.0,3.0,3.0,180.0,0.0013,0.0139,0.027,0.0140,0.0673,0.0429,0.1293,0.0,0.0,0.0,0.0,0.0,0.0,0.0,0.0,0.0,-5108261,-4766319,162839834,204871,-168444,68428,-0.3057551741677857,-0.285288221565857,9.746785022559205,0.04736485224151611,-0.03894316506958008,0.015820111724853515,61,0587fe00,43.51491147417,-79.68443907193,174.5446,-37.1,SOL_COMPUTED,SINGLE,good,1.3533,0.8981,2.3565,29,27,0.0,0.0,0,0,0,0,0,0,0,0,0,—,—,0.0,0.0,0.0,0.0
2026-05-26 12:10:43.013269,1779811843.013269,2420,231061.0,WAITING_AZIMUTH,bad,43.51486759109,-79.68445970346,164.8938,-37.1,1.961622612,-1.822571584,-0.0,3.0,3.0,180.0,0.0032,-0.0035,-0.0002,0.0047,0.065,0.0423,0.125,0.0,0.0,0.0,0.0,0.0,0.0,0.0,0.0,0.0,-5733019,-5334839,166027415,-1071320,104169,185604,-0.34315009018768317,-0.3193170097616578,9.937577815611268,-0.24768226593017578,0.024083200126647948,0.04291044625854492,61,0580fe00,43.51491211531,-79.68443858777,174.5574,-37.1,SOL_COMPUTED,SINGLE,good,1.341,0.8945,2.3554,30,28,0.0,0.0,0,0,0,0,0,0,0,0,0,—,—,0.0,0.0,0.0,0.0
2026-05-26 12:10:44.014860,1779811844.014860,2420,231062.0,WAITING_AZIMUTH,bad,43.51485838027,-79.68446466731,163.9423,-37.1,1.986487115,-1.878717681,-0.0,3.0,3.0,180.0,-0.0099,-0.0085,0.016,0.0130,0.0673,0.0429,0.1293,0.0,0.0,0.0,0.0,0.0,0.0,0.0,0.0,0.0,-5202236,-4142147,162997706,226017,-101253,43538,-0.3113800516931153,-0.2479283806002808,9.75623445767151,0.0522536708908081,-0.023409039756774903,0.010065704452514649,61,0578fe00,43.51491109241,-79.68443918581,174.5279,-37.1,SOL_COMPUTED,SINGLE,good,1.342,0.8944,2.3565,31,28,0.0,0.0,0,0,0,0,0,0,0,0,0,—,—,0.0,0.0,0.0,0.0
2026-05-26 12:10:45.013507,1779811845.013507,2420,231063.0,WAITING_AZIMUTH,bad,43.51485835467,-79.68446466538,163.9441,-37.1,1.970815216,-1.85809519,-0.0,3.0,3.0,180.0,-0.0029,-0.0116,-0.0011,0.0120,0.0673,0.0429,0.1293,0.0,0.0,0.0,0.0,0.0,0.0,0.0,0.0,0.0,-5268569,-4294047,164507854,579135,-92037,90579,-0.3153504161611939,-0.2570203614047242,9.846624428888552,0.13389227222442626,-0.0212783600692749,0.02094127988433838,61,0571fe00,43.51491066914,-79.68443947889,174.5325,-37.1,SOL_COMPUTED,SINGLE,good,1.3419,0.8944,2.3562,31,28,0.0,0.0,0,0,0,0,0,0,0,0,0,—,—,0.0,0.0,0.0,0.0
2026-05-26 12:10:46.014328,1779811846.014328,2420,231064.0,WAITING_AZIMUTH,bad,43.51485831508,-79.68446460944,163.9471,-37.1,1.969332615,-1.825160037,-0.0,3.0,3.0,180.0,-0.008,0.0037,0.0179,0.0088,0.0673,0.0429,0.1293,0.0,0.0,0.0,0.0,0.0,0.0,0.0,0.0,0.0,-6744080,-7316462,163900423,-237245,70486,128553,-0.4036671883056641,-0.437927136671753,9.810266621172792,-0.05484951198577881,0.01629590803527832,0.0297206234664917,61,0569fe00,43.51491025405,-79.68443954695,174.4286,-37.1,SOL_COMPUTED,SINGLE,good,1.3368,0.8897,2.3395,31,28,0.0,0.0,0,0,0,0,0,0,0,0,0,—,—,0.0,0.0,0.0,0.0
2026-05-26 12:10:47.013614,1779811847.013614,2420,231065.0,WAITING_INITIALPOS,bad,43.51485831508,-79.68446460944,163.9471,-37.1,1.969332615,-1.825160037,-0.0,3.0,3.0,180.0,-0.008,0.0037,0.0179,0.0088,0.0673,0.0429,0.1293,0.0,0.0,0.0,0.0,0.0,0.0,0.0,0.0,0.0,-5535801,-5032306,163688116,-500977,53997,121109,-0.3313455986123658,-0.3012088844903565,9.797558976876221,-0.11582264733123779,0.012483757713317872,0.02799961873626709,61,0561fe00,43.51491016863,-79.68443952622,174.3942,-37.1,SOL_COMPUTED,SINGLE,good,1.3366,0.8897,2.3406,31,28,0.0,0.0,0,0,0,0,0,0,0,0,0,—,—,0.0,0.0,0.0,0.0
2026-05-26 12:10:48.014747,1779811848.014747,2420,231066.0,WAITING_INITIALPOS,bad,43.51485831508,-79.68446460944,163.9471,-37.1,1.969332615,-1.825160037,-0.0,3.0,3.0,180.0,-0.008,0.0037,0.0179,0.0088,0.0673,0.0429,0.1293,0.0,0.0,0.0,0.0,0.0,0.0,0.0,0.0,0.0,-5256234,-4184686,165187948,234727,-31803,108526,-0.3146121042242432,-0.2504745542108155,9.88733148348511,0.05426736664581299,-0.007352648231506348,0.025090510391235353,61,055afe00,43.51491010878,-79.68443960881,174.4017,-37.1,SOL_COMPUTED,SINGLE,good,1.3356,0.8892,2.341,31,28,0.0,0.0,0,0,0,0,0,0,0,0,0,—,—,0.0,0.0,0.0,0.0
2026-05-26 12:10:49.015260,1779811849.015260,2420,231067.0,WAITING_INITIALPOS,bad,43.51485831508,-79.68446460944,163.9471,-37.1,1.969332615,-1.825160037,-0.0,3.0,3.0,180.0,-0.008,0.0037,0.0179,0.0088,0.0673,0.0429,0.1293,0.0,0.0,0.0,0.0,0.0,0.0,0.0,0.0,0.0,-5830002,-5432762,163885682,16458,33240,68966,-0.3489550116778565,-0.32517819499084477,9.809384298005982,0.0038049833221435545,0.007684873352050781,0.015944493850708008,61,0552fe00,43.51490989708,-79.68443967886,174.3269,-37.1,SOL_COMPUTED,SINGLE,good,1.3385,0.8901,2.3438,31,28,0.0,0.0,0,0,0,0,0,0,0,0,0,—,—,0.0,0.0,0.0,0.0
2026-05-26 12:10:50.014176,1779811850.014176,2420,231068.0,WAITING_INITIALPOS,bad,43.51485831508,-79.68446460944,163.9471,-37.1,1.969332615,-1.825160037,-0.0,3.0,3.0,180.0,-0.008,0.0037,0.0179,0.0088,0.0673,0.0429,0.1293,0.0,0.0,0.0,0.0,0.0,0.0,0.0,0.0,0.0,-5353139,-5331760,163647735,86254,-46565,59322,-0.32041235702117926,-0.31913271608886723,9.795141970445252,0.01994136781311035,-0.010765527305603028,0.013714863327026367,61,054afe00,43.51490996715,-79.68443951861,174.3205,-37.1,SOL_COMPUTED,SINGLE,good,1.3387,0.8905,2.3446,31,28,0.0,0.0,0,0,0,0,0,0,0,0,0,—,—,0.0,0.0,0.0,0.0
2026-05-26 12:10:51.021008,1779811851.021008,2420,231069.0,WAITING_INITIALPOS,bad,43.51485831508,-79.68446460944,163.9471,-37.1,1.969332615,-1.825160037,-0.0,3.0,3.0,180.0,-0.008,0.0037,0.0179,0.0088,0.0673,0.0429,0.1293,0.0,0.0,0.0,0.0,0.0,0.0,0.0,0.0,0.0,-6157131,-5356767,164877397,18571,42178,107174,-0.36853533154998785,-0.3206295111117554,9.868743440491029,0.004293495277404785,0.009751281234741211,0.024777936721801758,61,0542fe00,43.51490970028,-79.68443977068,174.3074,-37.1,SOL_COMPUTED,SINGLE,good,1.3384,0.89,2.3445,31,28,0.0,0.0,0,0,0,0,0,0,0,0,0,—,—,0.0,0.0,0.0,0.0
2026-05-26 12:10:52.029163,1779811852.029163,2420,231070.0,WAITING_INITIALPOS,bad,43.51485831508,-79.68446460944,163.9471,-37.1,1.969332615,-1.825160037,-0.0,3.0,3.0,180.0,-0.008,0.0037,0.0179,0.0088,0.0673,0.0429,0.1293,0.0,0.0,0.0,0.0,0.0,0.0,0.0,0.0,0.0,-5879237,-5199061,163371476,87421,47824,77307,-0.3519019746463013,-0.3111900119363404,9.778606476534426,0.02021117067718506,0.011056599975585937,0.017872879188537596,61,053bfe00,43.5149093422,-79.6844399464,174.2535,-37.1,SOL_COMPUTED,SINGLE,good,1.3413,0.8903,2.3469,31,28,0.0,0.0,0,0,0,0,0,0,0,0,0,—,—,0.0,0.0,0.0,0.0
2026-05-26 12:10:53.015044,1779811853.015044,2420,231071.0,WAITING_INITIALPOS,bad,43.51485831508,-79.68446460944,163.9471,-37.1,1.969332615,-1.825160037,-0.0,3.0,3.0,180.0,-0.008,0.0037,0.0179,0.0088,0.0673,0.0429,0.1293,0.0,0.0,0.0,0.0,0.0,0.0,0.0,0.0,0.0,-5367246,-6098693,164583601,-426041,-36285,136839,-0.3212567320916748,-0.36503752263458256,9.851158268717347,-0.09849792803192138,-0.008388857688903809,0.031636293159484866,61,0534fe00,43.51490902838,-79.68444007679,174.1917,-37.1,SOL_COMPUTED,SINGLE,good,1.3428,0.8905,2.3486,31,28,0.0,0.0,0,0,0,0,0,0,0,0,0,—,—,0.0,0.0,0.0,0.0
2026-05-26 12:10:54.015168,1779811854.015168,2420,231072.0,WAITING_INITIALPOS,bad,43.51485831508,-79.68446460944,163.9471,-37.1,1.969332615,-1.825160037,-0.0,3.0,3.0,180.0,-0.008,0.0037,0.0179,0.0088,0.0673,0.0429,0.1293,0.0,0.0,0.0,0.0,0.0,0.0,0.0,0.0,0.0,-5720465,-4719207,165301305,809622,-104456,31782,-0.3423986699966431,-0.2824683308505249,9.894116471424867,0.18717937825012207,-0.024149552673339843,0.007347793167114258,61,052cfe00,43.51490949427,-79.68443990756,174.2144,-37.1,SOL_COMPUTED,SINGLE,good,1.348,0.891,2.3529,31,28,0.0,0.0,0,0,0,0,0,0,0,0,0,—,—,0.0,0.0,0.0,0.0
2026-05-26 12:10:55.018328,1779811855.018328,2420,231073.0,WAITING_INITIALPOS,bad,43.51485831508,-79.68446460944,163.9471,-37.1,1.969332615,-1.825160037,-0.0,3.0,3.0,180.0,-0.008,0.0037,0.0179,0.0088,0.0673,0.0429,0.1293,0.0,0.0,0.0,0.0,0.0,0.0,0.0,0.0,0.0,-5639836,-5352603,163390741,-140688,-23899,112273,-0.33757261785522463,-0.32038027471893316,9.779759583908998,-0.032526157104492186,-0.005525294471740723,0.02595679259490967,61,0524fe00,43.51490942919,-79.68444008373,174.1675,-37.1,SOL_COMPUTED,SINGLE,good,1.3501,0.8909,2.3542,31,28,0.0,0.0,0,0,0,0,0,0,0,0,0,—,—,0.0,0.0,0.0,0.0
2026-05-26 12:10:56.014449,1779811856.014449,2420,231074.0,WAITING_INITIALPOS,bad,43.51485831508,-79.68446460944,163.9471,-37.1,1.969332615,-1.825160037,-0.0,3.0,3.0,180.0,-0.008,0.0037,0.0179,0.0088,0.0673,0.0429,0.1293,0.0,0.0,0.0,0.0,0.0,0.0,0.0,0.0,0.0,-5195666,-5526240,163133551,3399,66556,122669,-0.3109868040704346,-0.3307733245605469,9.764365465784609,0.0007858268508911133,0.015387317413330078,0.02836028066253662,61,051dfe00,43.51490991644,-79.68444042266,173.9895,-37.1,SOL_COMPUTED,SINGLE,good,1.3541,0.8915,2.3575,31,28,0.0,0.0,0,0,0,0,0,0,0,0,0,—,—,0.0,0.0,0.0,0.0
2026-05-26 12:10:57.024819,1779811857.024819,2420,231075.0,WAITING_INITIALPOS,bad,43.51485831508,-79.68446460944,163.9471,-37.1,1.969332615,-1.825160037,-0.0,3.0,3.0,180.0,-0.008,0.0037,0.0179,0.0088,0.0673,0.0429,0.1293,0.0,0.0,0.0,0.0,0.0,0.0,0.0,0.0,0.0,-5897662,-5332658,165583335,126838,58280,57440,-0.3530048037860108,-0.31918646591613775,9.910997388780213,0.029324126541137696,0.013473959655761718,0.013279757080078124,61,0515fe00,43.51491583852,-79.68441650325,176.1049,-37.1,SOL_COMPUTED,SINGLE,good,1.3597,0.8648,2.351,31,29,0.0,0.0,0,0,0,0,0,0,0,0,0,—,—,0.0,0.0,0.0,0.0
2026-05-26 12:10:58.015336,1779811858.015336,2420,231076.0,WAITING_INITIALPOS,bad,43.51485831508,-79.68446460944,163.9471,-37.1,1.969332615,-1.825160037,-0.0,3.0,3.0,180.0,-0.008,0.0037,0.0179,0.0088,0.0673,0.0429,0.1293,0.0,0.0,0.0,0.0,0.0,0.0,0.0,0.0,0.0,-5707056,-5425838,163631319,75449,12517,74607,-0.34159607374511725,-0.32476375868347174,9.794159390083925,0.017443321586608888,0.0028938495712280275,0.01724865662384033,61,050efe00,43.51491651269,-79.68441641485,176.0268,-37.1,SOL_COMPUTED,SINGLE,good,1.3891,0.8679,2.3738,31,29,0.0,0.0,0,0,0,0,0,0,0,0,0,—,—,0.0,0.0,0.0,0.0
2026-05-26 12:10:59.014439,1779811859.014439,2420,231077.0,WAITING_INITIALPOS,bad,43.51485831508,-79.68446460944,163.9471,-37.1,1.969332615,-1.825160037,-0.0,3.0,3.0,180.0,-0.008,0.0037,0.0179,0.0088,0.0673,0.0429,0.1293,0.0,0.0,0.0,0.0,0.0,0.0,0.0,0.0,0.0,-5267702,-5345201,163403591,111412,230,49247,-0.31529852184021,-0.3199372277017212,9.780528721192324,0.025757734954833984,5.317451477050781e-05,0.011385588386535644,61,0506fe00,43.51491635479,-79.6844164511,176.0184,-37.1,SOL_COMPUTED,SINGLE,good,1.3798,0.8672,2.367,31,29,0.0,0.0,0,0,0,0,0,0,0,0,0,—,—,0.0,0.0,0.0,0.0
2026-05-26 12:11:00.015205,1779811860.015205,2420,231078.0,WAITING_INITIALPOS,bad,43.51485831508,-79.68446460944,163.9471,-37.1,1.969332615,-1.825160037,-0.0,3.0,3.0,180.0,-0.008,0.0037,0.0179,0.0088,0.0673,0.0429,0.1293,0.0,0.0,0.0,0.0,0.0,0.0,0.0,0.0,0.0,-5521478,-4811891,164322640,98714,7250,-22222,-0.3304882948529053,-0.288015935517273,9.835538437231447,0.022822039352416994,0.0016761531829833985,-0.005137582901000977,61,04fefe00,43.51491664486,-79.68441746094,175.8878,-37.1,SOL_COMPUTED,SINGLE,good,1.3978,0.8703,2.3814,31,29,0.0,0.0,0,0,0,0,0,0,0,0,0,—,—,0.0,0.0,0.0,0.0
2026-05-26 12:11:01.016339,1779811861.016339,2420,231079.0,WAITING_AZIMUTH,bad,43.51485965257,-79.68446604267,163.3589,-37.1,1.968652515,-1.857178025,-0.0,3.0,3.0,180.0,-0.0176,-0.0066,-0.0106,0.0188,0.0669,0.0412,0.1254,0.0,0.0,0.0,0.0,0.0,0.0,0.0,0.0,0.0,-5798407,-5081121,164252979,111508,17630,-31766,-0.34706389164154056,-0.3041307083413697,9.831368875185243,0.02577992953491211,0.004075942153930664,-0.00734409407043457,61,04f7fe00,43.51491452377,-79.68443692686,173.6275,-37.1,SOL_COMPUTED,SINGLE,good,1.3682,0.8825,2.3661,31,29,0.0,0.0,0,0,0,0,0,0,0,0,0,—,—,0.0,0.0,0.0,0.0
2026-05-26 12:11:02.017274,1779811862.017274,2420,231080.0,WAITING_AZIMUTH,bad,43.51486211755,-79.6844648426,163.5495,-37.1,1.976414152,-1.843496701,-0.0,3.0,3.0,180.0,-0.0099,-0.0029,0.0308,0.0103,0.0648,0.0409,0.122,0.0,0.0,0.0,0.0,0.0,0.0,0.0,0.0,0.0,-5824533,-5105895,163602916,40694,82202,-34895,-0.3486276644558716,-0.30561355713958743,9.792459327340088,0.009408190017700196,0.01900457157897949,-0.008067498664855958,61,04effe00,43.51491467615,-79.68443682042,173.6361,-37.1,SOL_COMPUTED,SINGLE,good,1.3663,0.8824,2.3658,31,29,0.0,0.0,0,0,0,0,0,0,0,0,0,—,—,0.0,0.0,0.0,0.0
2026-05-26 12:11:03.022886,1779811863.022886,2420,231081.0,WAITING_AZIMUTH,bad,43.51486235177,-79.68446477922,163.5418,-37.1,1.969687037,-1.838851183,-0.0,3.0,3.0,180.0,0.0144,-0.0009,0.02,0.0144,0.0648,0.0409,0.1219,0.0,0.0,0.0,0.0,0.0,0.0,0.0,0.0,0.0,-5706270,-5379421,163196191,75411,41770,99733,-0.3415490276824952,-0.3219854672219849,9.768114785584412,0.01743453623199463,0.00965695426940918,0.02305762557220459,61,04e7fe00,43.51491463117,-79.68443677892,173.5647,-37.1,SOL_COMPUTED,SINGLE,good,1.3673,0.8831,2.3665,31,29,0.0,0.0,0,0,0,0,0,0,0,0,0,—,—,0.0,0.0,0.0,0.0
2026-05-26 12:11:04.016057,1779811864.016057,2420,231082.0,WAITING_AZIMUTH,bad,43.51489993671,-79.68444488429,166.3362,-37.1,1.972473829,-1.86998841,-0.0,3.0,3.0,180.0,-0.0091,0.0029,0.0323,0.0096,0.0621,0.0405,0.1207,0.0,0.0,0.0,0.0,0.0,0.0,0.0,0.0,0.0,-5155375,-5177020,164050469,68338,-12116,51251,-0.3085751845932007,-0.30987074696655276,9.819247630730287,0.015799304306030274,-0.002801140960693359,0.011848900245666504,61,04e0fe00,43.51491460352,-79.68443706632,173.6065,-37.1,SOL_COMPUTED,SINGLE,good,1.3653,0.8815,2.3658,31,29,0.0,0.0,0,0,0,0,0,0,0,0,0,—,—,0.0,0.0,0.0,0.0
2026-05-26 12:11:05.015856,1779811865.015856,2420,231083.0,WAITING_AZIMUTH,bad,43.51489631028,-79.6844467841,166.0401,-37.1,1.980924261,-1.820296083,-0.0,3.0,3.0,180.0,-0.0019,-0.0065,-0.0006,0.0068,0.0621,0.0405,0.1207,0.0,0.0,0.0,0.0,0.0,0.0,0.0,0.0,0.0,-5371156,-5205364,163920104,-1212631,-95767,-39364,-0.32149076530395515,-0.3115672782629395,9.81144462824463,-0.2803524566116333,-0.02214071198272705,-0.009100702606201171,61,04d8fe00,43.51491451515,-79.6844369823,173.5468,-37.1,SOL_COMPUTED,SINGLE,good,1.3662,0.8824,2.3665,31,29,0.0,0.0,0,0,0,0,0,0,0,0,0,—,—,0.0,0.0,0.0,0.0
2026-05-26 12:11:06.015754,1779811866.015754,2420,231084.0,MOTION_DETECT,bad,43.51489367115,-79.68444802904,165.8086,-37.1,1.968318921,-2.034990754,-0.0,3.0,3.0,180.0,-0.0043,-0.0032,-0.0208,0.0054,0.0621,0.0405,0.1207,0.0,0.0,0.0,0.0,0.0,0.0,0.0,0.0,0.0,-5863495,-9953071,164372445,57222,-101846,-307533,-0.3509597365829468,-0.5957414777963258,9.838519517573548,0.013229356887817383,-0.02354613752746582,-0.071099643699646,61,04d1fe00,43.51491499507,-79.68443651793,173.5515,-37.1,SOL_COMPUTED,SINGLE,good,1.3654,0.8831,2.3656,31,29,0.0,0.0,0,0,0,0,0,0,0,0,0,—,—,0.0,0.0,0.0,0.0
2026-05-26 12:11:07.016369,1779811867.016369,2420,231085.0,MOTION_DETECT,bad,43.51489092887,-79.68444948163,165.5886,-37.1,2.063180471,-1.985958309,-0.0,3.0,3.0,180.0,0.0224,0.0116,-0.038,0.0252,0.0621,0.0405,0.1207,0.0,0.0,0.0,0.0,0.0,0.0,0.0,0.0,0.0,-6145731,-6770927,164222616,-589858,238966,-278588,-0.3678529840768433,-0.40527411660491947,9.82955149656006,-0.13637136058044433,0.0552473960723877,-0.06440774661254883,61,04c9fe00,43.51491481471,-79.68443664341,173.5309,-37.1,SOL_COMPUTED,SINGLE,good,1.364,0.8829,2.3663,31,29,0.0,0.0,0,0,0,0,0,0,0,0,0,—,—,0.0,0.0,0.0,0.0
2026-05-26 12:11:08.016027,1779811868.016027,2420,231086.0,MOTION_DETECT,bad,43.51489732321,-79.68444823693,164.582,-37.1,2.041428476,-2.033783959,-0.0,3.0,3.0,180.0,-0.0129,-0.0013,0.0159,0.0130,0.0622,0.0405,0.1207,0.0,0.0,0.0,0.0,0.0,0.0,0.0,0.0,0.0,-5775328,-5357236,164726194,-248036,-126353,-118024,-0.34568249713867194,-0.3206575831262207,9.859693178650515,-0.05734432150268555,-0.02921199767303467,-0.027286386657714844,61,04c2fe00,43.51491970163,-79.68443416798,172.9436,-37.1,SOL_COMPUTED,SINGLE,good,1.3682,0.8806,2.3693,31,29,0.0,0.0,0,0,0,0,0,0,0,0,0,—,—,0.0,0.0,0.0,0.0
2026-05-26 12:11:09.015560,1779811869.015560,2420,231087.0,MOTION_DETECT,bad,43.51489661451,-79.68444851378,164.4967,-37.1,2.025039703,-2.020846231,-0.0,3.0,3.0,180.0,-0.0173,-0.0052,-0.0198,0.0181,0.0621,0.0405,0.1207,0.0,0.0,0.0,0.0,0.0,0.0,0.0,0.0,0.0,-6446622,-5946240,165076465,-165793,-74489,35563,-0.38586282736999516,-0.3559124419921876,9.88065866389313,-0.03833027098846436,-0.017221375785827636,0.00822193595123291,61,04bafe00,43.51492015228,-79.68443386611,172.871,-37.1,SOL_COMPUTED,SINGLE,good,1.3589,0.8804,2.3629,31,29,0.0,0.0,0,0,0,0,0,0,0,0,0,—,—,0.0,0.0,0.0,0.0
2026-05-26 12:11:10.023119,1779811870.023119,2420,231088.0,MOTION_DETECT,bad,43.51490017747,-79.6844481419,163.7946,-37.1,2.033124461,-2.005358696,-0.0,3.0,3.0,180.0,0.0151,0.0029,-0.0396,0.0154,0.0621,0.0405,0.1207,0.0,0.0,0.0,0.0,0.0,0.0,0.0,0.0,0.0,-5772815,-6034057,163864857,-127895,-49955,65560,-0.3455320814193726,-0.36116873217193607,9.808137816766664,-0.029568498115539552,-0.011549273414611816,0.015157048645019532,61,04b2fe00,43.51492552839,-79.68443411222,172.053,-37.1,SOL_COMPUTED,SINGLE,good,1.3292,0.8677,2.3289,31,29,0.0,0.0,0,0,0,0,0,0,0,0,0,—,—,0.0,0.0,0.0,0.0
2026-05-26 12:11:11.017171,1779811871.017171,2420,231089.0,MOTION_DETECT,bad,43.51490390206,-79.6844475108,163.0733,-37.1,2.024900005,-2.01418331,-0.0,3.0,3.0,180.0,-0.0135,-0.0103,-0.0097,0.0170,0.0621,0.0405,0.1207,0.0,0.0,0.0,0.0,0.0,0.0,0.0,0.0,0.0,-6011557,-6201084,163158492,287328,-1526,-363917,-0.3598219937380982,-0.371166140189209,9.765858310374757,0.06642837817382813,-0.00035280134582519533,-0.08413526039886475,61,04abfe00,43.51492820718,-79.68443184087,171.0344,-37.1,SOL_COMPUTED,SINGLE,good,1.3117,0.8582,2.296,31,29,0.0,0.0,0,0,0,0,0,0,0,0,0,—,—,0.0,0.0,0.0,0.0
2026-05-26 12:11:12.014277,1779811872.014277,2420,231090.0,MOTION_DETECT,bad,43.51490450617,-79.6844476234,162.8248,-37.1,2.015381973,-2.004767164,-0.0,3.0,3.0,180.0,-0.0202,0.0018,-0.051,0.0203,0.0621,0.0405,0.1207,0.0,0.0,0.0,0.0,0.0,0.0,0.0,0.0,0.0,-4914460,-6854683,162733127,517757,148139,-209018,-0.2941552072692872,-0.4102873354611207,9.740398070645448,0.11970207497406006,0.03424878018951416,-0.04832361186218262,61,04a3fe00,43.5149284097,-79.68443031461,170.8877,-37.1,SOL_COMPUTED,SINGLE,good,1.3,0.8517,2.2737,31,29,0.0,0.0,0,0,0,0,0,0,0,0,0,—,—,0.0,0.0,0.0,0.0
2026-05-26 12:11:13.016156,1779811873.016156,2420,231091.0,MOTION_DETECT,bad,43.51490418641,-79.68444777207,162.7818,-37.1,2.035207865,-1.981037372,-0.0,3.0,3.0,180.0,0.0188,0.0046,-0.004,0.0194,0.0621,0.0405,0.1207,0.0,0.0,0.0,0.0,0.0,0.0,0.0,0.0,0.0,-5742077,-6240947,164370561,44852,-72658,167981,-0.34369225715362556,-0.37355214170867923,9.838406750675356,0.010369492767333984,-0.016798060409545897,0.03883612245941162,61,049bfe00,43.51492829013,-79.68443028582,170.852,-37.1,SOL_COMPUTED,SINGLE,good,1.3006,0.8517,2.2735,31,29,0.0,0.0,0,0,0,0,0,0,0,0,0,—,—,0.0,0.0,0.0,0.0
2026-05-26 12:11:14.029179,1779811874.029179,2420,231092.0,MOTION_DETECT,bad,43.51490584489,-79.68444738243,162.5488,-37.1,2.018391578,-1.966381649,-0.0,3.0,3.0,180.0,-0.0006,0.0021,-0.0082,0.0022,0.0621,0.0405,0.1207,0.0,0.0,0.0,0.0,0.0,0.0,0.0,0.0,0.0,-5483105,-6418695,162857468,-553862,33558,133532,-0.32819147734527593,-0.3841912556259156,9.747840506361085,-0.1280493178253174,0.007758392898559571,0.030871736114501953,61,0494fe00,43.51492980482,-79.68442972556,170.636,-37.1,SOL_COMPUTED,SINGLE,good,1.2961,0.8512,2.2699,31,29,0.0,0.0,0,0,0,0,0,0,0,0,0,—,—,0.0,0.0,0.0,0.0
2026-05-26 12:11:15.014995,1779811875.014995,2420,231093.0,MOTION_DETECT,bad,43.51490401649,-79.68444788617,162.757,-37.1,2.02572252,-2.016442956,-0.0,3.0,3.0,180.0,-0.014,-0.0017,0.0002,0.0141,0.0621,0.0405,0.1207,0.0,0.0,0.0,0.0,0.0,0.0,0.0,0.0,0.0,-5891439,-6896572,163805138,-152482,283787,214295,-0.35263232586273197,-0.4127946032946778,9.804563333543092,-0.03525285374450684,0.06560972183990478,0.04954362018585205,61,048cfe00,43.51493095477,-79.68443298222,170.1996,-37.1,SOL_COMPUTED,SINGLE,good,1.3305,0.8714,2.3376,31,29,0.0,0.0,0,0,0,0,0,0,0,0,0,—,—,0.0,0.0,0.0,0.0
2026-05-26 12:11:16.022072,1779811876.022072,2420,231094.0,MOTION_DETECT,bad,43.51490305301,-79.68444819024,162.8344,-37.1,2.080270923,-2.031487051,-0.0,3.0,3.0,180.0,0.0163,-0.0045,-0.0301,0.0169,0.0621,0.0405,0.1207,0.0,0.0,0.0,0.0,0.0,0.0,0.0,0.0,0.0,-5087003,-5611897,164586784,759953,-515419,-588052,-0.30448277569549564,-0.335900327850647,9.851348787314455,0.17569622618865968,-0.11916154447174072,-0.1359538250427246,61,0484fe00,43.51492591258,-79.68442936894,171.1209,-37.1,SOL_COMPUTED,SINGLE,good,1.2871,0.8436,2.2595,31,29,0.0,0.0,0,0,0,0,0,0,0,0,0,—,—,0.0,0.0,0.0,0.0
2026-05-26 12:11:17.026730,1779811877.026730,2420,231095.0,MOTION_DETECT,bad,43.51489957506,-79.68444421597,163.8263,-37.1,2.013799131,-1.946948707,-0.0,3.0,3.0,180.0,-0.0271,-0.0025,0.0011,0.0272,0.0621,0.0405,0.1207,0.0,0.0,0.0,0.0,0.0,0.0,0.0,0.0,0.0,-5922739,-5397655,163353852,-162649,226674,139465,-0.35450578866180427,-0.3230768640487671,9.777551591282961,-0.037603398490905764,0.05240556504821777,0.03224340740203858,61,047dfe00,43.51492637186,-79.68442899494,171.0003,-37.1,SOL_COMPUTED,SINGLE,good,1.2791,0.8386,2.2361,31,29,0.0,0.0,0,0,0,0,0,0,0,0,0,—,—,0.0,0.0,0.0,0.0
2026-05-26 12:11:18.015624,1779811878.015624,2420,231096.0,MOTION_DETECT,bad,43.51489924547,-79.68444437838,163.8077,-37.1,2.051513096,-2.045941269,-0.0,3.0,3.0,180.0,-0.0008,-0.0052,-0.0045,0.0053,0.0621,0.0405,0.1207,0.0,0.0,0.0,0.0,0.0,0.0,0.0,0.0,0.0,-5136645,-6065583,164263029,750973,23437,-240635,-0.30745409966583254,-0.36305572221038823,9.831970418352357,0.17362010817718507,0.005418483055114746,-0.0556332580947876,61,0476fe00,43.5149262523,-79.68442909845,170.9745,-37.1,SOL_COMPUTED,SINGLE,good,1.275,0.8368,2.2285,31,29,0.0,0.0,0,0,0,0,0,0,0,0,0,—,—,0.0,0.0,0.0,0.0
2026-05-26 12:11:19.029061,1779811879.029061,2420,231097.0,MOTION_DETECT,bad,43.51489760865,-79.68444403299,164.0315,-37.1,2.066405887,-1.94936469,-0.0,3.0,3.0,180.0,0.0066,-0.0076,0.0042,0.0101,0.0621,0.0405,0.1207,0.0,0.0,0.0,0.0,0.0,0.0,0.0,0.0,0.0,-6746905,-4966127,164028343,302547,88326,8162,-0.4038362787979127,-0.29724773769866947,9.817923278081972,0.06994691269683838,0.020420400833129883,0.001887001693725586,61,046ffe00,43.51492498955,-79.68442866171,171.1481,-37.1,SOL_COMPUTED,SINGLE,good,1.2739,0.8362,2.2244,31,29,0.0,0.0,0,0,0,0,0,0,0,0,0,—,—,0.0,0.0,0.0,0.0
2026-05-26 12:11:20.018806,1779811880.018806,2420,231098.0,MOTION_DETECT,bad,43.5148956252,-79.68444406147,164.231,-37.1,2.063296363,-1.968259615,-0.0,3.0,3.0,180.0,-0.0107,0.0032,-0.0066,0.0112,0.0621,0.0405,0.1207,0.0,0.0,0.0,0.0,0.0,0.0,0.0,0.0,0.0,-5691673,-5619245,164466293,354131,254693,96565,-0.34067532364166264,-0.33634014269561774,9.844136793508607,0.08187280039215088,0.058883376914978025,0.022325204429626464,61,0467fe00,43.51492343381,-79.68442855128,171.3263,-37.1,SOL_COMPUTED,SINGLE,good,1.2743,0.8369,2.225,31,29,0.0,0.0,0,0,0,0,0,0,0,0,0,—,—,0.0,0.0,0.0,0.0
2026-05-26 12:11:21.016701,1779811881.016701,2420,231099.0,MOTION_DETECT,bad,43.51489311188,-79.68444310096,164.644,-37.1,2.080501545,-1.964932536,-0.0,3.0,3.0,180.0,0.008,0.0032,-0.0103,0.0086,0.0621,0.0405,0.1207,0.0,0.0,0.0,0.0,0.0,0.0,0.0,0.0,0.0,-5513445,-5629312,163852551,-1591,-53533,38414,-0.3300074793045044,-0.33694270339843757,9.807401240625916,-0.00036782892608642576,-0.012376483909606934,0.008881068740844726,61,045ffe00,43.51492172907,-79.68442769022,171.654,-37.1,SOL_COMPUTED,SINGLE,good,1.2715,0.8361,2.2215,31,29,0.0,0.0,0,0,0,0,0,0,0,0,0,—,—,0.0,0.0,0.0,0.0
2026-05-26 12:11:22.015766,1779811882.015766,2420,231100.0,WAITING_AZIMUTH,bad,43.51489175347,-79.68444302544,164.7793,-37.1,2.077222691,-1.970598378,-0.0,3.0,3.0,180.0,0.0046,-0.0117,-0.0189,0.0126,0.0621,0.0405,0.1207,0.0,0.0,0.0,0.0,0.0,0.0,0.0,0.0,0.0,-5886654,-5732431,164213363,9866,-51087,51092,-0.3523459194891358,-0.34311489542327883,9.828997657861024,0.0022809554901123048,-0.011810984504699707,0.01181214047241211,61,0458fe00,43.51492092301,-79.68442747362,171.8051,-37.1,SOL_COMPUTED,SINGLE,good,1.269,0.8333,2.2167,31,29,0.0,0.0,0,0,0,0,0,0,0,0,0,—,—,0.0,0.0,0.0,0.0
2026-05-26 12:11:23.019441,1779811883.019441,2420,231101.0,WAITING_AZIMUTH,bad,43.51489013815,-79.68444338369,164.9715,-37.1,2.727124365,-1.960397194,-0.0,3.0,3.0,180.0,-0.0003,-0.0019,0.0012,0.0019,0.0621,0.0404,0.1206,0.0,0.0,0.0,0.0,0.0,0.0,0.0,0.0,0.0,-7688824,-5521751,164153708,-44880,-64824,-19813,-0.46021487963623053,-0.3305046352792359,9.825427005360108,-0.010375966186523438,-0.014986890197753906,-0.004580637657165527,61,0451fe00,43.51491951889,-79.68442797968,172.0154,-37.1,SOL_COMPUTED,SINGLE,good,1.2669,0.8313,2.214,31,29,0.0,0.0,0,0,0,0,0,0,0,0,0,—,—,0.0,0.0,0.0,0.0
2026-05-26 12:11:24.020627,1779811884.020627,2420,231102.0,WAITING_AZIMUTH,bad,43.514876611,-79.68445238943,163.7353,-37.1,2.756563153,-1.970371752,-0.0,3.0,3.0,180.0,-0.0376,-0.0678,-0.0206,0.0775,0.0649,0.0408,0.1219,0.0,0.0,0.0,0.0,0.0,0.0,0.0,0.0,0.0,-8741693,-6254568,164572970,460217,163470,-152561,-0.5232343973294068,-0.37436742722900396,9.85052194977112,0.10639919853973388,0.037793208389282226,-0.035271118034362794,61,0449fe00,43.51491860972,-79.68443020623,171.9922,-37.1,SOL_COMPUTED,SINGLE,good,1.2893,0.8356,2.2373,30,29,0.0,0.0,0,0,0,0,0,0,0,0,0,—,—,0.0,0.0,0.0,0.0
2026-05-26 12:11:25.025307,1779811885.025307,2420,231103.0,MOTION_DETECT,bad,43.51487909039,-79.68446158518,161.0154,-37.1,3.120245258,-1.911237574,-0.0,3.0,3.0,180.0,-0.1304,-0.1315,0.0113,0.1852,0.0637,0.0407,0.1235,0.0,0.0,0.0,0.0,0.0,0.0,0.0,0.0,0.0,-9238204,-5191682,163909865,192028,-55563,-561989,-0.5529530838415528,-0.3107483415850831,9.810831772474671,0.04439563357543945,-0.012845806800842284,-0.12992822774505616,61,0441fe00,43.5149282609,-79.68443039942,171.2084,-37.1,SOL_COMPUTED,SINGLE,good,1.307,0.8457,2.2512,30,28,0.0,0.0,0,0,0,0,0,0,0,0,0,—,—,0.0,0.0,0.0,0.0
2026-05-26 12:11:26.022712,1779811886.022712,2420,231104.0,MOTION_DETECT,bad,43.51486308673,-79.68446772441,162.3394,-37.1,3.098647613,-1.89258906,-0.0,3.0,3.0,180.0,-0.2053,-0.2506,-0.0592,0.3240,0.0639,0.0407,0.1235,0.0,0.0,0.0,0.0,0.0,0.0,0.0,0.0,0.0,-8685961,-5123074,164328322,582800,279021,-644911,-0.5198985561563111,-0.306641806897583,9.835878533577272,0.1347395965576172,0.06450785341644287,-0.1490992586746216,61,043afe00,43.51491701555,-79.68443592861,172.8003,-37.1,SOL_COMPUTED,SINGLE,good,1.3051,0.8465,2.2558,30,28,0.0,0.0,0,0,0,0,0,0,0,0,0,—,—,0.0,0.0,0.0,0.0
2026-05-26 12:11:27.034328,1779811887.034328,2420,231105.0,MOTION_DETECT,bad,43.51486001949,-79.6844696924,163.6596,-37.1,3.305569614,-1.787632248,-0.0,3.0,3.0,180.0,-0.3114,-0.3173,-0.1512,0.4446,0.0637,0.0407,0.1235,0.0,0.0,0.0,0.0,0.0,0.0,0.0,0.0,0.0,-9410697,-4302227,163739322,543904,442865,-767419,-0.5632776595156861,-0.2575099756442261,9.80062391413147,0.1257470925292969,0.1023875281906128,-0.17742231717681886,61,0432fe00,43.51491063465,-79.68444096723,173.8528,-37.1,SOL_COMPUTED,SINGLE,good,1.3048,0.8455,2.2628,30,28,0.0,0.0,0,0,0,0,0,0,0,0,0,—,—,0.0,0.0,0.0,0.0
2026-05-26 12:11:28.021926,1779811888.021926,2420,231106.0,MOTION_DETECT,bad,43.51484933171,-79.68447691579,163.8181,-37.1,3.21009963,-1.71228943,-0.0,3.0,3.0,180.0,-0.6076,-0.4077,-0.0544,0.7317,0.0639,0.0414,0.1279,0.0,0.0,0.0,0.0,0.0,0.0,0.0,0.0,0.0,-7143025,-4844381,163470930,747310,49964,-1526407,-0.42754605783844,-0.2899606258157349,9.784559299832155,0.1727732462310791,0.01155135415649414,-0.3528954415969849,61,042bfe00,43.51490825353,-79.68444218842,174.5368,-37.1,SOL_COMPUTED,SINGLE,good,1.34,0.8538,2.2975,29,27,0.0,0.0,0,0,0,0,0,0,0,0,0,—,—,0.0,0.0,0.0,0.0
2026-05-26 12:11:29.016027,1779811889.016027,2420,231107.0,MOTION_DETECT,bad,43.51483746897,-79.68448605344,163.9148,-37.1,1.925958209,-1.556473263,-0.0,3.0,3.0,180.0,-0.6403,-0.5393,0.0964,0.8372,0.064,0.0408,0.1238,0.0,0.0,0.0,0.0,0.0,0.0,0.0,0.0,0.0,-5154450,-5631183,163085454,-812134,1102683,-3431550,-0.3085198186798096,-0.33705469218109135,9.761486617853395,-0.18776013642883302,0.2549331890029907,-0.7933522006988526,61,0423fe00,43.51485920233,-79.68447816459,173.7607,-37.1,SOL_COMPUTED,SINGLE,good,1.2543,0.8276,2.2559,30,29,0.0,0.0,0,0,0,0,0,0,0,0,0,—,—,0.0,0.0,0.0,0.0
2026-05-26 12:11:30.020890,1779811890.020890,2420,231108.0,MOTION_DETECT,bad,43.51483367785,-79.68449196578,164.0581,-37.1,2.46506026,-2.05812357,-0.0,3.0,3.0,180.0,-0.5751,-0.5177,-0.0182,0.7738,0.0675,0.042,0.1303,0.0,0.0,0.0,0.0,0.0,0.0,0.0,0.0,0.0,-6597440,-6823682,164406505,1192041,2077588,-22027802,-0.3948900450195313,-0.40843176931945807,9.840558180287172,0.27559218157196047,0.4803249295349121,-5.092685577438354,61,041cfe00,43.51489686564,-79.6844541187,176.128,-37.1,SOL_COMPUTED,SINGLE,good,1.314,0.8523,2.268,28,27,0.0,0.0,0,0,0,0,0,0,0,0,0,—,—,0.0,0.0,0.0,0.0
2026-05-26 12:11:31.022073,1779811891.022073,2420,231109.0,MOTION_DETECT,bad,43.51482920141,-79.68449691162,164.0159,-37.1,2.252339376,-1.510220365,-0.0,3.0,3.0,180.0,-0.6759,-0.3446,-0.0669,0.7587,0.0641,0.0414,0.1279,0.0,0.0,0.0,0.0,0.0,0.0,0.0,0.0,0.0,-7190453,-3254501,164296722,1345804,1894578,-35087101,-0.43038486274688725,-0.19479829242950442,9.83398711426575,0.31114119424438474,0.4380141993255615,-8.111911175559998,61,0414fe00,43.51485496878,-79.6844835267,174.5636,-37.1,SOL_COMPUTED,SINGLE,good,1.2729,0.8352,2.2777,30,29,0.0,0.0,0,0,0,0,0,0,0,0,0,—,—,0.0,0.0,0.0,0.0
2026-05-26 12:11:32.021497,1779811892.021497,2420,231110.0,MOTION_DETECT,bad,43.51482191092,-79.68450001686,163.5716,-37.1,2.054981252,-1.013711243,-0.0,3.0,3.0,180.0,-0.5468,-0.2139,-0.121,0.5871,0.0711,0.042,0.1327,0.0,0.0,0.0,0.0,0.0,0.0,0.0,0.0,0.0,-5797400,-2502249,164399949,1107769,567360,-26361576,-0.34700361761474613,-0.14977221774810792,9.840165770635073,0.25610903936004636,0.13116996826171876,-6.0946261408081055,61,040dfe00,43.5148210125,-79.68449394988,166.906,-37.1,SOL_COMPUTED,SINGLE,good,1.6134,0.8993,2.4803,26,25,0.0,0.0,0,0,0,0,0,0,0,0,0,—,—,0.0,0.0,0.0,0.0
2026-05-26 12:11:33.021598,1779811893.021598,2420,231111.0,MOTION_DETECT,bad,43.51480894713,-79.68450544605,164.1508,-37.1,2.420930152,-1.384149708,-0.0,3.0,3.0,180.0,-0.5766,-0.2613,-0.1774,0.6330,0.0671,0.0416,0.1299,0.0,0.0,0.0,0.0,0.0,0.0,0.0,0.0,0.0,-7645777,-4626935,164683026,423541,333499,-19405531,-0.4576382996646119,-0.2769453864608765,9.857109356218874,0.09791994417572021,0.07710281522369385,-4.486433455604553,61,0405fe00,43.51483228223,-79.6844947017,174.9427,-37.1,SOL_COMPUTED,SINGLE,good,1.3309,0.8458,2.318,28,27,0.0,0.0,0,0,0,0,0,0,0,0,0,—,—,0.0,0.0,0.0,0.0
2026-05-26 12:11:34.029439,1779811894.029439,2420,231112.0,MOTION_DETECT,bad,43.51481073418,-79.68450777721,163.6872,-37.1,2.213415969,-1.726096955,-0.0,3.0,3.0,180.0,-0.3449,-0.1846,0.018,0.3912,0.0707,0.0421,0.1325,0.0,0.0,0.0,0.0,0.0,0.0,0.0,0.0,0.0,-3927930,-3730673,164743852,782175,-142184,-9248229,-0.2351064131744385,-0.22329958725250248,9.86075009897339,0.18083380908966065,-0.032872022644042966,-2.138130824180603,61,03fefe00,43.51487860179,-79.68446928652,175.5949,-37.1,SOL_COMPUTED,SINGLE,good,1.3876,0.8683,2.2953,29,28,0.0,0.0,0,0,0,0,0,0,0,0,0,—,—,0.0,0.0,0.0,0.0
2026-05-26 12:11:35.029337,1779811895.029337,2420,231113.0,MOTION_DETECT,bad,43.51482048093,-79.68450362752,164.3696,-37.1,2.071193826,-1.827119854,-0.0,3.0,3.0,180.0,-0.1225,-0.1045,0.0628,0.1610,0.0634,0.0427,0.1302,0.0,0.0,0.0,0.0,0.0,0.0,0.0,0.0,0.0,-6402841,-3454019,163967008,-398984,-84967,707123,-0.3832423137979126,-0.2067404506002808,9.81425206911133,-0.09224252435302735,-0.019643821723937988,0.1634822713394165,61,03f6fe00,43.514879503,-79.68447142527,175.3583,-37.1,SOL_COMPUTED,SINGLE,good,1.3604,0.8804,2.3062,29,28,0.0,0.0,0,0,0,0,0,0,0,0,0,—,—,0.0,0.0,0.0,0.0
2026-05-26 12:11:36.017439,1779811896.017439,2420,231114.0,MOTION_DETECT,bad,43.51482426676,-79.68450716222,163.3062,-37.1,3.105009457,-2.212251847,-0.0,3.0,3.0,180.0,0.0143,0.0077,0.0083,0.0162,0.0641,0.0451,0.1331,0.0,0.0,0.0,0.0,0.0,0.0,0.0,0.0,0.0,-7991471,-6544382,164512511,-1105442,-526326,-1145098,-0.47832982838226323,-0.39171425622741707,9.846903173816836,-0.25557105198669433,-0.1216831724395752,-0.2647392631072998,61,03effe00,43.51485043325,-79.68449927905,172.9152,-37.1,SOL_COMPUTED,SINGLE,good,1.3771,0.8747,2.3268,27,27,0.0,0.0,0,0,0,0,0,0,0,0,0,—,—,0.0,0.0,0.0,0.0
2026-05-26 12:11:37.026035,1779811897.026035,2420,231115.0,MOTION_DETECT,bad,43.51483460493,-79.68450158726,164.4586,-37.1,2.499965522,-2.297203116,-0.0,3.0,3.0,180.0,-0.0068,0.0292,-0.0031,0.0300,0.0638,0.0429,0.1318,0.0,0.0,0.0,0.0,0.0,0.0,0.0,0.0,0.0,-11201599,-8825677,165108624,-1394816,2313705,100636,-0.6704721730551149,-0.5282612631350708,9.882583542172853,-0.3224724521484375,0.534913655204773,0.023266393341064454,61,03e7fe00,43.51485323534,-79.68449746839,173.5397,-37.1,SOL_COMPUTED,SINGLE,good,1.3077,0.8686,2.3211,28,27,0.0,0.0,0,0,0,0,0,0,0,0,0,—,—,0.0,0.0,0.0,0.0
2026-05-26 12:11:38.042104,1779811898.042104,2420,231116.0,MOTION_DETECT,bad,43.51483100011,-79.68450909959,162.1262,-37.1,1.543145157,-2.62730894,-0.0,3.0,3.0,180.0,0.0213,0.0935,0.0324,0.0959,0.0638,0.0428,0.1317,0.0,0.0,0.0,0.0,0.0,0.0,0.0,0.0,0.0,1248439,-8108392,164491052,-1082216,383887,-6207133,0.07472536816009523,-0.4853281396899415,9.845618744481202,-0.250201350769043,0.08875219544219971,-1.4350490669174194,61,03e0fe00,43.5148514586,-79.68450205147,172.2805,-37.1,SOL_COMPUTED,SINGLE,good,1.2955,0.8635,2.3056,29,28,0.0,0.0,0,0,0,0,0,0,0,0,0,—,—,0.0,0.0,0.0,0.0
2026-05-26 12:11:39.040995,1779811899.040995,2420,231117.0,MOTION_DETECT,bad,43.5148131266,-79.68451235019,162.0959,-37.1,0.384556045,-3.793549259,-0.0,3.0,3.0,180.0,0.1069,0.3735,-0.0232,0.3885,0.0638,0.0428,0.1318,0.0,0.0,0.0,0.0,0.0,0.0,0.0,0.0,0.0,-4356391,-11689761,163944669,1165398,1032867,-37586506,-0.26075196411224366,-0.6996911298257448,9.812914967339173,0.2694324920196533,0.23879218064117433,-8.689757471603393,61,03d8fe00,43.51484024005,-79.68450345555,172.7827,-37.1,SOL_COMPUTED,SINGLE,good,1.2881,0.8592,2.2853,29,27,0.0,0.0,0,0,0,0,0,0,0,0,0,—,—,0.0,0.0,0.0,0.0
2026-05-26 12:11:40.030584,1779811900.030584,2420,231118.0,MOTION_DETECT,bad,43.51481248387,-79.68450165495,163.0862,-37.1,1.576247596,-4.35395001,-0.0,3.0,3.0,180.0,-0.1908,0.8906,0.0827,0.9108,0.0641,0.0451,0.1332,0.0,0.0,0.0,0.0,0.0,0.0,0.0,0.0,0.0,-4060908,-14045193,163481971,403763,-276126,-60450755,-0.24306581688354495,-0.8406756099453736,9.7852201593454,0.0933473982925415,-0.06383854811096192,-13.975824194068908,61,03d1fe00,43.51483526862,-79.68449632676,173.2537,-37.1,SOL_COMPUTED,SINGLE,good,1.2858,0.8616,2.2994,28,27,0.0,0.0,0,0,0,0,0,0,0,0,0,—,—,0.0,0.0,0.0,0.0
2026-05-26 12:11:41.024735,1779811901.024735,2420,231119.0,MOTION_DETECT,bad,43.51480982365,-79.68448897555,163.2596,-37.1,1.296266054,-4.926343161,-0.0,3.0,3.0,180.0,-0.6246,1.0345,-0.0308,1.2084,0.0679,0.0465,0.137,0.0,0.0,0.0,0.0,0.0,0.0,0.0,0.0,0.0,58706,-15829588,164958383,-1491446,430181,-74755135,0.003513850066528321,-0.9474806467297364,9.873590860882265,-0.3448126841583252,0.09945506929779052,-17.282904479255677,61,03c9fe00,43.51480438749,-79.68448679244,165.8961,-37.1,SOL_COMPUTED,SINGLE,good,1.538,0.9549,2.5694,26,25,0.0,0.0,0,0,0,0,0,0,0,0,0,—,—,0.0,0.0,0.0,0.0
2026-05-26 12:11:42.024171,1779811902.024171,2420,231120.0,MOTION_DETECT,bad,43.51480051152,-79.68447300801,163.698,-37.1,-0.910662099,-6.457525968,-0.0,3.0,3.0,180.0,-1.0712,1.0596,0.1612,1.5067,0.0713,0.0479,0.1457,0.0,0.0,0.0,0.0,0.0,0.0,0.0,0.0,0.0,3108667,-20794551,163845568,3969826,4130763,-76962003,0.18606939230682376,-1.2446587131600955,9.806983272871095,0.9177981359710693,0.9550057311172485,-17.793118109962464,61,03c2fe00,43.51479346286,-79.68447002781,166.4323,-37.1,SOL_COMPUTED,SINGLE,good,1.5675,0.9773,2.5994,26,24,0.0,0.0,0,0,0,0,0,0,0,0,0,—,—,0.0,0.0,0.0,0.0
2026-05-26 12:11:43.021744,1779811903.021744,2420,231121.0,MOTION_DETECT,bad,43.51479275879,-79.68445887536,163.7042,-37.1,-2.380685366,-5.912001278,-0.0,3.0,3.0,180.0,-1.6532,1.169,-0.0153,2.0248,0.0712,0.0495,0.1558,0.0,0.0,0.0,0.0,0.0,0.0,0.0,0.0,0.0,12685943,-13468001,164351177,2947806,3064651,-46405397,0.7593176447811891,-0.806127758829651,9.837246520550844,0.6815137116851807,0.708527521156311,-10.728628122642517,61,03bafe00,43.5147586689,-79.68448788857,161.3114,-37.1,SOL_COMPUTED,SINGLE,good,1.5297,1.0151,2.7443,27,26,0.0,0.0,0,0,0,0,0,0,0,0,0,—,—,0.0,0.0,0.0,0.0
2026-05-26 12:11:44.016217,1779811904.016217,2420,231122.0,MOTION_DETECT,bad,43.51477122207,-79.68445159689,161.9977,-37.1,-3.976830539,-3.796284073,-0.0,3.0,3.0,180.0,-2.1419,1.4544,-0.0456,2.5890,0.0708,0.0483,0.1496,0.0,0.0,0.0,0.0,0.0,0.0,0.0,0.0,0.0,10758052,-4595503,165283452,1134790,-1021863,4860887,0.6439236489611817,-0.27506402279632575,9.893047879368899,0.2623561200714111,-0.23624812689971925,1.1238056851272582,61,03b2fe00,43.51472428768,-79.68448641195,159.2668,-37.1,SOL_COMPUTED,SINGLE,good,1.4785,0.9694,2.6763,26,25,0.0,0.0,0,0,0,0,0,0,0,0,0,—,—,0.0,0.0,0.0,0.0
2026-05-26 12:11:45.039255,1779811905.039255,2420,231123.0,MOTION_DETECT,bad,43.51475134948,-79.68442355506,162.9704,-37.1,-4.081207194,-2.056505721,-0.0,3.0,3.0,180.0,-2.5869,2.2786,0.1564,3.4473,0.0707,0.0482,0.1493,0.0,0.0,0.0,0.0,0.0,0.0,0.0,0.0,0.0,10723792,-3333647,163352113,-1614733,5619991,10175791,0.6418730152392579,-0.1995355795443726,9.777447503365785,-0.37331584243011473,1.2993056279983521,2.3525771688308716,61,03abfe00,43.51470433869,-79.68446027906,159.763,-37.1,SOL_COMPUTED,SINGLE,good,1.4748,0.9672,2.6757,27,25,0.0,0.0,0,0,0,0,0,0,0,0,0,—,—,0.0,0.0,0.0,0.0
2026-05-26 12:11:46.025425,1779811906.025425,2420,231124.0,MOTION_DETECT,bad,43.51472523488,-79.6843886852,163.2554,-37.1,-1.611237772,-2.028509493,-0.0,3.0,3.0,180.0,-3.2021,3.0145,-0.0804,4.3978,0.0713,0.0493,0.1558,0.0,0.0,0.0,0.0,0.0,0.0,0.0,0.0,0.0,9294830,-8545181,163228842,1135069,-18934546,3728488,0.556342435421753,-0.5114721634133912,9.770069112544556,0.26242062306976316,-4.3775447649993895,0.862002348815918,61,03a4fe00,43.51467758382,-79.6844271647,159.7342,-37.1,SOL_COMPUTED,SINGLE,good,1.4737,0.9896,2.6961,25,24,0.0,0.0,0,0,0,0,0,0,0,0,0,—,—,0.0,0.0,0.0,0.0
2026-05-26 12:11:47.027579,1779811907.027579,2420,231125.0,MOTION_DETECT,bad,43.51469260894,-79.68434540469,163.3576,-37.1,1.102932472,-2.182870499,-0.0,3.0,3.0,180.0,-3.6769,3.5424,0.0695,5.1057,0.0713,0.0494,0.1557,0.0,0.0,0.0,0.0,0.0,0.0,0.0,0.0,0.0,-4898579,-4823932,166025534,3327303,3468737,3531543,-0.2932046493551636,-0.28873665007202154,9.9374652282782,0.7692509674758912,0.8019495949630737,0.8164699365921021,61,039cfe00,43.51464576066,-79.68438452892,159.7727,-37.1,SOL_COMPUTED,SINGLE,good,1.4682,0.9717,2.684,25,24,0.0,0.0,0,0,0,0,0,0,0,0,0,—,—,0.0,0.0,0.0,0.0
2026-05-26 12:11:48.030713,1779811908.030713,2420,231126.0,INS_ALIGNMENT_COMPLETE,good,43.51461357861,-79.68426633344,161.1173,-37.1,1.881893299,-2.325697547,135.358063808,2.9872,2.9748,3.9221,-3.6766,3.5503,-0.022,5.1110,0.5303,0.53,0.1839,0.0002763598518697,-0.0010565903599273,-0.0005560692772332,0.0016752714253512658,0.0196654645180451,0.0056144601999931175,2.9239002237e-05,0.0003432271047745,9.79908162122e-05,-6698955,-7955566,163352046,1039020,7458328,2221989,-0.40096622955780037,-0.4761807331170655,9.777443493078005,0.24021471450805665,1.7243172713012695,0.5137095082626343,61,0395fe00,43.51461164223,-79.68434173861,159.9079,-37.1,SOL_COMPUTED,SINGLE,good,1.4631,0.9686,2.6779,25,24,0.0,0.0,1,0,0,0,0,0,0,0,0,—,—,0.0,0.0,0.0,0.0
2026-05-26 12:11:49.056097,1779811909.056097,2420,231127.0,INS_ALIGNMENT_COMPLETE,good,43.5145662218,-79.68423504496,160.5332,-37.1,3.222650364,-2.739341773,134.79353577,2.7321,2.8344,3.8735,-4.3121,3.111,0.0116,5.3172,0.9939,0.9547,0.2499,0.0021937397460292,0.0007047859061561,-0.0008068047025236,0.0018018030525656361,0.0006852137302412938,0.0028331002905398854,3.14473957398e-05,1.19592356726e-05,4.94469281092e-05,-5710330,-7021359,162874854,1083963,247133,1320975,-0.34179203915100104,-0.42026373435882575,9.748881146112673,0.25060524588775634,0.057135553733825686,0.30540088977813723,61,038dfe00,43.5145797179,-79.68429668856,159.9586,-37.1,SOL_COMPUTED,SINGLE,good,1.4603,0.9654,2.6728,25,24,0.0,0.0,1,0,0,0,0,0,0,0,0,—,—,0.0,0.0,0.0,0.0
2026-05-26 12:11:50.035625,1779811910.035625,2420,231128.0,INS_ALIGNMENT_COMPLETE,good,43.51451866848,-79.68419974892,160.4288,-37.1,3.433343493,-3.161064564,134.873672745,1.8217,2.228,3.8309,-4.917,2.9536,0.0459,5.7359,1.1531,0.9252,0.3298,0.0013222070061401,0.0015386999028796,0.0008452107489289,2.9424584754563585e-06,-0.009479543431716907,-0.009016369273451287,5.13555885e-08,-0.0001654492444695,-0.0001573653303976,-6993925,-5641584,164397507,-263224,-3839220,-3854649,-0.4186216711502076,-0.3376772444677735,9.84001960462372,-0.06085568902587891,-0.8876028721618653,-0.8911699573287963,61,0386fe00,43.51454920866,-79.68425072867,160.4448,-37.1,SOL_COMPUTED,SINGLE,good,1.4497,0.9475,2.6421,26,25,0.0,0.0,1,0,0,0,0,0,0,0,0,—,—,0.0,0.0,0.0,0.0
2026-05-26 12:11:51.040906,1779811911.040906,2420,231129.0,INS_ALIGNMENT_COMPLETE,good,43.51448230143,-79.68415510877,160.4395,-37.1,2.543756193,-2.790791141,135.830958977,1.125,1.489,3.7861,-4.5288,3.291,0.1018,5.5983,0.9804,0.6915,0.4105,-0.002221007649984,0.0003555237624179,0.0017550560195007,0.007552527447883448,-0.0008280463639834869,-0.004518939543193019,0.000131816470813,-1.44521354107e-05,-7.88703737274e-05,-10882176,-6742950,163801585,3046200,-73130,-1781514,-0.6513530961328126,-0.4035995521087647,9.804350668580629,0.704261769104004,-0.01690718376159668,-0.4118745326385498,61,037ffe00,43.51450885595,-79.68421287367,160.7373,-37.1,SOL_COMPUTED,INS_PSRSP,good,1.3968,1.0446,1.8578,26,25,0.0,0.0,1,0,0,0,0,0,0,0,0,—,—,0.0,0.0,0.0,0.0
2026-05-26 12:11:52.032109,1779811912.032109,2420,231130.0,INS_ALIGNMENT_COMPLETE,good,43.51445568084,-79.68411371131,160.3087,-37.1,2.38963754,-2.214972989,136.47010871,0.8108,1.0344,3.7375,-3.757,3.5669,0.0637,5.1805,0.7689,0.5155,0.4812,-0.0026939663177222,0.0003911335163597,-0.001635473687579,-0.006148029025637075,-0.004645139194197549,-0.010387219912196172,-0.0001073033490057,-8.10729731523e-05,-0.0001812911875968,-10126610,-6149435,163431015,-2351064,-1415411,-4549022,-0.6061286618438722,-0.3680746871505738,9.782170185850527,-0.5435508147583008,-0.32723388315582275,-1.051704511001587,61,0377fe00,43.5144726883,-79.68416841891,160.7726,-37.1,SOL_COMPUTED,INS_PSRSP,good,1.5383,1.068,1.7195,26,25,0.0,0.0,1,0,0,0,0,0,0,0,0,—,—,0.0,0.0,0.0,0.0
2026-05-26 12:11:53.020050,1779811913.020050,2420,231131.0,INS_ALIGNMENT_COMPLETE,good,43.51443679806,-79.68407383499,160.3036,-37.1,3.748320623,-1.812706353,138.695949167,0.6785,0.8015,3.69,-2.8282,3.6509,0.0186,4.6182,0.6036,0.3994,0.5302,-0.0086308183496145,-0.0032159697504413,-0.0024100769689202,0.0009968275089009696,0.010964192914394972,-0.02875296491295554,1.73979221048e-05,0.0001913612661803,-0.0005018339074422,-24808934,-10227616,159542341,711268,3990350,-12482104,-1.484939774237671,-0.6121743801660157,9.549413442185365,0.16444056857299805,0.9225431522369385,-2.885781841369629,61,0370fe00,43.51444620323,-79.68412718814,160.6459,-37.1,SOL_COMPUTED,INS_PSRSP,good,1.5529,1.037,1.7197,26,25,0.0,0.0,1,0,0,0,0,0,0,0,0,—,—,0.0,0.0,0.0,0.0
2026-05-26 12:11:54.025240,1779811914.025240,2420,231132.0,INS_ALIGNMENT_COMPLETE,good,43.51442268018,-79.68403827711,160.2294,-37.1,3.859882376,-1.615407248,141.660952208,0.6217,0.6899,3.6499,-1.8384,3.9562,0.0207,4.3625,0.4891,0.3249,0.5505,-0.0104847210058156,0.000691097973134,0.0007105519757472,0.002395557866051039,0.0034517334774097496,-0.025154288890718458,4.18103721847e-05,6.02441140822e-05,-0.0004390251621415,-28463117,-3256318,162867954,588128,1505174,-10728579,-1.7036610493655397,-0.194907049039917,9.748468146326296,0.13597139575195313,0.3479865091094971,-2.480378184791565,61,0368fe00,43.51442768689,-79.68408790651,160.6047,-37.1,SOL_COMPUTED,INS_PSRSP,good,1.4911,0.9828,1.7979,26,25,0.0,0.0,1,0,0,0,0,0,0,0,0,—,—,0.0,0.0,0.0,0.0
2026-05-26 12:11:55.026625,1779811915.026625,2420,231133.0,INS_ALIGNMENT_COMPLETE,good,43.51441453892,-79.68400587945,160.0813,-37.1,3.936712683,-1.491268342,143.064538502,0.5953,0.6348,3.6113,-0.8464,4.4578,0.0372,4.5374,0.4099,0.2824,0.5437,-0.0109440133926683,-0.0015384348867646,-0.0003743635688444,-0.0015465696221854714,-0.0007782389113836164,-0.006476715486786836,-2.69927320185e-05,-1.35828313708e-05,-0.0001130400099595,-29139100,-6809688,162977666,-612826,-462380,-2546305,-1.744122039886475,-0.4075941578686524,9.755034962639773,-0.14168141386413574,-0.10689927017211914,-0.5886892731857299,61,0361fe00,43.51441411504,-79.68405299167,160.5274,-37.1,SOL_COMPUTED,INS_PSRSP,good,1.4091,0.923,1.889,26,25,0.0,0.0,1,0,0,0,0,0,0,0,0,—,—,0.0,0.0,0.0,0.0
2026-05-26 12:11:56.027955,1779811916.027955,2420,231134.0,INS_ALIGNMENT_COMPLETE,good,43.51441237199,-79.68398235434,160.0335,-37.1,3.961855302,-1.273647019,142.175758487,0.5822,0.6064,3.5964,-0.5007,3.8518,0.0105,3.8842,0.3601,0.2646,0.5176,0.0061758050592774,-0.0019888939551814,-0.0005812390883518,-0.0032745037957917387,-0.002119986168235439,-0.0007401823203856674,-5.71508726057e-05,-3.70007387325e-05,-1.29186185558e-05,-597563,-7041165,162410103,-1306381,-1413460,-357382,-0.035767158166198736,-0.4214492233108521,9.72106345571869,-0.3020268512191773,-0.32678282455444335,-0.08262441059875489,61,0359fe00,43.51440624067,-79.68402088635,160.3772,-37.1,SOL_COMPUTED,INS_PSRSP,good,1.3341,0.8708,1.9648,26,25,0.0,0.0,1,0,0,0,0,0,0,0,0,—,—,0.0,0.0,0.0,0.0
2026-05-26 12:11:57.028293,1779811917.028293,2420,231135.0,INS_ALIGNMENT_COMPLETE,good,43.51441247729,-79.68398586671,160.2265,-37.1,3.901163648,-1.06842008,140.11695362,0.5749,0.5894,3.5456,-0.7942,1.9778,0.0196,2.1313,0.3023,0.2381,0.4692,0.0150190684321959,-0.002937770510971,0.0003937488578107,-0.002849286060020159,-0.0057261371977498435,-0.020132790850630675,-4.97294230786e-05,-9.99399475218e-05,-0.0003513834879594,14327573,-7882354,164058573,-1456988,-2567501,-8924966,0.8575774765652467,-0.47179862581848153,9.819732695986636,-0.3368462170715332,-0.593589651512146,-2.0633945060577394,61,0352fe00,43.5144039075,-79.6839971871,160.3286,-37.1,SOL_COMPUTED,INS_PSRSP,good,1.277,0.833,2.0168,27,25,0.0,0.0,1,0,0,0,0,0,0,0,0,—,—,0.0,0.0,0.0,0.0
2026-05-26 12:11:58.025709,1779811918.025709,2420,231136.0,INS_ALIGNMENT_COMPLETE,good,43.51440745496,-79.68401167965,160.3389,-37.1,3.660138945,-1.780358371,145.02817074,0.5713,0.581,3.4398,-1.2979,-0.5094,-0.0439,1.3943,0.2547,0.1993,0.4264,0.0180704280700539,-0.0134334831736711,0.0022657688514714,-0.012934128358046283,-0.0020404319779695375,-0.12688752010822388,-0.0002257431257238,-3.56122561786e-05,-0.0022146050055822,17284113,-24969537,169665353,-5233484,-767166,-54950481,1.0345413009732056,-1.494552673468323,10.155326745589907,-1.2099477054748535,-0.17736382521057129,-12.704196363395692,61,034bfe00,43.51440363232,-79.68400026892,160.5233,-37.1,SOL_COMPUTED,INS_PSRSP,good,0.9763,0.6589,1.6377,29,27,0.0,0.0,1,0,0,0,0,0,0,0,0,—,—,0.0,0.0,0.0,0.0
2026-05-26 12:11:59.038065,1779811919.038065,2420,231137.0,INS_ALIGNMENT_COMPLETE,good,43.51439707266,-79.68404783863,160.4036,-37.1,3.785981303,-2.772072029,161.047423376,0.5693,0.5764,3.3444,-0.8795,-2.3988,-0.0645,2.5549,0.2443,0.1711,0.3905,0.0074794392542011,-0.0109485824711171,-0.0015771731431629,0.0005504078496770309,0.0054624153382248335,-0.2013362073001953,9.6064292057e-06,9.53371327636e-05,-0.0035139797208713,149151,-26974896,160184585,-44162,1967535,-87030401,0.008927439295349122,-1.614583519643555,9.587854983461,-0.010209969223022461,0.4548813866043091,-20.12086671068573,61,0343fe00,43.51439951284,-79.68402702452,160.642,-37.1,SOL_COMPUTED,INS_PSRSP,good,0.9321,0.6393,1.6117,29,27,0.0,0.0,1,0,0,0,0,0,0,0,0,—,—,0.0,0.0,0.0,0.0
2026-05-26 12:12:00.015819,1779811920.015819,2420,231138.0,INS_ALIGNMENT_COMPLETE,good,43.514385102,-79.68407969968,160.3498,-37.1,3.718624694,-3.327288274,177.707195015,0.568,0.5726,3.2811,-0.3395,-2.9795,-0.0586,2.9988,0.2744,0.1817,0.361,0.006806680331841,-0.0045057927263964,-0.0005045518176747,0.003269586088190047,-0.0019425943348516934,-0.09876009303995918,5.70650424164e-05,-3.39046671738e-05,-0.0017236887931257,194338,-17552583,163006436,1671343,-847951,-42025817,0.011632109055786134,-1.0506105839657593,9.756756992183838,0.3864037088699341,-0.19604079553985596,-9.716097507865905,61,033cfe00,43.51439248969,-79.6840655935,160.7033,-37.1,SOL_COMPUTED,INS_PSRSP,good,0.9126,0.6262,1.5953,28,26,0.0,0.0,1,0,0,0,0,0,0,0,0,—,—,0.0,0.0,0.0,0.0
2026-05-26 12:12:01.021045,1779811921.021045,2420,231139.0,INS_ALIGNMENT_COMPLETE,good,43.51436547421,-79.68410804397,160.4481,-37.1,3.188273802,-2.51983571,180.996151841,0.5659,0.5675,3.2049,-0.7745,-3.4489,-0.0346,3.5348,0.2964,0.21,0.3339,0.0065386103467456,0.0054807196549702,0.0001756448876277,0.006222087600236749,-0.008144447001290368,0.03892331677041823,0.0001085959149718,-0.0001421474159269,0.0006793400334415,2337054,2825025,164222156,2134761,-3399403,17543166,0.13988446416687014,0.16909198862457278,9.829523963240968,0.49354295793914793,-0.7859200218887329,4.055866693862915,61,0335fe00,43.51438439961,-79.68409850894,160.6512,-37.1,SOL_COMPUTED,INS_PSRSP,good,0.9002,0.6172,1.5824,27,25,0.0,0.0,1,0,0,0,0,0,0,0,0,—,—,0.0,0.0,0.0,0.0
2026-05-26 12:12:02.017336,1779811922.017336,2420,231140.0,INS_ALIGNMENT_COMPLETE,good,43.51433703987,-79.68413725192,159.8629,-37.1,3.692539246,-2.274575294,171.973374731,0.5612,0.5588,3.088,-1.9936,-3.5361,-0.1279,4.0594,0.3269,0.2334,0.3138,0.0023854245547738,0.0086487119077475,-0.0012398708192135,-0.005902660762812144,-0.008954192577704141,0.1182063701263536,-0.0001030208649395,-0.0001562801423388,0.0020630903555389,-5756266,8127088,162475221,-2705054,-3717662,51100533,-0.3445415403375245,0.4864471895458985,9.724961096311342,-0.6253910168609619,-0.8594994475250244,11.814113246910095,61,032dfe00,43.51436558865,-79.68412684138,160.7637,-37.1,SOL_COMPUTED,INS_PSRSP,good,0.9013,0.6115,1.5637,28,26,0.0,0.0,1,0,0,0,0,0,0,0,0,—,—,0.0,0.0,0.0,0.0
2026-05-26 12:12:03.032076,1779811923.032076,2420,231141.0,INS_ALIGNMENT_COMPLETE,good,43.51429829663,-79.68414744444,159.5073,-37.1,3.679234441,-2.294134128,160.024838934,0.5525,0.5391,2.9572,-3.2201,-2.8871,-0.1948,4.3249,0.3331,0.2473,0.2937,0.0035706257409773,0.0079918949201886,0.002174746998611,-0.013447819683946104,-0.006674241456975883,0.12854452354599427,-0.0002347087306997,-0.0001164874884975,0.0022435251712882,-1262347,7124300,167608350,-5904041,-2055111,55715343,-0.07555783207733155,0.42642527218627935,10.032204745651246,-1.3649761537399292,-0.4751283922805786,12.881027518684387,61,0326fe00,43.51433501743,-79.68415587771,160.1651,-37.1,SOL_COMPUTED,INS_PSRSP,good,0.9402,0.6347,1.5736,27,25,0.0,0.0,1,0,0,0,0,0,0,0,0,—,—,0.0,0.0,0.0,0.0
2026-05-26 12:12:04.024013,1779811924.024013,2420,231142.0,INS_ALIGNMENT_COMPLETE,good,43.51424748884,-79.68413005462,160.0024,-37.1,5.454541076,-3.310350029,148.777728569,0.5376,0.5025,2.8367,-4.181,-1.6581,-0.1457,4.4978,0.3011,0.2529,0.2729,-0.0025938546120465,0.0025226212907369,-0.0021960771044922,-0.01378602824162922,0.0003923895661844101,0.09484380000393758,-0.0002406115835897,6.8484898804e-06,0.0016553365851741,-15092279,-2621150,161809274,-5434287,203272,41033983,-0.9033489859335329,-0.1568890420379639,9.68510081098694,-1.256372062385559,0.046995173767089844,9.486791891853333,61,031efe00,43.51429351399,-79.68416509205,159.8097,-37.1,SOL_COMPUTED,INS_PSRSP,good,0.9917,0.6621,1.5754,28,26,0.0,0.0,1,0,0,0,0,0,0,0,0,—,—,0.0,0.0,0.0,0.0
2026-05-26 12:12:05.023455,1779811925.023455,2420,231143.0,INS_ALIGNMENT_COMPLETE,good,43.51420319133,-79.68409581193,160.5217,-37.1,6.12737018,-4.188770277,140.770705726,0.5193,0.4581,2.7508,-4.4195,-0.4812,-0.0643,4.4456,0.2577,0.2432,0.2537,-0.0007037287606122,0.0009953821399904,0.0001485746616559,0.01062168555887677,0.0035997018471569087,0.05872688125278481,0.0001853833851142,6.28266493231e-05,0.0010249774372903,-12227490,-1780036,164222359,4781883,1592577,25331967,-0.7318769214385987,-0.10654412865844728,9.829536113814394,1.1055404704971314,0.36819351830291747,5.856587188728333,61,0317fe00,43.51424022975,-79.68414615408,160.2572,-37.1,SOL_COMPUTED,INS_PSRSP,good,0.9948,0.6725,1.5533,27,25,0.0,0.0,1,0,0,0,0,0,0,0,0,—,—,0.0,0.0,0.0,0.0
2026-05-26 12:12:06.037926,1779811926.037926,2420,231144.0,INS_ALIGNMENT_COMPLETE,good,43.514173368,-79.68406047171,160.3688,-37.1,7.359434196,-4.746719494,134.757626064,0.4991,0.4232,2.6905,-4.1824,0.4055,-0.0772,4.2020,0.223,0.2209,0.2405,-0.003046675297242,-0.0019127210412575,0.0007829118949522,-0.0070680041211515525,0.0001257700557753545,0.04448066278967671,-0.0001233599434588,2.1951015737e-06,0.0007763340191503,-17702088,-8074646,163267990,-3031093,112019,19529887,-1.0595592119458008,-0.4833082714593507,9.772412317709351,-0.7007691282577515,0.02589806943511963,4.5151837597732545,61,030ffe00,43.51419433413,-79.68411036971,160.7582,-37.1,SOL_COMPUTED,INS_PSRSP,good,0.9755,0.6767,1.5212,28,26,0.0,0.0,1,0,0,0,0,0,0,0,0,—,—,0.0,0.0,0.0,0.0
2026-05-26 12:12:07.034330,1779811927.034330,2420,231145.0,INS_ALIGNMENT_COMPLETE,good,43.51415085953,-79.6840247808,160.5257,-37.1,7.672213387,-5.141363646,130.281013555,0.4786,0.3926,2.6292,-4.127,0.5434,-0.052,4.1626,0.1921,0.192,0.2271,0.0088130536610275,-0.0012344723514716,1.4584770987e-06,0.0014685762984591544,0.003339459574880581,0.037096607756132036,2.56314917249e-05,5.8284564819e-05,0.0006474579466663,624594,-4456074,163309565,946853,1380103,15973849,0.03738509979309083,-0.2667184942144776,9.774900791059878,0.21890629927825928,0.31907090155792234,3.693050737358093,61,0308fe00,43.51416342222,-79.6840737191,160.5725,-37.1,SOL_COMPUTED,INS_PSRSP,good,0.9809,0.7022,1.5213,27,25,0.0,0.0,1,0,0,0,0,0,0,0,0,—,—,0.0,0.0,0.0,0.0
2026-05-26 12:12:08.027818,1779811928.027818,2420,231146.0,INS_ALIGNMENT_COMPLETE,good,43.51412950694,-79.68400251204,160.5823,-37.1,7.368708686,-4.804682565,127.536921859,0.4604,0.3731,2.5674,-4.477,0.2382,-0.0274,4.4833,0.1677,0.1764,0.215,0.0095156614409839,0.0104316290040491,-0.0049398586943434,-0.025440610307601984,-0.029720040716434405,0.0189092007042748,-0.0004440224135851,-0.0005187125643293,0.0003300278112105,2277318,14156707,154819245,-13953236,-12254189,8100175,0.1363089634075928,0.8473502850436403,9.26671233507843,-3.225898059906006,-2.833089365135193,1.8727081529617309,61,0300fe00,43.51414017893,-79.68403692107,160.7211,-37.1,SOL_COMPUTED,INS_PSRSP,good,0.9559,0.6998,1.5029,28,26,0.0,0.0,1,0,0,0,0,0,0,0,0,—,—,0.0,0.0,0.0,0.0
2026-05-26 12:12:09.021114,1779811929.021114,2420,231147.0,INS_ALIGNMENT_COMPLETE,good,43.51410809644,-79.68398607802,160.6327,-37.1,3.904408489,-5.655902073,125.222873586,0.4453,0.3634,2.4969,-4.7029,-0.3368,0.158,4.7149,0.1534,0.1792,0.2041,0.0144797631225123,-0.0036729466569711,0.0136779091693012,0.032349590538073625,0.024184936199182258,0.006894250678720536,0.0005646068665622,0.0004221067660611,0.0001203273738017,19295261,-6879874,184010839,14455658,12875596,2016207,1.1549186479837037,-0.41179514381164556,11.013976405513612,3.342054781906128,2.9767546507873535,0.46613403870391845,61,02f9fe00,43.51411842639,-79.68401393321,160.7861,-37.1,SOL_COMPUTED,INS_PSRSP,good,0.9265,0.688,1.4841,28,26,0.0,0.0,1,0,0,0,0,0,0,0,0,—,—,0.0,0.0,0.0,0.0
2026-05-26 12:12:10.028748,1779811930.028748,2420,231148.0,INS_SOLUTION_GOOD,good,43.5141208067,-79.68395717291,160.0218,-37.1,5.425232135,-5.624406267,132.037854707,0.4327,0.357,2.2834,-3.8627,-0.3417,-0.0684,3.8778,0.125,0.1769,0.178,0.0020550037156054,-0.0013323926688427,-0.0041856918552707,0.006697420754236681,0.024846724345022657,-0.0013758247641885918,0.000116892043553,0.0004336571481567,-2.40126720656e-05,2884714,141737,162915257,2776921,10112437,-79358,0.17266467619689943,0.008483674017639161,9.751299469354555,0.6420062031784057,2.337930133140564,-0.018347057144165037,61,02f2fe00,43.51409673667,-79.6839966416,160.9284,-37.1,SOL_COMPUTED,INS_PSRSP,good,0.8996,0.6762,1.4664,27,26,0.0,0.0,1,0,0,0,0,0,0,0,1,—,—,0.0,0.0,0.0,0.0
2026-05-26 12:12:11.036140,1779811931.036140,2420,231149.0,INS_ALIGNMENT_COMPLETE,good,43.51408966842,-79.68394639341,159.6889,-37.1,5.914602237,-5.734072212,130.913014155,0.4283,0.3626,2.1311,-3.8298,-0.2726,0.0106,3.8395,0.155,0.2162,0.1779,-0.0058728332974584,0.0063510523754435,0.0071688748022603,-0.030963836860993566,-0.07443372835740761,-0.014075513814871026,-0.0005404209022755,-0.0012991136343737,-0.0002456640599798,-16048522,72957,166389833,-12051052,-32701441,-5402294,-0.9605849503863527,0.0043668442630004885,9.959270360043032,-2.7861254024963378,-7.560361989006043,-1.2489754873809815,61,02eafe00,43.51411045107,-79.68396966814,160.2775,-37.1,SOL_COMPUTED,INS_PSRSP,good,0.7969,0.6464,1.3661,28,26,0.0,0.0,1,0,0,0,0,0,0,0,0,—,—,0.0,0.0,0.0,0.0
2026-05-26 12:12:12.022845,1779811932.022845,2420,231150.0,INS_ALIGNMENT_COMPLETE,good,43.51405935876,-79.68392414607,158.99,-37.1,3.284712338,-5.777322838,128.641766875,0.4244,0.3683,1.9555,-3.8457,-0.1275,0.1349,3.8478,0.1652,0.2011,0.178,0.0039092203684505,-0.0007076060459227,0.0131731586227561,0.007637388246876272,0.05685850906688971,-0.020651313399206877,0.0001332975711613,0.0009923681909937,-0.0003604334136779,253949,-7548716,179294520,3990077,26146128,-8970571,0.01520012793487549,-0.45182870948120124,10.73168093602295,0.9224800363998413,6.044815954467773,-2.0739380875625613,61,02e3fe00,43.51407908829,-79.68395857085,159.9311,-37.1,SOL_COMPUTED,INS_PSRSP,good,0.8005,0.6602,1.3921,27,25,0.0,0.0,1,0,0,0,0,0,0,0,0,—,—,0.0,0.0,0.0,0.0
2026-05-26 12:12:13.022606,1779811933.022606,2420,231151.0,INS_SOLUTION_GOOD,good,43.51403521163,-79.68390188509,159.0364,-37.1,4.857921131,-5.218760536,127.452805123,0.4212,0.3719,1.7759,-3.6155,0.1204,-0.1339,3.6175,0.179,0.1878,0.1763,0.0043932025619863,0.0034762524698865,-0.0038079437295005,-0.006338050872959325,0.031847036448089464,-0.008513114440928952,-0.0001106198558922,0.0005558356430226,-0.0001485818765935,-1303856,4145074,161212103,-3215061,15622665,-3523867,-0.0780423549951172,0.24810357630676272,9.649357115997011,-0.7433013418807983,3.6118592643356324,-0.814695294960022,61,02dcfe00,43.51404848066,-79.6839355609,159.302,-37.1,SOL_COMPUTED,INS_PSRSP,good,0.8141,0.6947,1.4307,26,24,0.0,0.0,1,0,0,0,0,0,0,0,0,—,—,0.0,0.0,0.0,0.0
2026-05-26 12:12:14.027135,1779811934.027135,2420,231152.0,INS_SOLUTION_GOOD,good,43.51401197822,-79.68387395986,158.3256,-37.1,8.45860046,-7.041099051,125.219733911,0.4193,0.3729,1.6486,-3.523,0.3871,-0.2218,3.5442,0.1975,0.1869,0.1755,-0.0028863650791737,-0.0022456475662939,0.0004548924109556,-0.013707484805201302,0.02472089984201341,0.013890994971477125,-0.0002392407420182,0.0004314610962995,0.0002424435986306,-23723225,-10988697,162703819,-5354659,10577121,6599517,-1.4199546169815065,-0.6577289150088502,9.738643839089052,-1.2379625829849243,2.4453620732345582,1.5257657138900758,61,02d4fe00,43.51402414734,-79.68391312206,159.3071,-37.1,SOL_COMPUTED,INS_PSRSP,good,0.8321,0.7029,1.4491,27,25,0.0,0.0,1,0,0,0,0,0,0,0,0,—,—,0.0,0.0,0.0,0.0
2026-05-26 12:12:15.026072,1779811935.026072,2420,231153.0,INS_ALIGNMENT_COMPLETE,good,43.51399573845,-79.68384272487,157.5995,-37.1,7.729363733,-6.978994942,119.315020172,0.4193,0.3735,1.5659,-3.3571,0.9172,-0.3455,3.4801,0.2169,0.1945,0.1743,0.0023233252487627,0.0053918975659704,-1.25845279253e-05,0.0026091824600773103,-0.01335170475517947,0.07623917163209909,4.55388247137e-05,-0.0002330312087324,0.0013306245639751,-13603829,3439694,162691452,1083330,-4830087,33799637,-0.8142577494070435,0.20588302713073733,9.737903611790772,0.2504589003753662,-1.1166849240188599,7.814257812583923,61,02cdfe00,43.5140005173,-79.68388472904,158.4996,-37.1,SOL_COMPUTED,INS_PSRSP,good,0.8612,0.707,1.4808,26,24,0.0,0.0,1,0,0,0,0,0,0,0,0,—,—,0.0,0.0,0.0,0.0
2026-05-26 12:12:16.036189,1779811936.036189,2420,231154.0,INS_ALIGNMENT_COMPLETE,good,43.51398134062,-79.68380746496,156.8742,-37.1,10.501987903,-7.2503156,105.449799916,0.4159,0.369,1.5138,-3.3704,1.6601,-0.4289,3.7571,0.2367,0.2032,0.1728,0.0002492865860922,-0.0007106959910908,0.0021117982819971,0.009220147923395466,-0.006706490889468695,0.16603314520538107,0.0001609219387844,-0.0001170503472764,0.0028978250512799,-26300416,-8405274,163301038,6431233,-2051752,72226485,-1.5742124912500002,-0.5030980241217041,9.774390407120974,1.4868595397872926,-0.4743518131713867,16.69829692806244,61,02c6fe00,43.51398354316,-79.68385178484,157.793,-37.1,SOL_COMPUTED,INS_PSRSP,good,0.9012,0.7104,1.5099,26,24,0.0,0.0,1,0,0,0,0,0,0,0,0,—,—,0.0,0.0,0.0,0.0
2026-05-26 12:12:17.020731,1779811937.020731,2420,231155.0,INS_ALIGNMENT_COMPLETE,good,43.5139709525,-79.683768116,155.9967,-37.1,8.928531699,-4.35251841,85.72190151,0.4105,0.3633,1.4919,-3.4294,2.7347,-0.6127,4.3863,0.2618,0.2203,0.1713,0.0073752146313919,0.0064339258588003,0.0046386807452745,-0.02278732018477742,-0.03730227752053856,0.22849426765860031,-0.0003977137649311,-0.000651047561227,0.0039879772925815,-9722747,10468694,171962418,-9679345,-14914458,99224676,-0.5819554252169801,0.6266041138616945,10.292817666502076,-2.2378020594406127,-3.448126379196167,22.940104345916748,61,02befe00,43.51396787577,-79.68381237817,156.9934,-37.1,SOL_COMPUTED,INS_PSRSP,good,0.9463,0.7198,1.5346,27,25,0.0,0.0,1,0,0,0,0,0,0,0,0,—,—,0.0,0.0,0.0,0.0
2026-05-26 12:12:18.028467,1779811938.028467,2420,231156.0,INS_ALIGNMENT_COMPLETE,good,43.51398367821,-79.68371950663,155.9382,-37.1,8.576427491,-1.007888256,63.210564361,0.4031,0.356,1.4772,-2.5049,3.6695,-0.4804,4.4429,0.2949,0.2456,0.1707,0.0005231186234927,0.0066308434484339,0.002852199632737,-0.012351732892097924,-0.015984777172846326,0.21264059885136935,-0.0002155784072943,-0.0002789869918642,0.0037112785733742,-19333102,20574300,166452014,-5576150,-6677382,91713608,-1.1571836226092531,1.2314755804138184,9.962992206378786,-1.2891698719024658,-1.5437675990753175,21.203593927185057,61,02b7fe00,43.51395710331,-79.68376653793,156.1588,-37.1,SOL_COMPUTED,INS_PSRSP,good,0.9954,0.748,1.5612,24,22,0.0,0.0,1,0,0,0,0,0,0,0,0,—,—,0.0,0.0,0.0,0.0
2026-05-26 12:12:19.032427,1779811939.032427,2420,231157.0,INS_ALIGNMENT_COMPLETE,good,43.5140076441,-79.68366817514,155.8009,-37.1,5.34959701,-0.197160845,43.013158874,0.3924,0.3455,1.4655,-1.2086,4.049,-0.3527,4.2255,0.3313,0.2779,0.1726,-0.0022676871212861,0.0025269177612667,-0.0039524387703636,-0.00970136515606895,-0.014630327766933154,0.1824118386405678,-0.0001693207639119,-0.0002553473901793,0.0031836871788991,-13035372,14874295,157053722,-3807507,-6386025,78359514,-0.7802327320788576,0.8903015445663454,9.400457048652955,-0.8802710313491822,-1.4764077421188355,18.116213628707886,61,02b0fe00,43.51397129374,-79.68371087468,156.1104,-37.1,SOL_COMPUTED,INS_PSRSP,good,1.0644,0.8171,1.6068,23,23,0.0,0.0,1,0,0,0,0,0,0,0,0,—,—,0.0,0.0,0.0,0.0
2026-05-26 12:12:20.019514,1779811940.019514,2420,231158.0,INS_ALIGNMENT_COMPLETE,good,43.51404206313,-79.68363146674,155.7937,-37.1,4.028169721,-0.695841629,30.054831044,0.3736,0.331,1.448,-0.1565,3.4678,-0.29,3.4713,0.3609,0.3041,0.1732,-0.0021324434325047,-0.0065397900692642,-0.0002164985691756,-0.004554497911236753,-0.0014205896605430258,0.08113395615940011,-7.94909843264e-05,-2.47939668963e-05,0.0014160546701523,-7550379,-3477802,164210728,-1589912,-106321,34644065,-0.4519282484152222,-0.2081639830523682,9.828839939826661,-0.36757738751220703,-0.02458072863006592,8.00948411327362,61,02a9fe00,43.51399825115,-79.68365432628,156.0598,-37.1,SOL_COMPUTED,INS_PSRSP,good,1.149,0.9036,1.6881,23,21,0.0,0.0,1,0,0,0,0,0,0,0,0,—,—,0.0,0.0,0.0,0.0
2026-05-26 12:12:21.036604,1779811941.036604,2420,231159.0,INS_ALIGNMENT_COMPLETE,good,43.51406549485,-79.68362034212,155.1479,-37.1,3.500027429,-0.488121414,26.025089621,0.3543,0.312,1.4291,0.011,2.1807,-0.327,2.1807,0.3771,0.3344,0.1717,-0.0031554174253184,-0.0101133727721471,-0.0009524875010807,0.003736140531558464,-0.0018728038741345312,-0.0030721333988732785,6.5207953593e-05,-3.26865938478e-05,-5.36188428709e-05,-5969877,-9301166,164042470,1733738,-404997,-2110074,-0.3573272356082154,-0.5567216769647217,9.818768850253297,0.40082902995300296,-0.0936326911239624,-0.4878354829559326,61,02a1fe00,43.51403521914,-79.6836151282,156.0877,-37.1,SOL_COMPUTED,INS_PSRSP,good,1.2322,0.9586,1.7567,24,22,0.0,0.0,1,0,0,0,0,0,0,0,0,—,—,0.0,0.0,0.0,0.0
2026-05-26 12:12:22.023788,1779811942.023788,2420,231160.0,INS_ALIGNMENT_COMPLETE,good,43.51409445505,-79.68362268472,153.7437,-37.1,2.456764911,-1.081164913,31.530028092,0.3206,0.2905,1.4076,0.081,0.5791,-0.4304,0.5847,0.3788,0.3401,0.1702,-0.0065091397415639,-0.0123476805997288,-0.0012401025043115,-0.012087360323534089,-0.007982720334870802,-0.08982676810135426,-0.0002109642355209,-0.0001393247531096,-0.0015677728597963,-8313907,-15375791,164380776,-5271558,-2785390,-40052506,-0.49762924854461676,-0.9203186084603883,9.839018169924318,-1.218750168411255,-0.6439641812896728,-9.25988074736023,61,029afe00,43.51405950588,-79.68360341936,155.4558,-37.1,SOL_COMPUTED,INS_PSRSP,good,1.3148,1.0505,1.8449,24,21,0.0,0.0,1,0,0,0,0,0,0,0,0,—,—,0.0,0.0,0.0,0.0
2026-05-26 12:12:23.148081,1779811943.148081,2420,231161.0,INS_ALIGNMENT_COMPLETE,good,43.514117349,-79.68362915351,152.414,-37.1,2.202268455,-1.501942807,43.935542327,0.2888,0.2689,1.3871,0.0913,-0.9948,-0.5173,0.9990,0.3771,0.3329,0.1676,-0.0075546360021251,-0.0120955730354351,-0.0005523182996168,-0.002895427343722282,0.0038096218283758237,-0.11227286876049854,-5.05347404003e-05,6.64904441611e-05,-0.001959531220533,-8454768,-16820985,165022832,-1162396,2053505,-48188112,-0.5060604895458986,-1.0068207553115847,9.87744845845215,-0.26873844900512694,0.47475709545135497,-11.140780318725586,61,0293fe00,43.51408736767,-79.68360666755,154.0793,-37.1,SOL_COMPUTED,INS_PSRSP,good,1.3289,1.0801,1.9183,22,19,0.0,0.0,1,0,0,0,0,0,0,0,0,—,—,0.0,0.0,0.0,0.0
2026-05-26 12:12:24.078196,1779811944.078196,2420,231162.0,INS_ALIGNMENT_COMPLETE,good,43.51414003192,-79.68362744423,151.1428,-37.1,0.761144402,-0.993320887,49.159237186,0.2619,0.2493,1.3698,0.8476,-1.6006,-0.6151,1.8112,0.3717,0.3161,0.1648,-0.0080649547811378,-0.0020596633545579,8.24380734045e-05,-0.0035573508147626297,-0.008542877756716255,0.028448464259647883,-6.20874843662e-05,-0.0001491013444503,0.0004965193684675,-5070009,78079,165989655,-1442721,-3475952,13636439,-0.3034655991201783,0.004673421785583496,9.935317689244082,-0.33354777880096437,-0.8036176563720703,3.152656639228821,61,028bfe00,43.51410794834,-79.68361559407,152.7562,-37.1,SOL_COMPUTED,INS_PSRSP,good,1.3385,1.0912,1.9827,22,19,0.0,0.0,1,0,0,0,0,0,0,0,0,—,—,0.0,0.0,0.0,0.0
2026-05-26 12:12:25.022504,1779811945.022504,2420,231163.0,INS_ALIGNMENT_COMPLETE,good,43.51416544099,-79.68360987575,149.8516,-37.1,0.477756055,-1.4216418,38.941611849,0.2418,0.2332,1.3156,2.0297,-1.3426,-0.696,2.4336,0.361,0.2956,0.1606,-0.010553221921475,0.0058703079877203,-0.0015679745139484,-0.0018326679069983274,-0.0006870886716979021,0.1697374585210223,-3.19860890728e-05,-1.19919595743e-05,0.0029624775151634,-8314963,12458227,162127941,-1190591,-148642,74211877,-0.49769245546844487,0.7456876941500855,9.704174637497864,-0.2752569509353638,-0.03436507054138183,17.157306737754823,61,0284fe00,43.51412982002,-79.68361521244,151.5229,-37.1,SOL_COMPUTED,INS_PSRSP,good,1.3469,1.099,2.0372,22,19,0.0,0.0,1,0,0,0,0,0,0,0,0,—,—,0.0,0.0,0.0,0.0
2026-05-26 12:12:26.020680,1779811946.020680,2420,231164.0,INS_ALIGNMENT_COMPLETE,good,43.51418223422,-79.68356045284,151.2716,-37.1,1.327862144,-1.647852247,17.271842411,0.2233,0.221,1.2687,2.8897,-0.4017,-0.5932,2.9175,0.3467,0.269,0.1514,-0.0053013433297896,0.0122787004533233,-0.0005798723451371,-0.009383323009405264,7.392265184485305e-05,0.24756799780222383,-0.0001637698812925,1.2901936665e-06,0.0043208766842251,-4039926,22903544,164797852,-4955605,644792,107067891,-0.24180993840271,1.3708925767065432,9.863982271214601,-1.1457038750839232,0.1490717466430664,24.753405006202698,61,027dfe00,43.51415700201,-79.68359534282,150.239,-37.1,SOL_COMPUTED,INS_PSRSP,good,1.3608,1.1035,2.0629,22,20,0.0,0.0,1,0,0,0,0,0,0,0,0,—,—,0.0,0.0,0.0,0.0
2026-05-26 12:12:27.019570,1779811947.019570,2420,231165.0,INS_ALIGNMENT_COMPLETE,good,43.51420139322,-79.68351873862,152.7009,-37.1,1.825515739,-2.067021427,352.168615133,0.2103,0.2111,1.2502,3.5277,0.1054,-0.47,3.5293,0.3271,0.2562,0.1448,-0.0031304763821745,0.0087332912558905,-0.0003931758745778,-0.02002845913940102,-0.0043421184062202,0.2259429580222521,-0.0003495625560842,-7.57842627001e-05,0.0039434485391893,-2579137,14536468,164069437,-9411987,-1490955,96778650,-0.15437435217926027,0.8700808954602052,9.820382961157533,-2.1759906163101195,-0.3446991681289673,22.374598929977417,61,0276fe00,43.51417829391,-79.68354259326,151.6364,-37.1,SOL_COMPUTED,INS_PSRSP,good,1.3678,1.027,1.9998,24,20,0.0,0.0,1,0,0,0,0,0,0,0,0,—,—,0.0,0.0,0.0,0.0
2026-05-26 12:12:28.030759,1779811948.030759,2420,231166.0,INS_ALIGNMENT_COMPLETE,good,43.51423658158,-79.68351980322,151.2614,-37.1,1.855984031,-1.556994514,336.914985368,0.2052,0.2057,1.2326,3.5685,-0.2355,-0.5614,3.5763,0.3135,0.2557,0.1431,-0.0041535218508449,-0.0038191926819107,-6.35488972949e-05,0.018361828281577484,0.0029415966041743185,0.08670127706578094,0.0003204743601998,5.13405460084e-05,0.0015132227504839,-5342743,-1807406,166027289,7854452,2011622,36768321,-0.31979010400970465,-0.1081823611444092,9.93757027387604,1.8158985821228026,0.4650740163116455,8.500598383049011,61,026efe00,43.5142033616,-79.68350023444,153.0525,-37.1,SOL_COMPUTED,INS_PSRSP,good,1.3475,0.9894,1.9622,23,19,0.0,0.0,1,0,0,0,0,0,0,0,0,—,—,0.0,0.0,0.0,0.0
2026-05-26 12:12:29.018017,1779811949.018017,2420,231167.0,INS_ALIGNMENT_COMPLETE,good,43.51425704718,-79.68351494093,151.3934,-37.1,1.354868089,-0.988466507,338.174905423,0.1987,0.2022,1.2134,2.4837,-0.229,-0.5399,2.4942,0.2952,0.2443,0.1377,-0.0058508665700602,-0.0153831741007113,0.0024799662447509,0.022177555121633944,-0.012846045771924431,-0.09831525306527719,0.0003870713569156,-0.0002242057945823,-0.001715924870923,-6308079,-21256689,170432840,9458802,-4835306,-43096170,-0.3775703303549195,-1.2723200023306276,10.201264711828614,2.1868139420013426,-1.1178915231170654,-9.963556209640503,61,0267fe00,43.51424199777,-79.68350264604,151.6125,-37.1,SOL_COMPUTED,INS_PSRSP,good,1.3596,1.0106,1.9808,23,19,0.0,0.0,1,0,0,0,0,0,0,0,0,—,—,0.0,0.0,0.0,0.0
2026-05-26 12:12:30.025676,1779811950.025676,2420,231168.0,INS_ALIGNMENT_COMPLETE,good,43.51426726881,-79.68351936034,151.5419,-37.1,1.157770773,-0.727267945,357.979627167,0.1951,0.2002,1.1909,0.6954,-0.5639,-0.5288,0.8953,0.2825,0.2339,0.1321,-0.0083115789045691,-0.0219752449921051,-6.72275063826e-05,0.007033899038118137,0.0011284451960262964,-0.25678507081447355,0.0001227646974682,1.9695084099e-05,-0.0044817449556858,-10113149,-32665593,164900105,3154708,1470247,-111456439,-0.605322953130188,-1.9552004247647097,9.8701026287735,0.7293481180114746,0.33991161225128175,-25.768008964668272,61,0260fe00,43.51426214884,-79.68349764444,151.7577,-37.1,SOL_COMPUTED,INS_PSRSP,good,1.3205,0.9666,1.9362,26,22,0.0,0.0,1,0,0,0,0,0,0,0,0,—,—,0.0,0.0,0.0,0.0
2026-05-26 12:12:31.026708,1779811951.026708,2420,231169.0,INS_ALIGNMENT_COMPLETE,good,43.51426856513,-79.68352757206,151.8619,-37.1,1.613579233,0.021264198,27.320315859,0.1928,0.2,1.1685,-0.8345,-1.7914,-0.5258,1.9762,0.2718,0.2207,0.1267,-0.0088615453467902,-0.0163214966047446,-0.0012367467583163,0.0051799724225308425,0.0013154734478111874,-0.29736036732333443,9.04075739358e-05,2.29593428869e-05,-0.0051899174747394,-11614887,-21080888,161874455,1790399,887745,-128757152,-0.6952095434481812,-1.2617974261791993,9.689002222447206,0.41392868726348875,0.20524091136932374,-29.76782209057617,61,0258fe00,43.51426778561,-79.68350072585,151.9115,-37.1,SOL_COMPUTED,INS_PSRSP,good,1.2978,0.9297,1.8749,27,23,0.0,0.0,1,0,0,0,0,0,0,0,0,—,—,0.0,0.0,0.0,0.0
2026-05-26 12:12:32.024970,1779811952.024970,2420,231170.0,INS_ALIGNMENT_COMPLETE,good,43.51428634558,-79.68353163522,153.1139,-37.1,1.001108094,-0.550323066,61.037198201,0.1959,0.2043,1.1499,-0.9049,-3.5275,-0.3923,3.6417,0.2699,0.2159,0.1246,-0.0116167315956999,-0.0181055559641842,-0.0012868567775421,0.010294808911466386,-0.015379906489007061,-0.33684979867101056,0.000179678311369,-0.0002684300068824,-0.0058791380714976,-15697156,-25265413,163411989,3862518,-5757673,-145833666,-0.9395539238732912,-1.5122623437283327,9.781031383830873,0.8929892193145752,-1.331136817314148,-33.71580185545349,61,0251fe00,43.51426231703,-79.68351097728,152.2195,-37.1,SOL_COMPUTED,INS_PSRSP,good,1.2704,0.8569,1.8013,28,24,0.0,0.0,1,0,0,0,0,0,0,0,0,—,—,0.0,0.0,0.0,0.0
2026-05-26 12:12:33.031021,1779811953.031021,2420,231171.0,INS_ALIGNMENT_COMPLETE,good,43.51430057934,-79.68355366196,152.9797,-37.1,0.218752346,-0.582959896,95.80394999,0.203,0.209,1.1487,0.041,-5.098,-0.3475,5.0982,0.2598,0.2025,0.1231,-0.0093703628608519,-0.0201923672914801,-0.0006442906908453,-0.004628541461530858,0.008064131334392774,-0.34347984783866237,-8.07832880689e-05,0.0001407456430986,-0.0059948542590424,-9561049,-28103356,163231314,-2081954,4056516,-148649347,-0.5722769847158814,-1.682127539779053,9.770217074207155,-0.4813343205413818,0.9378403041687011,-34.36676912033844,61,024afe00,43.51427449146,-79.6835225808,153.4877,-37.1,SOL_COMPUTED,INS_PSRSP,good,1.314,0.8546,1.7669,25,21,0.0,0.0,1,0,0,0,0,0,0,0,0,—,—,0.0,0.0,0.0,0.0
2026-05-26 12:12:34.027474,1779811954.027474,2420,231172.0,INS_ALIGNMENT_COMPLETE,good,43.51431330734,-79.68356464021,152.5079,-37.1,0.378501371,-0.873713347,129.892008007,0.2117,0.2161,1.1441,1.697,-5.8037,-0.341,6.0467,0.2518,0.1832,0.123,-0.0096212630758452,-0.0205754024219323,6.39465175379e-05,0.01614363201133184,0.01258844479994988,-0.34538017583925895,0.0002817595318285,0.000219709809465,-0.0060280212395207,-11243502,-29489687,164990252,6081260,5257703,-149283949,-0.672980278859253,-1.765106439322205,9.875498381199952,1.4059480421447754,1.215546981880188,-34.51348500478363,61,0243fe00,43.51428712964,-79.68355548862,153.3741,-37.1,SOL_COMPUTED,INS_PSRSP,good,1.292,0.8748,1.7234,28,24,0.0,0.0,1,0,0,0,0,0,0,0,0,—,—,0.0,0.0,0.0,0.0
2026-05-26 12:12:35.026329,1779811955.026329,2420,231173.0,INS_SOLUTION_GOOD,good,43.51434708233,-79.68357047403,151.2168,-37.1,0.104650299,-0.583729254,163.903264637,0.2217,0.2258,1.138,4.0356,-5.2133,-0.4396,6.5928,0.2487,0.1859,0.125,-0.0109725032234055,-0.023267278487955,-0.000120384288809,-0.00039191737301566727,-0.005417750024628095,-0.33966957099145345,-6.8402485549e-06,-9.45575759799e-05,-0.005928352382646,-11456053,-33549597,165183906,399475,-2237167,-146564873,-0.6857025277859498,-2.0081125208743287,9.88708954940735,0.09235604038238525,-0.5172185638504029,-33.88485219207001,61,023cfe00,43.51430289435,-79.68357649992,152.8982,-37.1,SOL_COMPUTED,INS_PSRSP,good,1.2736,0.8911,1.7075,26,22,0.0,0.0,1,0,0,0,0,0,0,0,0,—,—,0.0,0.0,0.0,0.0
2026-05-26 12:12:36.034531,1779811956.034531,2420,231174.0,INS_ALIGNMENT_COMPLETE,good,43.51438060442,-79.6835561068,150.6314,-37.1,-0.05864382,0.307061355,196.653540868,0.2397,0.2448,1.1329,5.9708,-3.4322,-0.4534,6.8870,0.2403,0.2156,0.1262,-0.0053388801946127,-0.0214487729285726,0.000971103874228,0.003777991423317959,0.013973435387510594,-0.3370703775610965,6.59383894491e-05,0.0002438824553271,-0.00588298789939,-4433607,-27241719,166480288,1473583,6550474,-145687364,-0.26537373099700934,-1.6305542213827517,9.964684547822268,0.3406828739089966,1.514427288986206,-33.681977777801514,61,0234fe00,43.51434329972,-79.68358829212,151.6142,-37.1,SOL_COMPUTED,INS_PSRSP,good,1.292,0.9314,1.7262,25,23,0.0,0.0,1,0,0,0,0,0,0,0,0,—,—,0.0,0.0,0.0,0.0
2026-05-26 12:12:37.016012,1779811957.016012,2420,231175.0,INS_ALIGNMENT_COMPLETE,good,43.51441363229,-79.68356109695,148.4107,-37.1,1.237740458,0.971649193,228.53390351,0.2614,0.2687,1.1298,7.1892,-1.5031,-0.6831,7.3447,0.2438,0.2593,0.1303,-0.0023762765894121,-0.0234435458594826,-0.0003886593625379,0.013683747163794903,0.011963692612611891,-0.29651597440109706,0.000238826442019,0.0002088058267869,-0.0051751800380658,-1871176,-28720938,164415309,6464488,5285448,-127418781,-0.1119993171411133,-1.7190929360211185,9.841085144072572,1.4945478810424804,1.2219614467163087,-29.458399357933043,61,022dfe00,43.51438448805,-79.68357386895,151.0332,-37.1,SOL_COMPUTED,INS_PSRSP,good,1.2978,0.9526,1.7404,26,24,0.0,0.0,1,0,0,0,0,0,0,0,0,—,—,0.0,0.0,0.0,0.0
2026-05-26 12:12:38.034009,1779811958.034009,2420,231176.0,INS_ALIGNMENT_COMPLETE,good,43.51441412847,-79.6835321377,149.0049,-37.1,1.865304791,1.460118319,247.78786634,0.2811,0.2932,1.1232,6.6552,0.5213,-0.6745,6.6756,0.2607,0.2903,0.1326,-0.0013694072110627,-0.0106545400175429,-0.0013138233691201,0.01318546162775922,0.0056346376077342115,-0.12021547524102931,0.0002301297188001,9.83429784118e-05,-0.0020981558548087,-2686368,-4746848,163329590,5364346,3147132,-51050858,-0.16079266813476564,-0.2841227840527344,9.776099388265992,1.2402021548309325,0.7275965957336425,-11.802628707687377,61,0226fe00,43.51442384073,-79.68357339425,148.7784,-37.1,SOL_COMPUTED,INS_PSRSP,good,1.3533,1.0173,1.8196,24,22,0.0,0.0,1,0,0,0,0,0,0,0,0,—,—,0.0,0.0,0.0,0.0
2026-05-26 12:12:39.031601,1779811959.031601,2420,231177.0,INS_ALIGNMENT_COMPLETE,good,43.51439937382,-79.68350217316,149.1153,-37.1,1.294725394,1.026392479,249.29716046,0.301,0.3171,1.1153,5.0331,1.5821,-0.6086,5.2759,0.2913,0.303,0.135,-0.0064615943199449,-0.000578442521323,-0.0013747186639047,0.0019694467693458615,-0.007718215482114895,0.0715084463500278,3.43733305679e-05,-0.0001347082725415,0.0012480578317955,-9699994,11352119,163763247,594946,-2945746,32466442,-0.5805935434576417,0.6794815539022828,9.802055945999452,0.13754767332458495,-0.6810374529876709,7.5060317377166745,61,021ffe00,43.51442675761,-79.68353911016,149.3561,-37.1,SOL_COMPUTED,INS_PSRSP,good,1.3598,1.0634,1.8517,23,22,0.0,0.0,1,0,0,0,0,0,0,0,0,—,—,0.0,0.0,0.0,0.0
2026-05-26 12:12:40.023676,1779811960.023676,2420,231178.0,INS_ALIGNMENT_COMPLETE,good,43.51436557347,-79.68347698948,149.7288,-37.1,-0.897380567,-0.605001612,233.96234942,0.3211,0.3401,1.1043,2.6076,1.8629,-0.4984,3.2047,0.3214,0.2985,0.1366,-0.010508296733993,0.0040447817331388,-0.0019049537782146,-0.01420729480944661,-0.012222814619638688,0.20333310433330382,-0.0002479640722267,-0.0002133283589739,0.0035488321489224,-7848799,11265011,163715368,-6043674,-4782357,88635311,-0.46979018990081794,0.6742677009469605,9.799190146467286,-1.3972584016571046,-1.105650056236267,20.49191153894806,61,0217fe00,43.51441209423,-79.68350869767,149.4817,-37.1,SOL_COMPUTED,INS_PSRSP,good,1.3627,1.1253,1.8789,24,23,0.0,0.0,1,0,0,0,0,0,0,0,0,—,—,0.0,0.0,0.0,0.0
2026-05-26 12:12:41.023045,1779811961.023045,2420,231179.0,INS_ALIGNMENT_COMPLETE,good,43.51431389351,-79.68347056778,149.8048,-37.1,-0.86453725,-2.928700124,208.408543908,0.3436,0.3613,1.0952,-0.2713,1.9198,-0.5013,1.9389,0.3428,0.2935,0.138,-0.0110155301738061,0.0071643771633033,-0.0010790299565143,-0.013428882469324747,5.607229093194466e-05,0.29521080259712146,-0.0002343782139534,9.786460959e-07,0.0051524004927822,-10196593,10719894,164805842,-5415561,734293,128779371,-0.61031749721344,0.6416397002874756,9.864460512996217,-1.25204273210907,0.16976379988861084,29.772958979896547,61,0210fe00,43.51437641841,-79.68348790285,150.1526,-37.1,SOL_COMPUTED,INS_PSRSP,good,1.3827,1.1513,1.8978,23,22,0.0,0.0,1,0,0,0,0,0,0,0,0,—,—,0.0,0.0,0.0,0.0
2026-05-26 12:12:42.022648,1779811962.022648,2420,231180.0,INS_ALIGNMENT_COMPLETE,good,43.51424671771,-79.68347701292,150.1199,-37.1,1.354082516,-3.855483714,178.053387856,0.366,0.3817,1.0898,-2.7715,2.0732,-0.4433,3.4611,0.3598,0.2924,0.1394,-0.0099844274581844,0.0082395647318846,0.0009968532880947,0.041982390165934594,-0.006378909715408916,0.2962360810303298,0.0007327309362535,-0.0001113329772215,0.0051702949771914,-14133307,10277590,166037413,18262198,-2665131,128034080,-0.8459496770724488,0.6151655760101319,9.938176246316225,4.2221022490997315,-0.6161610770645142,29.600652513427736,61,0209fe00,43.51432011746,-79.68348694622,150.227,-37.1,SOL_COMPUTED,INS_PSRSP,good,1.4078,1.171,1.9385,24,23,0.0,0.0,1,0,0,0,0,0,0,0,0,—,—,0.0,0.0,0.0,0.0
2026-05-26 12:12:43.018229,1779811963.018229,2420,231181.0,INS_ALIGNMENT_COMPLETE,good,43.5141804454,-79.68347247992,150.2495,-37.1,0.995404524,-3.23510966,148.615316657,0.3887,0.4004,1.0905,-4.765,2.4714,-0.4051,5.3678,0.3696,0.3008,0.1414,-0.0012630857558859,0.0113516606330775,0.0009014751000739,0.02438234710642844,-0.011793326252281995,0.3101619783256179,0.0004255522363719,-0.0002058323728645,0.0054133477362891,682132,15461442,165591571,10723156,-4613027,134298927,0.040829039171142584,0.9254452526202394,9.91149035490204,2.479124422210693,-1.0665020536880494,31.049044684455872,61,0202fe00,43.51424603511,-79.68349565618,150.4833,-37.1,SOL_COMPUTED,INS_PSRSP,good,1.4515,1.1646,1.9762,22,21,0.0,0.0,1,0,0,0,0,0,0,0,0,—,—,0.0,0.0,0.0,0.0
2026-05-26 12:12:44.023498,1779811964.023498,2420,231182.0,INS_ALIGNMENT_COMPLETE,good,43.51412771263,-79.68346508538,149.2827,-37.1,2.33238098,-2.359190367,117.588400119,0.4108,0.4166,1.0937,-5.631,3.1641,-0.4864,6.4591,0.3743,0.3197,0.1454,-0.0065304883522312,0.0132493042185386,-0.0007050914997535,-0.004478987389156626,-0.004317030349872147,0.2975646926285982,-7.81730770962e-05,-7.53463935139e-05,0.0051934836240614,-12199735,21156872,164067090,-2460602,-2201675,128448474,-0.7302156447616578,1.2663454516528323,9.820242481375123,-0.5688752930145263,-0.509013042640686,29.696457730270385,61,01fbfe00,43.51417322082,-79.68348825419,150.6224,-37.1,SOL_COMPUTED,INS_PSRSP,good,1.492,1.1756,2.0197,23,22,0.0,0.0,1,0,0,0,0,0,0,0,0,—,—,0.0,0.0,0.0,0.0
2026-05-26 12:12:45.050401,1779811965.050401,2420,231183.0,INS_ALIGNMENT_COMPLETE,good,43.51409324378,-79.68345260904,148.7706,-37.1,2.338208548,-1.972631714,89.747039035,0.4259,0.431,1.0975,-5.0674,3.4424,-0.4888,6.1261,0.3746,0.3278,0.1477,-0.00286449271852,0.0046051850773358,0.0010864272060019,-0.012898396860909768,-0.012979840365771314,0.25804892933666146,-0.0002251194934521,-0.0002265409507663,0.0045038034481774,-5161011,8362437,167513599,-5538208,-4667863,111515141,-0.30891252760711674,0.5005340137088014,10.02653342061371,-1.2803979265136718,-1.0791797827835083,25.781580487998962,61,01f3fe00,43.5141155683,-79.68347361175,149.6209,-37.1,SOL_COMPUTED,INS_PSRSP,good,1.5366,1.2562,2.1065,23,21,0.0,0.0,1,0,0,0,0,0,0,0,0,—,—,0.0,0.0,0.0,0.0
2026-05-26 12:12:46.027436,1779811966.027436,2420,231184.0,INS_ALIGNMENT_COMPLETE,good,43.51408578863,-79.68343606477,148.2257,-37.1,2.238118316,-2.044570541,64.956658586,0.4307,0.4372,1.0972,-3.9967,3.2275,-0.4862,5.1372,0.3792,0.3388,0.1488,0.0026552136895944,0.0026271583179055,0.000396112045528,-0.005967404433097116,-0.002432519857741829,0.24332221067672768,-0.0001041508551558,-4.24554806378e-05,0.0042467737195463,3275685,5771828,164710561,-2814376,-663568,105731746,0.19606626162872318,0.34547300449340823,9.858757464786683,-0.6506655573120117,-0.1534126365966797,24.444496910385134,61,01ecfe00,43.51407960753,-79.68345238061,149.109,-37.1,SOL_COMPUTED,INS_PSRSP,good,1.5704,1.2937,2.1714,20,20,0.0,0.0,1,0,0,0,0,0,0,0,0,—,—,0.0,0.0,0.0,0.0
2026-05-26 12:12:47.023452,1779811967.023452,2420,231185.0,INS_ALIGNMENT_COMPLETE,good,43.51408783807,-79.68342130828,147.1541,-37.1,2.627005211,-0.534776355,33.241192311,0.4321,0.4428,1.0973,-3.141,3.7936,-0.5547,4.9252,0.3833,0.3475,0.1495,0.0041517273108132,0.0125013775414703,-0.0014772374061466,0.004454881917778165,0.00644256172602118,0.3759719178338043,7.77523572529e-05,0.0001124439143822,0.0065619478612469,4177825,25984158,164834399,1954781,2815020,163256830,0.2500638887710572,1.5552828555340579,9.866169793416445,0.4519327441635132,0.6508144459533691,37.743924861831665,61,01e5fe00,43.51407348648,-79.6834279971,148.5669,-37.1,SOL_COMPUTED,INS_PSRSP,good,1.6659,1.3788,2.2661,19,19,0.0,0.0,1,0,0,0,0,0,0,0,0,—,—,0.0,0.0,0.0,0.0
2026-05-26 12:12:48.019661,1779811968.019661,2420,231186.0,INS_ALIGNMENT_COMPLETE,good,43.51410228658,-79.68340371365,145.889,-37.1,1.743038417,0.294625262,353.859909631,0.4001,0.4207,1.0891,-0.8999,3.0665,-0.6052,3.1958,0.3922,0.3452,0.1462,-0.0071197090819458,0.0122837245373794,0.0004532920321661,-0.003464999901056468,-0.009101852570250044,0.37891416865006994,-6.04756568548e-05,-0.0001588572953822,0.0066132998254103,-12164457,28058003,164625443,-1658471,-3797373,163408599,-0.728104078607483,1.6794129340817263,9.853662723363954,-0.3834277855911255,-0.877928115989685,37.77901287458038,61,01defe00,43.51408037941,-79.68340559616,147.4852,-37.1,SOL_COMPUTED,INS_PSRSP,good,1.7494,1.4376,2.3456,19,18,0.0,0.0,1,0,0,0,0,0,0,0,0,—,—,0.0,0.0,0.0,0.0
2026-05-26 12:12:49.023484,1779811969.023484,2420,231187.0,INS_ALIGNMENT_COMPLETE,good,43.51413500271,-79.68342094943,145.1616,-37.1,1.124550606,-1.126831833,323.363286511,0.365,0.3939,1.0814,0.4069,1.3561,-0.6004,1.4158,0.3887,0.3385,0.141,-0.0048780307328989,0.0025599597571194,-0.0009943485731988,-0.00240344770938246,0.0032911018046699243,0.21280324872293097,-4.19480759283e-05,5.74405625099e-05,0.0037141173491609,-5823868,8151657,163672120,-1498820,2069440,90457843,-0.34858786085327154,0.487917768060608,9.796601535632325,-0.3465175053405762,0.47844116455078123,20.913269168312073,61,01d7fe00,43.51410372741,-79.68338512475,146.2434,-37.1,SOL_COMPUTED,INS_PSRSP,good,1.8187,1.4214,2.3862,19,17,0.0,0.0,1,0,0,0,0,0,0,0,0,—,—,0.0,0.0,0.0,0.0
2026-05-26 12:12:50.033937,1779811970.033937,2420,231188.0,INS_ALIGNMENT_COMPLETE,good,43.51417384927,-79.68345401251,144.9128,-37.1,1.035382098,-2.159481379,316.717861933,0.3306,0.3671,1.0785,0.5044,0.2411,-0.5852,0.5591,0.3896,0.3341,0.1368,-0.0081493996418055,-0.0083271994039065,-0.0002460063687557,0.004659139725044117,-0.011292691642015585,-0.055150218393488784,8.13173285126e-05,-0.0001970946505659,-0.0009625528941617,-11896555,-14987279,165387692,1803754,-4845116,-25412153,-0.7120687932785035,-0.8970642065756227,9.899287168895265,0.41701627702331545,-1.120159531768799,-5.875125674125671,61,01cffe00,43.51414315341,-79.68340604305,145.5321,-37.1,SOL_COMPUTED,INS_PSRSP,good,1.8423,1.389,2.406,19,17,0.0,0.0,1,0,0,0,0,0,0,0,0,—,—,0.0,0.0,0.0,0.0
2026-05-26 12:12:51.020007,1779811971.020007,2420,231189.0,INS_ALIGNMENT_COMPLETE,good,43.51419065258,-79.68349481426,144.9963,-37.1,-0.501200794,-1.900358746,331.745677355,0.2923,0.3395,1.0526,-0.4752,-0.4964,-0.5087,0.6872,0.3923,0.3188,0.1312,-0.0104735149894252,-0.0193963302040638,0.001646359064933,0.035076836560143175,-0.005141500278238768,-0.18543609609104658,0.0006122062891593,-8.97361083476e-05,-0.003236470428838,-10343030,-28912903,166751147,15856162,-2295139,-80332834,-0.6190824899261476,-1.7305830090634158,9.980896824508974,3.6658422629241945,-0.5306213158950805,-18.572432469955444,61,01c8fe00,43.51418324144,-79.68344056546,145.2854,-37.1,SOL_COMPUTED,INS_PSRSP,good,1.879,1.381,2.4274,21,18,0.0,0.0,1,0,0,0,0,0,0,0,0,—,—,0.0,0.0,0.0,0.0
2026-05-26 12:12:52.021498,1779811972.021498,2420,231190.0,INS_ALIGNMENT_COMPLETE,good,43.51423555716,-79.68352127387,146.1583,-37.1,-0.998841053,-1.435501981,353.979634175,0.2583,0.3087,1.0298,-0.5123,-1.419,-0.4391,1.5086,0.3869,0.3076,0.1271,-0.0109564397015761,-0.012956541945383,-0.0004177531164061,0.009061811597470814,0.003702933019661388,-0.22414580877061296,0.0001581584485715,6.4628373174e-05,-0.0039120823675984,-10601851,-18399420,163563921,3662707,1931404,-97482580,-0.6345742316232301,-1.101298047747803,9.790125279996644,0.8467942063980103,0.44652813272094727,-22.537343000335692,61,01c1fe00,43.51419713248,-79.68347858946,145.4094,-37.1,SOL_COMPUTED,INS_PSRSP,good,1.9428,1.33,2.3971,26,22,0.0,0.0,1,0,0,0,0,0,0,0,0,—,—,0.0,0.0,0.0,0.0
2026-05-26 12:12:53.020780,1779811973.020780,2420,231191.0,INS_ALIGNMENT_COMPLETE,good,43.51425290435,-79.68354883622,146.1896,-37.1,-1.180842868,-0.294251616,21.326175963,0.2275,0.2743,1.0085,-1.0781,-2.8639,-0.4521,3.0601,0.3712,0.2972,0.1232,-0.011058960060198,-0.0167764477301515,3.83353753687e-05,0.008966363230236148,-0.0005222112495549073,-0.27288080267956977,0.0001564925602976,-9.1143056957e-06,-0.0047626684722503,-9477957,-22719784,165719313,4139169,-21482,-117688059,-0.5673035096072389,-1.3598936142797853,9.919136357613832,0.9569491440353394,-0.00496649967956543,-27.208719267860413,61,01bafe00,43.51423705665,-79.68350292646,146.5843,-37.1,SOL_COMPUTED,INS_PSRSP,good,1.9614,1.3063,2.3826,24,20,0.0,0.0,1,0,0,0,0,0,0,0,0,—,—,0.0,0.0,0.0,0.0
2026-05-26 12:12:54.025884,1779811974.025884,2420,231192.0,INS_ALIGNMENT_COMPLETE,good,43.51427723488,-79.68357681147,146.1502,-37.1,-1.938630133,0.435541192,45.999616753,0.1993,0.243,0.9979,-0.71,-4.0264,-0.4521,4.0885,0.3586,0.2818,0.1207,-0.0083114300290639,-0.0126762849993495,-2.29488402322e-05,-0.0022726026431127435,-0.010070567482915167,-0.1867550081118337,-3.96643987119e-05,-0.0001757645601214,-0.0032594897861449,-3547517,-13825428,164587744,-502777,-4077736,-79394122,-0.21233677727081302,-0.8275215667492677,9.851406248154298,-0.11623879570770264,-0.9427462311401367,-18.35540831730652,61,01b3fe00,43.5142480346,-79.68353164702,146.6205,-37.1,SOL_COMPUTED,INS_PSRSP,good,1.8991,1.2923,2.354,26,21,0.0,0.0,1,0,0,0,0,0,0,0,0,—,—,0.0,0.0,0.0,0.0
2026-05-26 12:12:55.015692,1779811975.015692,2420,231193.0,INS_ALIGNMENT_COMPLETE,good,43.51430362962,-79.68358637857,147.118,-37.1,-3.07643917,0.92968138,55.812568147,0.175,0.2161,0.9954,0.2685,-4.3092,-0.3098,4.3176,0.3478,0.2599,0.1167,-0.009225045938951,-0.0024598289378569,0.000505081240304,0.007034346624754931,-0.006286768467689604,-0.024860062940650594,0.0001227725093287,-0.0001097248090719,-0.000433889950568,-1406820,5491884,166463585,2548601,-2132698,-9740738,-0.0842052694885254,0.3287169447546387,9.963684789064027,0.5892200935592652,-0.4930660056610107,-2.2519957245941162,61,01acfe00,43.51426759256,-79.68356408247,146.6008,-37.1,SOL_COMPUTED,INS_PSRSP,good,1.8205,1.2652,2.3421,24,20,0.0,0.0,1,0,0,0,0,0,0,0,0,—,—,0.0,0.0,0.0,0.0
2026-05-26 12:12:56.019048,1779811976.019048,2420,231194.0,INS_ALIGNMENT_COMPLETE,good,43.51432593638,-79.68357799074,148.4608,-37.1,-3.53623135,0.695542633,52.346134303,0.1575,0.1946,0.9897,1.1353,-3.7166,-0.2002,3.8861,0.3361,0.2381,0.1124,-0.0025736432352242,0.0005425724038859,-0.0014019534258281,-0.003683920189038149,-0.00792383815465614,0.08689232057508357,-6.42965366795e-05,-0.0001382970651941,0.0015165570887358,12189741,9009909,163659895,-1537981,-3063049,38833327,0.7296174534768678,0.5392884771414186,9.79586980774994,-0.3555712756576538,-0.7081571491012574,8.978014435432435,61,01a5fe00,43.5142925988,-79.68357619779,147.5979,-37.1,SOL_COMPUTED,INS_PSRSP,good,1.7682,1.2332,2.2965,27,22,0.0,0.0,1,0,0,0,0,0,0,0,0,—,—,0.0,0.0,0.0,0.0
2026-05-26 12:12:57.032106,1779811977.032106,2420,231195.0,INS_ALIGNMENT_COMPLETE,good,43.51435751085,-79.68355150525,149.2634,-37.1,-2.837339072,0.445818099,36.279026871,0.2723,0.2882,1.0062,2.3547,-2.4779,-0.1256,3.4183,0.3121,0.225,0.1128,-0.0111454822579064,0.0110980915966967,-0.0014480449287989,-0.0048144832804619874,0.00663511565168621,0.20379716100951167,-8.40285850264e-05,0.0001158046143727,0.0035569314658381,-5670221,25231583,162434760,-2999840,2952366,88537630,-0.33939131329132083,1.5102374476742555,9.722539301477052,-0.6935436364746094,0.6825679542388916,20.469328322525026,61,019efe00,43.51431541191,-79.68356692189,148.9524,-37.1,SOL_COMPUTED,INS_PSRSP,good,1.7576,1.2149,2.2427,31,26,0.0,0.0,1,0,0,0,0,0,0,0,0,—,—,0.0,0.0,0.0,0.0
2026-05-26 12:12:58.028513,1779811978.028513,2420,231196.0,INS_ALIGNMENT_COMPLETE,good,43.51439562742,-79.68350938584,150.4924,-37.1,-1.278315006,-0.445558633,13.440761425,0.3543,0.363,1.0224,3.7284,-1.4233,-0.0614,3.9908,0.2958,0.2239,0.1132,-0.002872885910368,0.0098126322888458,0.0003252614618863,-0.0032406651410608737,0.016002281135806352,0.23044302516278967,-5.65602766662e-05,0.00027929249365,0.0040219895273526,3635884,20585288,163547131,-1087213,7353619,99714447,0.2176259877233887,1.2321332676098635,9.789120313849795,-0.2513566249008179,1.7001092266616822,23.05333623841095,61,0197fe00,43.51434961174,-79.6835367905,149.7369,-37.1,SOL_COMPUTED,INS_PSRSP,good,1.6656,1.2024,2.1876,30,25,0.0,0.0,1,0,0,0,0,0,0,0,0,—,—,0.0,0.0,0.0,0.0
2026-05-26 12:12:59.027216,1779811979.027216,2420,231197.0,INS_ALIGNMENT_COMPLETE,good,43.51442335572,-79.68347940292,151.4024,-37.1,0.344195501,0.804793896,350.000969342,0.4151,0.4216,1.0401,4.7153,-0.7932,-0.0918,4.7815,0.3045,0.2437,0.1153,0.0003415447881309,0.0107600608739509,-0.0007306277742687,-0.009754021235542124,0.006610586712117347,0.2376381561281376,-0.0001702397858699,0.0001153765036152,0.0041475682528103,2492183,25581476,161822574,-3993702,2590364,103259785,0.14916971690032962,1.5311803077111819,9.685896883038941,-0.923318112991333,0.598875429473877,23.87299548992157,61,018ffe00,43.51439253969,-79.68349144283,150.9254,-37.1,SOL_COMPUTED,INS_PSRSP,good,1.594,1.1771,2.132,31,26,0.0,0.0,1,0,0,0,0,0,0,0,0,—,—,0.0,0.0,0.0,0.0
2026-05-26 12:13:00.020043,1779811980.020043,2420,231198.0,INS_ALIGNMENT_COMPLETE,good,43.51446106925,-79.68345131783,151.8409,-37.1,0.018520254,1.426298463,328.690283102,0.4594,0.4667,1.0573,5.5985,-0.2632,-0.0684,5.6047,0.3201,0.2695,0.1174,0.0027673512083761,0.0119924634952225,-0.0001837911020504,-0.0018762057533863723,-0.012348253803202201,0.1695883040821265,-3.27459678415e-05,-0.0002155176857381,0.0029598742791107,8804227,30311618,163534476,-1623045,-5119346,73040264,0.5269773724948121,1.814303153440552,9.788362848299561,-0.3752375231552124,-1.1835597369232178,16.886437377868653,61,0188fe00,43.51442565691,-79.683461092,151.7931,-37.1,SOL_COMPUTED,INS_PSRSP,good,1.6347,1.2034,2.1167,27,22,0.0,0.0,1,0,0,0,0,0,0,0,0,—,—,0.0,0.0,0.0,0.0
2026-05-26 12:13:01.025137,1779811981.025137,2420,231199.0,INS_ALIGNMENT_COMPLETE,good,43.51452152267,-79.68342610316,152.8364,-37.1,0.421109342,0.441624544,316.073752372,0.4896,0.5009,1.0737,6.1276,-0.2832,-0.0091,6.1341,0.3475,0.3026,0.1195,-0.0047575939578514,0.0036540463795799,-0.0015994759017795,-0.015910789132267587,0.013728277009215806,0.08949417730944731,-0.000277695656949,0.000239603634437,0.0015619680554157,-5578927,13262532,159637738,-7414502,6179586,38232944,-0.33392690713226325,0.7938294033068849,9.555123433579713,-1.7141849831085205,1.42868037840271,8.839209762817383,61,0182fe00,43.51446801002,-79.68343540267,152.2401,-37.1,SOL_COMPUTED,INS_PSRSP,good,1.6679,1.2059,2.1035,28,23,0.0,0.0,1,0,0,0,0,0,0,0,0,—,—,0.0,0.0,0.0,0.0
2026-05-26 12:13:02.021609,1779811982.021609,2420,231200.0,INS_ALIGNMENT_COMPLETE,good,43.51453529481,-79.68341899074,154.1323,-37.1,1.185032753,-0.496432768,310.631887503,0.4997,0.5181,1.0858,4.8274,-0.4096,-0.0219,4.8447,0.3623,0.317,0.1175,-0.0039251770338927,0.0015489087656272,-0.0027536628669861,-0.014012341130425467,0.015740388632442277,0.024544442645448555,-0.0002445614886389,0.00027472160718,0.0004283813372306,-5193634,9927039,158509693,-6716901,7492723,10846484,-0.3108651786260987,0.5941833313558961,9.48760425328644,-1.5529041366806031,1.7322691731948852,2.5076370594177244,61,017afe00,43.51453088649,-79.68341268846,153.2251,-37.1,SOL_COMPUTED,INS_PSRSP,good,1.749,1.2542,2.1062,27,22,0.0,0.0,1,0,0,0,0,0,0,0,0,—,—,0.0,0.0,0.0,0.0
2026-05-26 12:13:03.019145,1779811983.019145,2420,231201.0,INS_ALIGNMENT_COMPLETE,good,43.51453878269,-79.68342097414,155.2076,-37.1,3.62341584,-1.623667987,310.093328033,0.4958,0.5245,1.0955,3.4197,-0.2065,-0.0221,3.4259,0.3768,0.321,0.1138,-0.0024962562601434,-0.0182471329049046,-0.0007252687294141,0.006031837065588286,0.039580367727965624,-0.01358379257388563,0.0001052754167385,0.0006908077360041,-0.0002370819053226,-8092408,-31733374,160930448,5232706,17937046,-5872815,-0.48437141670654305,-1.8994024178289797,9.632498644282228,1.2097678368988036,4.146929206375122,-1.357756904182434,61,0173fe00,43.5145456141,-79.68340687812,154.5015,-37.1,SOL_COMPUTED,INS_PSRSP,good,1.6962,1.1879,2.0361,32,27,0.0,0.0,1,0,0,0,0,0,0,0,0,—,—,0.0,0.0,0.0,0.0
2026-05-26 12:13:04.029755,1779811984.029755,2420,231202.0,INS_ALIGNMENT_COMPLETE,good,43.51454049924,-79.68342596667,156.0192,-37.1,5.727329189,-1.869786975,313.766947688,0.489,0.5265,1.1074,2.3798,0.2184,-0.0685,2.3898,0.3906,0.3241,0.1116,-0.0048601349101782,-0.0180483353302609,-0.0023847437123376,0.012706316349329248,0.021941206068217204,-0.046412072936119445,0.0002217670560961,0.0003829462877495,-0.0008100434854122,-20188530,-34458391,161619011,8567798,8060064,-20576838,-1.2083853010528567,-2.06250842346283,9.673712611225282,1.9808195708770753,1.8634347487792968,-4.757232070266723,61,016cfe00,43.51454931442,-79.68340893252,155.5122,-37.1,SOL_COMPUTED,INS_PSRSP,good,1.6578,1.107,1.9718,33,28,0.0,0.0,1,0,0,0,0,0,0,0,0,—,—,0.0,0.0,0.0,0.0
2026-05-26 12:13:05.025380,1779811985.025380,2420,231203.0,INS_ALIGNMENT_COMPLETE,good,43.5145402603,-79.68343351952,156.622,-37.1,2.475097436,-1.35259857,323.79813869,0.4749,0.5191,1.1199,1.184,0.3752,-0.0261,1.2420,0.4002,0.3224,0.1103,0.0012432356372427,-0.0174304639184771,0.0012841093868818,-0.02115157575364863,-0.03789963871502216,-0.16497448187526956,-0.0003691646388867,-0.0006614734808944,-0.0028793478904993,-1313286,-27202632,169143454,-8864365,-15593067,-72057059,-0.07860678803649904,-1.6282146673754885,10.124088459284058,-2.0493839461898804,-3.6050163978652954,-16.659126730934144,61,0165fe00,43.51455051046,-79.68341293069,156.2677,-37.1,SOL_COMPUTED,INS_PSRSP,good,1.6485,1.0746,1.9339,33,28,0.0,0.0,1,0,0,0,0,0,0,0,0,—,—,0.0,0.0,0.0,0.0
2026-05-26 12:13:06.020307,1779811986.020307,2420,231204.0,INS_ALIGNMENT_COMPLETE,good,43.51453984244,-79.6834420302,157.1861,-37.1,0.778853588,0.239355872,341.789936715,0.4582,0.5061,1.1328,-0.1514,0.5441,0.1274,0.5648,0.4044,0.3174,0.1089,0.0020843902730225,-0.0119793478578255,0.0007448802587971,0.0009360688980149865,0.007539681176886529,-0.20698344537283594,1.63374842959e-05,0.0001315922610875,-0.003612542618883,4000817,-13836011,165478808,-1211647,3714045,-89014176,0.23946906758453373,-0.8281550126535036,9.904740920856934,-0.28012496216583255,0.8586632204818726,-20.57950268041992,61,015efe00,43.51454837626,-79.68341845004,156.957,-37.1,SOL_COMPUTED,INS_PSRSP,good,1.655,1.0719,1.9079,33,28,0.0,0.0,1,0,0,0,0,0,0,0,0,—,—,0.0,0.0,0.0,0.0
2026-05-26 12:13:07.022878,1779811987.022878,2420,231205.0,INS_ALIGNMENT_COMPLETE,good,43.51455535121,-79.68343993169,157.9818,-37.1,1.235030032,-0.977683342,3.850636401,0.4441,0.4952,1.1118,-1.0559,0.9653,0.1256,1.4306,0.418,0.3197,0.1096,0.0063356459088791,-0.016566276047545,-0.0010290711782797,-0.004573198897679659,0.011611718117973034,-0.1989687088598738,-7.98173781132e-05,0.0002026627129724,-0.0034726590780518,10790816,-23285055,163032243,-2336574,5234235,-85566130,0.6458847395410157,-1.39372793344574,9.75830167123993,-0.5402008203277587,1.2101213318252564,-19.782336711044312,61,0157fe00,43.51454406305,-79.6834243403,157.5659,-37.1,SOL_COMPUTED,INS_PSRSP,good,1.6799,1.0794,1.8903,32,27,0.0,0.0,1,0,0,0,0,0,0,0,0,—,—,0.0,0.0,0.0,0.0
2026-05-26 12:13:08.028942,1779811988.028942,2420,231206.0,INS_ALIGNMENT_COMPLETE,good,43.51457609985,-79.68342025715,159.0102,-37.1,1.361221021,-2.107485311,20.336857762,0.4062,0.458,1.0998,-1.6637,1.5388,0.2026,2.2662,0.4159,0.322,0.1123,0.0091816009822989,-0.0089867473027959,-0.0005334310033223,0.003103811856646643,0.0027126029304289567,-0.10242205933542328,5.4171736261e-05,4.73438524353e-05,-0.0017876021620787,14552638,-14605507,163917285,873107,1205340,-43307011,0.8710487514813233,-0.8742132276705934,9.81127589688263,0.20185670029449462,0.2786668244934082,-10.012301287330628,61,0150fe00,43.51455448856,-79.68342131597,158.3495,-37.1,SOL_COMPUTED,INS_PSRSP,good,1.8239,1.1287,1.8922,30,24,0.0,0.0,1,0,0,0,0,0,0,0,0,—,—,0.0,0.0,0.0,0.0
2026-05-26 12:13:09.019249,1779811989.019249,2420,231207.0,INS_ALIGNMENT_COMPLETE,good,43.51460982601,-79.6833916243,160.0048,-37.1,0.863778073,-3.21987179,26.387564099,0.3748,0.4226,1.0895,-1.2455,1.9823,0.3355,2.3411,0.4068,0.3271,0.115,0.0040819269553545,-0.0061648893486855,0.0002739267153686,0.001444379317338439,0.0012952361071549246,-0.03409567098406017,2.52091747353e-05,2.26061346606e-05,-0.0005950817193494,8522385,-12218723,163298796,671228,775418,-14470090,0.5101077078872681,-0.731352172289734,9.77425621211792,0.15518357913208009,0.17927163432312013,-3.345391367111206,61,0149fe00,43.51457149133,-79.68340270062,159.3743,-37.1,SOL_COMPUTED,INS_PSRSP,good,1.9218,1.1836,1.9165,29,25,0.0,0.0,1,0,0,0,0,0,0,0,0,—,—,0.0,0.0,0.0,0.0
2026-05-26 12:13:10.031021,1779811990.031021,2420,231208.0,INS_ALIGNMENT_COMPLETE,good,43.51465763357,-79.68334241859,161.3054,-37.1,0.618173817,-4.061635625,28.075674015,0.3447,0.3887,1.0425,-0.1617,2.726,0.4981,2.7308,0.3919,0.3181,0.1166,0.0047022253261042,-0.0016180721946625,-0.0006600242047243,0.0016192605537990038,-0.0008329355742057054,-0.0033764821153244953,2.82614281115e-05,-1.45374682269e-05,-5.89307300472e-05,9086566,-7563451,162028005,750562,-66353,-1496141,0.5438767850579834,-0.4527106735177613,9.698192964070131,0.1735250876312256,-0.015340385124206542,-0.345898137840271,61,0143fe00,43.51460397437,-79.68337482467,160.3817,-37.1,SOL_COMPUTED,INS_PSRSP,good,1.9883,1.2697,1.928,26,22,0.0,0.0,1,0,0,0,0,0,0,0,0,—,—,0.0,0.0,0.0,0.0
2026-05-26 12:13:11.021172,1779811991.021172,2420,231209.0,INS_ALIGNMENT_COMPLETE,good,43.51471100161,-79.68328109509,162.6046,-37.1,0.373363029,-4.903011825,28.761170362,0.3173,0.3639,0.9967,0.9408,3.5702,0.6433,3.6921,0.385,0.2983,0.1172,0.0033432072846584,-7.64594056974e-05,0.0009175301209801,2.4638299117946558e-05,-0.0038616827450802466,-0.005426015280265962,4.300194417e-07,-6.73990785692e-05,-9.47018319043e-05,8117524,-10427829,166579966,76485,-1447136,-1904001,0.48587473592895514,-0.6241581375906373,9.970650778649293,0.017682838096618653,-0.33456849829101565,-0.440192736076355,61,013bfe00,43.51465147733,-79.68332584686,161.6884,-37.1,SOL_COMPUTED,INS_PSRSP,good,2.0133,1.3249,1.9491,29,24,0.0,0.0,1,0,0,0,0,0,0,0,0,—,—,0.0,0.0,0.0,0.0
2026-05-26 12:13:12.023009,1779811992.023009,2420,231210.0,INS_ALIGNMENT_COMPLETE,good,43.51478277782,-79.6832084517,164.0379,-37.1,0.203586656,-5.309299367,28.565914652,0.2972,0.338,0.9908,2.4187,4.4443,0.7717,5.0598,0.3636,0.2804,0.1174,-0.0024500750598326,0.016576491544707,0.0047424162816672,0.01379412015649505,0.010386157797166657,0.004219573184500403,0.0002407528141469,0.0001812726501925,7.36454450985e-05,8557256,22937827,174729119,2464332,2958534,1879501,0.5121949130395509,1.3729445870944217,10.458418669685976,0.5697376449279785,0.6839939560089111,0.4345284942855835,61,0134fe00,43.51470475763,-79.68326460659,162.9935,-37.1,SOL_COMPUTED,INS_PSRSP,good,2.0905,1.3253,1.973,28,23,0.0,0.0,1,0,0,0,0,0,0,0,0,—,—,0.0,0.0,0.0,0.0
2026-05-26 12:13:13.020972,1779811993.020972,2420,231211.0,INS_ALIGNMENT_COMPLETE,good,43.51486191802,-79.68312866037,165.3809,-37.1,0.233165072,-5.910476583,27.781814652,0.2837,0.3193,0.9871,3.9747,5.088,0.8329,6.4565,0.3465,0.2647,0.1174,-0.0043038289289513,0.0047204618836455,-0.0001955152667926,0.003623863535085849,0.00444075634810597,0.004243398900543621,6.32483503303e-05,7.75058195534e-05,7.40612822901e-05,-5000266,-1328744,163840116,989469,1598019,1962433,-0.2992911289605713,-0.07953202726806642,9.806656943184816,0.22875884328460694,0.3694516735610962,0.4537018371505737,61,012dfe00,43.51477660872,-79.68319192532,164.431,-37.1,SOL_COMPUTED,INS_PSRSP,good,2.0374,1.3137,1.9963,28,23,0.0,0.0,1,0,0,0,0,0,0,0,0,—,—,0.0,0.0,0.0,0.0
2026-05-26 12:13:14.021676,1779811994.021676,2420,231212.0,INS_ALIGNMENT_COMPLETE,good,43.51494303872,-79.68304941416,166.4608,-37.1,0.212526862,-6.340634693,26.970151778,0.2756,0.3057,0.986,5.6509,5.1144,0.843,7.6217,0.3317,0.2539,0.1182,-0.0087126554838206,0.0054739179247643,0.0011292113902738,8.98571092534947e-05,0.00025416514335187675,0.0051983715050324735,1.5683024128e-06,4.4360185953e-06,9.07286985048e-05,-9876164,-3643026,162749623,-96727,32326,2372428,-0.5911382061193848,-0.2180534724298096,9.741385439410097,-0.0223626577835083,0.007473562454223633,0.5484900335998535,61,0126fe00,43.51485594474,-79.68311199437,165.7728,-37.1,SOL_COMPUTED,INS_PSRSP,good,1.9908,1.2961,2.0175,29,24,0.0,0.0,1,0,0,0,0,0,0,0,0,—,—,0.0,0.0,0.0,0.0
2026-05-26 12:13:15.039279,1779811995.039279,2420,231213.0,INS_ALIGNMENT_COMPLETE,good,43.5150178394,-79.68297941783,166.5634,-37.1,0.093666245,-6.83524874,26.641933202,0.27,0.2949,0.9871,6.9283,4.8523,0.7441,8.4585,0.3146,0.2456,0.1189,-0.0087706324011422,0.0064149547102499,3.37004998061e-05,-0.006490913126591274,-0.0011413291851958313,-0.0017734249612150596,-0.0001132878055201,-1.99199521308e-05,-3.09521046103e-05,-10594176,-4176147,162503735,-3204003,63550,-635694,-0.6341148441796876,-0.24996345201141362,9.726667802964784,-0.7407448036880493,0.01469234962463379,-0.1469683477935791,61,011ffe00,43.51493726146,-79.68303261884,166.8529,-37.1,SOL_COMPUTED,INS_PSRSP,good,1.945,1.2866,2.0405,28,23,0.0,0.0,1,0,0,0,0,0,0,0,0,—,—,0.0,0.0,0.0,0.0
2026-05-26 12:13:16.041069,1779811996.041069,2420,231214.0,INS_ALIGNMENT_COMPLETE,good,43.51510079702,-79.68291613806,166.3199,-37.1,-0.089655157,-7.378047653,27.531407861,0.2645,0.2874,0.9897,8.1382,4.1102,0.6746,9.1172,0.3026,0.2372,0.1196,-0.0137074055487305,0.0032690289252776,-0.0003383774435954,-0.0013414897730621676,0.0033686616617084318,-0.015762380494560035,-2.34134134218e-05,5.87942373826e-05,-0.0002751054375826,-17794075,-10010918,165642033,-602277,1593527,-6537077,-1.0650650976486207,-0.5992039123822023,9.91451076000641,-0.1392425531845093,0.3684131521682739,-1.5113299890975953,61,0118fe00,43.51501216438,-79.68296256633,166.9581,-37.1,SOL_COMPUTED,INS_PSRSP,good,1.864,1.2629,2.0516,28,23,0.0,0.0,1,0,0,0,0,0,0,0,0,—,—,0.0,0.0,0.0,0.0
2026-05-26 12:13:17.037723,1779811997.037723,2420,231215.0,INS_ALIGNMENT_COMPLETE,good,43.51518491611,-79.6828592296,165.6567,-37.1,-0.204982478,-7.049657439,28.96153113,0.2575,0.2793,0.9914,9.1971,3.2995,0.5355,9.7710,0.2947,0.2341,0.1201,-0.0127980992690186,0.0027508902626469,-0.000683240598403,0.006366571083534521,-0.0018972040724474148,-0.012870678380843817,0.0001111176274701,-3.31124576465e-05,-0.0002246357147113,-17309556,-9191841,166018273,2730495,-427746,-5535099,-1.0360641927941896,-0.5501780245523072,9.93703062082184,0.6312728117752076,-0.09889211302185058,-1.2796791457901,61,0111fe00,43.51509497198,-79.68289939897,166.7189,-37.1,SOL_COMPUTED,INS_PSRSP,good,1.8067,1.1968,2.0521,29,24,0.0,0.0,1,0,0,0,0,0,0,0,0,—,—,0.0,0.0,0.0,0.0
2026-05-26 12:13:18.013457,1779811998.013457,2420,231216.0,INS_ALIGNMENT_COMPLETE,good,43.51526896567,-79.68280302457,165.0066,-37.1,-0.094851817,-6.264282032,30.891293856,0.2443,0.266,0.9896,10.1306,2.5812,0.4003,10.4543,0.2893,0.2322,0.1206,-0.0171654837174806,0.0030036825568754,-0.0011052912540978,0.001517263972714759,0.0012142416296726576,-0.01598186665350209,2.64812519458e-05,2.11925143526e-05,-0.0002789361937187,-25356524,-6880642,161629084,841072,848624,-6789226,-1.5177157964147951,-0.41184111248352057,9.674315531058351,0.19445041516113282,0.19619638879394533,-1.569625209640503,61,010afe00,43.51517877656,-79.68284271603,166.0589,-37.1,SOL_COMPUTED,INS_PSRSP,good,1.7656,1.1523,2.0469,29,24,0.0,0.0,1,0,0,0,0,0,0,0,0,—,—,0.0,0.0,0.0,0.0
2026-05-26 12:13:19.025546,1779811999.025546,2420,231217.0,INS_ALIGNMENT_COMPLETE,good,43.51534856058,-79.68275203441,164.2468,-37.1,-0.09480908,-5.545920123,31.876058924,0.2311,0.253,0.9848,11.1441,1.7968,0.2844,11.2880,0.2858,0.2299,0.1215,-0.0186493300075842,0.0040606492897125,0.0019395547771435,0.0029485792092249453,-0.0035868471174121735,0.0034220090980580336,5.14624154569e-05,-6.26022919646e-05,5.97253257944e-05,-27139304,-2884686,165890729,1594514,-970177,1682400,-1.6244241673071291,-0.17266300025573733,9.929396469408266,0.3686413401947021,-0.22429865746307373,0.38896001586914064,61,0103fe00,43.51526237522,-79.68278683367,165.4065,-37.1,SOL_COMPUTED,INS_PSRSP,good,1.7301,1.1224,2.0409,30,25,0.0,0.0,1,0,0,0,0,0,0,0,0,—,—,0.0,0.0,0.0,0.0
2026-05-26 12:13:20.029324,1779812000.029324,2420,231218.0,INS_ALIGNMENT_COMPLETE,good,43.51542220393,-79.68270824385,163.4213,-37.1,-0.234587464,-4.728375298,30.871137036,0.2188,0.2407,0.9766,12.0396,0.955,0.2082,12.0774,0.2827,0.2274,0.1226,-0.0181213488119796,0.0038340845362845,-0.00018397928761,0.018733498167685124,-0.007123882144314471,0.016292865169580926,0.0003269612234429,-0.0001243351989425,0.0002843641417931,-27405675,95518,163268127,8121308,-2627306,7099111,-1.6403678145675662,0.005717233854370118,9.772420517850039,1.8775939660949708,-0.6074161813201905,1.641268620552063,61,00fcfe00,43.51534172934,-79.68273603475,164.6471,-37.1,SOL_COMPUTED,INS_PSRSP,good,1.7045,1.1073,2.0369,30,25,0.0,0.0,1,0,0,0,0,0,0,0,0,—,—,0.0,0.0,0.0,0.0
2026-05-26 12:13:21.022189,1779812001.022189,2420,231219.0,INS_ALIGNMENT_COMPLETE,good,43.5155135711,-79.68265884625,163.7387,-37.1,-0.081848949,-4.41522849,30.349314189,0.2084,0.2311,0.9655,13.1756,0.3973,0.2501,13.1816,0.2857,0.2254,0.1243,-0.028232393840744,0.0096440917362192,0.0025984093943917,-0.0010722161411888095,-0.007848455688207776,0.006343421313126574,-1.87137019568e-05,-0.0001369813929563,0.0001107135877554,-43096903,8321471,169047727,-1720913,-4230535,2752385,-2.579566917754822,0.4980819920785523,10.118358715726014,-0.3978639727706909,-0.9780723732376099,0.6363336384201049,61,00f5fe00,43.51541554026,-79.68269212689,163.8258,-37.1,SOL_COMPUTED,INS_PSRSP,good,1.68,1.0935,2.032,31,26,0.0,0.0,1,0,0,0,0,0,0,0,0,—,—,0.0,0.0,0.0,0.0
2026-05-26 12:13:22.018603,1779812002.018603,2420,231220.0,INS_ALIGNMENT_COMPLETE,good,43.5155912737,-79.68262488174,164.2278,-37.1,-0.028944428,-4.409555,30.368230883,0.1999,0.2217,0.9503,13.7741,-0.5496,0.2847,13.7851,0.2845,0.2209,0.1262,-0.0170948078300935,0.0070784811684689,0.0010953534369607,-0.0023744215054773573,0.0009204091167795949,0.00193668204604533,-4.14414731008e-05,1.60641695532e-05,3.38014782678e-05,-25664608,5027978,167115017,-1857367,841193,940635,-1.5361561770214847,0.3009498318707276,10.002676278461,-0.4294112564163208,0.19447838957977295,0.21746873783111573,61,00eefe00,43.51550698871,-79.68264265169,164.1393,-37.1,SOL_COMPUTED,INS_PSRSP,good,1.7209,1.0964,2.0376,30,25,0.0,0.0,1,0,0,0,0,0,0,0,0,—,—,0.0,0.0,0.0,0.0
2026-05-26 12:13:23.036258,1779812003.036258,2420,231221.0,INS_ALIGNMENT_COMPLETE,good,43.51561792226,-79.68262229397,163.6159,-37.1,0.429126962,-3.682396187,29.59587526,0.194,0.2131,0.9305,12.6436,-1.3679,0.2705,12.7174,0.277,0.2133,0.1283,-0.0117896394796459,0.0033656895512153,-0.0001220320207254,0.0013477876418496323,-0.00240953924232837,-7.047090526860824e-05,2.3523331968e-05,-4.20543932347e-05,-1.2299493238e-06,-17363761,626882,163829685,340885,-606539,74407,-1.039308635318909,0.037522048128051766,9.806032595246888,0.07881041072845459,-0.14022790006256103,0.01720241791534424,61,00e8fe00,43.51558468581,-79.68260868606,164.627,-37.1,SOL_COMPUTED,INS_PSRSP,good,1.7487,1.0996,2.0442,30,25,0.0,0.0,1,0,0,0,0,0,0,0,0,—,—,0.0,0.0,0.0,0.0
2026-05-26 12:13:24.057290,1779812004.057290,2420,231222.0,INS_ALIGNMENT_COMPLETE,good,43.51562480159,-79.68262309948,163.2147,-37.1,0.815062959,-2.88448666,28.677571832,0.1929,0.2086,0.9102,10.8566,-1.4652,0.3426,10.9550,0.2658,0.2022,0.1301,0.0014511643097062,0.0013051137573087,4.04046037508e-05,-0.001509210326519396,-0.003971137616023043,-6.10411109411653e-06,-2.63406893029e-05,-6.93094264495e-05,-1.065368365e-07,2748712,-631297,164027664,-817030,-1089936,127781,0.1645242708422852,-0.03778630813629151,9.81788263650879,-0.1888920600128174,-0.25198616491699216,0.029542142051696776,61,00e0fe00,43.51561143895,-79.68260597579,164.0034,-37.1,SOL_COMPUTED,INS_PSRSP,good,1.7197,1.0885,2.0426,30,25,0.0,0.0,1,0,0,0,0,0,0,0,0,—,—,0.0,0.0,0.0,0.0
2026-05-26 12:13:25.017278,1779812005.017278,2420,231223.0,INS_ALIGNMENT_COMPLETE,good,43.51561281586,-79.68261991965,163.0499,-37.1,1.513529493,-2.068375393,27.631908874,0.1942,0.2063,0.8928,8.8307,-1.3673,0.4209,8.9359,0.2513,0.19,0.1316,-0.0062000861659101,0.0004603123439576,-0.0001113528699684,0.000756641723192979,-0.0006947181583433389,-0.00015908533370556443,1.32058893277e-05,-1.21251192365e-05,-2.7765628648e-06,-12505083,112990,164308164,100833,-86522,8449,-0.7484922619747926,0.006763021139526368,9.834671975650636,0.023311938468933105,-0.020003327682495117,0.0019533542404174807,61,00dafe00,43.51561845182,-79.68260664773,163.5925,-37.1,SOL_COMPUTED,INS_PSRSP,good,1.7012,1.0792,2.0437,30,25,0.0,0.0,1,0,0,0,0,0,0,0,0,—,—,0.0,0.0,0.0,0.0
2026-05-26 12:13:26.021554,1779812006.021554,2420,231224.0,INS_SOLUTION_GOOD,good,43.51559294956,-79.68261466586,163.1254,-37.1,2.011626311,-1.345044872,26.707257361,0.1965,0.2055,0.8795,6.8204,-1.0301,0.4823,6.8978,0.2364,0.1766,0.1268,-5.99583824962e-05,-0.001030260692397,-0.0003874380821063,0.0007415410005128048,-0.00012443286385163593,4.997710540873813e-07,1.29423319975e-05,-2.1717631719e-06,8.7226504e-09,-3620448,-480354,164060093,159295,150401,98117,-0.2167020653027344,-0.028751608606567388,9.81982367564972,0.03682797534942627,0.03477173998260498,0.02268401680755615,61,00d3fe00,43.51560662009,-79.68260329547,163.4095,-37.1,SOL_COMPUTED,INS_PSRSP,good,1.675,1.069,2.0469,31,26,0.0,0.0,1,0,0,0,0,0,0,0,0,—,—,0.0,0.0,0.0,0.0
2026-05-26 12:13:27.036230,1779812007.036230,2420,231225.0,INS_SOLUTION_GOOD,good,43.5155647774,-79.68260659546,163.1957,-37.1,2.455793108,-0.698923374,25.896776608,0.1989,0.2054,0.8713,4.8946,-0.6271,0.5061,4.9346,0.2247,0.1675,0.122,0.001813091672421,-0.0023421652000865,-0.0003698488836025,0.00047616918510886566,-0.001215317876196258,8.607980875133596e-05,8.3107200767e-06,-2.1211298398e-05,1.5023760822e-06,-1848503,-811646,163692609,-3546,-139801,129684,-0.11064222378509524,-0.0485811050164795,9.7978279055777,-0.0008198123016357422,-0.03232108843231201,0.02998210336303711,61,00cbfe00,43.515586898,-79.6825978999,163.472,-37.1,SOL_COMPUTED,INS_PSRSP,good,1.6553,1.0565,2.0509,31,26,0.0,0.0,1,0,0,0,0,0,0,0,0,—,—,0.0,0.0,0.0,0.0
2026-05-26 12:13:28.024853,1779812008.024853,2420,231226.0,INS_SOLUTION_GOOD,good,43.5155312764,-79.68259670357,163.1033,-37.1,2.836042925,-0.129859379,25.248965798,0.2006,0.2053,0.868,3.125,-0.2455,0.485,3.1346,0.2163,0.163,0.1165,0.0021414598906424,-0.0031145587117559,-0.0002086065279694,0.000743538921057602,-0.0005840740652021382,-4.090436607208677e-05,1.29772022892e-05,-1.01940155133e-05,-7.139158664e-07,-2851923,-372541,164053371,83829,69459,70051,-0.17070196953094485,-0.02229845701690674,9.819421330060731,0.019380723472595215,0.01605847226715088,0.016195338844299318,61,00c5fe00,43.51555885476,-79.68258970712,163.5308,-37.1,SOL_COMPUTED,INS_PSRSP,good,1.6358,1.042,2.0536,31,26,0.0,0.0,1,0,0,0,0,0,0,0,0,—,—,0.0,0.0,0.0,0.0
2026-05-26 12:13:29.038177,1779812009.038177,2420,231227.0,INS_SOLUTION_GOOD,good,43.51549896905,-79.68258677901,163.2098,-37.1,3.106292926,0.326863819,24.81380845,0.2015,0.2053,0.8687,1.6068,0.073,0.4522,1.6085,0.2119,0.1635,0.1114,0.0025729110022093,-0.0035942796937499,-0.0001989836353698,0.0006556064482737917,-0.0006722996555735986,-9.052404963661624e-05,1.14424911197e-05,-1.17338425498e-05,-1.5799427184e-06,-2408042,-253383,164121232,52066,-10052,93778,-0.14413345385314943,-0.015166249981384279,9.823483153032228,0.012037322982788087,-0.0023239574890136718,0.0216808680267334,61,00befe00,43.51552545683,-79.68257971797,163.4284,-37.1,SOL_COMPUTED,INS_PSRSP,good,1.6081,1.0225,2.0329,33,28,0.0,0.0,1,0,0,0,0,0,0,0,0,—,—,0.0,0.0,0.0,0.0
2026-05-26 12:13:30.029863,1779812010.029863,2420,231228.0,INS_SOLUTION_GOOD,good,43.51546758742,-79.68257749696,163.2866,-37.1,3.284105631,0.696885285,24.558749916,0.2016,0.2056,0.8715,0.2964,0.3217,0.3989,0.4374,0.2113,0.1677,0.1074,0.0029061785228194,-0.0043664876594718,4.92847856435e-05,0.0006415680569147013,-0.000733116704991958,4.070732295279765e-05,1.11974749688e-05,-1.27953003035e-05,7.104768152e-07,-2540147,-487172,163751867,9256,-87569,114581,-0.15204060411102296,-0.02915970027954102,9.801374795627138,0.002139927429199219,-0.02024538732147217,0.02649038729095459,61,00b7fe00,43.51549321657,-79.68256972967,163.5277,-37.1,SOL_COMPUTED,INS_PSRSP,good,1.5862,1.0081,2.0119,33,28,0.0,0.0,1,0,0,0,0,0,0,0,0,—,—,0.0,0.0,0.0,0.0
2026-05-26 12:13:31.027483,1779812011.027483,2420,231229.0,INS_SOLUTION_GOOD,good,43.51543554534,-79.68256969811,163.0831,-37.1,3.3789105,1.002544396,24.453940244,0.2005,0.2055,0.8741,-0.8604,0.4894,0.3184,0.9898,0.2119,0.1732,0.1037,0.00318356070177,-0.0048868606499181,-0.0001414891816626,0.0005429662592119995,-0.0005796546418118668,-2.3944035231282383e-06,9.4765489505e-06,-1.01168820241e-05,-4.17902251e-08,-2793831,-378933,164429491,15725,128870,98276,-0.16722487045989992,-0.02268105044219971,9.841934008271181,0.003635518455505371,0.029793911819458008,0.022720776580810547,61,00b0fe00,43.51546186939,-79.68256041256,163.5999,-37.1,SOL_COMPUTED,INS_PSRSP,good,1.5809,1.0037,2.011,33,27,0.0,0.0,1,0,0,0,0,0,0,0,0,—,—,0.0,0.0,0.0,0.0
2026-05-26 12:13:32.043307,1779812012.043307,2420,231230.0,INS_SOLUTION_GOOD,good,43.5154056604,-79.68256347222,162.6925,-37.1,3.390219158,1.224534176,24.466552286,0.1982,0.2051,0.8744,-1.8242,0.5772,0.2234,1.9133,0.2127,0.1783,0.1004,0.0034573868988628,-0.0053775579768095,8.71952303444e-05,0.0009345060306838629,-0.0006279992561896202,0.00020057184088302575,1.63102071152e-05,-1.09606547206e-05,3.5006390102e-06,-2698559,-189444,165085918,87331,-129697,112875,-0.16152236094573977,-0.011339178482666017,9.881224473600465,0.020190363258361817,-0.029985108879089357,0.02609597110748291,61,00a9fe00,43.51542983408,-79.68255260257,163.3938,-37.1,SOL_COMPUTED,INS_PSRSP,good,1.575,1.0034,2.0065,33,27,0.0,0.0,1,0,0,0,0,0,0,0,0,—,—,0.0,0.0,0.0,0.0
2026-05-26 12:13:33.022271,1779812013.022271,2420,231231.0,INS_SOLUTION_GOOD,good,43.5153807645,-79.68255989493,162.4996,-37.1,3.315511668,1.349951744,24.556922559,0.1949,0.2042,0.8709,-2.5554,0.5783,0.1456,2.6200,0.2129,0.1814,0.0965,0.0031851598469226,-0.0056111158189822,-0.0004730219759433,0.0008531921770670572,-0.0005972754508224384,-4.8046474264989836e-05,1.48910126421e-05,-1.04244231582e-05,-8.385691699e-07,-2671656,-228566,163847166,84255,-41878,74324,-0.1599120807641602,-0.013680827416381838,9.807078921227419,0.019479211921691896,-0.00968192317199707,0.017183228851318358,61,00a2fe00,43.51539993589,-79.68254638424,163.003,-37.1,SOL_COMPUTED,INS_PSRSP,good,1.5677,1.0072,1.9989,35,29,0.0,0.0,1,0,0,0,0,0,0,0,0,—,—,0.0,0.0,0.0,0.0
2026-05-26 12:13:34.023697,1779812014.023697,2420,231232.0,INS_SOLUTION_GOOD,good,43.51536063628,-79.68255980466,162.3241,-37.1,3.162407,1.391475273,24.68143149,0.1913,0.2029,0.8631,-3.0742,0.4911,0.081,3.1132,0.2117,0.1823,0.0928,0.002802900975113,-0.0056952836493012,-0.0002253386987525,0.0004312964873698021,-0.00061855721022543,-0.0002803930597966548,7.5275437569e-06,-1.07958599304e-05,-4.8937820932e-06,-2930134,-291762,164305273,-81786,-54819,-30721,-0.17538329218200685,-0.017463426619262697,9.834498934725648,-0.01890839506530762,-0.012673798805236816,-0.00710249681854248,61,009cfe00,43.51537501569,-79.68254282802,162.8121,-37.1,SOL_COMPUTED,INS_PSRSP,good,1.5545,1.0093,1.9625,35,29,0.0,0.0,1,0,0,0,0,0,0,0,0,—,—,0.0,0.0,0.0,0.0
2026-05-26 12:13:35.023634,1779812015.023634,2420,231233.0,INS_SOLUTION_GOOD,good,43.51534438539,-79.68256165717,162.1935,-37.1,2.967764518,1.362099299,24.771654299,0.1879,0.2015,0.852,-3.4192,0.3629,0.0289,3.4384,0.21,0.1812,0.0894,0.0024800504775239,-0.0054654225395702,-0.0002117126577033,0.0004995524663168712,-0.0004142471190652514,-0.00017170923951290257,8.7188353237e-06,-7.2299761446e-06,-2.9968915856e-06,-2861626,-287756,164552991,-9716,-11211,61573,-0.17128274299865726,-0.01722364732299805,9.849326105896912,-0.0022462764587402343,-0.002591910804748535,0.014235279991149902,61,0095fe00,43.51535486093,-79.68254276628,162.6407,-37.1,SOL_COMPUTED,INS_PSRSP,good,1.5307,1.0116,1.9169,35,30,0.0,0.0,1,0,0,0,0,0,0,0,0,—,—,0.0,0.0,0.0,0.0
2026-05-26 12:13:36.023071,1779812016.023071,2420,231234.0,INS_SOLUTION_GOOD,good,43.51533074087,-79.68256460518,162.0766,-37.1,2.673985339,1.274238888,24.799058457,0.1851,0.2003,0.8388,-3.6926,0.3394,-0.0134,3.7082,0.2085,0.1783,0.0865,0.0052566727719592,-0.005469442585292,-7.18866818648e-05,0.0012301010229237197,-0.00040264805591035466,0.0003223107139448892,2.14693129822e-05,-7.0275343024e-06,5.6253831728e-06,2767448,-623329,164287196,267845,104656,297401,0.16564571489990237,-0.037309383165588385,9.833416935140383,0.06192403438568115,0.02419579138183594,0.06875719072723388,61,008efe00,43.51533859523,-79.68254464317,162.5153,-37.1,SOL_COMPUTED,INS_PSRSP,good,1.5104,1.0152,1.8681,34,30,0.0,0.0,1,0,0,0,0,0,0,0,0,—,—,0.0,0.0,0.0,0.0
2026-05-26 12:13:37.025718,1779812017.025718,2420,231235.0,INS_SOLUTION_GOOD,good,43.51532314878,-79.68256347503,161.7228,-37.1,2.425642111,1.068952567,24.669289291,0.1828,0.1986,0.8244,-3.8122,0.4858,-0.0658,3.8430,0.2051,0.1739,0.084,0.0056518459909746,-0.0052198553940421,-0.0003935123743108,0.0001420533939692711,-0.0011253170926132847,-7.688617583557419e-05,2.4792994384e-06,-1.96404883951e-05,-1.3419169176e-06,4543144,-787451,164726658,-249310,-268644,90264,0.27193007267822267,-0.04713291228729249,9.859720951389772,-0.057638862075805666,-0.06210875802612305,0.02086845391845703,61,0087fe00,43.51532495408,-79.6825476119,162.4062,-37.1,SOL_COMPUTED,INS_PSRSP,good,1.4997,1.0186,1.8268,34,30,0.0,0.0,1,0,0,0,0,0,0,0,0,—,—,0.0,0.0,0.0,0.0
2026-05-26 12:13:38.020822,1779812018.020822,2420,231236.0,INS_SOLUTION_GOOD,good,43.51531762275,-79.68255870197,161.4358,-37.1,2.141813238,0.806121735,24.510053769,0.1814,0.1972,0.8111,-3.9847,0.9658,-0.0947,4.1001,0.2027,0.1692,0.0819,0.0070545614583655,-0.0044600683451695,-2.24375705776e-05,-0.00010481569833353799,0.0034769973862450324,-0.00016193007787880252,-1.8293790437e-06,6.06850524733e-05,-2.826213017e-06,6645999,-312641,164448606,-371580,1613718,-26285,0.3977965459799195,-0.018713140030822757,9.843078137389528,-0.08590689651489258,0.37308118098449705,-0.006076922264099121,61,0080fe00,43.51531740506,-79.68254647395,162.059,-37.1,SOL_COMPUTED,INS_PSRSP,good,1.4698,1.0148,1.7835,34,31,0.0,0.0,1,0,0,0,0,0,0,0,0,—,—,0.0,0.0,0.0,0.0
2026-05-26 12:13:39.028724,1779812019.028724,2420,231237.0,INS_SOLUTION_GOOD,good,43.51531469264,-79.68254844212,161.1815,-37.1,1.593241933,0.273110221,24.258721757,0.1807,0.1961,0.7997,-4.0919,1.6044,-0.1424,4.3952,0.2018,0.1653,0.0803,0.0227132326725238,-0.00647607093446,0.0028066817075952,-0.0034101887337935856,-0.01574543024712898,0.00014601292868863337,-5.95190215192e-05,-0.0002748095999559,2.5484063561e-06,35520805,-6814848,169296678,-1384389,-7094607,-18067,2.126099257527161,-0.4079030098828126,10.133259688163454,-0.32006179708099364,-1.640227324836731,-0.004176973731994629,61,0079fe00,43.51531193175,-79.68254169049,161.7796,-37.1,SOL_COMPUTED,INS_PSRSP,good,1.4475,1.0095,1.7459,34,31,0.0,0.0,1,0,0,0,0,0,0,0,0,—,—,0.0,0.0,0.0,0.0
2026-05-26 12:13:40.038650,1779812020.038650,2420,231238.0,INS_SOLUTION_GOOD,good,43.51531187687,-79.68251975898,161.0098,-37.1,1.049075026,-0.296892857,24.035246366,0.1981,0.2113,0.7942,-4.6773,3.4846,-0.1262,5.8326,0.2019,0.1621,0.079,0.0184760417813363,-0.0062763577766599,0.0023238701822132,-0.0031640237254328715,-0.005170304062471734,-0.0006305656916028096,-5.52226316201e-05,-9.02388292195e-05,-1.10054474686e-05,32129729,-7006646,164108733,-2104187,-1618972,2138,1.9231262628042605,-0.4193830871331788,9.822735024868471,-0.4864744465713501,-0.37429587185668944,0.0004942917938232422,61,0072fe00,43.51530909442,-79.68253141835,161.5398,-37.1,SOL_COMPUTED,INS_PSRSP,good,1.4336,1.0043,1.7145,34,31,0.0,0.0,1,0,0,0,0,0,0,0,0,—,—,0.0,0.0,0.0,0.0
2026-05-26 12:13:41.028016,1779812021.028016,2420,231239.0,INS_SOLUTION_GOOD,good,43.5153171018,-79.6824752572,160.9762,-37.1,0.221768703,-0.672258415,23.660007756,0.2199,0.2309,0.7922,-4.6045,4.6113,-0.0032,6.5166,0.2088,0.1637,0.079,0.0117705136856343,-0.0038581166566008,-0.0009716987837385,0.006199601848757422,-0.000239701657736702,-0.0003397625147527606,0.0001082034645737,-4.18358315e-06,-5.9299745573e-06,20649666,-3700174,164880232,2443246,-322744,27484,1.235986615471802,-0.22147406834167482,9.868913129533693,0.5648626978912353,-0.0746163286743164,0.006354123321533203,61,006cfe00,43.5153063701,-79.682502726,161.3825,-37.1,SOL_COMPUTED,INS_PSRSP,good,1.4274,0.9998,1.6878,34,31,0.0,0.0,1,0,0,0,0,0,0,0,0,—,—,0.0,0.0,0.0,0.0
2026-05-26 12:13:42.015692,1779812022.015692,2420,231240.0,INS_SOLUTION_GOOD,good,43.51533782602,-79.68242106327,161.1439,-37.1,2.195859848,-0.772471776,22.110520077,0.2424,0.2517,0.7913,-3.8295,5.4129,-0.0936,6.6306,0.2144,0.1664,0.0791,0.0067638367383815,0.0021247869038304,-0.0007158392079365,-0.007317092118589635,0.061737994861037974,0.016136632843291757,-0.0001277073491413,0.001077531283906,0.0002816373733013,4990743,-2686741,174041740,-2641231,25674702,6824817,0.29872112940032963,-0.1608149940652466,10.417275571112063,-0.610635551399231,5.935825307510376,1.5778536190109254,61,0064fe00,43.51531171933,-79.68245822412,161.3706,-37.1,SOL_COMPUTED,INS_PSRSP,good,1.4245,0.9968,1.6659,33,30,0.0,0.0,1,0,0,0,0,0,0,0,0,—,—,0.0,0.0,0.0,0.0
2026-05-26 12:13:43.024733,1779812023.024733,2420,231241.0,INS_SOLUTION_GOOD,good,43.51537854554,-79.68235920455,161.2422,-37.1,1.19595625,-1.1313218,19.909437198,0.2618,0.2702,0.7906,-2.6111,6.1312,-0.1644,6.6640,0.221,0.1707,0.0794,0.0106321065297751,0.001681408118937,-0.0034145426397453,0.004189845378935556,-0.019623022723085637,0.009853264345426306,7.3126597012e-05,-0.000342486355712,0.0001719719048973,18021886,7341123,155604986,856327,-8246081,4265241,1.0787007345086672,0.4394032218502808,9.313742895244753,0.19797727265167236,-1.9064406779708862,0.986096176322937,61,005efe00,43.5153327391,-79.68240369034,161.4863,-37.1,SOL_COMPUTED,INS_PSRSP,good,1.4281,0.9961,1.6474,33,30,0.0,0.0,1,0,0,0,0,0,0,0,0,—,—,0.0,0.0,0.0,0.0
2026-05-26 12:13:44.027861,1779812024.027861,2420,231242.0,INS_SOLUTION_GOOD,good,43.51543188026,-79.68228401159,160.6693,-37.1,0.848598731,-1.602147523,18.332387041,0.2799,0.2882,0.7911,-1.3203,6.9476,-0.0905,7.0719,0.2286,0.1786,0.0801,0.0074731749206576,-0.0015818341083855,-0.0007956353206517,0.007980954042730524,-0.0038477284179398888,-0.0022686222409209786,0.0001392939254962,-6.71555296157e-05,-3.95949275881e-05,10721371,-3396802,164329428,3586624,-1229256,-1113654,0.641728106183777,-0.20331572469055179,9.835944733253175,0.8292043081054687,-0.2841960492553711,-0.2574696133575439,61,0057fe00,43.51537399151,-79.68234163622,161.6111,-37.1,SOL_COMPUTED,INS_PSRSP,good,1.4361,0.9977,1.6333,33,30,0.0,0.0,1,0,0,0,0,0,0,0,0,—,—,0.0,0.0,0.0,0.0
2026-05-26 12:13:45.018261,1779812025.018261,2420,231243.0,INS_SOLUTION_GOOD,good,43.51548977498,-79.68220048307,160.1711,-37.1,-0.880133299,-2.850258044,18.847796964,0.2961,0.3049,0.7738,0.0381,7.2566,0.1624,7.2567,0.2405,0.1918,0.0816,-0.0028167030921271,-0.0017880049955209,-0.0013861667334954,-0.009494233833067061,-0.0014651816334506917,-0.006690259581658097,-0.0001657056403415,-2.55722436435e-05,-0.0001167670575132,-86220,-6075351,164336026,-4088573,-255255,-2821828,-0.005160701678466798,-0.36364038625579836,9.836339656817017,-0.9452516755599976,-0.05901330768585205,-0.6523884115905761,61,0050fe00,43.51542771559,-79.68226629092,161.0472,-37.1,SOL_COMPUTED,INS_PSRSP,good,1.4608,1.0086,1.644,32,29,0.0,0.0,1,0,0,0,0,0,0,0,0,—,—,0.0,0.0,0.0,0.0
2026-05-26 12:13:46.049539,1779812026.049539,2420,231244.0,INS_ALIGNMENT_COMPLETE,good,43.5155701115,-79.68211172788,160.6055,-37.1,-1.529789376,-3.565300904,18.27252123,0.3151,0.3243,0.777,1.8737,7.2436,0.2033,7.4820,0.2518,0.2121,0.0821,0.0020330414693599,0.0036587658279526,-0.0008740654633035,-0.002435278101084449,-0.002188352939681848,-7.760685013159079e-05,-4.25036210657e-05,-3.81939639932e-05,-1.3544950569e-06,9765394,-3834140,163747587,-710222,127685,139156,0.5845080631719971,-0.22949260883178715,9.8011186160495,-0.16419874012756347,0.02951994747161865,0.03217196859741211,61,004afe00,43.5154856135,-79.68218291653,160.5938,-37.1,SOL_COMPUTED,INS_PSRSP,good,1.5196,1.0384,1.6756,27,24,0.0,0.0,1,0,0,0,0,0,0,0,0,—,—,0.0,0.0,0.0,0.0
2026-05-26 12:13:47.025286,1779812027.025286,2420,231245.0,INS_ALIGNMENT_COMPLETE,good,43.51568658014,-79.68202027125,160.9113,-37.1,-2.175579103,-4.648179017,17.023585139,0.333,0.3446,0.7847,4.3902,7.3579,0.2365,8.5681,0.2632,0.2297,0.082,-3.54551682555e-05,0.0035272319382662,-0.0015256482472535,0.0030415876206947457,-0.0018191385273795629,-0.00039364405348959623,5.30857184691e-05,-3.17499568527e-05,-6.8703848143e-06,7034448,-562956,161984764,1532011,-131138,-345906,0.4210471769970704,-0.033695754744873053,9.695604772220461,0.3541910502090454,-0.03031825877380371,-0.07997123350524903,61,0042fe00,43.51556615175,-79.68209413561,161.0449,-37.1,SOL_COMPUTED,INS_PSRSP,good,1.5805,1.1272,1.7261,25,22,0.0,0.0,1,0,0,0,0,0,0,0,0,—,—,0.0,0.0,0.0,0.0
2026-05-26 12:13:48.029373,1779812028.029373,2420,231246.0,INS_ALIGNMENT_COMPLETE,good,43.5158005695,-79.68192647936,160.8789,-37.1,-2.56259544,-5.620212478,16.501623303,0.352,0.3659,0.7965,6.5508,7.4918,0.1748,9.9519,0.2739,0.2468,0.0821,0.0008676681155881,0.0065658904546332,-0.0010290143813426,-0.006021463222945538,-0.005880193854018209,-0.0024407929626608467,-0.0001050943590283,-0.0001026287434083,-4.2599873558e-05,11137653,-3473055,166639906,-2209863,-1893527,-1077854,0.6666446825711061,-0.20787985117034916,9.974238489837038,-0.5109060553665161,-0.43777121491241455,-0.24919288453674315,61,003bfe00,43.51568299819,-79.68200258894,161.3668,-37.1,SOL_COMPUTED,INS_PSRSP,good,1.6463,1.2182,1.7727,24,22,0.0,0.0,1,0,0,0,0,0,0,0,0,—,—,0.0,0.0,0.0,0.0
2026-05-26 12:13:49.019022,1779812029.019022,2420,231247.0,INS_ALIGNMENT_COMPLETE,good,43.5159290721,-79.68184343043,160.8134,-37.1,-2.866340297,-6.364825113,15.842129926,0.3698,0.3848,0.811,8.82,7.3121,0.0776,11.4568,0.2845,0.2657,0.0827,-0.0033446352140929,0.0086807395676029,0.000958158550948,0.004250728776419685,-0.003708431167016118,0.007983384832201993,7.41892127579e-05,-6.47243339481e-05,0.0001393363507759,4239428,2581881,164739475,1786601,-1432509,3432253,0.2537511388928223,0.154538594413147,9.860488113456727,0.41305061418914796,-0.3311868303451538,0.7935147297592163,61,0036fe00,43.51579718315,-79.6819087605,161.3434,-37.1,SOL_COMPUTED,INS_PSRSP,good,1.687,1.3029,1.8091,24,22,0.0,0.0,1,0,0,0,0,0,0,0,0,—,—,0.0,0.0,0.0,0.0
2026-05-26 12:13:50.037142,1779812030.037142,2420,231248.0,INS_ALIGNMENT_COMPLETE,good,43.51606966362,-79.68177220617,160.1503,-37.1,-3.128791801,-7.029385044,14.430869451,0.3828,0.4002,0.8255,11.3044,6.9816,-0.1112,13.2865,0.2935,0.2777,0.084,-0.0045899614219749,0.0159674054431162,-0.0004951318748722,0.00010470582495017459,-0.0022321865782531786,0.00959984639251916,1.8274613914e-06,-3.89590053094e-05,0.0001675489272354,4543041,6482976,161064616,-668303,-671550,4133144,0.2719239076089478,0.3880387975488282,9.640529275490724,-0.1545073380203247,-0.1552580234527588,0.9555562029418946,61,002efe00,43.51592590046,-79.68182566589,161.2853,-37.1,SOL_COMPUTED,INS_PSRSP,good,1.7131,1.4157,1.8521,24,22,0.0,0.0,1,0,0,0,0,0,0,0,0,—,—,0.0,0.0,0.0,0.0
2026-05-26 12:13:51.024370,1779812031.024370,2420,231249.0,INS_ALIGNMENT_COMPLETE,good,43.51620362147,-79.68167642343,159.1309,-37.1,-2.852636009,-7.726777701,13.886217065,0.3954,0.4138,0.8394,13.1253,7.1338,-0.3355,14.9387,0.3093,0.2959,0.0861,-0.0034644258611178,0.0103518450762979,-0.000713633221825,0.0015017667698580175,0.010131380167833251,0.003772771742200728,2.62107747311e-05,0.0001768259417002,6.58472888277e-05,2900499,-2404520,164085272,933046,4324671,1578686,0.1736094880270386,-0.14392264439697267,9.821330765739747,0.21571421003723146,0.9998360085525513,0.3649820088043213,61,0028fe00,43.51606686906,-79.68175434697,160.6281,-37.1,SOL_COMPUTED,INS_PSRSP,good,1.7065,1.4723,1.8903,23,21,0.0,0.0,1,0,0,0,0,0,0,0,0,—,—,0.0,0.0,0.0,0.0
2026-05-26 12:13:52.022645,1779812032.022645,2420,231250.0,INS_ALIGNMENT_COMPLETE,good,43.51633953615,-79.68158659394,157.8532,-37.1,-2.574771481,-8.007750166,13.908141098,0.4061,0.4243,0.8519,14.6993,6.7757,-0.6091,16.1858,0.3223,0.3095,0.0884,-0.0123103238055025,0.0111337883064009,0.0012992745030239,-0.013183789989925464,-0.006504658193736945,-0.006273674671201719,-0.000230100543216,-0.0001135277021977,-0.0001094962792116,-11020041,-643364,164877226,-6875368,-4838958,-2765652,-0.6596050114297486,-0.03850857892211915,9.868733205278932,-1.5895406837768555,-1.1187358419342042,-0.6394008831481933,61,0021fe00,43.51620098558,-79.68165848611,159.6007,-37.1,SOL_COMPUTED,INS_PSRSP,good,1.7783,1.5855,1.931,22,20,0.0,0.0,1,0,0,0,0,0,0,0,0,—,—,0.0,0.0,0.0,0.0
2026-05-26 12:13:53.020635,1779812033.020635,2420,231251.0,INS_ALIGNMENT_COMPLETE,good,43.51647794139,-79.68149944224,156.5788,-37.1,-2.693348401,-8.556946437,14.452905835,0.4129,0.4321,0.8633,15.8167,6.4502,-0.7497,17.0814,0.3271,0.3068,0.0955,-0.0049101213279731,0.0086741619179135,0.0029655986214941,-0.0001846963252298622,0.004133518544026027,-0.004077960936566539,-3.2235589916e-06,7.21435082856e-05,-7.11738451109e-05,-156126,-7613933,159471033,160464,3405489,-1629912,-0.009344928209838869,-0.4557322757229615,9.545145298885805,0.03709824060058594,0.787327065788269,-0.3768251292114258,61,001afe00,43.51633690132,-79.6815686269,158.3156,-37.1,SOL_COMPUTED,INS_PSRSP,good,1.8366,1.6817,1.9709,24,22,0.0,0.0,1,0,0,0,0,0,0,0,0,—,—,0.0,0.0,0.0,0.0
2026-05-26 12:13:54.028803,1779812034.028803,2420,231252.0,INS_ALIGNMENT_COMPLETE,good,43.51660630268,-79.68140526362,155.4956,-37.1,-2.376289722,-8.710274518,14.88289066,0.4192,0.436,0.8731,16.5006,6.3048,-0.8752,17.6641,0.3305,0.3058,0.1005,-0.0084019961303297,0.0088770728117819,-0.0011781523871136,-0.005632926757276292,-0.0007682268733168689,-0.0018325202720751717,-9.83131184383e-05,-1.34080883417e-05,-3.19835123573e-05,-5245415,-4077664,166707023,-2026733,122190,-891061,-0.31396453253021245,-0.24406874795898442,9.978255780657655,-0.4685675819320679,0.028249538955688477,-0.20600754915618896,61,0013fe00,43.5164752267,-79.6814815069,157.0435,-37.1,SOL_COMPUTED,INS_PSRSP,good,1.8024,1.6201,1.993,26,24,0.0,0.0,1,0,0,0,0,0,0,0,0,—,—,0.0,0.0,0.0,0.0
2026-05-26 12:13:55.015701,1779812035.015701,2420,231253.0,INS_ALIGNMENT_COMPLETE,good,43.51672864873,-79.68130901926,154.5415,-37.1,-2.020281717,-8.573215095,15.025264746,0.4277,0.4428,0.8832,16.8742,6.1075,-0.9426,17.9455,0.3414,0.31,0.1054,-0.0087990451101504,0.0105277431863878,0.0002068267201774,-0.0033815693138286407,-0.0023894826846903483,-0.001935917622021339,-5.90195184108e-05,-4.17043402673e-05,-3.37881365517e-05,-6996238,-5643586,165349866,-1870955,-1584470,-878474,-0.4187601158612061,-0.3377970742608643,9.897023092095338,-0.4325527142715454,-0.36631923225402835,-0.2030975160369873,61,000dfe00,43.51660348382,-79.6813873257,155.952,-37.1,SOL_COMPUTED,INS_PSRSP,good,1.7556,1.5515,1.9985,27,25,0.0,0.0,1,0,0,0,0,0,0,0,0,—,—,0.0,0.0,0.0,0.0
2026-05-26 12:13:56.024440,1779812036.024440,2420,231254.0,INS_ALIGNMENT_COMPLETE,good,43.51684013887,-79.68120521943,153.7892,-37.1,-1.670057296,-8.280177009,15.291793318,0.4321,0.4433,0.893,16.7036,6.3147,-0.9022,17.8574,0.3417,0.3093,0.1099,-0.0059114867225201,0.0094666618276497,0.000647810781828,-0.004472284362168099,-0.001799701482110776,-0.002020510897577273,-7.80560872054e-05,-3.14107164159e-05,-3.52645677352e-05,-1771758,-3903094,162452618,-2116419,628389,-634452,-0.10604864862487795,-0.2336198533636475,9.723608192808229,-0.4893024059829712,0.14527947896575927,-0.14668120541381835,61,0006fe00,43.51672576932,-79.68129106478,154.9889,-37.1,SOL_COMPUTED,INS_PSRSP,good,1.7993,1.5334,2.0102,23,21,0.0,0.0,1,0,0,0,0,0,0,0,0,—,—,0.0,0.0,0.0,0.0
2026-05-26 12:13:57.022978,1779812037.022978,2420,231255.0,INS_ALIGNMENT_COMPLETE,good,43.51694510683,-79.68109549622,153.226,-37.1,-1.033483128,-8.103633359,15.284960941,0.4323,0.4407,0.9022,16.2857,6.6347,-0.8556,17.5853,0.3427,0.3094,0.1127,-0.0078221708672634,0.0051547253029026,0.0010623623457961,-0.001163327205206138,-0.006958468756067126,-0.003512654670524659,-2.03038900089e-05,-0.0001214481906907,-6.13073894863e-05,-7765420,-12397900,165873427,-395860,-2763181,-1360378,-0.4647995363952637,-0.7420768190612794,9.928360857480165,-0.09152027572631836,-0.6388296039047241,-0.3145106089324951,61,0000fe00,43.51683716054,-79.6811872621,154.2278,-37.1,SOL_COMPUTED,INS_PSRSP,good,1.762,1.4806,2.0178,27,25,0.0,0.0,1,0,0,0,0,0,0,0,0,—,—,0.0,0.0,0.0,0.0
2026-05-26 12:13:58.021091,1779812038.021091,2420,231256.0,INS_ALIGNMENT_COMPLETE,good,43.51704408761,-79.68098199791,152.7652,-37.1,-0.426972082,-7.603865014,15.275945434,0.4308,0.4374,0.9126,15.6559,7.0496,-0.7745,17.1699,0.3428,0.309,0.1136,-0.0044539336688301,0.0042459582295433,-0.0032741562739418,0.0037842954157064506,0.01012389001272066,0.0015151995301370175,6.60484148723e-05,0.000176695213832,2.64452206256e-05,-4274187,-6008214,162821568,1665808,5037936,695923,-0.2558316402804566,-0.35962189833435065,9.745691710371094,0.3851240526123047,1.1647382706298828,0.16089290366363526,61,fff9fe00,43.51694208676,-79.68107749252,153.6483,-37.1,SOL_COMPUTED,INS_PSRSP,good,1.7387,1.4392,2.0188,28,26,0.0,0.0,1,0,0,0,0,0,0,0,0,—,—,0.0,0.0,0.0,0.0
2026-05-26 12:13:59.022533,1779812039.022533,2420,231257.0,INS_ALIGNMENT_COMPLETE,good,43.51714278948,-79.68086445327,152.4296,-37.1,0.036067661,-7.043179699,14.955082638,0.4253,0.4311,0.9229,15.1324,7.425,-0.6811,16.8559,0.3425,0.3085,0.1136,-0.0031504705905569,0.0024858779180438,-0.0019263735064074,0.0037331025937000725,0.008153339565797748,-5.878627659658679e-05,6.51549315749e-05,0.0001423026204565,-1.0260140816e-06,-4887441,-8352976,162508582,1331592,3341892,-39253,-0.2925379839028931,-0.49996772516113286,9.726957920350953,0.30785547161865234,0.7726238500671386,-0.00907504012298584,61,fff2fe00,43.51704100908,-79.68096395937,153.1724,-37.1,SOL_COMPUTED,INS_PSRSP,good,1.7227,1.4099,2.0194,28,26,0.0,0.0,1,0,0,0,0,0,0,0,0,—,—,0.0,0.0,0.0,0.0
2026-05-26 12:14:00.028515,1779812040.028515,2420,231258.0,INS_ALIGNMENT_COMPLETE,good,43.51723712799,-79.68074191011,152.3881,-37.1,0.992374738,-6.539430575,14.89184434,0.4125,0.4201,0.9326,14.4621,7.6699,-0.6685,16.3701,0.3396,0.301,0.1124,-0.0095404049371226,0.0012965809596535,-0.0040620748276918,0.00011171245779381078,0.004807050611751967,-0.002270129088690241,1.949750204e-06,8.38988604852e-05,-3.9621227043e-05,-15713192,-10914401,157434134,662807,2014401,-1003395,-0.9405137593188478,-0.6532819248452759,9.42322662470154,0.15323669831085204,0.4657165031661987,-0.23197844455718994,61,ffebfe00,43.51713972943,-79.68084636971,152.8253,-37.1,SOL_COMPUTED,INS_PSRSP,good,1.7126,1.394,2.0212,28,26,0.0,0.0,1,0,0,0,0,0,0,0,0,—,—,0.0,0.0,0.0,0.0
2026-05-26 12:14:01.029303,1779812041.029303,2420,231259.0,INS_ALIGNMENT_COMPLETE,good,43.51733411242,-79.68061487411,152.7435,-37.1,1.20276012,-6.516632594,15.142068635,0.3969,0.4081,0.9417,13.9187,7.8566,-0.536,15.9830,0.3367,0.291,0.1113,-0.0045876837267435,0.0009983740262524,0.0031614809672958,-0.00905670755279855,-0.012723835017652155,-0.004821530492302348,-0.0001580693661868,-0.0002220728145389,-8.41515820761e-05,-8517297,-13728084,169791872,-3685395,-4646340,-2029726,-0.5098031654360963,-0.8216950375891114,10.162899545585939,-0.8520395254898071,-1.0742038041687012,-0.46925954420471194,61,ffe5fe00,43.51723401251,-79.68072376497,152.7592,-37.1,SOL_COMPUTED,INS_PSRSP,good,1.6927,1.3295,1.9934,26,24,0.0,0.0,1,0,0,0,0,0,0,0,0,—,—,0.0,0.0,0.0,0.0
2026-05-26 12:14:02.023454,1779812042.023454,2420,231260.0,INS_ALIGNMENT_COMPLETE,good,43.51742960717,-79.68049824247,152.9973,-37.1,1.635769901,-5.763468835,15.12498151,0.3792,0.3919,0.9489,13.3581,7.9762,-0.4692,15.5582,0.332,0.2848,0.1103,-0.0026985033054803,0.0038593878252005,-0.0012917403574591,0.0020596203080119548,-0.006790693307351659,0.0022102647383159717,3.59471557158e-05,-0.0001185199567066,3.85763970244e-05,-7505956,-7082362,169176253,224252,-2766741,1019167,-0.4492693079064942,-0.4239150714556885,10.126051644790346,0.05184561428833008,-0.6396526529159546,0.23562482910919189,61,ffdefe00,43.51733092965,-79.68059673423,153.1092,-37.1,SOL_COMPUTED,INS_PSRSP,good,1.6865,1.2568,1.9632,28,26,0.0,0.0,1,0,0,0,0,0,0,0,0,—,—,0.0,0.0,0.0,0.0
2026-05-26 12:14:03.024403,1779812043.024403,2420,231261.0,INS_ALIGNMENT_COMPLETE,good,43.51752273476,-79.68038298736,153.1468,-37.1,1.886999321,-5.700606969,15.310116686,0.3611,0.3758,0.9552,12.7563,8.1354,-0.4147,15.1297,0.326,0.2779,0.1093,-0.0019154572192288,-0.007009220281619,-0.0028175705656956,-0.006551379073723747,0.0018158554727562336,-0.018400201213380107,-0.0001143431353829,3.169265674e-05,-0.0003211440942034,-8069522,-22552145,159512172,-1628533,1871721,-8027297,-0.48300157422668466,-1.349859574977112,9.547607675438234,-0.3765063133163452,0.43272980852508547,-1.8558592299728394,61,ffd8fe00,43.51742637013,-79.68048008794,153.3523,-37.1,SOL_COMPUTED,INS_PSRSP,good,1.6715,1.2161,1.9368,29,27,0.0,0.0,1,0,0,0,0,0,0,0,0,—,—,0.0,0.0,0.0,0.0
2026-05-26 12:14:04.029719,1779812044.029719,2420,231262.0,INS_ALIGNMENT_COMPLETE,good,43.51761173373,-79.6802711203,153.1623,-37.1,2.422829042,-4.455065072,16.468175378,0.3395,0.3567,0.9593,11.868,8.1128,-0.4494,14.3759,0.319,0.2696,0.1079,-0.004406216611288,0.0029161429293943,-0.0021016450663112,0.01936565583830669,-0.007985951708173891,-0.0004647403588245537,0.000337994456187,-0.0001393811512131,-8.1112494284e-06,-11151108,-6243938,161904954,8012655,-3058316,-320203,-0.6674500321545411,-0.3737311681378174,9.690827741358033,1.8524740941238402,-0.7070629100646972,-0.07402886588287354,61,ffd1fe00,43.51751944236,-79.6803648323,153.4952,-37.1,SOL_COMPUTED,INS_PSRSP,good,1.6578,1.1889,1.9122,30,28,0.0,0.0,1,0,0,0,0,0,0,0,0,—,—,0.0,0.0,0.0,0.0
2026-05-26 12:14:05.031468,1779812045.031468,2420,231263.0,INS_ALIGNMENT_COMPLETE,good,43.51769864157,-79.68015948975,153.0981,-37.1,2.269609269,-3.23735661,16.301554659,0.3158,0.3342,0.961,11.4273,8.3302,-0.3782,14.1413,0.3108,0.2642,0.1064,0.0011364888227574,0.0019216805516574,-0.0001701316814841,0.00809165937778919,0.006628767346357961,0.006890352763543662,0.0001412260980925,0.0001156938155428,0.0001202593423479,-4507270,-2594182,164315278,3039076,2453229,2978868,-0.26978283291931154,-0.15527487127868655,9.835097784415895,0.7026147463073731,0.5671707030258178,0.688695045501709,61,ffcafe00,43.51760809187,-79.68025305289,153.4973,-37.1,SOL_COMPUTED,INS_PSRSP,good,1.6435,1.166,1.8882,30,28,0.0,0.0,1,0,0,0,0,0,0,0,0,—,—,0.0,0.0,0.0,0.0
2026-05-26 12:14:06.023534,1779812046.023534,2420,231264.0,INS_ALIGNMENT_COMPLETE,good,43.51778985756,-79.68004419843,153.0173,-37.1,2.277958957,-2.85014001,15.12824132,0.2942,0.3146,0.9623,11.3659,8.6212,-0.373,14.2657,0.3016,0.2545,0.1044,0.0001666877538355,0.0048828171790677,-0.0020216465883631,-0.002790854920976725,-0.005675699821896958,0.009665352777339785,-4.87096073166e-05,-9.90596492471e-05,0.0001686922293316,-5313152,4424879,159170073,-1266963,-1384383,4022496,-0.31801893347656257,0.2648513161947632,9.52713132559479,-0.29291366416168213,-0.3200604099197388,0.9299750998535157,61,ffc4fe00,43.51769498073,-79.68014144266,153.4377,-37.1,SOL_COMPUTED,INS_PSRSP,good,1.6334,1.1677,1.8802,28,26,0.0,0.0,1,0,0,0,0,0,0,0,0,—,—,0.0,0.0,0.0,0.0
2026-05-26 12:14:07.021525,1779812047.021525,2420,231265.0,INS_ALIGNMENT_COMPLETE,good,43.51788683358,-79.67993322844,152.6069,-37.1,2.480916668,-2.992675089,14.376317508,0.2792,0.2962,0.9632,11.3257,8.7447,-0.4364,14.3088,0.2923,0.2545,0.103,-0.0008066059579978,0.0014251904212995,0.003036096588375,0.001108222176175103,-0.006279646474348933,0.005495250757051644,1.93421258179e-05,-0.0001096005068388,9.59102189334e-05,-7090731,-427145,165792289,-247222,-2457202,2232227,-0.4244159982980347,-0.025566781703186037,9.923504339122621,-0.05715612995910645,-0.5680892349700928,0.5160764677505493,61,ffbefe00,43.51778644645,-79.68002605886,153.3568,-37.1,SOL_COMPUTED,INS_PSRSP,good,1.6172,1.1588,1.8723,28,26,0.0,0.0,1,0,0,0,0,0,0,0,0,—,—,0.0,0.0,0.0,0.0
2026-05-26 12:14:08.017673,1779812048.017673,2420,231266.0,INS_ALIGNMENT_COMPLETE,good,43.5179841363,-79.67982420268,152.3349,-37.1,2.504503678,-3.279953272,14.368441614,0.2615,0.2799,0.9635,11.16,8.717,-0.4769,14.1609,0.2818,0.2435,0.1007,-0.0020619301783279,-0.0007238356023856,-0.0035564285571571,-0.0024197570411016367,-0.0012669648608937697,0.0013257413006701804,-4.22327274656e-05,-2.21127083297e-05,2.31385507264e-05,-8804809,-5399682,162363247,-670125,-1213877,369000,-0.5270122081289673,-0.32319819021789553,9.718258887893983,-0.15492857265472412,-0.280640523765564,0.08531041717529297,61,ffb6fe00,43.51788359806,-79.67991501318,152.9411,-37.1,SOL_COMPUTED,INS_PSRSP,good,1.6044,1.2425,1.8937,27,25,0.0,0.0,1,0,0,0,0,0,0,0,0,—,—,0.0,0.0,0.0,0.0
2026-05-26 12:14:09.016643,1779812049.016643,2420,231267.0,INS_ALIGNMENT_COMPLETE,good,43.51808206057,-79.67971985253,152.1113,-37.1,2.450245755,-3.504770016,15.355177459,0.2499,0.2686,0.9648,10.9814,7.9483,-0.4307,13.5561,0.2717,0.2328,0.0983,-0.0130951008139469,-0.0065846448331277,-0.0032813314399948,0.008038914468240073,0.004019965424473797,-0.015790574694722382,0.0001403055257572,7.01616324735e-05,-0.0002755975192054,-29789820,-12191163,159147046,3655025,1685192,-7123841,-1.7830709124938968,-0.7297025673458863,9.52575304355408,0.8450181776046753,0.3896055082397461,-1.646986036857605,61,ffaffe00,43.51798091647,-79.67980598022,152.6684,-37.1,SOL_COMPUTED,INS_PSRSP,good,1.5883,1.2595,1.8957,28,26,0.0,0.0,1,0,0,0,0,0,0,0,0,—,—,0.0,0.0,0.0,0.0
2026-05-26 12:14:10.032987,1779812050.032987,2420,231268.0,INS_ALIGNMENT_COMPLETE,good,43.51817722283,-79.67962875086,151.8692,-37.1,2.608346815,-2.429702404,17.258926105,0.2386,0.2576,0.9657,10.7363,6.6336,-0.5043,12.6203,0.2629,0.2231,0.0962,-0.0145427715169564,-0.0013318789575316,-0.0022077812221252,0.01734504353559924,0.001989109003254299,-0.014373589332642125,0.0003027281185984,3.47165012879e-05,-0.0002508664591845,-27761061,-4918315,157474630,7201225,340156,-6512194,-1.6616394583474734,-0.29438594845428473,9.425650514462282,1.6648767179489137,0.07864187063598632,-1.5055772001800538,61,ffa9fe00,43.51807862574,-79.67970170816,152.4462,-37.1,SOL_COMPUTED,INS_PSRSP,good,1.5727,1.2617,1.8992,29,27,0.0,0.0,1,0,0,0,0,0,0,0,0,—,—,0.0,0.0,0.0,0.0
2026-05-26 12:14:11.019278,1779812051.019278,2420,231269.0,INS_ALIGNMENT_COMPLETE,good,43.5182677458,-79.67954834804,151.6209,-37.1,2.442567272,-0.949756565,18.847997338,0.23,0.248,0.967,10.5965,5.308,-0.4747,11.8516,0.254,0.2152,0.0944,-0.0206957994163882,-0.0062296795469947,-0.0091616393313788,0.0330135215925748,-0.00893394411560476,-0.0128545272429323,0.0005761946494695,-0.0001559267400067,-0.0002243538241768,-33138712,1551955,165190461,12664146,-5165348,-5820591,-1.9835189821459964,0.09289233093719483,9.887481899204408,2.9278687762298583,-1.1941951022644044,-1.3456830526199342,61,ffa3fe00,43.51817329324,-79.67961078611,152.2002,-37.1,SOL_COMPUTED,INS_PSRSP,good,1.5673,1.2531,1.903,28,26,0.0,0.0,1,0,0,0,0,0,0,0,0,—,—,0.0,0.0,0.0,0.0
2026-05-26 12:14:12.020747,1779812052.020747,2420,231270.0,INS_ALIGNMENT_COMPLETE,good,43.51835458393,-79.67947750246,151.3918,-37.1,2.557315065,-0.448413406,19.000048553,0.2236,0.2404,0.9686,10.8706,3.9337,-0.4833,11.5604,0.2483,0.2084,0.0933,-0.0158116795884184,-0.0019400126459582,-0.0027449922830008,0.0007547850494643444,-0.005808573367318072,-0.002494715886482999,1.3173484258e-05,-0.0001013787301035,-4.3541006121e-05,-30239791,-2948741,159585103,449361,-2070964,-928996,-1.810003945374451,-0.17649701493927006,9.551972963470154,0.10388936144256591,-0.4787935035095215,-0.21477787619018554,61,ff9cfe00,43.51826338591,-79.67953058488,151.9565,-37.1,SOL_COMPUTED,INS_PSRSP,good,1.548,1.243,1.9005,28,26,0.0,0.0,1,0,0,0,0,0,0,0,0,—,—,0.0,0.0,0.0,0.0
2026-05-26 12:14:13.026398,1779812053.026398,2420,231271.0,INS_ALIGNMENT_COMPLETE,good,43.51843438135,-79.67941500797,151.2568,-37.1,2.857647862,-0.344894132,18.873308772,0.2204,0.2359,0.9705,10.8145,2.8827,-0.4887,11.1921,0.2452,0.2016,0.0931,-0.0161049037056421,0.0003777820399826,-0.002196902632093,-0.003655503882754818,-0.00047593589005606447,0.0029993890496940383,-6.38005785736e-05,-8.3066483099e-06,5.23492144655e-05,-33687398,3558220,161973686,-1982875,-6209,1279371,-2.0163606054486087,0.21297740578002933,9.69494169807068,-0.4584278955459595,-0.0014354807052612305,0.29578231363677976,61,ff95fe00,43.51835016293,-79.67945975901,151.7243,-37.1,SOL_COMPUTED,INS_PSRSP,good,1.5264,1.2284,1.8946,29,27,0.0,0.0,1,0,0,0,0,0,0,0,0,—,—,0.0,0.0,0.0,0.0
2026-05-26 12:14:14.030532,1779812054.030532,2420,231272.0,INS_SOLUTION_GOOD,good,43.51850083666,-79.67935188813,151.7755,-37.1,3.239760214,0.360370666,18.010467418,0.2188,0.2346,0.9721,10.4635,2.0336,-0.412,10.6593,0.2423,0.1924,0.0936,-0.0014728474445291,0.0015097076807854,-0.0012974339626678,0.009998962564337759,-0.006785172307586729,0.01821257575021587,0.0001745148185316,-0.0001184235970827,0.0003178694121106,-9038298,9067450,160222267,4200978,-2510458,8473567,-0.5409877019146729,0.5427325960845948,9.59011044113495,0.9712389857025147,-0.5804016782684326,1.959033972175598,61,ff8efe00,43.51842997874,-79.6793972333,151.5814,-37.1,SOL_COMPUTED,INS_PSRSP,good,1.5016,1.2093,1.8852,29,27,0.0,0.0,1,0,0,0,0,0,0,0,0,—,—,0.0,0.0,0.0,0.0
2026-05-26 12:14:15.017501,1779812055.017501,2420,231273.0,INS_SOLUTION_GOOD,good,43.51855594422,-79.67929142851,152.1893,-37.1,3.020616863,0.790451489,13.550829408,0.2167,0.2322,0.9724,9.7922,2.7876,-0.3446,10.1813,0.2411,0.1888,0.096,0.0043203910567994,0.0001848719197907,-0.0004164523736923,-0.007567839804540178,-0.004327064884817324,0.03157738297038516,-0.0001320837218529,-7.55215291876e-05,0.0005511293019972,338152,6973331,163169458,-3279787,-1630231,13123192,0.02024010199462891,0.41738901642547616,9.766514680759888,-0.7582655751113891,-0.37689887995147703,3.0339972471313477,61,ff88fe00,43.518496591,-79.67933401337,152.0898,-37.1,SOL_COMPUTED,INS_PSRSP,good,1.4753,1.1318,1.851,30,28,0.0,0.0,1,0,0,0,0,0,0,0,0,—,—,0.0,0.0,0.0,0.0
2026-05-26 12:14:16.021390,1779812056.021390,2420,231274.0,INS_SOLUTION_GOOD,good,43.51860151328,-79.67922370838,152.5878,-37.1,3.089684723,0.96517358,11.485261965,0.2149,0.2307,0.9713,8.5209,4.0102,-0.3326,9.4174,0.2328,0.1874,0.0973,0.0090708195514744,-0.0044465982761208,-4.32850301448e-05,0.0006604140423884265,-2.9933169818948677e-05,0.005766891953265812,1.15263994661e-05,-5.224323689e-07,0.0001006512521914,7965428,351126,163483723,39329,105485,2207741,0.476771023536377,0.02101666130310059,9.785325025378114,0.009092610832214356,0.024387450828552246,0.5104154626693725,61,ff81fe00,43.5185527047,-79.67927317571,152.5094,-37.1,SOL_COMPUTED,INS_PSRSP,good,1.4586,1.0825,1.8223,30,28,0.0,0.0,1,0,0,0,0,0,0,0,0,—,—,0.0,0.0,0.0,0.0
2026-05-26 12:14:17.020974,1779812057.020974,2420,231275.0,INS_SOLUTION_GOOD,good,43.51863411126,-79.67914996932,152.6147,-37.1,3.382528164,1.284392239,11.182743933,0.2138,0.2298,0.9704,7.0275,5.1488,-0.3813,8.7118,0.2248,0.1867,0.0993,0.0083958619904766,-0.0047845969717843,0.0008077588210823,-0.0015450825495674939,-5.666900356299032e-05,-0.004483263459692578,-2.69667777051e-05,-9.89060696e-07,-7.82477086061e-05,7245969,-1056319,164462368,-554955,495117,-1759899,0.4337077752310181,-0.06322601758636476,9.843901862470705,-0.12830201236724853,0.11446785317230225,-0.4068772842178345,61,ff7bfe00,43.51859874606,-79.67920530462,152.9061,-37.1,SOL_COMPUTED,INS_PSRSP,good,1.4617,1.0539,1.8022,29,27,0.0,0.0,1,0,0,0,0,0,0,0,0,—,—,0.0,0.0,0.0,0.0
2026-05-26 12:14:18.024091,1779812058.024091,2420,231276.0,INS_SOLUTION_GOOD,good,43.51866426205,-79.67907373905,152.51,-37.1,3.760955338,1.613202464,11.164033075,0.2141,0.2305,0.9715,5.8764,5.4398,-0.4191,8.0077,0.2218,0.186,0.1015,-0.0022536508182566,-0.0052645774950538,0.0001486215166367,-0.004665264778393088,0.002186498998709795,-0.0027259250080388965,-8.14242308604e-05,3.81616066191e-05,-4.75763665528e-05,-12303318,-355677,162957270,-2340750,1474273,-1235297,-0.7364156095257569,-0.021289061596984866,9.753814159213258,-0.5411662845611572,0.34084239745330813,-0.2855926894454956,61,ff75fe00,43.5186313976,-79.67913153028,152.9253,-37.1,SOL_COMPUTED,INS_PSRSP,good,1.4549,1.0387,1.7859,30,28,0.0,0.0,1,0,0,0,0,0,0,0,0,—,—,0.0,0.0,0.0,0.0
2026-05-26 12:14:19.018644,1779812059.018644,2420,231277.0,INS_SOLUTION_GOOD,good,43.51871194797,-79.67899874192,153.171,-37.1,3.810324241,1.291227304,11.741447339,0.2151,0.2322,0.9747,5.3673,4.9573,-0.3618,7.3063,0.225,0.1871,0.1042,-0.0073867222726913,-0.0060124126525795,0.0007476271394514,-0.0013557765026929647,-0.005310150281590992,-0.012010198784606164,-2.36627638932e-05,-9.26796061896e-05,-0.0002096175126107,-22069750,-2904976,164015571,-599277,-1370893,-5644737,-1.3209858022308352,-0.1738774590478516,9.817158809491884,-0.13854897255706788,-0.31694160903167723,-1.3050267434005738,61,ff6ffe00,43.51866153465,-79.67905527842,152.8105,-37.1,SOL_COMPUTED,INS_PSRSP,good,1.445,1.0295,1.7736,29,27,0.0,0.0,1,0,0,0,0,0,0,0,0,—,—,0.0,0.0,0.0,0.0
2026-05-26 12:14:20.026343,1779812060.026343,2420,231278.0,INS_SOLUTION_GOOD,good,43.51875981875,-79.67893762591,153.8122,-37.1,4.086340546,1.449947859,14.803932596,0.2161,0.2331,0.9784,4.776,3.7908,-0.3095,6.0976,0.2262,0.1895,0.1068,-0.0142080790718651,-0.0113202240619764,-0.0009181787636803,0.014400612621747055,0.005475032255419573,-0.040501309022366684,0.0002513381045541,9.55573395101e-05,-0.000706881193809,-34318426,-10720837,162826488,6487137,3145082,-17658926,-2.0541308125787356,-0.6416961435916139,9.745986197175295,1.4997841835861205,0.7271226489715577,-4.082629658340454,61,ff68fe00,43.51870909843,-79.67898031307,153.4703,-37.1,SOL_COMPUTED,INS_PSRSP,good,1.476,1.0388,1.7867,27,25,0.0,0.0,1,0,0,0,0,0,0,0,0,—,—,0.0,0.0,0.0,0.0
2026-05-26 12:14:21.025603,1779812061.025603,2420,231279.0,INS_SOLUTION_GOOD,good,43.51880380767,-79.67889822691,154.3685,-37.1,3.454518525,1.243169259,20.513276288,0.216,0.2331,0.9819,4.4978,1.9409,-0.1521,4.8987,0.2252,0.1898,0.1094,-0.020216066166678,-0.0089497485666303,-0.0028351587035643,-0.01134569889269001,0.005394756919353497,-0.06797466079422303,-0.0001980198016176,9.41562705876e-05,-0.0011863816387872,-41458321,-8682051,159179745,-5216073,2569119,-28783600,-2.4814895241372685,-0.5196645229440309,9.527710243556214,-1.2059223947067261,0.5939637226638794,-6.65458244934082,61,ff61fe00,43.51875624788,-79.67891941765,154.1041,-37.1,SOL_COMPUTED,INS_PSRSP,good,1.5061,1.0652,1.8014,26,24,0.0,0.0,1,0,0,0,0,0,0,0,0,—,—,0.0,0.0,0.0,0.0
2026-05-26 12:14:22.023637,1779812062.023637,2420,231280.0,INS_SOLUTION_GOOD,good,43.51884356855,-79.67887980161,155.0432,-37.1,3.510643197,1.297858464,25.693654581,0.2159,0.2336,0.985,4.4784,0.3037,-0.1306,4.4887,0.2267,0.1877,0.1119,-0.0084923652536272,-0.0056674180482362,-0.0007692960693856,0.0032475069876444556,-0.0012742410708040032,-0.03765750474576307,5.6679689416e-05,-2.22397021497e-05,-0.0006572474458999,-22250072,-1881932,163694190,1107895,-365363,-16041058,-1.3317789830249025,-0.11264311796752931,9.797922536398318,0.2561381697463989,-0.0844695662612915,-3.708589024154663,61,ff5bfe00,43.51879895257,-79.67888063252,154.6773,-37.1,SOL_COMPUTED,INS_PSRSP,good,1.5227,1.0703,1.8211,27,25,0.0,0.0,1,0,0,0,0,0,0,0,0,—,—,0.0,0.0,0.0,0.0
2026-05-26 12:14:23.053500,1779812063.053500,2420,231281.0,INS_SOLUTION_GOOD,good,43.51887323402,-79.67886753631,155.6865,-37.1,3.528292293,1.71236412,29.226311256,0.2167,0.2347,0.988,4.0593,-0.1329,-0.1115,4.0615,0.2298,0.1856,0.114,-0.0026285259213064,-0.0037761965247116,-0.0020014329186586,-0.007439884643257861,-0.0056215163024081255,-0.032469945426630994,-0.0001298504829936,-9.81139684317e-05,-0.0005667074556384,-12549019,2477138,162079050,-3369820,-2030657,-14429315,-0.7511220530783083,0.14826919780090334,9.701248264663697,-0.7790806233215332,-0.4694747853927612,-3.335964450416565,61,ff54fe00,43.51883757398,-79.67886287946,155.3505,-37.1,SOL_COMPUTED,INS_PSRSP,good,1.5424,1.0616,1.8372,26,24,0.0,0.0,1,0,0,0,0,0,0,0,0,—,—,0.0,0.0,0.0,0.0
2026-05-26 12:14:24.021156,1779812064.021156,2420,231282.0,INS_SOLUTION_GOOD,good,43.51889367736,-79.67885792911,156.382,-37.1,3.562465903,1.65588082,31.56955188,0.2182,0.2359,0.991,3.7277,-0.7266,-0.037,3.7979,0.2283,0.1844,0.1142,-0.0096623839802259,-0.004205069214964,-0.000386774646015,0.002467087765253248,-0.002499251280581817,-0.014513720765774401,4.30588044394e-05,-4.36201636809e-05,-0.0002533122140782,-23627242,1513853,164243695,1036764,-779283,-6022745,-1.4142095505328371,0.090611734145813,9.83081318097992,0.2396931418762207,-0.18016519736480713,-1.3924197520065307,61,ff4efe00,43.51886647447,-79.67885116585,155.9932,-37.1,SOL_COMPUTED,INS_PSRSP,good,1.5563,1.0536,1.8509,27,25,0.0,0.0,1,0,0,0,0,0,0,0,0,—,—,0.0,0.0,0.0,0.0
2026-05-26 12:14:25.020470,1779812065.020470,2420,231283.0,INS_SOLUTION_GOOD,good,43.51890285741,-79.67885147276,156.8123,-37.1,3.655847059,1.85802351,31.793735001,0.2207,0.2382,0.9939,3.1218,-0.9558,-0.0052,3.2648,0.2282,0.1847,0.1142,0.001914328931702,-0.0041447682300542,0.0007181259259051,0.0008308508272298343,-0.002713065962936477,0.0014691407847352385,1.45010825281e-05,-4.73519338771e-05,2.5641343869e-05,-3540315,2467321,165259635,206222,-1067145,509206,-0.2119057012619019,0.1476816008584595,9.8916223118454,0.04767719471740723,-0.24671703289031982,0.11772513899230957,61,ff47fe00,43.51888643835,-79.6788419477,156.6877,-37.1,SOL_COMPUTED,INS_PSRSP,good,1.5375,1.0429,1.8298,28,26,0.0,0.0,1,0,0,0,0,0,0,0,0,—,—,0.0,0.0,0.0,0.0
2026-05-26 12:14:26.019789,1779812066.019789,2420,231284.0,INS_SOLUTION_GOOD,good,43.51890138465,-79.67884385776,157.268,-37.1,3.808861699,2.005159549,31.486713851,0.224,0.2425,0.9977,1.9849,-0.5571,-0.015,2.0616,0.2305,0.1852,0.1131,0.0036942749680482,-0.0047134636975127,0.0001598514124532,0.00047921465130609954,-0.0002648209814344174,0.0007799769443917319,8.3638734891e-06,-4.6219980544e-06,1.36131657693e-05,-3142902,2271946,164927766,93287,251232,313046,-0.18811852965270998,0.1359874221246338,9.87175827907654,0.02156735199737549,0.05808321606445312,0.07237421369934081,61,ff41fe00,43.51889556339,-79.67883553116,157.1155,-37.1,SOL_COMPUTED,INS_PSRSP,good,1.5246,1.042,1.8266,28,26,0.0,0.0,1,0,0,0,0,0,0,0,0,—,—,0.0,0.0,0.0,0.0
2026-05-26 12:14:27.034485,1779812067.034485,2420,231285.0,INS_SOLUTION_GOOD,good,43.51889056747,-79.67883521463,157.6887,-37.1,4.003589997,2.198830938,31.205603767,0.2301,0.2484,1.0023,0.8529,-0.2345,-0.031,0.8845,0.2264,0.185,0.1084,0.0036682596812437,-0.0049860169725486,1.05396446463e-05,0.00033296895529890145,-0.0007641587653814312,0.0003354034518760594,5.8114045769e-06,-1.33370864639e-05,5.8538945578e-06,-3404848,2237252,164424104,7173,-70241,117981,-0.20379731835449222,0.1339108113146973,9.841611569162598,0.0016583512802124023,-0.016239265617370605,0.027276445335388182,61,ff3bfe00,43.51889414438,-79.67882785829,157.5671,-37.1,SOL_COMPUTED,INS_PSRSP,good,1.5493,1.0397,1.823,29,27,0.0,0.0,1,0,0,0,0,0,0,0,0,—,—,0.0,0.0,0.0,0.0
2026-05-26 12:14:28.019501,1779812068.019501,2420,231286.0,INS_SOLUTION_GOOD,good,43.5188630373,-79.67883486455,157.5317,-37.1,4.125683465,2.512668302,30.962685601,0.2353,0.253,1.0073,-0.4477,-0.1067,-0.107,0.4602,0.221,0.185,0.1038,0.0040194617377277,-0.00569648231329,-0.0001875887121677,0.000596001089513559,-0.0008929045728632663,0.0004572702797921399,1.04021813575e-05,-1.55841247026e-05,7.9808719539e-06,-3119008,1871755,164183685,101425,-144185,137606,-0.18668835329101566,0.11203397321014406,9.827221279939272,0.023448805046081544,-0.033334640922546385,0.03181361860656738,61,ff34fe00,43.51888337355,-79.67881916094,157.9826,-37.1,SOL_COMPUTED,INS_PSRSP,good,1.5212,1.0378,1.7979,32,30,0.0,0.0,1,0,0,0,0,0,0,0,0,—,—,0.0,0.0,0.0,0.0
2026-05-26 12:14:29.021863,1779812069.021863,2420,231287.0,INS_SOLUTION_GOOD,good,43.51883529743,-79.67883296881,157.3318,-37.1,4.087052319,2.701434158,31.040004426,0.225,0.244,1.0095,-1.6936,0.2048,-0.1947,1.7059,0.2205,0.1858,0.0994,0.0068573195339935,-0.0058901108528743,0.0002420042588411,0.0002520740960289579,-0.001491925266181649,-0.0037762198321030275,4.3995229347e-06,-2.60390080886e-05,-6.59074693494e-05,1761034,1988219,164273056,-87810,-462866,-1702630,0.10540676315979006,0.119004930763855,9.832570584853517,-0.02030110496520996,-0.10701163023376464,-0.3936370612335205,61,ff2efe00,43.51885587831,-79.67881877242,157.8224,-37.1,SOL_COMPUTED,INS_PSRSP,good,1.4448,1.0264,1.7674,32,30,0.0,0.0,1,0,0,0,0,0,0,0,0,—,—,0.0,0.0,0.0,0.0
2026-05-26 12:14:30.022832,1779812070.022832,2420,231288.0,INS_SOLUTION_GOOD,good,43.51880249179,-79.67882418538,157.0286,-37.1,4.231328419,2.914376523,31.604732467,0.2281,0.2474,1.0149,-2.7595,0.4179,-0.2732,2.7910,0.2235,0.187,0.096,0.00274691424854,-0.0057162466943553,0.0001669008243901,0.0015570645687687842,-0.0001771553155121016,-0.005806481062014747,2.71759033912e-05,-3.0919435431e-06,-0.000101342212487,-5827459,3005375,164694166,541227,251002,-2569261,-0.3488028003073121,0.17988684535980226,9.857776141381226,0.12512818741607665,0.058030041549682616,-0.5939965521469116,61,ff27fe00,43.51882811539,-79.67881689887,157.6234,-37.1,SOL_COMPUTED,INS_PSRSP,good,1.3949,1.0173,1.7385,32,30,0.0,0.0,1,0,0,0,0,0,0,0,0,—,—,0.0,0.0,0.0,0.0
2026-05-26 12:14:31.018269,1779812071.018269,2420,231289.0,INS_SOLUTION_GOOD,good,43.51877776142,-79.67881923852,156.4666,-37.1,4.189749437,2.918285063,32.052698883,0.2293,0.2485,1.0193,-3.3426,0.3511,-0.348,3.3610,0.2268,0.1881,0.093,0.0024121445306333,-0.0059281100413877,0.0001082540270409,0.0010257988599295213,-0.0005252750201035772,-0.003747388093431125,1.7903567569e-05,-9.1677785793e-06,-6.54042605805e-05,-5965388,2578684,164230091,286479,25629,-1648408,-0.35705854632690437,0.154347237845459,9.829998912995302,0.0662320948562622,0.0059252593002319335,-0.38110128497314455,61,ff21fe00,43.51879518438,-79.67880821174,157.3164,-37.1,SOL_COMPUTED,INS_PSRSP,good,1.3763,1.0112,1.7254,32,29,0.0,0.0,1,0,0,0,0,0,0,0,0,—,—,0.0,0.0,0.0,0.0
2026-05-26 12:14:32.022832,1779812072.022832,2420,231290.0,INS_SOLUTION_GOOD,good,43.51876003539,-79.67882073922,155.9561,-37.1,3.912286181,2.827228011,32.323573718,0.2307,0.2484,1.0225,-3.7818,0.372,-0.414,3.8001,0.2268,0.1881,0.0897,0.0077592237487126,-0.005764374236904,-0.000477378839956,0.0006513218538218025,-0.0015341018045257927,-0.0042384933740590314,1.13677108394e-05,-2.67751275498e-05,-7.39756647014e-05,4627282,2436490,163807395,109777,-484556,-1972596,0.27696615616027837,0.14583621007385256,9.804698426371766,0.02537973351287842,-0.11202621817016602,-0.45605145712280276,61,ff1afe00,43.51877036389,-79.67880334675,156.7556,-37.1,SOL_COMPUTED,INS_PSRSP,good,1.3709,1.011,1.7146,32,29,0.0,0.0,1,0,0,0,0,0,0,0,0,—,—,0.0,0.0,0.0,0.0
2026-05-26 12:14:33.026999,1779812073.026999,2420,231291.0,INS_SOLUTION_GOOD,good,43.51874616739,-79.67881471659,155.7506,-37.1,3.091402207,2.435851471,33.08096943,0.2324,0.2483,1.0246,-4.7583,1.5859,-0.4827,5.0156,0.2267,0.1874,0.0866,0.0196527121456678,-0.0060458870781976,0.0001739211841097,0.0009411052578192717,-0.0019569292412834603,-0.004010471814026919,1.64253853568e-05,-3.4154858489e-05,-6.99959377133e-05,26236215,1205161,165479022,398617,-713858,-1578778,1.570369737730408,0.07213496167388916,9.904753729835816,0.09215767632293702,-0.16503935984802245,-0.3650032786102295,61,ff14fe00,43.51875259125,-79.67880490978,156.2526,-37.1,SOL_COMPUTED,INS_PSRSP,good,1.3513,1.0136,1.6928,32,30,0.0,0.0,1,0,0,0,0,0,0,0,0,—,—,0.0,0.0,0.0,0.0
2026-05-26 12:14:34.025023,1779812074.025023,2420,231292.0,INS_SOLUTION_GOOD,good,43.51873409888,-79.67879239546,155.5462,-37.1,2.748418349,3.006945053,27.012408245,0.2344,0.2474,1.0255,-4.7134,2.7121,-0.4666,5.4380,0.2317,0.1914,0.0843,0.0034709462448403,0.0076393045794146,-8.80337950447e-05,-0.00573008743989591,0.010760590272536173,0.133337397409593,-0.0001000088922535,0.0001878077297141,0.0023271766008409,-818445,24880315,164311020,-3213141,5108392,57898997,-0.04898805944366456,1.4892122869552615,9.834842921649171,-0.7428574502792359,1.1810272428588868,13.385874222496033,61,ff0efe00,43.51873860247,-79.67879906138,156.069,-37.1,SOL_COMPUTED,INS_PSRSP,good,1.3348,1.0117,1.6671,32,30,0.0,0.0,1,0,0,0,0,0,0,0,0,—,—,0.0,0.0,0.0,0.0
2026-05-26 12:14:35.022348,1779812075.022348,2420,231293.0,INS_SOLUTION_GOOD,good,43.51873859903,-79.67876152977,155.4633,-37.1,1.724886752,2.553408641,5.595778969,0.2438,0.2547,1.0254,-2.8531,2.6909,-0.4024,3.9219,0.2383,0.1889,0.082,0.0032859008946686,0.012134438107803,0.000163433774135,-0.0046064261213302395,-0.002745210550300616,0.2984785370623835,-8.03973025672e-05,-4.79129627633e-05,0.005209433218282,3261267,32794833,164979787,-1862239,-543129,130100593,0.19520327164031986,1.9629360903286746,9.874871998190613,-0.43053763135528567,-0.1255679175338745,30.078416974479676,61,ff07fe00,43.51872776038,-79.67877576989,155.8736,-37.1,SOL_COMPUTED,INS_PSRSP,good,1.3207,1.0346,1.6495,32,30,0.0,0.0,1,0,0,0,0,0,0,0,0,—,—,0.0,0.0,0.0,0.0
2026-05-26 12:14:36.032357,1779812076.032357,2420,231294.0,INS_SOLUTION_GOOD,good,43.51876847189,-79.67873826166,155.4409,-37.1,0.777810709,1.632704687,326.060780047,0.2583,0.2668,1.0238,-0.1137,2.0815,-0.3564,2.0846,0.2347,0.1843,0.079,-0.0028715341705636,0.0177891814832386,-0.0012649580198006,-0.007085122932714364,0.0034819408913172862,0.4274504032295288,-0.0001236587230846,6.07713329134e-05,0.0074604169253434,-4808203,39521302,162692299,-2736881,2031590,185235751,-0.28779519012420657,2.3655491714984134,9.737954309010927,-0.6327492137374878,0.4696904889678955,42.82530946772003,61,ff01fe00,43.51873713548,-79.67874294358,155.8177,-37.1,SOL_COMPUTED,INS_PSRSP,good,1.3255,1.0282,1.6255,31,29,0.0,0.0,1,0,0,0,0,0,0,0,0,—,—,0.0,0.0,0.0,0.0
2026-05-26 12:14:37.018149,1779812077.018149,2420,231295.0,INS_SOLUTION_GOOD,good,43.5188099003,-79.67874447897,154.7461,-37.1,0.774681373,0.632396865,280.582790539,0.2755,0.2826,1.0238,1.6874,-0.3553,-0.386,1.7244,0.2303,0.1928,0.0774,-0.0029381203187846,0.0272316402174787,-0.0001307237489088,-0.0071360639573424,0.009593604059442156,0.47158172852498637,-0.0001245478116887,0.0001674399779702,0.0082306538550189,-6098248,50746881,165014204,-3003635,4332808,203852248,-0.36501088714111335,3.037456668448792,9.876932029154053,-0.6944210159683227,1.0017172304077149,47.12932335772705,61,fefbfe00,43.51877596068,-79.67872274255,155.8202,-37.1,SOL_COMPUTED,INS_PSRSP,good,1.3389,1.0092,1.5978,30,28,0.0,0.0,1,0,0,0,0,0,0,0,0,—,—,0.0,0.0,0.0,0.0
2026-05-26 12:14:38.028455,1779812078.028455,2420,231296.0,INS_ALIGNMENT_COMPLETE,good,43.5188408131,-79.67879618573,153.9521,-37.1,1.881084096,0.425323572,230.825656487,0.2923,0.2998,0.9968,1.0879,-3.7473,-0.5298,3.9020,0.2356,0.2056,0.0772,0.0053699885722682,0.0359547405651446,-0.0009789483490713,-0.02224282225384964,0.007237628791110693,0.5029261367043257,-0.0003882104832661,0.0001263204524422,0.0087777169798382,5412367,67111332,165174594,-10570889,2824361,216353328,0.3239574514193726,4.016951562242432,9.886532179260866,-2.4439212750778196,0.6529740248336792,50.01949232775879,61,fef4fe00,43.51882321512,-79.67874101682,155.1254,-37.1,SOL_COMPUTED,INS_PSRSP,good,1.3601,0.9866,1.5861,30,29,0.0,0.0,1,0,0,0,0,0,0,0,0,—,—,0.0,0.0,0.0,0.0
2026-05-26 12:14:39.019629,1779812079.019629,2420,231297.0,INS_ALIGNMENT_COMPLETE,good,43.51884577847,-79.67888130302,153.2369,-37.1,2.58873384,0.088869838,191.53951716,0.3052,0.3136,0.9899,-0.4895,-6.5076,-0.6735,6.5260,0.2599,0.219,0.0789,0.0152267253622296,0.0094237433233144,0.0053445372083635,-0.021960325335823486,0.0013760159363927008,0.2392040848666052,-0.0003832799819198,2.401600865e-05,0.0041748988651482,19431495,17375524,174234030,-9001431,1125590,101386361,1.163072939707947,1.0400127101721193,10.428785097042848,-2.081072720283508,0.26022913948059084,23.439871958793642,61,feeefe00,43.51885138092,-79.67880798136,154.3024,-37.1,SOL_COMPUTED,INS_PSRSP,good,1.3907,0.9813,1.5846,30,28,0.0,0.0,1,0,0,0,0,0,0,0,0,—,—,0.0,0.0,0.0,0.0
2026-05-26 12:14:40.032487,1779812080.032487,2420,231298.0,INS_ALIGNMENT_COMPLETE,good,43.51882748011,-79.67896921528,152.6259,-37.1,1.816496566,0.408407244,182.953969609,0.3073,0.3202,0.9845,-0.9984,-7.8623,-0.6896,7.9254,0.2825,0.2265,0.0816,0.0154064327630615,-0.0020355435123673,0.0014750240133815,-0.01224044538381387,-0.002377330224089729,0.0067745454808611815,-0.0002136360738584,-4.14922398176e-05,0.0001182381239673,18853535,2017088,166726062,-5406021,-535271,2342378,1.1284791199203492,0.12073288595703127,9.979395360792848,-1.2498371457138062,-0.12375119867706298,0.5415426676483154,61,fee7fe00,43.51884851277,-79.67889968077,153.5686,-37.1,SOL_COMPUTED,INS_PSRSP,good,1.4598,1.0537,1.606,26,25,0.0,0.0,1,0,0,0,0,0,0,0,0,—,—,0.0,0.0,0.0,0.0
2026-05-26 12:14:41.020717,1779812081.020717,2420,231299.0,INS_ALIGNMENT_COMPLETE,good,43.51880041487,-79.67905889056,151.783,-37.1,0.72664706,-0.799789926,185.299950276,0.3089,0.3229,0.9751,-0.8359,-8.7153,-0.6333,8.7553,0.3013,0.2404,0.0832,0.010070523468836,-0.0065835534247581,0.0021658304437691,-0.0032971637656941236,-0.011109626489595521,-0.014792000286371633,-5.75463636889e-05,-0.0001938995609105,-0.0002581691079535,18218625,-7124267,165992603,-1365484,-4236065,-6436928,1.090476555519104,-0.4264232969699097,9.935494141906435,-0.3156910831604004,-0.9793508735275268,-1.4881761870117187,61,fee1fe00,43.51882820705,-79.67898788816,152.9782,-37.1,SOL_COMPUTED,INS_PSRSP,good,1.4968,1.0464,1.6139,27,26,0.0,0.0,1,0,0,0,0,0,0,0,0,—,—,0.0,0.0,0.0,0.0
2026-05-26 12:14:42.021678,1779812082.021678,2420,231300.0,INS_ALIGNMENT_COMPLETE,good,43.51875621002,-79.67913495764,151.2364,-37.1,0.188688854,-0.952449714,186.463710137,0.308,0.3241,0.9798,-1.3447,-8.252,-0.5474,8.3608,0.3157,0.2513,0.0873,-0.0007446564353102,-0.0051197561060254,0.0005899685173138,0.0046934219923134846,0.008822677573685623,-0.013485967352784994,8.19156669515e-05,0.0001539847725029,-0.0002353745331229,762768,-7032392,168285304,1723852,4350375,-5900238,0.045655510297851566,-0.4209241150317383,10.072723855417482,0.398543450592041,1.0057786073684691,-1.364096924697876,61,fedbfe00,43.51880162272,-79.67907742945,152.164,-37.1,SOL_COMPUTED,INS_PSRSP,good,1.5418,1.0839,1.6331,27,25,0.0,0.0,1,0,0,0,0,0,0,0,0,—,—,0.0,0.0,0.0,0.0
2026-05-26 12:14:43.026684,1779812083.026684,2420,231301.0,INS_ALIGNMENT_COMPLETE,good,43.51869455118,-79.67919271203,150.9579,-37.1,-0.826091888,-0.791144395,186.717082057,0.3048,0.3241,0.9819,-2.3731,-7.4973,-0.5241,7.8639,0.3165,0.2542,0.0891,0.0027231177772197,0.0003820616690731,-0.0023029570988064,0.004256052394246734,-0.0035685775119245447,-0.003952550911037214,7.42821274171e-05,-6.22834271958e-05,-6.89850272504e-05,11288312,1893745,167405013,1572813,-905586,-1954667,0.675662383269043,0.11335018557281495,10.020034001076967,0.3636242091293335,-0.20936563536071778,-0.45190638809967043,61,fed5fe00,43.51875766935,-79.67915341635,151.6318,-37.1,SOL_COMPUTED,INS_PSRSP,good,1.5832,1.1203,1.654,27,25,0.0,0.0,1,0,0,0,0,0,0,0,0,—,—,0.0,0.0,0.0,0.0
2026-05-26 12:14:44.025382,1779812084.025382,2420,231302.0,INS_ALIGNMENT_COMPLETE,good,43.51861850173,-79.67924806196,150.8614,-37.1,-1.450838877,-1.622931993,186.072537062,0.3029,0.3248,0.9837,-3.7617,-6.9267,-0.4781,7.8822,0.3145,0.2553,0.0915,0.0016122057994988,-0.0009383391334208,-0.0016205588660597,-0.003712527303302049,0.005925547392085274,-0.000961932529383311,-6.47958250129e-05,0.000103420311975,-1.67888898198e-05,8592947,205411,163203982,-1497266,2809356,-744891,0.5143311993258668,0.012294883930358888,9.76858111621277,-0.3461582305755615,0.6495049657287598,-0.17221398905181884,61,fecefe00,43.5186960668,-79.6792110717,151.3799,-37.1,SOL_COMPUTED,INS_PSRSP,good,1.6067,1.1237,1.6701,27,25,0.0,0.0,1,0,0,0,0,0,0,0,0,—,—,0.0,0.0,0.0,0.0
2026-05-26 12:14:45.019590,1779812085.019590,2420,231303.0,INS_ALIGNMENT_COMPLETE,good,43.51853175121,-79.67930941278,150.7838,-37.1,-1.889283257,-2.4373308,185.599213198,0.304,0.3278,0.9876,-5.1981,-6.4846,-0.4735,8.3109,0.3119,0.2534,0.0945,0.0010066537033427,0.004244073471877,-0.0040487080375017,-0.0016094782015749372,-4.532694617906018e-05,-0.0008776407442191747,-2.80906938566e-05,-7.911044507e-07,-1.53177206363e-05,8063219,2955215,166847185,-781733,884421,-611824,0.48262430790008554,0.17688451647796632,9.986645182984926,-0.18073162154388428,0.20447242403411867,-0.14144975793457032,61,fec8fe00,43.51861980454,-79.67926639519,151.2994,-37.1,SOL_COMPUTED,INS_PSRSP,good,1.6236,1.1316,1.6859,28,26,0.0,0.0,1,0,0,0,0,0,0,0,0,—,—,0.0,0.0,0.0,0.0
2026-05-26 12:14:46.020425,1779812086.020425,2420,231304.0,INS_ALIGNMENT_COMPLETE,good,43.51843836296,-79.67937070856,151.1325,-37.1,-2.172386996,-2.750330665,185.520222345,0.3053,0.3312,0.9933,-6.5374,-5.9916,-0.4589,8.8677,0.3086,0.2473,0.0974,-0.00541481924193,0.0020015692824608,-0.0002201056299086,0.0013628946424169086,-0.0024867255073072396,-0.0030336759026597664,2.3786998868e-05,-4.34015476959e-05,-5.29476329399e-05,957863,-3038593,164192612,1513156,-1688042,-1535609,0.057332929620056164,-0.18187511012847904,9.827755605894776,0.3498318959655762,-0.39026440983581545,-0.3550228845748901,61,fec1fe00,43.51853288061,-79.67932772664,151.2329,-37.1,SOL_COMPUTED,INS_PSRSP,good,1.6271,1.1321,1.7013,27,25,0.0,0.0,1,0,0,0,0,0,0,0,0,—,—,0.0,0.0,0.0,0.0
2026-05-26 12:14:47.014085,1779812087.014085,2420,231305.0,INS_ALIGNMENT_COMPLETE,good,43.51834013575,-79.67944036144,151.2892,-37.1,-2.300912324,-3.446751794,185.88575687,0.3073,0.3337,0.9947,-7.9165,-5.444,-0.4725,9.6077,0.3087,0.2447,0.1008,-0.0039867403413425,0.0072687739255873,0.0020860327202812,-0.005391976779065096,0.0007898372304038471,0.0005054016389405008,-9.41077479859e-05,1.37852602254e-05,8.8209226445e-06,3590205,4118359,169599812,-3271033,-337098,136796,0.21489186928253176,0.24650454887298587,10.151403786314699,-0.7562417068405152,-0.07793488078308106,0.0316263518371582,61,febbfe00,43.51843944837,-79.67938900035,151.5887,-37.1,SOL_COMPUTED,INS_PSRSP,good,1.6188,1.1051,1.7102,28,26,0.0,0.0,1,0,0,0,0,0,0,0,0,—,—,0.0,0.0,0.0,0.0
2026-05-26 12:14:48.040422,1779812088.040422,2420,231306.0,INS_ALIGNMENT_COMPLETE,good,43.51823489349,-79.67951447483,151.416,-37.1,-2.147886758,-3.650529303,185.976263634,0.3107,0.3362,0.9982,-9.2021,-5.1703,-0.5027,10.5551,0.3076,0.2428,0.1037,-0.0112534467463756,-0.0013022255396417,0.0081146864972741,9.784713366524695e-05,0.006161150843433802,0.0008496255628119657,1.7077546461e-06,0.0001075323679301,1.48287634802e-05,-11453922,-24067871,172496141,1533761,-230952,19880,-0.685574976692505,-1.4405834176156618,10.324763678818666,0.35459563890838625,-0.05339461102294922,0.004596127624511719,61,feb5fe00,43.51834125691,-79.6794586381,151.7483,-37.1,SOL_COMPUTED,INS_PSRSP,good,1.6272,1.0966,1.7303,26,25,0.0,0.0,1,0,0,0,0,0,0,0,0,—,—,0.0,0.0,0.0,0.0
2026-05-26 12:14:49.025384,1779812089.025384,2420,231307.0,INS_ALIGNMENT_COMPLETE,good,43.5181285048,-79.67959774465,151.4616,-37.1,-1.970395321,-3.693563434,186.192845598,0.317,0.3412,1.0024,-10.3751,-5.2992,-0.5675,11.6501,0.3073,0.2414,0.1058,-0.003454264398911,0.0081154277435975,-0.0001183349593608,-0.0033575932105219877,0.007631572651785324,0.00092236449240634,-5.86010564663e-05,0.000133196069879,1.6098297296e-05,1647300,4572719,156582153,-2396045,3746605,428723,0.09859920986938478,0.27370028553070075,9.372231266586,-0.5539501314926147,0.8661908822250366,0.09911798911285401,61,feaffe00,43.51823602498,-79.67953276611,151.871,-37.1,SOL_COMPUTED,INS_PSRSP,good,1.6156,1.0933,1.7454,27,26,0.0,0.0,1,0,0,0,0,0,0,0,0,—,—,0.0,0.0,0.0,0.0
2026-05-26 12:14:50.022569,1779812090.022569,2420,231308.0,INS_ALIGNMENT_COMPLETE,good,43.51802039576,-79.6796921052,151.5451,-37.1,-1.637553271,-4.143522062,186.656176048,0.3268,0.3497,1.0064,-11.3099,-5.5713,-0.5558,12.6077,0.3107,0.2442,0.1073,-0.0082869500512211,0.0057390841890107,-0.0003340954734205,0.001172791976103148,0.004739523641940879,-0.00021718537840141976,2.0469081424e-05,8.27202925281e-05,-3.7905999403e-06,-4659022,841107,164735477,234542,1734925,-132658,-0.27886595517761237,0.05034449439422608,9.860248813000794,0.0542245958404541,0.40110345668792724,-0.030669672958374024,61,fea8fe00,43.51812968844,-79.67961604751,151.9118,-37.1,SOL_COMPUTED,INS_PSRSP,good,1.6051,1.0891,1.7617,27,26,0.0,0.0,1,0,0,0,0,0,0,0,0,—,—,0.0,0.0,0.0,0.0
2026-05-26 12:14:51.020255,1779812091.020255,2420,231309.0,INS_ALIGNMENT_COMPLETE,good,43.51791058577,-79.67979263747,151.7906,-37.1,-1.33661919,-4.241398227,187.006256347,0.3351,0.3572,1.0097,-12.1748,-5.7628,-0.5531,13.4698,0.3099,0.2434,0.108,-0.0054629651844488,0.0084847806323661,-0.0025758643043529,-0.001127107986191917,0.003288389849206745,0.0017641561685551694,-1.96717453846e-05,5.73932299579e-05,3.07903336607e-05,-2446236,1525835,163463832,-155895,1695461,827895,-0.14641955730834963,0.0913289172531128,9.78413444874756,-0.03604191730499268,0.39197963472747804,0.19140397785186766,61,fea2fe00,43.51802166444,-79.67971043058,151.9864,-37.1,SOL_COMPUTED,INS_PSRSP,good,1.6347,1.1095,1.788,26,25,0.0,0.0,1,0,0,0,0,0,0,0,0,—,—,0.0,0.0,0.0,0.0
2026-05-26 12:14:52.022904,1779812092.022904,2420,231310.0,INS_ALIGNMENT_COMPLETE,good,43.51780463493,-79.67989672955,151.8898,-37.1,-1.061500358,-4.152655213,186.836578764,0.342,0.3636,1.0182,-12.7315,-6.1176,-0.5197,14.1250,0.3102,0.2445,0.1082,-0.0051674991468027,0.0079363129633918,-0.0013050405336701,0.002751796759892215,0.0010397841881947033,0.0026033386233179534,4.80279138059e-05,1.81476575942e-05,4.54368305213e-05,1367832,3081088,161016232,630057,-35831,1018301,0.08187164113037111,0.18441865011718753,9.6376332491626,0.1456651097946167,-0.008283895820617676,0.2354246155014038,61,fe9cfe00,43.5179119372,-79.67981098048,152.224,-37.1,SOL_COMPUTED,INS_PSRSP,good,1.6308,1.0969,1.8107,27,26,0.0,0.0,1,0,0,0,0,0,0,0,0,—,—,0.0,0.0,0.0,0.0
2026-05-26 12:14:53.016829,1779812093.016829,2420,231311.0,INS_ALIGNMENT_COMPLETE,good,43.5176995291,-79.67999849188,152.3355,-37.1,-0.505068727,-4.714088852,186.678819478,0.3484,0.3686,1.0252,-13.1155,-6.3919,-0.5235,14.5902,0.3129,0.2511,0.1079,-0.0045877337663437,0.0050337609720171,-0.0025710247442987,0.003232381309352067,-0.001124935372683227,0.0014943437786801767,5.64156965282e-05,-1.96338261255e-05,2.60812190947e-05,-2697753,-493477,168616789,1331311,-894953,758359,-0.16147411778228762,-0.02953708631622315,10.092564903850404,0.30779050623321536,-0.20690735442352295,0.1753277036819458,61,fe96fe00,43.51780595726,-79.6799151018,152.3161,-37.1,SOL_COMPUTED,INS_PSRSP,good,1.6258,1.0877,1.8309,28,26,0.0,0.0,1,0,0,0,0,0,0,0,0,—,—,0.0,0.0,0.0,0.0
2026-05-26 12:14:54.030558,1779812094.030558,2420,231312.0,INS_ALIGNMENT_COMPLETE,good,43.51759711518,-79.68010567249,152.7054,-37.1,-0.024314921,-4.444071895,186.221006663,0.3503,0.3726,1.0316,-13.3833,-6.5292,-0.4717,14.8910,0.3119,0.2482,0.1065,-0.0035341896919181,0.0079239751738686,-0.0034016442501971,0.0066681925779990825,0.00867402549796228,0.005794400668618557,0.0001163819156433,0.0001513903043416,0.0001011313698473,-6017958,3666507,160034929,3037856,4878856,2391899,-0.3602051258587647,0.2194589286593628,9.578897317369691,0.7023326901855469,1.12796000189209,0.5529916030654908,61,fe90fe00,43.51770079208,-79.68001692335,152.7471,-37.1,SOL_COMPUTED,INS_PSRSP,good,1.643,1.1182,1.8603,26,24,0.0,0.0,1,0,0,0,0,0,0,0,0,—,—,0.0,0.0,0.0,0.0
2026-05-26 12:14:55.025082,1779812095.025082,2420,231313.0,INS_ALIGNMENT_COMPLETE,good,43.5174971364,-79.68021413951,153.1117,-37.1,0.094688158,-3.860259669,185.516368871,0.3489,0.3726,1.0367,-13.4929,-6.8288,-0.3704,15.1225,0.3131,0.2482,0.1048,-0.003198067698241,0.0055190380652153,0.0013404163719834,0.0155957563902615,-0.0026658160636205456,0.011177841234488948,0.0002721972983494,-4.65272675628e-05,0.0001950901328073,-2299397,3086218,161806408,6516814,975573,4873864,-0.13763050286895753,0.18472570648010256,9.68492926643799,1.5066453143463134,0.22554617781829833,1.1268058837280273,61,fe89fe00,43.51759830037,-79.68012415558,153.1045,-37.1,SOL_COMPUTED,INS_PSRSP,good,1.633,1.0838,1.8674,27,25,0.0,0.0,1,0,0,0,0,0,0,0,0,—,—,0.0,0.0,0.0,0.0
2026-05-26 12:14:56.034222,1779812096.034222,2420,231314.0,INS_ALIGNMENT_COMPLETE,good,43.51739536709,-79.68031834034,153.7162,-37.1,0.726722431,-3.393239216,184.643364505,0.3452,0.3701,1.0412,-13.6282,-6.9209,-0.3379,15.2849,0.3176,0.2516,0.1033,-0.0029344885392692,0.0027201180005944,-0.0008068729978009,0.0018126132254189325,0.013764873969953685,-0.005163481712931453,3.16360688488e-05,0.0002402423718981,-9.01197567573e-05,-7178991,-3480249,167095720,540080,5576622,-2427538,-0.4296988042611695,-0.20831044833892826,10.001521255725098,0.12486300842285156,1.2892789952545165,-0.5612311097259521,61,fe83fe00,43.51749819508,-79.6802326461,153.5081,-37.1,SOL_COMPUTED,INS_PSRSP,good,1.6312,1.0652,1.8728,26,25,0.0,0.0,1,0,0,0,0,0,0,0,0,—,—,0.0,0.0,0.0,0.0
2026-05-26 12:14:57.022511,1779812097.022511,2420,231315.0,INS_ALIGNMENT_COMPLETE,good,43.51730489425,-79.6804232882,153.9359,-37.1,0.835568704,-2.948775048,186.062115591,0.3344,0.3598,1.0345,-13.0345,-7.123,-0.3197,14.8538,0.312,0.249,0.1018,-0.0007147502586332,0.0001407553634689,0.0007332360893322,-0.004147199619687069,-0.005339491401572457,-0.008378571903902576,-7.23822881011e-05,-9.31917053395e-05,-0.0001462336663384,-2526354,-6490837,162302815,-578251,-791818,-3544746,-0.1512150235235596,-0.38850931803009037,9.71464172802582,-0.13368789713287355,-0.1830632084197998,-0.8195223849334717,61,fe7dfe00,43.51739626125,-79.68033691542,154.0962,-37.1,SOL_COMPUTED,INS_PSRSP,good,1.667,1.0795,1.8842,27,25,0.0,0.0,1,0,0,0,0,0,0,0,0,—,—,0.0,0.0,0.0,0.0
2026-05-26 12:14:58.020466,1779812098.020466,2420,231316.0,INS_ALIGNMENT_COMPLETE,good,43.51721627041,-79.68052956189,154.3052,-37.1,1.208258044,-2.222173217,187.177789269,0.3179,0.3446,1.0261,-12.5434,-7.2321,-0.2742,14.4790,0.3082,0.2459,0.1002,-0.0044565822123892,0.0002076535576535,0.0006633033725453,-0.002042039109940076,-0.004527521639661558,-0.004479337934762448,-3.5640305923e-05,-7.90201595675e-05,-7.81791952712e-05,-9001066,-2178302,169291744,-166334,-2119785,-1976980,-0.5387591790093995,-0.130382356618042,10.132964363388673,-0.03845534669494629,-0.49008060344696047,-0.4570650096130371,61,fe77fe00,43.51730615479,-79.6804418316,154.3133,-37.1,SOL_COMPUTED,INS_PSRSP,good,1.626,1.0665,1.8772,28,26,0.0,0.0,1,0,0,0,0,0,0,0,0,—,—,0.0,0.0,0.0,0.0
2026-05-26 12:14:59.016801,1779812099.016801,2420,231317.0,INS_ALIGNMENT_COMPLETE,good,43.51712682812,-79.68063480831,154.7249,-37.1,1.247696002,-1.937275123,187.917279802,0.3017,0.3304,1.0182,-12.1941,-7.4408,-0.2191,14.2850,0.3052,0.2407,0.0989,-0.0004223878012749,-0.0011931035060876,0.0001708844474757,-0.006327264079144656,-0.008002035053656058,-0.0009173556193813804,-0.0001104315908244,-0.0001396618585465,-1.60108759699e-05,-4399911,-66558,162138031,-2026455,-2424070,-572086,-0.2633568555184937,-0.003983831852416993,9.704778574866639,-0.4685033101272583,-0.5604293305206299,-0.13226258894348145,61,fe71fe00,43.517217842,-79.68054808967,154.673,-37.1,SOL_COMPUTED,INS_PSRSP,good,1.6048,1.0607,1.873,29,27,0.0,0.0,1,0,0,0,0,0,0,0,0,—,—,0.0,0.0,0.0,0.0
2026-05-26 12:15:00.030135,1779812100.030135,2420,231318.0,INS_ALIGNMENT_COMPLETE,good,43.51703909274,-79.68073923568,155.0933,-37.1,1.363835099,-1.773711789,188.370008073,0.2883,0.3176,1.0106,-11.8575,-7.6861,-0.1882,14.1307,0.3001,0.2349,0.0978,0.0007003984398073,0.0023645714405899,0.0012636730399671,0.0008643964043368557,-0.0078354991744989,0.002749025915414322,1.50865632981e-05,-0.0001367552591325,4.79795534467e-05,466974,2233549,167101562,-28498,-2851465,1194691,0.02795074815124512,0.1336891680960083,10.001870928877565,-0.006588553573608398,-0.6592402946090699,0.2762048444595337,61,fe6afe00,43.51712859161,-79.68065330639,155.0918,-37.1,SOL_COMPUTED,INS_PSRSP,good,1.6013,1.0511,1.8624,27,26,0.0,0.0,1,0,0,0,0,0,0,0,0,—,—,0.0,0.0,0.0,0.0
2026-05-26 12:15:01.018127,1779812101.018127,2420,231319.0,INS_ALIGNMENT_COMPLETE,good,43.51695103572,-79.68084495101,155.4603,-37.1,1.444685624,-1.295626133,188.622520616,0.2757,0.305,1.0035,-11.5728,-7.9625,-0.1379,14.0475,0.2941,0.2282,0.097,0.0006063935363783,0.0035140763939434,0.0025985657150509,0.007583519650763285,-0.004830518783166122,0.0071627119410891844,0.0001323573867957,-8.43084573458e-05,0.0001250129067441,-127034,3656262,169047723,2654119,-1487564,3221173,-0.007603625342407228,0.2188457137591553,10.118358476305849,0.6136151737747192,-0.34391519082641603,0.744714396812439,61,fe65fe00,43.51704097398,-79.68075772082,155.4572,-37.1,SOL_COMPUTED,INS_PSRSP,good,1.5933,1.0433,1.8501,28,27,0.0,0.0,1,0,0,0,0,0,0,0,0,—,—,0.0,0.0,0.0,0.0
2026-05-26 12:15:02.020947,1779812102.020947,2420,231320.0,INS_ALIGNMENT_COMPLETE,good,43.51686170832,-79.68095056064,155.8527,-37.1,1.555079001,-0.999020341,188.747134353,0.2656,0.2933,0.9947,-11.4301,-8.0704,-0.1656,13.9921,0.2895,0.2256,0.0965,0.002910165978096,-0.0001525941492773,0.000639070269716,-0.004952758409555187,-0.00850137343781647,0.0015513835125619648,-8.64419413027e-05,-0.0001483769574317,2.70767502554e-05,3454337,-1769184,168069349,-2158432,-3028732,615673,0.20675948450347903,-0.10589458174804689,10.059797859929505,-0.4990155402832031,-0.7002232803039551,0.14233962187957763,61,fe5efe00,43.51695300348,-79.68086342511,155.8222,-37.1,SOL_COMPUTED,INS_PSRSP,good,1.5865,1.036,1.8379,26,25,0.0,0.0,1,0,0,0,0,0,0,0,0,—,—,0.0,0.0,0.0,0.0
2026-05-26 12:15:03.020578,1779812103.020578,2420,231321.0,INS_ALIGNMENT_COMPLETE,good,43.51677319051,-79.68105825841,156.1076,-37.1,1.628385727,-1.05302839,189.58481484,0.2539,0.2814,0.999,-10.9247,-8.2751,-0.1055,13.7050,0.281,0.216,0.0955,0.0035886726450574,0.0082534511131231,-0.0001614975298784,0.003984487530283256,0.012642103376687109,-0.011722220196408577,6.95424264082e-05,0.000220646328301,-0.0002045913380714,-3276941,-1034540,171785315,-325318,3109227,-5634399,-0.1961414395608521,-0.06192243463745118,10.28221715908661,-0.07521142085266114,0.7188332045059204,-1.3026366645584107,61,fe58fe00,43.51686372371,-79.68096903351,156.2117,-37.1,SOL_COMPUTED,INS_PSRSP,good,1.5973,1.06,1.8421,24,23,0.0,0.0,1,0,0,0,0,0,0,0,0,—,—,0.0,0.0,0.0,0.0
2026-05-26 12:15:04.024970,1779812104.024970,2420,231322.0,INS_ALIGNMENT_COMPLETE,good,43.51668405267,-79.68116550059,156.2972,-37.1,1.616156422,-1.031257971,190.931707413,0.2454,0.2707,0.9896,-10.6035,-8.3545,-0.1322,13.4993,0.2738,0.2123,0.0945,0.0006932185038755,0.0023989944713017,0.0003418004967605,-0.007483554892852772,-0.0005851534828981659,0.0008574627256706932,-0.0001306126726342,-1.02128549061e-05,1.49655477761e-05,719684,4420882,163230796,-3539024,834521,357274,0.04307671568969727,0.2646120755938721,9.770186069295656,-0.8181994954833984,0.19293586626434325,0.082599441696167,61,fe52fe00,43.5167753967,-79.68107669589,156.4647,-37.1,SOL_COMPUTED,INS_PSRSP,good,1.5792,1.0389,1.8298,27,26,0.0,0.0,1,0,0,0,0,0,0,0,0,—,—,0.0,0.0,0.0,0.0
2026-05-26 12:15:05.021658,1779812105.021658,2420,231323.0,INS_ALIGNMENT_COMPLETE,good,43.51659212359,-79.68127523606,156.5117,-37.1,1.602458712,-0.947390669,190.806092002,0.2375,0.2616,0.993,-10.4993,-8.4893,-0.1082,13.5020,0.2662,0.2064,0.0932,-0.0001592487522604,-0.0040216913365077,-0.0037138228340255,0.005303129261043734,0.0049320565137216865,0.001481248581499558,9.25570662642e-05,8.6080625059e-05,2.58526647877e-05,-1573914,-3800112,164281418,2864878,1732870,539716,-0.09420668779357912,-0.22745586147949223,9.833071092710572,0.6623412935943603,0.4006283539581299,0.12477885397338867,61,fe4cfe00,43.51668657902,-79.68118385919,156.6546,-37.1,SOL_COMPUTED,INS_PSRSP,good,1.5691,1.0451,1.829,28,27,0.0,0.0,1,0,0,0,0,0,0,0,0,—,—,0.0,0.0,0.0,0.0
2026-05-26 12:15:06.027142,1779812106.027142,2420,231324.0,INS_ALIGNMENT_COMPLETE,good,43.51649508428,-79.68138665455,156.7003,-37.1,1.669191398,-1.16016537,190.469593144,0.2333,0.2555,0.9961,-10.6851,-8.43,-0.1082,13.6102,0.2599,0.2034,0.092,-0.0021451964612205,0.0048065300134006,0.0021672570210364,-0.004042495113072674,0.0018638220369470407,0.004115449858633903,-7.0554849719e-05,3.2529831216e-05,7.1828150234e-05,-6660966,6721898,162100883,-2517312,520103,1708793,-0.3986923963861084,0.4023394837750245,9.702555079784853,-0.5819862788085938,0.12024445502471924,0.39506190703582766,61,fe45fe00,43.51659462046,-79.68129360116,156.8695,-37.1,SOL_COMPUTED,INS_PSRSP,good,1.553,1.0348,1.8212,28,27,0.0,0.0,1,0,0,0,0,0,0,0,0,—,—,0.0,0.0,0.0,0.0
2026-05-26 12:15:07.020154,1779812107.020154,2420,231325.0,INS_ALIGNMENT_COMPLETE,good,43.51639703074,-79.68149277833,156.7597,-37.1,1.641503529,-1.23715556,190.150054222,0.2311,0.2514,0.9984,-10.7964,-8.303,-0.1163,13.6199,0.2584,0.2054,0.0914,-0.0015028622324359,-0.0026141087537552,-0.0009023756675396,0.00021942668138509719,0.00015767786468664463,0.0010281257025039833,3.8297180569e-06,2.7519978963e-06,1.79441786331e-05,-4775614,-3607070,165043215,354221,409344,345625,-0.2858445741766358,-0.21590132455749514,9.878668483763123,0.08189360781097411,0.094637689453125,0.07990626811981201,61,fe3ffe00,43.51649749156,-79.68140504751,157.0563,-37.1,SOL_COMPUTED,INS_PSRSP,good,1.544,1.0425,1.8192,27,26,0.0,0.0,1,0,0,0,0,0,0,0,0,—,—,0.0,0.0,0.0,0.0
2026-05-26 12:15:08.024597,1779812108.024597,2420,231326.0,INS_SOLUTION_GOOD,good,43.51629766341,-79.68159836984,156.8801,-37.1,1.778981467,-1.34935821,190.490928745,0.2257,0.2464,0.9885,-10.9146,-8.0119,-0.1277,13.5395,0.2533,0.1983,0.0897,-0.0060426778840613,0.0045920364066742,0.0049068839428687,0.022301392552613066,0.006724850221567976,0.004858543976712863,0.0003892327278234,0.00011737077807,8.47975892467e-05,-23468943,-7506175,168143196,8373945,2167809,2102735,-1.4047345573178103,-0.44928241616058356,10.064217975179444,1.9360020090866088,0.5011834421310425,0.48613875354766845,61,fe3afe00,43.51639935884,-79.68151118827,157.1164,-37.1,SOL_COMPUTED,INS_PSRSP,good,1.5818,1.0924,1.8397,23,22,0.0,0.0,1,0,0,0,0,0,0,0,0,—,—,0.0,0.0,0.0,0.0
2026-05-26 12:15:09.021561,1779812109.021561,2420,231327.0,INS_SOLUTION_GOOD,good,43.51619718715,-79.68170041763,156.8932,-37.1,2.040259638,-1.351338221,189.887106235,0.2215,0.2422,0.9909,-11.2003,-7.616,-0.2094,13.5444,0.2476,0.1916,0.0881,-0.0058317105392,0.0015765819474527,-0.0007000982297341,0.0007589869237992927,-0.00028320705060347876,0.007994196444588831,1.32468207999e-05,-4.9428954979e-06,0.0001395250490095,-10809983,-2720831,167266986,244156,-233727,3291379,-0.647031981121521,-0.16285545243011476,10.011772389263307,0.05644729055786133,-0.05403617310333252,0.7609455706558228,61,fe34fe00,43.51630007091,-79.68161677122,157.2332,-37.1,SOL_COMPUTED,INS_PSRSP,good,1.5884,1.0711,1.8333,29,26,0.0,0.0,1,0,0,0,0,0,0,0,0,—,—,0.0,0.0,0.0,0.0
2026-05-26 12:15:10.018116,1779812110.018116,2420,231328.0,INS_SOLUTION_GOOD,good,43.51610378013,-79.6818021417,156.8822,-37.1,2.284308678,-0.601204062,188.744573536,0.1844,0.1965,0.7112,-11.0291,-7.332,-0.2588,13.2438,0.1637,0.1403,0.0845,-0.0050940060654744,-0.0001468867101335,-0.0027198689376788,-0.0011212312000392383,-0.0016352168155462576,-0.007352146414860669,-1.95691761168e-05,-2.85399174153e-05,-0.0001283191620282,-12266279,306368,162226103,-1159505,-926340,-3352543,-0.7341986386434938,0.018337669355468753,9.710050128081972,-0.2680700684738159,-0.21416382614135743,-0.7750862924880981,61,fe2dfe00,43.51619945336,-79.68171887284,157.2394,-37.1,SOL_COMPUTED,INS_PSRSP,good,1.5782,1.038,1.8275,28,27,0.0,0.0,1,0,0,0,0,0,0,0,1,—,—,0.0,0.0,0.0,0.0
2026-05-26 12:15:11.028727,1779812111.028727,2420,231329.0,INS_SOLUTION_GOOD,good,43.51601032625,-79.68189636195,156.8237,-37.1,2.450761864,-0.480448216,189.5710906,0.1857,0.1927,0.6745,-10.5895,-6.9024,-0.2594,12.6404,0.1468,0.14,0.0829,-0.0059307474572251,-0.0018019273580674,0.0014761001081776,0.008806859359157669,-0.01310132537514557,-0.010678694538017045,0.0001537086925776,-0.0002286612641717,-0.0001863783795034,-12494246,120995,164263946,3675961,-5931003,-4829803,-0.7478436128900148,0.007242160746765138,9.832025305425416,0.8498584456100464,-1.3712095940322877,-1.1166192650527955,61,fe28fe00,43.51610581515,-79.68182066599,157.222,-37.1,SOL_COMPUTED,INS_PSRSP,good,1.2869,0.8851,1.795,28,27,0.0,0.0,1,0,0,0,0,0,0,0,1,—,—,0.0,0.0,0.0,0.0
2026-05-26 12:15:12.038610,1779812112.038610,2420,231330.0,INS_SOLUTION_GOOD,good,43.51591395377,-79.68197590046,156.3234,-37.1,2.461539915,-0.389479418,190.382930581,0.1959,0.2028,0.6592,-10.5443,-6.0489,-0.2735,12.1561,0.1612,0.1537,0.085,-0.0129348307574439,-0.0003347216514537,-0.0011218261490375,0.0033998405942266036,1.3380572572929249e-05,-0.0022929585516837784,5.93384124123e-05,2.335350472e-07,-4.00196763387e-05,-25771019,3700648,159042518,646249,1013730,-1073402,-1.5425254118429568,0.2215024396313477,9.519496515775758,0.14940859563446046,0.2343678298187256,-0.2481636108856201,61,fe21fe00,43.51601256768,-79.68191485334,157.1591,-37.1,SOL_COMPUTED,INS_PSRSP,good,1.2572,0.9234,1.8109,24,22,0.0,0.0,1,0,0,0,0,0,0,0,0,—,—,0.0,0.0,0.0,0.0
2026-05-26 12:15:13.127744,1779812113.127744,2420,231331.0,INS_SOLUTION_GOOD,good,43.5158208675,-79.68204897214,155.9609,-37.1,2.691755985,-0.23161949,190.818307555,0.2041,0.2118,0.6338,-10.6893,-4.7367,-0.296,11.6918,0.1763,0.1673,0.0877,-0.0164713011856894,-0.0005432232973014,-0.0001068197556819,0.0013126319028853083,0.0005632623456893631,0.000783547239654285,2.29097485721e-05,9.8307824848e-06,1.36754791769e-05,-30724216,-184943,164784537,522817,274075,352996,-1.8389992238549808,-0.011069770940856935,9.863185301336976,0.12087191429901123,0.06336437015533447,0.08161039572143555,61,fe1cfe00,43.51591639197,-79.68199434529,156.6587,-37.1,SOL_COMPUTED,INS_PSRSP,good,1.3206,1.0258,1.8849,20,19,0.0,0.0,1,0,0,0,0,0,0,0,0,—,—,0.0,0.0,0.0,0.0
2026-05-26 12:15:14.030823,1779812114.030823,2420,231332.0,INS_SOLUTION_GOOD,good,43.51572930907,-79.68210911773,155.6879,-37.1,2.652248784,0.029363045,190.766458811,0.2123,0.2212,0.6094,-10.9843,-3.2323,-0.2833,11.4500,0.1916,0.1812,0.0914,-0.0157146044638496,-0.0001109754871558,-0.0009144297535439,-0.00024552639941702905,-0.0003945168175358398,0.0048524115523019655,-4.2852440704e-06,-6.8856174205e-06,8.46905582496e-05,-31023676,3691180,163202980,-476128,199264,2136200,-1.8569234145837406,0.2209357320983887,9.768521141461184,-0.11007771899414062,0.04606855004882812,0.49387564544677737,61,fe15fe00,43.51582342003,-79.68206740461,156.29,-37.1,SOL_COMPUTED,INS_PSRSP,good,1.3743,1.0931,1.9373,21,20,0.0,0.0,1,0,0,0,0,0,0,0,0,—,—,0.0,0.0,0.0,0.0
2026-05-26 12:15:15.019753,1779812115.019753,2420,231333.0,INS_SOLUTION_GOOD,good,43.51563921133,-79.68215339115,155.4416,-37.1,2.932134129,0.402838525,191.065926777,0.2176,0.2279,0.59,-11.0506,-1.9588,-0.3045,11.2229,0.2082,0.1954,0.0964,-0.0152419036498707,0.0024664060969587,-0.0004673971035238,0.01330743848280616,0.00391666692087413,-0.000466225074133734,0.0002322586165319,6.83587334733e-05,-8.137162599e-06,-30420338,8028891,162663228,4735070,1971319,-82141,-1.8208105935528567,0.48056960403533944,9.736214263099367,1.0947176071929932,0.45575622296905516,-0.018990468772888184,61,fe0ffe00,43.51573186328,-79.68212754694,156.018,-37.1,SOL_COMPUTED,INS_PSRSP,good,1.431,1.1544,1.9872,21,20,0.0,0.0,1,0,0,0,0,0,0,0,0,—,—,0.0,0.0,0.0,0.0
2026-05-26 12:15:16.018064,1779812116.018064,2420,231334.0,INS_ALIGNMENT_COMPLETE,good,43.51556461481,-79.68219821869,155.3254,-37.1,1.887161266,-0.048823276,192.211134403,0.2215,0.2336,0.5706,-10.9169,-0.6655,-0.1044,10.9372,0.2222,0.2016,0.1015,-0.0174712545019118,-0.0018726871889446,0.0068210376153165,-0.008246424639891432,0.006502954853174355,-0.008610439829405457,-0.0001439272614839,0.0001134979732966,-0.0001502805250682,-32384628,-56809,173838343,-3803855,4084843,-3664953,-1.9383832530285647,-0.0034003050527954106,10.405101235235293,-0.8794267125320434,0.9443893236465454,-0.8473134670944213,61,fe09fe00,43.51564185684,-79.68217181615,155.7642,-37.1,SOL_COMPUTED,INS_PSRSP,good,1.5001,1.2265,2.0336,21,20,0.0,0.0,1,0,0,0,0,0,0,0,0,—,—,0.0,0.0,0.0,0.0
2026-05-26 12:15:17.026754,1779812117.026754,2420,231335.0,INS_ALIGNMENT_COMPLETE,good,43.51550260382,-79.68222976856,155.2824,-37.1,1.895958199,-0.659858107,193.330962105,0.2227,0.2367,0.5565,-10.5976,0.9496,-0.0387,10.6401,0.2347,0.2046,0.1071,-0.0228274282466076,0.0012748348297284,-0.000102034260438,-0.007968573895531777,-0.006639435843547644,0.0010781179059808767,-0.0001390778511657,-0.000115880015945,1.88167071841e-05,-41035308,3373913,163705712,-4308868,-2679740,466538,-2.4561700634655765,0.20194570264556888,9.798612186186524,-0.9961824570007324,-0.6195385835266113,0.10786057292175293,61,fe03fe00,43.5155674956,-79.68221649952,155.6756,-37.1,SOL_COMPUTED,INS_PSRSP,good,1.5429,1.2545,2.0778,21,20,0.0,0.0,1,0,0,0,0,0,0,0,0,—,—,0.0,0.0,0.0,0.0
2026-05-26 12:15:18.030688,1779812118.030688,2420,231336.0,INS_ALIGNMENT_COMPLETE,good,43.51545660553,-79.68224411399,155.1982,-37.1,1.744414788,-0.853074837,194.029495637,0.2234,0.2381,0.5495,-9.9433,2.4843,0.0112,10.2489,0.2445,0.2061,0.1134,-0.0145447070259919,-0.0030155974390254,0.0001969177094385,-4.4174612229635465e-05,-0.010095308842913915,-0.0002233230798510139,-7.709924292e-07,-0.0001761963783148,-3.8977230391e-06,-24891084,-4477234,164489711,-73330,-4321905,-148597,-1.489856865897217,-0.2679850268927002,9.845538478870546,-0.016953422470092773,-0.9991965272140503,-0.034354666831970214,61,fdfdfe00,43.5155057113,-79.68224797998,155.6324,-37.1,SOL_COMPUTED,INS_PSRSP,good,1.5805,1.2479,2.1055,23,22,0.0,0.0,1,0,0,0,0,0,0,0,0,—,—,0.0,0.0,0.0,0.0
2026-05-26 12:15:19.029489,1779812119.029489,2420,231337.0,INS_ALIGNMENT_COMPLETE,good,43.515436403,-79.68225772868,154.8757,-37.1,2.024344786,-0.593756813,194.541891126,0.2257,0.2402,0.5482,-8.3447,1.9941,0.0524,8.5797,0.2503,0.2054,0.1201,0.0012266967885884,-0.0059633903463122,-0.0002362758639408,-0.0038563367773269846,0.005092431217205146,-0.00048553147655118516,-6.73057738302e-05,8.88796916717e-05,-8.4741228879e-06,-2418645,-8844900,166581067,-1425035,2205840,-133684,-0.14476809685821534,-0.5294118565979005,9.970716679049989,-0.3294588898086548,0.5099759637451172,-0.030906877532958985,61,fdf7fe00,43.51545986086,-79.68226226483,155.5521,-37.1,SOL_COMPUTED,INS_PSRSP,good,1.6087,1.2357,2.1283,25,23,0.0,0.0,1,0,0,0,0,0,0,0,0,—,—,0.0,0.0,0.0,0.0
2026-05-26 12:15:20.024282,1779812120.024282,2420,231338.0,INS_ALIGNMENT_COMPLETE,good,43.51544446569,-79.68228926931,154.2253,-37.1,2.53823458,0.120881105,194.832019542,0.2274,0.2417,0.5501,-6.1903,0.8822,0.0617,6.2528,0.2486,0.2023,0.1251,0.0092238212086215,-0.0052625016094191,-0.000615201780191,5.4860337360674396e-05,-0.0026399591563645835,-0.000826422138275497,9.574935157e-07,-4.60759793968e-05,-1.44237873243e-05,12266770,-5407866,163252073,2901,-839903,-335728,0.7342280274688722,-0.3236880438775635,9.771459605013733,0.0006706924667358398,-0.19418014990997315,-0.07761814562988281,61,fdf1fe00,43.51543979493,-79.68227585437,155.2221,-37.1,SOL_COMPUTED,INS_PSRSP,good,1.6049,1.2022,2.1394,25,23,0.0,0.0,1,0,0,0,0,0,0,0,0,—,—,0.0,0.0,0.0,0.0
2026-05-26 12:15:21.025023,1779812121.025023,2420,231339.0,INS_ALIGNMENT_COMPLETE,good,43.5154632976,-79.68232640743,154.2716,-37.1,2.681730976,0.6288947,194.822633767,0.2295,0.2433,0.5545,-3.6841,-1.3258,0.0284,3.9154,0.2466,0.2041,0.1296,0.0240210996523454,-0.0081366660591275,-0.0002520658947448,0.0076780052476392475,0.007256677438070551,-0.0008002949204008019,0.0001340064715569,0.0001266529140497,-1.3967781348e-05,35882342,-8436307,163705508,3107392,4365605,-480511,2.1477390696673586,-0.5049555056246949,9.798599975758059,0.7184089643554687,1.0092996850204468,-0.11109104029083253,61,fdebfe00,43.51544796708,-79.68230739455,154.5581,-37.1,SOL_COMPUTED,INS_PSRSP,good,1.5713,1.1282,2.1306,26,24,0.0,0.0,1,0,0,0,0,0,0,0,0,—,—,0.0,0.0,0.0,0.0
2026-05-26 12:15:22.036547,1779812122.036547,2420,231340.0,INS_ALIGNMENT_COMPLETE,good,43.51549323887,-79.68238332681,154.508,-37.1,3.25697669,1.262662552,194.70816615,0.2307,0.2445,0.5598,-1.3723,-3.4631,-0.088,3.7251,0.2438,0.2073,0.1337,0.0198094079505428,-0.0070788907071365,0.0019623620315397,-0.003189477343401615,-0.01462240196330374,-0.00067077940805757,-5.56668810602e-05,-0.0002552090588101,-1.17073092252e-05,28086234,-6008508,165704894,-1213614,-5369621,-449836,1.681102701758423,-0.3596394957165528,9.918273307770388,-0.2805797198638916,-1.241421700767517,-0.10399917837524414,61,fde5fe00,43.51546682263,-79.68234453468,154.6006,-37.1,SOL_COMPUTED,INS_PSRSP,good,1.5588,1.0943,2.1367,26,24,0.0,0.0,1,0,0,0,0,0,0,0,0,—,—,0.0,0.0,0.0,0.0
2026-05-26 12:15:23.024040,1779812123.024040,2420,231341.0,INS_ALIGNMENT_COMPLETE,good,43.51551676319,-79.68245012347,154.9087,-37.1,3.235339011,1.448062949,193.77319145,0.2313,0.2456,0.5656,0.3095,-5.0791,-0.1164,5.0885,0.2443,0.2107,0.1381,0.0189972390514142,-0.0070609661608377,-0.0005401329211234,-0.004835161507380323,-0.004216303564516969,0.01870602224197934,-8.43894881696e-05,-7.35883794645e-05,0.0003264816780743,25155871,-4625436,165505683,-2131795,-617475,8468670,1.5057057027719118,-0.27685566375366216,9.906349525097353,-0.49285723789215086,-0.14275623264312745,1.9579018173980713,61,fddffe00,43.51549677304,-79.68240149186,154.8218,-37.1,SOL_COMPUTED,INS_PSRSP,good,1.5376,1.0721,2.14,27,25,0.0,0.0,1,0,0,0,0,0,0,0,0,—,—,0.0,0.0,0.0,0.0
2026-05-26 12:15:24.022010,1779812124.022010,2420,231342.0,INS_ALIGNMENT_COMPLETE,good,43.51552795115,-79.68252232285,155.1043,-37.1,5.776269775,1.977279218,191.508113562,0.2289,0.2439,0.5697,1.2686,-6.3639,-0.4462,6.4891,0.2475,0.2132,0.1429,0.0161446490475502,-0.0060845194837594,0.0056754552992228,-0.005025138818693159,-0.008822917424979882,0.019579751706288326,-8.77052177561e-05,-0.0001539889586977,0.0003417311339982,14041470,-3209544,175706513,-2728377,-3143055,8473309,0.8404527696258546,-0.19210738932861332,10.516920628121644,-0.6307831438522339,-0.7266540196609497,1.9589743242416382,61,fdd9fe00,43.51552008997,-79.6824683607,155.2232,-37.1,SOL_COMPUTED,INS_PSRSP,good,1.5209,1.0608,2.1437,27,25,0.0,0.0,1,0,0,0,0,0,0,0,0,—,—,0.0,0.0,0.0,0.0
2026-05-26 12:15:25.017960,1779812125.017960,2420,231343.0,INS_ALIGNMENT_COMPLETE,good,43.51552316174,-79.68259730183,155.1751,-37.1,5.085298772,2.154056378,191.21451543,0.2256,0.2411,0.5724,1.9569,-7.3829,-0.4338,7.6378,0.2489,0.2117,0.1463,0.0128214665717124,-0.0089520803805668,0.0018791267731588,0.0074293988342971394,-0.00784637950413199,-0.00465782476972702,0.0001296674711025,-0.0001369451567083,-8.12943782128e-05,10997786,-4790864,169621545,2856608,-3259201,-2093591,0.6582729374810792,-0.2867573635595704,10.152704615931704,0.6604293229980469,-0.7535062248458863,-0.48402471979522704,61,fdd3fe00,43.51553077846,-79.68254087563,155.3511,-37.1,SOL_COMPUTED,INS_PSRSP,good,1.5113,1.0592,2.1491,28,25,0.0,0.0,1,0,0,0,0,0,0,0,0,—,—,0.0,0.0,0.0,0.0
2026-05-26 12:15:26.030612,1779812126.030612,2420,231344.0,INS_ALIGNMENT_COMPLETE,good,43.51550383805,-79.68267399941,155.3864,-37.1,4.389003329,3.604380669,191.504665212,0.2238,0.2395,0.5739,2.1486,-7.9419,-0.3622,8.2274,0.2529,0.2123,0.151,0.0085103488943443,-0.0084566432170325,0.0013936629899901,0.030826248330918078,-0.026869133804098402,0.0011564536190296188,0.0005380195294127,-0.0004689548520411,2.01839232987e-05,7926227,1737416,168292023,12010314,-10438951,1171549,0.4744246460543824,0.1039931067895508,10.073126021441347,2.7767070399627687,-2.413418061470032,0.2708545634994507,61,fdcdfe00,43.51552592731,-79.68261583303,155.4405,-37.1,SOL_COMPUTED,INS_PSRSP,good,1.4904,1.0515,2.113,28,25,0.0,0.0,1,0,0,0,0,0,0,0,0,—,—,0.0,0.0,0.0,0.0
2026-05-26 12:15:27.017302,1779812127.017302,2420,231345.0,INS_ALIGNMENT_COMPLETE,good,43.51546433391,-79.68274722148,155.5253,-37.1,2.726220784,2.599865414,191.444088879,0.2235,0.2391,0.5746,1.6477,-8.2118,-0.1054,8.3755,0.2538,0.2095,0.1545,0.0062348564436828,-0.0107495598479755,0.0027813916302873,-0.0024588533993801284,-0.009401201483947703,-0.0028570913269028485,-4.29150876431e-05,-0.0001640819195385,-4.98656506847e-05,5492493,-7617962,167781170,-191569,-3322407,-1007342,0.3287533964749146,-0.45597343168518073,10.042548893923952,-0.04428951573944092,-0.7681190438919068,-0.23289096546936036,61,fdc7fe00,43.51550673489,-79.68269245114,155.6701,-37.1,SOL_COMPUTED,INS_PSRSP,good,1.4943,1.0585,2.1194,28,24,0.0,0.0,1,0,0,0,0,0,0,0,0,—,—,0.0,0.0,0.0,0.0
2026-05-26 12:15:28.023945,1779812128.023945,2420,231346.0,INS_ALIGNMENT_COMPLETE,good,43.51540627023,-79.68281842663,156.0359,-37.1,1.843139362,1.991772182,191.661066863,0.2252,0.2394,0.5749,0.7834,-8.0433,0.0593,8.0814,0.2533,0.208,0.1581,0.0056697577866323,-0.006303656371885,0.0011022340134916,0.007337250315084506,-0.006408060976205002,-0.009053566706580722,0.0001280591760414,-0.0001118417627035,-0.000158014548079,7933624,-1800266,163308197,2189395,-2586635,-3986531,0.47486739379638676,-0.10775499614807131,9.7748189093631,0.5061739859390259,-0.5980133087539673,-0.9216602240982056,61,fdc1fe00,43.51546717356,-79.68276557694,155.8535,-37.1,SOL_COMPUTED,INS_PSRSP,good,1.4937,1.0421,2.0912,29,26,0.0,0.0,1,0,0,0,0,0,0,0,0,—,—,0.0,0.0,0.0,0.0
2026-05-26 12:15:29.025190,1779812129.025190,2420,231347.0,INS_ALIGNMENT_COMPLETE,good,43.51534022834,-79.6828927603,156.8522,-37.1,1.429271765,1.431474586,192.034721667,0.2254,0.2385,0.5743,-0.1855,-7.9374,0.1775,7.9396,0.2534,0.208,0.1622,0.0055548323718827,-0.0056138021051911,-0.0009094174417766,0.0017726466702774352,0.001867787966614512,-0.005650539353607231,3.09385208709e-05,3.25990497466e-05,-9.86205162341e-05,7856043,-2184444,164393081,725924,858102,-2694501,0.47022377982147223,-0.130749986282959,9.839754686210023,0.1678289411315918,0.1983876411895752,-0.6229512314071656,61,fdbbfe00,43.51540912676,-79.68283671059,156.3875,-37.1,SOL_COMPUTED,INS_PSRSP,good,1.4854,1.0416,2.0765,30,27,0.0,0.0,1,0,0,0,0,0,0,0,0,—,—,0.0,0.0,0.0,0.0
2026-05-26 12:15:30.042535,1779812130.042535,2420,231348.0,INS_ALIGNMENT_COMPLETE,good,43.51526460452,-79.68298446666,156.507,-37.1,1.090533242,0.827153125,191.67497723,0.2271,0.2384,0.5747,-1.3966,-8.1238,0.1814,8.2430,0.2552,0.2127,0.1671,0.0043829664973111,-0.0033732530595645,-0.000661712411729,0.0006220167149596181,-0.0014613578727921427,0.0027787380018190334,1.08562396785e-05,-2.55055064302e-05,4.84981271821e-05,7383077,330861,165991318,806735,-593266,1035736,0.44191438026153573,0.019803698887023928,9.935417228178101,0.18651192249298096,-0.13715926817321777,0.23945547491455077,61,fdb5fe00,43.51534313774,-79.68291099541,157.2148,-37.1,SOL_COMPUTED,INS_PSRSP,good,1.5041,1.0565,2.0919,28,25,0.0,0.0,1,0,0,0,0,0,0,0,0,—,—,0.0,0.0,0.0,0.0
2026-05-26 12:15:31.024588,1779812131.024588,2420,231349.0,INS_ALIGNMENT_COMPLETE,good,43.51517031142,-79.683054349,157.645,-37.1,0.456166305,0.033471287,190.962481768,0.2283,0.2394,0.5763,-2.9484,-7.8502,0.3468,8.3856,0.2524,0.2069,0.1698,0.0043876826888864,-0.0023437594888048,0.0005917206851275,0.0008016630169976292,0.0039125378429871035,0.0013341045931855038,1.39916591381e-05,6.82866674691e-05,2.32845177171e-05,8263251,2204163,166505267,457102,2403820,407378,0.4945972315621949,0.13193026784637454,9.966179666903994,0.10567903065490723,0.5557476612854004,0.0941831629486084,61,fdb0fe00,43.51526739303,-79.6830027101,156.8786,-37.1,SOL_COMPUTED,INS_PSRSP,good,1.5459,1.1118,2.1295,27,24,0.0,0.0,1,0,0,0,0,0,0,0,0,—,—,0.0,0.0,0.0,0.0
2026-05-26 12:15:32.046150,1779812132.046150,2420,231350.0,INS_ALIGNMENT_COMPLETE,good,43.51507401949,-79.68312941364,158.1636,-37.1,0.077889902,-0.528627074,190.66636772,0.2297,0.2404,0.5791,-4.2969,-7.6262,0.3741,8.7534,0.2525,0.2051,0.1731,0.0016650842873818,0.0001233385425388,-0.0027097524517063,-6.574930218393426e-06,-0.0071746442818301495,-0.001648941456041794,-1.147541804e-07,-0.0001252211653775,-2.87794575806e-05,4878003,3362738,161157911,-161213,-2443332,-803640,0.2919730720211792,0.2012768225567627,9.646113451587832,-0.03727140456390381,-0.5648825805358887,-0.1857963784790039,61,fdaafe00,43.51517288339,-79.68307259901,158.0333,-37.1,SOL_COMPUTED,INS_PSRSP,good,1.5445,1.0852,2.1375,28,25,0.0,0.0,1,0,0,0,0,0,0,0,0,—,—,0.0,0.0,0.0,0.0
2026-05-26 12:15:33.015789,1779812133.015789,2420,231351.0,INS_ALIGNMENT_COMPLETE,good,43.51497028943,-79.68320664917,158.7621,-37.1,-0.315105888,-1.115915669,190.331415981,0.2339,0.244,0.5842,-5.6563,-7.4047,0.4338,9.3179,0.2522,0.2051,0.1759,0.002512801222829,-0.0007927410279295,0.0016789413892645,-0.006898618991588309,0.002375537602493305,-0.00436409672399956,-0.000120403615244,4.14609526685e-05,-7.61678567094e-05,10338053,-3904395,168677703,-2900800,2193254,-1831637,0.6187845913845826,-0.23369772477264408,10.096210913848573,-0.6706462280273437,0.507066161819458,-0.42346264656829835,61,fda3fe00,43.51507648373,-79.68314765914,158.5617,-37.1,SOL_COMPUTED,INS_PSRSP,good,1.5632,1.0715,2.168,27,24,0.0,0.0,1,0,0,0,0,0,0,0,0,—,—,0.0,0.0,0.0,0.0
2026-05-26 12:15:34.021779,1779812134.021779,2420,231352.0,INS_ALIGNMENT_COMPLETE,good,43.51486123391,-79.68328496033,159.3922,-37.1,-0.460348514,-1.556151382,190.735128649,0.2378,0.2472,0.5903,-6.8227,-7.1114,0.4305,9.8550,0.2509,0.2063,0.1784,-0.0009171591345071,0.0020526332453982,0.0021312239118272,0.008297922653465184,0.0013797374206241538,-0.003119304287836382,0.000144826071379,2.40809608029e-05,-5.44421301944e-05,5743735,4377357,166525769,2582885,-430187,-1350740,0.34379149681243903,0.2620068849124146,9.967406814964907,0.5971463329696656,-0.09945645645904541,-0.3122823655700684,61,fd9efe00,43.51497263397,-79.68322489001,159.1704,-37.1,SOL_COMPUTED,INS_PSRSP,good,1.5739,1.0618,2.1963,27,24,0.0,0.0,1,0,0,0,0,0,0,0,0,—,—,0.0,0.0,0.0,0.0
2026-05-26 12:15:35.022462,1779812135.022462,2420,231353.0,INS_ALIGNMENT_COMPLETE,good,43.51475097358,-79.68336700926,159.9142,-37.1,-0.565462112,-1.863471774,190.463281262,0.2387,0.2479,0.5956,-8.1079,-6.8358,0.4134,10.6050,0.2512,0.2083,0.1805,-0.004025137090136,0.0066112292047688,0.000296681955737,-0.008403615217626902,-0.0001283801068100164,0.0018808099561697764,-0.0001466707546185,-2.2406555579e-06,3.28263263395e-05,-2686268,8852004,166380074,-4520140,709739,791808,-0.16078668263061527,0.5298370668127442,9.958686234692994,-1.045027179107666,0.1640870736465454,0.183060896484375,61,fd98fe00,43.51486364203,-79.68330317282,159.8042,-37.1,SOL_COMPUTED,INS_PSRSP,good,1.561,1.0507,2.2188,28,25,0.0,0.0,1,0,0,0,0,0,0,0,0,—,—,0.0,0.0,0.0,0.0
2026-05-26 12:15:36.022275,1779812136.022275,2420,231354.0,INS_ALIGNMENT_COMPLETE,good,43.51463877591,-79.68344951544,160.3305,-37.1,-0.670412811,-2.448279526,190.167885073,0.2416,0.2513,0.6021,-9.2765,-6.3266,0.386,11.2285,0.2538,0.2112,0.1821,-0.0052787501272104,0.0032924153732383,7.13230072233e-05,-0.005639388873153337,0.002724872632294951,0.00250912623468018,-9.8425903637e-05,4.75579991311e-05,4.37925141434e-05,-4761855,649356,164457639,-3050044,-106576,1075355,-0.28502102866058354,0.038867230330810555,9.843618807979432,-0.7051504770812989,-0.02463968298339844,0.24861513187408446,61,fd92fe00,43.51475329784,-79.68338523319,160.3288,-37.1,SOL_COMPUTED,INS_PSRSP,good,1.5531,1.0464,2.2398,28,25,0.0,0.0,1,0,0,0,0,0,0,0,0,—,—,0.0,0.0,0.0,0.0
2026-05-26 12:15:37.027373,1779812137.027373,2420,231355.0,INS_ALIGNMENT_COMPLETE,good,43.5145272402,-79.68353319463,160.514,-37.1,-0.069576813,-2.881830234,190.129830178,0.2437,0.2531,0.608,-10.2357,-5.8317,0.219,11.7804,0.2563,0.2167,0.1823,-0.0093700420988336,0.0039148848613238,-0.0026744387352512,0.006590996459441021,0.00313386314303859,-0.0013092315673307359,0.0001150345892047,5.4696230153e-05,-2.2850401521e-05,-11420519,3719305,165167012,1973408,1602556,-634593,-0.68357563874115,0.22261915514068606,9.886078358336183,0.4562391862792969,0.37050059866333007,-0.1467138037033081,61,fd8cfe00,43.51464099267,-79.6834677558,160.7477,-37.1,SOL_COMPUTED,INS_PSRSP,good,1.5656,1.0507,2.2625,27,24,0.0,0.0,1,0,0,0,0,0,0,0,0,—,—,0.0,0.0,0.0,0.0
2026-05-26 12:15:38.028275,1779812138.028275,2420,231356.0,INS_ALIGNMENT_COMPLETE,good,43.51441818946,-79.68361303435,160.6029,-37.1,0.150473708,-2.780394652,190.293245207,0.2465,0.2564,0.6142,-11.0181,-5.29,0.1065,12.2222,0.2568,0.2176,0.1797,-0.008500135949051,0.0048310989396963,-0.0007549136260043,0.0031105243881169066,-0.004022733824094941,-0.001292311233161001,5.42888920363e-05,-7.02099501619e-05,-2.25550859792e-05,-8920090,3425673,161449716,538554,-1196742,-318375,-0.5339123571685792,0.20504379959381105,9.66357945197388,0.12451020707702637,-0.2766790224151611,-0.07360624408721923,61,fd86fe00,43.51452943464,-79.68355149449,160.9153,-37.1,SOL_COMPUTED,INS_PSRSP,good,1.5874,1.0926,2.3026,26,23,0.0,0.0,1,0,0,0,0,0,0,0,0,—,—,0.0,0.0,0.0,0.0
2026-05-26 12:15:39.036365,1779812139.036365,2420,231357.0,INS_ALIGNMENT_COMPLETE,good,43.51431427327,-79.68369169607,160.5754,-37.1,0.232619939,-2.615208262,190.497522066,0.247,0.2588,0.6197,-11.5454,-4.8854,0.0566,12.5365,0.2547,0.2108,0.1736,-0.0072046160542537,0.0039877540308728,-0.0032051801620455,0.0011024076734110033,-0.0009561205457370195,-0.000643326991302862,1.92406436003e-05,-1.66874515691e-05,-1.12281741652e-05,-9417530,1359734,161434838,700846,124815,-332120,-0.5636866490142823,0.08138693500427248,9.662688928666384,0.1620310694732666,0.028856422004699706,-0.07678399932861328,61,fd80fe00,43.51442043359,-79.68363134195,160.9985,-37.1,SOL_COMPUTED,INS_PSRSP,good,1.6033,1.1201,2.3353,26,23,0.0,0.0,1,0,0,0,0,0,0,0,0,—,—,0.0,0.0,0.0,0.0
2026-05-26 12:15:40.021985,1779812140.021985,2420,231358.0,INS_ALIGNMENT_COMPLETE,good,43.51421719293,-79.68377000725,160.8392,-37.1,-0.287396249,-2.720076592,190.754137635,0.2479,0.2606,0.6246,-11.7831,-4.9094,0.1069,12.7649,0.2526,0.2066,0.165,0.0118166375101701,0.0050847655635374,-0.0066371343759399,-0.003075051406724332,0.02163469092939859,0.003841367532578403,-5.36697717155e-05,0.0003775965893699,6.70445112228e-05,29410455,2102821,168991926,-1693274,14309940,1602439,1.7603640046737674,0.12586443823028567,10.115018744555055,-0.39147401445007324,3.308365721282959,0.37047354901885987,61,fd7bfe00,43.51431657718,-79.68370999667,160.9687,-37.1,SOL_COMPUTED,INS_PSRSP,good,1.5879,1.0826,2.3274,29,26,0.0,0.0,1,0,0,0,0,0,0,0,0,—,—,0.0,0.0,0.0,0.0
2026-05-26 12:15:41.024613,1779812141.024613,2420,231359.0,INS_ALIGNMENT_COMPLETE,good,43.51412661396,-79.6838519938,161.0991,-37.1,0.702711702,-2.39392454,190.31580337,0.2476,0.2611,0.6284,-11.9029,-5.1095,0.0091,12.9532,0.2515,0.2051,0.1569,-0.0032827410572952,0.0083783014515339,-0.0064553417001897,-0.009927486402148147,-0.0030917199801219963,0.004527876619857581,-0.0001732673241647,-5.39606932029e-05,7.90263551407e-05,-4242199,7813752,153662816,-5231587,-1897839,1988537,-0.2539169972128296,0.4676924502612305,9.197494229287111,-1.2095091313247681,-0.4387681214675903,0.4597369133834839,61,fd75fe00,43.51421953848,-79.68378825252,161.2461,-37.1,SOL_COMPUTED,INS_PSRSP,good,1.5713,1.0553,2.2973,28,25,0.0,0.0,1,0,0,0,0,0,0,0,0,—,—,0.0,0.0,0.0,0.0
2026-05-26 12:15:42.024934,1779812142.024934,2420,231360.0,INS_ALIGNMENT_COMPLETE,good,43.51404091295,-79.68393814385,161.3334,-37.1,0.635039097,-2.77761616,189.893743004,0.2452,0.2597,0.6313,-11.8117,-5.4542,0.0908,13.0102,0.2505,0.2045,0.1497,-0.0020398580913845,-0.0030226863005522,0.0013466029391659,-0.01290331924762859,0.00014739859705305974,0.004250543076478181,-0.0002252054053074,2.5725908314e-06,7.41859716825e-05,-1129479,-9576144,166662235,-4263497,357007,2074805,-0.06760501242279053,-0.5731804965673829,9.975574993058778,-0.9856929747848511,0.08253771302032471,0.47968151790618896,61,fd6ffe00,43.51412889897,-79.68387033863,161.4802,-37.1,SOL_COMPUTED,INS_PSRSP,good,1.5598,1.0394,2.2696,28,25,0.0,0.0,1,0,0,0,0,0,0,0,0,—,—,0.0,0.0,0.0,0.0
2026-05-26 12:15:43.024969,1779812143.024969,2420,231361.0,INS_ALIGNMENT_COMPLETE,good,43.51397008052,-79.68402079962,162.0799,-37.1,0.8744329,-2.416441826,189.553834028,0.2422,0.2575,0.6341,-11.3252,-5.4572,0.1497,12.5714,0.2491,0.2044,0.1434,-0.0020178212109367,0.0002261178731099,0.0019266988859675,0.0014981129701679566,-0.0012253693231309433,-0.0011452288139462308,2.61470038963e-05,-2.13867292416e-05,-1.99880134921e-05,-3870747,-3548343,164440175,884682,-357653,-476734,-0.23168372233612064,-0.21238621753509523,9.842573499534609,0.20453276554870606,-0.08268706404876709,-0.1102178222808838,61,fd69fe00,43.51404307537,-79.68395651145,161.7161,-37.1,SOL_COMPUTED,INS_PSRSP,good,1.5516,1.0287,2.2397,27,25,0.0,0.0,1,0,0,0,0,0,0,0,0,—,—,0.0,0.0,0.0,0.0
2026-05-26 12:15:44.031630,1779812144.031630,2420,231362.0,INS_ALIGNMENT_COMPLETE,good,43.5139012928,-79.68410400871,162.7063,-37.1,1.420127778,-1.627031866,189.857277746,0.2393,0.2556,0.6374,-10.6884,-5.6392,0.1559,12.0848,0.2487,0.2035,0.1378,-0.0015637699397408,0.0002871624594576,-0.0018338089836623,0.009134229113595863,0.011948010367420226,-0.0037607128470347174,0.000159422372664,0.0002085321199742,-6.56368214029e-05,-3860652,-1903490,163362611,3630844,5243393,-1643806,-0.2310794856921387,-0.11393347295227052,9.778075861591493,0.839427686553955,1.2122386022872924,-0.3800373322906494,61,fd63fe00,43.51397218928,-79.6840391984,162.4565,-37.1,SOL_COMPUTED,INS_PSRSP,good,1.5328,1.0215,2.209,28,25,0.0,0.0,1,0,0,0,0,0,0,0,0,—,—,0.0,0.0,0.0,0.0
2026-05-26 12:15:45.021438,1779812145.021438,2420,231363.0,INS_ALIGNMENT_COMPLETE,good,43.5138344887,-79.68418941242,163.0068,-37.1,1.31551459,-1.491316769,190.43861844,0.2368,0.2535,0.6412,-10.0752,-5.8788,0.1742,11.6649,0.2486,0.2039,0.1339,-0.0003370782577028,-0.0024420173115787,-0.0055766684757729,0.0010295623135830284,0.00038189197706245046,-0.0053663682808869646,1.79692522265e-05,6.6652723867e-06,-9.36607953762e-05,-1087701,-2562336,163000202,518763,377893,-2377024,-0.06510438849884034,-0.15336872762695314,9.756383855855104,0.1199346556777954,0.08736642134857178,-0.5495525991210938,61,fd5dfe00,43.51390352758,-79.68412242291,163.0687,-37.1,SOL_COMPUTED,INS_PSRSP,good,1.5239,1.02,2.1813,28,25,0.0,0.0,1,0,0,0,0,0,0,0,0,—,—,0.0,0.0,0.0,0.0
2026-05-26 12:15:46.021189,1779812146.021189,2420,231364.0,INS_ALIGNMENT_COMPLETE,good,43.51376236807,-79.68426977942,163.9047,-37.1,1.336453141,-1.322393063,190.610584523,0.2356,0.2523,0.6455,-9.6885,-6.0114,0.2329,11.4019,0.2531,0.2088,0.1312,-0.000272873460915,-0.0008197987406519,-0.0010742406472881,0.0006110208727149281,0.0037049124970270756,0.000888666404551163,1.06643260273e-05,6.46629215715e-05,1.55101547113e-05,688188,1797394,161592022,390466,1816714,249637,0.04119152130249024,0.10758309246887209,9.672097183510132,0.09027321775817872,0.4200125453338623,0.05771446236419678,61,fd58fe00,43.51383686527,-79.68420778461,163.372,-37.1,SOL_COMPUTED,INS_PSRSP,good,1.5251,1.0401,2.1811,28,25,0.0,0.0,1,0,0,0,0,0,0,0,0,—,—,0.0,0.0,0.0,0.0
2026-05-26 12:15:47.014801,1779812147.014801,2420,231365.0,INS_ALIGNMENT_COMPLETE,good,43.51369693186,-79.6843619917,164.0407,-37.1,1.556998291,-1.060279045,190.368633775,0.2319,0.25,0.6507,-9.2708,-6.3339,0.222,11.2279,0.2511,0.2039,0.1272,-9.7067417871e-05,-0.0004745196244982,-5.59783322641e-05,0.004885260126113701,0.005973467685699966,0.005811510770718681,8.52638740172e-05,0.0001042566788771,0.0001014299974643,-2668937,-1663845,164521822,2295126,2574201,2666832,-0.15974933490631105,-0.0995895115310669,9.847460484108277,0.5306183103790283,0.5951386482467651,0.6165543372802734,61,fd52fe00,43.51376479445,-79.68428814065,164.2694,-37.1,SOL_COMPUTED,INS_PSRSP,good,1.5863,1.1046,2.2089,25,22,0.0,0.0,1,0,0,0,0,0,0,0,0,—,—,0.0,0.0,0.0,0.0
2026-05-26 12:15:48.019640,1779812148.019640,2420,231366.0,INS_ALIGNMENT_COMPLETE,good,43.51363115797,-79.68445735659,164.0288,-37.1,1.81910927,-0.372572333,189.225949697,0.2292,0.2469,0.6562,-9.0901,-6.6683,0.1671,11.2737,0.2463,0.1999,0.1235,-4.44612085711e-05,0.001997007652062,-0.000454281732318,0.0014157185848647413,-0.0005644205133632775,0.011349812648516762,2.47089505876e-05,-9.850996324e-06,0.0001980916002014,-2109724,4337645,164989893,375667,-235176,4843627,-0.12627761758178713,0.25962992150421144,9.875476893240053,0.08685178452301025,-0.054371172546386716,1.1198152845840454,61,fd4cfe00,43.51369932001,-79.68438037998,164.3996,-37.1,SOL_COMPUTED,INS_PSRSP,good,1.5871,1.0952,2.1847,27,24,0.0,0.0,1,0,0,0,0,0,0,0,0,—,—,0.0,0.0,0.0,0.0
2026-05-26 12:15:49.020337,1779812149.020337,2420,231367.0,INS_SOLUTION_GOOD,good,43.51355756686,-79.6845492324,164.3129,-37.1,1.752401808,-0.374651172,188.771487023,0.2263,0.2448,0.6617,-8.9558,-6.8854,0.1681,11.2967,0.2466,0.1971,0.1207,0.0007029608166748,-0.0018162321962207,-0.0006589848225278,-0.007776857753487419,-0.004375261979625514,-0.006421046464464063,-0.0001357317732578,-7.63627271819e-05,-0.0001120684022286,-510841,-897085,163238565,-3877241,-1337666,-2867559,-0.030576409256896978,-0.05369505990753175,9.7706510831131,-0.8963930818405151,-0.30925974119567873,-0.6629611234817505,61,fd46fe00,43.51363331974,-79.6844758178,164.3809,-37.1,SOL_COMPUTED,INS_PSRSP,good,1.5564,1.0846,2.1558,28,25,0.0,0.0,1,0,0,0,0,0,0,0,0,—,—,0.0,0.0,0.0,0.0
2026-05-26 12:15:50.016752,1779812150.016752,2420,231368.0,INS_SOLUTION_GOOD,good,43.5134857172,-79.68464211871,164.3995,-37.1,1.77085319,-0.336479896,189.799914879,0.2236,0.2421,0.6673,-8.4848,-7.0326,0.1455,11.0204,0.2429,0.1927,0.1175,0.0018051250588599,-0.0046175961061802,0.0003243911987471,-0.002523711977599962,-0.0012710112055831285,-0.010055454800537432,-4.40470833812e-05,-2.21833303672e-05,-0.0001755007940551,-2278804,-11863150,170138242,-676298,-158709,-4420230,-0.1363979079992676,-0.7100693356170655,10.183631536311648,-0.15635573039245607,-0.036692495933532715,-1.0219286322784424,61,fd40fe00,43.51355962108,-79.68456771142,164.6668,-37.1,SOL_COMPUTED,INS_PSRSP,good,1.5842,1.0797,2.1527,25,23,0.0,0.0,1,0,0,0,0,0,0,0,0,—,—,0.0,0.0,0.0,0.0
2026-05-26 12:15:51.017084,1779812151.017084,2420,231369.0,INS_SOLUTION_GOOD,good,43.51341245676,-79.68473266874,164.5625,-37.1,1.778783433,-0.036215667,190.378124582,0.2232,0.2402,0.6728,-8.2581,-7.0951,0.1187,10.8875,0.2417,0.1949,0.115,-0.0007947942456831,-0.0006126380330694,-0.0026287791597958,0.004505709510725746,7.265716746849653e-05,-0.00465248094648603,7.86394661007e-05,1.2681067975e-06,-8.12011109026e-05,-3345181,970466,164009227,1586110,-1154819,-2092791,-0.20022594759307863,0.05808728270812989,9.816779089108582,0.3666983896636963,-0.2669866955337524,-0.4838397649612427,61,fd3bfe00,43.5134880147,-79.68466054491,164.7529,-37.1,SOL_COMPUTED,INS_PSRSP,good,1.568,1.0541,2.1352,26,23,0.0,0.0,1,0,0,0,0,0,0,0,0,—,—,0.0,0.0,0.0,0.0
2026-05-26 12:15:52.021946,1779812152.021946,2420,231370.0,INS_SOLUTION_GOOD,good,43.51333762049,-79.68482343292,164.5039,-37.1,1.719128549,-0.191355341,190.848361259,0.2233,0.2387,0.6783,-8.1149,-7.1292,0.0996,10.8017,0.2396,0.1975,0.1126,0.0001768002029753,-0.002686767592574,-0.0002756048496872,-0.00031043377252751265,0.00016711117411589028,-0.0038947795049345327,-5.41809144e-06,2.9166402052e-06,-6.79767260004e-05,-2160197,-1385919,163077496,61138,495999,-1663518,-0.1292986810916138,-0.08295423926605226,9.761010291433108,0.014134710800170898,0.11467176587677003,-0.38459461940002443,61,fd35fe00,43.51341490592,-79.68475105854,164.9158,-37.1,SOL_COMPUTED,INS_PSRSP,good,1.5796,1.0839,2.14,25,22,0.0,0.0,1,0,0,0,0,0,0,0,0,—,—,0.0,0.0,0.0,0.0
2026-05-26 12:15:53.018107,1779812153.018107,2420,231371.0,INS_SOLUTION_GOOD,good,43.51325945542,-79.68491747254,164.6327,-37.1,1.732626528,-0.381717237,190.798651915,0.2223,0.2377,0.6836,-8.19,-7.2263,0.0758,10.9222,0.2382,0.1964,0.1101,0.0004714729561168,0.0013919946895013,0.0005054225723558,-0.0053283042802211925,-0.0022125046022817693,0.0028508679752930746,-9.29964532381e-05,-3.86154900254e-05,4.97570327086e-05,-2516726,2490208,164176761,-2238655,396841,1292021,-0.15063873918395998,0.14905150319335939,9.826806843631898,-0.5175625798416138,0.0917470765914917,0.2987069119491577,61,fd2ffe00,43.5133401702,-79.68484179223,164.8587,-37.1,SOL_COMPUTED,INS_PSRSP,good,1.5823,1.1238,2.1493,26,23,0.0,0.0,1,0,0,0,0,0,0,0,0,—,—,0.0,0.0,0.0,0.0
2026-05-26 12:15:54.019952,1779812154.019952,2420,231372.0,INS_ALIGNMENT_COMPLETE,good,43.51317590546,-79.68501195816,164.8606,-37.1,1.847684105,-0.316617486,190.372489204,0.2254,0.2407,0.6897,-8.4222,-7.2994,0.0459,11.1452,0.2407,0.1982,0.1085,-0.0018163414768228,0.0032070172322168,-0.0010936942172467,-0.004946297568274323,-0.0049777918097059105,0.0014710156999331908,-8.63291783499e-05,-8.68788565583e-05,2.56740673124e-05,-4732252,7145090,161664150,-3234454,-2605022,532456,-0.2832491398669434,0.42766965849914557,9.676414407943726,-0.7477848782501221,-0.6022642644195557,0.12310038885498047,61,fd29fe00,43.5132619831,-79.68493583868,164.9871,-37.1,SOL_COMPUTED,INS_PSRSP,good,1.5891,1.1333,2.1524,26,23,0.0,0.0,1,0,0,0,0,0,0,0,0,—,—,0.0,0.0,0.0,0.0
2026-05-26 12:15:55.020569,1779812155.020569,2420,231373.0,INS_ALIGNMENT_COMPLETE,good,43.51309064462,-79.6851056394,164.9953,-37.1,1.772886341,-0.77781113,190.167109591,0.2258,0.2408,0.6948,-8.5815,-7.3465,0.0486,11.2966,0.2419,0.2001,0.1076,-0.0012782337299344,-0.0032770135363867,-7.95382352129e-05,0.002933776924658614,-0.0022765930958780494,0.002151617521979632,5.12040668544e-05,-3.97340452513e-05,3.75528100022e-05,-4918780,-3843952,163363778,1689790,-715412,1009000,-0.294413781048584,-0.23007990649902346,9.778145712424928,0.3906685361480713,-0.1653986346130371,0.23327428436279296,61,fd23fe00,43.51317833844,-79.68503035727,165.212,-37.1,SOL_COMPUTED,INS_PSRSP,good,1.6408,1.1702,2.1751,24,21,0.0,0.0,1,0,0,0,0,0,0,0,0,—,—,0.0,0.0,0.0,0.0
2026-05-26 12:15:56.013942,1779812156.013942,2420,231374.0,INS_SOLUTION_GOOD,good,43.51299068526,-79.68520540307,164.983,-37.1,1.762830736,-1.040539624,190.036587059,0.186,0.2012,0.6218,-9.2848,-7.474,0.0341,11.9192,0.1662,0.1323,0.1041,-0.0023206200467564,0.0025955968323333,0.001497538482333,-0.003544097073141366,0.0033921212102739273,0.0024598558298602217,-6.18561629367e-05,5.92036837461e-05,4.29325833555e-05,-7124685,4274004,161438916,-2009573,1001098,1077886,-0.4264483163772584,0.25582068680786135,9.662933017525637,-0.46460030074310305,0.2314473929901123,0.24920028273010253,61,fd1efe00,43.51309300353,-79.68512405096,165.3486,-37.1,SOL_COMPUTED,INS_PSRSP,good,1.6795,1.2063,2.2159,24,21,0.0,0.0,1,0,0,0,0,0,0,0,1,—,—,0.0,0.0,0.0,0.0
2026-05-26 12:15:57.012719,1779812157.012719,2420,231375.0,INS_SOLUTION_GOOD,good,43.51290094523,-79.68529514323,165.2204,-37.1,1.805836865,-1.317651086,189.681447225,0.1844,0.1958,0.6043,-9.6143,-7.0074,0.0152,11.8970,0.1492,0.126,0.1016,-0.0053265532252124,0.0023862868155642,0.0001037328424203,-0.0010649593800329934,-0.006704332959561949,0.0023354740068479564,-1.85870475816e-05,-0.0001170126842945,4.07617110143e-05,-9326207,3776042,167696366,-1201469,-3640494,933512,-0.558220507059021,0.22601515063049318,10.037472946984254,-0.2777718742904663,-0.8416587042388916,0.21582194622802733,61,fd18fe00,43.51299299945,-79.68522382471,165.3365,-37.1,SOL_COMPUTED,INS_PSRSP,good,1.3835,0.9934,2.2147,25,22,0.0,0.0,1,0,0,0,0,0,0,0,1,—,—,0.0,0.0,0.0,0.0
2026-05-26 12:15:58.020535,1779812158.020535,2420,231376.0,INS_SOLUTION_GOOD,good,43.51281694732,-79.68538069759,165.3355,-37.1,1.579245107,-1.080948801,189.739763098,0.1839,0.1931,0.5913,-9.5603,-6.5024,0.0592,11.5620,0.1388,0.1272,0.0995,-0.004039373331733,-0.0031865438143374,0.0008850774334282,0.0025121671401104467,-0.00116484949770594,-0.004760441647548262,4.38455879554e-05,-2.03304590252e-05,-8.30853805989e-05,-9289240,-6735383,165741191,1336591,-1109199,-2121663,-0.5560078457397462,-0.40314662900970466,9.920445866211855,0.3090112081375122,-0.25643964612579345,-0.49051478491973877,61,fd13fe00,43.51290316165,-79.6853135908,165.5729,-37.1,SOL_COMPUTED,INS_PSRSP,good,1.3379,0.972,2.2198,24,21,0.0,0.0,1,0,0,0,0,0,0,0,1,—,—,0.0,0.0,0.0,0.0
2026-05-26 12:15:59.026173,1779812159.026173,2420,231377.0,INS_SOLUTION_GOOD,good,43.51273885608,-79.68546521034,165.1976,-37.1,1.641986953,-0.801169788,190.235364518,0.1837,0.1929,0.5712,-9.2693,-6.4551,0.0306,11.2955,0.1315,0.1264,0.0967,-0.0013820172948624,-0.001150605731311,-0.0014828453540549,-0.0015941352667049908,0.005043540837609219,-0.00554324246564426,-2.78229091262e-05,8.80263935752e-05,-9.6747832262e-05,-2891490,-3179447,168325290,-210918,2571288,-2380626,-0.17307025395812992,-0.19030593214447025,10.075117219107057,-0.048762879592895506,0.5944651814575196,-0.5503853582611083,61,fd0dfe00,43.51281918673,-79.68539912231,165.6939,-37.1,SOL_COMPUTED,INS_PSRSP,good,1.3156,0.9797,2.2339,25,22,0.0,0.0,1,0,0,0,0,0,0,0,1,—,—,0.0,0.0,0.0,0.0
2026-05-26 12:16:00.027824,1779812160.027824,2420,231378.0,INS_SOLUTION_GOOD,good,43.51266096512,-79.68555401717,165.3656,-37.1,1.843619055,-0.696290758,190.200352895,0.1805,0.191,0.5498,-9.0712,-6.6974,-0.005,11.2757,0.1284,0.1243,0.0946,0.0017827510135715,0.0010910501084753,-0.0036491671301758,0.004108655587835752,-0.0013099848784544083,0.005161090044514032,7.17095678383e-05,-2.28635492804e-05,9.00780142688e-05,1298932,2783162,157629523,2019054,989764,2216759,0.07774762877075196,0.16658627702209475,9.434921641405946,0.46679224671936037,0.22882704537963866,0.5125003660354615,61,fd07fe00,43.51274122793,-79.68548360881,165.5542,-37.1,SOL_COMPUTED,INS_PSRSP,good,1.2647,0.9535,2.2023,25,22,0.0,0.0,1,0,0,0,0,0,0,0,1,—,—,0.0,0.0,0.0,0.0
2026-05-26 12:16:01.018537,1779812161.018537,2420,231379.0,INS_SOLUTION_GOOD,good,43.5125803434,-79.6856411567,165.7387,-37.1,1.709316942,-0.394758778,189.771639794,0.1799,0.1922,0.5292,-9.024,-6.8674,0.0391,11.3399,0.1278,0.1223,0.0931,0.0008395058883771,0.0005284006984199,-0.0018106351421856,0.004008403984443548,-0.000377059525987474,0.004133058507829944,6.99598472787e-05,-6.5809302045e-06,7.21354791393e-05,-46765,1839122,162928201,1671739,721915,1877422,-0.0027991210159301763,0.11008072364074709,9.752074233011781,0.38649526151275637,0.1669020862197876,0.4340478429107666,61,fd02fe00,43.51266333797,-79.68557243098,165.717,-37.1,SOL_COMPUTED,INS_PSRSP,good,1.2243,0.9372,2.1771,26,23,0.0,0.0,1,0,0,0,0,0,0,0,1,—,—,0.0,0.0,0.0,0.0
2026-05-26 12:16:02.029757,1779812162.029757,2420,231380.0,INS_SOLUTION_GOOD,good,43.51250023745,-79.68572848182,165.8444,-37.1,1.826213404,-0.143806321,189.423706271,0.1762,0.19,0.5068,-8.9826,-6.9623,0.0092,11.3649,0.1274,0.1197,0.0918,-0.0007378379504055,-0.0008769977385014,-0.0025020364435037,0.005379205466629636,-0.00162797124399262,0.003295348496428239,9.38848465341e-05,-2.84134583355e-05,5.75146812634e-05,-3555465,1247111,164159634,2428031,-884748,1444519,-0.21281250514068606,0.07464588066497804,9.82578170633606,0.561345088142395,-0.20454802432250976,0.3339634647903442,61,fcfcfe00,43.51258263052,-79.68565958041,166.0936,-37.1,SOL_COMPUTED,INS_PSRSP,good,1.1941,0.9276,2.1582,26,22,0.0,0.0,1,0,0,0,0,0,0,0,1,—,—,0.0,0.0,0.0,0.0
2026-05-26 12:16:03.025087,1779812163.025087,2420,231381.0,INS_SOLUTION_GOOD,good,43.51242051478,-79.68581668771,165.7873,-37.1,1.839082622,0.00869133,189.33682583,0.1723,0.1861,0.4805,-8.9301,-7.0493,-0.0194,11.3771,0.1236,0.1145,0.0891,-0.0006937206774438,-0.0010907004858436,0.0012685854012867,0.0003266088419636669,0.0023279020863608163,-6.095780154276174e-05,5.7003996584e-06,4.06295560711e-05,-1.0639143417e-06,-2153412,1580097,163815358,-133516,846216,-86767,-0.12889256463500978,0.09457677151519776,9.805175052067263,-0.030868037017822265,0.19563967474365235,-0.020059970100402832,61,fcf6fe00,43.51250245802,-79.68574692972,166.1963,-37.1,SOL_COMPUTED,INS_PSRSP,good,1.1674,0.9177,2.1391,26,23,0.0,0.0,1,0,0,0,0,0,0,0,1,—,—,0.0,0.0,0.0,0.0
2026-05-26 12:16:04.023126,1779812164.023126,2420,231382.0,INS_SOLUTION_GOOD,good,43.51233996731,-79.68590434677,165.7653,-37.1,1.844905235,-0.347657861,189.723448255,0.1707,0.1839,0.4558,-8.8962,-6.9306,-0.0317,11.2772,0.1197,0.1094,0.0864,-0.0032520703176736,-0.0009651198017921,0.0013624576935988,-0.005623156053610786,0.0024406524783942138,-0.0028541907693351532,-9.81425874891e-05,4.2597421645e-05,-4.9815026405e-05,-6854288,-1826063,166583017,-2346508,129447,-1220102,-0.4102636927197266,-0.10929907665374758,9.970833396380922,-0.5424974969787598,0.02992731049346924,-0.2820797035675049,61,fcf0fe00,43.51242272361,-79.68583513918,166.1389,-37.1,SOL_COMPUTED,INS_PSRSP,good,1.1131,0.8862,2.0769,29,26,0.0,0.0,1,0,0,0,0,0,0,0,1,—,—,0.0,0.0,0.0,0.0
2026-05-26 12:16:05.023575,1779812165.023575,2420,231383.0,INS_SOLUTION_GOOD,good,43.51225955686,-79.68598877113,165.6881,-37.1,1.814435224,-0.326243745,189.751740777,0.1685,0.1813,0.4342,-8.9601,-6.5245,-0.0523,11.0839,0.1162,0.1055,0.0842,-0.0030461310913555,0.0012357068622576,8.03052626204e-05,0.0020970434856417753,-0.0023185959328477085,-0.0009706590134965948,3.6600313382e-05,-4.04671330516e-05,-1.69411956997e-05,-5480364,6674265,164226517,51755,-891125,-593162,-0.3280274146765137,0.3994884085830689,9.829784991076966,0.01196542179107666,-0.20602234554290771,-0.1371352240447998,61,fcebfe00,43.51234224731,-79.68592278227,166.1169,-37.1,SOL_COMPUTED,INS_PSRSP,good,1.0682,0.8569,2.0102,31,28,0.0,0.0,1,0,0,0,0,0,0,0,1,—,—,0.0,0.0,0.0,0.0
2026-05-26 12:16:06.022168,1779812166.022168,2420,231384.0,INS_SOLUTION_GOOD,good,43.5121811427,-79.68606968608,165.5465,-37.1,1.748103889,-0.190111677,189.757446673,0.1708,0.1843,0.4197,-8.8249,-6.4288,-0.0628,10.9183,0.1161,0.1045,0.0826,-0.000589600680277,-0.0015834333300815,0.0005996886329144,0.0005518557467297554,-0.001551608053896817,-2.031622318220577e-05,9.6316997765e-06,-2.7080669241e-05,-3.545849861e-07,-3582343,-1529386,165734390,387500,-761869,13371,-0.21442128894622806,-0.09154146250549318,9.920038792074587,0.08958749771118164,-0.17613919301605224,0.003091288856506348,61,fce5fe00,43.51226184413,-79.68600720267,166.0404,-37.1,SOL_COMPUTED,INS_PSRSP,good,1.0364,0.8366,1.9572,30,27,0.0,0.0,1,0,0,0,0,0,1,0,1,—,—,0.0,0.0,0.0,0.0
2026-05-26 12:16:07.028391,1779812167.028391,2420,231385.0,INS_SOLUTION_GOOD,good,43.51211023678,-79.68616278234,166.5732,-37.1,1.958094603,-0.039290505,190.680367702,0.1411,0.1459,0.3245,-8.4265,-6.6823,0.0189,10.7545,0.0362,0.0356,0.0558,0.0013690629902835,-0.0019794115330045,0.0017887185718992,0.005951631060434907,-0.0009138846342632034,-0.007760873569066008,0.0001038755578687,-1.59502958513e-05,-0.0001354527966114,-433423,-725960,164141164,1808756,520235,-3356767,-0.02594255165374756,-0.04345236593017579,9.824676183719484,0.41817270712280274,0.12027497257232667,-0.7760628540115356,61,fce0fe00,43.51218343766,-79.68608811081,165.9005,-37.1,SOL_COMPUTED,INS_PSRSP,good,1.0274,0.8356,1.9157,27,25,0.0,0.0,1,1,0,0,0,0,1,0,0,—,—,0.0,0.0,0.0,0.0
2026-05-26 12:16:08.020015,1779812168.020015,2420,231386.0,INS_SOLUTION_GOOD,good,43.51203342672,-79.68624544295,167.9859,-37.1,2.139586814,-0.002593477,191.396276255,0.1311,0.1357,0.3243,-8.383,-6.5122,0.2646,10.6152,0.0278,0.0249,0.0425,-0.0065720491009368,0.0014002292592581,-0.0024524814367734,-0.01083347432176325,0.006482783527913106,-0.0075676726011545325,-0.0001890797963453,0.0001131459172563,-0.0001320808036033,-14183187,-14129,165046320,-5947290,927835,-3777861,-0.8489352465426637,-0.0008456918814086916,9.878854333666993,-1.374975043258667,0.21450946048736572,-0.8734170675888061,61,fcdafe00,43.51211276359,-79.68618116626,166.9215,-37.1,SOL_COMPUTED,INS_PSRSP,good,0.872,0.6618,1.6354,27,24,0.0,0.0,1,1,0,0,0,0,1,0,0,—,—,0.0,0.0,0.0,0.0
2026-05-26 12:16:09.020113,1779812169.020113,2420,231387.0,INS_SOLUTION_GOOD,good,43.51195820414,-79.68632244953,167.5531,-37.1,2.285306703,-0.202322242,191.54805758,0.1212,0.1264,0.3216,-8.399,-6.1088,0.128,10.3856,0.0279,0.0242,0.0429,-0.0060824198508267,-0.0008005261712698,0.0006337732381268,-0.004787104343882927,0.00021298513165622095,-0.0006363718329015967,-8.35507324374e-05,3.7172918052e-06,-1.11067837511e-05,-13651620,967264,164233216,-2449609,-535418,-415238,-0.8171182816955568,0.05789562686523438,9.830185960000001,-0.5663337824020386,-0.12378518412780762,-0.09600034419250489,61,fcd4fe00,43.51203611878,-79.68626379591,168.3296,-37.1,SOL_COMPUTED,INS_PSRSP,good,0.8382,0.633,1.5186,25,23,0.0,0.0,1,1,0,0,0,0,1,0,0,—,—,0.0,0.0,0.0,0.0
2026-05-26 12:16:10.023928,1779812170.023928,2420,231388.0,INS_SOLUTION_GOOD,good,43.51188274567,-79.68639465914,167.567,-37.1,2.505882906,-0.027489078,191.297579815,0.1177,0.1194,0.3207,-8.2273,-5.6921,0.1592,10.0044,0.0319,0.0326,0.0512,-0.0070457111448564,-0.0025918108494319,-0.0012085123486364,0.004953576359107322,0.0012614603974070043,0.001078825242615834,8.64562172155e-05,2.20166373183e-05,1.88290525373e-05,-15081663,-1558352,160908355,2400596,513851,527377,-0.9027135648129274,-0.09327522363769533,9.631176266850282,0.5550022933044434,0.11879903299713135,0.12192615685272216,61,fccffe00,43.51196092199,-79.6863408063,167.8929,-37.1,SOL_COMPUTED,INS_PSRSP,good,0.8041,0.5984,1.4902,27,24,0.0,0.0,1,1,0,0,0,0,1,0,0,—,—,0.0,0.0,0.0,0.0
2026-05-26 12:16:11.019573,1779812171.019573,2420,231389.0,INS_SOLUTION_GOOD,good,43.51180843786,-79.68646146687,167.673,-37.1,2.167699404,0.030539534,191.025775258,0.1208,0.1224,0.3223,-8.3113,-5.1006,0.2052,9.7516,0.046,0.047,0.0628,-0.0074940414366212,-0.0025066223832635,-0.0023210084584077,-0.002287128576836134,-6.726522435562361e-05,0.0038338150417833745,-3.99179240823e-05,-1.1739996371e-06,6.69126953917e-05,-17004362,-1163175,159785723,-630734,356097,1629421,-1.0177967932574465,-0.06962188790130616,9.563981081896669,-0.14582162782287597,0.08232732689666748,0.37671161318206786,61,fcc9fe00,43.51188541636,-79.68641304541,167.9009,-37.1,SOL_COMPUTED,INS_PSRSP,good,0.7798,0.5767,1.4885,25,22,0.0,0.0,1,0,0,0,0,0,1,0,0,—,—,0.0,0.0,0.0,0.0
2026-05-26 12:16:12.029355,1779812172.029355,2420,231390.0,INS_SOLUTION_GOOD,good,43.51173300249,-79.68651845102,167.8334,-37.1,2.215117639,0.111430801,189.693095981,0.1235,0.125,0.3242,-8.6236,-4.0652,0.1898,9.5337,0.0618,0.0626,0.0758,-0.0091625946982449,0.0023492712703075,0.0004071087619294,0.0010465896210815988,-0.005058692873598843,0.028249821359081505,1.82664348051e-05,-8.82908464916e-05,0.0004930523958169,-17527522,6179036,162857956,970563,-1522782,12248569,-1.04911055677063,0.3698464562341309,9.74786971562134,0.2243878981704712,-0.3520573650054932,2.8317900574264527,61,fcc3fe00,43.51181104568,-79.68647984464,168.016,-37.1,SOL_COMPUTED,INS_PSRSP,good,0.764,0.5594,1.4907,24,22,0.0,0.0,1,0,0,0,0,0,1,0,0,—,—,0.0,0.0,0.0,0.0
2026-05-26 12:16:13.022229,1779812173.022229,2420,231391.0,INS_SOLUTION_GOOD,good,43.51165363133,-79.68656286388,167.9941,-37.1,2.182128351,0.511695202,184.404838265,0.1259,0.1273,0.3262,-9.4042,-3.0135,0.2034,9.8752,0.08,0.0796,0.0903,-0.0109233582324583,0.0085914874180488,0.000877596184457,-0.000922806481801245,-0.002965360774769951,0.07346761730501401,-1.61060114662e-05,-5.17553090293e-05,0.0012822518155695,-19585400,19453725,165144192,-748174,-1625710,31987803,-1.1722849298706057,1.1644035172805787,9.884712466289065,-0.17297299745178224,-0.37585365394592285,7.395373491737366,61,fcbefe00,43.51173530328,-79.68653690959,168.1752,-37.1,SOL_COMPUTED,INS_PSRSP,good,0.7586,0.5586,1.5092,24,21,0.0,0.0,1,0,0,0,0,0,1,0,0,—,—,0.0,0.0,0.0,0.0
2026-05-26 12:16:14.016904,1779812174.016904,2420,231392.0,INS_SOLUTION_GOOD,good,43.51156894588,-79.68659713585,168.1452,-37.1,2.137370885,0.445354808,174.635051148,0.1278,0.1294,0.3283,-10.4012,-2.0968,0.1886,10.6104,0.1007,0.0982,0.1071,-0.0111298322800537,0.0128422185295343,-0.0013900540483642,-0.0212466069465426,0.010627507812934778,0.11342423506434116,-0.0003708232460948,0.0001854850026174,0.0019796263534316,-22385322,25836876,163824154,-9715190,4991827,49557278,-1.339874377388306,1.5464672853112795,9.80570153701233,-2.246089191970825,1.154078167579651,11.4573226565094,61,fcb9fe00,43.51165470556,-79.68658153058,168.3366,-37.1,SOL_COMPUTED,INS_PSRSP,good,0.7711,0.5839,1.5426,25,22,0.0,0.0,1,0,0,0,0,0,1,0,0,—,—,0.0,0.0,0.0,0.0
2026-05-26 12:16:15.018952,1779812175.018952,2420,231393.0,INS_SOLUTION_GOOD,good,43.51147789355,-79.68661496616,168.4621,-37.1,3.165929625,-1.460103535,160.025019762,0.1291,0.1311,0.3306,-11.2184,-0.6444,0.1502,11.2369,0.1203,0.115,0.1236,-0.0125055715466386,0.0124923966700753,0.0002243734943777,-0.016020740319099787,0.008752527701482472,0.1729046514566564,-0.0002796146671757,0.0001527604262631,0.0030177554599362,-26724082,19182356,164314461,-6869353,3708581,75010027,-1.5995710372637941,1.1481607145227053,9.835048882846987,-1.5881500546188354,0.8573999789657593,17.341833863685608,61,fcb3fe00,43.51156769595,-79.68661577865,168.489,-37.1,SOL_COMPUTED,INS_PSRSP,good,0.8114,0.6461,1.5868,26,23,0.0,0.0,1,0,0,0,0,0,1,0,0,—,—,0.0,0.0,0.0,0.0
2026-05-26 12:16:16.022080,1779812176.022080,2420,231394.0,INS_SOLUTION_GOOD,good,43.51139161665,-79.68662095062,169.3529,-37.1,1.281487927,2.164750498,142.802796948,0.1292,0.1321,0.333,-11.0961,0.7248,0.3315,11.1197,0.14,0.13,0.1401,-0.0164470218276623,0.0247061170284305,0.004863710726792,0.00925684385069212,-0.050292473612806365,0.15194010031548508,0.0001615624035378,-0.0008777692535171,0.0026518550163195,-23455259,52729636,168305045,2392731,-23138121,65690276,-1.4039155009298707,3.1561345512658696,10.073905453791811,0.5531839560928344,-5.349384160331726,15.187167614959717,61,fcaefe00,43.51147315231,-79.68663259653,168.7786,-37.1,SOL_COMPUTED,INS_PSRSP,good,0.9014,0.7565,1.6616,27,24,0.0,0.0,1,0,0,0,0,0,1,0,0,—,—,0.0,0.0,0.0,0.0
2026-05-26 12:16:17.032375,1779812177.032375,2420,231395.0,INS_SOLUTION_GOOD,good,43.51132305748,-79.68660976998,170.3588,-37.1,-1.110019868,0.520232189,128.924091458,0.1276,0.1319,0.3352,-10.5714,1.4585,0.5178,10.6715,0.1566,0.1402,0.1549,0.0039459982853518,0.010660663840482,-0.0065528519761481,-0.10344742563212776,0.050089800212778667,0.10838011156736906,-0.0018054981799952,0.0008742319353804,0.0018915897905321,12598343,16236518,155034335,-46923191,23099185,45488703,0.7540743431454469,0.971837458768921,9.279586555955508,-10.848338751777648,5.340382408561706,10.516694389411926,61,fca8fe00,43.5113835068,-79.68663591445,169.719,-37.1,SOL_COMPUTED,INS_PSRSP,good,1.0356,0.8937,1.7558,30,27,0.0,0.0,1,0,0,0,0,0,1,0,0,—,—,0.0,0.0,0.0,0.0
2026-05-26 12:16:18.031609,1779812178.031609,2420,231396.0,INS_SOLUTION_GOOD,good,43.51128599169,-79.6865984357,171.0899,-37.1,1.548113062,-0.666564855,121.31489251,0.1249,0.1306,0.3366,-9.1637,1.0929,0.3994,9.2286,0.1673,0.1453,0.1673,0.0080107241539698,-0.0016309200838766,-0.0086128944924962,-0.008387109780880773,0.002256496568314628,0.042577554372431194,-0.0001463826804028,3.93832946771e-05,0.0007431185112469,5934614,1967401,151923783,-2523270,-542825,17376415,0.3552165672796631,0.11775886850982668,9.093404336895448,-0.5833637299346924,-0.12549763469696046,4.017314939460754,61,fca2fe00,43.51131263188,-79.68662139825,170.7879,-37.1,SOL_COMPUTED,INS_PSRSP,good,1.1943,1.0189,1.865,28,25,0.0,0.0,1,0,0,0,0,0,1,0,0,—,—,0.0,0.0,0.0,0.0
2026-05-26 12:16:19.032415,1779812179.032415,2420,231397.0,INS_SOLUTION_GOOD,good,43.51126373074,-79.68658441066,172.1424,-37.1,1.521760644,0.061903234,114.42198349,0.1226,0.1286,0.3375,-8.6123,0.5557,0.5646,8.6302,0.1729,0.1504,0.1761,0.009304797410653,-0.002349814337504,0.0027127901052827,0.011083621519319528,0.006236477616064,0.06789926227533642,0.0001934456885573,0.0001088470681274,0.0011850656863815,14909062,-1171471,167296955,5201952,2771850,29146732,0.8923825247943117,-0.07011844532562257,10.013566185002137,1.2026577106933594,0.6408338207244874,6.738536222808838,61,fc9dfe00,43.51127435835,-79.68660809513,171.4495,-37.1,SOL_COMPUTED,INS_PSRSP,good,1.3452,1.1138,1.9922,29,26,0.0,0.0,1,0,0,0,0,0,1,0,0,—,—,0.0,0.0,0.0,0.0
2026-05-26 12:16:20.019681,1779812180.019681,2420,231398.0,INS_SOLUTION_GOOD,good,43.51126526064,-79.6865755889,171.9037,-37.1,0.528779671,-0.444840783,108.364359028,0.1194,0.1257,0.3383,-7.2371,0.5106,0.6072,7.2551,0.1714,0.1483,0.1801,-0.0073264208673325,0.0015581521216431,-0.0022097422237967,-0.030767736781413504,-0.008975196978419971,0.04853146454445232,-0.0005369983102234,-0.0001566467382887,0.0008470338471168,-10841214,2851168,163337785,-15557159,-4857566,20968031,-0.6489013139227295,0.1706567789746094,9.776589900331118,-3.5967147001419066,-1.1230378913726806,4.8476733657302855,61,fc97fe00,43.51125135605,-79.68659213215,172.5028,-37.1,SOL_COMPUTED,INS_PSRSP,good,1.4943,1.22,2.1298,31,28,0.0,0.0,1,0,0,0,0,0,1,0,0,—,—,0.0,0.0,0.0,0.0
2026-05-26 12:16:21.025820,1779812181.025820,2420,231399.0,INS_SOLUTION_GOOD,good,43.5112069219,-79.68657017707,172.4875,-37.1,-1.531931499,-1.027262197,104.865453441,0.1209,0.1271,0.3409,-6.8151,0.2394,0.7471,6.8193,0.1902,0.1667,0.1918,0.0013429337583013,-0.0105177455101106,0.0074394305211556,0.006455645842553275,-0.0057007998862085366,0.03791083075867103,0.0001126722752954,-9.94977280118e-05,0.0006616688189061,11257627,-20161817,170179399,4072563,-1197631,16334714,0.6738257313204957,-1.2067863933291627,10.186094990254823,0.9415502669448853,-0.27688455347442625,3.7764803950653074,61,fc92fe00,43.51125240771,-79.68658140755,172.2901,-37.1,SOL_COMPUTED,INS_PSRSP,good,1.5711,1.2619,2.2507,30,27,0.0,0.0,0,0,0,0,0,0,1,1,0,—,—,0.0,0.0,0.0,0.0
2026-05-26 12:16:22.030555,1779812182.030555,2420,231400.0,INS_HIGH_VARIANCE,warn,43.51114626693,-79.68656937543,173.2316,-37.1,-1.271450504,0.345660803,103.35433433,0.1227,0.1288,0.3436,-6.6024,-0.2038,0.7212,6.6055,0.211,0.1875,0.2041,-0.0060134231369206,-0.0092756858396933,-0.0045754708318005,0.022141636382789525,-0.013500932801802774,0.003822977755604643,0.0003864444566596,-0.0002356357294823,6.67235490659e-05,-2835107,-7476300,159369692,10055139,-7384145,1570198,-0.16969544715301516,-0.44749424679565436,9.539079529124757,2.324683205543518,-1.707166640739441,0.36301963801574705,61,fc8cfe00,43.51119395251,-79.68657480602,172.9274,-37.1,SOL_COMPUTED,INS_PSRSP,good,1.8939,1.5384,2.5678,30,27,0.0,0.0,0,0,0,0,0,0,0,0,0,—,—,0.0,0.0,0.0,0.0
2026-05-26 12:16:23.027862,1779812183.027862,2420,231401.0,INS_HIGH_VARIANCE,warn,43.51108682167,-79.68657425518,173.9903,-37.1,-1.674768433,-0.796241761,103.977082588,0.1246,0.1306,0.3462,-6.5359,-0.7446,0.8078,6.5782,0.2338,0.2105,0.2177,0.0041634682899831,-0.0174326616901457,0.0112264333958179,-0.007993141494906476,0.00475903126495874,-0.00712037994928565,-0.0001395066366641,8.3060764779e-05,-0.0001242740741082,10262624,-29702965,173223087,-2266454,2055057,-3231907,0.6142697854589845,-1.777872202864075,10.368275061819764,-0.5239895291290283,0.47511590782928464,-0.7471960282974243,61,fc87fe00,43.51113321765,-79.68657366498,173.6648,-37.1,SOL_COMPUTED,INS_PSRSP,good,2.2713,1.8688,2.9285,26,25,0.0,0.0,0,0,0,0,0,0,0,0,0,—,—,0.0,0.0,0.0,0.0
2026-05-26 12:16:24.027967,1779812184.027967,2420,231402.0,INS_HIGH_VARIANCE,warn,43.51102977942,-79.68658653587,174.7755,-37.1,-1.26255384,-0.533706094,104.121157469,0.1268,0.1327,0.3489,-6.0566,-1.1876,0.7395,6.1719,0.2577,0.2344,0.2316,-0.0083896985380594,-0.0065029296390589,-6.82127592093e-05,-0.004406216964238411,0.0006630757832288353,0.006097636013247365,-7.69029935833e-05,1.15728556076e-05,0.0001064238250195,1215616,-15311720,154318550,-2152629,694517,2502580,0.07276074613281251,-0.9164836360961915,9.236743215072632,-0.49767392415618894,0.1605678455429077,0.5785803355407715,61,fc82fe00,43.51107381497,-79.68657862479,174.434,-37.1,SOL_COMPUTED,INS_PSRSP,good,2.6932,2.2439,3.3224,27,26,0.0,0.0,0,0,0,0,0,0,0,0,0,—,—,0.0,0.0,0.0,0.0
2026-05-26 12:16:25.021192,1779812185.021192,2420,231403.0,INS_HIGH_VARIANCE,warn,43.51097780504,-79.68660322212,175.5015,-37.1,-0.490507262,0.506176742,103.048810286,0.1295,0.1352,0.3519,-5.5541,-1.5686,0.6824,5.7714,0.2808,0.2573,0.2441,-0.0024553485591214,-0.0095246027178021,-0.0006146582846859,0.015136877681608854,0.014841471182451105,0.012683002123143303,0.0002641883540161,0.000259032537974,0.0002213601460866,-2822,-8393134,157432982,7360187,7109151,5447599,-0.00016891092712402345,-0.5023713839178467,9.423157671693726,1.701627705848694,1.643589803718567,1.2594497108230591,61,fc7cfe00,43.51101675792,-79.68659098548,175.2084,-37.1,SOL_COMPUTED,INS_PSRSP,good,3.1592,2.6641,3.7464,27,26,0.0,0.0,0,0,0,0,0,0,0,0,0,—,—,0.0,0.0,0.0,0.0
2026-05-26 12:16:26.018586,1779812186.018586,2420,231404.0,INS_HIGH_VARIANCE,warn,43.51092938286,-79.68662321527,176.1142,-37.1,0.504527829,0.580128206,101.39002586,0.132,0.1376,0.3548,-5.1721,-1.7659,0.596,5.4653,0.3047,0.2809,0.2567,-0.0107287681481535,0.0147596337037456,-0.0011049898010526,0.021899164321443034,0.00930034069235288,0.022342989270267878,0.000382212520845,0.000162321566639,0.0003899587275045,-737343,18196232,175488885,5605424,2694835,10107084,-0.04413369586761475,1.0891362215747071,10.503894495149233,1.2959378316650392,0.623028450050354,2.336692554107666,61,fc77fe00,43.51096469086,-79.68660744456,175.9143,-37.1,SOL_COMPUTED,INS_PSRSP,good,3.6701,3.1299,4.1975,28,27,0.0,0.0,0,0,0,0,0,0,0,0,0,—,—,0.0,0.0,0.0,0.0
2026-05-26 12:16:27.031846,1779812187.031846,2420,231405.0,INS_HIGH_VARIANCE,warn,43.51088588937,-79.68664492538,176.6302,-37.1,1.023660577,1.036954744,98.684961869,0.1346,0.14,0.3579,-4.5581,-1.9024,0.5066,4.9392,0.3294,0.3051,0.2694,0.0004378346637929,-0.00298040779079,0.0136247751756701,0.008958870715236449,0.022998899463379154,0.025258134936054968,0.0001563617912416,0.0004014065199717,0.0004408376175478,-6091897,-2130744,170240966,2593585,10289733,11437329,-0.364630747772522,-0.12753577055419923,10.189780085595094,0.5996201038742065,2.378919823448181,2.644236608024597,61,fc71fe00,43.51091612443,-79.68662693458,176.501,-37.1,SOL_COMPUTED,INS_PSRSP,good,4.2273,3.6427,4.6761,28,27,0.0,0.0,0,0,0,0,0,0,0,0,0,—,—,0.0,0.0,0.0,0.0
2026-05-26 12:16:28.019701,1779812188.019701,2420,231406.0,INS_HIGH_VARIANCE,warn,43.51084836044,-79.68666825547,177.1323,-37.1,0.136712037,2.132266359,96.343483929,0.1373,0.1426,0.3611,-3.8715,-2.0669,0.5365,4.3887,0.355,0.3304,0.2825,-0.0060088596289307,-0.0004068489300606,0.0005880616940836,0.009631589244646696,-0.009598042720950372,0.02396190063920145,0.000168102944519,-0.0001675174472279,0.0004182140611904,-5827497,8372213,164211925,3453849,-3544404,10325798,-0.3488050747988892,0.5011191565945435,9.828911586311342,0.7985075855026245,-0.8194433167419434,2.3872578185577393,61,fc6bfe00,43.51087249118,-79.68664782191,177.0033,-37.1,SOL_COMPUTED,INS_PSRSP,good,4.8305,4.2018,5.1797,28,26,0.0,0.0,0,0,0,0,0,0,0,0,0,—,—,0.0,0.0,0.0,0.0
2026-05-26 12:16:29.035517,1779812189.035517,2420,231407.0,INS_HIGH_VARIANCE,warn,43.5108163715,-79.68669345315,177.6165,-37.1,1.247606255,2.979041797,94.621411558,0.1401,0.1452,0.3644,-3.2421,-2.2706,0.3909,3.9581,0.3814,0.3563,0.2955,-0.0056975649165709,-0.0041328933032722,-0.0028106800855772,-0.0067603501505063765,-0.0016458859699128021,0.007440728991055456,-0.0001179903687142,-2.87261292874e-05,0.0001298652196427,-9699723,3507893,160295819,-2618012,-315576,2902244,-0.5805773227413942,0.20996508110626225,9.594512899147645,-0.6052674685363769,-0.0729591333618164,0.6709800715026856,61,fc66fe00,43.51117086009,-79.68606790335,167.6405,-37.1,SOL_COMPUTED,SINGLE,good,1.4303,1.3501,3.0452,26,24,0.0,0.0,0,0,0,0,0,0,0,0,0,—,—,0.0,0.0,0.0,0.0
2026-05-26 12:16:30.028141,1779812190.028141,2420,231408.0,INS_HIGH_VARIANCE,warn,43.51079042644,-79.68672324183,178.0417,-37.1,0.482546233,1.449595363,97.568785996,0.143,0.1479,0.3675,-2.5486,-3.1177,0.4457,4.0268,0.408,0.3822,0.3083,-0.0054675545188786,-0.009097536454405,0.0021520086545863,-0.02044708492674405,0.004901025738727205,-0.06699154069326392,-0.0003568689544071,8.55390358659e-05,-0.0011692229560829,-4716630,-11805739,167585661,-9918198,2915662,-29210324,-0.28231408440856937,-0.7066329978292848,10.030846694614564,-2.2930233306427,0.6740822264556885,-6.753238282562256,61,fc61fe00,43.51113331254,-79.68599461491,167.9937,-37.1,SOL_COMPUTED,SINGLE,good,1.4267,1.3336,3.0305,26,24,0.0,0.0,0,0,0,0,0,0,0,0,0,—,—,0.0,0.0,0.0,0.0
2026-05-26 12:16:31.027266,1779812191.027266,2420,231409.0,INS_HIGH_VARIANCE,warn,43.51077360677,-79.68677035816,178.4951,-37.1,-0.164682892,1.891449875,103.483223116,0.1458,0.1506,0.3703,-1.3794,-4.275,0.5235,4.4920,0.4349,0.4088,0.3214,-0.0096876162689706,-0.0066356500858,0.0013018913337654,0.010698718592068746,-0.005700628601879428,-0.029103740241644704,0.0001867278651762,-9.94947385363e-05,-0.0005079560918626,-13431764,-2076208,167601486,4006135,-2774091,-12108489,-0.803958791690674,-0.12427151601074221,10.031793900646363,0.9261925423049927,-0.6413519254531861,-2.7994044659957886,61,fc5bfe00,43.51109396498,-79.68592203945,168.3377,-37.1,SOL_COMPUTED,SINGLE,good,1.4236,1.3271,3.0103,25,24,0.0,0.0,0,0,0,0,0,0,0,0,0,—,—,0.0,0.0,0.0,0.0
2026-05-26 12:16:32.022501,1779812192.022501,2420,231410.0,INS_HIGH_VARIANCE,warn,43.51076673497,-79.68682548945,178.986,-37.1,-0.660776069,2.492189835,103.599956083,0.1538,0.1583,0.3755,-0.3996,-4.5039,0.4778,4.5216,0.4618,0.4357,0.3348,-0.006745926527851,0.0035718885501283,0.0006706817156889,-0.02267065031372184,-0.003965374547846369,0.018099711099792675,-0.0003956774915433,-6.92088419348e-05,0.0003158995523516,-6306430,8269701,167350655,-11452003,-918487,8650193,-0.37747162939147955,0.4949832965798951,10.016780400730898,-2.6476291420669558,-0.2123482632522583,1.9998687628097533,61,fc56fe00,43.51103858991,-79.68588965893,164.3218,-37.1,SOL_COMPUTED,SINGLE,good,1.3443,1.1703,2.7909,28,26,0.0,0.0,0,0,0,0,0,0,0,0,0,—,—,0.0,0.0,0.0,0.0
2026-05-26 12:16:33.021275,1779812193.021275,2420,231411.0,INS_HIGH_VARIANCE,warn,43.51077833725,-79.68680408141,178.074,-37.1,-1.073342391,2.476746099,101.69854943,0.1634,0.1637,0.3825,0.7871,-4.1595,0.4569,4.2333,0.4535,0.4456,0.3351,-0.011237475763412,-0.0070571767927765,0.0008768089387588,0.037239966913622656,0.001999528789388745,0.01624887124646175,0.0006499600359774,3.48983608633e-05,0.0002835963029838,-10096882,-1010554,163548403,15779414,1253110,7440106,-0.604349291170044,-0.060486751611938484,9.789196449462587,3.648098620925903,0.2897109400177002,1.7201044625701905,61,fc50fe00,43.51099901975,-79.68583533859,163.5863,-37.1,SOL_COMPUTED,SINGLE,good,1.3392,1.1622,2.7791,27,26,0.0,0.0,0,0,0,0,0,0,0,1,0,—,—,0.0,0.0,0.0,0.0
2026-05-26 12:16:34.029437,1779812194.029437,2420,231412.0,INS_HIGH_VARIANCE,warn,43.51097794085,-79.68578505558,165.3712,-37.1,-2.594022073,1.723030109,103.274991546,0.1423,0.1414,0.3863,4.0511,4.0992,-0.7746,5.7632,0.2164,0.2001,0.2251,-0.0075301252098971,-0.0030662814934663,-0.0035633687374055,-0.01397238691066996,-0.0017375173195375375,-0.040061065608001795,-0.0002438641559541,-3.03253980364e-05,-0.0006991974967181,-12447,4035794,158473860,-7702986,1228355,-17497264,-0.0007450157015991212,0.24156261737121584,9.48545946758423,-1.7808806210174561,0.2839877438735962,-4.045254447875976,61,fc4bfe00,43.51095695945,-79.68577154534,164.3331,-37.1,SOL_COMPUTED,SINGLE,good,1.3406,1.1643,2.7818,28,26,0.0,0.0,1,0,0,0,0,0,0,0,0,—,—,0.0,0.0,0.0,0.0
2026-05-26 12:16:35.024925,1779812195.024925,2420,231413.0,INS_HIGH_VARIANCE,warn,43.51098948757,-79.68568417477,163.7504,-37.1,-1.111976279,0.275879025,110.734770448,0.1502,0.1492,0.3915,4.7711,3.7544,-0.9263,6.0712,0.2288,0.2169,0.2209,-0.0090331573295823,-0.0126929866382966,-0.001990049284321,-0.012046622837739558,0.02003275664002528,-0.09439168930585169,-0.0002102532322648,0.0003496375616197,-0.001647445764909,-9806258,-20950971,159186728,-6085345,8974276,-41195134,-0.5869539795880128,-1.2540212387521363,9.528128211311037,-1.4068924677658081,2.074794659637451,-9.524048962417602,61,fc45fe00,43.51091896702,-79.68571928119,164.1185,-37.1,SOL_COMPUTED,SINGLE,good,1.3387,1.2084,2.8588,27,25,0.0,0.0,1,0,0,0,0,0,0,0,0,—,—,0.0,0.0,0.0,0.0
2026-05-26 12:16:36.027378,1779812196.027378,2420,231414.0,INS_HIGH_VARIANCE,warn,43.51098684846,-79.68563399416,162.9044,-37.1,-1.767312929,0.049294568,120.22504844,0.1576,0.1568,0.3961,5.2679,3.0623,-0.922,6.0933,0.2303,0.2168,0.2122,-0.0080152862033281,-0.008081537566364,-0.0006634931205709,-0.013887534205175817,-0.00058357437900883,-0.07317747915379089,-0.000242383196864,-1.0185294344e-05,-0.001277187949545,-6895487,-13574366,159876846,-6059530,-817944,-31335521,-0.41272966057464605,-0.812494240319214,9.569435252843629,-1.4009242064666747,-0.18910337091064452,-7.24457010546112,61,fc40fe00,43.51087693386,-79.68567247989,163.9032,-37.1,SOL_COMPUTED,SINGLE,good,1.332,1.1898,2.8423,28,26,0.0,0.0,1,0,0,0,0,0,0,0,0,—,—,0.0,0.0,0.0,0.0
2026-05-26 12:16:37.021944,1779812197.021944,2420,231415.0,INS_HIGH_VARIANCE,warn,43.51097599089,-79.68559464276,161.7921,-37.1,-1.198699542,-0.271426313,123.51007485,0.1638,0.1635,0.4003,5.2143,3.0227,-0.9743,6.0271,0.2268,0.2093,0.2026,-0.0093472941692331,0.0006201802364506,0.0026697604746961,0.0056738720968437335,-0.0018373940037967182,0.012837399944443606,9.90277494271e-05,-3.20685750227e-05,0.0002240548964262,-8509678,1489749,166723194,1997473,-283708,6744778,-0.509347129874878,0.08916898822540284,9.979223696533815,0.46180285887908934,-0.06559145755004883,1.5593491190643312,61,fc3bfe00,43.51097528553,-79.68564325389,163.3504,-37.1,SOL_COMPUTED,INS_PSRSP,good,1.7839,1.5744,3.4664,28,26,0.0,0.0,1,0,0,0,0,0,0,0,0,—,—,0.0,0.0,0.0,0.0
2026-05-26 12:16:38.015544,1779812198.015544,2420,231416.0,INS_HIGH_VARIANCE,warn,43.51095216298,-79.68555489058,161.0217,-37.1,-1.624326655,-0.434237482,117.024391645,0.1691,0.1693,0.4045,4.7049,3.8695,-0.9738,6.0917,0.2228,0.2023,0.1941,-0.012386488096428,0.0038401201179557,5.98859126388e-05,0.0004720872219882401,-0.005299912533997203,0.0935271256979745,8.2394763803e-06,-9.25009237861e-05,0.0016323562833586,-14610268,5519579,165927666,820709,-2349547,40569037,-0.8744981975231935,0.3303746301290894,9.931607335076295,0.18974262105560302,-0.5432000941543579,9.379299379051208,61,fc36fe00,43.51096478766,-79.68560480118,162.2232,-37.1,SOL_COMPUTED,INS_PSRSP,good,1.6935,1.4702,3.2039,27,25,0.0,0.0,1,0,0,0,0,0,0,0,0,—,—,0.0,0.0,0.0,0.0
2026-05-26 12:16:39.017200,1779812199.017200,2420,231417.0,INS_HIGH_VARIANCE,warn,43.51091914765,-79.68550746462,160.4931,-37.1,-1.710453708,-0.735050822,103.174854112,0.1748,0.1755,0.4095,3.9532,5.0454,-0.9432,6.4097,0.2183,0.1964,0.188,-0.0127468566041928,0.0159663005260792,-0.0004141355027919,0.0014387941304581714,-0.0025616673971428413,0.17475574328799062,2.51116948349e-05,-4.47095304212e-05,0.0030500631071498,-15217231,26404256,162367934,140549,-327269,76224858,-0.9108279930795289,1.580427838759766,9.718539428473512,0.0324940212020874,-0.07566247945404053,17.622694946090697,61,fc30fe00,43.51094021676,-79.68556321263,161.4639,-37.1,SOL_COMPUTED,INS_PSRSP,good,1.6527,1.415,3.0195,27,25,0.0,0.0,1,0,0,0,0,0,0,0,0,—,—,0.0,0.0,0.0,0.0
2026-05-26 12:16:40.027620,1779812200.027620,2420,231418.0,INS_HIGH_VARIANCE,warn,43.51087355536,-79.68544305287,161.7397,-37.1,-0.458736811,-1.91821638,78.931248025,0.1792,0.1799,0.4148,3.5643,6.6342,-0.8193,7.5311,0.2106,0.1899,0.1801,-0.0140683004901017,0.0240979324347706,0.0004350915470327,-0.008652156109200056,-0.0003129378594641177,0.2779058139133561,-0.0001510086115023,-5.4617960018e-06,0.0048503714632297,-21594028,34190542,163863798,-4679559,-817932,120629330,-1.2925114421765138,2.04647631045105,9.808074430277712,-1.0818838224563598,-0.18910059658813477,27.888722129745485,61,fc2bfe00,43.51090609955,-79.68551158597,160.9373,-37.1,SOL_COMPUTED,INS_PSRSP,good,1.6435,1.3935,2.9064,26,24,0.0,0.0,1,0,0,0,0,0,0,0,0,—,—,0.0,0.0,0.0,0.0
2026-05-26 12:16:41.023733,1779812201.023733,2420,231419.0,INS_HIGH_VARIANCE,warn,43.51086159563,-79.68536329307,162.6974,-37.1,0.640346863,-2.074539766,46.630555893,0.1826,0.1841,0.4212,4.4488,7.8871,-0.7341,9.0553,0.2097,0.1873,0.1742,-0.0108632141664783,0.0315986592291169,-0.0016235204209757,-0.0051767811754159345,-0.006806528740281222,0.3516351927666724,-9.03518761664e-05,-0.0001187963371497,0.0061371918796722,-19478006,48212959,161464929,-3862456,-3628458,152295945,-1.1658568575433352,2.8857886619711306,9.664490026720276,-0.8929748853149414,-0.8388760587615967,35.209839029960634,61,fc25fe00,43.51086035713,-79.68543932764,162.1511,-37.1,SOL_COMPUTED,INS_PSRSP,good,1.5791,1.3575,2.7503,28,26,0.0,0.0,1,0,0,0,0,0,0,0,0,—,—,0.0,0.0,0.0,0.0
2026-05-26 12:16:42.022137,1779812202.022137,2420,231420.0,INS_HIGH_VARIANCE,warn,43.51086885733,-79.68529600384,163.2716,-37.1,1.493960002,-2.392495888,8.010654641,0.1843,0.1865,0.4285,6.2394,7.749,-0.6694,9.9487,0.2094,0.1859,0.1689,-0.005912346029153,0.025213406083873,-0.0018039429716664,-0.030483047786244524,-0.00842456158782506,0.4013270357714427,-0.0005320295499135,-0.0001470363377448,0.0070044781514908,-13141032,34701407,159863142,-12775768,-3532230,173735748,-0.7865570157641603,2.077054156228943,9.56861499935486,-2.9536750618286134,-0.8166287665557861,40.16658303561401,61,fc20fe00,43.5108518382,-79.68535039056,163.0803,-37.1,SOL_COMPUTED,INS_PSRSP,good,1.5897,1.371,2.6865,27,25,0.0,0.0,1,0,0,0,0,0,0,0,0,—,—,0.0,0.0,0.0,0.0
2026-05-26 12:16:43.023317,1779812203.023317,2420,231421.0,INS_SOLUTION_GOOD,good,43.51088836334,-79.68527034398,162.7018,-37.1,2.399753758,-1.579809558,326.653329899,0.184,0.1859,0.4364,7.7699,5.829,-0.6527,9.7133,0.2042,0.1862,0.1647,-0.0009792181098136,0.0287718646388302,0.0019126910105844,-0.010563811650762048,-0.0028693435518314884,0.41762149153469347,-0.0001843732948666,-5.00794923504e-05,0.0072888700543805,-9858697,45554896,166647819,-5388573,-1741943,180343153,-0.5900927181094361,2.726690190786133,9.974712122780458,-1.245803280784607,-0.40272597296905516,41.694172404167176,61,fc1bfe00,43.51086709834,-79.68527748575,163.6322,-37.1,SOL_COMPUTED,INS_PSRSP,good,1.6069,1.3839,2.6555,27,25,0.0,0.0,1,1,0,0,0,0,1,0,0,—,—,0.0,0.0,0.0,0.0
2026-05-26 12:16:44.032051,1779812204.032051,2420,231422.0,INS_HIGH_VARIANCE,warn,43.51091880639,-79.68527996112,162.0937,-37.1,2.48959411,-0.787877352,288.377857941,0.1783,0.1799,0.443,8.6015,2.8751,-0.6045,9.0693,0.2076,0.195,0.1681,0.0096826021133192,0.0234927848793088,0.0003701145197682,-0.01281991799820619,0.0009629027150420128,0.3362801233922272,-0.0002237497789047,1.68058227539e-05,0.0058691953622156,11908931,33680128,162956070,-5593672,467505,144392844,0.7128095592721558,2.0159254592968754,9.753742333163453,-1.2932208451538085,0.10808413707733154,33.382693113189696,61,fc16fe00,43.51089593238,-79.68525475177,163.0389,-37.1,SOL_COMPUTED,INS_PSRSP,good,1.5829,1.3755,2.6175,27,26,0.0,0.0,1,1,0,0,0,0,0,0,0,—,—,0.0,0.0,0.0,0.0
2026-05-26 12:16:45.019538,1779812205.019538,2420,231423.0,INS_HIGH_VARIANCE,warn,43.51096903403,-79.68531565066,162.1396,-37.1,2.349096039,-1.768827243,266.191588054,0.1727,0.1757,0.4494,9.2356,0.4565,-0.5527,9.2469,0.2232,0.2064,0.1756,0.0092217568343264,0.0056976337287213,-0.0026324041389998,0.001256078464181939,-0.0050589009185276635,0.11139126778487198,2.19227048634e-05,-8.82944775606e-05,0.0019441443808195,10013322,6807367,162674654,1085134,-2258142,46855407,0.5993478039019776,0.40745523431732183,9.73689816680359,0.250875973526001,-0.5220678484039306,10.832667528694152,61,fc11fe00,43.51093176866,-79.68527410585,162.4285,-37.1,SOL_COMPUTED,INS_PSRSP,good,1.5622,1.3632,2.5624,24,24,0.0,0.0,1,0,0,0,0,0,0,0,0,—,—,0.0,0.0,0.0,0.0
2026-05-26 12:16:46.021591,1779812206.021591,2420,231424.0,INS_HIGH_VARIANCE,warn,43.51101182514,-79.68538727038,162.383,-37.1,1.533989189,-2.915098498,261.842332887,0.1655,0.1704,0.4524,8.9889,-1.313,-0.3994,9.0843,0.2327,0.2064,0.1762,0.0040051896488258,0.0004222585731105,-0.0049269761252704,-0.025807013300675273,-0.016085150734224257,-0.013666274655014618,-0.0004504173522034,-0.0002807388409922,-0.0002385214892122,1415442,-6386605,155607106,-11904411,-7413605,-6555063,0.08472133965637209,-0.3822705073440552,9.31386978793274,-2.7522229502334596,-1.7139776025009155,-1.515488236152649,61,fc0bfe00,43.5109826342,-79.68531702717,162.4778,-37.1,SOL_COMPUTED,INS_PSRSP,good,1.6497,1.3974,2.5839,25,23,0.0,0.0,1,0,0,0,0,0,0,0,0,—,—,0.0,0.0,0.0,0.0
2026-05-26 12:16:47.018020,1779812207.018020,2420,231425.0,INS_HIGH_VARIANCE,warn,43.51101801479,-79.68549444555,161.4179,-37.1,0.277403051,-5.246507948,267.90442883,0.1556,0.1617,0.4533,7.8854,-2.2879,-0.307,8.2106,0.2297,0.1937,0.1712,0.0031288676178802,-0.007334273068062,0.0003046482772126,-0.005313383803130577,0.004681901254740906,-0.08809278066260738,-9.27360417869e-05,8.17145921486e-05,-0.0015375090698019,4881016,-25990680,163199614,-2517406,2210700,-38278505,0.2921534152612305,-1.5556732301147462,9.76831966939148,-0.582008011001587,0.5110995643615722,-8.849743171806335,61,fc06fe00,43.51102525563,-79.68539014815,162.7425,-37.1,SOL_COMPUTED,INS_PSRSP,good,1.7524,1.4006,2.6128,27,24,0.0,0.0,1,1,0,0,0,0,0,0,0,—,—,0.0,0.0,0.0,0.0
2026-05-26 12:16:48.036083,1779812208.036083,2420,231426.0,INS_HIGH_VARIANCE,warn,43.51102075005,-79.68558579036,161.7371,-37.1,-0.528205074,-6.170601983,276.328988108,0.1472,0.1527,0.4538,6.4825,-2.797,-0.1533,7.0602,0.228,0.1898,0.1731,-0.0022072770039263,0.0017561878837234,-0.0036770990465191,-0.005425369157903256,0.010299406960763284,-0.07568150993038497,-9.46905549417e-05,0.0001797585624684,-0.0013208915311679,-902847,-13251159,155479096,-3398992,4190036,-32611103,-0.054039944656677254,-0.7931486719198609,9.306207744069825,-0.7858250013427734,0.9687092659606934,-7.539476426765442,61,fc01fe00,43.51103151081,-79.68549557363,161.8094,-37.1,SOL_COMPUTED,INS_PSRSP,good,1.7309,1.2543,2.5344,30,27,0.0,0.0,1,1,0,0,0,0,0,0,0,—,—,0.0,0.0,0.0,0.0
2026-05-26 12:16:49.030505,1779812209.030505,2420,231427.0,INS_HIGH_VARIANCE,warn,43.5110312269,-79.68568503839,161.949,-37.1,-0.486750361,-6.221223901,279.464182562,0.1336,0.1438,0.4551,5.5452,-4.1248,-0.3859,6.9111,0.2286,0.1654,0.177,0.0044285306370493,0.0001522686031627,-0.0009876890218805,-0.004336211065952909,-0.023286010233038622,-0.01234586338117998,-7.56811601624e-05,-0.0004064175482202,-0.0002154759650033,11821621,-21037721,164792550,-1512444,-8590598,-5759808,0.7075836155984498,-1.2592136636026003,9.863664919784547,-0.3496672861633301,-1.9860907836456299,-1.3316304155273437,61,fbfbfe00,43.5110341784,-79.68558430103,162.1489,-37.1,SOL_COMPUTED,INS_PSRSP,good,1.694,1.1659,2.4812,30,27,0.0,0.0,1,1,0,0,0,0,0,0,0,—,—,0.0,0.0,0.0,0.0
2026-05-26 12:16:50.021821,1779812210.021821,2420,231428.0,INS_SOLUTION_GOOD,good,43.51104999771,-79.6857819137,162.5388,-37.1,-0.706435973,-5.891819501,279.248925425,0.1232,0.1096,0.458,5.0537,-5.5274,-0.2372,7.4895,0.085,0.1271,0.1502,-0.0036741483329311,0.0066789268888277,-0.0019900957700951,-0.013794618433149155,-0.012092742299902877,0.00827608119207537,-0.0002407615107151,-0.0002110581687288,0.0001444448659643,2292201,-7300079,154233484,-4786538,-5400073,3108885,0.13719978599029542,-0.43694653152679447,9.231651586112061,-1.106616676437378,-1.2484620065231322,0.7187541363143921,61,fbf6fe00,43.51104457908,-79.68568254397,162.3595,-37.1,SOL_COMPUTED,INS_PSRSP,good,1.661,1.0546,2.4469,31,27,0.0,0.0,1,1,0,0,0,0,1,0,0,—,—,0.0,0.0,0.0,0.0
2026-05-26 12:16:51.032041,1779812211.032041,2420,231429.0,INS_SOLUTION_GOOD,good,43.51109149231,-79.68586507742,163.4528,-37.1,-0.486799048,-5.235631785,276.517382429,0.1122,0.1049,0.4603,5.1046,-6.618,-0.0608,8.3579,0.0344,0.0308,0.0548,-0.0101925898688001,0.0215838408055843,0.0001872634476046,-0.004446524033107802,0.0003400266829717213,0.03698260837794459,-7.76064846469e-05,5.9345851625e-06,0.0006454682821717,-8347133,21801561,163076203,-5465769,-139299,16293741,-0.49961799215362557,1.304933338504944,9.760932898864443,-1.2636504974899292,-0.032205029273986815,3.767007702049255,61,fbf1fe00,43.5110633399,-79.68577946817,162.9553,-37.1,SOL_COMPUTED,INS_PSRSP,good,1.2,0.9324,2.2845,30,26,0.0,0.0,1,1,0,0,0,0,1,0,0,—,—,0.0,0.0,0.0,0.0
2026-05-26 12:16:52.028372,1779812212.028372,2420,231430.0,INS_SOLUTION_GOOD,good,43.51112802184,-79.68594736704,163.8764,-37.1,-1.523600268,-5.43319099,272.845954504,0.1121,0.106,0.4623,4.4163,-7.2015,0.0558,8.4478,0.0335,0.0304,0.0484,-0.0055832020617468,0.0078098100216572,0.0010684498956507,-0.0060364386738354465,-0.0005481268436688837,0.027087627255442157,-0.0001053557299533,-9.5666181406e-06,0.0004727682821611,-5408682,-1580840,173791687,-1826146,918439,11403010,-0.3237368855914307,-0.09462124381103516,10.402308638418885,-0.42219316282653807,0.21233716596221924,2.63630227684021,61,fbecfe00,43.51110491375,-79.68586344082,163.8637,-37.1,SOL_COMPUTED,INS_PSRSP,good,1.0785,0.7566,1.8102,31,27,0.0,0.0,1,1,0,0,0,0,1,0,0,—,—,0.0,0.0,0.0,0.0
2026-05-26 12:16:53.018204,1779812213.018204,2420,231431.0,INS_SOLUTION_GOOD,good,43.51115823758,-79.68604063635,164.2568,-37.1,-2.113201731,-6.568927008,271.083046593,0.1169,0.1117,0.4661,3.5352,-7.8253,0.1297,8.5868,0.0717,0.0701,0.0717,-0.0072197812829864,0.0037924136519727,0.0001688187586776,0.011017462618402757,0.0013611751037301157,0.01812215514584025,0.0001922909979068,2.37569872563e-05,0.0003162912748526,-4809154,-11041283,164323850,5024312,1114833,7549070,-0.2878521122686768,-0.6608764522213746,9.835610861831666,1.161588489807129,0.2577421905441284,1.7452962357330322,61,fbe6fe00,43.51114142432,-79.68594696947,164.3141,-37.1,SOL_COMPUTED,INS_PSRSP,good,1.0211,0.705,1.7291,30,26,0.0,0.0,1,1,0,0,0,0,1,0,0,—,—,0.0,0.0,0.0,0.0
2026-05-26 12:16:54.017948,1779812214.017948,2420,231432.0,INS_SOLUTION_GOOD,good,43.51118354384,-79.68613643228,164.504,-37.1,-0.804410533,-5.573785174,272.490677498,0.1215,0.117,0.4699,2.9773,-8.0237,-0.061,8.5583,0.0896,0.0901,0.0773,-0.0065635099113872,-0.0001072587537738,-0.0026135539765857,0.01478356402834573,-0.0011957170160657926,-0.03765954935777877,0.0002580218674744,-2.08691988525e-05,-0.0006572831311115,-6416025,-15032217,160581293,6626562,-1266753,-16577216,-0.38403144266510014,-0.8997539724307252,9.611599957265932,1.53201834324646,-0.29286511351776123,-3.8325452915039064,61,fbe1fe00,43.51117160284,-79.68604093376,164.7089,-37.1,SOL_COMPUTED,INS_PSRSP,good,0.9755,0.6691,1.6855,31,27,0.0,0.0,1,0,0,0,0,0,1,0,0,—,—,0.0,0.0,0.0,0.0
2026-05-26 12:16:55.031339,1779812215.031339,2420,231433.0,INS_SOLUTION_GOOD,good,43.51120512882,-79.68622657771,164.7154,-37.1,-2.016236732,-4.242575876,276.257975365,0.1249,0.1214,0.4723,2.4873,-7.9355,0.0044,8.3162,0.1081,0.109,0.0835,-0.0035474725176909,-0.0005493011365788,0.0011224268537901,0.013853642650111164,1.699627832173282e-05,-0.029553775667883826,0.0002417916776395,2.966410173e-07,-0.0005158106918011,1223789,-13563146,165510973,6387680,467900,-12594146,0.07324994138702394,-0.8118226667535402,9.906666158266908,1.4767903674316407,0.10817545852661133,-2.9116852282562258,61,fbdcfe00,43.51119699601,-79.68613613506,164.9231,-37.1,SOL_COMPUTED,INS_PSRSP,good,0.951,0.6587,1.6599,32,28,0.0,0.0,1,0,0,0,0,0,1,0,0,—,—,0.0,0.0,0.0,0.0
2026-05-26 12:16:56.019576,1779812216.019576,2420,231434.0,INS_SOLUTION_GOOD,good,43.51122430153,-79.68630916905,164.8152,-37.1,-1.406452201,-3.368907634,277.001988887,0.1273,0.1256,0.4737,1.8626,-8.0412,-0.0652,8.2541,0.1281,0.1276,0.0919,-0.0094319305702983,-0.0059475347628824,0.0008970803482079,-0.0006863114134479485,0.01884124938202181,-0.008323416788098573,-1.19783938587e-05,0.0003288418369061,-0.0001452710279683,-11236495,-18155067,165153697,1877900,8240289,-3360774,-0.6725608745834352,-1.0866722887911988,9.885281388458559,0.4341583534240723,1.9051016049728393,-0.7769892465362549,61,fbd7fe00,43.51121844784,-79.68622498879,165.1667,-37.1,SOL_COMPUTED,INS_PSRSP,good,0.9532,0.6838,1.6445,32,28,0.0,0.0,1,0,0,0,0,0,1,0,0,—,—,0.0,0.0,0.0,0.0
2026-05-26 12:16:57.024041,1779812217.024041,2420,231435.0,INS_SOLUTION_GOOD,good,43.51124065669,-79.68638089237,164.8783,-37.1,-0.341348576,-3.007784868,276.962363455,0.1284,0.1291,0.4739,1.2429,-7.877,-0.2043,7.9745,0.1474,0.142,0.1017,-0.0070413222206315,0.0067362304193243,0.0031145789740285,0.0025008166360337316,0.012554891999604042,-0.006483057017330335,4.36474842875e-05,0.0002191242026257,-0.0001131506905471,-11930456,2746141,165790017,987076,7109276,-2994397,-0.7140979390405274,0.16437038353057865,9.923368348468324,0.22820559713745117,1.643618702911377,-0.6922852500228882,61,fbd2fe00,43.51123763826,-79.68630724083,165.2511,-37.1,SOL_COMPUTED,INS_PSRSP,good,0.9936,0.748,1.6452,32,28,0.0,0.0,1,0,0,0,0,0,1,0,0,—,—,0.0,0.0,0.0,0.0
2026-05-26 12:16:58.022088,1779812218.022088,2420,231436.0,INS_SOLUTION_GOOD,good,43.51125695526,-79.68643764041,164.9331,-37.1,0.606570175,-1.636298161,276.596962047,0.1286,0.132,0.473,0.888,-7.3664,-0.3388,7.4197,0.1636,0.1501,0.1117,-0.0064231080867886,0.0073345586804608,0.0008002588789991,0.012377199604581628,-0.011243054174167683,-0.008256946292553238,0.0002160228852768,-0.0001962283133196,-0.0001441108989656,-7098218,12889263,164101815,2516863,-4120159,-4048985,-0.42486413299377446,0.7714873718197633,9.822320947691347,0.58188247290802,-0.9525541547927856,-0.9360991856002807,61,fbcdfe00,43.51125406025,-79.68637891502,165.2866,-37.1,SOL_COMPUTED,INS_PSRSP,good,1.0737,0.8371,1.6622,33,28,0.0,0.0,1,0,0,0,0,0,1,0,0,—,—,0.0,0.0,0.0,0.0
2026-05-26 12:16:59.030768,1779812219.030768,2420,231437.0,INS_SOLUTION_GOOD,good,43.51127994013,-79.68647937207,164.9757,-37.1,1.11573022,-1.564056614,277.508446911,0.1262,0.1315,0.4712,0.5937,-6.5386,-0.2792,6.5655,0.1724,0.1514,0.1209,-0.0087251654673396,0.0002118391136512,-0.0061023265410962,-0.001585666191753609,0.0008250632712552562,-0.02975889176668318,-2.76750958837e-05,1.44000706207e-05,-0.000519390643074,-15972911,-2773364,159255238,-1262040,818077,-13232569,-0.9560592508432009,-0.16599981732543947,9.53222888020447,-0.2917754983520508,0.18913411965179444,-3.059284503227234,61,fbc7fe00,43.51127041573,-79.68643564347,165.3169,-37.1,SOL_COMPUTED,INS_PSRSP,good,1.1894,0.9284,1.7015,34,29,0.0,0.0,1,1,0,0,0,0,1,0,0,—,—,0.0,0.0,0.0,0.0
2026-05-26 12:17:00.020148,1779812220.020148,2420,231438.0,INS_SOLUTION_GOOD,good,43.51130043426,-79.68649882359,165.2173,-37.1,1.040635351,-1.670794385,282.762458235,0.1207,0.1302,0.4683,0.0404,-5.1199,-0.1187,5.1201,0.1795,0.1381,0.1302,-0.0107184767997522,0.0085365295323458,0.002650277623586,-0.008243424890128451,-6.490425054206636e-05,-0.08578284254564325,-0.0001438749059738,-1.1327928705e-06,-0.0014971930441435,-13931090,7614399,178422202,-6949645,-298942,-36795255,-0.8338459701446534,0.4557601681723023,10.679468305928346,-1.6067130465316772,-0.06911345997619629,-8.50682534992218,61,fbc2fe00,43.51129340489,-79.68647706536,165.3461,-37.1,SOL_COMPUTED,INS_PSRSP,good,1.2932,0.9938,1.7475,34,29,0.0,0.0,1,1,0,0,0,0,1,0,0,—,—,0.0,0.0,0.0,0.0
2026-05-26 12:17:01.033027,1779812221.033027,2420,231439.0,INS_SOLUTION_GOOD,good,43.51132907805,-79.68651402926,165.0724,-37.1,1.384662391,-2.853673946,293.775137283,0.1182,0.1283,0.4674,-0.4827,-3.5663,-0.2116,3.5988,0.1803,0.1301,0.1346,-0.0105889137726384,-0.0179464831058132,-0.0066091984105619,-0.004482843268070189,-0.014938299158121969,-0.13480371833453714,-7.82403748788e-05,-0.0002607225049575,-0.0023527687288721,-22274173,-36886272,149590488,-1375984,-7753160,-59030427,-1.3332215493801882,-2.2078293414843753,8.953744867829592,-0.3181186153564453,-1.792480525817871,-13.64745353226471,61,fbbefe00,43.51131368583,-79.68649484208,165.5896,-37.1,SOL_COMPUTED,INS_PSRSP,good,1.3939,0.9791,1.8002,31,26,0.0,0.0,1,1,0,0,0,0,1,0,0,—,—,0.0,0.0,0.0,0.0
2026-05-26 12:17:02.033994,1779812222.033994,2420,231440.0,INS_SOLUTION_GOOD,good,43.51135649842,-79.68651948148,164.9088,-37.1,0.907454085,-3.142909707,312.570854655,0.1191,0.1273,0.4676,-0.9728,-1.9195,-0.1685,2.1519,0.178,0.1315,0.1304,-0.0050525436053701,-0.0191955018384192,-0.0040785898540307,-0.023391035094359365,0.0003497459400577938,-0.22322858736872075,-0.0004082505778467,6.1042181995e-06,-0.0038960738341656,-11584982,-42631517,159343846,-9831299,-68685,-96087185,-0.693419578432007,-2.5517112194094853,9.537532515722047,-2.27293284299469,-0.015879528465270996,-22.21473668712616,61,fbb8fe00,43.51134157617,-79.68650671196,165.4354,-37.1,SOL_COMPUTED,INS_PSRSP,good,1.4632,0.9679,1.8499,31,26,0.0,0.0,1,0,0,0,0,0,1,0,0,—,—,0.0,0.0,0.0,0.0
2026-05-26 12:17:03.104134,1779812223.104134,2420,231441.0,INS_SOLUTION_GOOD,good,43.51138618972,-79.68651035702,164.9801,-37.1,0.77670819,-3.058009306,334.455811383,0.1197,0.1266,0.467,-1.7976,-0.5351,-0.0281,1.8756,0.1768,0.1331,0.1154,-0.0035634377254719,-0.0223846867175357,0.0016812574287469,0.014679637912294858,0.013079844694410342,-0.21266823016675288,0.0002562080145705,0.0002282863555673,-0.0037117608308043,-6730752,-47295788,172127535,6060628,5266212,-92853283,-0.40286944031250005,-2.8308913536999514,10.302700751390077,1.4011780569763184,1.2175142077331542,-21.467079427711486,61,fbb3fe00,43.51136660894,-79.68650706954,165.2843,-37.1,SOL_COMPUTED,INS_PSRSP,good,1.5394,1.0084,1.8912,30,25,0.0,0.0,1,1,0,0,0,0,1,0,0,—,—,0.0,0.0,0.0,0.0
2026-05-26 12:17:04.033009,1779812224.033009,2420,231442.0,INS_SOLUTION_GOOD,good,43.51141694641,-79.68648025728,165.0618,-37.1,0.58946271,-1.070397704,351.007028525,0.1186,0.1257,0.4661,-2.1159,0.6571,-0.0165,2.2156,0.1745,0.1284,0.1064,0.0055007049990395,-0.0100741897420654,0.000823661036615,0.04338398402721391,0.017321958442030848,-0.10620225259599092,0.0007571933639086,0.0003023252077075,-0.0018535789808374,7666502,-11325639,157159104,17787250,8471756,-45536391,0.4588787953997803,-0.6778965924032594,9.40676469263672,4.1122973384857175,1.958615280670166,-10.527719547065734,61,fbaefe00,43.51139219843,-79.68649366949,165.359,-37.1,SOL_COMPUTED,INS_PSRSP,good,1.6184,1.0603,1.8566,29,24,0.0,0.0,1,1,0,0,0,0,1,0,0,—,—,0.0,0.0,0.0,0.0
2026-05-26 12:17:05.020274,1779812225.020274,2420,231443.0,INS_SOLUTION_GOOD,good,43.51145564,-79.68642167896,166.5002,-37.1,2.058632206,-1.485501043,356.978999875,0.1169,0.1254,0.4639,-1.5834,1.8646,0.0608,2.4462,0.1741,0.1201,0.1048,-0.0020275648397815,-0.0066806314311031,-0.0117486333397673,-0.008674824580684583,0.001703397372214207,-0.06372425252705932,-0.0001514042509661,2.9729892615e-05,-0.0011121980199711,-5287217,-12929271,159267420,-4027378,-379276,-27478450,-0.3164665929751587,-0.7738820523202515,9.53295803432007,-0.9311037867279053,-0.08768616201782227,-6.352840197372436,61,fba9fe00,43.51141912921,-79.68646190003,165.4461,-37.1,SOL_COMPUTED,INS_PSRSP,good,1.6638,1.0426,1.8264,29,25,0.0,0.0,1,1,0,0,0,0,1,0,0,—,—,0.0,0.0,0.0,0.0
2026-05-26 12:17:06.027020,1779812226.027020,2420,231444.0,INS_SOLUTION_GOOD,good,43.51149651299,-79.68637748296,166.782,-37.1,2.60680696,-1.849173271,6.481526217,0.1193,0.1252,0.4647,-1.6544,2.2418,0.0975,2.7862,0.1743,0.1311,0.1105,-0.0018011991082492,-0.0077630973027384,0.0023820638992495,0.01498655197301844,0.027043069138851246,-0.11492576825060484,0.0002615646754508,0.0004719905963181,-0.0020058330513599,-9849276,-16505664,170235497,6302516,11633803,-49590077,-0.5895288237634279,-0.9879472037695314,10.18945273837311,1.457101000579834,2.689660128089905,-11.464905573509217,61,fba4fe00,43.51145644328,-79.68640299489,166.8457,-37.1,SOL_COMPUTED,INS_PSRSP,good,1.6441,0.9944,1.8023,28,24,0.0,0.0,1,1,0,0,0,0,1,0,0,—,—,0.0,0.0,0.0,0.0
2026-05-26 12:17:07.021373,1779812227.021373,2420,231445.0,INS_SOLUTION_GOOD,good,43.51153132333,-79.6863237043,166.7404,-37.1,1.694667148,-1.847725999,13.513266407,0.1212,0.1255,0.4648,-1.2812,2.5227,0.0309,2.8294,0.1736,0.1382,0.1126,-0.0013823369479722,0.0059933779475539,-0.001130209148569,-0.00655454374660921,0.006236652904978484,-0.02009991757603543,-0.0001143983693445,0.0001088501274961,-0.0003508097410818,-10131620,3145668,160690196,-3886148,2813367,-7667589,-0.6064285356018068,0.1882840886975098,9.618118350850832,-0.8984523227233887,0.6504322830276489,-1.772697063194275,61,fb9ffe00,43.51149507069,-79.68635883147,167.1131,-37.1,SOL_COMPUTED,INS_PSRSP,good,1.6015,1.0171,1.8035,31,27,0.0,0.0,1,0,0,0,0,0,1,0,0,—,—,0.0,0.0,0.0,0.0
2026-05-26 12:17:08.024908,1779812228.024908,2420,231446.0,INS_SOLUTION_GOOD,good,43.51157463246,-79.68626626444,166.6537,-37.1,2.961300615,-2.315533872,5.314272272,0.1226,0.1255,0.4651,0.5273,2.7833,-0.0578,2.8328,0.1719,0.1419,0.1132,-0.0072158083161004,0.0115882840919568,-0.0099216647806387,0.017148302012939754,-0.001166334674171661,0.15717176316413856,0.0002992943312526,-2.03563802445e-05,0.0027431647583829,-20918687,18125942,146650673,6254714,-2635947,68496995,-1.2520888785922244,1.0849290107073977,8.777782118990785,1.4460494868621827,-0.6094139247207642,15.836062923316955,61,fb9afe00,43.51152824884,-79.68630549919,167.0956,-37.1,SOL_COMPUTED,INS_PSRSP,good,1.5673,1.0256,1.8003,31,27,0.0,0.0,1,1,0,0,0,0,1,0,0,—,—,0.0,0.0,0.0,0.0
2026-05-26 12:17:09.024465,1779812229.024465,2420,231447.0,INS_SOLUTION_GOOD,good,43.51162831868,-79.68621204208,166.361,-37.1,2.28877748,-2.273469891,343.595020408,0.1235,0.1255,0.4668,3.0581,2.8333,-0.0723,4.1689,0.1708,0.142,0.1139,0.0064697414729,0.0265450509980904,0.0137159647006047,0.015177533679695644,-0.005357556638457661,0.2311637918398569,0.0002648979350434,-9.35070032033e-05,0.0040345692790061,16469140,32248721,186378625,3536275,-1025938,98834100,0.9857610582336427,1.9302485339028934,11.15570033481598,0.8175639444351196,-0.23719024058532714,22.849805696868895,61,fb95fe00,43.51157348668,-79.68624754857,166.9753,-37.1,SOL_COMPUTED,INS_PSRSP,good,1.5394,1.0332,1.8004,31,27,0.0,0.0,1,1,0,0,0,0,1,0,0,—,—,0.0,0.0,0.0,0.0
2026-05-26 12:17:10.021298,1779812230.021298,2420,231448.0,INS_SOLUTION_GOOD,good,43.51168629273,-79.68617647008,166.4625,-37.1,1.834635148,-1.49239509,322.286631158,0.1108,0.1214,0.4653,4.8869,1.9715,0.0053,5.2696,0.136,0.1068,0.0912,-0.0056848592463969,0.0128449999327335,0.0040509074240472,-0.034582053004999065,-0.01398656714376448,0.15626689591715742,-0.0006035706870373,-0.0002441116477103,0.0027273718456296,-14080805,14669946,178080005,-15749197,-6498899,66425675,-0.8428071676834108,0.8780702266900636,10.658986090290835,-3.641112645652771,-1.5025034820327758,15.357187114906312,61,fb90fe00,43.51163228888,-79.68619411931,166.7004,-37.1,SOL_COMPUTED,INS_PSRSP,good,1.5162,1.0387,1.8184,31,26,0.0,0.0,1,1,0,0,0,0,1,0,0,—,—,0.0,0.0,0.0,0.0
2026-05-26 12:17:11.025199,1779812231.025199,2420,231449.0,INS_SOLUTION_GOOD,good,43.5117457871,-79.68615777612,166.5735,-37.1,1.868903229,-1.319896129,316.096070927,0.1138,0.1221,0.4693,4.9834,1.774,-0.04,5.2897,0.1398,0.1193,0.0987,0.0047767333831377,-0.0130032785743378,-0.0018141612191151,0.014287320941559047,0.010239896228515389,-0.013651470790494249,0.0002493607917197,0.0001787199042504,-0.0002382631130343,3859790,-23848400,163292124,7116087,6215491,-7956741,0.23102789064636234,-1.427446971801758,9.773856859281008,1.6451933621292114,1.4369813825454711,-1.8395471383895874,61,fb8bfe00,43.51169468424,-79.68616174799,166.8141,-37.1,SOL_COMPUTED,INS_PSRSP,good,1.3366,0.8922,1.6819,31,26,0.0,0.0,1,1,0,0,0,0,1,0,0,—,—,0.0,0.0,0.0,0.0
2026-05-26 12:17:12.017789,1779812232.017789,2420,231450.0,INS_SOLUTION_GOOD,good,43.51179759735,-79.68614181028,166.5794,-37.1,1.809284352,-1.433760872,325.771238113,0.1162,0.1223,0.4716,4.327,2.056,-0.0631,4.7906,0.1441,0.1276,0.1056,-0.0032884517811241,-0.0134216411107421,0.001568856922411,0.023908298245204462,0.0266478121803715,-0.15476617712891544,0.0004172785229282,0.0004650920610012,-0.0027011793616282,-12791143,-23667591,169219832,9929439,11216254,-67454824,-0.7656143951474,-1.4166246416024781,10.128660067644045,2.295622177253723,2.5931254956207277,-15.595119717956543,61,fb85fe00,43.51175527861,-79.68614437167,166.9242,-37.1,SOL_COMPUTED,INS_PSRSP,good,1.322,0.9029,1.7006,29,25,0.0,0.0,1,1,0,0,0,0,1,0,0,—,—,0.0,0.0,0.0,0.0
2026-05-26 12:17:13.022500,1779812233.022500,2420,231451.0,INS_SOLUTION_GOOD,good,43.51183379741,-79.68612220318,166.5971,-37.1,2.281952167,-2.151005733,349.042958401,0.1185,0.1232,0.4727,2.7362,1.9753,-0.0833,3.3747,0.1489,0.1335,0.1075,-0.0027607320776598,-0.014902672555825,0.0059080239799141,0.022769264856343573,0.007858866472545007,-0.28546371401779086,0.0003973986400024,0.0001371630954207,-0.0049822817045891,-9646970,-28127256,174004798,8568143,5206830,-124005641,-0.5774197897369385,-1.6835580752709964,10.415064406168824,1.980899332649231,1.203785472793579,-28.669303430351256,61,fb81fe00,43.5118053178,-79.68612641312,166.9317,-37.1,SOL_COMPUTED,INS_PSRSP,good,1.3099,0.9196,1.72,29,24,0.0,0.0,1,1,0,0,0,0,1,0,0,—,—,0.0,0.0,0.0,0.0
2026-05-26 12:17:14.029811,1779812234.029811,2420,231452.0,INS_SOLUTION_GOOD,good,43.51183304912,-79.68610939528,166.4749,-37.1,2.399680257,-2.4453295,21.262221307,0.0963,0.0997,0.4547,0.559,1.1286,-0.1853,1.2595,0.0618,0.0392,0.0589,-0.0020730766177861,-0.0207935802492209,-0.0036016793131922,-0.010718034895620886,0.023725112835807232,-0.3552740005992082,-0.0001870649982725,0.0004140813343926,-0.0062007010571974,-10979001,-42355487,156188288,-4331680,11868046,-153977817,-0.6571485605264283,-2.535189432303162,9.348656460664063,-1.0014564440917968,2.743815597061157,-35.59867697563934,61,fb7cfe00,43.51183650185,-79.68610384141,166.9368,-37.1,SOL_COMPUTED,INS_PSRSP,good,1.3327,0.9857,1.7428,26,22,0.0,0.0,1,1,0,0,0,0,1,0,0,—,—,0.0,0.0,0.0,0.0
2026-05-26 12:17:15.019799,1779812235.019799,2420,231453.0,INS_SOLUTION_GOOD,good,43.51183610897,-79.68610369988,166.6909,-37.1,2.505017113,-2.684369562,56.91099723,0.1006,0.1039,0.4567,-0.3415,-0.3277,-0.1087,0.4733,0.0801,0.0616,0.0648,-0.0014813886907722,-0.005263101122556,-0.0078192042467841,-0.011025346344280988,-0.007678147589343379,-0.356058451618581,-0.0001924285948807,-0.0001340089558883,-0.0062143923103061,-9812216,-16596200,149297868,-6161158,-2411735,-154717950,-0.587310595925293,-0.993366239807129,8.936230085584718,-1.4244199438018799,-0.5575775581741333,-35.76979094581604,61,fb76fe00,43.51182822405,-79.68609186363,166.8114,-37.1,SOL_COMPUTED,INS_PSRSP,good,0.9734,0.6832,1.4464,26,23,0.0,0.0,1,1,0,0,0,0,1,0,0,—,—,0.0,0.0,0.0,0.0
2026-05-26 12:17:16.039419,1779812236.039419,2420,231454.0,INS_SOLUTION_GOOD,good,43.51183431874,-79.68611596605,166.4726,-37.1,0.345962288,-3.153472005,92.092686266,0.1008,0.1041,0.4584,-0.4596,-1.9835,-0.0886,2.0361,0.1018,0.083,0.0731,-0.0036047363231768,-0.0105675469139867,-0.0024219191573162,0.014092327939607909,0.010215189891839564,-0.35248211653847583,0.0002459575218173,0.0001782886973293,-0.0061519734880036,-7796533,-26343563,160498360,5139773,4208091,-152644546,-0.4666618063015748,-1.5767950567257694,9.606635999108889,1.1882823274154664,0.9728834653701782,-35.29043333006287,61,fb72fe00,43.51182475272,-79.6860933009,167.0246,-37.1,SOL_COMPUTED,INS_PSRSP,good,0.9537,0.6571,1.4261,29,24,0.0,0.0,1,1,0,0,0,0,1,0,0,—,—,0.0,0.0,0.0,0.0
2026-05-26 12:17:17.031648,1779812237.031648,2420,231455.0,INS_SOLUTION_GOOD,good,43.51183277092,-79.68614183836,166.1367,-37.1,0.902560199,-2.232482513,126.064459893,0.1057,0.1085,0.4617,0.4756,-3.1959,-0.0104,3.2311,0.1216,0.1002,0.0802,-0.0037163560403912,-0.0237762714878552,0.0001192809638389,-0.009775009831016639,0.028090727217536398,-0.3320618860010376,-0.0001706061059663,0.0004902756792263,-0.0057955732311085,-12627338,-50716663,168446981,-1296090,12586072,-143362143,-0.7558098400738527,-3.0356479688046267,10.08240103896271,-0.2996476384735107,2.909818571594238,-33.14440169776154,61,fb6cfe00,43.51182079718,-79.68611637685,166.8629,-37.1,SOL_COMPUTED,INS_PSRSP,good,0.9538,0.6652,1.4263,29,25,0.0,0.0,1,1,0,0,0,0,1,0,0,—,—,0.0,0.0,0.0,0.0
2026-05-26 12:17:18.023178,1779812238.023178,2420,231456.0,INS_SOLUTION_GOOD,good,43.51183795773,-79.68617323692,165.7563,-37.1,1.37785522,-2.393560054,158.554326418,0.1101,0.1126,0.4655,1.9249,-3.6608,0.0931,4.1360,0.1427,0.1207,0.0916,-0.006337756746887,-0.032390369177771,0.0008899463819708,0.033809660884075374,0.03473965957782496,-0.30262363197595515,0.0005900899014107,0.0006063214406559,-0.0052817787723316,-15660880,-58416143,161145075,16388834,15553585,-130345395,-0.9373826223876954,-3.496500663763123,9.645345152275087,3.7889925895843506,3.5958884144210814,-30.13501361606598,61,fb67fe00,43.51182173423,-79.68615265704,166.5128,-37.1,SOL_COMPUTED,INS_PSRSP,good,0.9814,0.7041,1.4457,26,24,0.0,0.0,1,0,0,0,0,0,1,0,0,—,—,0.0,0.0,0.0,0.0
2026-05-26 12:17:19.024205,1779812239.024205,2420,231457.0,INS_SOLUTION_GOOD,good,43.51184739538,-79.68619878672,165.4956,-37.1,1.585590815,-1.967183312,189.025348909,0.1138,0.1163,0.4697,3.0123,-3.3719,-0.0682,4.5215,0.1591,0.1398,0.1021,0.0032663971947732,-0.0203429176376396,0.0066231237604618,0.014345561452473366,0.007381256053521612,-0.2793381259732725,0.0002503772803932,0.0001288272210669,-0.0048753700245913,-1347600,-38255176,170099646,7555735,4385512,-120211566,-0.08066065393066407,-2.2897651472192386,10.181321371129762,1.7468371406936645,1.0139020548706055,-27.792137790664672,61,fb62fe00,43.5118328629,-79.68619054027,166.1198,-37.1,SOL_COMPUTED,INS_PSRSP,good,1.0428,0.7753,1.4875,26,23,0.0,0.0,1,0,0,0,0,0,1,0,0,—,—,0.0,0.0,0.0,0.0
2026-05-26 12:17:20.021096,1779812240.021096,2420,231458.0,INS_SOLUTION_GOOD,good,43.51186117228,-79.68622055851,165.2082,-37.1,1.919715511,-1.083308221,210.630791737,0.1173,0.1198,0.4732,3.6296,-2.9371,-0.1187,4.6691,0.1708,0.156,0.1078,0.0026581897530904,-0.0019749933982672,-0.0032911494325842,0.018527171747785842,0.009824683758191588,-0.15299568482379042,0.0003233601480818,0.0001714730795479,-0.0026702784415225,-1342667,-4615749,161584990,6689360,4673199,-65185418,-0.0803653890109253,-0.2762758479666138,9.671676282858277,1.5465368353271485,1.0804134315261842,-15.070447705490112,61,fb5efe00,43.51184941717,-79.68621726024,165.8538,-37.1,SOL_COMPUTED,INS_PSRSP,good,1.1291,0.8735,1.5462,25,23,0.0,0.0,1,0,0,0,0,0,1,0,0,—,—,0.0,0.0,0.0,0.0
2026-05-26 12:17:21.036312,1779812241.036312,2420,231459.0,INS_SOLUTION_GOOD,good,43.51187060086,-79.68623392546,164.996,-37.1,1.88260451,-1.615135498,219.932714922,0.1214,0.1241,0.4763,3.3339,-2.4531,-0.1591,4.1392,0.1775,0.1655,0.1105,-0.0032252687930703,0.0004728067052589,-0.0011849218087205,-0.042482497163993195,-0.030886872576228207,-0.057033870914592555,-0.0007414594499819,-0.0005390776220999,-0.0009954288326185,-10410234,-2186270,161390876,-19193456,-13785676,-24368651,-0.6231049881353761,-0.13085928158874513,9.660057581331788,-4.437403085083008,-3.1871592699279785,-5.633874750160217,61,fb59fe00,43.51186805601,-79.68623669659,165.5577,-37.1,SOL_COMPUTED,INS_PSRSP,good,1.2503,1.005,1.5875,22,20,0.0,0.0,1,0,0,0,0,0,1,0,0,—,—,0.0,0.0,0.0,0.0
2026-05-26 12:17:22.019381,1779812242.019381,2420,231460.0,INS_SOLUTION_GOOD,good,43.51187047043,-79.68623852555,165.08,-37.1,0.80985814,-2.545827395,218.363483226,0.1257,0.1294,0.4794,2.7707,-2.0986,-0.0438,3.4758,0.1803,0.1649,0.1089,0.0014668988812291,-0.0043702626124178,0.0026910098790971,0.0058479170909171785,0.00456029635542052,0.07663463085898727,0.0001020654076203,7.95921862689e-05,0.0013375266295417,-2394719,-15542704,165402847,3704449,3111156,34198190,-0.1433360051351929,-0.9303091930029298,9.900194272049257,0.85644468724823,0.7192791768493653,7.906400692520141,61,fb53fe00,43.51187926847,-79.68624834613,165.3465,-37.1,SOL_COMPUTED,INS_PSRSP,good,1.3699,1.1279,1.6297,24,22,0.0,0.0,1,0,0,0,0,0,1,0,0,—,—,0.0,0.0,0.0,0.0
2026-05-26 12:17:23.060247,1779812243.060247,2420,231461.0,INS_SOLUTION_GOOD,good,43.5118529754,-79.68624832589,165.2828,-37.1,0.079878606,-2.415211601,204.26038222,0.1314,0.135,0.4824,1.3068,-2.1193,-0.1025,2.4898,0.179,0.1633,0.1052,-0.0013603694599412,0.0072690796244962,-0.0014252365867709,0.0028118773320364274,-0.019148222348708197,0.17992194834003106,4.90765176063e-05,-0.0003341995258894,0.0031402303951412,-1669375,7355623,161332388,923282,-8167022,77301539,-0.09992050991058352,0.44027111995208745,9.656556779664308,0.21345683628845216,-1.8881627476959228,17.871616640602113,61,fb4efe00,43.51187876024,-79.68625325397,165.4585,-37.1,SOL_COMPUTED,INS_PSRSP,good,1.4712,1.1911,1.655,26,24,0.0,0.0,1,0,0,0,0,0,1,0,0,—,—,0.0,0.0,0.0,0.0
2026-05-26 12:17:24.018945,1779812244.018945,2420,231462.0,INS_SOLUTION_GOOD,good,43.51182088033,-79.68626587873,165.4546,-37.1,0.468291705,-2.363375691,184.511543492,0.13,0.1399,0.4826,-0.4017,-2.289,-0.0886,2.3240,0.1725,0.1313,0.0994,0.002533215345371,0.0119724821853668,-0.0036269548669502,-0.004586878224226604,-0.001669259197436106,0.2194676504833852,-8.00561274009e-05,-2.91340690645e-05,0.0038304331025567,1982384,15242166,159006339,-3104066,-1086617,94468006,0.11865567659667971,0.9123204785394289,9.517331020229188,-0.7176400146331787,-0.25121883354949953,21.840392958206177,61,fb4afe00,43.51185838549,-79.68626533024,165.6805,-37.1,SOL_COMPUTED,INS_PSRSP,good,1.5131,1.2268,1.6752,28,26,0.0,0.0,1,1,0,0,0,0,1,0,0,—,—,0.0,0.0,0.0,0.0
2026-05-26 12:17:25.021362,1779812245.021362,2420,231463.0,INS_SOLUTION_GOOD,good,43.51175530786,-79.6862658352,165.4233,-37.1,0.898573338,-3.859855814,163.767988317,0.1224,0.1311,0.4849,-2.7869,-2.016,-0.1229,3.4396,0.108,0.0546,0.0985,0.0051359583276198,0.0103606820922016,1.90313048029e-05,0.0031798549969928864,-0.0074866891118740495,0.1685648348416515,5.54989394336e-05,-0.0001306673750756,0.0029420113710715,3300230,4918442,161178482,1360562,-2705787,71600603,0.19753540362243655,0.2943935500445557,9.647344729646608,0.31455314854431154,-0.6255604817276001,16.55359705130768,61,fb45fe00,43.51182179972,-79.68628442714,165.8421,-37.1,SOL_COMPUTED,INS_PSRSP,good,1.5057,1.0889,1.6755,28,26,0.0,0.0,1,1,0,0,0,0,1,0,0,—,—,0.0,0.0,0.0,0.0
2026-05-26 12:17:26.018660,1779812246.018660,2420,231464.0,INS_SOLUTION_GOOD,good,43.51171865319,-79.68628823694,165.5315,-37.1,1.192295276,-3.984776299,151.863982659,0.1329,0.1275,0.4892,-3.6928,-2.0929,-0.1275,4.2446,0.0502,0.0802,0.0972,0.0068520868602119,0.0019446033131949,-0.0009109122422125,0.009173568765269863,-0.0018689406623695955,0.07560303155841973,0.0001601089791123,-3.26191680828e-05,0.0013195218251855,5853518,-4611633,164652387,4008571,-621662,31397753,0.35036256283386236,-0.27602948461578375,9.855275457602236,0.9267557297744751,-0.14372424000549316,7.258957741996765,61,fb40fe00,43.51175129848,-79.68628363012,165.7989,-37.1,SOL_COMPUTED,INS_PSRSP,good,1.2032,0.8141,1.672,28,25,0.0,0.0,1,1,0,0,0,0,1,0,0,—,—,0.0,0.0,0.0,0.0
2026-05-26 12:17:27.026935,1779812247.026935,2420,231465.0,INS_SOLUTION_GOOD,good,43.5116803211,-79.68631056123,165.7257,-37.1,0.51668308,-3.061473502,151.104989187,0.1416,0.1372,0.4928,-3.95,-2.1829,-0.0642,4.5130,0.0738,0.1016,0.0983,0.0041422395110864,0.0021477276268194,0.0047425407326,-0.015495003675409097,-0.005494376977815862,-0.030067540009067067,-0.0002704388317449,-9.58949686088e-05,-0.0005247775711341,3192227,-5436726,176729460,-7916161,-2385334,-13350031,0.19107087957489016,-0.3254154603753663,10.57814916326294,-1.83016530443573,-0.5514738174591064,-3.086440959114075,61,fb3bfe00,43.51171204887,-79.68630453232,165.8993,-37.1,SOL_COMPUTED,INS_PSRSP,good,1.0379,0.7773,1.6852,29,26,0.0,0.0,1,1,0,0,0,0,1,0,0,—,—,0.0,0.0,0.0,0.0
2026-05-26 12:17:28.024565,1779812248.024565,2420,231466.0,INS_SOLUTION_GOOD,good,43.51164298804,-79.68633129481,166.0689,-37.1,-0.126499381,-2.77181712,156.427651609,0.1475,0.1451,0.495,-3.5028,-2.2769,0.0035,4.1778,0.0977,0.1187,0.1001,0.0002660988652703,-0.0157456051979651,-0.0032005300985764,0.01686057847868084,-0.007504327397919378,-0.09683532785873818,0.0002942726082443,-0.0001309752212415,-0.0016900953033856,2051780,-30814660,164104809,8324576,-2809902,-42259876,0.12280937705688479,-1.84441275322876,9.82250015368561,1.9245882150878906,-0.649631197402954,-9.770210437225343,61,fb36fe00,43.51167361874,-79.6863267163,166.1117,-37.1,SOL_COMPUTED,INS_PSRSP,good,1.009,0.7673,1.7227,29,26,0.0,0.0,1,1,0,0,0,0,1,0,0,—,—,0.0,0.0,0.0,0.0
2026-05-26 12:17:29.030281,1779812249.030281,2420,231467.0,INS_SOLUTION_GOOD,good,43.51160868616,-79.68633706006,166.3902,-37.1,-0.207456989,-2.888525008,167.330505378,0.1196,0.1174,0.4835,-3.0458,-1.7313,0.0167,3.5035,0.0365,0.0325,0.0559,-0.0028305044221542,-0.0081473615174899,-0.0007194010050567,-0.009383173686015591,0.004747139278070733,-0.1265227533495039,-0.0001637672751077,8.28532104532e-05,-0.0022082386246407,-4135937,-22076231,162909829,-4720440,1836374,-55046635,-0.24755668079254153,-1.321373722754822,9.750974576189272,-1.091335245666504,0.42455781037902834,-12.726426547279358,61,fb32fe00,43.51163743007,-79.68634818951,166.4718,-37.1,SOL_COMPUTED,INS_PSRSP,good,0.9976,0.7891,1.7625,29,26,0.0,0.0,1,1,0,0,0,0,1,0,0,—,—,0.0,0.0,0.0,0.0
2026-05-26 12:17:30.025933,1779812250.025933,2420,231468.0,INS_SOLUTION_GOOD,good,43.51158322054,-79.68635598169,166.3963,-37.1,0.006169814,-2.954460937,181.730841118,0.1276,0.1254,0.4882,-2.0505,-1.4074,0.01,2.4870,0.0543,0.0528,0.0587,-0.0041513877175546,-0.0118452492456338,-0.0006926958484873,-0.003128157733054424,0.00671216582501376,-0.15181159901443061,-5.45966519636e-05,0.0001171493935865,-0.002649612245523,-6968170,-28832017,160764601,-1078168,2885703,-65967469,-0.4170801045562745,-1.725741574176331,9.62257186521393,-0.24926547930908202,0.6671558991165161,-15.251252846580506,61,fb2cfe00,43.51160554451,-79.6863550832,166.7954,-37.1,SOL_COMPUTED,INS_PSRSP,good,0.9412,0.6804,1.5597,32,29,0.0,0.0,1,1,0,0,0,0,1,0,0,—,—,0.0,0.0,0.0,0.0
2026-05-26 12:17:31.019087,1779812251.019087,2420,231469.0,INS_SOLUTION_GOOD,good,43.51156708112,-79.68637362588,166.2858,-37.1,0.572916248,-2.71815529,197.540835035,0.1333,0.1318,0.4927,-1.0212,-0.8367,-0.1315,1.3202,0.0745,0.075,0.0611,-0.0040748546395083,-0.0100840621758494,-0.0036987237806824,0.008248102942576526,-0.019471095991171517,-0.16574525067186247,0.0001439565533916,-0.0003398347340183,-0.0028928003437715,-8319001,-23127377,157574011,3428581,-8605992,-72813110,-0.49793415012603764,-1.384290110211487,9.431598968341982,0.792665787071228,-1.9896497770385742,-16.833920839920044,61,fb27fe00,43.51158344254,-79.68637453174,166.7956,-37.1,SOL_COMPUTED,INS_PSRSP,good,0.9176,0.6594,1.5744,30,26,0.0,0.0,1,1,0,0,0,0,1,0,0,—,—,0.0,0.0,0.0,0.0
2026-05-26 12:17:32.026607,1779812252.026607,2420,231470.0,INS_SOLUTION_GOOD,good,43.51155938956,-79.68638539025,166.1297,-37.1,0.224082304,-2.312667837,215.316126412,0.1375,0.1363,0.497,-0.1233,-0.035,-0.0658,0.1282,0.0983,0.1005,0.0642,-0.0073960844027122,-0.0180128243285061,-0.0014017931760495,0.004793656663582444,0.0048929887997405065,-0.18124448879586144,8.36650919898e-05,8.53987648188e-05,-0.0031633130805863,-13866581,-37974984,163447486,3030375,1778617,-78241649,-0.8299847812722779,-2.272994243430176,9.783156058239138,0.7006031312942504,0.4112047649459839,-18.088964001823424,61,fb22fe00,43.5115710034,-79.68639142838,166.6704,-37.1,SOL_COMPUTED,INS_PSRSP,good,0.9,0.644,1.5866,31,27,0.0,0.0,1,1,0,0,0,0,1,0,0,—,—,0.0,0.0,0.0,0.0
2026-05-26 12:17:33.042085,1779812253.042085,2420,231471.0,INS_SOLUTION_GOOD,good,43.51155771571,-79.68639150119,165.8617,-37.1,0.242530922,-1.75145857,233.788694722,0.1339,0.1336,0.4981,0.4309,0.9788,-0.0108,1.0695,0.1231,0.1245,0.0658,-0.0047013750804532,-0.0117673925508249,-0.0034524011570039,0.01008747100123771,0.016331008741192893,-0.18797420313316593,0.0001760595821713,0.0002850298727062,-0.0032807687534911,-10286688,-23801405,158287197,4151314,7095021,-81877080,-0.6157101371777345,-1.424634084126282,9.474286745971986,0.9597569896087647,1.6403230389633179,-18.92945217315674,61,fb1efe00,43.51156708504,-79.68640065691,166.5234,-37.1,SOL_COMPUTED,INS_PSRSP,good,0.9082,0.6652,1.5914,30,26,0.0,0.0,1,0,0,0,0,0,1,0,0,—,—,0.0,0.0,0.0,0.0
2026-05-26 12:17:34.020986,1779812254.020986,2420,231472.0,INS_SOLUTION_GOOD,good,43.51156080088,-79.68640270773,165.7128,-37.1,0.26317708,-1.451566754,251.96966134,0.1325,0.1344,0.5003,0.5694,1.7006,-0.0228,1.7934,0.15,0.1458,0.0763,-0.0040591815751021,-0.0120321692757225,-0.0006216791884672,0.010195092333828737,0.004761473901713451,-0.18076594607986993,0.0001779379287704,8.31033968328e-05,-0.0031549609345808,-8485195,-25962560,164376430,4202103,2133371,-78124446,-0.5078816988937379,-1.5539901063476564,9.838758039913943,0.9714990784378051,0.4932215989151001,-18.061867425064086,61,fb19fe00,43.51156855614,-79.68640259459,166.2551,-37.1,SOL_COMPUTED,INS_PSRSP,good,0.9532,0.7393,1.5821,29,26,0.0,0.0,1,0,0,0,0,0,1,0,0,—,—,0.0,0.0,0.0,0.0
2026-05-26 12:17:35.018503,1779812255.018503,2420,231473.0,INS_SOLUTION_GOOD,good,43.51156641747,-79.68642833585,165.6247,-37.1,2.694928133,-1.306864872,267.154082187,0.1284,0.1333,0.5011,0.4219,1.7022,-0.1702,1.7537,0.1722,0.1575,0.0846,0.0054557546561454,-0.0289820708083346,-0.0055479781983841,0.0034951227398617246,0.051658731820569626,-0.1487661027033772,6.1001399572e-05,0.000901614957675,-0.0025964583075377,-12392465,-47976128,153914992,6017871,24745563,-64723673,-0.7417515069107057,-2.8716131326367194,9.2125882342334,1.3912929146804809,5.721014370643616,-14.963695243217469,61,fb14fe00,43.51157362544,-79.68640857986,166.1057,-37.1,SOL_COMPUTED,INS_PSRSP,good,1.0539,0.8566,1.5896,29,26,0.0,0.0,1,0,0,0,0,0,1,0,0,—,—,0.0,0.0,0.0,0.0
2026-05-26 12:17:36.015562,1779812256.015562,2420,231474.0,INS_SOLUTION_GOOD,good,43.51158504964,-79.68647266356,165.717,-37.1,6.054664357,-2.974378503,283.077654801,0.1236,0.1283,0.499,0.3587,1.4468,-0.0923,1.4906,0.1748,0.1582,0.0862,-0.0083233913944121,-0.0229603901196946,1.49474005878e-05,0.06574199036186665,-0.022533459637242858,-0.19366299209244706,0.0011474141886306,-0.0003932830625357,-0.0033800568512818,-36274185,-49865037,175781334,32285350,-12798068,-84075456,-2.171192848695374,-2.9846738592288213,10.521399042182008,7.464164436721802,-2.9588306778259277,-19.43770250830078,61,fb0ffe00,43.51158005235,-79.68642936808,165.9536,-37.1,SOL_COMPUTED,INS_PSRSP,good,1.2037,0.987,1.6034,29,26,0.0,0.0,1,1,0,0,0,0,1,0,0,—,—,0.0,0.0,0.0,0.0
2026-05-26 12:17:37.025295,1779812257.025295,2420,231475.0,INS_SOLUTION_GOOD,good,43.51159784119,-79.68651778073,165.5298,-37.1,1.316910452,-3.12300983,302.551001364,0.1188,0.1257,0.4995,0.308,1.0567,-0.238,1.1007,0.1776,0.1478,0.0812,0.0003091694170167,-0.0228810319056888,-0.0028105599475979,0.016472931921490592,-0.0694188631416289,-0.20843122896482527,0.0002875068994873,-0.0012115877248145,-0.0036378112094196,4374821,-54424326,165283037,8860896,-28538485,-90247194,0.26185509252716066,-3.2575702915521245,9.893023039526673,2.0485819357910158,-6.59791344417572,-20.864568479782104,61,fb0afe00,43.51159852452,-79.68646853291,165.9562,-37.1,SOL_COMPUTED,INS_PSRSP,good,1.3291,1.0857,1.6157,28,25,0.0,0.0,1,1,0,0,0,0,1,0,0,—,—,0.0,0.0,0.0,0.0
2026-05-26 12:17:38.017589,1779812258.017589,2420,231476.0,INS_SOLUTION_GOOD,good,43.51161685219,-79.68653845145,165.7171,-37.1,0.850396237,-0.235222622,324.260003354,0.1162,0.125,0.5023,0.444,1.5732,0.0877,1.6347,0.18,0.1372,0.0759,0.0020706177878711,-0.012027195714689,-0.0051827043868858,-0.001762189204753885,0.027323758654052753,-0.21052594561628069,-3.07560036661e-05,0.0004768895525342,-0.0036743709118839,254701,-21739014,156639772,-1532461,10709616,-90652266,0.015245138926086428,-1.3011895852239992,9.375680054222414,-0.3542950873031616,2.475994061645508,-20.95821851042175,61,fb05fe00,43.51160938715,-79.68650795469,165.8948,-37.1,SOL_COMPUTED,INS_PSRSP,good,1.4609,1.1261,1.62,30,27,0.0,0.0,1,1,0,0,0,0,1,0,0,—,—,0.0,0.0,0.0,0.0
2026-05-26 12:17:39.024229,1779812259.024229,2420,231477.0,INS_SOLUTION_GOOD,good,43.51163812649,-79.6865269784,165.6564,-37.1,1.045805901,-0.018996956,340.382144132,0.1123,0.1249,0.5063,0.3998,2.6278,-0.0313,2.6580,0.1806,0.1201,0.0734,0.0103166991238612,-0.0071834467236157,0.0010492728970543,0.005165520644082082,0.0008650891914534508,-0.10554771213695548,9.01553428191e-05,1.50986547143e-05,-0.0018421550947397,13081108,-12800142,165988548,2176751,501687,-45417737,0.7829702622570802,-0.7661530306658937,9.935251429713135,0.5032507747879028,0.11598679474639893,-10.500287508476257,61,fb01fe00,43.51162478236,-79.68652335035,166.0949,-37.1,SOL_COMPUTED,INS_PSRSP,good,1.6292,1.1444,1.6161,27,23,0.0,0.0,1,1,0,0,0,0,1,0,0,—,—,0.0,0.0,0.0,0.0
2026-05-26 12:17:40.038361,1779812260.038361,2420,231478.0,INS_SOLUTION_GOOD,good,43.51167377372,-79.68647164725,165.475,-37.1,1.578274714,0.054975862,345.492956684,0.1006,0.1271,0.5081,0.968,4.1407,-0.1306,4.2523,0.181,0.0516,0.0772,0.0120754469829825,-0.0023568744384842,-0.0004251461750569,0.0005449962325112761,0.0006386288574403724,-0.023221114524913402,9.5119786683e-06,1.11461762606e-05,-0.000405284904443,14580886,-4870022,165087663,418048,430232,-10006425,0.8727395366937257,-0.29149536893493655,9.88132892064789,0.096649998046875,0.09946686016845703,-2.3134208433151247,61,fafcfe00,43.51164268338,-79.68650942433,166.029,-37.1,SOL_COMPUTED,INS_PSRSP,good,1.7396,1.0914,1.6122,29,24,0.0,0.0,1,1,0,0,0,0,1,0,0,—,—,0.0,0.0,0.0,0.0
2026-05-26 12:17:41.034231,1779812261.034231,2420,231479.0,INS_SOLUTION_GOOD,good,43.51171569148,-79.68642043689,165.5848,-37.1,1.614226636,-0.250488956,345.519096553,0.1111,0.131,0.5097,1.863,5.0346,-0.1481,5.3682,0.1826,0.0761,0.085,0.010858271763423,0.0011678055859295,0.0001170540910779,-0.007502942778514624,0.0005474408051929742,0.0012570512915828765,-0.000130951055074,9.5546445104e-06,2.19396839046e-05,12015003,5914,163409713,-3600501,646999,-12352,0.7191585032345582,0.0003539827154541016,9.78089515375641,-0.8324125808944702,0.1495819907913208,-0.00285570263671875,61,faf7fe00,43.51167717879,-79.68645356291,165.8333,-37.1,SOL_COMPUTED,INS_PSRSP,good,1.8141,0.8171,1.6275,26,23,0.0,0.0,1,1,0,0,0,0,1,0,0,—,—,0.0,0.0,0.0,0.0
2026-05-26 12:17:42.023648,1779812262.023648,2420,231480.0,INS_SOLUTION_GOOD,good,43.51175900039,-79.68635813232,165.8305,-37.1,1.79192397,-0.095113612,344.749801754,0.1223,0.136,0.5119,2.6963,6.0533,-0.1727,6.6266,0.1784,0.0961,0.0898,0.0126176791009404,0.0040277838276709,-0.0001408423780892,0.0004923517161457379,0.0006219586326007255,0.006744684254779987,8.5931585246e-06,1.08552259501e-05,0.0001177169472535,13752820,6458924,164257089,-462444,-250216,2361201,0.8231756118957521,0.3865991640905762,9.831614879405825,-0.1069140665588379,-0.05784832342529297,0.5458944236984253,61,faf3fe00,43.51171910728,-79.68640235395,165.9424,-37.1,SOL_COMPUTED,INS_PSRSP,good,1.8838,0.8158,1.6529,29,24,0.0,0.0,1,1,0,0,0,0,1,0,0,—,—,0.0,0.0,0.0,0.0
2026-05-26 12:17:43.016485,1779812263.016485,2420,231481.0,INS_SOLUTION_GOOD,good,43.5118094226,-79.68628214788,166.0219,-37.1,1.483331964,-0.44483299,343.81357097,0.1315,0.141,0.514,3.6288,7.1661,-0.1457,8.0325,0.178,0.1163,0.0952,0.0103712888921778,0.0005527162467444,0.0007999928043106,-0.008058700828040374,-0.000276353996656027,0.004228973154094237,-0.0001406508628827,-4.8232871427e-06,7.38095055175e-05,12940361,818163,166259865,-3451470,-44831,1293550,0.7745458447305299,0.048971180321960454,9.951491120008852,-0.7979575760650635,-0.010364637702941895,0.29906040687561036,61,faedfe00,43.5117625862,-79.68634009754,166.1833,-37.1,SOL_COMPUTED,INS_PSRSP,good,1.8568,0.8473,1.6982,29,24,0.0,0.0,1,1,0,0,0,0,1,0,0,—,—,0.0,0.0,0.0,0.0
2026-05-26 12:17:44.020515,1779812264.020515,2420,231482.0,INS_SOLUTION_GOOD,good,43.51187188566,-79.68619521807,166.0877,-37.1,1.649046127,-0.444636151,343.3335296,0.1389,0.1457,0.516,4.4412,7.8879,-0.1397,9.0522,0.1824,0.1357,0.0999,0.0044081268174979,0.0007670181236685,-0.0001101096058653,0.008184157453224124,0.00582901810311172,0.003077219289062676,0.0001428404940606,0.0001017355580578,5.37076084001e-05,1760184,-5034265,165217490,3639468,2433995,932831,0.10535588637451174,-0.3013261405166626,9.889099721121218,0.8414214996643067,0.5627239264297486,0.21566450342559815,61,fae9fe00,43.51181323658,-79.68626422644,166.3829,-37.1,SOL_COMPUTED,INS_PSRSP,good,1.8401,0.9244,1.7585,29,24,0.0,0.0,1,1,0,0,0,0,1,0,0,—,—,0.0,0.0,0.0,0.0
2026-05-26 12:17:45.023982,1779812265.023982,2420,231483.0,INS_SOLUTION_GOOD,good,43.51194091885,-79.68611512482,165.5827,-37.1,1.706605563,-0.613063289,342.885655759,0.1434,0.1485,0.5175,5.2363,7.9752,-0.2155,9.5406,0.1822,0.1515,0.1052,0.0050090340919662,0.001914466996457,-0.0017917181342517,-0.0005217221811576273,0.0018893397005334646,0.001742484463244137,-9.1057698419e-06,3.2975198463e-05,3.04120910485e-05,3837209,-288922,162161275,-415802,1480124,488059,0.22967630395416264,-0.017293438301391604,9.706169845451356,-0.09613073735046387,0.3421951108703613,0.1128360891494751,61,fae4fe00,43.5118758114,-79.68617732884,166.4444,-37.1,SOL_COMPUTED,INS_PSRSP,good,1.8954,1.0649,1.8562,24,20,0.0,0.0,1,1,0,0,0,0,1,0,0,—,—,0.0,0.0,0.0,0.0
2026-05-26 12:17:46.036229,1779812266.036229,2420,231484.0,INS_SOLUTION_GOOD,good,43.51201244647,-79.68603730319,164.9343,-37.1,1.696018308,-0.711506483,342.412362764,0.1465,0.1514,0.5194,5.9591,7.9962,-0.2579,9.9725,0.1843,0.1643,0.11,0.0048964113952695,0.0041561527669947,0.0011477328662124,0.002402879061100845,0.001299561319381422,0.003525030872124034,4.19381511435e-05,2.26816238548e-05,6.15233949531e-05,1116501,691192,168111194,160818,365775,1040191,0.06682821369415284,0.041371325847167975,10.062302494141237,0.03718008311462402,0.08456481800079346,0.24048544214630127,61,fae0fe00,43.51194495604,-79.68609727798,165.9379,-37.1,SOL_COMPUTED,INS_PSRSP,good,1.8736,1.21,1.9542,25,21,0.0,0.0,1,1,0,0,0,0,1,0,0,—,—,0.0,0.0,0.0,0.0
2026-05-26 12:17:47.030893,1779812267.030893,2420,231485.0,INS_SOLUTION_GOOD,good,43.51209675688,-79.68599318295,164.5953,-37.1,1.287155751,-0.937357872,341.322912161,0.1261,0.1534,0.5205,6.8788,7.1649,-0.215,9.9325,0.1861,0.1069,0.1111,0.0013412343548177,0.0044047496577373,0.0002239405521823,-0.0010034213228285326,0.0006246592477680971,0.008596077950521388,-1.75130058681e-05,1.09023605766e-05,0.0001500298629949,-2532989,2580739,163048893,-1052329,375181,3179888,-0.15161216172393802,0.15447023995574954,9.759298257680971,-0.2432916693649292,0.08673942446136475,0.7351695714111328,61,fadbfe00,43.51201659551,-79.68601950572,165.2897,-37.1,SOL_COMPUTED,INS_PSRSP,good,1.8842,1.3673,2.0575,26,22,0.0,0.0,1,1,0,0,0,0,1,0,0,—,—,0.0,0.0,0.0,0.0
2026-05-26 12:17:48.018661,1779812268.018661,2420,231486.0,INS_SOLUTION_GOOD,good,43.51218945787,-79.68591537212,163.7948,-37.1,1.328611645,-1.278552243,340.341569192,0.1286,0.1528,0.5227,7.8427,7.0794,-0.2833,10.5653,0.183,0.1127,0.1133,0.0003469876020771,0.0007121312115054,0.0012634239858158,-0.004747584613120903,0.005844623123733954,0.00830644828077188,-8.28609830161e-05,0.0001020079170475,0.0001449748716463,-4968612,-3705433,163739928,-1384594,2300278,3021398,-0.2973964774768067,-0.2217888460049439,9.800660186286622,-0.32010919175720215,0.5318094195098877,0.6985277068634034,61,fad6fe00,43.51210115848,-79.68597553465,164.9617,-37.1,SOL_COMPUTED,INS_PSRSP,good,1.8908,1.1808,2.1535,23,19,0.0,0.0,1,1,0,0,0,0,1,0,0,—,—,0.0,0.0,0.0,0.0
2026-05-26 12:17:49.020628,1779812269.020628,2420,231487.0,INS_SOLUTION_GOOD,good,43.51229238619,-79.68584813772,162.7008,-37.1,1.203005822,-1.565347298,339.799047724,0.1229,0.147,0.5242,8.7366,6.6294,-0.3637,10.9671,0.1686,0.0915,0.1046,-0.0005137148214128,0.0034129812233406,0.0036614987979257,0.008065469231066042,-0.00019382522516193582,0.0026350270377513466,0.0001407689938006,-3.3828883525e-06,4.59898976879e-05,-3823957,245815,166742427,2681777,-232070,636546,-0.22888310494415287,0.014713267027282716,9.98037488854706,0.620009524772644,-0.05365308540344238,0.14716532469177246,61,fad1fe00,43.51219409665,-79.68589783414,164.1598,-37.1,SOL_COMPUTED,INS_PSRSP,good,1.8805,1.2249,2.2405,27,22,0.0,0.0,1,1,0,0,0,0,1,0,0,—,—,0.0,0.0,0.0,0.0
2026-05-26 12:17:50.019843,1779812270.019843,2420,231488.0,INS_SOLUTION_GOOD,good,43.5123961681,-79.68576938449,163.3979,-37.1,1.442446575,-1.487975334,339.584099086,0.1143,0.1211,0.5239,9.5698,6.6857,-0.2069,11.6739,0.0608,0.0428,0.0576,0.0007589081743754,0.0034916178366473,-0.0005065527951396,0.003700969234205963,0.0011875552045601972,0.00025559314857046147,6.4594098652e-05,2.07267483688e-05,4.4609419881e-06,-3268351,2045104,162741664,1194167,531151,-504786,-0.19562728475433352,0.1224097847998047,9.740909053134766,0.2760836990432739,0.12279868128204345,-0.1167032635345459,61,facdfe00,43.5122971593,-79.68583067848,163.069,-37.1,SOL_COMPUTED,INS_PSRSP,good,1.7831,1.124,2.1978,27,23,0.0,0.0,1,1,0,0,0,0,1,0,0,—,—,0.0,0.0,0.0,0.0
2026-05-26 12:17:51.015396,1779812271.015396,2420,231489.0,INS_SOLUTION_GOOD,good,43.51248192551,-79.68568769697,163.0459,-37.1,1.552355593,-1.214308935,339.329461294,0.1104,0.1152,0.523,9.6733,6.8637,-0.2048,11.8610,0.0411,0.0306,0.0443,0.0009027032494938,0.0042904985749117,0.0022296263881772,-0.0033485093811116565,-0.0012350443059748282,-0.00020121275550055148,-5.84425137344e-05,-2.15555895473e-05,-3.5118250805e-06,-5657477,356547,165776648,-2351688,-370840,-406077,-0.33862852064239507,0.021341135483093264,9.922568146418458,-0.5436950795288086,-0.08573581329345703,-0.09388238014984131,61,fac7fe00,43.51240098768,-79.68575192895,163.7598,-37.1,SOL_COMPUTED,INS_PSRSP,good,1.3169,0.9485,1.8688,31,26,0.0,0.0,1,1,0,0,0,0,1,0,0,—,—,0.0,0.0,0.0,0.0
2026-05-26 12:17:52.021087,1779812272.021087,2420,231490.0,INS_SOLUTION_GOOD,good,43.51257166366,-79.68560560733,163.2838,-37.1,1.735730968,-1.026546817,338.853559078,0.1006,0.1052,0.5203,9.6816,7.011,-0.1609,11.9536,0.0309,0.0233,0.0319,0.0006413771412986,0.0023547263682591,0.0005317475897794,0.001956897789779432,0.0036739467865984175,0.00276733655651739,3.41543095567e-05,6.41224679693e-05,4.82991344221e-05,-4755609,2720748,165709110,142163,1597109,544616,-0.28464717407135015,0.16285048446166994,9.918525656625368,0.03286716757965088,0.36924128743743895,0.12591170233154297,61,fac3fe00,43.5124867887,-79.68567025543,163.405,-37.1,SOL_COMPUTED,INS_PSRSP,good,1.2163,0.8821,1.7662,33,28,0.0,0.0,1,1,0,0,0,0,1,0,0,—,—,0.0,0.0,0.0,0.0
2026-05-26 12:17:53.029484,1779812273.029484,2420,231491.0,INS_SOLUTION_GOOD,good,43.51266176199,-79.68552220816,163.0717,-37.1,1.466712793,-1.400807294,338.588604911,0.0896,0.0932,0.52,9.7822,7.032,-0.127,12.0474,0.0253,0.0216,0.027,0.0008086011860962,0.0064240439642867,-0.0022398820668086,-0.015797752907157465,4.768517739835074e-07,-0.0003603310385020348,-0.0002757228026468,8.3226335e-09,-6.288963019e-06,-7003660,-2491739,168690562,-7313517,-1126817,-754108,-0.4192043599792481,-0.14914314126190187,10.096980589827272,-1.6908379032211305,-0.2605128139572144,-0.17434489993286134,61,fabefe00,43.51257662633,-79.68558820376,163.6381,-37.1,SOL_COMPUTED,INS_PSRSP,good,1.1325,0.8257,1.6833,34,29,0.0,0.0,1,1,0,0,0,0,1,0,0,—,—,0.0,0.0,0.0,0.0
2026-05-26 12:17:54.027738,1779812274.027738,2420,231492.0,INS_SOLUTION_GOOD,good,43.51275123673,-79.68543611792,162.94,-37.1,1.689115503,-1.539876703,338.288090368,0.0815,0.084,0.5222,9.7953,7.2078,-0.1395,12.1614,0.0223,0.0196,0.0249,0.002719795222456,0.000670059757344,0.0013625611427952,0.0015951447550854691,0.012470111126613627,0.003382846739946062,2.78405280222e-05,0.0002176444972493,5.90418137025e-05,-3093823,-10086129,165344351,818634,5091143,816461,-0.18518090407073978,-0.6037056699087525,9.896692991541444,0.18926289445495606,1.177039385444641,0.188760510887146,61,fab9fe00,43.51266679734,-79.68550486618,163.4331,-37.1,SOL_COMPUTED,INS_PSRSP,good,1.0647,0.7794,1.6275,34,28,0.0,0.0,1,1,0,0,0,0,1,0,0,—,—,0.0,0.0,0.0,0.0
2026-05-26 12:17:55.029056,1779812275.029056,2420,231493.0,INS_SOLUTION_GOOD,good,43.51284094561,-79.68534934045,162.7317,-37.1,1.733100754,-1.653963082,337.767830709,0.0772,0.0781,0.5236,9.8638,7.1126,-0.1582,12.1607,0.0205,0.0185,0.0241,-0.0036635058996911,-0.001762267498256,-0.0016088416276711,-0.00595191603070595,-0.004856762646825426,-0.0007763336967336037,-0.0001038805315382,-8.47664991751e-05,-1.35495791022e-05,-9918374,-8310407,162223769,-2112415,-2210435,-877845,-0.5936646874212648,-0.4974197558993531,9.709910426415101,-0.4883767070388794,-0.511038298072815,-0.2029520952987671,61,fab5fe00,43.51275634852,-79.68541879953,163.2955,-37.1,SOL_COMPUTED,INS_PSRSP,good,1.0136,0.7415,1.5854,31,26,0.0,0.0,1,1,0,0,0,0,1,0,0,—,—,0.0,0.0,0.0,0.0
2026-05-26 12:17:56.021307,1779812276.021307,2420,231494.0,INS_SOLUTION_GOOD,good,43.51292944065,-79.68526309722,162.5649,-37.1,1.280814347,-2.17464612,338.618656778,0.0751,0.0754,0.5261,9.6805,7.1926,-0.0851,12.0601,0.0207,0.019,0.025,0.0013455668107926,-0.0044046511979783,0.0001278119315526,-0.0017611033268212077,0.0041759567650294606,-0.012144117059655176,-3.07370515209e-05,7.28841949708e-05,-0.0002119548274389,-2009389,-13860670,162225218,-808475,1536745,-5897792,-0.1202720619924927,-0.8296309781219484,9.70999715637024,-0.18691419925689698,0.35528552043914796,-1.3635314252929687,61,fab0fe00,43.51284617828,-79.68533208668,163.086,-37.1,SOL_COMPUTED,INS_PSRSP,good,0.9708,0.7092,1.5478,32,27,0.0,0.0,1,1,0,0,0,0,1,0,0,—,—,0.0,0.0,0.0,0.0
2026-05-26 12:17:57.016308,1779812277.016308,2420,231495.0,INS_SOLUTION_GOOD,good,43.51301590706,-79.68517142422,162.4208,-37.1,1.624602048,-2.113623233,339.431763261,0.0738,0.0739,0.528,9.4547,7.4961,-0.1275,12.0658,0.0206,0.0193,0.0259,0.0002421336662685,-0.0055069351581128,-0.0014730742771741,0.004427087250282334,0.003211705236474291,-0.00700865050917749,7.72672487906e-05,5.60548309801e-05,-0.0001223240275069,-5655597,-15841162,159847329,2762616,1608580,-3365755,-0.3385159931643677,-0.9481734089801027,9.567668511583559,0.6386989795532226,0.37189330856323244,-0.7781408215713501,61,faabfe00,43.5129345071,-79.68524578762,162.931,-37.1,SOL_COMPUTED,INS_PSRSP,good,0.9366,0.685,1.5183,29,25,0.0,0.0,1,1,0,0,0,0,1,0,0,—,—,0.0,0.0,0.0,0.0
2026-05-26 12:17:58.033606,1779812278.033606,2420,231496.0,INS_SOLUTION_GOOD,good,43.5131034292,-79.68507625224,162.294,-37.1,1.668075569,-1.981761835,339.253965453,0.0738,0.0738,0.5282,9.6029,7.7721,-0.1188,12.3540,0.021,0.0202,0.0274,0.0010742505694291,-0.0015832052212271,5.2302562702e-06,0.0023658879046436123,0.0005567833788428139,0.0017033045525586521,4.12925336692e-05,9.7177031812e-06,2.97282726064e-05,-2444180,-9149415,162739164,936573,487253,168522,-0.14629649534301759,-0.5476386145614625,9.740759415531008,0.21652962966156006,0.11264974715423584,0.03896119816589355,61,faa6fe00,43.51302079602,-79.68515398933,162.7778,-37.1,SOL_COMPUTED,INS_PSRSP,good,0.9088,0.6634,1.4931,27,24,0.0,0.0,1,1,0,0,0,0,1,0,0,—,—,0.0,0.0,0.0,0.0
2026-05-26 12:17:59.033673,1779812279.033673,2420,231497.0,INS_SOLUTION_GOOD,good,43.51319200668,-79.68498059191,162.1738,-37.1,1.806695295,-1.778213734,339.020087426,0.0753,0.0755,0.5258,9.7606,7.8975,-0.1174,12.5555,0.0212,0.0203,0.0283,0.0009748344099938,6.53598691387e-05,0.0003621595855021,0.0014982217839231737,0.010110670775969999,0.0022887259160183026,2.61489030546e-05,0.0001764644946261,3.99458029103e-05,-3874480,-7676451,163613914,400557,4708840,400577,-0.23190716120605473,-0.4594742932077027,9.79311761308655,0.09260619179534912,1.0886534005737305,0.09261081566619873,61,faa2fe00,43.51310835187,-79.68505883174,162.6498,-37.1,SOL_COMPUTED,INS_PSRSP,good,0.888,0.6544,1.48,26,23,0.0,0.0,1,1,0,0,0,0,1,0,0,—,—,0.0,0.0,0.0,0.0
2026-05-26 12:18:00.019231,1779812280.019231,2420,231498.0,INS_SOLUTION_GOOD,good,43.51328055749,-79.68488472736,162.0414,-37.1,1.570455464,-1.922739167,338.946869237,0.0761,0.0769,0.5277,9.8594,7.8933,-0.0794,12.6298,0.0227,0.0207,0.0288,0.0016845766407622,0.0043434941303167,0.0025065323370786,-0.004434741938556603,-0.0017537162547514255,0.0023350804126368845,-7.74008483042e-05,-3.06081227912e-05,4.07548414994e-05,-4882894,1149375,164355935,-3108922,-955339,238939,-0.29226582302917486,0.06879588832855225,9.837531310838319,-0.7187626904754638,-0.22086820767974855,0.05524115384674072,61,fa9efe00,43.51319697094,-79.68496318281,162.5261,-37.1,SOL_COMPUTED,INS_PSRSP,good,0.8699,0.6393,1.4644,28,24,0.0,0.0,1,1,0,0,0,0,1,0,0,—,—,0.0,0.0,0.0,0.0
2026-05-26 12:18:01.031112,1779812281.031112,2420,231499.0,INS_SOLUTION_GOOD,good,43.513369637,-79.68478864449,161.9108,-37.1,1.572896065,-1.812569037,338.695503055,0.0763,0.077,0.5305,9.888,7.8719,-0.0938,12.6388,0.0226,0.0207,0.0288,0.0003031322471908,-0.0004691150649221,0.0008439608594314,-0.0004237909705310665,-0.003952969553439022,0.0032564332598089634,-7.396547776e-06,-6.89923339387e-05,5.68354822552e-05,-4997224,-5794759,163285755,-481992,-1334264,832710,-0.2991090499243165,-0.3468455404501343,9.77347564252167,-0.1114334379272461,-0.30847322076416017,0.19251717475891114,61,fa98fe00,43.51328554171,-79.68486734859,162.4,-37.1,SOL_COMPUTED,INS_PSRSP,good,0.8591,0.6322,1.4571,25,21,0.0,0.0,1,1,0,0,0,0,1,0,0,—,—,0.0,0.0,0.0,0.0
2026-05-26 12:18:02.033581,1779812282.033581,2420,231500.0,INS_SOLUTION_GOOD,good,43.51345950315,-79.68469296096,161.7926,-37.1,1.472908321,-1.834576132,338.445516644,0.0744,0.0753,0.5334,9.8904,7.8187,-0.069,12.6076,0.0222,0.0205,0.0282,-0.0056422619825236,-0.0100601077284277,0.0046774582477555,0.0011762186539423908,-0.002174530318011812,0.0014663198325141219,2.05288882347e-05,-3.79527137338e-05,2.55921089647e-05,-11059562,-25723395,167603048,2536312,-1255906,513816,-0.6619705425250245,-1.5396748753463747,10.031887394221194,0.5863789561157227,-0.29035735716247557,0.11879094122314453,61,fa94fe00,43.5133746713,-79.68477129279,162.2694,-37.1,SOL_COMPUTED,INS_PSRSP,good,0.8497,0.6309,1.4541,26,22,0.0,0.0,1,1,0,0,0,0,1,0,0,—,—,0.0,0.0,0.0,0.0
2026-05-26 12:18:03.026638,1779812283.026638,2420,231501.0,INS_SOLUTION_GOOD,good,43.51354868012,-79.68459831435,161.6982,-37.1,1.699650761,-1.621070218,337.53163912,0.0724,0.0732,0.5365,9.9844,7.5987,-0.109,12.5471,0.0213,0.02,0.0274,-0.0023754952478434,0.0021286499613097,-0.0028897075484301,-0.005991758386044028,0.0028527995793649957,0.010611886930296842,-0.0001045759118206,4.97907455595e-05,0.0001852123667833,-10380189,-6378341,158835800,-2776925,1034793,4083392,-0.6213066434133911,-0.38177586528106694,9.507123401306155,-0.6420071279525756,0.2392374594039917,0.9440538618164063,61,fa8ffe00,43.51346459236,-79.68467564783,162.1538,-37.1,SOL_COMPUTED,INS_PSRSP,good,0.8402,0.6299,1.4533,27,24,0.0,0.0,1,1,0,0,0,0,1,0,0,—,—,0.0,0.0,0.0,0.0
2026-05-26 12:18:04.016560,1779812284.016560,2420,231502.0,INS_SOLUTION_GOOD,good,43.51363721665,-79.6845053228,161.6218,-37.1,1.479736105,-1.948012722,337.760345365,0.0711,0.0716,0.5392,9.7824,7.6219,-0.0841,12.4012,0.0209,0.0199,0.0277,-0.0007302006925566,-0.0033536220806397,-0.0003192188445331,0.0029023421502759406,-0.001979948800712739,-0.012455508499532897,5.06554265418e-05,-3.45566255934e-05,-0.0002173896333273,-4804146,-9277701,166299504,38611,-844984,-5942004,-0.28755235822082525,-0.5553171784158326,9.953863713999025,0.008926613868713379,-0.1953548442993164,-1.3737529541931153,61,fa8bfe00,43.51355396176,-79.68458109142,162.0534,-37.1,SOL_COMPUTED,INS_PSRSP,good,0.8326,0.6297,1.4544,27,24,0.0,0.0,1,1,0,0,0,0,1,0,0,—,—,0.0,0.0,0.0,0.0
2026-05-26 12:18:05.037790,1779812285.037790,2420,231503.0,INS_SOLUTION_GOOD,good,43.51372324474,-79.68441055781,161.5074,-37.1,1.545219876,-1.389396536,338.399045974,0.0717,0.0719,0.5406,9.5038,7.7232,-0.0933,12.2462,0.0206,0.0197,0.0289,-0.0004921789807361,-0.0022252276699832,-0.0009653635866223,0.006794049179221278,0.0068282062634228945,-0.0008163351014829504,0.00011857852772,0.0001191746813022,-1.42477353205e-05,-4457590,-6662791,162007348,2822179,3722072,-985376,-0.2668092344573975,-0.3988016318368531,9.696956538477785,0.6524695605239869,0.8605190110473633,-0.22781256811523437,61,fa86fe00,43.51364246218,-79.68448809734,161.9828,-37.1,SOL_COMPUTED,INS_PSRSP,good,0.8256,0.6296,1.4564,27,24,0.0,0.0,1,1,0,0,0,0,1,0,0,—,—,0.0,0.0,0.0,0.0
2026-05-26 12:18:06.019780,1779812286.019780,2420,231504.0,INS_SOLUTION_GOOD,good,43.51381105471,-79.68431405787,161.3304,-37.1,1.716803615,-1.066082174,338.485679247,0.0717,0.0722,0.5432,9.5,7.8116,-0.1231,12.2992,0.0223,0.0215,0.0294,-0.0002879866873052,-0.003322184496381,-0.0008175680949561,0.008534830634607958,0.0015305591858806712,-0.0015295059182190557,0.0001489608956742,2.67132971903e-05,-2.66949142017e-05,-4538934,-8627704,162306454,3519928,1034274,-1215681,-0.2716780829534913,-0.516411581003418,9.714859540521852,0.8137846235961914,0.23911746995544433,-0.28105759691619875,61,fa81fe00,43.51372832191,-79.68439323205,161.8667,-37.1,SOL_COMPUTED,INS_PSRSP,good,0.8217,0.631,1.4596,25,22,0.0,0.0,1,1,0,0,0,0,1,0,0,—,—,0.0,0.0,0.0,0.0
2026-05-26 12:18:07.033175,1779812287.033175,2420,231505.0,INS_SOLUTION_GOOD,good,43.51389937113,-79.68421650705,161.2391,-37.1,1.752304534,-1.070355681,338.439446139,0.0714,0.0717,0.5426,9.5459,7.9017,-0.1142,12.3920,0.0209,0.02,0.0292,0.0025050391067927,-0.000941036166015,0.0012199333278937,0.00037700474560154357,0.0014139362748986184,0.0039147871680903805,6.5799741064e-06,2.46778434104e-05,6.83259255981e-05,-5068369,-9973055,162231183,26436,951178,1375788,-0.30336743685211187,-0.5969376209457399,9.710354191692812,0.006111832489013672,0.21990621134948732,0.31807330142211915,61,fa7dfe00,43.51381609906,-79.68429669955,161.6851,-37.1,SOL_COMPUTED,INS_PSRSP,good,0.8182,0.6333,1.4665,26,23,0.0,0.0,1,1,0,0,0,0,1,0,0,—,—,0.0,0.0,0.0,0.0
2026-05-26 12:18:08.036090,1779812288.036090,2420,231506.0,INS_SOLUTION_GOOD,good,43.51398559353,-79.68411926269,161.1707,-37.1,1.783011802,-0.071619015,337.784198186,0.0709,0.0713,0.5442,9.5746,7.8905,-0.1098,12.4070,0.0202,0.0194,0.0279,0.0005238584344538,0.0038535032792997,-0.0031646089167566,0.009235084441138564,0.0018711010133667992,0.008898823826455952,0.0001611826301978,3.26568733207e-05,0.0001553137753268,-6374341,5399339,162966560,3252128,1845101,3153830,-0.3815364451150513,0.3231776599386597,9.75437021254883,0.7518709929199219,0.4265754364242554,0.7291451300811768,61,fa78fe00,43.51390442716,-79.68419915233,161.5929,-37.1,SOL_COMPUTED,INS_PSRSP,good,0.8143,0.6343,1.4713,28,25,0.0,0.0,1,1,0,0,0,0,1,0,0,—,—,0.0,0.0,0.0,0.0
2026-05-26 12:18:09.018936,1779812289.018936,2420,231507.0,INS_SOLUTION_GOOD,good,43.51407349653,-79.68402401338,161.0715,-37.1,1.810215527,0.093622304,337.412099123,0.0688,0.0696,0.5468,9.595,7.7327,-0.1172,12.3231,0.0209,0.0199,0.0257,-0.00550918336095,-0.0012665158205756,0.0010593443657051,0.00496529087282822,-0.007651226418643786,-0.0028997998370219095,8.66606740502e-05,-0.0001335390928211,-5.06110548049e-05,-15223847,-1667008,166345198,2080440,-3132288,-1886435,-0.9112239940341188,-0.09977883302734376,9.956598730265505,0.48098429351806643,-0.7241647587890625,-0.43613159030914306,61,fa73fe00,43.51399074132,-79.68410195682,161.5238,-37.1,SOL_COMPUTED,INS_PSRSP,good,0.8118,0.6367,1.4786,27,24,0.0,0.0,1,1,0,0,0,0,1,0,0,—,—,0.0,0.0,0.0,0.0
2026-05-26 12:18:10.022288,1779812290.022288,2420,231508.0,INS_SOLUTION_GOOD,good,43.51415895117,-79.68393591504,160.9742,-37.1,1.640919469,-0.082476996,336.914773822,0.0663,0.067,0.5497,9.3634,6.9589,-0.0426,11.6662,0.0194,0.0182,0.0254,-0.0093928923643371,0.0051324519255064,-0.0038079510457421,0.013884438532996016,0.0350845052158909,0.027232655254973134,0.0002423291671919,0.0006123401324513,0.0004752994982605,-23433297,11898019,168858075,5518088,13911100,10918016,-1.402600964508362,0.7121564210592652,10.107007087394717,1.2757463124389647,3.2161564888000487,2.5241747958984373,61,fa6ffe00,43.51407871834,-79.68400674729,161.4239,-37.1,SOL_COMPUTED,INS_PSRSP,good,0.8093,0.6387,1.4841,27,24,0.0,0.0,1,1,0,0,0,0,1,0,0,—,—,0.0,0.0,0.0,0.0
2026-05-26 12:18:11.027239,1779812291.027239,2420,231509.0,INS_SOLUTION_GOOD,good,43.51424206017,-79.68385458397,160.8222,-37.1,1.874410873,-0.205640959,335.471180016,0.0667,0.067,0.5519,9.1832,6.1377,-0.1416,11.0455,0.0229,0.0213,0.0249,-0.0046721349244299,0.0022541846897267,-0.0045590337850662,-0.018042593968554572,-0.0022469927201318155,0.005078269856893489,-0.0003149026703522,-3.92174212347e-05,8.86325293077e-05,-14189734,-3616563,156999780,-8000360,-202325,1742601,-0.8493271174993897,-0.21646952846649173,9.397228348004152,-1.849631569519043,-0.04677623348236084,0.4028780983200073,61,fa6bfe00,43.51416428738,-79.68391872928,161.3312,-37.1,SOL_COMPUTED,INS_PSRSP,good,0.8071,0.6406,1.4911,26,23,0.0,0.0,1,1,0,0,0,0,1,0,0,—,—,0.0,0.0,0.0,0.0
2026-05-26 12:18:12.038719,1779812292.038719,2420,231510.0,INS_SOLUTION_GOOD,good,43.51432384556,-79.68378037444,160.6688,-37.1,1.799215399,-0.75655642,335.609909816,0.0699,0.0701,0.5547,8.8963,5.841,-0.233,10.6424,0.0352,0.0311,0.0299,-0.0064132266385768,0.0087349371456345,-0.0038052354444604,-0.0011865190515375334,-0.05330162935621191,-0.009487589355747535,-2.0708664087e-05,-0.0009302889289449,-0.0001655896723352,-9256173,9271258,161166887,-3925441,-22545787,-4360839,-0.5540286190823365,0.554931532383423,9.64665071044037,-0.9075366105880738,-5.2124403645401,-1.008197816596985,61,fa66fe00,43.5142477206,-79.68383757516,161.1729,-37.1,SOL_COMPUTED,INS_PSRSP,good,0.8053,0.6388,1.4927,29,26,0.0,0.0,1,1,0,0,0,0,1,0,0,—,—,0.0,0.0,0.0,0.0
2026-05-26 12:18:13.017302,1779812293.017302,2420,231511.0,INS_SOLUTION_GOOD,good,43.51440277299,-79.68370646964,160.5341,-37.1,1.650221394,-0.902885129,336.397359446,0.0736,0.0738,0.5577,8.6337,6.0088,-0.1186,10.5189,0.048,0.0439,0.0382,-0.0002556113511247,-0.0023747723185949,0.000449625361834,0.0025829928662469753,0.0026560224300465687,-0.004097935053232559,4.50817300716e-05,4.63563364112e-05,-7.15224592119e-05,-7319531,-5345055,166253015,317671,980374,-2332722,-0.43811083179412846,-0.31992848886566166,9.95108111297455,0.07344348383331299,0.22665613801574708,-0.539310262802124,61,fa62fe00,43.51432950252,-79.6837633697,161.0214,-37.1,SOL_COMPUTED,INS_PSRSP,good,0.8077,0.6449,1.5023,30,28,0.0,0.0,1,1,0,0,0,0,1,0,0,—,—,0.0,0.0,0.0,0.0
2026-05-26 12:18:14.023246,1779812294.023246,2420,231512.0,INS_SOLUTION_GOOD,good,43.51447909179,-79.68363148323,160.4151,-37.1,1.746679194,-0.528118999,336.7017901,0.0762,0.0764,0.5601,8.4479,6.0647,-0.1672,10.3994,0.0606,0.0579,0.0482,0.0019256633141685,0.0011380613095261,-0.0014306372306783,0.001872353404654861,0.0009163785766153527,-0.0016946961923636858,3.26787316722e-05,1.59938233567e-05,-2.95780283778e-05,-2961059,719044,160963263,-125953,1177032,-1291952,-0.17723430934051515,0.043038408463134774,9.634462787469179,-0.029119520256042482,0.2721221976928711,-0.2986909595947266,61,fa5dfe00,43.51440826393,-79.68368937491,160.8907,-37.1,SOL_COMPUTED,INS_PSRSP,good,0.8245,0.6671,1.5169,30,28,0.0,0.0,1,1,0,0,0,0,1,0,0,—,—,0.0,0.0,0.0,0.0
2026-05-26 12:18:15.027136,1779812295.027136,2420,231513.0,INS_SOLUTION_GOOD,good,43.51454409282,-79.68354251095,160.2836,-37.1,2.1768483,0.041849143,336.2463581,0.0709,0.0716,0.5507,7.8133,6.2501,-0.2154,10.0056,0.0329,0.0301,0.0437,-0.0053097935034483,-0.0021416016624825,0.0008866574897417,0.002857384503275968,0.003659164768695215,-0.0006658022289780002,4.98707675777e-05,6.38644730868e-05,-1.16204410628e-05,-15561598,-4538045,164675144,869999,1914574,-782980,-0.9314400941571046,-0.2716248718215943,9.85663757878174,0.20113815076446534,0.44263714540100096,-0.18101991989135743,61,fa58fe00,43.51448449929,-79.68361433035,160.7692,-37.1,SOL_COMPUTED,INS_PSRSP,good,0.8658,0.7149,1.5366,30,28,0.0,0.0,1,1,0,0,0,0,1,0,0,—,—,0.0,0.0,0.0,0.0
2026-05-26 12:18:16.020833,1779812296.020833,2420,231514.0,INS_SOLUTION_GOOD,good,43.51461396535,-79.68346652923,160.3382,-37.1,2.626061016,0.273200724,336.265912117,0.07,0.0705,0.5529,7.4483,5.7842,-0.2142,9.4305,0.0203,0.0194,0.0333,-0.0083254618125767,-0.0001310393858661,0.0009748652709162,0.0028736441787082867,0.0034664287815368393,0.0015551499187013676,5.01545524493e-05,6.05005955238e-05,2.71424864435e-05,-22280694,798817,165333039,496356,1555353,166166,-1.3336118641058352,0.047813224689025886,9.896015911311952,0.11475430197143555,0.3595875698776245,0.03841650617980957,61,fa54fe00,43.5145495839,-79.68352537269,160.6263,-37.1,SOL_COMPUTED,INS_PSRSP,good,0.829,0.6743,1.5395,29,27,0.0,0.0,1,1,0,0,0,0,1,0,0,—,—,0.0,0.0,0.0,0.0
2026-05-26 12:18:17.019528,1779812297.019528,2420,231515.0,INS_SOLUTION_GOOD,good,43.51467732381,-79.68339369554,160.2493,-37.1,2.629220609,0.382896425,335.624594393,0.0685,0.0693,0.5534,7.1141,5.6209,-0.2036,9.0667,0.0189,0.0182,0.028,-0.0014681079470811,-0.0020841027105698,0.0003265964375072,-0.0012920795423900261,-0.003783697018264361,0.007300963107225279,-2.25510422124e-05,-6.60379708667e-05,0.0001274258447879,-11023927,-5239348,159587294,-519335,-1505661,2647355,-0.6598376081210328,-0.31360139199340825,9.552104105866091,-0.12006689838409423,-0.34809910036468505,0.6120513806533814,61,fa4ffe00,43.5146194468,-79.68344934965,160.669,-37.1,SOL_COMPUTED,INS_PSRSP,good,0.8078,0.6543,1.5219,29,27,0.0,0.0,1,1,0,0,0,0,1,0,0,—,—,0.0,0.0,0.0,0.0
2026-05-26 12:18:18.016203,1779812298.016203,2420,231516.0,INS_SOLUTION_GOOD,good,43.51473878917,-79.68332322941,160.131,-37.1,2.552796067,0.455532489,334.739793848,0.0661,0.0669,0.5519,6.8789,5.6594,-0.1868,8.9078,0.0187,0.0176,0.0257,0.000213653602983,-0.0042700330088205,-0.0013625632244565,-0.002059819937646077,0.0022124445171259853,0.006921948646731266,-3.59506399102e-05,3.86144413416e-05,0.0001208107945396,-8728481,-6627006,163282520,-448904,591145,2329433,-0.5224435925210572,-0.3966597191766358,9.773282011462404,-0.10378370599365234,0.1366689066696167,0.5385498672409058,61,fa4bfe00,43.51468293967,-79.68337659772,160.58,-37.1,SOL_COMPUTED,INS_PSRSP,good,0.8028,0.6527,1.5206,30,28,0.0,0.0,1,1,0,0,0,0,1,0,0,—,—,0.0,0.0,0.0,0.0
2026-05-26 12:18:19.022696,1779812299.022696,2420,231517.0,INS_SOLUTION_GOOD,good,43.51480184291,-79.68325571701,159.9551,-37.1,2.450045945,0.094050744,334.962448477,0.0636,0.0643,0.5535,6.7531,5.649,-0.1785,8.8043,0.0182,0.0167,0.0237,-0.0003198732360136,-0.0027831262679462,0.0010302920709952,0.0006030106149976493,-0.003616881702244821,-0.001381213781939391,1.05245206562e-05,-6.31264943594e-05,-2.41067281688e-05,-7483668,-5792856,166412187,-134887,-1099321,-1087355,-0.4479352587414551,-0.3467316363061524,9.96060835964081,-0.031185003364562987,-0.2541559163131714,-0.2513894543838501,61,fa46fe00,43.51474459244,-79.6833062564,160.4638,-37.1,SOL_COMPUTED,INS_PSRSP,good,0.7983,0.648,1.5169,29,27,0.0,0.0,1,1,0,0,0,0,1,0,0,—,—,0.0,0.0,0.0,0.0
2026-05-26 12:18:20.017474,1779812300.017474,2420,231518.0,INS_SOLUTION_GOOD,good,43.51486455919,-79.6831875944,159.7714,-37.1,2.551860178,0.004667293,334.610458777,0.0631,0.0636,0.5548,6.6966,5.7198,-0.2047,8.8068,0.0194,0.017,0.0238,0.0101440490343265,-0.0081966465533284,-0.0031644632215455,-0.008456391536670781,0.009222951431698786,0.001442969580077011,-0.0001475918751529,0.0001609708692349,2.51845701785e-05,1076276,-25409612,152963878,-2733779,5809555,806138,0.06442054464965821,-1.5208933808581546,9.155659266288453,-0.6320320513687134,1.3431316006851197,0.18637389994812012,61,fa42fe00,43.51480761012,-79.6832387292,160.2907,-37.1,SOL_COMPUTED,INS_PSRSP,good,0.7955,0.6442,1.5154,28,26,0.0,0.0,1,1,0,0,0,0,1,0,0,—,—,0.0,0.0,0.0,0.0
2026-05-26 12:18:21.027394,1779812301.027394,2420,231519.0,INS_SOLUTION_GOOD,good,43.51492689428,-79.6831188356,159.4958,-37.1,2.535712698,-0.113296599,334.021829023,0.0633,0.0637,0.5545,6.6876,5.7299,-0.2174,8.8066,0.0217,0.018,0.0245,0.0002123123155303,-0.0023302793652346,0.0001361281861589,-0.0014426468030712652,0.0021749074263936524,0.0027298562674056607,-2.5178936657e-05,3.79592955167e-05,4.76449799725e-05,-9001367,-5049971,164800719,-843677,832100,542302,-0.5387771953768922,-0.30226622379852297,9.864153875618593,-0.19505267433929444,0.19237614669799805,0.12537672047424317,61,fa3dfe00,43.51487041254,-79.68317065398,160.1042,-37.1,SOL_COMPUTED,INS_PSRSP,good,0.7942,0.6411,1.5156,27,25,0.0,0.0,1,1,0,0,0,0,1,0,0,—,—,0.0,0.0,0.0,0.0
2026-05-26 12:18:22.033697,1779812302.033697,2420,231520.0,INS_SOLUTION_GOOD,good,43.51498634777,-79.68304755824,159.2796,-37.1,2.533567337,-0.093502007,333.962605412,0.0657,0.0661,0.5574,6.4851,5.8264,-0.2216,8.7180,0.0298,0.0256,0.0276,-0.0013149632502085,-0.004001978259633,0.0006549244946306,0.0008930402920289933,0.006269552162029442,-0.00261958612062401,1.55864934489e-05,0.0001094243278531,-4.57204028445e-05,-10485227,-8769671,166815890,646866,1970492,-1817681,-0.6275936972628785,-0.524909021680603,9.984772019461062,0.1495512420501709,0.4555650259094238,-0.4202361094894409,61,fa38fe00,43.51493288015,-79.68310198411,159.8291,-37.1,SOL_COMPUTED,INS_PSRSP,good,0.7946,0.6388,1.5199,28,26,0.0,0.0,1,1,0,0,0,0,1,0,0,—,—,0.0,0.0,0.0,0.0
2026-05-26 12:18:23.029961,1779812303.029961,2420,231521.0,INS_SOLUTION_GOOD,good,43.51504373275,-79.68297505449,159.069,-37.1,2.517324037,-0.006837665,334.348824158,0.0684,0.0687,0.5603,6.225,5.9241,-0.2308,8.5933,0.0383,0.0335,0.0309,-0.0006891103768664,-0.0011054913180453,0.0005239120042651,-0.0006965670231900766,-0.0019249322111952365,-0.0035633443422349,-1.21573880155e-05,-3.35964049631e-05,-6.21920911544e-05,-8875491,-3702955,164307824,-885584,-794667,-2154245,-0.5312428821725464,-0.2216405252120972,9.834651624936525,-0.20474130212402344,-0.18372187882232666,-0.4980475329208374,61,fa34fe00,43.5149923424,-79.68303071274,159.6129,-37.1,SOL_COMPUTED,INS_PSRSP,good,0.8025,0.6445,1.5361,28,26,0.0,0.0,1,1,0,0,0,0,1,0,0,—,—,0.0,0.0,0.0,0.0
2026-05-26 12:18:24.015179,1779812304.015179,2420,231522.0,INS_SOLUTION_GOOD,good,43.51509916592,-79.68290175972,158.8302,-37.1,2.360136027,-0.078924163,334.692743108,0.0705,0.0708,0.563,5.9447,6.0339,-0.2196,8.4704,0.0474,0.0417,0.0346,0.000102822585352,-0.0035938379502803,-0.0003884877400222,0.0016437246923167931,-0.002025699444122081,-0.0034534321615099606,2.86884078773e-05,-3.53551249558e-05,-6.02737617127e-05,-7683712,-8912986,166841039,557639,-835606,-2043931,-0.4599089006640626,-0.5334871469537354,9.986277313899842,0.1289225358352661,-0.19318671125793457,-0.47254364847564695,61,fa30fe00,43.51504964018,-79.68295815221,159.4028,-37.1,SOL_COMPUTED,INS_PSRSP,good,0.8232,0.6625,1.5581,29,27,0.0,0.0,1,1,0,0,0,0,1,0,0,—,—,0.0,0.0,0.0,0.0
2026-05-26 12:18:25.019605,1779812305.019605,2420,231523.0,INS_SOLUTION_GOOD,good,43.51515259619,-79.68282784356,158.594,-37.1,2.474339052,0.258799827,334.892942768,0.0725,0.0729,0.5656,5.6654,6.0519,-0.2408,8.2899,0.0575,0.051,0.0397,-0.0024632803486584,-0.0021968840616309,-0.002497800695376,0.004213183940168857,-0.000971391309737283,-0.0005703607094541517,7.35339317482e-05,-1.69539766802e-05,-9.954672304e-06,-11417878,-4838672,163793748,1679932,-37799,-813313,-0.6834175615765382,-0.2896189133837891,9.803881584620363,0.38838943020629885,-0.008738884712219239,-0.18803271361541748,61,fa2bfe00,43.51510499944,-79.68288482164,159.1681,-37.1,SOL_COMPUTED,INS_PSRSP,good,0.8646,0.6988,1.5855,29,27,0.0,0.0,1,1,0,0,0,0,1,0,0,—,—,0.0,0.0,0.0,0.0
2026-05-26 12:18:26.039145,1779812306.039145,2420,231524.0,INS_SOLUTION_GOOD,good,43.51520364603,-79.68275653447,158.3423,-37.1,2.556551861,0.726555213,335.534069869,0.0745,0.075,0.5678,5.1663,5.7481,-0.2545,7.7286,0.068,0.0607,0.0459,-0.0056831954537017,-0.0040735921096263,-0.0007460348091966,0.004109958205750051,-0.0005798169538797336,-0.012275438665574387,7.17323028098e-05,-1.01197149041e-05,-0.0002142468218412,-18350075,-7070030,162935529,1686339,-305687,-5910895,-1.0983445007247927,-0.4231769390838624,9.752512850755922,0.3898706872329712,-0.07067286042022705,-1.3665607542800904,61,fa27fe00,43.51515837322,-79.68281085979,158.9289,-37.1,SOL_COMPUTED,INS_PSRSP,good,0.9354,0.7618,1.6197,28,26,0.0,0.0,1,1,0,0,0,0,1,0,0,—,—,0.0,0.0,0.0,0.0
2026-05-26 12:18:27.026595,1779812307.026595,2420,231525.0,INS_SOLUTION_GOOD,good,43.51525053697,-79.68269111973,158.0842,-37.1,2.490324859,1.277949539,336.883137431,0.0761,0.0767,0.5697,4.5043,5.1732,-0.2325,6.8594,0.0774,0.0698,0.0526,-0.0110981359294208,-0.003076802138934,-0.0011257364616147,0.005370379150487638,-0.004616445901586597,-0.008990954598111806,9.37307982566e-05,-8.0572180723e-05,-0.0001569217606346,-27267388,-3149322,164994081,2099067,-2378257,-4475653,-1.6320906404431155,-0.18850279901916506,9.875727566153872,0.4852907356338501,-0.5498376607589722,-1.0347420719833373,61,fa22fe00,43.51520926438,-79.68273944392,158.675,-37.1,SOL_COMPUTED,INS_PSRSP,good,1.0412,0.8552,1.6632,28,26,0.0,0.0,1,1,0,0,0,0,1,0,0,—,—,0.0,0.0,0.0,0.0
2026-05-26 12:18:28.032727,1779812308.032727,2420,231526.0,INS_SOLUTION_GOOD,good,43.51529343752,-79.68263677543,157.8766,-37.1,1.817230635,1.86287294,336.292686196,0.0773,0.0782,0.5712,3.9457,4.065,-0.1595,5.6650,0.0854,0.0777,0.0589,-0.0127165730263994,-0.0046621733949779,0.0004549247330068,0.01167397244449377,-0.009769143431872587,0.009819304195453349,0.0002037492559438,-0.000170503717986,0.0001713791884658,-28297168,-3655133,164190182,5220864,-4052145,3756011,-1.693728165083008,-0.2187781374172974,9.827610158143923,1.20703004296875,-0.936829757194519,0.8683654886856079,61,fa1efe00,43.51525583289,-79.68267384087,158.4186,-37.1,SOL_COMPUTED,INS_PSRSP,good,1.1812,0.9762,1.7191,28,26,0.0,0.0,1,1,0,0,0,0,1,0,0,—,—,0.0,0.0,0.0,0.0
2026-05-26 12:18:29.016845,1779812309.016845,2420,231527.0,INS_SOLUTION_GOOD,good,43.51533257682,-79.6825993119,157.7548,-37.1,1.347622644,2.302865359,335.247503192,0.0784,0.0794,0.5725,3.2325,2.3717,-0.069,4.0092,0.0905,0.0826,0.0629,-0.0238200489354434,0.0011744762548639,0.0027678989874831,-0.006406998638730352,-0.01187596160709255,0.007891361269343441,-0.0001118232214168,-0.0002072746318845,0.0001377302366146,-44737891,7394515,166416360,-3216385,-5355087,2679584,-2.6777883226022343,0.44259900222625737,9.960858134729005,-0.7436074421310425,-1.238061533821106,0.6195025173339844,61,fa19fe00,43.51529881562,-79.68261959851,158.2287,-37.1,SOL_COMPUTED,INS_PSRSP,good,1.3439,1.1127,1.7894,28,26,0.0,0.0,1,1,0,0,0,0,1,0,0,—,—,0.0,0.0,0.0,0.0
2026-05-26 12:18:30.029426,1779812310.029426,2420,231528.0,INS_SOLUTION_GOOD,good,43.51537827817,-79.68256101247,157.9556,-37.1,1.177526179,1.783066022,334.304272068,0.0692,0.0675,0.5713,2.6801,1.0885,-0.0733,2.8927,0.0363,0.0243,0.0428,-0.0168497734815913,-0.003349398088955,-0.0032074871218815,-0.0024582527365660484,-0.0019944050594966523,0.0056311688414008255,-4.29046040993e-05,-3.48089349067e-05,9.82824370183e-05,-32732367,-1127241,158562536,-900522,-1194689,1708397,-1.9591971853060917,-0.0674710568399048,9.490767173244631,-0.2081948712615967,-0.27620438207244874,0.3949703543930054,61,fa15fe00,43.51533814461,-79.68258228888,158.1191,-37.1,SOL_COMPUTED,INS_PSRSP,good,1.5095,1.2457,1.8721,28,26,0.0,0.0,1,1,0,0,0,0,1,0,0,—,—,0.0,0.0,0.0,0.0
2026-05-26 12:18:31.023400,1779812311.023400,2420,231529.0,INS_SOLUTION_GOOD,good,43.51540142683,-79.68255342286,157.9169,-37.1,1.008603222,1.737870401,333.733614304,0.072,0.0702,0.5716,2.0881,0.3642,-0.0641,2.1196,0.0493,0.0329,0.0456,-0.0084202013629377,-0.0022160888788811,-0.000620658202388,-7.532060079185461e-05,0.0020739940416850127,0.0023582991438898192,-1.3145924784e-06,3.61980246942e-05,4.11600848079e-05,-18174700,-99538,162615686,-226357,747610,367429,-1.087847422821045,-0.005957851121215821,9.733368634716188,-0.052332276695251465,0.17284260429382325,0.08494721212005615,61,fa10fe00,43.51538407274,-79.68254414757,158.3243,-37.1,SOL_COMPUTED,INS_PSRSP,good,1.0383,0.8068,1.7455,30,28,0.0,0.0,1,1,0,0,0,0,1,0,0,—,—,0.0,0.0,0.0,0.0
2026-05-26 12:18:32.020993,1779812312.020993,2420,231530.0,INS_SOLUTION_GOOD,good,43.51541947218,-79.68254935243,157.9691,-37.1,0.903205358,1.656585905,333.062295638,0.0749,0.073,0.5712,1.8413,0.4551,-0.0727,1.8967,0.0579,0.0406,0.048,0.001566508377113,0.0013174496131949,-0.0007763370561381,-0.001508800252856114,0.001131550563184842,0.00493051568959528,-2.63335321673e-05,1.97492829804e-05,8.60537326048e-05,-1359850,6364380,163194287,-1474688,806419,1630733,-0.08139387818908693,0.38094022904663094,9.768000821585389,-0.3409383427734375,0.18643886533355714,0.37701493910980227,61,fa0cfe00,43.5154073383,-79.68253665043,158.2902,-37.1,SOL_COMPUTED,INS_PSRSP,good,1.061,0.8175,1.7949,30,28,0.0,0.0,1,1,0,0,0,0,1,0,0,—,—,0.0,0.0,0.0,0.0
2026-05-26 12:18:33.019593,1779812313.019593,2420,231531.0,INS_SOLUTION_GOOD,good,43.5154336378,-79.68254598595,157.9987,-37.1,0.974780914,1.595756834,332.643420675,0.0777,0.0759,0.5718,1.3028,0.0112,-0.0786,1.3028,0.0631,0.0486,0.0512,-0.0051814223602129,-0.0024764398511043,-0.0001758408446205,-0.0036837607448704187,-0.0007860808268584993,0.0039847563083086415,-6.42937538538e-05,-1.37196986155e-05,6.95471174697e-05,-12211570,-619509,163590116,-1796663,-220619,1038669,-0.7309240291778566,-0.037080736907043464,9.791693182808839,-0.41537688361358643,-0.05100568814849853,0.240133565574646,61,fa07fe00,43.51542552809,-79.68253268714,158.3452,-37.1,SOL_COMPUTED,INS_PSRSP,good,1.0929,0.8373,1.8475,31,29,0.0,0.0,1,1,0,0,0,0,1,0,0,—,—,0.0,0.0,0.0,0.0
2026-05-26 12:18:34.017873,1779812314.017873,2420,231532.0,INS_SOLUTION_GOOD,good,43.51544037704,-79.68254400779,158.0781,-37.1,1.010277444,1.634348542,331.99703952,0.0803,0.0785,0.5676,0.7463,-0.1872,-0.0727,0.7694,0.0689,0.0559,0.0542,-0.0058797990992409,-0.002535799812742,6.06204193465e-05,-4.189695473008236e-05,-0.00024100644827258202,0.000757122795597535,-7.312398066e-07,-4.2063560409e-06,1.32142856251e-05,-13864183,-799576,164077342,-251815,-59856,-321709,-0.8298412488827516,-0.04785865466552735,9.820856115260622,-0.058218001899719235,-0.013838320678710938,-0.07437704335784912,61,fa03fe00,43.51543978646,-79.68252937843,158.373,-37.1,SOL_COMPUTED,INS_PSRSP,good,1.1519,0.8755,1.9076,31,29,0.0,0.0,1,1,0,0,0,0,1,0,0,—,—,0.0,0.0,0.0,0.0
2026-05-26 12:18:35.028636,1779812315.028636,2420,231533.0,INS_SOLUTION_GOOD,good,43.51544072125,-79.68254149783,158.2274,-37.1,0.980310022,1.745675069,331.368079368,0.0822,0.0811,0.563,0.2467,-0.1105,-0.06,0.2703,0.0723,0.0601,0.0563,0.0001342247320966,-0.0032078300907929,0.0002890919064275,0.0009548529810998778,-0.0003078942846544199,0.0022577994138249513,1.66653283927e-05,-5.3737690153e-06,3.94060336209e-05,-3550965,-1326360,164616030,198501,-261855,288124,-0.2125431574539185,-0.0793893328491211,9.853099307858278,0.04589214937591553,-0.06053918506622315,0.06661240823364258,61,f9fefe00,43.51544666284,-79.68252749421,158.4514,-37.1,SOL_COMPUTED,INS_PSRSP,good,1.2196,0.928,1.9665,31,29,0.0,0.0,1,1,0,0,0,0,1,0,0,—,—,0.0,0.0,0.0,0.0
2026-05-26 12:18:36.016603,1779812316.016603,2420,231534.0,INS_SOLUTION_GOOD,good,43.51542811565,-79.68253275196,158.4609,-37.1,0.941676944,1.963309027,330.211922839,0.0718,0.0732,0.5358,-0.3664,0.2702,-0.0279,0.4553,0.0254,0.0213,0.0363,0.0007362937777526,-0.0035502367441707,-0.0001532970090615,0.0005403645902634015,-0.00019273276036893558,0.0017357524289150514,9.4311412613e-06,-3.3638212449e-06,3.02945948841e-05,-2399438,-1321863,164110365,66704,89065,98903,-0.14361846107604984,-0.07912016472747804,9.822832708296206,0.015421534057617188,0.020591252861022948,0.0228657349319458,61,f9fafe00,43.51544713135,-79.68252507734,158.6015,-37.1,SOL_COMPUTED,INS_PSRSP,good,1.2909,0.9817,2.0181,32,30,0.0,0.0,1,1,0,0,0,0,1,0,0,—,—,0.0,0.0,0.0,0.0
2026-05-26 12:18:37.028202,1779812317.028202,2420,231535.0,INS_SOLUTION_GOOD,good,43.51542853669,-79.6825328628,158.5565,-37.1,0.898899825,1.850942098,329.620631864,0.0692,0.0702,0.5101,-0.4796,0.3381,-0.0138,0.5868,0.0233,0.019,0.0303,0.0001715547057183,-0.0033124891865929,0.0001700437950667,0.000573715684152078,6.669120608436976e-05,0.0017671069032398187,1.00132276588e-05,1.1639811283e-06,3.08418336963e-05,-3198982,-1372519,164512934,-4728,38542,56268,-0.19147520038024904,-0.08215218170989991,9.84692849249939,-0.0010930830688476562,0.008910661514282226,0.013008798248291016,61,f9f6fe00,43.51543475676,-79.68251650931,158.836,-37.1,SOL_COMPUTED,INS_PSRSP,good,1.0397,0.8131,1.8159,32,29,0.0,0.0,1,1,0,0,0,0,1,0,0,—,—,0.0,0.0,0.0,0.0
2026-05-26 12:18:38.019475,1779812318.019475,2420,231536.0,INS_SOLUTION_GOOD,good,43.51542419412,-79.68252835695,158.6346,-37.1,0.887885728,1.893343724,329.395755138,0.0846,0.0854,0.4875,-0.7297,0.5172,-0.0152,0.8944,0.0348,0.0299,0.0343,0.0004181013477077,-0.0034174873223467,-4.4523675141e-06,0.0005417417603917599,-0.00016027823294083364,0.0018230639622636464,9.4551774144e-06,-2.7973828841e-06,3.1818468616e-05,-2887404,-1354052,163843613,37459,53971,110068,-0.17282568625854494,-0.08104683865844728,9.806866256264955,0.00866027890777588,0.012477746681213379,0.025447010833740236,61,f9f1fe00,43.51543530082,-79.68251672045,158.9328,-37.1,SOL_COMPUTED,INS_PSRSP,good,1.0157,0.7941,1.7617,32,29,0.0,0.0,1,1,0,0,0,0,1,0,0,—,—,0.0,0.0,0.0,0.0
2026-05-26 12:18:39.019289,1779812319.019289,2420,231537.0,INS_SOLUTION_GOOD,good,43.51541811087,-79.68252216853,158.7157,-37.1,0.873161994,1.912047641,329.060696176,0.0978,0.0984,0.4642,-0.9684,0.6877,-0.0147,1.1877,0.0462,0.0407,0.0372,0.0005059445310348,-0.0033715259685373,0.0001029291104193,0.0006772453043960912,0.00010770495647450516,0.0016272370015460822,1.18201604054e-05,1.8798061112e-06,2.84006433873e-05,-2874489,-1165872,164374572,66649,74475,-2721,-0.17205265839752198,-0.06978331694824219,9.838646829246828,0.015408818412780762,0.01721813907623291,-0.0006290776290893555,61,f9edfe00,43.51543099885,-79.68251224772,159.0111,-37.1,SOL_COMPUTED,INS_PSRSP,good,1.0084,0.788,1.7801,32,30,0.0,0.0,1,1,0,0,0,0,1,0,0,—,—,0.0,0.0,0.0,0.0
2026-05-26 12:18:40.031752,1779812320.031752,2420,231538.0,INS_SOLUTION_GOOD,good,43.51541115477,-79.6825153537,158.7808,-37.1,0.845503875,1.874920959,328.623841055,0.1093,0.1099,0.4424,-1.1628,0.8179,-0.0151,1.4216,0.0596,0.0538,0.0411,0.0001981019022803,-0.0033022715039035,0.0001511080040311,0.000444698538932989,-0.00016883195291253502,0.0018780803739178605,7.7614536832e-06,-2.9466734609e-06,3.2778686142e-05,-2936779,-1345108,164076537,-29180,25494,103100,-0.17578102893280032,-0.08051149516723634,9.820807931952212,-0.006746227569580078,0.00589404817199707,0.02383605422973633,61,f9e9fe00,43.51542498334,-79.68250611507,159.0926,-37.1,SOL_COMPUTED,INS_PSRSP,good,1.0128,0.7936,1.8054,32,30,0.0,0.0,1,1,0,0,0,0,1,0,0,—,—,0.0,0.0,0.0,0.0
2026-05-26 12:18:41.053741,1779812321.053741,2420,231539.0,INS_SOLUTION_GOOD,good,43.51540466482,-79.68250966299,158.8397,-37.1,0.793637118,1.758910211,328.078591977,0.1186,0.1195,0.4229,-1.275,0.8704,-0.0144,1.5438,0.074,0.068,0.0472,7.1996405569e-05,-0.0030454679847547,2.70086982982e-05,0.0004962494907474166,4.692887713094287e-05,0.0017958864857698955,8.6611875249e-06,8.190634202e-07,3.13441321688e-05,-3053457,-1517869,164277090,53748,-6043,83856,-0.1827647954653931,-0.09085211199249268,9.832812040090944,0.012426190521240235,-0.0013971025772094726,0.01938696569824219,61,f9e4fe00,43.51541811764,-79.68249937666,159.1585,-37.1,SOL_COMPUTED,INS_PSRSP,good,1.0382,0.8207,1.8373,32,30,0.0,0.0,1,1,0,0,0,0,1,0,0,—,—,0.0,0.0,0.0,0.0
2026-05-26 12:18:42.027992,1779812322.027992,2420,231540.0,INS_SOLUTION_GOOD,good,43.51540000368,-79.68250592304,158.9334,-37.1,0.742954815,1.569326838,327.481123125,0.1262,0.127,0.404,-1.2833,0.8491,-0.0068,1.5388,0.0876,0.0819,0.0542,4.99020517059e-05,-0.0025616212537872,0.0002724499439664,0.0005716762321942726,7.619250831776065e-05,0.0017580801849217847,9.9776325072e-06,1.3298101355e-06,3.0684287741e-05,-3036750,-1086584,164781634,47402,-32314,54801,-0.18176479728698733,-0.06503753041748048,9.86301154215149,0.01095903630065918,-0.007470788131713867,0.012669637321472168,61,f9e0fe00,43.51541174266,-79.68249378674,159.2187,-37.1,SOL_COMPUTED,INS_PSRSP,good,1.0953,0.8797,1.8779,32,30,0.0,0.0,1,1,0,0,0,0,1,0,0,—,—,0.0,0.0,0.0,0.0
2026-05-26 12:18:43.023315,1779812323.023315,2420,231541.0,INS_SOLUTION_GOOD,good,43.51539815629,-79.68250534914,159.0692,-37.1,0.691360326,1.325066088,326.905805799,0.1245,0.1254,0.3859,-1.1879,0.7457,0.0063,1.4026,0.0984,0.0931,0.0609,-0.0001725013139141,-0.0020604796890285,-3.19662680133e-05,0.00044454299947263245,-5.01895476167489e-06,0.0017048293700834575,7.7587390075e-06,-8.75972856e-08,2.97548856927e-05,-3012374,-1073008,164082389,22921,-20185,54197,-0.18030577079528812,-0.06422493837402345,9.821158203655092,0.005299187187194824,-0.004666641654968262,0.012529996421813966,61,f9dbfe00,43.51540720963,-79.68249016101,159.3138,-37.1,SOL_COMPUTED,INS_PSRSP,good,1.1876,0.9766,1.9291,32,30,0.0,0.0,1,1,0,0,0,0,1,0,0,—,—,0.0,0.0,0.0,0.0
2026-05-26 12:18:44.035775,1779812324.035775,2420,231542.0,INS_SOLUTION_GOOD,good,43.51539893483,-79.68250782494,159.2164,-37.1,0.645667739,1.070471365,326.398310092,0.1215,0.1229,0.3703,-1.0303,0.5916,0.0222,1.1881,0.1054,0.0996,0.0662,-0.0001560444887653,-0.0018391018550312,-0.0001875290459451,0.0003899478926920737,-3.09738709232944e-05,0.0017339260367278163,6.8058746387e-06,-5.405960297e-07,3.0262718327e-05,-3132360,-974245,164394186,9213,131647,56618,-0.1874875378051758,-0.05831347490997315,9.839820826030886,0.0021299861068725585,0.03043593628692627,0.01308971598815918,61,f9d7fe00,43.51540548729,-79.68248970157,159.451,-37.1,SOL_COMPUTED,INS_PSRSP,good,1.3066,1.0999,1.9928,32,30,0.0,0.0,1,1,0,0,0,0,1,0,0,—,—,0.0,0.0,0.0,0.0
2026-05-26 12:18:45.044218,1779812325.044218,2420,231543.0,INS_SOLUTION_GOOD,good,43.5154014418,-79.68251168928,159.3505,-37.1,0.618791978,0.853654753,325.988994484,0.1182,0.1197,0.3573,-0.8561,0.4435,0.0391,0.9642,0.1087,0.1027,0.0698,-0.0002404183568274,-0.0014235876148978,-8.45301472846e-05,0.0004272716181813879,1.7314370033863824e-05,0.0017536945098972916,7.4572965376e-06,3.02192765e-07,3.06077432719e-05,-3221731,-999623,164182697,32424,99056,33648,-0.19283684271942142,-0.05983247615325928,9.827162143158265,0.007496219421386719,0.022901107543945313,0.007779200317382813,61,f9d3fe00,43.51540637703,-79.68249228142,159.5994,-37.1,SOL_COMPUTED,INS_PSRSP,good,1.4338,1.2244,2.0689,32,30,0.0,0.0,1,1,0,0,0,0,1,0,0,—,—,0.0,0.0,0.0,0.0
2026-05-26 12:18:46.037318,1779812326.037318,2420,231544.0,INS_SOLUTION_GOOD,good,43.51540491991,-79.68251643698,159.4314,-37.1,0.597271019,0.676734537,325.630985045,0.1146,0.1163,0.3464,-0.6932,0.3069,0.045,0.7581,0.109,0.1023,0.0688,-0.0002281744211972,-0.0011914404462098,-2.81367841375e-05,0.0004906755525527352,-0.00022415597125436187,0.0017799891873270623,8.5639039511e-06,-3.9122597364e-06,3.10666719688e-05,-3206345,-1290544,163960622,72144,12543,39621,-0.19191591305084232,-0.0772455646826172,9.813869834816286,0.016679226928710936,0.0028998606033325196,0.009160119346618652,61,f9cffe00,43.51540897382,-79.68249623038,159.7342,-37.1,SOL_COMPUTED,INS_PSRSP,good,1.5527,1.3379,2.1568,31,29,0.0,0.0,1,1,0,0,0,0,1,0,0,—,—,0.0,0.0,0.0,0.0
2026-05-26 12:18:47.025525,1779812327.025525,2420,231545.0,INS_SOLUTION_GOOD,good,43.51542575262,-79.68252814652,159.2931,-37.1,0.66884707,0.216785577,325.21128396,0.0874,0.0887,0.3362,-0.0388,0.024,0.0203,0.0456,0.0302,0.0242,0.0401,-5.80855993665e-05,-0.0011173566364276,0.0002683615443044,-0.0014427118977231026,0.000182845430588462,0.002024507679429189,-2.5180072773e-05,3.191254786e-06,3.5334324738e-05,-3428221,-2860312,164390940,-396255,162926,93464,-0.20519631023956303,-0.1712040934741211,9.839626536566163,-0.09161159717559815,0.03766743910217285,0.02160827325439453,61,f9cafe00,43.51541252976,-79.68250105242,159.8158,-37.1,SOL_COMPUTED,INS_PSRSP,good,1.6496,1.422,2.2148,31,29,0.0,0.0,1,1,0,0,0,0,1,0,0,—,—,0.0,0.0,0.0,0.0
2026-05-26 12:18:48.020941,1779812328.020941,2420,231546.0,INS_SOLUTION_GOOD,good,43.51542659694,-79.68252900934,159.135,-37.1,0.663844866,0.255220016,325.011764403,0.0808,0.0819,0.3272,-0.0663,0.0386,-0.0125,0.0767,0.0203,0.0172,0.0253,-4.82121597653e-05,-0.0008302843696212,0.0003621802207576,-0.0022485667401494465,0.00021614354557937795,0.002134714734642373,-3.92448930665e-05,3.7724165273e-06,3.72578007104e-05,-3347612,-2399024,164861573,-994581,91912,144284,-0.20037145519897465,-0.14359368108886722,9.867796294314271,-0.2299407046737671,0.021249460876464843,0.03335752908325195,61,f9c6fe00,43.51543347084,-79.68251285678,159.6755,-37.1,SOL_COMPUTED,INS_PSRSP,good,1.1453,0.9425,1.9374,31,29,0.0,0.0,1,1,0,0,0,0,1,0,0,—,—,0.0,0.0,0.0,0.0
2026-05-26 12:18:49.023155,1779812329.023155,2420,231547.0,INS_SOLUTION_GOOD,good,43.51542704919,-79.68252911826,159.236,-37.1,0.663166751,0.232172642,324.829660231,0.0696,0.0728,0.318,-0.0644,0.0408,0.0005,0.0762,0.019,0.0162,0.0199,8.70562198986e-05,-0.0005014049187568,-1.21544412879e-05,1.0908802209220352e-06,-0.0005088688687901561,0.0018832110587842003,1.90394516e-08,-8.8814372213e-06,3.28682334858e-05,-2705501,-1412954,163803138,-140275,-34353,101203,-0.1619378746438599,-0.08457242031311037,9.804443623460084,-0.03243067417144775,-0.007942191764831543,0.023397480079650878,61,f9c1fe00,43.51543434924,-79.68251375299,159.5176,-37.1,SOL_COMPUTED,INS_PSRSP,good,1.1093,0.9122,1.8261,31,29,0.0,0.0,1,1,0,0,0,0,1,0,0,—,—,0.0,0.0,0.0,0.0
2026-05-26 12:18:50.024812,1779812330.024812,2420,231548.0,INS_SOLUTION_GOOD,good,43.51542728207,-79.6825293591,159.27,-37.1,0.650492874,0.206996042,324.642024066,0.0606,0.0641,0.3102,-0.0669,0.0306,0.0049,0.0736,0.0178,0.0145,0.0176,-8.26192730914e-05,-0.0002046222745823,3.01452676794e-05,0.0004907715563639406,-0.00018875639366789057,0.001960227385500899,8.5655795337e-06,-3.2944205537e-06,3.42124219648e-05,-2798381,-1237305,163832039,15129,53479,136258,-0.1674972108987427,-0.07405894212799073,9.806173494014589,0.003497727104187012,0.012363999458312989,0.03150196971130371,61,f9bdfe00,43.51543483794,-79.68251389704,159.6186,-37.1,SOL_COMPUTED,INS_PSRSP,good,1.0798,0.8817,1.7862,31,29,0.0,0.0,1,1,0,0,0,0,1,0,0,—,—,0.0,0.0,0.0,0.0
2026-05-26 12:18:51.021380,1779812331.021380,2420,231549.0,INS_SOLUTION_GOOD,good,43.51542752472,-79.68252969119,159.2779,-37.1,0.65430783,0.190813664,324.4648271,0.0556,0.0582,0.3031,-0.0603,0.0297,0.0049,0.0672,0.0163,0.013,0.0165,3.40006007974e-05,-0.000274923144725,5.85748222184e-05,0.0015220578674371601,-0.0001466786404497069,0.0018242410512785982,2.65649211927e-05,-2.5600252182e-06,3.18390126949e-05,-2588353,-860037,164356320,426350,-91682,92822,-0.15492597624176027,-0.051477550329895025,9.837554355029297,0.09856936683654785,-0.021196286361694336,0.02145984700012207,61,f9b9fe00,43.51543510786,-79.68251417513,159.6529,-37.1,SOL_COMPUTED,INS_PSRSP,good,1.0491,0.8534,1.7559,31,29,0.0,0.0,1,1,0,0,0,0,1,0,0,—,—,0.0,0.0,0.0,0.0
2026-05-26 12:18:52.036463,1779812332.036463,2420,231550.0,INS_SOLUTION_GOOD,good,43.51542779762,-79.68253001387,159.2962,-37.1,0.659221589,0.184862236,324.282220082,0.053,0.0547,0.2967,-0.0647,0.0314,0.0055,0.0719,0.015,0.0119,0.0159,-0.0003175333825351,-0.0013946417692888,-0.0005170710860057,0.0021030701615529055,0.0001490668158070105,0.0016226669832066346,3.67054987196e-05,2.6017067413e-06,2.83208815204e-05,-3304585,-2286442,163557900,1078677,-70329,-73157,-0.19779607232818605,-0.13685508080627443,9.78976489279175,0.24938315682220458,-0.016259610649108885,-0.01691342598724365,61,f9b4fe00,43.51543538552,-79.68251454094,159.6607,-37.1,SOL_COMPUTED,INS_PSRSP,good,1.0221,0.8302,1.7295,31,29,0.0,0.0,1,1,0,0,0,0,1,0,0,—,—,0.0,0.0,0.0,0.0
2026-05-26 12:18:53.067670,1779812333.067670,2420,231551.0,INS_SOLUTION_GOOD,good,43.51542795106,-79.68253040712,159.3363,-37.1,0.659158801,0.183643804,324.097299524,0.0519,0.0529,0.2908,-0.0602,0.0303,0.007,0.0674,0.0143,0.0114,0.0159,5.4099781612e-05,-0.0007065117505078,4.90607545009e-05,0.0003483890444363571,-0.0004026806278448106,0.0017016252687635477,6.0805359033e-06,-7.0281027899e-06,2.96989635751e-05,-2867743,-1746398,163768320,120500,-574,4959,-0.17164887628753664,-0.10453072477233888,9.802359590625,0.027858821868896485,-0.00013270509338378906,0.0011464887771606446,61,f9b0fe00,43.51543569397,-79.68251489809,159.6789,-37.1,SOL_COMPUTED,INS_PSRSP,good,0.9989,0.8104,1.705,31,29,0.0,0.0,1,1,0,0,0,0,1,0,0,—,—,0.0,0.0,0.0,0.0
2026-05-26 12:18:54.020174,1779812334.020174,2420,231552.0,INS_SOLUTION_GOOD,good,43.51542803161,-79.68253066359,159.2989,-37.1,0.663060844,0.189146262,323.918492796,0.0513,0.052,0.2853,-0.0573,0.0301,0.0058,0.0647,0.014,0.0112,0.0163,2.12175210569e-05,-0.0002760074787173,0.0001058114508199,0.0004475303943518707,-5.602188691797459e-05,0.0018525620474249972,7.8108788842e-06,-9.777663799e-07,3.23333073251e-05,-2977903,-1206315,164363815,59284,-3464,43270,-0.17824250765960695,-0.07220403439178467,9.83800296856537,0.01370607797241211,-0.0008008544311523438,0.010003744583129883,61,f9acfe00,43.51543588296,-79.68251532652,159.719,-37.1,SOL_COMPUTED,INS_PSRSP,good,0.9806,0.793,1.6854,29,28,0.0,0.0,1,1,0,0,0,0,1,0,0,—,—,0.0,0.0,0.0,0.0
2026-05-26 12:18:55.026579,1779812335.026579,2420,231553.0,INS_SOLUTION_GOOD,good,43.51542831896,-79.6825310861,159.354,-37.1,0.660657802,0.197737483,323.731417659,0.051,0.0514,0.2801,-0.0619,0.03,0.0085,0.0688,0.0135,0.0109,0.0166,5.40152736393e-05,-0.0003762136799604,1.83136310886e-05,0.0003009189139350721,8.278398430249987e-05,0.001906350048263575,5.2520258297e-06,1.444853094e-06,3.32720850378e-05,-3020539,-1164142,164433869,-20567,91983,73155,-0.1807944872091675,-0.06967976772644044,9.842196053642885,-0.004754957588195801,0.021265875617980958,0.01691296360015869,61,f9a7fe00,43.51543599755,-79.68251561651,159.6815,-37.1,SOL_COMPUTED,INS_PSRSP,good,0.9679,0.7782,1.6736,28,27,0.0,0.0,1,1,0,0,0,0,1,0,0,—,—,0.0,0.0,0.0,0.0
2026-05-26 12:18:56.030717,1779812336.030717,2420,231554.0,INS_SOLUTION_GOOD,good,43.5154286938,-79.6825314258,159.3761,-37.1,0.660931766,0.208700789,323.546920283,0.0509,0.0511,0.2751,-0.0668,0.0339,0.0085,0.0749,0.013,0.0104,0.0168,-7.01736378222e-05,-0.0003753151402375,0.0001494072463742,0.00036457809259312924,-0.00023403430893779588,0.0018396594210270064,6.3630880964e-06,-4.0846692536e-06,3.21081140123e-05,-2710570,-1427300,163680463,44527,-35723,88617,-0.1622412798492432,-0.0854311007385254,9.797100906243593,0.010294354866027831,-0.008258926918029786,0.0204876781539917,61,f9a3fe00,43.51543632013,-79.68251607461,159.7367,-37.1,SOL_COMPUTED,INS_PSRSP,good,0.9527,0.7637,1.6555,30,29,0.0,0.0,1,1,0,0,0,0,1,0,0,—,—,0.0,0.0,0.0,0.0
2026-05-26 12:18:57.033471,1779812337.033471,2420,231555.0,INS_SOLUTION_GOOD,good,43.51542934531,-79.68253162821,159.4055,-37.1,0.572661575,0.199154974,323.349472145,0.051,0.051,0.2703,-0.0085,0.1157,0.0089,0.1160,0.0129,0.0103,0.0171,0.0033539115815369,-0.0009919092780827,0.0010235156911947,0.0007907391445488137,-0.0010234733159982796,0.0008239863791743783,1.38010015968e-05,-1.78629791705e-05,1.43812753082e-05,3137448,-2390686,166133016,241727,-359949,-313225,0.1877920802563477,-0.14309460975280763,9.943898567849123,0.05588572144317627,-0.08321788442230224,-0.07241559734344483,61,f99ffe00,43.51543672959,-79.68251644924,159.7587,-37.1,SOL_COMPUTED,INS_PSRSP,good,0.9382,0.7503,1.6381,32,30,0.0,0.0,1,1,0,0,0,0,1,0,0,—,—,0.0,0.0,0.0,0.0
2026-05-26 12:18:58.031458,1779812338.031458,2420,231556.0,INS_SOLUTION_GOOD,good,43.51543125702,-79.6825298106,159.4477,-37.1,0.529318488,0.188916263,323.127285809,0.0513,0.0512,0.2717,0.183,0.3509,0.0112,0.3958,0.0133,0.0109,0.0186,0.0058654037288317,-0.0001390744581185,-0.000258568672791,-0.0012682775659592345,-0.0038232576520192837,0.002281589103032587,-2.21356193552e-05,-6.67284341799e-05,3.98212420256e-05,8282759,-857783,164357025,-713449,-1704503,281887,0.4957648837118531,-0.051342637066345224,9.837596552833558,-0.16494480168914796,-0.3940700867385864,0.0651704541091919,61,f99afe00,43.51543741589,-79.68251669612,159.7905,-37.1,SOL_COMPUTED,INS_PSRSP,good,0.9243,0.7376,1.6203,32,30,0.0,0.0,1,1,0,0,0,0,1,0,0,—,—,0.0,0.0,0.0,0.0
2026-05-26 12:18:59.020934,1779812339.020934,2420,231557.0,INS_SOLUTION_GOOD,good,43.51543899773,-79.68252074724,159.4917,-37.1,0.043028167,0.170398347,322.319986192,0.0522,0.052,0.273,1.2138,1.5182,0.0313,1.9438,0.0146,0.0119,0.0231,0.0204913607090369,0.0030834815690735,-0.0014941982948984,0.002565951019761007,-0.011686222051876182,0.02369476076117181,4.47842937398e-05,-0.0002039630519247,0.0004135515907554,33934850,3466677,163482337,635824,-5521202,9916439,2.031171855178833,0.20749809571563724,9.78524206629059,0.14699840295410158,-1.276466249130249,2.292616661201477,61,f996fe00,43.51543936859,-79.68251492501,159.8338,-37.1,SOL_COMPUTED,INS_PSRSP,good,0.911,0.7256,1.6027,32,30,0.0,0.0,1,1,0,0,0,0,1,0,0,—,—,0.0,0.0,0.0,0.0
2026-05-26 12:19:00.022504,1779812340.022504,2420,231558.0,INS_SOLUTION_GOOD,good,43.51546046917,-79.6824972875,159.5507,-37.1,-0.589918491,0.394203276,313.365187612,0.093,0.0929,0.2847,3.0754,2.4696,0.1171,3.9442,0.0248,0.0211,0.0309,0.015267688939795,0.0125256042119616,0.000973725573321,0.006619802945691382,-0.0034461736784727305,0.15820864155578274,0.0001155373572357,-6.0147077285e-05,0.0027612617002599,25972115,21003798,165428212,2503753,-1318723,68682390,1.5545620212692264,1.2571832010296633,9.901712495177003,0.5788515255661011,-0.3048802419204712,15.878925050125122,61,f992fe00,43.51544724349,-79.6825060535,159.8906,-37.1,SOL_COMPUTED,INS_PSRSP,good,0.8985,0.7146,1.5864,31,29,0.0,0.0,1,1,0,0,0,0,1,0,0,—,—,0.0,0.0,0.0,0.0
2026-05-26 12:19:01.021668,1779812341.021668,2420,231559.0,INS_SOLUTION_GOOD,good,43.51549777776,-79.68247131015,159.6936,-37.1,-0.848541906,0.382699734,291.274862617,0.124,0.1239,0.2973,5.074,1.5041,0.1894,5.2922,0.0678,0.0668,0.0643,0.0109951330319664,0.024333373737337,0.000658093840535,-0.0066087092954085795,-0.0008785935157481555,0.24869272995808733,-0.0001153437365122,-1.53343496365e-05,0.004340506963548,20084713,41493443,166158377,-3431971,-449176,106440128,1.2021713302090455,2.4835917529049687,9.945416551556702,-0.7934495331802368,-0.10384659063720703,24.608270254394533,61,f98efe00,43.51547023933,-79.68248455942,159.9661,-37.1,SOL_COMPUTED,INS_PSRSP,good,0.8884,0.7055,1.5733,31,29,0.0,0.0,1,1,0,0,0,0,1,0,0,—,—,0.0,0.0,0.0,0.0
2026-05-26 12:19:02.022067,1779812342.022067,2420,231560.0,INS_SOLUTION_GOOD,good,43.51555211359,-79.68246495234,159.8349,-37.1,0.295144482,0.778091015,269.45848922,0.148,0.1481,0.3095,6.7822,-0.2847,0.1652,6.7882,0.0976,0.0984,0.0872,0.0125863001254354,0.0234974954164405,0.0013790003872936,0.029331496711024457,0.028297735887566216,0.20235421976962314,0.000511931192146,0.0004938886620985,0.0035317473902892,19094039,41432516,165943599,12269207,12836955,86689680,1.1428744968222047,2.47994496479126,9.932561005452577,2.8365614297561645,2.967821101112366,20.042094215698242,61,f989fe00,43.51551029858,-79.68246457307,160.1158,-37.1,SOL_COMPUTED,INS_PSRSP,good,0.9177,0.7401,1.587,31,29,0.0,0.0,1,1,0,0,0,0,1,0,0,—,—,0.0,0.0,0.0,0.0
2026-05-26 12:19:03.026794,1779812343.026794,2420,231561.0,INS_SOLUTION_GOOD,good,43.51561637445,-79.68248880286,159.8916,-37.1,0.740047348,1.090344883,252.199233877,0.1658,0.1663,0.3201,7.2926,-2.7573,0.1237,7.7965,0.1229,0.1227,0.1033,0.0076786334013484,0.0203218294613779,-0.0020542667785546,-0.02277068407426888,-0.00670706509370486,0.14527485009312124,-0.000397423410028,-0.0001170603690309,0.0025355244544698,9059383,32011074,158926206,-9857733,-3880155,61160052,0.5422497454647828,1.9160241628546146,9.512534656188356,-2.279044213096619,-0.8970667798233032,14.139809080169679,61,f985fe00,43.51556563296,-79.68246506286,160.2271,-37.1,SOL_COMPUTED,INS_PSRSP,good,1.0429,0.8809,1.6599,29,28,0.0,0.0,1,1,0,0,0,0,1,0,0,—,—,0.0,0.0,0.0,0.0
2026-05-26 12:19:04.027418,1779812344.027418,2420,231562.0,INS_SOLUTION_GOOD,good,43.51568367888,-79.68254474444,159.9884,-37.1,0.098718605,0.357541119,240.5789652,0.1793,0.1806,0.3293,7.6298,-4.8695,0.185,9.0513,0.1426,0.1366,0.1092,0.0106753783151717,0.0122624221627777,0.00063978391563,-0.011058290023437351,0.006252212041014811,0.08550328113229287,-0.0001930035705497,0.0001091216856487,0.001492313777019,16065520,19374367,168030674,-4828940,3151624,35706106,0.961602366381836,1.1596535408969117,10.057482966199343,-1.1164197450256348,0.7286351171264649,8.25502113432312,61,f981fe00,43.515629292,-79.68249440887,160.2721,-37.1,SOL_COMPUTED,INS_PSRSP,good,1.2689,1.124,1.8015,29,28,0.0,0.0,1,1,0,0,0,0,1,0,0,—,—,0.0,0.0,0.0,0.0
2026-05-26 12:19:05.023452,1779812345.023452,2420,231563.0,INS_SOLUTION_GOOD,good,43.51575329341,-79.68263013619,160.0165,-37.1,-0.124926908,-0.06959469,235.627272358,0.1842,0.1916,0.337,8.0059,-6.413,0.2469,10.2577,0.1603,0.1347,0.1106,0.0113503196788147,0.0124576268263496,0.0028426074534883,-0.0026882520011923244,0.008477296475018808,0.030757675184405423,-4.69188485442e-05,0.000147956735157,0.0005368227022276,17394201,9317516,168828736,-1539575,4948243,12573213,1.0411306227822879,0.5577003068933106,10.105251000332032,-0.35593979816436766,1.1440018282241822,2.906845653831482,61,f97dfe00,43.51569545451,-79.68255383589,160.3858,-37.1,SOL_COMPUTED,INS_PSRSP,good,1.5712,1.4151,2.0089,28,26,0.0,0.0,1,1,0,0,0,0,1,0,0,—,—,0.0,0.0,0.0,0.0
2026-05-26 12:19:06.031694,1779812346.031694,2420,231564.0,INS_SOLUTION_GOOD,good,43.51578324452,-79.68274550496,161.6595,-37.1,-0.75247339,-0.97737858,233.015979869,0.1572,0.1669,0.3365,6.9354,-7.9069,0.5129,10.5175,0.0866,0.0458,0.0795,0.0078220030683413,0.0071721769543606,-0.0011463488453126,-0.00279921437931005,-0.001659067994280799,0.014086934889993212,-4.88555073882e-05,-2.89561990147e-05,0.0002458633953448,16144061,5735415,165534324,-1279617,-473770,5187624,0.9663034411965944,0.3432935028671265,9.908063833341066,-0.29583918724823,-0.10953256462097168,1.1993451696166992,61,f979fe00,43.51576442723,-79.68264060997,160.4197,-37.1,SOL_COMPUTED,INS_PSRSP,good,1.9008,1.5709,2.2537,28,26,0.0,0.0,1,1,0,0,0,0,1,0,0,—,—,0.0,0.0,0.0,0.0
2026-05-26 12:19:07.026260,1779812347.026260,2420,231565.0,INS_SOLUTION_GOOD,good,43.51585400828,-79.68284762636,161.9923,-37.1,-0.083643785,-0.601851266,232.649738913,0.14,0.1556,0.3423,7.1067,-8.0646,0.4925,10.7491,0.0465,0.0359,0.0431,-0.0035913900377991,0.0047138225655657,-0.0015574231866542,0.003033560313243174,0.005905593190309216,0.0004013793440856565,5.2945615524e-05,0.0001030720454544,7.0053911038e-06,-7895112,2209589,162759183,809614,2374660,-756523,-0.4725622564379883,0.13225504130157473,9.741957653606875,0.18717752870178223,0.5490060575866699,-0.17490323233795166,61,f975fe00,43.51579394682,-79.6827567018,162.0796,-37.1,SOL_COMPUTED,INS_PSRSP,good,1.491,1.0461,2.145,28,25,0.0,0.0,1,1,0,0,0,0,1,0,0,—,—,0.0,0.0,0.0,0.0
2026-05-26 12:19:08.021136,1779812348.021136,2420,231566.0,INS_SOLUTION_GOOD,good,43.51591685467,-79.68294488272,161.9895,-37.1,-0.042440275,-0.663000755,232.371287949,0.1288,0.146,0.3491,6.5886,-7.7312,0.3956,10.1578,0.0477,0.0363,0.0376,-0.0062685196870626,-0.0015379992969092,0.0003512631495403,-0.0048031164169963685,0.0037802881963224875,0.0010395405643973518,-8.38301958333e-05,6.59784757002e-05,1.81434055568e-05,-10474848,-5181555,164373672,-1298785,1627083,-214626,-0.6269724617871094,-0.310142189579773,9.838592959709475,-0.3002707050704956,0.3761710826797485,-0.049620145248413086,61,f971fe00,43.51586471465,-79.68285891712,162.3942,-37.1,SOL_COMPUTED,INS_PSRSP,good,1.2879,0.9967,1.8102,28,24,0.0,0.0,1,1,0,0,0,0,1,0,0,—,—,0.0,0.0,0.0,0.0
2026-05-26 12:19:09.030682,1779812349.030682,2420,231567.0,INS_SOLUTION_GOOD,good,43.51597474214,-79.68303350343,162.0383,-37.1,0.07999758,-0.729962046,232.667372223,0.1302,0.1398,0.3571,5.8804,-6.894,0.2941,9.0613,0.0413,0.0363,0.0365,-0.0117272608971174,-0.0010701010259289,-0.0002695491866648,-0.003901653422223362,0.004046921785880203,-0.013800510153612923,-6.80966984896e-05,7.06321097344e-05,-0.0002408643406358,-21256935,-4170979,164191051,-1821848,1855607,-6649082,-1.2723347266708376,-0.24965412115692143,9.827662172174989,-0.42119949298095705,0.42900435578155516,-1.5372248218231201,61,f96cfe00,43.51592751922,-79.68295625183,162.3907,-37.1,SOL_COMPUTED,INS_PSRSP,good,1.248,0.9484,1.7848,28,25,0.0,0.0,1,1,0,0,0,0,1,0,0,—,—,0.0,0.0,0.0,0.0
2026-05-26 12:19:10.037690,1779812350.037690,2420,231568.0,INS_SOLUTION_GOOD,good,43.51602711629,-79.68310758794,161.5433,-37.1,0.213655177,-0.097815941,233.043306782,0.1251,0.1334,0.3597,5.155,-5.6526,0.1295,7.6502,0.0371,0.0295,0.0315,-0.014956596889138,-0.0017439265848712,0.0046485632937939,-0.009480512892732966,0.0016795835034198532,-0.008876838400459053,-0.0001654661647562,2.93142621969e-05,-0.0001549300572557,-28028300,-7386133,160288348,-4261179,1698252,-4270342,-1.6776350597839358,-0.44209729726837166,9.59406572213257,-0.9851570681533813,0.392624895904541,-0.9872754945831299,61,f968fe00,43.51598545272,-79.68304480849,162.4362,-37.1,SOL_COMPUTED,INS_PSRSP,good,1.2083,0.909,1.7781,29,26,0.0,0.0,1,1,0,0,0,0,1,0,0,—,—,0.0,0.0,0.0,0.0
2026-05-26 12:19:11.015207,1779812351.015207,2420,231569.0,INS_SOLUTION_GOOD,good,43.51607159935,-79.68316952658,161.6951,-37.1,0.30044591,0.157839245,231.637179938,0.1223,0.1274,0.3594,4.0555,-4.7215,0.1234,6.2241,0.0331,0.0262,0.0272,-0.0158421949968341,0.0068982424689863,-0.0003666538344876,-0.0028900061592155913,0.002265827586992833,0.04453428209888323,-5.04401228813e-05,3.95461516756e-05,0.0007772698526386,-28474595,10901654,162124490,-1846070,401263,19046699,-1.7043480655319216,0.6525189526312257,9.703968077749636,-0.42679946296691895,0.09276941443634033,4.403473814369201,61,f964fe00,43.51603791019,-79.68311876201,161.9376,-37.1,SOL_COMPUTED,INS_PSRSP,good,1.1735,0.8836,1.7456,28,25,0.0,0.0,1,1,0,0,0,0,1,0,0,—,—,0.0,0.0,0.0,0.0
2026-05-26 12:19:12.017492,1779812352.017492,2420,231570.0,INS_SOLUTION_GOOD,good,43.51610620959,-79.68322328161,161.874,-37.1,0.065439942,-0.052568513,222.366601342,0.117,0.1233,0.3587,3.0647,-4.6367,0.0987,5.5580,0.0319,0.0257,0.0241,-0.0049662004701185,0.0145428267456233,0.0001920162461324,-0.010101083149417097,-0.0016706202354106214,0.13222425232752485,-0.0001762971589753,-2.91578236584e-05,0.0023077485541064,-9488983,23042154,163117502,-4716797,-608515,56963236,-0.5679634712948609,1.3791890840093997,9.763404852223513,-1.0904930075912476,-0.14068473850250243,13.169532321990967,61,f960fe00,43.51608220508,-79.68318104805,162.087,-37.1,SOL_COMPUTED,INS_PSRSP,good,1.1436,0.8575,1.7113,29,26,0.0,0.0,1,1,0,0,0,0,1,0,0,—,—,0.0,0.0,0.0,0.0
2026-05-26 12:19:13.020111,1779812353.020111,2420,231571.0,INS_SOLUTION_GOOD,good,43.51612583935,-79.68328156487,162.0889,-37.1,0.090853755,-1.020426767,203.501358107,0.1156,0.1207,0.3618,1.1453,-5.0499,0.0332,5.1781,0.0309,0.0246,0.0223,-0.0038856342474648,0.0226421899825372,0.0028285835630072,-0.021220956403947968,0.0037587622062624365,0.223492183334802,-0.0003703755596716,6.56027762989e-05,0.0039006744516687,-6851540,32623705,168499450,-9904433,1699975,95687220,-0.4100992110656739,1.9526932167861941,10.085541573135377,-2.2898409515304565,0.3930232423782349,22.12226736190796,61,f95cfe00,43.5161153058,-79.68323699767,162.2724,-37.1,SOL_COMPUTED,INS_PSRSP,good,1.1179,0.8346,1.6883,29,26,0.0,0.0,1,1,0,0,0,0,1,0,0,—,—,0.0,0.0,0.0,0.0
2026-05-26 12:19:14.028370,1779812354.028370,2420,231572.0,INS_SOLUTION_GOOD,good,43.51612619179,-79.6833402042,162.2214,-37.1,0.063728731,-1.203888527,182.106743227,0.1188,0.1193,0.3691,-0.4547,-4.4651,0.0846,4.4882,0.0325,0.0274,0.0223,-0.0176118986861261,-0.0030247872414752,0.0095252075884536,0.10427407028009852,-0.039285505305800175,0.1952802670190665,0.0018199258508463,-0.0006856614158969,0.0034082836236613,-20414472,-11125494,178126049,46173399,-18759148,84131651,-1.2219090688403322,-0.6659169051214601,10.66174205582184,10.674991683174133,-4.336993880035401,19.450694429420473,61,f957fe00,43.51613116672,-79.68329861965,162.4867,-37.1,SOL_COMPUTED,INS_PSRSP,good,1.098,0.8134,1.6712,29,26,0.0,0.0,1,1,0,0,0,0,1,0,0,—,—,0.0,0.0,0.0,0.0
2026-05-26 12:19:15.020478,1779812355.020478,2420,231573.0,INS_SOLUTION_GOOD,good,43.51611417965,-79.68338642581,162.2487,-37.1,-3.028319868,-1.120542611,165.362283008,0.1216,0.1183,0.368,-2.143,-3.5174,0.2777,4.1188,0.0342,0.0262,0.0215,-0.0091880358728675,0.0241245580758785,-0.0052863020160224,-0.04737635192442752,0.05778707080622101,0.11979100817419226,-0.000826873328666,0.0010085746506531,0.0020907475069261,-8610943,34518230,152052138,-25843194,23382477,50615976,-0.515408350652771,2.0660900892913823,9.101087030747681,-5.9747795698699955,5.405877689598084,11.702086797546388,61,f953fe00,43.51612661094,-79.68335875216,162.6198,-37.1,SOL_COMPUTED,INS_PSRSP,good,1.0777,0.7961,1.6576,29,27,0.0,0.0,1,1,0,0,0,0,1,0,0,—,—,0.0,0.0,0.0,0.0
2026-05-26 12:19:16.040493,1779812356.040493,2420,231574.0,INS_SOLUTION_GOOD,good,43.51609535261,-79.68342897211,162.3605,-37.1,-1.674697922,-2.689077288,157.253737014,0.1283,0.1241,0.3759,-2.4283,-3.2759,0.0858,4.0778,0.0437,0.0337,0.0234,0.0042445304548155,-0.0027687929486686,-0.0015289686359071,-0.0035197382556452633,0.01676005261630314,0.06433364254407366,-6.14310213695e-05,0.0002925181009624,0.0011228338821968,9928059,-13069069,158479672,1048630,6863927,26177142,0.59424438349823,-0.7822496674124146,9.485807345085451,0.24243648445129395,1.5868955984573365,6.0519861909942625,61,f94ffe00,43.51611073742,-79.6834040667,162.7274,-37.1,SOL_COMPUTED,INS_PSRSP,good,1.0605,0.7815,1.6449,27,25,0.0,0.0,1,1,0,0,0,0,1,0,0,—,—,0.0,0.0,0.0,0.0
2026-05-26 12:19:17.032694,1779812357.032694,2420,231575.0,INS_SOLUTION_GOOD,good,43.51607759194,-79.6834761041,162.5935,-37.1,-2.289657267,-1.493581178,151.087456726,0.1398,0.1266,0.3819,-2.8425,-3.8505,0.2018,4.7860,0.0373,0.0441,0.0272,0.0081152297187673,0.0076002398012589,0.002148118845227,0.008100961260996284,-0.010236850690171311,0.06263640060967597,0.0001413884465811,-0.0001786667495788,0.0010932114222386,18253657,8162852,167550021,3223668,-4034537,26372718,1.092573397333069,0.48858784525024423,10.028713460935364,0.7452912247009278,-0.9327589012985229,6.097202099258423,61,f94bfe00,43.51609000271,-79.68344584114,162.8035,-37.1,SOL_COMPUTED,INS_PSRSP,good,1.0494,0.7706,1.6386,30,28,0.0,0.0,1,1,0,0,0,0,1,0,0,—,—,0.0,0.0,0.0,0.0
2026-05-26 12:19:18.024378,1779812358.024378,2420,231576.0,INS_SOLUTION_GOOD,good,43.51604793631,-79.68353152717,162.9216,-37.1,-1.145375487,-2.024178982,146.546318228,0.1365,0.1313,0.3889,-3.579,-4.2332,0.2053,5.5434,0.0371,0.0392,0.0297,0.0005649077481388,0.0063353087685825,0.0016514689815968,-0.012346093205546669,0.0298334831773818,0.04294735322565133,-0.0002154799761952,0.0005206925087844,0.0007495727188057,2672986,2752793,163836432,-5877126,13748232,17605738,0.15999168796936036,0.16476853926666263,9.806436437211916,-1.3587535795440673,3.1785024589233397,4.070332936203003,61,f947fe00,43.51607104526,-79.6834920859,163.053,-37.1,SOL_COMPUTED,INS_PSRSP,good,1.0305,0.7668,1.6326,30,28,0.0,0.0,1,1,0,0,0,0,1,0,0,—,—,0.0,0.0,0.0,0.0
2026-05-26 12:19:19.026764,1779812359.026764,2420,231577.0,INS_SOLUTION_GOOD,good,43.51601504734,-79.68358508665,162.9777,-37.1,0.629859718,-2.626073741,142.61125293,0.1262,0.1249,0.3914,-3.8346,-4.0346,0.0362,5.5662,0.0296,0.0257,0.0257,1.1545819546e-06,0.0048326538778859,0.0009543538784708,-0.006056286930633049,0.005851815150960701,0.034559214085434525,-0.0001057021473852,0.0001021334416025,0.0006031720726933,-1709386,-2911046,166774833,-3309760,1993520,14385912,-0.10231536997619631,-0.1742407791497803,9.982314551022036,-0.7651951391601562,0.46088895080566405,3.3259299570922853,61,f943fe00,43.51604042068,-79.68354681668,163.351,-37.1,SOL_COMPUTED,INS_PSRSP,good,1.0173,0.7598,1.6324,28,27,0.0,0.0,1,1,0,0,0,0,1,0,0,—,—,0.0,0.0,0.0,0.0
2026-05-26 12:19:20.026779,1779812360.026779,2420,231578.0,INS_SOLUTION_GOOD,good,43.51598064159,-79.68363292785,163.0162,-37.1,0.227434854,-2.671431703,140.219714614,0.1166,0.1173,0.3953,-3.9816,-3.8787,0.0782,5.5585,0.0285,0.0249,0.0227,-0.0014756041495851,0.0014361340754806,0.0016078388207104,0.012064586173725666,-0.0008734086253043346,0.022014667374984,0.0002105667516224,-1.52438562269e-05,0.0003842284294254,-3197086,-4775810,166645202,5527739,-713737,8636865,-0.19136171522155765,-0.28585630576477056,9.974555482136843,1.2779775613174438,-0.16501138542938232,1.9967874152755738,61,f93efe00,43.51600669936,-79.68359973635,163.3607,-37.1,SOL_COMPUTED,INS_PSRSP,good,1.0001,0.7392,1.6177,30,29,0.0,0.0,1,1,0,0,0,0,1,0,0,—,—,0.0,0.0,0.0,0.0
2026-05-26 12:19:21.030800,1779812361.030800,2420,231579.0,INS_SOLUTION_GOOD,good,43.51594350298,-79.68368436012,163.0865,-37.1,0.50417373,-1.625263115,137.911522721,0.0977,0.1008,0.3958,-4.1373,-3.8942,0.064,5.6817,0.0269,0.023,0.0211,0.0002222670165197,0.0011346074025033,-0.0010849667941596,0.012128889811048878,0.001374871677160401,0.025299535656570785,0.0002116890618147,2.39960375589e-05,0.0004415601964335,-1042459,-3728876,166206309,5575203,772920,9969637,-0.06239642671112061,-0.22319202774291996,9.948285523406069,1.2889509316177368,0.1786941128540039,2.304915695274353,61,f93afe00,43.51597186883,-79.68364705551,163.4099,-37.1,SOL_COMPUTED,INS_PSRSP,good,0.9851,0.7241,1.6052,29,28,0.0,0.0,1,1,0,0,0,0,1,0,0,—,—,0.0,0.0,0.0,0.0
2026-05-26 12:19:22.022382,1779812362.022382,2420,231580.0,INS_SOLUTION_GOOD,good,43.51590669069,-79.68372815625,163.1652,-37.1,1.814550987,-1.231424772,136.562095469,0.0855,0.0877,0.3971,-4.1628,-3.6046,-0.0117,5.5065,0.0244,0.0213,0.0212,-0.0042788423630167,0.0024192250080446,-0.002798790924804,0.008133967188247026,0.02393934329242865,0.00470034411944003,0.0001419645086843,0.0004178203612187,8.20364808611e-05,-12935422,-647537,159788026,2612609,9401641,1075138,-0.7742502206805421,-0.038758354010314945,9.564118928057253,0.604018329826355,2.1735986879196165,0.24856496287536622,61,f936fe00,43.51593435904,-79.68369806906,163.4727,-37.1,SOL_COMPUTED,INS_PSRSP,good,0.9709,0.7103,1.5928,30,29,0.0,0.0,1,1,0,0,0,0,1,0,0,—,—,0.0,0.0,0.0,0.0
2026-05-26 12:19:23.020590,1779812363.020590,2420,231581.0,INS_SOLUTION_GOOD,good,43.51586999868,-79.68377497521,163.0401,-37.1,2.350164806,-2.346543783,136.033116574,0.0801,0.0822,0.3967,-4.2012,-3.6058,-0.138,5.5364,0.0226,0.0195,0.0203,0.0015307941327798,0.0040423169216864,-0.0022111317121528,-0.036578464586999135,0.0007600204428891356,0.004405962912935773,-0.0006384146423682,1.32648591109e-05,7.68985595516e-05,-4775107,-2457918,162163991,-16460874,719581,1165136,-0.2858142276705933,-0.14711878390319827,9.70633241174408,-3.8056477723846434,0.16636248049163818,0.26937191931152343,61,f932fe00,43.5158972858,-79.68374166969,163.5176,-37.1,SOL_COMPUTED,INS_PSRSP,good,0.9578,0.6979,1.5818,31,30,0.0,0.0,1,1,0,0,0,0,1,0,0,—,—,0.0,0.0,0.0,0.0
2026-05-26 12:19:24.027654,1779812364.027654,2420,231582.0,INS_SOLUTION_GOOD,good,43.51583364588,-79.6838197508,162.9946,-37.1,0.495885766,-2.291671801,134.959411114,0.0802,0.0816,0.3996,-4.01,-3.5991,0.1102,5.3883,0.0221,0.0198,0.0201,-0.0015695837696025,-0.0082615203385608,0.008266863396712,0.022417472594237424,0.02645356873197795,0.01845515185618878,0.0003912587067456,0.0004617018732763,0.0003221031638465,-3107198,-23470325,174886793,11601176,12916748,7826995,-0.18598146525085452,-1.4048172769851686,10.467856253500063,2.6821169763793944,2.9862687274475097,1.8095507010269165,61,f92efe00,43.51586044015,-79.68378834178,163.3779,-37.1,SOL_COMPUTED,INS_PSRSP,good,0.9464,0.6872,1.5726,29,28,0.0,0.0,1,1,0,0,0,0,1,0,0,—,—,0.0,0.0,0.0,0.0
2026-05-26 12:19:25.028765,1779812365.028765,2420,231583.0,INS_SOLUTION_GOOD,good,43.51579657384,-79.68386102534,163.0919,-37.1,1.037365618,-1.584662752,133.437472743,0.0786,0.0806,0.4023,-3.9819,-3.1827,0.0275,5.0976,0.0228,0.0203,0.0196,-0.0049367156027299,0.0023672531940131,-0.0035515007695325,-0.002734613620678976,0.0014973699283272748,0.011945124473206148,-4.77280114508e-05,2.61340353697e-05,0.0002084817516183,-12200156,-3195315,158565772,-1267848,185929,4022507,-0.730240843734131,-0.1912557119430542,9.490960864158938,-0.29311827044677735,0.04298558415985108,0.9299776429824829,61,f92afe00,43.51582397244,-79.68383275359,163.3813,-37.1,SOL_COMPUTED,INS_PSRSP,good,0.9359,0.6773,1.5652,28,27,0.0,0.0,1,1,0,0,0,0,1,0,0,—,—,0.0,0.0,0.0,0.0
2026-05-26 12:19:26.029484,1779812366.029484,2420,231584.0,INS_SOLUTION_GOOD,good,43.51576279461,-79.68389876938,163.1652,-37.1,1.141454113,-1.750573076,132.806222155,0.0802,0.0829,0.402,-3.7942,-2.943,-0.0249,4.8018,0.0231,0.0193,0.0199,-0.0016606656445938,0.0037938649638466,-0.0012107522180251,-0.013115003562205511,0.001275352758130495,0.004594034215037915,-0.0002288999935716,2.22591047538e-05,8.01810230018e-05,-5875447,-295639,161292461,-6277562,721454,893594,-0.35167512403900153,-0.017695484615173344,9.654166947422182,-1.4513317969207764,0.1667955059967041,0.20659316239929199,61,f926fe00,43.51578666103,-79.68387374764,163.4645,-37.1,SOL_COMPUTED,INS_PSRSP,good,0.9272,0.6687,1.5601,29,28,0.0,0.0,1,1,0,0,0,0,1,0,0,—,—,0.0,0.0,0.0,0.0
2026-05-26 12:19:27.025471,1779812367.025471,2420,231585.0,INS_SOLUTION_GOOD,good,43.51572984025,-79.68393643852,163.1653,-37.1,1.744090696,-2.279414391,132.567938823,0.0828,0.0852,0.4041,-3.5612,-2.9244,-0.0274,4.6081,0.0235,0.0201,0.0202,-0.0041329554370147,-0.0014626439213468,0.0012067420452063,0.0022564611390568368,0.005576654847367239,-0.001171419923507765,3.93826763199e-05,9.7330988334e-05,-2.04451345887e-05,-12116307,-10248948,165575003,956054,2373491,-1205962,-0.7252220583590699,-0.6134512079113771,9.910498676574404,0.22103351106262206,0.5487357923355103,-0.27881062687683106,61,f922fe00,43.51575277032,-79.68391133744,163.5351,-37.1,SOL_COMPUTED,INS_PSRSP,good,0.9205,0.6612,1.5581,29,28,0.0,0.0,1,1,0,0,0,0,1,0,0,—,—,0.0,0.0,0.0,0.0
2026-05-26 12:19:28.038756,1779812368.038756,2420,231586.0,INS_SOLUTION_GOOD,good,43.51570011427,-79.68397074422,163.1496,-37.1,1.172306537,-2.919381012,134.236068366,0.0869,0.0892,0.4079,-3.0146,-2.7156,0.0037,4.0574,0.0243,0.0211,0.0207,-0.0053004422733311,-0.001493812522827,0.0004217610282388,0.012091921664118332,-0.03240351086592714,-0.024522556509513863,0.0002110438459324,-0.000565547953817,-0.000427999352098,-14380911,-9837149,164929911,5866244,-13870546,-11542799,-0.860770024768982,-0.5888029616751099,9.871886668140565,1.3562377314147949,-3.206780665878296,-2.6686205909500123,61,f91efe00,43.51571973507,-79.6839489552,163.5191,-37.1,SOL_COMPUTED,INS_PSRSP,good,0.9159,0.6556,1.5591,27,26,0.0,0.0,1,1,0,0,0,0,1,0,0,—,—,0.0,0.0,0.0,0.0
2026-05-26 12:19:29.022427,1779812369.022427,2420,231587.0,INS_SOLUTION_GOOD,good,43.51567479304,-79.68400362432,163.3811,-37.1,0.075837988,-1.818902429,134.389465178,0.0894,0.0916,0.4116,-2.6107,-2.2879,0.0819,3.4713,0.0253,0.0227,0.0211,-0.0100637705930632,0.0029656780675315,-0.0009411676754904,0.011109655117466132,0.009457374453654039,0.019635165184071584,0.0001939000605611,0.0001650623228105,0.0003426982816355,-16856037,-2190959,162149137,4545988,4001892,7894499,-1.0089187942263795,-0.13113994187835695,9.705443324957582,1.0510030697937012,0.9252115881042481,1.8251571899185182,61,f919fe00,43.51569027261,-79.68398358713,163.5183,-37.1,SOL_COMPUTED,INS_PSRSP,good,0.9137,0.6525,1.5632,27,26,0.0,0.0,1,1,0,0,0,0,1,0,0,—,—,0.0,0.0,0.0,0.0
2026-05-26 12:19:30.020889,1779812370.020889,2420,231588.0,INS_SOLUTION_GOOD,good,43.51565404262,-79.68402651814,163.443,-37.1,0.240464903,-1.537629982,132.211685977,0.0973,0.0984,0.4144,-2.0967,-1.6222,0.0186,2.6510,0.0266,0.0245,0.0221,-0.001833953694259,-0.0012570664328867,0.0010329652378433,-0.0034923558839092014,-0.00134332645290142,0.013699127950531437,-6.09531088257e-05,-2.34454695323e-05,0.0002390948873891,-4582781,-8649852,164885965,-1165533,-342299,5228337,-0.274302546958313,-0.5177372504626465,9.869256278486635,-0.2694637031478882,-0.07913731839752197,1.2087577523117066,61,f916fe00,43.51566506211,-79.68401649432,163.7789,-37.1,SOL_COMPUTED,INS_PSRSP,good,0.9125,0.6497,1.569,30,29,0.0,0.0,1,1,0,0,0,0,1,0,0,—,—,0.0,0.0,0.0,0.0
2026-05-26 12:19:31.025236,1779812371.025236,2420,231589.0,INS_SOLUTION_GOOD,good,43.51563649447,-79.68404621922,163.5052,-37.1,0.077187317,-1.241337432,130.135067155,0.0955,0.0976,0.4166,-2.317,-1.8767,0.0251,2.9817,0.0265,0.0227,0.0213,0.0105936490797013,-0.0016010006831715,-0.0007958150167031,0.0014820531113373485,0.003273755290437517,0.002624463410258766,2.58667064823e-05,5.71378087228e-05,4.58055276072e-05,17234780,-6542458,162648407,248127,930146,-27445,1.0315884722106936,-0.3915990951275635,9.735327151529237,0.05736536011505127,0.2150437487640381,-0.006345106773376465,61,f911fe00,43.51564396829,-79.68403889945,163.8365,-37.1,SOL_COMPUTED,INS_PSRSP,good,0.9101,0.6471,1.5738,30,29,0.0,0.0,1,1,0,0,0,0,1,0,0,—,—,0.0,0.0,0.0,0.0
2026-05-26 12:19:32.020536,1779812372.020536,2420,231590.0,INS_SOLUTION_GOOD,good,43.51561141131,-79.68407563003,163.568,-37.1,1.115023285,-1.635868902,135.322114861,0.0958,0.0979,0.4189,-2.8079,-2.9778,-0.0046,4.0929,0.0263,0.0228,0.0211,0.0110490522110911,-0.0070476440495336,-0.0036224281054812,-0.002938413311827821,0.019656247604484752,-0.09720583240956156,-5.12849870759e-05,0.000343066239286,-0.0016965618276911,13510715,-19160175,157916714,-1588402,8711734,-43138334,0.8086844070724488,-1.1468330698471072,9.452111470630495,-0.3672282852630615,2.014096644607544,-9.97330425416565,61,f90dfe00,43.51562611941,-79.6840580997,163.9032,-37.1,SOL_COMPUTED,INS_PSRSP,good,0.9075,0.6449,1.5785,29,28,0.0,0.0,1,1,0,0,0,0,1,0,0,—,—,0.0,0.0,0.0,0.0
2026-05-26 12:19:33.024319,1779812373.024319,2420,231591.0,INS_SOLUTION_GOOD,good,43.51558625603,-79.68411937182,163.5377,-37.1,1.382841864,-2.275113679,146.068640815,0.0964,0.0994,0.4157,-2.6754,-4.2148,-0.0406,4.9922,0.0316,0.026,0.0218,0.0141254039271379,-0.0089272959461438,-0.0007273121732443,0.001233804683091338,0.0003775477134564144,-0.09588612042204703,2.15339540465e-05,6.5894506832e-06,-0.0016735285083309,19767485,-22711184,162152187,-9734,1164237,-41694565,1.1831836351028444,-1.3593788609228517,9.70562588283417,-0.002250437942504883,0.2691640763168335,-9.639514184532166,61,f909fe00,43.51560180376,-79.6840887962,163.9384,-37.1,SOL_COMPUTED,INS_PSRSP,good,0.9055,0.6433,1.5843,28,27,0.0,0.0,1,1,0,0,0,0,1,0,0,—,—,0.0,0.0,0.0,0.0
2026-05-26 12:19:34.014430,1779812374.014430,2420,231592.0,INS_SOLUTION_GOOD,good,43.51555703139,-79.68417537271,163.5462,-37.1,1.656537187,-2.5566483,147.213270783,0.0943,0.0974,0.3929,-3.394,-4.8265,-0.0029,5.9004,0.0293,0.0234,0.0226,0.0058118209770344,0.005992002983922,0.0017283631699137,-0.029790209357543167,0.005627259467280044,0.04756236138573608,-0.0005199372381483,9.82142055682e-05,0.0008301198062057,2803385,-1945811,166153193,-12561971,2184475,19931580,0.16779672552642824,-0.11646659816375735,9.945106263021547,-2.9042465760269165,0.505036513710022,4.608052587432861,61,f905fe00,43.51557856511,-79.6841347582,163.9011,-37.1,SOL_COMPUTED,INS_PSRSP,good,0.9069,0.6443,1.5937,27,26,0.0,0.0,1,1,0,0,0,0,1,0,0,—,—,0.0,0.0,0.0,0.0
2026-05-26 12:19:35.021257,1779812375.021257,2420,231593.0,INS_SOLUTION_GOOD,good,43.51552358741,-79.68423427945,163.6076,-37.1,0.652346463,-2.995854092,140.702410881,0.097,0.1017,0.3822,-4.239,-4.8796,0.0573,6.4637,0.0277,0.0251,0.0233,0.0049585934945581,0.006144880739733,-0.0027713648770079,-0.017953010393030863,0.0022542880442177624,0.07099175727492736,-0.0003133391420036,3.934474866e-05,0.0012390399062259,5341774,-4787964,160988025,-6968599,132612,29670971,0.31973210447448736,-0.286583783939209,9.635944918006897,-1.611095088935852,0.03065903805541992,6.859736894325256,61,f901fe00,43.5155495418,-79.68419097149,163.9022,-37.1,SOL_COMPUTED,INS_PSRSP,good,0.9081,0.6447,1.6039,27,26,0.0,0.0,1,1,0,0,0,0,1,0,0,—,—,0.0,0.0,0.0,0.0
2026-05-26 12:19:36.024726,1779812376.024726,2420,231594.0,INS_SOLUTION_GOOD,good,43.51548102108,-79.68429199829,163.6411,-37.1,1.091995785,-2.753063324,134.21682122,0.0999,0.1052,0.3845,-5.1091,-4.6513,0.0361,6.9092,0.028,0.0263,0.0229,0.0002776324470703,0.0068248390214005,-0.0031778108674057,-0.002447890277758172,0.006296944085539177,0.06676439497251442,-4.27237450745e-05,0.0001099024071068,0.001165258515374,-3432716,1610208,155588206,-607446,2640476,27833079,-0.2054653586511231,0.0963790666699219,9.312738527648317,-0.14043759260559083,0.6104610002746582,6.434828132148743,61,f8fdfe00,43.51551487314,-79.68424852247,163.9901,-37.1,SOL_COMPUTED,INS_PSRSP,good,0.9104,0.6465,1.6163,27,26,0.0,0.0,1,1,0,0,0,0,1,0,0,—,—,0.0,0.0,0.0,0.0
2026-05-26 12:19:37.013788,1779812377.013788,2420,231595.0,INS_SOLUTION_GOOD,good,43.51543379276,-79.68434367612,163.631,-37.1,1.27514671,-2.963372585,129.339823294,0.1031,0.1056,0.3804,-5.3007,-4.012,0.0006,6.6478,0.0278,0.0253,0.0237,-0.0021432918211355,-0.0009537501762565,0.0009550098125843,-0.004382756004265871,0.0004996475040181017,0.035485892501801855,-7.64935225861e-05,8.7204940445e-06,0.0006193456621661,-5876475,-12460209,159211932,-1028868,-574036,14256457,-0.3517366550216675,-0.7458063268423463,9.529636797777101,-0.23786763766479493,-0.13271341635131836,3.296000797050476,61,f8f9fe00,43.51547118562,-79.6843048405,164.0121,-37.1,SOL_COMPUTED,INS_PSRSP,good,0.9113,0.6482,1.6274,28,27,0.0,0.0,1,1,0,0,0,0,1,0,0,—,—,0.0,0.0,0.0,0.0
2026-05-26 12:19:38.023327,1779812378.023327,2420,231596.0,INS_SOLUTION_GOOD,good,43.51538705637,-79.68439071486,163.7905,-37.1,1.769620273,-2.72470312,126.763925415,0.1039,0.1032,0.3763,-4.8838,-3.3359,-0.0152,5.9144,0.0279,0.0243,0.0227,-0.0112068777862525,0.0060567968193171,-0.0015988681100657,-0.01693232472822472,0.00473355051849264,0.02524650080053769,-0.0002955248165248,8.26160418573e-05,0.0004406345635774,-25659606,-884794,166848975,-7691518,1327384,10000974,-1.535856782103882,-0.052959381592407234,9.986752323509219,-1.77822929347229,0.30688260919189453,2.3121606073150636,61,f8f5fe00,43.51542318384,-79.68435532138,163.9971,-37.1,SOL_COMPUTED,INS_PSRSP,good,0.912,0.6493,1.6375,28,27,0.0,0.0,1,1,0,0,0,0,1,0,0,—,—,0.0,0.0,0.0,0.0
2026-05-26 12:19:39.019700,1779812379.019700,2420,231597.0,INS_SOLUTION_GOOD,good,43.51534627471,-79.68442607123,163.8683,-37.1,1.564861363,-3.155452445,124.496248025,0.099,0.0989,0.375,-4.138,-2.5245,-0.0624,4.8473,0.0272,0.0251,0.0227,-0.0043585603978992,0.0050139494293958,-0.0022294437878169,-0.007764432687056435,0.003877041016884453,0.023354961001291846,-0.0001355149149388,6.76671309796e-05,0.000407620966148,-14376868,-1482797,161707087,-3877488,2527417,9385151,-0.8605280308361818,-0.08875287597686769,9.67898440386078,-0.8964501866455078,0.5843224895553589,2.169786306404114,61,f8f1fe00,43.51537606754,-79.68440173999,164.1436,-37.1,SOL_COMPUTED,INS_PSRSP,good,0.9118,0.6497,1.6476,28,27,0.0,0.0,1,1,0,0,0,0,1,0,0,—,—,0.0,0.0,0.0,0.0
2026-05-26 12:19:40.028644,1779812380.028644,2420,231598.0,INS_SOLUTION_GOOD,good,43.51531134733,-79.68445451284,163.8282,-37.1,1.774259923,-3.006270643,116.949483527,0.0948,0.0972,0.3693,-3.9476,-1.7159,-0.0352,4.3044,0.0284,0.0265,0.0242,0.0030783599519765,0.0049774966040158,0.0030198142398336,-0.02771379820691142,-0.006123399455342062,0.11021560652606227,-0.0004836970269446,-0.0001068734819107,0.0019236252209651,222036,-2535765,167575996,-10987897,-1792361,46898800,0.01328997399536133,-0.15177831931915287,10.03026819563843,-2.540330831840515,-0.41438228899383545,10.842699710083007,61,f8edfe00,43.51533497034,-79.68443644864,164.2267,-37.1,SOL_COMPUTED,INS_PSRSP,good,0.9127,0.6518,1.6626,28,27,0.0,0.0,1,1,0,0,0,0,1,0,0,—,—,0.0,0.0,0.0,0.0
2026-05-26 12:19:41.019669,1779812381.019669,2420,231599.0,INS_SOLUTION_GOOD,good,43.5152750157,-79.68446914333,163.8737,-37.1,2.080904925,-2.838568986,103.412570936,0.0948,0.0979,0.3615,-4.1237,-0.8235,-0.1149,4.2051,0.027,0.0243,0.0271,0.0006662816408571,0.005504444943074,2.47958350412e-05,0.004644613473999512,-0.019981306811296826,0.11724030203392295,8.10637976039e-05,-0.0003487395927088,0.0020462292865275,-4960111,878269,161217331,2141265,-8329588,48766607,-0.29688764976898196,0.052568827446594246,9.649670038153992,0.49504664073944094,-1.9257469571228027,11.274524627082824,61,f8e9fe00,43.51529914256,-79.6844627796,164.181,-37.1,SOL_COMPUTED,INS_PSRSP,good,0.9166,0.654,1.6832,24,23,0.0,0.0,1,1,0,0,0,0,1,0,0,—,—,0.0,0.0,0.0,0.0
2026-05-26 12:19:42.026161,1779812382.026161,2420,231600.0,INS_SOLUTION_GOOD,good,43.51523681821,-79.68447785617,163.9291,-37.1,1.312632823,-3.516652578,102.544512299,0.0961,0.0991,0.3624,-4.1034,-1.0291,-0.0071,4.2305,0.0291,0.0276,0.0298,-0.0030232929961601,-0.0062208817297669,0.00134718724736,0.01700703692705529,-0.0058733367825365345,-0.0742604564562096,0.0002968287903858,-0.0001025090649339,-0.0012960894691966,-6617156,-18290638,164088992,6016720,-3388032,-33138232,-0.39607014701782234,-1.094786896622925,9.821553426494143,1.3910268109130859,-0.7832911201171875,-7.661345247619629,61,f8e5fe00,43.51526172909,-79.68447327995,164.2186,-37.1,SOL_COMPUTED,INS_PSRSP,good,0.9191,0.6564,1.7042,27,26,0.0,0.0,1,1,0,0,0,0,1,0,0,—,—,0.0,0.0,0.0,0.0
2026-05-26 12:19:43.069882,1779812383.069882,2420,231601.0,INS_SOLUTION_GOOD,good,43.51520076528,-79.68449767981,163.9737,-37.1,1.165375999,-2.535157064,113.865948036,0.0908,0.0945,0.3639,-3.6986,-1.9295,0.0237,4.1716,0.0301,0.0278,0.0293,-0.003078251219477,-0.0073763649717969,-0.0009933757412147,0.007508543700534819,0.005911935622711203,-0.12345629346253029,0.0001310488096044,0.0001031827417824,-0.0021547188032326,-10359243,-21254953,161002106,2907214,1742510,-54149015,-0.6200529197140504,-1.272216093978577,9.636787736846316,0.6721291034088135,0.40285705970764163,-12.51890259967804,61,f8e1fe00,43.51522351889,-79.68448163871,164.294,-37.1,SOL_COMPUTED,INS_PSRSP,good,0.9261,0.6631,1.7318,25,24,0.0,0.0,1,1,0,0,0,0,1,0,0,—,—,0.0,0.0,0.0,0.0
2026-05-26 12:19:44.020095,1779812384.020095,2420,231602.0,INS_SOLUTION_GOOD,good,43.51517025958,-79.68452529095,164.0513,-37.1,0.661882221,-2.115240383,126.136394147,0.084,0.0872,0.3617,-3.0848,-2.5979,0.0196,4.0330,0.0333,0.029,0.0288,-0.0013826296176893,-0.0077225553218005,-9.650160147e-07,0.0031697332627643516,0.004275163662153255,-0.11595709078102746,5.53222818453e-05,7.46156819663e-05,-0.0020238330251658,-4740427,-20446070,163795161,1325074,2138899,-50603567,-0.28373845483123783,-1.2238003684417726,9.803966159794008,0.30634855210876466,0.49449963681793213,-11.699217916877746,61,f8ddfe00,43.515188295,-79.68450504082,164.3427,-37.1,SOL_COMPUTED,INS_PSRSP,good,0.9368,0.6701,1.7632,26,24,0.0,0.0,1,1,0,0,0,0,1,0,0,—,—,0.0,0.0,0.0,0.0
2026-05-26 12:19:45.040520,1779812385.040520,2420,231603.0,INS_SOLUTION_GOOD,good,43.5151425408,-79.68455776858,164.0913,-37.1,1.227074336,-1.706059925,132.990892029,0.0787,0.0802,0.3487,-2.8104,-2.8416,0.0228,3.9966,0.0314,0.0268,0.0281,-0.0009484721426974,-0.0027268646160228,0.0011411679568453,0.012930887637005523,0.010557664697997848,-0.041265369469771836,0.0002256865644715,0.0001842660103019,-0.0007202165643005,-6587790,-9821559,164898511,5498448,4609069,-18493507,-0.3943124438690186,-0.587869821578064,9.870007219837342,1.2712056712646485,1.0655869896469117,-4.2755793962173465,61,f8d9fe00,43.51515924841,-79.68453612286,164.4337,-37.1,SOL_COMPUTED,INS_PSRSP,good,0.9535,0.6802,1.798,24,22,0.0,0.0,1,1,0,0,0,0,1,0,0,—,—,0.0,0.0,0.0,0.0
2026-05-26 12:19:46.024564,1779812386.024564,2420,231604.0,INS_SOLUTION_GOOD,good,43.51511780496,-79.68459266887,164.0536,-37.1,1.992049266,-1.588744643,134.158626882,0.0727,0.073,0.3371,-2.7631,-2.837,-0.0477,3.9602,0.0271,0.0237,0.0269,-0.0003162868888662,-0.0008293794045383,-0.0024899007838877,-0.0033694791668057466,0.01126970868844731,0.012225484831998144,-5.88085055382e-05,0.0001966935223543,0.0002133749629713,-6958526,-6919108,160942767,-1522063,4838584,4584389,-0.4165028625360108,-0.4141434965100098,9.633235998538515,-0.3518911368484497,1.1186493755493163,1.0598811330184936,61,f8d5fe00,43.51513254308,-79.68457038694,164.4589,-37.1,SOL_COMPUTED,INS_PSRSP,good,0.9673,0.69,1.8265,23,21,0.0,0.0,1,1,0,0,0,0,1,0,0,—,—,0.0,0.0,0.0,0.0
2026-05-26 12:19:47.018506,1779812387.018506,2420,231605.0,INS_SOLUTION_GOOD,good,43.51509308121,-79.68462489899,163.9415,-37.1,2.143094562,-2.423597349,132.963294951,0.0685,0.0691,0.3355,-2.8123,-2.7134,-0.0783,3.9079,0.0238,0.0205,0.0248,0.0010968191074414,0.0034781982099998,-0.0001900775167311,-0.012647088028310889,-0.004392971042030008,0.01142365317083801,-0.0002207333268839,-7.66718086283e-05,0.0001993803604373,-5393102,-1105983,164318452,-6288131,-1675976,3989793,-0.32280434404479985,-0.06619865836761475,9.835287764317629,-1.4537752814712523,-0.3874748285522461,0.9224143774337769,61,f8d1fe00,43.51510797511,-79.68460561903,164.4011,-37.1,SOL_COMPUTED,INS_PSRSP,good,0.9758,0.6979,1.8473,24,22,0.0,0.0,1,1,0,0,0,0,1,0,0,—,—,0.0,0.0,0.0,0.0
2026-05-26 12:19:48.020391,1779812388.020391,2420,231606.0,INS_SOLUTION_GOOD,good,43.51506654588,-79.68465738947,163.887,-37.1,1.57066574,-3.273825326,131.602668825,0.0662,0.0669,0.3362,-2.8325,-2.6479,-0.0275,3.8774,0.0223,0.0195,0.024,-0.0021261837393827,0.0008690155266684,-0.000918577967494,0.0045267430852321015,-0.017300921943508865,0.015124687921123457,7.90065712293e-05,-0.0003019580515452,0.0002639756025606,-8487262,-7681037,163606634,1898325,-7696280,5805045,-0.5080054192645265,-0.4597487884280396,9.7926818683844,0.43888048152923587,-1.779330237121582,1.3420889178085327,61,f8cdfe00,43.51508302101,-79.68463752797,164.2849,-37.1,SOL_COMPUTED,INS_PSRSP,good,0.9776,0.7024,1.8544,25,23,0.0,0.0,1,1,0,0,0,0,1,0,0,—,—,0.0,0.0,0.0,0.0
2026-05-26 12:19:49.021207,1779812389.021207,2420,231607.0,INS_SOLUTION_GOOD,good,43.5150406029,-79.68468770927,163.9255,-37.1,0.316256518,-2.326539109,126.673141374,0.0734,0.0747,0.3362,-2.9683,-2.2604,0.0401,3.7310,0.0233,0.0193,0.0234,-0.0014123793629436,0.0035693988969779,0.0032805073681825,0.010412430550142944,0.003934245579820514,0.0919173696076978,0.0001817311962355,6.866553895e-05,0.0016042607394292,-4373420,-1308460,169103987,4369159,1753055,39328067,-0.2617712356140137,-0.07831792760620118,10.121726160361025,1.0101213468704224,0.4052949956130981,9.092395128639222,61,f8c9fe00,43.51505625777,-79.68466960225,164.2451,-37.1,SOL_COMPUTED,INS_PSRSP,good,0.9804,0.7065,1.8658,26,24,0.0,0.0,1,1,0,0,0,0,1,0,0,—,—,0.0,0.0,0.0,0.0
2026-05-26 12:19:50.024453,1779812390.024453,2420,231608.0,INS_SOLUTION_GOOD,good,43.51501137729,-79.68470879638,163.9894,-37.1,0.778014575,-1.518707632,113.493165523,0.0837,0.0847,0.3388,-3.3307,-1.3089,0.0179,3.5787,0.0247,0.0213,0.0238,-0.0015850190500464,0.008923012478697,0.0016878157560622,0.010811723922767436,-0.004864271032956586,0.16973638281589795,0.0001887001802692,-8.48975452346e-05,0.0029624587405672,-5623754,10674917,165378869,4635306,-2194186,72896085,-0.33661002907775883,0.6389476000857545,9.898759067864075,1.0716528146209716,-0.5072816342010498,16.85310412410736,61,f8c5fe00,43.51502967316,-79.68469864716,164.3169,-37.1,SOL_COMPUTED,INS_PSRSP,good,0.9839,0.7075,1.8735,27,25,0.0,0.0,1,1,0,0,0,0,1,0,0,—,—,0.0,0.0,0.0,0.0
2026-05-26 12:19:51.030960,1779812391.030960,2420,231609.0,INS_SOLUTION_GOOD,good,43.51498071675,-79.68471522188,164.0831,-37.1,0.766388668,-1.219412006,94.238542975,0.0943,0.0962,0.343,-3.4557,0.0421,0.0173,3.4560,0.0271,0.0224,0.0238,-0.0016593070423998,0.0145036276800683,0.0011494252867411,-0.0036909230867756483,-0.003871752386622032,0.2042756149496405,-6.44187603022e-05,-6.75748269686e-05,0.0035652820624125,-6321183,19842688,166089041,-2203354,-1857197,87261843,-0.37835467081878665,1.1876849137890626,9.941266442398987,-0.5094012165985108,-0.4293719535140991,20.174374606544493,61,f8c1fe00,43.51499891559,-79.68471610377,164.3689,-37.1,SOL_COMPUTED,INS_PSRSP,good,0.9868,0.7085,1.8869,26,24,0.0,0.0,1,1,0,0,0,0,1,0,0,—,—,0.0,0.0,0.0,0.0
2026-05-26 12:19:52.016258,1779812392.016258,2420,231610.0,INS_SOLUTION_GOOD,good,43.51495104173,-79.68470799563,164.0779,-37.1,1.628409972,-1.40611929,73.594612751,0.1053,0.1066,0.3463,-3.2445,1.1937,-0.0309,3.4571,0.0319,0.0286,0.0246,0.0032989518097027,0.0107135855320214,-0.0003038089028111,0.012342431695913062,0.014844667318666445,0.20978930412546795,0.0002154160707965,0.0002590883210743,0.0036615140924624,-1079350,16417728,164651819,4692093,6559307,89444957,-0.06460453904724121,0.9826837908398439,9.85524145993866,1.08478160231781,1.516469421546936,20.6790964658432,61,f8bdfe00,43.51496720031,-79.68471649669,164.4629,-37.1,SOL_COMPUTED,INS_PSRSP,good,0.9886,0.709,1.894,27,25,0.0,0.0,1,1,0,0,0,0,1,0,0,—,—,0.0,0.0,0.0,0.0
2026-05-26 12:19:53.017188,1779812393.017188,2420,231611.0,INS_SOLUTION_GOOD,good,43.51492309398,-79.68468673824,164.1265,-37.1,1.978152498,-1.916414001,57.02004745,0.1095,0.1137,0.3474,-3.0778,2.1807,-0.0513,3.7720,0.0337,0.0305,0.0261,0.0032703560053035,0.0103780057485682,0.0006480370046548,-0.0070435833406648695,0.002188874915772582,0.11249014460446675,-0.0001229337204334,3.82030741946e-05,0.0019633233993953,-112641,10780780,166537860,-4379126,700963,47131518,-0.006742131730041505,0.6452840343444826,9.96813052227173,-1.012425652908325,0.16205811911773682,10.896502608901978,61,f8b9fe00,43.51493801965,-79.68470261448,164.435,-37.1,SOL_COMPUTED,INS_PSRSP,good,0.9929,0.7107,1.901,28,26,0.0,0.0,1,1,0,0,0,0,1,0,0,—,—,0.0,0.0,0.0,0.0
2026-05-26 12:19:54.031459,1779812394.031459,2420,231612.0,INS_SOLUTION_GOOD,good,43.51489530036,-79.68465777931,164.2242,-37.1,2.326384595,-2.458652414,49.296020331,0.1126,0.1184,0.3524,-2.9757,2.5802,-0.0663,3.9386,0.034,0.0322,0.0263,0.0016414612626624,0.0022162324634201,0.0019698425617757,-0.013959491324508064,-0.010323911263399058,0.0545426376401113,-0.0002436390855166,-0.0001801862432303,0.0009519486095435,-3996071,-4399364,164795472,-6549057,-4419287,22507335,-0.23918499555755618,-0.26332411481079104,9.863839816215823,-1.5140996877365112,-1.0217106167678833,5.203550510444641,61,f8b5fe00,43.51491172819,-79.68467643231,164.4743,-37.1,SOL_COMPUTED,INS_PSRSP,good,1.0008,0.7148,1.917,27,26,0.0,0.0,1,1,0,0,0,0,1,0,0,—,—,0.0,0.0,0.0,0.0
2026-05-26 12:19:55.017713,1779812395.017713,2420,231613.0,INS_SOLUTION_GOOD,good,43.51486757717,-79.68462818751,164.3249,-37.1,2.072347755,-2.361362625,47.441545232,0.1109,0.1183,0.3601,-2.9121,2.472,-0.0212,3.8198,0.0324,0.0302,0.0271,-0.0009621908541913,0.0017254838945971,6.59261137858e-05,-0.0009273969201044096,-0.007437870993148016,0.030134165017670436,-1.61861297287e-05,-0.0001298153381692,0.0005259403968984,-7361655,-4038499,164279672,-277324,-3168734,12717185,-0.440632165562439,-0.24172452525848392,9.832966585808107,-0.06411551797485351,-0.7325908386383057,2.94013105052948,61,f8b1fe00,43.5148850484,-79.68464542426,164.5627,-37.1,SOL_COMPUTED,INS_PSRSP,good,1.0084,0.7204,1.9357,27,25,0.0,0.0,1,1,0,0,0,0,1,0,0,—,—,0.0,0.0,0.0,0.0
2026-05-26 12:19:56.019938,1779812396.019938,2420,231614.0,INS_SOLUTION_GOOD,good,43.51484307008,-79.68459684858,164.3426,-37.1,1.783568466,-2.778448317,43.371242224,0.1114,0.1173,0.367,-2.5058,2.5069,-0.0028,3.5445,0.0315,0.0279,0.0295,-0.004036630095545,0.0024217007639642,-0.0007724501837907,-0.00572827933156541,-0.007114353104294675,0.037280902586928,-9.99773348099e-05,-0.0001241688858196,0.0006506744982581,-11746044,-3851090,165072506,-2629488,-3131720,15294535,-0.703059951126709,-0.23050715178527836,9.880421697783815,-0.6079206456298828,-0.7240334408569336,3.535997727241516,61,f8adfe00,43.51485762972,-79.68461539862,164.6701,-37.1,SOL_COMPUTED,INS_PSRSP,good,1.012,0.7232,1.9535,29,27,0.0,0.0,1,1,0,0,0,0,1,0,0,—,—,0.0,0.0,0.0,0.0
2026-05-26 12:19:57.022602,1779812397.022602,2420,231615.0,INS_SOLUTION_GOOD,good,43.51482201396,-79.68456810064,164.4209,-37.1,1.402793171,-3.000462546,40.361670492,0.1065,0.1108,0.3684,-2.2715,2.33,0.0124,3.2540,0.0296,0.0262,0.0278,-0.003295561396007,-0.0043410274851933,-0.0001225470774743,-0.0008522460466804205,-0.00040084279497383215,0.005595956383035342,-1.48744995517e-05,-6.9960265552e-06,9.76678636821e-05,-10385772,-15426389,164590690,30045,100280,1161775,-0.6216408141101075,-0.923347153850403,9.85158258110657,0.006946209983825683,0.023184088439941405,0.2685948778152466,61,f8a9fe00,43.51483383835,-79.68458311264,164.6953,-37.1,SOL_COMPUTED,INS_PSRSP,good,1.0171,0.7267,1.975,26,25,0.0,0.0,1,1,0,0,0,0,1,0,0,—,—,0.0,0.0,0.0,0.0
2026-05-26 12:19:58.020663,1779812398.020663,2420,231616.0,INS_SOLUTION_GOOD,good,43.51480274325,-79.68454038475,164.3666,-37.1,1.323523233,-2.964152817,41.030060383,0.1026,0.1065,0.3717,-2.1054,2.13,0.0105,2.9949,0.0286,0.0251,0.0263,-0.0020144655481873,-0.0006414183468762,0.0002471242528698,0.0023168345192940867,-0.002506938649767115,-0.0037154828456469093,4.04363905856e-05,-4.3754333584e-05,-6.4847408958e-05,-7823085,-10707446,164905257,1169338,-631098,-2241547,-0.4682510773635865,-0.640894624730835,9.870411001947328,0.2703433945770264,-0.14590578227233886,-0.5182311915664672,61,f8a5fe00,43.51481334645,-79.68455372563,164.7836,-37.1,SOL_COMPUTED,INS_PSRSP,good,1.02,0.7304,1.9848,26,25,0.0,0.0,1,1,0,0,0,0,1,0,0,—,—,0.0,0.0,0.0,0.0
2026-05-26 12:19:59.016076,1779812399.016076,2420,231617.0,INS_SOLUTION_GOOD,good,43.51478531083,-79.68451654712,164.387,-37.1,1.082925448,-2.764797037,40.791660067,0.0907,0.0944,0.3743,-1.9169,1.9616,0.0065,2.7427,0.0261,0.0232,0.024,-0.0011586790845831,0.0020146001197025,-0.000300464696767,0.00015356236728019136,-0.00010233599850323466,0.008345593986335362,2.6801689162e-06,-1.7861001172e-06,0.0001456580930964,-5090239,-5778346,164237324,-254698,115039,2818076,-0.3046764666098023,-0.34586313965393073,9.8304318445105,-0.05888453288269043,0.026596273933410644,0.6515209734191895,61,f8a1fe00,43.51479395646,-79.68452615482,164.7314,-37.1,SOL_COMPUTED,INS_PSRSP,good,1.0224,0.7347,1.9916,25,24,0.0,0.0,1,1,0,0,0,0,1,0,0,—,—,0.0,0.0,0.0,0.0
2026-05-26 12:20:00.023111,1779812400.023111,2420,231618.0,INS_SOLUTION_GOOD,good,43.51476792116,-79.68449212076,164.401,-37.1,1.269765624,-2.444203234,39.907047786,0.0807,0.0846,0.3762,-1.9727,2.0243,-0.0009,2.8265,0.0238,0.0209,0.0221,0.0036749759548313,-0.0010277528878573,-0.0003966274294093,0.007430626460200703,0.0043908431159004535,0.0067518493603586005,0.0001296888972165,7.66346693111e-05,0.0001178420019371,1273071,-8920341,164124367,3454087,2248651,2057541,0.07619971754241944,-0.5339273807839967,9.823670798587342,0.7985626095657349,0.5198735904922486,0.4756901925888061,61,f89dfe00,43.51477656982,-79.6845022898,164.7582,-37.1,SOL_COMPUTED,INS_PSRSP,good,1.021,0.7374,1.9847,25,24,0.0,0.0,1,1,0,0,0,0,1,0,0,—,—,0.0,0.0,0.0,0.0
2026-05-26 12:20:01.033596,1779812401.033596,2420,231619.0,INS_SOLUTION_GOOD,good,43.51474969149,-79.68446581298,164.4552,-37.1,1.557207619,-2.304853904,40.293340575,0.0727,0.0766,0.3783,-2.2371,2.3105,-0.0156,3.2161,0.0222,0.0194,0.0208,0.0053115529826761,-0.0004712956368932,1.58728427438e-05,0.002254694965707898,-0.00010673755544225394,-0.009067603660824153,3.93518507798e-05,-1.862921778e-06,-0.0001582595391475,3688825,-8186329,163306631,620799,145782,-4694625,0.220794773475647,-0.4899930620596314,9.774725176368104,0.14352471997833252,0.0337038570098877,-1.0853669843673706,61,f899fe00,43.51475931884,-79.68447768559,164.7673,-37.1,SOL_COMPUTED,INS_PSRSP,good,1.0195,0.7392,1.9776,25,24,0.0,0.0,1,1,0,0,0,0,1,0,0,—,—,0.0,0.0,0.0,0.0
2026-05-26 12:20:02.021394,1779812402.021394,2420,231620.0,INS_SOLUTION_GOOD,good,43.51472660471,-79.68443444072,164.4755,-37.1,1.376546295,-2.414636534,40.638120015,0.0702,0.0732,0.379,-2.7709,2.8784,0.0018,3.9954,0.0214,0.0189,0.0204,0.0080713828685763,-0.0001242180608759,0.0007651236521509,-0.012958979998864412,-0.0056968181172545995,0.005239564343895252,-0.0002261768686806,-9.94282330335e-05,9.14476491712e-05,8072999,-9163703,164964180,-5413322,-1967105,1481091,0.48320969020599375,-0.5484938233944703,9.873937840557863,-1.2515250897674561,-0.4547819733810425,0.3424186750259399,61,f895fe00,43.51474099961,-79.68445145083,164.814,-37.1,SOL_COMPUTED,INS_PSRSP,good,1.0182,0.7413,1.9732,27,27,0.0,0.0,1,1,0,0,0,0,1,0,0,—,—,0.0,0.0,0.0,0.0
2026-05-26 12:20:03.019229,1779812403.019229,2420,231621.0,INS_SOLUTION_GOOD,good,43.51470080683,-79.68439806944,164.4536,-37.1,2.216569327,-2.796054058,39.621498738,0.0713,0.0734,0.3745,-2.8818,3.0516,-0.052,4.1973,0.0219,0.0195,0.0204,0.0012680465052818,0.0019182994115719,-0.0005011974279105,-0.012170850912105433,0.017393439080401668,0.014524636000351605,-0.0002124214211859,0.0003035727801985,0.0002535027208602,-5221273,-6711515,161886296,-5459603,7138462,5393090,-0.31251951211822515,-0.4017180088790894,9.689710965993653,-1.2622249581069946,1.6503663176422119,1.2468475820159912,61,f892fe00,43.51471786255,-79.68442015429,164.8391,-37.1,SOL_COMPUTED,INS_PSRSP,good,1.0186,0.744,1.9728,27,26,0.0,0.0,1,1,0,0,0,0,1,0,0,—,—,0.0,0.0,0.0,0.0
2026-05-26 12:20:04.023123,1779812404.023123,2420,231622.0,INS_SOLUTION_GOOD,good,43.5146754068,-79.68436171114,164.4602,-37.1,1.016821184,-2.731235551,38.391014848,0.0744,0.0757,0.3662,-2.8165,3.0306,0.0056,4.1373,0.0216,0.0192,0.0205,0.0034058923654668,-0.0019307975815705,0.0054068391693148,-0.011065994407395058,-0.010338866451745404,0.014046451271071932,-0.0001931380374166,-0.0001804472605072,0.0002451568229015,2106201,-13476015,170262149,-4357523,-3527627,5442311,0.12606674827056888,-0.8066074371322633,10.191047994939272,-1.0074311788101196,-0.8155645826797485,1.2582271593704224,61,f88efe00,43.51469223027,-79.6843835122,164.7949,-37.1,SOL_COMPUTED,INS_PSRSP,good,1.022,0.7497,1.9829,27,26,0.0,0.0,1,1,0,0,0,0,1,0,0,—,—,0.0,0.0,0.0,0.0
2026-05-26 12:20:05.014838,1779812405.014838,2420,231623.0,INS_SOLUTION_GOOD,good,43.51464977106,-79.68432219784,164.4334,-37.1,1.248394107,-2.078834528,37.58215082,0.0806,0.082,0.3685,-2.9438,3.156,0.0154,4.3158,0.0224,0.0202,0.0205,0.0008659086353301,-0.0019468277919393,-0.0006581977980237,0.00868038136149766,0.0017952595386258262,-0.008240826267905847,0.0001515012350871,3.13331898769e-05,-0.00014382955146,-996504,-9180562,162816706,3801677,806744,-4643570,-0.0596457882788086,-0.5495029195391846,9.745400695159303,0.878923172996521,0.18651400323486328,-1.0735633980560302,61,f88afe00,43.5146671094,-79.68434696837,164.8331,-37.1,SOL_COMPUTED,INS_PSRSP,good,1.0272,0.756,1.9938,26,25,0.0,0.0,1,1,0,0,0,0,1,0,0,—,—,0.0,0.0,0.0,0.0
2026-05-26 12:20:06.059998,1779812406.059998,2420,231624.0,INS_SOLUTION_GOOD,good,43.51462365733,-79.68428444622,164.463,-37.1,1.508695579,-1.984508472,38.623094005,0.0879,0.0898,0.3716,-3.005,3.1128,-0.0051,4.3266,0.024,0.0214,0.0213,-0.000835381002844,-0.0046104637060501,0.0014497621420869,-0.004940134794592685,0.009171855634382624,-0.003600820720674765,-8.62216176581e-05,0.0001600790793378,-6.28461773499e-05,-5481701,-14474189,164864559,-1375220,4002195,-2255371,-0.32810744086700444,-0.8663531833303835,9.867975021468203,-0.31794198348999025,0.9252816397476197,-0.5214272110977173,61,f886fe00,43.51464158634,-79.68430731369,164.8003,-37.1,SOL_COMPUTED,INS_PSRSP,good,1.0323,0.7616,2.0049,28,27,0.0,0.0,1,1,0,0,0,0,1,0,0,—,—,0.0,0.0,0.0,0.0
2026-05-26 12:20:07.026725,1779812407.026725,2420,231625.0,INS_SOLUTION_GOOD,good,43.51459692578,-79.68424622953,164.3961,-37.1,1.612321364,-2.155064534,38.97729283,0.0936,0.096,0.3767,-3.0164,3.0728,-0.0186,4.3059,0.0251,0.0223,0.0212,0.0012946971589147,-0.001838406142236,0.0023558014425166,-0.003787849068934289,-0.00564004566735345,-0.0019575222771526617,-6.61104378216e-05,-9.84373668583e-05,-3.41652089175e-05,-2761526,-10164223,168618220,-1693403,-2978942,-1599737,-0.16529125334411623,-0.6083799895199585,10.092650556414796,-0.3915038384170532,-0.6887121538238525,-0.3698488640670776,61,f881fe00,43.51461526196,-79.68426976003,164.8233,-37.1,SOL_COMPUTED,INS_PSRSP,good,1.0348,0.7661,2.0107,27,27,0.0,0.0,1,1,0,0,0,0,1,0,0,—,—,0.0,0.0,0.0,0.0
2026-05-26 12:20:08.025554,1779812408.025554,2420,231626.0,INS_SOLUTION_GOOD,good,43.51456855019,-79.68420639299,164.3877,-37.1,1.07631963,-2.135238205,39.631590581,0.0971,0.1003,0.3827,-3.4402,3.4217,0.0188,4.8521,0.0261,0.0233,0.0204,0.0052781913940886,-0.0011465469654441,0.0008133200960332,0.005708938202090052,-0.0034361348234257794,-0.00601199400571842,9.96397684195e-05,-5.99718662113e-05,-0.0001049290900101,5088634,-9065252,165256931,2409303,-1405446,-3523062,0.30458039926818853,-0.5426010347033692,9.891460463813173,0.5570152954788208,-0.3249300395050049,-0.8145091841583252,61,f87efe00,43.51458846727,-79.6842316011,164.7535,-37.1,SOL_COMPUTED,INS_PSRSP,good,1.0377,0.77,2.017,26,26,0.0,0.0,1,1,0,0,0,0,1,0,0,—,—,0.0,0.0,0.0,0.0
2026-05-26 12:20:09.016627,1779812409.016627,2420,231627.0,INS_SOLUTION_GOOD,good,43.51453619165,-79.68416246765,164.4125,-37.1,0.828677467,-1.728518043,40.53097697,0.099,0.1029,0.3889,-3.629,3.5049,0.048,5.0452,0.0267,0.0237,0.02,-0.0018880382385327,-0.0004735280033659,-0.0008079936931673,0.003578994624867102,-0.002792846344839027,-0.007350382475886703,6.24652401152e-05,-4.87443642198e-05,-0.0001282883754853,-6413290,-6619402,162949738,1523144,-1799019,-4054244,-0.38386773912658695,-0.3962045814410401,9.753363331040651,0.3521410570678711,-0.4159215755996704,-0.9373150324401855,61,f87afe00,43.51455999311,-79.68419192776,164.7592,-37.1,SOL_COMPUTED,INS_PSRSP,good,1.0403,0.7737,2.0231,29,28,0.0,0.0,1,1,0,0,0,0,1,0,0,—,—,0.0,0.0,0.0,0.0
2026-05-26 12:20:10.031076,1779812410.031076,2420,231628.0,INS_SOLUTION_GOOD,good,43.51450351651,-79.68412150245,164.4751,-37.1,1.119990348,-1.24974644,41.255661101,0.1012,0.1058,0.3936,-3.514,3.1591,0.0316,4.7253,0.0279,0.0237,0.0197,-0.0058891668857451,0.0013652886873598,-0.0014978115957571,0.01169404329157888,-0.006941494359828649,-0.0036231591346132207,0.0002040995583091,-0.0001211519315878,-6.32360562228e-05,-16030971,-1750257,162090985,3459443,-2535154,-2013928,-0.9595344345529176,-0.10476170537750246,9.701962634584048,0.7998008821792603,-0.5861112339935303,-0.4656071486206055,61,f876fe00,43.51452746304,-79.68414822336,164.7905,-37.1,SOL_COMPUTED,INS_PSRSP,good,1.0417,0.7767,2.0291,28,27,0.0,0.0,1,1,0,0,0,0,1,0,0,—,—,0.0,0.0,0.0,0.0
2026-05-26 12:20:11.023076,1779812411.023076,2420,231629.0,INS_SOLUTION_GOOD,good,43.51447590897,-79.68408350472,164.4312,-37.1,2.833260885,-0.61407295,37.396865981,0.1029,0.1065,0.4006,-2.63,2.9394,-0.0915,3.9442,0.0275,0.0241,0.0193,-0.009385413253842,0.0113180661239101,-0.0043279216508676,-0.0032458513284405006,0.0006945611976840899,0.09404832389581554,-5.66507927116e-05,1.21223797562e-05,0.0016414529079664,-25283024,17260741,159711050,-2026857,113561,40591350,-1.513316450864258,1.0331423689431765,9.559511526382447,-0.4685962499313355,0.026254569877624513,9.384458000564575,61,f872fe00,43.51449462352,-79.68410742101,164.8456,-37.1,SOL_COMPUTED,INS_PSRSP,good,1.0433,0.7793,2.0343,28,27,0.0,0.0,1,1,0,0,0,0,1,0,0,—,—,0.0,0.0,0.0,0.0
2026-05-26 12:20:12.022136,1779812412.022136,2420,231630.0,INS_SOLUTION_GOOD,good,43.51445977815,-79.68404638179,164.3218,-37.1,2.346674269,-0.242524823,20.84176355,0.1016,0.1059,0.4054,-1.2153,3.1474,-0.0425,3.3739,0.0273,0.0246,0.0194,-0.0033159528749689,0.0131440236785032,0.0041734117303131,0.00468432006623746,-0.0028057206844195343,0.22577129162989246,8.17568083732e-05,-4.89690638345e-05,0.0039404523954276,-13581394,21033809,171618353,1680709,-1407725,97446672,-0.8129149015509034,1.258979510680237,10.272223641647034,0.38856906758880616,-0.32545692958831784,22.529041302612306,61,f86efe00,43.51446763656,-79.6840685643,164.7566,-37.1,SOL_COMPUTED,INS_PSRSP,good,1.044,0.7818,2.0384,29,28,0.0,0.0,1,1,0,0,0,0,1,0,0,—,—,0.0,0.0,0.0,0.0
2026-05-26 12:20:13.032734,1779812413.032734,2420,231631.0,INS_SOLUTION_GOOD,good,43.51445647475,-79.68400516207,164.1892,-37.1,2.06753152,0.418215629,354.528234254,0.1106,0.1102,0.409,0.5154,3.2523,-0.0218,3.2929,0.0329,0.0355,0.0215,-0.0010106081000421,0.0150509830662324,0.002890255391384,-0.014507050956575545,0.003650205203454382,0.2785813767264476,-0.0002531958039472,6.37080991738e-05,0.0048621622586222,-9876004,24969326,167090831,-5768235,2082895,119723773,-0.5911286293127442,1.4945400440545655,10.001228624427187,-1.3335786835098267,0.48155187366485597,27.679363198997496,61,f86bfe00,43.51445493769,-79.68402886342,164.6601,-37.1,SOL_COMPUTED,INS_PSRSP,good,1.0462,0.785,2.0487,27,26,0.0,0.0,1,1,0,0,0,0,1,0,0,—,—,0.0,0.0,0.0,0.0
2026-05-26 12:20:14.025273,1779812414.025273,2420,231632.0,INS_SOLUTION_GOOD,good,43.51446910199,-79.68396411385,164.0598,-37.1,1.453801116,0.846162578,325.907432847,0.1121,0.1085,0.4049,2.1996,2.7724,-0.0278,3.5390,0.0333,0.0403,0.0265,0.0005940652228442,0.0211014734982888,-2.44264022007e-05,-0.013594715729082961,0.001057322433230692,0.2993463754279051,-0.0002372725503455,1.84537577151e-05,0.0052245798551355,-4119725,36818294,163193593,-6424421,503819,128556974,-0.24658631085968022,2.203760515473023,9.767959282186586,-1.4852846493759155,0.11647969937896728,29.721542229629517,61,f867fe00,43.51445775004,-79.68398652574,164.5347,-37.1,SOL_COMPUTED,INS_PSRSP,good,1.0519,0.7986,2.0673,26,26,0.0,0.0,1,1,0,0,0,0,1,0,0,—,—,0.0,0.0,0.0,0.0
2026-05-26 12:20:15.018631,1779812415.018631,2420,231633.0,INS_SOLUTION_GOOD,good,43.51449551325,-79.68393185234,164.0621,-37.1,1.47315596,0.697918719,296.346805152,0.1069,0.1107,0.3951,3.6348,1.7426,-0.0024,4.0309,0.0405,0.0318,0.0289,0.0031565176981729,0.0196591894362757,-2.74227799967e-05,-0.004552420545177683,0.003945244640970745,0.3014267227208562,-7.94547274489e-05,6.88575087817e-05,0.0052608887649825,28700,35739704,161693268,-1644382,2095340,129701896,0.0017178396911621096,2.1392014662573247,9.678157267042238,-0.38017049977111816,0.4844290773010254,29.98624080267334,61,f862fe00,43.51447667618,-79.68394861101,164.4214,-37.1,SOL_COMPUTED,INS_PSRSP,good,1.0566,0.8239,2.0895,26,26,0.0,0.0,1,1,0,0,0,0,1,0,0,—,—,0.0,0.0,0.0,0.0
2026-05-26 12:20:16.057692,1779812416.057692,2420,231634.0,INS_SOLUTION_GOOD,good,43.51453287775,-79.68392494183,163.9689,-37.1,1.421735697,0.458887359,267.657244273,0.1031,0.1072,0.3959,4.5186,-0.2032,-0.0191,4.5232,0.0446,0.0293,0.0283,0.0067125727948078,0.0171324498320633,-0.0003664347665665,0.0015256519226578718,-0.007308602837639895,0.2643157304056037,2.66276492898e-05,-0.0001275591832376,0.0046131797603981,4943898,31654548,163477050,1159558,-2811376,113177633,0.2959172199810791,1.8946842843273928,9.784925612686159,0.2680823217315674,-0.6499719766845703,26.165937902824403,61,f85ffe00,43.51450767238,-79.6839235123,164.4234,-37.1,SOL_COMPUTED,INS_PSRSP,good,1.0695,0.8364,2.1183,26,25,0.0,0.0,1,1,0,0,0,0,1,0,0,—,—,0.0,0.0,0.0,0.0
2026-05-26 12:20:17.022891,1779812417.022891,2420,231635.0,INS_SOLUTION_GOOD,good,43.51457781352,-79.68393697706,163.8697,-37.1,0.960720096,1.159085273,244.856422725,0.096,0.101,0.3967,4.8581,-1.9728,0.04,5.2434,0.0435,0.0289,0.0269,0.0078147308570512,0.0165789783680311,0.0046885132722124,0.009143862656728634,0.0037510238533788485,0.21478746212204053,0.0001595905097103,6.54677165624e-05,0.0037487484060376,8691031,30980103,170982091,4034381,2483815,92455544,0.5202020212167359,1.8543153508602908,10.234140153229676,0.932722835105896,0.5742419887161255,21.37512473931885,61,f85bfe00,43.5145464539,-79.68392567213,164.3316,-37.1,SOL_COMPUTED,INS_PSRSP,good,1.0856,0.8476,2.1354,26,25,0.0,0.0,1,1,0,0,0,0,1,0,0,—,—,0.0,0.0,0.0,0.0
2026-05-26 12:20:18.017634,1779812418.017634,2420,231636.0,INS_SOLUTION_GOOD,good,43.51461975724,-79.6839738796,163.9186,-37.1,1.899686351,-0.082612749,226.170799618,0.0872,0.0969,0.3923,4.4757,-3.7511,-0.0306,5.8397,0.041,0.0278,0.0249,0.0070079965754571,0.015941383331189,-0.0008300737787786,-0.006560226116877544,0.01726363261474437,0.13160564452089196,-0.000114497545415,0.0003013072299824,0.0022969518111021,6622332,25074771,164189804,-3925395,7718401,56265194,0.39637995671264653,1.500851458905945,9.827587532938233,-0.9075259756851196,1.7844444694747925,13.008149519210816,61,f857fe00,43.51459011799,-79.68394480713,164.2443,-37.1,SOL_COMPUTED,INS_PSRSP,good,1.0947,0.8597,2.1465,26,26,0.0,0.0,1,1,0,0,0,0,1,0,0,—,—,0.0,0.0,0.0,0.0
2026-05-26 12:20:19.044614,1779812419.044614,2420,231637.0,INS_SOLUTION_GOOD,good,43.5146586579,-79.6840255971,163.8942,-37.1,1.894302884,-1.33074491,216.763693165,0.0809,0.0956,0.3803,4.043,-4.391,-0.0438,5.9688,0.0356,0.0273,0.0229,0.000867257024401,0.0025649507773362,-9.51682955119e-05,-0.006742721718149101,-0.003508812719659326,0.055037827483483945,-0.0001176826945276,-6.1240334794e-05,0.0009605913027328,-5986418,966801,162331395,-2608590,-1366126,22829845,-0.3583172978497315,0.05786791398101807,9.716352385112001,-0.603089162979126,-0.31583950941467287,5.278112739830017,61,f853fe00,43.51462957472,-79.68398683723,164.2686,-37.1,SOL_COMPUTED,INS_PSRSP,good,1.1068,0.863,2.1454,28,26,0.0,0.0,1,1,0,0,0,0,1,0,0,—,—,0.0,0.0,0.0,0.0
2026-05-26 12:20:20.032234,1779812420.032234,2420,231638.0,INS_SOLUTION_GOOD,good,43.51469533768,-79.68407940376,163.9044,-37.1,1.849651218,-1.074892732,212.687247827,0.0798,0.095,0.3673,3.5482,-4.0502,0.0246,5.3846,0.0304,0.0269,0.0222,-0.0102949566277043,0.003050222572827,0.001835006452168,-3.0847898061871e-05,-0.007866553117700728,0.033499582054432875,-5.383973885e-07,-0.0001372972526871,0.0005846780048927,-23069752,1385421,167819535,-105680,-3241700,13322392,-1.3808409634448244,0.08292443145538331,10.04484523259125,-0.02443253356933594,-0.7494601066589356,3.080051000793457,61,f84ffe00,43.51466674687,-79.68404064123,164.2443,-37.1,SOL_COMPUTED,INS_PSRSP,good,1.1106,0.8561,2.1423,29,27,0.0,0.0,1,1,0,0,0,0,1,0,0,—,—,0.0,0.0,0.0,0.0
2026-05-26 12:20:21.062172,1779812421.062172,2420,231639.0,INS_SOLUTION_GOOD,good,43.51472083463,-79.68412534281,164.0513,-37.1,1.416087271,-1.593714654,212.222896439,0.0803,0.092,0.3606,2.8459,-3.1805,0.0279,4.2679,0.0305,0.0241,0.0218,-0.0136205353718259,-0.0042267996426179,-0.001197193326476,0.0023656493430372423,-0.00014784467713170924,-0.03656236784986036,4.12883699837e-05,-2.5803763975e-06,-0.0006381337013063,-26025615,-12529844,163171041,821741,-75413,-17400044,-1.5577642659896853,-0.7499743326574708,9.76660943129059,0.18998121279144287,-0.01743499861907959,-4.0227778116760256,61,f84bfe00,43.51470263896,-79.6840951863,164.2556,-37.1,SOL_COMPUTED,INS_PSRSP,good,1.1105,0.849,2.1419,29,27,0.0,0.0,1,1,0,0,0,0,1,0,0,—,—,0.0,0.0,0.0,0.0
2026-05-26 12:20:22.016320,1779812422.016320,2420,231640.0,INS_SOLUTION_GOOD,good,43.51474309298,-79.6841560072,164.0947,-37.1,1.444959189,-2.111665198,223.088170373,0.0829,0.0868,0.3421,2.5495,-1.6841,0.0147,3.0555,0.0297,0.0233,0.0212,-0.0085281980256851,-0.0106373612221877,-0.0005534818596353,0.001967605971819364,0.005341033777532133,-0.16092613470353329,3.43412025902e-05,9.32186248783e-05,-0.0028086909030886,-18750678,-23768232,163575089,790922,2377665,-70650251,-1.1223226099163819,-1.4226485128344728,9.79079374110016,0.18285605900573731,0.5497007941818237,-16.33388180582428,61,f847fe00,43.51472800303,-79.68414120035,164.4141,-37.1,SOL_COMPUTED,INS_PSRSP,good,1.1105,0.8409,2.1351,28,26,0.0,0.0,1,1,0,0,0,0,1,0,0,—,—,0.0,0.0,0.0,0.0
2026-05-26 12:20:23.022473,1779812423.022473,2420,231641.0,INS_SOLUTION_GOOD,good,43.51476284092,-79.68416753622,164.0875,-37.1,1.102798908,-2.189625934,241.512528515,0.0846,0.0894,0.3243,2.0934,-0.4058,0.0078,2.1324,0.0347,0.0238,0.021,-0.0065926697636816,-0.005178293060793,-0.0012253621834748,0.003457737714248163,0.0012297977202893346,-0.17984986625838023,6.03489077841e-05,2.14640193526e-05,-0.0031389723254847,-13750509,-16879228,164509802,1457532,1039692,-78354285,-0.8230372868948366,-1.0103068924938967,9.8467410265094,0.33697198635864256,0.2403700765686035,-18.115004717674257,61,f843fe00,43.51475228876,-79.68416975246,164.4565,-37.1,SOL_COMPUTED,INS_PSRSP,good,1.1087,0.8323,2.1247,29,27,0.0,0.0,1,1,0,0,0,0,1,0,0,—,—,0.0,0.0,0.0,0.0
2026-05-26 12:20:24.229050,1779812424.229050,2420,231642.0,INS_SOLUTION_GOOD,good,43.51477827418,-79.68416587486,164.0487,-37.1,0.469307778,-1.859323727,258.86788924,0.0854,0.0934,0.3072,1.5922,0.3487,-0.0141,1.6299,0.0372,0.0248,0.0215,-0.004879872211018,-0.0045514754459989,0.0003642296941319,0.005466304167855251,0.0024033429085835328,-0.15670726192402443,9.54050056447e-05,4.19462468093e-05,-0.0027350576823633,-10075449,-15333633,163711875,2136092,1136213,-68464500,-0.6030664180654908,-0.9177952396206667,9.798981072807313,0.49385067654418946,0.2626851084823608,-15.828550289154053,61,f840fe00,43.51477470618,-79.68417657876,164.4584,-37.1,SOL_COMPUTED,INS_PSRSP,good,1.1105,0.8284,2.1247,29,26,0.0,0.0,1,1,0,0,0,0,1,0,0,—,—,0.0,0.0,0.0,0.0
2026-05-26 12:20:25.196719,1779812425.196719,2420,231643.0,INS_SOLUTION_GOOD,good,43.51478813711,-79.6841631531,164.2163,-37.1,0.257423141,-1.337243917,273.38828962,0.0874,0.1016,0.3021,0.8407,0.4815,0.0089,0.9688,0.0426,0.0251,0.0225,-0.0099478315703634,-0.0014119280127714,0.0007411724032379,0.012972082306623157,0.0010019669152162751,-0.12110203193765816,0.0002264055470906,1.74876216666e-05,-0.0021136291881705,-17199215,-6764226,163851705,5428231,386780,-52881847,-1.0294597276596071,-0.4048730279718018,9.807350603260804,1.2549719542922975,0.0894210383605957,-12.225941540840148,61,f83cfe00,43.51479152795,-79.68416961401,164.4363,-37.1,SOL_COMPUTED,INS_PSRSP,good,1.1194,0.8241,2.1238,28,26,0.0,0.0,1,1,0,0,0,0,1,0,0,—,—,0.0,0.0,0.0,0.0
2026-05-26 12:20:26.088592,1779812426.088592,2420,231644.0,INS_SOLUTION_GOOD,good,43.5147937735,-79.68415901135,164.2357,-37.1,0.119347735,-1.130145273,282.091294991,0.0881,0.1048,0.3019,0.466,0.3823,0.0009,0.6028,0.0433,0.0243,0.0227,0.0007290835789959,-0.0006940533320615,-6.93054928132e-05,0.0031363471738110305,-0.001808827589326235,-0.07267897921339593,5.47395846687e-05,-3.15699970347e-05,-0.0012684874842641,882527,-5891164,164212901,1385619,-848345,-32093813,0.05282369021331788,-0.3526158657263184,9.828970004831849,0.32034616513824465,-0.19613188579559326,-7.41988231917572,61,f838fe00,43.514801635,-79.68416216679,164.6096,-37.1,SOL_COMPUTED,INS_PSRSP,good,1.142,0.8207,2.1263,29,28,0.0,0.0,1,1,0,0,0,0,1,0,0,—,—,0.0,0.0,0.0,0.0
2026-05-26 12:20:27.021850,1779812427.021850,2420,231645.0,INS_SOLUTION_GOOD,good,43.51479705948,-79.68415574972,164.3016,-37.1,-0.062018961,-0.920938505,287.837744605,0.0878,0.1065,0.3057,0.4488,0.3104,0.0108,0.5457,0.0438,0.0232,0.0218,-7.24803543399e-05,0.0007038051271723,-0.0001994170226944,0.0004568080126989385,0.0001316069840044234,-0.0350251330157393,7.9728038711e-06,2.2969751895e-06,-0.0006113038920745,-276900,-2619368,164189211,-4349,118670,-15640396,-0.016573860992431643,-0.15678238035400394,9.827552038898622,-0.0010054607162475586,0.027435737686157226,-3.6159585570373536,61,f834fe00,43.51480699686,-79.68415521812,164.6325,-37.1,SOL_COMPUTED,INS_PSRSP,good,1.1662,0.8173,2.1281,26,25,0.0,0.0,1,1,0,0,0,0,1,0,0,—,—,0.0,0.0,0.0,0.0
2026-05-26 12:20:28.305269,1779812428.305269,2420,231646.0,INS_SOLUTION_GOOD,good,43.51480201037,-79.68415195534,164.2725,-37.1,-0.087309666,-0.943421243,289.577905621,0.0889,0.1086,0.3108,0.4058,0.278,0.0016,0.4919,0.0473,0.0238,0.0217,-0.000356155014527,-0.0001548857778836,5.94992573198e-05,0.0013924036936065769,-0.001141528389110853,-0.010229727411709223,2.43020289704e-05,-1.9923428895e-05,-0.0001785424249161,204170,-3579175,164686779,552695,-477046,-5122159,0.01222060382385254,-0.21423166817474368,9.857333992189638,0.12777951496124268,-0.1102899546661377,-1.1842100843582153,61,f830fe00,43.51480992506,-79.68415014455,164.7033,-37.1,SOL_COMPUTED,INS_PSRSP,good,1.1893,0.8114,2.1248,27,26,0.0,0.0,1,1,0,0,0,0,1,0,0,—,—,0.0,0.0,0.0,0.0
2026-05-26 12:20:29.404334,1779812429.404334,2420,231647.0,INS_SOLUTION_GOOD,good,43.51480757689,-79.68414891562,164.3409,-37.1,-0.020672267,-1.083600998,290.406087183,0.0706,0.0884,0.3099,0.4329,0.2876,0.0074,0.5197,0.0408,0.0226,0.0206,0.0009147299139218,-0.0015169600838471,0.0004298243163238,0.0014927372204753039,0.0012085094641637406,-0.01695165841539658,2.60531793644e-05,2.10924691912e-05,-0.0002958622530225,1561423,-6919977,164608157,808486,614668,-8244516,0.09345903847015383,-0.41419551054107673,9.852628069116518,0.18691674238586425,0.14210727236938478,-1.9060788600769043,61,f82cfe00,43.51481474545,-79.68414581887,164.6747,-37.1,SOL_COMPUTED,INS_PSRSP,good,1.2224,0.8083,2.1237,27,26,0.0,0.0,1,1,0,0,0,0,1,0,0,—,—,0.0,0.0,0.0,0.0
2026-05-26 12:20:30.556642,1779812430.556642,2420,231648.0,INS_SOLUTION_GOOD,good,43.51481163243,-79.68414573376,164.4018,-37.1,-0.02658215,-0.88336574,293.449363394,0.0786,0.0907,0.3131,0.326,0.2758,0.0082,0.4270,0.0385,0.0227,0.0233,-9.20911313935e-05,-0.0007322020349244,0.0002527963958173,0.0006832102581021548,-0.0006993276052375542,-0.037277387413929566,1.19242684873e-05,-1.22055692615e-05,-0.0006506131469155,-474314,-4596787,164978312,256782,-216849,-16965671,-0.02839008415588379,-0.27514087666961673,9.874783712004396,0.05936634022521973,-0.05013408849334717,-3.9223535790481567,61,f829fe00,43.51482025314,-79.68414253596,164.7413,-37.1,SOL_COMPUTED,INS_PSRSP,good,1.2238,0.8049,2.1092,28,26,0.0,0.0,1,1,0,0,0,0,1,0,0,—,—,0.0,0.0,0.0,0.0
2026-05-26 12:20:31.799859,1779812431.799859,2420,231649.0,INS_SOLUTION_GOOD,good,43.51481483288,-79.68414153724,164.4772,-37.1,-0.125561621,-0.70945189,297.46890746,0.0702,0.0831,0.3126,0.2877,0.3437,0.0196,0.4482,0.0414,0.0233,0.0263,-0.0002703870201533,-0.0008738133947049,8.0751235263e-06,0.0025670347034142983,0.0004712909445990828,-0.04142745172168296,4.48032075876e-05,8.2255787181e-06,-0.0007230454332554,-501479,-4442983,164351106,1151875,332246,-18594726,-0.030016046358337406,-0.2659349318661499,9.837242270842896,0.26630606174468996,0.07681312971496582,-4.298980575393677,61,f825fe00,43.51482403885,-79.68413842294,164.8024,-37.1,SOL_COMPUTED,INS_PSRSP,good,1.2312,0.8039,2.1052,30,28,0.0,0.0,1,1,0,0,0,0,1,0,0,—,—,0.0,0.0,0.0,0.0
2026-05-26 12:20:32.842054,1779812432.842054,2420,231650.0,INS_SOLUTION_GOOD,good,43.51481740236,-79.68413852348,164.5664,-37.1,-0.1591847,-0.609183541,300.707974442,0.06,0.0715,0.3123,0.1678,0.2579,0.02,0.3077,0.0361,0.0204,0.0237,-0.0002618519340171,-0.0006227478094752,-0.0001158280311019,0.0012921740414135261,0.0002436061978526734,-0.02633878784393015,2.25526915315e-05,4.2517302308e-06,-0.0004596985688615,-572112,-3792964,164642538,559589,43865,-12117327,-0.03424378750488282,-0.2270280176428223,9.854685945298463,0.12937336324310303,0.010141304740905762,-2.801447754524231,61,f821fe00,43.5148268253,-79.68413304018,164.8805,-37.1,SOL_COMPUTED,INS_PSRSP,good,1.2516,0.8051,2.1103,30,29,0.0,0.0,1,1,0,0,0,0,1,0,0,—,—,0.0,0.0,0.0,0.0
2026-05-26 12:20:34.330463,1779812434.330463,2420,231651.0,INS_SOLUTION_GOOD,good,43.51481890177,-79.68413634069,164.6295,-37.1,-0.250635517,-0.487758826,302.4714376,0.0547,0.0646,0.3126,0.0939,0.1564,0.0179,0.1824,0.036,0.0216,0.0229,0.0019274640270262,0.0003548934638503,0.0003243251418272,-0.0028525554421974597,-0.003933592668836127,-0.007949643717886385,-4.97864845621e-05,-6.86541435036e-05,-0.0001387474572378,3831061,-2285171,164563314,-1418897,-1665395,-4243517,0.2293083151589966,-0.13677900504852297,9.849943989490358,-0.32803982384490965,-0.38502856967926025,-0.9810737278060913,61,f81efe00,43.51482902123,-79.68412910325,164.9705,-37.1,SOL_COMPUTED,INS_PSRSP,good,1.2536,0.8037,2.1043,29,28,0.0,0.0,1,1,0,0,0,0,1,0,0,—,—,0.0,0.0,0.0,0.0
2026-05-26 12:20:35.391389,1779812435.391389,2420,231652.0,INS_SOLUTION_GOOD,good,43.5148207736,-79.68413434884,164.6694,-37.1,-0.197451069,-0.581569495,302.683198452,0.0484,0.0549,0.3125,0.1579,0.199,0.0226,0.2540,0.0273,0.0181,0.0221,0.0002030123260767,-0.0006224918472427,0.0004912684692426,0.0004149931719309272,0.0008274062173872377,0.0007010492770748663,7.2429972235e-06,1.44409627449e-05,1.22356181037e-05,254900,-3330382,164955117,203014,426044,-408583,0.015257050079345705,-0.19934015283386233,9.873395374316713,0.04693552583312988,0.09849862161254883,-0.09446175116729737,61,f81afe00,43.51483029517,-79.68412642904,165.036,-37.1,SOL_COMPUTED,INS_PSRSP,good,1.2657,0.808,2.1001,30,28,0.0,0.0,1,1,0,0,0,0,1,0,0,—,—,0.0,0.0,0.0,0.0
2026-05-26 12:20:36.179893,1779812436.179893,2420,231653.0,INS_SOLUTION_GOOD,good,43.51482238246,-79.68413365878,164.6985,-37.1,-0.097649733,-0.620345568,302.559104663,0.0457,0.0504,0.3126,0.0175,0.062,0.018,0.0644,0.0236,0.0169,0.022,-0.00418253233059,-0.0003382656118626,-0.0003084389524027,0.00011873758656878086,0.0004636866131728975,0.0017455735855709596,2.0723618315e-06,8.0928580973e-06,3.04660064041e-05,-7357903,-3142347,164460915,-8514,282831,24653,-0.4404075894467164,-0.18808531010467533,9.843814893095399,-0.001968381820678711,0.06538870081329345,0.005699614402770996,61,f815fe00,43.51483214624,-79.68412438353,165.0745,-37.1,SOL_COMPUTED,INS_PSRSP,good,1.2517,0.8038,2.0904,31,29,0.0,0.0,1,1,0,0,0,0,1,0,0,—,—,0.0,0.0,0.0,0.0
2026-05-26 12:20:37.162029,1779812437.162029,2420,231654.0,INS_SOLUTION_GOOD,good,43.51482228087,-79.6841333177,164.8442,-37.1,-0.184089235,-0.600634409,302.350423624,0.0441,0.0479,0.3131,0.0395,0.1011,0.0383,0.1085,0.0218,0.0159,0.021,0.0018872440622636,-0.0002103594620741,0.0001570345388256,0.0006667712832685101,0.000785711353500242,0.001658597084881292,1.16373542508e-05,1.37132500889e-05,2.89479800952e-05,3274489,-3094966,164702269,145051,300555,-111181,0.1959946749990845,-0.18524931838317873,9.858261146782533,0.033534854530334474,0.06948637516021729,-0.025704329246520996,61,f812fe00,43.51483377729,-79.68412372523,165.1011,-37.1,SOL_COMPUTED,INS_PSRSP,good,1.2454,0.803,2.0786,29,27,0.0,0.0,1,1,0,0,0,0,1,0,0,—,—,0.0,0.0,0.0,0.0
2026-05-26 12:20:38.058257,1779812438.058257,2420,231655.0,INS_SOLUTION_GOOD,good,43.51482331205,-79.68413276692,164.9193,-37.1,-0.119852371,-0.610239079,302.202681909,0.0433,0.0462,0.3136,-0.0434,0.026,0.035,0.0506,0.0199,0.0154,0.022,0.0027707139028109,-0.0006372202575737,8.05176268374e-05,-0.0005122101006713774,-0.0018558825338451782,0.002054217372703782,-8.9397527187e-06,-3.23912607459e-05,3.58528567054e-05,3983749,-3656406,164881245,-248812,-589430,165678,0.23844746173614506,-0.21885433288513187,9.868973762690736,-0.05752372769165039,-0.1362724097442627,0.038303683731079105,61,f80efe00,43.51483369683,-79.68412344424,165.2491,-37.1,SOL_COMPUTED,INS_PSRSP,good,1.2419,0.802,2.0664,28,26,0.0,0.0,1,1,0,0,0,0,1,0,0,—,—,0.0,0.0,0.0,0.0
2026-05-26 12:20:38.992325,1779812438.992325,2420,231656.0,INS_SOLUTION_GOOD,good,43.51482277809,-79.68413339186,164.8756,-37.1,-0.079202739,-0.587113741,301.990789919,0.0426,0.0451,0.3142,-0.1195,-0.0185,0.0096,0.1209,0.0187,0.0144,0.0196,-0.0015923386339178,-0.0006045189575626,0.0001162447144317,0.0005559408273767695,-0.0003477693773513285,0.0016030196230934826,9.702997884e-06,-6.0697206724e-06,2.79779703971e-05,-2336263,-3432305,164105516,168021,-321828,-75677,-0.13983711882904054,-0.20544075822906496,9.822542471199952,0.03884537020111084,-0.0744045553894043,-0.017496033714294434,61,f80afe00,43.51483475013,-79.68412293118,165.3224,-37.1,SOL_COMPUTED,INS_PSRSP,good,1.2348,0.7997,2.0554,29,27,0.0,0.0,1,1,0,0,0,0,1,0,0,—,—,0.0,0.0,0.0,0.0
2026-05-26 12:20:39.959005,1779812439.959005,2420,231657.0,INS_SOLUTION_GOOD,good,43.51482328827,-79.68413265808,164.8885,-37.1,-0.063432164,-0.587571517,301.817116954,0.0419,0.0439,0.3148,-0.0574,0.0265,0.0068,0.0632,0.018,0.0142,0.0183,-0.0021327921739323,-0.0004338047035292,-0.0002853906086048,-0.00028185417041923927,-7.167090253995622e-05,0.0020946290083532185,-4.9192832843e-06,-1.2508932272e-06,3.65581728036e-05,-2866091,-3696222,162877576,-92095,74117,112315,-0.1715499957589722,-0.2212375212176514,9.749044071535646,-0.02129176929473877,0.017135371788024902,0.025966502723693847,61,f807fe00,43.514834244,-79.68412361097,165.2777,-37.1,SOL_COMPUTED,INS_PSRSP,good,1.2289,0.799,2.0488,28,26,0.0,0.0,1,1,0,0,0,0,1,0,0,—,—,0.0,0.0,0.0,0.0
2026-05-26 12:20:40.802062,1779812440.802062,2420,231658.0,INS_SOLUTION_GOOD,good,43.5148240898,-79.684131838,164.9031,-37.1,-0.052231721,-0.576104951,301.643860153,0.0409,0.0426,0.3155,-0.0156,0.0507,0.0069,0.0530,0.0165,0.0134,0.0178,-0.0006882025515303,-0.0002982341631013,0.0001321443103741,0.00039045368749783316,0.0004384152437854096,0.0020841370079876433,6.8147024234e-06,7.651789495e-06,3.63750528521e-05,-1418535,-3106309,164699419,38519,282951,200531,-0.08490647129974366,-0.18592825411895755,9.858090559914247,0.008905344062805175,0.06541644403839111,0.04636147226715088,61,f803fe00,43.51483477648,-79.6841229239,165.2902,-37.1,SOL_COMPUTED,INS_PSRSP,good,1.2226,0.7978,2.0424,28,26,0.0,0.0,1,1,0,0,0,0,1,0,0,—,—,0.0,0.0,0.0,0.0
2026-05-26 12:20:41.623729,1779812441.623729,2420,231659.0,INS_SOLUTION_GOOD,good,43.51482446062,-79.68413164309,164.9406,-37.1,-0.056200368,-0.586449298,301.430610618,0.0399,0.0416,0.316,-0.0175,0.0425,0.0046,0.0460,0.0152,0.0122,0.0166,-1.77067933719e-05,-0.0004737605601658,-5.80199129926e-05,0.00033342347466199147,0.00013220931030978798,0.0016152785737043893,5.8193374363e-06,2.3074877667e-06,2.81919294481e-05,-417065,-3320976,164460264,58312,62160,-81488,-0.024963442884826662,-0.1987771563134766,9.84377592746338,0.013481357849121094,0.014370990600585937,-0.018839499389648438,61,f7fffe00,43.51483559961,-79.6841221503,165.3045,-37.1,SOL_COMPUTED,INS_PSRSP,good,1.2147,0.7947,2.0353,28,26,0.0,0.0,1,1,0,0,0,0,1,0,0,—,—,0.0,0.0,0.0,0.0
2026-05-26 12:20:42.563582,1779812442.563582,2420,231660.0,INS_SOLUTION_GOOD,good,43.51482477543,-79.68413126621,164.9906,-37.1,-0.06430518,-0.590159509,301.2033457,0.0396,0.0413,0.3166,-0.0194,0.0444,0.0068,0.0485,0.0146,0.0117,0.0158,0.0001256382075113,-0.0001263407623058,5.46592474381e-05,0.00030801386676751474,-0.00015675999378740477,0.0017377000305931363,5.3758561169e-06,-2.735978027e-06,3.03285869459e-05,346249,-3095789,164283648,55479,-26824,-33866,0.020724748265686037,-0.18529857908233646,9.833204569453127,0.012826386543273926,-0.006201535583496094,-0.007829600509643554,61,f7fcfe00,43.51483599683,-79.68412201564,165.342,-37.1,SOL_COMPUTED,INS_PSRSP,good,1.2087,0.7922,2.0283,28,26,0.0,0.0,1,1,0,0,0,0,1,0,0,—,—,0.0,0.0,0.0,0.0
2026-05-26 12:20:43.680774,1779812443.680774,2420,231661.0,INS_SOLUTION_GOOD,good,43.51482526384,-79.68413078949,165.045,-37.1,-0.066494313,-0.601064998,300.977474288,0.0393,0.041,0.3172,-0.0193,0.0423,0.0062,0.0465,0.0143,0.0115,0.0153,0.0001597662379637,-0.0002331132058484,-2.8821843578e-06,0.0003507585341044346,2.460849934810915e-05,0.0019940206700530946,6.1218912996e-06,4.294993376e-07,3.48022260453e-05,-52475,-3124065,164563384,60077,38142,89746,-0.003140893302917481,-0.1869910402359009,9.849948179343263,0.013889414451599122,0.008818184097290039,0.02074869566345215,61,f7f7fe00,43.51483633907,-79.68412170244,165.3923,-37.1,SOL_COMPUTED,INS_PSRSP,good,1.2027,0.79,2.022,29,27,0.0,0.0,1,1,0,0,0,0,1,0,0,—,—,0.0,0.0,0.0,0.0
2026-05-26 12:20:44.545363,1779812444.545363,2420,231662.0,INS_SOLUTION_GOOD,good,43.51482583014,-79.68413003454,165.0866,-37.1,-0.066055735,-0.600135751,300.762085846,0.039,0.0408,0.3178,-0.0176,0.045,0.0046,0.0483,0.0142,0.0115,0.0151,-9.26818821883e-05,-0.0001836818955733,5.01148964459e-05,0.0001593220138445854,0.00011477922311839131,0.0018633211354013867,2.7806937125e-06,2.0032753563e-06,3.25210888348e-05,-297375,-3128969,164437622,-9232,44781,39994,-0.017799392967224124,-0.18728456935943605,9.842420689613649,-0.0021343787841796875,0.01035307802581787,0.009246354537963868,61,f7f3fe00,43.51483685506,-79.68412128935,165.4468,-37.1,SOL_COMPUTED,INS_PSRSP,good,1.197,0.788,2.0164,29,27,0.0,0.0,1,1,0,0,0,0,1,0,0,—,—,0.0,0.0,0.0,0.0
2026-05-26 12:20:45.554172,1779812445.554172,2420,231663.0,INS_SOLUTION_GOOD,good,43.51482614911,-79.68412984274,165.1469,-37.1,-0.081064987,-0.611939246,300.542360658,0.0389,0.0407,0.3185,-0.0245,0.031,0.0052,0.0395,0.0142,0.0114,0.0152,4.09203998225e-05,-0.000280920989319,-0.0001474157122068,0.0001674801243694102,-0.00015644817137946808,0.0018795921421856422,2.9230796019e-06,-2.7305356993e-06,3.28050714758e-05,-285138,-3071011,164650943,-25254,1551,59135,-0.017066946824340824,-0.18381549086395266,9.855189026922304,-0.005838561721801758,0.000358581184387207,0.01367163013458252,61,f7f0fe00,43.51483744723,-79.68412059415,165.4883,-37.1,SOL_COMPUTED,INS_PSRSP,good,1.1917,0.7864,2.0117,29,27,0.0,0.0,1,1,0,0,0,0,1,0,0,—,—,0.0,0.0,0.0,0.0
